data_captura,titulo,data_referencia,codigo_selic,data_base_emissao,data_vencimento,tx_compra,tx_venda,tx_indicativa,pu,desvio_padrao,interv_ind_inf_d0,interv_ind_sup_d0,interv_ind_inf_dma1,interv_ind_sup_dma1,criterio
2025-08-01,LTN,2025-08-01,100000,2023-07-07,2025-10-01,14.9031,14.8734,14.8857,976.59955,0.00359632487687,14.8187,15.0566,14.8172,15.0525,Calculado
2025-08-01,LTN,2025-08-01,100000,2020-02-06,2026-01-01,14.8735,14.8537,14.864,942.856739,0,14.757,15.1046,14.747,15.0903,Calculado
2025-08-01,LTN,2025-08-01,100000,2024-01-05,2026-04-01,14.8152,14.795,14.805,912.065716,0,14.6288,15.1899,14.5834,15.1411,Calculado
2025-08-01,LTN,2025-08-01,100000,2023-01-06,2026-07-01,14.7101,14.6949,14.7021,882.806861,0.00107004672328,14.4632,15.1821,14.3734,15.0908,Calculado
2025-08-01,LTN,2025-08-01,100000,2024-07-05,2026-10-01,14.4529,14.4336,14.4436,854.364584,0.00306383354802,14.1682,14.954,14.0419,14.8261,Calculado
2025-08-01,LTN,2025-08-01,100000,2025-01-10,2027-04-01,13.9977,13.9854,13.992,805.586436,0,13.7003,14.623,13.5346,14.4566,Calculado
2025-08-01,LTN,2025-08-01,100000,2023-07-07,2027-07-01,13.7992,13.7791,13.7883,782.294038,0.0008138130375,13.4865,14.4459,13.3202,14.2791,Calculado
2025-08-01,LTN,2025-08-01,100000,2025-07-04,2027-10-01,13.6734,13.6586,13.6673,758.399211,0.00198410349024,13.3515,14.3377,13.1908,14.1765,Calculado
2025-08-01,LTN,2025-08-01,100000,2024-01-05,2028-01-01,13.532,13.5154,13.5243,736.72578,0.00157080439903,13.1933,14.1999,13.0384,14.0448,Calculado
2025-08-01,LTN,2025-08-01,100000,2024-07-05,2028-07-01,13.4476,13.4266,13.438,693.676072,0,13.0962,14.1148,12.9483,13.9669,Calculado
2025-08-01,LTN,2025-08-01,100000,2022-02-11,2029-01-01,13.5129,13.5026,13.5065,650.612668,0.00180489530167,13.167,14.1723,13.026,14.0315,Calculado
2025-08-01,LTN,2025-08-01,100000,2025-07-04,2029-07-01,13.5881,13.576,13.582,609.71508,0,13.2506,14.2275,13.1185,14.0956,Calculado
2025-08-01,LTN,2025-08-01,100000,2024-01-05,2030-01-01,13.6632,13.6506,13.657,570.736628,0,13.3207,14.2918,13.2047,14.1756,Calculado
2025-08-01,LTN,2025-08-01,100000,2025-01-10,2032-01-01,13.8966,13.8853,13.8917,436.040427,0.00116751369157,13.5236,14.5139,13.4298,14.4202,Calculado
2025-08-01,NTN-C,2025-08-01,770100,2000-07-01,2031-01-01,7.24,7.0164,7.1823,7791.488208,0.10147808055595,6.6336,7.5651,6.7406,7.6741,Calculado
2025-08-01,LFT,2025-08-01,210100,2000-07-01,2025-09-01,0.0209,0.0126,0.0149,17059.183933,0.00006462050758,-0.0389,0.0597,-0.0393,0.0599,Calculado
2025-08-01,LFT,2025-08-01,210100,2000-07-01,2026-03-01,-0.0084,-0.0152,-0.01,17060.378092,0.00003755329546,-0.0346,0.0286,-0.0348,0.0288,Calculado
2025-08-01,LFT,2025-08-01,210100,2000-07-01,2026-09-01,-0.0037,-0.0116,-0.0066,17060.616923,0.00105252530136,-0.0224,0.0249,-0.0228,0.0255,Calculado
2025-08-01,LFT,2025-08-01,210100,2000-07-01,2027-03-01,0.0317,0.0301,0.0307,17051.217191,0.00031808247358,-0.0138,0.0465,-0.0142,0.0469,Calculado
2025-08-01,LFT,2025-08-01,210100,2000-07-01,2027-09-01,0.0429,0.0407,0.0417,17044.64932,0.00022440915757,0.0231,0.0509,0.0228,0.0509,Calculado
2025-08-01,LFT,2025-08-01,210100,2000-07-01,2028-03-01,0.0516,0.0498,0.0508,17037.16024,0.00016538721232,0.0421,0.0695,0.0421,0.0692,Calculado
2025-08-01,LFT,2025-08-01,210100,2000-07-01,2028-09-01,0.0675,0.066,0.0667,17024.450983,0.00023549418252,0.0571,0.091,0.0571,0.0907,Calculado
2025-08-01,LFT,2025-08-01,210100,2000-07-01,2029-03-01,0.0905,0.089,0.0897,17005.156795,0.00043686343404,0.0777,0.0994,0.0782,0.0986,Calculado
2025-08-01,LFT,2025-08-01,210100,2000-07-01,2029-09-01,0.101,0.0987,0.0997,16990.451588,0.00051134194039,0.0891,0.111,0.0888,0.1109,Calculado
2025-08-01,LFT,2025-08-01,210100,2000-07-01,2030-03-01,0.1134,0.1116,0.1125,16972.385677,0,0.0916,0.1217,0.0913,0.1217,Calculado
2025-08-01,LFT,2025-08-01,210100,2000-07-01,2030-06-01,0.1138,0.1112,0.1125,16967.69434,0,0.0957,0.1219,0.0954,0.1219,Calculado
2025-08-01,LFT,2025-08-01,210100,2000-07-01,2030-09-01,0.1144,0.1117,0.1132,16962.25239,0.00039278625231,0.0971,0.1231,0.097,0.123,Calculado
2025-08-01,LFT,2025-08-01,210100,2000-07-01,2030-12-01,0.109,0.104,0.1068,16963.207717,0.00022360679775,0.0952,0.1254,0.0953,0.1252,Calculado
2025-08-01,LFT,2025-08-01,210100,2000-07-01,2031-03-01,0.109,0.1048,0.1067,16958.908746,0.00029090374697,0.0946,0.124,0.0946,0.124,Calculado
2025-08-01,LFT,2025-08-01,210100,2000-07-01,2031-06-01,0.109,0.1057,0.1068,16954.370945,0.00036822307098,0.0939,0.1208,0.094,0.1208,Calculado
2025-08-01,LFT,2025-08-01,210100,2000-07-01,2031-09-01,0.1128,0.1086,0.1106,16945.89242,0.00026956754256,0.0862,0.1236,0.0865,0.1237,Calculado
2025-08-01,NTN-B,2025-08-01,760199,2000-07-15,2026-08-15,10.1366,10.0961,10.1159,4488.07994,0.00703291580712,9.8669,10.468,9.8438,10.447,Calculado
2025-08-01,NTN-B,2025-08-01,760199,2000-07-15,2027-05-15,8.8088,8.7769,8.7923,4400.6471,0.00354682956878,8.5401,9.1522,8.465,9.0766,Calculado
2025-08-01,NTN-B,2025-08-01,760199,2000-07-15,2028-08-15,8.2667,8.2366,8.2522,4405.121991,0.00328798481596,7.9938,8.6665,7.906,8.5791,Calculado
2025-08-01,NTN-B,2025-08-01,760199,2000-07-15,2029-05-15,7.9686,7.9355,7.95,4328.254615,0,7.7064,8.3038,7.6181,8.2158,Calculado
2025-08-01,NTN-B,2025-08-01,760199,2000-07-15,2030-08-15,7.8777,7.8489,7.8641,4336.047098,0.00393308752509,7.6339,8.1445,7.5652,8.076,Calculado
2025-08-01,NTN-B,2025-08-01,760199,2000-07-15,2032-08-15,7.7923,7.7627,7.7791,4252.703383,0.00174052054283,7.5788,8.0423,7.5278,7.9913,Calculado
2025-08-01,NTN-B,2025-08-01,760199,2000-07-15,2033-05-15,7.6671,7.6348,7.6528,4183.946179,0.00420665026119,7.452,7.8997,7.4163,7.864,Calculado
2025-08-01,NTN-B,2025-08-01,760199,2000-07-15,2035-05-15,7.4994,7.465,7.48,4160.822882,0,7.3254,7.7379,7.2754,7.6879,Calculado
2025-08-01,NTN-B,2025-08-01,760199,2000-07-15,2040-08-15,7.3153,7.2808,7.2972,4158.077132,0.00376038245129,7.1884,7.5198,7.1409,7.4722,Calculado
2025-08-01,NTN-B,2025-08-01,760199,2000-07-15,2045-05-15,7.2977,7.2655,7.28,4023.104246,0.00024253560563,7.1726,7.486,7.1326,7.4457,Calculado
2025-08-01,NTN-B,2025-08-01,760199,2000-07-15,2050-08-15,7.187,7.1537,7.1693,4081.590984,0.00709112761837,7.053,7.3628,7.0286,7.338,Calculado
2025-08-01,NTN-B,2025-08-01,760199,2000-07-15,2055-05-15,7.1505,7.117,7.1323,3997.711734,0.00590788782223,7.0067,7.3173,6.9929,7.303,Calculado
2025-08-01,NTN-B,2025-08-01,760199,2000-07-15,2060-08-15,7.1886,7.1534,7.1699,4018.384279,0.00026726123924,7.0445,7.356,7.0311,7.3421,Calculado
2025-08-01,NTN-F,2025-08-01,950199,2016-01-15,2027-01-01,14.1598,14.1304,14.1471,959.414456,0.007613042824,13.8746,14.7276,13.7174,14.5693,Calculado
2025-08-01,NTN-F,2025-08-01,950199,2018-01-05,2029-01-01,13.573,13.5581,13.5663,919.650852,0.00117983049206,13.2308,14.2209,13.0924,14.0827,Calculado
2025-08-01,NTN-F,2025-08-01,950199,2020-01-10,2031-01-01,13.8809,13.8687,13.875,873.174679,0,13.5304,14.4845,13.4314,14.3854,Calculado
2025-08-01,NTN-F,2025-08-01,950199,2022-01-07,2033-01-01,13.9241,13.9042,13.9141,840.720952,0.00123629326618,13.5477,14.5119,13.4686,14.4325,Calculado
2025-08-01,NTN-F,2025-08-01,950199,2024-01-05,2035-01-01,14.0204,14.0068,14.014,813.25784,0,13.6466,14.605,13.5714,14.5293,Calculado
2025-08-04,LTN,2025-08-04,100000,2023-07-07,2025-10-01,14.9021,14.8807,14.8927,977.127555,0.01023815751344,14.8172,15.0525,14.8201,15.0568,Calculado
2025-08-04,LTN,2025-08-04,100000,2020-02-06,2026-01-01,14.874,14.854,14.864,943.375373,0,14.747,15.0903,14.7486,15.0882,Calculado
2025-08-04,LTN,2025-08-04,100000,2024-01-05,2026-04-01,14.808,14.7882,14.798,912.602428,0,14.5834,15.1411,14.5786,15.1329,Calculado
2025-08-04,LTN,2025-08-04,100000,2023-01-06,2026-07-01,14.6965,14.6807,14.6882,883.384377,0.00144959426047,14.3734,15.0908,14.3612,15.077,Calculado
2025-08-04,LTN,2025-08-04,100000,2024-07-05,2026-10-01,14.4248,14.4057,14.4153,855.067944,0.00184257252774,14.0419,14.8261,14.0145,14.7971,Calculado
2025-08-04,LTN,2025-08-04,100000,2025-01-10,2027-04-01,13.9536,13.9406,13.947,806.529452,0,13.5346,14.4566,13.4899,14.4112,Calculado
2025-08-04,LTN,2025-08-04,100000,2023-07-07,2027-07-01,13.7465,13.7283,13.736,783.377958,0,13.3202,14.2791,13.2681,14.2265,Calculado
2025-08-04,LTN,2025-08-04,100000,2025-07-04,2027-10-01,13.6124,13.5978,13.605,759.68175,0,13.1908,14.1765,13.1288,14.1141,Calculado
2025-08-04,LTN,2025-08-04,100000,2024-01-05,2028-01-01,13.4609,13.4437,13.452,738.226812,0.00142828568221,13.0384,14.0448,12.9663,13.9725,Calculado
2025-08-04,LTN,2025-08-04,100000,2024-07-05,2028-07-01,13.3761,13.3573,13.369,695.247573,0,12.9483,13.9669,12.8793,13.898,Calculado
2025-08-04,LTN,2025-08-04,100000,2022-02-11,2029-01-01,13.4347,13.4247,13.4296,652.436589,0.00152255106975,13.026,14.0315,12.9491,13.9547,Calculado
2025-08-04,LTN,2025-08-04,100000,2025-07-04,2029-07-01,13.5048,13.4899,13.498,611.777331,0,13.1185,14.0956,13.0343,14.0118,Calculado
2025-08-04,LTN,2025-08-04,100000,2024-01-05,2030-01-01,13.5744,13.5633,13.5683,572.98129,0.00049458605925,13.2047,14.1756,13.1161,14.0868,Calculado
2025-08-04,LTN,2025-08-04,100000,2025-01-10,2032-01-01,13.7977,13.7872,13.7923,438.701463,0.00102776050712,13.4298,14.4202,13.3305,14.3208,Calculado
2025-08-04,NTN-C,2025-08-04,770100,2000-07-01,2031-01-01,7.3363,6.9285,7.1975,7789.742153,0.08825010922243,6.7406,7.6741,6.7245,7.6596,Calculado
2025-08-04,LFT,2025-08-04,210100,2000-07-01,2025-09-01,0.0215,0.0113,0.0149,17068.605901,0.00003755329546,-0.0393,0.0599,-0.0395,0.0601,Calculado
2025-08-04,LFT,2025-08-04,210100,2000-07-01,2026-03-01,-0.0077,-0.0111,-0.0098,17069.76658,0.00051269595278,-0.0348,0.0288,-0.0347,0.0288,Calculado
2025-08-04,LFT,2025-08-04,210100,2000-07-01,2026-09-01,-0.0029,-0.0111,-0.0067,17070.039681,0.00090545730435,-0.0228,0.0255,-0.0229,0.0256,Calculado
2025-08-04,LFT,2025-08-04,210100,2000-07-01,2027-03-01,0.0317,0.0293,0.0306,17060.651835,0.00023840769702,-0.0142,0.0469,-0.0142,0.0468,Calculado
2025-08-04,LFT,2025-08-04,210100,2000-07-01,2027-09-01,0.0429,0.0407,0.0417,17054.063274,0.00021282412927,0.0228,0.0509,0.0227,0.0509,Calculado
2025-08-04,LFT,2025-08-04,210100,2000-07-01,2028-03-01,0.0512,0.0498,0.0506,17046.689548,0.00023326328472,0.0421,0.0692,0.0419,0.0692,Calculado
2025-08-04,LFT,2025-08-04,210100,2000-07-01,2028-09-01,0.0674,0.0658,0.0666,17033.939146,0.00028336215344,0.0571,0.0907,0.057,0.0906,Calculado
2025-08-04,LFT,2025-08-04,210100,2000-07-01,2029-03-01,0.0903,0.0882,0.0896,17014.65139,0.00044563971995,0.0782,0.0986,0.0781,0.0985,Calculado
2025-08-04,LFT,2025-08-04,210100,2000-07-01,2029-09-01,0.1004,0.0991,0.0998,16999.818594,0.00029665894559,0.0888,0.1109,0.0889,0.1106,Calculado
2025-08-04,LFT,2025-08-04,210100,2000-07-01,2030-03-01,0.1134,0.1111,0.1124,16981.896342,0.00033921283879,0.0913,0.1217,0.0914,0.1215,Calculado
2025-08-04,LFT,2025-08-04,210100,2000-07-01,2030-06-01,0.1137,0.111,0.1125,16977.134144,0,0.0954,0.1219,0.0954,0.1219,Calculado
2025-08-04,LFT,2025-08-04,210100,2000-07-01,2030-09-01,0.1147,0.1113,0.1131,16971.774538,0.00025710490077,0.097,0.123,0.0972,0.1229,Calculado
2025-08-04,LFT,2025-08-04,210100,2000-07-01,2030-12-01,0.1093,0.1041,0.1069,16972.542634,0.00006513386216,0.0953,0.1252,0.0955,0.1251,Calculado
2025-08-04,LFT,2025-08-04,210100,2000-07-01,2031-03-01,0.1095,0.1043,0.1068,16968.241294,0.00021105790675,0.0946,0.124,0.0947,0.1239,Calculado
2025-08-04,LFT,2025-08-04,210100,2000-07-01,2031-06-01,0.1092,0.1043,0.1067,16963.888747,0.00039306488014,0.094,0.1208,0.094,0.121,Calculado
2025-08-04,LFT,2025-08-04,210100,2000-07-01,2031-09-01,0.1131,0.1081,0.1108,16955.098309,0.00019712214487,0.0865,0.1237,0.0865,0.1238,Calculado
2025-08-04,NTN-B,2025-08-04,760199,2000-07-15,2026-08-15,10.1871,10.1258,10.1527,4489.008173,0.01234381962887,9.8438,10.447,9.8813,10.4867,Calculado
2025-08-04,NTN-B,2025-08-04,760199,2000-07-15,2027-05-15,8.805,8.7778,8.79,4402.959726,0,8.465,9.0766,8.4631,9.0741,Calculado
2025-08-04,NTN-B,2025-08-04,760199,2000-07-15,2028-08-15,8.2407,8.2151,8.2276,4409.922764,0.00635377652896,7.906,8.5791,7.8814,8.5549,Calculado
2025-08-04,NTN-B,2025-08-04,760199,2000-07-15,2029-05-15,7.9327,7.8978,7.9152,4334.940737,0.00664856731635,7.6181,8.2158,7.5832,8.1813,Calculado
2025-08-04,NTN-B,2025-08-04,760199,2000-07-15,2030-08-15,7.8374,7.8115,7.826,4344.531936,0.00365268466474,7.5652,8.076,7.527,8.0379,Calculado
2025-08-04,NTN-B,2025-08-04,760199,2000-07-15,2032-08-15,7.766,7.7384,7.7533,4260.326379,0.00357986572234,7.5278,7.9913,7.5019,7.9656,Calculado
2025-08-04,NTN-B,2025-08-04,760199,2000-07-15,2033-05-15,7.6519,7.6232,7.6371,4189.579368,0.00396221923674,7.4163,7.864,7.4005,7.8483,Calculado
2025-08-04,NTN-B,2025-08-04,760199,2000-07-15,2035-05-15,7.4837,7.4552,7.4689,4165.798822,0.00207559739834,7.2754,7.6879,7.2643,7.6768,Calculado
2025-08-04,NTN-B,2025-08-04,760199,2000-07-15,2040-08-15,7.3098,7.2764,7.2925,4161.618275,0.00367745621456,7.1409,7.4722,7.1362,7.4675,Calculado
2025-08-04,NTN-B,2025-08-04,760199,2000-07-15,2045-05-15,7.2983,7.2635,7.2805,4024.649774,0.00189296944772,7.1326,7.4457,7.1331,7.4461,Calculado
2025-08-04,NTN-B,2025-08-04,760199,2000-07-15,2050-08-15,7.185,7.1503,7.1667,4084.552783,0.00568247095725,7.0286,7.338,7.0261,7.3353,Calculado
2025-08-04,NTN-B,2025-08-04,760199,2000-07-15,2055-05-15,7.1566,7.125,7.14,3995.685531,0,6.9929,7.303,7.0007,7.3105,Calculado
2025-08-04,NTN-B,2025-08-04,760199,2000-07-15,2060-08-15,7.1928,7.1561,7.1733,4018.422076,0.00378501199205,7.0311,7.3421,7.0346,7.3452,Calculado
2025-08-04,NTN-F,2025-08-04,950199,2016-01-15,2027-01-01,14.1233,14.0939,14.1083,960.355253,0.0007915175235,13.7174,14.5693,13.6792,14.5299,Calculado
2025-08-04,NTN-F,2025-08-04,950199,2018-01-05,2029-01-01,13.4958,13.4818,13.4884,921.958124,0.00076230107569,13.0924,14.0827,13.0145,14.0049,Calculado
2025-08-04,NTN-F,2025-08-04,950199,2020-01-10,2031-01-01,13.7913,13.7786,13.7852,876.504946,0.00139589734938,13.4314,14.3854,13.3415,14.2957,Calculado
2025-08-04,NTN-F,2025-08-04,950199,2022-01-07,2033-01-01,13.8297,13.8097,13.8193,844.773618,0.00101800778975,13.4686,14.4325,13.3736,14.3379,Calculado
2025-08-04,NTN-F,2025-08-04,950199,2024-01-05,2035-01-01,13.923,13.9082,13.916,817.815016,0,13.5714,14.5293,13.4732,14.4315,Calculado
2025-08-05,LTN,2025-08-05,100000,2023-07-07,2025-10-01,14.9048,14.876,14.8894,977.670578,0.00432050056591,14.8201,15.0568,14.8131,15.051,Calculado
2025-08-05,LTN,2025-08-05,100000,2020-02-06,2026-01-01,14.8686,14.8499,14.86,943.907988,0.00339688324498,14.7486,15.0882,14.7461,15.0822,Calculado
2025-08-05,LTN,2025-08-05,100000,2024-01-05,2026-04-01,14.809,14.788,14.799,913.097098,0,14.5786,15.1329,14.5816,15.1325,Calculado
2025-08-05,LTN,2025-08-05,100000,2023-01-06,2026-07-01,14.6948,14.6803,14.6884,883.863536,0.00092133442897,14.3612,15.077,14.363,15.0771,Calculado
2025-08-05,LTN,2025-08-05,100000,2024-07-05,2026-10-01,14.4249,14.4053,14.4155,855.523267,0.00196617596873,14.0145,14.7971,14.0153,14.7963,Calculado
2025-08-05,LTN,2025-08-05,100000,2025-01-10,2027-04-01,13.9589,13.9448,13.9528,806.879955,0.00108634573226,13.4899,14.4112,13.4959,14.4164,Calculado
2025-08-05,LTN,2025-08-05,100000,2023-07-07,2027-07-01,13.759,13.7385,13.748,783.621668,0,13.2681,14.2265,13.28,14.2381,Calculado
2025-08-05,LTN,2025-08-05,100000,2025-07-04,2027-10-01,13.6392,13.6237,13.6307,759.696699,0.0015667413156,13.1288,14.1141,13.1546,14.1394,Calculado
2025-08-05,LTN,2025-08-05,100000,2024-01-05,2028-01-01,13.4896,13.4725,13.4817,738.132637,0.00150706397343,12.9663,13.9725,12.996,14.0019,Calculado
2025-08-05,LTN,2025-08-05,100000,2024-07-05,2028-07-01,13.4181,13.399,13.411,694.848897,0,12.8793,13.898,12.9212,13.9399,Calculado
2025-08-05,LTN,2025-08-05,100000,2022-02-11,2029-01-01,13.4891,13.4757,13.4835,651.714069,0,12.9491,13.9547,13.0028,14.0086,Calculado
2025-08-05,LTN,2025-08-05,100000,2025-07-04,2029-07-01,13.5658,13.5502,13.559,610.811057,0,13.0343,14.0118,13.0951,14.0728,Calculado
2025-08-05,LTN,2025-08-05,100000,2024-01-05,2030-01-01,13.6403,13.6265,13.6343,571.816039,0.00132789330897,13.1161,14.0868,13.1821,14.1527,Calculado
2025-08-05,LTN,2025-08-05,100000,2025-01-10,2032-01-01,13.8756,13.8618,13.8701,437.018753,0.00107812472841,13.3305,14.3208,13.4082,14.3986,Calculado
2025-08-05,NTN-C,2025-08-05,770100,2000-07-01,2031-01-01,7.2384,6.9975,7.2124,7788.098197,0.05667360349695,6.7245,7.6596,6.695,7.6346,Calculado
2025-08-05,LFT,2025-08-05,210100,2000-07-01,2025-09-01,0.0184,0.0118,0.0149,17078.015994,0.00006191381106,-0.0395,0.0601,-0.0397,0.0604,Calculado
2025-08-05,LFT,2025-08-05,210100,2000-07-01,2026-03-01,-0.0063,-0.0104,-0.0096,17079.143156,0.0007648529205,-0.0347,0.0288,-0.0346,0.0292,Calculado
2025-08-05,LFT,2025-08-05,210100,2000-07-01,2026-09-01,-0.0039,-0.0091,-0.0062,17079.348095,0.00080526757665,-0.0229,0.0256,-0.0225,0.0258,Calculado
2025-08-05,LFT,2025-08-05,210100,2000-07-01,2027-03-01,0.032,0.0298,0.0307,17070.057543,0.00024865648996,-0.0142,0.0468,-0.0138,0.047,Calculado
2025-08-05,LFT,2025-08-05,210100,2000-07-01,2027-09-01,0.0428,0.0408,0.0417,17063.499506,0.00019478493268,0.0227,0.0509,0.023,0.051,Calculado
2025-08-05,LFT,2025-08-05,210100,2000-07-01,2028-03-01,0.0512,0.0497,0.0506,17056.121715,0.0002812204829,0.0419,0.0692,0.0418,0.0696,Calculado
2025-08-05,LFT,2025-08-05,210100,2000-07-01,2028-09-01,0.0685,0.0662,0.0673,17043.005641,0.00054292838386,0.057,0.0906,0.0576,0.0901,Calculado
2025-08-05,LFT,2025-08-05,210100,2000-07-01,2029-03-01,0.0903,0.0883,0.0895,17024.151285,0.00006602242043,0.0781,0.0985,0.0781,0.0985,Calculado
2025-08-05,LFT,2025-08-05,210100,2000-07-01,2029-09-01,0.1006,0.0988,0.0999,17009.190763,0.00002773481567,0.0889,0.1106,0.089,0.1106,Calculado
2025-08-05,LFT,2025-08-05,210100,2000-07-01,2030-03-01,0.1128,0.1112,0.1122,16991.497727,0.00029149152646,0.0914,0.1215,0.0915,0.1214,Calculado
2025-08-05,LFT,2025-08-05,210100,2000-07-01,2030-06-01,0.1132,0.1107,0.1123,16986.732903,0.00032966112904,0.0954,0.1219,0.0955,0.1217,Calculado
2025-08-05,LFT,2025-08-05,210100,2000-07-01,2030-09-01,0.1141,0.1111,0.113,16981.28495,0,0.0972,0.1229,0.0972,0.1228,Calculado
2025-08-05,LFT,2025-08-05,210100,2000-07-01,2030-12-01,0.1086,0.1041,0.1069,16981.968079,0.00003892479929,0.0955,0.1251,0.0954,0.1251,Calculado
2025-08-05,LFT,2025-08-05,210100,2000-07-01,2031-03-01,0.1089,0.1062,0.1069,16977.578977,0.00004522665143,0.0947,0.1239,0.0948,0.1239,Calculado
2025-08-05,LFT,2025-08-05,210100,2000-07-01,2031-06-01,0.1086,0.1047,0.1069,16973.104483,0.00015796319192,0.094,0.121,0.0941,0.121,Calculado
2025-08-05,LFT,2025-08-05,210100,2000-07-01,2031-09-01,0.1119,0.1086,0.1108,16964.514138,0.00018607791379,0.0865,0.1238,0.0865,0.1239,Calculado
2025-08-05,NTN-B,2025-08-05,760199,2000-07-15,2026-08-15,10.1603,10.1233,10.14,4491.943199,0,9.8813,10.4867,9.8686,10.4762,Calculado
2025-08-05,NTN-B,2025-08-05,760199,2000-07-15,2027-05-15,8.8241,8.7916,8.8063,4404.015429,0.00863751152011,8.4631,9.0741,8.4795,9.09,Calculado
2025-08-05,NTN-B,2025-08-05,760199,2000-07-15,2028-08-15,8.25,8.2164,8.2349,4411.188388,0.00767196747647,7.8814,8.5549,7.8887,8.5627,Calculado
2025-08-05,NTN-B,2025-08-05,760199,2000-07-15,2029-05-15,7.9447,7.9068,7.9293,4335.027904,0.00138829137432,7.5832,8.1813,7.5972,8.1957,Calculado
2025-08-05,NTN-B,2025-08-05,760199,2000-07-15,2030-08-15,7.8426,7.8119,7.83,4345.828202,0,7.527,8.0379,7.5309,8.0419,Calculado
2025-08-05,NTN-B,2025-08-05,760199,2000-07-15,2032-08-15,7.7461,7.712,7.7304,4267.316076,0.00092605745502,7.5019,7.9656,7.4789,7.9427,Calculado
2025-08-05,NTN-B,2025-08-05,760199,2000-07-15,2033-05-15,7.6443,7.6127,7.6251,4194.328945,0.00471791409841,7.4005,7.8483,7.3884,7.8363,Calculado
2025-08-05,NTN-B,2025-08-05,760199,2000-07-15,2035-05-15,7.4872,7.4536,7.47,4167.330471,0,7.2643,7.6768,7.2653,7.6778,Calculado
2025-08-05,NTN-B,2025-08-05,760199,2000-07-15,2040-08-15,7.3298,7.2954,7.3133,4155.785638,0.00428550909811,7.1362,7.4675,7.157,7.4883,Calculado
2025-08-05,NTN-B,2025-08-05,760199,2000-07-15,2045-05-15,7.3236,7.2907,7.3075,4015.168396,0.0053092438407,7.1331,7.4461,7.1602,7.4729,Calculado
2025-08-05,NTN-B,2025-08-05,760199,2000-07-15,2050-08-15,7.2149,7.1757,7.1991,4071.412569,0.00144054274147,7.0261,7.3353,7.0585,7.3675,Calculado
2025-08-05,NTN-B,2025-08-05,760199,2000-07-15,2055-05-15,7.19,7.1467,7.1691,3983.303206,0.00135699591009,7.0007,7.3105,7.0299,7.3394,Calculado
2025-08-05,NTN-B,2025-08-05,760199,2000-07-15,2060-08-15,7.216,7.1778,7.2,4006.883174,0,7.0346,7.3452,7.0614,7.3716,Calculado
2025-08-05,NTN-F,2025-08-05,950199,2016-01-15,2027-01-01,14.1259,14.0972,14.1089,960.851601,0.00202382056023,13.6792,14.5299,13.6801,14.5298,Calculado
2025-08-05,NTN-F,2025-08-05,950199,2018-01-05,2029-01-01,13.5484,13.5335,13.541,921.177282,0,13.0145,14.0049,13.067,14.0575,Calculado
2025-08-05,NTN-F,2025-08-05,950199,2020-01-10,2031-01-01,13.8602,13.8477,13.8535,874.763563,0,13.3415,14.2957,13.41,14.3638,Calculado
2025-08-05,NTN-F,2025-08-05,950199,2022-01-07,2033-01-01,13.901,13.881,13.891,842.469947,0,13.3736,14.3379,13.4455,14.4093,Calculado
2025-08-05,NTN-F,2025-08-05,950199,2024-01-05,2035-01-01,13.9974,13.9817,13.9904,815.09727,0.00136306315701,13.4732,14.4315,13.5479,14.5057,Calculado
2026-02-23,LTN,2026-02-23,100000,2024-01-05,2026-04-01,14.575,14.5537,14.5669,985.535409,0.00318369383421,14.5125,14.7984,14.5047,14.7973,Calculado
2026-02-23,LTN,2026-02-23,100000,2023-01-06,2026-07-01,14.1186,14.1061,14.112,954.947596,0,14.0537,14.3444,14.045,14.3371,Calculado
2026-02-23,LTN,2026-02-23,100000,2024-07-05,2026-10-01,13.6,13.5846,13.5924,925.539765,0.00180594515421,13.4199,13.9285,13.4056,13.9106,Calculado
2026-02-23,LTN,2026-02-23,100000,2025-01-10,2027-04-01,12.9447,12.9305,12.938,875.663405,0,12.5669,13.3371,12.5507,13.3204,Calculado
2026-02-23,LTN,2026-02-23,100000,2023-07-07,2027-07-01,12.7317,12.7181,12.725,851.582671,0,12.3143,13.1438,12.2948,13.1233,Calculado
2026-02-23,LTN,2026-02-23,100000,2025-07-04,2027-10-01,12.6486,12.6338,12.6404,826.666488,0.00155469482858,12.1995,13.0971,12.1845,13.081,Calculado
2026-02-23,LTN,2026-02-23,100000,2024-01-05,2028-01-01,12.5383,12.524,12.531,803.872482,0.00151671003821,12.0773,13.0282,12.0624,13.0126,Calculado
2026-02-23,LTN,2026-02-23,100000,2026-01-09,2028-04-01,12.5619,12.5483,12.5545,780.151147,0.00183952701529,12.0977,13.0879,12.0793,13.0688,Calculado
2026-02-23,LTN,2026-02-23,100000,2024-07-05,2028-07-01,12.5711,12.5575,12.5645,757.975805,0.00084769968739,12.0886,13.1139,12.0789,13.1037,Calculado
2026-02-23,LTN,2026-02-23,100000,2022-02-11,2029-01-01,12.681,12.6673,12.6746,713.115039,0.00108998631643,12.1923,13.2331,12.1832,13.2239,Calculado
2026-02-23,LTN,2026-02-23,100000,2025-07-04,2029-07-01,12.8332,12.8216,12.827,669.431032,0,12.3522,13.3873,12.3438,13.379,Calculado
2026-02-23,LTN,2026-02-23,100000,2024-01-05,2030-01-01,12.9598,12.947,12.9535,627.838007,0,12.4902,13.508,12.4868,13.5048,Calculado
2026-02-23,LTN,2026-02-23,100000,2025-01-10,2032-01-01,13.3609,13.3484,13.3551,482.031292,0.0000924415491,12.8913,13.897,12.8933,13.899,Calculado
2026-02-23,NTN-C,2026-02-23,770100,2000-07-01,2031-01-01,8.0453,7.8233,7.9642,7555.397182,0.0093623520736,7.4657,8.3787,7.4633,8.3767,Calculado
2026-02-23,LFT,2026-02-23,210100,2000-07-01,2026-03-01,0.0498,0.0413,0.0467,18437.838546,0.00438593445573,-0.0503,0.0964,-0.048,0.1009,Calculado
2026-02-23,LFT,2026-02-23,210100,2000-07-01,2026-09-01,-0.0254,-0.0301,-0.028,18440.714878,0.00151271801073,-0.0599,0.0717,-0.06,0.0736,Calculado
2026-02-23,LFT,2026-02-23,210100,2000-07-01,2027-03-01,0.0135,0.0113,0.0123,18435.736612,0.00056779814195,-0.0253,0.0352,-0.0252,0.0346,Calculado
2026-02-23,LFT,2026-02-23,210100,2000-07-01,2027-09-01,0.0247,0.0229,0.024,18431.311486,0,-0.0141,0.0454,-0.0156,0.0453,Calculado
2026-02-23,LFT,2026-02-23,210100,2000-07-01,2028-03-01,0.041,0.0393,0.0401,18423.180318,0.00033760420613,0.0165,0.0487,0.0151,0.0485,Calculado
2026-02-23,LFT,2026-02-23,210100,2000-07-01,2028-09-01,0.052,0.0501,0.0511,18414.330067,0.00018527676595,0.0412,0.0586,0.0404,0.0584,Calculado
2026-02-23,LFT,2026-02-23,210100,2000-07-01,2029-03-01,0.0657,0.0635,0.0646,18402.419104,0.00017235393816,0.0557,0.076,0.0555,0.0757,Calculado
2026-02-23,LFT,2026-02-23,210100,2000-07-01,2029-09-01,0.0801,0.0787,0.0793,18386.875851,0.00025699365751,0.0686,0.0925,0.0686,0.0924,Calculado
2026-02-23,LFT,2026-02-23,210100,2000-07-01,2030-03-01,0.0925,0.09,0.0911,18371.185093,0.00017149857142,0.0795,0.1028,0.0795,0.1031,Calculado
2026-02-23,LFT,2026-02-23,210100,2000-07-01,2030-06-01,0.0957,0.0935,0.0945,18364.418339,0.00025205039179,0.0812,0.1088,0.0812,0.1092,Calculado
2026-02-23,LFT,2026-02-23,210100,2000-07-01,2030-09-01,0.1001,0.0973,0.0986,18356.637493,0.0003110702493,0.0851,0.1114,0.0852,0.1117,Calculado
2026-02-23,LFT,2026-02-23,210100,2000-07-01,2030-12-01,0.1013,0.0977,0.0995,18351.345781,0.00003892479929,0.0862,0.1154,0.0863,0.1157,Calculado
2026-02-23,LFT,2026-02-23,210100,2000-07-01,2031-03-01,0.1025,0.0993,0.1008,18345.740622,0.00016382377727,0.088,0.1168,0.0879,0.1173,Calculado
2026-02-23,LFT,2026-02-23,210100,2000-07-01,2031-06-01,0.1037,0.1012,0.1024,18339.656074,0.00005345212811,0.0901,0.1165,0.09,0.1169,Calculado
2026-02-23,LFT,2026-02-23,210100,2000-07-01,2031-09-01,0.1047,0.1021,0.1033,18333.977163,0.0002033059763,0.091,0.1157,0.091,0.1158,Calculado
2026-02-23,LFT,2026-02-23,210100,2000-07-01,2031-12-01,0.1063,0.1033,0.1045,18327.911054,0.00033482122095,0.0891,0.1153,0.0889,0.1154,Calculado
2026-02-23,LFT,2026-02-23,210100,2000-07-01,2032-03-01,0.1091,0.1078,0.1084,18319.023927,0.00010935414944,0.0814,0.1188,0.0807,0.119,Calculado
2026-02-23,NTN-B,2026-02-23,760199,2000-07-15,2026-08-15,10.0341,9.9982,10.0189,4527.431335,0.00168313432619,9.6367,10.6089,9.6125,10.5929,Calculado
2026-02-23,NTN-B,2026-02-23,760199,2000-07-15,2027-05-15,8.1255,8.0992,8.1108,4573.947459,0.00165818429314,7.8256,8.3544,7.8176,8.3463,Calculado
2026-02-23,NTN-B,2026-02-23,760199,2000-07-15,2028-08-15,7.7674,7.7427,7.7589,4440.006433,0.00155496253653,7.4234,8.0989,7.4124,8.0876,Calculado
2026-02-23,NTN-B,2026-02-23,760199,2000-07-15,2029-05-15,7.6628,7.6362,7.65,4479.755069,0,7.3076,7.9623,7.3045,7.9596,Calculado
2026-02-23,NTN-B,2026-02-23,760199,2000-07-15,2030-08-15,7.6915,7.6646,7.6791,4340.234318,0.00145071539249,7.3664,7.9035,7.3654,7.9028,Calculado
2026-02-23,NTN-B,2026-02-23,760199,2000-07-15,2031-05-15,7.6746,7.647,7.66,4375.692275,0,7.3661,7.8717,7.366,7.8717,Calculado
2026-02-23,NTN-B,2026-02-23,760199,2000-07-15,2032-08-15,7.6454,7.6191,7.6303,4252.339836,0.00074344630606,7.3706,7.8459,7.3672,7.8426,Calculado
2026-02-23,NTN-B,2026-02-23,760199,2000-07-15,2033-05-15,7.625,7.5968,7.61,4294.072681,0,7.3611,7.8195,7.3629,7.8214,Calculado
2026-02-23,NTN-B,2026-02-23,760199,2000-07-15,2035-05-15,7.4753,7.449,7.4638,4260.341125,0.00430965915706,7.2612,7.6815,7.2516,7.6719,Calculado
2026-02-23,NTN-B,2026-02-23,760199,2000-07-15,2037-05-15,7.4448,7.4161,7.4273,4211.840791,0.00365194972994,7.2574,7.6493,7.2404,7.6323,Calculado
2026-02-23,NTN-B,2026-02-23,760199,2000-07-15,2040-08-15,7.2768,7.2501,7.2652,4121.787158,0.00595364488696,7.1329,7.4762,7.1059,7.449,Calculado
2026-02-23,NTN-B,2026-02-23,760199,2000-07-15,2045-05-15,7.1433,7.1164,7.13,4169.481838,0,6.9893,7.3185,6.9827,7.3118,Calculado
2026-02-23,NTN-B,2026-02-23,760199,2000-07-15,2050-08-15,7.1116,7.0853,7.0997,4059.08891,0.00086129556483,6.9527,7.2697,6.9637,7.2806,Calculado
2026-02-23,NTN-B,2026-02-23,760199,2000-07-15,2055-05-15,7.0774,7.0464,7.0627,4110.503407,0.00360591445267,6.9243,7.2347,6.9331,7.2435,Calculado
2026-02-23,NTN-B,2026-02-23,760199,2000-07-15,2060-08-15,7.1205,7.0959,7.1075,3991.635005,0.00352041664154,6.967,7.2779,6.9775,7.2884,Calculado
2026-02-23,NTN-F,2026-02-23,950199,2016-01-15,2027-01-01,13.1785,13.1558,13.1664,990.515025,0.00295622002564,12.8817,13.5698,12.8667,13.553,Calculado
2026-02-23,NTN-F,2026-02-23,950199,2018-01-05,2029-01-01,12.71,12.6785,12.6911,956.117311,0.00228603496692,12.2172,13.2399,12.2094,13.2321,Calculado
2026-02-23,NTN-F,2026-02-23,950199,2020-01-10,2031-01-01,13.2488,13.2362,13.2422,908.535946,0.00060262582089,12.7998,13.7795,12.8028,13.7824,Calculado
2026-02-23,NTN-F,2026-02-23,950199,2022-01-07,2033-01-01,13.4957,13.4844,13.4891,870.355946,0.00084993807421,13.0397,14.0132,13.0444,14.0178,Calculado
2026-02-23,NTN-F,2026-02-23,950199,2024-01-05,2035-01-01,13.522,13.5066,13.5135,846.402114,0.00236653755305,13.0577,14.0215,13.0714,14.035,Calculado
2026-02-23,NTN-F,2026-02-23,950199,2026-01-09,2037-01-01,13.635,13.6225,13.6285,822.824585,0,13.1817,14.1394,13.1899,14.1474,Calculado
2026-02-25,LTN,2026-02-25,100000,2024-01-05,2026-04-01,14.5382,14.5241,14.5305,986.63075,0.0017348528122,14.4802,14.7796,14.4642,14.7705,Calculado
2026-02-25,LTN,2026-02-25,100000,2023-01-06,2026-07-01,14.0917,14.0801,14.0866,956.021247,0.0028846695946,14.0291,14.3227,14.0202,14.3153,Calculado
2026-02-25,LTN,2026-02-25,100000,2024-07-05,2026-10-01,13.5796,13.5676,13.5703,926.584427,0.00252705361835,13.3928,13.8941,13.3876,13.8852,Calculado
2026-02-25,LTN,2026-02-25,100000,2025-01-10,2027-04-01,12.9439,12.9302,12.936,876.526192,0,12.5426,13.3117,12.5504,13.3188,Calculado
2026-02-25,LTN,2026-02-25,100000,2023-07-07,2027-07-01,12.7276,12.7114,12.7203,852.439996,0.00222378912894,12.2843,13.1118,12.2911,13.1175,Calculado
2026-02-25,LTN,2026-02-25,100000,2025-07-04,2027-10-01,12.6478,12.6363,12.642,827.429094,0.00100778221358,12.1744,13.0699,12.1867,13.0812,Calculado
2026-02-25,LTN,2026-02-25,100000,2024-01-05,2028-01-01,12.5471,12.5365,12.5421,804.479924,0.00137739096846,12.053,13.0024,12.0738,13.0225,Calculado
2026-02-25,LTN,2026-02-25,100000,2026-01-09,2028-04-01,12.5623,12.5499,12.5553,780.872157,0.0021233471054,12.0595,13.0482,12.0806,13.0687,Calculado
2026-02-25,LTN,2026-02-25,100000,2024-07-05,2028-07-01,12.568,12.555,12.5621,758.725878,0.00142307661424,12.0526,13.077,12.0768,13.1007,Calculado
2026-02-25,LTN,2026-02-25,100000,2022-02-11,2029-01-01,12.6638,12.6538,12.6585,714.078996,0,12.1559,13.1966,12.1671,13.2078,Calculado
2026-02-25,LTN,2026-02-25,100000,2025-07-04,2029-07-01,12.8048,12.7955,12.7994,670.616602,0.00073201752711,12.3127,13.348,12.316,13.3514,Calculado
2026-02-25,LTN,2026-02-25,100000,2024-01-05,2030-01-01,12.9195,12.9101,12.9148,629.267029,0.00045392261455,12.4517,13.4698,12.4479,13.4662,Calculado
2026-02-25,LTN,2026-02-25,100000,2025-01-10,2032-01-01,13.2955,13.2858,13.2901,484.122725,0.00058137766555,12.8468,13.8524,12.8284,13.834,Calculado
2026-02-25,NTN-C,2026-02-25,770100,2000-07-01,2031-01-01,8.0447,7.889,7.9604,7555.619076,0.003324368898,7.5107,8.426,7.4693,8.3835,Calculado
2026-02-25,LFT,2026-02-25,210100,2000-07-01,2026-03-01,0.138,0.0996,0.1177,18458.081788,0.03785985379528,-0.0345,0.1299,-0.013,0.1731,Calculado
2026-02-25,LFT,2026-02-25,210100,2000-07-01,2026-09-01,-0.0367,-0.0683,-0.0515,18463.250129,0.01161553501049,-0.0706,0.0942,-0.0841,0.1247,Calculado
2026-02-25,LFT,2026-02-25,210100,2000-07-01,2027-03-01,0.0112,0.01,0.0107,18456.383619,0.00032584729552,-0.029,0.0338,-0.034,0.0336,Calculado
2026-02-25,LFT,2026-02-25,210100,2000-07-01,2027-09-01,0.0233,0.0218,0.0225,18452.082822,0.00042495673897,-0.0251,0.0446,-0.0391,0.0442,Calculado
2026-02-25,LFT,2026-02-25,210100,2000-07-01,2028-03-01,0.04,0.0378,0.0387,18444.071894,0.00033921283879,0.0061,0.0479,-0.0211,0.0613,Calculado
2026-02-25,LFT,2026-02-25,210100,2000-07-01,2028-09-01,0.0516,0.0502,0.051,18434.768881,0,0.0339,0.0584,0.025,0.0584,Calculado
2026-02-25,LFT,2026-02-25,210100,2000-07-01,2029-03-01,0.0637,0.0618,0.0627,18423.859991,0.00032004134108,0.0549,0.0735,0.0535,0.0712,Calculado
2026-02-25,LFT,2026-02-25,210100,2000-07-01,2029-09-01,0.0786,0.0776,0.0781,18408.041178,0.00014473320283,0.0681,0.0936,0.0673,0.0954,Calculado
2026-02-25,LFT,2026-02-25,210100,2000-07-01,2030-03-01,0.0892,0.0875,0.0885,18393.477533,0.00006030215585,0.078,0.1074,0.0768,0.1123,Calculado
2026-02-25,LFT,2026-02-25,210100,2000-07-01,2030-06-01,0.095,0.092,0.0934,18385.669647,0.00040438768527,0.0807,0.1129,0.0801,0.1179,Calculado
2026-02-25,LFT,2026-02-25,210100,2000-07-01,2030-09-01,0.0997,0.097,0.0981,18377.437219,0.00024043608298,0.085,0.1151,0.0848,0.1198,Calculado
2026-02-25,LFT,2026-02-25,210100,2000-07-01,2030-12-01,0.1006,0.0974,0.0987,18372.416546,0.00044622599655,0.086,0.1187,0.0855,0.123,Calculado
2026-02-25,LFT,2026-02-25,210100,2000-07-01,2031-03-01,0.1027,0.0994,0.1006,18366.28837,0.00016329929577,0.0879,0.1192,0.0877,0.122,Calculado
2026-02-25,LFT,2026-02-25,210100,2000-07-01,2031-06-01,0.1039,0.1008,0.1022,18360.21557,0.00028929707914,0.09,0.1174,0.0898,0.1185,Calculado
2026-02-25,LFT,2026-02-25,210100,2000-07-01,2031-09-01,0.1052,0.1014,0.1032,18354.456563,0.00028710008708,0.091,0.1146,0.0901,0.1138,Calculado
2026-02-25,LFT,2026-02-25,210100,2000-07-01,2031-12-01,0.1056,0.1025,0.1041,18348.697555,0.00030097878663,0.0857,0.1153,0.0813,0.115,Calculado
2026-02-25,LFT,2026-02-25,210100,2000-07-01,2032-03-01,0.1078,0.1063,0.1074,18340.483585,0.00033265860879,0.0754,0.1186,0.0678,0.1181,Calculado
2026-02-25,NTN-B,2026-02-25,760199,2000-07-15,2026-08-15,10.0566,10.0265,10.0415,4532.684457,0.00523836579288,9.6123,10.601,9.6279,10.625,Calculado
2026-02-25,NTN-B,2026-02-25,760199,2000-07-15,2027-05-15,8.1126,8.0878,8.1,4579.592275,0,7.793,8.3214,7.8076,8.3359,Calculado
2026-02-25,NTN-B,2026-02-25,760199,2000-07-15,2028-08-15,7.7806,7.7526,7.7664,4444.142725,0.00403134096176,7.3846,8.0596,7.4202,8.0949,Calculado
2026-02-25,NTN-B,2026-02-25,760199,2000-07-15,2029-05-15,7.6316,7.6022,7.6172,4488.572499,0.0042159440473,7.2556,7.9111,7.2717,7.9277,Calculado
2026-02-25,NTN-B,2026-02-25,760199,2000-07-15,2030-08-15,7.6325,7.6046,7.619,4354.509364,0.00147777654603,7.3162,7.8539,7.3052,7.8431,Calculado
2026-02-25,NTN-B,2026-02-25,760199,2000-07-15,2031-05-15,7.587,7.5591,7.5724,4396.240003,0.00555714897677,7.3045,7.8103,7.2782,7.7841,Calculado
2026-02-25,NTN-B,2026-02-25,760199,2000-07-15,2032-08-15,7.5361,7.5121,7.5231,4279.822573,0.00354863854034,7.3044,7.7799,7.2599,7.7355,Calculado
2026-02-25,NTN-B,2026-02-25,760199,2000-07-15,2033-05-15,7.5126,7.4861,7.5,4324.183256,0.00017499997143,7.2951,7.7537,7.2527,7.7115,Calculado
2026-02-25,NTN-B,2026-02-25,760199,2000-07-15,2035-05-15,7.3659,7.3395,7.3534,4295.496896,0.0039357942248,7.1778,7.5982,7.1411,7.5616,Calculado
2026-02-25,NTN-B,2026-02-25,760199,2000-07-15,2037-05-15,7.3466,7.3169,7.3309,4246.663756,0.00208813172717,7.1831,7.575,7.144,7.536,Calculado
2026-02-25,NTN-B,2026-02-25,760199,2000-07-15,2040-08-15,7.2052,7.1776,7.1912,4153.456115,0.00642303754076,7.0615,7.4046,7.0319,7.375,Calculado
2026-02-25,NTN-B,2026-02-25,760199,2000-07-15,2045-05-15,7.0934,7.065,7.0752,4197.388438,0.00593461669445,6.9613,7.2903,6.9279,7.257,Calculado
2026-02-25,NTN-B,2026-02-25,760199,2000-07-15,2050-08-15,7.0445,7.0172,7.0301,4096.263029,0.00167607600066,6.9336,7.2503,6.8943,7.2109,Calculado
2026-02-25,NTN-B,2026-02-25,760199,2000-07-15,2055-05-15,7.0243,6.9905,7.0102,4141.088922,0.00072627303406,6.9123,7.2223,6.8807,7.1908,Calculado
2026-02-25,NTN-B,2026-02-25,760199,2000-07-15,2060-08-15,7.0515,7.0246,7.0372,4032.059565,0.00326369575022,6.9459,7.2563,6.9074,7.2178,Calculado
2026-02-25,NTN-F,2026-02-25,950199,2016-01-15,2027-01-01,13.176,13.1555,13.1662,991.48929,0.00458431727741,12.8555,13.54,12.8697,13.5524,Calculado
2026-02-25,NTN-F,2026-02-25,950199,2018-01-05,2029-01-01,12.6868,12.6633,12.6732,957.402758,0.0021510086541,12.1826,13.2052,12.1916,13.2142,Calculado
2026-02-25,NTN-F,2026-02-25,950199,2020-01-10,2031-01-01,13.1918,13.183,13.1868,911.139042,0.00068171609193,12.7665,13.7462,12.7474,13.7272,Calculado
2026-02-25,NTN-F,2026-02-25,950199,2022-01-07,2033-01-01,13.418,13.4086,13.413,874.090724,0,12.9983,13.9719,12.9681,13.942,Calculado
2026-02-25,NTN-F,2026-02-25,950199,2024-01-05,2035-01-01,13.4305,13.4141,13.4215,851.179691,0.00172882142513,13.0215,13.9853,12.9791,13.9435,Calculado
2026-02-25,NTN-F,2026-02-25,950199,2026-01-09,2037-01-01,13.5345,13.5262,13.5298,828.189631,0.00046650293675,13.1412,14.0991,13.0907,14.0494,Calculado
2026-02-24,LTN,2026-02-24,100000,2024-01-05,2026-04-01,14.5571,14.537,14.5444,986.087367,0.00434162103252,14.5047,14.7973,14.4802,14.7796,Calculado
2026-02-24,LTN,2026-02-24,100000,2023-01-06,2026-07-01,14.1028,14.0902,14.0958,955.494809,0.0015448641526,14.045,14.3371,14.0291,14.3227,Calculado
2026-02-24,LTN,2026-02-24,100000,2024-07-05,2026-10-01,13.5861,13.5716,13.5775,926.081238,0.002167692063,13.4056,13.9106,13.3928,13.8941,Calculado
2026-02-24,LTN,2026-02-24,100000,2025-01-10,2027-04-01,12.9359,12.9215,12.929,876.162205,0,12.5507,13.3204,12.5426,13.3117,Calculado
2026-02-24,LTN,2026-02-24,100000,2023-07-07,2027-07-01,12.7204,12.7068,12.714,852.098738,0,12.2948,13.1233,12.2843,13.1118,Calculado
2026-02-24,LTN,2026-02-24,100000,2025-07-04,2027-10-01,12.6353,12.624,12.63,827.17888,0,12.1845,13.081,12.1744,13.0699,Calculado
2026-02-24,LTN,2026-02-24,100000,2024-01-05,2028-01-01,12.53,12.5142,12.5214,804.375791,0.00253427037034,12.0624,13.0126,12.053,13.0024,Calculado
2026-02-24,LTN,2026-02-24,100000,2026-01-09,2028-04-01,12.5426,12.5284,12.5344,780.809495,0.00191573966655,12.0793,13.0688,12.0595,13.0482,Calculado
2026-02-24,LTN,2026-02-24,100000,2024-07-05,2028-07-01,12.5441,12.5308,12.5381,758.747745,0.00148935697534,12.0789,13.1037,12.0526,13.077,Calculado
2026-02-24,LTN,2026-02-24,100000,2022-02-11,2029-01-01,12.654,12.6406,12.6473,713.942132,0.00036855573527,12.1832,13.2239,12.1559,13.1966,Calculado
2026-02-24,LTN,2026-02-24,100000,2025-07-04,2029-07-01,12.8017,12.7906,12.796,670.363275,0,12.3438,13.379,12.3127,13.348,Calculado
2026-02-24,LTN,2026-02-24,100000,2024-01-05,2030-01-01,12.9248,12.9126,12.9185,628.885125,0,12.4868,13.5048,12.4517,13.4698,Calculado
2026-02-24,LTN,2026-02-24,100000,2025-01-10,2032-01-01,13.3143,13.3017,13.3085,483.426124,0,12.8933,13.899,12.8468,13.8524,Calculado
2026-02-24,NTN-C,2026-02-24,770100,2000-07-01,2031-01-01,8.0391,7.8834,7.9643,7554.970647,0.00982281923737,7.4633,8.3767,7.5107,8.426,Calculado
2026-02-24,LFT,2026-02-24,210100,2000-07-01,2026-03-01,0.0847,0.0635,0.0752,18447.966615,0.00625279349251,-0.048,0.1009,-0.0345,0.1299,Calculado
2026-02-24,LFT,2026-02-24,210100,2000-07-01,2026-09-01,-0.0315,-0.043,-0.0383,18451.859183,0.009817188649,-0.06,0.0736,-0.0706,0.0942,Calculado
2026-02-24,LFT,2026-02-24,210100,2000-07-01,2027-03-01,0.0119,0.0104,0.0113,18446.103348,0.00022896825107,-0.0252,0.0346,-0.029,0.0338,Calculado
2026-02-24,LFT,2026-02-24,210100,2000-07-01,2027-09-01,0.0242,0.0222,0.0232,18441.71268,0.00035276683518,-0.0156,0.0453,-0.0251,0.0446,Calculado
2026-02-24,LFT,2026-02-24,210100,2000-07-01,2028-03-01,0.04,0.038,0.0394,18433.613925,0.00058903229962,0.0151,0.0485,0.0061,0.0479,Calculado
2026-02-24,LFT,2026-02-24,210100,2000-07-01,2028-09-01,0.0518,0.0504,0.0511,18424.518968,0.00013891810537,0.0404,0.0584,0.0339,0.0584,Calculado
2026-02-24,LFT,2026-02-24,210100,2000-07-01,2029-03-01,0.0652,0.0628,0.0641,18412.89661,0.000351936983,0.0555,0.0757,0.0549,0.0735,Calculado
2026-02-24,LFT,2026-02-24,210100,2000-07-01,2029-09-01,0.0794,0.0775,0.0789,18397.326339,0.00021134486036,0.0686,0.0924,0.0681,0.0936,Calculado
2026-02-24,LFT,2026-02-24,210100,2000-07-01,2030-03-01,0.0906,0.0888,0.0896,18382.475548,0.00022327769705,0.0795,0.1031,0.078,0.1074,Calculado
2026-02-24,LFT,2026-02-24,210100,2000-07-01,2030-06-01,0.0961,0.0926,0.094,18375.004032,0.00049222016415,0.0812,0.1092,0.0807,0.1129,Calculado
2026-02-24,LFT,2026-02-24,210100,2000-07-01,2030-09-01,0.1002,0.0974,0.0984,18366.997518,0.00061582445551,0.0852,0.1117,0.085,0.1151,Calculado
2026-02-24,LFT,2026-02-24,210100,2000-07-01,2030-12-01,0.1013,0.0977,0.0992,18361.795129,0.00041016494243,0.0863,0.1157,0.086,0.1187,Calculado
2026-02-24,LFT,2026-02-24,210100,2000-07-01,2031-03-01,0.1026,0.0993,0.1008,18355.928605,0.00021726911884,0.0879,0.1173,0.0879,0.1192,Calculado
2026-02-24,LFT,2026-02-24,210100,2000-07-01,2031-06-01,0.1042,0.1011,0.1024,18349.840703,0.00007762493156,0.09,0.1169,0.09,0.1174,Calculado
2026-02-24,LFT,2026-02-24,210100,2000-07-01,2031-09-01,0.1052,0.1021,0.1033,18344.158661,0.00021111944486,0.091,0.1158,0.091,0.1146,Calculado
2026-02-24,LFT,2026-02-24,210100,2000-07-01,2031-12-01,0.1063,0.1033,0.1044,18338.199897,0.00032740337506,0.0889,0.1154,0.0857,0.1153,Calculado
2026-02-24,LFT,2026-02-24,210100,2000-07-01,2032-03-01,0.1084,0.1074,0.1079,18329.750627,0.00005144948979,0.0807,0.119,0.0754,0.1186,Calculado
2026-02-24,NTN-B,2026-02-24,760199,2000-07-15,2026-08-15,10.0342,10.0048,10.0222,4530.213947,0.0039663465242,9.6125,10.5929,9.6123,10.601,Calculado
2026-02-24,NTN-B,2026-02-24,760199,2000-07-15,2027-05-15,8.0948,8.0731,8.0857,4577.74554,0.00377594631185,7.8176,8.3463,7.793,8.3214,Calculado
2026-02-24,NTN-B,2026-02-24,760199,2000-07-15,2028-08-15,7.7451,7.7183,7.731,4445.101911,0.00173447360603,7.4124,8.0876,7.3846,8.0596,Calculado
2026-02-24,NTN-B,2026-02-24,760199,2000-07-15,2029-05-15,7.616,7.5894,7.6011,4488.09309,0.00170240627348,7.3045,7.9596,7.2556,7.9111,Calculado
2026-02-24,NTN-B,2026-02-24,760199,2000-07-15,2030-08-15,7.6425,7.6159,7.63,4350.40251,0,7.3654,7.9028,7.3162,7.8539,Calculado
2026-02-24,NTN-B,2026-02-24,760199,2000-07-15,2031-05-15,7.6142,7.5855,7.5986,4389.134174,0.00194407092463,7.366,7.8717,7.3045,7.8103,Calculado
2026-02-24,NTN-B,2026-02-24,760199,2000-07-15,2032-08-15,7.5815,7.5544,7.5675,4268.025774,0.00493849273767,7.3672,7.8426,7.3044,7.7799,Calculado
2026-02-24,NTN-B,2026-02-24,760199,2000-07-15,2033-05-15,7.554,7.5281,7.5423,4312.048447,0.00705103842281,7.3629,7.8214,7.2951,7.7537,Calculado
2026-02-24,NTN-B,2026-02-24,760199,2000-07-15,2035-05-15,7.4026,7.3776,7.39,4283.042295,0,7.2516,7.6719,7.1778,7.5982,Calculado
2026-02-24,NTN-B,2026-02-24,760199,2000-07-15,2037-05-15,7.3823,7.356,7.37,4232.07546,0,7.2404,7.6323,7.1831,7.575,Calculado
2026-02-24,NTN-B,2026-02-24,760199,2000-07-15,2040-08-15,7.2354,7.208,7.2208,4140.318579,0.00165387245881,7.1059,7.449,7.0615,7.4046,Calculado
2026-02-24,NTN-B,2026-02-24,760199,2000-07-15,2045-05-15,7.1225,7.0947,7.1086,4180.832332,0.00164056312283,6.9827,7.3118,6.9613,7.2903,Calculado
2026-02-24,NTN-B,2026-02-24,760199,2000-07-15,2050-08-15,7.082,7.0558,7.0695,4075.445,0.00089752746476,6.9637,7.2806,6.9336,7.2503,Calculado
2026-02-24,NTN-B,2026-02-24,760199,2000-07-15,2055-05-15,7.056,7.0276,7.0417,4123.128554,0.00325078744922,6.9331,7.2435,6.9123,7.2223,Calculado
2026-02-24,NTN-B,2026-02-24,760199,2000-07-15,2060-08-15,7.0859,7.0649,7.0757,4010.046464,0.00538898186395,6.9775,7.2884,6.9459,7.2563,Calculado
2026-02-24,NTN-F,2026-02-24,950199,2016-01-15,2027-01-01,13.167,13.1354,13.1536,991.09385,0.00054090887403,12.8667,13.553,12.8555,13.54,Calculado
2026-02-24,NTN-F,2026-02-24,950199,2018-01-05,2029-01-01,12.682,12.651,12.6642,957.140078,0.00355443014842,12.2094,13.2321,12.1826,13.2052,Calculado
2026-02-24,NTN-F,2026-02-24,950199,2020-01-10,2031-01-01,13.2114,13.1989,13.2059,910.102302,0.00086345388991,12.8028,13.7824,12.7665,13.7462,Calculado
2026-02-24,NTN-F,2026-02-24,950199,2022-01-07,2033-01-01,13.4511,13.4373,13.4431,872.520961,0.00067235318844,13.0444,14.0178,12.9983,13.9719,Calculado
2026-02-24,NTN-F,2026-02-24,950199,2024-01-05,2035-01-01,13.4723,13.4573,13.4637,848.950022,0.00154788491174,13.0714,14.035,13.0215,13.9853,Calculado
2026-02-24,NTN-F,2026-02-24,950199,2026-01-09,2037-01-01,13.5863,13.5728,13.58,825.463484,0.00050307875129,13.1899,14.1474,13.1412,14.0991,Calculado
2026-02-27,LTN,2026-02-27,100000,2024-01-05,2026-04-01,14.65,14.6376,14.6438,987.604551,0.00218618657941,14.4794,14.7926,14.5731,14.8933,Calculado
2026-02-27,LTN,2026-02-27,100000,2023-01-06,2026-07-01,14.0869,14.0726,14.08,957.04016,0,13.9885,14.285,14.0141,14.3122,Calculado
2026-02-27,LTN,2026-02-27,100000,2024-07-05,2026-10-01,13.594,13.5815,13.5873,927.438609,0.00147261771346,13.3496,13.8435,13.4085,13.8987,Calculado
2026-02-27,LTN,2026-02-27,100000,2025-01-10,2027-04-01,13.008,12.994,13.001,876.830155,0,12.4907,13.2585,12.617,13.3842,Calculado
2026-02-27,LTN,2026-02-27,100000,2023-07-07,2027-07-01,12.814,12.7973,12.804,852.411448,0,12.227,13.0523,12.3757,13.2,Calculado
2026-02-27,LTN,2026-02-27,100000,2025-07-04,2027-10-01,12.732,12.719,12.7264,827.229614,0.00139423708529,12.129,13.0225,12.2716,13.1641,Calculado
2026-02-27,LTN,2026-02-27,100000,2024-01-05,2028-01-01,12.6265,12.6101,12.6199,804.215146,0.00249223794811,12.0195,12.9675,12.1518,13.0992,Calculado
2026-02-27,LTN,2026-02-27,100000,2026-01-09,2028-04-01,12.6489,12.6346,12.643,780.338256,0.00188111746842,12.0352,13.0226,12.1688,13.1555,Calculado
2026-02-27,LTN,2026-02-27,100000,2024-07-05,2028-07-01,12.6437,12.6302,12.6374,758.258707,0.0009976430524,12.027,13.0504,12.1523,13.1753,Calculado
2026-02-27,LTN,2026-02-27,100000,2022-02-11,2029-01-01,12.7311,12.72,12.7256,713.556742,0.00020517122118,12.1252,13.1658,12.2342,13.2749,Calculado
2026-02-27,LTN,2026-02-27,100000,2025-07-04,2029-07-01,12.8665,12.8565,12.862,670.026526,0.00104592462922,12.2807,13.3162,12.3785,13.4141,Calculado
2026-02-27,LTN,2026-02-27,100000,2024-01-05,2030-01-01,12.9716,12.9615,12.9665,628.777621,0,12.4054,13.4239,12.4994,13.518,Calculado
2026-02-27,LTN,2026-02-27,100000,2025-01-10,2032-01-01,13.3215,13.3131,13.3177,483.917568,0.00100370636144,12.7973,13.8029,12.8561,13.8617,Calculado
2026-02-27,NTN-C,2026-02-27,770100,2000-07-01,2031-01-01,8.0272,7.8596,7.9524,7550.604975,0.01481469803168,7.5092,8.4236,7.4498,8.3653,Calculado
2026-02-27,LFT,2026-02-27,210100,2000-07-01,2026-03-01,0.1333,0.0638,0.1326,18478.605957,0.00306784397582,-0.0042,0.1894,--,--,Calculado
2026-02-27,LFT,2026-02-27,210100,2000-07-01,2026-09-01,-0.0352,-0.0606,-0.0519,18483.576732,0.00502750766583,-0.0885,0.1344,-0.0845,0.131,Calculado
2026-02-27,LFT,2026-02-27,210100,2000-07-01,2027-03-01,0.0101,0.008,0.0091,18477.053745,0.00028900484425,-0.0376,0.0334,-0.0361,0.0319,Calculado
2026-02-27,LFT,2026-02-27,210100,2000-07-01,2027-09-01,0.0196,0.0183,0.0189,18473.468874,0.00012649110641,-0.0444,0.042,-0.0434,0.0402,Calculado
2026-02-27,LFT,2026-02-27,210100,2000-07-01,2028-03-01,0.036,0.0348,0.0351,18465.800206,0.00047534815662,-0.0266,0.0595,-0.0258,0.0574,Calculado
2026-02-27,LFT,2026-02-27,210100,2000-07-01,2028-09-01,0.0492,0.0475,0.0486,18456.283667,0.00034181607627,0.0206,0.0575,0.0202,0.0562,Calculado
2026-02-27,LFT,2026-02-27,210100,2000-07-01,2029-03-01,0.0621,0.0602,0.0609,18445.251873,0.00050380901143,0.0516,0.0698,0.0504,0.0692,Calculado
2026-02-27,LFT,2026-02-27,210100,2000-07-01,2029-09-01,0.078,0.076,0.0767,18429.360177,0.00045406658102,0.0663,0.0953,0.0657,0.094,Calculado
2026-02-27,LFT,2026-02-27,210100,2000-07-01,2030-03-01,0.0879,0.086,0.0867,18415.20548,0.00040890814372,0.0757,0.1137,0.0748,0.1129,Calculado
2026-02-27,LFT,2026-02-27,210100,2000-07-01,2030-06-01,0.0939,0.0916,0.0923,18406.927015,0.00037120629036,0.0796,0.119,0.079,0.1181,Calculado
2026-02-27,LFT,2026-02-27,210100,2000-07-01,2030-09-01,0.0986,0.0964,0.0971,18398.667028,0.00048378105585,0.0843,0.121,0.0837,0.1201,Calculado
2026-02-27,LFT,2026-02-27,210100,2000-07-01,2030-12-01,0.1001,0.0964,0.098,18393.437551,0.00046872792748,0.0851,0.124,0.0848,0.1232,Calculado
2026-02-27,LFT,2026-02-27,210100,2000-07-01,2031-03-01,0.1005,0.099,0.0996,18387.616756,0.00038815171003,0.0872,0.1227,0.0867,0.1223,Calculado
2026-02-27,LFT,2026-02-27,210100,2000-07-01,2031-06-01,0.1035,0.1002,0.1018,18381.001375,0.00015798205594,0.0895,0.1183,0.0894,0.1178,Calculado
2026-02-27,LFT,2026-02-27,210100,2000-07-01,2031-09-01,0.1044,0.1007,0.1026,18375.45776,0.00018883678137,0.0891,0.1134,0.089,0.1132,Calculado
2026-02-27,LFT,2026-02-27,210100,2000-07-01,2031-12-01,0.1054,0.1022,0.1037,18369.507613,0.00031992644467,0.079,0.1147,0.0791,0.1146,Calculado
2026-02-27,LFT,2026-02-27,210100,2000-07-01,2032-03-01,0.1068,0.105,0.1059,18362.504179,0.0001641717698,0.0651,0.1168,0.0657,0.1166,Calculado
2026-02-27,NTN-B,2026-02-27,760199,2000-07-15,2026-08-15,9.8916,9.8621,9.875,4541.586881,0.00602189474833,9.6733,10.6788,9.4542,10.4681,Calculado
2026-02-27,NTN-B,2026-02-27,760199,2000-07-15,2027-05-15,8.0992,8.0738,8.087,4585.347576,0.00359010987019,7.8093,8.3373,7.7951,8.3237,Calculado
2026-02-27,NTN-B,2026-02-27,760199,2000-07-15,2028-08-15,7.764,7.7393,7.7498,4450.581594,0.00283913132137,7.4041,8.0787,7.4037,8.078,Calculado
2026-02-27,NTN-B,2026-02-27,760199,2000-07-15,2029-05-15,7.574,7.5478,7.559,4500.452934,0.00186189867071,7.2225,7.8789,7.2135,7.8702,Calculado
2026-02-27,NTN-B,2026-02-27,760199,2000-07-15,2030-08-15,7.5678,7.5361,7.55,4370.221547,0,7.2361,7.7743,7.236,7.7745,Calculado
2026-02-27,NTN-B,2026-02-27,760199,2000-07-15,2031-05-15,7.5207,7.4915,7.5077,4412.69191,0.00399072453948,7.1874,7.6935,7.2133,7.7194,Calculado
2026-02-27,NTN-B,2026-02-27,760199,2000-07-15,2032-08-15,7.4782,7.4536,7.4648,4296.930678,0.00454671013921,7.1763,7.6521,7.2014,7.6772,Calculado
2026-02-27,NTN-B,2026-02-27,760199,2000-07-15,2033-05-15,7.4725,7.4423,7.4589,4338.391817,0.00173319310234,7.1769,7.6358,7.2115,7.6704,Calculado
2026-02-27,NTN-B,2026-02-27,760199,2000-07-15,2035-05-15,7.3593,7.329,7.3427,4303.041322,0.00527225996514,7.0677,7.4883,7.1303,7.5509,Calculado
2026-02-27,NTN-B,2026-02-27,760199,2000-07-15,2037-05-15,7.3251,7.2942,7.3057,4259.142377,0.00600555298536,7.0728,7.4648,7.1187,7.5108,Calculado
2026-02-27,NTN-B,2026-02-27,760199,2000-07-15,2040-08-15,7.1615,7.1366,7.1467,4174.367551,0.00903550825078,6.9528,7.2959,6.9875,7.3305,Calculado
2026-02-27,NTN-B,2026-02-27,760199,2000-07-15,2045-05-15,7.0502,7.0123,7.0372,4218.206588,0.0074888110979,6.8436,7.1727,6.8899,7.2189,Calculado
2026-02-27,NTN-B,2026-02-27,760199,2000-07-15,2050-08-15,7.0014,6.9736,6.9857,4121.758864,0.00848252417444,6.8144,7.1307,6.8501,7.1665,Calculado
2026-02-27,NTN-B,2026-02-27,760199,2000-07-15,2055-05-15,6.9805,6.9391,6.9598,4170.911304,0.01045652654374,6.8005,7.1106,6.8303,7.1403,Calculado
2026-02-27,NTN-B,2026-02-27,760199,2000-07-15,2060-08-15,6.9985,6.9586,6.9792,4066.597162,0.00175119006678,6.8218,7.1323,6.8494,7.1597,Calculado
2026-02-27,NTN-F,2026-02-27,950199,2016-01-15,2027-01-01,13.2291,13.1998,13.2141,992.121448,0.00405996715873,12.8189,13.4998,12.9207,13.5994,Calculado
2026-02-27,NTN-F,2026-02-27,950199,2018-01-05,2029-01-01,12.7497,12.7277,12.7381,956.942109,0.00506372310262,12.1499,13.1724,12.2566,13.279,Calculado
2026-02-27,NTN-F,2026-02-27,950199,2020-01-10,2031-01-01,13.2283,13.2177,13.2229,910.924272,0.00143698519825,12.7132,13.6928,12.7836,13.7634,Calculado
2026-02-27,NTN-F,2026-02-27,950199,2022-01-07,2033-01-01,13.4307,13.4199,13.4252,874.505156,0.00046970734506,12.948,13.9217,12.9803,13.9544,Calculado
2026-02-27,NTN-F,2026-02-27,950199,2024-01-05,2035-01-01,13.4385,13.4269,13.433,851.538907,0,12.9679,13.932,12.9904,13.9552,Calculado
2026-02-27,NTN-F,2026-02-27,950199,2026-01-09,2037-01-01,13.5469,13.5384,13.543,828.416187,0.00056002231206,13.0801,14.0385,13.1036,14.063,Calculado
2026-02-26,LTN,2026-02-26,100000,2024-01-05,2026-04-01,14.5548,14.538,14.5469,987.148611,0.00337250789621,14.4642,14.7705,14.4794,14.7926,Calculado
2026-02-26,LTN,2026-02-26,100000,2023-01-06,2026-07-01,14.0625,14.0471,14.054,956.613555,0.00131708233228,14.0202,14.3153,13.9885,14.285,Calculado
2026-02-26,LTN,2026-02-26,100000,2024-07-05,2026-10-01,13.5369,13.52,13.53,927.248306,0,13.3876,13.8852,13.3496,13.8435,Calculado
2026-02-26,LTN,2026-02-26,100000,2025-01-10,2027-04-01,12.8836,12.8688,12.8754,877.45762,0.00200373460568,12.5504,13.3188,12.4907,13.2585,Calculado
2026-02-26,LTN,2026-02-26,100000,2023-07-07,2027-07-01,12.663,12.6491,12.6557,853.495316,0.0011253888217,12.2911,13.1175,12.227,13.0523,Calculado
2026-02-26,LTN,2026-02-26,100000,2025-07-04,2027-10-01,12.5918,12.5782,12.5841,828.495931,0.00306859088019,12.1867,13.0812,12.129,13.0225,Calculado
2026-02-26,LTN,2026-02-26,100000,2024-01-05,2028-01-01,12.4955,12.4803,12.4877,805.572504,0.00270514216077,12.0738,13.0225,12.0195,12.9675,Calculado
2026-02-26,LTN,2026-02-26,100000,2026-01-09,2028-04-01,12.5165,12.5023,12.5097,781.899798,0.00145793971755,12.0806,13.0687,12.0352,13.0226,Calculado
2026-02-26,LTN,2026-02-26,100000,2024-07-05,2028-07-01,12.5214,12.5074,12.5123,759.865106,0.00258236382603,12.0768,13.1007,12.027,13.0504,Calculado
2026-02-26,LTN,2026-02-26,100000,2022-02-11,2029-01-01,12.6228,12.6107,12.6166,715.167025,0.00020517122118,12.1671,13.2078,12.1252,13.1658,Calculado
2026-02-26,LTN,2026-02-26,100000,2025-07-04,2029-07-01,12.7698,12.7587,12.7642,671.631412,0.00053825112169,12.316,13.3514,12.2807,13.3162,Calculado
2026-02-26,LTN,2026-02-26,100000,2024-01-05,2030-01-01,12.8793,12.8683,12.8725,630.469689,0.0002773500676,12.4479,13.4662,12.4054,13.4239,Calculado
2026-02-26,LTN,2026-02-26,100000,2025-01-10,2032-01-01,13.2649,13.254,13.259,485.135694,0,12.8284,13.834,12.7973,13.8029,Calculado
2026-02-26,NTN-C,2026-02-26,770100,2000-07-01,2031-01-01,8.0237,7.868,7.9423,7554.084479,0.04389433115654,7.4693,8.3835,7.5092,8.4236,Calculado
2026-02-26,LFT,2026-02-26,210100,2000-07-01,2026-03-01,0.1426,0.1195,0.1332,18468.331788,0.01207939213206,-0.013,0.1731,-0.0042,0.1894,Calculado
2026-02-26,LFT,2026-02-26,210100,2000-07-01,2026-09-01,-0.0435,-0.065,-0.0554,18473.761537,0.00449899407646,-0.0841,0.1247,-0.0885,0.1344,Calculado
2026-02-26,LFT,2026-02-26,210100,2000-07-01,2027-03-01,0.0113,0.009,0.01,18466.688088,0.0004869539814,-0.034,0.0336,-0.0376,0.0334,Calculado
2026-02-26,LFT,2026-02-26,210100,2000-07-01,2027-09-01,0.021,0.019,0.02,18462.975912,0,-0.0391,0.0442,-0.0444,0.042,Calculado
2026-02-26,LFT,2026-02-26,210100,2000-07-01,2028-03-01,0.0374,0.0354,0.0365,18455.07138,0.00048645038802,-0.0211,0.0613,-0.0266,0.0595,Calculado
2026-02-26,LFT,2026-02-26,210100,2000-07-01,2028-09-01,0.0507,0.0493,0.05,18445.430804,0,0.025,0.0584,0.0206,0.0575,Calculado
2026-02-26,LFT,2026-02-26,210100,2000-07-01,2029-03-01,0.0622,0.0607,0.0616,18434.663648,0.00035521325989,0.0535,0.0712,0.0516,0.0698,Calculado
2026-02-26,LFT,2026-02-26,210100,2000-07-01,2029-09-01,0.0778,0.0762,0.0772,18418.817645,0.00024793261181,0.0673,0.0954,0.0663,0.0953,Calculado
2026-02-26,LFT,2026-02-26,210100,2000-07-01,2030-03-01,0.0881,0.0864,0.0875,18404.412188,0.00057203339937,0.0768,0.1123,0.0757,0.1137,Calculado
2026-02-26,LFT,2026-02-26,210100,2000-07-01,2030-06-01,0.0942,0.0915,0.0929,18396.267564,0.00010954446586,0.0801,0.1179,0.0796,0.119,Calculado
2026-02-26,LFT,2026-02-26,210100,2000-07-01,2030-09-01,0.0992,0.0963,0.0976,18388.049066,0.00034683441294,0.0848,0.1198,0.0843,0.121,Calculado
2026-02-26,LFT,2026-02-26,210100,2000-07-01,2030-12-01,0.0995,0.0967,0.0983,18382.970219,0.00045503716332,0.0855,0.123,0.0851,0.124,Calculado
2026-02-26,LFT,2026-02-26,210100,2000-07-01,2031-03-01,0.1017,0.0986,0.1001,18376.949477,0.00032398658923,0.0877,0.122,0.0872,0.1227,Calculado
2026-02-26,LFT,2026-02-26,210100,2000-07-01,2031-06-01,0.1032,0.1,0.1019,18370.707112,0.00035188566325,0.0898,0.1185,0.0895,0.1183,Calculado
2026-02-26,LFT,2026-02-26,210100,2000-07-01,2031-09-01,0.104,0.1019,0.1028,18365.05574,0.00026578378431,0.0901,0.1138,0.0891,0.1134,Calculado
2026-02-26,LFT,2026-02-26,210100,2000-07-01,2031-12-01,0.105,0.1024,0.1038,18359.219683,0.00040748710409,0.0813,0.115,0.079,0.1147,Calculado
2026-02-26,LFT,2026-02-26,210100,2000-07-01,2032-03-01,0.1067,0.105,0.1061,18352.090829,0.00040146788165,0.0678,0.1181,0.0651,0.1168,Calculado
2026-02-26,NTN-B,2026-02-26,760199,2000-07-15,2026-08-15,10.1037,10.0791,10.09,4534.603054,0.00026726123924,9.6279,10.625,9.6733,10.6788,Calculado
2026-02-26,NTN-B,2026-02-26,760199,2000-07-15,2027-05-15,8.1129,8.0905,8.1012,4582.093865,0.00168662558679,7.8076,8.3359,7.8093,8.3373,Calculado
2026-02-26,NTN-B,2026-02-26,760199,2000-07-15,2028-08-15,7.763,7.7378,7.7502,4448.117071,0.0005977387891,7.4202,8.0949,7.4041,8.0787,Calculado
2026-02-26,NTN-B,2026-02-26,760199,2000-07-15,2029-05-15,7.5806,7.5557,7.568,4496.939357,0.004288581129,7.2717,7.9277,7.2225,7.8789,Calculado
2026-02-26,NTN-B,2026-02-26,760199,2000-07-15,2030-08-15,7.5657,7.5424,7.55,4367.869211,0,7.3052,7.8431,7.2361,7.7743,Calculado
2026-02-26,NTN-B,2026-02-26,760199,2000-07-15,2031-05-15,7.4993,7.4681,7.4817,4415.042126,0.00402753679437,7.2782,7.7841,7.1874,7.6935,Calculado
2026-02-26,NTN-B,2026-02-26,760199,2000-07-15,2032-08-15,7.45,7.4277,7.4396,4300.051522,0.00073123585798,7.2599,7.7355,7.1763,7.6521,Calculado
2026-02-26,NTN-B,2026-02-26,760199,2000-07-15,2033-05-15,7.4372,7.4128,7.4242,4344.169877,0.00414803192129,7.2527,7.7115,7.1769,7.6358,Calculado
2026-02-26,NTN-B,2026-02-26,760199,2000-07-15,2035-05-15,7.296,7.27,7.28,4318.282133,0,7.1411,7.5616,7.0677,7.4883,Calculado
2026-02-26,NTN-B,2026-02-26,760199,2000-07-15,2037-05-15,7.2726,7.2417,7.2597,4271.500828,0.00065748890485,7.144,7.536,7.0728,7.4648,Calculado
2026-02-26,NTN-B,2026-02-26,760199,2000-07-15,2040-08-15,7.123,7.0987,7.112,4185.148454,0.00446691541447,7.0319,7.375,6.9528,7.2959,Calculado
2026-02-26,NTN-B,2026-02-26,760199,2000-07-15,2045-05-15,7.0064,6.9762,6.9909,4236.182186,0.00762180455995,6.9279,7.257,6.8436,7.1727,Calculado
2026-02-26,NTN-B,2026-02-26,760199,2000-07-15,2050-08-15,6.9667,6.9386,6.9499,4136.869815,0.0002886751115,6.8943,7.2109,6.8144,7.1307,Calculado
2026-02-26,NTN-B,2026-02-26,760199,2000-07-15,2055-05-15,6.9484,6.9133,6.93,4183.969016,0,6.8807,7.1908,6.8005,7.1106,Calculado
2026-02-26,NTN-B,2026-02-26,760199,2000-07-15,2060-08-15,6.9664,6.9414,6.9517,4079.017456,0.00335432861539,6.9074,7.2178,6.8218,7.1323,Calculado
2026-02-26,NTN-F,2026-02-26,950199,2016-01-15,2027-01-01,13.1266,13.0992,13.1137,992.35242,0.00429526262759,12.8697,13.5524,12.8189,13.4998,Calculado
2026-02-26,NTN-F,2026-02-26,950199,2018-01-05,2029-01-01,12.6528,12.623,12.6315,958.737526,0.00648178947205,12.1916,13.2142,12.1499,13.1724,Calculado
2026-02-26,NTN-F,2026-02-26,950199,2020-01-10,2031-01-01,13.1577,13.1474,13.1525,912.644925,0,12.7474,13.7272,12.7132,13.6928,Calculado
2026-02-26,NTN-F,2026-02-26,950199,2022-01-07,2033-01-01,13.3984,13.3878,13.3928,875.288668,0.00077299180461,12.9681,13.942,12.948,13.9217,Calculado
2026-02-26,NTN-F,2026-02-26,950199,2024-01-05,2035-01-01,13.4177,13.4039,13.4102,852.089124,0.00115484910703,12.9791,13.9435,12.9679,13.932,Calculado
2026-02-26,NTN-F,2026-02-26,950199,2026-01-09,2037-01-01,13.5237,13.5127,13.5191,829.100137,0.00111803398875,13.0907,14.0494,13.0801,14.0385,Calculado
2026-03-04,LTN,2026-03-04,100000,2024-01-05,2026-04-01,14.5788,14.559,14.5689,989.263904,0.00615458839647,14.5454,14.8798,14.4917,14.8336,Calculado
2026-03-04,LTN,2026-03-04,100000,2023-01-06,2026-07-01,14.1185,14.1053,14.1122,958.45523,0.00288422433073,14.1056,14.4066,14.0474,14.3499,Calculado
2026-03-04,LTN,2026-03-04,100000,2024-07-05,2026-10-01,13.6898,13.6767,13.6836,928.390375,0.00111803398875,13.5639,14.0466,13.5108,13.9897,Calculado
2026-03-04,LTN,2026-03-04,100000,2025-01-10,2027-04-01,13.1213,13.1077,13.115,877.165803,0,12.8014,13.5673,12.7333,13.4985,Calculado
2026-03-04,LTN,2026-03-04,100000,2023-07-07,2027-07-01,12.9342,12.9209,12.9276,852.407946,0.00020913215917,12.5744,13.3965,12.5006,13.3216,Calculado
2026-03-04,LTN,2026-03-04,100000,2025-07-04,2027-10-01,12.8722,12.8617,12.867,826.789101,0,12.4995,13.3899,12.4128,13.3022,Calculado
2026-03-04,LTN,2026-03-04,100000,2024-01-05,2028-01-01,12.7904,12.7758,12.7839,803.222054,0.00147732866688,12.406,13.3518,12.3161,13.2612,Calculado
2026-03-04,LTN,2026-03-04,100000,2026-01-09,2028-04-01,12.8108,12.7971,12.804,779.136474,0,12.423,13.4082,12.3303,13.3149,Calculado
2026-03-04,LTN,2026-03-04,100000,2024-07-05,2028-07-01,12.821,12.8085,12.8144,756.580349,0.00150884889568,12.4271,13.449,12.3296,13.351,Calculado
2026-03-04,LTN,2026-03-04,100000,2022-02-11,2029-01-01,12.9238,12.913,12.918,711.164345,0,12.5165,13.5571,12.4266,13.4671,Calculado
2026-03-04,LTN,2026-03-04,100000,2025-07-04,2029-07-01,13.0596,13.0482,13.0541,667.239926,0.00162147052394,12.663,13.6987,12.5703,13.6062,Calculado
2026-03-04,LTN,2026-03-04,100000,2024-01-05,2030-01-01,13.1577,13.148,13.153,625.762682,0,12.7816,13.8005,12.6854,13.7046,Calculado
2026-03-04,LTN,2026-03-04,100000,2025-01-10,2032-01-01,13.4832,13.4726,13.478,480.685412,0,13.1215,14.1271,13.0165,14.022,Calculado
2026-03-04,NTN-C,2026-03-04,770100,2000-07-01,2031-01-01,7.9879,7.8984,7.9466,7555.622315,0.01932389424728,7.3107,8.2495,7.4332,8.3803,Calculado
2026-03-04,LFT,2026-03-04,210100,2000-07-01,2026-09-01,-0.0359,-0.0591,-0.0484,18513.738417,0.00744203153178,-0.0897,-0.0043,-0.0876,0.0045,Calculado
2026-03-04,LFT,2026-03-04,210100,2000-07-01,2027-03-01,0.0063,0.0049,0.0056,18508.278174,0.00035157208365,-0.0503,0.0284,-0.0511,0.0325,Calculado
2026-03-04,LFT,2026-03-04,210100,2000-07-01,2027-09-01,0.0174,0.0154,0.0169,18504.631843,0.00005546990175,-0.0057,0.0444,-0.0101,0.0482,Calculado
2026-03-04,LFT,2026-03-04,210100,2000-07-01,2028-03-01,0.0338,0.0314,0.0326,18497.33918,0.0002042407403,0.0114,0.07,0.0071,0.0723,Calculado
2026-03-04,LFT,2026-03-04,210100,2000-07-01,2028-09-01,0.0465,0.0449,0.046,18488.121551,0.00046248122124,0.0386,0.073,0.038,0.0716,Calculado
2026-03-04,LFT,2026-03-04,210100,2000-07-01,2029-03-01,0.0591,0.0576,0.0586,18477.164047,0.00029778592982,0.0498,0.0795,0.0492,0.0787,Calculado
2026-03-04,LFT,2026-03-04,210100,2000-07-01,2029-09-01,0.0755,0.0738,0.0748,18461.246053,0.00031164750922,0.0642,0.0854,0.0638,0.0852,Calculado
2026-03-04,LFT,2026-03-04,210100,2000-07-01,2030-03-01,0.086,0.0839,0.085,18447.10495,0,0.0703,0.0951,0.0703,0.0951,Calculado
2026-03-04,LFT,2026-03-04,210100,2000-07-01,2030-06-01,0.0929,0.0902,0.0915,18438.220488,0,0.0694,0.1023,0.0698,0.1021,Calculado
2026-03-04,LFT,2026-03-04,210100,2000-07-01,2030-09-01,0.0977,0.0958,0.0966,18429.74323,0.00022393537014,0.0717,0.1069,0.0721,0.1068,Calculado
2026-03-04,LFT,2026-03-04,210100,2000-07-01,2030-12-01,0.0993,0.096,0.0975,18424.523609,0.00007595538164,0.0781,0.108,0.0787,0.1078,Calculado
2026-03-04,LFT,2026-03-04,210100,2000-07-01,2031-03-01,0.1007,0.0976,0.099,18418.804236,0,0.0834,0.1093,0.0838,0.1093,Calculado
2026-03-04,LFT,2026-03-04,210100,2000-07-01,2031-06-01,0.103,0.1,0.1013,18412.122381,0.00014373353819,0.0875,0.1117,0.0878,0.1115,Calculado
2026-03-04,LFT,2026-03-04,210100,2000-07-01,2031-09-01,0.104,0.1006,0.1022,18406.477045,0.00020579827502,0.0899,0.1159,0.0899,0.1157,Calculado
2026-03-04,LFT,2026-03-04,210100,2000-07-01,2031-12-01,0.1049,0.102,0.1032,18400.665126,0.00034799846264,0.0902,0.1211,0.0904,0.1204,Calculado
2026-03-04,LFT,2026-03-04,210100,2000-07-01,2032-03-01,0.1078,0.1065,0.1072,18391.688118,0.00023044428828,0.0939,0.1223,0.0937,0.1215,Calculado
2026-03-04,NTN-B,2026-03-04,760199,2000-07-15,2026-08-15,10.1362,10.1087,10.1249,4550.185419,0.00549198550162,9.6499,10.681,9.6955,10.7353,Calculado
2026-03-04,NTN-B,2026-03-04,760199,2000-07-15,2027-05-15,8.1653,8.1392,8.1527,4594.661968,0.00369980694361,7.8688,8.4006,7.8619,8.3954,Calculado
2026-03-04,NTN-B,2026-03-04,760199,2000-07-15,2028-08-15,7.8755,7.8477,7.8625,4451.860578,0.00359861084309,7.533,8.2068,7.5165,8.19,Calculado
2026-03-04,NTN-B,2026-03-04,760199,2000-07-15,2029-05-15,7.6781,7.6466,7.6617,4500.099674,0.00283937436243,7.3244,7.9819,7.316,7.9739,Calculado
2026-03-04,NTN-B,2026-03-04,760199,2000-07-15,2030-08-15,7.685,7.656,7.67,4362.787449,0,7.3606,7.8998,7.3556,7.8951,Calculado
2026-03-04,NTN-B,2026-03-04,760199,2000-07-15,2031-05-15,7.6352,7.6052,7.62,4404.147776,0,7.3181,7.8244,7.3253,7.8317,Calculado
2026-03-04,NTN-B,2026-03-04,760199,2000-07-15,2032-08-15,7.6033,7.5748,7.59,4281.544113,0,7.3164,7.7924,7.3263,7.8024,Calculado
2026-03-04,NTN-B,2026-03-04,760199,2000-07-15,2033-05-15,7.5771,7.55,7.5602,4326.385374,0.00082499999394,7.2996,7.7587,7.3125,7.7717,Calculado
2026-03-04,NTN-B,2026-03-04,760199,2000-07-15,2035-05-15,7.46,7.4332,7.4483,4285.098913,0.00224791115705,7.2092,7.6301,7.2357,7.6566,Calculado
2026-03-04,NTN-B,2026-03-04,760199,2000-07-15,2037-05-15,7.4101,7.3809,7.3953,4242.090451,0.00470470089485,7.1952,7.5875,7.2081,7.6004,Calculado
2026-03-04,NTN-B,2026-03-04,760199,2000-07-15,2040-08-15,7.2635,7.2353,7.25,4146.988012,0,7.0631,7.4064,7.0905,7.4339,Calculado
2026-03-04,NTN-B,2026-03-04,760199,2000-07-15,2045-05-15,7.1444,7.1144,7.1286,4189.765643,0.00211437655587,6.9681,7.2974,6.9812,7.3105,Calculado
2026-03-04,NTN-B,2026-03-04,760199,2000-07-15,2050-08-15,7.0774,7.0516,7.0626,4095.757344,0.00211785129554,6.9083,7.2252,6.9267,7.2436,Calculado
2026-03-04,NTN-B,2026-03-04,760199,2000-07-15,2055-05-15,7.057,7.0301,7.0438,4139.292101,0.00581295761037,6.8911,7.2015,6.9142,7.2246,Calculado
2026-03-04,NTN-B,2026-03-04,760199,2000-07-15,2060-08-15,7.0676,7.0433,7.0555,4037.27396,0.0033611930977,6.9066,7.2175,6.9255,7.2363,Calculado
2026-03-04,NTN-F,2026-03-04,950199,2016-01-15,2027-01-01,13.3278,13.3011,13.317,992.865086,0.00317170393795,13.0883,13.7615,13.0283,13.6988,Calculado
2026-03-04,NTN-F,2026-03-04,950199,2018-01-05,2029-01-01,12.9356,12.9067,12.9209,954.48505,0.00405907661051,12.5328,13.5549,12.4394,13.4615,Calculado
2026-03-04,NTN-F,2026-03-04,950199,2020-01-10,2031-01-01,13.3973,13.386,13.392,907.102018,0,13.056,14.0354,12.953,13.9325,Calculado
2026-03-04,NTN-F,2026-03-04,950199,2022-01-07,2033-01-01,13.5752,13.5646,13.5703,870.388087,0.00105697959772,13.2294,14.2034,13.1254,14.0996,Calculado
2026-03-04,NTN-F,2026-03-04,950199,2024-01-05,2035-01-01,13.57,13.5527,13.5606,847.389959,0.00213943138474,13.2179,14.1827,13.1179,14.083,Calculado
2026-03-04,NTN-F,2026-03-04,950199,2026-01-09,2037-01-01,13.6594,13.6475,13.653,824.632038,0.0009286939862,13.3147,14.2744,13.2133,14.1733,Calculado
2026-03-03,LTN,2026-03-03,100000,2024-01-05,2026-04-01,14.6323,14.6095,14.6205,988.693035,0.01183274646394,14.5635,14.8907,14.5454,14.8798,Calculado
2026-03-03,LTN,2026-03-03,100000,2023-01-06,2026-07-01,14.1786,14.1623,14.1711,957.792429,0.00479753476902,14.0276,14.3271,14.1056,14.4066,Calculado
2026-03-03,LTN,2026-03-03,100000,2024-07-05,2026-10-01,13.7479,13.7285,13.739,927.654338,0,13.4304,13.9169,13.5639,14.0466,Calculado
2026-03-03,LTN,2026-03-03,100000,2025-01-10,2027-04-01,13.1912,13.1766,13.1841,876.165597,0.00179221263526,12.6417,13.4082,12.8014,13.5673,Calculado
2026-03-03,LTN,2026-03-03,100000,2023-07-07,2027-07-01,13.0098,12.9936,13.002,851.25785,0.0008268473015,12.414,13.2372,12.5744,13.3965,Calculado
2026-03-03,LTN,2026-03-03,100000,2025-07-04,2027-10-01,12.9588,12.9476,12.954,825.389545,0,12.3254,13.2169,12.4995,13.3899,Calculado
2026-03-03,LTN,2026-03-03,100000,2024-01-05,2028-01-01,12.8812,12.8658,12.874,801.669264,0.00185574545668,12.2255,13.1721,12.406,13.3518,Calculado
2026-03-03,LTN,2026-03-03,100000,2026-01-09,2028-04-01,12.906,12.8901,12.8969,777.434679,0.00174450584407,12.2393,13.2253,12.423,13.4082,Calculado
2026-03-03,LTN,2026-03-03,100000,2024-07-05,2028-07-01,12.9175,12.9046,12.912,754.70445,0,12.231,13.2534,12.4271,13.449,Calculado
2026-03-03,LTN,2026-03-03,100000,2022-02-11,2029-01-01,13.014,13.0032,13.008,709.232239,0.00105621409761,12.3172,13.3578,12.5165,13.5571,Calculado
2026-03-03,LTN,2026-03-03,100000,2025-07-04,2029-07-01,13.1526,13.1421,13.1467,665.114798,0.0010006982812,12.4603,13.4959,12.663,13.6987,Calculado
2026-03-03,LTN,2026-03-03,100000,2024-01-05,2030-01-01,13.2545,13.2436,13.249,623.444826,0,12.5815,13.6003,12.7816,13.8005,Calculado
2026-03-03,LTN,2026-03-03,100000,2025-01-10,2032-01-01,13.5887,13.5778,13.5831,477.872607,0.00021926447501,12.9355,13.9411,13.1215,14.1271,Calculado
2026-03-03,NTN-C,2026-03-03,770100,2000-07-01,2031-01-01,8.0482,7.9007,7.9397,7555.344113,0.02550974541425,7.4341,8.3639,7.3107,8.2495,Calculado
2026-03-03,LFT,2026-03-03,210100,2000-07-01,2026-09-01,-0.0504,-0.0683,-0.0548,18504.166201,0.00603511781575,-0.0939,-0.0025,-0.0897,-0.0043,Calculado
2026-03-03,LFT,2026-03-03,210100,2000-07-01,2027-03-01,0.0063,0.0048,0.0057,18498.061499,0.00022864971026,-0.0491,0.0288,-0.0503,0.0284,Calculado
2026-03-03,LFT,2026-03-03,210100,2000-07-01,2027-09-01,0.018,0.0163,0.0172,18494.34318,0.00012649110641,-0.0054,0.0446,-0.0057,0.0444,Calculado
2026-03-03,LFT,2026-03-03,210100,2000-07-01,2028-03-01,0.0334,0.0321,0.0328,18487.054536,0.00024037006885,0.0118,0.0699,0.0114,0.07,Calculado
2026-03-03,LFT,2026-03-03,210100,2000-07-01,2028-09-01,0.0472,0.0459,0.0465,18477.675494,0,0.0388,0.0733,0.0386,0.073,Calculado
2026-03-03,LFT,2026-03-03,210100,2000-07-01,2029-03-01,0.0596,0.0577,0.0591,18466.668531,0.00060741037199,0.0508,0.0794,0.0498,0.0795,Calculado
2026-03-03,LFT,2026-03-03,210100,2000-07-01,2029-09-01,0.0756,0.0738,0.0751,18450.814804,0.00038563002995,0.0647,0.0859,0.0642,0.0854,Calculado
2026-03-03,LFT,2026-03-03,210100,2000-07-01,2030-03-01,0.0866,0.084,0.0851,18436.810987,0.00029219875085,0.0707,0.0957,0.0703,0.0951,Calculado
2026-03-03,LFT,2026-03-03,210100,2000-07-01,2030-06-01,0.093,0.0903,0.0916,18427.912922,0.00032145502018,0.0703,0.1024,0.0694,0.1023,Calculado
2026-03-03,LFT,2026-03-03,210100,2000-07-01,2030-09-01,0.0976,0.0953,0.0966,18419.514331,0.00025819887684,0.0724,0.107,0.0717,0.1069,Calculado
2026-03-03,LFT,2026-03-03,210100,2000-07-01,2030-12-01,0.0993,0.096,0.0977,18414.112595,0.00037252103296,0.0786,0.1081,0.0781,0.108,Calculado
2026-03-03,LFT,2026-03-03,210100,2000-07-01,2031-03-01,0.1005,0.0976,0.099,18408.581365,0.00018451046041,0.0834,0.1096,0.0834,0.1093,Calculado
2026-03-03,LFT,2026-03-03,210100,2000-07-01,2031-06-01,0.1028,0.0996,0.1014,18401.810695,0.00033514213403,0.0873,0.1117,0.0875,0.1117,Calculado
2026-03-03,LFT,2026-03-03,210100,2000-07-01,2031-09-01,0.1036,0.1006,0.1022,18396.260966,0.00022698118865,0.0898,0.1152,0.0899,0.1159,Calculado
2026-03-03,LFT,2026-03-03,210100,2000-07-01,2031-12-01,0.1043,0.1016,0.1031,18390.544745,0.00039444673912,0.0904,0.1196,0.0902,0.1211,Calculado
2026-03-03,LFT,2026-03-03,210100,2000-07-01,2032-03-01,0.1078,0.1069,0.1075,18381.165702,0.00006291526047,0.0922,0.1221,0.0939,0.1223,Calculado
2026-03-03,NTN-B,2026-03-03,760199,2000-07-15,2026-08-15,10.0922,10.0599,10.0769,4547.737705,0.00369596582641,9.6062,10.6287,9.6499,10.681,Calculado
2026-03-03,NTN-B,2026-03-03,760199,2000-07-15,2027-05-15,8.1728,8.1464,8.16,4591.247805,0,7.8082,8.3384,7.8688,8.4006,Calculado
2026-03-03,NTN-B,2026-03-03,760199,2000-07-15,2028-08-15,7.8909,7.8648,7.879,4447.384806,0.00156715184331,7.414,8.088,7.533,8.2068,Calculado
2026-03-03,NTN-B,2026-03-03,760199,2000-07-15,2029-05-15,7.6857,7.6578,7.67,4496.188296,0,7.2044,7.8615,7.3244,7.9819,Calculado
2026-03-03,NTN-B,2026-03-03,760199,2000-07-15,2030-08-15,7.6924,7.6633,7.6748,4359.197013,0.00704610941513,7.2458,7.7847,7.3606,7.8998,Calculado
2026-03-03,NTN-B,2026-03-03,760199,2000-07-15,2031-05-15,7.6284,7.5982,7.6127,4402.619429,0.00558105085535,7.2319,7.7381,7.3181,7.8244,Calculado
2026-03-03,NTN-B,2026-03-03,760199,2000-07-15,2032-08-15,7.5923,7.5676,7.58,4280.917599,0,7.2179,7.6938,7.3164,7.7924,Calculado
2026-03-03,NTN-B,2026-03-03,760199,2000-07-15,2033-05-15,7.5632,7.5328,7.5472,4326.615203,0.0036745604812,7.2144,7.6734,7.2996,7.7587,Calculado
2026-03-03,NTN-B,2026-03-03,760199,2000-07-15,2035-05-15,7.441,7.4082,7.4218,4289.695305,0.00327045966494,7.1327,7.5534,7.2092,7.6301,Calculado
2026-03-03,NTN-B,2026-03-03,760199,2000-07-15,2037-05-15,7.399,7.3659,7.3824,4243.448517,0.00884605175036,7.1242,7.5163,7.1952,7.5875,Calculado
2026-03-03,NTN-B,2026-03-03,760199,2000-07-15,2040-08-15,7.2384,7.2091,7.2225,4154.522327,0.00792586182759,6.9919,7.335,7.0631,7.4064,Calculado
2026-03-03,NTN-B,2026-03-03,760199,2000-07-15,2045-05-15,7.1319,7.1043,7.1155,4192.757496,0.00357950631931,6.9019,7.231,6.9681,7.2974,Calculado
2026-03-03,NTN-B,2026-03-03,760199,2000-07-15,2050-08-15,7.0616,7.0315,7.0442,4101.939161,0.00440681290617,6.8444,7.1608,6.9083,7.2252,Calculado
2026-03-03,NTN-B,2026-03-03,760199,2000-07-15,2055-05-15,7.0369,7.0076,7.0207,4148.310554,0.00170830343909,6.8291,7.1392,6.8911,7.2015,Calculado
2026-03-03,NTN-B,2026-03-03,760199,2000-07-15,2060-08-15,7.0518,7.0251,7.0366,4044.574869,0.0038684418181,6.8492,7.1597,6.9066,7.2175,Calculado
2026-03-03,NTN-F,2026-03-03,950199,2016-01-15,2027-01-01,13.3899,13.3637,13.3788,991.936874,0.004340853203,12.9401,13.6161,13.0883,13.7615,Calculado
2026-03-03,NTN-F,2026-03-03,950199,2018-01-05,2029-01-01,13.0268,12.9943,13.0143,952.077683,0.00525003890367,12.3348,13.357,12.5328,13.5549,Calculado
2026-03-03,NTN-F,2026-03-03,950199,2020-01-10,2031-01-01,13.5006,13.487,13.495,903.519316,0,12.8622,13.8417,13.056,14.0354,Calculado
2026-03-03,NTN-F,2026-03-03,950199,2022-01-07,2033-01-01,13.6824,13.6661,13.6742,866.089317,0.00045434409867,13.0556,14.0297,13.2294,14.2034,Calculado
2026-03-03,NTN-F,2026-03-03,950199,2024-01-05,2035-01-01,13.6671,13.6515,13.6605,842.747933,0.00167248493865,13.0631,14.0279,13.2179,14.1827,Calculado
2026-03-03,NTN-F,2026-03-03,950199,2026-01-09,2037-01-01,13.7627,13.7445,13.7543,819.615133,0.00244629070636,13.1634,14.1229,13.3147,14.2744,Calculado
2026-03-02,LTN,2026-03-02,100000,2024-01-05,2026-04-01,14.638,14.626,14.6359,988.146219,0.00015075563008,14.5731,14.8933,14.5635,14.8907,Calculado
2026-03-02,LTN,2026-03-02,100000,2023-01-06,2026-07-01,14.103,14.083,14.093,957.504635,0,14.0141,14.3122,14.0276,14.3271,Calculado
2026-03-02,LTN,2026-03-02,100000,2024-07-05,2026-10-01,13.6131,13.5997,13.6072,927.812144,0.00133415078983,13.4085,13.8987,13.4304,13.9169,Calculado
2026-03-02,LTN,2026-03-02,100000,2025-01-10,2027-04-01,13.0313,13.0186,13.025,877.05596,0,12.617,13.3842,12.6417,13.4082,Calculado
2026-03-02,LTN,2026-03-02,100000,2023-07-07,2027-07-01,12.8492,12.834,12.8419,852.440602,0.00201920921898,12.3757,13.2,12.414,13.2372,Calculado
2026-03-02,LTN,2026-03-02,100000,2025-07-04,2027-10-01,12.784,12.7732,12.7801,827.000652,0.00115347301659,12.2716,13.1641,12.3254,13.2169,Calculado
2026-03-02,LTN,2026-03-02,100000,2024-01-05,2028-01-01,12.699,12.687,12.6936,803.632181,0.00158113883008,12.1518,13.0992,12.2255,13.1721,Calculado
2026-03-02,LTN,2026-03-02,100000,2026-01-09,2028-04-01,12.7198,12.7078,12.7134,779.693395,0.00097575367281,12.1688,13.1555,12.2393,13.2253,Calculado
2026-03-02,LTN,2026-03-02,100000,2024-07-05,2028-07-01,12.7223,12.71,12.716,757.389388,0,12.1523,13.1753,12.231,13.2534,Calculado
2026-03-02,LTN,2026-03-02,100000,2022-02-11,2029-01-01,12.8149,12.8024,12.8086,712.419189,0.0003095695883,12.2342,13.2749,12.3172,13.3578,Calculado
2026-03-02,LTN,2026-03-02,100000,2025-07-04,2029-07-01,12.9497,12.9375,12.9439,668.742837,0.00072935473537,12.3785,13.4141,12.4603,13.4959,Calculado
2026-03-02,LTN,2026-03-02,100000,2024-01-05,2030-01-01,13.0542,13.0434,13.0488,627.342651,0.00060107541956,12.4994,13.518,12.5815,13.6003,Calculado
2026-03-02,LTN,2026-03-02,100000,2025-01-10,2032-01-01,13.4037,13.3915,13.3971,482.194254,0.00062182526485,12.8561,13.8617,12.9355,13.9411,Calculado
2026-03-02,NTN-C,2026-03-02,770100,2000-07-01,2031-01-01,8.0166,7.8736,7.9538,7549.460494,0.01150388823094,7.4498,8.3653,7.4341,8.3639,Calculado
2026-03-02,LFT,2026-03-02,210100,2000-07-01,2026-09-01,-0.0417,-0.0645,-0.0525,18493.785401,0.0015441728174,-0.0845,0.131,-0.0939,-0.0025,Calculado
2026-03-02,LFT,2026-03-02,210100,2000-07-01,2027-03-01,0.007,0.0054,0.0062,18487.758018,0.00040496912228,-0.0361,0.0319,-0.0491,0.0288,Calculado
2026-03-02,LFT,2026-03-02,210100,2000-07-01,2027-09-01,0.0181,0.0165,0.0173,18484.115704,0.00028394539968,-0.0434,0.0402,-0.0054,0.0446,Calculado
2026-03-02,LFT,2026-03-02,210100,2000-07-01,2028-03-01,0.0337,0.0325,0.0332,18476.701654,0.00022318046509,-0.0258,0.0574,0.0118,0.0699,Calculado
2026-03-02,LFT,2026-03-02,210100,2000-07-01,2028-09-01,0.0476,0.0462,0.0466,18467.401735,0.00027688745006,0.0202,0.0562,0.0388,0.0733,Calculado
2026-03-02,LFT,2026-03-02,210100,2000-07-01,2029-03-01,0.0612,0.0587,0.06,18455.957103,0,0.0504,0.0692,0.0508,0.0794,Calculado
2026-03-02,LFT,2026-03-02,210100,2000-07-01,2029-09-01,0.0765,0.0744,0.0756,18440.278512,0.0004627042576,0.0657,0.094,0.0647,0.0859,Calculado
2026-03-02,LFT,2026-03-02,210100,2000-07-01,2030-03-01,0.0874,0.0842,0.0858,18426.079034,0.00025166114122,0.0748,0.1129,0.0707,0.0957,Calculado
2026-03-02,LFT,2026-03-02,210100,2000-07-01,2030-06-01,0.0927,0.09,0.0917,18417.611115,0.00034423827504,0.079,0.1181,0.0703,0.1024,Calculado
2026-03-02,LFT,2026-03-02,210100,2000-07-01,2030-09-01,0.0982,0.0951,0.0967,18409.217153,0.00039279977088,0.0837,0.1201,0.0724,0.107,Calculado
2026-03-02,LFT,2026-03-02,210100,2000-07-01,2030-12-01,0.0992,0.096,0.0977,18403.910837,0.00035989415111,0.0848,0.1232,0.0786,0.1081,Calculado
2026-03-02,LFT,2026-03-02,210100,2000-07-01,2031-03-01,0.1011,0.0976,0.0992,18398.179277,0.00040737983504,0.0867,0.1223,0.0834,0.1096,Calculado
2026-03-02,LFT,2026-03-02,210100,2000-07-01,2031-06-01,0.1028,0.0995,0.1014,18391.597227,0.00048127433964,0.0894,0.1178,0.0873,0.1117,Calculado
2026-03-02,LFT,2026-03-02,210100,2000-07-01,2031-09-01,0.1038,0.1005,0.1022,18386.050556,0.00044342416488,0.089,0.1132,0.0898,0.1152,Calculado
2026-03-02,LFT,2026-03-02,210100,2000-07-01,2031-12-01,0.105,0.1018,0.1033,18380.134106,0.00055283360064,0.0791,0.1146,0.0904,0.1196,Calculado
2026-03-02,LFT,2026-03-02,210100,2000-07-01,2032-03-01,0.107,0.105,0.1058,18372.8125,0.00018309505728,0.0657,0.1166,0.0922,0.1221,Calculado
2026-03-02,NTN-B,2026-03-02,760199,2000-07-15,2026-08-15,10.0442,10.0128,10.0293,4545.295766,0.00124617748736,9.4542,10.4681,9.6062,10.6287,Calculado
2026-03-02,NTN-B,2026-03-02,760199,2000-07-15,2027-05-15,8.112,8.085,8.0996,4591.147871,0.00079898744671,7.7951,8.3237,7.8082,8.3384,Calculado
2026-03-02,NTN-B,2026-03-02,760199,2000-07-15,2028-08-15,7.7734,7.7427,7.76,4455.778285,0.00018708286934,7.4037,8.078,7.414,8.088,Calculado
2026-03-02,NTN-B,2026-03-02,760199,2000-07-15,2029-05-15,7.5659,7.5368,7.55,4507.747694,0,7.2135,7.8702,7.2044,7.8615,Calculado
2026-03-02,NTN-B,2026-03-02,760199,2000-07-15,2030-08-15,7.5712,7.545,7.56,4374.652491,0,7.236,7.7745,7.2458,7.7847,Calculado
2026-03-02,NTN-B,2026-03-02,760199,2000-07-15,2031-05-15,7.5409,7.5058,7.5264,4415.379162,0.00478145928875,7.2133,7.7194,7.2319,7.7381,Calculado
2026-03-02,NTN-B,2026-03-02,760199,2000-07-15,2032-08-15,7.4937,7.4657,7.4814,4299.274934,0.00227828624848,7.2014,7.6772,7.2179,7.6938,Calculado
2026-03-02,NTN-B,2026-03-02,760199,2000-07-15,2033-05-15,7.481,7.4464,7.4619,4343.659993,0.00437452518338,7.2115,7.6704,7.2144,7.6734,Calculado
2026-03-02,NTN-B,2026-03-02,760199,2000-07-15,2035-05-15,7.3581,7.3279,7.3452,4308.247903,0.00558840696353,7.1303,7.5509,7.1327,7.5534,Calculado
2026-03-02,NTN-B,2026-03-02,760199,2000-07-15,2037-05-15,7.3283,7.2971,7.3112,4263.235429,0.00175251010268,7.1187,7.5108,7.1242,7.5163,Calculado
2026-03-02,NTN-B,2026-03-02,760199,2000-07-15,2040-08-15,7.1668,7.1383,7.1512,4178.382046,0.00199498329066,6.9875,7.3305,6.9919,7.335,Calculado
2026-03-02,NTN-B,2026-03-02,760199,2000-07-15,2045-05-15,7.0654,7.0354,7.0492,4218.735036,0.00218303114728,6.8899,7.2189,6.9019,7.231,Calculado
2026-03-02,NTN-B,2026-03-02,760199,2000-07-15,2050-08-15,6.9959,6.9659,6.98,4130.098705,0,6.8501,7.1665,6.8444,7.1608,Calculado
2026-03-02,NTN-B,2026-03-02,760199,2000-07-15,2055-05-15,6.9769,6.9434,6.9586,4177.182575,0.00459926109283,6.8303,7.1403,6.8291,7.1392,Calculado
2026-03-02,NTN-B,2026-03-02,760199,2000-07-15,2060-08-15,6.9933,6.9586,6.9791,4072.173458,0.00203010672872,6.8494,7.1597,6.8492,7.1597,Calculado
2026-03-02,NTN-F,2026-03-02,950199,2016-01-15,2027-01-01,13.244,13.217,13.232,992.483159,0.00299014311865,12.9207,13.5994,12.9401,13.6161,Calculado
2026-03-02,NTN-F,2026-03-02,950199,2018-01-05,2029-01-01,12.831,12.7977,12.8163,955.755188,0.0064092935734,12.2566,13.279,12.3348,13.357,Calculado
2026-03-02,NTN-F,2026-03-02,950199,2020-01-10,2031-01-01,13.3069,13.2961,13.3013,908.968516,0.00061536693119,12.7836,13.7634,12.8622,13.8417,Calculado
2026-03-02,NTN-F,2026-03-02,950199,2022-01-07,2033-01-01,13.5066,13.4943,13.5005,872.116926,0,12.9803,13.9544,13.0556,14.0297,Calculado
2026-03-02,NTN-F,2026-03-02,950199,2024-01-05,2035-01-01,13.5159,13.4984,13.5057,848.865017,0.00180501945419,12.9904,13.9552,13.0631,14.0279,Calculado
2026-03-02,NTN-F,2026-03-02,950199,2026-01-09,2037-01-01,13.6104,13.5962,13.6029,826.08402,0.00156140961954,13.1036,14.063,13.1634,14.1229,Calculado
2026-03-06,LTN,2026-03-06,100000,2024-01-05,2026-04-01,14.6392,14.6214,14.633,990.292741,0,14.5173,14.8667,14.5492,14.9062,Calculado
2026-03-06,LTN,2026-03-06,100000,2023-01-06,2026-07-01,14.2405,14.2272,14.2359,959.134121,0.0027216452616,14.0881,14.3921,14.1706,14.4762,Calculado
2026-03-06,LTN,2026-03-06,100000,2024-07-05,2026-10-01,13.8797,13.8666,13.873,928.452231,0.00005546990175,13.5878,14.0629,13.7035,14.1747,Calculado
2026-03-06,LTN,2026-03-06,100000,2025-01-10,2027-04-01,13.451,13.4369,13.4446,875.331637,0.00201187649969,12.8803,13.6449,13.0641,13.8279,Calculado
2026-03-06,LTN,2026-03-06,100000,2023-07-07,2027-07-01,13.2686,13.2579,13.2622,849.941503,0.00044696779526,12.6596,13.4795,12.8359,13.6546,Calculado
2026-03-06,LTN,2026-03-06,100000,2025-07-04,2027-10-01,13.2533,13.2418,13.2475,823.240401,0.00100124921473,12.6003,13.4887,12.7936,13.6809,Calculado
2026-03-06,LTN,2026-03-06,100000,2024-01-05,2028-01-01,13.1778,13.1649,13.1718,798.998857,0.00162704998694,12.5127,13.4571,12.704,13.6476,Calculado
2026-03-06,LTN,2026-03-06,100000,2026-01-09,2028-04-01,13.2118,13.2006,13.2077,774.154013,0.00171239354706,12.5454,13.5292,12.7343,13.7175,Calculado
2026-03-06,LTN,2026-03-06,100000,2024-07-05,2028-07-01,13.227,13.2139,13.2205,751.056758,0.00155670592277,12.5478,13.5687,12.7359,13.7562,Calculado
2026-03-06,LTN,2026-03-06,100000,2022-02-11,2029-01-01,13.3464,13.336,13.3415,704.43418,0.00088204307718,12.6654,13.706,12.85,13.8904,Calculado
2026-03-06,LTN,2026-03-06,100000,2025-07-04,2029-07-01,13.486,13.4758,13.481,659.660164,0,12.8212,13.8572,12.997,14.033,Calculado
2026-03-06,LTN,2026-03-06,100000,2024-01-05,2030-01-01,13.586,13.576,13.5803,617.502328,0.00111803398875,12.9391,13.9583,13.1124,14.1319,Calculado
2026-03-06,LTN,2026-03-06,100000,2025-01-10,2032-01-01,13.912,13.9021,13.9062,470.796374,0.00087614210605,13.274,14.2794,13.4447,14.4501,Calculado
2026-03-06,NTN-C,2026-03-06,770100,2000-07-01,2031-01-01,8.034,7.9169,7.97,7553.633326,0.04341305836209,7.3107,8.2643,7.3786,8.3303,Calculado
2026-03-06,LFT,2026-03-06,210100,2000-07-01,2026-09-01,-0.0196,-0.0424,-0.0323,18532.619696,0.0031938482525,-0.0776,0.0157,-0.0742,0.0157,Calculado
2026-03-06,LFT,2026-03-06,210100,2000-07-01,2027-03-01,0.0065,0.0047,0.0052,18528.765516,0.00043690083543,-0.0469,0.0346,-0.0466,0.0334,Calculado
2026-03-06,LFT,2026-03-06,210100,2000-07-01,2027-09-01,0.0163,0.0129,0.0149,18525.615465,0.00002886728252,-0.0129,0.0496,-0.0152,0.0485,Calculado
2026-03-06,LFT,2026-03-06,210100,2000-07-01,2028-03-01,0.0302,0.0289,0.0295,18518.92624,0.00031796686934,0.0042,0.0713,0.0016,0.0693,Calculado
2026-03-06,LFT,2026-03-06,210100,2000-07-01,2028-09-01,0.0435,0.0416,0.0426,18510.143157,0.00036501409562,0.0358,0.07,0.0336,0.0677,Calculado
2026-03-06,LFT,2026-03-06,210100,2000-07-01,2029-03-01,0.0576,0.056,0.0568,18498.617677,0.00023736019043,0.0476,0.0777,0.0464,0.0751,Calculado
2026-03-06,LFT,2026-03-06,210100,2000-07-01,2029-09-01,0.0726,0.0712,0.0721,18483.441844,0.00040374067172,0.0621,0.0857,0.06,0.0849,Calculado
2026-03-06,LFT,2026-03-06,210100,2000-07-01,2030-03-01,0.0847,0.0817,0.0835,18468.673665,0.00064607916698,0.0696,0.0959,0.0688,0.0947,Calculado
2026-03-06,LFT,2026-03-06,210100,2000-07-01,2030-06-01,0.0916,0.089,0.0906,18459.39028,0.00034960293191,0.0705,0.1019,0.0695,0.1012,Calculado
2026-03-06,LFT,2026-03-06,210100,2000-07-01,2030-09-01,0.0967,0.0936,0.0958,18450.866613,0.00030205643512,0.0731,0.1066,0.0723,0.106,Calculado
2026-03-06,LFT,2026-03-06,210100,2000-07-01,2030-12-01,0.098,0.0946,0.097,18445.418878,0.00004264012195,0.0795,0.1077,0.0788,0.1073,Calculado
2026-03-06,LFT,2026-03-06,210100,2000-07-01,2031-03-01,0.1,0.0969,0.0984,18439.804376,0.00016035672733,0.0844,0.1092,0.084,0.1087,Calculado
2026-03-06,LFT,2026-03-06,210100,2000-07-01,2031-06-01,0.102,0.0993,0.1007,18433.15221,0.00037280949559,0.0881,0.1114,0.0877,0.1109,Calculado
2026-03-06,LFT,2026-03-06,210100,2000-07-01,2031-09-01,0.103,0.0996,0.1015,18427.630356,0.00042584018129,0.0897,0.1154,0.0892,0.1151,Calculado
2026-03-06,LFT,2026-03-06,210100,2000-07-01,2031-12-01,0.104,0.1006,0.1025,18421.849086,0.0005279136293,0.0902,0.1192,0.0897,0.1188,Calculado
2026-03-06,LFT,2026-03-06,210100,2000-07-01,2032-03-01,0.107,0.1057,0.1062,18413.232771,0.0001675954355,0.0931,0.1198,0.0927,0.1191,Calculado
2026-03-06,NTN-B,2026-03-06,760199,2000-07-15,2026-08-15,9.93,9.8996,9.9139,4560.780676,0.0032059607312,9.6689,10.7174,9.4784,10.5357,Calculado
2026-03-06,NTN-B,2026-03-06,760199,2000-07-15,2027-05-15,8.1924,8.1619,8.1732,4599.791085,0.00233072771039,7.902,8.4371,7.8824,8.4192,Calculado
2026-03-06,NTN-B,2026-03-06,760199,2000-07-15,2028-08-15,7.9656,7.9346,7.95,4449.441161,0,7.5797,8.253,7.6036,8.2766,Calculado
2026-03-06,NTN-B,2026-03-06,760199,2000-07-15,2029-05-15,7.8317,7.7996,7.8175,4487.291976,0.00694716905509,7.4007,8.059,7.4716,8.1302,Calculado
2026-03-06,NTN-B,2026-03-06,760199,2000-07-15,2030-08-15,7.8801,7.8485,7.8635,4337.898371,0.00696373311809,7.4781,8.0179,7.5489,8.089,Calculado
2026-03-06,NTN-B,2026-03-06,760199,2000-07-15,2031-05-15,7.8605,7.8255,7.8447,4369.623203,0.0055999533132,7.4742,7.9806,7.5498,8.0562,Calculado
2026-03-06,NTN-B,2026-03-06,760199,2000-07-15,2032-08-15,7.8426,7.807,7.8275,4236.819647,0.00338300249335,7.4809,7.957,7.5636,8.0398,Calculado
2026-03-06,NTN-B,2026-03-06,760199,2000-07-15,2033-05-15,7.8319,7.7922,7.811,4274.407128,0.00203949106397,7.4912,7.9505,7.5632,8.0224,Calculado
2026-03-06,NTN-B,2026-03-06,760199,2000-07-15,2035-05-15,7.7186,7.6852,7.7003,4221.666386,0.00885069462302,7.4234,7.8444,7.4874,7.9085,Calculado
2026-03-06,NTN-B,2026-03-06,760199,2000-07-15,2037-05-15,7.6265,7.587,7.6061,4181.907553,0.00797237878679,7.3677,7.7602,7.4186,7.8112,Calculado
2026-03-06,NTN-B,2026-03-06,760199,2000-07-15,2040-08-15,7.4779,7.442,7.4573,4076.74484,0.00832034074783,7.2307,7.5745,7.2974,7.6413,Calculado
2026-03-06,NTN-B,2026-03-06,760199,2000-07-15,2045-05-15,7.3243,7.2859,7.3002,4122.380182,0.00546169070435,7.0901,7.4196,7.1526,7.4823,Calculado
2026-03-06,NTN-B,2026-03-06,760199,2000-07-15,2050-08-15,7.2451,7.2158,7.2269,4024.027197,0.00440939838413,7.0348,7.3524,7.0903,7.4082,Calculado
2026-03-06,NTN-B,2026-03-06,760199,2000-07-15,2055-05-15,7.2313,7.1867,7.2044,4065.171999,0.00705036185809,7.0219,7.3328,7.0745,7.3856,Calculado
2026-03-06,NTN-B,2026-03-06,760199,2000-07-15,2060-08-15,7.2225,7.1921,7.2078,3964.569124,0.00358705437093,7.0298,7.3412,7.0775,7.3892,Calculado
2026-03-06,NTN-F,2026-03-06,950199,2016-01-15,2027-01-01,13.5969,13.5694,13.5852,991.9878,0.00338683726506,13.1528,13.8206,13.2991,13.9641,Calculado
2026-03-06,NTN-F,2026-03-06,950199,2018-01-05,2029-01-01,13.3498,13.3165,13.336,946.825981,0.00712244106048,12.6775,13.6993,12.8546,13.8762,Calculado
2026-03-06,NTN-F,2026-03-06,950199,2020-01-10,2031-01-01,13.8295,13.8163,13.8215,895.07546,0,13.2063,14.1853,13.3829,14.3618,Calculado
2026-03-06,NTN-F,2026-03-06,950199,2022-01-07,2033-01-01,13.9851,13.9739,13.9795,856.22323,0.00133909172949,13.3825,14.3563,13.535,14.5087,Calculado
2026-03-06,NTN-F,2026-03-06,950199,2024-01-05,2035-01-01,13.9823,13.963,13.9743,831.003279,0.00107968249036,13.3681,14.3325,13.5319,14.4962,Calculado
2026-03-06,NTN-F,2026-03-06,950199,2026-01-09,2037-01-01,14.0552,14.0385,14.047,807.812384,0.00121176769226,13.4425,14.402,13.6076,14.5669,Calculado
2026-03-10,LTN,2026-03-10,100000,2024-01-05,2026-04-01,14.6391,14.6225,14.6315,991.367479,0.0023440361516,14.49,14.8989,14.543,14.9153,Calculado
2026-03-10,LTN,2026-03-10,100000,2023-01-06,2026-07-01,14.1564,14.1405,14.1469,960.376486,0.00424295494438,14.0629,14.5278,14.075,14.3914,Calculado
2026-03-10,LTN,2026-03-10,100000,2024-07-05,2026-10-01,13.7189,13.7057,13.7117,930.152675,0.00335831590235,13.5306,14.2265,13.5375,14.0103,Calculado
2026-03-10,LTN,2026-03-10,100000,2025-01-10,2027-04-01,13.3128,13.2997,13.3058,877.332915,0.00158946854011,12.8888,13.9126,12.9273,13.6898,Calculado
2026-03-10,LTN,2026-03-10,100000,2023-07-07,2027-07-01,13.1316,13.1152,13.123,852.14071,0,12.6514,13.7568,12.698,13.5145,Calculado
2026-03-10,LTN,2026-03-10,100000,2025-07-04,2027-10-01,13.0964,13.0826,13.0895,825.845239,0.00015075563008,12.588,13.7663,12.6364,13.5215,Calculado
2026-03-10,LTN,2026-03-10,100000,2024-01-05,2028-01-01,13.0201,13.0043,13.0126,801.819272,0.00304594968934,12.4995,13.7383,12.5452,13.4874,Calculado
2026-03-10,LTN,2026-03-10,100000,2026-01-09,2028-04-01,13.033,13.0138,13.0228,777.524719,0.00157152695173,12.5104,13.7795,12.5498,13.5317,Calculado
2026-03-10,LTN,2026-03-10,100000,2024-07-05,2028-07-01,13.0436,13.0269,13.0361,754.618117,0.0021099971327,12.5041,13.8276,12.5519,13.5712,Calculado
2026-03-10,LTN,2026-03-10,100000,2022-02-11,2029-01-01,13.1428,13.1299,13.137,708.696062,0,12.6058,13.9532,12.6455,13.6859,Calculado
2026-03-10,LTN,2026-03-10,100000,2025-07-04,2029-07-01,13.2828,13.2701,13.276,664.25242,0,12.7478,14.0931,12.7918,13.8281,Calculado
2026-03-10,LTN,2026-03-10,100000,2024-01-05,2030-01-01,13.3727,13.36,13.3661,622.550453,0.00081492038261,12.8539,14.1706,12.898,13.9177,Calculado
2026-03-10,LTN,2026-03-10,100000,2025-01-10,2032-01-01,13.6931,13.6804,13.6869,476.559957,0.00087543185914,13.1627,14.444,13.2254,14.2308,Calculado
2026-03-10,NTN-C,2026-03-10,770100,2000-07-01,2031-01-01,8.0184,7.686,7.9376,7566.504505,0.02087678571548,7.4504,8.4024,7.4475,8.4038,Calculado
2026-03-10,LFT,2026-03-10,210100,2000-07-01,2026-09-01,-0.0118,-0.0356,-0.0234,18552.22501,0.00499134217621,-0.0698,0.0198,-0.0671,0.0229,Calculado
2026-03-10,LFT,2026-03-10,210100,2000-07-01,2027-03-01,0.0035,0.0019,0.0027,18549.66509,0.00016059100224,-0.0449,0.0321,-0.0442,0.0325,Calculado
2026-03-10,LFT,2026-03-10,210100,2000-07-01,2027-09-01,0.0133,0.0114,0.0123,18546.771267,0.00028520143758,-0.0182,0.0479,-0.0195,0.0473,Calculado
2026-03-10,LFT,2026-03-10,210100,2000-07-01,2028-03-01,0.0278,0.0252,0.0267,18540.408566,0.00044380069851,-0.0012,0.0672,-0.0026,0.0656,Calculado
2026-03-10,LFT,2026-03-10,210100,2000-07-01,2028-09-01,0.0411,0.0387,0.0396,18531.986799,0.00045624747671,0.0323,0.0643,0.0314,0.0617,Calculado
2026-03-10,LFT,2026-03-10,210100,2000-07-01,2029-03-01,0.0553,0.054,0.0543,18520.467158,0.0002624669122,0.0453,0.0725,0.0447,0.0697,Calculado
2026-03-10,LFT,2026-03-10,210100,2000-07-01,2029-09-01,0.0693,0.067,0.0684,18506.294845,0.0001833749165,0.0583,0.084,0.0571,0.0824,Calculado
2026-03-10,LFT,2026-03-10,210100,2000-07-01,2030-03-01,0.0827,0.081,0.0815,18490.619971,0.00055097998149,0.0683,0.0937,0.0681,0.0919,Calculado
2026-03-10,LFT,2026-03-10,210100,2000-07-01,2030-06-01,0.09,0.0876,0.089,18481.122295,0.00060962071815,0.0694,0.1004,0.0685,0.0996,Calculado
2026-03-10,LFT,2026-03-10,210100,2000-07-01,2030-09-01,0.096,0.0929,0.0947,18472.255325,0.00043075819203,0.0724,0.1054,0.0716,0.1049,Calculado
2026-03-10,LFT,2026-03-10,210100,2000-07-01,2030-12-01,0.0978,0.0945,0.0963,18466.504779,0.00043265802893,0.079,0.1069,0.0785,0.1065,Calculado
2026-03-10,LFT,2026-03-10,210100,2000-07-01,2031-03-01,0.0999,0.0965,0.0979,18460.754233,0.00032209110512,0.0842,0.1084,0.0841,0.1081,Calculado
2026-03-10,LFT,2026-03-10,210100,2000-07-01,2031-06-01,0.1015,0.0985,0.1004,18453.909229,0.00048261893871,0.0879,0.1109,0.0879,0.1109,Calculado
2026-03-10,LFT,2026-03-10,210100,2000-07-01,2031-09-01,0.1032,0.1001,0.1016,18448.010282,0.00027804663278,0.0893,0.1153,0.0894,0.1156,Calculado
2026-03-10,LFT,2026-03-10,210100,2000-07-01,2031-12-01,0.104,0.1012,0.1026,18442.204086,0.00065121805872,0.0897,0.1191,0.0899,0.1197,Calculado
2026-03-10,LFT,2026-03-10,210100,2000-07-01,2032-03-01,0.1084,0.1074,0.1082,18431.500651,0.0002270332795,0.0937,0.1182,0.094,0.1191,Calculado
2026-03-10,NTN-B,2026-03-10,760199,2000-07-15,2026-08-15,9.9597,9.926,9.9434,4566.908816,0.00529257627437,9.4012,10.4673,9.501,10.5761,Calculado
2026-03-10,NTN-B,2026-03-10,760199,2000-07-15,2027-05-15,8.1922,8.164,8.1791,4605.641758,0.00165347410019,7.901,8.4395,7.8891,8.4293,Calculado
2026-03-10,NTN-B,2026-03-10,760199,2000-07-15,2028-08-15,7.9421,7.9114,7.9262,4457.538417,0.00464703042491,7.6329,8.3057,7.5801,8.2526,Calculado
2026-03-10,NTN-B,2026-03-10,760199,2000-07-15,2029-05-15,7.7909,7.7548,7.7704,4498.772495,0.00104667272822,7.4671,8.1261,7.4245,8.0839,Calculado
2026-03-10,NTN-B,2026-03-10,760199,2000-07-15,2030-08-15,7.8238,7.7894,7.8056,4352.684857,0.00434845845099,7.5235,8.0639,7.4908,8.0316,Calculado
2026-03-10,NTN-B,2026-03-10,760199,2000-07-15,2031-05-15,7.7897,7.7589,7.775,4387.760869,0.00549545266561,7.5064,8.0129,7.4799,7.9865,Calculado
2026-03-10,NTN-B,2026-03-10,760199,2000-07-15,2032-08-15,7.7461,7.7151,7.7308,4262.722537,0.00157676138334,7.506,7.9824,7.4668,7.9432,Calculado
2026-03-10,NTN-B,2026-03-10,760199,2000-07-15,2033-05-15,7.7376,7.7092,7.72,4300.75738,0.00197278182271,7.4981,7.9575,7.472,7.9315,Calculado
2026-03-10,NTN-B,2026-03-10,760199,2000-07-15,2035-05-15,7.6018,7.574,7.5877,4257.761872,0.00394208066889,7.4165,7.8377,7.3748,7.796,Calculado
2026-03-10,NTN-B,2026-03-10,760199,2000-07-15,2037-05-15,7.4984,7.469,7.4831,4225.422778,0.00947251663604,7.3554,7.748,7.2957,7.6883,Calculado
2026-03-10,NTN-B,2026-03-10,760199,2000-07-15,2040-08-15,7.3463,7.313,7.3318,4127.457746,0.003121297807,7.2338,7.5777,7.172,7.5159,Calculado
2026-03-10,NTN-B,2026-03-10,760199,2000-07-15,2045-05-15,7.2106,7.1785,7.19,4174.068574,0,7.104,7.4337,7.0424,7.3722,Calculado
2026-03-10,NTN-B,2026-03-10,760199,2000-07-15,2050-08-15,7.1303,7.0973,7.114,4081.711451,0.00770899289272,7.0389,7.3567,6.9778,7.2954,Calculado
2026-03-10,NTN-B,2026-03-10,760199,2000-07-15,2055-05-15,7.1158,7.074,7.0941,4124.517408,0.0067326496582,7.0244,7.3355,6.9641,7.2754,Calculado
2026-03-10,NTN-B,2026-03-10,760199,2000-07-15,2060-08-15,7.1128,7.0702,7.0891,4029.992016,0.00114773327041,7.0282,7.3399,6.9586,7.2706,Calculado
2026-03-10,NTN-F,2026-03-10,950199,2016-01-15,2027-01-01,13.4883,13.457,13.4731,993.761857,0.00289063474344,13.1549,14.0422,13.1906,13.8501,Calculado
2026-03-10,NTN-F,2026-03-10,950199,2018-01-05,2029-01-01,13.1395,13.1086,13.1239,952.126986,0.00333819169611,12.6012,13.9287,12.6425,13.6642,Calculado
2026-03-10,NTN-F,2026-03-10,950199,2020-01-10,2031-01-01,13.5999,13.5861,13.5928,902.841316,0.0015291454182,13.1039,14.3676,13.1541,14.1333,Calculado
2026-03-10,NTN-F,2026-03-10,950199,2022-01-07,2033-01-01,13.753,13.734,13.741,865.830087,0.00309884771004,13.2591,14.4947,13.2962,14.2704,Calculado
2026-03-10,NTN-F,2026-03-10,950199,2024-01-05,2035-01-01,13.771,13.749,13.759,840.770641,0,13.2673,14.4671,13.3163,14.2813,Calculado
2026-03-10,NTN-F,2026-03-10,950199,2026-01-09,2037-01-01,13.8362,13.8226,13.829,818.350109,0,13.3418,14.5231,13.3893,14.3493,Calculado
2026-03-05,LTN,2026-03-05,100000,2024-01-05,2026-04-01,14.6063,14.5922,14.5972,989.77953,0.00439424757609,14.4917,14.8336,14.5173,14.8667,Calculado
2026-03-05,LTN,2026-03-05,100000,2023-01-06,2026-07-01,14.1595,14.1446,14.1529,958.848901,0.00181936074488,14.0474,14.3499,14.0881,14.3921,Calculado
2026-03-05,LTN,2026-03-05,100000,2024-07-05,2026-10-01,13.7646,13.7531,13.7589,928.509149,0.00112331209377,13.5108,13.9897,13.5878,14.0629,Calculado
2026-03-05,LTN,2026-03-05,100000,2025-01-10,2027-04-01,13.2687,13.2551,13.2616,876.391384,0.00165868677574,12.7333,13.4985,12.8803,13.6449,Calculado
2026-03-05,LTN,2026-03-05,100000,2023-07-07,2027-07-01,13.0949,13.0775,13.0864,851.251395,0.00257419890257,12.5006,13.3216,12.6596,13.4795,Calculado
2026-03-05,LTN,2026-03-05,100000,2025-07-04,2027-10-01,13.0612,13.0498,13.0545,825.036959,0.00065392229661,12.4128,13.3022,12.6003,13.4887,Calculado
2026-03-05,LTN,2026-03-05,100000,2024-01-05,2028-01-01,12.9872,12.9735,12.9807,801.063342,0.00031764354236,12.3161,13.2612,12.5127,13.4571,Calculado
2026-03-05,LTN,2026-03-05,100000,2026-01-09,2028-04-01,13.0256,13.0125,13.019,776.446371,0,12.3303,13.3149,12.5454,13.5292,Calculado
2026-03-05,LTN,2026-03-05,100000,2024-07-05,2028-07-01,13.0395,13.026,13.0326,753.57199,0.00236382043523,12.3296,13.351,12.5478,13.5687,Calculado
2026-03-05,LTN,2026-03-05,100000,2022-02-11,2029-01-01,13.163,13.1505,13.157,707.305119,0,12.4266,13.4671,12.6654,13.706,Calculado
2026-03-05,LTN,2026-03-05,100000,2025-07-04,2029-07-01,13.3111,13.2998,13.3052,662.70457,0.00117473400819,12.5703,13.6062,12.8212,13.8572,Calculado
2026-03-05,LTN,2026-03-05,100000,2024-01-05,2030-01-01,13.4137,13.4013,13.4068,620.776361,0.0010049712981,12.6854,13.7046,12.9391,13.9583,Calculado
2026-03-05,LTN,2026-03-05,100000,2025-01-10,2032-01-01,13.7418,13.7293,13.7355,474.656755,0,13.0165,14.022,13.274,14.2794,Calculado
2026-03-05,NTN-C,2026-03-05,770100,2000-07-01,2031-01-01,8.0352,7.9445,7.9548,7555.559827,0.03607493743723,7.4332,8.3803,7.3107,8.2643,Calculado
2026-03-05,LFT,2026-03-05,210100,2000-07-01,2026-09-01,-0.0212,-0.048,-0.0363,18522.797017,0.0119964455515,-0.0876,0.0045,-0.0776,0.0157,Calculado
2026-03-05,LFT,2026-03-05,210100,2000-07-01,2027-03-01,0.0067,0.0045,0.0056,18518.481973,0.00036410646795,-0.0511,0.0325,-0.0469,0.0346,Calculado
2026-03-05,LFT,2026-03-05,210100,2000-07-01,2027-09-01,0.0172,0.0152,0.0164,18514.981787,0.00006215810486,-0.0101,0.0482,-0.0129,0.0496,Calculado
2026-03-05,LFT,2026-03-05,210100,2000-07-01,2028-03-01,0.0333,0.0308,0.0317,18507.888819,0.00039675973838,0.0071,0.0723,0.0042,0.0713,Calculado
2026-03-05,LFT,2026-03-05,210100,2000-07-01,2028-09-01,0.0459,0.0438,0.0449,18498.851302,0.00030441199057,0.038,0.0716,0.0358,0.07,Calculado
2026-03-05,LFT,2026-03-05,210100,2000-07-01,2029-03-01,0.059,0.057,0.0581,18487.684044,0.00016179140892,0.0492,0.0787,0.0476,0.0777,Calculado
2026-03-05,LFT,2026-03-05,210100,2000-07-01,2029-09-01,0.075,0.0733,0.0742,18471.849871,0.00027700545121,0.0638,0.0852,0.0621,0.0857,Calculado
2026-03-05,LFT,2026-03-05,210100,2000-07-01,2030-03-01,0.0859,0.0829,0.0847,18457.552816,0.00037030280852,0.0703,0.0951,0.0696,0.0959,Calculado
2026-03-05,LFT,2026-03-05,210100,2000-07-01,2030-06-01,0.0925,0.0905,0.0913,18448.607897,0.00020356301236,0.0698,0.1021,0.0705,0.1019,Calculado
2026-03-05,LFT,2026-03-05,210100,2000-07-01,2030-09-01,0.0978,0.0946,0.0964,18440.144486,0.00028382309631,0.0721,0.1068,0.0731,0.1066,Calculado
2026-03-05,LFT,2026-03-05,210100,2000-07-01,2030-12-01,0.099,0.0958,0.0974,18434.829389,0.00006602242043,0.0787,0.1078,0.0795,0.1077,Calculado
2026-03-05,LFT,2026-03-05,210100,2000-07-01,2031-03-01,0.1005,0.0975,0.0989,18429.125383,0.00008920947259,0.0838,0.1093,0.0844,0.1092,Calculado
2026-03-05,LFT,2026-03-05,210100,2000-07-01,2031-06-01,0.1021,0.0991,0.1012,18422.439843,0.000199999975,0.0878,0.1115,0.0881,0.1114,Calculado
2026-03-05,LFT,2026-03-05,210100,2000-07-01,2031-09-01,0.1032,0.1001,0.102,18416.902512,0.00003015095355,0.0899,0.1157,0.0897,0.1154,Calculado
2026-03-05,LFT,2026-03-05,210100,2000-07-01,2031-12-01,0.1042,0.1015,0.103,18411.087389,0.000121573887,0.0904,0.1204,0.0902,0.1192,Calculado
2026-03-05,LFT,2026-03-05,210100,2000-07-01,2032-03-01,0.1073,0.106,0.1066,18402.568419,0.00025179096489,0.0937,0.1215,0.0931,0.1198,Calculado
2026-03-05,NTN-B,2026-03-05,760199,2000-07-15,2026-08-15,10.1167,10.0775,10.1003,4553.996686,0.01602372829338,9.6955,10.7353,9.6689,10.7174,Calculado
2026-03-05,NTN-B,2026-03-05,760199,2000-07-15,2027-05-15,8.207,8.1783,8.1926,4595.787318,0.00366667424105,7.8619,8.3954,7.902,8.4371,Calculado
2026-03-05,NTN-B,2026-03-05,760199,2000-07-15,2028-08-15,7.9403,7.9084,7.926,4448.778873,0.00573142052898,7.5165,8.19,7.5797,8.253,Calculado
2026-03-05,NTN-B,2026-03-05,760199,2000-07-15,2029-05-15,7.7636,7.7283,7.7466,4492.837072,0.01081749449411,7.316,7.9739,7.4007,8.059,Calculado
2026-03-05,NTN-B,2026-03-05,760199,2000-07-15,2030-08-15,7.802,7.7762,7.7926,4346.221179,0.0045779379998,7.3556,7.8951,7.4781,8.0179,Calculado
2026-03-05,NTN-B,2026-03-05,760199,2000-07-15,2031-05-15,7.7808,7.748,7.769,4380.262371,0.01608311744221,7.3253,7.8317,7.4742,7.9806,Calculado
2026-03-05,NTN-B,2026-03-05,760199,2000-07-15,2032-08-15,7.756,7.7273,7.7447,4251.486816,0.01563388309538,7.3263,7.8024,7.4809,7.957,Calculado
2026-03-05,NTN-B,2026-03-05,760199,2000-07-15,2033-05-15,7.75,7.7188,7.739,4288.035724,0.00330511868471,7.3125,7.7717,7.4912,7.9505,Calculado
2026-03-05,NTN-B,2026-03-05,760199,2000-07-15,2035-05-15,7.6489,7.6219,7.6362,4236.315833,0.00957051572435,7.2357,7.6566,7.4234,7.8444,Calculado
2026-03-05,NTN-B,2026-03-05,760199,2000-07-15,2037-05-15,7.5721,7.5438,7.5551,4194.95008,0.0097293641267,7.2081,7.6004,7.3677,7.7602,Calculado
2026-03-05,NTN-B,2026-03-05,760199,2000-07-15,2040-08-15,7.4135,7.3707,7.3905,4098.248339,0.0049569575911,7.0905,7.4339,7.2307,7.5745,Calculado
2026-03-05,NTN-B,2026-03-05,760199,2000-07-15,2045-05-15,7.259,7.2201,7.2376,4146.042709,0.00380692094087,6.9812,7.3105,7.0901,7.4196,Calculado
2026-03-05,NTN-B,2026-03-05,760199,2000-07-15,2050-08-15,7.186,7.1522,7.1712,4047.281224,0.0040988600342,6.9267,7.2436,7.0348,7.3524,Calculado
2026-03-05,NTN-B,2026-03-05,760199,2000-07-15,2055-05-15,7.17,7.132,7.1517,4088.342171,0.00378162049656,6.9142,7.2246,7.0219,7.3328,Calculado
2026-03-05,NTN-B,2026-03-05,760199,2000-07-15,2060-08-15,7.1733,7.145,7.16,3986.186265,0,6.9255,7.2363,7.0298,7.3412,Calculado
2026-03-05,NTN-F,2026-03-05,950199,2016-01-15,2027-01-01,13.4524,13.427,13.4403,992.49649,0.00186733181304,13.0283,13.6988,13.1528,13.8206,Calculado
2026-03-05,NTN-F,2026-03-05,950199,2018-01-05,2029-01-01,13.1719,13.1469,13.159,950.00426,0.00194079021535,12.4394,13.4615,12.6775,13.6993,Calculado
2026-03-05,NTN-F,2026-03-05,950199,2020-01-10,2031-01-01,13.6516,13.6383,13.645,899.900912,0,12.953,13.9325,13.2063,14.1853,Calculado
2026-03-05,NTN-F,2026-03-05,950199,2022-01-07,2033-01-01,13.8347,13.8215,13.8271,861.339388,0.00095863805474,13.1254,14.0996,13.3825,14.3563,Calculado
2026-03-05,NTN-F,2026-03-05,950199,2024-01-05,2035-01-01,13.8171,13.8018,13.8105,837.337322,0.00201647624831,13.1179,14.083,13.3681,14.3325,Calculado
2026-03-05,NTN-F,2026-03-05,950199,2026-01-09,2037-01-01,13.8882,13.8731,13.882,814.714878,0.00141949017961,13.2133,14.1733,13.4425,14.402,Calculado
2026-03-09,LTN,2026-03-09,100000,2024-01-05,2026-04-01,14.6255,14.611,14.6213,990.836375,0.00540612527232,14.5492,14.9062,14.5343,14.8989,Calculado
2026-03-09,LTN,2026-03-09,100000,2023-01-06,2026-07-01,14.2931,14.2789,14.2861,959.510337,0.00201246117975,14.1706,14.4762,14.2207,14.5278,Calculado
2026-03-09,LTN,2026-03-09,100000,2024-07-05,2026-10-01,13.9374,13.9182,13.9268,928.682045,0.00552052447418,13.7035,14.1747,13.7582,14.2265,Calculado
2026-03-09,LTN,2026-03-09,100000,2025-01-10,2027-04-01,13.5297,13.5154,13.5291,875.084463,0.0012449899598,13.0641,13.8279,13.1494,13.9126,Calculado
2026-03-09,LTN,2026-03-09,100000,2023-07-07,2027-07-01,13.3713,13.357,13.3649,849.35908,0.0093382215084,12.8359,13.6546,12.9391,13.7568,Calculado
2026-03-09,LTN,2026-03-09,100000,2025-07-04,2027-10-01,13.3337,13.3215,13.3337,822.670151,0.0020796634319,12.7936,13.6809,12.8801,13.7663,Calculado
2026-03-09,LTN,2026-03-09,100000,2024-01-05,2028-01-01,13.271,13.2557,13.263,798.226913,0.00710439166572,12.704,13.6476,12.7954,13.7383,Calculado
2026-03-09,LTN,2026-03-09,100000,2026-01-09,2028-04-01,13.2779,13.2622,13.2701,773.656688,0.00510555253229,12.7343,13.7175,12.797,13.7795,Calculado
2026-03-09,LTN,2026-03-09,100000,2024-07-05,2028-07-01,13.3,13.285,13.2921,750.334346,0.00603876366983,12.7359,13.7562,12.8077,13.8276,Calculado
2026-03-09,LTN,2026-03-09,100000,2022-02-11,2029-01-01,13.4084,13.3946,13.4042,703.69629,0.0004472135955,12.85,13.8904,12.9128,13.9532,Calculado
2026-03-09,LTN,2026-03-09,100000,2025-07-04,2029-07-01,13.543,13.532,13.541,658.846035,0,12.997,14.033,13.057,14.0931,Calculado
2026-03-09,LTN,2026-03-09,100000,2024-01-05,2030-01-01,13.619,13.6079,13.6189,617.02106,0.00103344084978,13.1124,14.1319,13.151,14.1706,Calculado
2026-03-09,LTN,2026-03-09,100000,2025-01-10,2032-01-01,13.9038,13.8927,13.9,471.187957,0,13.4447,14.4501,13.4386,14.444,Calculado
2026-03-09,NTN-C,2026-03-09,770100,2000-07-01,2031-01-01,8.0291,7.5856,7.9457,7562.228698,0.0250302544204,7.3786,8.3303,7.4504,8.4024,Calculado
2026-03-09,LFT,2026-03-09,210100,2000-07-01,2026-09-01,-0.0106,-0.0403,-0.0267,18542.317797,0.00502201037733,-0.0742,0.0157,-0.0698,0.0198,Calculado
2026-03-09,LFT,2026-03-09,210100,2000-07-01,2027-03-01,0.0036,0.0023,0.0028,18539.425568,0.0001601673812,-0.0466,0.0334,-0.0449,0.0321,Calculado
2026-03-09,LFT,2026-03-09,210100,2000-07-01,2027-09-01,0.0141,0.0127,0.0133,18536.273781,0.00031128856388,-0.0152,0.0485,-0.0182,0.0479,Calculado
2026-03-09,LFT,2026-03-09,210100,2000-07-01,2028-03-01,0.0291,0.026,0.0277,18529.821887,0.00048416088235,0.0016,0.0693,-0.0012,0.0672,Calculado
2026-03-09,LFT,2026-03-09,210100,2000-07-01,2028-09-01,0.0421,0.0389,0.0413,18520.978342,0.00077104014811,0.0336,0.0677,0.0323,0.0643,Calculado
2026-03-09,LFT,2026-03-09,210100,2000-07-01,2029-03-01,0.0567,0.055,0.0557,18509.465048,0.00038927617446,0.0464,0.0751,0.0453,0.0725,Calculado
2026-03-09,LFT,2026-03-09,210100,2000-07-01,2029-09-01,0.0714,0.0688,0.0704,18494.762886,0.00072600000689,0.06,0.0849,0.0583,0.084,Calculado
2026-03-09,LFT,2026-03-09,210100,2000-07-01,2030-03-01,0.0834,0.0809,0.0826,18479.578687,0.00043110084667,0.0688,0.0947,0.0683,0.0937,Calculado
2026-03-09,LFT,2026-03-09,210100,2000-07-01,2030-06-01,0.0907,0.0883,0.0898,18470.253104,0.00035876655363,0.0695,0.1012,0.0694,0.1004,Calculado
2026-03-09,LFT,2026-03-09,210100,2000-07-01,2030-09-01,0.096,0.094,0.0952,18461.613498,0.00029249880342,0.0723,0.106,0.0724,0.1054,Calculado
2026-03-09,LFT,2026-03-09,210100,2000-07-01,2030-12-01,0.0986,0.0949,0.0967,18455.921741,0.00034223408655,0.0788,0.1073,0.079,0.1069,Calculado
2026-03-09,LFT,2026-03-09,210100,2000-07-01,2031-03-01,0.1001,0.0968,0.0982,18450.229984,0.00036105327862,0.084,0.1087,0.0842,0.1084,Calculado
2026-03-09,LFT,2026-03-09,210100,2000-07-01,2031-06-01,0.1023,0.0989,0.1004,18443.66685,0.00040130504607,0.0877,0.1109,0.0879,0.1109,Calculado
2026-03-09,LFT,2026-03-09,210100,2000-07-01,2031-09-01,0.1032,0.1005,0.1015,18437.863853,0.00034904161643,0.0892,0.1151,0.0893,0.1153,Calculado
2026-03-09,LFT,2026-03-09,210100,2000-07-01,2031-12-01,0.1043,0.1012,0.1024,18432.172096,0.00036096274046,0.0897,0.1188,0.0897,0.1191,Calculado
2026-03-09,LFT,2026-03-09,210100,2000-07-01,2032-03-01,0.108,0.1068,0.1073,18422.253235,0.00018351147103,0.0927,0.1191,0.0937,0.1182,Calculado
2026-03-09,NTN-B,2026-03-09,760199,2000-07-15,2026-08-15,9.8693,9.8106,9.8415,4565.433754,0.00924316642336,9.4784,10.5357,9.4012,10.4673,Calculado
2026-03-09,NTN-B,2026-03-09,760199,2000-07-15,2027-05-15,8.2089,8.1736,8.1916,4601.971607,0.00718377199527,7.8824,8.4192,7.901,8.4395,Calculado
2026-03-09,NTN-B,2026-03-09,760199,2000-07-15,2028-08-15,7.9953,7.954,7.9791,4449.631963,0.00178745629037,7.6036,8.2766,7.6329,8.3057,Calculado
2026-03-09,NTN-B,2026-03-09,760199,2000-07-15,2029-05-15,7.8325,7.7906,7.8129,4490.772864,0.00606338835553,7.4716,8.1302,7.4671,8.1261,Calculado
2026-03-09,NTN-B,2026-03-09,760199,2000-07-15,2030-08-15,7.857,7.823,7.8382,4344.718507,0.01180949980736,7.5489,8.089,7.5235,8.0639,Calculado
2026-03-09,NTN-B,2026-03-09,760199,2000-07-15,2031-05-15,7.826,7.7858,7.8014,4380.193406,0.00647578824005,7.5498,8.0562,7.5064,8.0129,Calculado
2026-03-09,NTN-B,2026-03-09,760199,2000-07-15,2032-08-15,7.7878,7.7514,7.77,4251.682394,0,7.5636,8.0398,7.506,7.9824,Calculado
2026-03-09,NTN-B,2026-03-09,760199,2000-07-15,2033-05-15,7.7646,7.7275,7.746,4292.019148,0.00694906279148,7.5632,8.0224,7.4981,7.9575,Calculado
2026-03-09,NTN-B,2026-03-09,760199,2000-07-15,2035-05-15,7.6485,7.6145,7.6294,4243.645546,0.00112546286478,7.4874,7.9085,7.4165,7.8377,Calculado
2026-03-09,NTN-B,2026-03-09,760199,2000-07-15,2037-05-15,7.5663,7.5203,7.5429,4204.131425,0.00819845585156,7.4186,7.8112,7.3554,7.748,Calculado
2026-03-09,NTN-B,2026-03-09,760199,2000-07-15,2040-08-15,7.4112,7.3788,7.3937,4102.314397,0.00882697435025,7.2974,7.6413,7.2338,7.5777,Calculado
2026-03-09,NTN-B,2026-03-09,760199,2000-07-15,2045-05-15,7.2761,7.2351,7.2516,4145.382478,0.01086431467328,7.1526,7.4823,7.104,7.4337,Calculado
2026-03-09,NTN-B,2026-03-09,760199,2000-07-15,2050-08-15,7.2016,7.1578,7.1754,4050.423807,0.00641986591371,7.0903,7.4082,7.0389,7.3567,Calculado
2026-03-09,NTN-B,2026-03-09,760199,2000-07-15,2055-05-15,7.18,7.1293,7.1543,4092.207101,0.0097230058161,7.0745,7.3856,7.0244,7.3355,Calculado
2026-03-09,NTN-B,2026-03-09,760199,2000-07-15,2060-08-15,7.1783,7.1479,7.1585,3991.966017,0.01190102036382,7.0775,7.3892,7.0282,7.3399,Calculado
2026-03-09,NTN-F,2026-03-09,950199,2016-01-15,2027-01-01,13.6781,13.651,13.6645,991.942541,0.00682170904393,13.2991,13.9641,13.3799,14.0422,Calculado
2026-03-09,NTN-F,2026-03-09,950199,2018-01-05,2029-01-01,13.4077,13.372,13.3884,946.22274,0.00944911182493,12.8546,13.8762,12.9071,13.9287,Calculado
2026-03-09,NTN-F,2026-03-09,950199,2020-01-10,2031-01-01,13.8315,13.8171,13.8271,895.368623,0.00119373363444,13.3829,14.3618,13.3885,14.3676,Calculado
2026-03-09,NTN-F,2026-03-09,950199,2022-01-07,2033-01-01,13.9695,13.9562,13.9652,857.187177,0.00209165006634,13.535,14.5087,13.5205,14.4947,Calculado
2026-03-09,NTN-F,2026-03-09,950199,2024-01-05,2035-01-01,13.951,13.9324,13.9447,832.650777,0.00940079783795,13.5319,14.4962,13.5019,14.4671,Calculado
2026-03-09,NTN-F,2026-03-09,950199,2026-01-09,2037-01-01,14.0067,13.9935,14.0025,810.198491,0,13.6076,14.5669,13.5625,14.5231,Calculado
2026-03-12,LTN,2026-03-12,100000,2024-01-05,2026-04-01,14.7185,14.7056,14.7102,992.404616,0.00383104431976,14.5696,14.9497,14.6127,15.0015,Calculado
2026-03-12,LTN,2026-03-12,100000,2023-01-06,2026-07-01,14.2951,14.2798,14.2901,961.026873,0.00418853908183,14.1254,14.4429,14.2174,14.5366,Calculado
2026-03-12,LTN,2026-03-12,100000,2024-07-05,2026-10-01,13.969,13.9554,13.964,929.955993,0,13.6122,14.0826,13.7899,14.2579,Calculado
2026-03-12,LTN,2026-03-12,100000,2025-01-10,2027-04-01,13.7033,13.6916,13.6973,875.059413,0.00204320296349,13.0333,13.795,13.3202,14.0812,Calculado
2026-03-12,LTN,2026-03-12,100000,2023-07-07,2027-07-01,13.5514,13.5368,13.544,848.898385,0.00262490568592,12.8206,13.636,13.1199,13.9341,Calculado
2026-03-12,LTN,2026-03-12,100000,2025-07-04,2027-10-01,13.508,13.4972,13.5032,821.993546,0.0005017513129,12.7598,13.6439,13.0507,13.9336,Calculado
2026-03-12,LTN,2026-03-12,100000,2024-01-05,2028-01-01,13.4145,13.4018,13.4095,797.555902,0,12.6651,13.6065,12.9425,13.8831,Calculado
2026-03-12,LTN,2026-03-12,100000,2026-01-09,2028-04-01,13.4232,13.4093,13.416,772.765647,0,12.6749,13.6563,12.9432,13.9241,Calculado
2026-03-12,LTN,2026-03-12,100000,2024-07-05,2028-07-01,13.4306,13.4177,13.4242,749.447572,0.00049184525005,12.664,13.6828,12.9404,13.9587,Calculado
2026-03-12,LTN,2026-03-12,100000,2022-02-11,2029-01-01,13.5223,13.5096,13.516,702.821741,0,12.7432,13.7836,13.0247,14.065,Calculado
2026-03-12,LTN,2026-03-12,100000,2025-07-04,2029-07-01,13.6403,13.6296,13.6355,658.048114,0,12.8738,13.9102,13.1513,14.1877,Calculado
2026-03-12,LTN,2026-03-12,100000,2024-01-05,2030-01-01,13.7173,13.7055,13.7115,616.064683,0,12.9689,13.9889,13.2433,14.2634,Calculado
2026-03-12,LTN,2026-03-12,100000,2025-01-10,2032-01-01,13.956,13.9443,13.9507,470.708377,0.00081857519508,13.2501,14.2555,13.4894,14.4947,Calculado
2026-03-12,NTN-C,2026-03-12,770100,2000-07-01,2031-01-01,8.0487,7.8482,7.936,7575.028215,0.01600076387052,7.3462,8.3029,7.2993,8.2563,Calculado
2026-03-12,LFT,2026-03-12,210100,2000-07-01,2026-09-01,-0.0092,-0.0322,-0.02,18572.352432,0.00013424593104,-0.0646,0.0256,-0.0652,0.0271,Calculado
2026-03-12,LFT,2026-03-12,210100,2000-07-01,2027-03-01,0.0026,0.0005,0.0014,18570.346806,0.00035392291534,-0.0429,0.0327,-0.0446,0.0324,Calculado
2026-03-12,LFT,2026-03-12,210100,2000-07-01,2027-09-01,0.012,0.0094,0.011,18567.598356,0.00045011694036,-0.0203,0.0473,-0.0241,0.047,Calculado
2026-03-12,LFT,2026-03-12,210100,2000-07-01,2028-03-01,0.0241,0.0226,0.0231,18562.21288,0.00039105121148,-0.0034,0.0646,-0.0073,0.0635,Calculado
2026-03-12,LFT,2026-03-12,210100,2000-07-01,2028-09-01,0.0376,0.036,0.0369,18553.726113,0.00019621414322,0.0308,0.0604,0.0284,0.0574,Calculado
2026-03-12,LFT,2026-03-12,210100,2000-07-01,2029-03-01,0.0513,0.0499,0.0507,18542.93659,0.00042933376294,0.0439,0.0688,0.0408,0.0665,Calculado
2026-03-12,LFT,2026-03-12,210100,2000-07-01,2029-09-01,0.064,0.0625,0.0629,18530.327148,0.00080057544304,0.0559,0.0821,0.0513,0.0818,Calculado
2026-03-12,LFT,2026-03-12,210100,2000-07-01,2030-03-01,0.0789,0.0775,0.0784,18513.390755,0.00025385909478,0.0677,0.0912,0.0656,0.0891,Calculado
2026-03-12,LFT,2026-03-12,210100,2000-07-01,2030-06-01,0.0876,0.0853,0.087,18503.176921,0,0.0684,0.0988,0.0661,0.0974,Calculado
2026-03-12,LFT,2026-03-12,210100,2000-07-01,2030-09-01,0.0942,0.0907,0.0924,18494.653013,0.00067073320329,0.0714,0.1043,0.0702,0.1023,Calculado
2026-03-12,LFT,2026-03-12,210100,2000-07-01,2030-12-01,0.0978,0.0948,0.0958,18487.447617,0.00068163888533,0.0782,0.1061,0.0759,0.1058,Calculado
2026-03-12,LFT,2026-03-12,210100,2000-07-01,2031-03-01,0.0991,0.0959,0.0974,18481.7093,0.00035795062509,0.0839,0.1077,0.0821,0.1074,Calculado
2026-03-12,LFT,2026-03-12,210100,2000-07-01,2031-06-01,0.1018,0.0983,0.1,18474.801034,0.00024455982908,0.0878,0.1103,0.0868,0.1099,Calculado
2026-03-12,LFT,2026-03-12,210100,2000-07-01,2031-09-01,0.1029,0.0994,0.1011,18469.007005,0.00032650460946,0.0893,0.1149,0.0891,0.1144,Calculado
2026-03-12,LFT,2026-03-12,210100,2000-07-01,2031-12-01,0.1041,0.1006,0.1022,18463.120122,0.00046949019159,0.0899,0.1188,0.0897,0.1191,Calculado
2026-03-12,LFT,2026-03-12,210100,2000-07-01,2032-03-01,0.1078,0.1065,0.107,18453.314842,0.00006882463222,0.0939,0.1183,0.0938,0.1191,Calculado
2026-03-12,NTN-B,2026-03-12,760199,2000-07-15,2026-08-15,9.9518,9.9107,9.933,4576.19126,0.00541478096787,9.5175,10.6015,9.4824,10.5755,Calculado
2026-03-12,NTN-B,2026-03-12,760199,2000-07-15,2027-05-15,8.3024,8.2732,8.2883,4609.014794,0.00460744738657,7.936,8.4778,7.9986,8.5422,Calculado
2026-03-12,NTN-B,2026-03-12,760199,2000-07-15,2028-08-15,8.1151,8.0864,8.1,4449.479736,0,7.654,8.3262,7.754,8.4259,Calculado
2026-03-12,NTN-B,2026-03-12,760199,2000-07-15,2029-05-15,7.9921,7.9571,7.9739,4482.858738,0.00381413411406,7.5143,8.1741,7.628,8.2882,Calculado
2026-03-12,NTN-B,2026-03-12,760199,2000-07-15,2030-08-15,7.9975,7.9661,7.9847,4332.613884,0.00573630005579,7.556,8.0971,7.6697,8.2111,Calculado
2026-03-12,NTN-B,2026-03-12,760199,2000-07-15,2031-05-15,7.9412,7.9093,7.9264,4368.895207,0.00387577669764,7.5393,8.0461,7.6311,8.138,Calculado
2026-03-12,NTN-B,2026-03-12,760199,2000-07-15,2032-08-15,7.8852,7.8568,7.8713,4240.97554,0.00197496232369,7.5161,7.9926,7.6071,8.0837,Calculado
2026-03-12,NTN-B,2026-03-12,760199,2000-07-15,2033-05-15,7.8567,7.8289,7.8451,4280.103636,0.0051804550582,7.5079,7.9676,7.5969,8.0567,Calculado
2026-03-12,NTN-B,2026-03-12,760199,2000-07-15,2035-05-15,7.7085,7.6774,7.6926,4236.962283,0.00410284454007,7.407,7.8284,7.4795,7.901,Calculado
2026-03-12,NTN-B,2026-03-12,760199,2000-07-15,2037-05-15,7.6071,7.5766,7.591,4199.593169,0.00186615280993,7.296,7.6888,7.4033,7.7963,Calculado
2026-03-12,NTN-B,2026-03-12,760199,2000-07-15,2040-08-15,7.4432,7.415,7.4289,4099.599659,0.00167698886699,7.1601,7.5041,7.2689,7.6131,Calculado
2026-03-12,NTN-B,2026-03-12,760199,2000-07-15,2045-05-15,7.3032,7.2758,7.2874,4140.398789,0.00339349222336,7.0352,7.3653,7.1396,7.4698,Calculado
2026-03-12,NTN-B,2026-03-12,760199,2000-07-15,2050-08-15,7.2248,7.1898,7.2071,4045.49707,0.00382207078689,6.9695,7.2875,7.0704,7.3888,Calculado
2026-03-12,NTN-B,2026-03-12,760199,2000-07-15,2055-05-15,7.1909,7.1545,7.172,4093.415448,0.00321677152437,6.9529,7.2648,7.0417,7.3537,Calculado
2026-03-12,NTN-B,2026-03-12,760199,2000-07-15,2060-08-15,7.1968,7.1698,7.184,3988.691202,0.00604707814899,6.9582,7.2709,7.0532,7.366,Calculado
2026-03-12,NTN-F,2026-03-12,950199,2016-01-15,2027-01-01,13.8688,13.8385,13.8547,992.165184,0.00369522302304,13.3008,13.9575,13.5749,14.2288,Calculado
2026-03-12,NTN-F,2026-03-12,950199,2018-01-05,2029-01-01,13.5217,13.496,13.5067,945.229915,0.00383933277797,12.7422,13.7638,13.0256,14.0469,Calculado
2026-03-12,NTN-F,2026-03-12,950199,2020-01-10,2031-01-01,13.9133,13.9005,13.9078,894.355391,0.00188554054584,13.2016,14.1809,13.4693,14.4485,Calculado
2026-03-12,NTN-F,2026-03-12,950199,2022-01-07,2033-01-01,13.9676,13.952,13.9598,858.718211,0.00339975489116,13.2989,14.2735,13.5149,14.4896,Calculado
2026-03-12,NTN-F,2026-03-12,950199,2024-01-05,2035-01-01,13.9807,13.958,13.9705,832.886307,0.00074586772956,13.3249,14.2907,13.5274,14.4934,Calculado
2026-03-12,NTN-F,2026-03-12,950199,2026-01-09,2037-01-01,14.0178,14.0031,14.01,811.131963,0,13.3698,14.3312,13.5695,14.5313,Calculado
2026-03-13,LTN,2026-03-13,100000,2024-01-05,2026-04-01,14.7689,14.7442,14.7549,992.925268,0.00008320498783,14.6127,15.0329,14.65,15.0475,Calculado
2026-03-13,LTN,2026-03-13,100000,2023-01-06,2026-07-01,14.4192,14.4031,14.4094,961.241855,0.00546284097975,14.2174,14.6476,14.3345,14.6554,Calculado
2026-03-13,LTN,2026-03-13,100000,2024-07-05,2026-10-01,14.252,14.2376,14.2436,929.181745,0.00350397435065,13.7899,14.5343,14.0686,14.5362,Calculado
2026-03-13,LTN,2026-03-13,100000,2025-01-10,2027-04-01,14.1311,14.116,14.1235,872.119119,0.00153912216864,13.3202,14.5333,13.7468,14.5338,Calculado
2026-03-13,LTN,2026-03-13,100000,2023-07-07,2027-07-01,13.9888,13.9739,13.9818,845.134384,0.00180055546707,13.1199,14.4203,13.558,14.4204,Calculado
2026-03-13,LTN,2026-03-13,100000,2025-07-04,2027-10-01,13.9614,13.9483,13.9546,817.383407,0.00111000236486,13.0507,14.4083,13.5022,14.4083,Calculado
2026-03-13,LTN,2026-03-13,100000,2024-01-05,2028-01-01,13.8596,13.8464,13.854,792.375135,0.00154581116246,12.9425,14.3276,13.3871,14.3269,Calculado
2026-03-13,LTN,2026-03-13,100000,2026-01-09,2028-04-01,13.8652,13.8525,13.859,767.016646,0,12.9432,14.3673,13.3862,14.3666,Calculado
2026-03-13,LTN,2026-03-13,100000,2024-07-05,2028-07-01,13.8709,13.8581,13.865,743.203932,0,12.9404,14.3999,13.3814,14.3992,Calculado
2026-03-13,LTN,2026-03-13,100000,2022-02-11,2029-01-01,13.9541,13.9421,13.9473,695.806979,0.00141266203672,13.0247,14.4968,13.4561,14.4964,Calculado
2026-03-13,LTN,2026-03-13,100000,2025-07-04,2029-07-01,14.058,14.0483,14.0535,650.524843,0,13.1513,14.6062,13.5694,14.6059,Calculado
2026-03-13,LTN,2026-03-13,100000,2024-01-05,2030-01-01,14.1184,14.1065,14.1125,608.261562,0,13.2433,14.6649,13.6442,14.6645,Calculado
2026-03-13,LTN,2026-03-13,100000,2025-01-10,2032-01-01,14.309,14.2973,14.3023,462.660495,0.0008819356269,13.4894,14.8466,13.8411,14.8464,Calculado
2026-03-13,NTN-C,2026-03-13,770100,2000-07-01,2031-01-01,8.089,7.9065,7.9426,7575.884569,0.02850031328144,7.2993,8.2563,7.0957,8.4274,Calculado
2026-03-13,LFT,2026-03-13,210100,2000-07-01,2026-09-01,-0.0084,-0.032,-0.02,18582.572975,0,-0.0652,0.0295,-0.0674,0.0295,Calculado
2026-03-13,LFT,2026-03-13,210100,2000-07-01,2027-03-01,0.002,0,0.0011,18580.640567,0.00028657314947,-0.0446,0.0343,-0.047,0.0343,Calculado
2026-03-13,LFT,2026-03-13,210100,2000-07-01,2027-09-01,0.0125,0.01,0.011,18577.85344,0.00030869347256,-0.0241,0.0492,-0.0273,0.0491,Calculado
2026-03-13,LFT,2026-03-13,210100,2000-07-01,2028-03-01,0.0236,0.0215,0.0225,18572.669385,0.0005059297382,-0.0073,0.0651,-0.01,0.0649,Calculado
2026-03-13,LFT,2026-03-13,210100,2000-07-01,2028-09-01,0.0358,0.0341,0.035,18564.846849,0.00006030215585,0.0284,0.0583,0.0264,0.0582,Calculado
2026-03-13,LFT,2026-03-13,210100,2000-07-01,2029-03-01,0.0513,0.0503,0.0508,18553.140917,0.00036039288284,0.0408,0.0656,0.0408,0.0656,Calculado
2026-03-13,LFT,2026-03-13,210100,2000-07-01,2029-09-01,0.064,0.0614,0.0626,18540.784655,0.00050064285674,0.0513,0.0821,0.0509,0.0814,Calculado
2026-03-13,LFT,2026-03-13,210100,2000-07-01,2030-03-01,0.0792,0.077,0.0783,18523.727439,0.00031418695072,0.0656,0.0894,0.0651,0.0891,Calculado
2026-03-13,LFT,2026-03-13,210100,2000-07-01,2030-06-01,0.088,0.0854,0.0868,18513.600879,0.00032038578308,0.0661,0.0971,0.066,0.0971,Calculado
2026-03-13,LFT,2026-03-13,210100,2000-07-01,2030-09-01,0.0935,0.0904,0.092,18505.258079,0.0001843554176,0.0702,0.1023,0.0703,0.1018,Calculado
2026-03-13,LFT,2026-03-13,210100,2000-07-01,2030-12-01,0.0975,0.095,0.0959,18497.621352,0.00055567249347,0.0759,0.1064,0.0756,0.1058,Calculado
2026-03-13,LFT,2026-03-13,210100,2000-07-01,2031-03-01,0.099,0.0955,0.0973,18492.065679,0.00019952323173,0.0821,0.1073,0.0822,0.1072,Calculado
2026-03-13,LFT,2026-03-13,210100,2000-07-01,2031-06-01,0.1017,0.0979,0.1,18485.060701,0,0.0868,0.1102,0.0868,0.1098,Calculado
2026-03-13,LFT,2026-03-13,210100,2000-07-01,2031-09-01,0.1029,0.0992,0.1011,18479.263477,0.00018427786085,0.0891,0.1145,0.0892,0.1143,Calculado
2026-03-13,LFT,2026-03-13,210100,2000-07-01,2031-12-01,0.1038,0.1005,0.1021,18473.466253,0.000319568725,0.0897,0.1193,0.0898,0.1191,Calculado
2026-03-13,LFT,2026-03-13,210100,2000-07-01,2032-03-01,0.1077,0.1062,0.107,18463.562663,0,0.0938,0.1196,0.094,0.119,Calculado
2026-03-13,NTN-B,2026-03-13,760199,2000-07-15,2026-08-15,9.9703,9.935,9.95,4579.38652,0,9.4824,10.5772,9.4925,10.5947,Calculado
2026-03-13,NTN-B,2026-03-13,760199,2000-07-15,2027-05-15,8.5513,8.512,8.53,4600.794221,0,7.9986,8.8558,8.24,8.8577,Calculado
2026-03-13,NTN-B,2026-03-13,760199,2000-07-15,2028-08-15,8.4557,8.4128,8.4303,4421.901227,0.01313030733646,7.754,8.7743,8.0845,8.7746,Calculado
2026-03-13,NTN-B,2026-03-13,760199,2000-07-15,2029-05-15,8.318,8.2796,8.299,4447.763656,0.00707701174437,7.628,8.6134,7.9532,8.6138,Calculado
2026-03-13,NTN-B,2026-03-13,760199,2000-07-15,2030-08-15,8.326,8.2935,8.3086,4285.480963,0.01296439963477,7.6697,8.5855,7.9936,8.5859,Calculado
2026-03-13,NTN-B,2026-03-13,760199,2000-07-15,2031-05-15,8.2439,8.2032,8.2233,4319.78978,0.01717249943456,7.6311,8.485,7.9279,8.4854,Calculado
2026-03-13,NTN-B,2026-03-13,760199,2000-07-15,2032-08-15,8.1103,8.0767,8.0911,4198.197001,0.00281147857186,7.6071,8.3349,7.8267,8.3355,Calculado
2026-03-13,NTN-B,2026-03-13,760199,2000-07-15,2033-05-15,8.0919,8.0585,8.073,4231.737122,0.00734620560766,7.5969,8.3093,7.8246,8.3097,Calculado
2026-03-13,NTN-B,2026-03-13,760199,2000-07-15,2035-05-15,7.8788,7.8516,7.8641,4193.72375,0.00399853774273,7.4795,8.0869,7.6508,8.0872,Calculado
2026-03-13,NTN-B,2026-03-13,760199,2000-07-15,2037-05-15,7.7865,7.745,7.7668,4148.639307,0.00687136267344,7.4033,7.9814,7.5789,7.9816,Calculado
2026-03-13,NTN-B,2026-03-13,760199,2000-07-15,2040-08-15,7.6323,7.6021,7.6144,4036.071751,0.01369219043616,7.2689,7.8199,7.4539,7.8201,Calculado
2026-03-13,NTN-B,2026-03-13,760199,2000-07-15,2045-05-15,7.5166,7.4863,7.4996,4055.562345,0.00451323398795,7.1396,7.7061,7.3516,7.7061,Calculado
2026-03-13,NTN-B,2026-03-13,760199,2000-07-15,2050-08-15,7.442,7.4076,7.4256,3948.847988,0.00497789229996,7.0704,7.6328,7.288,7.6328,Calculado
2026-03-13,NTN-B,2026-03-13,760199,2000-07-15,2055-05-15,7.4119,7.375,7.3936,3989.885203,0.00558820975179,7.0417,7.6008,7.2628,7.6008,Calculado
2026-03-13,NTN-B,2026-03-13,760199,2000-07-15,2060-08-15,7.4225,7.3853,7.4038,3882.758714,0.00403295250034,7.0532,7.6115,7.2728,7.6116,Calculado
2026-03-13,NTN-F,2026-03-13,950199,2016-01-15,2027-01-01,14.2331,14.2017,14.2169,990.239592,0.00292387484513,13.5749,14.588,13.9379,14.5889,Calculado
2026-03-13,NTN-F,2026-03-13,950199,2018-01-05,2029-01-01,13.955,13.9292,13.9401,936.96641,0.00348719461889,13.0256,14.4806,13.4592,14.4803,Calculado
2026-03-13,NTN-F,2026-03-13,950199,2020-01-10,2031-01-01,14.2873,14.2738,14.281,883.866593,0,13.4693,14.8221,13.8428,14.8218,Calculado
2026-03-13,NTN-F,2026-03-13,950199,2022-01-07,2033-01-01,14.2884,14.2778,14.2828,847.555212,0.00092044674479,13.5149,14.8131,13.8379,14.8129,Calculado
2026-03-13,NTN-F,2026-03-13,950199,2024-01-05,2035-01-01,14.284,14.2651,14.2743,820.995125,0.00484783064679,13.5274,14.7976,13.831,14.7975,Calculado
2026-03-13,NTN-F,2026-03-13,950199,2026-01-09,2037-01-01,14.3048,14.2914,14.299,798.93963,0,13.5695,14.8209,13.858,14.8209,Calculado
2026-03-11,LTN,2026-03-11,100000,2024-01-05,2026-04-01,14.6731,14.6573,14.6616,991.88932,0.00453916034086,14.543,14.9153,14.5696,14.9497,Calculado
2026-03-11,LTN,2026-03-11,100000,2023-01-06,2026-07-01,14.2051,14.1893,14.197,960.753723,0,14.075,14.3914,14.1254,14.4429,Calculado
2026-03-11,LTN,2026-03-11,100000,2024-07-05,2026-10-01,13.7969,13.7806,13.7861,930.286567,0.00043301269035,13.5375,14.0103,13.6122,14.0826,Calculado
2026-03-11,LTN,2026-03-11,100000,2025-01-10,2027-04-01,13.4186,13.408,13.411,876.918188,0.00436883567327,12.9273,13.6898,13.0333,13.795,Calculado
2026-03-11,LTN,2026-03-11,100000,2023-07-07,2027-07-01,13.2487,13.2397,13.2451,851.368808,0.00113090554866,12.698,13.5145,12.8206,13.636,Calculado
2026-03-11,LTN,2026-03-11,100000,2025-07-04,2027-10-01,13.2174,13.2077,13.2126,824.854917,0.00092764557348,12.6364,13.5215,12.7598,13.6439,Calculado
2026-03-11,LTN,2026-03-11,100000,2024-01-05,2028-01-01,13.1378,13.1239,13.1323,800.680095,0.00207513287767,12.5452,13.4874,12.6651,13.6065,Calculado
2026-03-11,LTN,2026-03-11,100000,2026-01-09,2028-04-01,13.1536,13.1404,13.1478,776.140441,0.00035118845368,12.5498,13.5317,12.6749,13.6563,Calculado
2026-03-11,LTN,2026-03-11,100000,2024-07-05,2028-07-01,13.1536,13.1434,13.148,753.273669,0,12.5519,13.5712,12.664,13.6828,Calculado
2026-03-11,LTN,2026-03-11,100000,2022-02-11,2029-01-01,13.2395,13.2292,13.2346,707.342104,0.00056454711052,12.6455,13.6859,12.7432,13.7836,Calculado
2026-03-11,LTN,2026-03-11,100000,2025-07-04,2029-07-01,13.3629,13.3536,13.358,663.006629,0,12.7918,13.8281,12.8738,13.9102,Calculado
2026-03-11,LTN,2026-03-11,100000,2024-01-05,2030-01-01,13.4425,13.4325,13.4371,621.390521,0.00067603071676,12.898,13.9177,12.9689,13.9889,Calculado
2026-03-11,LTN,2026-03-11,100000,2025-01-10,2032-01-01,13.716,13.706,13.7115,476.207345,0,13.2254,14.2308,13.2501,14.2555,Calculado
2026-03-11,NTN-C,2026-03-11,770100,2000-07-01,2031-01-01,8.0377,7.8137,7.9343,7572.879477,0.06359477616558,7.4475,8.4038,7.3462,8.3029,Calculado
2026-03-11,LFT,2026-03-11,210100,2000-07-01,2026-09-01,-0.0088,-0.0312,-0.0201,18562.137511,0.00477877934414,-0.0671,0.0229,-0.0646,0.0256,Calculado
2026-03-11,LFT,2026-03-11,210100,2000-07-01,2027-03-01,0.0029,0.001,0.0022,18559.965947,0.00048292479746,-0.0442,0.0325,-0.0429,0.0327,Calculado
2026-03-11,LFT,2026-03-11,210100,2000-07-01,2027-09-01,0.0131,0.0109,0.0117,18557.181891,0.00045749124582,-0.0195,0.0473,-0.0203,0.0473,Calculado
2026-03-11,LFT,2026-03-11,210100,2000-07-01,2028-03-01,0.0274,0.0254,0.0265,18550.722881,0.00010823252746,-0.0026,0.0656,-0.0034,0.0646,Calculado
2026-03-11,LFT,2026-03-11,210100,2000-07-01,2028-09-01,0.0397,0.0384,0.0392,18542.426394,0.00037244253248,0.0314,0.0617,0.0308,0.0604,Calculado
2026-03-11,LFT,2026-03-11,210100,2000-07-01,2029-03-01,0.0544,0.0529,0.0537,18531.048884,0.00035958064464,0.0447,0.0697,0.0439,0.0688,Calculado
2026-03-11,LFT,2026-03-11,210100,2000-07-01,2029-09-01,0.0681,0.0662,0.0674,18517.184285,0.0004282426882,0.0571,0.0824,0.0559,0.0821,Calculado
2026-03-11,LFT,2026-03-11,210100,2000-07-01,2030-03-01,0.081,0.0794,0.0803,18501.760614,0.00034488745991,0.0681,0.0919,0.0677,0.0912,Calculado
2026-03-11,LFT,2026-03-11,210100,2000-07-01,2030-06-01,0.0893,0.0871,0.0883,18491.905055,0.0003417085015,0.0685,0.0996,0.0684,0.0988,Calculado
2026-03-11,LFT,2026-03-11,210100,2000-07-01,2030-09-01,0.0956,0.0934,0.0943,18482.847592,0.00046528617001,0.0716,0.1049,0.0714,0.1043,Calculado
2026-03-11,LFT,2026-03-11,210100,2000-07-01,2030-12-01,0.0975,0.0945,0.096,18477.019635,0.00049144731152,0.0785,0.1065,0.0782,0.1061,Calculado
2026-03-11,LFT,2026-03-11,210100,2000-07-01,2031-03-01,0.0993,0.0962,0.0976,18471.265919,0.00056470247033,0.0841,0.1081,0.0839,0.1077,Calculado
2026-03-11,LFT,2026-03-11,210100,2000-07-01,2031-06-01,0.1015,0.0985,0.1001,18464.454261,0.0002963718104,0.0879,0.1109,0.0878,0.1103,Calculado
2026-03-11,LFT,2026-03-11,210100,2000-07-01,2031-09-01,0.1031,0.0997,0.1014,18458.45926,0.0001204386981,0.0894,0.1156,0.0893,0.1149,Calculado
2026-03-11,LFT,2026-03-11,210100,2000-07-01,2031-12-01,0.1042,0.1008,0.1025,18452.557061,0.00035442069635,0.0899,0.1197,0.0899,0.1188,Calculado
2026-03-11,LFT,2026-03-11,210100,2000-07-01,2032-03-01,0.1082,0.1064,0.1076,18442.404537,0.00018771811314,0.094,0.1191,0.0939,0.1183,Calculado
2026-03-11,NTN-B,2026-03-11,760199,2000-07-15,2026-08-15,9.9806,9.9443,9.9635,4569.882788,0.00441081558331,9.501,10.5761,9.5175,10.6015,Calculado
2026-03-11,NTN-B,2026-03-11,760199,2000-07-15,2027-05-15,8.2425,8.212,8.2257,4606.478923,0.00481564909228,7.8891,8.4293,7.936,8.4778,Calculado
2026-03-11,NTN-B,2026-03-11,760199,2000-07-15,2028-08-15,8.0166,7.987,8,4453.536401,0,7.5801,8.2526,7.654,8.3262,Calculado
2026-03-11,NTN-B,2026-03-11,760199,2000-07-15,2029-05-15,7.8753,7.8442,7.8602,4491.015875,0.00819242268624,7.4245,8.0839,7.5143,8.1741,Calculado
2026-03-11,NTN-B,2026-03-11,760199,2000-07-15,2030-08-15,7.8893,7.8583,7.8709,4345.269559,0.00186389850582,7.4908,8.0316,7.556,8.0971,Calculado
2026-03-11,NTN-B,2026-03-11,760199,2000-07-15,2031-05-15,7.8526,7.8207,7.8345,4380.020394,0.00394034462706,7.4799,7.9865,7.5393,8.0461,Calculado
2026-03-11,NTN-B,2026-03-11,760199,2000-07-15,2032-08-15,7.796,7.767,7.7802,4255.076482,0.00065748890485,7.4668,7.9432,7.5161,7.9926,Calculado
2026-03-11,NTN-B,2026-03-11,760199,2000-07-15,2033-05-15,7.7693,7.7378,7.756,4295.321593,0.00529600028701,7.472,7.9315,7.5079,7.9676,Calculado
2026-03-11,NTN-B,2026-03-11,760199,2000-07-15,2035-05-15,7.6336,7.604,7.62,4251.695745,0,7.3748,7.796,7.407,7.8284,Calculado
2026-03-11,NTN-B,2026-03-11,760199,2000-07-15,2037-05-15,7.5062,7.467,7.4835,4228.007459,0.00404751194439,7.2957,7.6883,7.296,7.6888,Calculado
2026-03-11,NTN-B,2026-03-11,760199,2000-07-15,2040-08-15,7.3386,7.3071,7.3199,4134.42902,0.00101036296943,7.172,7.5159,7.1601,7.5041,Calculado
2026-03-11,NTN-B,2026-03-11,760199,2000-07-15,2045-05-15,7.1998,7.1697,7.1829,4179.719801,0.00440346184042,7.0424,7.3722,7.0352,7.3653,Calculado
2026-03-11,NTN-B,2026-03-11,760199,2000-07-15,2050-08-15,7.12,7.0925,7.1058,4088.134655,0.00427751596724,6.9778,7.2954,6.9695,7.2875,Calculado
2026-03-11,NTN-B,2026-03-11,760199,2000-07-15,2055-05-15,7.1004,7.0662,7.0832,4132.528222,0.00481812055681,6.9641,7.2754,6.9529,7.2648,Calculado
2026-03-11,NTN-B,2026-03-11,760199,2000-07-15,2060-08-15,7.1049,7.0765,7.089,4032.567543,0.00209964204568,6.9586,7.2706,6.9582,7.2709,Calculado
2026-03-11,NTN-F,2026-03-11,950199,2016-01-15,2027-01-01,13.5983,13.5639,13.5818,993.516504,0.00325734463943,13.1906,13.8501,13.3008,13.9575,Calculado
2026-03-11,NTN-F,2026-03-11,950199,2018-01-05,2029-01-01,13.2409,13.2112,13.2235,950.544276,0.00342590748562,12.6425,13.6642,12.7422,13.7638,Calculado
2026-03-11,NTN-F,2026-03-11,950199,2020-01-10,2031-01-01,13.6459,13.6354,13.6402,901.873884,0.00164504839139,13.1541,14.1333,13.2016,14.1809,Calculado
2026-03-11,NTN-F,2026-03-11,950199,2022-01-07,2033-01-01,13.7499,13.7386,13.7438,866.169528,0.00156963138348,13.2962,14.2704,13.2989,14.2735,Calculado
2026-03-11,NTN-F,2026-03-11,950199,2024-01-05,2035-01-01,13.779,13.7543,13.7679,840.830036,0.00174195629968,13.3163,14.2813,13.3249,14.2907,Calculado
2026-03-11,NTN-F,2026-03-11,950199,2026-01-09,2037-01-01,13.8166,13.8046,13.8101,819.619714,0.0018991379992,13.3893,14.3493,13.3698,14.3312,Calculado
2026-03-16,LTN,2026-03-16,100000,2024-01-05,2026-04-01,14.757,14.7416,14.747,993.470954,0,14.616,15.0475,14.6397,15.046,Calculado
2026-03-16,LTN,2026-03-16,100000,2023-01-06,2026-07-01,14.2406,14.228,14.2337,962.183747,0.00396135174909,14.0944,14.6554,14.1015,14.4798,Calculado
2026-03-16,LTN,2026-03-16,100000,2024-07-05,2026-10-01,14.0767,14.0596,14.068,930.45634,0.0022756474727,13.8735,14.5362,13.8782,14.3596,Calculado
2026-03-16,LTN,2026-03-16,100000,2025-01-10,2027-04-01,13.8772,13.8647,13.8704,874.577566,0.00198288510257,13.4926,14.5338,13.495,14.2804,Calculado
2026-03-16,LTN,2026-03-16,100000,2023-07-07,2027-07-01,13.7161,13.7038,13.7103,848.162019,0.00030883455118,13.286,14.4204,13.2873,14.1489,Calculado
2026-03-16,LTN,2026-03-16,100000,2025-07-04,2027-10-01,13.6804,13.6623,13.672,820.939733,0.00282423293303,13.2195,14.4083,13.2202,14.1258,Calculado
2026-03-16,LTN,2026-03-16,100000,2024-01-05,2028-01-01,13.5806,13.566,13.574,796.284531,0.00158490475108,13.1071,14.3269,13.1074,14.0465,Calculado
2026-03-16,LTN,2026-03-16,100000,2026-01-09,2028-04-01,13.5721,13.5598,13.5679,771.429294,0.00006666655833,13.0953,14.3666,13.0953,14.0752,Calculado
2026-03-16,LTN,2026-03-16,100000,2024-07-05,2028-07-01,13.5695,13.5555,13.5593,748.162278,0.00342089169516,13.0759,14.3992,13.076,14.0932,Calculado
2026-03-16,LTN,2026-03-16,100000,2022-02-11,2029-01-01,13.6335,13.6216,13.6273,701.619408,0.00092511260396,13.1365,14.4964,13.1362,14.1764,Calculado
2026-03-16,LTN,2026-03-16,100000,2025-07-04,2029-07-01,13.7293,13.7176,13.7237,657.049044,0.00048438103803,13.2399,14.6059,13.2395,14.2761,Calculado
2026-03-16,LTN,2026-03-16,100000,2024-01-05,2030-01-01,13.766,13.7569,13.7611,615.682375,0.00145602197786,13.2932,14.6645,13.2928,14.3132,Calculado
2026-03-16,LTN,2026-03-16,100000,2025-01-10,2032-01-01,13.9305,13.9205,13.925,471.809302,0.0008904820773,13.464,14.8464,13.4638,14.4691,Calculado
2026-03-16,NTN-C,2026-03-16,770100,2000-07-01,2031-01-01,7.9361,7.7829,7.8432,7604.940222,0.14319034666757,7.0957,8.4274,7.3198,8.6342,Calculado
2026-03-16,LFT,2026-03-16,210100,2000-07-01,2026-09-01,-0.0097,-0.0448,-0.0239,18593.133781,0.00540456642294,-0.0674,0.0295,-0.0726,0.0279,Calculado
2026-03-16,LFT,2026-03-16,210100,2000-07-01,2027-03-01,0.0019,-0.0007,0.0009,18590.921442,0.00021995667755,-0.047,0.0343,-0.0505,0.0352,Calculado
2026-03-16,LFT,2026-03-16,210100,2000-07-01,2027-09-01,0.0124,0.0088,0.0109,18588.132778,0.00013867497972,-0.0273,0.0491,-0.0288,0.05,Calculado
2026-03-16,LFT,2026-03-16,210100,2000-07-01,2028-03-01,0.0226,0.0201,0.0219,18583.150367,0.00056582982424,-0.01,0.0649,-0.0116,0.0666,Calculado
2026-03-16,LFT,2026-03-16,210100,2000-07-01,2028-09-01,0.0355,0.0327,0.0344,18575.379291,0.00064920765553,0.0264,0.0582,0.0258,0.0589,Calculado
2026-03-16,LFT,2026-03-16,210100,2000-07-01,2029-03-01,0.0518,0.0494,0.0507,18563.462404,0.00029605244468,0.0408,0.0656,0.0407,0.0654,Calculado
2026-03-16,LFT,2026-03-16,210100,2000-07-01,2029-09-01,0.064,0.0608,0.0623,18551.248058,0.00021111944486,0.0509,0.0814,0.0506,0.0811,Calculado
2026-03-16,LFT,2026-03-16,210100,2000-07-01,2030-03-01,0.0793,0.0767,0.078,18534.218621,0.00022228756151,0.0651,0.0891,0.0646,0.0888,Calculado
2026-03-16,LFT,2026-03-16,210100,2000-07-01,2030-06-01,0.088,0.085,0.0865,18524.105069,0.00019386183224,0.066,0.0971,0.0656,0.0967,Calculado
2026-03-16,LFT,2026-03-16,210100,2000-07-01,2030-09-01,0.0937,0.0902,0.092,18515.515986,0,0.0703,0.1018,0.0697,0.1017,Calculado
2026-03-16,LFT,2026-03-16,210100,2000-07-01,2030-12-01,0.0976,0.0938,0.0958,18507.986595,0.00023237897926,0.0756,0.1058,0.0752,0.1056,Calculado
2026-03-16,LFT,2026-03-16,210100,2000-07-01,2031-03-01,0.0991,0.0949,0.0972,18502.409268,0.00020655909566,0.0822,0.1072,0.082,0.107,Calculado
2026-03-16,LFT,2026-03-16,210100,2000-07-01,2031-06-01,0.1021,0.0982,0.1,18495.326063,0.00003922320742,0.0868,0.1098,0.0868,0.1097,Calculado
2026-03-16,LFT,2026-03-16,210100,2000-07-01,2031-09-01,0.1021,0.0998,0.101,18489.618599,0.00026131534589,0.0892,0.1143,0.0892,0.1146,Calculado
2026-03-16,LFT,2026-03-16,210100,2000-07-01,2031-12-01,0.1033,0.1007,0.1022,18483.632268,0.00037170115685,0.0898,0.1191,0.09,0.1196,Calculado
2026-03-16,LFT,2026-03-16,210100,2000-07-01,2032-03-01,0.1082,0.1068,0.1076,18473.165485,0.00036550616958,0.094,0.119,0.0947,0.1195,Calculado
2026-03-16,NTN-B,2026-03-16,760199,2000-07-15,2026-08-15,9.9816,9.9122,9.9376,4583.102408,0.01882865327632,9.4246,10.5947,9.4779,10.5893,Calculado
2026-03-16,NTN-B,2026-03-16,760199,2000-07-15,2027-05-15,8.404,8.3769,8.3912,4610.62866,0.00812295858231,8.0986,8.8577,8.1022,8.7189,Calculado
2026-03-16,NTN-B,2026-03-16,760199,2000-07-15,2028-08-15,8.2169,8.1808,8.1993,4446.434707,0.01189230671695,7.8533,8.7746,7.8537,8.544,Calculado
2026-03-16,NTN-B,2026-03-16,760199,2000-07-15,2029-05-15,8.03,7.998,8.0099,4484.814881,0.01336309545914,7.664,8.6138,7.6642,8.3252,Calculado
2026-03-16,NTN-B,2026-03-16,760199,2000-07-15,2030-08-15,8.0169,7.9894,8.0028,4335.796963,0.00384798876428,7.6874,8.5859,7.6876,8.2802,Calculado
2026-03-16,NTN-B,2026-03-16,760199,2000-07-15,2031-05-15,7.9337,7.8954,7.9161,4376.752801,0.01030641655523,7.6174,8.4854,7.6177,8.1783,Calculado
2026-03-16,NTN-B,2026-03-16,760199,2000-07-15,2032-08-15,7.8255,7.7939,7.8106,4259.55082,0.00105559731906,7.5269,8.3355,7.5272,8.055,Calculado
2026-03-16,NTN-B,2026-03-16,760199,2000-07-15,2033-05-15,7.793,7.766,7.7804,4300.710488,0.00074612551893,7.5113,8.3097,7.5116,8.0171,Calculado
2026-03-16,NTN-B,2026-03-16,760199,2000-07-15,2035-05-15,7.5938,7.5654,7.5816,4272.966509,0.00497631891964,7.3456,8.0872,7.3459,7.8046,Calculado
2026-03-16,NTN-B,2026-03-16,760199,2000-07-15,2037-05-15,7.5185,7.475,7.499,4233.831239,0.00207019667665,7.288,7.9816,7.2882,7.7137,Calculado
2026-03-16,NTN-B,2026-03-16,760199,2000-07-15,2040-08-15,7.3943,7.3578,7.3757,4124.402575,0.00696681775992,7.192,7.8201,7.1921,7.5813,Calculado
2026-03-16,NTN-B,2026-03-16,760199,2000-07-15,2045-05-15,7.2843,7.2568,7.271,4152.813632,0.0025,7.1099,7.7061,7.1099,7.4774,Calculado
2026-03-16,NTN-B,2026-03-16,760199,2000-07-15,2050-08-15,7.195,7.156,7.1743,4066.121226,0.00637398716739,7.0179,7.6328,7.018,7.381,Calculado
2026-03-16,NTN-B,2026-03-16,760199,2000-07-15,2055-05-15,7.174,7.132,7.1522,4108.568726,0.00443540420368,6.9968,7.6008,6.9968,7.3588,Calculado
2026-03-16,NTN-B,2026-03-16,760199,2000-07-15,2060-08-15,7.1749,7.1271,7.1522,4010.128327,0.00808000926361,6.9972,7.6116,6.9972,7.3591,Calculado
2026-03-16,NTN-F,2026-03-16,950199,2016-01-15,2027-01-01,14.0046,13.9469,13.9816,992.336119,0.01748281719432,13.7006,14.5889,13.7047,14.3529,Calculado
2026-03-16,NTN-F,2026-03-16,950199,2018-01-05,2029-01-01,13.6404,13.6058,13.6235,943.816401,0.00078407443524,13.1428,14.4803,13.1426,14.1638,Calculado
2026-03-16,NTN-F,2026-03-16,950199,2020-01-10,2031-01-01,13.9162,13.9046,13.9105,895.200293,0,13.4722,14.8218,13.4721,14.4516,Calculado
2026-03-16,NTN-F,2026-03-16,950199,2022-01-07,2033-01-01,13.9367,13.9102,13.924,860.909627,0.00453018471147,13.4789,14.8129,13.4787,14.4544,Calculado
2026-03-16,NTN-F,2026-03-16,950199,2024-01-05,2035-01-01,13.9311,13.9112,13.9202,835.817835,0.00327830621816,13.4765,14.7975,13.4764,14.4441,Calculado
2026-03-16,NTN-F,2026-03-16,950199,2026-01-09,2037-01-01,13.9372,13.9251,13.93,815.522734,0.00177458915245,13.4885,14.8209,13.4885,14.4526,Calculado
2026-03-17,LTN,2026-03-17,100000,2024-01-05,2026-04-01,14.7826,14.7649,14.7736,994.003352,0.00260085455764,14.6397,15.046,14.6622,15.0774,Calculado
2026-03-17,LTN,2026-03-17,100000,2023-01-06,2026-07-01,14.3093,14.295,14.3001,962.532171,0.00043893810498,14.1015,14.4798,14.1682,14.5437,Calculado
2026-03-17,LTN,2026-03-17,100000,2024-07-05,2026-10-01,14.1489,14.1369,14.1426,930.611637,0.00083904707258,13.8782,14.3596,13.9533,14.4324,Calculado
2026-03-17,LTN,2026-03-17,100000,2025-01-10,2027-04-01,13.9611,13.9483,13.9535,874.372646,0.00154685116608,13.495,14.2804,13.579,14.3628,Calculado
2026-03-17,LTN,2026-03-17,100000,2023-07-07,2027-07-01,13.8188,13.7998,13.8093,847.651464,0.00190361305942,13.2873,14.1489,13.3869,14.2475,Calculado
2026-03-17,LTN,2026-03-17,100000,2025-07-04,2027-10-01,13.7781,13.7662,13.7724,820.244453,0.00146247171597,13.2202,14.1258,13.3209,14.226,Calculado
2026-03-17,LTN,2026-03-17,100000,2024-01-05,2028-01-01,13.6732,13.6604,13.6671,795.521971,0.0031101230667,13.1074,14.0465,13.2007,14.139,Calculado
2026-03-17,LTN,2026-03-17,100000,2026-01-09,2028-04-01,13.6694,13.6563,13.6639,770.492425,0.00095699181292,13.0953,14.0752,13.1914,14.1707,Calculado
2026-03-17,LTN,2026-03-17,100000,2024-07-05,2028-07-01,13.66,13.6444,13.6514,747.158907,0.00162625517063,13.076,14.0932,13.1683,14.185,Calculado
2026-03-17,LTN,2026-03-17,100000,2022-02-11,2029-01-01,13.7161,13.7047,13.71,700.561989,0.00111677794122,13.1362,14.1764,13.2189,14.2591,Calculado
2026-03-17,LTN,2026-03-17,100000,2025-07-04,2029-07-01,13.8022,13.7912,13.7965,656.013622,0,13.2395,14.2761,13.3123,14.349,Calculado
2026-03-17,LTN,2026-03-17,100000,2024-01-05,2030-01-01,13.8527,13.8408,13.8465,614.262785,0,13.2928,14.3132,13.3781,14.3987,Calculado
2026-03-17,LTN,2026-03-17,100000,2025-01-10,2032-01-01,13.9752,13.9652,13.9705,470.969364,0.0006101001721,13.4638,14.4691,13.5094,14.5146,Calculado
2026-03-17,NTN-C,2026-03-17,770100,2000-07-01,2031-01-01,7.9342,7.7643,7.861,7602.788087,0.03756600857145,7.3198,8.6342,7.251,8.3291,Calculado
2026-03-17,LFT,2026-03-17,210100,2000-07-01,2026-09-01,-0.0109,-0.0383,-0.0242,18603.402963,0.00075542482088,-0.0726,0.0279,-0.0744,0.0287,Calculado
2026-03-17,LFT,2026-03-17,210100,2000-07-01,2027-03-01,-0.0007,-0.0022,-0.0014,18601.580032,0.0002755861027,-0.0505,0.0352,-0.0533,0.0343,Calculado
2026-03-17,LFT,2026-03-17,210100,2000-07-01,2027-09-01,0.009,0.0062,0.0081,18599.143257,0.00044651884619,-0.0288,0.05,-0.033,0.0484,Calculado
2026-03-17,LFT,2026-03-17,210100,2000-07-01,2028-03-01,0.0204,0.0173,0.0191,18594.418517,0.00083997179715,-0.0116,0.0666,-0.0157,0.0643,Calculado
2026-03-17,LFT,2026-03-17,210100,2000-07-01,2028-09-01,0.0323,0.0302,0.031,18587.201197,0.00028258260739,0.0258,0.0589,0.0222,0.0559,Calculado
2026-03-17,LFT,2026-03-17,210100,2000-07-01,2029-03-01,0.0483,0.0443,0.0473,18575.593962,0.00083403478345,0.0407,0.0654,0.0372,0.0629,Calculado
2026-03-17,LFT,2026-03-17,210100,2000-07-01,2029-09-01,0.0603,0.0581,0.0598,18563.112464,0.00078445421154,0.0506,0.0811,0.048,0.0785,Calculado
2026-03-17,LFT,2026-03-17,210100,2000-07-01,2030-03-01,0.077,0.0748,0.0763,18545.738815,0.0004093926355,0.0646,0.0888,0.0621,0.0872,Calculado
2026-03-17,LFT,2026-03-17,210100,2000-07-01,2030-06-01,0.0856,0.0828,0.0846,18535.842903,0.00062281195396,0.0656,0.0967,0.064,0.0949,Calculado
2026-03-17,LFT,2026-03-17,210100,2000-07-01,2030-09-01,0.092,0.0895,0.0909,18526.691044,0.00060911929045,0.0697,0.1017,0.0681,0.1007,Calculado
2026-03-17,LFT,2026-03-17,210100,2000-07-01,2030-12-01,0.0967,0.0932,0.0949,18519.027293,0.00088750256901,0.0752,0.1056,0.0742,0.1047,Calculado
2026-03-17,LFT,2026-03-17,210100,2000-07-01,2031-03-01,0.0976,0.096,0.097,18512.87025,0.00047022453147,0.082,0.107,0.081,0.1068,Calculado
2026-03-17,LFT,2026-03-17,210100,2000-07-01,2031-06-01,0.1017,0.0982,0.0997,18505.876147,0.00050642924481,0.0868,0.1097,0.0868,0.1095,Calculado
2026-03-17,LFT,2026-03-17,210100,2000-07-01,2031-09-01,0.1026,0.0986,0.1005,18500.388752,0.00089261677107,0.0892,0.1146,0.0887,0.1157,Calculado
2026-03-17,LFT,2026-03-17,210100,2000-07-01,2031-12-01,0.1041,0.1001,0.102,18494.1015,0.00053492408807,0.09,0.1196,0.0897,0.1214,Calculado
2026-03-17,LFT,2026-03-17,210100,2000-07-01,2032-03-01,0.1107,0.1096,0.1101,18480.689935,0.00019102675205,0.0947,0.1195,0.0961,0.1205,Calculado
2026-03-17,NTN-B,2026-03-17,760199,2000-07-15,2026-08-15,9.4736,9.41,9.4379,4594.19469,0.02856592208822,8.9652,10.5893,8.9714,10.0921,Calculado
2026-03-17,NTN-B,2026-03-17,760199,2000-07-15,2027-05-15,8.3625,8.33,8.3417,4615.099464,0.00704301717306,8.0343,8.7189,8.0522,8.6678,Calculado
2026-03-17,NTN-B,2026-03-17,760199,2000-07-15,2028-08-15,8.2441,8.218,8.2299,4445.623462,0.00025819887684,7.7659,8.544,7.8844,8.5747,Calculado
2026-03-17,NTN-B,2026-03-17,760199,2000-07-15,2029-05-15,8.0726,8.0265,8.05,4482.104887,0,7.6089,8.3252,7.7043,8.3657,Calculado
2026-03-17,NTN-B,2026-03-17,760199,2000-07-15,2030-08-15,8.0357,7.9986,8.02,4335.062599,0,7.618,8.2802,7.7048,8.2975,Calculado
2026-03-17,NTN-B,2026-03-17,760199,2000-07-15,2031-05-15,7.9339,7.8966,7.9145,4378.984863,0.00741619848642,7.542,8.1783,7.6162,8.1768,Calculado
2026-03-17,NTN-B,2026-03-17,760199,2000-07-15,2032-08-15,7.8258,7.794,7.808,4261.974654,0.00742888360926,7.4612,8.055,7.5245,8.0524,Calculado
2026-03-17,NTN-B,2026-03-17,760199,2000-07-15,2033-05-15,7.7792,7.7457,7.7615,4306.916211,0.00417219808255,7.4531,8.0171,7.4926,7.9982,Calculado
2026-03-17,NTN-B,2026-03-17,760199,2000-07-15,2035-05-15,7.5711,7.5368,7.5522,4282.865528,0.00383362889701,7.299,7.8046,7.3165,7.7753,Calculado
2026-03-17,NTN-B,2026-03-17,760199,2000-07-15,2037-05-15,7.481,7.4498,7.466,4245.953221,0.00877881649427,7.2361,7.7137,7.2551,7.6807,Calculado
2026-03-17,NTN-B,2026-03-17,760199,2000-07-15,2040-08-15,7.3496,7.3206,7.3363,4140.530521,0.00547426881328,7.1312,7.5813,7.1527,7.5419,Calculado
2026-03-17,NTN-B,2026-03-17,760199,2000-07-15,2045-05-15,7.2603,7.2328,7.248,4164.25225,0.00979619390427,7.0603,7.4774,7.087,7.4544,Calculado
2026-03-17,NTN-B,2026-03-17,760199,2000-07-15,2050-08-15,7.1779,7.1452,7.1613,4073.891921,0.00473914403242,6.9751,7.381,7.005,7.368,Calculado
2026-03-17,NTN-B,2026-03-17,760199,2000-07-15,2055-05-15,7.1577,7.1191,7.1375,4117.52693,0.00356447418002,6.952,7.3588,6.9821,7.3441,Calculado
2026-03-17,NTN-B,2026-03-17,760199,2000-07-15,2060-08-15,7.1696,7.1281,7.1471,4014.402272,0.00702824622861,6.953,7.3591,6.9921,7.3541,Calculado
2026-03-17,NTN-F,2026-03-17,950199,2016-01-15,2027-01-01,14.073,14.0267,14.0554,992.359569,0.01491685288491,13.7047,14.3529,13.7801,14.4255,Calculado
2026-03-17,NTN-F,2026-03-17,950199,2018-01-05,2029-01-01,13.7168,13.6961,13.7063,942.625972,0.00070044627917,13.1426,14.1638,13.2255,14.2466,Calculado
2026-03-17,NTN-F,2026-03-17,950199,2020-01-10,2031-01-01,13.9653,13.9536,13.9596,894.213024,0.00022173556323,13.4721,14.4516,13.5212,14.5008,Calculado
2026-03-17,NTN-F,2026-03-17,950199,2022-01-07,2033-01-01,13.9465,13.9349,13.9405,860.755595,0,13.4787,14.4544,13.4952,14.471,Calculado
2026-03-17,NTN-F,2026-03-17,950199,2024-01-05,2035-01-01,13.9614,13.9385,13.945,835.230497,0,13.4764,14.4441,13.501,14.4691,Calculado
2026-03-17,NTN-F,2026-03-17,950199,2026-01-09,2037-01-01,13.9774,13.96,13.9668,814.310822,0.00131944977169,13.4885,14.4526,13.525,14.4898,Calculado
2026-03-19,LTN,2026-03-19,100000,2024-01-05,2026-04-01,14.7052,14.6841,14.694,995.115627,0.00489888192448,14.5376,15.0489,14.5426,15.0082,Calculado
2026-03-19,LTN,2026-03-19,100000,2023-01-06,2026-07-01,14.1456,14.1321,14.1387,963.932028,0.00241522945701,13.9872,14.4748,13.9926,14.3778,Calculado
2026-03-19,LTN,2026-03-19,100000,2024-07-05,2026-10-01,13.8717,13.855,13.8643,932.808226,0.00772932726633,13.6722,14.3725,13.6776,14.1505,Calculado
2026-03-19,LTN,2026-03-19,100000,2025-01-10,2027-04-01,13.8236,13.8115,13.8167,876.352464,0.00447187041293,13.4417,14.3481,13.444,14.2245,Calculado
2026-03-19,LTN,2026-03-19,100000,2023-07-07,2027-07-01,13.702,13.686,13.6927,849.627321,0.00231880103286,13.2701,14.2509,13.2712,14.13,Calculado
2026-03-19,LTN,2026-03-19,100000,2025-07-04,2027-10-01,13.6814,13.6681,13.6739,822.172085,0.00241382354575,13.2224,14.2441,13.2229,14.127,Calculado
2026-03-19,LTN,2026-03-19,100000,2024-01-05,2028-01-01,13.5875,13.5721,13.5791,797.428388,0.00249104277563,13.1127,14.1619,13.1129,14.0496,Calculado
2026-03-19,LTN,2026-03-19,100000,2026-01-09,2028-04-01,13.5844,13.5704,13.5791,772.444146,0.00172645330664,13.1066,14.1835,13.1066,14.0848,Calculado
2026-03-19,LTN,2026-03-19,100000,2024-07-05,2028-07-01,13.5787,13.5643,13.571,749.120464,0.00226597109205,13.088,14.2123,13.088,14.1037,Calculado
2026-03-19,LTN,2026-03-19,100000,2022-02-11,2029-01-01,13.6533,13.6389,13.6453,702.379947,0.00130292938796,13.1545,14.3009,13.1541,14.1942,Calculado
2026-03-19,LTN,2026-03-19,100000,2025-07-04,2029-07-01,13.7369,13.7243,13.7302,657.933365,0.0007763981646,13.2461,14.3894,13.2457,14.2826,Calculado
2026-03-19,LTN,2026-03-19,100000,2024-01-05,2030-01-01,13.788,13.7761,13.7823,616.197374,0.00116782854906,13.314,14.4312,13.3135,14.3344,Calculado
2026-03-19,LTN,2026-03-19,100000,2025-01-10,2032-01-01,13.9424,13.9298,13.9359,472.282249,0.00102451207411,13.4749,14.5658,13.4747,14.4799,Calculado
2026-03-19,NTN-C,2026-03-19,770100,2000-07-01,2031-01-01,7.8285,7.6906,7.7384,7640.68118,0.07973845858662,7.3175,8.3261,7.2796,8.2884,Calculado
2026-03-19,LFT,2026-03-19,210100,2000-07-01,2026-09-01,-0.0125,-0.034,-0.0243,18623.883859,0.00107560358404,-0.0759,0.0307,-0.0768,0.0324,Calculado
2026-03-19,LFT,2026-03-19,210100,2000-07-01,2027-03-01,0.002,-0.0009,0,18621.854077,0,-0.0558,0.036,-0.0559,0.0378,Calculado
2026-03-19,LFT,2026-03-19,210100,2000-07-01,2027-09-01,0.0116,0.0055,0.009,18619.433235,0.0022607766608,-0.035,0.0486,-0.037,0.0511,Calculado
2026-03-19,LFT,2026-03-19,210100,2000-07-01,2028-03-01,0.0171,0.0145,0.0162,18616.006814,0.00048540088587,-0.018,0.0644,-0.0205,0.0657,Calculado
2026-03-19,LFT,2026-03-19,210100,2000-07-01,2028-09-01,0.0282,0.0255,0.0276,18609.284325,0.00045171241958,0.0205,0.0554,0.0186,0.0543,Calculado
2026-03-19,LFT,2026-03-19,210100,2000-07-01,2029-03-01,0.0446,0.0413,0.0434,18598.260187,0.00065572378331,0.0357,0.0623,0.0331,0.0605,Calculado
2026-03-19,LFT,2026-03-19,210100,2000-07-01,2029-09-01,0.0567,0.0536,0.0559,18586.155982,0.00021432232735,0.0467,0.0778,0.0439,0.0754,Calculado
2026-03-19,LFT,2026-03-19,210100,2000-07-01,2030-03-01,0.0747,0.0714,0.0735,18568.334868,0.00061539697757,0.0612,0.0864,0.0575,0.0847,Calculado
2026-03-19,LFT,2026-03-19,210100,2000-07-01,2030-06-01,0.0823,0.0797,0.0808,18559.340512,0.00053873361692,0.0633,0.0939,0.0611,0.091,Calculado
2026-03-19,LFT,2026-03-19,210100,2000-07-01,2030-09-01,0.089,0.0855,0.0879,18549.713014,0.00115512587193,0.0676,0.0996,0.0648,0.0976,Calculado
2026-03-19,LFT,2026-03-19,210100,2000-07-01,2030-12-01,0.0925,0.0892,0.0905,18543.400205,0.00158564466385,0.0731,0.1043,0.073,0.1003,Calculado
2026-03-19,LFT,2026-03-19,210100,2000-07-01,2031-03-01,0.0983,0.0949,0.0966,18533.791329,0.00043006782023,0.0798,0.1066,0.0767,0.1064,Calculado
2026-03-19,LFT,2026-03-19,210100,2000-07-01,2031-06-01,0.1008,0.0977,0.099,18527.106083,0.00081330841628,0.0856,0.1093,0.0838,0.1087,Calculado
2026-03-19,LFT,2026-03-19,210100,2000-07-01,2031-09-01,0.102,0.0983,0.1001,18521.35193,0.00028751810378,0.0887,0.1145,0.0883,0.1136,Calculado
2026-03-19,LFT,2026-03-19,210100,2000-07-01,2031-12-01,0.1034,0.1007,0.1017,18514.964634,0.00071483854121,0.0896,0.1203,0.0895,0.1204,Calculado
2026-03-19,LFT,2026-03-19,210100,2000-07-01,2032-03-01,0.1088,0.1073,0.1081,18503.419085,0.00033007174978,0.0951,0.1203,0.0952,0.1216,Calculado
2026-03-19,NTN-B,2026-03-19,760199,2000-07-15,2026-08-15,9.3358,9.2969,9.3147,4600.913968,0.00994997008789,9.0696,10.1996,8.8427,9.982,Calculado
2026-03-19,NTN-B,2026-03-19,760199,2000-07-15,2027-05-15,8.225,8.1978,8.2101,4625.532285,0.00049074771523,8.0606,8.6753,7.9214,8.535,Calculado
2026-03-19,NTN-B,2026-03-19,760199,2000-07-15,2028-08-15,8.1044,8.0753,8.0905,4462.607415,0.0009732984794,7.8613,8.5518,7.7449,8.4355,Calculado
2026-03-19,NTN-B,2026-03-19,760199,2000-07-15,2029-05-15,7.9215,7.8937,7.9061,4503.08953,0.00414172182069,7.6543,8.3161,7.5602,8.2223,Calculado
2026-03-19,NTN-B,2026-03-19,760199,2000-07-15,2030-08-15,7.9181,7.889,7.9055,4356.797781,0.00730184255856,7.6547,8.2476,7.59,8.1831,Calculado
2026-03-19,NTN-B,2026-03-19,760199,2000-07-15,2031-05-15,7.8452,7.817,7.8308,4397.715536,0.00152752522729,7.5722,8.1329,7.5324,8.0931,Calculado
2026-03-19,NTN-B,2026-03-19,760199,2000-07-15,2032-08-15,7.805,7.7703,7.7882,4269.896793,0.00709140407042,7.509,8.0371,7.5046,8.0326,Calculado
2026-03-19,NTN-B,2026-03-19,760199,2000-07-15,2033-05-15,7.7664,7.7389,7.7544,4312.320751,0.0072979377039,7.4841,7.9899,7.4854,7.9911,Calculado
2026-03-19,NTN-B,2026-03-19,760199,2000-07-15,2035-05-15,7.5798,7.5441,7.5641,4283.304321,0.00860426250878,7.3142,7.773,7.3283,7.7871,Calculado
2026-03-19,NTN-B,2026-03-19,760199,2000-07-15,2037-05-15,7.48,7.4457,7.4661,4249.560729,0.00759431920583,7.2349,7.6604,7.2552,7.6807,Calculado
2026-03-19,NTN-B,2026-03-19,760199,2000-07-15,2040-08-15,7.3511,7.3163,7.3316,4145.757821,0.01025320873971,7.1437,7.5328,7.148,7.537,Calculado
2026-03-19,NTN-B,2026-03-19,760199,2000-07-15,2045-05-15,7.2648,7.2368,7.253,4165.644341,0.00431002503241,7.089,7.4562,7.092,7.4591,Calculado
2026-03-19,NTN-B,2026-03-19,760199,2000-07-15,2050-08-15,7.1964,7.1686,7.1806,4068.283349,0.00166842012695,7.0174,7.3801,7.0245,7.3869,Calculado
2026-03-19,NTN-B,2026-03-19,760199,2000-07-15,2055-05-15,7.1703,7.1403,7.1546,4112.524021,0.00965296087581,7.0059,7.3675,6.9995,7.3608,Calculado
2026-03-19,NTN-B,2026-03-19,760199,2000-07-15,2060-08-15,7.1891,7.156,7.1733,4004.415688,0.00371651718548,7.0172,7.3787,7.0187,7.3798,Calculado
2026-03-19,NTN-F,2026-03-19,950199,2016-01-15,2027-01-01,13.9047,13.8549,13.8857,994.517549,0.0192317140037,13.6099,14.3758,13.6135,14.2532,Calculado
2026-03-19,NTN-F,2026-03-19,950199,2018-01-05,2029-01-01,13.6596,13.6345,13.6453,944.813711,0.00221049579506,13.1646,14.2871,13.1644,14.1853,Calculado
2026-03-19,NTN-F,2026-03-19,950199,2020-01-10,2031-01-01,13.9374,13.9239,13.931,895.984209,0.00068300804534,13.4929,14.5651,13.4927,14.472,Calculado
2026-03-19,NTN-F,2026-03-19,950199,2022-01-07,2033-01-01,13.9369,13.9233,13.9305,862.010634,0.0001400549178,13.4855,14.5438,13.4853,14.4608,Calculado
2026-03-19,NTN-F,2026-03-19,950199,2024-01-05,2035-01-01,13.9619,13.9314,13.949,835.932075,0,13.5054,14.5429,13.5053,14.4727,Calculado
2026-03-19,NTN-F,2026-03-19,950199,2026-01-09,2037-01-01,13.9815,13.9663,13.9761,814.744133,0.00082635170478,13.5348,14.5519,13.5347,14.4985,Calculado
2026-03-20,LTN,2026-03-20,100000,2024-01-05,2026-04-01,14.7137,14.6872,14.6979,995.65608,0.00406763488897,14.5426,15.0033,14.5377,15.013,Calculado
2026-03-20,LTN,2026-03-20,100000,2023-01-06,2026-07-01,14.2934,14.2673,14.2838,964.102578,0.01687026268764,13.9926,14.5173,14.1348,14.5176,Calculado
2026-03-20,LTN,2026-03-20,100000,2024-07-05,2026-10-01,14.1397,14.119,14.1312,932.12777,0.00936256626412,13.6776,14.4166,13.9446,14.416,Calculado
2026-03-20,LTN,2026-03-20,100000,2025-01-10,2027-04-01,14.2224,14.2064,14.2145,873.700424,0.00226347814878,13.444,14.6461,13.8424,14.6455,Calculado
2026-03-20,LTN,2026-03-20,100000,2023-07-07,2027-07-01,14.2024,14.1834,14.1949,845.330594,0.00382077225702,13.2712,14.6694,13.7735,14.6689,Calculado
2026-03-20,LTN,2026-03-20,100000,2025-07-04,2027-10-01,14.2119,14.199,14.2044,816.774827,0.00135597804554,13.2229,14.7072,13.7535,14.7068,Calculado
2026-03-20,LTN,2026-03-20,100000,2024-01-05,2028-01-01,14.1199,14.1045,14.1132,791.219646,0.00228047982451,13.1129,14.6265,13.6471,14.6263,Calculado
2026-03-20,LTN,2026-03-20,100000,2026-01-09,2028-04-01,14.0884,14.0719,14.0807,765.972981,0.00256813046982,13.1066,14.5953,13.6083,14.5952,Calculado
2026-03-20,LTN,2026-03-20,100000,2024-07-05,2028-07-01,14.0878,14.0734,14.0818,741.916419,0.00180138835069,13.088,14.6147,13.5991,14.6142,Calculado
2026-03-20,LTN,2026-03-20,100000,2022-02-11,2029-01-01,14.1426,14.131,14.137,694.418828,0.00115261849716,13.1541,14.6863,13.646,14.6861,Calculado
2026-03-20,LTN,2026-03-20,100000,2025-07-04,2029-07-01,14.1962,14.1834,14.1901,649.692011,0.00102052465918,13.2457,14.7428,13.7058,14.7427,Calculado
2026-03-20,LTN,2026-03-20,100000,2024-01-05,2030-01-01,14.2026,14.1896,14.1959,608.190109,0.00069112014151,13.3135,14.7503,13.7272,14.7483,Calculado
2026-03-20,LTN,2026-03-20,100000,2025-01-10,2032-01-01,14.2409,14.2277,14.2337,465.492235,0.00082542917322,13.4747,14.8076,13.7728,14.7779,Calculado
2026-03-20,NTN-C,2026-03-20,770100,2000-07-01,2031-01-01,7.7922,7.7137,7.7922,7648.276251,0.11208803545562,7.2796,8.2884,7.1486,8.2752,Calculado
2026-03-20,LFT,2026-03-20,210100,2000-07-01,2026-09-01,-0.0222,-0.0382,-0.0276,18634.251143,0.00441081558331,-0.0768,0.0297,-0.0808,0.0297,Calculado
2026-03-20,LFT,2026-03-20,210100,2000-07-01,2027-03-01,0.0016,-0.001,0,18631.959412,0,-0.0559,0.0383,-0.057,0.0383,Calculado
2026-03-20,LFT,2026-03-20,210100,2000-07-01,2027-09-01,0.0104,0.0084,0.0097,18629.350937,0.00079460496475,-0.037,0.0523,-0.0375,0.0522,Calculado
2026-03-20,LFT,2026-03-20,210100,2000-07-01,2028-03-01,0.0156,0.0129,0.0145,18626.723831,0.00093670608517,-0.0205,0.0681,-0.0226,0.0673,Calculado
2026-03-20,LFT,2026-03-20,210100,2000-07-01,2028-09-01,0.0264,0.0246,0.0256,18620.314437,0.00038994718873,0.0186,0.0539,0.0165,0.0537,Calculado
2026-03-20,LFT,2026-03-20,210100,2000-07-01,2029-03-01,0.0428,0.0405,0.0417,18609.302949,0.00040567864129,0.0331,0.0575,0.0313,0.0575,Calculado
2026-03-20,LFT,2026-03-20,210100,2000-07-01,2029-09-01,0.0551,0.0532,0.0541,18597.434391,0.00040347752106,0.0439,0.0708,0.042,0.0707,Calculado
2026-03-20,LFT,2026-03-20,210100,2000-07-01,2030-03-01,0.0735,0.0704,0.0721,18579.473182,0.00029487687261,0.0575,0.0835,0.0516,0.0834,Calculado
2026-03-20,LFT,2026-03-20,210100,2000-07-01,2030-06-01,0.0773,0.0745,0.0762,18573.026524,0.00036371920488,0.0611,0.0868,0.0585,0.0864,Calculado
2026-03-20,LFT,2026-03-20,210100,2000-07-01,2030-09-01,0.0862,0.0824,0.0841,18562.965266,0.00110726949746,0.0648,0.0938,0.0617,0.0938,Calculado
2026-03-20,LFT,2026-03-20,210100,2000-07-01,2030-12-01,0.0859,0.0821,0.0843,18558.884867,0.00114130343029,0.073,0.0956,0.0713,0.0955,Calculado
2026-03-20,LFT,2026-03-20,210100,2000-07-01,2031-03-01,0.0957,0.0923,0.0939,18546.382822,0.00140847110016,0.0767,0.1037,0.0739,0.1036,Calculado
2026-03-20,LFT,2026-03-20,210100,2000-07-01,2031-06-01,0.0992,0.0958,0.097,18539.13499,0.00156677095646,0.0838,0.1067,0.0813,0.1066,Calculado
2026-03-20,LFT,2026-03-20,210100,2000-07-01,2031-09-01,0.1006,0.097,0.0988,18532.76286,0.00108793516811,0.0883,0.1117,0.0871,0.1116,Calculado
2026-03-20,LFT,2026-03-20,210100,2000-07-01,2031-12-01,0.1026,0.0989,0.1007,18526.129882,0.000799310359,0.0895,0.1199,0.0885,0.1198,Calculado
2026-03-20,LFT,2026-03-20,210100,2000-07-01,2032-03-01,0.1097,0.1082,0.109,18512.565816,0,0.0952,0.1209,0.0961,0.1208,Calculado
2026-03-20,NTN-B,2026-03-20,760199,2000-07-15,2026-08-15,9.2141,9.182,9.2,4605.153263,0,8.8427,9.8566,8.7236,9.8725,Calculado
2026-03-20,NTN-B,2026-03-20,760199,2000-07-15,2027-05-15,8.263,8.2318,8.2506,4625.742525,0.00123110722116,7.9214,8.573,7.9618,8.5743,Calculado
2026-03-20,NTN-B,2026-03-20,760199,2000-07-15,2028-08-15,8.178,8.1491,8.1649,4457.723578,0.00463924768039,7.7449,8.5285,7.8193,8.51,Calculado
2026-03-20,NTN-B,2026-03-20,760199,2000-07-15,2029-05-15,8.0171,7.9857,8,4494.030577,0,7.5602,8.3427,7.6541,8.3166,Calculado
2026-03-20,NTN-B,2026-03-20,760199,2000-07-15,2030-08-15,8.0439,8.0078,8.0278,4339.689909,0.01053384567715,7.59,8.3051,7.7122,8.3054,Calculado
2026-03-20,NTN-B,2026-03-20,760199,2000-07-15,2031-05-15,7.9657,7.927,7.946,4379.273947,0.00624160254502,7.5324,8.208,7.6476,8.2084,Calculado
2026-03-20,NTN-B,2026-03-20,760199,2000-07-15,2032-08-15,7.9147,7.8794,7.9013,4248.085769,0.00187121938318,7.5046,8.1454,7.6177,8.1458,Calculado
2026-03-20,NTN-B,2026-03-20,760199,2000-07-15,2033-05-15,7.8822,7.8505,7.8673,4288.555118,0.0065647603871,7.4854,8.1037,7.5982,8.1041,Calculado
2026-03-20,NTN-B,2026-03-20,760199,2000-07-15,2035-05-15,7.6622,7.6326,7.6458,4262.862574,0.00546198986817,7.3283,7.8686,7.4099,7.8689,Calculado
2026-03-20,NTN-B,2026-03-20,760199,2000-07-15,2037-05-15,7.546,7.5058,7.5237,4233.429478,0.00996608576574,7.2552,7.7401,7.3127,7.7383,Calculado
2026-03-20,NTN-B,2026-03-20,760199,2000-07-15,2040-08-15,7.3901,7.3564,7.3744,4131.896882,0.00683951367862,7.148,7.5797,7.1907,7.5799,Calculado
2026-03-20,NTN-B,2026-03-20,760199,2000-07-15,2045-05-15,7.3097,7.2747,7.2924,4150.822132,0.0040962113422,7.092,7.4986,7.1313,7.4987,Calculado
2026-03-20,NTN-B,2026-03-20,760199,2000-07-15,2050-08-15,7.273,7.2344,7.2553,4035.398042,0.01008878712829,7.0245,7.4619,7.099,7.462,Calculado
2026-03-20,NTN-B,2026-03-20,760199,2000-07-15,2055-05-15,7.2219,7.1825,7.202,4091.019642,0.01139130829844,6.9995,7.4085,7.0466,7.4085,Calculado
2026-03-20,NTN-B,2026-03-20,760199,2000-07-15,2060-08-15,7.2555,7.2194,7.2374,3973.783215,0.01057547366599,7.0187,7.4442,7.0824,7.4443,Calculado
2026-03-20,NTN-F,2026-03-20,950199,2016-01-15,2027-01-01,14.2649,14.2054,14.2383,992.714561,0.01257561833311,13.6135,14.6137,13.9666,14.6131,Calculado
2026-03-20,NTN-F,2026-03-20,950199,2018-01-05,2029-01-01,14.146,14.1249,14.136,935.507074,0,13.1644,14.6762,13.6554,14.676,Calculado
2026-03-20,NTN-F,2026-03-20,950199,2020-01-10,2031-01-01,14.2863,14.2719,14.2783,886.289049,0.00113334774893,13.4927,14.8348,13.8403,14.8196,Calculado
2026-03-20,NTN-F,2026-03-20,950199,2022-01-07,2033-01-01,14.2307,14.2052,14.2123,852.313796,0.00175965364206,13.4853,14.7648,13.7669,14.7433,Calculado
2026-03-20,NTN-F,2026-03-20,950199,2024-01-05,2035-01-01,14.1844,14.1558,14.17,827.36765,0,13.5053,14.7281,13.7256,14.6948,Calculado
2026-03-20,NTN-F,2026-03-20,950199,2026-01-09,2037-01-01,14.1779,14.1624,14.1702,806.641763,0.00136265851555,13.5347,14.7173,13.7276,14.6943,Calculado
2026-03-18,LTN,2026-03-18,100000,2024-01-05,2026-04-01,14.7478,14.7315,14.7399,994.558602,0.00302398743384,14.6622,15.0774,14.6247,15.0489,Calculado
2026-03-18,LTN,2026-03-18,100000,2023-01-06,2026-07-01,14.2412,14.225,14.2335,963.200979,0.0034435209089,14.1682,14.5437,14.102,14.4748,Calculado
2026-03-18,LTN,2026-03-18,100000,2024-07-05,2026-10-01,14.0916,14.0741,14.0846,931.355694,0.00321145696997,13.9533,14.4324,13.8959,14.3725,Calculado
2026-03-18,LTN,2026-03-18,100000,2025-01-10,2027-04-01,13.9475,13.931,13.9396,874.935246,0.00175211150615,13.579,14.3628,13.5658,14.3481,Calculado
2026-03-18,LTN,2026-03-18,100000,2023-07-07,2027-07-01,13.8218,13.8051,13.8132,848.049665,0.00230382602859,13.3869,14.2475,13.3912,14.2509,Calculado
2026-03-18,LTN,2026-03-18,100000,2025-07-04,2027-10-01,13.7966,13.7847,13.7908,820.461288,0.00111462761943,13.3209,14.226,13.3395,14.2441,Calculado
2026-03-18,LTN,2026-03-18,100000,2024-01-05,2028-01-01,13.6967,13.6814,13.6907,795.632121,0.00160237772388,13.2007,14.139,13.2243,14.1619,Calculado
2026-03-18,LTN,2026-03-18,100000,2026-01-09,2028-04-01,13.6849,13.669,13.6773,770.699504,0.00375652064549,13.1914,14.1707,13.2048,14.1835,Calculado
2026-03-18,LTN,2026-03-18,100000,2024-07-05,2028-07-01,13.6874,13.6714,13.6792,747.122803,0.00104298107365,13.1683,14.185,13.1961,14.2123,Calculado
2026-03-18,LTN,2026-03-18,100000,2022-02-11,2029-01-01,13.7584,13.7448,13.7519,700.205397,0.00008732118872,13.2189,14.2591,13.2608,14.3009,Calculado
2026-03-18,LTN,2026-03-18,100000,2025-07-04,2029-07-01,13.8441,13.8314,13.837,655.589696,0.00120306625753,13.3123,14.349,13.3526,14.3894,Calculado
2026-03-18,LTN,2026-03-18,100000,2024-01-05,2030-01-01,13.8854,13.8734,13.8791,613.918778,0.00090115422653,13.3781,14.3987,13.4105,14.4312,Calculado
2026-03-18,LTN,2026-03-18,100000,2025-01-10,2032-01-01,14.0277,14.0161,14.0217,469.997628,0.00086540224751,13.5094,14.5146,13.5606,14.5658,Calculado
2026-03-18,NTN-C,2026-03-18,770100,2000-07-01,2031-01-01,7.903,7.746,7.7907,7624.123119,0.12298655336125,7.251,8.3291,7.3175,8.3261,Calculado
2026-03-18,LFT,2026-03-18,210100,2000-07-01,2026-09-01,-0.0147,-0.0344,-0.0245,18613.659205,0.00060191999468,-0.0744,0.0287,-0.0759,0.0307,Calculado
2026-03-18,LFT,2026-03-18,210100,2000-07-01,2027-03-01,0,-0.0019,-0.0007,18611.704988,0.00047681540453,-0.0533,0.0343,-0.0558,0.036,Calculado
2026-03-18,LFT,2026-03-18,210100,2000-07-01,2027-09-01,0.0082,0.0064,0.0074,18609.583266,0.00023235085539,-0.033,0.0484,-0.035,0.0486,Calculado
2026-03-18,LFT,2026-03-18,210100,2000-07-01,2028-03-01,0.019,0.017,0.0178,18605.153707,0.00028786364828,-0.0157,0.0643,-0.018,0.0644,Calculado
2026-03-18,LFT,2026-03-18,210100,2000-07-01,2028-09-01,0.0302,0.0273,0.0294,18598.192971,0.0008179992665,0.0222,0.0559,0.0205,0.0554,Calculado
2026-03-18,LFT,2026-03-18,210100,2000-07-01,2029-03-01,0.0462,0.0433,0.0459,18586.61656,0.00080311891398,0.0372,0.0629,0.0357,0.0623,Calculado
2026-03-18,LFT,2026-03-18,210100,2000-07-01,2029-09-01,0.0597,0.0573,0.0586,18574.146793,0.00033946734747,0.048,0.0785,0.0467,0.0778,Calculado
2026-03-18,LFT,2026-03-18,210100,2000-07-01,2030-03-01,0.0762,0.0731,0.0753,18556.744953,0.00072845264774,0.0621,0.0872,0.0612,0.0864,Calculado
2026-03-18,LFT,2026-03-18,210100,2000-07-01,2030-06-01,0.0849,0.0819,0.0837,18546.824974,0.00038815171003,0.064,0.0949,0.0633,0.0939,Calculado
2026-03-18,LFT,2026-03-18,210100,2000-07-01,2030-09-01,0.0911,0.0878,0.0899,18537.798351,0.00064463598255,0.0681,0.1007,0.0676,0.0996,Calculado
2026-03-18,LFT,2026-03-18,210100,2000-07-01,2030-12-01,0.0962,0.0929,0.0946,18529.572027,0.00043588988288,0.0742,0.1047,0.0731,0.1043,Calculado
2026-03-18,LFT,2026-03-18,210100,2000-07-01,2031-03-01,0.0984,0.0964,0.0969,18523.244085,0.0003180670684,0.081,0.1068,0.0798,0.1066,Calculado
2026-03-18,LFT,2026-03-18,210100,2000-07-01,2031-06-01,0.1011,0.0982,0.0996,18516.246126,0.00052532361455,0.0868,0.1095,0.0856,0.1093,Calculado
2026-03-18,LFT,2026-03-18,210100,2000-07-01,2031-09-01,0.1021,0.0993,0.1004,18510.774317,0.00074950274849,0.0887,0.1157,0.0887,0.1145,Calculado
2026-03-18,LFT,2026-03-18,210100,2000-07-01,2031-12-01,0.1036,0.1007,0.1018,18504.576657,0.00018649453075,0.0897,0.1214,0.0896,0.1203,Calculado
2026-03-18,LFT,2026-03-18,210100,2000-07-01,2032-03-01,0.109,0.107,0.108,18493.260808,0.00005345222166,0.0961,0.1205,0.0951,0.1203,Calculado
2026-03-18,NTN-B,2026-03-18,760199,2000-07-15,2026-08-15,9.5626,9.5264,9.5385,4594.748124,0.02026415468012,8.9714,10.0921,9.0696,10.1996,Calculado
2026-03-18,NTN-B,2026-03-18,760199,2000-07-15,2027-05-15,8.3648,8.3342,8.3495,4616.856037,0.00079719746613,8.0522,8.6678,8.0606,8.6753,Calculado
2026-03-18,NTN-B,2026-03-18,760199,2000-07-15,2028-08-15,8.221,8.1913,8.2067,4449.802512,0.00641593997011,7.8844,8.5747,7.8613,8.5518,Calculado
2026-03-18,NTN-B,2026-03-18,760199,2000-07-15,2029-05-15,8.0175,7.9843,8,4490.005457,0,7.7043,8.3657,7.6543,8.3161,Calculado
2026-03-18,NTN-B,2026-03-18,760199,2000-07-15,2030-08-15,7.9834,7.9547,7.97,4344.791083,0,7.7048,8.2975,7.6547,8.2476,Calculado
2026-03-18,NTN-B,2026-03-18,760199,2000-07-15,2031-05-15,7.8861,7.8549,7.8706,4388.710345,0.00144769931961,7.6162,8.1768,7.5722,8.1329,Calculado
2026-03-18,NTN-B,2026-03-18,760199,2000-07-15,2032-08-15,7.8073,7.7758,7.7926,4267.091338,0.00613135967139,7.5245,8.0524,7.509,8.0371,Calculado
2026-03-18,NTN-B,2026-03-18,760199,2000-07-15,2033-05-15,7.7665,7.736,7.7531,4310.723304,0.00397516097158,7.4926,7.9982,7.4841,7.9899,Calculado
2026-03-18,NTN-B,2026-03-18,760199,2000-07-15,2035-05-15,7.563,7.535,7.55,4285.320751,0,7.3165,7.7753,7.3142,7.773,Calculado
2026-03-18,NTN-B,2026-03-18,760199,2000-07-15,2037-05-15,7.4612,7.4346,7.4458,4254.093498,0.00640221087438,7.2551,7.6807,7.2349,7.6604,Calculado
2026-03-18,NTN-B,2026-03-18,760199,2000-07-15,2040-08-15,7.3448,7.3118,7.3273,4145.574274,0.00367208530947,7.1527,7.5419,7.1437,7.5328,Calculado
2026-03-18,NTN-B,2026-03-18,760199,2000-07-15,2045-05-15,7.2643,7.2365,7.25,4165.161394,0,7.087,7.4544,7.089,7.4562,Calculado
2026-03-18,NTN-B,2026-03-18,760199,2000-07-15,2050-08-15,7.1912,7.1591,7.1736,4069.848532,0.00710646921896,7.005,7.368,7.0174,7.3801,Calculado
2026-03-18,NTN-B,2026-03-18,760199,2000-07-15,2055-05-15,7.1773,7.1461,7.1612,4107.567755,0.00207380172389,6.9821,7.3441,7.0059,7.3675,Calculado
2026-03-18,NTN-B,2026-03-18,760199,2000-07-15,2060-08-15,7.1887,7.1553,7.172,4003.404314,0.00327571276366,6.9921,7.3541,7.0172,7.3787,Calculado
2026-03-18,NTN-F,2026-03-18,950199,2016-01-15,2027-01-01,14.0208,13.973,14.0071,993.198044,0.02085608582117,13.7801,14.4255,13.7333,14.3758,Calculado
2026-03-18,NTN-F,2026-03-18,950199,2018-01-05,2029-01-01,13.7608,13.7326,13.747,942.288767,0,13.2255,14.2466,13.2662,14.2871,Calculado
2026-03-18,NTN-F,2026-03-18,950199,2020-01-10,2031-01-01,14.0316,14.0178,14.024,892.781018,0,13.5212,14.5008,13.5857,14.5651,Calculado
2026-03-18,NTN-F,2026-03-18,950199,2022-01-07,2033-01-01,14.03,14.005,14.0134,858.560797,0.00487091259006,13.4952,14.471,13.5682,14.5438,Calculado
2026-03-18,NTN-F,2026-03-18,950199,2024-01-05,2035-01-01,14.0334,14.009,14.019,832.632192,0,13.501,14.4691,13.5752,14.5429,Calculado
2026-03-18,NTN-F,2026-03-18,950199,2026-01-09,2037-01-01,14.0356,14.0215,14.0292,811.974518,0.00214875116521,13.525,14.4898,13.5876,14.5519,Calculado
2026-03-23,LTN,2026-03-23,100000,2024-01-05,2026-04-01,14.7195,14.6871,14.6943,996.198905,0.00236143620282,14.5377,15.013,14.532,15.0169,Calculado
2026-03-23,LTN,2026-03-23,100000,2023-01-06,2026-07-01,14.1743,14.1406,14.1646,964.885184,0.03746981865355,14.1348,14.5176,14.0177,14.3978,Calculado
2026-03-23,LTN,2026-03-23,100000,2024-07-05,2026-10-01,13.9809,13.9298,13.9488,933.404415,0.01724342064528,13.9446,14.416,13.7603,14.2327,Calculado
2026-03-23,LTN,2026-03-23,100000,2025-01-10,2027-04-01,13.9149,13.8998,13.9052,876.563356,0.00301137525725,13.8424,14.6455,13.535,14.3359,Calculado
2026-03-23,LTN,2026-03-23,100000,2023-07-07,2027-07-01,13.8711,13.8567,13.8649,848.870332,0.00008660254038,13.7735,14.6689,13.4445,14.3388,Calculado
2026-03-23,LTN,2026-03-23,100000,2025-07-04,2027-10-01,13.88,13.8663,13.8733,820.819486,0.00077963666538,13.7535,14.7068,13.423,14.3756,Calculado
2026-03-23,LTN,2026-03-23,100000,2024-01-05,2028-01-01,13.7816,13.7666,13.7738,795.818606,0.00116024844753,13.6471,14.6263,13.308,14.287,Calculado
2026-03-23,LTN,2026-03-23,100000,2026-01-09,2028-04-01,13.7554,13.7418,13.7482,770.905108,0.00041403933388,13.6083,14.5952,13.2759,14.2628,Calculado
2026-03-23,LTN,2026-03-23,100000,2024-07-05,2028-07-01,13.7386,13.7234,13.7304,747.50229,0.00073562412277,13.5991,14.6142,13.2479,14.2624,Calculado
2026-03-23,LTN,2026-03-23,100000,2022-02-11,2029-01-01,13.7891,13.775,13.7819,700.771188,0.00009972487152,13.646,14.6861,13.2909,14.3309,Calculado
2026-03-23,LTN,2026-03-23,100000,2025-07-04,2029-07-01,13.8495,13.8365,13.8424,656.500844,0.00008660254038,13.7058,14.7427,13.3579,14.3949,Calculado
2026-03-23,LTN,2026-03-23,100000,2024-01-05,2030-01-01,13.8794,13.8663,13.8729,614.99467,0.00064395123263,13.7272,14.7483,13.4039,14.4251,Calculado
2026-03-23,LTN,2026-03-23,100000,2025-01-10,2032-01-01,13.9869,13.9751,13.9808,471.703138,0.00018639629825,13.7728,14.7779,13.5197,14.5249,Calculado
2026-03-23,NTN-C,2026-03-23,770100,2000-07-01,2031-01-01,8.1121,7.8936,8.0062,7595.372833,0.34021493874527,7.1486,8.2752,7.5763,8.581,Calculado
2026-03-23,LFT,2026-03-23,210100,2000-07-01,2026-09-01,-0.019,-0.0337,-0.0268,18644.288637,0.00151497966653,-0.0808,0.0297,-0.08,0.0304,Calculado
2026-03-23,LFT,2026-03-23,210100,2000-07-01,2027-03-01,0.0028,-0.0003,0.0006,18641.958378,0.00079649968613,-0.057,0.0383,-0.0565,0.0387,Calculado
2026-03-23,LFT,2026-03-23,210100,2000-07-01,2027-09-01,0.0112,0.0077,0.0096,18639.497625,0.00036208138588,-0.0375,0.0522,-0.037,0.0517,Calculado
2026-03-23,LFT,2026-03-23,210100,2000-07-01,2028-03-01,0.0163,0.0132,0.0144,18636.887735,0.00074113496747,-0.0226,0.0673,-0.0225,0.0666,Calculado
2026-03-23,LFT,2026-03-23,210100,2000-07-01,2028-09-01,0.0262,0.023,0.0246,18630.884988,0.0004647105228,0.0165,0.0537,0.0155,0.0537,Calculado
2026-03-23,LFT,2026-03-23,210100,2000-07-01,2029-03-01,0.0427,0.04,0.0413,18619.662462,0.00043513012996,0.0313,0.0575,0.0309,0.0566,Calculado
2026-03-23,LFT,2026-03-23,210100,2000-07-01,2029-09-01,0.0554,0.0522,0.0536,18607.880674,0.00053308817282,0.042,0.0707,0.0414,0.0698,Calculado
2026-03-23,LFT,2026-03-23,210100,2000-07-01,2030-03-01,0.0738,0.0701,0.0715,18590.058855,0.00053933509064,0.0516,0.0834,0.0508,0.0829,Calculado
2026-03-23,LFT,2026-03-23,210100,2000-07-01,2030-06-01,0.0776,0.0742,0.0757,18583.53413,0.00058836762317,0.0585,0.0864,0.0576,0.086,Calculado
2026-03-23,LFT,2026-03-23,210100,2000-07-01,2030-09-01,0.0856,0.082,0.0835,18573.597907,0.00048362904173,0.0617,0.0938,0.0611,0.0932,Calculado
2026-03-23,LFT,2026-03-23,210100,2000-07-01,2030-12-01,0.086,0.0824,0.0838,18569.459367,0.00050628403095,0.0713,0.0955,0.0707,0.0952,Calculado
2026-03-23,LFT,2026-03-23,210100,2000-07-01,2031-03-01,0.0957,0.0919,0.0935,18556.87597,0.00060282558008,0.0739,0.1036,0.0735,0.1033,Calculado
2026-03-23,LFT,2026-03-23,210100,2000-07-01,2031-06-01,0.0991,0.0957,0.0966,18549.642846,0.00051881274078,0.0813,0.1066,0.0812,0.1063,Calculado
2026-03-23,LFT,2026-03-23,210100,2000-07-01,2031-09-01,0.1004,0.097,0.0985,18543.19269,0.00066774422498,0.0871,0.1116,0.0867,0.1119,Calculado
2026-03-23,LFT,2026-03-23,210100,2000-07-01,2031-12-01,0.1026,0.099,0.1006,18536.369692,0.00061739489794,0.0885,0.1198,0.0883,0.1201,Calculado
2026-03-23,LFT,2026-03-23,210100,2000-07-01,2032-03-01,0.1106,0.1085,0.1097,18521.922088,0.00039990806443,0.0961,0.1208,0.0968,0.1207,Calculado
2026-03-23,NTN-B,2026-03-23,760199,2000-07-15,2026-08-15,9.1856,9.1273,9.1445,4608.355256,0.01099042645533,8.7236,9.8725,8.6659,9.8242,Calculado
2026-03-23,NTN-B,2026-03-23,760199,2000-07-15,2027-05-15,8.1764,8.141,8.1598,4632.099795,0.00041403933388,7.9618,8.5743,7.8716,8.4831,Calculado
2026-03-23,NTN-B,2026-03-23,760199,2000-07-15,2028-08-15,8.0364,8.0095,8.0203,4473.147673,0.00070887233688,7.8193,8.51,7.6746,8.3655,Calculado
2026-03-23,NTN-B,2026-03-23,760199,2000-07-15,2029-05-15,7.9148,7.8874,7.9006,4507.739971,0.00138406104995,7.6541,8.3166,7.5545,8.2175,Calculado
2026-03-23,NTN-B,2026-03-23,760199,2000-07-15,2030-08-15,7.9531,7.9235,7.9363,4355.866707,0.00396106784466,7.7122,8.3054,7.6206,8.214,Calculado
2026-03-23,NTN-B,2026-03-23,760199,2000-07-15,2031-05-15,7.8976,7.8643,7.8823,4392.480212,0.01857347500281,7.6476,8.2084,7.5839,8.1447,Calculado
2026-03-23,NTN-B,2026-03-23,760199,2000-07-15,2032-08-15,7.842,7.812,7.8315,4264.56937,0.01293506047377,7.6177,8.1458,7.5478,8.0759,Calculado
2026-03-23,NTN-B,2026-03-23,760199,2000-07-15,2033-05-15,7.8296,7.8046,7.8231,4300.473598,0.00706095079504,7.5982,8.1041,7.554,8.0599,Calculado
2026-03-23,NTN-B,2026-03-23,760199,2000-07-15,2035-05-15,7.6335,7.608,7.6209,4271.495247,0.00724146684726,7.4099,7.8689,7.385,7.8439,Calculado
2026-03-23,NTN-B,2026-03-23,760199,2000-07-15,2037-05-15,7.5165,7.488,7.5045,4241.223508,0.0072567863204,7.3127,7.7383,7.2935,7.7191,Calculado
2026-03-23,NTN-B,2026-03-23,760199,2000-07-15,2040-08-15,7.3601,7.3332,7.3489,4142.944664,0.0096595622494,7.1907,7.5799,7.1653,7.5542,Calculado
2026-03-23,NTN-B,2026-03-23,760199,2000-07-15,2045-05-15,7.2898,7.2635,7.2766,4159.211667,0.01265847165933,7.1313,7.4987,7.1156,7.4826,Calculado
2026-03-23,NTN-B,2026-03-23,760199,2000-07-15,2050-08-15,7.2484,7.2176,7.2343,4046.770471,0.00570800684127,7.099,7.462,7.0782,7.4407,Calculado
2026-03-23,NTN-B,2026-03-23,760199,2000-07-15,2055-05-15,7.2083,7.1788,7.1994,4094.004582,0.00304121001083,7.0466,7.4085,7.0443,7.4056,Calculado
2026-03-23,NTN-B,2026-03-23,760199,2000-07-15,2060-08-15,7.2458,7.212,7.2313,3978.508397,0.00871570119726,7.0824,7.4443,7.0766,7.4378,Calculado
2026-03-23,NTN-F,2026-03-23,950199,2016-01-15,2027-01-01,14.0359,13.9771,14.0078,994.74466,0.00617411579661,13.9666,14.6131,13.7386,14.3822,Calculado
2026-03-23,NTN-F,2026-03-23,950199,2018-01-05,2029-01-01,13.801,13.772,13.7847,942.980781,0.003780208153,13.6554,14.676,13.304,14.3247,Calculado
2026-03-23,NTN-F,2026-03-23,950199,2020-01-10,2031-01-01,14.0015,13.985,13.9916,895.128499,0.00242606460343,13.8403,14.8196,13.5534,14.5328,Calculado
2026-03-23,NTN-F,2026-03-23,950199,2022-01-07,2033-01-01,13.9879,13.9763,13.9815,861.055296,0,13.7669,14.7433,13.5362,14.5121,Calculado
2026-03-23,NTN-F,2026-03-23,950199,2024-01-05,2035-01-01,14,13.9621,13.972,835.855801,0.00025819887684,13.7256,14.6948,13.5279,14.4962,Calculado
2026-03-23,NTN-F,2026-03-23,950199,2026-01-09,2037-01-01,14.0099,13.9884,14,814.533286,0,13.7276,14.6943,13.5581,14.5231,Calculado
2026-03-24,LTN,2026-03-24,100000,2024-01-05,2026-04-01,14.707,14.6902,14.697,996.740474,0,14.532,15.0169,14.5561,15.0252,Calculado
2026-03-24,LTN,2026-03-24,100000,2023-01-06,2026-07-01,14.1258,14.0572,14.0943,965.550651,0.07027081996476,14.0177,14.3978,13.9477,14.325,Calculado
2026-03-24,LTN,2026-03-24,100000,2024-07-05,2026-10-01,13.9739,13.934,13.9532,933.869315,0.01714552189465,13.7603,14.2327,13.7648,14.2347,Calculado
2026-03-24,LTN,2026-03-24,100000,2025-01-10,2027-04-01,13.9621,13.9466,13.9557,876.624613,0.00067591208008,13.535,14.3359,13.5865,14.3852,Calculado
2026-03-24,LTN,2026-03-24,100000,2023-07-07,2027-07-01,13.9414,13.9289,13.9352,848.64867,0.0005016313188,13.4445,14.3388,13.515,14.4081,Calculado
2026-03-24,LTN,2026-03-24,100000,2025-07-04,2027-10-01,13.9625,13.9505,13.9558,820.341665,0.00081310691179,13.423,14.3756,13.5055,14.4575,Calculado
2026-03-24,LTN,2026-03-24,100000,2024-01-05,2028-01-01,13.8949,13.8806,13.888,794.816882,0,13.308,14.287,13.422,14.4008,Calculado
2026-03-24,LTN,2026-03-24,100000,2026-01-09,2028-04-01,13.8696,13.8553,13.8616,769.751524,0.00057325822279,13.2759,14.2628,13.3891,14.376,Calculado
2026-03-24,LTN,2026-03-24,100000,2024-07-05,2028-07-01,13.8743,13.8607,13.868,745.844959,0,13.2479,14.2624,13.3854,14.3994,Calculado
2026-03-24,LTN,2026-03-24,100000,2022-02-11,2029-01-01,13.9362,13.9225,13.9298,698.630157,0.00102135100724,13.2909,14.3309,13.4386,14.4786,Calculado
2026-03-24,LTN,2026-03-24,100000,2025-07-04,2029-07-01,14.0109,13.9968,14.0035,653.834196,0.00098506389133,13.3579,14.3949,13.5188,14.5559,Calculado
2026-03-24,LTN,2026-03-24,100000,2024-01-05,2030-01-01,14.0534,14.0391,14.0474,611.799869,0.00074154098336,13.4039,14.4251,13.5782,14.5996,Calculado
2026-03-24,LTN,2026-03-24,100000,2025-01-10,2032-01-01,14.1783,14.1654,14.1725,467.419223,0,13.5197,14.5249,13.7114,14.7165,Calculado
2026-03-24,NTN-C,2026-03-24,770100,2000-07-01,2031-01-01,8.2155,7.9644,8.0465,7588.745111,0.29771937742159,7.5763,8.581,7.4704,8.4753,Calculado
2026-03-24,LFT,2026-03-24,210100,2000-07-01,2026-09-01,-0.0191,-0.0353,-0.027,18654.387495,0.00169934627725,-0.08,0.0304,-0.081,0.0313,Calculado
2026-03-24,LFT,2026-03-24,210100,2000-07-01,2027-03-01,0.0036,0.0003,0.0016,18651.906754,0.00083266639178,-0.0565,0.0387,-0.0577,0.0404,Calculado
2026-03-24,LFT,2026-03-24,210100,2000-07-01,2027-09-01,0.01,0.0082,0.009,18649.780404,0,-0.037,0.0517,-0.0367,0.0517,Calculado
2026-03-24,LFT,2026-03-24,210100,2000-07-01,2028-03-01,0.0157,0.0137,0.0144,18647.001229,0.00034683193336,-0.0225,0.0666,-0.0231,0.0674,Calculado
2026-03-24,LFT,2026-03-24,210100,2000-07-01,2028-09-01,0.0259,0.0235,0.0247,18640.976572,0.00032650460946,0.0155,0.0537,0.0154,0.0536,Calculado
2026-03-24,LFT,2026-03-24,210100,2000-07-01,2029-03-01,0.0426,0.0398,0.0411,18629.897174,0.00022549869179,0.0309,0.0566,0.0305,0.0565,Calculado
2026-03-24,LFT,2026-03-24,210100,2000-07-01,2029-09-01,0.0549,0.0526,0.0539,18617.829209,0.00017471777242,0.0414,0.0698,0.0416,0.0689,Calculado
2026-03-24,LFT,2026-03-24,210100,2000-07-01,2030-03-01,0.0715,0.0689,0.0703,18601.060893,0.00093486559462,0.0508,0.0829,0.0509,0.0819,Calculado
2026-03-24,LFT,2026-03-24,210100,2000-07-01,2030-06-01,0.0765,0.0736,0.0749,18594.308802,0.00093159455773,0.0576,0.086,0.0575,0.0852,Calculado
2026-03-24,LFT,2026-03-24,210100,2000-07-01,2030-09-01,0.0845,0.0808,0.0829,18584.217969,0.00009045335815,0.0611,0.0932,0.0608,0.0926,Calculado
2026-03-24,LFT,2026-03-24,210100,2000-07-01,2030-12-01,0.0854,0.0814,0.0834,18579.946618,0.00043008225957,0.0707,0.0952,0.0704,0.0946,Calculado
2026-03-24,LFT,2026-03-24,210100,2000-07-01,2031-03-01,0.0947,0.0917,0.0932,18567.281783,0.00047363220963,0.0735,0.1033,0.073,0.103,Calculado
2026-03-24,LFT,2026-03-24,210100,2000-07-01,2031-06-01,0.0984,0.0949,0.0964,18559.970126,0.00044472212673,0.0812,0.1063,0.0807,0.1061,Calculado
2026-03-24,LFT,2026-03-24,210100,2000-07-01,2031-09-01,0.1003,0.0968,0.0985,18553.329948,0.00051041777986,0.0867,0.1119,0.0867,0.1113,Calculado
2026-03-24,LFT,2026-03-24,210100,2000-07-01,2031-12-01,0.1024,0.099,0.1005,18546.596509,0.00043150761291,0.0883,0.1201,0.0883,0.1198,Calculado
2026-03-24,LFT,2026-03-24,210100,2000-07-01,2032-03-01,0.1098,0.1085,0.1093,18532.495455,0.00032843326567,0.0968,0.1207,0.0964,0.1209,Calculado
2026-03-24,NTN-B,2026-03-24,760199,2000-07-15,2026-08-15,9.1451,9.1119,9.1292,4610.871872,0.01468780452348,8.6659,9.8242,8.6467,9.8146,Calculado
2026-03-24,NTN-B,2026-03-24,760199,2000-07-15,2027-05-15,8.197,8.1681,8.1831,4633.117587,0.00465788647565,7.8716,8.4831,7.8951,8.5055,Calculado
2026-03-24,NTN-B,2026-03-24,760199,2000-07-15,2028-08-15,8.0735,8.0456,8.06,4471.476827,0,7.6746,8.3655,7.7143,8.4053,Calculado
2026-03-24,NTN-B,2026-03-24,760199,2000-07-15,2029-05-15,7.9762,7.9468,7.9616,4502.5689,0.00233325500964,7.5545,8.2175,7.6155,8.2788,Calculado
2026-03-24,NTN-B,2026-03-24,760199,2000-07-15,2030-08-15,8.0065,7.9791,7.9909,4349.315489,0.00188910387221,7.6206,8.214,7.6751,8.2686,Calculado
2026-03-24,NTN-B,2026-03-24,760199,2000-07-15,2031-05-15,7.9549,7.9233,7.9398,4384.274366,0.0003999999875,7.5839,8.1447,7.6414,8.2023,Calculado
2026-03-24,NTN-B,2026-03-24,760199,2000-07-15,2032-08-15,7.9034,7.8748,7.8896,4254.305236,0.00076852130094,7.5478,8.0759,7.6058,8.1341,Calculado
2026-03-24,NTN-B,2026-03-24,760199,2000-07-15,2033-05-15,7.8856,7.8547,7.87,4291.744617,0,7.554,8.0599,7.6008,8.1068,Calculado
2026-03-24,NTN-B,2026-03-24,760199,2000-07-15,2035-05-15,7.6735,7.6454,7.6576,4263.364871,0.00534433389208,7.385,7.8439,7.4217,7.8806,Calculado
2026-03-24,NTN-B,2026-03-24,760199,2000-07-15,2037-05-15,7.5606,7.5279,7.5442,4230.710312,0.00460300531066,7.2935,7.7191,7.3332,7.7588,Calculado
2026-03-24,NTN-B,2026-03-24,760199,2000-07-15,2040-08-15,7.4082,7.377,7.3921,4128.972562,0.00357296541545,7.1653,7.5542,7.2084,7.5974,Calculado
2026-03-24,NTN-B,2026-03-24,760199,2000-07-15,2045-05-15,7.3306,7.3005,7.3187,4143.317756,0.00715074153987,7.1156,7.4826,7.1576,7.5248,Calculado
2026-03-24,NTN-B,2026-03-24,760199,2000-07-15,2050-08-15,7.29,7.2584,7.273,4030.665789,0.0074551289298,7.0782,7.4407,7.1169,7.4795,Calculado
2026-03-24,NTN-B,2026-03-24,760199,2000-07-15,2055-05-15,7.2691,7.2304,7.249,4071.638149,0.01040530608536,7.0443,7.4056,7.0938,7.4553,Calculado
2026-03-24,NTN-B,2026-03-24,760199,2000-07-15,2060-08-15,7.2869,7.2463,7.2632,3964.243923,0.00605143644352,7.0766,7.4378,7.1084,7.4699,Calculado
2026-03-24,NTN-F,2026-03-24,950199,2016-01-15,2027-01-01,14.0567,14.0019,14.0247,995.152244,0.0069563761816,13.7386,14.3822,13.7569,14.3975,Calculado
2026-03-24,NTN-F,2026-03-24,950199,2018-01-05,2029-01-01,13.9473,13.9175,13.9326,940.518167,0.0019441885891,13.304,14.3247,13.4519,14.4723,Calculado
2026-03-24,NTN-F,2026-03-24,950199,2020-01-10,2031-01-01,14.1974,14.1807,14.1902,889.787011,0.00173315421126,13.5534,14.5328,13.7523,14.7312,Calculado
2026-03-24,NTN-F,2026-03-24,950199,2022-01-07,2033-01-01,14.1856,14.1727,14.1795,854.384146,0.00159661557051,13.5362,14.5121,13.7345,14.71,Calculado
2026-03-24,NTN-F,2026-03-24,950199,2024-01-05,2035-01-01,14.1738,14.1558,14.166,828.399781,0.00461738989798,13.5279,14.4962,13.7223,14.6898,Calculado
2026-03-24,NTN-F,2026-03-24,950199,2026-01-09,2037-01-01,14.1811,14.1671,14.1735,807.346885,0.00207358897325,13.5581,14.5231,13.7319,14.6962,Calculado
2026-03-25,LTN,2026-03-25,100000,2024-01-05,2026-04-01,14.7241,14.6929,14.7083,997.28104,0.00987604383445,14.5561,15.0252,14.5641,15.0433,Calculado
2026-03-25,LTN,2026-03-25,100000,2023-01-06,2026-07-01,14.0836,14.0303,14.0602,966.131627,0.0113798874432,13.9477,14.325,13.9148,14.2894,Calculado
2026-03-25,LTN,2026-03-25,100000,2024-07-05,2026-10-01,13.9153,13.8637,13.892,934.614453,0.00838253853973,13.7648,14.2347,13.7046,14.1719,Calculado
2026-03-25,LTN,2026-03-25,100000,2025-01-10,2027-04-01,13.8625,13.847,13.8562,877.848714,0.00237329193527,13.5865,14.3852,13.4886,14.2849,Calculado
2026-03-25,LTN,2026-03-25,100000,2023-07-07,2027-07-01,13.8452,13.8316,13.839,849.987976,0,13.515,14.4081,13.4195,14.3114,Calculado
2026-03-25,LTN,2026-03-25,100000,2025-07-04,2027-10-01,13.8609,13.8501,13.8555,821.860478,0.00163918519393,13.5055,14.4575,13.4055,14.3568,Calculado
2026-03-25,LTN,2026-03-25,100000,2024-01-05,2028-01-01,13.7969,13.7837,13.79,796.434241,0,13.422,14.4008,13.3242,14.3027,Calculado
2026-03-25,LTN,2026-03-25,100000,2026-01-09,2028-04-01,13.7743,13.7589,13.7656,771.45621,0.00920629393133,13.3891,14.376,13.2931,14.28,Calculado
2026-03-25,LTN,2026-03-25,100000,2024-07-05,2028-07-01,13.787,13.7725,13.7799,747.532424,0.00013363061027,13.3854,14.3994,13.2974,14.3109,Calculado
2026-03-25,LTN,2026-03-25,100000,2022-02-11,2029-01-01,13.8568,13.845,13.8504,700.331253,0.00071631317173,13.4386,14.4786,13.3592,14.3991,Calculado
2026-03-25,LTN,2026-03-25,100000,2025-07-04,2029-07-01,13.9351,13.9232,13.9289,655.562381,0.00047183849991,13.5188,14.5559,13.444,14.4812,Calculado
2026-03-25,LTN,2026-03-25,100000,2024-01-05,2030-01-01,13.9795,13.9687,13.9741,613.59038,0.0004668600754,13.5782,14.5996,13.5047,14.5263,Calculado
2026-03-25,LTN,2026-03-25,100000,2025-01-10,2032-01-01,14.1246,14.1119,14.1185,468.935487,0,13.7114,14.7165,13.6574,14.6625,Calculado
2026-03-25,NTN-C,2026-03-25,770100,2000-07-01,2031-01-01,8.2545,7.9032,8.0832,7583.101307,0.14235845100106,7.4704,8.4753,7.5925,8.5975,Calculado
2026-03-25,LFT,2026-03-25,210100,2000-07-01,2026-09-01,-0.0255,-0.0411,-0.0346,18665.126341,0.01090740246667,-0.081,0.0313,-0.0894,0.026,Calculado
2026-03-25,LFT,2026-03-25,210100,2000-07-01,2027-03-01,0.003,0.0003,0.0016,18662.028398,0.00021602467452,-0.0577,0.0404,-0.0622,0.041,Calculado
2026-03-25,LFT,2026-03-25,210100,2000-07-01,2027-09-01,0.0101,0.0072,0.0087,18659.975544,0.00040036746871,-0.0367,0.0517,-0.0365,0.0519,Calculado
2026-03-25,LFT,2026-03-25,210100,2000-07-01,2028-03-01,0.0158,0.0132,0.0142,18657.213522,0.00038738269192,-0.0231,0.0674,-0.0239,0.0692,Calculado
2026-03-25,LFT,2026-03-25,210100,2000-07-01,2028-09-01,0.0259,0.0233,0.0245,18651.204259,0.00032899132207,0.0154,0.0536,0.0151,0.0539,Calculado
2026-03-25,LFT,2026-03-25,210100,2000-07-01,2029-03-01,0.0418,0.0389,0.0405,18640.361458,0.00036281397437,0.0305,0.0565,0.0297,0.0556,Calculado
2026-03-25,LFT,2026-03-25,210100,2000-07-01,2029-09-01,0.0547,0.0523,0.053,18628.548217,0,0.0416,0.0689,0.0405,0.0666,Calculado
2026-03-25,LFT,2026-03-25,210100,2000-07-01,2030-03-01,0.0683,0.0658,0.0675,18613.245124,0.00035355339059,0.0509,0.0819,0.0492,0.0792,Calculado
2026-03-25,LFT,2026-03-25,210100,2000-07-01,2030-06-01,0.0717,0.0689,0.0707,18607.683756,0.0007067369454,0.0575,0.0852,0.0572,0.0809,Calculado
2026-03-25,LFT,2026-03-25,210100,2000-07-01,2030-09-01,0.0827,0.0788,0.0803,18596.486371,0.00105745099177,0.0608,0.0926,0.0589,0.09,Calculado
2026-03-25,LFT,2026-03-25,210100,2000-07-01,2030-12-01,0.0845,0.0804,0.0821,18591.204938,0.0014607836527,0.0704,0.0946,0.0689,0.0918,Calculado
2026-03-25,LFT,2026-03-25,210100,2000-07-01,2031-03-01,0.0947,0.0913,0.0926,18577.973361,0.00085277324653,0.073,0.103,0.0697,0.1023,Calculado
2026-03-25,LFT,2026-03-25,210100,2000-07-01,2031-06-01,0.0976,0.0943,0.0958,18570.695061,0.00065909920346,0.0807,0.1061,0.078,0.1055,Calculado
2026-03-25,LFT,2026-03-25,210100,2000-07-01,2031-09-01,0.1,0.0963,0.0979,18564.069941,0.00062989260989,0.0867,0.1113,0.0862,0.1094,Calculado
2026-03-25,LFT,2026-03-25,210100,2000-07-01,2031-12-01,0.102,0.0987,0.0999,18557.370173,0.00089405717379,0.0883,0.1198,0.0877,0.1191,Calculado
2026-03-25,LFT,2026-03-25,210100,2000-07-01,2032-03-01,0.1084,0.107,0.1077,18544.381206,0.000180073485,0.0964,0.1209,0.0948,0.1224,Calculado
2026-03-25,NTN-B,2026-03-25,760199,2000-07-15,2026-08-15,9.2012,9.169,9.1802,4612.280842,0.00365897461456,8.6467,9.8146,8.6947,9.8723,Calculado
2026-03-25,NTN-B,2026-03-25,760199,2000-07-15,2027-05-15,8.1618,8.1362,8.15,4636.764821,0,7.8951,8.5055,7.8625,8.4718,Calculado
2026-03-25,NTN-B,2026-03-25,760199,2000-07-15,2028-08-15,8.0344,8.0088,8.02,4477.192342,0,7.7143,8.4053,7.6744,8.3655,Calculado
2026-03-25,NTN-B,2026-03-25,760199,2000-07-15,2029-05-15,7.941,7.9107,7.9292,4508.38623,0.00094917546323,7.6155,8.2788,7.5831,8.2468,Calculado
2026-03-25,NTN-B,2026-03-25,760199,2000-07-15,2030-08-15,7.9733,7.9468,7.96,4356.066203,0,7.6751,8.2686,7.6441,8.2378,Calculado
2026-03-25,NTN-B,2026-03-25,760199,2000-07-15,2031-05-15,7.9151,7.8874,7.9027,4392.773623,0.0053355039434,7.6414,8.2023,7.6043,8.1652,Calculado
2026-03-25,NTN-B,2026-03-25,760199,2000-07-15,2032-08-15,7.8593,7.8306,7.8451,4265.494029,0.00408173079833,7.6058,8.1341,7.5612,8.0896,Calculado
2026-03-25,NTN-B,2026-03-25,760199,2000-07-15,2033-05-15,7.8421,7.815,7.8292,4302.887742,0.0015212776571,7.6008,8.1068,7.5599,8.066,Calculado
2026-03-25,NTN-B,2026-03-25,760199,2000-07-15,2035-05-15,7.6539,7.6245,7.6367,4270.900907,0.00400413389262,7.4217,7.8806,7.4007,7.8597,Calculado
2026-03-25,NTN-B,2026-03-25,760199,2000-07-15,2037-05-15,7.5496,7.521,7.536,4235.079177,0.0040308822471,7.3332,7.7588,7.3249,7.7506,Calculado
2026-03-25,NTN-B,2026-03-25,760199,2000-07-15,2040-08-15,7.4018,7.3759,7.39,4131.495252,0,7.2084,7.5974,7.2063,7.5953,Calculado
2026-03-25,NTN-B,2026-03-25,760199,2000-07-15,2045-05-15,7.312,7.2873,7.3011,4152.436473,0.00205798301742,7.1576,7.5248,7.14,7.507,Calculado
2026-03-25,NTN-B,2026-03-25,760199,2000-07-15,2050-08-15,7.2771,7.2468,7.2625,4037.180924,0.00334781939925,7.1169,7.4795,7.1065,7.4688,Calculado
2026-03-25,NTN-B,2026-03-25,760199,2000-07-15,2055-05-15,7.2693,7.2416,7.2561,4069.918972,0.00825099037086,7.0938,7.4553,7.101,7.4622,Calculado
2026-03-25,NTN-B,2026-03-25,760199,2000-07-15,2060-08-15,7.2722,7.2448,7.2587,3968.152797,0.00207017246383,7.1084,7.4699,7.1041,7.4651,Calculado
2026-03-25,NTN-F,2026-03-25,950199,2016-01-15,2027-01-01,13.9568,13.9191,13.9402,996.218518,0.00176038584691,13.7569,14.3975,13.6743,14.312,Calculado
2026-03-25,NTN-F,2026-03-25,950199,2018-01-05,2029-01-01,13.8709,13.8459,13.8575,942.497577,0.00170194741106,13.4519,14.4723,13.3767,14.3971,Calculado
2026-03-25,NTN-F,2026-03-25,950199,2020-01-10,2031-01-01,14.1281,14.1149,14.1215,892.257163,0,13.7523,14.7312,13.6836,14.6625,Calculado
2026-03-25,NTN-F,2026-03-25,950199,2022-01-07,2033-01-01,14.1378,14.1261,14.1321,856.529632,0.00056568541611,13.7345,14.71,13.6871,14.6625,Calculado
2026-03-25,NTN-F,2026-03-25,950199,2024-01-05,2035-01-01,14.1384,14.1125,14.1249,830.497274,0.00191130537068,13.7223,14.6898,13.6813,14.6485,Calculado
2026-03-25,NTN-F,2026-03-25,950199,2026-01-09,2037-01-01,14.1473,14.1324,14.1383,809.306415,0.00096691595291,13.7319,14.6962,13.6969,14.6608,Calculado
2026-03-26,LTN,2026-03-26,100000,2024-01-05,2026-04-01,14.7359,14.6962,14.7172,997.823011,0.00482952292261,14.5641,15.0433,14.5653,15.0547,Calculado
2026-03-26,LTN,2026-03-26,100000,2023-01-06,2026-07-01,14.2559,14.1516,14.1887,966.35543,0.0291882866736,13.9148,14.2894,14.0419,14.4137,Calculado
2026-03-26,LTN,2026-03-26,100000,2024-07-05,2026-10-01,14.1412,14.0285,14.0807,934.298779,0.00261116483777,13.7046,14.1719,13.8928,14.3574,Calculado
2026-03-26,LTN,2026-03-26,100000,2025-01-10,2027-04-01,14.1505,14.1336,14.1443,876.084044,0.00315642305941,13.4886,14.2849,13.7777,14.5718,Calculado
2026-03-26,LTN,2026-03-26,100000,2023-07-07,2027-07-01,14.1323,14.1208,14.1277,847.737058,0.00201764276818,13.4195,14.3114,13.7086,14.5994,Calculado
2026-03-26,LTN,2026-03-26,100000,2025-07-04,2027-10-01,14.1688,14.1568,14.1623,818.953806,0.00100834750954,13.4055,14.3568,13.7126,14.6632,Calculado
2026-03-26,LTN,2026-03-26,100000,2024-01-05,2028-01-01,14.1002,14.0871,14.0946,793.106679,0.00195919776184,13.3242,14.3027,13.629,14.6072,Calculado
2026-03-26,LTN,2026-03-26,100000,2026-01-09,2028-04-01,14.0752,14.058,14.0652,767.785791,0.00149085121659,13.2931,14.28,13.5928,14.5797,Calculado
2026-03-26,LTN,2026-03-26,100000,2024-07-05,2028-07-01,14.0827,14.0675,14.0751,743.56779,0.00184510481003,13.2974,14.3109,13.5929,14.6058,Calculado
2026-03-26,LTN,2026-03-26,100000,2022-02-11,2029-01-01,14.132,14.1206,14.126,696.06179,0,13.3592,14.3991,13.6349,14.6748,Calculado
2026-03-26,LTN,2026-03-26,100000,2025-07-04,2029-07-01,14.1875,14.1749,14.1809,651.231547,0.00021380895678,13.444,14.4812,13.6961,14.7333,Calculado
2026-03-26,LTN,2026-03-26,100000,2024-01-05,2030-01-01,14.2096,14.1967,14.203,609.33163,0,13.5047,14.5263,13.7336,14.7553,Calculado
2026-03-26,LTN,2026-03-26,100000,2025-01-10,2032-01-01,14.3145,14.3019,14.308,464.741776,0,13.6574,14.6625,13.847,14.852,Calculado
2026-03-26,NTN-C,2026-03-26,770100,2000-07-01,2031-01-01,8.3036,8.169,8.1778,7562.307146,0.18694538499169,7.5925,8.5975,7.5859,8.5911,Calculado
2026-03-26,LFT,2026-03-26,210100,2000-07-01,2026-09-01,-0.0364,-0.0684,-0.051,18676.543556,0.01961877268893,-0.0894,0.026,-0.1069,0.0135,Calculado
2026-03-26,LFT,2026-03-26,210100,2000-07-01,2027-03-01,0.0016,-0.0009,0.0006,18672.323586,0.00096149732709,-0.0622,0.041,-0.0711,0.0406,Calculado
2026-03-26,LFT,2026-03-26,210100,2000-07-01,2027-09-01,0.0094,0.0068,0.0085,18670.157583,0.00045693636318,-0.0365,0.0519,-0.0362,0.0522,Calculado
2026-03-26,LFT,2026-03-26,210100,2000-07-01,2028-03-01,0.0163,0.0128,0.0143,18667.300701,0.00021669870789,-0.0239,0.0692,-0.0244,0.0729,Calculado
2026-03-26,LFT,2026-03-26,210100,2000-07-01,2028-09-01,0.0261,0.0239,0.025,18661.120125,0.00052159258047,0.0151,0.0539,0.0155,0.0558,Calculado
2026-03-26,LFT,2026-03-26,210100,2000-07-01,2029-03-01,0.042,0.0385,0.0402,18650.663561,0.00041150726604,0.0297,0.0556,0.0294,0.056,Calculado
2026-03-26,LFT,2026-03-26,210100,2000-07-01,2029-09-01,0.0537,0.0511,0.0524,18639.067978,0.00041648713065,0.0405,0.0666,0.0398,0.0645,Calculado
2026-03-26,LFT,2026-03-26,210100,2000-07-01,2030-03-01,0.0661,0.0631,0.065,18625.213031,0.00102620087215,0.0492,0.0792,0.047,0.0769,Calculado
2026-03-26,LFT,2026-03-26,210100,2000-07-01,2030-06-01,0.0693,0.0666,0.068,18619.910059,0,0.0572,0.0809,0.0546,0.0783,Calculado
2026-03-26,LFT,2026-03-26,210100,2000-07-01,2030-09-01,0.0785,0.0751,0.0773,18609.098719,0.00024729300435,0.0589,0.09,0.0564,0.0869,Calculado
2026-03-26,LFT,2026-03-26,210100,2000-07-01,2030-12-01,0.0799,0.0752,0.0794,18603.683713,0.00030698926691,0.0689,0.0918,0.0662,0.0891,Calculado
2026-03-26,LFT,2026-03-26,210100,2000-07-01,2031-03-01,0.092,0.0881,0.0909,18589.660713,0.0000632455532,0.0697,0.1023,0.0665,0.1006,Calculado
2026-03-26,LFT,2026-03-26,210100,2000-07-01,2031-06-01,0.096,0.0912,0.0948,18581.799618,0.00039167152054,0.078,0.1055,0.075,0.1044,Calculado
2026-03-26,LFT,2026-03-26,210100,2000-07-01,2031-09-01,0.0973,0.0925,0.0968,18575.320283,0.00052545112998,0.0862,0.1094,0.0851,0.1077,Calculado
2026-03-26,LFT,2026-03-26,210100,2000-07-01,2031-12-01,0.1003,0.098,0.0993,18568.150068,0.00042695627411,0.0877,0.1191,0.0871,0.1184,Calculado
2026-03-26,LFT,2026-03-26,210100,2000-07-01,2032-03-01,0.1077,0.1057,0.1066,18555.714225,0.00022670917494,0.0948,0.1224,0.0938,0.124,Calculado
2026-03-26,NTN-B,2026-03-26,760199,2000-07-15,2026-08-15,8.7584,8.7075,8.7396,4621.81087,0.0008510928034,8.6947,9.8723,8.2468,9.4341,Calculado
2026-03-26,NTN-B,2026-03-26,760199,2000-07-15,2027-05-15,8.1968,8.1678,8.1808,4637.440185,0.00139147361455,7.8625,8.4718,7.8927,8.5009,Calculado
2026-03-26,NTN-B,2026-03-26,760199,2000-07-15,2028-08-15,8.1265,8.0968,8.1141,4470.512614,0.00429151856223,7.6744,8.3655,7.7685,8.4597,Calculado
2026-03-26,NTN-B,2026-03-26,760199,2000-07-15,2029-05-15,8.0217,7.991,8.0061,4501.377032,0.00689610026174,7.5831,8.2468,7.66,8.3241,Calculado
2026-03-26,NTN-B,2026-03-26,760199,2000-07-15,2030-08-15,8.0486,8.0196,8.0302,4347.119873,0.00073200636609,7.6441,8.2378,7.7142,8.3081,Calculado
2026-03-26,NTN-B,2026-03-26,760199,2000-07-15,2031-05-15,7.9951,7.964,7.9835,4380.493329,0.00421109645223,7.6043,8.1652,7.6851,8.2461,Calculado
2026-03-26,NTN-B,2026-03-26,760199,2000-07-15,2032-08-15,7.9375,7.9063,7.9233,4251.0622,0.00333684025839,7.5612,8.0896,7.6394,8.1678,Calculado
2026-03-26,NTN-B,2026-03-26,760199,2000-07-15,2033-05-15,7.9222,7.8864,7.904,4287.87225,0.00397140514302,7.5599,8.066,7.6347,8.1409,Calculado
2026-03-26,NTN-B,2026-03-26,760199,2000-07-15,2035-05-15,7.7157,7.677,7.6976,4256.237961,0.01096539212933,7.4007,7.8597,7.4615,7.9207,Calculado
2026-03-26,NTN-B,2026-03-26,760199,2000-07-15,2037-05-15,7.614,7.5694,7.5936,4219.080078,0.01489299061908,7.3249,7.7506,7.3825,7.8082,Calculado
2026-03-26,NTN-B,2026-03-26,760199,2000-07-15,2040-08-15,7.459,7.4285,7.4454,4113.199589,0.00858602185124,7.2063,7.5953,7.2616,7.6507,Calculado
2026-03-26,NTN-B,2026-03-26,760199,2000-07-15,2045-05-15,7.3756,7.3434,7.3593,4129.914143,0.00136661883859,7.14,7.507,7.198,7.5653,Calculado
2026-03-26,NTN-B,2026-03-26,760199,2000-07-15,2050-08-15,7.3328,7.2965,7.3141,4015.282166,0.00383703863546,7.1065,7.4688,7.158,7.5205,Calculado
2026-03-26,NTN-B,2026-03-26,760199,2000-07-15,2055-05-15,7.3307,7.2841,7.3081,4046.670653,0.00622729795015,7.101,7.4622,7.1529,7.5144,Calculado
2026-03-26,NTN-B,2026-03-26,760199,2000-07-15,2060-08-15,7.3291,7.2953,7.3082,3945.284172,0.00555356689435,7.1041,7.4651,7.1535,7.5148,Calculado
2026-03-26,NTN-F,2026-03-26,950199,2016-01-15,2027-01-01,14.1956,14.1484,14.1725,995.23744,0.00872602127891,13.6743,14.312,13.9077,14.5424,Calculado
2026-03-26,NTN-F,2026-03-26,950199,2018-01-05,2029-01-01,14.1445,14.1183,14.1316,937.559203,0.00108658260155,13.3767,14.3971,13.651,14.6712,Calculado
2026-03-26,NTN-F,2026-03-26,950199,2020-01-10,2031-01-01,14.3364,14.3243,14.3318,886.621671,0.00161738916158,13.6836,14.6625,13.894,14.8729,Calculado
2026-03-26,NTN-F,2026-03-26,950199,2022-01-07,2033-01-01,14.3163,14.302,14.3115,850.588363,0.00009045335815,13.6871,14.6625,13.8664,14.8421,Calculado
2026-03-26,NTN-F,2026-03-26,950199,2024-01-05,2035-01-01,14.2972,14.2628,14.2827,824.580539,0.00526143013353,13.6813,14.6485,13.8388,14.8067,Calculado
2026-03-26,NTN-F,2026-03-26,950199,2026-01-09,2037-01-01,14.2998,14.2877,14.2942,802.968987,0.00054094823227,13.6969,14.6608,13.8523,14.8172,Calculado
2026-03-30,LTN,2026-03-30,100000,2024-01-05,2026-04-01,14.7392,14.7084,14.7272,998.910221,0.00595191814964,14.5596,15.0593,14.5665,15.0766,Calculado
2026-03-30,LTN,2026-03-30,100000,2023-01-06,2026-07-01,14.3257,14.2066,14.2549,967.233414,0.03683512732786,14.0996,14.4686,14.1095,14.4757,Calculado
2026-03-30,LTN,2026-03-30,100000,2024-07-05,2026-10-01,14.1971,14.1123,14.1386,935.035103,0.02509227531911,14.0004,14.4621,13.9528,14.4115,Calculado
2026-03-30,LTN,2026-03-30,100000,2025-01-10,2027-04-01,14.1535,14.1361,14.1443,877.004368,0.0019073541884,13.8407,14.6325,13.7808,14.5702,Calculado
2026-03-30,LTN,2026-03-30,100000,2023-07-07,2027-07-01,14.1253,14.1108,14.1173,848.722686,0.00258175107049,13.7776,14.6672,13.6996,14.588,Calculado
2026-03-30,LTN,2026-03-30,100000,2025-07-04,2027-10-01,14.1508,14.1352,14.1438,820.014458,0.0025923277937,13.7843,14.7342,13.6949,14.6441,Calculado
2026-03-30,LTN,2026-03-30,100000,2024-01-05,2028-01-01,14.0945,14.0794,14.088,794.01747,0,13.6941,14.6721,13.6228,14.6005,Calculado
2026-03-30,LTN,2026-03-30,100000,2026-01-09,2028-04-01,14.0604,14.0452,14.053,768.752557,0,13.6518,14.6387,13.5808,14.5676,Calculado
2026-03-30,LTN,2026-03-30,100000,2024-07-05,2028-07-01,14.0682,14.052,14.0606,744.557497,0.00144967034529,13.642,14.6543,13.5787,14.5905,Calculado
2026-03-30,LTN,2026-03-30,100000,2022-02-11,2029-01-01,14.12,14.1056,14.1133,697.004161,0.00021726911884,13.6758,14.7156,13.6222,14.662,Calculado
2026-03-30,LTN,2026-03-30,100000,2025-07-04,2029-07-01,14.1602,14.1471,14.1545,652.403848,0,13.7173,14.7547,13.6695,14.7069,Calculado
2026-03-30,LTN,2026-03-30,100000,2024-01-05,2030-01-01,14.1766,14.1631,14.17,610.630738,0,13.7445,14.7664,13.7003,14.7223,Calculado
2026-03-30,LTN,2026-03-30,100000,2025-01-10,2032-01-01,14.2688,14.2564,14.2632,466.280024,0.00040078047607,13.844,14.849,13.8022,14.8072,Calculado
2026-03-30,NTN-C,2026-03-30,770100,2000-07-01,2031-01-01,8.3401,8.0687,8.2965,7541.539507,0.12685791622552,7.764,8.7694,7.848,8.8536,Calculado
2026-03-30,LFT,2026-03-30,210100,2000-07-01,2026-09-01,-0.0275,-0.0625,-0.0493,18696.613462,0.00180018517381,-0.1073,0.015,-0.1081,0.016,Calculado
2026-03-30,LFT,2026-03-30,210100,2000-07-01,2027-03-01,0.001,-0.0026,0,18692.706687,0.00013363061027,-0.0714,0.0416,-0.0717,0.0428,Calculado
2026-03-30,LFT,2026-03-30,210100,2000-07-01,2027-09-01,0.0098,0.0065,0.008,18690.575718,0.00051807207993,-0.0373,0.0533,-0.0375,0.0542,Calculado
2026-03-30,LFT,2026-03-30,210100,2000-07-01,2028-03-01,0.0157,0.0136,0.0144,18687.566192,0.00031278786741,-0.0256,0.0739,-0.0269,0.0752,Calculado
2026-03-30,LFT,2026-03-30,210100,2000-07-01,2028-09-01,0.0265,0.0237,0.025,18681.416292,0,0.0154,0.0555,0.0153,0.0548,Calculado
2026-03-30,LFT,2026-03-30,210100,2000-07-01,2029-03-01,0.0412,0.0392,0.04,18671.079225,0,0.0291,0.0557,0.0291,0.0544,Calculado
2026-03-30,LFT,2026-03-30,210100,2000-07-01,2029-09-01,0.0537,0.0513,0.0524,18659.37759,0.00037758851942,0.0397,0.0639,0.0381,0.0637,Calculado
2026-03-30,LFT,2026-03-30,210100,2000-07-01,2030-03-01,0.0659,0.0629,0.0643,18646.030998,0.00044116322376,0.0467,0.0765,0.0449,0.0763,Calculado
2026-03-30,LFT,2026-03-30,210100,2000-07-01,2030-06-01,0.0696,0.0663,0.0678,18640.3858,0.00048019603289,0.0541,0.0782,0.0525,0.0779,Calculado
2026-03-30,LFT,2026-03-30,210100,2000-07-01,2030-09-01,0.0763,0.0731,0.0743,18631.861926,0.00125649191004,0.0572,0.0855,0.0571,0.0838,Calculado
2026-03-30,LFT,2026-03-30,210100,2000-07-01,2030-12-01,0.0791,0.0748,0.0761,18626.852281,0.0023985131832,0.0659,0.0888,0.0632,0.0898,Calculado
2026-03-30,LFT,2026-03-30,210100,2000-07-01,2031-03-01,0.0907,0.087,0.089,18611.711188,0.00101706035219,0.0665,0.1002,0.0667,0.0985,Calculado
2026-03-30,LFT,2026-03-30,210100,2000-07-01,2031-06-01,0.0956,0.0921,0.0937,18603.149929,0.00038857964435,0.0749,0.104,0.0747,0.1032,Calculado
2026-03-30,LFT,2026-03-30,210100,2000-07-01,2031-09-01,0.0971,0.0942,0.0963,18596.140164,0.00042875789206,0.0851,0.1072,0.0848,0.1069,Calculado
2026-03-30,LFT,2026-03-30,210100,2000-07-01,2031-12-01,0.101,0.098,0.0993,18588.438769,0.00037140432146,0.0872,0.118,0.0873,0.1177,Calculado
2026-03-30,LFT,2026-03-30,210100,2000-07-01,2032-03-01,0.1087,0.1074,0.1082,18574.269697,0.0003079820287,0.0939,0.1237,0.0955,0.1223,Calculado
2026-03-30,NTN-B,2026-03-30,760199,2000-07-15,2026-08-15,8.9364,8.8925,8.9134,4632.379392,0.01746337018562,8.5441,9.7413,8.415,9.622,Calculado
2026-03-30,NTN-B,2026-03-30,760199,2000-07-15,2027-05-15,8.0634,8.0375,8.0489,4656.77274,0.00892172245533,7.9759,8.5831,7.7618,8.3678,Calculado
2026-03-30,NTN-B,2026-03-30,760199,2000-07-15,2028-08-15,8.0223,7.9962,8.01,4492.865993,0,7.7903,8.4816,7.6645,8.3559,Calculado
2026-03-30,NTN-B,2026-03-30,760199,2000-07-15,2029-05-15,7.9491,7.9224,7.9365,4522.33509,0.00358032309157,7.6739,8.3384,7.5903,8.2551,Calculado
2026-03-30,NTN-B,2026-03-30,760199,2000-07-15,2030-08-15,7.9835,7.9548,7.97,4368.830842,0,7.7273,8.3214,7.6538,8.248,Calculado
2026-03-30,NTN-B,2026-03-30,760199,2000-07-15,2031-05-15,7.9407,7.9142,7.9278,4402.757489,0.00340412546185,7.7016,8.2627,7.6293,8.1905,Calculado
2026-03-30,NTN-B,2026-03-30,760199,2000-07-15,2032-08-15,7.8963,7.8683,7.8846,4271.197027,0.00382813338979,7.656,8.1846,7.6005,8.1292,Calculado
2026-03-30,NTN-B,2026-03-30,760199,2000-07-15,2033-05-15,7.8808,7.8563,7.8674,4308.312286,0.00328307347161,7.6546,8.161,7.5979,8.1043,Calculado
2026-03-30,NTN-B,2026-03-30,760199,2000-07-15,2035-05-15,7.6925,7.665,7.6772,4273.776735,0.00350944104666,7.4564,7.9157,7.4411,7.9003,Calculado
2026-03-30,NTN-B,2026-03-30,760199,2000-07-15,2037-05-15,7.5894,7.5574,7.5703,4238.158172,0.00085485040797,7.3701,7.796,7.3591,7.7849,Calculado
2026-03-30,NTN-B,2026-03-30,760199,2000-07-15,2040-08-15,7.4564,7.4258,7.4437,4125.33894,0.00827373424458,7.2408,7.6299,7.2599,7.6488,Calculado
2026-03-30,NTN-B,2026-03-30,760199,2000-07-15,2045-05-15,7.3753,7.3446,7.36,4141.170446,0,7.1913,7.5587,7.1987,7.5658,Calculado
2026-03-30,NTN-B,2026-03-30,760199,2000-07-15,2050-08-15,7.3246,7.2953,7.31,4028.365159,0,7.1591,7.5217,7.1541,7.5162,Calculado
2026-03-30,NTN-B,2026-03-30,760199,2000-07-15,2055-05-15,7.3256,7.29,7.3095,4057.295074,0.00163727265903,7.1548,7.5164,7.1545,7.5155,Calculado
2026-03-30,NTN-B,2026-03-30,760199,2000-07-15,2060-08-15,7.315,7.2803,7.2972,3961.73897,0.00334521691075,7.1552,7.5167,7.1427,7.5035,Calculado
2026-03-30,NTN-F,2026-03-30,950199,2016-01-15,2027-01-01,14.1765,14.1254,14.1515,996.418697,0.0040629576653,13.9595,14.5912,13.8904,14.5192,Calculado
2026-03-30,NTN-F,2026-03-30,950199,2018-01-05,2029-01-01,14.131,14.1,14.116,938.850011,0,13.6895,14.7097,13.6355,14.6556,Calculado
2026-03-30,NTN-F,2026-03-30,950199,2020-01-10,2031-01-01,14.293,14.28,14.2873,888.849723,0.00057719830215,13.8915,14.8705,13.8495,14.8285,Calculado
2026-03-30,NTN-F,2026-03-30,950199,2022-01-07,2033-01-01,14.2853,14.2701,14.2791,852.640128,0.00097602509701,13.8663,14.8423,13.834,14.8098,Calculado
2026-03-30,NTN-F,2026-03-30,950199,2024-01-05,2035-01-01,14.2764,14.2476,14.2633,826.231418,0.00148189068085,13.8533,14.8214,13.8194,14.7873,Calculado
2026-03-30,NTN-F,2026-03-30,950199,2026-01-09,2037-01-01,14.2835,14.2687,14.2761,804.601247,0.00111803398428,13.8661,14.8312,13.8342,14.7991,Calculado
2026-04-01,LTN,2026-04-01,100000,2023-01-06,2026-07-01,14.225,14.0842,14.148,968.476352,0.03253006301854,14.0164,14.3796,14.0064,14.3667,Calculado
2026-04-01,LTN,2026-04-01,100000,2024-07-05,2026-10-01,13.9999,13.8854,13.934,936.857046,0.01839763959996,13.7805,14.238,13.7497,14.2049,Calculado
2026-04-01,LTN,2026-04-01,100000,2025-01-10,2027-04-01,13.7643,13.7466,13.7542,880.888482,0.00229971012521,13.4619,14.249,13.3941,14.1789,Calculado
2026-04-01,LTN,2026-04-01,100000,2023-07-07,2027-07-01,13.7706,13.7465,13.7593,852.913605,0.00769373942696,13.3644,14.2516,13.3431,14.2291,Calculado
2026-04-01,LTN,2026-04-01,100000,2025-07-04,2027-10-01,13.7816,13.7695,13.7769,824.828633,0.0002886751115,13.3681,14.3166,13.3289,14.2766,Calculado
2026-04-01,LTN,2026-04-01,100000,2024-01-05,2028-01-01,13.709,13.6962,13.7042,799.528195,0.00171005604002,13.285,14.2625,13.2394,14.2166,Calculado
2026-04-01,LTN,2026-04-01,100000,2026-01-09,2028-04-01,13.6768,13.6643,13.6695,774.735968,0.00129716035632,13.2468,14.2336,13.1974,14.1841,Calculado
2026-04-01,LTN,2026-04-01,100000,2024-07-05,2028-07-01,13.676,13.6637,13.6701,751.067948,0.00064416796723,13.2355,14.2468,13.1885,14.1992,Calculado
2026-04-01,LTN,2026-04-01,100000,2022-02-11,2029-01-01,13.7382,13.7282,13.7323,704.125474,0.00092498011871,13.289,14.3287,13.2411,14.2808,Calculado
2026-04-01,LTN,2026-04-01,100000,2025-07-04,2029-07-01,13.7915,13.7812,13.786,659.920923,0,13.3457,14.3832,13.3007,14.3383,Calculado
2026-04-01,LTN,2026-04-01,100000,2024-01-05,2030-01-01,13.8256,13.8159,13.8206,618.272063,0.00124007826769,13.393,14.4152,13.3505,14.3728,Calculado
2026-04-01,LTN,2026-04-01,100000,2025-01-10,2032-01-01,13.9681,13.9568,13.9619,473.869726,0.00039694344685,13.5366,14.5416,13.5008,14.5058,Calculado
2026-04-01,NTN-C,2026-04-01,770100,2000-07-01,2031-01-01,8.3403,8.0041,8.2202,7569.726303,0.1661073575806,7.866,8.8717,7.7267,8.7327,Calculado
2026-04-01,LFT,2026-04-01,210100,2000-07-01,2026-09-01,-0.0187,-0.0392,-0.0335,18715.600866,0.00818778182599,-0.1036,0.0214,-0.0963,0.0288,Calculado
2026-04-01,LFT,2026-04-01,210100,2000-07-01,2027-03-01,-0.001,-0.007,-0.003,18713.486297,0,-0.0689,0.0425,-0.0654,0.0436,Calculado
2026-04-01,LFT,2026-04-01,210100,2000-07-01,2027-09-01,0.0085,0.0054,0.0066,18711.259451,0.00134553242622,-0.0406,0.056,-0.0417,0.0563,Calculado
2026-04-01,LFT,2026-04-01,210100,2000-07-01,2028-03-01,0.0162,0.0131,0.0142,18707.94725,0.00048362059509,-0.0293,0.0752,-0.0308,0.0744,Calculado
2026-04-01,LFT,2026-04-01,210100,2000-07-01,2028-09-01,0.027,0.0236,0.025,18701.734534,0,0.0153,0.0528,0.0152,0.0505,Calculado
2026-04-01,LFT,2026-04-01,210100,2000-07-01,2029-03-01,0.0417,0.0389,0.04,18691.404958,0,0.029,0.0532,0.0289,0.0518,Calculado
2026-04-01,LFT,2026-04-01,210100,2000-07-01,2029-09-01,0.0542,0.0526,0.0531,18679.278934,0.00018748735957,0.0368,0.0645,0.0362,0.0646,Calculado
2026-04-01,LFT,2026-04-01,210100,2000-07-01,2030-03-01,0.0654,0.062,0.0641,18666.516668,0.00021122353089,0.045,0.0764,0.0454,0.0763,Calculado
2026-04-01,LFT,2026-04-01,210100,2000-07-01,2030-06-01,0.069,0.0658,0.0676,18660.865342,0.0002097617458,0.053,0.0779,0.0538,0.0776,Calculado
2026-04-01,LFT,2026-04-01,210100,2000-07-01,2030-09-01,0.0757,0.0719,0.0741,18652.36964,0.00017078249325,0.0579,0.0836,0.0586,0.0834,Calculado
2026-04-01,LFT,2026-04-01,210100,2000-07-01,2030-12-01,0.0766,0.0723,0.0746,18648.477336,0.00017298621332,0.0619,0.0918,0.0618,0.0923,Calculado
2026-04-01,LFT,2026-04-01,210100,2000-07-01,2031-03-01,0.0879,0.085,0.0872,18633.675354,0.00101949942128,0.0678,0.098,0.0694,0.0966,Calculado
2026-04-01,LFT,2026-04-01,210100,2000-07-01,2031-06-01,0.095,0.092,0.0933,18623.869742,0.00033572668944,0.0754,0.1029,0.0755,0.1026,Calculado
2026-04-01,LFT,2026-04-01,210100,2000-07-01,2031-09-01,0.098,0.0939,0.096,18616.758802,0.00004472124775,0.0846,0.1072,0.0846,0.1065,Calculado
2026-04-01,LFT,2026-04-01,210100,2000-07-01,2031-12-01,0.1012,0.0981,0.0992,18608.880629,0.0002642148936,0.0874,0.1173,0.0874,0.1159,Calculado
2026-04-01,LFT,2026-04-01,210100,2000-07-01,2032-03-01,0.1096,0.1088,0.1091,18593.610821,0.0001064120294,0.0969,0.1201,0.0958,0.1191,Calculado
2026-04-01,NTN-B,2026-04-01,760199,2000-07-15,2026-08-15,8.8696,8.7678,8.813,4640.241376,0.02542116008584,8.4264,9.6434,8.3082,9.5352,Calculado
2026-04-01,NTN-B,2026-04-01,760199,2000-07-15,2027-05-15,7.8835,7.8588,7.87,4671.009432,0,7.6408,8.2458,7.5838,8.1876,Calculado
2026-04-01,NTN-B,2026-04-01,760199,2000-07-15,2028-08-15,7.8092,7.7845,7.795,4518.545926,0.00554459433232,7.497,8.1886,7.4495,8.1412,Calculado
2026-04-01,NTN-B,2026-04-01,760199,2000-07-15,2029-05-15,7.767,7.7393,7.7534,4549.662826,0.00354704390444,7.4416,8.1069,7.407,8.0727,Calculado
2026-04-01,NTN-B,2026-04-01,760199,2000-07-15,2030-08-15,7.7966,7.7677,7.7806,4403.990153,0.00090208092209,7.4929,8.0874,7.4641,8.0587,Calculado
2026-04-01,NTN-B,2026-04-01,760199,2000-07-15,2031-05-15,7.7342,7.705,7.7202,4445.204929,0.0003999999875,7.4675,8.0287,7.4217,7.983,Calculado
2026-04-01,NTN-B,2026-04-01,760199,2000-07-15,2032-08-15,7.7142,7.6865,7.7,4315.444201,0,7.4499,7.9786,7.4158,7.9446,Calculado
2026-04-01,NTN-B,2026-04-01,760199,2000-07-15,2033-05-15,7.7036,7.6747,7.69,4354.22637,0,7.454,7.9604,7.4204,7.9269,Calculado
2026-04-01,NTN-B,2026-04-01,760199,2000-07-15,2035-05-15,7.5583,7.5271,7.5418,4316.146541,0.00188600570784,7.3262,7.7853,7.3056,7.7648,Calculado
2026-04-01,NTN-B,2026-04-01,760199,2000-07-15,2037-05-15,7.5032,7.4575,7.4807,4271.364252,0.00187766903633,7.2941,7.7197,7.2696,7.6952,Calculado
2026-04-01,NTN-B,2026-04-01,760199,2000-07-15,2040-08-15,7.3872,7.3565,7.3708,4156.95732,0.00172992689152,7.2124,7.6011,7.1871,7.5757,Calculado
2026-04-01,NTN-B,2026-04-01,760199,2000-07-15,2045-05-15,7.291,7.2609,7.2728,4182.836906,0.00527913639149,7.1299,7.4964,7.1118,7.4783,Calculado
2026-04-01,NTN-B,2026-04-01,760199,2000-07-15,2050-08-15,7.232,7.199,7.2118,4078.592966,0.00367745738249,7.0877,7.449,7.0562,7.4175,Calculado
2026-04-01,NTN-B,2026-04-01,760199,2000-07-15,2055-05-15,7.2198,7.1838,7.1971,4116.723959,0.00348747759849,7.0842,7.4443,7.0426,7.4025,Calculado
2026-04-01,NTN-B,2026-04-01,760199,2000-07-15,2060-08-15,7.2064,7.1722,7.1897,4020.535994,0.00068236719587,7.066,7.4256,7.0358,7.3952,Calculado
2026-04-01,NTN-F,2026-04-01,950199,2016-01-15,2027-01-01,13.9124,13.8524,13.8845,999.154187,0.00264626666457,13.6655,14.2913,13.6279,14.2506,Calculado
2026-04-01,NTN-F,2026-04-01,950199,2018-01-05,2029-01-01,13.7511,13.7197,13.734,947.375622,0,13.3003,14.3205,13.2533,14.2734,Calculado
2026-04-01,NTN-F,2026-04-01,950199,2020-01-10,2031-01-01,13.9832,13.9678,13.9738,898.911956,0.00348843560927,13.5701,14.5492,13.536,14.515,Calculado
2026-04-01,NTN-F,2026-04-01,950199,2022-01-07,2033-01-01,13.9961,13.9835,13.9885,863.938417,0.00122928550386,13.5839,14.5596,13.5434,14.5191,Calculado
2026-04-01,NTN-F,2026-04-01,950199,2024-01-05,2035-01-01,14.0055,13.985,13.9927,838.051625,0.00476555348202,13.5814,14.5491,13.5489,14.5166,Calculado
2026-04-01,NTN-F,2026-04-01,950199,2026-01-09,2037-01-01,14.0143,14.0027,14.0075,817.172295,0.00144002654837,13.6003,14.5646,13.5659,14.5302,Calculado
2026-03-31,LTN,2026-03-31,100000,2024-01-05,2026-04-01,14.7477,14.712,14.7304,999.454851,0.01013984632576,14.5665,15.0766,--,--,Calculado
2026-03-31,LTN,2026-03-31,100000,2023-01-06,2026-07-01,14.2053,14.1272,14.1589,967.945197,0.01731391186618,14.1095,14.4757,14.0164,14.3796,Calculado
2026-03-31,LTN,2026-03-31,100000,2024-07-05,2026-10-01,13.9929,13.9413,13.9656,936.241346,0.00917198114313,13.9528,14.4115,13.7805,14.238,Calculado
2026-03-31,LTN,2026-03-31,100000,2025-01-10,2027-04-01,13.8338,13.8154,13.8235,879.908457,0.00243877982811,13.7808,14.5702,13.4619,14.249,Calculado
2026-03-31,LTN,2026-03-31,100000,2023-07-07,2027-07-01,13.7908,13.7723,13.7812,852.274253,0.00179529613713,13.6996,14.588,13.3644,14.2516,Calculado
2026-03-31,LTN,2026-03-31,100000,2025-07-04,2027-10-01,13.8235,13.8102,13.8165,823.977204,0.00088910066359,13.6949,14.6441,13.3681,14.3166,Calculado
2026-03-31,LTN,2026-03-31,100000,2024-01-05,2028-01-01,13.757,13.7425,13.75,798.559112,0,13.6228,14.6005,13.285,14.2625,Calculado
2026-03-31,LTN,2026-03-31,100000,2026-01-09,2028-04-01,13.7302,13.7128,13.719,773.669534,0,13.5808,14.5676,13.2468,14.2336,Calculado
2026-03-31,LTN,2026-03-31,100000,2024-07-05,2028-07-01,13.7258,13.7102,13.7173,749.988989,0.00087494216952,13.5787,14.5905,13.2355,14.2468,Calculado
2026-03-31,LTN,2026-03-31,100000,2022-02-11,2029-01-01,13.7877,13.7728,13.7801,702.959122,0.00146171987398,13.6222,14.662,13.289,14.3287,Calculado
2026-03-31,LTN,2026-03-31,100000,2025-07-04,2029-07-01,13.8374,13.8247,13.8309,658.744847,0.00063442886914,13.6695,14.7069,13.3457,14.3832,Calculado
2026-03-31,LTN,2026-03-31,100000,2024-01-05,2030-01-01,13.8697,13.857,13.863,617.099353,0,13.7003,14.7223,13.393,14.4152,Calculado
2026-03-31,LTN,2026-03-31,100000,2025-01-10,2032-01-01,14.0039,13.9914,13.9977,472.774138,0.00131743120883,13.8022,14.8072,13.5366,14.5416,Calculado
2026-03-31,NTN-C,2026-03-31,770100,2000-07-01,2031-01-01,8.3224,8.1111,8.2273,7563.714676,0.21343646063234,7.848,8.8536,7.866,8.8717,Calculado
2026-03-31,LFT,2026-03-31,210100,2000-07-01,2026-09-01,-0.0206,-0.0583,-0.0423,18706.160875,0.00848147731884,-0.1081,0.016,-0.1036,0.0214,Calculado
2026-03-31,LFT,2026-03-31,210100,2000-07-01,2027-03-01,-0.002,-0.0077,-0.0027,18703.299339,0.00221887329066,-0.0717,0.0428,-0.0689,0.0425,Calculado
2026-03-31,LFT,2026-03-31,210100,2000-07-01,2027-09-01,0.0085,0.006,0.0075,18700.867968,0.0004529532647,-0.0375,0.0542,-0.0406,0.056,Calculado
2026-03-31,LFT,2026-03-31,210100,2000-07-01,2028-03-01,0.016,0.0131,0.0144,18697.707187,0.00006112487219,-0.0269,0.0752,-0.0293,0.0752,Calculado
2026-03-31,LFT,2026-03-31,210100,2000-07-01,2028-09-01,0.0269,0.0236,0.025,18691.572652,0,0.0153,0.0548,0.0153,0.0528,Calculado
2026-03-31,LFT,2026-03-31,210100,2000-07-01,2029-03-01,0.042,0.0382,0.04,18681.248678,0,0.0291,0.0544,0.029,0.0532,Calculado
2026-03-31,LFT,2026-03-31,210100,2000-07-01,2029-09-01,0.0543,0.052,0.0531,18669.110528,0.00067321345798,0.0381,0.0637,0.0368,0.0645,Calculado
2026-03-31,LFT,2026-03-31,210100,2000-07-01,2030-03-01,0.0661,0.0623,0.0643,18656.186859,0.00028313140059,0.0449,0.0763,0.045,0.0764,Calculado
2026-03-31,LFT,2026-03-31,210100,2000-07-01,2030-06-01,0.0693,0.0661,0.0678,18650.557301,0.00021522899433,0.0525,0.0779,0.053,0.0779,Calculado
2026-03-31,LFT,2026-03-31,210100,2000-07-01,2030-09-01,0.076,0.072,0.0742,18642.103612,0.00055850523722,0.0571,0.0838,0.0579,0.0836,Calculado
2026-03-31,LFT,2026-03-31,210100,2000-07-01,2030-12-01,0.0755,0.071,0.0748,18638.138608,0.00136416115617,0.0632,0.0898,0.0619,0.0918,Calculado
2026-03-31,LFT,2026-03-31,210100,2000-07-01,2031-03-01,0.0895,0.0857,0.0885,18622.334699,0.00084866595902,0.0667,0.0985,0.0678,0.098,Calculado
2026-03-31,LFT,2026-03-31,210100,2000-07-01,2031-06-01,0.095,0.091,0.0934,18613.600468,0.00075784396151,0.0747,0.1032,0.0754,0.1029,Calculado
2026-03-31,LFT,2026-03-31,210100,2000-07-01,2031-09-01,0.0977,0.0932,0.0961,18606.493385,0.00066239861111,0.0848,0.1069,0.0846,0.1072,Calculado
2026-03-31,LFT,2026-03-31,210100,2000-07-01,2031-12-01,0.1,0.0983,0.0993,18598.600782,0.00034166067962,0.0873,0.1177,0.0874,0.1173,Calculado
2026-03-31,LFT,2026-03-31,210100,2000-07-01,2032-03-01,0.1098,0.1091,0.1095,18583.021308,0.00012909941905,0.0955,0.1223,0.0969,0.1201,Calculado
2026-03-31,NTN-B,2026-03-31,760199,2000-07-15,2026-08-15,8.9471,8.9027,8.9271,4635.288716,0.01138346754421,8.415,9.622,8.4264,9.6434,Calculado
2026-03-31,NTN-B,2026-03-31,760199,2000-07-15,2027-05-15,7.9465,7.9073,7.9272,4665.386152,0.0044319414775,7.7618,8.3678,7.6408,8.2458,Calculado
2026-03-31,NTN-B,2026-03-31,760199,2000-07-15,2028-08-15,7.8623,7.8192,7.8425,4511.262917,0.00770250423044,7.6645,8.3559,7.497,8.1886,Calculado
2026-03-31,NTN-B,2026-03-31,760199,2000-07-15,2029-05-15,7.808,7.7703,7.7879,4542.708763,0.00375,7.5903,8.2551,7.4416,8.1069,Calculado
2026-03-31,NTN-B,2026-03-31,760199,2000-07-15,2030-08-15,7.8275,7.7957,7.8093,4396.699235,0.00185211491544,7.6538,8.248,7.4929,8.0874,Calculado
2026-03-31,NTN-B,2026-03-31,760199,2000-07-15,2031-05-15,7.7845,7.7476,7.766,4434.240822,0.00660679673897,7.6293,8.1905,7.4675,8.0287,Calculado
2026-03-31,NTN-B,2026-03-31,760199,2000-07-15,2032-08-15,7.7503,7.7196,7.7341,4305.523487,0.00471642147926,7.6005,8.1292,7.4499,7.9786,Calculado
2026-03-31,NTN-B,2026-03-31,760199,2000-07-15,2033-05-15,7.7446,7.713,7.7236,4343.785776,0.00564066765286,7.5979,8.1043,7.454,7.9604,Calculado
2026-03-31,NTN-B,2026-03-31,760199,2000-07-15,2035-05-15,7.583,7.5496,7.5623,4307.820433,0.0037587616937,7.4411,7.9003,7.3262,7.7853,Calculado
2026-03-31,NTN-B,2026-03-31,760199,2000-07-15,2037-05-15,7.5131,7.485,7.5052,4261.053863,0.00482182537946,7.3591,7.7849,7.2941,7.7197,Calculado
2026-03-31,NTN-B,2026-03-31,760199,2000-07-15,2040-08-15,7.4064,7.3746,7.3961,4145.16502,0.00384212242777,7.2599,7.6488,7.2124,7.6011,Calculado
2026-03-31,NTN-B,2026-03-31,760199,2000-07-15,2045-05-15,7.3093,7.2771,7.2909,4172.640031,0.00871848064458,7.1987,7.5658,7.1299,7.4964,Calculado
2026-03-31,NTN-B,2026-03-31,760199,2000-07-15,2050-08-15,7.261,7.2275,7.2433,4061.49387,0.00633498497394,7.1541,7.5162,7.0877,7.449,Calculado
2026-03-31,NTN-B,2026-03-31,760199,2000-07-15,2055-05-15,7.263,7.2188,7.2388,4093.878952,0.00547869344461,7.1545,7.5155,7.0842,7.4443,Calculado
2026-03-31,NTN-B,2026-03-31,760199,2000-07-15,2060-08-15,7.2415,7.2042,7.22,4002.759001,0.00025,7.1427,7.5035,7.066,7.4256,Calculado
2026-03-31,NTN-F,2026-03-31,950199,2016-01-15,2027-01-01,13.9541,13.8948,13.924,998.387386,0.00402718782154,13.8904,14.5192,13.6655,14.2913,Calculado
2026-03-31,NTN-F,2026-03-31,950199,2018-01-05,2029-01-01,13.7984,13.7649,13.781,945.958093,0,13.6355,14.6556,13.3003,14.3205,Calculado
2026-03-31,NTN-F,2026-03-31,950199,2020-01-10,2031-01-01,14.0154,14.0004,14.008,897.443579,0.00010327952362,13.8495,14.8285,13.5701,14.5492,Calculado
2026-03-31,NTN-F,2026-03-31,950199,2022-01-07,2033-01-01,14.0365,14.019,14.029,862.029544,0,13.834,14.8098,13.5839,14.5596,Calculado
2026-03-31,NTN-F,2026-03-31,950199,2024-01-05,2035-01-01,14.0389,14.0101,14.0252,836.289897,0.00266111601776,13.8194,14.7873,13.5814,14.5491,Calculado
2026-03-31,NTN-F,2026-03-31,950199,2026-01-09,2037-01-01,14.0515,14.0302,14.0419,815.231475,0.00340751763899,13.8342,14.7991,13.6003,14.5646,Calculado
2026-03-27,LTN,2026-03-27,100000,2024-01-05,2026-04-01,14.734,14.699,14.7173,998.366803,0.0116002092132,14.5653,15.0547,14.5596,15.0593,Calculado
2026-03-27,LTN,2026-03-27,100000,2023-01-06,2026-07-01,14.3276,14.1994,14.2465,966.740111,0.04669423806435,14.0419,14.4137,14.0996,14.4686,Calculado
2026-03-27,LTN,2026-03-27,100000,2024-07-05,2026-10-01,14.2325,14.1231,14.1876,934.339238,0.0235907568662,13.8928,14.3574,14.0004,14.4621,Calculado
2026-03-27,LTN,2026-03-27,100000,2025-01-10,2027-04-01,14.2134,14.1982,14.2058,876.073938,0.00124092023515,13.7777,14.5718,13.8407,14.6325,Calculado
2026-03-27,LTN,2026-03-27,100000,2023-07-07,2027-07-01,14.2036,14.1875,14.1959,847.550593,0.00241216216495,13.7086,14.5994,13.7776,14.6672,Calculado
2026-03-27,LTN,2026-03-27,100000,2025-07-04,2027-10-01,14.2398,14.2262,14.2335,818.61639,0.000882180112,13.7126,14.6632,13.7843,14.7342,Calculado
2026-03-27,LTN,2026-03-27,100000,2024-01-05,2028-01-01,14.1674,14.1509,14.1594,792.731915,0.00262209460165,13.629,14.6072,13.6941,14.6721,Calculado
2026-03-27,LTN,2026-03-27,100000,2026-01-09,2028-04-01,14.1329,14.1177,14.124,767.393901,0,13.5928,14.5797,13.6518,14.6387,Calculado
2026-03-27,LTN,2026-03-27,100000,2024-07-05,2028-07-01,14.1315,14.116,14.1239,743.242139,0.00284233862866,13.5929,14.6058,13.642,14.6543,Calculado
2026-03-27,LTN,2026-03-27,100000,2022-02-11,2029-01-01,14.1741,14.1591,14.1668,695.745602,0.00108678935862,13.6349,14.6748,13.6758,14.7156,Calculado
2026-03-27,LTN,2026-03-27,100000,2025-07-04,2029-07-01,14.2093,14.1965,14.2022,651.181878,0.00091167087263,13.6961,14.7333,13.7173,14.7547,Calculado
2026-03-27,LTN,2026-03-27,100000,2024-01-05,2030-01-01,14.2211,14.2074,14.214,609.434083,0,13.7336,14.7553,13.7445,14.7664,Calculado
2026-03-27,LTN,2026-03-27,100000,2025-01-10,2032-01-01,14.3112,14.2981,14.305,465.058347,0,13.847,14.852,13.844,14.849,Calculado
2026-03-27,NTN-C,2026-03-27,770100,2000-07-01,2031-01-01,8.4053,8.2461,8.299,7534.738103,0.14494262187624,7.5859,8.5911,7.764,8.7694,Calculado
2026-03-27,LFT,2026-03-27,210100,2000-07-01,2026-09-01,-0.0325,-0.0622,-0.0501,18686.566474,0.00038924945729,-0.1069,0.0135,-0.1073,0.015,Calculado
2026-03-27,LFT,2026-03-27,210100,2000-07-01,2027-03-01,0.0016,-0.0014,0.0003,18682.512357,0.00034904163075,-0.0711,0.0406,-0.0714,0.0416,Calculado
2026-03-27,LFT,2026-03-27,210100,2000-07-01,2027-09-01,0.0096,0.007,0.0085,18680.307814,0,-0.0362,0.0522,-0.0373,0.0533,Calculado
2026-03-27,LFT,2026-03-27,210100,2000-07-01,2028-03-01,0.0156,0.0131,0.0143,18677.449381,0.0002828426948,-0.0244,0.0729,-0.0256,0.0739,Calculado
2026-03-27,LFT,2026-03-27,210100,2000-07-01,2028-09-01,0.0256,0.0242,0.025,18671.265451,0,0.0155,0.0558,0.0154,0.0555,Calculado
2026-03-27,LFT,2026-03-27,210100,2000-07-01,2029-03-01,0.0411,0.039,0.04,18660.93399,0.00014573294068,0.0294,0.056,0.0291,0.0557,Calculado
2026-03-27,LFT,2026-03-27,210100,2000-07-01,2029-09-01,0.0537,0.052,0.0526,18649.107924,0.00049681994726,0.0398,0.0645,0.0397,0.0639,Calculado
2026-03-27,LFT,2026-03-27,210100,2000-07-01,2030-03-01,0.066,0.0633,0.0645,18635.731206,0,0.047,0.0769,0.0467,0.0765,Calculado
2026-03-27,LFT,2026-03-27,210100,2000-07-01,2030-06-01,0.069,0.0672,0.068,18630.070387,0,0.0546,0.0783,0.0541,0.0782,Calculado
2026-03-27,LFT,2026-03-27,210100,2000-07-01,2030-09-01,0.0782,0.0748,0.0759,18620.392817,0.00068743983009,0.0564,0.0869,0.0572,0.0855,Calculado
2026-03-27,LFT,2026-03-27,210100,2000-07-01,2030-12-01,0.0807,0.0775,0.0791,18614.096791,0.00039257819603,0.0662,0.0891,0.0659,0.0888,Calculado
2026-03-27,LFT,2026-03-27,210100,2000-07-01,2031-03-01,0.092,0.0884,0.0905,18600.178278,0.00077596660366,0.0665,0.1006,0.0665,0.1002,Calculado
2026-03-27,LFT,2026-03-27,210100,2000-07-01,2031-06-01,0.0957,0.0926,0.0944,18592.331599,0.00085093181866,0.075,0.1044,0.0749,0.104,Calculado
2026-03-27,LFT,2026-03-27,210100,2000-07-01,2031-09-01,0.0985,0.0953,0.0968,18585.475096,0.00039449333328,0.0851,0.1077,0.0851,0.1072,Calculado
2026-03-27,LFT,2026-03-27,210100,2000-07-01,2031-12-01,0.1008,0.098,0.0993,18578.282308,0.00035973844665,0.0871,0.1184,0.0872,0.118,Calculado
2026-03-27,LFT,2026-03-27,210100,2000-07-01,2032-03-01,0.1073,0.1062,0.1067,18565.746304,0.00004972444067,0.0938,0.124,0.0939,0.1237,Calculado
2026-03-27,NTN-B,2026-03-27,760199,2000-07-15,2026-08-15,9.0526,9.0123,9.0396,4627.185396,0.01573370083928,8.2468,9.4341,8.5441,9.7413,Calculado
2026-03-27,NTN-B,2026-03-27,760199,2000-07-15,2027-05-15,8.279,8.2521,8.2634,4643.852595,0.00429935775553,7.8927,8.5009,7.9759,8.5831,Calculado
2026-03-27,NTN-B,2026-03-27,760199,2000-07-15,2028-08-15,8.1493,8.123,8.1357,4478.365472,0.00531234906891,7.7685,8.4597,7.7903,8.4816,Calculado
2026-03-27,NTN-B,2026-03-27,760199,2000-07-15,2029-05-15,8.0378,8.003,8.02,4509.650739,0,7.66,8.3241,7.6739,8.3384,Calculado
2026-03-27,NTN-B,2026-03-27,760199,2000-07-15,2030-08-15,8.0565,8.0305,8.0434,4354.636955,0.0040771636158,7.7142,8.3081,7.7273,8.3214,Calculado
2026-03-27,NTN-B,2026-03-27,760199,2000-07-15,2031-05-15,8.0156,7.9856,8,4387.223258,0,7.6851,8.2461,7.7016,8.2627,Calculado
2026-03-27,NTN-B,2026-03-27,760199,2000-07-15,2032-08-15,7.9543,7.9258,7.94,4256.915217,0,7.6394,8.1678,7.656,8.1846,Calculado
2026-03-27,NTN-B,2026-03-27,760199,2000-07-15,2033-05-15,7.9367,7.9098,7.9241,4292.749464,0.0048042086799,7.6347,8.1409,7.6546,8.161,Calculado
2026-03-27,NTN-B,2026-03-27,760199,2000-07-15,2035-05-15,7.7058,7.68,7.6926,4266.905314,0.00340325474362,7.4615,7.9207,7.4564,7.9157,Calculado
2026-03-27,NTN-B,2026-03-27,760199,2000-07-15,2037-05-15,7.5954,7.5664,7.5813,4232.097956,0.00188301662765,7.3825,7.8082,7.3701,7.796,Calculado
2026-03-27,NTN-B,2026-03-27,760199,2000-07-15,2040-08-15,7.4378,7.4116,7.4246,4129.683196,0.00391446373211,7.2616,7.6507,7.2408,7.6299,Calculado
2026-03-27,NTN-B,2026-03-27,760199,2000-07-15,2045-05-15,7.3653,7.3378,7.3526,4141.685252,0.00388878117667,7.198,7.5653,7.1913,7.5587,Calculado
2026-03-27,NTN-B,2026-03-27,760199,2000-07-15,2050-08-15,7.3309,7.3039,7.3152,4023.504724,0.00559621470639,7.158,7.5205,7.1591,7.5217,Calculado
2026-03-27,NTN-B,2026-03-27,760199,2000-07-15,2055-05-15,7.3242,7.296,7.31,4054.553018,0,7.1529,7.5144,7.1548,7.5164,Calculado
2026-03-27,NTN-B,2026-03-27,760199,2000-07-15,2060-08-15,7.3259,7.2973,7.31,3952.969991,0,7.1535,7.5148,7.1552,7.5167,Calculado
2026-03-27,NTN-F,2026-03-27,950199,2016-01-15,2027-01-01,14.2453,14.2056,14.2225,995.441046,0.00901031426477,13.9077,14.5424,13.9595,14.5912,Calculado
2026-03-27,NTN-F,2026-03-27,950199,2018-01-05,2029-01-01,14.18,14.16,14.17,937.295868,0,13.651,14.6712,13.6895,14.7097,Calculado
2026-03-27,NTN-F,2026-03-27,950199,2020-01-10,2031-01-01,14.337,14.3219,14.3293,887.165188,0.00102189480868,13.894,14.8729,13.8915,14.8705,Calculado
2026-03-27,NTN-F,2026-03-27,950199,2022-01-07,2033-01-01,14.3204,14.3043,14.3115,851.03996,0.00018929693606,13.8664,14.8421,13.8663,14.8423,Calculado
2026-03-27,NTN-F,2026-03-27,950199,2024-01-05,2035-01-01,14.3099,14.2853,14.2973,824.433577,0.0016274432156,13.8388,14.8067,13.8533,14.8214,Calculado
2026-03-27,NTN-F,2026-03-27,950199,2026-01-09,2037-01-01,14.3162,14.3008,14.3081,802.796263,0.0006888834662,13.8523,14.8172,13.8661,14.8312,Calculado
2026-04-02,LTN,2026-04-02,100000,2023-01-06,2026-07-01,14.1568,14.0906,14.1116,969.058619,0.03193632279145,14.0064,14.3667,13.9699,14.3272,Calculado
2026-04-02,LTN,2026-04-02,100000,2024-07-05,2026-10-01,14.0132,13.8992,13.9517,937.269917,0.01364365389696,13.7497,14.2049,13.7677,14.2205,Calculado
2026-04-02,LTN,2026-04-02,100000,2025-01-10,2027-04-01,13.8093,13.7629,13.7741,881.187978,0.00719972221617,13.3941,14.1789,13.4155,14.1978,Calculado
2026-04-02,LTN,2026-04-02,100000,2023-07-07,2027-07-01,13.7632,13.75,13.7571,853.37034,0.00108634573226,13.3431,14.2291,13.3416,14.2264,Calculado
2026-04-02,LTN,2026-04-02,100000,2025-07-04,2027-10-01,13.8075,13.7961,13.8015,824.985753,0.00121655250195,13.3289,14.2766,13.3539,14.3009,Calculado
2026-04-02,LTN,2026-04-02,100000,2024-01-05,2028-01-01,13.7295,13.7172,13.7243,799.690051,0.00171264645505,13.2394,14.2166,13.2598,14.2366,Calculado
2026-04-02,LTN,2026-04-02,100000,2026-01-09,2028-04-01,13.6935,13.6792,13.6869,774.894129,0.00013363061027,13.1974,14.1841,13.2149,14.2016,Calculado
2026-04-02,LTN,2026-04-02,100000,2024-07-05,2028-07-01,13.6908,13.6743,13.683,751.259777,0,13.1885,14.1992,13.2016,14.2117,Calculado
2026-04-02,LTN,2026-04-02,100000,2022-02-11,2029-01-01,13.7456,13.7341,13.7398,704.358659,0.00119817111466,13.2411,14.2808,13.2487,14.2883,Calculado
2026-04-02,LTN,2026-04-02,100000,2025-07-04,2029-07-01,13.798,13.7864,13.7923,660.141727,0.0010896375223,13.3007,14.3383,13.3069,14.3446,Calculado
2026-04-02,LTN,2026-04-02,100000,2024-01-05,2030-01-01,13.8265,13.8156,13.8206,618.589753,0.00369157316195,13.3505,14.3728,13.3503,14.3728,Calculado
2026-04-02,LTN,2026-04-02,100000,2025-01-10,2032-01-01,13.9793,13.9691,13.9738,473.832946,0.00160321314553,13.5008,14.5058,13.5127,14.5176,Calculado
2026-04-02,NTN-C,2026-04-02,770100,2000-07-01,2031-01-01,8.3443,8.0162,8.1663,7591.702091,0.15399130632679,7.7267,8.7327,7.6046,8.6107,Calculado
2026-04-02,LFT,2026-04-02,210100,2000-07-01,2026-09-01,-0.0147,-0.0317,-0.0259,18725.139211,0.00637716136851,-0.0963,0.0288,-0.0893,0.0345,Calculado
2026-04-02,LFT,2026-04-02,210100,2000-07-01,2027-03-01,-0.0009,-0.0048,-0.0028,18723.622635,0.00043436903665,-0.0654,0.0436,-0.0611,0.0444,Calculado
2026-04-02,LFT,2026-04-02,210100,2000-07-01,2027-09-01,0.0079,0.0049,0.0065,18721.432026,0.00004670984907,-0.0417,0.0563,-0.0412,0.0566,Calculado
2026-04-02,LFT,2026-04-02,210100,2000-07-01,2028-03-01,0.016,0.0135,0.015,18717.818457,0.00099289875617,-0.0308,0.0744,-0.0304,0.0731,Calculado
2026-04-02,LFT,2026-04-02,210100,2000-07-01,2028-09-01,0.0269,0.0245,0.0255,18711.677263,0.00070029233182,0.0152,0.0505,0.0156,0.0489,Calculado
2026-04-02,LFT,2026-04-02,210100,2000-07-01,2029-03-01,0.0413,0.039,0.04,18701.585482,0.00013557632537,0.0289,0.0518,0.0281,0.0517,Calculado
2026-04-02,LFT,2026-04-02,210100,2000-07-01,2029-09-01,0.0535,0.0518,0.0525,18689.827341,0.00015764812083,0.0362,0.0646,0.0364,0.0641,Calculado
2026-04-02,LFT,2026-04-02,210100,2000-07-01,2030-03-01,0.0653,0.0629,0.0642,18676.608794,0.00029686468298,0.0454,0.0763,0.0452,0.0765,Calculado
2026-04-02,LFT,2026-04-02,210100,2000-07-01,2030-06-01,0.0689,0.0657,0.0674,18671.197803,0.00032190949039,0.0538,0.0776,0.0542,0.0773,Calculado
2026-04-02,LFT,2026-04-02,210100,2000-07-01,2030-09-01,0.0746,0.0718,0.0735,18663.034507,0.0006095247821,0.0586,0.0834,0.0595,0.0827,Calculado
2026-04-02,LFT,2026-04-02,210100,2000-07-01,2030-12-01,0.0758,0.0719,0.0741,18659.083922,0.00066526167032,0.0618,0.0923,0.0614,0.0928,Calculado
2026-04-02,LFT,2026-04-02,210100,2000-07-01,2031-03-01,0.088,0.0849,0.0867,18644.311353,0.0006070393068,0.0694,0.0966,0.07,0.096,Calculado
2026-04-02,LFT,2026-04-02,210100,2000-07-01,2031-06-01,0.0946,0.0917,0.0932,18634.14468,0.00043702876336,0.0755,0.1026,0.0754,0.1024,Calculado
2026-04-02,LFT,2026-04-02,210100,2000-07-01,2031-09-01,0.0973,0.0941,0.096,18626.936265,0,0.0846,0.1065,0.0847,0.1058,Calculado
2026-04-02,LFT,2026-04-02,210100,2000-07-01,2031-12-01,0.1009,0.098,0.0993,18618.941478,0.00040748710409,0.0874,0.1159,0.0876,0.1147,Calculado
2026-04-02,LFT,2026-04-02,210100,2000-07-01,2032-03-01,0.1089,0.1079,0.1084,18604.543372,0.00018751903903,0.0958,0.1191,0.0951,0.1183,Calculado
2026-04-02,NTN-B,2026-04-02,760199,2000-07-15,2026-08-15,8.6346,8.5731,8.6003,4646.713668,0.00129099444615,8.3082,9.5352,8.0911,9.3282,Calculado
2026-04-02,NTN-B,2026-04-02,760199,2000-07-15,2027-05-15,7.8323,7.8066,7.82,4676.28701,0,7.5838,8.1876,7.5337,8.1364,Calculado
2026-04-02,NTN-B,2026-04-02,760199,2000-07-15,2028-08-15,7.814,7.7865,7.8031,4520.664045,0.00235603105667,7.4495,8.1412,7.4576,8.1493,Calculado
2026-04-02,NTN-B,2026-04-02,760199,2000-07-15,2029-05-15,7.7842,7.7583,7.7763,4549.84655,0.0074551289298,7.407,8.0727,7.4299,8.0959,Calculado
2026-04-02,NTN-B,2026-04-02,760199,2000-07-15,2030-08-15,7.8323,7.8073,7.82,4400.616563,0,7.4641,8.0587,7.5034,8.0982,Calculado
2026-04-02,NTN-B,2026-04-02,760199,2000-07-15,2031-05-15,7.7818,7.7534,7.766,4439.863124,0.00610040742492,7.4217,7.983,7.4675,8.0288,Calculado
2026-04-02,NTN-B,2026-04-02,760199,2000-07-15,2032-08-15,7.7542,7.7212,7.7399,4309.746933,0.00025,7.4158,7.9446,7.4556,7.9845,Calculado
2026-04-02,NTN-B,2026-04-02,760199,2000-07-15,2033-05-15,7.7388,7.7139,7.7261,4348.709672,0.00662749456431,7.4204,7.9269,7.4565,7.963,Calculado
2026-04-02,NTN-B,2026-04-02,760199,2000-07-15,2035-05-15,7.5912,7.555,7.568,4311.659244,0.01036936881011,7.3056,7.7648,7.3318,7.791,Calculado
2026-04-02,NTN-B,2026-04-02,760199,2000-07-15,2037-05-15,7.5157,7.4853,7.5013,4267.592359,0.00291042749781,7.2696,7.6952,7.2901,7.7158,Calculado
2026-04-02,NTN-B,2026-04-02,760199,2000-07-15,2040-08-15,7.4007,7.3681,7.3834,4154.93356,0.00707473707992,7.1871,7.5757,7.1996,7.5884,Calculado
2026-04-02,NTN-B,2026-04-02,760199,2000-07-15,2045-05-15,7.2765,7.2396,7.2546,4193.100665,0.00748577294139,7.1118,7.4783,7.0937,7.4602,Calculado
2026-04-02,NTN-B,2026-04-02,760199,2000-07-15,2050-08-15,7.2325,7.1973,7.2119,4081.046733,0.00875854560986,7.0562,7.4175,7.0562,7.4178,Calculado
2026-04-02,NTN-B,2026-04-02,760199,2000-07-15,2055-05-15,7.2128,7.18,7.1937,4120.912119,0.00757605735261,7.0426,7.4025,7.039,7.3993,Calculado
2026-04-02,NTN-B,2026-04-02,760199,2000-07-15,2060-08-15,7.1956,7.167,7.18,4027.930108,0,7.0358,7.3952,7.0258,7.3858,Calculado
2026-04-02,NTN-F,2026-04-02,950199,2016-01-15,2027-01-01,13.9289,13.867,13.8958,999.598581,0.00685842547528,13.6279,14.2506,13.6403,14.2605,Calculado
2026-04-02,NTN-F,2026-04-02,950199,2018-01-05,2029-01-01,13.758,13.725,13.741,947.720704,0,13.2533,14.2734,13.2603,14.2804,Calculado
2026-04-02,NTN-F,2026-04-02,950199,2020-01-10,2031-01-01,13.9791,13.9663,13.9733,899.393294,0.00056764620143,13.536,14.515,13.5355,14.5145,Calculado
2026-04-02,NTN-F,2026-04-02,950199,2022-01-07,2033-01-01,14.0153,13.9963,14.0052,863.785261,0.00387366275636,13.5434,14.5191,13.5601,14.5357,Calculado
2026-04-02,NTN-F,2026-04-02,950199,2024-01-05,2035-01-01,14.029,14.0037,14.0167,837.507923,0.0043136581981,13.5489,14.5166,13.573,14.5404,Calculado
2026-04-02,NTN-F,2026-04-02,950199,2026-01-09,2037-01-01,14.0498,14.0355,14.044,815.989691,0.00168871687976,13.5659,14.5302,13.6026,14.5665,Calculado
2026-04-06,LTN,2026-04-06,100000,2023-01-06,2026-07-01,14.1609,14.0604,14.128,969.533759,0.04643158961968,13.9699,14.3272,13.9855,14.3399,Calculado
2026-04-06,LTN,2026-04-06,100000,2024-07-05,2026-10-01,14.0728,13.9781,14.0432,937.385506,0.02624695360456,13.7677,14.2205,13.8592,14.3096,Calculado
2026-04-06,LTN,2026-04-06,100000,2025-01-10,2027-04-01,13.9319,13.8757,13.893,880.740839,0.00932594026144,13.4155,14.1978,13.5359,14.3159,Calculado
2026-04-06,LTN,2026-04-06,100000,2023-07-07,2027-07-01,13.8449,13.8214,13.8345,853.095153,0.00418134956802,13.3416,14.2264,13.4198,14.3034,Calculado
2026-04-06,LTN,2026-04-06,100000,2025-07-04,2027-10-01,13.9087,13.8953,13.902,824.328467,0.00239178878457,13.3539,14.3009,13.455,14.4013,Calculado
2026-04-06,LTN,2026-04-06,100000,2024-01-05,2028-01-01,13.8207,13.8067,13.8139,799.006301,0.00138659548896,13.2598,14.2366,13.3498,14.3264,Calculado
2026-04-06,LTN,2026-04-06,100000,2026-01-09,2028-04-01,13.774,13.7559,13.765,774.23301,0.00273882757033,13.2149,14.2016,13.2933,14.2799,Calculado
2026-04-06,LTN,2026-04-06,100000,2024-07-05,2028-07-01,13.7501,13.7282,13.742,750.774499,0,13.2016,14.2117,13.261,14.2705,Calculado
2026-04-06,LTN,2026-04-06,100000,2022-02-11,2029-01-01,13.7761,13.7635,13.7705,704.201808,0.00012060451899,13.2487,14.2883,13.2795,14.3191,Calculado
2026-04-06,LTN,2026-04-06,100000,2025-07-04,2029-07-01,13.8186,13.8065,13.8132,660.09099,0.00054787169118,13.3069,14.3446,13.3279,14.3656,Calculado
2026-04-06,LTN,2026-04-06,100000,2024-01-05,2030-01-01,13.8279,13.8168,13.823,618.859241,0,13.3503,14.3728,13.3527,14.3753,Calculado
2026-04-06,LTN,2026-04-06,100000,2025-01-10,2032-01-01,13.9507,13.9388,13.9452,474.758365,0.00056229570512,13.5127,14.5176,13.4841,14.489,Calculado
2026-04-06,NTN-C,2026-04-06,770100,2000-07-01,2031-01-01,8.3184,8.1322,8.1823,7595.425014,0.16576575842634,7.6046,8.6107,7.6398,8.6461,Calculado
2026-04-06,LFT,2026-04-06,210100,2000-07-01,2026-09-01,-0.0108,-0.0285,-0.021,18734.907195,0.00662464298887,-0.0893,0.0345,-0.0489,0.0033,Calculado
2026-04-06,LFT,2026-04-06,210100,2000-07-01,2027-03-01,0.0018,-0.0027,-0.0013,18733.52093,0.00146191414591,-0.0611,0.0444,-0.0233,0.0103,Calculado
2026-04-06,LFT,2026-04-06,210100,2000-07-01,2027-09-01,0.0082,0.0046,0.0065,18731.591399,0,-0.0412,0.0566,-0.0049,0.0208,Calculado
2026-04-06,LFT,2026-04-06,210100,2000-07-01,2028-03-01,0.0166,0.013,0.0148,18728.050802,0.00019958289005,-0.0304,0.0731,0.005,0.037,Calculado
2026-04-06,LFT,2026-04-06,210100,2000-07-01,2028-09-01,0.0272,0.0239,0.0255,18721.850075,0,0.0156,0.0489,0.0155,0.0484,Calculado
2026-04-06,LFT,2026-04-06,210100,2000-07-01,2029-03-01,0.0418,0.0383,0.04,18711.771551,0,0.0281,0.0517,0.0274,0.0519,Calculado
2026-04-06,LFT,2026-04-06,210100,2000-07-01,2029-09-01,0.054,0.0507,0.0525,18700.00703,0.00002773481567,0.0364,0.0641,0.0361,0.0642,Calculado
2026-04-06,LFT,2026-04-06,210100,2000-07-01,2030-03-01,0.0659,0.0623,0.064,18686.949909,0.00009334580869,0.0452,0.0765,0.0454,0.0764,Calculado
2026-04-06,LFT,2026-04-06,210100,2000-07-01,2030-06-01,0.069,0.0655,0.0674,18681.386115,0.00005063684429,0.0542,0.0773,0.0544,0.0772,Calculado
2026-04-06,LFT,2026-04-06,210100,2000-07-01,2030-09-01,0.075,0.0715,0.0735,18673.218389,0,0.0595,0.0827,0.0597,0.0827,Calculado
2026-04-06,LFT,2026-04-06,210100,2000-07-01,2030-12-01,0.0756,0.0721,0.074,18669.359327,0.00005936160375,0.0614,0.0928,0.0614,0.0929,Calculado
2026-04-06,LFT,2026-04-06,210100,2000-07-01,2031-03-01,0.0872,0.0845,0.0862,18654.934674,0.00054625518762,0.07,0.096,0.0704,0.0954,Calculado
2026-04-06,LFT,2026-04-06,210100,2000-07-01,2031-06-01,0.094,0.0908,0.0929,18644.612618,0.00036822307098,0.0754,0.1024,0.0754,0.1021,Calculado
2026-04-06,LFT,2026-04-06,210100,2000-07-01,2031-09-01,0.0975,0.0935,0.096,18637.119292,0,0.0847,0.1058,0.0844,0.1054,Calculado
2026-04-06,LFT,2026-04-06,210100,2000-07-01,2031-12-01,0.1011,0.0987,0.0993,18629.120166,0.00014083085599,0.0876,0.1147,0.0877,0.1135,Calculado
2026-04-06,LFT,2026-04-06,210100,2000-07-01,2032-03-01,0.1081,0.1068,0.1073,18615.931913,0.00016967863743,0.0951,0.1183,0.0947,0.1171,Calculado
2026-04-06,NTN-B,2026-04-06,760199,2000-07-15,2026-08-15,8.695,8.662,8.6837,4648.498169,0.01246827055168,8.0911,9.3282,8.1709,9.4182,Calculado
2026-04-06,NTN-B,2026-04-06,760199,2000-07-15,2027-05-15,7.893,7.8635,7.8764,4676.67585,0.00377469645402,7.5337,8.1364,7.5905,8.1921,Calculado
2026-04-06,NTN-B,2026-04-06,760199,2000-07-15,2028-08-15,7.8751,7.8481,7.8623,4518.054217,0.00651395263569,7.4576,8.1493,7.5169,8.2088,Calculado
2026-04-06,NTN-B,2026-04-06,760199,2000-07-15,2029-05-15,7.8303,7.7996,7.817,4547.944714,0.0032580709492,7.4299,8.0959,7.4706,8.137,Calculado
2026-04-06,NTN-B,2026-04-06,760199,2000-07-15,2030-08-15,7.8531,7.8286,7.8401,4400.274862,0.00035186575565,7.5034,8.0982,7.5234,8.1184,Calculado
2026-04-06,NTN-B,2026-04-06,760199,2000-07-15,2031-05-15,7.7938,7.7602,7.7791,4440.349166,0.00183371208209,7.4675,8.0288,7.4806,8.0421,Calculado
2026-04-06,NTN-B,2026-04-06,760199,2000-07-15,2032-08-15,7.756,7.725,7.7426,4311.906602,0.00311982905461,7.4556,7.9845,7.4582,7.9873,Calculado
2026-04-06,NTN-B,2026-04-06,760199,2000-07-15,2033-05-15,7.7424,7.7067,7.7233,4352.101919,0.00653485334878,7.4565,7.963,7.4536,7.9603,Calculado
2026-04-06,NTN-B,2026-04-06,760199,2000-07-15,2035-05-15,7.5845,7.5542,7.5731,4312.963149,0.00399044912385,7.3318,7.791,7.3368,7.7962,Calculado
2026-04-06,NTN-B,2026-04-06,760199,2000-07-15,2037-05-15,7.5074,7.4739,7.4911,4273.438063,0.00177859458281,7.2901,7.7158,7.2799,7.7057,Calculado
2026-04-06,NTN-B,2026-04-06,760199,2000-07-15,2040-08-15,7.3931,7.3581,7.3791,4159.079686,0.0013442535252,7.1996,7.5884,7.1953,7.5842,Calculado
2026-04-06,NTN-B,2026-04-06,760199,2000-07-15,2045-05-15,7.2526,7.2181,7.2338,4204.492575,0.00517251782984,7.0937,7.4602,7.0729,7.4396,Calculado
2026-04-06,NTN-B,2026-04-06,760199,2000-07-15,2050-08-15,7.1936,7.1612,7.176,4100.304041,0.00489851150963,7.0562,7.4178,7.0201,7.3821,Calculado
2026-04-06,NTN-B,2026-04-06,760199,2000-07-15,2055-05-15,7.169,7.1383,7.15,4144.95361,0,7.039,7.3993,6.9951,7.3559,Calculado
2026-04-06,NTN-B,2026-04-06,760199,2000-07-15,2060-08-15,7.1642,7.1352,7.1498,4045.810435,0.00034156501577,7.0258,7.3858,6.9954,7.3559,Calculado
2026-04-06,NTN-F,2026-04-06,950199,2016-01-15,2027-01-01,14.0469,13.9919,14.0202,999.335369,0.00408865889626,13.6403,14.2605,13.7655,14.3834,Calculado
2026-04-06,NTN-F,2026-04-06,950199,2018-01-05,2029-01-01,13.7902,13.7579,13.7743,947.545696,0.00218826340279,13.2603,14.2804,13.2938,14.3138,Calculado
2026-04-06,NTN-F,2026-04-06,950199,2020-01-10,2031-01-01,13.966,13.9526,13.9593,900.270162,0.00076540704204,13.5355,14.5145,13.5214,14.5007,Calculado
2026-04-06,NTN-F,2026-04-06,950199,2022-01-07,2033-01-01,13.9877,13.9711,13.9795,865.161263,0.00057501393027,13.5601,14.5357,13.5342,14.5102,Calculado
2026-04-06,NTN-F,2026-04-06,950199,2024-01-05,2035-01-01,14.0061,13.9846,13.9921,838.947649,0.00752281519978,13.573,14.5404,13.5481,14.5161,Calculado
2026-04-06,NTN-F,2026-04-06,950199,2026-01-09,2037-01-01,14.028,14.0102,14.0216,817.401335,0.00062792647659,13.6026,14.5665,13.5799,14.5445,Calculado
2026-04-07,LTN,2026-04-07,100000,2023-01-06,2026-07-01,14.1673,14.0584,14.1372,970.024325,0.00796390207436,13.9855,14.3399,13.9947,14.3461,Calculado
2026-04-07,LTN,2026-04-07,100000,2024-07-05,2026-10-01,14.1373,14.0741,14.1106,937.604013,0.00502778179121,13.8592,14.3096,13.9269,14.3749,Calculado
2026-04-07,LTN,2026-04-07,100000,2025-01-10,2027-04-01,14.0109,13.9896,13.9987,880.401256,0.00311660741031,13.5359,14.3159,13.6429,14.4205,Calculado
2026-04-07,LTN,2026-04-07,100000,2023-07-07,2027-07-01,13.9465,13.929,13.938,852.586374,0.00027136018499,13.4198,14.3034,13.5238,14.4062,Calculado
2026-04-07,LTN,2026-04-07,100000,2025-07-04,2027-10-01,14.0139,13.9955,14.0054,823.647412,0.00316834040785,13.455,14.4013,13.5587,14.5042,Calculado
2026-04-07,LTN,2026-04-07,100000,2024-01-05,2028-01-01,13.9261,13.9084,13.9187,798.144695,0.00146535072252,13.3498,14.3264,13.4547,14.431,Calculado
2026-04-07,LTN,2026-04-07,100000,2026-01-09,2028-04-01,13.8832,13.8647,13.8739,773.163134,0.00181408307969,13.2933,14.2799,13.4022,14.3888,Calculado
2026-04-07,LTN,2026-04-07,100000,2024-07-05,2028-07-01,13.8671,13.8495,13.8597,749.433763,0.00151434532059,13.261,14.2705,13.3789,14.3878,Calculado
2026-04-07,LTN,2026-04-07,100000,2022-02-11,2029-01-01,13.8883,13.8745,13.8806,702.715056,0.00022954803419,13.2795,14.3191,13.3897,14.4291,Calculado
2026-04-07,LTN,2026-04-07,100000,2025-07-04,2029-07-01,13.9246,13.9133,13.9192,658.461655,0.00086971848894,13.3279,14.3656,13.4338,14.4716,Calculado
2026-04-07,LTN,2026-04-07,100000,2024-01-05,2030-01-01,13.9346,13.92,13.9264,617.099217,0.00080558944258,13.3527,14.3753,13.456,14.4788,Calculado
2026-04-07,LTN,2026-04-07,100000,2025-01-10,2032-01-01,14.0459,14.032,14.0385,472.792561,0.00094380571624,13.4841,14.489,13.5775,14.5823,Calculado
2026-04-07,NTN-C,2026-04-07,770100,2000-07-01,2031-01-01,8.3352,8.1278,8.1979,7599.272368,0.13474398170623,7.6398,8.6461,7.6309,8.6374,Calculado
2026-04-07,LFT,2026-04-07,210100,2000-07-01,2026-09-01,-0.0097,-0.0238,-0.0176,18744.811471,0.00486576047396,-0.0489,0.0033,-0.0805,0.0416,Calculado
2026-04-07,LFT,2026-04-07,210100,2000-07-01,2027-03-01,0.0033,-0.0013,0,18743.480684,0.00003015095355,-0.0233,0.0103,-0.057,0.0465,Calculado
2026-04-07,LFT,2026-04-07,210100,2000-07-01,2027-09-01,0.0084,0.0047,0.0066,18741.73754,0.00019540166325,-0.0049,0.0208,-0.0395,0.0558,Calculado
2026-04-07,LFT,2026-04-07,210100,2000-07-01,2028-03-01,0.0155,0.0131,0.0144,18738.382457,0.00055816136556,0.005,0.037,-0.0302,0.0718,Calculado
2026-04-07,LFT,2026-04-07,210100,2000-07-01,2028-09-01,0.0272,0.0238,0.0252,18732.159621,0.00036561791532,0.0155,0.0484,0.0151,0.048,Calculado
2026-04-07,LFT,2026-04-07,210100,2000-07-01,2029-03-01,0.0414,0.0382,0.0399,18722.000655,0.00023135211259,0.0274,0.0519,0.0269,0.0519,Calculado
2026-04-07,LFT,2026-04-07,210100,2000-07-01,2029-09-01,0.0541,0.0508,0.0525,18710.192262,0,0.0361,0.0642,0.0358,0.0643,Calculado
2026-04-07,LFT,2026-04-07,210100,2000-07-01,2030-03-01,0.0657,0.0622,0.064,18697.128056,0,0.0454,0.0764,0.0453,0.0765,Calculado
2026-04-07,LFT,2026-04-07,210100,2000-07-01,2030-06-01,0.0691,0.0665,0.0674,18691.579985,0.00007537778187,0.0544,0.0772,0.0545,0.0772,Calculado
2026-04-07,LFT,2026-04-07,210100,2000-07-01,2030-09-01,0.0745,0.0724,0.0735,18683.407828,0,0.0597,0.0827,0.0598,0.0827,Calculado
2026-04-07,LFT,2026-04-07,210100,2000-07-01,2030-12-01,0.0754,0.072,0.074,18679.527927,0,0.0614,0.0929,0.0614,0.0931,Calculado
2026-04-07,LFT,2026-04-07,210100,2000-07-01,2031-03-01,0.0877,0.0842,0.0861,18665.226652,0.00018309505728,0.0704,0.0954,0.0707,0.0953,Calculado
2026-04-07,LFT,2026-04-07,210100,2000-07-01,2031-06-01,0.0943,0.0909,0.0929,18654.786533,0.00005063684429,0.0754,0.1021,0.0754,0.1021,Calculado
2026-04-07,LFT,2026-04-07,210100,2000-07-01,2031-09-01,0.097,0.0939,0.096,18647.307884,0,0.0844,0.1054,0.0843,0.1054,Calculado
2026-04-07,LFT,2026-04-07,210100,2000-07-01,2031-12-01,0.1004,0.0988,0.0994,18639.191957,0.00025747166834,0.0877,0.1135,0.0878,0.1132,Calculado
2026-04-07,LFT,2026-04-07,210100,2000-07-01,2032-03-01,0.1077,0.1065,0.1071,18626.315186,0.00015506163291,0.0947,0.1171,0.0945,0.1169,Calculado
2026-04-07,NTN-B,2026-04-07,760199,2000-07-15,2026-08-15,8.6332,8.5938,8.6088,4652.760316,0.01082146502374,8.1709,9.4182,8.0916,9.3492,Calculado
2026-04-07,NTN-B,2026-04-07,760199,2000-07-15,2027-05-15,7.8952,7.8655,7.8829,4679.359809,0.00545236951426,7.5905,8.1921,7.5973,8.1977,Calculado
2026-04-07,NTN-B,2026-04-07,760199,2000-07-15,2028-08-15,7.897,7.8723,7.8838,4518.952711,0.00409953463213,7.5169,8.2088,7.5384,8.2304,Calculado
2026-04-07,NTN-B,2026-04-07,760199,2000-07-15,2029-05-15,7.8607,7.8392,7.85,4546.96296,0,7.4706,8.137,7.5035,8.1704,Calculado
2026-04-07,NTN-B,2026-04-07,760199,2000-07-15,2030-08-15,7.9005,7.8748,7.8846,4396.137826,0.00425295415447,7.5234,8.1184,7.5678,8.163,Calculado
2026-04-07,NTN-B,2026-04-07,760199,2000-07-15,2031-05-15,7.8283,7.8014,7.8141,4436.956618,0.00722286391607,7.4806,8.0421,7.5156,8.0771,Calculado
2026-04-07,NTN-B,2026-04-07,760199,2000-07-15,2032-08-15,7.7806,7.7473,7.7641,4310.109672,0.00640535490196,7.4582,7.9873,7.4797,8.0088,Calculado
2026-04-07,NTN-B,2026-04-07,760199,2000-07-15,2033-05-15,7.7648,7.7387,7.7479,4349.233695,0.00772196286704,7.4536,7.9603,7.4781,7.9849,Calculado
2026-04-07,NTN-B,2026-04-07,760199,2000-07-15,2035-05-15,7.6084,7.5768,7.5978,4308.903779,0.0080743828179,7.3368,7.7962,7.3614,7.821,Calculado
2026-04-07,NTN-B,2026-04-07,760199,2000-07-15,2037-05-15,7.5147,7.4776,7.4996,4273.448651,0.00630167897389,7.2799,7.7057,7.2883,7.7142,Calculado
2026-04-07,NTN-B,2026-04-07,760199,2000-07-15,2040-08-15,7.3955,7.3591,7.3757,4162.897562,0.00689834348594,7.1953,7.5842,7.1919,7.5809,Calculado
2026-04-07,NTN-B,2026-04-07,760199,2000-07-15,2045-05-15,7.2525,7.2269,7.24,4204.442683,0,7.0729,7.4396,7.079,7.4459,Calculado
2026-04-07,NTN-B,2026-04-07,760199,2000-07-15,2050-08-15,7.1961,7.1684,7.1827,4099.678951,0.00350740712635,7.0201,7.3821,7.0267,7.3889,Calculado
2026-04-07,NTN-B,2026-04-07,760199,2000-07-15,2055-05-15,7.1733,7.1479,7.16,4142.541709,0,6.9951,7.3559,7.005,7.366,Calculado
2026-04-07,NTN-B,2026-04-07,760199,2000-07-15,2060-08-15,7.1712,7.1417,7.154,4046.130767,0.00431811797546,6.9954,7.3559,6.9995,7.3603,Calculado
2026-04-07,NTN-F,2026-04-07,950199,2016-01-15,2027-01-01,14.1218,14.0736,14.1013,999.351008,0.00344973428832,13.7655,14.3834,13.8472,14.463,Calculado
2026-04-07,NTN-F,2026-04-07,950199,2018-01-05,2029-01-01,13.9017,13.8681,13.8833,945.88016,0.00084867920912,13.2938,14.3138,13.4029,14.4228,Calculado
2026-04-07,NTN-F,2026-04-07,950199,2020-01-10,2031-01-01,14.0675,14.0509,14.0589,897.828096,0.00092786531889,13.5214,14.5007,13.6211,14.6003,Calculado
2026-04-07,NTN-F,2026-04-07,950199,2022-01-07,2033-01-01,14.0739,14.0585,14.0662,862.491437,0.00115988346828,13.5342,14.5102,13.6209,14.597,Calculado
2026-04-07,NTN-F,2026-04-07,950199,2024-01-05,2035-01-01,14.089,14.0638,14.0732,836.082394,0.00535148399418,13.5481,14.5161,13.6292,14.5973,Calculado
2026-04-07,NTN-F,2026-04-07,950199,2026-01-09,2037-01-01,14.0948,14.0742,14.085,815.041477,0.00754488158224,13.5799,14.5445,13.6431,14.608,Calculado
2026-04-08,LTN,2026-04-08,100000,2023-01-06,2026-07-01,14.1397,13.9615,14.0466,970.707796,0.00725011052054,13.8849,14.3461,13.9078,14.2561,Calculado
2026-04-08,LTN,2026-04-08,100000,2024-07-05,2026-10-01,13.9256,13.8621,13.8968,938.947364,0.00084674062735,13.7007,14.3749,13.7121,14.1613,Calculado
2026-04-08,LTN,2026-04-08,100000,2025-01-10,2027-04-01,13.6664,13.623,13.6371,883.57293,0.01173739937593,13.2448,14.4205,13.2747,14.0588,Calculado
2026-04-08,LTN,2026-04-08,100000,2023-07-07,2027-07-01,13.524,13.5096,13.5141,856.910274,0.00854261328985,13.0384,14.4062,13.088,13.9822,Calculado
2026-04-08,LTN,2026-04-08,100000,2025-07-04,2027-10-01,13.5581,13.5447,13.5519,828.938945,0.00025559667447,13.053,14.5042,13.0938,14.0507,Calculado
2026-04-08,LTN,2026-04-08,100000,2024-01-05,2028-01-01,13.4488,13.4359,13.4428,804.349085,0.00166770800502,12.9398,14.431,12.9661,13.9552,Calculado
2026-04-08,LTN,2026-04-08,100000,2026-01-09,2028-04-01,13.4014,13.382,13.3922,780.06939,0.00131981933233,12.9012,14.3888,12.9056,13.9072,Calculado
2026-04-08,LTN,2026-04-08,100000,2024-07-05,2028-07-01,13.3816,13.3682,13.3742,756.961132,0.00057892271505,12.8788,14.3878,12.8839,13.9019,Calculado
2026-04-08,LTN,2026-04-08,100000,2022-02-11,2029-01-01,13.4239,13.4129,13.4181,710.875299,0.00128886634683,12.9273,14.4291,12.9271,13.9665,Calculado
2026-04-08,LTN,2026-04-08,100000,2025-07-04,2029-07-01,13.4793,13.4698,13.4748,667.100281,0.00082346537875,12.9895,14.4716,12.9891,14.0271,Calculado
2026-04-08,LTN,2026-04-08,100000,2024-01-05,2030-01-01,13.5178,13.5064,13.513,625.775632,0,13.0413,14.4788,13.0422,14.0652,Calculado
2026-04-08,LTN,2026-04-08,100000,2025-01-10,2032-01-01,13.7067,13.6964,13.7019,481.074685,0.00148726538654,13.2292,14.5823,13.2407,14.2455,Calculado
2026-04-08,NTN-C,2026-04-08,770100,2000-07-01,2031-01-01,8.2561,8.0171,8.0938,7634.435406,0.12353198579777,7.6309,8.6374,7.5733,8.7602,Calculado
2026-04-08,LFT,2026-04-08,210100,2000-07-01,2026-09-01,-0.0043,-0.0198,-0.013,18754.627211,0.00567057140948,-0.0759,0.0416,-0.0762,0.0455,Calculado
2026-04-08,LFT,2026-04-08,210100,2000-07-01,2027-03-01,0.0042,-0.0001,0.0002,18753.614514,0.00041727792896,-0.0555,0.0465,-0.0538,0.0469,Calculado
2026-04-08,LFT,2026-04-08,210100,2000-07-01,2027-09-01,0.0102,0.0065,0.0086,18751.401583,0.00075363586698,-0.0404,0.0558,-0.0405,0.0578,Calculado
2026-04-08,LFT,2026-04-08,210100,2000-07-01,2028-03-01,0.0163,0.0133,0.0144,18748.551028,0.00037228317179,-0.0302,0.0718,-0.0303,0.072,Calculado
2026-04-08,LFT,2026-04-08,210100,2000-07-01,2028-09-01,0.0271,0.0235,0.0253,18742.287308,0.0002033220598,0.0152,0.048,0.0152,0.0481,Calculado
2026-04-08,LFT,2026-04-08,210100,2000-07-01,2029-03-01,0.0417,0.0385,0.0401,18732.085322,0.00021592820566,0.0271,0.0519,0.027,0.0522,Calculado
2026-04-08,LFT,2026-04-08,210100,2000-07-01,2029-09-01,0.0543,0.0506,0.0525,18720.401796,0,0.036,0.0643,0.0363,0.0643,Calculado
2026-04-08,LFT,2026-04-08,210100,2000-07-01,2030-03-01,0.0657,0.0623,0.064,18707.330501,0,0.0459,0.0765,0.0459,0.0765,Calculado
2026-04-08,LFT,2026-04-08,210100,2000-07-01,2030-06-01,0.0693,0.0663,0.0675,18701.685652,0.00007745966692,0.0548,0.0772,0.0547,0.0777,Calculado
2026-04-08,LFT,2026-04-08,210100,2000-07-01,2030-09-01,0.075,0.0722,0.0735,18693.584074,0.00009374363978,0.06,0.0827,0.0603,0.0826,Calculado
2026-04-08,LFT,2026-04-08,210100,2000-07-01,2030-12-01,0.0757,0.072,0.074,18689.720822,0,0.0615,0.0931,0.0614,0.0932,Calculado
2026-04-08,LFT,2026-04-08,210100,2000-07-01,2031-03-01,0.0878,0.0842,0.086,18675.505554,0.00005622952961,0.0708,0.0953,0.0707,0.0952,Calculado
2026-04-08,LFT,2026-04-08,210100,2000-07-01,2031-06-01,0.0946,0.0909,0.0929,18664.984755,0.0000457736824,0.0751,0.1021,0.075,0.1021,Calculado
2026-04-08,LFT,2026-04-08,210100,2000-07-01,2031-09-01,0.0977,0.094,0.096,18657.483294,0,0.0835,0.1054,0.0834,0.1054,Calculado
2026-04-08,LFT,2026-04-08,210100,2000-07-01,2031-12-01,0.1014,0.0988,0.0996,18649.175426,0.00042052137877,0.0881,0.1132,0.088,0.1114,Calculado
2026-04-08,LFT,2026-04-08,210100,2000-07-01,2032-03-01,0.107,0.1058,0.1063,18637.379379,0.0003092151678,0.0932,0.1169,0.0932,0.1161,Calculado
2026-04-08,LFT,2026-04-08,210100,2000-07-01,2032-06-01,0.1107,0.109,0.1099,18628.340119,0.00057132324476,--,--,0.0965,0.1228,Calculado
2026-04-08,NTN-B,2026-04-08,760199,2000-07-15,2026-08-15,8.8967,8.8504,8.8685,4651.882896,0.01064677696019,8.3433,9.3492,8.35,9.6179,Calculado
2026-04-08,NTN-B,2026-04-08,760199,2000-07-15,2027-05-15,7.8842,7.8489,7.8667,4683.083675,0.00360697018424,7.5503,8.1977,7.5823,8.1816,Calculado
2026-04-08,NTN-B,2026-04-08,760199,2000-07-15,2028-08-15,7.768,7.7361,7.75,4534.191825,0,7.3936,8.2304,7.4048,8.097,Calculado
2026-04-08,NTN-B,2026-04-08,760199,2000-07-15,2029-05-15,7.7116,7.6789,7.6933,4568.275614,0.00561822925752,7.3257,8.1704,7.3468,8.0142,Calculado
2026-04-08,NTN-B,2026-04-08,760199,2000-07-15,2030-08-15,7.7208,7.6856,7.7,4427.81389,0,7.383,8.163,7.3831,7.9785,Calculado
2026-04-08,NTN-B,2026-04-08,760199,2000-07-15,2031-05-15,7.6705,7.637,7.6501,4468.967806,0.00061913918467,7.3513,8.0771,7.3515,7.9132,Calculado
2026-04-08,NTN-B,2026-04-08,760199,2000-07-15,2032-08-15,7.6442,7.6138,7.6267,4341.882502,0.00355224169364,7.3345,8.0088,7.3421,7.8715,Calculado
2026-04-08,NTN-B,2026-04-08,760199,2000-07-15,2033-05-15,7.6321,7.5993,7.6127,4382.999157,0.00546984797229,7.3391,7.9849,7.3428,7.8497,Calculado
2026-04-08,NTN-B,2026-04-08,760199,2000-07-15,2035-05-15,7.5018,7.4733,7.4898,4341.277023,0.00035186575565,7.2295,7.821,7.2534,7.7129,Calculado
2026-04-08,NTN-B,2026-04-08,760199,2000-07-15,2037-05-15,7.4185,7.3892,7.404,4306.112688,0.00587491943349,7.1596,7.7142,7.1927,7.6185,Calculado
2026-04-08,NTN-B,2026-04-08,760199,2000-07-15,2040-08-15,7.3019,7.2742,7.2898,4196.996126,0.00034156501577,7.0795,7.5809,7.1061,7.4948,Calculado
2026-04-08,NTN-B,2026-04-08,760199,2000-07-15,2045-05-15,7.1828,7.1504,7.167,4238.17333,0.00411120100214,6.982,7.4459,7.0062,7.3726,Calculado
2026-04-08,NTN-B,2026-04-08,760199,2000-07-15,2050-08-15,7.1259,7.0951,7.1122,4135.386348,0.00333097284738,6.9269,7.3889,6.9565,7.3179,Calculado
2026-04-08,NTN-B,2026-04-08,760199,2000-07-15,2055-05-15,7.1146,7.0743,7.0919,4178.934233,0.00662113839759,6.9071,7.366,6.9373,7.2974,Calculado
2026-04-08,NTN-B,2026-04-08,760199,2000-07-15,2060-08-15,7.0908,7.0639,7.0788,4087.423127,0.00175086372971,6.8946,7.3603,6.9248,7.2844,Calculado
2026-04-08,NTN-F,2026-04-08,950199,2016-01-15,2027-01-01,13.8311,13.7726,13.8014,1001.734626,0.00150272479516,13.4952,14.463,13.5201,14.1631,Calculado
2026-04-08,NTN-F,2026-04-08,950199,2018-01-05,2029-01-01,13.4362,13.4088,13.4196,955.559186,0.00226326775924,12.9391,14.4228,12.9389,13.959,Calculado
2026-04-08,NTN-F,2026-04-08,950199,2020-01-10,2031-01-01,13.6874,13.6719,13.6792,909.453512,0.00094926228725,13.2415,14.6003,13.2412,14.2205,Calculado
2026-04-08,NTN-F,2026-04-08,950199,2022-01-07,2033-01-01,13.7533,13.7368,13.7437,874.624202,0.00091909933087,13.2877,14.597,13.2984,14.2742,Calculado
2026-04-08,NTN-F,2026-04-08,950199,2024-01-05,2035-01-01,13.7961,13.7788,13.7877,848.226368,0.00269303294818,13.3244,14.5973,13.344,14.3113,Calculado
2026-04-08,NTN-F,2026-04-08,950199,2026-01-09,2037-01-01,13.83,13.8149,13.8223,827.106127,0.00206771094934,13.3589,14.608,13.3811,14.3444,Calculado
2026-04-09,LTN,2026-04-09,100000,2023-01-06,2026-07-01,14.0804,13.9884,14.0486,971.21044,0.0081681845033,13.9078,14.2561,13.9109,14.2562,Calculado
2026-04-09,LTN,2026-04-09,100000,2024-07-05,2026-10-01,13.9596,13.9005,13.9317,939.294137,0.00083205028694,13.7121,14.1613,13.7481,14.1948,Calculado
2026-04-09,LTN,2026-04-09,100000,2025-01-10,2027-04-01,13.6878,13.6488,13.664,883.819537,0,13.2747,14.0588,13.3028,14.085,Calculado
2026-04-09,LTN,2026-04-09,100000,2023-07-07,2027-07-01,13.497,13.4817,13.49,857.562489,0,13.088,13.9822,13.0646,13.9577,Calculado
2026-04-09,LTN,2026-04-09,100000,2025-07-04,2027-10-01,13.4955,13.4837,13.4905,830.017767,0.00009045335815,13.0938,14.0507,13.0329,13.989,Calculado
2026-04-09,LTN,2026-04-09,100000,2024-01-05,2028-01-01,13.3828,13.37,13.3764,805.563645,0.0012559271197,12.9661,13.9552,12.9,13.8887,Calculado
2026-04-09,LTN,2026-04-09,100000,2026-01-09,2028-04-01,13.3394,13.3252,13.332,781.276366,0.00130617875117,12.9056,13.9072,12.8455,13.8471,Calculado
2026-04-09,LTN,2026-04-09,100000,2024-07-05,2028-07-01,13.3238,13.3108,13.317,758.185031,0,12.8839,13.9019,12.8268,13.8443,Calculado
2026-04-09,LTN,2026-04-09,100000,2022-02-11,2029-01-01,13.3694,13.3569,13.363,712.166528,0,12.9271,13.9665,12.872,13.9113,Calculado
2026-04-09,LTN,2026-04-09,100000,2025-07-04,2029-07-01,13.434,13.4234,13.4287,668.302994,0.00084156715715,12.9891,14.0271,12.9429,13.9809,Calculado
2026-04-09,LTN,2026-04-09,100000,2024-01-05,2030-01-01,13.4715,13.4606,13.4653,627.063398,0.00102559164388,13.0422,14.0652,12.9944,14.0175,Calculado
2026-04-09,LTN,2026-04-09,100000,2025-01-10,2032-01-01,13.6804,13.6711,13.6764,481.93504,0.00077288610416,13.2407,14.2455,13.2152,14.22,Calculado
2026-04-09,NTN-C,2026-04-09,770100,2000-07-01,2031-01-01,8.2743,8.0161,8.118,7636.019445,0.11293951183408,7.5733,8.7602,7.6137,8.6181,Calculado
2026-04-09,LFT,2026-04-09,210100,2000-07-01,2026-09-01,-0.0029,-0.0169,-0.0101,18764.579432,0.0041373201822,-0.0762,0.0455,-0.0714,0.0474,Calculado
2026-04-09,LFT,2026-04-09,210100,2000-07-01,2027-03-01,0.0072,0.001,0.0033,18763.284727,0.00279284800696,-0.0538,0.0469,-0.0512,0.048,Calculado
2026-04-09,LFT,2026-04-09,210100,2000-07-01,2027-09-01,0.0109,0.0068,0.0088,18761.520928,0.00024494895387,-0.0405,0.0578,-0.0369,0.0558,Calculado
2026-04-09,LFT,2026-04-09,210100,2000-07-01,2028-03-01,0.0162,0.0128,0.0144,18758.743881,0.00032864345422,-0.0303,0.072,-0.0282,0.0707,Calculado
2026-04-09,LFT,2026-04-09,210100,2000-07-01,2028-09-01,0.0272,0.0235,0.0253,18752.476762,0.0001571810103,0.0152,0.0481,0.015,0.0486,Calculado
2026-04-09,LFT,2026-04-09,210100,2000-07-01,2029-03-01,0.0421,0.04,0.0405,18742.062837,0.00048158914024,0.027,0.0522,0.0266,0.0527,Calculado
2026-04-09,LFT,2026-04-09,210100,2000-07-01,2029-09-01,0.0544,0.0515,0.0527,18730.466791,0.0003648349901,0.0363,0.0643,0.0361,0.0647,Calculado
2026-04-09,LFT,2026-04-09,210100,2000-07-01,2030-03-01,0.0656,0.0622,0.0641,18717.444694,0.00039088887168,0.0459,0.0765,0.0458,0.0768,Calculado
2026-04-09,LFT,2026-04-09,210100,2000-07-01,2030-06-01,0.069,0.0661,0.0675,18711.8906,0,0.0547,0.0777,0.0548,0.0778,Calculado
2026-04-09,LFT,2026-04-09,210100,2000-07-01,2030-09-01,0.075,0.0719,0.0735,18703.784626,0,0.0603,0.0826,0.0604,0.0826,Calculado
2026-04-09,LFT,2026-04-09,210100,2000-07-01,2030-12-01,0.0759,0.0721,0.074,18699.919277,0,0.0614,0.0932,0.0614,0.0933,Calculado
2026-04-09,LFT,2026-04-09,210100,2000-07-01,2031-03-01,0.0879,0.0841,0.086,18685.696295,0,0.0707,0.0952,0.0708,0.0952,Calculado
2026-04-09,LFT,2026-04-09,210100,2000-07-01,2031-06-01,0.0947,0.0912,0.093,18675.094732,0,0.075,0.1021,0.0749,0.1021,Calculado
2026-04-09,LFT,2026-04-09,210100,2000-07-01,2031-09-01,0.0977,0.0941,0.096,18667.683019,0,0.0834,0.1054,0.0834,0.1053,Calculado
2026-04-09,LFT,2026-04-09,210100,2000-07-01,2031-12-01,0.1015,0.0986,0.0997,18659.276824,0.00038748812885,0.088,0.1114,0.0882,0.1111,Calculado
2026-04-09,LFT,2026-04-09,210100,2000-07-01,2032-03-01,0.1066,0.1056,0.1061,18647.793361,0.00008401672453,0.0932,0.1161,0.0931,0.1159,Calculado
2026-04-09,LFT,2026-04-09,210100,2000-07-01,2032-06-01,0.1101,0.1089,0.1095,18638.993125,0.00013688042227,0.0965,0.1228,0.0966,0.1222,Calculado
2026-04-09,NTN-B,2026-04-09,760199,2000-07-15,2026-08-15,8.7883,8.7571,8.7731,4656.460158,0.00414700120931,8.35,9.6179,8.251,9.5293,Calculado
2026-04-09,NTN-B,2026-04-09,760199,2000-07-15,2027-05-15,7.8629,7.8332,7.8473,4686.95395,0.00318160636157,7.5823,8.1816,7.5631,8.1613,Calculado
2026-04-09,NTN-B,2026-04-09,760199,2000-07-15,2028-08-15,7.7221,7.691,7.7061,4541.124207,0.0050741343912,7.4048,8.097,7.3609,8.0532,Calculado
2026-04-09,NTN-B,2026-04-09,760199,2000-07-15,2029-05-15,7.6615,7.6283,7.6446,4576.901415,0.00526456875822,7.3468,8.0142,7.2981,7.9658,Calculado
2026-04-09,NTN-B,2026-04-09,760199,2000-07-15,2030-08-15,7.6976,7.6692,7.6829,4433.294061,0.00353188629064,7.3831,7.9785,7.3659,7.9615,Calculado
2026-04-09,NTN-B,2026-04-09,760199,2000-07-15,2031-05-15,7.6451,7.6131,7.6281,4475.715141,0.00324280580208,7.3515,7.9132,7.3295,7.8913,Calculado
2026-04-09,NTN-B,2026-04-09,760199,2000-07-15,2032-08-15,7.6356,7.606,7.62,4346.03383,0,7.3421,7.8715,7.3354,7.8648,Calculado
2026-04-09,NTN-B,2026-04-09,760199,2000-07-15,2033-05-15,7.6134,7.5834,7.6,4388.678546,0,7.3428,7.8497,7.33,7.8371,Calculado
2026-04-09,NTN-B,2026-04-09,760199,2000-07-15,2035-05-15,7.484,7.4559,7.47,4349.453607,0,7.2534,7.7129,7.2336,7.6931,Calculado
2026-04-09,NTN-B,2026-04-09,760199,2000-07-15,2037-05-15,7.4053,7.374,7.39,4313.201172,0,7.1927,7.6185,7.1787,7.6045,Calculado
2026-04-09,NTN-B,2026-04-09,760199,2000-07-15,2040-08-15,7.2847,7.2528,7.2669,4208.045348,0.00387260329236,7.1061,7.4948,7.0832,7.4719,Calculado
2026-04-09,NTN-B,2026-04-09,760199,2000-07-15,2045-05-15,7.1705,7.1369,7.15,4248.071652,0,7.0062,7.3726,6.9893,7.3556,Calculado
2026-04-09,NTN-B,2026-04-09,760199,2000-07-15,2050-08-15,7.1115,7.0784,7.0935,4146.782879,0.00386806214402,6.9565,7.3179,6.9379,7.2992,Calculado
2026-04-09,NTN-B,2026-04-09,760199,2000-07-15,2055-05-15,7.0853,7.056,7.0673,4193.825783,0.00384262793801,6.9373,7.2974,6.9127,7.2728,Calculado
2026-04-09,NTN-B,2026-04-09,760199,2000-07-15,2060-08-15,7.0653,7.0393,7.0508,4104.529526,0.00247207937979,6.9248,7.2844,6.8968,7.2564,Calculado
2026-04-09,NTN-F,2026-04-09,950199,2016-01-15,2027-01-01,13.8189,13.7666,13.7803,1002.379218,0.00515375362818,13.5201,14.1631,13.5009,14.141,Calculado
2026-04-09,NTN-F,2026-04-09,950199,2018-01-05,2029-01-01,13.3793,13.3531,13.3635,957.15659,0.00102241543905,12.9389,13.959,12.8828,13.9029,Calculado
2026-04-09,NTN-F,2026-04-09,950199,2020-01-10,2031-01-01,13.6551,13.6428,13.6485,910.826554,0.00059834078083,13.2412,14.2205,13.2105,14.1898,Calculado
2026-04-09,NTN-F,2026-04-09,950199,2022-01-07,2033-01-01,13.7465,13.7334,13.7388,875.250478,0.00171092464767,13.2984,14.2742,13.2936,14.2692,Calculado
2026-04-09,NTN-F,2026-04-09,950199,2024-01-05,2035-01-01,13.7897,13.7742,13.7825,848.876704,0.00187108480032,13.344,14.3113,13.339,14.3059,Calculado
2026-04-09,NTN-F,2026-04-09,950199,2026-01-09,2037-01-01,13.8261,13.8128,13.8188,827.687961,0.00109403462011,13.3811,14.3444,13.3779,14.3406,Calculado
2026-04-14,LTN,2026-04-14,100000,2023-01-06,2026-07-01,14.1857,14.1395,14.1593,972.533052,0.01097918150228,13.904,14.243,14.0227,14.3586,Calculado
2026-04-14,LTN,2026-04-14,100000,2024-07-05,2026-10-01,14.0129,13.9676,13.9881,940.535747,0.01613892708051,13.8525,14.2941,13.8066,14.2457,Calculado
2026-04-14,LTN,2026-04-14,100000,2025-01-10,2027-04-01,13.7519,13.7046,13.7328,884.658172,0.00362261415693,13.482,14.2604,13.375,14.1514,Calculado
2026-04-14,LTN,2026-04-14,100000,2023-07-07,2027-07-01,13.5507,13.5391,13.5449,858.356084,0.00079266372441,13.2349,14.1255,13.1219,14.0112,Calculado
2026-04-14,LTN,2026-04-14,100000,2025-07-04,2027-10-01,13.5065,13.4934,13.5001,831.166487,0.00047370412707,13.1709,14.1255,13.0441,13.9979,Calculado
2026-04-14,LTN,2026-04-14,100000,2024-01-05,2028-01-01,13.3723,13.3589,13.3651,806.906052,0.00172633539905,13.0198,14.0079,12.8898,13.8775,Calculado
2026-04-14,LTN,2026-04-14,100000,2026-01-09,2028-04-01,13.2979,13.2894,13.2932,782.96664,0.00127512974634,12.9342,13.9356,12.8074,13.8087,Calculado
2026-04-14,LTN,2026-04-14,100000,2024-07-05,2028-07-01,13.2551,13.243,13.249,760.318783,0.00002886728252,12.8853,13.9019,12.7592,13.7754,Calculado
2026-04-14,LTN,2026-04-14,100000,2022-02-11,2029-01-01,13.2677,13.2564,13.2619,714.947398,0.00010555969875,12.8774,13.9166,12.7711,13.8103,Calculado
2026-04-14,LTN,2026-04-14,100000,2025-07-04,2029-07-01,13.3098,13.2997,13.3054,671.629875,0.00003892479929,12.9043,13.9424,12.8195,13.8577,Calculado
2026-04-14,LTN,2026-04-14,100000,2024-01-05,2030-01-01,13.3269,13.3165,13.3215,630.946806,0,12.9125,13.936,12.8503,13.8738,Calculado
2026-04-14,LTN,2026-04-14,100000,2025-01-10,2032-01-01,13.497,13.4854,13.4905,487.181072,0.00130094432241,13.0565,14.0612,13.0294,14.034,Calculado
2026-04-14,NTN-C,2026-04-14,770100,2000-07-01,2031-01-01,8.2417,7.9857,8.073,7675.904846,0.05417470056964,7.6193,8.6252,7.5833,8.5836,Calculado
2026-04-14,LFT,2026-04-14,210100,2000-07-01,2026-09-01,0.0017,-0.0196,-0.0028,18794.580539,0.00198259089577,-0.0346,0.0221,-0.0333,0.0253,Calculado
2026-04-14,LFT,2026-04-14,210100,2000-07-01,2027-03-01,0.013,0.0098,0.011,18792.588334,0.00069329184331,-0.0179,0.0217,-0.0167,0.0245,Calculado
2026-04-14,LFT,2026-04-14,210100,2000-07-01,2027-09-01,0.0142,0.01,0.0117,18791.347904,0.00037161166559,-0.0025,0.025,-0.0013,0.027,Calculado
2026-04-14,LFT,2026-04-14,210100,2000-07-01,2028-03-01,0.0182,0.0142,0.0155,18788.942222,0.00052660225028,0.0043,0.04,0.0042,0.0425,Calculado
2026-04-14,LFT,2026-04-14,210100,2000-07-01,2028-09-01,0.0276,0.0241,0.0255,18783.003194,0.00040604097084,0.0152,0.0492,0.0154,0.0506,Calculado
2026-04-14,LFT,2026-04-14,210100,2000-07-01,2029-03-01,0.0433,0.0396,0.0415,18772.140035,0.00042981022556,0.0265,0.0533,0.027,0.0537,Calculado
2026-04-14,LFT,2026-04-14,210100,2000-07-01,2029-09-01,0.0554,0.0524,0.0537,18760.468717,0.00034514171003,0.0354,0.0653,0.0356,0.0654,Calculado
2026-04-14,LFT,2026-04-14,210100,2000-07-01,2030-03-01,0.0661,0.0624,0.0643,18747.932857,0.00025895715862,0.0457,0.0766,0.0455,0.0768,Calculado
2026-04-14,LFT,2026-04-14,210100,2000-07-01,2030-06-01,0.0697,0.0671,0.0676,18742.444894,0.00066504187086,0.0546,0.0776,0.0546,0.0775,Calculado
2026-04-14,LFT,2026-04-14,210100,2000-07-01,2030-09-01,0.0757,0.0721,0.0735,18734.419689,0.00032118202004,0.0602,0.0824,0.0597,0.0827,Calculado
2026-04-14,LFT,2026-04-14,210100,2000-07-01,2030-12-01,0.0758,0.0719,0.0739,18730.642016,0.00008828425681,0.0612,0.0929,0.0613,0.0927,Calculado
2026-04-14,LFT,2026-04-14,210100,2000-07-01,2031-03-01,0.0861,0.0827,0.0857,18716.602605,0.00043391900166,0.0703,0.095,0.0702,0.0949,Calculado
2026-04-14,LFT,2026-04-14,210100,2000-07-01,2031-06-01,0.0922,0.0878,0.0906,18707.994773,0.00040438768527,0.0763,0.0999,0.0764,0.0998,Calculado
2026-04-14,LFT,2026-04-14,210100,2000-07-01,2031-09-01,0.0956,0.0928,0.0954,18698.898287,0.00023543272925,0.0831,0.1047,0.0831,0.1048,Calculado
2026-04-14,LFT,2026-04-14,210100,2000-07-01,2031-12-01,0.101,0.0985,0.0991,18690.515988,0.00015522638307,0.0877,0.1106,0.0876,0.1109,Calculado
2026-04-14,LFT,2026-04-14,210100,2000-07-01,2032-03-01,0.1071,0.1055,0.1061,18678.412399,0.00009411237963,0.0919,0.1159,0.0922,0.1159,Calculado
2026-04-14,LFT,2026-04-14,210100,2000-07-01,2032-06-01,0.1098,0.1091,0.1095,18669.597829,0,0.0953,0.1222,0.0958,0.1222,Calculado
2026-04-14,NTN-B,2026-04-14,760199,2000-07-15,2026-08-15,8.713,8.6788,8.6949,4674.486245,0.00553563732735,8.0438,9.3431,8.1594,9.4694,Calculado
2026-04-14,NTN-B,2026-04-14,760199,2000-07-15,2027-05-15,7.8542,7.8285,7.841,4703.742629,0.00189428394915,7.575,8.1708,7.5578,8.1524,Calculado
2026-04-14,NTN-B,2026-04-14,760199,2000-07-15,2028-08-15,7.7046,7.6763,7.69,4558.539782,0,7.3792,8.0716,7.3451,8.0377,Calculado
2026-04-14,NTN-B,2026-04-14,760199,2000-07-15,2029-05-15,7.6232,7.5987,7.6103,4596.970609,0.0006572670614,7.3035,7.9721,7.2638,7.9328,Calculado
2026-04-14,NTN-B,2026-04-14,760199,2000-07-15,2030-08-15,7.6519,7.6278,7.6403,4455.532833,0.00067996538883,7.3528,7.9488,7.323,7.9192,Calculado
2026-04-14,NTN-B,2026-04-14,760199,2000-07-15,2031-05-15,7.591,7.5583,7.5723,4501.381693,0.00366436507734,7.3091,7.8712,7.2736,7.8358,Calculado
2026-04-14,NTN-B,2026-04-14,760199,2000-07-15,2032-08-15,7.548,7.5185,7.534,4379.56807,0.00549649546893,7.2808,7.8105,7.2491,7.7789,Calculado
2026-04-14,NTN-B,2026-04-14,760199,2000-07-15,2033-05-15,7.5196,7.489,7.5047,4426.103611,0.00407292825618,7.2699,7.7772,7.2345,7.7419,Calculado
2026-04-14,NTN-B,2026-04-14,760199,2000-07-15,2035-05-15,7.3839,7.3567,7.37,4392.400145,0,7.1634,7.6232,7.1334,7.5932,Calculado
2026-04-14,NTN-B,2026-04-14,760199,2000-07-15,2037-05-15,7.3268,7.2958,7.31,4353.586271,0,7.1092,7.5352,7.0986,7.5246,Calculado
2026-04-14,NTN-B,2026-04-14,760199,2000-07-15,2040-08-15,7.1839,7.1536,7.17,4258.740093,0,6.9972,7.3859,6.9864,7.3751,Calculado
2026-04-14,NTN-B,2026-04-14,760199,2000-07-15,2045-05-15,7.1018,7.0735,7.0836,4291.485941,0.00230089496501,6.9242,7.2906,6.923,7.2892,Calculado
2026-04-14,NTN-B,2026-04-14,760199,2000-07-15,2050-08-15,7.0394,7.0074,7.0202,4196.219345,0.00054831886708,6.8654,7.2269,6.8646,7.2258,Calculado
2026-04-14,NTN-B,2026-04-14,760199,2000-07-15,2055-05-15,7.025,6.9953,7.0083,4238.172336,0.00195138423177,6.8453,7.2055,6.8538,7.2136,Calculado
2026-04-14,NTN-B,2026-04-14,760199,2000-07-15,2060-08-15,7.009,6.9796,6.9922,4149.595049,0.00291403827017,6.8308,7.1905,6.8383,7.1975,Calculado
2026-04-14,NTN-F,2026-04-14,950199,2016-01-15,2027-01-01,13.8755,13.8055,13.8419,1003.545861,0.00011578678681,13.6612,14.2956,13.5674,14.1989,Calculado
2026-04-14,NTN-F,2026-04-14,950199,2018-01-05,2029-01-01,13.2765,13.2542,13.2658,960.534858,0.00263488739228,12.8909,13.9109,12.7853,13.8053,Calculado
2026-04-14,NTN-F,2026-04-14,950199,2020-01-10,2031-01-01,13.4896,13.4695,13.4751,917.371842,0.00116103401759,13.077,14.0569,13.037,14.0167,Calculado
2026-04-14,NTN-F,2026-04-14,950199,2022-01-07,2033-01-01,13.5848,13.5635,13.571,882.756156,0.00397166278276,13.1224,14.0993,13.1254,14.1018,Calculado
2026-04-14,NTN-F,2026-04-14,950199,2024-01-05,2035-01-01,13.6201,13.594,13.6042,857.615738,0.00065647416552,13.1426,14.1116,13.1602,14.1282,Calculado
2026-04-14,NTN-F,2026-04-14,950199,2026-01-09,2037-01-01,13.646,13.6287,13.635,837.260197,0,13.1739,14.1393,13.1935,14.1575,Calculado
2026-04-13,LTN,2026-04-13,100000,2023-01-06,2026-07-01,14.095,14.0179,14.0434,972.233722,0.0211886649839,13.8908,14.233,13.904,14.243,Calculado
2026-04-13,LTN,2026-04-13,100000,2024-07-05,2026-10-01,14.0722,13.986,14.036,939.860746,0,13.844,14.2882,13.8525,14.2941,Calculado
2026-04-13,LTN,2026-04-13,100000,2025-01-10,2027-04-01,13.8683,13.8101,13.8412,883.401335,0.00638323697508,13.4597,14.24,13.482,14.2604,Calculado
2026-04-13,LTN,2026-04-13,100000,2023-07-07,2027-07-01,13.6667,13.6513,13.6587,856.887378,0.00333326592999,13.225,14.1168,13.2349,14.1255,Calculado
2026-04-13,LTN,2026-04-13,100000,2025-07-04,2027-10-01,13.6354,13.6192,13.6273,829.387515,0.00244878421058,13.18,14.1353,13.1709,14.1255,Calculado
2026-04-13,LTN,2026-04-13,100000,2024-01-05,2028-01-01,13.5004,13.4879,13.4953,804.919058,0.00229517091085,13.0448,14.0332,13.0198,14.0079,Calculado
2026-04-13,LTN,2026-04-13,100000,2026-01-09,2028-04-01,13.427,13.4141,13.42,780.861329,0.00020225993177,12.9669,13.9683,12.9342,13.9356,Calculado
2026-04-13,LTN,2026-04-13,100000,2024-07-05,2028-07-01,13.3818,13.3689,13.375,758.081325,0,12.9281,13.9452,12.8853,13.9019,Calculado
2026-04-13,LTN,2026-04-13,100000,2022-02-11,2029-01-01,13.3754,13.3633,13.368,712.79096,0.0009952635028,12.9396,13.9788,12.8774,13.9166,Calculado
2026-04-13,LTN,2026-04-13,100000,2025-07-04,2029-07-01,13.3957,13.3834,13.3899,669.70226,0.00079117528399,12.9811,14.0192,12.9043,13.9424,Calculado
2026-04-13,LTN,2026-04-13,100000,2024-01-05,2030-01-01,13.3905,13.3787,13.3835,629.363441,0.00063185290219,12.996,14.0193,12.9125,13.936,Calculado
2026-04-13,LTN,2026-04-13,100000,2025-01-10,2032-01-01,13.5239,13.513,13.5176,486.275817,0.00092084652902,13.1416,14.1464,13.0565,14.0612,Calculado
2026-04-13,NTN-C,2026-04-13,770100,2000-07-01,2031-01-01,8.2052,7.9668,8.0805,7665.443301,0.10850700083755,7.5381,8.544,7.6193,8.6252,Calculado
2026-04-13,LFT,2026-04-13,210100,2000-07-01,2026-09-01,0,-0.0145,-0.0048,18784.537278,0.00332945011826,-0.0672,0.0503,-0.0346,0.0221,Calculado
2026-04-13,LFT,2026-04-13,210100,2000-07-01,2027-03-01,0.0123,0.0024,0.0087,18782.771563,0.00119899224768,-0.0494,0.0507,-0.0179,0.0217,Calculado
2026-04-13,LFT,2026-04-13,210100,2000-07-01,2027-09-01,0.0114,0.0077,0.009,18781.851138,0.00017816399749,-0.0336,0.0551,-0.0025,0.025,Calculado
2026-04-13,LFT,2026-04-13,210100,2000-07-01,2028-03-01,0.0174,0.0139,0.0151,18778.883234,0.00022926859794,-0.0265,0.0704,0.0043,0.04,Calculado
2026-04-13,LFT,2026-04-13,210100,2000-07-01,2028-09-01,0.0279,0.0238,0.0252,18772.928643,0.00021602467452,0.0153,0.049,0.0152,0.0492,Calculado
2026-04-13,LFT,2026-04-13,210100,2000-07-01,2029-03-01,0.0435,0.0395,0.0412,18762.09016,0.00029808913097,0.0266,0.053,0.0265,0.0533,Calculado
2026-04-13,LFT,2026-04-13,210100,2000-07-01,2029-09-01,0.056,0.0517,0.0536,18750.312467,0.00032837985626,0.0354,0.0652,0.0354,0.0653,Calculado
2026-04-13,LFT,2026-04-13,210100,2000-07-01,2030-03-01,0.0665,0.0627,0.0642,18737.802191,0.00030543683471,0.0458,0.0764,0.0457,0.0766,Calculado
2026-04-13,LFT,2026-04-13,210100,2000-07-01,2030-06-01,0.0697,0.0657,0.0673,18732.448694,0.00028040148002,0.0546,0.0775,0.0546,0.0776,Calculado
2026-04-13,LFT,2026-04-13,210100,2000-07-01,2030-09-01,0.0759,0.0717,0.0733,18724.371488,0.00018575653421,0.0601,0.0824,0.0602,0.0824,Calculado
2026-04-13,LFT,2026-04-13,210100,2000-07-01,2030-12-01,0.0764,0.0715,0.0738,18720.501943,0.0001681835307,0.0612,0.0928,0.0612,0.0929,Calculado
2026-04-13,LFT,2026-04-13,210100,2000-07-01,2031-03-01,0.0881,0.0838,0.0858,18706.301089,0.00017394366904,0.0704,0.0949,0.0703,0.095,Calculado
2026-04-13,LFT,2026-04-13,210100,2000-07-01,2031-06-01,0.0922,0.0889,0.0908,18697.58522,0.00046201897147,0.0762,0.1001,0.0763,0.0999,Calculado
2026-04-13,LFT,2026-04-13,210100,2000-07-01,2031-09-01,0.0977,0.0932,0.0954,18688.700294,0.00042091170095,0.0833,0.1045,0.0831,0.1047,Calculado
2026-04-13,LFT,2026-04-13,210100,2000-07-01,2031-12-01,0.102,0.0971,0.0992,18680.191052,0.00037502134606,0.0878,0.1106,0.0877,0.1106,Calculado
2026-04-13,LFT,2026-04-13,210100,2000-07-01,2032-03-01,0.1076,0.105,0.1061,18668.187948,0.00012403471288,0.092,0.116,0.0919,0.1159,Calculado
2026-04-13,LFT,2026-04-13,210100,2000-07-01,2032-06-01,0.1101,0.1062,0.1091,18659.847764,0.00049443876264,0.0963,0.1215,0.0953,0.1222,Calculado
2026-04-13,NTN-B,2026-04-13,760199,2000-07-15,2026-08-15,8.615,8.5561,8.5764,4672.751222,0.00841173899559,8.2156,9.5044,8.0438,9.3431,Calculado
2026-04-13,NTN-B,2026-04-13,760199,2000-07-15,2027-05-15,7.8738,7.838,7.8589,4699.567337,0.00156923547946,7.5918,8.1888,7.575,8.1708,Calculado
2026-04-13,NTN-B,2026-04-13,760199,2000-07-15,2028-08-15,7.7391,7.7079,7.7241,4552.141741,0.0047023634717,7.422,8.1143,7.3792,8.0716,Calculado
2026-04-13,NTN-B,2026-04-13,760199,2000-07-15,2029-05-15,7.6656,7.6356,7.65,4589.024989,0,7.3549,8.0231,7.3035,7.9721,Calculado
2026-04-13,NTN-B,2026-04-13,760199,2000-07-15,2030-08-15,7.6878,7.654,7.67,4447.697572,0,7.4139,8.0097,7.3528,7.9488,Calculado
2026-04-13,NTN-B,2026-04-13,760199,2000-07-15,2031-05-15,7.622,7.5875,7.6078,4491.827662,0.00385086570267,7.3664,7.9283,7.3091,7.8712,Calculado
2026-04-13,NTN-B,2026-04-13,760199,2000-07-15,2032-08-15,7.585,7.5487,7.5656,4369.728656,0.00340906615072,7.3435,7.8731,7.2808,7.8105,Calculado
2026-04-13,NTN-B,2026-04-13,760199,2000-07-15,2033-05-15,7.5615,7.5259,7.54,4414.787947,0,7.3309,7.8381,7.2699,7.7772,Calculado
2026-04-13,NTN-B,2026-04-13,760199,2000-07-15,2035-05-15,7.4192,7.3832,7.4,4380.963128,0,7.2135,7.6732,7.1634,7.6232,Calculado
2026-04-13,NTN-B,2026-04-13,760199,2000-07-15,2037-05-15,7.3401,7.3065,7.3206,4347.175663,0.00140089256904,7.1555,7.5814,7.1092,7.5352,Calculado
2026-04-13,NTN-B,2026-04-13,760199,2000-07-15,2040-08-15,7.1989,7.1666,7.1808,4251.743353,0.00129139161373,7.0334,7.4223,6.9972,7.3859,Calculado
2026-04-13,NTN-B,2026-04-13,760199,2000-07-15,2045-05-15,7.104,7.0696,7.0848,4288.010246,0.00044271886113,6.9477,7.3143,6.9242,7.2906,Calculado
2026-04-13,NTN-B,2026-04-13,760199,2000-07-15,2050-08-15,7.0403,7.0053,7.0211,4192.904791,0.0023629078103,6.8838,7.2457,6.8654,7.2269,Calculado
2026-04-13,NTN-B,2026-04-13,760199,2000-07-15,2055-05-15,7.0206,6.9807,7,4239.50497,0,6.8606,7.2213,6.8453,7.2055,Calculado
2026-04-13,NTN-B,2026-04-13,760199,2000-07-15,2060-08-15,7.0126,6.9666,6.9849,4150.637775,0.00588023858955,6.8413,7.2016,6.8308,7.1905,Calculado
2026-04-13,NTN-F,2026-04-13,950199,2016-01-15,2027-01-01,13.9607,13.9034,13.938,1002.44219,0.0026729653159,13.6336,14.2709,13.6612,14.2956,Calculado
2026-04-13,NTN-F,2026-04-13,950199,2018-01-05,2029-01-01,13.3858,13.3589,13.3712,957.956434,0.0027666035549,12.9505,13.9705,12.8909,13.9109,Calculado
2026-04-13,NTN-F,2026-04-13,950199,2020-01-10,2031-01-01,13.5227,13.509,13.5151,915.717764,0.0010509735677,13.165,14.1447,13.077,14.0569,Calculado
2026-04-13,NTN-F,2026-04-13,950199,2022-01-07,2033-01-01,13.5743,13.5619,13.5682,882.413895,0.0009064845724,13.2052,14.1819,13.1224,14.0993,Calculado
2026-04-13,NTN-F,2026-04-13,950199,2024-01-05,2035-01-01,13.6015,13.5769,13.587,857.904124,0,13.2087,14.1775,13.1426,14.1116,Calculado
2026-04-13,NTN-F,2026-04-13,950199,2026-01-09,2037-01-01,13.6227,13.6098,13.616,837.70069,0.00082075352573,13.2289,14.1942,13.1739,14.1393,Calculado
2026-04-10,LTN,2026-04-10,100000,2023-01-06,2026-07-01,14.0853,13.9943,14.03,971.751791,0.08209464675793,13.9109,14.2562,13.8908,14.233,Calculado
2026-04-10,LTN,2026-04-10,100000,2024-07-05,2026-10-01,14.0703,13.9893,14.028,939.402395,0,13.7481,14.1948,13.844,14.2882,Calculado
2026-04-10,LTN,2026-04-10,100000,2025-01-10,2027-04-01,13.8449,13.7956,13.82,883.104941,0.00376541909221,13.3028,14.085,13.4597,14.24,Calculado
2026-04-10,LTN,2026-04-10,100000,2023-07-07,2027-07-01,13.6566,13.6422,13.6497,856.53423,0.00080929127636,13.0646,13.9577,13.225,14.1168,Calculado
2026-04-10,LTN,2026-04-10,100000,2025-07-04,2027-10-01,13.6438,13.6306,13.637,828.863264,0,13.0329,13.989,13.18,14.1353,Calculado
2026-04-10,LTN,2026-04-10,100000,2024-01-05,2028-01-01,13.5264,13.5146,13.5207,804.205536,0.0023633849094,12.9,13.8887,13.0448,14.0332,Calculado
2026-04-10,LTN,2026-04-10,100000,2026-01-09,2028-04-01,13.4614,13.4469,13.453,780.024459,0.00070692544161,12.8455,13.8471,12.9669,13.9683,Calculado
2026-04-10,LTN,2026-04-10,100000,2024-07-05,2028-07-01,13.4254,13.4112,13.418,757.068984,0,12.8268,13.8443,12.9281,13.9452,Calculado
2026-04-10,LTN,2026-04-10,100000,2022-02-11,2029-01-01,13.4374,13.4239,13.4303,711.379219,0.00057154759207,12.872,13.9113,12.9396,13.9788,Calculado
2026-04-10,LTN,2026-04-10,100000,2025-07-04,2029-07-01,13.472,13.4613,13.4667,667.922182,0.00051149290318,12.9429,13.9809,12.9811,14.0192,Calculado
2026-04-10,LTN,2026-04-10,100000,2024-01-05,2030-01-01,13.4732,13.4625,13.4669,627.345174,0.00108563480508,12.9944,14.0175,12.996,14.0193,Calculado
2026-04-10,LTN,2026-04-10,100000,2025-01-10,2032-01-01,13.6092,13.5985,13.6027,483.963029,0.00070271581027,13.2152,14.22,13.1416,14.1464,Calculado
2026-04-10,NTN-C,2026-04-10,770100,2000-07-01,2031-01-01,8.2,8.0371,8.1084,7646.480097,0.10067469208475,7.6137,8.6181,7.5381,8.544,Calculado
2026-04-10,LFT,2026-04-10,210100,2000-07-01,2026-09-01,-0.0023,-0.0102,-0.0069,18774.518156,0.00406120570767,-0.0714,0.0474,-0.0672,0.0503,Calculado
2026-04-10,LFT,2026-04-10,210100,2000-07-01,2027-03-01,0.0098,0.0039,0.0071,18772.847269,0.00253105708944,-0.0512,0.048,-0.0494,0.0507,Calculado
2026-04-10,LFT,2026-04-10,210100,2000-07-01,2027-09-01,0.0113,0.0075,0.0087,18771.739602,0.0011247611791,-0.0369,0.0558,-0.0336,0.0551,Calculado
2026-04-10,LFT,2026-04-10,210100,2000-07-01,2028-03-01,0.0165,0.014,0.015,18768.716986,0,-0.0282,0.0707,-0.0265,0.0704,Calculado
2026-04-10,LFT,2026-04-10,210100,2000-07-01,2028-09-01,0.0274,0.0239,0.0253,18762.671755,0.00041484362114,0.015,0.0486,0.0153,0.049,Calculado
2026-04-10,LFT,2026-04-10,210100,2000-07-01,2029-03-01,0.0426,0.0403,0.041,18751.989342,0.00072793064917,0.0266,0.0527,0.0266,0.053,Calculado
2026-04-10,LFT,2026-04-10,210100,2000-07-01,2029-09-01,0.0547,0.0523,0.0536,18740.105393,0.00044767102877,0.0361,0.0647,0.0354,0.0652,Calculado
2026-04-10,LFT,2026-04-10,210100,2000-07-01,2030-03-01,0.0658,0.0631,0.064,18727.73332,0.00037603656737,0.0458,0.0768,0.0458,0.0764,Calculado
2026-04-10,LFT,2026-04-10,210100,2000-07-01,2030-06-01,0.0692,0.0658,0.0673,18722.251308,0.00024685149382,0.0548,0.0778,0.0546,0.0775,Calculado
2026-04-10,LFT,2026-04-10,210100,2000-07-01,2030-09-01,0.0753,0.0717,0.0733,18714.15971,0.00029359635556,0.0604,0.0826,0.0601,0.0824,Calculado
2026-04-10,LFT,2026-04-10,210100,2000-07-01,2030-12-01,0.0759,0.0722,0.0738,18710.292263,0.00024064182928,0.0614,0.0933,0.0612,0.0928,Calculado
2026-04-10,LFT,2026-04-10,210100,2000-07-01,2031-03-01,0.088,0.0841,0.0857,18696.174207,0.00044475886725,0.0708,0.0952,0.0704,0.0949,Calculado
2026-04-10,LFT,2026-04-10,210100,2000-07-01,2031-06-01,0.0926,0.0893,0.091,18687.200229,0.0002093072144,0.0749,0.1021,0.0762,0.1001,Calculado
2026-04-10,LFT,2026-04-10,210100,2000-07-01,2031-09-01,0.0974,0.0937,0.0952,18678.676828,0.0008139859274,0.0834,0.1053,0.0833,0.1045,Calculado
2026-04-10,LFT,2026-04-10,210100,2000-07-01,2031-12-01,0.1012,0.0983,0.0993,18669.890591,0.00062989260989,0.0882,0.1111,0.0878,0.1106,Calculado
2026-04-10,LFT,2026-04-10,210100,2000-07-01,2032-03-01,0.1069,0.1057,0.1062,18657.875224,0.00012018502403,0.0931,0.1159,0.092,0.116,Calculado
2026-04-10,LFT,2026-04-10,210100,2000-07-01,2032-06-01,0.1099,0.1086,0.1093,18649.408145,0.000282712681,0.0966,0.1222,0.0963,0.1215,Calculado
2026-04-10,NTN-B,2026-04-10,760199,2000-07-15,2026-08-15,8.7613,8.7273,8.7428,4666.778824,0.00650552878327,8.251,9.5293,8.2156,9.5044,Calculado
2026-04-10,NTN-B,2026-04-10,760199,2000-07-15,2027-05-15,7.8902,7.8619,7.8759,4695.42738,0.00403713551915,7.5631,8.1613,7.5918,8.1888,Calculado
2026-04-10,NTN-B,2026-04-10,760199,2000-07-15,2028-08-15,7.7821,7.7557,7.7671,4544.926779,0.00504594689627,7.3609,8.0532,7.422,8.1143,Calculado
2026-04-10,NTN-B,2026-04-10,760199,2000-07-15,2029-05-15,7.7142,7.6852,7.7014,4579.708311,0.00203622170207,7.2981,7.9658,7.3549,8.0231,Calculado
2026-04-10,NTN-B,2026-04-10,760199,2000-07-15,2030-08-15,7.7431,7.7145,7.731,4434.948623,0.00171395654846,7.3659,7.9615,7.4139,8.0097,Calculado
2026-04-10,NTN-B,2026-04-10,760199,2000-07-15,2031-05-15,7.6798,7.6512,7.665,4478.406867,0.00471191958123,7.3295,7.8913,7.3664,7.9283,Calculado
2026-04-10,NTN-B,2026-04-10,760199,2000-07-15,2032-08-15,7.6433,7.6102,7.6282,4353.310973,0.00797699260749,7.3354,7.8648,7.3435,7.8731,Calculado
2026-04-10,NTN-B,2026-04-10,760199,2000-07-15,2033-05-15,7.6188,7.5883,7.6009,4397.57668,0.00208813131532,7.33,7.8371,7.3309,7.8381,Calculado
2026-04-10,NTN-B,2026-04-10,760199,2000-07-15,2035-05-15,7.4644,7.4347,7.45,4363.99934,0,7.2336,7.6931,7.2135,7.6732,Calculado
2026-04-10,NTN-B,2026-04-10,760199,2000-07-15,2037-05-15,7.3823,7.3495,7.3668,4329.465181,0.00302836517943,7.1787,7.6045,7.1555,7.5814,Calculado
2026-04-10,NTN-B,2026-04-10,760199,2000-07-15,2040-08-15,7.2313,7.2012,7.2171,4235.234862,0.00472531178019,7.0832,7.4719,7.0334,7.4223,Calculado
2026-04-10,NTN-B,2026-04-10,760199,2000-07-15,2045-05-15,7.1268,7.0943,7.1084,4274.805155,0.00200847546164,6.9893,7.3556,6.9477,7.3143,Calculado
2026-04-10,NTN-B,2026-04-10,760199,2000-07-15,2050-08-15,7.0507,7.0253,7.0397,4181.064915,0.00063881783788,6.9379,7.2992,6.8838,7.2457,Calculado
2026-04-10,NTN-B,2026-04-10,760199,2000-07-15,2055-05-15,7.0334,7.006,7.0155,4228.691155,0.00365583504278,6.9127,7.2728,6.8606,7.2213,Calculado
2026-04-10,NTN-B,2026-04-10,760199,2000-07-15,2060-08-15,7.0116,6.9844,6.9956,4142.106052,0.00534166016515,6.8968,7.2564,6.8413,7.2016,Calculado
2026-04-10,NTN-F,2026-04-10,950199,2016-01-15,2027-01-01,13.9267,13.8811,13.912,1002.082965,0.00823650857585,13.5009,14.141,13.6336,14.2709,Calculado
2026-04-10,NTN-F,2026-04-10,950199,2018-01-05,2029-01-01,13.4504,13.4195,13.4309,956.289597,0.00196671478105,12.8828,13.9029,12.9505,13.9705,Calculado
2026-04-10,NTN-F,2026-04-10,950199,2020-01-10,2031-01-01,13.6089,13.5962,13.603,912.639766,0,13.2105,14.1898,13.165,14.1447,Calculado
2026-04-10,NTN-F,2026-04-10,950199,2022-01-07,2033-01-01,13.657,13.6442,13.6509,878.920543,0.00108435848777,13.2936,14.2692,13.2052,14.1819,Calculado
2026-04-10,NTN-F,2026-04-10,950199,2024-01-05,2035-01-01,13.6611,13.6457,13.653,854.703059,0,13.339,14.3059,13.2087,14.1775,Calculado
2026-04-10,NTN-F,2026-04-10,950199,2026-01-09,2037-01-01,13.6779,13.6646,13.6709,834.780319,0.00065297851419,13.3779,14.3406,13.2289,14.1942,Calculado
2026-04-15,LTN,2026-04-15,100000,2023-01-06,2026-07-01,14.1695,14.1095,14.1361,973.085057,0.00028946709658,14.0227,14.3586,14.0011,14.3338,Calculado
2026-04-15,LTN,2026-04-15,100000,2024-07-05,2026-10-01,14.0067,13.9374,13.9685,941.099653,0.00298953302039,13.8066,14.2457,13.7882,14.2247,Calculado
2026-04-15,LTN,2026-04-15,100000,2025-01-10,2027-04-01,13.7209,13.6716,13.6954,885.386165,0.00403116535384,13.375,14.1514,13.3386,14.1131,Calculado
2026-04-15,LTN,2026-04-15,100000,2023-07-07,2027-07-01,13.518,13.503,13.5097,859.108038,0.00343319323371,13.1219,14.0112,13.0872,13.9753,Calculado
2026-04-15,LTN,2026-04-15,100000,2025-07-04,2027-10-01,13.4626,13.45,13.4566,832.048641,0.00158864434031,13.0441,13.9979,13.0008,13.9539,Calculado
2026-04-15,LTN,2026-04-15,100000,2024-01-05,2028-01-01,13.3234,13.3076,13.316,807.904808,0.00390612473559,12.8898,13.8775,12.8408,13.8281,Calculado
2026-04-15,LTN,2026-04-15,100000,2026-01-09,2028-04-01,13.2722,13.2597,13.2673,783.704986,0.00085440036868,12.8074,13.8087,12.7815,13.7826,Calculado
2026-04-15,LTN,2026-04-15,100000,2024-07-05,2028-07-01,13.2461,13.2318,13.239,760.841953,0,12.7592,13.7754,12.7491,13.7648,Calculado
2026-04-15,LTN,2026-04-15,100000,2022-02-11,2029-01-01,13.2811,13.2691,13.2755,715.069762,0.00156855056342,12.7711,13.8103,12.7846,13.8237,Calculado
2026-04-15,LTN,2026-04-15,100000,2025-07-04,2029-07-01,13.3407,13.3282,13.3345,671.413941,0,12.8195,13.8577,12.8485,13.8867,Calculado
2026-04-15,LTN,2026-04-15,100000,2024-01-05,2030-01-01,13.3568,13.3444,13.351,630.655867,0.00088459953086,12.8503,13.8738,12.8795,13.9033,Calculado
2026-04-15,LTN,2026-04-15,100000,2025-01-10,2032-01-01,13.55,13.5387,13.5441,486.120612,0.00054295055944,13.0294,14.034,13.0829,14.0876,Calculado
2026-04-15,NTN-C,2026-04-15,770100,2000-07-01,2031-01-01,8.1931,8.0042,8.0737,7684.217462,0.04372566336089,7.5833,8.5836,7.573,8.5765,Calculado
2026-04-15,LFT,2026-04-15,210100,2000-07-01,2026-09-01,0.0022,-0.0173,-0.0016,18804.704388,0.00153144811535,-0.0333,0.0253,-0.0324,0.0261,Calculado
2026-04-15,LFT,2026-04-15,210100,2000-07-01,2027-03-01,0.0118,0.0092,0.0108,18802.842733,0.00029132330837,-0.0167,0.0245,-0.0158,0.0245,Calculado
2026-04-15,LFT,2026-04-15,210100,2000-07-01,2027-09-01,0.0134,0.01,0.0122,18801.432389,0.00109715207697,-0.0013,0.027,-0.0013,0.0275,Calculado
2026-04-15,LFT,2026-04-15,210100,2000-07-01,2028-03-01,0.0176,0.0142,0.0157,18799.081815,0.00040293042824,0.0042,0.0425,0.0043,0.043,Calculado
2026-04-15,LFT,2026-04-15,210100,2000-07-01,2028-09-01,0.0283,0.0253,0.0261,18792.932714,0.00050477253293,0.0154,0.0506,0.0159,0.0513,Calculado
2026-04-15,LFT,2026-04-15,210100,2000-07-01,2029-03-01,0.0443,0.0405,0.0425,18781.838005,0.00070574086604,0.027,0.0537,0.0273,0.0549,Calculado
2026-04-15,LFT,2026-04-15,210100,2000-07-01,2029-09-01,0.0562,0.054,0.054,18770.498836,0.0006126105288,0.0356,0.0654,0.0368,0.0659,Calculado
2026-04-15,LFT,2026-04-15,210100,2000-07-01,2030-03-01,0.0685,0.0659,0.0664,18756.639852,0.00106495111155,0.0455,0.0768,0.0449,0.079,Calculado
2026-04-15,LFT,2026-04-15,210100,2000-07-01,2030-06-01,0.0713,0.068,0.0685,18751.976313,0.00104262112486,0.0546,0.0775,0.0552,0.0784,Calculado
2026-04-15,LFT,2026-04-15,210100,2000-07-01,2030-09-01,0.0761,0.073,0.074,18744.228822,0.0006782761016,0.0597,0.0827,0.0606,0.0832,Calculado
2026-04-15,LFT,2026-04-15,210100,2000-07-01,2030-12-01,0.0761,0.072,0.074,18740.768777,0,0.0613,0.0927,0.0613,0.0937,Calculado
2026-04-15,LFT,2026-04-15,210100,2000-07-01,2031-03-01,0.0871,0.0838,0.0856,18726.909793,0.00036865487926,0.0702,0.0949,0.0712,0.0948,Calculado
2026-04-15,LFT,2026-04-15,210100,2000-07-01,2031-06-01,0.0921,0.0888,0.0906,18718.222071,0.00036335400094,0.0764,0.0998,0.077,0.0998,Calculado
2026-04-15,LFT,2026-04-15,210100,2000-07-01,2031-09-01,0.0971,0.0934,0.0953,18709.214672,0.00020934067928,0.0831,0.1048,0.0834,0.1047,Calculado
2026-04-15,LFT,2026-04-15,210100,2000-07-01,2031-12-01,0.1026,0.0973,0.0991,18700.733801,0.00023701573787,0.0876,0.1109,0.0876,0.1107,Calculado
2026-04-15,LFT,2026-04-15,210100,2000-07-01,2032-03-01,0.1076,0.1054,0.1059,18688.830495,0.00009154747402,0.0922,0.1159,0.0918,0.1157,Calculado
2026-04-15,LFT,2026-04-15,210100,2000-07-01,2032-06-01,0.1099,0.1064,0.1093,18680.029946,0.00028722811492,0.0958,0.1222,0.0954,0.1215,Calculado
2026-04-15,NTN-B,2026-04-15,760199,2000-07-15,2026-08-15,8.6458,8.6177,8.63,4678.927718,0.00018856176707,8.1594,9.4694,8.0903,9.411,Calculado
2026-04-15,NTN-B,2026-04-15,760199,2000-07-15,2027-05-15,7.8199,7.7899,7.803,4708.822527,0.00410132752167,7.5578,8.1524,7.5201,8.1135,Calculado
2026-04-15,NTN-B,2026-04-15,760199,2000-07-15,2028-08-15,7.6935,7.6654,7.68,4562.703882,0,7.3451,8.0377,7.3352,8.0279,Calculado
2026-04-15,NTN-B,2026-04-15,760199,2000-07-15,2029-05-15,7.5956,7.5679,7.58,4603.800481,0.00024253560563,7.2638,7.9328,7.2335,7.9029,Calculado
2026-04-15,NTN-B,2026-04-15,760199,2000-07-15,2030-08-15,7.6325,7.6062,7.62,4461.892438,0,7.323,7.9192,7.3026,7.899,Calculado
2026-04-15,NTN-B,2026-04-15,760199,2000-07-15,2031-05-15,7.5763,7.5434,7.5553,4507.620232,0.00578655428731,7.2736,7.8358,7.2566,7.8188,Calculado
2026-04-15,NTN-B,2026-04-15,760199,2000-07-15,2032-08-15,7.5491,7.5194,7.5302,4383.470556,0.00073264227287,7.2491,7.7789,7.2452,7.7752,Calculado
2026-04-15,NTN-B,2026-04-15,760199,2000-07-15,2033-05-15,7.5131,7.4817,7.4951,4431.455532,0.00506480941004,7.2345,7.7419,7.2248,7.7323,Calculado
2026-04-15,NTN-B,2026-04-15,760199,2000-07-15,2035-05-15,7.3847,7.3555,7.3699,4395.499513,0.00029555529094,7.1334,7.5932,7.1332,7.5931,Calculado
2026-04-15,NTN-B,2026-04-15,760199,2000-07-15,2037-05-15,7.3273,7.294,7.3081,4357.230233,0.00212503869847,7.0986,7.5246,7.0967,7.5227,Calculado
2026-04-15,NTN-B,2026-04-15,760199,2000-07-15,2040-08-15,7.1886,7.1544,7.17,4261.69022,0,6.9864,7.3751,6.9864,7.375,Calculado
2026-04-15,NTN-B,2026-04-15,760199,2000-07-15,2045-05-15,7.1087,7.0771,7.0914,4291.047604,0.00209318105285,6.923,7.2892,6.9308,7.297,Calculado
2026-04-15,NTN-B,2026-04-15,760199,2000-07-15,2050-08-15,7.0373,7.007,7.0201,4199.148057,0.00032338081267,6.8646,7.2258,6.8646,7.2256,Calculado
2026-04-15,NTN-B,2026-04-15,760199,2000-07-15,2055-05-15,7.0232,6.9946,7.007,4241.74477,0.00356012168331,6.8538,7.2136,6.8526,7.2122,Calculado
2026-04-15,NTN-B,2026-04-15,760199,2000-07-15,2060-08-15,7.0129,6.9813,6.9954,4150.737814,0.00335172069391,6.8383,7.1975,6.8416,7.2006,Calculado
2026-04-15,NTN-F,2026-04-15,950199,2016-01-15,2027-01-01,13.8314,13.7767,13.8079,1004.26817,0.00184067792674,13.5674,14.1989,13.5351,14.1637,Calculado
2026-04-15,NTN-F,2026-04-15,950199,2018-01-05,2029-01-01,13.2896,13.2677,13.2784,960.758521,0.00099388606993,12.7853,13.8053,12.7979,13.8177,Calculado
2026-04-15,NTN-F,2026-04-15,950199,2020-01-10,2031-01-01,13.5274,13.5144,13.5215,916.448894,0.00151223083555,13.037,14.0167,13.0835,14.063,Calculado
2026-04-15,NTN-F,2026-04-15,950199,2022-01-07,2033-01-01,13.6283,13.6154,13.6226,881.300722,0.00088215792237,13.1254,14.1018,13.1771,14.1533,Calculado
2026-04-15,NTN-F,2026-04-15,950199,2024-01-05,2035-01-01,13.6691,13.6454,13.6554,855.90593,0.00342126989727,13.1602,14.1282,13.2116,14.1791,Calculado
2026-04-15,NTN-F,2026-04-15,950199,2026-01-09,2037-01-01,13.7,13.6835,13.6913,835.130504,0.00214110426649,13.1935,14.1575,13.2501,14.2135,Calculado
2026-04-16,LTN,2026-04-16,100000,2023-01-06,2026-07-01,14.2623,14.1299,14.2005,973.484619,0.02803047128127,14.0011,14.3338,14.0655,14.3949,Calculado
2026-04-16,LTN,2026-04-16,100000,2024-07-05,2026-10-01,14.1083,14.0918,14.0999,941.088773,0.00002773481567,13.7882,14.2247,13.9199,14.3538,Calculado
2026-04-16,LTN,2026-04-16,100000,2025-01-10,2027-04-01,13.848,13.8098,13.8228,884.90079,0.00921847569341,13.3386,14.1131,13.4669,14.2394,Calculado
2026-04-16,LTN,2026-04-16,100000,2023-07-07,2027-07-01,13.6531,13.6399,13.647,858.299944,0,13.0872,13.9753,13.225,14.1119,Calculado
2026-04-16,LTN,2026-04-16,100000,2025-07-04,2027-10-01,13.5981,13.5866,13.5918,831.026931,0.00047207746186,13.0008,13.9539,13.1364,14.0886,Calculado
2026-04-16,LTN,2026-04-16,100000,2024-01-05,2028-01-01,13.468,13.4557,13.4608,806.55035,0.0017077677184,12.8408,13.8281,12.9858,13.9728,Calculado
2026-04-16,LTN,2026-04-16,100000,2026-01-09,2028-04-01,13.4208,13.408,13.4145,782.10687,0.0011423659615,12.7815,13.7826,12.9288,13.9298,Calculado
2026-04-16,LTN,2026-04-16,100000,2024-07-05,2028-07-01,13.3849,13.3723,13.379,759.156282,0,12.7491,13.7648,12.8891,13.9044,Calculado
2026-04-16,LTN,2026-04-16,100000,2022-02-11,2029-01-01,13.4061,13.394,13.3994,713.325531,0.00093028951945,12.7846,13.8237,12.9086,13.9476,Calculado
2026-04-16,LTN,2026-04-16,100000,2025-07-04,2029-07-01,13.4502,13.4391,13.4453,669.664337,0.00027493313733,12.8485,13.8867,12.9593,13.9976,Calculado
2026-04-16,LTN,2026-04-16,100000,2024-01-05,2030-01-01,13.4658,13.454,13.4605,628.734825,0.00013867497972,12.8795,13.9033,12.989,14.0129,Calculado
2026-04-16,LTN,2026-04-16,100000,2025-01-10,2032-01-01,13.6148,13.6029,13.6092,484.786332,0.000483857045,13.0829,14.0876,13.1481,14.1527,Calculado
2026-04-16,NTN-C,2026-04-16,770100,2000-07-01,2031-01-01,8.1855,7.9486,8.0641,7695.248073,0.09869637459887,7.573,8.5765,7.503,8.5067,Calculado
2026-04-16,LFT,2026-04-16,210100,2000-07-01,2026-09-01,0.0017,-0.0031,-0.0008,18814.852505,0.00091932946216,-0.0324,0.0261,-0.032,0.0269,Calculado
2026-04-16,LFT,2026-04-16,210100,2000-07-01,2027-03-01,0.0118,0.0091,0.0108,18813.046284,0,-0.0158,0.0245,-0.0155,0.0247,Calculado
2026-04-16,LFT,2026-04-16,210100,2000-07-01,2027-09-01,0.0135,0.012,0.0128,18811.484656,0.00033310039027,-0.0013,0.0275,-0.0012,0.0282,Calculado
2026-04-16,LFT,2026-04-16,210100,2000-07-01,2028-03-01,0.0174,0.016,0.0166,18808.982289,0.00017337378695,0.0043,0.043,0.005,0.0439,Calculado
2026-04-16,LFT,2026-04-16,210100,2000-07-01,2028-09-01,0.0285,0.0262,0.0269,18802.811035,0.00087053790842,0.0159,0.0513,0.0166,0.0529,Calculado
2026-04-16,LFT,2026-04-16,210100,2000-07-01,2029-03-01,0.0445,0.0427,0.044,18791.258751,0.00046773060623,0.0273,0.0549,0.0285,0.0565,Calculado
2026-04-16,LFT,2026-04-16,210100,2000-07-01,2029-09-01,0.0571,0.0539,0.0554,18779.838169,0.00053455740571,0.0368,0.0659,0.0383,0.0674,Calculado
2026-04-16,LFT,2026-04-16,210100,2000-07-01,2030-03-01,0.0692,0.0666,0.0677,18765.934035,0.00063660146874,0.0449,0.079,0.0465,0.0804,Calculado
2026-04-16,LFT,2026-04-16,210100,2000-07-01,2030-06-01,0.0732,0.0699,0.0715,18759.894486,0.00034737106961,0.0552,0.0784,0.0549,0.0816,Calculado
2026-04-16,LFT,2026-04-16,210100,2000-07-01,2030-09-01,0.0785,0.0745,0.0755,18753.234048,0.00041226002717,0.0606,0.0832,0.0615,0.0849,Calculado
2026-04-16,LFT,2026-04-16,210100,2000-07-01,2030-12-01,0.0768,0.0729,0.0751,18750.054347,0.00036813557285,0.0613,0.0937,0.0622,0.0951,Calculado
2026-04-16,LFT,2026-04-16,210100,2000-07-01,2031-03-01,0.086,0.0842,0.0855,18737.222656,0.00044505074992,0.0712,0.0948,0.0729,0.0949,Calculado
2026-04-16,LFT,2026-04-16,210100,2000-07-01,2031-06-01,0.0911,0.0894,0.0906,18728.436147,0.00059662794102,0.077,0.0998,0.0781,0.1,Calculado
2026-04-16,LFT,2026-04-16,210100,2000-07-01,2031-09-01,0.0969,0.0934,0.0954,18719.3486,0.00041191405657,0.0834,0.1047,0.0838,0.105,Calculado
2026-04-16,LFT,2026-04-16,210100,2000-07-01,2031-12-01,0.101,0.0977,0.0992,18710.844312,0.00026912164536,0.0876,0.1107,0.0875,0.1108,Calculado
2026-04-16,LFT,2026-04-16,210100,2000-07-01,2032-03-01,0.106,0.1046,0.1055,18699.49899,0.00033924579585,0.0918,0.1157,0.0913,0.1155,Calculado
2026-04-16,LFT,2026-04-16,210100,2000-07-01,2032-06-01,0.1103,0.1082,0.1092,18690.354999,0.00032938840295,0.0954,0.1215,0.0951,0.1203,Calculado
2026-04-16,NTN-B,2026-04-16,760199,2000-07-15,2026-08-15,8.7225,8.687,8.7057,4680.962222,0.00694173026269,8.0903,9.411,8.1626,9.4941,Calculado
2026-04-16,NTN-B,2026-04-16,760199,2000-07-15,2027-05-15,7.8626,7.8382,7.85,4709.721826,0,7.5201,8.1135,7.5675,8.1598,Calculado
2026-04-16,NTN-B,2026-04-16,760199,2000-07-15,2028-08-15,7.7566,7.7277,7.7462,4559.491226,0.00409843175495,7.3352,8.0279,7.4014,8.0943,Calculado
2026-04-16,NTN-B,2026-04-16,760199,2000-07-15,2029-05-15,7.6542,7.6262,7.6375,4599.919227,0.00736404774088,7.2335,7.9029,7.2909,7.9608,Calculado
2026-04-16,NTN-B,2026-04-16,760199,2000-07-15,2030-08-15,7.673,7.6473,7.66,4458.411875,0.00026726123924,7.3026,7.899,7.3425,7.9391,Calculado
2026-04-16,NTN-B,2026-04-16,760199,2000-07-15,2031-05-15,7.6046,7.576,7.5876,4504.650699,0.0046741436681,7.2566,7.8188,7.2889,7.8512,Calculado
2026-04-16,NTN-B,2026-04-16,760199,2000-07-15,2032-08-15,7.5694,7.538,7.5485,4382.310184,0.00587433982844,7.2452,7.7752,7.2634,7.7935,Calculado
2026-04-16,NTN-B,2026-04-16,760199,2000-07-15,2033-05-15,7.5335,7.5032,7.5155,4429.483976,0.00799566440892,7.2248,7.7323,7.2451,7.7528,Calculado
2026-04-16,NTN-B,2026-04-16,760199,2000-07-15,2035-05-15,7.4054,7.3691,7.385,4394.015979,0.00993746681705,7.1332,7.5931,7.1483,7.6082,Calculado
2026-04-16,NTN-B,2026-04-16,760199,2000-07-15,2037-05-15,7.3378,7.3039,7.319,4356.448979,0.00807982362246,7.0967,7.5227,7.1075,7.5336,Calculado
2026-04-16,NTN-B,2026-04-16,760199,2000-07-15,2040-08-15,7.186,7.1498,7.1659,4265.84594,0.00849598835745,6.9864,7.375,6.9822,7.371,Calculado
2026-04-16,NTN-B,2026-04-16,760199,2000-07-15,2045-05-15,7.1046,7.0765,7.0885,4294.932784,0.00235807124574,6.9308,7.297,6.9278,7.2942,Calculado
2026-04-16,NTN-B,2026-04-16,760199,2000-07-15,2050-08-15,7.0363,7.004,7.02,4201.749234,0,6.8646,7.2256,6.8643,7.2257,Calculado
2026-04-16,NTN-B,2026-04-16,760199,2000-07-15,2055-05-15,7.0237,6.9943,7.0078,4243.9116,0.00244374809463,6.8526,7.2122,6.8532,7.2132,Calculado
2026-04-16,NTN-B,2026-04-16,760199,2000-07-15,2060-08-15,7.014,6.9821,6.9973,4152.252047,0.00578938308544,6.8416,7.2006,6.8433,7.2028,Calculado
2026-04-16,NTN-F,2026-04-16,950199,2016-01-15,2027-01-01,13.9249,13.8618,13.8968,1004.248429,0.0134865810497,13.5351,14.1637,13.6254,14.251,Calculado
2026-04-16,NTN-F,2026-04-16,950199,2018-01-05,2029-01-01,13.4097,13.3928,13.4017,958.783405,0.001632276778,12.7979,13.8177,12.9213,13.941,Calculado
2026-04-16,NTN-F,2026-04-16,950199,2020-01-10,2031-01-01,13.6104,13.5978,13.6047,914.438821,0.00118303801291,13.0835,14.063,13.1668,14.1463,Calculado
2026-04-16,NTN-F,2026-04-16,950199,2022-01-07,2033-01-01,13.6871,13.6752,13.6818,879.574146,0.00051053233982,13.1771,14.1533,13.2363,14.2127,Calculado
2026-04-16,NTN-F,2026-04-16,950199,2024-01-05,2035-01-01,13.7084,13.6928,13.7019,854.400964,0.00006399398409,13.2116,14.1791,13.2578,14.226,Calculado
2026-04-16,NTN-F,2026-04-16,950199,2026-01-09,2037-01-01,13.7328,13.7214,13.7278,833.906464,0.00050823286985,13.2501,14.2135,13.2862,14.2505,Calculado
2026-04-17,LTN,2026-04-17,100000,2023-01-06,2026-07-01,14.2588,14.1959,14.2333,973.942213,0.01273486029213,14.0655,14.3949,14.1021,14.4282,Calculado
2026-04-17,LTN,2026-04-17,100000,2024-07-05,2026-10-01,14.0011,13.9739,13.9925,941.986232,0.00589963164867,13.9199,14.3538,13.815,14.2462,Calculado
2026-04-17,LTN,2026-04-17,100000,2025-01-10,2027-04-01,13.6403,13.61,13.624,886.812316,0,13.4669,14.2394,13.2696,14.04,Calculado
2026-04-17,LTN,2026-04-17,100000,2023-07-07,2027-07-01,13.431,13.4165,13.4242,860.744263,0.00165771278875,13.225,14.1119,13.003,13.8886,Calculado
2026-04-17,LTN,2026-04-17,100000,2025-07-04,2027-10-01,13.3557,13.3423,13.3485,834.033504,0.00172433561988,13.1364,14.0886,12.8935,13.8449,Calculado
2026-04-17,LTN,2026-04-17,100000,2024-01-05,2028-01-01,13.2275,13.2134,13.2196,809.876583,0.00022774573542,12.9858,13.9728,12.7447,13.7314,Calculado
2026-04-17,LTN,2026-04-17,100000,2026-01-09,2028-04-01,13.1854,13.1718,13.1786,785.678594,0.00022614784987,12.9288,13.9298,12.6929,13.6938,Calculado
2026-04-17,LTN,2026-04-17,100000,2024-07-05,2028-07-01,13.1635,13.15,13.157,762.802515,0,12.8891,13.9044,12.667,13.6818,Calculado
2026-04-17,LTN,2026-04-17,100000,2022-02-11,2029-01-01,13.2091,13.1967,13.2021,717.023205,0.00093586747994,12.9086,13.9476,12.7112,13.7501,Calculado
2026-04-17,LTN,2026-04-17,100000,2025-07-04,2029-07-01,13.2736,13.2617,13.2683,673.329058,0.00020655909566,12.9593,13.9976,12.782,13.8205,Calculado
2026-04-17,LTN,2026-04-17,100000,2024-01-05,2030-01-01,13.3133,13.3008,13.3077,632.16939,0.00051105426326,12.989,14.0129,12.8359,13.86,Calculado
2026-04-17,LTN,2026-04-17,100000,2025-01-10,2032-01-01,13.5016,13.4904,13.4965,487.769332,0.00077614092148,13.1481,14.1527,13.0354,14.04,Calculado
2026-04-17,NTN-C,2026-04-17,770100,2000-07-01,2031-01-01,8.1548,7.9373,8.0582,7705.320118,0.01784501175231,7.503,8.5067,7.5653,8.5726,Calculado
2026-04-17,LFT,2026-04-17,210100,2000-07-01,2026-09-01,0.0026,-0.0102,-0.0006,18825.043748,0.0024617216577,-0.032,0.0269,-0.0321,0.027,Calculado
2026-04-17,LFT,2026-04-17,210100,2000-07-01,2027-03-01,0.0113,0.0089,0.0103,18823.349497,0.00066647055449,-0.0155,0.0247,-0.015,0.0244,Calculado
2026-04-17,LFT,2026-04-17,210100,2000-07-01,2027-09-01,0.0157,0.0127,0.0136,18821.504646,0.00067475485178,-0.0012,0.0282,-0.0018,0.0291,Calculado
2026-04-17,LFT,2026-04-17,210100,2000-07-01,2028-03-01,0.0183,0.0156,0.0168,18819.132696,0.00027123281512,0.005,0.0439,0.0051,0.0442,Calculado
2026-04-17,LFT,2026-04-17,210100,2000-07-01,2028-09-01,0.0289,0.0258,0.0271,18812.939269,0.00052937124025,0.0166,0.0529,0.0167,0.0533,Calculado
2026-04-17,LFT,2026-04-17,210100,2000-07-01,2029-03-01,0.0459,0.0424,0.044,18801.47484,0.00006831295631,0.0285,0.0565,0.029,0.0566,Calculado
2026-04-17,LFT,2026-04-17,210100,2000-07-01,2029-09-01,0.0574,0.0541,0.0555,18790.010411,0.00045531300223,0.0383,0.0674,0.0387,0.0675,Calculado
2026-04-17,LFT,2026-04-17,210100,2000-07-01,2030-03-01,0.0697,0.0664,0.0679,18776.023432,0.00014978614756,0.0465,0.0804,0.0467,0.0806,Calculado
2026-04-17,LFT,2026-04-17,210100,2000-07-01,2030-06-01,0.0731,0.0706,0.0719,18769.830005,0.0006428190803,0.0549,0.0816,0.0547,0.0821,Calculado
2026-04-17,LFT,2026-04-17,210100,2000-07-01,2030-09-01,0.0772,0.0739,0.0755,18763.467153,0,0.0615,0.0849,0.0616,0.085,Calculado
2026-04-17,LFT,2026-04-17,210100,2000-07-01,2030-12-01,0.0771,0.0747,0.0755,18759.928051,0.00055561987006,0.0622,0.0951,0.0625,0.095,Calculado
2026-04-17,LFT,2026-04-17,210100,2000-07-01,2031-03-01,0.0868,0.0836,0.0855,18747.465897,0,0.0729,0.0949,0.0729,0.0951,Calculado
2026-04-17,LFT,2026-04-17,210100,2000-07-01,2031-06-01,0.0924,0.0888,0.0905,18738.768745,0.000046880593,0.0781,0.1,0.078,0.1,Calculado
2026-04-17,LFT,2026-04-17,210100,2000-07-01,2031-09-01,0.0972,0.0938,0.0954,18729.582142,0.00006191381106,0.0838,0.105,0.0835,0.1051,Calculado
2026-04-17,LFT,2026-04-17,210100,2000-07-01,2031-12-01,0.101,0.0977,0.0992,18721.073239,0.0002585150866,0.0875,0.1108,0.0874,0.1106,Calculado
2026-04-17,LFT,2026-04-17,210100,2000-07-01,2032-03-01,0.1059,0.1043,0.1049,18710.36181,0.00008837143204,0.0913,0.1155,0.0913,0.1151,Calculado
2026-04-17,LFT,2026-04-17,210100,2000-07-01,2032-06-01,0.11,0.108,0.1089,18700.930482,0.00004258145136,0.0951,0.1203,0.0947,0.12,Calculado
2026-04-17,NTN-B,2026-04-17,760199,2000-07-15,2026-08-15,8.9428,8.9107,8.9298,4680.925912,0.00042499998824,8.1626,9.4941,8.3838,9.7261,Calculado
2026-04-17,NTN-B,2026-04-17,760199,2000-07-15,2027-05-15,7.9128,7.8817,7.8987,4710.560402,0.00754002020886,7.5675,8.1598,7.617,8.2081,Calculado
2026-04-17,NTN-B,2026-04-17,760199,2000-07-15,2028-08-15,7.7517,7.7264,7.7365,4563.281151,0.00449242748968,7.4014,8.0943,7.3919,8.0849,Calculado
2026-04-17,NTN-B,2026-04-17,760199,2000-07-15,2029-05-15,7.6288,7.6034,7.616,4605.354924,0.00421347046032,7.2909,7.9608,7.2694,7.9397,Calculado
2026-04-17,NTN-B,2026-04-17,760199,2000-07-15,2030-08-15,7.646,7.618,7.63,4465.946093,0,7.3425,7.9391,7.3124,7.9092,Calculado
2026-04-17,NTN-B,2026-04-17,760199,2000-07-15,2031-05-15,7.567,7.5415,7.5557,4513.210695,0.00538898186395,7.2889,7.8512,7.2569,7.8194,Calculado
2026-04-17,NTN-B,2026-04-17,760199,2000-07-15,2032-08-15,7.5256,7.4973,7.51,4393.293193,0,7.2634,7.7935,7.2248,7.7551,Calculado
2026-04-17,NTN-B,2026-04-17,760199,2000-07-15,2033-05-15,7.4983,7.4726,7.4845,4439.468189,0.00619331436631,7.2451,7.7528,7.214,7.7219,Calculado
2026-04-17,NTN-B,2026-04-17,760199,2000-07-15,2035-05-15,7.3737,7.3471,7.36,4403.730968,0,7.1483,7.6082,7.1232,7.5832,Calculado
2026-04-17,NTN-B,2026-04-17,760199,2000-07-15,2037-05-15,7.312,7.2852,7.2991,4365.496537,0.00164192156329,7.1075,7.5336,7.0876,7.5137,Calculado
2026-04-17,NTN-B,2026-04-17,760199,2000-07-15,2040-08-15,7.168,7.1275,7.15,4274.441914,0,6.9822,7.371,6.9663,7.3551,Calculado
2026-04-17,NTN-B,2026-04-17,760199,2000-07-15,2045-05-15,7.0859,7.0603,7.0755,4303.225295,0.00600416522091,6.9278,7.2942,6.9149,7.2811,Calculado
2026-04-17,NTN-B,2026-04-17,760199,2000-07-15,2050-08-15,7.0267,6.9996,7.011,4208.663355,0.0023763541024,6.8643,7.2257,6.8554,7.2165,Calculado
2026-04-17,NTN-B,2026-04-17,760199,2000-07-15,2055-05-15,7.0295,7.0008,7.0141,4243.278235,0.00357238082376,6.8532,7.2132,6.8596,7.2193,Calculado
2026-04-17,NTN-B,2026-04-17,760199,2000-07-15,2060-08-15,7.014,6.9866,7,4153.3366,0,6.8433,7.2028,6.8462,7.2053,Calculado
2026-04-17,NTN-F,2026-04-17,950199,2016-01-15,2027-01-01,13.7446,13.6935,13.7257,1005.792585,0.01445956612869,13.6254,14.251,13.4568,14.0795,Calculado
2026-04-17,NTN-F,2026-04-17,950199,2018-01-05,2029-01-01,13.2178,13.1964,13.2077,963.117437,0.00047003622201,12.9213,13.941,12.7271,13.7468,Calculado
2026-04-17,NTN-F,2026-04-17,950199,2020-01-10,2031-01-01,13.4807,13.4651,13.4723,918.836924,0.00143938814432,13.1668,14.1463,13.0344,14.0138,Calculado
2026-04-17,NTN-F,2026-04-17,950199,2022-01-07,2033-01-01,13.58,13.5622,13.5713,884.08346,0.00271628185577,13.2363,14.2127,13.1259,14.102,Calculado
2026-04-17,NTN-F,2026-04-17,950199,2024-01-05,2035-01-01,13.601,13.5835,13.5918,859.439224,0.00134048937333,13.2578,14.226,13.1479,14.1156,Calculado
2026-04-17,NTN-F,2026-04-17,950199,2026-01-09,2037-01-01,13.6263,13.6119,13.6188,839.272305,0.00038963851196,13.2862,14.2505,13.1775,14.1412,Calculado
2026-04-20,LTN,2026-04-20,100000,2023-01-06,2026-07-01,14.2742,14.2122,14.2438,974.43924,0.00902680219624,14.1021,14.4282,14.1119,14.4347,Calculado
2026-04-20,LTN,2026-04-20,100000,2024-07-05,2026-10-01,14.0387,13.9918,14.0196,942.37456,0.01053993796898,13.815,14.2462,13.8421,14.2708,Calculado
2026-04-20,LTN,2026-04-20,100000,2025-01-10,2027-04-01,13.7052,13.6552,13.683,886.830657,0.00202359886588,13.2696,14.04,13.3296,14.098,Calculado
2026-04-20,LTN,2026-04-20,100000,2023-07-07,2027-07-01,13.5057,13.4917,13.4988,860.503065,0.00167866270883,13.003,13.8886,13.0783,13.9626,Calculado
2026-04-20,LTN,2026-04-20,100000,2025-07-04,2027-10-01,13.4303,13.4178,13.4234,833.652475,0.00102841968573,12.8935,13.8449,12.9689,13.9195,Calculado
2026-04-20,LTN,2026-04-20,100000,2024-01-05,2028-01-01,13.2933,13.2766,13.2844,809.490506,0.00165890274881,12.7447,13.7314,12.8099,13.7962,Calculado
2026-04-20,LTN,2026-04-20,100000,2026-01-09,2028-04-01,13.2401,13.2247,13.2327,785.334561,0.0035777087626,12.6929,13.6938,12.7473,13.748,Calculado
2026-04-20,LTN,2026-04-20,100000,2024-07-05,2028-07-01,13.2154,13.2031,13.2099,762.397242,0.00026849189932,12.667,13.6818,12.7201,13.7345,Calculado
2026-04-20,LTN,2026-04-20,100000,2022-02-11,2029-01-01,13.2336,13.2215,13.2275,716.945152,0.00086023252089,12.7112,13.7501,12.7367,13.7756,Calculado
2026-04-20,LTN,2026-04-20,100000,2025-07-04,2029-07-01,13.2796,13.2678,13.2735,673.563986,0,12.782,13.8205,12.7873,13.8258,Calculado
2026-04-20,LTN,2026-04-20,100000,2024-01-05,2030-01-01,13.3003,13.2903,13.2949,632.744936,0.0005279136293,12.8359,13.86,12.8231,13.8473,Calculado
2026-04-20,LTN,2026-04-20,100000,2025-01-10,2032-01-01,13.4514,13.4401,13.4453,489.263842,0.00064466132194,13.0354,14.04,12.9842,13.9888,Calculado
2026-04-20,NTN-C,2026-04-20,770100,2000-07-01,2031-01-01,8.1611,7.9211,8.0493,7764.83703,0.0430040049814,7.5653,8.5726,7.5389,8.5464,Calculado
2026-04-20,LFT,2026-04-20,210100,2000-07-01,2026-09-01,0.0013,-0.0071,-0.0006,18835.259346,0.002419799283,-0.0321,0.027,-0.0326,0.027,Calculado
2026-04-20,LFT,2026-04-20,210100,2000-07-01,2027-03-01,0.0112,0.0078,0.0099,18833.620682,0.00039363989889,-0.015,0.0244,-0.0153,0.0244,Calculado
2026-04-20,LFT,2026-04-20,210100,2000-07-01,2027-09-01,0.0145,0.0121,0.0134,18831.77483,0.00045897903002,-0.0018,0.0291,-0.002,0.0291,Calculado
2026-04-20,LFT,2026-04-20,210100,2000-07-01,2028-03-01,0.0178,0.0163,0.0169,18829.307416,0.00021642141761,0.0051,0.0442,0.0049,0.0444,Calculado
2026-04-20,LFT,2026-04-20,210100,2000-07-01,2028-09-01,0.0284,0.0267,0.0273,18823.072958,0.00051092635477,0.0167,0.0533,0.0169,0.0532,Calculado
2026-04-20,LFT,2026-04-20,210100,2000-07-01,2029-03-01,0.0463,0.043,0.0442,18811.602308,0.00037699359411,0.029,0.0566,0.0291,0.0568,Calculado
2026-04-20,LFT,2026-04-20,210100,2000-07-01,2029-09-01,0.0578,0.055,0.0558,18800.056317,0.00043910186745,0.0387,0.0675,0.0387,0.0678,Calculado
2026-04-20,LFT,2026-04-20,210100,2000-07-01,2030-03-01,0.0699,0.0664,0.0679,18786.268934,0.0000650442926,0.0467,0.0806,0.0468,0.0806,Calculado
2026-04-20,LFT,2026-04-20,210100,2000-07-01,2030-06-01,0.074,0.0713,0.0721,18779.921465,0.00056894006714,0.0547,0.0821,0.0546,0.0824,Calculado
2026-04-20,LFT,2026-04-20,210100,2000-07-01,2030-09-01,0.0778,0.0739,0.0755,18773.705842,0.00048158912986,0.0616,0.085,0.0616,0.0851,Calculado
2026-04-20,LFT,2026-04-20,210100,2000-07-01,2030-12-01,0.0772,0.0733,0.0754,18770.258996,0.0003889087168,0.0625,0.095,0.0624,0.095,Calculado
2026-04-20,LFT,2026-04-20,210100,2000-07-01,2031-03-01,0.0858,0.083,0.0849,18758.242125,0.00063094233492,0.0729,0.0951,0.0724,0.0952,Calculado
2026-04-20,LFT,2026-04-20,210100,2000-07-01,2031-06-01,0.0911,0.088,0.09,18749.483746,0.00060524666046,0.078,0.1,0.0779,0.0997,Calculado
2026-04-20,LFT,2026-04-20,210100,2000-07-01,2031-09-01,0.0971,0.0932,0.0952,18740.00963,0.00034664591444,0.0835,0.1051,0.0831,0.1049,Calculado
2026-04-20,LFT,2026-04-20,210100,2000-07-01,2031-12-01,0.0999,0.0974,0.099,18731.514945,0.00012135592281,0.0874,0.1106,0.0872,0.1101,Calculado
2026-04-20,LFT,2026-04-20,210100,2000-07-01,2032-03-01,0.1051,0.1039,0.1044,18721.155573,0.00010600981087,0.0913,0.1151,0.0909,0.1146,Calculado
2026-04-20,LFT,2026-04-20,210100,2000-07-01,2032-06-01,0.1098,0.1071,0.1086,18711.493104,0.00036045313149,0.0947,0.12,0.094,0.1197,Calculado
2026-04-20,NTN-B,2026-04-20,760199,2000-07-15,2026-08-15,8.8872,8.8488,8.8671,4684.97762,0.00449100953684,8.3838,9.7261,8.3166,9.6698,Calculado
2026-04-20,NTN-B,2026-04-20,760199,2000-07-15,2027-05-15,7.915,7.8878,7.9,4713.518143,0,7.617,8.2081,7.6187,8.2117,Calculado
2026-04-20,NTN-B,2026-04-20,760199,2000-07-15,2028-08-15,7.7425,7.715,7.7287,4566.890679,0.00208501598555,7.3919,8.0849,7.3842,8.0773,Calculado
2026-04-20,NTN-B,2026-04-20,760199,2000-07-15,2029-05-15,7.6225,7.597,7.61,4608.964677,0,7.2694,7.9397,7.2634,7.9341,Calculado
2026-04-20,NTN-B,2026-04-20,760199,2000-07-15,2030-08-15,7.6319,7.603,7.6174,4470.748271,0.0032375769875,7.3124,7.9092,7.2997,7.8967,Calculado
2026-04-20,NTN-B,2026-04-20,760199,2000-07-15,2031-05-15,7.5503,7.5153,7.5376,4519.296632,0.00386164222708,7.2569,7.8194,7.2388,7.8014,Calculado
2026-04-20,NTN-B,2026-04-20,760199,2000-07-15,2032-08-15,7.4942,7.4666,7.4832,4401.785086,0.00337604218131,7.2248,7.7551,7.1979,7.7283,Calculado
2026-04-20,NTN-B,2026-04-20,760199,2000-07-15,2033-05-15,7.471,7.4414,7.4578,4448.466922,0.00421549460087,7.214,7.7219,7.1872,7.6952,Calculado
2026-04-20,NTN-B,2026-04-20,760199,2000-07-15,2035-05-15,7.3426,7.3143,7.332,4414.303434,0.00349402851877,7.1232,7.5832,7.0951,7.5553,Calculado
2026-04-20,NTN-B,2026-04-20,760199,2000-07-15,2037-05-15,7.285,7.2492,7.2678,4378.212607,0.00502100849531,7.0876,7.5137,7.0562,7.4824,Calculado
2026-04-20,NTN-B,2026-04-20,760199,2000-07-15,2040-08-15,7.1408,7.107,7.1221,4287.58557,0.00281490394152,6.9663,7.3551,6.9384,7.3272,Calculado
2026-04-20,NTN-B,2026-04-20,760199,2000-07-15,2045-05-15,7.0746,7.0442,7.06,4312.626943,0,6.9149,7.2811,6.8994,7.2656,Calculado
2026-04-20,NTN-B,2026-04-20,760199,2000-07-15,2050-08-15,7.0128,6.98,6.9962,4218.397841,0.00407606252528,6.8554,7.2165,6.8407,7.2017,Calculado
2026-04-20,NTN-B,2026-04-20,760199,2000-07-15,2055-05-15,7.0101,6.9807,6.9929,4256.701365,0.00454459385644,6.8596,7.2193,6.8385,7.1981,Calculado
2026-04-20,NTN-B,2026-04-20,760199,2000-07-15,2060-08-15,6.9934,6.9665,6.98,4166.518739,0,6.8462,7.2053,6.8262,7.1852,Calculado
2026-04-20,NTN-F,2026-04-20,950199,2016-01-15,2027-01-01,13.7998,13.7511,13.7762,1006.004746,0.00634290596888,13.4568,14.0795,13.5086,14.1283,Calculado
2026-04-20,NTN-F,2026-04-20,950199,2018-01-05,2029-01-01,13.243,13.223,13.2339,963.070248,0.00141761242588,12.7271,13.7468,12.7535,13.7731,Calculado
2026-04-20,NTN-F,2026-04-20,950199,2020-01-10,2031-01-01,13.4469,13.4309,13.4387,920.299814,0.00055730443207,13.0344,14.0138,13.0008,13.9804,Calculado
2026-04-20,NTN-F,2026-04-20,950199,2022-01-07,2033-01-01,13.5374,13.5178,13.5254,886.224632,0.00361875394438,13.1259,14.102,13.0798,14.0564,Calculado
2026-04-20,NTN-F,2026-04-20,950199,2024-01-05,2035-01-01,13.5446,13.5309,13.5381,862.131962,0.00144601378624,13.1479,14.1156,13.0939,14.0624,Calculado
2026-04-20,NTN-F,2026-04-20,950199,2026-01-09,2037-01-01,13.5697,13.5557,13.563,842.243922,0,13.1775,14.1412,13.1212,14.0859,Calculado
2026-04-22,LTN,2026-04-22,100000,2023-01-06,2026-07-01,14.2381,14.2033,14.2285,974.979172,0.01165147632577,14.1119,14.4347,14.096,14.4155,Calculado
2026-04-22,LTN,2026-04-22,100000,2024-07-05,2026-10-01,14.0565,14.0175,14.0426,942.780048,0.00964213926782,13.8421,14.2708,13.8652,14.2911,Calculado
2026-04-22,LTN,2026-04-22,100000,2025-01-10,2027-04-01,13.7791,13.7384,13.7592,886.727831,0.00258414580084,13.3296,14.098,13.4065,14.173,Calculado
2026-04-22,LTN,2026-04-22,100000,2023-07-07,2027-07-01,13.6052,13.5923,13.5981,860.045673,0.00232347289849,13.0783,13.9626,13.1781,14.0612,Calculado
2026-04-22,LTN,2026-04-22,100000,2025-07-04,2027-10-01,13.5418,13.5308,13.5377,832.86001,0.00171185791174,12.9689,13.9195,13.0835,14.0334,Calculado
2026-04-22,LTN,2026-04-22,100000,2024-01-05,2028-01-01,13.4021,13.3898,13.396,808.544316,0,12.8099,13.7962,12.9217,13.9077,Calculado
2026-04-22,LTN,2026-04-22,100000,2026-01-09,2028-04-01,13.3521,13.3386,13.3458,784.201293,0.00197627471522,12.7473,13.748,12.8605,13.8611,Calculado
2026-04-22,LTN,2026-04-22,100000,2024-07-05,2028-07-01,13.3242,13.3117,13.318,761.185477,0,12.7201,13.7345,12.8282,13.8421,Calculado
2026-04-22,LTN,2026-04-22,100000,2022-02-11,2029-01-01,13.3352,13.3227,13.329,715.581719,0,12.7367,13.7756,12.8383,13.877,Calculado
2026-04-22,LTN,2026-04-22,100000,2025-07-04,2029-07-01,13.384,13.3743,13.3793,671.907863,0.00132950122979,12.7873,13.8258,12.893,13.9316,Calculado
2026-04-22,LTN,2026-04-22,100000,2024-01-05,2030-01-01,13.4044,13.3956,13.3997,630.918206,0.00061381161605,12.8231,13.8473,12.9278,13.9521,Calculado
2026-04-22,LTN,2026-04-22,100000,2025-01-10,2032-01-01,13.5482,13.538,13.5431,487.126014,0.00057655727382,12.9842,13.9888,13.082,14.0866,Calculado
2026-04-22,NTN-C,2026-04-22,770100,2000-07-01,2031-01-01,8.1767,7.9367,8.065,7773.343389,0.06791211511049,7.5389,8.5464,7.4875,8.4972,Calculado
2026-04-22,LFT,2026-04-22,210100,2000-07-01,2026-09-01,0.0001,-0.0122,-0.0024,18845.593561,0.00270712567126,-0.0326,0.027,-0.0344,0.0249,Calculado
2026-04-22,LFT,2026-04-22,210100,2000-07-01,2027-03-01,0.0097,0.0058,0.0088,18844.029389,0.00083225419795,-0.0153,0.0244,-0.0159,0.0231,Calculado
2026-04-22,LFT,2026-04-22,210100,2000-07-01,2027-09-01,0.014,0.0118,0.0131,18842.088309,0.00028748399955,-0.002,0.0291,-0.002,0.0285,Calculado
2026-04-22,LFT,2026-04-22,210100,2000-07-01,2028-03-01,0.0181,0.0157,0.017,18839.506483,0,0.0049,0.0444,0.0052,0.0442,Calculado
2026-04-22,LFT,2026-04-22,210100,2000-07-01,2028-09-01,0.0285,0.0265,0.0273,18833.306332,0.00019958289005,0.0169,0.0532,0.0166,0.054,Calculado
2026-04-22,LFT,2026-04-22,210100,2000-07-01,2029-03-01,0.0464,0.0433,0.0445,18821.69754,0.00038687619467,0.0291,0.0568,0.0289,0.0575,Calculado
2026-04-22,LFT,2026-04-22,210100,2000-07-01,2029-09-01,0.0578,0.0548,0.056,18810.164129,0.00041416897518,0.0387,0.0678,0.0385,0.0683,Calculado
2026-04-22,LFT,2026-04-22,210100,2000-07-01,2030-03-01,0.0699,0.0676,0.0683,18796.218501,0.00023629077426,0.0468,0.0806,0.0463,0.0813,Calculado
2026-04-22,LFT,2026-04-22,210100,2000-07-01,2030-06-01,0.075,0.0714,0.0726,18789.773359,0.00051105426326,0.0546,0.0824,0.0542,0.0829,Calculado
2026-04-22,LFT,2026-04-22,210100,2000-07-01,2030-09-01,0.0774,0.0736,0.0756,18783.874736,0.00033606721054,0.0616,0.0851,0.0615,0.0852,Calculado
2026-04-22,LFT,2026-04-22,210100,2000-07-01,2030-12-01,0.0774,0.0736,0.0754,18780.501402,0.00003755329546,0.0624,0.095,0.0624,0.0949,Calculado
2026-04-22,LFT,2026-04-22,210100,2000-07-01,2031-03-01,0.0852,0.0828,0.0846,18768.760691,0.00057599019089,0.0724,0.0952,0.0721,0.0954,Calculado
2026-04-22,LFT,2026-04-22,210100,2000-07-01,2031-06-01,0.0906,0.0877,0.0896,18760.091787,0.00050929271544,0.0779,0.0997,0.0775,0.0999,Calculado
2026-04-22,LFT,2026-04-22,210100,2000-07-01,2031-09-01,0.0955,0.0927,0.0946,18750.838675,0.00057553611529,0.0831,0.1049,0.0831,0.1047,Calculado
2026-04-22,LFT,2026-04-22,210100,2000-07-01,2031-12-01,0.1,0.0976,0.0987,18742.056698,0.00031012329806,0.0872,0.1101,0.0869,0.11,Calculado
2026-04-22,LFT,2026-04-22,210100,2000-07-01,2032-03-01,0.1043,0.1029,0.1038,18732.030923,0.00008062251547,0.0909,0.1146,0.0912,0.114,Calculado
2026-04-22,LFT,2026-04-22,210100,2000-07-01,2032-06-01,0.1098,0.1088,0.1093,18720.930957,0.00017594280321,0.094,0.1197,0.0929,0.1204,Calculado
2026-04-22,NTN-B,2026-04-22,760199,2000-07-15,2026-08-15,8.7705,8.7476,8.7579,4689.6586,0.00381435198166,8.3166,9.6698,8.2025,9.5667,Calculado
2026-04-22,NTN-B,2026-04-22,760199,2000-07-15,2027-05-15,7.9308,7.9064,7.9194,4715.681815,0.00107453784019,7.6187,8.2117,7.6381,8.2332,Calculado
2026-04-22,NTN-B,2026-04-22,760199,2000-07-15,2028-08-15,7.7826,7.7568,7.77,4566.00036,0,7.3842,8.0773,7.4256,8.1187,Calculado
2026-04-22,NTN-B,2026-04-22,760199,2000-07-15,2029-05-15,7.6744,7.6541,7.6628,4605.664589,0.00324825639074,7.2634,7.9341,7.3162,7.9873,Calculado
2026-04-22,NTN-B,2026-04-22,760199,2000-07-15,2030-08-15,7.6835,7.662,7.6708,4465.173854,0.00233447277774,7.2997,7.8967,7.353,7.9502,Calculado
2026-04-22,NTN-B,2026-04-22,760199,2000-07-15,2031-05-15,7.6104,7.584,7.596,4511.656249,0.00580065677661,7.2388,7.8014,7.2972,7.8599,Calculado
2026-04-22,NTN-B,2026-04-22,760199,2000-07-15,2032-08-15,7.55,7.5206,7.5398,4392.429584,0.00046510592342,7.1979,7.7283,7.2545,7.785,Calculado
2026-04-22,NTN-B,2026-04-22,760199,2000-07-15,2033-05-15,7.5315,7.5028,7.5198,4436.815521,0.00045276924586,7.1872,7.6952,7.2492,7.7573,Calculado
2026-04-22,NTN-B,2026-04-22,760199,2000-07-15,2035-05-15,7.3911,7.368,7.38,4403.61381,0,7.0951,7.5553,7.143,7.6033,Calculado
2026-04-22,NTN-B,2026-04-22,760199,2000-07-15,2037-05-15,7.3253,7.2928,7.31,4367.42184,0,7.0562,7.4824,7.0984,7.5247,Calculado
2026-04-22,NTN-B,2026-04-22,760199,2000-07-15,2040-08-15,7.1756,7.144,7.16,4275.921762,0,6.9384,7.3272,6.9762,7.3651,Calculado
2026-04-22,NTN-B,2026-04-22,760199,2000-07-15,2045-05-15,7.1044,7.0714,7.0878,4303.110196,0.00269077709593,6.8994,7.2656,6.9271,7.2934,Calculado
2026-04-22,NTN-B,2026-04-22,760199,2000-07-15,2050-08-15,7.0536,7.0248,7.0366,4201.403926,0.00340062700983,6.8407,7.2017,6.881,7.2422,Calculado
2026-04-22,NTN-B,2026-04-22,760199,2000-07-15,2055-05-15,7.0482,7.0196,7.0339,4238.349311,0.00383517553966,6.8385,7.1981,6.8794,7.2392,Calculado
2026-04-22,NTN-B,2026-04-22,760199,2000-07-15,2060-08-15,7.0423,7.018,7.03,4142.478494,0,6.8262,7.1852,6.8761,7.2354,Calculado
2026-04-22,NTN-F,2026-04-22,950199,2016-01-15,2027-01-01,13.8493,13.7971,13.8248,1006.231895,0.00237721325295,13.5086,14.1283,13.5584,14.1751,Calculado
2026-04-22,NTN-F,2026-04-22,950199,2018-01-05,2029-01-01,13.3469,13.3193,13.3347,961.545653,0.00155627760698,12.7535,13.7731,12.8543,13.8738,Calculado
2026-04-22,NTN-F,2026-04-22,950199,2020-01-10,2031-01-01,13.5465,13.5354,13.541,917.716512,0,13.0008,13.9804,13.1032,14.0827,Calculado
2026-04-22,NTN-F,2026-04-22,950199,2022-01-07,2033-01-01,13.6287,13.6181,13.624,883.037653,0.00266843143063,13.0798,14.0564,13.1784,14.155,Calculado
2026-04-22,NTN-F,2026-04-22,950199,2024-01-05,2035-01-01,13.65,13.6338,13.6408,858.25674,0.00291381092557,13.0939,14.0624,13.1967,14.165,Calculado
2026-04-22,NTN-F,2026-04-22,950199,2026-01-09,2037-01-01,13.6686,13.6566,13.6634,838.096898,0.00110456938216,13.1212,14.0859,13.2217,14.1862,Calculado
2026-04-23,LTN,2026-04-23,100000,2023-01-06,2026-07-01,14.298,14.2395,14.277,975.41677,0,14.096,14.4155,14.1438,14.4599,Calculado
2026-04-23,LTN,2026-04-23,100000,2024-07-05,2026-10-01,14.1503,14.1149,14.133,942.939646,0.00913384945519,13.8652,14.2911,13.9553,14.3786,Calculado
2026-04-23,LTN,2026-04-23,100000,2025-01-10,2027-04-01,13.9566,13.9171,13.9404,885.871378,0.00475307419151,13.4065,14.173,13.5883,14.3527,Calculado
2026-04-23,LTN,2026-04-23,100000,2023-07-07,2027-07-01,13.8187,13.8008,13.8088,858.603698,0.00231714938664,13.1781,14.0612,13.3891,14.2708,Calculado
2026-04-23,LTN,2026-04-23,100000,2025-07-04,2027-10-01,13.7821,13.7699,13.7746,830.788462,0.00466302729136,13.0835,14.0334,13.3206,14.2696,Calculado
2026-04-23,LTN,2026-04-23,100000,2024-01-05,2028-01-01,13.6449,13.6274,13.6362,806.06607,0.01173733220583,12.9217,13.9077,13.1619,14.1476,Calculado
2026-04-23,LTN,2026-04-23,100000,2026-01-09,2028-04-01,13.621,13.6031,13.6133,781.017857,0.00290798848863,12.8605,13.8611,13.128,14.1285,Calculado
2026-04-23,LTN,2026-04-23,100000,2024-07-05,2028-07-01,13.6034,13.5869,13.595,757.523297,0.00324904963335,12.8282,13.8421,13.1052,14.1186,Calculado
2026-04-23,LTN,2026-04-23,100000,2022-02-11,2029-01-01,13.614,13.6032,13.609,711.23449,0,12.8383,13.877,13.1183,14.157,Calculado
2026-04-23,LTN,2026-04-23,100000,2025-07-04,2029-07-01,13.653,13.6416,13.6475,667.238096,0,12.893,13.9316,13.1612,14.1998,Calculado
2026-04-23,LTN,2026-04-23,100000,2024-01-05,2030-01-01,13.6557,13.6445,13.6496,626.169639,0.00067465798002,12.9278,13.9521,13.1776,14.2021,Calculado
2026-04-23,LTN,2026-04-23,100000,2025-01-10,2032-01-01,13.7555,13.7442,13.7497,482.383647,0.00053509206684,13.082,14.0866,13.2887,14.2932,Calculado
2026-04-23,NTN-C,2026-04-23,770100,2000-07-01,2031-01-01,8.1655,7.948,8.0772,7782.799949,0.03983670075772,7.4875,8.4972,7.4282,8.4387,Calculado
2026-04-23,LFT,2026-04-23,210100,2000-07-01,2026-09-01,0.0002,-0.0053,-0.0009,18855.726033,0.00149796430198,-0.0344,0.0249,-0.0333,0.0252,Calculado
2026-04-23,LFT,2026-04-23,210100,2000-07-01,2027-03-01,0.009,0.0064,0.008,18854.38728,0,-0.0159,0.0231,-0.0148,0.0225,Calculado
2026-04-23,LFT,2026-04-23,210100,2000-07-01,2027-09-01,0.0132,0.0109,0.0123,18852.520569,0.00045403059368,-0.002,0.0285,-0.0012,0.0277,Calculado
2026-04-23,LFT,2026-04-23,210100,2000-07-01,2028-03-01,0.0183,0.0158,0.0171,18849.711074,0.00022573406921,0.0052,0.0442,0.0052,0.0442,Calculado
2026-04-23,LFT,2026-04-23,210100,2000-07-01,2028-09-01,0.0301,0.0278,0.029,18842.791043,0,0.0166,0.054,0.0183,0.0525,Calculado
2026-04-23,LFT,2026-04-23,210100,2000-07-01,2029-03-01,0.0466,0.0438,0.0448,18831.779332,0.0004180564914,0.0289,0.0575,0.029,0.0578,Calculado
2026-04-23,LFT,2026-04-23,210100,2000-07-01,2029-09-01,0.058,0.0553,0.0564,18820.16424,0.00032899132207,0.0385,0.0683,0.0386,0.0687,Calculado
2026-04-23,LFT,2026-04-23,210100,2000-07-01,2030-03-01,0.0703,0.0671,0.0686,18806.267611,0.00021360007022,0.0463,0.0813,0.0465,0.0816,Calculado
2026-04-23,LFT,2026-04-23,210100,2000-07-01,2030-06-01,0.075,0.0715,0.0726,18800.026385,0.00040547720035,0.0542,0.0829,0.0545,0.083,Calculado
2026-04-23,LFT,2026-04-23,210100,2000-07-01,2030-09-01,0.077,0.0737,0.0755,18794.199983,0.00034960293191,0.0615,0.0852,0.0617,0.0852,Calculado
2026-04-23,LFT,2026-04-23,210100,2000-07-01,2030-12-01,0.0773,0.0737,0.0754,18790.749396,0.00004140386455,0.0624,0.0949,0.0623,0.0951,Calculado
2026-04-23,LFT,2026-04-23,210100,2000-07-01,2031-03-01,0.0846,0.0821,0.0839,18779.624551,0.00051364708702,0.0721,0.0954,0.0713,0.0961,Calculado
2026-04-23,LFT,2026-04-23,210100,2000-07-01,2031-06-01,0.0896,0.0869,0.0889,18771.00751,0.00053851647143,0.0775,0.0999,0.0767,0.1003,Calculado
2026-04-23,LFT,2026-04-23,210100,2000-07-01,2031-09-01,0.0946,0.0924,0.0938,18761.881366,0.00017298624223,0.0831,0.1047,0.0822,0.1049,Calculado
2026-04-23,LFT,2026-04-23,210100,2000-07-01,2031-12-01,0.0991,0.0974,0.0984,18752.623232,0.0000316227766,0.0869,0.11,0.0865,0.1094,Calculado
2026-04-23,LFT,2026-04-23,210100,2000-07-01,2032-03-01,0.1037,0.103,0.1034,18742.70515,0,0.0912,0.114,0.0901,0.1137,Calculado
2026-04-23,LFT,2026-04-23,210100,2000-07-01,2032-06-01,0.1097,0.1081,0.109,18731.523738,0,0.0929,0.1204,0.0918,0.1197,Calculado
2026-04-23,NTN-B,2026-04-23,760199,2000-07-15,2026-08-15,8.931,8.886,8.9062,4690.779838,0.00953442516096,8.2025,9.5667,8.3467,9.722,Calculado
2026-04-23,NTN-B,2026-04-23,760199,2000-07-15,2027-05-15,8.0323,8.0016,8.018,4714.358935,0.00367951298136,7.6381,8.2332,7.7372,8.3343,Calculado
2026-04-23,NTN-B,2026-04-23,760199,2000-07-15,2028-08-15,7.9237,7.8968,7.91,4556.111688,0,7.4256,8.1187,7.5657,8.259,Calculado
2026-04-23,NTN-B,2026-04-23,760199,2000-07-15,2029-05-15,7.8102,7.7775,7.7957,4593.027464,0.00477982480223,7.3162,7.9873,7.4491,8.1207,Calculado
2026-04-23,NTN-B,2026-04-23,760199,2000-07-15,2030-08-15,7.806,7.782,7.7953,4448.514795,0.00489056428646,7.353,7.9502,7.4774,8.0749,Calculado
2026-04-23,NTN-B,2026-04-23,760199,2000-07-15,2031-05-15,7.7159,7.6795,7.7,4495.921092,0,7.2972,7.8599,7.4012,7.964,Calculado
2026-04-23,NTN-B,2026-04-23,760199,2000-07-15,2032-08-15,7.6402,7.6112,7.6276,4376.485497,0.00363972787856,7.2545,7.785,7.3422,7.8729,Calculado
2026-04-23,NTN-B,2026-04-23,760199,2000-07-15,2033-05-15,7.6286,7.6003,7.6144,4417.707957,0.00532236968276,7.2492,7.7573,7.3436,7.8519,Calculado
2026-04-23,NTN-B,2026-04-23,760199,2000-07-15,2035-05-15,7.469,7.4393,7.4572,4384.869489,0.00362261415555,7.143,7.6033,7.2201,7.6806,Calculado
2026-04-23,NTN-B,2026-04-23,760199,2000-07-15,2037-05-15,7.4028,7.3697,7.3887,4345.107556,0.00587690494138,7.0984,7.5247,7.1769,7.6035,Calculado
2026-04-23,NTN-B,2026-04-23,760199,2000-07-15,2040-08-15,7.2406,7.2068,7.2272,4253.370497,0.00479439091022,6.9762,7.3651,7.0433,7.4324,Calculado
2026-04-23,NTN-B,2026-04-23,760199,2000-07-15,2045-05-15,7.1583,7.1259,7.1456,4280.647725,0.00677741346828,6.9271,7.2934,6.9847,7.3514,Calculado
2026-04-23,NTN-B,2026-04-23,760199,2000-07-15,2050-08-15,7.111,7.0792,7.1007,4173.209992,0.00507396865284,6.881,7.2422,6.9449,7.3066,Calculado
2026-04-23,NTN-B,2026-04-23,760199,2000-07-15,2055-05-15,7.1095,7.0721,7.0977,4208.674602,0.00344985803476,6.8794,7.2392,6.9429,7.3034,Calculado
2026-04-23,NTN-B,2026-04-23,760199,2000-07-15,2060-08-15,7.1112,7.081,7.1001,4108.23055,0.00749258405225,6.8761,7.2354,6.9459,7.3058,Calculado
2026-04-23,NTN-F,2026-04-23,950199,2016-01-15,2027-01-01,13.9977,13.937,13.9731,1005.875643,0.00429136730192,13.5584,14.1751,13.7077,14.3213,Calculado
2026-04-23,NTN-F,2026-04-23,950199,2018-01-05,2029-01-01,13.6303,13.5985,13.6145,956.512295,0.00094507494941,12.8543,13.8738,13.1341,14.1535,Calculado
2026-04-23,NTN-F,2026-04-23,950199,2020-01-10,2031-01-01,13.7795,13.7677,13.7735,911.318797,0,13.1032,14.0827,13.3359,14.3152,Calculado
2026-04-23,NTN-F,2026-04-23,950199,2022-01-07,2033-01-01,13.8362,13.8264,13.8314,875.916053,0.00026849189932,13.1784,14.155,13.3859,14.3625,Calculado
2026-04-23,NTN-F,2026-04-23,950199,2024-01-05,2035-01-01,13.8367,13.8207,13.8281,850.917055,0.0029054208955,13.1967,14.165,13.3838,14.3525,Calculado
2026-04-23,NTN-F,2026-04-23,950199,2026-01-09,2037-01-01,13.8465,13.8359,13.8409,830.534978,0.00020655909566,13.2217,14.1862,13.3989,14.3641,Calculado
2026-04-29,LTN,2026-04-29,100000,2023-01-06,2026-07-01,14.347,14.3178,14.3279,977.410948,0.02054367577553,14.1337,14.4394,14.196,14.4983,Calculado
2026-04-29,LTN,2026-04-29,100000,2024-07-05,2026-10-01,14.0744,14.0164,14.047,945.225623,0.03065770169452,13.8573,14.2725,13.8712,14.2836,Calculado
2026-04-29,LTN,2026-04-29,100000,2025-01-10,2027-04-01,14.0657,14.047,14.052,886.915549,0.00855905093629,13.6019,14.36,13.7034,14.4594,Calculado
2026-04-29,LTN,2026-04-29,100000,2023-07-07,2027-07-01,14.0173,14.0039,14.011,858.594492,0,13.4247,14.3025,13.5933,14.4698,Calculado
2026-04-29,LTN,2026-04-29,100000,2025-07-04,2027-10-01,14.0156,14.0013,14.0056,830.096675,0.00183562128175,13.3646,14.3112,13.5527,14.4984,Calculado
2026-04-29,LTN,2026-04-29,100000,2024-01-05,2028-01-01,13.8981,13.8845,13.891,804.686703,0,13.1994,14.1839,13.4173,14.4014,Calculado
2026-04-29,LTN,2026-04-29,100000,2026-01-09,2028-04-01,13.8704,13.8563,13.863,779.308775,0,13.1469,14.1471,13.3778,14.3779,Calculado
2026-04-29,LTN,2026-04-29,100000,2024-07-05,2028-07-01,13.8928,13.875,13.8849,754.884934,0.00011093998378,13.1435,14.1555,13.395,14.4066,Calculado
2026-04-29,LTN,2026-04-29,100000,2022-02-11,2029-01-01,13.9143,13.9045,13.909,707.704361,0.00072952441357,13.1603,14.1987,13.4183,14.4566,Calculado
2026-04-29,LTN,2026-04-29,100000,2025-07-04,2029-07-01,13.9575,13.9471,13.9516,662.995709,0.00157311978883,13.1987,14.2375,13.465,14.5038,Calculado
2026-04-29,LTN,2026-04-29,100000,2024-01-05,2030-01-01,13.9555,13.9454,13.95,621.43799,0,13.2066,14.2316,13.4775,14.5026,Calculado
2026-04-29,LTN,2026-04-29,100000,2025-01-10,2032-01-01,13.9955,13.9855,13.99,477.649176,0,13.2893,14.2937,13.5292,14.5335,Calculado
2026-04-29,NTN-C,2026-04-29,770100,2000-07-01,2031-01-01,8.2096,7.819,8.0385,7847.221754,0.04531630807745,7.5,8.5148,7.4084,8.425,Calculado
2026-04-29,LFT,2026-04-29,210100,2000-07-01,2026-09-01,0.001,-0.0128,-0.0052,18896.952906,0.00423454803373,-0.0365,0.0202,-0.0384,0.0193,Calculado
2026-04-29,LFT,2026-04-29,210100,2000-07-01,2027-03-01,0.005,0.0026,0.0038,18896.026971,0.00031622775021,-0.016,0.018,-0.0174,0.0185,Calculado
2026-04-29,LFT,2026-04-29,210100,2000-07-01,2027-09-01,0.0087,0.0064,0.0082,18894.553034,0.00052345008358,-0.0036,0.0262,-0.004,0.0265,Calculado
2026-04-29,LFT,2026-04-29,210100,2000-07-01,2028-03-01,0.0194,0.0165,0.0177,18890.509155,0.00030929233744,0.0058,0.0413,0.0059,0.0417,Calculado
2026-04-29,LFT,2026-04-29,210100,2000-07-01,2028-09-01,0.0311,0.0288,0.0294,18883.649678,0.00049608762331,0.0187,0.0512,0.0188,0.0515,Calculado
2026-04-29,LFT,2026-04-29,210100,2000-07-01,2029-03-01,0.0464,0.0449,0.0456,18872.406182,0.00029605244468,0.0282,0.0585,0.0285,0.0587,Calculado
2026-04-29,LFT,2026-04-29,210100,2000-07-01,2029-09-01,0.0583,0.0564,0.0572,18860.728063,0.00025029392721,0.0385,0.069,0.0384,0.0693,Calculado
2026-04-29,LFT,2026-04-29,210100,2000-07-01,2030-03-01,0.0705,0.0678,0.069,18847.028005,0.0001784327044,0.0467,0.0817,0.0467,0.0819,Calculado
2026-04-29,LFT,2026-04-29,210100,2000-07-01,2030-06-01,0.0742,0.0712,0.0726,18841.094463,0.00020320349406,0.055,0.0829,0.0549,0.083,Calculado
2026-04-29,LFT,2026-04-29,210100,2000-07-01,2030-09-01,0.0774,0.0744,0.0758,18835.009748,0.00020655909566,0.0619,0.0854,0.0617,0.0855,Calculado
2026-04-29,LFT,2026-04-29,210100,2000-07-01,2030-12-01,0.0775,0.0741,0.0755,18831.702837,0.0000421636099,0.0624,0.0951,0.0624,0.095,Calculado
2026-04-29,LFT,2026-04-29,210100,2000-07-01,2031-03-01,0.0843,0.0815,0.0825,18821.952175,0.00040804410301,0.0701,0.0973,0.07,0.0973,Calculado
2026-04-29,LFT,2026-04-29,210100,2000-07-01,2031-06-01,0.0885,0.0862,0.0876,18813.278621,0.00021646510111,0.0756,0.1013,0.0754,0.1013,Calculado
2026-04-29,LFT,2026-04-29,210100,2000-07-01,2031-09-01,0.0931,0.0913,0.0921,18804.623964,0.00016242210441,0.0808,0.1059,0.0805,0.1059,Calculado
2026-04-29,LFT,2026-04-29,210100,2000-07-01,2031-12-01,0.1,0.0974,0.0982,18793.852884,0.00018047553851,0.0865,0.1089,0.0864,0.1087,Calculado
2026-04-29,LFT,2026-04-29,210100,2000-07-01,2032-03-01,0.1042,0.1031,0.1037,18783.421943,0,0.0889,0.1141,0.0888,0.114,Calculado
2026-04-29,LFT,2026-04-29,210100,2000-07-01,2032-06-01,0.1101,0.109,0.1096,18771.857205,0.0000975899585,0.0902,0.1202,0.0901,0.1201,Calculado
2026-04-29,NTN-B,2026-04-29,760199,2000-07-15,2026-08-15,9.1596,9.1254,9.1442,4700.203816,0.00662160012535,8.6971,10.1063,8.5694,9.99,Calculado
2026-04-29,NTN-B,2026-04-29,760199,2000-07-15,2027-05-15,8.2228,8.1971,8.2125,4717.889068,0.00393190391795,7.8899,8.4935,7.9335,8.5392,Calculado
2026-04-29,NTN-B,2026-04-29,760199,2000-07-15,2028-08-15,8.0508,8.0252,8.0325,4556.509384,0.00382053546247,7.6159,8.3096,7.6884,8.3821,Calculado
2026-04-29,NTN-B,2026-04-29,760199,2000-07-15,2029-05-15,7.9336,7.9072,7.92,4590.108082,0,7.4834,8.1563,7.5733,8.2466,Calculado
2026-04-29,NTN-B,2026-04-29,760199,2000-07-15,2030-08-15,7.9297,7.9038,7.9226,4439.898277,0.00377336773851,7.5018,8.0999,7.6042,8.2025,Calculado
2026-04-29,NTN-B,2026-04-29,760199,2000-07-15,2031-05-15,7.8546,7.8236,7.8455,4481.343546,0.00416176181803,7.4373,8.0005,7.5466,8.1099,Calculado
2026-04-29,NTN-B,2026-04-29,760199,2000-07-15,2032-08-15,7.7742,7.7474,7.7642,4358.474869,0.00330978524228,7.3774,7.9085,7.4785,8.0097,Calculado
2026-04-29,NTN-B,2026-04-29,760199,2000-07-15,2033-05-15,7.7642,7.7333,7.7527,4396.920255,0.00415770967,7.366,7.8747,7.4816,7.9905,Calculado
2026-04-29,NTN-B,2026-04-29,760199,2000-07-15,2035-05-15,7.5713,7.5438,7.5626,4366.537057,0.00374185274697,7.2259,7.6867,7.3252,7.7862,Calculado
2026-04-29,NTN-B,2026-04-29,760199,2000-07-15,2037-05-15,7.4882,7.459,7.48,4326.938591,0,7.1781,7.6049,7.268,7.695,Calculado
2026-04-29,NTN-B,2026-04-29,760199,2000-07-15,2040-08-15,7.3275,7.2996,7.3181,4229.915788,0.00669904418331,7.0508,7.4401,7.1339,7.5234,Calculado
2026-04-29,NTN-B,2026-04-29,760199,2000-07-15,2045-05-15,7.2435,7.2164,7.2328,4253.483625,0.0038426659834,7.0056,7.3724,7.0715,7.4388,Calculado
2026-04-29,NTN-B,2026-04-29,760199,2000-07-15,2050-08-15,7.2062,7.1715,7.1931,4139.478667,0.00340906614926,6.971,7.3327,7.0371,7.3993,Calculado
2026-04-29,NTN-B,2026-04-29,760199,2000-07-15,2055-05-15,7.1964,7.1635,7.1833,4176.100686,0.00391652668573,6.9698,7.3303,7.0283,7.3894,Calculado
2026-04-29,NTN-B,2026-04-29,760199,2000-07-15,2060-08-15,7.1954,7.17,7.1858,4073.846836,0.00371872926683,6.9667,7.3267,7.0313,7.392,Calculado
2026-04-29,NTN-F,2026-04-29,950199,2016-01-15,2027-01-01,14.079,14.05,14.0533,1007.504794,0.00284212812695,13.7056,14.31,13.7936,14.3949,Calculado
2026-04-29,NTN-F,2026-04-29,950199,2018-01-05,2029-01-01,13.929,13.9112,13.9207,952.504681,0.00236995077164,13.181,14.2004,13.44,14.4592,Calculado
2026-04-29,NTN-F,2026-04-29,950199,2020-01-10,2031-01-01,14.0412,14.0312,14.0358,905.55358,0.00048010414495,13.3439,14.3232,13.5986,14.5776,Calculado
2026-04-29,NTN-F,2026-04-29,950199,2022-01-07,2033-01-01,14.0594,14.0484,14.054,869.710437,0,13.3733,14.3502,13.6086,14.5853,Calculado
2026-04-29,NTN-F,2026-04-29,950199,2024-01-05,2035-01-01,14.0334,14.0156,14.0246,844.631086,0.0021571018103,13.359,14.3282,13.5802,14.5492,Calculado
2026-04-29,NTN-F,2026-04-29,950199,2026-01-09,2037-01-01,14.0322,14.0217,14.0265,824.024379,0.00059829618919,13.3752,14.3411,13.5841,14.5502,Calculado
2026-04-27,LTN,2026-04-27,100000,2023-01-06,2026-07-01,14.276,14.21,14.243,976.502334,0,14.1167,14.4293,14.1107,14.42,Calculado
2026-04-27,LTN,2026-04-27,100000,2024-07-05,2026-10-01,14.1361,14.1086,14.12,943.976396,0.0043879430386,13.9332,14.3538,13.9436,14.3615,Calculado
2026-04-27,LTN,2026-04-27,100000,2025-01-10,2027-04-01,13.9704,13.9461,13.958,886.663311,0,13.5601,14.3224,13.6079,14.3682,Calculado
2026-04-27,LTN,2026-04-27,100000,2023-07-07,2027-07-01,13.8481,13.8321,13.84,859.209834,0,13.348,14.2285,13.4215,14.3007,Calculado
2026-04-27,LTN,2026-04-27,100000,2025-07-04,2027-10-01,13.8192,13.8061,13.8109,831.260886,0.00174700490268,13.2675,14.2158,13.3576,14.305,Calculado
2026-04-27,LTN,2026-04-27,100000,2024-01-05,2028-01-01,13.6754,13.6625,13.669,806.493483,0,13.1065,14.0917,13.1952,14.1801,Calculado
2026-04-27,LTN,2026-04-27,100000,2026-01-09,2028-04-01,13.6266,13.612,13.6202,781.717819,0.00209777102421,13.0568,14.0573,13.1351,14.1354,Calculado
2026-04-27,LTN,2026-04-27,100000,2024-07-05,2028-07-01,13.6293,13.6155,13.6228,757.887381,0.00122852799724,13.0341,14.0471,13.1331,14.1456,Calculado
2026-04-27,LTN,2026-04-27,100000,2022-02-11,2029-01-01,13.6401,13.6279,13.6336,711.544757,0.00117589831193,13.0503,14.0889,13.143,14.1815,Calculado
2026-04-27,LTN,2026-04-27,100000,2025-07-04,2029-07-01,13.6723,13.6617,13.6666,667.5619,0.00073991464373,13.0951,14.1338,13.1801,14.2189,Calculado
2026-04-27,LTN,2026-04-27,100000,2024-01-05,2030-01-01,13.6724,13.6617,13.6671,626.453584,0.00009473304598,13.1116,14.1363,13.1948,14.2196,Calculado
2026-04-27,LTN,2026-04-27,100000,2025-01-10,2032-01-01,13.7488,13.7369,13.7425,483.049869,0.00065876900352,13.2186,14.2231,13.2816,14.286,Calculado
2026-04-27,NTN-C,2026-04-27,770100,2000-07-01,2031-01-01,8.1322,7.9059,8.0442,7816.973196,0.05858584650101,7.5427,8.5553,7.5019,8.5147,Calculado
2026-04-27,LFT,2026-04-27,210100,2000-07-01,2026-09-01,0.0011,-0.0031,-0.0008,18876.177205,0.00083605437622,-0.0335,0.0248,-0.0344,0.0222,Calculado
2026-04-27,LFT,2026-04-27,210100,2000-07-01,2027-03-01,0.0047,0,0.0023,18875.76193,0.00031130223257,-0.0159,0.0224,-0.0137,0.0169,Calculado
2026-04-27,LFT,2026-04-27,210100,2000-07-01,2027-09-01,0.01,0.008,0.0089,18873.874316,0.00065198750755,-0.0024,0.0275,-0.0033,0.0256,Calculado
2026-04-27,LFT,2026-04-27,210100,2000-07-01,2028-03-01,0.0181,0.0168,0.0176,18870.023583,0.00021563856334,0.0053,0.0431,0.0057,0.0405,Calculado
2026-04-27,LFT,2026-04-27,210100,2000-07-01,2028-09-01,0.0303,0.028,0.0291,18863.247049,0.00016186049549,0.0184,0.0518,0.0185,0.0504,Calculado
2026-04-27,LFT,2026-04-27,210100,2000-07-01,2029-03-01,0.046,0.045,0.0455,18851.921366,0.00007449456356,0.0283,0.0583,0.0275,0.0585,Calculado
2026-04-27,LFT,2026-04-27,210100,2000-07-01,2029-09-01,0.0582,0.0557,0.0566,18840.55793,0.00047406416232,0.0383,0.0689,0.0384,0.0687,Calculado
2026-04-27,LFT,2026-04-27,210100,2000-07-01,2030-03-01,0.0702,0.0673,0.0686,18826.778348,0.00019222999246,0.0465,0.0816,0.0469,0.0815,Calculado
2026-04-27,LFT,2026-04-27,210100,2000-07-01,2030-06-01,0.0742,0.0718,0.0725,18820.624726,0,0.0548,0.0828,0.0551,0.0829,Calculado
2026-04-27,LFT,2026-04-27,210100,2000-07-01,2030-09-01,0.0765,0.074,0.0754,18814.810875,0.00002581975987,0.0618,0.0852,0.0619,0.0854,Calculado
2026-04-27,LFT,2026-04-27,210100,2000-07-01,2030-12-01,0.0773,0.074,0.0755,18811.167781,0,0.0624,0.0949,0.0624,0.0953,Calculado
2026-04-27,LFT,2026-04-27,210100,2000-07-01,2031-03-01,0.0836,0.0819,0.0828,18801.14455,0.00032004134108,0.0708,0.0965,0.0703,0.0973,Calculado
2026-04-27,LFT,2026-04-27,210100,2000-07-01,2031-06-01,0.0885,0.0864,0.0878,18792.555907,0.00045374259223,0.0761,0.1006,0.0756,0.1014,Calculado
2026-04-27,LFT,2026-04-27,210100,2000-07-01,2031-09-01,0.0932,0.0917,0.0927,18783.49536,0.00034833871447,0.0815,0.105,0.0811,0.1056,Calculado
2026-04-27,LFT,2026-04-27,210100,2000-07-01,2031-12-01,0.0987,0.097,0.098,18773.547635,0.00016676183616,0.0863,0.109,0.0862,0.1091,Calculado
2026-04-27,LFT,2026-04-27,210100,2000-07-01,2032-03-01,0.1043,0.1032,0.1038,18762.788235,0.00008313699538,0.0895,0.1134,0.0887,0.1141,Calculado
2026-04-27,LFT,2026-04-27,210100,2000-07-01,2032-06-01,0.11,0.109,0.1095,18751.443675,0.00006800727902,0.0907,0.1196,0.0898,0.12,Calculado
2026-04-27,NTN-B,2026-04-27,760199,2000-07-15,2026-08-15,9.1633,9.1289,9.1464,4693.941113,0.00372854485959,8.4865,9.873,8.5791,9.9769,Calculado
2026-04-27,NTN-B,2026-04-27,760199,2000-07-15,2027-05-15,8.1466,8.1121,8.1307,4715.521923,0.00143788038445,7.8079,8.4072,7.8509,8.4524,Calculado
2026-04-27,NTN-B,2026-04-27,760199,2000-07-15,2028-08-15,7.9676,7.9379,7.9531,4558.038685,0.00408320574549,7.5793,8.2727,7.609,8.3026,Calculado
2026-04-27,NTN-B,2026-04-27,760199,2000-07-15,2029-05-15,7.8374,7.8076,7.8222,4595.794564,0.0035792693137,7.4534,8.1254,7.4756,8.1481,Calculado
2026-04-27,NTN-B,2026-04-27,760199,2000-07-15,2030-08-15,7.8251,7.797,7.8087,4452.097375,0.00201913465376,7.474,8.0717,7.4906,8.0885,Calculado
2026-04-27,NTN-B,2026-04-27,760199,2000-07-15,2031-05-15,7.7324,7.7031,7.7169,4498.612993,0.00358634978077,7.3995,7.9626,7.418,7.9812,Calculado
2026-04-27,NTN-B,2026-04-27,760199,2000-07-15,2032-08-15,7.653,7.619,7.6389,4379.607024,0.00140977788321,7.3428,7.8736,7.3533,7.8843,Calculado
2026-04-27,NTN-B,2026-04-27,760199,2000-07-15,2033-05-15,7.6316,7.5977,7.616,4422.909176,0.00393775181036,7.3345,7.843,7.345,7.8537,Calculado
2026-04-27,NTN-B,2026-04-27,760199,2000-07-15,2035-05-15,7.4535,7.4185,7.4362,4396.180262,0.00417019823869,7.188,7.6486,7.199,7.6597,Calculado
2026-04-27,NTN-B,2026-04-27,760199,2000-07-15,2037-05-15,7.3876,7.3551,7.3684,4356.948812,0.00788752645511,7.1391,7.5657,7.1565,7.5832,Calculado
2026-04-27,NTN-B,2026-04-27,760199,2000-07-15,2040-08-15,7.2305,7.1969,7.2138,4263.613094,0.00510840971243,7.0137,7.4028,7.0298,7.419,Calculado
2026-04-27,NTN-B,2026-04-27,760199,2000-07-15,2045-05-15,7.1638,7.1297,7.1506,4283.737071,0.00879431185142,6.9654,7.3322,6.9896,7.3564,Calculado
2026-04-27,NTN-B,2026-04-27,760199,2000-07-15,2050-08-15,7.1275,7.0909,7.1111,4173.354995,0.00718261240358,6.9304,7.2921,6.9553,7.3169,Calculado
2026-04-27,NTN-B,2026-04-27,760199,2000-07-15,2055-05-15,7.1253,7.0879,7.1108,4207.246283,0.00665822917899,6.9257,7.2862,6.956,7.3164,Calculado
2026-04-27,NTN-B,2026-04-27,760199,2000-07-15,2060-08-15,7.1383,7.1073,7.1236,4101.042649,0.00686987753748,6.9328,7.2928,6.9694,7.3293,Calculado
2026-04-27,NTN-F,2026-04-27,950199,2016-01-15,2027-01-01,13.9985,13.9502,13.9758,1006.904607,0.00402594526664,13.6824,14.293,13.7135,14.3211,Calculado
2026-04-27,NTN-F,2026-04-27,950199,2018-01-05,2029-01-01,13.6508,13.6321,13.6417,956.949856,0.0025649217376,13.0673,14.0868,13.1612,14.1806,Calculado
2026-04-27,NTN-F,2026-04-27,950199,2020-01-10,2031-01-01,13.788,13.7761,13.7819,912.006389,0.00079537352232,13.2654,14.2448,13.3444,14.3237,Calculado
2026-04-27,NTN-F,2026-04-27,950199,2022-01-07,2033-01-01,13.8285,13.8166,13.8223,877.147007,0.00078102496759,13.3179,14.2947,13.3767,14.3536,Calculado
2026-04-27,NTN-F,2026-04-27,950199,2024-01-05,2035-01-01,13.8103,13.7893,13.7988,853.000994,0.00217559998161,13.3147,14.2834,13.3544,14.3234,Calculado
2026-04-27,NTN-F,2026-04-27,950199,2026-01-09,2037-01-01,13.8193,13.803,13.812,832.68198,0.00156218095943,13.3292,14.2946,13.3697,14.3356,Calculado
2026-04-28,LTN,2026-04-28,100000,2023-01-06,2026-07-01,14.3018,14.2485,14.2656,976.984714,0.02733668475382,14.1107,14.42,14.1337,14.4394,Calculado
2026-04-28,LTN,2026-04-28,100000,2024-07-05,2026-10-01,14.0438,14.0153,14.0332,944.782182,0.01408105857242,13.9436,14.3615,13.8573,14.2725,Calculado
2026-04-28,LTN,2026-04-28,100000,2025-01-10,2027-04-01,13.9574,13.94,13.951,887.173111,0,13.6079,14.3682,13.6019,14.36,Calculado
2026-04-28,LTN,2026-04-28,100000,2023-07-07,2027-07-01,13.8487,13.8358,13.8426,859.629003,0.00084171027082,13.4215,14.3007,13.4247,14.3025,Calculado
2026-04-28,LTN,2026-04-28,100000,2025-07-04,2027-10-01,13.824,13.8104,13.8175,831.619032,0.00095454590775,13.3576,14.305,13.3646,14.3112,Calculado
2026-04-28,LTN,2026-04-28,100000,2024-01-05,2028-01-01,13.681,13.6656,13.673,806.856073,0,13.1952,14.1801,13.1994,14.1839,Calculado
2026-04-28,LTN,2026-04-28,100000,2026-01-09,2028-04-01,13.6384,13.6251,13.6319,781.959044,0.00161749481297,13.1351,14.1354,13.1469,14.1471,Calculado
2026-04-28,LTN,2026-04-28,100000,2024-07-05,2028-07-01,13.6393,13.6259,13.6332,758.12122,0.00039444673912,13.1331,14.1456,13.1435,14.1555,Calculado
2026-04-28,LTN,2026-04-28,100000,2022-02-11,2029-01-01,13.6579,13.6437,13.6509,711.617647,0.00014433755575,13.143,14.1815,13.1603,14.1987,Calculado
2026-04-28,LTN,2026-04-28,100000,2025-07-04,2029-07-01,13.6904,13.6781,13.6852,667.557086,0.00105131496232,13.1801,14.2189,13.1987,14.2375,Calculado
2026-04-28,LTN,2026-04-28,100000,2024-01-05,2030-01-01,13.6853,13.673,13.679,626.532883,0,13.1948,14.2196,13.2066,14.2316,Calculado
2026-04-28,LTN,2026-04-28,100000,2025-01-10,2032-01-01,13.7563,13.745,13.7502,483.112051,0.00091714660224,13.2816,14.286,13.2893,14.2937,Calculado
2026-04-28,NTN-C,2026-04-28,770100,2000-07-01,2031-01-01,8.1594,7.9332,8.0379,7831.387765,0.05892313945837,7.5019,8.5147,7.5,8.5148,Calculado
2026-04-28,LFT,2026-04-28,210100,2000-07-01,2026-09-01,0.0003,-0.0089,-0.0035,18886.609415,0.00316227765859,-0.0344,0.0222,-0.0365,0.0202,Calculado
2026-04-28,LFT,2026-04-28,210100,2000-07-01,2027-03-01,0.0042,0.002,0.0033,18885.85396,0.00085446197107,-0.0137,0.0169,-0.016,0.018,Calculado
2026-04-28,LFT,2026-04-28,210100,2000-07-01,2027-09-01,0.0097,0.0068,0.0086,18884.191958,0.00058334335515,-0.0033,0.0256,-0.0036,0.0262,Calculado
2026-04-28,LFT,2026-04-28,210100,2000-07-01,2028-03-01,0.019,0.0168,0.0177,18880.244704,0.0005169749994,0.0057,0.0405,0.0058,0.0413,Calculado
2026-04-28,LFT,2026-04-28,210100,2000-07-01,2028-09-01,0.0305,0.0283,0.0292,18873.464493,0.00025005259447,0.0185,0.0504,0.0187,0.0512,Calculado
2026-04-28,LFT,2026-04-28,210100,2000-07-01,2029-03-01,0.0461,0.0447,0.0455,18862.189322,0,0.0275,0.0585,0.0282,0.0585,Calculado
2026-04-28,LFT,2026-04-28,210100,2000-07-01,2029-09-01,0.0581,0.0562,0.0569,18850.630856,0.00058962521147,0.0384,0.0687,0.0385,0.069,Calculado
2026-04-28,LFT,2026-04-28,210100,2000-07-01,2030-03-01,0.0695,0.0678,0.0689,18836.82491,0.00058018879686,0.0469,0.0815,0.0467,0.0817,Calculado
2026-04-28,LFT,2026-04-28,210100,2000-07-01,2030-06-01,0.0744,0.0709,0.0726,18830.81904,0.00010878111049,0.0551,0.0829,0.055,0.0829,Calculado
2026-04-28,LFT,2026-04-28,210100,2000-07-01,2030-09-01,0.0766,0.0748,0.0758,18824.737625,0.00054919854333,0.0619,0.0854,0.0619,0.0854,Calculado
2026-04-28,LFT,2026-04-28,210100,2000-07-01,2030-12-01,0.0773,0.0741,0.0755,18821.432508,0.00038511787806,0.0624,0.0953,0.0624,0.0951,Calculado
2026-04-28,LFT,2026-04-28,210100,2000-07-01,2031-03-01,0.0834,0.0814,0.0826,18811.592703,0.00041710152241,0.0703,0.0973,0.0701,0.0973,Calculado
2026-04-28,LFT,2026-04-28,210100,2000-07-01,2031-06-01,0.0884,0.0864,0.0877,18802.923853,0.00044185613043,0.0756,0.1014,0.0756,0.1013,Calculado
2026-04-28,LFT,2026-04-28,210100,2000-07-01,2031-09-01,0.0932,0.091,0.0923,18794.160571,0.00042809245497,0.0811,0.1056,0.0808,0.1059,Calculado
2026-04-28,LFT,2026-04-28,210100,2000-07-01,2031-12-01,0.0995,0.097,0.0982,18783.603083,0.00033838278621,0.0862,0.1091,0.0865,0.1089,Calculado
2026-04-28,LFT,2026-04-28,210100,2000-07-01,2032-03-01,0.1045,0.1033,0.1039,18772.932277,0.00011920788565,0.0887,0.1141,0.0889,0.1141,Calculado
2026-04-28,LFT,2026-04-28,210100,2000-07-01,2032-06-01,0.1103,0.1091,0.1097,18761.487129,0.0001673514864,0.0898,0.12,0.0902,0.1202,Calculado
2026-04-28,NTN-B,2026-04-28,760199,2000-07-15,2026-08-15,9.2843,9.2505,9.2671,4695.574094,0.0064333356791,8.5791,9.9769,8.6971,10.1063,Calculado
2026-04-28,NTN-B,2026-04-28,760199,2000-07-15,2027-05-15,8.1811,8.1573,8.1691,4716.913864,0.00162978489992,7.8509,8.4524,7.8899,8.4935,Calculado
2026-04-28,NTN-B,2026-04-28,760199,2000-07-15,2028-08-15,7.9741,7.9452,7.96,4560.342557,0,7.609,8.3026,7.6159,8.3096,Calculado
2026-04-28,NTN-B,2026-04-28,760199,2000-07-15,2029-05-15,7.8434,7.8146,7.83,4597.816018,0,7.4756,8.1481,7.4834,8.1563,Calculado
2026-04-28,NTN-B,2026-04-28,760199,2000-07-15,2030-08-15,7.8316,7.8063,7.82,4453.175114,0,7.4906,8.0885,7.5018,8.0999,Calculado
2026-04-28,NTN-B,2026-04-28,760199,2000-07-15,2031-05-15,7.7487,7.7212,7.7362,4498.033615,0.00628474112514,7.418,7.9812,7.4373,8.0005,Calculado
2026-04-28,NTN-B,2026-04-28,760199,2000-07-15,2032-08-15,7.674,7.6487,7.6631,4377.244145,0.00367765481251,7.3533,7.8843,7.3774,7.9085,Calculado
2026-04-28,NTN-B,2026-04-28,760199,2000-07-15,2033-05-15,7.6489,7.6207,7.637,4420.856187,0.00548947969666,7.345,7.8537,7.366,7.8747,Calculado
2026-04-28,NTN-B,2026-04-28,760199,2000-07-15,2035-05-15,7.473,7.4481,7.4632,4391.428485,0.00448832422403,7.199,7.6597,7.2259,7.6867,Calculado
2026-04-28,NTN-B,2026-04-28,760199,2000-07-15,2037-05-15,7.406,7.3753,7.39,4352.806969,0,7.1565,7.5832,7.1781,7.6049,Calculado
2026-04-28,NTN-B,2026-04-28,760199,2000-07-15,2040-08-15,7.2503,7.221,7.2349,4258.361852,0.00406981643198,7.0298,7.419,7.0508,7.4401,Calculado
2026-04-28,NTN-B,2026-04-28,760199,2000-07-15,2045-05-15,7.1785,7.1538,7.1666,4279.453267,0.00388768960052,6.9896,7.3564,7.0056,7.3724,Calculado
2026-04-28,NTN-B,2026-04-28,760199,2000-07-15,2050-08-15,7.1381,7.1122,7.1268,4168.438668,0.00211759545712,6.9553,7.3169,6.971,7.3327,Calculado
2026-04-28,NTN-B,2026-04-28,760199,2000-07-15,2055-05-15,7.1365,7.1116,7.1246,4202.908441,0.00337449674174,6.956,7.3164,6.9698,7.3303,Calculado
2026-04-28,NTN-B,2026-04-28,760199,2000-07-15,2060-08-15,7.1341,7.1082,7.1209,4104.953555,0.0016895577084,6.9694,7.3293,6.9667,7.3267,Calculado
2026-04-28,NTN-F,2026-04-28,950199,2016-01-15,2027-01-01,13.9936,13.9383,13.9663,1007.482417,0.00087966443602,13.7135,14.3211,13.7056,14.31,Calculado
2026-04-28,NTN-F,2026-04-28,950199,2018-01-05,2029-01-01,13.6761,13.6491,13.6616,957.047201,0.00131740485045,13.1612,14.1806,13.181,14.2004,Calculado
2026-04-28,NTN-F,2026-04-28,950199,2020-01-10,2031-01-01,13.7881,13.7768,13.7813,912.491351,0.0014596150794,13.3444,14.3237,13.3439,14.3232,Calculado
2026-04-28,NTN-F,2026-04-28,950199,2022-01-07,2033-01-01,13.8249,13.8135,13.8189,877.721036,0.00005,13.3767,14.3536,13.3733,14.3502,Calculado
2026-04-28,NTN-F,2026-04-28,950199,2024-01-05,2035-01-01,13.8126,13.7958,13.8035,853.24461,0.00213938013452,13.3544,14.3234,13.359,14.3282,Calculado
2026-04-28,NTN-F,2026-04-28,950199,2026-01-09,2037-01-01,13.824,13.8098,13.8175,832.863483,0.0002886751115,13.3697,14.3356,13.3752,14.3411,Calculado
2026-04-30,LTN,2026-04-30,100000,2023-01-06,2026-07-01,14.3161,14.2636,14.2829,977.994602,0.01020580133747,14.196,14.4983,14.1526,14.4513,Calculado
2026-04-30,LTN,2026-04-30,100000,2024-07-05,2026-10-01,14.0553,14.0176,14.032,945.77159,0.00002886728252,13.8712,14.2836,13.8577,14.2674,Calculado
2026-04-30,LTN,2026-04-30,100000,2025-01-10,2027-04-01,13.9622,13.926,13.9475,888.117927,0.00357200757138,13.7034,14.4594,13.6004,14.3544,Calculado
2026-04-30,LTN,2026-04-30,100000,2023-07-07,2027-07-01,13.8786,13.8605,13.8699,860.274917,0.00287223012135,13.5933,14.4698,13.4532,14.3284,Calculado
2026-04-30,LTN,2026-04-30,100000,2025-07-04,2027-10-01,13.8544,13.8413,13.848,832.157775,0,13.5527,14.4984,13.3958,14.3407,Calculado
2026-04-30,LTN,2026-04-30,100000,2024-01-05,2028-01-01,13.7276,13.7147,13.721,807.109049,0,13.4173,14.4014,13.2478,14.2315,Calculado
2026-04-30,LTN,2026-04-30,100000,2026-01-09,2028-04-01,13.6845,13.669,13.6772,782.154794,0.00115470053694,13.3778,14.3779,13.1923,14.1922,Calculado
2026-04-30,LTN,2026-04-30,100000,2024-07-05,2028-07-01,13.696,13.6814,13.6895,758.079558,0.00386117552826,13.395,14.4066,13.1997,14.2109,Calculado
2026-04-30,LTN,2026-04-30,100000,2022-02-11,2029-01-01,13.7211,13.7096,13.716,711.260226,0.00023812452625,13.4183,14.4566,13.2254,14.2636,Calculado
2026-04-30,LTN,2026-04-30,100000,2025-07-04,2029-07-01,13.7608,13.7506,13.756,666.930734,0,13.465,14.5038,13.2693,14.3082,Calculado
2026-04-30,LTN,2026-04-30,100000,2024-01-05,2030-01-01,13.7646,13.754,13.7595,625.557266,0.00010327952362,13.4775,14.5026,13.2868,14.3121,Calculado
2026-04-30,LTN,2026-04-30,100000,2025-01-10,2032-01-01,13.824,13.812,13.8179,481.986473,0.00026726123924,13.5292,14.5335,13.3571,14.3614,Calculado
2026-04-30,NTN-C,2026-04-30,770100,2000-07-01,2031-01-01,8.1413,7.9113,8.0109,7867.542528,0.0699885759908,7.4084,8.425,7.5543,8.5741,Calculado
2026-04-30,LFT,2026-04-30,210100,2000-07-01,2026-09-01,0.0018,-0.0052,-0.002,18906.999551,0.00259400117579,-0.0384,0.0193,-0.0356,0.0213,Calculado
2026-04-30,LFT,2026-04-30,210100,2000-07-01,2027-03-01,0.0041,0.0027,0.0034,18906.356717,0.00031325492813,-0.0174,0.0185,-0.0151,0.0181,Calculado
2026-04-30,LFT,2026-04-30,210100,2000-07-01,2027-09-01,0.009,0.0065,0.0079,18904.88198,0.00017841897321,-0.004,0.0265,-0.0041,0.027,Calculado
2026-04-30,LFT,2026-04-30,210100,2000-07-01,2028-03-01,0.0192,0.0176,0.0184,18900.533396,0.00097727444968,0.0059,0.0417,0.0067,0.0407,Calculado
2026-04-30,LFT,2026-04-30,210100,2000-07-01,2028-09-01,0.0308,0.0293,0.0297,18893.783637,0.00071486104244,0.0188,0.0515,0.0192,0.0508,Calculado
2026-04-30,LFT,2026-04-30,210100,2000-07-01,2029-03-01,0.0471,0.045,0.0458,18882.571854,0.0002469699172,0.0285,0.0587,0.0282,0.0588,Calculado
2026-04-30,LFT,2026-04-30,210100,2000-07-01,2029-09-01,0.0583,0.0563,0.0572,18871.00084,0.00023732576767,0.0384,0.0693,0.0385,0.0692,Calculado
2026-04-30,LFT,2026-04-30,210100,2000-07-01,2030-03-01,0.0707,0.068,0.0691,18857.236627,0.0002338229886,0.0467,0.0819,0.0468,0.0819,Calculado
2026-04-30,LFT,2026-04-30,210100,2000-07-01,2030-06-01,0.0743,0.0712,0.0726,18851.356585,0.00026213248559,0.0549,0.083,0.0551,0.083,Calculado
2026-04-30,LFT,2026-04-30,210100,2000-07-01,2030-09-01,0.077,0.0748,0.0758,18845.287475,0.0001571810103,0.0617,0.0855,0.0619,0.0855,Calculado
2026-04-30,LFT,2026-04-30,210100,2000-07-01,2030-12-01,0.0761,0.0738,0.0753,18842.148931,0.00035974324177,0.0624,0.095,0.0621,0.0954,Calculado
2026-04-30,LFT,2026-04-30,210100,2000-07-01,2031-03-01,0.0834,0.0808,0.0823,18832.392978,0.00039088887168,0.07,0.0973,0.0697,0.0976,Calculado
2026-04-30,LFT,2026-04-30,210100,2000-07-01,2031-06-01,0.0879,0.0852,0.0872,18823.9416,0.00064640254486,0.0754,0.1013,0.075,0.1017,Calculado
2026-04-30,LFT,2026-04-30,210100,2000-07-01,2031-09-01,0.0925,0.0902,0.0917,18815.301153,0.00043224788027,0.0805,0.1059,0.0801,0.1062,Calculado
2026-04-30,LFT,2026-04-30,210100,2000-07-01,2031-12-01,0.099,0.0965,0.0981,18804.240625,0.00042353167532,0.0864,0.1087,0.0863,0.1085,Calculado
2026-04-30,LFT,2026-04-30,210100,2000-07-01,2032-03-01,0.1041,0.1029,0.1036,18793.785117,0.00016613948959,0.0888,0.114,0.0884,0.1139,Calculado
2026-04-30,LFT,2026-04-30,210100,2000-07-01,2032-06-01,0.1102,0.1092,0.1097,18782.006127,0.00006685574022,0.0901,0.1201,0.0892,0.1201,Calculado
2026-04-30,NTN-B,2026-04-30,760199,2000-07-15,2026-08-15,9.2082,9.1543,9.1731,4703.034704,0.02432197480654,8.5694,9.99,8.5952,10.0273,Calculado
2026-04-30,NTN-B,2026-04-30,760199,2000-07-15,2027-05-15,8.1881,8.1567,8.17,4722.779593,0,7.9335,8.5392,7.8915,8.4994,Calculado
2026-04-30,NTN-B,2026-04-30,760199,2000-07-15,2028-08-15,7.9699,7.9418,7.9536,4566.564746,0.00375256960628,7.6884,8.3821,7.6095,8.3034,Calculado
2026-04-30,NTN-B,2026-04-30,760199,2000-07-15,2029-05-15,7.8574,7.8275,7.8425,4602.008017,0.00319126581156,7.5733,8.2466,7.4957,8.1695,Calculado
2026-04-30,NTN-B,2026-04-30,760199,2000-07-15,2030-08-15,7.8625,7.837,7.85,4453.975271,0,7.6042,8.2025,7.5315,8.13,Calculado
2026-04-30,NTN-B,2026-04-30,760199,2000-07-15,2031-05-15,7.7834,7.7568,7.7696,4497.600645,0.00257293606411,7.5466,8.1099,7.4707,8.0341,Calculado
2026-04-30,NTN-B,2026-04-30,760199,2000-07-15,2032-08-15,7.7138,7.6854,7.6974,4375.305181,0.0054591548366,7.4785,8.0097,7.4116,7.9429,Calculado
2026-04-30,NTN-B,2026-04-30,760199,2000-07-15,2033-05-15,7.704,7.6734,7.687,4414.729315,0.00834744759912,7.4816,7.9905,7.4158,7.9248,Calculado
2026-04-30,NTN-B,2026-04-30,760199,2000-07-15,2035-05-15,7.537,7.507,7.52,4380.988108,0,7.3252,7.7862,7.2826,7.7436,Calculado
2026-04-30,NTN-B,2026-04-30,760199,2000-07-15,2037-05-15,7.4531,7.4175,7.4397,4342.300129,0.00077459666279,7.268,7.695,7.2276,7.6547,Calculado
2026-04-30,NTN-B,2026-04-30,760199,2000-07-15,2040-08-15,7.2925,7.257,7.28,4246.618769,0,7.1339,7.5234,7.0958,7.4852,Calculado
2026-04-30,NTN-B,2026-04-30,760199,2000-07-15,2045-05-15,7.2018,7.1681,7.1871,4275.666404,0.00402492235826,7.0715,7.4388,7.026,7.393,Calculado
2026-04-30,NTN-B,2026-04-30,760199,2000-07-15,2050-08-15,7.1571,7.127,7.1423,4165.979348,0.00279497848829,7.0371,7.3993,6.9864,7.3483,Calculado
2026-04-30,NTN-B,2026-04-30,760199,2000-07-15,2055-05-15,7.1497,7.1213,7.1367,4201.797731,0.00303028365669,7.0283,7.3894,6.9818,7.3426,Calculado
2026-04-30,NTN-B,2026-04-30,760199,2000-07-15,2060-08-15,7.1448,7.1198,7.1313,4104.386173,0.00205215544733,7.0313,7.392,6.9769,7.3373,Calculado
2026-04-30,NTN-F,2026-04-30,950199,2016-01-15,2027-01-01,14.0154,13.9778,13.9924,1008.378929,0.01348050357368,13.7936,14.3949,13.735,14.3332,Calculado
2026-04-30,NTN-F,2026-04-30,950199,2018-01-05,2029-01-01,13.7447,13.721,13.7317,956.657402,0.0040842916032,13.44,14.4592,13.251,14.2703,Calculado
2026-04-30,NTN-F,2026-04-30,950199,2020-01-10,2031-01-01,13.8599,13.8474,13.8535,911.318306,0.00005439053226,13.5986,14.5776,13.4162,14.3954,Calculado
2026-04-30,NTN-F,2026-04-30,950199,2022-01-07,2033-01-01,13.8965,13.8835,13.8893,876.077634,0.0016385072078,13.6086,14.5853,13.4438,14.4206,Calculado
2026-04-30,NTN-F,2026-04-30,950199,2024-01-05,2035-01-01,13.8779,13.862,13.8702,851.375286,0.00172756392356,13.5802,14.5492,13.4258,14.3948,Calculado
2026-04-30,NTN-F,2026-04-30,950199,2026-01-09,2037-01-01,13.875,13.8624,13.8683,831.452282,0.0014995968925,13.5841,14.5502,13.4259,14.392,Calculado
2026-04-24,LTN,2026-04-24,100000,2023-01-06,2026-07-01,14.2723,14.2215,14.249,975.977127,0,14.1438,14.4599,14.1167,14.4293,Calculado
2026-04-24,LTN,2026-04-24,100000,2024-07-05,2026-10-01,14.1286,14.0931,14.1099,943.518544,0.0030714149394,13.9553,14.3786,13.9332,14.3538,Calculado
2026-04-24,LTN,2026-04-24,100000,2025-01-10,2027-04-01,13.9251,13.8933,13.911,886.541779,0.00658770021404,13.5883,14.3527,13.5601,14.3224,Calculado
2026-04-24,LTN,2026-04-24,100000,2023-07-07,2027-07-01,13.7735,13.7604,13.767,859.415276,0,13.3891,14.2708,13.348,14.2285,Calculado
2026-04-24,LTN,2026-04-24,100000,2025-07-04,2027-10-01,13.7287,13.7126,13.7211,831.774261,0.00288802038601,13.3206,14.2696,13.2675,14.2158,Calculado
2026-04-24,LTN,2026-04-24,100000,2024-01-05,2028-01-01,13.5913,13.5743,13.5804,807.141811,0.00089033269063,13.1619,14.1476,13.1065,14.0917,Calculado
2026-04-24,LTN,2026-04-24,100000,2026-01-09,2028-04-01,13.5499,13.5327,13.542,782.362089,0,13.128,14.1285,13.0568,14.0573,Calculado
2026-04-24,LTN,2026-04-24,100000,2024-07-05,2028-07-01,13.532,13.5135,13.5238,758.940639,0.00373750696722,13.1052,14.1186,13.0341,14.0471,Calculado
2026-04-24,LTN,2026-04-24,100000,2022-02-11,2029-01-01,13.548,13.5341,13.541,712.73173,0.00099878602313,13.1183,14.157,13.0503,14.0889,Calculado
2026-04-24,LTN,2026-04-24,100000,2025-07-04,2029-07-01,13.5876,13.5749,13.5815,668.803005,0,13.1612,14.1998,13.0951,14.1338,Calculado
2026-04-24,LTN,2026-04-24,100000,2024-01-05,2030-01-01,13.5898,13.5784,13.5838,627.815089,0.00066437718955,13.1776,14.2021,13.1116,14.1363,Calculado
2026-04-24,LTN,2026-04-24,100000,2025-01-10,2032-01-01,13.6854,13.6742,13.6796,484.31566,0.0007780064974,13.2887,14.2932,13.2186,14.2231,Calculado
2026-04-24,NTN-C,2026-04-24,770100,2000-07-01,2031-01-01,8.1342,7.908,8.0649,7798.7536,0.0342342587139,7.4282,8.4387,7.5427,8.5553,Calculado
2026-04-24,LFT,2026-04-24,210100,2000-07-01,2026-09-01,0.001,-0.0071,-0.001,18865.95828,0.00158971880218,-0.0333,0.0252,-0.0335,0.0248,Calculado
2026-04-24,LFT,2026-04-24,210100,2000-07-01,2027-03-01,0.0096,0.005,0.0079,18864.637667,0.00002886728252,-0.0148,0.0225,-0.0159,0.0224,Calculado
2026-04-24,LFT,2026-04-24,210100,2000-07-01,2027-09-01,0.0105,0.008,0.0099,18863.373652,0.0000440956914,-0.0012,0.0277,-0.0024,0.0275,Calculado
2026-04-24,LFT,2026-04-24,210100,2000-07-01,2028-03-01,0.0189,0.016,0.0172,18859.921192,0.00028530168243,0.0052,0.0442,0.0053,0.0431,Calculado
2026-04-24,LFT,2026-04-24,210100,2000-07-01,2028-09-01,0.031,0.028,0.0291,18852.997406,0.00030083217913,0.0183,0.0525,0.0184,0.0518,Calculado
2026-04-24,LFT,2026-04-24,210100,2000-07-01,2029-03-01,0.0467,0.044,0.0452,18841.828792,0.00023655513099,0.029,0.0578,0.0283,0.0583,Calculado
2026-04-24,LFT,2026-04-24,210100,2000-07-01,2029-09-01,0.058,0.055,0.0566,18830.301726,0.00022318046509,0.0386,0.0687,0.0383,0.0689,Calculado
2026-04-24,LFT,2026-04-24,210100,2000-07-01,2030-03-01,0.07,0.0672,0.0686,18816.510752,0.0002828426948,0.0465,0.0816,0.0465,0.0816,Calculado
2026-04-24,LFT,2026-04-24,210100,2000-07-01,2030-06-01,0.0733,0.071,0.0724,18810.435932,0.00036892130597,0.0545,0.083,0.0548,0.0828,Calculado
2026-04-24,LFT,2026-04-24,210100,2000-07-01,2030-09-01,0.0766,0.0738,0.0755,18804.455441,0.00036187825301,0.0617,0.0852,0.0618,0.0852,Calculado
2026-04-24,LFT,2026-04-24,210100,2000-07-01,2030-12-01,0.0775,0.0735,0.0755,18800.908651,0,0.0623,0.0951,0.0624,0.0949,Calculado
2026-04-24,LFT,2026-04-24,210100,2000-07-01,2031-03-01,0.0838,0.0819,0.0833,18790.438076,0.00063652703006,0.0713,0.0961,0.0708,0.0965,Calculado
2026-04-24,LFT,2026-04-24,210100,2000-07-01,2031-06-01,0.089,0.0868,0.0883,18781.835225,0.00041595909655,0.0767,0.1003,0.0761,0.1006,Calculado
2026-04-24,LFT,2026-04-24,210100,2000-07-01,2031-09-01,0.0936,0.0919,0.0931,18772.836189,0.00035023800479,0.0822,0.1049,0.0815,0.105,Calculado
2026-04-24,LFT,2026-04-24,210100,2000-07-01,2031-12-01,0.0989,0.0962,0.0981,18763.176848,0.0003696845412,0.0865,0.1094,0.0863,0.109,Calculado
2026-04-24,LFT,2026-04-24,210100,2000-07-01,2032-03-01,0.1035,0.1027,0.1031,18753.291115,0.00013906196461,0.0901,0.1137,0.0895,0.1134,Calculado
2026-04-24,LFT,2026-04-24,210100,2000-07-01,2032-06-01,0.1102,0.1083,0.109,18741.764049,0.00008338087311,0.0918,0.1197,0.0907,0.1196,Calculado
2026-04-24,NTN-B,2026-04-24,760199,2000-07-15,2026-08-15,9.0708,9.0242,9.0497,4692.02305,0.00083603727788,8.3467,9.722,8.4865,9.873,Calculado
2026-04-24,NTN-B,2026-04-24,760199,2000-07-15,2027-05-15,8.1011,8.065,8.0881,4714.327061,0.00287965593257,7.7372,8.3343,7.8079,8.4072,Calculado
2026-04-24,NTN-B,2026-04-24,760199,2000-07-15,2028-08-15,7.9354,7.9065,7.9235,4557.805633,0.0058799902806,7.5657,8.259,7.5793,8.2727,Calculado
2026-04-24,NTN-B,2026-04-24,760199,2000-07-15,2029-05-15,7.8158,7.783,7.8,4595.450383,0,7.4491,8.1207,7.4534,8.1254,Calculado
2026-04-24,NTN-B,2026-04-24,760199,2000-07-15,2030-08-15,7.8096,7.7811,7.792,4451.862753,0.00346417378173,7.4774,8.0749,7.474,8.0717,Calculado
2026-04-24,NTN-B,2026-04-24,760199,2000-07-15,2031-05-15,7.7098,7.6798,7.6984,4499.055661,0.00208869505912,7.4012,7.964,7.3995,7.9626,Calculado
2026-04-24,NTN-B,2026-04-24,760199,2000-07-15,2032-08-15,7.6432,7.6096,7.6283,4379.097264,0.00298534431683,7.3422,7.8729,7.3428,7.8736,Calculado
2026-04-24,NTN-B,2026-04-24,760199,2000-07-15,2033-05-15,7.6232,7.5957,7.6054,4422.567374,0.0036147504824,7.3436,7.8519,7.3345,7.843,Calculado
2026-04-24,NTN-B,2026-04-24,760199,2000-07-15,2035-05-15,7.4471,7.4136,7.4251,4396.521834,0.00641326494931,7.2201,7.6806,7.188,7.6486,Calculado
2026-04-24,NTN-B,2026-04-24,760199,2000-07-15,2037-05-15,7.3723,7.3433,7.3509,4359.799589,0.00447521770644,7.1769,7.6035,7.1391,7.5657,Calculado
2026-04-24,NTN-B,2026-04-24,760199,2000-07-15,2040-08-15,7.2175,7.1885,7.1976,4267.052741,0.00287352121621,7.0433,7.4324,7.0137,7.4028,Calculado
2026-04-24,NTN-B,2026-04-24,760199,2000-07-15,2045-05-15,7.1398,7.1183,7.1263,4291.627893,0.00365543734866,6.9847,7.3514,6.9654,7.3322,Calculado
2026-04-24,NTN-B,2026-04-24,760199,2000-07-15,2050-08-15,7.11,7.0692,7.0862,4182.688042,0.00363893254403,6.9449,7.3066,6.9304,7.2921,Calculado
2026-04-24,NTN-B,2026-04-24,760199,2000-07-15,2055-05-15,7.1011,7.0661,7.0805,4219.901978,0.00132148534612,6.9429,7.3034,6.9257,7.2862,Calculado
2026-04-24,NTN-B,2026-04-24,760199,2000-07-15,2060-08-15,7.1049,7.0775,7.087,4117.574192,0.00345532050033,6.9459,7.3058,6.9328,7.2928,Calculado
2026-04-24,NTN-F,2026-04-24,950199,2016-01-15,2027-01-01,13.9676,13.9068,13.946,1006.556445,0.01139985809999,13.7077,14.3213,13.6824,14.293,Calculado
2026-04-24,NTN-F,2026-04-24,950199,2018-01-05,2029-01-01,13.5583,13.5372,13.5478,958.304716,0.00091606539614,13.1341,14.1535,13.0673,14.0868,Calculado
2026-04-24,NTN-F,2026-04-24,950199,2020-01-10,2031-01-01,13.7089,13.6965,13.703,913.856771,0,13.3359,14.3152,13.2654,14.2448,Calculado
2026-04-24,NTN-F,2026-04-24,950199,2022-01-07,2033-01-01,13.7695,13.7576,13.7635,878.833273,0,13.3859,14.3625,13.3179,14.2947,Calculado
2026-04-24,NTN-F,2026-04-24,950199,2024-01-05,2035-01-01,13.7682,13.7512,13.759,854.210049,0,13.3838,14.3525,13.3147,14.2834,Calculado
2026-04-24,NTN-F,2026-04-24,950199,2026-01-09,2037-01-01,13.7783,13.7666,13.7713,834.079834,0.00083145867005,13.3989,14.3641,13.3292,14.2946,Calculado
2026-05-04,LTN,2026-05-04,100000,2023-01-06,2026-07-01,14.3122,14.2609,14.2839,978.511477,0.01105593434315,14.1526,14.4513,14.1533,14.4483,Calculado
2026-05-04,LTN,2026-05-04,100000,2024-07-05,2026-10-01,14.0582,14.0306,14.0528,946.191936,0.02067659750056,13.8577,14.2674,13.8785,14.2854,Calculado
2026-05-04,LTN,2026-05-04,100000,2025-01-10,2027-04-01,14.0587,14.0248,14.0372,887.945803,0.00551009768153,13.6004,14.3544,13.6908,14.4426,Calculado
2026-05-04,LTN,2026-05-04,100000,2023-07-07,2027-07-01,14.0069,13.9861,13.996,859.619072,0.00007499993333,13.4532,14.3284,13.5796,14.4535,Calculado
2026-05-04,LTN,2026-05-04,100000,2025-07-04,2027-10-01,14.0086,13.9951,14.002,830.997741,0,13.3958,14.3407,13.5499,14.494,Calculado
2026-05-04,LTN,2026-05-04,100000,2024-01-05,2028-01-01,13.9028,13.8895,13.896,805.459027,0,13.2478,14.2315,13.4228,14.4061,Calculado
2026-05-04,LTN,2026-05-04,100000,2026-01-09,2028-04-01,13.8687,13.8551,13.862,780.125265,0,13.1923,14.1922,13.3771,14.3768,Calculado
2026-05-04,LTN,2026-05-04,100000,2024-07-05,2028-07-01,13.8853,13.8708,13.8787,755.752947,0.00047183152714,13.1997,14.2109,13.3889,14.3995,Calculado
2026-05-04,LTN,2026-05-04,100000,2022-02-11,2029-01-01,13.9167,13.9032,13.91,708.419739,0,13.2254,14.2636,13.4193,14.4575,Calculado
2026-05-04,LTN,2026-05-04,100000,2025-07-04,2029-07-01,13.9652,13.9527,13.9586,663.555329,0.00054952131897,13.2693,14.3082,13.4718,14.5108,Calculado
2026-05-04,LTN,2026-05-04,100000,2024-01-05,2030-01-01,13.9705,13.9584,13.9638,621.808628,0.0008121446546,13.2868,14.3121,13.491,14.5164,Calculado
2026-05-04,LTN,2026-05-04,100000,2025-01-10,2032-01-01,14.0318,14.0195,14.0252,477.314662,0.00060035076414,13.3571,14.3614,13.5644,14.5687,Calculado
2026-05-04,NTN-C,2026-05-04,770100,2000-07-01,2031-01-01,8.1446,7.9146,8.0301,7875.424569,0.05149773163577,7.5543,8.5741,7.4429,8.4629,Calculado
2026-05-04,LFT,2026-05-04,210100,2000-07-01,2026-09-01,0.0002,-0.0142,-0.0037,18917.20939,0.00419704156401,-0.0356,0.0213,-0.0373,0.0197,Calculado
2026-05-04,LFT,2026-05-04,210100,2000-07-01,2027-03-01,0.005,0.003,0.0037,18916.39596,0.00030194300787,-0.0151,0.0181,-0.0157,0.0184,Calculado
2026-05-04,LFT,2026-05-04,210100,2000-07-01,2027-09-01,0.0096,0.0065,0.0079,18914.977186,0.00004787128576,-0.0041,0.027,-0.004,0.028,Calculado
2026-05-04,LFT,2026-05-04,210100,2000-07-01,2028-03-01,0.0205,0.0184,0.0192,18910.361443,0.0008923484185,0.0067,0.0407,0.0075,0.0413,Calculado
2026-05-04,LFT,2026-05-04,210100,2000-07-01,2028-09-01,0.0322,0.0297,0.0308,18903.399993,0.00091568344967,0.0192,0.0508,0.0203,0.0511,Calculado
2026-05-04,LFT,2026-05-04,210100,2000-07-01,2029-03-01,0.0476,0.045,0.0461,18892.522728,0.0003787444521,0.0282,0.0588,0.0288,0.0592,Calculado
2026-05-04,LFT,2026-05-04,210100,2000-07-01,2029-09-01,0.0589,0.0565,0.0575,18880.926618,0.00036259299497,0.0385,0.0692,0.0386,0.0695,Calculado
2026-05-04,LFT,2026-05-04,210100,2000-07-01,2030-03-01,0.0701,0.0676,0.069,18867.43881,0.00007250103448,0.0468,0.0819,0.0469,0.0818,Calculado
2026-05-04,LFT,2026-05-04,210100,2000-07-01,2030-06-01,0.0734,0.0716,0.0725,18861.555628,0.00005135513606,0.0551,0.083,0.0549,0.0831,Calculado
2026-05-04,LFT,2026-05-04,210100,2000-07-01,2030-09-01,0.0766,0.0741,0.0756,18855.577862,0.00044261128544,0.0619,0.0855,0.0617,0.0855,Calculado
2026-05-04,LFT,2026-05-04,210100,2000-07-01,2030-12-01,0.0762,0.0741,0.0753,18852.26739,0.00031380914582,0.0621,0.0954,0.062,0.0952,Calculado
2026-05-04,LFT,2026-05-04,210100,2000-07-01,2031-03-01,0.0831,0.0806,0.0821,18842.695397,0.00074358661231,0.0697,0.0976,0.0694,0.0976,Calculado
2026-05-04,LFT,2026-05-04,210100,2000-07-01,2031-06-01,0.0881,0.0857,0.0869,18834.33409,0.00048055765523,0.075,0.1017,0.0745,0.1017,Calculado
2026-05-04,LFT,2026-05-04,210100,2000-07-01,2031-09-01,0.0926,0.0901,0.0915,18825.613362,0.00065169818168,0.0801,0.1062,0.0797,0.1062,Calculado
2026-05-04,LFT,2026-05-04,210100,2000-07-01,2031-12-01,0.0996,0.0962,0.0981,18814.357757,0.00037189256513,0.0863,0.1085,0.0862,0.1084,Calculado
2026-05-04,LFT,2026-05-04,210100,2000-07-01,2032-03-01,0.1042,0.1028,0.1035,18804.010168,0.00014162792804,0.0884,0.1139,0.0882,0.1139,Calculado
2026-05-04,LFT,2026-05-04,210100,2000-07-01,2032-06-01,0.1103,0.1091,0.1097,18792.111386,0.00008164961727,0.0892,0.1201,0.0893,0.12,Calculado
2026-05-04,NTN-B,2026-05-04,760199,2000-07-15,2026-08-15,9.1604,9.1212,9.1385,4706.683098,0.01273220528306,8.5952,10.0273,8.5564,10,Calculado
2026-05-04,NTN-B,2026-05-04,760199,2000-07-15,2027-05-15,8.1639,8.1347,8.1472,4726.809817,0.00350417190931,7.8915,8.4994,7.869,8.4791,Calculado
2026-05-04,NTN-B,2026-05-04,760199,2000-07-15,2028-08-15,7.9931,7.9677,7.98,4567.090632,0,7.6095,8.3034,7.6359,8.3298,Calculado
2026-05-04,NTN-B,2026-05-04,760199,2000-07-15,2029-05-15,7.8987,7.8688,7.8831,4600.223967,0.00381881307738,7.4957,8.1695,7.5363,8.2104,Calculado
2026-05-04,NTN-B,2026-05-04,760199,2000-07-15,2030-08-15,7.9211,7.8926,7.9079,4447.826574,0.00305463426616,7.5315,8.13,7.5893,8.188,Calculado
2026-05-04,NTN-B,2026-05-04,760199,2000-07-15,2031-05-15,7.844,7.8146,7.83,4489.759192,0,7.4707,8.0341,7.5311,8.0945,Calculado
2026-05-04,NTN-B,2026-05-04,760199,2000-07-15,2032-08-15,7.7725,7.7439,7.7593,4365.002617,0.0015599145233,7.4116,7.9429,7.4734,8.0049,Calculado
2026-05-04,NTN-B,2026-05-04,760199,2000-07-15,2033-05-15,7.757,7.7302,7.7457,4404.06468,0.00354460565367,7.4158,7.9248,7.4745,7.9836,Calculado
2026-05-04,NTN-B,2026-05-04,760199,2000-07-15,2035-05-15,7.5837,7.553,7.5672,4370.720275,0.00375705685078,7.2826,7.7436,7.3297,7.7908,Calculado
2026-05-04,NTN-B,2026-05-04,760199,2000-07-15,2037-05-15,7.5031,7.4707,7.4861,4330.396481,0.0055144615068,7.2276,7.6547,7.274,7.7011,Calculado
2026-05-04,NTN-B,2026-05-04,760199,2000-07-15,2040-08-15,7.3433,7.3111,7.3281,4231.423307,0.00271432300952,7.0958,7.4852,7.1438,7.5333,Calculado
2026-05-04,NTN-B,2026-05-04,760199,2000-07-15,2045-05-15,7.2581,7.2238,7.2401,4255.569741,0.00038348247678,7.026,7.393,7.0788,7.446,Calculado
2026-05-04,NTN-B,2026-05-04,760199,2000-07-15,2050-08-15,7.213,7.1783,7.1948,4143.730664,0.00344774085163,6.9864,7.3483,7.0388,7.4009,Calculado
2026-05-04,NTN-B,2026-05-04,760199,2000-07-15,2055-05-15,7.2044,7.1747,7.19,4177.877136,0,6.9818,7.3426,7.035,7.396,Calculado
2026-05-04,NTN-B,2026-05-04,760199,2000-07-15,2060-08-15,7.1943,7.1668,7.18,4081.783898,0,6.9769,7.3373,7.0256,7.3861,Calculado
2026-05-04,NTN-F,2026-05-04,950199,2016-01-15,2027-01-01,14.0893,14.0563,14.065,1008.490293,0.01005558818717,13.735,14.3332,13.8087,14.4037,Calculado
2026-05-04,NTN-F,2026-05-04,950199,2018-01-05,2029-01-01,13.9351,13.9149,13.9244,953.419097,0.00283135505015,13.251,14.2703,13.4436,14.4628,Calculado
2026-05-04,NTN-F,2026-05-04,950199,2020-01-10,2031-01-01,14.0627,14.0511,14.0566,905.897316,0.00022886882706,13.4162,14.3954,13.6195,14.5984,Calculado
2026-05-04,NTN-F,2026-05-04,950199,2022-01-07,2033-01-01,14.0982,14.0858,14.0925,869.245212,0.00103420086057,13.4438,14.4206,13.6472,14.6237,Calculado
2026-05-04,NTN-F,2026-05-04,950199,2024-01-05,2035-01-01,14.0854,14.0721,14.0781,843.343816,0.00076885875166,13.4258,14.3948,13.6339,14.6024,Calculado
2026-05-04,NTN-F,2026-05-04,950199,2026-01-09,2037-01-01,14.0766,14.0618,14.0684,823.045413,0.00005773491145,13.4259,14.392,13.6262,14.5918,Calculado
2026-05-06,LTN,2026-05-06,100000,2023-01-06,2026-07-01,14.3215,14.2921,14.3039,979.522376,0.00426099787961,14.1797,14.4711,14.1778,14.4655,Calculado
2026-05-06,LTN,2026-05-06,100000,2024-07-05,2026-10-01,13.9809,13.9228,13.9512,947.528319,0.0064569282999,13.8408,14.2448,13.7806,14.1817,Calculado
2026-05-06,LTN,2026-05-06,100000,2025-01-10,2027-04-01,13.7734,13.735,13.7503,890.882302,0.01080803253326,13.5369,14.2866,13.407,14.1546,Calculado
2026-05-06,LTN,2026-05-06,100000,2023-07-07,2027-07-01,13.6798,13.6669,13.673,863.317948,0,13.4373,14.3098,13.2585,14.1297,Calculado
2026-05-06,LTN,2026-05-06,100000,2025-07-04,2027-10-01,13.649,13.639,13.6438,835.548089,0.00059557189323,13.4154,14.3586,13.1929,14.1353,Calculado
2026-05-06,LTN,2026-05-06,100000,2024-01-05,2028-01-01,13.5369,13.5212,13.529,810.608859,0,13.282,14.265,13.0565,14.039,Calculado
2026-05-06,LTN,2026-05-06,100000,2026-01-09,2028-04-01,13.4932,13.4794,13.486,785.865134,0,13.2401,14.2398,13.0014,14.0009,Calculado
2026-05-06,LTN,2026-05-06,100000,2024-07-05,2028-07-01,13.506,13.4916,13.4988,761.979601,0.00223630179985,13.2541,14.2643,13.009,14.0187,Calculado
2026-05-06,LTN,2026-05-06,100000,2022-02-11,2029-01-01,13.5558,13.544,13.5495,715.109124,0.00062412511566,13.3027,14.3408,13.0588,14.0968,Calculado
2026-05-06,LTN,2026-05-06,100000,2025-07-04,2029-07-01,13.6179,13.6059,13.612,670.609116,0,13.3654,14.4044,13.1249,14.164,Calculado
2026-05-06,LTN,2026-05-06,100000,2024-01-05,2030-01-01,13.6367,13.6272,13.6325,629.061476,0.00096163237778,13.3967,14.4223,13.1592,14.1849,Calculado
2026-05-06,LTN,2026-05-06,100000,2025-01-10,2032-01-01,13.7718,13.7599,13.7655,483.982162,0.00059150911236,13.4981,14.5024,13.3045,14.3088,Calculado
2026-05-06,NTN-C,2026-05-06,770100,2000-07-01,2031-01-01,8.123,7.893,8.0059,7893.210689,0.07987353912742,7.5374,8.5574,7.5433,8.5632,Calculado
2026-05-06,LFT,2026-05-06,210100,2000-07-01,2026-09-01,0,-0.0129,-0.002,18937.304741,0.00124468393177,-0.0366,0.0211,-0.0366,0.0214,Calculado
2026-05-06,LFT,2026-05-06,210100,2000-07-01,2027-03-01,0.005,0.002,0.0035,18936.641939,0.00030641292401,-0.0145,0.0181,-0.0144,0.0181,Calculado
2026-05-06,LFT,2026-05-06,210100,2000-07-01,2027-09-01,0.0094,0.0062,0.0076,18935.278461,0.00035795062509,-0.0041,0.028,-0.004,0.0279,Calculado
2026-05-06,LFT,2026-05-06,210100,2000-07-01,2028-03-01,0.0215,0.0182,0.0195,18930.487352,0,0.0079,0.0406,0.0081,0.0405,Calculado
2026-05-06,LFT,2026-05-06,210100,2000-07-01,2028-09-01,0.0317,0.0296,0.0308,18923.651026,0.00040555778873,0.0202,0.0508,0.0203,0.0507,Calculado
2026-05-06,LFT,2026-05-06,210100,2000-07-01,2029-03-01,0.0481,0.0445,0.0464,18912.629581,0.00032221657313,0.0282,0.0595,0.0282,0.0596,Calculado
2026-05-06,LFT,2026-05-06,210100,2000-07-01,2029-09-01,0.0592,0.0556,0.0574,18901.248329,0.00002672601729,0.0384,0.0695,0.0385,0.0694,Calculado
2026-05-06,LFT,2026-05-06,210100,2000-07-01,2030-03-01,0.0693,0.065,0.0685,18888.049107,0.00052436469179,0.0471,0.0815,0.0473,0.0813,Calculado
2026-05-06,LFT,2026-05-06,210100,2000-07-01,2030-06-01,0.074,0.0708,0.0725,18881.818771,0.00015438043918,0.0548,0.0832,0.0546,0.0833,Calculado
2026-05-06,LFT,2026-05-06,210100,2000-07-01,2030-09-01,0.0761,0.073,0.0751,18876.232299,0.00055282368799,0.0615,0.0856,0.0612,0.086,Calculado
2026-05-06,LFT,2026-05-06,210100,2000-07-01,2030-12-01,0.0777,0.0737,0.0753,18872.52061,0.00039141103715,0.0617,0.0955,0.0617,0.0955,Calculado
2026-05-06,LFT,2026-05-06,210100,2000-07-01,2031-03-01,0.0847,0.0808,0.0824,18862.67327,0.00040892812327,0.0693,0.0977,0.0694,0.0977,Calculado
2026-05-06,LFT,2026-05-06,210100,2000-07-01,2031-06-01,0.0893,0.0858,0.0871,18854.397718,0.00035846439154,0.0744,0.102,0.0745,0.102,Calculado
2026-05-06,LFT,2026-05-06,210100,2000-07-01,2031-09-01,0.0938,0.0903,0.0916,18845.762359,0.00040179335485,0.0794,0.1066,0.0795,0.1066,Calculado
2026-05-06,LFT,2026-05-06,210100,2000-07-01,2031-12-01,0.1,0.096,0.0981,18834.589416,0.00016720744601,0.0861,0.1086,0.0859,0.1089,Calculado
2026-05-06,LFT,2026-05-06,210100,2000-07-01,2032-03-01,0.1053,0.103,0.1037,18824.041401,0.00036554851935,0.0881,0.1142,0.088,0.1144,Calculado
2026-05-06,LFT,2026-05-06,210100,2000-07-01,2032-06-01,0.1106,0.1093,0.11,18812.016284,0.00011694639798,0.0892,0.1204,0.0895,0.1202,Calculado
2026-05-06,NTN-B,2026-05-06,760199,2000-07-15,2026-08-15,9.4329,9.3942,9.41,4709.752011,0,8.6088,10.0642,8.8225,10.2895,Calculado
2026-05-06,NTN-B,2026-05-06,760199,2000-07-15,2027-05-15,8.1515,8.1246,8.1399,4733.219924,0.00018856176707,7.85,8.4623,7.8632,8.4777,Calculado
2026-05-06,NTN-B,2026-05-06,760199,2000-07-15,2028-08-15,7.886,7.857,7.8703,4582.828149,0.00079925951981,7.5919,8.286,7.5263,8.2205,Calculado
2026-05-06,NTN-B,2026-05-06,760199,2000-07-15,2029-05-15,7.7941,7.7663,7.7804,4617.959615,0.00082590808811,7.4952,8.1698,7.4334,8.1084,Calculado
2026-05-06,NTN-B,2026-05-06,760199,2000-07-15,2030-08-15,7.816,7.7889,7.8033,4469.703421,0.00453009261715,7.5513,8.1501,7.4844,8.0835,Calculado
2026-05-06,NTN-B,2026-05-06,760199,2000-07-15,2031-05-15,7.7446,7.716,7.73,4513.137835,0,7.491,8.0546,7.431,7.9947,Calculado
2026-05-06,NTN-B,2026-05-06,760199,2000-07-15,2032-08-15,7.7053,7.6768,7.6919,4384.721414,0.0028291502081,7.4564,7.988,7.4058,7.9375,Calculado
2026-05-06,NTN-B,2026-05-06,760199,2000-07-15,2033-05-15,7.6834,7.6543,7.6684,4427.32037,0.0018875302779,7.4472,7.9564,7.397,7.9063,Calculado
2026-05-06,NTN-B,2026-05-06,760199,2000-07-15,2035-05-15,7.5265,7.4974,7.51,4391.926064,0,7.3215,7.7826,7.2724,7.7337,Calculado
2026-05-06,NTN-B,2026-05-06,760199,2000-07-15,2037-05-15,7.4426,7.4162,7.4297,4353.523171,0.00068313004618,7.2627,7.6898,7.2175,7.6446,Calculado
2026-05-06,NTN-B,2026-05-06,760199,2000-07-15,2040-08-15,7.2942,7.2639,7.279,4254.803047,0.00186713261447,7.1258,7.5152,7.0948,7.4841,Calculado
2026-05-06,NTN-B,2026-05-06,760199,2000-07-15,2045-05-15,7.214,7.1837,7.1968,4279.317629,0.00271649203754,7.0687,7.4359,7.0356,7.4026,Calculado
2026-05-06,NTN-B,2026-05-06,760199,2000-07-15,2050-08-15,7.1562,7.1283,7.14,4174.669511,0,7.0209,7.3828,6.9842,7.3459,Calculado
2026-05-06,NTN-B,2026-05-06,760199,2000-07-15,2055-05-15,7.1478,7.1167,7.131,4212.312044,0.00200582484779,7.0151,7.3759,6.9762,7.3368,Calculado
2026-05-06,NTN-B,2026-05-06,760199,2000-07-15,2060-08-15,7.141,7.1162,7.1252,4115.032851,0.00360112115597,7.0108,7.3712,6.971,7.331,Calculado
2026-05-06,NTN-F,2026-05-06,950199,2016-01-15,2027-01-01,13.9339,13.8955,13.9075,1010.430122,0.01011642935279,13.7511,14.343,13.656,14.2447,Calculado
2026-05-06,NTN-F,2026-05-06,950199,2018-01-05,2029-01-01,13.575,13.5539,13.5635,961.387328,0.0019940437608,13.3261,14.3454,13.0824,14.1018,Calculado
2026-05-06,NTN-F,2026-05-06,950199,2020-01-10,2031-01-01,13.7627,13.7518,13.758,915.512621,0.00073132899573,13.535,14.5138,13.3208,14.2997,Calculado
2026-05-06,NTN-F,2026-05-06,950199,2022-01-07,2033-01-01,13.8707,13.8599,13.865,878.311662,0.00088702636939,13.5958,14.572,13.4197,14.3959,Calculado
2026-05-06,NTN-F,2026-05-06,950199,2024-01-05,2035-01-01,13.8835,13.8691,13.8751,852.49175,0.00203289130305,13.5948,14.5628,13.4312,14.3989,Calculado
2026-05-06,NTN-F,2026-05-06,950199,2026-01-09,2037-01-01,13.8999,13.8856,13.893,831.640393,0,13.6097,14.5742,13.4515,14.4155,Calculado
2026-05-05,LTN,2026-05-05,100000,2023-01-06,2026-07-01,14.3271,14.2997,14.308,978.997286,0.01841126208113,14.1533,14.4483,14.1797,14.4711,Calculado
2026-05-05,LTN,2026-05-05,100000,2024-07-05,2026-10-01,14.0391,13.9864,14.0133,946.822424,0.02153939358896,13.8785,14.2854,13.8408,14.2448,Calculado
2026-05-05,LTN,2026-05-05,100000,2025-01-10,2027-04-01,13.907,13.8711,13.8819,889.500017,0.01253565441331,13.6908,14.4426,13.5369,14.2866,Calculado
2026-05-05,LTN,2026-05-05,100000,2023-07-07,2027-07-01,13.8607,13.8435,13.8529,861.31016,0.00558385853868,13.5796,14.4535,13.4373,14.3098,Calculado
2026-05-05,LTN,2026-05-05,100000,2025-07-04,2027-10-01,13.8738,13.8605,13.867,832.818967,0.00279600801322,13.5499,14.494,13.4154,14.3586,Calculado
2026-05-05,LTN,2026-05-05,100000,2024-01-05,2028-01-01,13.7623,13.7476,13.755,807.532578,0,13.4228,14.4061,13.282,14.265,Calculado
2026-05-05,LTN,2026-05-05,100000,2026-01-09,2028-04-01,13.7325,13.7175,13.725,782.322952,0,13.3771,14.3768,13.2401,14.2398,Calculado
2026-05-05,LTN,2026-05-05,100000,2024-07-05,2028-07-01,13.7504,13.7368,13.744,758.070059,0,13.3889,14.3995,13.2541,14.2643,Calculado
2026-05-05,LTN,2026-05-05,100000,2022-02-11,2029-01-01,13.8002,13.7877,13.7935,710.705345,0.00060306235167,13.4193,14.4575,13.3027,14.3408,Calculado
2026-05-05,LTN,2026-05-05,100000,2025-07-04,2029-07-01,13.859,13.8466,13.8524,665.842797,0.00064105176078,13.4718,14.5108,13.3654,14.4044,Calculado
2026-05-05,LTN,2026-05-05,100000,2024-01-05,2030-01-01,13.8765,13.8639,13.8698,623.998021,0.00065844713531,13.491,14.5164,13.3967,14.4223,Calculado
2026-05-05,LTN,2026-05-05,100000,2025-01-10,2032-01-01,13.9646,13.9533,13.959,479.127577,0.00056779813314,13.5644,14.5687,13.4981,14.5024,Calculado
2026-05-05,NTN-C,2026-05-05,770100,2000-07-01,2031-01-01,8.1446,7.9146,8.0288,7881.442555,0.04599308248367,7.4429,8.4629,7.5374,8.5574,Calculado
2026-05-05,LFT,2026-05-05,210100,2000-07-01,2026-09-01,-0.0007,-0.012,-0.0022,18927.216545,0.00163778903709,-0.0373,0.0197,-0.0366,0.0211,Calculado
2026-05-05,LFT,2026-05-05,210100,2000-07-01,2027-03-01,0.0049,0.0018,0.0035,18926.53517,0.00065614503732,-0.0157,0.0184,-0.0145,0.0181,Calculado
2026-05-05,LFT,2026-05-05,210100,2000-07-01,2027-09-01,0.0094,0.0062,0.0076,18925.17242,0.00047958314191,-0.004,0.028,-0.0041,0.028,Calculado
2026-05-05,LFT,2026-05-05,210100,2000-07-01,2028-03-01,0.0207,0.0187,0.0194,18920.402795,0.00069954872597,0.0075,0.0413,0.0079,0.0406,Calculado
2026-05-05,LFT,2026-05-05,210100,2000-07-01,2028-09-01,0.032,0.0294,0.0307,18913.570117,0.00033396996871,0.0203,0.0511,0.0202,0.0508,Calculado
2026-05-05,LFT,2026-05-05,210100,2000-07-01,2029-03-01,0.048,0.0455,0.0464,18902.497773,0.0005708806793,0.0288,0.0592,0.0282,0.0595,Calculado
2026-05-05,LFT,2026-05-05,210100,2000-07-01,2029-09-01,0.0592,0.0564,0.0575,18891.065815,0.00039456838444,0.0386,0.0695,0.0384,0.0695,Calculado
2026-05-05,LFT,2026-05-05,210100,2000-07-01,2030-03-01,0.0695,0.0675,0.0687,18877.779002,0.00050431470334,0.0469,0.0818,0.0471,0.0815,Calculado
2026-05-05,LFT,2026-05-05,210100,2000-07-01,2030-06-01,0.0732,0.0714,0.0724,18871.760189,0.00006215810486,0.0549,0.0831,0.0548,0.0832,Calculado
2026-05-05,LFT,2026-05-05,210100,2000-07-01,2030-09-01,0.0762,0.0737,0.0753,18865.949574,0.00050562623547,0.0617,0.0855,0.0615,0.0856,Calculado
2026-05-05,LFT,2026-05-05,210100,2000-07-01,2030-12-01,0.0762,0.074,0.0752,18862.485918,0.00031556130942,0.062,0.0952,0.0617,0.0955,Calculado
2026-05-05,LFT,2026-05-05,210100,2000-07-01,2031-03-01,0.0845,0.0808,0.0822,18852.738469,0.00036147164481,0.0694,0.0976,0.0693,0.0977,Calculado
2026-05-05,LFT,2026-05-05,210100,2000-07-01,2031-06-01,0.088,0.0859,0.0869,18844.467334,0.00004522665143,0.0745,0.1017,0.0744,0.102,Calculado
2026-05-05,LFT,2026-05-05,210100,2000-07-01,2031-09-01,0.0923,0.0906,0.0914,18835.836583,0.0001043907084,0.0797,0.1062,0.0794,0.1066,Calculado
2026-05-05,LFT,2026-05-05,210100,2000-07-01,2031-12-01,0.1005,0.097,0.0982,18824.36677,0.00028607381914,0.0862,0.1084,0.0861,0.1086,Calculado
2026-05-05,LFT,2026-05-05,210100,2000-07-01,2032-03-01,0.1051,0.1017,0.1036,18814.032582,0.00019967290753,0.0882,0.1139,0.0881,0.1142,Calculado
2026-05-05,LFT,2026-05-05,210100,2000-07-01,2032-06-01,0.1107,0.1097,0.1101,18801.786759,0.00012681427364,0.0893,0.12,0.0892,0.1204,Calculado
2026-05-05,NTN-B,2026-05-05,760199,2000-07-15,2026-08-15,9.2132,9.1742,9.1943,4709.193244,0.01774165449838,8.5564,10,8.6088,10.0642,Calculado
2026-05-05,NTN-B,2026-05-05,760199,2000-07-15,2027-05-15,8.1403,8.1131,8.1276,4730.696753,0.00396592630037,7.869,8.4791,7.85,8.4623,Calculado
2026-05-05,NTN-B,2026-05-05,760199,2000-07-15,2028-08-15,7.9498,7.9226,7.936,4573.978734,0.00528127674431,7.6359,8.3298,7.5919,8.286,Calculado
2026-05-05,NTN-B,2026-05-05,760199,2000-07-15,2029-05-15,7.8542,7.8264,7.8421,4607.887932,0.00388693003539,7.5363,8.2104,7.4952,8.1698,Calculado
2026-05-05,NTN-B,2026-05-05,760199,2000-07-15,2030-08-15,7.8832,7.8559,7.87,4456.523503,0,7.5893,8.188,7.5513,8.1501,Calculado
2026-05-05,NTN-B,2026-05-05,760199,2000-07-15,2031-05-15,7.8046,7.7775,7.79,4499.67128,0,7.5311,8.0945,7.491,8.0546,Calculado
2026-05-05,NTN-B,2026-05-05,760199,2000-07-15,2032-08-15,7.7536,7.7292,7.7424,4371.316496,0.00275957208277,7.4734,8.0049,7.4564,7.988,Calculado
2026-05-05,NTN-B,2026-05-05,760199,2000-07-15,2033-05-15,7.7326,7.7081,7.7185,4413.061361,0.00215550586174,7.4745,7.9836,7.4472,7.9564,Calculado
2026-05-05,NTN-B,2026-05-05,760199,2000-07-15,2035-05-15,7.5728,7.5455,7.559,4375.698839,0.00695415499755,7.3297,7.7908,7.3215,7.7826,Calculado
2026-05-05,NTN-B,2026-05-05,760199,2000-07-15,2037-05-15,7.4876,7.4565,7.4748,4336.628424,0.00626886762422,7.274,7.7011,7.2627,7.6898,Calculado
2026-05-05,NTN-B,2026-05-05,760199,2000-07-15,2040-08-15,7.3256,7.2968,7.31,4240.709545,0,7.1438,7.5333,7.1258,7.5152,Calculado
2026-05-05,NTN-B,2026-05-05,760199,2000-07-15,2045-05-15,7.2431,7.2158,7.23,4262.48519,0,7.0788,7.446,7.0687,7.4359,Calculado
2026-05-05,NTN-B,2026-05-05,760199,2000-07-15,2050-08-15,7.192,7.1648,7.1768,4154.728356,0.00336873949572,7.0388,7.4009,7.0209,7.3828,Calculado
2026-05-05,NTN-B,2026-05-05,760199,2000-07-15,2055-05-15,7.1873,7.1542,7.17,4190.331372,0,7.035,7.396,7.0151,7.3759,Calculado
2026-05-05,NTN-B,2026-05-05,760199,2000-07-15,2060-08-15,7.1787,7.1512,7.1652,4091.874113,0.00541050829313,7.0256,7.3861,7.0108,7.3712,Calculado
2026-05-05,NTN-F,2026-05-05,950199,2016-01-15,2027-01-01,14.0298,13.9956,14.0051,1009.355723,0.00605250447749,13.8087,14.4037,13.7511,14.343,Calculado
2026-05-05,NTN-F,2026-05-05,950199,2018-01-05,2029-01-01,13.8181,13.7983,13.8071,956.175691,0.00268009416812,13.4436,14.4628,13.3261,14.3454,Calculado
2026-05-05,NTN-F,2026-05-05,950199,2020-01-10,2031-01-01,13.979,13.9667,13.9721,908.812805,0.00080759551757,13.6195,14.5984,13.535,14.5138,Calculado
2026-05-05,NTN-F,2026-05-05,950199,2022-01-07,2033-01-01,14.0475,14.0351,14.041,871.537341,0.00062396580034,13.6472,14.6237,13.5958,14.572,Calculado
2026-05-05,NTN-F,2026-05-05,950199,2024-01-05,2035-01-01,14.0457,14.0336,14.0388,845.375787,0.00170981758676,13.6339,14.6024,13.5948,14.5628,Calculado
2026-05-05,NTN-F,2026-05-05,950199,2026-01-09,2037-01-01,14.0593,14.0441,14.0514,824.220216,0.00151393526612,13.6262,14.5918,13.6097,14.5742,Calculado
2026-05-07,LTN,2026-05-07,100000,2023-01-06,2026-07-01,14.3246,14.2921,14.3176,980.024456,0.01379200417198,14.1778,14.4655,14.1922,14.4833,Calculado
2026-05-07,LTN,2026-05-07,100000,2024-07-05,2026-10-01,13.9964,13.9482,13.9624,947.981424,0.00411128839903,13.7806,14.1817,13.7925,14.1908,Calculado
2026-05-07,LTN,2026-05-07,100000,2025-01-10,2027-04-01,13.8034,13.7803,13.7909,891.053927,0.00434742993618,13.407,14.1546,13.4487,14.194,Calculado
2026-05-07,LTN,2026-05-07,100000,2023-07-07,2027-07-01,13.7188,13.7031,13.7099,863.43677,0.0021546120138,13.2585,14.1297,13.296,14.1658,Calculado
2026-05-07,LTN,2026-05-07,100000,2025-07-04,2027-10-01,13.6916,13.6799,13.685,835.547912,0.00091511123368,13.1929,14.1353,13.2344,14.176,Calculado
2026-05-07,LTN,2026-05-07,100000,2024-01-05,2028-01-01,13.5801,13.5663,13.574,810.486727,0,13.0565,14.039,13.1016,14.0838,Calculado
2026-05-07,LTN,2026-05-07,100000,2026-01-09,2028-04-01,13.5412,13.5287,13.535,785.614868,0,13.0014,14.0009,13.0504,14.0498,Calculado
2026-05-07,LTN,2026-05-07,100000,2024-07-05,2028-07-01,13.5657,13.5493,13.5584,761.505429,0.00190133466807,13.009,14.0187,13.0686,14.0778,Calculado
2026-05-07,LTN,2026-05-07,100000,2022-02-11,2029-01-01,13.6216,13.6103,13.6155,714.375194,0.00058600228668,13.0588,14.0968,13.1247,14.1626,Calculado
2026-05-07,LTN,2026-05-07,100000,2025-07-04,2029-07-01,13.6937,13.6822,13.6876,669.554642,0.00058132707661,13.1249,14.164,13.2003,14.2395,Calculado
2026-05-07,LTN,2026-05-07,100000,2024-01-05,2030-01-01,13.7144,13.703,13.7076,627.875852,0.0007651952692,13.1592,14.1849,13.2342,14.26,Calculado
2026-05-07,LTN,2026-05-07,100000,2025-01-10,2032-01-01,13.8521,13.8408,13.8464,482.298232,0.00079135958325,13.3045,14.3088,13.3854,14.3896,Calculado
2026-05-07,NTN-C,2026-05-07,770100,2000-07-01,2031-01-01,8.1291,7.9121,8.0143,7896.652972,0.03159483080062,7.5433,8.5632,7.4875,8.5089,Calculado
2026-05-07,LFT,2026-05-07,210100,2000-07-01,2026-09-01,0.0002,-0.0132,-0.0016,18947.398314,0.00127260512336,-0.0366,0.0214,-0.0366,0.022,Calculado
2026-05-07,LFT,2026-05-07,210100,2000-07-01,2027-03-01,0.005,0.0028,0.0037,18946.735158,0.00050758945024,-0.0144,0.0181,-0.0141,0.0184,Calculado
2026-05-07,LFT,2026-05-07,210100,2000-07-01,2027-09-01,0.0091,0.0064,0.0077,18945.370953,0.00041981164824,-0.004,0.0279,-0.0039,0.0282,Calculado
2026-05-07,LFT,2026-05-07,210100,2000-07-01,2028-03-01,0.0211,0.0184,0.0196,18940.577285,0.00038228756192,0.0081,0.0405,0.0082,0.0407,Calculado
2026-05-07,LFT,2026-05-07,210100,2000-07-01,2028-09-01,0.0323,0.0304,0.0313,18933.566782,0.00041096092272,0.0203,0.0507,0.0209,0.0504,Calculado
2026-05-07,LFT,2026-05-07,210100,2000-07-01,2029-03-01,0.0481,0.0456,0.0466,18922.653136,0.00046494780352,0.0282,0.0596,0.0283,0.0597,Calculado
2026-05-07,LFT,2026-05-07,210100,2000-07-01,2029-09-01,0.0593,0.0566,0.0575,18911.322648,0.00039295261801,0.0385,0.0694,0.0386,0.0694,Calculado
2026-05-07,LFT,2026-05-07,210100,2000-07-01,2030-03-01,0.0695,0.0672,0.0683,18898.324798,0.00027600083333,0.0473,0.0813,0.0477,0.081,Calculado
2026-05-07,LFT,2026-05-07,210100,2000-07-01,2030-06-01,0.0733,0.0712,0.0723,18892.110082,0.00032017902805,0.0546,0.0833,0.0548,0.0833,Calculado
2026-05-07,LFT,2026-05-07,210100,2000-07-01,2030-09-01,0.076,0.0746,0.0752,18886.29326,0.00031632020169,0.0612,0.086,0.0612,0.086,Calculado
2026-05-07,LFT,2026-05-07,210100,2000-07-01,2030-12-01,0.0773,0.0737,0.0753,18882.655378,0.00026746203469,0.0617,0.0955,0.0616,0.0957,Calculado
2026-05-07,LFT,2026-05-07,210100,2000-07-01,2031-03-01,0.0841,0.0808,0.0824,18872.821727,0.00007977236364,0.0694,0.0977,0.0693,0.0978,Calculado
2026-05-07,LFT,2026-05-07,210100,2000-07-01,2031-06-01,0.0891,0.086,0.0872,18864.447019,0.00030641292401,0.0745,0.102,0.0745,0.102,Calculado
2026-05-07,LFT,2026-05-07,210100,2000-07-01,2031-09-01,0.0931,0.0901,0.0916,18855.882838,0.00019311048651,0.0795,0.1066,0.0794,0.1067,Calculado
2026-05-07,LFT,2026-05-07,210100,2000-07-01,2031-12-01,0.0999,0.0964,0.0982,18844.628139,0.00036782347668,0.0859,0.1089,0.0859,0.1089,Calculado
2026-05-07,LFT,2026-05-07,210100,2000-07-01,2032-03-01,0.1044,0.1032,0.1037,18834.169228,0.00016379880952,0.088,0.1144,0.088,0.1145,Calculado
2026-05-07,LFT,2026-05-07,210100,2000-07-01,2032-06-01,0.1108,0.109,0.11,18822.13769,0.0000650442926,0.0895,0.1202,0.0895,0.1202,Calculado
2026-05-07,NTN-B,2026-05-07,760199,2000-07-15,2026-08-15,9.4503,9.4022,9.4251,4712.822531,0.01954599692162,8.8225,10.2895,8.8338,10.3127,Calculado
2026-05-07,NTN-B,2026-05-07,760199,2000-07-15,2027-05-15,8.1223,8.0975,8.11,4737.547191,0,7.8632,8.4777,7.8337,8.4504,Calculado
2026-05-07,NTN-B,2026-05-07,760199,2000-07-15,2028-08-15,7.8842,7.86,7.87,4585.762382,0,7.5263,8.2205,7.526,8.2204,Calculado
2026-05-07,NTN-B,2026-05-07,760199,2000-07-15,2029-05-15,7.798,7.7682,7.7843,4620.421979,0.00515058942452,7.4334,8.1084,7.4373,8.1127,Calculado
2026-05-07,NTN-B,2026-05-07,760199,2000-07-15,2030-08-15,7.8185,7.7918,7.8,4473.041221,0,7.4844,8.0835,7.481,8.0803,Calculado
2026-05-07,NTN-B,2026-05-07,760199,2000-07-15,2031-05-15,7.7365,7.711,7.7246,4516.936178,0.00379977838564,7.431,7.9947,7.4255,7.9893,Calculado
2026-05-07,NTN-B,2026-05-07,760199,2000-07-15,2032-08-15,7.7042,7.6767,7.6909,4387.68809,0.00185965474753,7.4058,7.9375,7.4048,7.9365,Calculado
2026-05-07,NTN-B,2026-05-07,760199,2000-07-15,2033-05-15,7.6858,7.6571,7.6702,4429.686206,0.00060046277154,7.397,7.9063,7.3987,7.9081,Calculado
2026-05-07,NTN-B,2026-05-07,760199,2000-07-15,2035-05-15,7.5517,7.5165,7.5326,4388.420533,0.01043611091643,7.2724,7.7337,7.295,7.7563,Calculado
2026-05-07,NTN-B,2026-05-07,760199,2000-07-15,2037-05-15,7.4685,7.4323,7.4468,4350.821772,0.00532800328829,7.2175,7.6446,7.2346,7.6618,Calculado
2026-05-07,NTN-B,2026-05-07,760199,2000-07-15,2040-08-15,7.3195,7.2812,7.2988,4250.068548,0.00171498584834,7.0948,7.4841,7.1145,7.5039,Calculado
2026-05-07,NTN-B,2026-05-07,760199,2000-07-15,2045-05-15,7.224,7.194,7.209,4276.690049,0.00178226557505,7.0356,7.4026,7.0478,7.4148,Calculado
2026-05-07,NTN-B,2026-05-07,760199,2000-07-15,2050-08-15,7.1726,7.1305,7.15,4172.462414,0.00068844631599,6.9842,7.3459,6.9942,7.3559,Calculado
2026-05-07,NTN-B,2026-05-07,760199,2000-07-15,2055-05-15,7.1513,7.1169,7.1338,4213.469854,0.00570282264673,6.9762,7.3368,6.979,7.3396,Calculado
2026-05-07,NTN-B,2026-05-07,760199,2000-07-15,2060-08-15,7.1372,7.1107,7.123,4118.674776,0.00308188638661,6.971,7.331,6.9688,7.3288,Calculado
2026-05-07,NTN-F,2026-05-07,950199,2016-01-15,2027-01-01,13.9612,13.921,13.9369,1010.787792,0.00945512021288,13.656,14.2447,13.6871,14.2725,Calculado
2026-05-07,NTN-F,2026-05-07,950199,2018-01-05,2029-01-01,13.6413,13.6208,13.6296,960.58977,0.00263310014432,13.0824,14.1018,13.1484,14.1677,Calculado
2026-05-07,NTN-F,2026-05-07,950199,2020-01-10,2031-01-01,13.8442,13.8327,13.8389,913.621838,0.00056383374323,13.3208,14.2997,13.4018,14.3805,Calculado
2026-05-07,NTN-F,2026-05-07,950199,2022-01-07,2033-01-01,13.9472,13.9371,13.9446,875.898717,0.00094705425399,13.4197,14.3959,13.4994,14.4755,Calculado
2026-05-07,NTN-F,2026-05-07,950199,2024-01-05,2035-01-01,13.9636,13.9499,13.9567,849.594791,0.00060565102988,13.4312,14.3989,13.5129,14.4803,Calculado
2026-05-07,NTN-F,2026-05-07,950199,2026-01-09,2037-01-01,13.9769,13.9644,13.9706,828.634261,0.00055253426138,13.4515,14.4155,13.5293,14.4929,Calculado
2026-05-08,LTN,2026-05-08,100000,2023-01-06,2026-07-01,14.3391,14.3034,14.3199,980.542084,0.00723417136098,14.1922,14.4833,14.1954,14.4903,Calculado
2026-05-08,LTN,2026-05-08,100000,2024-07-05,2026-10-01,13.988,13.9298,13.9563,948.493767,0.00528834039279,13.7925,14.1908,13.7874,14.1828,Calculado
2026-05-08,LTN,2026-05-08,100000,2025-01-10,2027-04-01,13.7821,13.7607,13.7708,891.650862,0.00457071788453,13.4487,14.194,13.4298,14.173,Calculado
2026-05-08,LTN,2026-05-08,100000,2023-07-07,2027-07-01,13.6883,13.672,13.6782,864.151461,0.00446235577246,13.296,14.1658,13.2651,14.1335,Calculado
2026-05-08,LTN,2026-05-08,100000,2025-07-04,2027-10-01,13.6587,13.6436,13.6508,836.324702,0.00161522362538,13.2344,14.176,13.2007,14.1414,Calculado
2026-05-08,LTN,2026-05-08,100000,2024-01-05,2028-01-01,13.5433,13.5283,13.5354,811.350268,0.00275943887593,13.1016,14.0838,13.0634,14.0451,Calculado
2026-05-08,LTN,2026-05-08,100000,2026-01-09,2028-04-01,13.5064,13.4919,13.4989,786.484987,0.0000801783013,13.0504,14.0498,13.0145,14.0137,Calculado
2026-05-08,LTN,2026-05-08,100000,2024-07-05,2028-07-01,13.5209,13.5029,13.5114,762.564647,0.00352986210212,13.0686,14.0778,13.0217,14.0304,Calculado
2026-05-08,LTN,2026-05-08,100000,2022-02-11,2029-01-01,13.5801,13.5673,13.5735,715.432755,0,13.1247,14.1626,13.0828,14.1206,Calculado
2026-05-08,LTN,2026-05-08,100000,2025-07-04,2029-07-01,13.6432,13.6302,13.6369,670.829422,0.0007035415766,13.2003,14.2395,13.1496,14.1888,Calculado
2026-05-08,LTN,2026-05-08,100000,2024-01-05,2030-01-01,13.665,13.653,13.6576,629.196718,0.00103723090004,13.2342,14.26,13.184,14.21,Calculado
2026-05-08,LTN,2026-05-08,100000,2025-01-10,2032-01-01,13.7861,13.7732,13.7795,484.142932,0,13.3854,14.3896,13.3186,14.3227,Calculado
2026-05-08,NTN-C,2026-05-08,770100,2000-07-01,2031-01-01,8.1261,7.8961,8.0135,7902.550182,0.03191038588391,7.4875,8.5089,7.522,8.5462,Calculado
2026-05-08,LFT,2026-05-08,210100,2000-07-01,2026-09-01,0.0036,-0.0065,-0.0013,18957.497268,0.00107540281755,-0.0366,0.022,-0.0363,0.0222,Calculado
2026-05-08,LFT,2026-05-08,210100,2000-07-01,2027-03-01,0.0063,0.0031,0.0044,18956.738971,0.00094505638456,-0.0141,0.0184,-0.0136,0.019,Calculado
2026-05-08,LFT,2026-05-08,210100,2000-07-01,2027-09-01,0.0095,0.0075,0.0081,18955.392994,0.00069122316946,-0.0039,0.0282,-0.0033,0.0287,Calculado
2026-05-08,LFT,2026-05-08,210100,2000-07-01,2028-03-01,0.0214,0.0193,0.0201,18950.539895,0.00053653369885,0.0082,0.0407,0.0088,0.041,Calculado
2026-05-08,LFT,2026-05-08,210100,2000-07-01,2028-09-01,0.033,0.0308,0.0315,18943.601478,0.00047749344498,0.0209,0.0504,0.0211,0.0508,Calculado
2026-05-08,LFT,2026-05-08,210100,2000-07-01,2029-03-01,0.0482,0.0461,0.0469,18932.625131,0.00051304615777,0.0283,0.0597,0.0285,0.06,Calculado
2026-05-08,LFT,2026-05-08,210100,2000-07-01,2029-09-01,0.0592,0.0566,0.0577,18921.345466,0.00041735381872,0.0386,0.0694,0.0386,0.0696,Calculado
2026-05-08,LFT,2026-05-08,210100,2000-07-01,2030-03-01,0.0692,0.067,0.0681,18908.625036,0.00029000906882,0.0477,0.081,0.0478,0.0807,Calculado
2026-05-08,LFT,2026-05-08,210100,2000-07-01,2030-06-01,0.0732,0.0707,0.0721,18902.407001,0.00017594979398,0.0548,0.0833,0.0547,0.0832,Calculado
2026-05-08,LFT,2026-05-08,210100,2000-07-01,2030-09-01,0.0765,0.0741,0.0752,18896.435414,0.00026257829309,0.0612,0.086,0.0611,0.0858,Calculado
2026-05-08,LFT,2026-05-08,210100,2000-07-01,2030-12-01,0.077,0.0738,0.0753,18892.795589,0.00025256577361,0.0616,0.0957,0.0615,0.0953,Calculado
2026-05-08,LFT,2026-05-08,210100,2000-07-01,2031-03-01,0.084,0.0809,0.0823,18883.051474,0.00020548043703,0.0693,0.0978,0.0691,0.0975,Calculado
2026-05-08,LFT,2026-05-08,210100,2000-07-01,2031-06-01,0.0887,0.0858,0.0871,18874.672294,0.00014627730514,0.0745,0.102,0.0742,0.1016,Calculado
2026-05-08,LFT,2026-05-08,210100,2000-07-01,2031-09-01,0.0921,0.0883,0.0904,18867.222027,0.00152474328987,0.0794,0.1067,0.0781,0.1073,Calculado
2026-05-08,LFT,2026-05-08,210100,2000-07-01,2031-12-01,0.0994,0.0962,0.0979,18855.07032,0.00016124512396,0.0859,0.1089,0.0855,0.1086,Calculado
2026-05-08,LFT,2026-05-08,210100,2000-07-01,2032-03-01,0.104,0.1025,0.1033,18844.738525,0.00034883262462,0.088,0.1145,0.0875,0.1142,Calculado
2026-05-08,LFT,2026-05-08,210100,2000-07-01,2032-06-01,0.1106,0.1092,0.1099,18832.397244,0.0001598610334,0.0895,0.1202,0.0887,0.1202,Calculado
2026-05-08,NTN-B,2026-05-08,760199,2000-07-15,2026-08-15,9.556,9.5189,9.5358,4714.757971,0.00790884080254,8.8338,10.3127,8.941,10.4318,Calculado
2026-05-08,NTN-B,2026-05-08,760199,2000-07-15,2027-05-15,8.1046,8.0773,8.09,4741.444722,0,7.8337,8.4504,7.8144,8.4334,Calculado
2026-05-08,NTN-B,2026-05-08,760199,2000-07-15,2028-08-15,7.8543,7.8287,7.84,4591.379889,0,7.526,8.2204,7.4961,8.1906,Calculado
2026-05-08,NTN-B,2026-05-08,760199,2000-07-15,2029-05-15,7.7542,7.7266,7.74,4628.474567,0,7.4373,8.1127,7.3929,8.0688,Calculado
2026-05-08,NTN-B,2026-05-08,760199,2000-07-15,2030-08-15,7.775,7.7462,7.76,4482.087264,0,7.481,8.0803,7.4409,8.0404,Calculado
2026-05-08,NTN-B,2026-05-08,760199,2000-07-15,2031-05-15,7.6946,7.6682,7.68,4527.697091,0,7.4255,7.9893,7.3807,7.9448,Calculado
2026-05-08,NTN-B,2026-05-08,760199,2000-07-15,2032-08-15,7.6625,7.6364,7.6486,4399.387456,0.00234971837887,7.4048,7.9365,7.3624,7.8943,Calculado
2026-05-08,NTN-B,2026-05-08,760199,2000-07-15,2033-05-15,7.6411,7.6095,7.625,4442.855579,0.00505895973299,7.3987,7.9081,7.3534,7.863,Calculado
2026-05-08,NTN-B,2026-05-08,760199,2000-07-15,2035-05-15,7.5071,7.4771,7.49,4402.914691,0,7.295,7.7563,7.2523,7.7137,Calculado
2026-05-08,NTN-B,2026-05-08,760199,2000-07-15,2037-05-15,7.4356,7.406,7.4212,4361.592967,0.00347777109224,7.2346,7.6618,7.209,7.6362,Calculado
2026-05-08,NTN-B,2026-05-08,760199,2000-07-15,2040-08-15,7.295,7.2663,7.2828,4258.608034,0.0036102011883,7.1145,7.5039,7.0985,7.4879,Calculado
2026-05-08,NTN-B,2026-05-08,760199,2000-07-15,2045-05-15,7.2025,7.1781,7.1915,4286.821218,0.00235735929591,7.0478,7.4148,7.0303,7.3972,Calculado
2026-05-08,NTN-B,2026-05-08,760199,2000-07-15,2050-08-15,7.1463,7.1158,7.1316,4183.737654,0.00206980455599,6.9942,7.3559,6.9759,7.3374,Calculado
2026-05-08,NTN-B,2026-05-08,760199,2000-07-15,2055-05-15,7.1276,7.0977,7.1124,4226.754893,0.00318444541954,6.979,7.3396,6.9577,7.318,Calculado
2026-05-08,NTN-B,2026-05-08,760199,2000-07-15,2060-08-15,7.1193,7.0931,7.1045,4130.805644,0.00353672991477,6.9688,7.3288,6.9504,7.3101,Calculado
2026-05-08,NTN-F,2026-05-08,950199,2016-01-15,2027-01-01,13.9431,13.905,13.9185,1011.413673,0.00792834276756,13.6871,14.2725,13.6705,14.2528,Calculado
2026-05-08,NTN-F,2026-05-08,950199,2018-01-05,2029-01-01,13.6006,13.5809,13.5907,961.83071,0.00062169124169,13.1484,14.1677,13.1095,14.1288,Calculado
2026-05-08,NTN-F,2026-05-08,950199,2020-01-10,2031-01-01,13.7825,13.7695,13.7764,915.912664,0.00055212507641,13.4018,14.3805,13.3393,14.3181,Calculado
2026-05-08,NTN-F,2026-05-08,950199,2022-01-07,2033-01-01,13.8843,13.8714,13.8782,878.741238,0.0005169749994,13.4994,14.4755,13.433,14.4092,Calculado
2026-05-08,NTN-F,2026-05-08,950199,2024-01-05,2035-01-01,13.8932,13.8766,13.8852,852.957322,0.00182003148599,13.5129,14.4803,13.4413,14.409,Calculado
2026-05-08,NTN-F,2026-05-08,950199,2026-01-09,2037-01-01,13.9118,13.8997,13.9053,831.953493,0.00087080459347,13.5293,14.4929,13.4638,14.4278,Calculado
2026-05-13,LTN,2026-05-13,100000,2023-01-06,2026-07-01,14.4092,14.3845,14.3984,982.014596,0.00561637408743,14.2359,14.5386,14.2744,14.5811,Calculado
2026-05-13,LTN,2026-05-13,100000,2024-07-05,2026-10-01,14.0739,14.0272,14.0568,949.641172,0.01143794020705,13.8512,14.2394,13.8915,14.2754,Calculado
2026-05-13,LTN,2026-05-13,100000,2025-01-10,2027-04-01,13.9712,13.9386,13.9601,891.720346,0.01213746855197,13.5001,14.2388,13.6215,14.3579,Calculado
2026-05-13,LTN,2026-05-13,100000,2023-07-07,2027-07-01,14.013,13.9976,14.0048,862.677613,0.00184297542849,13.426,14.2916,13.5931,14.457,Calculado
2026-05-13,LTN,2026-05-13,100000,2025-07-04,2027-10-01,14.0499,14.0376,14.044,833.602864,0,13.394,14.3329,13.5945,14.5325,Calculado
2026-05-13,LTN,2026-05-13,100000,2024-01-05,2028-01-01,13.9969,13.985,13.9917,807.266223,0.0030285781664,13.2876,14.2685,13.5198,14.5003,Calculado
2026-05-13,LTN,2026-05-13,100000,2026-01-09,2028-04-01,13.9892,13.9741,13.981,781.403438,0.00130460722058,13.2505,14.2494,13.4965,14.4952,Calculado
2026-05-13,LTN,2026-05-13,100000,2024-07-05,2028-07-01,14.014,13.9999,14.0076,756.663359,0.00065592218288,13.2499,14.2577,13.5177,14.5249,Calculado
2026-05-13,LTN,2026-05-13,100000,2022-02-11,2029-01-01,14.1061,14.0939,14.1,707.890639,0,13.3198,14.3574,13.6092,14.6467,Calculado
2026-05-13,LTN,2026-05-13,100000,2025-07-04,2029-07-01,14.1698,14.1578,14.164,662.247516,0,13.3815,14.4208,13.6764,14.7158,Calculado
2026-05-13,LTN,2026-05-13,100000,2024-01-05,2030-01-01,14.1854,14.1731,14.1788,619.841953,0.00074306315344,13.4081,14.4344,13.7049,14.7313,Calculado
2026-05-13,LTN,2026-05-13,100000,2025-01-10,2032-01-01,14.2674,14.2552,14.2615,473.529315,0,13.5112,14.5152,13.8007,14.8048,Calculado
2026-05-13,NTN-C,2026-05-13,770100,2000-07-01,2031-01-01,8.148,7.8804,8.0271,7912.428797,0.03383834565031,7.4539,8.4849,7.3403,8.3731,Calculado
2026-05-13,LFT,2026-05-13,210100,2000-07-01,2026-09-01,0.0037,-0.0039,-0.0007,18987.845423,0.00079321056473,-0.0368,0.019,-0.0365,0.0194,Calculado
2026-05-13,LFT,2026-05-13,210100,2000-07-01,2027-03-01,0.0082,0.0048,0.0059,18986.915021,0.00084130224652,-0.0133,0.0192,-0.0132,0.0196,Calculado
2026-05-13,LFT,2026-05-13,210100,2000-07-01,2027-09-01,0.01,0.0068,0.0083,18985.737776,0.00036831764823,-0.003,0.03,-0.003,0.0304,Calculado
2026-05-13,LFT,2026-05-13,210100,2000-07-01,2028-03-01,0.0219,0.0196,0.0207,18980.743983,0.00030542707804,0.0091,0.042,0.0094,0.042,Calculado
2026-05-13,LFT,2026-05-13,210100,2000-07-01,2028-09-01,0.034,0.0311,0.0321,18973.775458,0.00025796145061,0.0217,0.051,0.0218,0.051,Calculado
2026-05-13,LFT,2026-05-13,210100,2000-07-01,2029-03-01,0.0492,0.0466,0.0477,18962.66759,0.00039809066806,0.028,0.0606,0.0278,0.0609,Calculado
2026-05-13,LFT,2026-05-13,210100,2000-07-01,2029-09-01,0.059,0.0566,0.0581,18951.559723,0.00020647413882,0.0378,0.0698,0.0376,0.0699,Calculado
2026-05-13,LFT,2026-05-13,210100,2000-07-01,2030-03-01,0.0671,0.0649,0.0664,18940.299953,0.00046894002815,0.0483,0.0793,0.0484,0.079,Calculado
2026-05-13,LFT,2026-05-13,210100,2000-07-01,2030-06-01,0.0726,0.0699,0.0712,18933.540294,0.00022021970847,0.0539,0.0828,0.0539,0.0826,Calculado
2026-05-13,LFT,2026-05-13,210100,2000-07-01,2030-09-01,0.077,0.0737,0.0749,18927.141403,0.00012230425177,0.0601,0.0857,0.0598,0.0857,Calculado
2026-05-13,LFT,2026-05-13,210100,2000-07-01,2030-12-01,0.0765,0.0734,0.0749,18923.590683,0.00016543403519,0.0609,0.0947,0.0607,0.0945,Calculado
2026-05-13,LFT,2026-05-13,210100,2000-07-01,2031-03-01,0.0828,0.08,0.0816,18914.134755,0.00031548716297,0.0683,0.0971,0.0681,0.097,Calculado
2026-05-13,LFT,2026-05-13,210100,2000-07-01,2031-06-01,0.0875,0.0843,0.0863,18905.875058,0.00037671175984,0.0735,0.1014,0.0731,0.1012,Calculado
2026-05-13,LFT,2026-05-13,210100,2000-07-01,2031-09-01,0.0902,0.0875,0.089,18899.058435,0.0000650442926,0.0768,0.1078,0.0764,0.1076,Calculado
2026-05-13,LFT,2026-05-13,210100,2000-07-01,2031-12-01,0.0975,0.0956,0.0969,18886.564458,0.00005789335022,0.0847,0.1089,0.0842,0.1087,Calculado
2026-05-13,LFT,2026-05-13,210100,2000-07-01,2032-03-01,0.1019,0.1002,0.1013,18877.355372,0.00036040911476,0.0883,0.1131,0.088,0.1128,Calculado
2026-05-13,LFT,2026-05-13,210100,2000-07-01,2032-06-01,0.1119,0.1103,0.1114,18861.120796,0.0003326308314,0.0866,0.1223,0.0862,0.1219,Calculado
2026-05-13,NTN-B,2026-05-13,760199,2000-07-15,2026-08-15,9.8715,9.7912,9.8459,4721.05591,0.01640869068086,9.0503,10.5653,9.2391,10.7663,Calculado
2026-05-13,NTN-B,2026-05-13,760199,2000-07-15,2027-05-15,8.126,8.0972,8.1135,4749.607679,0.00406787647797,7.8124,8.436,7.8391,8.4649,Calculado
2026-05-13,NTN-B,2026-05-13,760199,2000-07-15,2028-08-15,8.0746,8.0428,8.0599,4580.403305,0.00012126780282,7.5963,8.2909,7.7161,8.4108,Calculado
2026-05-13,NTN-B,2026-05-13,760199,2000-07-15,2029-05-15,8.0007,7.96,7.9866,4608.828135,0.00425846250541,7.4829,8.1596,7.6394,8.3166,Calculado
2026-05-13,NTN-B,2026-05-13,760199,2000-07-15,2030-08-15,8.0019,7.9728,7.991,4454.875192,0.00542146806778,7.5207,8.1206,7.6716,8.2716,Calculado
2026-05-13,NTN-B,2026-05-13,760199,2000-07-15,2031-05-15,7.9137,7.8728,7.8965,4498.006088,0.00343959529305,7.4538,8.0183,7.5969,8.1616,Calculado
2026-05-13,NTN-B,2026-05-13,760199,2000-07-15,2032-08-15,7.8642,7.831,7.851,4365.092032,0.01283503390062,7.4171,7.9493,7.5646,8.0969,Calculado
2026-05-13,NTN-B,2026-05-13,760199,2000-07-15,2033-05-15,7.8352,7.8064,7.825,4405.477294,0.00802448228922,7.4083,7.9181,7.5532,8.0632,Calculado
2026-05-13,NTN-B,2026-05-13,760199,2000-07-15,2035-05-15,7.6767,7.6489,7.6632,4363.554665,0.00369177452318,7.309,7.7706,7.4253,7.8871,Calculado
2026-05-13,NTN-B,2026-05-13,760199,2000-07-15,2037-05-15,7.5953,7.5525,7.57,4323.004854,0,7.2584,7.6858,7.3575,7.7852,Calculado
2026-05-13,NTN-B,2026-05-13,760199,2000-07-15,2040-08-15,7.442,7.4133,7.4275,4213.170105,0.00315394489806,7.149,7.5385,7.2429,7.6327,Calculado
2026-05-13,NTN-B,2026-05-13,760199,2000-07-15,2045-05-15,7.3517,7.3206,7.3398,4231.524478,0.00081073525889,7.0934,7.4606,7.1781,7.5458,Calculado
2026-05-13,NTN-B,2026-05-13,760199,2000-07-15,2050-08-15,7.2855,7.2492,7.2693,4126.616826,0.00138285237462,7.037,7.3987,7.1132,7.4756,Calculado
2026-05-13,NTN-B,2026-05-13,760199,2000-07-15,2055-05-15,7.2637,7.2232,7.2434,4169.44683,0.00292231302396,7.0075,7.3681,7.0882,7.4497,Calculado
2026-05-13,NTN-B,2026-05-13,760199,2000-07-15,2060-08-15,7.255,7.2225,7.2382,4069.522691,0.00327326835289,7.0011,7.3611,7.0835,7.4446,Calculado
2026-05-13,NTN-F,2026-05-13,950199,2016-01-15,2027-01-01,14.1044,14.0691,14.0852,1012.073358,0.00277182368306,13.7576,14.3332,13.8413,14.4136,Calculado
2026-05-13,NTN-F,2026-05-13,950199,2018-01-05,2029-01-01,14.1291,14.1014,14.1169,953.208322,0.00175291540298,13.3459,14.3651,13.6355,14.6545,Calculado
2026-05-13,NTN-F,2026-05-13,950199,2020-01-10,2031-01-01,14.2878,14.2765,14.2811,902.791742,0.00108791073623,13.5471,14.5257,13.8445,14.8227,Calculado
2026-05-13,NTN-F,2026-05-13,950199,2022-01-07,2033-01-01,14.3426,14.3293,14.3357,863.851446,0.00071430659384,13.6123,14.5886,13.8908,14.8668,Calculado
2026-05-13,NTN-F,2026-05-13,950199,2024-01-05,2035-01-01,14.3331,14.3173,14.3264,836.498812,0.00157532137039,13.6062,14.5742,13.8826,14.8501,Calculado
2026-05-13,NTN-F,2026-05-13,950199,2026-01-09,2037-01-01,14.3322,14.3194,14.326,814.912046,0,13.6166,14.5813,13.8843,14.8487,Calculado
2026-05-12,LTN,2026-05-12,100000,2023-01-06,2026-07-01,14.38,14.3513,14.3599,981.536425,0.00362311362919,14.2214,14.5202,14.2359,14.5386,Calculado
2026-05-12,LTN,2026-05-12,100000,2024-07-05,2026-10-01,14.0514,13.9753,14.0179,949.274143,0.01795605380951,13.8233,14.2157,13.8512,14.2394,Calculado
2026-05-12,LTN,2026-05-12,100000,2025-01-10,2027-04-01,13.8504,13.8226,13.8393,892.091163,0.00496736753724,13.4968,14.2377,13.5001,14.2388,Calculado
2026-05-12,LTN,2026-05-12,100000,2023-07-07,2027-07-01,13.8458,13.831,13.8381,863.657126,0.00162132986156,13.3856,14.2526,13.426,14.2916,Calculado
2026-05-12,LTN,2026-05-12,100000,2025-07-04,2027-10-01,13.8509,13.8379,13.8435,835.206974,0.00229435806709,13.3362,14.2759,13.394,14.3329,Calculado
2026-05-12,LTN,2026-05-12,100000,2024-01-05,2028-01-01,13.7682,13.7536,13.7594,809.548827,0.0021429089598,13.2174,14.1987,13.2876,14.2685,Calculado
2026-05-12,LTN,2026-05-12,100000,2026-01-09,2028-04-01,13.7438,13.7289,13.7348,784.194221,0.00355563085964,13.1806,14.1796,13.2505,14.2494,Calculado
2026-05-12,LTN,2026-05-12,100000,2024-07-05,2028-07-01,13.7475,13.7298,13.7397,760.070756,0.00226851856065,13.1866,14.1948,13.2499,14.2577,Calculado
2026-05-12,LTN,2026-05-12,100000,2022-02-11,2029-01-01,13.8153,13.804,13.8105,712.250648,0.00089588239183,13.245,14.2827,13.3198,14.3574,Calculado
2026-05-12,LTN,2026-05-12,100000,2025-07-04,2029-07-01,13.8765,13.8643,13.8689,667.257644,0.0009229671771,13.3154,14.3547,13.3815,14.4208,Calculado
2026-05-12,LTN,2026-05-12,100000,2024-01-05,2030-01-01,13.8885,13.8762,13.8819,625.368194,0.00073560254214,13.3495,14.3756,13.4081,14.4344,Calculado
2026-05-12,LTN,2026-05-12,100000,2025-01-10,2032-01-01,13.9785,13.9662,13.972,480.064023,0.0007950339238,13.4732,14.4773,13.5112,14.5152,Calculado
2026-05-12,NTN-C,2026-05-12,770100,2000-07-01,2031-01-01,8.1325,7.9025,8.0188,7912.511926,0.02893723615621,7.4319,8.4591,7.4539,8.4849,Calculado
2026-05-12,LFT,2026-05-12,210100,2000-07-01,2026-09-01,0.0042,-0.0058,-0.0011,18977.730304,0.0007851564048,-0.0364,0.0185,-0.0368,0.019,Calculado
2026-05-12,LFT,2026-05-12,210100,2000-07-01,2027-03-01,0.0073,0.0045,0.0054,18976.857331,0.00094883584987,-0.0138,0.0185,-0.0133,0.0192,Calculado
2026-05-12,LFT,2026-05-12,210100,2000-07-01,2027-09-01,0.01,0.0076,0.0084,18975.585826,0.00051952357983,-0.0034,0.0292,-0.003,0.03,Calculado
2026-05-12,LFT,2026-05-12,210100,2000-07-01,2028-03-01,0.0214,0.02,0.0205,18970.670609,0.00007262719876,0.0087,0.0415,0.0091,0.042,Calculado
2026-05-12,LFT,2026-05-12,210100,2000-07-01,2028-09-01,0.033,0.0309,0.032,18963.667848,0.00003631349611,0.0216,0.0506,0.0217,0.051,Calculado
2026-05-12,LFT,2026-05-12,210100,2000-07-01,2029-03-01,0.0483,0.0468,0.0475,18952.603864,0.00022212210606,0.0283,0.0603,0.028,0.0606,Calculado
2026-05-12,LFT,2026-05-12,210100,2000-07-01,2029-09-01,0.0587,0.0574,0.058,18941.46397,0.00006859934402,0.0384,0.0696,0.0378,0.0698,Calculado
2026-05-12,LFT,2026-05-12,210100,2000-07-01,2030-03-01,0.0674,0.0657,0.0667,18929.925544,0.00033636713573,0.0484,0.0798,0.0483,0.0793,Calculado
2026-05-12,LFT,2026-05-12,210100,2000-07-01,2030-06-01,0.0725,0.07,0.0715,18923.169493,0.00033791152688,0.0542,0.0833,0.0539,0.0828,Calculado
2026-05-12,LFT,2026-05-12,210100,2000-07-01,2030-09-01,0.076,0.0734,0.075,18916.90686,0.0000457736824,0.0608,0.0856,0.0601,0.0857,Calculado
2026-05-12,LFT,2026-05-12,210100,2000-07-01,2030-12-01,0.0765,0.073,0.075,18913.358035,0.00008280784987,0.0613,0.095,0.0609,0.0947,Calculado
2026-05-12,LFT,2026-05-12,210100,2000-07-01,2031-03-01,0.0832,0.0802,0.0818,18903.793288,0.00016803356807,0.0687,0.0973,0.0683,0.0971,Calculado
2026-05-12,LFT,2026-05-12,210100,2000-07-01,2031-06-01,0.0882,0.0851,0.0866,18895.443112,0.00025072989451,0.0738,0.1014,0.0735,0.1014,Calculado
2026-05-12,LFT,2026-05-12,210100,2000-07-01,2031-09-01,0.0901,0.0872,0.0893,18888.611149,0.00046591416591,0.0772,0.1075,0.0768,0.1078,Calculado
2026-05-12,LFT,2026-05-12,210100,2000-07-01,2031-12-01,0.0986,0.096,0.0973,18875.990997,0.00056438135157,0.0849,0.1084,0.0847,0.1089,Calculado
2026-05-12,LFT,2026-05-12,210100,2000-07-01,2032-03-01,0.1024,0.1005,0.1016,18866.862736,0.00041179050499,0.0876,0.1133,0.0883,0.1131,Calculado
2026-05-12,LFT,2026-05-12,210100,2000-07-01,2032-06-01,0.1124,0.1113,0.1118,18850.522959,0.00015600714727,0.0878,0.1203,0.0866,0.1223,Calculado
2026-05-12,NTN-B,2026-05-12,760199,2000-07-15,2026-08-15,9.672,9.6366,9.654,4719.949727,0.00651018964086,9.0177,10.5206,9.0503,10.5653,Calculado
2026-05-12,NTN-B,2026-05-12,760199,2000-07-15,2027-05-15,8.1024,8.075,8.0873,4747.660089,0.00469393317485,7.8139,8.4351,7.8124,8.436,Calculado
2026-05-12,NTN-B,2026-05-12,760199,2000-07-15,2028-08-15,7.9553,7.9303,7.94,4588.212712,0,7.552,8.2465,7.5963,8.2909,Calculado
2026-05-12,NTN-B,2026-05-12,760199,2000-07-15,2029-05-15,7.8464,7.8177,7.83,4623.908132,0,7.4429,8.1192,7.4829,8.1596,Calculado
2026-05-12,NTN-B,2026-05-12,760199,2000-07-15,2030-08-15,7.8537,7.8262,7.84,4475.331526,0,7.4908,8.0905,7.5207,8.1206,Calculado
2026-05-12,NTN-B,2026-05-12,760199,2000-07-15,2031-05-15,7.769,7.7414,7.7533,4520.389063,0.0034402956341,7.4226,7.9869,7.4538,8.0183,Calculado
2026-05-12,NTN-B,2026-05-12,760199,2000-07-15,2032-08-15,7.7168,7.6877,7.7035,4393.300207,0.00359927277099,7.3937,7.9257,7.4171,7.9493,Calculado
2026-05-12,NTN-B,2026-05-12,760199,2000-07-15,2033-05-15,7.694,7.6675,7.68,4435.777523,0,7.3884,7.898,7.4083,7.9181,Calculado
2026-05-12,NTN-B,2026-05-12,760199,2000-07-15,2035-05-15,7.5641,7.5362,7.5468,4392.708025,0.00355295901609,7.2922,7.7537,7.309,7.7706,Calculado
2026-05-12,NTN-B,2026-05-12,760199,2000-07-15,2037-05-15,7.4858,7.4596,7.4708,4351.353976,0.00157307567841,7.2382,7.6655,7.2584,7.6858,Calculado
2026-05-12,NTN-B,2026-05-12,760199,2000-07-15,2040-08-15,7.347,7.3178,7.3334,4245.09959,0.00395690720387,7.1299,7.5193,7.149,7.5385,Calculado
2026-05-12,NTN-B,2026-05-12,760199,2000-07-15,2045-05-15,7.2704,7.238,7.2548,4264.93299,0.00332930709007,7.0618,7.4289,7.0934,7.4606,Calculado
2026-05-12,NTN-B,2026-05-12,760199,2000-07-15,2050-08-15,7.2052,7.1728,7.1928,4159.858269,0.00282083749443,7.0072,7.3689,7.037,7.3987,Calculado
2026-05-12,NTN-B,2026-05-12,760199,2000-07-15,2055-05-15,7.1763,7.1464,7.1623,4206.932045,0.00281880332056,6.9853,7.3458,7.0075,7.3681,Calculado
2026-05-12,NTN-B,2026-05-12,760199,2000-07-15,2060-08-15,7.1694,7.1387,7.1553,4109.447594,0.00334432387038,6.9736,7.3336,7.0011,7.3611,Calculado
2026-05-12,NTN-F,2026-05-12,950199,2016-01-15,2027-01-01,14.0239,13.9859,14.0026,1011.997862,0.00296737158273,13.7351,14.314,13.7576,14.3332,Calculado
2026-05-12,NTN-F,2026-05-12,950199,2018-01-05,2029-01-01,13.8394,13.8148,13.8272,958.246503,0.00191846978345,13.2714,14.2907,13.3459,14.3651,Calculado
2026-05-12,NTN-F,2026-05-12,950199,2020-01-10,2031-01-01,13.9903,13.9784,13.984,910.830589,0.00066814747624,13.4967,14.4754,13.5471,14.5257,Calculado
2026-05-12,NTN-F,2026-05-12,950199,2022-01-07,2033-01-01,14.0636,14.0508,14.0575,873.224034,0,13.5803,14.5565,13.6123,14.5886,Calculado
2026-05-12,NTN-F,2026-05-12,950199,2024-01-05,2035-01-01,14.0585,14.0406,14.0502,847.120626,0.00178786760696,13.5771,14.5448,13.6062,14.5742,Calculado
2026-05-12,NTN-F,2026-05-12,950199,2026-01-09,2037-01-01,14.0643,14.052,14.0584,826.066575,0.00033565854674,13.588,14.5522,13.6166,14.5813,Calculado
2026-05-14,LTN,2026-05-14,100000,2023-01-06,2026-07-01,14.4066,14.3897,14.399,982.538258,0.00502828762702,14.2744,14.5811,14.2764,14.5871,Calculado
2026-05-14,LTN,2026-05-14,100000,2024-07-05,2026-10-01,14.0616,14.0043,14.0369,950.201423,0.00511279033308,13.8915,14.2754,13.8742,14.2538,Calculado
2026-05-14,LTN,2026-05-14,100000,2025-01-10,2027-04-01,13.9243,13.903,13.9139,892.498766,0.00634857814318,13.6215,14.3579,13.5767,14.3108,Calculado
2026-05-14,LTN,2026-05-14,100000,2023-07-07,2027-07-01,13.9461,13.9325,13.9397,863.680262,0.00219646180026,13.5931,14.457,13.5294,14.3914,Calculado
2026-05-14,LTN,2026-05-14,100000,2025-07-04,2027-10-01,13.9694,13.9579,13.9639,834.84732,0.00103817650233,13.5945,14.5325,13.5149,14.452,Calculado
2026-05-14,LTN,2026-05-14,100000,2024-01-05,2028-01-01,13.9185,13.9053,13.9125,808.601919,0.00193854099002,13.5198,14.5003,13.4409,14.4209,Calculado
2026-05-14,LTN,2026-05-14,100000,2026-01-09,2028-04-01,13.907,13.891,13.8993,782.864476,0.00231097127416,13.4965,14.4952,13.415,14.4135,Calculado
2026-05-14,LTN,2026-05-14,100000,2024-07-05,2028-07-01,13.9265,13.9125,13.9205,758.286466,0.00466605387989,13.5177,14.5249,13.4306,14.4373,Calculado
2026-05-14,LTN,2026-05-14,100000,2022-02-11,2029-01-01,14.0265,14.0147,14.0203,709.556656,0.00099067547663,13.6092,14.6467,13.5295,14.5669,Calculado
2026-05-14,LTN,2026-05-14,100000,2025-07-04,2029-07-01,14.0991,14.0862,14.092,663.895821,0.00126575043749,13.6764,14.7158,13.6043,14.6438,Calculado
2026-05-14,LTN,2026-05-14,100000,2024-01-05,2030-01-01,14.1177,14.1046,14.1107,621.502788,0.00086470365444,13.7049,14.7313,13.6366,14.6631,Calculado
2026-05-14,LTN,2026-05-14,100000,2025-01-10,2032-01-01,14.213,14.2012,14.207,475.048111,0.00071494320054,13.8007,14.8048,13.7462,14.7502,Calculado
2026-05-14,NTN-C,2026-05-14,770100,2000-07-01,2031-01-01,8.1401,7.8438,7.9773,7930.844907,0.06793245308253,7.3403,8.3731,7.4783,8.5114,Calculado
2026-05-14,LFT,2026-05-14,210100,2000-07-01,2026-09-01,0.0035,-0.0077,-0.0003,18997.946937,0.00036831960306,-0.0365,0.0194,-0.0363,0.0197,Calculado
2026-05-14,LFT,2026-05-14,210100,2000-07-01,2027-03-01,0.0077,0.005,0.0062,18997.016037,0.00056660898334,-0.0132,0.0196,-0.0126,0.0197,Calculado
2026-05-14,LFT,2026-05-14,210100,2000-07-01,2027-09-01,0.0094,0.0068,0.0083,18995.895158,0.00048080097754,-0.003,0.0304,-0.0028,0.0308,Calculado
2026-05-14,LFT,2026-05-14,210100,2000-07-01,2028-03-01,0.022,0.0205,0.0214,18990.670723,0.00042239914773,0.0094,0.042,0.0103,0.0418,Calculado
2026-05-14,LFT,2026-05-14,210100,2000-07-01,2028-09-01,0.034,0.0315,0.0325,18983.75547,0.00056309503638,0.0218,0.051,0.022,0.0513,Calculado
2026-05-14,LFT,2026-05-14,210100,2000-07-01,2029-03-01,0.0493,0.0471,0.0479,18972.717663,0.00005222317493,0.0278,0.0609,0.0278,0.0613,Calculado
2026-05-14,LFT,2026-05-14,210100,2000-07-01,2029-09-01,0.0593,0.0571,0.0582,18961.660858,0.0003639452294,0.0376,0.0699,0.0375,0.0701,Calculado
2026-05-14,LFT,2026-05-14,210100,2000-07-01,2030-03-01,0.0673,0.065,0.0662,18950.604053,0.00033638947665,0.0484,0.079,0.0484,0.0789,Calculado
2026-05-14,LFT,2026-05-14,210100,2000-07-01,2030-06-01,0.0716,0.0692,0.0709,18943.935773,0.0001138728238,0.0539,0.0826,0.0541,0.0823,Calculado
2026-05-14,LFT,2026-05-14,210100,2000-07-01,2030-09-01,0.0758,0.0731,0.0746,18937.533465,0.00031808247358,0.0598,0.0857,0.0598,0.0853,Calculado
2026-05-14,LFT,2026-05-14,210100,2000-07-01,2030-12-01,0.0765,0.0731,0.0748,18933.847864,0.00025667557344,0.0607,0.0945,0.0607,0.0941,Calculado
2026-05-14,LFT,2026-05-14,210100,2000-07-01,2031-03-01,0.0832,0.0799,0.0815,18924.386886,0.00030316952353,0.0681,0.097,0.068,0.0964,Calculado
2026-05-14,LFT,2026-05-14,210100,2000-07-01,2031-06-01,0.0866,0.0837,0.0857,18916.616726,0.00052819212414,0.0731,0.1012,0.0725,0.1011,Calculado
2026-05-14,LFT,2026-05-14,210100,2000-07-01,2031-09-01,0.0901,0.087,0.0888,18909.416504,0.00016761631782,0.0764,0.1076,0.0762,0.107,Calculado
2026-05-14,LFT,2026-05-14,210100,2000-07-01,2031-12-01,0.0984,0.0951,0.0967,18896.915855,0.0001976991654,0.0842,0.1087,0.084,0.108,Calculado
2026-05-14,LFT,2026-05-14,210100,2000-07-01,2032-03-01,0.1012,0.1,0.1006,18888.271789,0.0002225582171,0.088,0.1128,0.0873,0.1124,Calculado
2026-05-14,LFT,2026-05-14,210100,2000-07-01,2032-06-01,0.1114,0.1101,0.1109,18871.857563,0.0002315054211,0.0862,0.1219,0.0858,0.1213,Calculado
2026-05-14,NTN-B,2026-05-14,760199,2000-07-15,2026-08-15,10.0346,9.9953,10.0161,4722.477408,0.01083851158232,9.2391,10.7663,9.4063,10.9458,Calculado
2026-05-14,NTN-B,2026-05-14,760199,2000-07-15,2027-05-15,8.0978,8.068,8.0811,4754.025115,0.00187273672469,7.8391,8.4649,7.8073,8.4355,Calculado
2026-05-14,NTN-B,2026-05-14,760199,2000-07-15,2028-08-15,8.0444,8.0138,8.03,4586.015229,0,7.7161,8.4108,7.6862,8.3811,Calculado
2026-05-14,NTN-B,2026-05-14,760199,2000-07-15,2029-05-15,7.9653,7.936,7.95,4615.968621,0,7.6394,8.3166,7.6027,8.2803,Calculado
2026-05-14,NTN-B,2026-05-14,760199,2000-07-15,2030-08-15,7.9693,7.9384,7.954,4463.412785,0.00398062997652,7.6716,8.2716,7.6345,8.2347,Calculado
2026-05-14,NTN-B,2026-05-14,760199,2000-07-15,2031-05-15,7.8853,7.8532,7.87,4505.518723,0,7.5969,8.1616,7.5703,8.1352,Calculado
2026-05-14,NTN-B,2026-05-14,760199,2000-07-15,2032-08-15,7.8334,7.8048,7.8176,4374.845935,0.00310677586414,7.5646,8.0969,7.5311,8.0635,Calculado
2026-05-14,NTN-B,2026-05-14,760199,2000-07-15,2033-05-15,7.8045,7.7742,7.79,4416.218204,0,7.5532,8.0632,7.5181,8.0282,Calculado
2026-05-14,NTN-B,2026-05-14,760199,2000-07-15,2035-05-15,7.6425,7.6089,7.6258,4376.506093,0.00359629438728,7.4253,7.8871,7.3878,7.8497,Calculado
2026-05-14,NTN-B,2026-05-14,760199,2000-07-15,2037-05-15,7.546,7.5059,7.5213,4340.904401,0.00302789178142,7.3575,7.7852,7.3088,7.7365,Calculado
2026-05-14,NTN-B,2026-05-14,760199,2000-07-15,2040-08-15,7.4025,7.3728,7.3856,4231.108219,0.00380944940247,7.2429,7.6327,7.201,7.5909,Calculado
2026-05-14,NTN-B,2026-05-14,760199,2000-07-15,2045-05-15,7.3156,7.286,7.3,4250.94076,0,7.1781,7.5458,7.1384,7.506,Calculado
2026-05-14,NTN-B,2026-05-14,760199,2000-07-15,2050-08-15,7.2466,7.2153,7.23,4147.465407,0,7.1132,7.4756,7.0739,7.4363,Calculado
2026-05-14,NTN-B,2026-05-14,760199,2000-07-15,2055-05-15,7.2226,7.1908,7.2072,4189.797088,0.00433380949627,7.0882,7.4497,7.052,7.4135,Calculado
2026-05-14,NTN-B,2026-05-14,760199,2000-07-15,2060-08-15,7.2186,7.1882,7.2029,4089.98537,0.00356783368727,7.0835,7.4446,7.0482,7.4093,Calculado
2026-05-14,NTN-F,2026-05-14,950199,2016-01-15,2027-01-01,14.0705,14.0388,14.056,1012.761128,0,13.8413,14.4136,13.8142,14.3832,Calculado
2026-05-14,NTN-F,2026-05-14,950199,2018-01-05,2029-01-01,14.0478,14.021,14.0363,955.239903,0.00462864081346,13.6355,14.6545,13.5548,14.5738,Calculado
2026-05-14,NTN-F,2026-05-14,950199,2020-01-10,2031-01-01,14.2262,14.2132,14.2195,905.024433,0,13.8445,14.8227,13.7829,14.7611,Calculado
2026-05-14,NTN-F,2026-05-14,950199,2022-01-07,2033-01-01,14.2873,14.2743,14.2807,866.240313,0.00047729395555,13.8908,14.8668,13.8358,14.8117,Calculado
2026-05-14,NTN-F,2026-05-14,950199,2024-01-05,2035-01-01,14.286,14.2724,14.2784,838.849899,0.00152980198392,13.8826,14.8501,13.8347,14.802,Calculado
2026-05-14,NTN-F,2026-05-14,950199,2026-01-09,2037-01-01,14.2907,14.2782,14.2846,817.120426,0.00075785105397,13.8843,14.8487,13.8431,14.8071,Calculado
2026-05-11,LTN,2026-05-11,100000,2023-01-06,2026-07-01,14.3564,14.3265,14.3459,981.031092,0.01125658988238,14.1954,14.4903,14.2214,14.5202,Calculado
2026-05-11,LTN,2026-05-11,100000,2024-07-05,2026-10-01,14.0268,13.959,13.9919,948.866829,0.01049737366154,13.7874,14.1828,13.8233,14.2157,Calculado
2026-05-11,LTN,2026-05-11,100000,2025-01-10,2027-04-01,13.8613,13.8209,13.837,891.648371,0.0001154700394,13.4298,14.173,13.4968,14.2377,Calculado
2026-05-11,LTN,2026-05-11,100000,2023-07-07,2027-07-01,13.8057,13.7917,13.7983,863.555692,0.00021124627807,13.2651,14.1335,13.3856,14.2526,Calculado
2026-05-11,LTN,2026-05-11,100000,2025-07-04,2027-10-01,13.7929,13.7787,13.786,835.364992,0.00411355562257,13.2007,14.1414,13.3362,14.2759,Calculado
2026-05-11,LTN,2026-05-11,100000,2024-01-05,2028-01-01,13.6947,13.682,13.6894,809.953416,0.00154404823759,13.0634,14.0451,13.2174,14.1987,Calculado
2026-05-11,LTN,2026-05-11,100000,2026-01-09,2028-04-01,13.6719,13.6584,13.665,784.705139,0,13.0145,14.0137,13.1806,14.1796,Calculado
2026-05-11,LTN,2026-05-11,100000,2024-07-05,2028-07-01,13.6837,13.6697,13.6764,760.585957,0.00137327431346,13.0217,14.0304,13.1866,14.1948,Calculado
2026-05-11,LTN,2026-05-11,100000,2022-02-11,2029-01-01,13.7415,13.7304,13.7357,713.115671,0.0007629198975,13.0828,14.1206,13.245,14.2827,Calculado
2026-05-11,LTN,2026-05-11,100000,2025-07-04,2029-07-01,13.8098,13.7973,13.8028,668.122784,0.00095638817956,13.1496,14.1888,13.3154,14.3547,Calculado
2026-05-11,LTN,2026-05-11,100000,2024-01-05,2030-01-01,13.8297,13.8173,13.8232,626.211771,0.00058457849772,13.184,14.21,13.3495,14.3756,Calculado
2026-05-11,LTN,2026-05-11,100000,2025-01-10,2032-01-01,13.9407,13.9283,13.9341,480.711854,0.00061911278456,13.3186,14.3227,13.4732,14.4773,Calculado
2026-05-11,NTN-C,2026-05-11,770100,2000-07-01,2031-01-01,8.1348,7.8493,8.0149,7907.858926,0.03485281932843,7.522,8.5462,7.4319,8.4591,Calculado
2026-05-11,LFT,2026-05-11,210100,2000-07-01,2026-09-01,0.0033,-0.0071,-0.0013,18967.620572,0.00085629159169,-0.0363,0.0222,-0.0364,0.0185,Calculado
2026-05-11,LFT,2026-05-11,210100,2000-07-01,2027-03-01,0.0068,0.0039,0.0049,18966.786,0.00054660032931,-0.0136,0.019,-0.0138,0.0185,Calculado
2026-05-11,LFT,2026-05-11,210100,2000-07-01,2027-09-01,0.0094,0.0069,0.008,18965.553109,0,-0.0033,0.0287,-0.0034,0.0292,Calculado
2026-05-11,LFT,2026-05-11,210100,2000-07-01,2028-03-01,0.0213,0.0192,0.02,18960.697418,0.00058244041755,0.0088,0.041,0.0087,0.0415,Calculado
2026-05-11,LFT,2026-05-11,210100,2000-07-01,2028-09-01,0.0331,0.0313,0.032,18953.527686,0.00029980498662,0.0211,0.0508,0.0216,0.0506,Calculado
2026-05-11,LFT,2026-05-11,210100,2000-07-01,2029-03-01,0.0482,0.0466,0.0472,18942.621348,0.0006270696612,0.0285,0.06,0.0283,0.0603,Calculado
2026-05-11,LFT,2026-05-11,210100,2000-07-01,2029-09-01,0.0583,0.0569,0.0578,18931.430496,0.00021740089696,0.0386,0.0696,0.0384,0.0696,Calculado
2026-05-11,LFT,2026-05-11,210100,2000-07-01,2030-03-01,0.0677,0.066,0.0672,18919.405073,0.00038903087281,0.0478,0.0807,0.0484,0.0798,Calculado
2026-05-11,LFT,2026-05-11,210100,2000-07-01,2030-06-01,0.0762,0.0708,0.0721,18912.557789,0.0002,0.0547,0.0832,0.0542,0.0833,Calculado
2026-05-11,LFT,2026-05-11,210100,2000-07-01,2030-09-01,0.0761,0.0739,0.0751,18906.658883,0.00017536139826,0.0611,0.0858,0.0608,0.0856,Calculado
2026-05-11,LFT,2026-05-11,210100,2000-07-01,2030-12-01,0.0768,0.0735,0.0752,18903.036082,0.00019402847729,0.0615,0.0953,0.0613,0.095,Calculado
2026-05-11,LFT,2026-05-11,210100,2000-07-01,2031-03-01,0.0834,0.0807,0.082,18893.457472,0.00027852023266,0.0691,0.0975,0.0687,0.0973,Calculado
2026-05-11,LFT,2026-05-11,210100,2000-07-01,2031-06-01,0.0877,0.0854,0.0868,18885.111752,0.00029682413985,0.0742,0.1016,0.0738,0.1014,Calculado
2026-05-11,LFT,2026-05-11,210100,2000-07-01,2031-09-01,0.0902,0.088,0.0896,18878.150663,0.00058262111187,0.0781,0.1073,0.0772,0.1075,Calculado
2026-05-11,LFT,2026-05-11,210100,2000-07-01,2031-12-01,0.0995,0.0961,0.0978,18865.328603,0.00015811385139,0.0855,0.1086,0.0849,0.1084,Calculado
2026-05-11,LFT,2026-05-11,210100,2000-07-01,2032-03-01,0.103,0.1013,0.1023,18855.958636,0.0002177761695,0.0875,0.1142,0.0876,0.1133,Calculado
2026-05-11,LFT,2026-05-11,210100,2000-07-01,2032-06-01,0.1105,0.1094,0.11,18842.415809,0,0.0887,0.1202,0.0878,0.1203,Calculado
2026-05-11,NTN-B,2026-05-11,760199,2000-07-15,2026-08-15,9.6335,9.5959,9.6165,4717.084136,0.00733057424968,8.941,10.4318,9.0177,10.5206,Calculado
2026-05-11,NTN-B,2026-05-11,760199,2000-07-15,2027-05-15,8.1032,8.0765,8.0891,4744.531524,0.00187396755041,7.8144,8.4334,7.8139,8.4351,Calculado
2026-05-11,NTN-B,2026-05-11,760199,2000-07-15,2028-08-15,7.9085,7.8813,7.8958,4589.262559,0.0061902213668,7.4961,8.1906,7.552,8.2465,Calculado
2026-05-11,NTN-B,2026-05-11,760199,2000-07-15,2029-05-15,7.8041,7.7772,7.79,4625.599105,0,7.3929,8.0688,7.4429,8.1192,Calculado
2026-05-11,NTN-B,2026-05-11,760199,2000-07-15,2030-08-15,7.8205,7.7952,7.81,4477.147353,0,7.4409,8.0404,7.4908,8.0905,Calculado
2026-05-11,NTN-B,2026-05-11,760199,2000-07-15,2031-05-15,7.7348,7.7066,7.722,4523.082498,0.00405908739374,7.3807,7.9448,7.4226,7.9869,Calculado
2026-05-11,NTN-B,2026-05-11,760199,2000-07-15,2032-08-15,7.6976,7.6676,7.68,4395.500534,0,7.3624,7.8943,7.3937,7.9257,Calculado
2026-05-11,NTN-B,2026-05-11,760199,2000-07-15,2033-05-15,7.676,7.6473,7.66,4437.587783,0,7.3534,7.863,7.3884,7.898,Calculado
2026-05-11,NTN-B,2026-05-11,760199,2000-07-15,2035-05-15,7.5461,7.5155,7.53,4394.603161,0,7.2523,7.7137,7.2922,7.7537,Calculado
2026-05-11,NTN-B,2026-05-11,760199,2000-07-15,2037-05-15,7.4655,7.4351,7.4505,4355.043591,0.00088387673914,7.209,7.6362,7.2382,7.6655,Calculado
2026-05-11,NTN-B,2026-05-11,760199,2000-07-15,2040-08-15,7.3333,7.2988,7.3142,4249.581158,0.00408065203246,7.0985,7.4879,7.1299,7.5193,Calculado
2026-05-11,NTN-B,2026-05-11,760199,2000-07-15,2045-05-15,7.2418,7.204,7.2231,4275.863372,0.00377707616285,7.0303,7.3972,7.0618,7.4289,Calculado
2026-05-11,NTN-B,2026-05-11,760199,2000-07-15,2050-08-15,7.1815,7.147,7.163,4171.382881,0.00748110542634,6.9759,7.3374,7.0072,7.3689,Calculado
2026-05-11,NTN-B,2026-05-11,760199,2000-07-15,2055-05-15,7.1567,7.1254,7.1401,4215.438712,0.00041612243391,6.9577,7.318,6.9853,7.3458,Calculado
2026-05-11,NTN-B,2026-05-11,760199,2000-07-15,2060-08-15,7.1471,7.1121,7.1278,4121.181692,0.00226940468405,6.9504,7.3101,6.9736,7.3336,Calculado
2026-05-11,NTN-F,2026-05-11,950199,2016-01-15,2027-01-01,14.002,13.967,13.9817,1011.587249,0.00339116499156,13.6705,14.2528,13.7351,14.314,Calculado
2026-05-11,NTN-F,2026-05-11,950199,2018-01-05,2029-01-01,13.765,13.7397,13.7527,959.18797,0.0043077500531,13.1095,14.1288,13.2714,14.2907,Calculado
2026-05-11,NTN-F,2026-05-11,950199,2020-01-10,2031-01-01,13.9399,13.9277,13.9337,911.811975,0.00071328249663,13.3393,14.3181,13.4967,14.4754,Calculado
2026-05-11,NTN-F,2026-05-11,950199,2022-01-07,2033-01-01,14.0321,14.0195,14.0255,873.91019,0.00075416968913,13.433,14.4092,13.5803,14.5565,Calculado
2026-05-11,NTN-F,2026-05-11,950199,2024-01-05,2035-01-01,14.0292,14.0096,14.021,847.861953,0.00283373699379,13.4413,14.409,13.5771,14.5448,Calculado
2026-05-11,NTN-F,2026-05-11,950199,2026-01-09,2037-01-01,14.0362,14.0231,14.0296,826.898259,0.00063583933505,13.4638,14.4278,13.588,14.5522,Calculado
2026-05-15,LTN,2026-05-15,100000,2023-01-06,2026-07-01,14.4154,14.3887,14.4082,983.052856,0.00787399957264,14.2764,14.5871,14.286,14.6007,Calculado
2026-05-15,LTN,2026-05-15,100000,2024-07-05,2026-10-01,14.0868,14.0385,14.0646,950.607959,0.00633456589989,13.8742,14.2538,13.9037,14.279,Calculado
2026-05-15,LTN,2026-05-15,100000,2025-01-10,2027-04-01,13.9858,13.9558,13.972,892.564657,0.00002773481567,13.5767,14.3108,13.6355,14.3674,Calculado
2026-05-15,LTN,2026-05-15,100000,2023-07-07,2027-07-01,14.055,14.0411,14.0484,863.206039,0.00166382564591,13.5294,14.3914,13.639,14.499,Calculado
2026-05-15,LTN,2026-05-15,100000,2025-07-04,2027-10-01,14.1055,14.0923,14.0991,833.917896,0.0015625468377,13.5149,14.452,13.6503,14.5864,Calculado
2026-05-15,LTN,2026-05-15,100000,2024-01-05,2028-01-01,14.0699,14.0566,14.0626,807.288585,0.00088694230929,13.4409,14.4209,13.591,14.5706,Calculado
2026-05-15,LTN,2026-05-15,100000,2026-01-09,2028-04-01,14.0647,14.0523,14.0583,781.220671,0.00186603999153,13.415,14.4135,13.5739,14.5723,Calculado
2026-05-15,LTN,2026-05-15,100000,2024-07-05,2028-07-01,14.0944,14.0815,14.088,756.320347,0,13.4306,14.4373,13.598,14.6042,Calculado
2026-05-15,LTN,2026-05-15,100000,2022-02-11,2029-01-01,14.2085,14.1967,14.2025,706.972581,0,13.5295,14.5669,13.7117,14.749,Calculado
2026-05-15,LTN,2026-05-15,100000,2025-07-04,2029-07-01,14.2874,14.2753,14.2801,660.856353,0.00149010772765,13.6043,14.6438,13.7923,14.8318,Calculado
2026-05-15,LTN,2026-05-15,100000,2024-01-05,2030-01-01,14.3113,14.3007,14.3055,618.022697,0.00070025057658,13.6366,14.6631,13.8312,14.8579,Calculado
2026-05-15,LTN,2026-05-15,100000,2025-01-10,2032-01-01,14.3981,14.3863,14.3924,471.001385,0.00070225201317,13.7462,14.7502,13.9316,14.9356,Calculado
2026-05-15,NTN-C,2026-05-15,770100,2000-07-01,2031-01-01,8.1808,7.8731,8.026,7923.097344,0.10125765308203,7.4783,8.5114,7.3763,8.4128,Calculado
2026-05-15,LFT,2026-05-15,210100,2000-07-01,2026-09-01,0.0059,-0.0071,-0.0001,19008.091841,0.00022508165185,-0.0363,0.0197,-0.0506,0.0346,Calculado
2026-05-15,LFT,2026-05-15,210100,2000-07-01,2027-03-01,0.0089,0.006,0.0068,19007.065404,0.00086346477635,-0.0126,0.0197,-0.0272,0.0349,Calculado
2026-05-15,LFT,2026-05-15,210100,2000-07-01,2027-09-01,0.01,0.0075,0.0084,19006.019958,0.0005203996349,-0.0028,0.0308,-0.0172,0.0457,Calculado
2026-05-15,LFT,2026-05-15,210100,2000-07-01,2028-03-01,0.0225,0.02,0.0216,19000.754717,0.00021488708663,0.0103,0.0418,-0.0039,0.0566,Calculado
2026-05-15,LFT,2026-05-15,210100,2000-07-01,2028-09-01,0.0337,0.0313,0.0326,18993.873788,0.0003697636272,0.022,0.0513,0.0222,0.0516,Calculado
2026-05-15,LFT,2026-05-15,210100,2000-07-01,2029-03-01,0.0495,0.0472,0.0482,18982.735046,0.00032052588039,0.0278,0.0613,0.028,0.0616,Calculado
2026-05-15,LFT,2026-05-15,210100,2000-07-01,2029-09-01,0.0598,0.0574,0.0584,18971.691345,0.00054397127682,0.0375,0.0701,0.0376,0.0703,Calculado
2026-05-15,LFT,2026-05-15,210100,2000-07-01,2030-03-01,0.0678,0.065,0.0663,18960.704668,0.00035118843945,0.0484,0.0789,0.0485,0.079,Calculado
2026-05-15,LFT,2026-05-15,210100,2000-07-01,2030-06-01,0.0722,0.0694,0.071,18954.032827,0,0.0541,0.0823,0.054,0.0825,Calculado
2026-05-15,LFT,2026-05-15,210100,2000-07-01,2030-09-01,0.0762,0.0733,0.0747,18947.6271,0.00028837109772,0.0598,0.0853,0.0596,0.0856,Calculado
2026-05-15,LFT,2026-05-15,210100,2000-07-01,2030-12-01,0.0763,0.0732,0.0748,18944.015563,0.00025955425252,0.0607,0.0941,0.0605,0.0942,Calculado
2026-05-15,LFT,2026-05-15,210100,2000-07-01,2031-03-01,0.0832,0.08,0.0815,18934.549533,0.00029219875085,0.068,0.0964,0.0679,0.0965,Calculado
2026-05-15,LFT,2026-05-15,210100,2000-07-01,2031-06-01,0.086,0.0839,0.0853,18927.155385,0.00044793220469,0.0725,0.1011,0.072,0.1015,Calculado
2026-05-15,LFT,2026-05-15,210100,2000-07-01,2031-09-01,0.0901,0.0871,0.0887,18919.685205,0.00026917676348,0.0762,0.107,0.076,0.107,Calculado
2026-05-15,LFT,2026-05-15,210100,2000-07-01,2031-12-01,0.0983,0.0953,0.0967,18907.08284,0.00024145525465,0.084,0.108,0.0839,0.1077,Calculado
2026-05-15,LFT,2026-05-15,210100,2000-07-01,2032-03-01,0.1017,0.0991,0.1003,18898.757296,0.00033686225672,0.0873,0.1124,0.0869,0.1124,Calculado
2026-05-15,LFT,2026-05-15,210100,2000-07-01,2032-06-01,0.1112,0.1099,0.1106,18882.353313,0.00027252339349,0.0858,0.1213,0.0855,0.121,Calculado
2026-05-15,NTN-B,2026-05-15,760199,2000-07-15,2026-08-15,10.2182,10.1896,10.2013,4723.795827,0.00449065696641,9.4063,10.9458,9.5887,11.1407,Calculado
2026-05-15,NTN-B,2026-05-15,760199,2000-07-15,2027-05-15,8.1343,8.1056,8.12,4616.371715,0,7.8073,8.4355,7.8472,8.4779,Calculado
2026-05-15,NTN-B,2026-05-15,760199,2000-07-15,2028-08-15,8.1271,8.0973,8.1131,4581.548501,0.00332800751952,7.6862,8.3811,7.7692,8.4642,Calculado
2026-05-15,NTN-B,2026-05-15,760199,2000-07-15,2029-05-15,8.0523,8.0241,8.0391,4469.636231,0.00182305496352,7.6027,8.2803,7.6918,8.3698,Calculado
2026-05-15,NTN-B,2026-05-15,760199,2000-07-15,2030-08-15,8.0793,8.0506,8.066,4449.072564,0.00435969230451,7.6345,8.2347,7.7463,8.3468,Calculado
2026-05-15,NTN-B,2026-05-15,760199,2000-07-15,2031-05-15,8.0067,7.9781,7.9949,4347.430366,0.00671438783062,7.5703,8.1352,7.6952,8.2602,Calculado
2026-05-15,NTN-B,2026-05-15,760199,2000-07-15,2032-08-15,7.9442,7.9166,7.93,4354.162604,0,7.5311,8.0635,7.6434,8.176,Calculado
2026-05-15,NTN-B,2026-05-15,760199,2000-07-15,2033-05-15,7.9331,7.905,7.9182,4250.883217,0.00426502944656,7.5181,8.0282,7.6464,8.1566,Calculado
2026-05-15,NTN-B,2026-05-15,760199,2000-07-15,2035-05-15,7.764,7.7364,7.7496,4206.481501,0.00095513385973,7.3878,7.8497,7.5116,7.9736,Calculado
2026-05-15,NTN-B,2026-05-15,760199,2000-07-15,2037-05-15,7.6454,7.6207,7.6313,4170.284553,0.00891824749208,7.3088,7.7365,7.4187,7.8466,Calculado
2026-05-15,NTN-B,2026-05-15,760199,2000-07-15,2040-08-15,7.4961,7.4672,7.4812,4198.841283,0.00217124059008,7.201,7.5909,7.2965,7.6865,Calculado
2026-05-15,NTN-B,2026-05-15,760199,2000-07-15,2045-05-15,7.3896,7.3639,7.3767,4082.149172,0.00416833299893,7.1384,7.506,7.2149,7.5829,Calculado
2026-05-15,NTN-B,2026-05-15,760199,2000-07-15,2050-08-15,7.3146,7.2864,7.3,4117.442843,0,7.0739,7.4363,7.1437,7.5067,Calculado
2026-05-15,NTN-B,2026-05-15,760199,2000-07-15,2055-05-15,7.2837,7.26,7.2662,4024.315914,0.00745259186659,7.052,7.4135,7.1108,7.4729,Calculado
2026-05-15,NTN-B,2026-05-15,760199,2000-07-15,2060-08-15,7.2805,7.2562,7.2674,4059.727199,0.00655723786514,7.0482,7.4093,7.1124,7.4744,Calculado
2026-05-15,NTN-F,2026-05-15,950199,2016-01-15,2027-01-01,14.1247,14.0885,14.103,1013.036424,0,13.8142,14.3832,13.8626,14.4283,Calculado
2026-05-15,NTN-F,2026-05-15,950199,2018-01-05,2029-01-01,14.2223,14.2033,14.2138,952.373342,0.00514455938055,13.5548,14.5738,13.7322,14.7511,Calculado
2026-05-15,NTN-F,2026-05-15,950199,2020-01-10,2031-01-01,14.4193,14.4069,14.4129,900.013856,0.00088084886331,13.7829,14.7611,13.9765,14.9544,Calculado
2026-05-15,NTN-F,2026-05-15,950199,2022-01-07,2033-01-01,14.4692,14.458,14.4642,860.288481,0.00081603089402,13.8358,14.8117,14.0195,14.9952,Calculado
2026-05-15,NTN-F,2026-05-15,950199,2024-01-05,2035-01-01,14.4489,14.4358,14.442,832.824503,0,13.8347,14.802,13.9984,14.9655,Calculado
2026-05-15,NTN-F,2026-05-15,950199,2026-01-09,2037-01-01,14.449,14.4367,14.4435,810.773638,0.00054449112022,13.8431,14.8071,14.002,14.966,Calculado
2026-05-18,LTN,2026-05-18,100000,2023-01-06,2026-07-01,14.4069,14.3812,14.3987,983.588129,0.0103284760875,14.286,14.6007,14.2778,14.5966,Calculado
2026-05-18,LTN,2026-05-18,100000,2024-07-05,2026-10-01,14.0466,13.9863,14.0183,951.25161,0.00581152385438,13.9037,14.279,13.86,14.2309,Calculado
2026-05-18,LTN,2026-05-18,100000,2025-01-10,2027-04-01,13.8975,13.874,13.884,893.624922,0,13.6355,14.3674,13.5489,14.2785,Calculado
2026-05-18,LTN,2026-05-18,100000,2023-07-07,2027-07-01,13.9722,13.9571,13.9639,864.37053,0.00139172976903,13.639,14.499,13.5559,14.4139,Calculado
2026-05-18,LTN,2026-05-18,100000,2025-07-04,2027-10-01,14.0219,14.0077,14.015,835.199607,0.00276575699403,13.6503,14.5864,13.5667,14.5019,Calculado
2026-05-18,LTN,2026-05-18,100000,2024-01-05,2028-01-01,13.9782,13.9631,13.9697,808.779051,0.00095459414936,13.591,14.5706,13.4984,14.4776,Calculado
2026-05-18,LTN,2026-05-18,100000,2026-01-09,2028-04-01,13.9706,13.9522,13.9596,782.897007,0.0008932018305,13.5739,14.5723,13.4754,14.4736,Calculado
2026-05-18,LTN,2026-05-18,100000,2024-07-05,2028-07-01,13.9999,13.9852,13.992,758.064547,0,13.598,14.6042,13.502,14.5077,Calculado
2026-05-18,LTN,2026-05-18,100000,2022-02-11,2029-01-01,14.1196,14.1052,14.1116,708.81522,0.00022126529326,13.7117,14.749,13.6208,14.658,Calculado
2026-05-18,LTN,2026-05-18,100000,2025-07-04,2029-07-01,14.1959,14.1834,14.1876,662.867917,0.00082724738138,13.7923,14.8318,13.6997,14.7393,Calculado
2026-05-18,LTN,2026-05-18,100000,2024-01-05,2030-01-01,14.2335,14.2196,14.2253,619.913011,0.00049741980258,13.8312,14.8579,13.7508,14.7777,Calculado
2026-05-18,LTN,2026-05-18,100000,2025-01-10,2032-01-01,14.354,14.3428,14.3481,472.275204,0.00014455943414,13.9316,14.9356,13.8873,14.8912,Calculado
2026-05-18,NTN-C,2026-05-18,770100,2000-07-01,2031-01-01,8.245,7.9093,7.993,7937.045195,0.03653004851407,7.3763,8.4128,7.5197,8.5593,Calculado
2026-05-18,LFT,2026-05-18,210100,2000-07-01,2026-09-01,0.0076,-0.0012,0.0019,19018.128052,0.00319274579633,-0.0506,0.0346,-0.0491,0.0361,Calculado
2026-05-18,LFT,2026-05-18,210100,2000-07-01,2027-03-01,0.008,0.0057,0.0069,19017.215176,0.0004935253185,-0.0272,0.0349,-0.0253,0.0345,Calculado
2026-05-18,LFT,2026-05-18,210100,2000-07-01,2027-09-01,0.01,0.0073,0.0085,19016.150155,0.00021336307084,-0.0172,0.0457,-0.0165,0.0454,Calculado
2026-05-18,LFT,2026-05-18,210100,2000-07-01,2028-03-01,0.023,0.0203,0.0216,19010.920138,0.00033235148563,-0.0039,0.0566,-0.0033,0.0559,Calculado
2026-05-18,LFT,2026-05-18,210100,2000-07-01,2028-09-01,0.034,0.0319,0.0327,19003.997498,0.00019809028245,0.0222,0.0516,0.0223,0.0512,Calculado
2026-05-18,LFT,2026-05-18,210100,2000-07-01,2029-03-01,0.05,0.0475,0.0483,18992.852808,0.00030726496709,0.028,0.0616,0.0275,0.0617,Calculado
2026-05-18,LFT,2026-05-18,210100,2000-07-01,2029-09-01,0.0599,0.0576,0.0585,18981.80321,0.00013524666354,0.0376,0.0703,0.0372,0.0704,Calculado
2026-05-18,LFT,2026-05-18,210100,2000-07-01,2030-03-01,0.0667,0.0649,0.066,18971.095939,0.00009393359356,0.0485,0.079,0.0485,0.0787,Calculado
2026-05-18,LFT,2026-05-18,210100,2000-07-01,2030-06-01,0.0725,0.069,0.0709,18964.287408,0.00006642108099,0.054,0.0825,0.0549,0.0814,Calculado
2026-05-18,LFT,2026-05-18,210100,2000-07-01,2030-09-01,0.0763,0.0728,0.0745,18957.973352,0.00016967863743,0.0596,0.0856,0.0607,0.0844,Calculado
2026-05-18,LFT,2026-05-18,210100,2000-07-01,2030-12-01,0.0755,0.0728,0.0745,18954.435959,0.00033514213403,0.0605,0.0942,0.0612,0.0934,Calculado
2026-05-18,LFT,2026-05-18,210100,2000-07-01,2031-03-01,0.082,0.0796,0.0813,18944.90782,0.00017099146178,0.0679,0.0965,0.0687,0.0956,Calculado
2026-05-18,LFT,2026-05-18,210100,2000-07-01,2031-06-01,0.0858,0.0837,0.0851,18937.509724,0.00021756224397,0.072,0.1015,0.0728,0.1007,Calculado
2026-05-18,LFT,2026-05-18,210100,2000-07-01,2031-09-01,0.0907,0.0868,0.0886,18929.940463,0.00026788934283,0.076,0.107,0.0769,0.1061,Calculado
2026-05-18,LFT,2026-05-18,210100,2000-07-01,2031-12-01,0.0983,0.0949,0.0966,18917.369405,0.00019058730283,0.0839,0.1077,0.0848,0.1069,Calculado
2026-05-18,LFT,2026-05-18,210100,2000-07-01,2032-03-01,0.1014,0.0999,0.1007,18908.487886,0.00032216373166,0.0869,0.1124,0.0883,0.1111,Calculado
2026-05-18,LFT,2026-05-18,210100,2000-07-01,2032-06-01,0.1116,0.1103,0.1109,18892.170234,0.00008139404155,0.0855,0.121,0.0854,0.1212,Calculado
2026-05-18,NTN-B,2026-05-18,760199,2000-07-15,2026-08-15,10.2896,10.2386,10.2642,4726.108063,0.032451316532,9.5887,11.1407,9.6477,11.213,Calculado
2026-05-18,NTN-B,2026-05-18,760199,2000-07-15,2027-05-15,8.122,8.0965,8.11,4619.372432,0,7.8472,8.4779,7.838,8.4713,Calculado
2026-05-18,NTN-B,2026-05-18,760199,2000-07-15,2028-08-15,8.0822,8.0572,8.07,4587.942784,0,7.7692,8.4642,7.7262,8.4213,Calculado
2026-05-18,NTN-B,2026-05-18,760199,2000-07-15,2029-05-15,7.9987,7.9676,7.9843,4478.383707,0.00570035710548,7.6918,8.3698,7.637,8.3154,Calculado
2026-05-18,NTN-B,2026-05-18,760199,2000-07-15,2030-08-15,8.0164,7.9881,8,4461.664207,0,7.7463,8.3468,7.6802,8.2809,Calculado
2026-05-18,NTN-B,2026-05-18,760199,2000-07-15,2031-05-15,7.9551,7.9264,7.9387,4359.657846,0.00192888263769,7.6952,8.2602,7.6389,8.2041,Calculado
2026-05-18,NTN-B,2026-05-18,760199,2000-07-15,2032-08-15,7.893,7.8651,7.8829,4366.37294,0.00439209246032,7.6434,8.176,7.5962,8.1289,Calculado
2026-05-18,NTN-B,2026-05-18,760199,2000-07-15,2033-05-15,7.8838,7.8563,7.87,4264.117175,0,7.6464,8.1566,7.5981,8.1084,Calculado
2026-05-18,NTN-B,2026-05-18,760199,2000-07-15,2035-05-15,7.7489,7.7213,7.7333,4213.191639,0.00420458675496,7.5116,7.9736,7.4953,7.9573,Calculado
2026-05-18,NTN-B,2026-05-18,760199,2000-07-15,2037-05-15,7.6313,7.5978,7.6154,4177.465648,0.0058942894576,7.4187,7.8466,7.4028,7.8307,Calculado
2026-05-18,NTN-B,2026-05-18,760199,2000-07-15,2040-08-15,7.4925,7.462,7.4772,4202.542545,0.00361432036212,7.2965,7.6865,7.2925,7.6824,Calculado
2026-05-18,NTN-B,2026-05-18,760199,2000-07-15,2045-05-15,7.3843,7.3576,7.3715,4086.503663,0.00379684183237,7.2149,7.5829,7.2097,7.5776,Calculado
2026-05-18,NTN-B,2026-05-18,760199,2000-07-15,2050-08-15,7.3068,7.2717,7.2943,4122.257888,0.00419358846336,7.1437,7.5067,7.1381,7.5008,Calculado
2026-05-18,NTN-B,2026-05-18,760199,2000-07-15,2055-05-15,7.274,7.2446,7.26,4029.470075,0,7.1108,7.4729,7.1047,7.4665,Calculado
2026-05-18,NTN-B,2026-05-18,760199,2000-07-15,2060-08-15,7.2705,7.2368,7.2531,4069.092419,0.00383746906437,7.1124,7.4744,7.0983,7.4598,Calculado
2026-05-18,NTN-F,2026-05-18,950199,2016-01-15,2027-01-01,14.0671,14.0163,14.0346,1013.933545,0.00188745860617,13.8626,14.4283,13.7963,14.3586,Calculado
2026-05-18,NTN-F,2026-05-18,950199,2018-01-05,2029-01-01,14.1357,14.1086,14.1211,954.628473,0.00458428020413,13.7322,14.7511,13.6394,14.6583,Calculado
2026-05-18,NTN-F,2026-05-18,950199,2020-01-10,2031-01-01,14.3541,14.3407,14.3468,902.364072,0.00071904529065,13.9765,14.9544,13.9104,14.8883,Calculado
2026-05-18,NTN-F,2026-05-18,950199,2022-01-07,2033-01-01,14.4254,14.409,14.4177,862.367166,0.00031754262706,14.0195,14.9952,13.973,14.9486,Calculado
2026-05-18,NTN-F,2026-05-18,950199,2024-01-05,2035-01-01,14.416,14.4013,14.4079,834.612415,0.0017597255411,13.9984,14.9655,13.9644,14.9312,Calculado
2026-05-18,NTN-F,2026-05-18,950199,2026-01-09,2037-01-01,14.4219,14.4085,14.4141,812.455321,0.00121231426619,14.002,14.966,13.9728,14.9362,Calculado
2026-05-20,LTN,2026-05-20,100000,2023-01-06,2026-07-01,14.3982,14.3662,14.3883,984.649085,0.00250372222701,14.2761,14.5989,14.2704,14.5974,Calculado
2026-05-20,LTN,2026-05-20,100000,2024-07-05,2026-10-01,13.958,13.9001,13.9438,952.474745,0.01144946690418,13.8392,14.2057,13.7908,14.1529,Calculado
2026-05-20,LTN,2026-05-20,100000,2025-01-10,2027-04-01,13.7772,13.7559,13.766,895.342696,0,13.5449,14.2722,13.4337,14.1586,Calculado
2026-05-20,LTN,2026-05-20,100000,2023-07-07,2027-07-01,13.8323,13.8203,13.826,866.428348,0,13.5621,14.4181,13.4207,14.2747,Calculado
2026-05-20,LTN,2026-05-20,100000,2025-07-04,2027-10-01,13.8624,13.8525,13.8585,837.638588,0,13.5815,14.5159,13.4112,14.3446,Calculado
2026-05-20,LTN,2026-05-20,100000,2024-01-05,2028-01-01,13.7955,13.7863,13.7913,811.669854,0.00109519284147,13.5138,14.4925,13.3206,14.2988,Calculado
2026-05-20,LTN,2026-05-20,100000,2026-01-09,2028-04-01,13.7994,13.7838,13.7918,785.866168,0.00409007499198,13.5023,14.5003,13.3078,14.3057,Calculado
2026-05-20,LTN,2026-05-20,100000,2024-07-05,2028-07-01,13.8331,13.8208,13.827,761.172587,0,13.5459,14.5511,13.3371,14.3418,Calculado
2026-05-20,LTN,2026-05-20,100000,2022-02-11,2029-01-01,13.9582,13.9492,13.9542,712.108466,0.00100367744321,13.6836,14.7207,13.4634,14.5004,Calculado
2026-05-20,LTN,2026-05-20,100000,2025-07-04,2029-07-01,14.0563,14.0458,14.0501,666.042398,0.00053053800995,13.7779,14.8175,13.5619,14.6016,Calculado
2026-05-20,LTN,2026-05-20,100000,2024-01-05,2030-01-01,14.1042,14.093,14.0987,623.041345,0.00045247854093,13.838,14.865,13.6239,14.651,Calculado
2026-05-20,LTN,2026-05-20,100000,2025-01-10,2032-01-01,14.2591,14.2503,14.2547,474.94147,0.00048537431947,13.9967,15.0006,13.7939,14.7977,Calculado
2026-05-20,NTN-C,2026-05-20,770100,2000-07-01,2031-01-01,8.1547,7.882,7.9967,7946.449824,0.09430256913489,7.4232,8.463,7.512,8.5557,Calculado
2026-05-20,LFT,2026-05-20,210100,2000-07-01,2026-09-01,0.0092,0.0029,0.0058,19038.235412,0.0029377956481,-0.0479,0.0366,-0.0456,0.0392,Calculado
2026-05-20,LFT,2026-05-20,210100,2000-07-01,2027-03-01,0.009,0.0065,0.0076,19037.435793,0.00037069973024,-0.0241,0.0344,-0.0218,0.0342,Calculado
2026-05-20,LFT,2026-05-20,210100,2000-07-01,2027-09-01,0.01,0.0076,0.0087,19036.426749,0.00040078868497,-0.0158,0.0452,-0.0151,0.0447,Calculado
2026-05-20,LFT,2026-05-20,210100,2000-07-01,2028-03-01,0.0221,0.0205,0.0215,19031.286338,0.00006324547415,-0.0027,0.0553,-0.0023,0.0543,Calculado
2026-05-20,LFT,2026-05-20,210100,2000-07-01,2028-09-01,0.0331,0.0314,0.0324,19024.489572,0.000231698511,0.0222,0.0509,0.0221,0.0501,Calculado
2026-05-20,LFT,2026-05-20,210100,2000-07-01,2029-03-01,0.0487,0.0472,0.0481,19013.313938,0.00019701720737,0.0269,0.0617,0.0262,0.0614,Calculado
2026-05-20,LFT,2026-05-20,210100,2000-07-01,2029-09-01,0.0589,0.0573,0.058,19002.480998,0.00021951567142,0.0365,0.0703,0.0361,0.0697,Calculado
2026-05-20,LFT,2026-05-20,210100,2000-07-01,2030-03-01,0.0662,0.0639,0.0652,18992.028829,0.00030184615287,0.0483,0.0781,0.0478,0.0777,Calculado
2026-05-20,LFT,2026-05-20,210100,2000-07-01,2030-06-01,0.0704,0.0686,0.0697,18985.555719,0.00059584084284,0.0527,0.0829,0.0525,0.0822,Calculado
2026-05-20,LFT,2026-05-20,210100,2000-07-01,2030-09-01,0.0738,0.0718,0.0732,18979.387226,0.00045316605124,0.0604,0.0839,0.0597,0.0838,Calculado
2026-05-20,LFT,2026-05-20,210100,2000-07-01,2030-12-01,0.0742,0.072,0.0736,18975.560476,0.00060024117653,0.0608,0.0932,0.0603,0.0927,Calculado
2026-05-20,LFT,2026-05-20,210100,2000-07-01,2031-03-01,0.0811,0.0788,0.08,18966.421967,0.00060905448032,0.0682,0.0955,0.0674,0.0954,Calculado
2026-05-20,LFT,2026-05-20,210100,2000-07-01,2031-06-01,0.0847,0.0822,0.0841,18958.825582,0.00069015634461,0.0723,0.1007,0.0718,0.1002,Calculado
2026-05-20,LFT,2026-05-20,210100,2000-07-01,2031-09-01,0.0894,0.0866,0.0879,18951.000734,0.00049619604996,0.0767,0.1059,0.0761,0.1053,Calculado
2026-05-20,LFT,2026-05-20,210100,2000-07-01,2031-12-01,0.0977,0.0947,0.0963,18938.035476,0.00030883668824,0.0848,0.1067,0.084,0.1062,Calculado
2026-05-20,LFT,2026-05-20,210100,2000-07-01,2032-03-01,0.102,0.0995,0.1005,18929.049276,0.00056428809132,0.0882,0.1112,0.0872,0.1109,Calculado
2026-05-20,LFT,2026-05-20,210100,2000-07-01,2032-06-01,0.1107,0.1049,0.11,18913.551889,0.00003631349611,0.0854,0.1214,0.0849,0.1204,Calculado
2026-05-20,NTN-B,2026-05-20,760199,2000-07-15,2026-08-15,10.2325,10.1713,10.2,4732.811384,0,9.5121,11.0908,9.5736,11.1657,Calculado
2026-05-20,NTN-B,2026-05-20,760199,2000-07-15,2027-05-15,8.1113,8.0863,8.0985,4625.010265,0.00206146653138,7.843,8.4789,7.8275,8.4659,Calculado
2026-05-20,NTN-B,2026-05-20,760199,2000-07-15,2028-08-15,8.034,8.005,8.02,4597.5009,0,7.7334,8.4285,7.6762,8.3715,Calculado
2026-05-20,NTN-B,2026-05-20,760199,2000-07-15,2029-05-15,7.955,7.9265,7.9432,4488.047242,0.00337888785105,7.6536,8.3324,7.5958,8.275,Calculado
2026-05-20,NTN-B,2026-05-20,760199,2000-07-15,2030-08-15,8.0031,7.9772,7.9913,4467.948409,0.0020434412568,7.7281,8.3289,7.6713,8.2723,Calculado
2026-05-20,NTN-B,2026-05-20,760199,2000-07-15,2031-05-15,7.9558,7.9292,7.9421,4363.885514,0.0030496549395,7.6926,8.2579,7.642,8.2075,Calculado
2026-05-20,NTN-B,2026-05-20,760199,2000-07-15,2032-08-15,7.9251,7.8972,7.9113,4365.269692,0.00190403080857,7.6534,8.1861,7.6245,8.1573,Calculado
2026-05-20,NTN-B,2026-05-20,760199,2000-07-15,2033-05-15,7.9243,7.897,7.91,4259.775537,0,7.666,8.1764,7.6379,8.1484,Calculado
2026-05-20,NTN-B,2026-05-20,760199,2000-07-15,2035-05-15,7.7943,7.767,7.782,4204.615564,0.00380536338606,7.5668,8.0289,7.5438,8.006,Calculado
2026-05-20,NTN-B,2026-05-20,760199,2000-07-15,2037-05-15,7.6637,7.6306,7.6482,4171.833139,0.00414461887271,7.4649,7.8929,7.4355,7.8635,Calculado
2026-05-20,NTN-B,2026-05-20,760199,2000-07-15,2040-08-15,7.525,7.4948,7.5112,4194.728576,0.00279399479599,7.3523,7.7424,7.3264,7.7163,Calculado
2026-05-20,NTN-B,2026-05-20,760199,2000-07-15,2045-05-15,7.4332,7.4077,7.4196,4070.745755,0.00484757793645,7.2741,7.642,7.2577,7.6255,Calculado
2026-05-20,NTN-B,2026-05-20,760199,2000-07-15,2050-08-15,7.3444,7.3164,7.33,4110.143046,0,7.1938,7.5565,7.1739,7.5363,Calculado
2026-05-20,NTN-B,2026-05-20,760199,2000-07-15,2055-05-15,7.3346,7.305,7.32,4004.564145,0,7.1647,7.5265,7.1649,7.5263,Calculado
2026-05-20,NTN-B,2026-05-20,760199,2000-07-15,2060-08-15,7.3233,7.2959,7.3127,4043.405881,0.00430448271224,7.1559,7.5175,7.158,7.5192,Calculado
2026-05-20,NTN-F,2026-05-20,950199,2016-01-15,2027-01-01,13.9513,13.9147,13.9354,1015.516816,0.00248401909614,13.7902,14.3491,13.7013,14.2568,Calculado
2026-05-20,NTN-F,2026-05-20,950199,2018-01-05,2029-01-01,13.9717,13.953,13.9625,958.632644,0.00163516053952,13.6999,14.7188,13.4805,14.4996,Calculado
2026-05-20,NTN-F,2026-05-20,950199,2020-01-10,2031-01-01,14.2453,14.2349,14.2402,906.347649,0.0007826998403,14.0107,14.9883,13.8038,14.7817,Calculado
2026-05-20,NTN-F,2026-05-20,950199,2022-01-07,2033-01-01,14.3417,14.3302,14.3362,866.133222,0.00107678975664,14.0893,15.0645,13.8916,14.867,Calculado
2026-05-20,NTN-F,2026-05-20,950199,2024-01-05,2035-01-01,14.3363,14.323,14.3291,838.61696,0.00103776074314,14.071,15.0371,13.8858,14.8521,Calculado
2026-05-20,NTN-F,2026-05-20,950199,2026-01-09,2037-01-01,14.3478,14.336,14.342,816.395562,0,14.0755,15.0383,13.901,14.8638,Calculado
2026-05-19,LTN,2026-05-19,100000,2023-01-06,2026-07-01,14.408,14.3781,14.3956,984.116491,0.0031776435121,14.2778,14.5966,14.2761,14.5989,Calculado
2026-05-19,LTN,2026-05-19,100000,2024-07-05,2026-10-01,14.0282,13.9607,13.9951,951.819968,0.00705125261142,13.86,14.2309,13.8392,14.2057,Calculado
2026-05-19,LTN,2026-05-19,100000,2025-01-10,2027-04-01,13.8911,13.8689,13.8789,894.120554,0.00505847675986,13.5489,14.2785,13.5449,14.2722,Calculado
2026-05-19,LTN,2026-05-19,100000,2023-07-07,2027-07-01,13.9757,13.9632,13.969,864.775993,0,13.5559,14.4139,13.5621,14.4181,Calculado
2026-05-19,LTN,2026-05-19,100000,2025-07-04,2027-10-01,14.0363,14.0228,14.0296,835.487947,0.00207173331778,13.5667,14.5019,13.5815,14.5159,Calculado
2026-05-19,LTN,2026-05-19,100000,2024-01-05,2028-01-01,13.9918,13.9791,13.985,809.022985,0,13.4984,14.4776,13.5138,14.4925,Calculado
2026-05-19,LTN,2026-05-19,100000,2026-01-09,2028-04-01,13.9927,13.9798,13.9866,782.956332,0.0009200205976,13.4754,14.4736,13.5023,14.5003,Calculado
2026-05-19,LTN,2026-05-19,100000,2024-07-05,2028-07-01,14.0424,14.0295,14.036,757.840921,0,13.502,14.5077,13.5459,14.5511,Calculado
2026-05-19,LTN,2026-05-19,100000,2022-02-11,2029-01-01,14.1804,14.1686,14.1745,708.170013,0,13.6208,14.658,13.6836,14.7207,Calculado
2026-05-19,LTN,2026-05-19,100000,2025-07-04,2029-07-01,14.2717,14.26,14.266,661.809533,0,13.6997,14.7393,13.7779,14.8175,Calculado
2026-05-19,LTN,2026-05-19,100000,2024-01-05,2030-01-01,14.3181,14.3075,14.3127,618.538926,0.000770374052,13.7508,14.7777,13.838,14.865,Calculado
2026-05-19,LTN,2026-05-19,100000,2025-01-10,2032-01-01,14.4635,14.4518,14.4575,470.0068,0,13.8873,14.8912,13.9967,15.0006,Calculado
2026-05-19,NTN-C,2026-05-19,770100,2000-07-01,2031-01-01,8.1051,7.8512,8.0106,7937.568401,0.04096184477364,7.5197,8.5593,7.4232,8.463,Calculado
2026-05-19,LFT,2026-05-19,210100,2000-07-01,2026-09-01,0.0069,0.0002,0.0029,19028.226647,0.00219756643586,-0.0491,0.0361,-0.0479,0.0366,Calculado
2026-05-19,LFT,2026-05-19,210100,2000-07-01,2027-03-01,0.0083,0.0065,0.0074,19027.294255,0.00058514505039,-0.0253,0.0345,-0.0241,0.0344,Calculado
2026-05-19,LFT,2026-05-19,210100,2000-07-01,2027-09-01,0.0095,0.0075,0.0085,19026.304779,0.00034805581449,-0.0165,0.0454,-0.0158,0.0452,Calculado
2026-05-19,LFT,2026-05-19,210100,2000-07-01,2028-03-01,0.0221,0.0204,0.0216,19021.090998,0.00019140005225,-0.0033,0.0559,-0.0027,0.0553,Calculado
2026-05-19,LFT,2026-05-19,210100,2000-07-01,2028-09-01,0.034,0.0314,0.0326,19014.221746,0.00029784311306,0.0223,0.0512,0.0222,0.0509,Calculado
2026-05-19,LFT,2026-05-19,210100,2000-07-01,2029-03-01,0.0494,0.0475,0.0483,19003.033048,0.00019868847475,0.0275,0.0617,0.0269,0.0617,Calculado
2026-05-19,LFT,2026-05-19,210100,2000-07-01,2029-09-01,0.0599,0.0573,0.0585,18991.996577,0.00004258145136,0.0372,0.0704,0.0365,0.0703,Calculado
2026-05-19,LFT,2026-05-19,210100,2000-07-01,2030-03-01,0.0661,0.0636,0.0655,18981.6261,0.00066300182504,0.0485,0.0787,0.0483,0.0781,Calculado
2026-05-19,LFT,2026-05-19,210100,2000-07-01,2030-06-01,0.071,0.0688,0.0703,18974.928104,0.00056264679862,0.0549,0.0814,0.0527,0.0829,Calculado
2026-05-19,LFT,2026-05-19,210100,2000-07-01,2030-09-01,0.0747,0.0722,0.074,18968.553591,0.00067181345625,0.0607,0.0844,0.0604,0.0839,Calculado
2026-05-19,LFT,2026-05-19,210100,2000-07-01,2030-12-01,0.0747,0.0725,0.0741,18964.957224,0.0006297769764,0.0612,0.0934,0.0608,0.0932,Calculado
2026-05-19,LFT,2026-05-19,210100,2000-07-01,2031-03-01,0.0815,0.0793,0.0809,18955.443025,0.00055946402029,0.0687,0.0956,0.0682,0.0955,Calculado
2026-05-19,LFT,2026-05-19,210100,2000-07-01,2031-06-01,0.0853,0.0827,0.0846,18948.174177,0.00065392586736,0.0728,0.1007,0.0723,0.1007,Calculado
2026-05-19,LFT,2026-05-19,210100,2000-07-01,2031-09-01,0.0896,0.0867,0.0885,18940.220307,0.00007250103448,0.0769,0.1061,0.0767,0.1059,Calculado
2026-05-19,LFT,2026-05-19,210100,2000-07-01,2031-12-01,0.0981,0.0956,0.0966,18927.528365,0.00048882242174,0.0848,0.1069,0.0848,0.1067,Calculado
2026-05-19,LFT,2026-05-19,210100,2000-07-01,2032-03-01,0.1024,0.1005,0.1008,18918.546961,0.00017042332587,0.0883,0.1111,0.0882,0.1112,Calculado
2026-05-19,LFT,2026-05-19,210100,2000-07-01,2032-06-01,0.1116,0.1105,0.111,18902.239624,0.0001019545487,0.0854,0.1212,0.0854,0.1214,Calculado
2026-05-19,NTN-B,2026-05-19,760199,2000-07-15,2026-08-15,10.1682,10.1094,10.1342,4730.515738,0.0108357872672,9.6477,11.213,9.5121,11.0908,Calculado
2026-05-19,NTN-B,2026-05-19,760199,2000-07-15,2027-05-15,8.1295,8.1001,8.1148,4621.753047,0.0043804572581,7.838,8.4713,7.843,8.4789,Calculado
2026-05-19,NTN-B,2026-05-19,760199,2000-07-15,2028-08-15,8.09,8.064,8.0772,4589.858989,0.00337805149013,7.7262,8.4213,7.7334,8.4285,Calculado
2026-05-19,NTN-B,2026-05-19,760199,2000-07-15,2029-05-15,8.014,7.9848,8.001,4478.959358,0.00183357574155,7.637,8.3154,7.6536,8.3324,Calculado
2026-05-19,NTN-B,2026-05-19,760199,2000-07-15,2030-08-15,8.0576,8.0348,8.048,4456.78508,0.00228648719874,7.6802,8.2809,7.7281,8.3289,Calculado
2026-05-19,NTN-B,2026-05-19,760199,2000-07-15,2031-05-15,8.0058,7.9768,7.9925,4352.672822,0.00268594223877,7.6389,8.2041,7.6926,8.2579,Calculado
2026-05-19,NTN-B,2026-05-19,760199,2000-07-15,2032-08-15,7.9544,7.9287,7.9401,4356.876097,0.0006057714503,7.5962,8.1289,7.6534,8.1861,Calculado
2026-05-19,NTN-B,2026-05-19,760199,2000-07-15,2033-05-15,7.9506,7.9221,7.938,4251.116418,0.00507775509748,7.5981,8.1084,7.666,8.1764,Calculado
2026-05-19,NTN-B,2026-05-19,760199,2000-07-15,2035-05-15,7.8162,7.7858,7.8049,4196.139648,0.00392632243964,7.4953,7.9573,7.5668,8.0289,Calculado
2026-05-19,NTN-B,2026-05-19,760199,2000-07-15,2037-05-15,7.6927,7.6573,7.6776,4160.498885,0.00380400791009,7.4028,7.8307,7.4649,7.8929,Calculado
2026-05-19,NTN-B,2026-05-19,760199,2000-07-15,2040-08-15,7.5512,7.521,7.5372,4183.096785,0.00391043501033,7.2925,7.6824,7.3523,7.7424,Calculado
2026-05-19,NTN-B,2026-05-19,760199,2000-07-15,2045-05-15,7.4476,7.4196,7.436,4061.757217,0.00341433272837,7.2097,7.5776,7.2741,7.642,Calculado
2026-05-19,NTN-B,2026-05-19,760199,2000-07-15,2050-08-15,7.3632,7.3296,7.35,4098.781812,0,7.1381,7.5008,7.1938,7.5565,Calculado
2026-05-19,NTN-B,2026-05-19,760199,2000-07-15,2055-05-15,7.3342,7.306,7.32,4002.445378,0,7.1047,7.4665,7.1647,7.5265,Calculado
2026-05-19,NTN-B,2026-05-19,760199,2000-07-15,2060-08-15,7.3287,7.2963,7.3108,4042.218812,0.00186289954909,7.0983,7.4598,7.1559,7.5175,Calculado
2026-05-19,NTN-F,2026-05-19,950199,2016-01-15,2027-01-01,14.0432,14.0077,14.0267,1014.504212,0.00214406565431,13.7963,14.3586,13.7902,14.3491,Calculado
2026-05-19,NTN-F,2026-05-19,950199,2018-01-05,2029-01-01,14.1912,14.1733,14.1818,953.98215,0.00293302430437,13.6394,14.6583,13.6999,14.7188,Calculado
2026-05-19,NTN-F,2026-05-19,950199,2020-01-10,2031-01-01,14.4533,14.4414,14.4469,900.017402,0.00071473361471,13.9104,14.8883,14.0107,14.9883,Calculado
2026-05-19,NTN-F,2026-05-19,950199,2022-01-07,2033-01-01,14.539,14.528,14.5338,858.799629,0.00108274342298,13.973,14.9486,14.0893,15.0645,Calculado
2026-05-19,NTN-F,2026-05-19,950199,2024-01-05,2035-01-01,14.5223,14.5068,14.5142,830.886676,0.0017880009396,13.9644,14.9312,14.071,15.0371,Calculado
2026-05-19,NTN-F,2026-05-19,950199,2026-01-09,2037-01-01,14.5231,14.5102,14.5165,808.558201,0,13.9728,14.9362,14.0755,15.0383,Calculado
2026-05-21,LTN,2026-05-21,100000,2023-01-06,2026-07-01,14.391,14.3667,14.3799,985.182522,0.00296426014715,14.2704,14.5974,14.2629,14.594,Calculado
2026-05-21,LTN,2026-05-21,100000,2024-07-05,2026-10-01,13.9554,13.8892,13.9337,952.999428,0.00798982809139,13.7908,14.1529,13.7831,14.1414,Calculado
2026-05-21,LTN,2026-05-21,100000,2025-01-10,2027-04-01,13.7716,13.7478,13.7611,895.833969,0.00575960067973,13.4337,14.1586,13.4302,14.1528,Calculado
2026-05-21,LTN,2026-05-21,100000,2023-07-07,2027-07-01,13.7905,13.778,13.784,867.226714,0,13.4207,14.2747,13.3801,14.2322,Calculado
2026-05-21,LTN,2026-05-21,100000,2025-07-04,2027-10-01,13.8068,13.7936,13.8006,838.650531,0.00174068951568,13.4112,14.3446,13.3539,14.2864,Calculado
2026-05-21,LTN,2026-05-21,100000,2024-01-05,2028-01-01,13.7356,13.725,13.7305,812.78565,0.00010036692682,13.3206,14.2988,13.2602,14.2379,Calculado
2026-05-21,LTN,2026-05-21,100000,2026-01-09,2028-04-01,13.7434,13.7303,13.7351,786.998852,0.00173007018644,13.3078,14.3057,13.2514,14.249,Calculado
2026-05-21,LTN,2026-05-21,100000,2024-07-05,2028-07-01,13.7638,13.7503,13.757,762.549811,0.00026299555129,13.3371,14.3418,13.2672,14.2713,Calculado
2026-05-21,LTN,2026-05-21,100000,2022-02-11,2029-01-01,13.8915,13.8809,13.8861,713.583885,0.00014396964958,13.4634,14.5004,13.3953,14.4322,Calculado
2026-05-21,LTN,2026-05-21,100000,2025-07-04,2029-07-01,13.9918,13.9809,13.9863,667.542164,0.00131103614748,13.5619,14.6016,13.4981,14.5378,Calculado
2026-05-21,LTN,2026-05-21,100000,2024-01-05,2030-01-01,14.0394,14.0275,14.0335,624.645629,0,13.6239,14.651,13.5585,14.5858,Calculado
2026-05-21,LTN,2026-05-21,100000,2025-01-10,2032-01-01,14.2045,14.1937,14.2,476.464907,0.00075007016338,13.7939,14.7977,13.7391,14.743,Calculado
2026-05-21,NTN-C,2026-05-21,770100,2000-07-01,2031-01-01,8.1062,7.8227,7.9845,7955.90996,0.04736024096465,7.512,8.5557,7.4734,8.5173,Calculado
2026-05-21,LFT,2026-05-21,210100,2000-07-01,2026-09-01,0.0097,0.0049,0.0074,19048.306586,0.00159257322281,-0.0456,0.0392,-0.0444,0.0407,Calculado
2026-05-21,LFT,2026-05-21,210100,2000-07-01,2027-03-01,0.0099,0.0075,0.0081,19047.525588,0.00047897306814,-0.0218,0.0342,-0.0204,0.0345,Calculado
2026-05-21,LFT,2026-05-21,210100,2000-07-01,2027-09-01,0.0102,0.0087,0.0093,19046.458859,0.00035747651671,-0.0151,0.0447,-0.0143,0.0446,Calculado
2026-05-21,LFT,2026-05-21,210100,2000-07-01,2028-03-01,0.022,0.02,0.0213,19041.544288,0.00033749777777,-0.0023,0.0543,-0.0023,0.0543,Calculado
2026-05-21,LFT,2026-05-21,210100,2000-07-01,2028-09-01,0.0335,0.0314,0.0324,19034.667698,0.00024920926949,0.0221,0.0501,0.0219,0.0496,Calculado
2026-05-21,LFT,2026-05-21,210100,2000-07-01,2029-03-01,0.0486,0.0463,0.0477,19023.714681,0.0003570380652,0.0262,0.0614,0.0255,0.0611,Calculado
2026-05-21,LFT,2026-05-21,210100,2000-07-01,2029-09-01,0.0582,0.0564,0.0575,19012.990248,0,0.0361,0.0697,0.0352,0.0693,Calculado
2026-05-21,LFT,2026-05-21,210100,2000-07-01,2030-03-01,0.0649,0.0631,0.064,19003.065862,0.00054894634528,0.0478,0.0777,0.0474,0.0766,Calculado
2026-05-21,LFT,2026-05-21,210100,2000-07-01,2030-06-01,0.0695,0.068,0.0687,18996.5131,0.00034834192972,0.0525,0.0822,0.0519,0.0813,Calculado
2026-05-21,LFT,2026-05-21,210100,2000-07-01,2030-09-01,0.0733,0.0711,0.0726,18990.055582,0.00046141602703,0.0597,0.0838,0.0592,0.0828,Calculado
2026-05-21,LFT,2026-05-21,210100,2000-07-01,2030-12-01,0.0736,0.0713,0.0729,18986.36013,0.00055489165609,0.0603,0.0927,0.0596,0.0919,Calculado
2026-05-21,LFT,2026-05-21,210100,2000-07-01,2031-03-01,0.08,0.0778,0.0793,18977.254839,0.00055630583315,0.0674,0.0954,0.0667,0.0947,Calculado
2026-05-21,LFT,2026-05-21,210100,2000-07-01,2031-06-01,0.0841,0.0818,0.0835,18969.578202,0.00063822669954,0.0718,0.1002,0.0712,0.0995,Calculado
2026-05-21,LFT,2026-05-21,210100,2000-07-01,2031-09-01,0.0889,0.0859,0.0875,18961.577738,0.00061848711385,0.0761,0.1053,0.0758,0.1045,Calculado
2026-05-21,LFT,2026-05-21,210100,2000-07-01,2031-12-01,0.0975,0.0944,0.0959,18948.624604,0.00019822124003,0.084,0.1062,0.0835,0.1058,Calculado
2026-05-21,LFT,2026-05-21,210100,2000-07-01,2032-03-01,0.1016,0.0995,0.1003,18939.462167,0.00069109987701,0.0872,0.1109,0.0867,0.1106,Calculado
2026-05-21,LFT,2026-05-21,210100,2000-07-01,2032-06-01,0.1101,0.1088,0.1095,18924.299382,0.00007302965151,0.0849,0.1204,0.0849,0.1198,Calculado
2026-05-21,NTN-B,2026-05-21,760199,2000-07-15,2026-08-15,10.3746,10.3153,10.3371,4734.392073,0.03956657470618,9.5736,11.1657,9.7062,11.3119,Calculado
2026-05-21,NTN-B,2026-05-21,760199,2000-07-15,2027-05-15,8.1158,8.0922,8.1031,4627.407026,0.00534884099502,7.8275,8.4659,7.8328,8.4739,Calculado
2026-05-21,NTN-B,2026-05-21,760199,2000-07-15,2028-08-15,7.9991,7.975,7.9876,4602.932984,0.00353534687548,7.6762,8.3715,7.6439,8.3393,Calculado
2026-05-21,NTN-B,2026-05-21,760199,2000-07-15,2029-05-15,7.925,7.9015,7.9126,4494.026558,0.00331638004758,7.5958,8.275,7.5652,8.2448,Calculado
2026-05-21,NTN-B,2026-05-21,760199,2000-07-15,2030-08-15,7.976,7.9498,7.9609,4475.090609,0.00180073514155,7.6713,8.2723,7.6407,8.242,Calculado
2026-05-21,NTN-B,2026-05-21,760199,2000-07-15,2031-05-15,7.9233,7.8964,7.9085,4372.174366,0.00222959239324,7.642,8.2075,7.6083,8.174,Calculado
2026-05-21,NTN-B,2026-05-21,760199,2000-07-15,2032-08-15,7.8943,7.8688,7.8821,4373.756679,0.00359583091788,7.6245,8.1573,7.5952,8.1282,Calculado
2026-05-21,NTN-B,2026-05-21,760199,2000-07-15,2033-05-15,7.8885,7.8653,7.8773,4269.507714,0.00272377905124,7.6379,8.1484,7.6052,8.1157,Calculado
2026-05-21,NTN-B,2026-05-21,760199,2000-07-15,2035-05-15,7.7688,7.7408,7.7552,4214.155031,0.00522451911567,7.5438,8.006,7.517,7.9792,Calculado
2026-05-21,NTN-B,2026-05-21,760199,2000-07-15,2037-05-15,7.6512,7.6175,7.63,4179.725606,0,7.4355,7.8635,7.4173,7.8452,Calculado
2026-05-21,NTN-B,2026-05-21,760199,2000-07-15,2040-08-15,7.5217,7.4849,7.4984,4201.614263,0.00225678390193,7.3264,7.7163,7.3136,7.7035,Calculado
2026-05-21,NTN-B,2026-05-21,760199,2000-07-15,2045-05-15,7.4279,7.3979,7.41,4076.917676,0,7.2577,7.6255,7.2482,7.6158,Calculado
2026-05-21,NTN-B,2026-05-21,760199,2000-07-15,2050-08-15,7.3411,7.3109,7.3237,4115.222825,0.00602492876804,7.1739,7.5363,7.1677,7.5299,Calculado
2026-05-21,NTN-B,2026-05-21,760199,2000-07-15,2055-05-15,7.3321,7.3025,7.3155,4008.859401,0.0046770717324,7.1649,7.5263,7.1605,7.5217,Calculado
2026-05-21,NTN-B,2026-05-21,760199,2000-07-15,2060-08-15,7.3245,7.2966,7.3098,4046.999725,0.00540278631726,7.158,7.5192,7.1553,7.5161,Calculado
2026-05-21,NTN-F,2026-05-21,950199,2016-01-15,2027-01-01,13.9386,13.9022,13.9209,1016.119146,0.00235403283325,13.7013,14.2568,13.6889,14.2409,Calculado
2026-05-21,NTN-F,2026-05-21,950199,2018-01-05,2029-01-01,13.9015,13.885,13.8939,960.431718,0.00197350876106,13.4805,14.4996,13.4119,14.431,Calculado
2026-05-21,NTN-F,2026-05-21,950199,2020-01-10,2031-01-01,14.1813,14.1701,14.1759,908.656085,0.00104637696362,13.8038,14.7817,13.7395,14.7174,Calculado
2026-05-21,NTN-F,2026-05-21,950199,2022-01-07,2033-01-01,14.289,14.2778,14.2837,868.432408,0.00088125991626,13.8916,14.867,13.839,14.8145,Calculado
2026-05-21,NTN-F,2026-05-21,950199,2024-01-05,2035-01-01,14.2976,14.2828,14.2892,840.645143,0.00045889893223,13.8858,14.8521,13.8459,14.8122,Calculado
2026-05-21,NTN-F,2026-05-21,950199,2026-01-09,2037-01-01,14.3063,14.2933,14.3,818.62738,0,13.901,14.8638,13.8591,14.8216,Calculado
2026-05-22,LTN,2026-05-22,100000,2023-01-06,2026-07-01,14.39,14.3655,14.3779,985.709764,0.00621887544095,14.2629,14.594,14.2609,14.5963,Calculado
2026-05-22,LTN,2026-05-22,100000,2024-07-05,2026-10-01,13.995,13.9358,13.9639,953.400617,0.00427937942113,13.7831,14.1414,13.8152,14.1731,Calculado
2026-05-22,LTN,2026-05-22,100000,2025-01-10,2027-04-01,13.8135,13.7795,13.79,896.099106,0,13.4302,14.1528,13.4603,14.1806,Calculado
2026-05-22,LTN,2026-05-22,100000,2023-07-07,2027-07-01,13.825,13.8083,13.819,867.37794,0,13.3801,14.2322,13.4165,14.2665,Calculado
2026-05-22,LTN,2026-05-22,100000,2025-07-04,2027-10-01,13.8385,13.8253,13.8322,838.764771,0.00229849694801,13.3539,14.2864,13.386,14.3176,Calculado
2026-05-22,LTN,2026-05-22,100000,2024-01-05,2028-01-01,13.7684,13.7578,13.7634,812.822806,0.00006030215585,13.2602,14.2379,13.2935,14.2708,Calculado
2026-05-22,LTN,2026-05-22,100000,2026-01-09,2028-04-01,13.7687,13.7534,13.7602,787.078278,0.0014372282317,13.2514,14.249,13.2767,14.2742,Calculado
2026-05-22,LTN,2026-05-22,100000,2024-07-05,2028-07-01,13.7836,13.7704,13.777,762.658444,0,13.2672,14.2713,13.2873,14.291,Calculado
2026-05-22,LTN,2026-05-22,100000,2022-02-11,2029-01-01,13.8986,13.8877,13.8932,713.836855,0.00109973258568,13.3953,14.4322,13.4026,14.4393,Calculado
2026-05-22,LTN,2026-05-22,100000,2025-07-04,2029-07-01,13.9797,13.9681,13.9735,668.12033,0,13.4981,14.5378,13.4853,14.5251,Calculado
2026-05-22,LTN,2026-05-22,100000,2024-01-05,2030-01-01,14.0144,14.0022,14.0085,625.461901,0,13.5585,14.5858,13.5335,14.5609,Calculado
2026-05-22,LTN,2026-05-22,100000,2025-01-10,2032-01-01,14.1675,14.1564,14.1629,477.581028,0.00072906511369,13.7391,14.743,13.7021,14.7059,Calculado
2026-05-22,NTN-C,2026-05-22,770100,2000-07-01,2031-01-01,8.2798,7.8923,8.0654,7939.777809,0.2208598597241,7.4734,8.5173,7.5269,8.5711,Calculado
2026-05-22,LFT,2026-05-22,210100,2000-07-01,2026-09-01,0.0103,0.0057,0.0083,19058.440264,0.00161225899904,-0.0444,0.0407,-0.0435,0.0412,Calculado
2026-05-22,LFT,2026-05-22,210100,2000-07-01,2027-03-01,0.01,0.0075,0.0084,19057.677908,0.00037875568643,-0.0204,0.0345,-0.0195,0.0347,Calculado
2026-05-22,LFT,2026-05-22,210100,2000-07-01,2027-09-01,0.0107,0.0083,0.0096,19056.553433,0.00034470787632,-0.0143,0.0446,-0.0134,0.0442,Calculado
2026-05-22,LFT,2026-05-22,210100,2000-07-01,2028-03-01,0.0244,0.0194,0.021,19051.826826,0.00033410326248,-0.0023,0.0543,-0.002,0.0541,Calculado
2026-05-22,LFT,2026-05-22,210100,2000-07-01,2028-09-01,0.0332,0.0307,0.0323,19044.889388,0.00032719842604,0.0219,0.0496,0.0213,0.0496,Calculado
2026-05-22,LFT,2026-05-22,210100,2000-07-01,2029-03-01,0.0484,0.0461,0.0474,19034.063934,0.00029266632878,0.0255,0.0611,0.0247,0.061,Calculado
2026-05-22,LFT,2026-05-22,210100,2000-07-01,2029-09-01,0.058,0.0563,0.0573,19023.314716,0.0003497898369,0.0352,0.0693,0.0339,0.0692,Calculado
2026-05-22,LFT,2026-05-22,210100,2000-07-01,2030-03-01,0.067,0.0625,0.0634,19013.689972,0.00038415299036,0.0474,0.0766,0.0463,0.0761,Calculado
2026-05-22,LFT,2026-05-22,210100,2000-07-01,2030-06-01,0.068,0.0661,0.067,19007.991362,0.00084580146015,0.0519,0.0813,0.0518,0.0797,Calculado
2026-05-22,LFT,2026-05-22,210100,2000-07-01,2030-09-01,0.0726,0.0702,0.0717,19000.977687,0.00039885455996,0.0592,0.0828,0.0584,0.0819,Calculado
2026-05-22,LFT,2026-05-22,210100,2000-07-01,2030-12-01,0.0729,0.0704,0.0721,18997.223085,0.00034034295938,0.0596,0.0919,0.0589,0.0909,Calculado
2026-05-22,LFT,2026-05-22,210100,2000-07-01,2031-03-01,0.0794,0.0771,0.0786,18988.074814,0.0004738936062,0.0667,0.0947,0.0661,0.0936,Calculado
2026-05-22,LFT,2026-05-22,210100,2000-07-01,2031-06-01,0.0835,0.0809,0.0824,18980.813374,0.00114580342555,0.0712,0.0995,0.0702,0.0989,Calculado
2026-05-22,LFT,2026-05-22,210100,2000-07-01,2031-09-01,0.0874,0.085,0.0864,18972.865813,0.00123752251697,0.0758,0.1045,0.0748,0.104,Calculado
2026-05-22,LFT,2026-05-22,210100,2000-07-01,2031-12-01,0.0969,0.0938,0.0954,18959.333996,0.00078431310712,0.0835,0.1058,0.0828,0.1052,Calculado
2026-05-22,LFT,2026-05-22,210100,2000-07-01,2032-03-01,0.1015,0.099,0.0999,18950.071372,0.0000975899585,0.0867,0.1106,0.086,0.1101,Calculado
2026-05-22,LFT,2026-05-22,210100,2000-07-01,2032-06-01,0.1098,0.1084,0.1091,18934.938607,0.00019326906116,0.0849,0.1198,0.0843,0.1193,Calculado
2026-05-22,NTN-B,2026-05-22,760199,2000-07-15,2026-08-15,10.2907,10.241,10.2711,4738.097664,0.01434804314114,9.7062,11.3119,9.6335,11.253,Calculado
2026-05-22,NTN-B,2026-05-22,760199,2000-07-15,2027-05-15,8.12,8.0923,8.1067,4629.842379,0.00330891815855,7.8328,8.4739,7.8367,8.4805,Calculado
2026-05-22,NTN-B,2026-05-22,760199,2000-07-15,2028-08-15,8.0266,8,8.0158,4602.983461,0.00603668439046,7.6439,8.3393,7.6723,8.3678,Calculado
2026-05-22,NTN-B,2026-05-22,760199,2000-07-15,2029-05-15,7.936,7.9096,7.9218,4495.453583,0.00328662513074,7.5652,8.2448,7.5744,8.2544,Calculado
2026-05-22,NTN-B,2026-05-22,760199,2000-07-15,2030-08-15,7.9746,7.9466,7.9577,4478.057936,0.00329230704978,7.6407,8.242,7.6374,8.2389,Calculado
2026-05-22,NTN-B,2026-05-22,760199,2000-07-15,2031-05-15,7.9167,7.885,7.8968,4376.632786,0.00333084117304,7.6083,8.174,7.5965,8.1624,Calculado
2026-05-22,NTN-B,2026-05-22,760199,2000-07-15,2032-08-15,7.8905,7.8586,7.8753,4377.579584,0.00495154879709,7.5952,8.1282,7.5883,8.1214,Calculado
2026-05-22,NTN-B,2026-05-22,760199,2000-07-15,2033-05-15,7.8762,7.8478,7.8613,4275.47613,0.00216001949065,7.6052,8.1157,7.5891,8.0997,Calculado
2026-05-22,NTN-B,2026-05-22,760199,2000-07-15,2035-05-15,7.757,7.727,7.74,4220.571265,0,7.517,7.9792,7.5017,7.964,Calculado
2026-05-22,NTN-B,2026-05-22,760199,2000-07-15,2037-05-15,7.6264,7.5955,7.6065,4189.270405,0.00384570847569,7.4173,7.8452,7.3938,7.8217,Calculado
2026-05-22,NTN-B,2026-05-22,760199,2000-07-15,2040-08-15,7.5113,7.4794,7.4933,4205.714544,0.0053411738897,7.3136,7.7035,7.3085,7.6984,Calculado
2026-05-22,NTN-B,2026-05-22,760199,2000-07-15,2045-05-15,7.4264,7.3996,7.4111,4078.636348,0.00551771840891,7.2482,7.6158,7.2492,7.6169,Calculado
2026-05-22,NTN-B,2026-05-22,760199,2000-07-15,2050-08-15,7.3352,7.3055,7.3185,4119.800866,0.00258877468699,7.1677,7.5299,7.1625,7.5246,Calculado
2026-05-22,NTN-B,2026-05-22,760199,2000-07-15,2055-05-15,7.3317,7.2982,7.3156,4010.937934,0.00306106678464,7.1605,7.5217,7.1606,7.5217,Calculado
2026-05-22,NTN-B,2026-05-22,760199,2000-07-15,2060-08-15,7.327,7.2917,7.3071,4050.491481,0.00508696303997,7.1553,7.5161,7.1526,7.5133,Calculado
2026-05-22,NTN-F,2026-05-22,950199,2016-01-15,2027-01-01,13.9729,13.9342,13.9544,1016.469296,0.00096410865052,13.6889,14.2409,13.7241,14.2727,Calculado
2026-05-22,NTN-F,2026-05-22,950199,2018-01-05,2029-01-01,13.9137,13.8952,13.9019,960.775918,0.00016143295822,13.4119,14.431,13.4199,14.439,Calculado
2026-05-22,NTN-F,2026-05-22,950199,2020-01-10,2031-01-01,14.1378,14.1272,14.132,910.385647,0.00075880792695,13.7395,14.7174,13.6956,14.6737,Calculado
2026-05-22,NTN-F,2026-05-22,950199,2022-01-07,2033-01-01,14.2313,14.2218,14.226,870.919324,0.00072127242426,13.839,14.8145,13.7812,14.757,Calculado
2026-05-22,NTN-F,2026-05-22,950199,2024-01-05,2035-01-01,14.231,14.2169,14.224,843.685922,0,13.8459,14.8122,13.7804,14.7474,Calculado
2026-05-22,NTN-F,2026-05-22,950199,2026-01-09,2037-01-01,14.2355,14.2227,14.229,822.114256,0,13.8591,14.8216,13.7877,14.7512,Calculado
2026-05-28,LTN,2026-05-28,100000,2023-01-06,2026-07-01,14.3826,14.3497,14.3693,987.820658,0.00623523284569,14.2594,14.5403,14.2545,14.5377,Calculado
2026-05-28,LTN,2026-05-28,100000,2024-07-05,2026-10-01,13.966,13.9439,13.9526,955.413856,0.00532892357423,13.8057,14.1489,13.8066,14.1475,Calculado
2026-05-28,LTN,2026-05-28,100000,2025-01-10,2027-04-01,13.8215,13.7835,13.8014,897.863525,0.01341543472572,13.4633,14.1763,13.4768,14.1875,Calculado
2026-05-28,LTN,2026-05-28,100000,2023-07-07,2027-07-01,13.806,13.7906,13.799,869.327364,0,13.4123,14.2562,13.4018,14.2436,Calculado
2026-05-28,LTN,2026-05-28,100000,2025-07-04,2027-10-01,13.8275,13.8161,13.821,840.60234,0,13.3926,14.3213,13.3769,14.3046,Calculado
2026-05-28,LTN,2026-05-28,100000,2024-01-05,2028-01-01,13.7562,13.74,13.7472,814.67282,0.00303764574301,13.3051,14.2809,13.2786,14.2539,Calculado
2026-05-28,LTN,2026-05-28,100000,2026-01-09,2028-04-01,13.7593,13.743,13.7506,788.813158,0.00275040103803,13.2803,14.2772,13.2679,14.2645,Calculado
2026-05-28,LTN,2026-05-28,100000,2024-07-05,2028-07-01,13.7551,13.7418,13.748,764.628498,0.00027655652225,13.2806,14.2836,13.2587,14.2616,Calculado
2026-05-28,LTN,2026-05-28,100000,2022-02-11,2029-01-01,13.8499,13.8395,13.844,716.108827,0.00063975906402,13.3667,14.4031,13.3536,14.3899,Calculado
2026-05-28,LTN,2026-05-28,100000,2025-07-04,2029-07-01,13.9241,13.9103,13.918,670.509919,0,13.4414,14.4813,13.4296,14.4696,Calculado
2026-05-28,LTN,2026-05-28,100000,2024-01-05,2030-01-01,13.9502,13.9394,13.9442,628.026126,0.00052009613534,13.4826,14.5105,13.4687,14.4967,Calculado
2026-05-28,LTN,2026-05-28,100000,2025-01-10,2032-01-01,14.0667,14.058,14.0616,480.955694,0.0007209121167,13.6263,14.63,13.6009,14.6045,Calculado
2026-05-28,NTN-C,2026-05-28,770100,2000-07-01,2031-01-01,8.3666,7.9684,8.1332,7951.532315,0.1987702881114,7.5292,8.574,7.5698,8.6175,Calculado
2026-05-28,LFT,2026-05-28,210100,2000-07-01,2026-09-01,0.0081,0.0022,0.0058,19099.334508,0.00128377888672,-0.0439,0.039,-0.0444,0.038,Calculado
2026-05-28,LFT,2026-05-28,210100,2000-07-01,2027-03-01,0.0104,0.0079,0.0088,19098.379526,0.00030499503275,-0.0194,0.0336,-0.0201,0.0337,Calculado
2026-05-28,LFT,2026-05-28,210100,2000-07-01,2027-09-01,0.0118,0.0086,0.0102,19097.176249,0.00044308410037,-0.012,0.0417,-0.0116,0.0412,Calculado
2026-05-28,LFT,2026-05-28,210100,2000-07-01,2028-03-01,0.0199,0.0178,0.0189,19093.318122,0.0000894426632,-0.0029,0.0537,-0.0029,0.0539,Calculado
2026-05-28,LFT,2026-05-28,210100,2000-07-01,2028-09-01,0.0323,0.03,0.031,19086.270354,0.000153632451,0.0207,0.0485,0.0207,0.0487,Calculado
2026-05-28,LFT,2026-05-28,210100,2000-07-01,2029-03-01,0.0469,0.0449,0.0459,19075.689154,0.00014142135624,0.0241,0.0594,0.024,0.0594,Calculado
2026-05-28,LFT,2026-05-28,210100,2000-07-01,2029-09-01,0.0572,0.055,0.0559,19065.012455,0.00005936160375,0.0325,0.0677,0.0322,0.0675,Calculado
2026-05-28,LFT,2026-05-28,210100,2000-07-01,2030-03-01,0.0628,0.06,0.0617,19055.73003,0.00040664415648,0.0444,0.0747,0.0441,0.0742,Calculado
2026-05-28,LFT,2026-05-28,210100,2000-07-01,2030-06-01,0.0667,0.0638,0.0655,19049.961939,0.0002748159384,0.0498,0.0785,0.0491,0.078,Calculado
2026-05-28,LFT,2026-05-28,210100,2000-07-01,2030-09-01,0.0711,0.0681,0.0698,19043.334363,0.0004078278068,0.057,0.08,0.0561,0.0794,Calculado
2026-05-28,LFT,2026-05-28,210100,2000-07-01,2030-12-01,0.0709,0.0679,0.07,19039.839129,0.00021070261033,0.0573,0.0892,0.057,0.0877,Calculado
2026-05-28,LFT,2026-05-28,210100,2000-07-01,2031-03-01,0.0754,0.073,0.0749,19032.218373,0.00079599179016,0.0641,0.0923,0.0625,0.0918,Calculado
2026-05-28,LFT,2026-05-28,210100,2000-07-01,2031-06-01,0.0807,0.0773,0.0798,19024.081926,0.00079178790721,0.0687,0.0972,0.0678,0.0957,Calculado
2026-05-28,LFT,2026-05-28,210100,2000-07-01,2031-09-01,0.0826,0.0794,0.082,19018.04644,0.00084451323258,0.072,0.1039,0.0705,0.1025,Calculado
2026-05-28,LFT,2026-05-28,210100,2000-07-01,2031-12-01,0.0941,0.0912,0.0932,19002.442034,0.00065377860167,0.0811,0.104,0.0793,0.1028,Calculado
2026-05-28,LFT,2026-05-28,210100,2000-07-01,2032-03-01,0.098,0.096,0.0973,18993.713498,0.00046629010283,0.0845,0.109,0.0829,0.1071,Calculado
2026-05-28,LFT,2026-05-28,210100,2000-07-01,2032-06-01,0.1067,0.1053,0.106,18979.235971,0,0.0833,0.1183,0.0817,0.116,Calculado
2026-05-28,NTN-B,2026-05-28,760199,2000-07-15,2026-08-15,10.147,10.0942,10.1232,4751.610618,0.02754302853791,9.3944,11.0555,9.4619,11.137,Calculado
2026-05-28,NTN-B,2026-05-28,760199,2000-07-15,2027-05-15,8.0155,7.9884,8.001,4644.482659,0.00794295135198,7.7385,8.3903,7.7323,8.3869,Calculado
2026-05-28,NTN-B,2026-05-28,760199,2000-07-15,2028-08-15,8.043,8.0147,8.03,4611.967061,0,7.6489,8.3446,7.6868,8.3826,Calculado
2026-05-28,NTN-B,2026-05-28,760199,2000-07-15,2029-05-15,7.9462,7.913,7.93,4504.457176,0,7.5526,8.2337,7.5826,8.2642,Calculado
2026-05-28,NTN-B,2026-05-28,760199,2000-07-15,2030-08-15,7.9728,7.9445,7.96,4487.62413,0,7.6195,8.2215,7.6394,8.2416,Calculado
2026-05-28,NTN-B,2026-05-28,760199,2000-07-15,2031-05-15,7.9007,7.8746,7.8925,4387.040784,0.00368175150031,7.5807,8.1471,7.5918,8.1584,Calculado
2026-05-28,NTN-B,2026-05-28,760199,2000-07-15,2032-08-15,7.8596,7.8293,7.8454,4393.458088,0.00537963532035,7.5654,8.0989,7.5581,8.0917,Calculado
2026-05-28,NTN-B,2026-05-28,760199,2000-07-15,2033-05-15,7.8218,7.7936,7.8053,4297.580451,0.00575114404967,7.5599,8.0708,7.5328,8.0439,Calculado
2026-05-28,NTN-B,2026-05-28,760199,2000-07-15,2035-05-15,7.6792,7.6466,7.6607,4251.329653,0.00441687354585,7.4598,7.9223,7.4222,7.8848,Calculado
2026-05-28,NTN-B,2026-05-28,760199,2000-07-15,2037-05-15,7.5563,7.5233,7.5354,4220.487929,0.00658591443916,7.3595,7.7876,7.3226,7.7507,Calculado
2026-05-28,NTN-B,2026-05-28,760199,2000-07-15,2040-08-15,7.4621,7.4263,7.44,4234.128826,0,7.2704,7.6604,7.2551,7.6452,Calculado
2026-05-28,NTN-B,2026-05-28,760199,2000-07-15,2045-05-15,7.371,7.338,7.357,4110.012221,0.00752622607553,7.2005,7.5682,7.1952,7.5629,Calculado
2026-05-28,NTN-B,2026-05-28,760199,2000-07-15,2050-08-15,7.2803,7.2523,7.267,4152.415467,0.00641931911421,7.1035,7.4657,7.1109,7.4732,Calculado
2026-05-28,NTN-B,2026-05-28,760199,2000-07-15,2055-05-15,7.2581,7.2283,7.2463,4053.223087,0.0057084309762,7.0949,7.4562,7.0912,7.4525,Calculado
2026-05-28,NTN-B,2026-05-28,760199,2000-07-15,2060-08-15,7.2447,7.2155,7.2301,4097.979187,0.00089923654285,7.0867,7.4477,7.0755,7.4364,Calculado
2026-05-28,NTN-F,2026-05-28,950199,2016-01-15,2027-01-01,13.9524,13.9137,13.932,1018.693514,0.00222122117764,13.7103,14.2484,13.7092,14.2438,Calculado
2026-05-28,NTN-F,2026-05-28,950199,2018-01-05,2029-01-01,13.8679,13.8465,13.8553,963.643165,0.00087295214645,13.3862,14.4054,13.3731,14.3923,Calculado
2026-05-28,NTN-F,2026-05-28,950199,2020-01-10,2031-01-01,14.0596,14.0467,14.0525,914.565107,0,13.6307,14.6089,13.6162,14.5944,Calculado
2026-05-28,NTN-F,2026-05-28,950199,2022-01-07,2033-01-01,14.1559,14.1449,14.1495,875.454195,0,13.717,14.6932,13.7045,14.6808,Calculado
2026-05-28,NTN-F,2026-05-28,950199,2024-01-05,2035-01-01,14.1394,14.1246,14.1326,849.1243,0.00091090261829,13.7054,14.6729,13.6887,14.6563,Calculado
2026-05-28,NTN-F,2026-05-28,950199,2026-01-09,2037-01-01,14.1502,14.1388,14.1445,827.506748,0.00077616743683,13.7244,14.6885,13.7029,14.6671,Calculado
2026-05-26,LTN,2026-05-26,100000,2023-01-06,2026-07-01,14.387,14.364,14.3747,986.764,0.00441037379935,14.251,14.5906,14.2585,14.5371,Calculado
2026-05-26,LTN,2026-05-26,100000,2024-07-05,2026-10-01,13.9442,13.8882,13.925,954.506555,0,13.778,14.1356,13.7788,14.1246,Calculado
2026-05-26,LTN,2026-05-26,100000,2025-01-10,2027-04-01,13.7975,13.7666,13.781,897.078014,0,13.3708,14.0887,13.4539,14.1693,Calculado
2026-05-26,LTN,2026-05-26,100000,2023-07-07,2027-07-01,13.8023,13.7903,13.796,868.460961,0,13.3041,14.152,13.3962,14.2421,Calculado
2026-05-26,LTN,2026-05-26,100000,2025-07-04,2027-10-01,13.8218,13.8119,13.8174,839.774955,0.0007267080294,13.2603,14.191,13.3723,14.302,Calculado
2026-05-26,LTN,2026-05-26,100000,2024-01-05,2028-01-01,13.7528,13.7414,13.746,813.854146,0.00193673324441,13.1578,14.1347,13.2768,14.2531,Calculado
2026-05-26,LTN,2026-05-26,100000,2026-01-09,2028-04-01,13.7463,13.7323,13.7388,788.158174,0.00107660808097,13.1256,14.1229,13.2557,14.2528,Calculado
2026-05-26,LTN,2026-05-26,100000,2024-07-05,2028-07-01,13.7446,13.7318,13.738,763.987638,0,13.1215,14.1246,13.2486,14.2515,Calculado
2026-05-26,LTN,2026-05-26,100000,2022-02-11,2029-01-01,13.8446,13.833,13.839,715.453474,0,13.2257,14.2623,13.3485,14.3851,Calculado
2026-05-26,LTN,2026-05-26,100000,2025-07-04,2029-07-01,13.9202,13.909,13.9145,669.880132,0,13.3105,14.3503,13.4262,14.4661,Calculado
2026-05-26,LTN,2026-05-26,100000,2024-01-05,2030-01-01,13.9537,13.9433,13.948,627.301096,0,13.3578,14.3853,13.4728,14.5005,Calculado
2026-05-26,LTN,2026-05-26,100000,2025-01-10,2032-01-01,14.0857,14.0757,14.0808,480.003406,0.0007205017696,13.5222,14.5259,13.62,14.6237,Calculado
2026-05-26,NTN-C,2026-05-26,770100,2000-07-01,2031-01-01,8.2061,7.8513,8.0314,7959.355604,0.10136078525677,7.5762,8.6206,7.4528,8.4974,Calculado
2026-05-26,LFT,2026-05-26,210100,2000-07-01,2026-09-01,0.0102,0.0046,0.0073,19078.876429,0.00199244185612,-0.0437,0.0407,-0.0437,0.0396,Calculado
2026-05-26,LFT,2026-05-26,210100,2000-07-01,2027-03-01,0.0095,0.0073,0.0085,19078.017863,0.0003907843523,-0.0194,0.0345,-0.0193,0.0337,Calculado
2026-05-26,LFT,2026-05-26,210100,2000-07-01,2027-09-01,0.011,0.0084,0.0097,19076.911266,0.00033890085571,-0.0128,0.0434,-0.0125,0.0423,Calculado
2026-05-26,LFT,2026-05-26,210100,2000-07-01,2028-03-01,0.0198,0.0182,0.0193,19072.771067,0.00036070106737,-0.0022,0.0538,-0.0029,0.0537,Calculado
2026-05-26,LFT,2026-05-26,210100,2000-07-01,2028-09-01,0.0323,0.0301,0.0315,19065.635424,0.00040587785108,0.0208,0.0494,0.0205,0.0487,Calculado
2026-05-26,LFT,2026-05-26,210100,2000-07-01,2029-03-01,0.0467,0.0455,0.046,19055.19907,0.00008555845955,0.0245,0.06,0.024,0.0595,Calculado
2026-05-26,LFT,2026-05-26,210100,2000-07-01,2029-09-01,0.0573,0.0556,0.0563,19044.342972,0.00025029392721,0.033,0.0685,0.0324,0.068,Calculado
2026-05-26,LFT,2026-05-26,210100,2000-07-01,2030-03-01,0.063,0.0613,0.0623,19034.87966,0.00029982449867,0.0453,0.0754,0.0447,0.0748,Calculado
2026-05-26,LFT,2026-05-26,210100,2000-07-01,2030-06-01,0.0676,0.0646,0.0662,19029.003249,0.00016818356043,0.0506,0.0792,0.0499,0.0787,Calculado
2026-05-26,LFT,2026-05-26,210100,2000-07-01,2030-09-01,0.0714,0.0686,0.0703,19022.516301,0.00038151743079,0.0575,0.0811,0.057,0.0804,Calculado
2026-05-26,LFT,2026-05-26,210100,2000-07-01,2030-12-01,0.0714,0.069,0.0707,19018.834004,0.00050644962237,0.0581,0.09,0.0575,0.0895,Calculado
2026-05-26,LFT,2026-05-26,210100,2000-07-01,2031-03-01,0.0777,0.0755,0.0769,19010.000308,0.00032118804461,0.065,0.0931,0.0644,0.0926,Calculado
2026-05-26,LFT,2026-05-26,210100,2000-07-01,2031-06-01,0.0816,0.0802,0.0812,19002.349525,0.00038426658715,0.0694,0.0982,0.069,0.0975,Calculado
2026-05-26,LFT,2026-05-26,210100,2000-07-01,2031-09-01,0.0846,0.0818,0.0839,18995.748102,0.00056466104877,0.0731,0.1044,0.0723,0.1041,Calculado
2026-05-26,LFT,2026-05-26,210100,2000-07-01,2031-12-01,0.0957,0.0929,0.0946,18980.561013,0.00034502769454,0.0821,0.1047,0.0815,0.1043,Calculado
2026-05-26,LFT,2026-05-26,210100,2000-07-01,2032-03-01,0.1009,0.0975,0.0993,18971.11678,0.0002828426948,0.0853,0.1098,0.0848,0.1094,Calculado
2026-05-26,LFT,2026-05-26,210100,2000-07-01,2032-06-01,0.1091,0.108,0.1086,18955.891532,0.00010846520179,0.0836,0.1194,0.0834,0.1187,Calculado
2026-05-26,NTN-B,2026-05-26,760199,2000-07-15,2026-08-15,10.3092,10.2709,10.2892,4743.963001,0.0188677098817,9.7721,11.4052,9.6416,11.2886,Calculado
2026-05-26,NTN-B,2026-05-26,760199,2000-07-15,2027-05-15,8.0801,8.0594,8.0694,4636.539713,0.00874286846007,7.8208,8.4673,7.8004,8.4495,Calculado
2026-05-26,NTN-B,2026-05-26,760199,2000-07-15,2028-08-15,7.9855,7.9633,7.9731,4611.872981,0.00372426232427,7.6198,8.3154,7.6297,8.3254,Calculado
2026-05-26,NTN-B,2026-05-26,760199,2000-07-15,2029-05-15,7.8912,7.8685,7.88,4505.189601,0,7.5029,8.1833,7.5325,8.2133,Calculado
2026-05-26,NTN-B,2026-05-26,760199,2000-07-15,2030-08-15,7.9404,7.916,7.93,4487.262156,0,7.5729,8.1746,7.6095,8.2114,Calculado
2026-05-26,NTN-B,2026-05-26,760199,2000-07-15,2031-05-15,7.8923,7.8696,7.8802,4384.367857,0.00061667990887,7.5466,8.1126,7.5797,8.1459,Calculado
2026-05-26,NTN-B,2026-05-26,760199,2000-07-15,2032-08-15,7.8735,7.8474,7.8614,4385.296277,0.0024003967922,7.5447,8.0779,7.5742,8.1076,Calculado
2026-05-26,NTN-B,2026-05-26,760199,2000-07-15,2033-05-15,7.85,7.8228,7.8353,4286.068527,0.00648428836959,7.5429,8.0536,7.5629,8.0738,Calculado
2026-05-26,NTN-B,2026-05-26,760199,2000-07-15,2035-05-15,7.7311,7.7095,7.7209,4230.349236,0.00200532842447,7.4739,7.9362,7.4825,7.9449,Calculado
2026-05-26,NTN-B,2026-05-26,760199,2000-07-15,2037-05-15,7.6198,7.5869,7.598,4196.440727,0.002952845785,7.3872,7.8151,7.3852,7.8133,Calculado
2026-05-26,NTN-B,2026-05-26,760199,2000-07-15,2040-08-15,7.489,7.4658,7.4778,4215.8527,0.00368264914837,7.3052,7.6949,7.2929,7.6828,Calculado
2026-05-26,NTN-B,2026-05-26,760199,2000-07-15,2045-05-15,7.4028,7.3757,7.39,4091.802697,0,7.2461,7.6135,7.2282,7.5958,Calculado
2026-05-26,NTN-B,2026-05-26,760199,2000-07-15,2050-08-15,7.3051,7.2738,7.2865,4138.972991,0.00382846481635,7.1587,7.5204,7.1305,7.4926,Calculado
2026-05-26,NTN-B,2026-05-26,760199,2000-07-15,2055-05-15,7.3022,7.2729,7.2878,4028.674903,0.00365052267217,7.1583,7.5189,7.1328,7.4939,Calculado
2026-05-26,NTN-B,2026-05-26,760199,2000-07-15,2060-08-15,7.296,7.2665,7.2777,4069.553625,0.00233819221836,7.1534,7.5135,7.1232,7.4839,Calculado
2026-05-26,NTN-F,2026-05-26,950199,2016-01-15,2027-01-01,13.9513,13.9134,13.933,1017.634362,0.00200326938278,13.656,14.2012,13.7064,14.2481,Calculado
2026-05-26,NTN-F,2026-05-26,950199,2018-01-05,2029-01-01,13.8553,13.8421,13.849,962.770669,0.00007037307724,13.2443,14.2636,13.3669,14.3861,Calculado
2026-05-26,NTN-F,2026-05-26,950199,2020-01-10,2031-01-01,14.071,14.0605,14.0653,913.245163,0.0008381684258,13.5283,14.5066,13.6289,14.6071,Calculado
2026-05-26,NTN-F,2026-05-26,950199,2022-01-07,2033-01-01,14.1558,14.1477,14.152,874.446881,0.00073964586797,13.6168,14.5929,13.707,14.6832,Calculado
2026-05-26,NTN-F,2026-05-26,950199,2024-01-05,2035-01-01,14.1529,14.1323,14.1437,847.788509,0.00335891064037,13.6213,14.5885,13.6999,14.6673,Calculado
2026-05-26,NTN-F,2026-05-26,950199,2026-01-09,2037-01-01,14.1615,14.1507,14.1564,826.12198,0.00191846978345,13.6286,14.5923,13.7149,14.6789,Calculado
2026-05-25,LTN,2026-05-25,100000,2023-01-06,2026-07-01,14.3783,14.3505,14.3667,986.245337,0.00660007531321,14.2609,14.5963,14.251,14.5906,Calculado
2026-05-25,LTN,2026-05-25,100000,2024-07-05,2026-10-01,13.9438,13.9007,13.924,954.0159,0.00817868056474,13.8152,14.1731,13.778,14.1356,Calculado
2026-05-25,LTN,2026-05-25,100000,2025-01-10,2027-04-01,13.709,13.6842,13.6989,897.165743,0.0000249998,13.4603,14.1806,13.3708,14.0887,Calculado
2026-05-25,LTN,2026-05-25,100000,2023-07-07,2027-07-01,13.7115,13.699,13.705,868.776566,0,13.4165,14.2665,13.3041,14.152,Calculado
2026-05-25,LTN,2026-05-25,100000,2025-07-04,2027-10-01,13.7114,13.7009,13.7058,840.458701,0.00088482116272,13.386,14.3176,13.2603,14.191,Calculado
2026-05-25,LTN,2026-05-25,100000,2024-01-05,2028-01-01,13.6324,13.6207,13.6273,814.801021,0.00020632842751,13.2935,14.2708,13.1578,14.1347,Calculado
2026-05-25,LTN,2026-05-25,100000,2026-01-09,2028-04-01,13.6154,13.6023,13.6088,789.426933,0.00112465718777,13.2767,14.2742,13.1256,14.1229,Calculado
2026-05-25,LTN,2026-05-25,100000,2024-07-05,2028-07-01,13.6174,13.6042,13.611,765.387038,0,13.2873,14.291,13.1215,14.1246,Calculado
2026-05-25,LTN,2026-05-25,100000,2022-02-11,2029-01-01,13.7227,13.7107,13.7162,717.085225,0.00129422807109,13.4026,14.4393,13.2257,14.2623,Calculado
2026-05-25,LTN,2026-05-25,100000,2025-07-04,2029-07-01,13.805,13.7934,13.7987,671.634128,0.00098080256933,13.4853,14.5251,13.3105,14.3503,Calculado
2026-05-25,LTN,2026-05-25,100000,2024-01-05,2030-01-01,13.8385,13.8279,13.8329,629.245743,0.00050272939043,13.5335,14.5609,13.3578,14.3853,Calculado
2026-05-25,LTN,2026-05-25,100000,2025-01-10,2032-01-01,13.9876,13.9781,13.983,482.0521,0.00069952991358,13.7021,14.7059,13.5222,14.5259,Calculado
2026-05-25,NTN-C,2026-05-25,770100,2000-07-01,2031-01-01,8.2192,7.8639,8.0536,7948.192263,0.13650503935471,7.5269,8.5711,7.5762,8.6206,Calculado
2026-05-25,LFT,2026-05-25,210100,2000-07-01,2026-09-01,0.0104,0.0054,0.0081,19068.63654,0.00040393286571,-0.0435,0.0412,-0.0437,0.0407,Calculado
2026-05-25,LFT,2026-05-25,210100,2000-07-01,2027-03-01,0.0096,0.0069,0.0082,19067.873777,0.0003286335345,-0.0195,0.0347,-0.0194,0.0345,Calculado
2026-05-25,LFT,2026-05-25,210100,2000-07-01,2027-09-01,0.0134,0.0092,0.0098,19066.691494,0.00027034834936,-0.0134,0.0442,-0.0128,0.0434,Calculado
2026-05-25,LFT,2026-05-25,210100,2000-07-01,2028-03-01,0.0208,0.0186,0.0204,19062.210261,0.00068433601396,-0.002,0.0541,-0.0022,0.0538,Calculado
2026-05-25,LFT,2026-05-25,210100,2000-07-01,2028-09-01,0.0329,0.0311,0.0322,19055.135635,0.00024125215025,0.0213,0.0496,0.0208,0.0494,Calculado
2026-05-25,LFT,2026-05-25,210100,2000-07-01,2029-03-01,0.0472,0.0456,0.0465,19044.742989,0.00068845745693,0.0247,0.061,0.0245,0.06,Calculado
2026-05-25,LFT,2026-05-25,210100,2000-07-01,2029-09-01,0.0574,0.0554,0.0568,19033.816409,0.00043488251287,0.0339,0.0692,0.033,0.0685,Calculado
2026-05-25,LFT,2026-05-25,210100,2000-07-01,2030-03-01,0.0635,0.0616,0.0628,19024.320009,0.00058893301826,0.0463,0.0761,0.0453,0.0754,Calculado
2026-05-25,LFT,2026-05-25,210100,2000-07-01,2030-06-01,0.0679,0.0648,0.0666,19018.503941,0.00081121523654,0.0518,0.0797,0.0506,0.0792,Calculado
2026-05-25,LFT,2026-05-25,210100,2000-07-01,2030-09-01,0.0717,0.0693,0.0708,19011.906041,0.00052803742292,0.0584,0.0819,0.0575,0.0811,Calculado
2026-05-25,LFT,2026-05-25,210100,2000-07-01,2030-12-01,0.0722,0.0691,0.0713,19008.111295,0.00060422488363,0.0589,0.0909,0.0581,0.09,Calculado
2026-05-25,LFT,2026-05-25,210100,2000-07-01,2031-03-01,0.0783,0.0752,0.0775,18999.263244,0.00088144617533,0.0661,0.0936,0.065,0.0931,Calculado
2026-05-25,LFT,2026-05-25,210100,2000-07-01,2031-06-01,0.0825,0.0787,0.0816,18991.769098,0.00087117584907,0.0702,0.0989,0.0694,0.0982,Calculado
2026-05-25,LFT,2026-05-25,210100,2000-07-01,2031-09-01,0.0854,0.0829,0.0847,18984.751678,0.00129593493664,0.0748,0.104,0.0731,0.1044,Calculado
2026-05-25,LFT,2026-05-25,210100,2000-07-01,2031-12-01,0.096,0.0931,0.095,18969.954076,0.00056007517353,0.0828,0.1052,0.0821,0.1047,Calculado
2026-05-25,LFT,2026-05-25,210100,2000-07-01,2032-03-01,0.1013,0.0991,0.0997,18960.495815,0.00030365419477,0.086,0.1101,0.0853,0.1098,Calculado
2026-05-25,LFT,2026-05-25,210100,2000-07-01,2032-06-01,0.1099,0.1086,0.1092,18945.011726,0.00021549454749,0.0843,0.1193,0.0836,0.1194,Calculado
2026-05-25,NTN-B,2026-05-25,760199,2000-07-15,2026-08-15,10.4327,10.3901,10.4137,4739.684583,0.01953017832996,9.6335,11.253,9.7721,11.4052,Calculado
2026-05-25,NTN-B,2026-05-25,760199,2000-07-15,2027-05-15,8.1037,8.0782,8.09,4633.112613,0,7.8367,8.4805,7.8208,8.4673,Calculado
2026-05-25,NTN-B,2026-05-25,760199,2000-07-15,2028-08-15,7.9767,7.952,7.9632,4610.20004,0.00386071733361,7.6723,8.3678,7.6198,8.3154,Calculado
2026-05-25,NTN-B,2026-05-25,760199,2000-07-15,2029-05-15,7.8676,7.8381,7.8503,4506.106378,0.00104747595676,7.5744,8.2544,7.5029,8.1833,Calculado
2026-05-25,NTN-B,2026-05-25,760199,2000-07-15,2030-08-15,7.9065,7.8803,7.8933,4490.426131,0.00364195469219,7.6374,8.2389,7.5729,8.1746,Calculado
2026-05-25,NTN-B,2026-05-25,760199,2000-07-15,2031-05-15,7.8613,7.8326,7.847,4387.774223,0.00388498051218,7.5965,8.1624,7.5466,8.1126,Calculado
2026-05-25,NTN-B,2026-05-25,760199,2000-07-15,2032-08-15,7.842,7.8144,7.8318,4389.065205,0.00198597052848,7.5883,8.1214,7.5447,8.0779,Calculado
2026-05-25,NTN-B,2026-05-25,760199,2000-07-15,2033-05-15,7.8263,7.7977,7.8152,4288.274384,0.0059921720995,7.5891,8.0997,7.5429,8.0536,Calculado
2026-05-25,NTN-B,2026-05-25,760199,2000-07-15,2035-05-15,7.7238,7.6964,7.7122,4230.411067,0.00333442964238,7.5017,7.964,7.4739,7.9362,Calculado
2026-05-25,NTN-B,2026-05-25,760199,2000-07-15,2037-05-15,7.6109,7.5837,7.5999,4193.585102,0.00024253560563,7.3938,7.8217,7.3872,7.8151,Calculado
2026-05-25,NTN-B,2026-05-25,760199,2000-07-15,2040-08-15,7.503,7.478,7.49,4209.166405,0,7.3085,7.6984,7.3052,7.6949,Calculado
2026-05-25,NTN-B,2026-05-25,760199,2000-07-15,2045-05-15,7.4219,7.3965,7.4079,4082.146036,0.00314974059091,7.2492,7.6169,7.2461,7.6135,Calculado
2026-05-25,NTN-B,2026-05-25,760199,2000-07-15,2050-08-15,7.3263,7.3026,7.3145,4123.829674,0.00331859512143,7.1625,7.5246,7.1587,7.5204,Calculado
2026-05-25,NTN-B,2026-05-25,760199,2000-07-15,2055-05-15,7.3275,7.301,7.3131,4014.270542,0.00215516515144,7.1606,7.5217,7.1583,7.5189,Calculado
2026-05-25,NTN-B,2026-05-25,760199,2000-07-15,2060-08-15,7.3205,7.295,7.3076,4052.387489,0.0032437230338,7.1526,7.5133,7.1534,7.5135,Calculado
2026-05-25,NTN-F,2026-05-25,950199,2016-01-15,2027-01-01,13.9023,13.865,13.884,1017.362986,0,13.7241,14.2727,13.656,14.2012,Calculado
2026-05-25,NTN-F,2026-05-25,950199,2018-01-05,2029-01-01,13.7377,13.7162,13.7264,964.605904,0.0020601779826,13.4199,14.439,13.2443,14.2636,Calculado
2026-05-25,NTN-F,2026-05-25,950199,2020-01-10,2031-01-01,13.9704,13.9584,13.9648,915.649803,0.00054894635439,13.6956,14.6737,13.5283,14.5066,Calculado
2026-05-25,NTN-F,2026-05-25,950199,2022-01-07,2033-01-01,14.0675,14.0557,14.0618,877.182978,0.00055036783155,13.7812,14.757,13.6168,14.5929,Calculado
2026-05-25,NTN-F,2026-05-25,950199,2024-01-05,2035-01-01,14.0725,14.0582,14.065,850.50999,0,13.7804,14.7474,13.6213,14.5885,Calculado
2026-05-25,NTN-F,2026-05-25,950199,2026-01-09,2037-01-01,14.0771,14.0635,14.07,829.449395,0,13.7877,14.7512,13.6286,14.5923,Calculado
2026-05-27,LTN,2026-05-27,100000,2023-01-06,2026-07-01,14.387,14.3543,14.3752,987.289649,0.00623529446378,14.2585,14.5371,14.2594,14.5403,Calculado
2026-05-27,LTN,2026-05-27,100000,2024-07-05,2026-10-01,13.9518,13.9196,13.9518,954.921158,0,13.7788,14.1246,13.8057,14.1489,Calculado
2026-05-27,LTN,2026-05-27,100000,2025-01-10,2027-04-01,13.7949,13.7796,13.7892,897.483569,0.00361985266689,13.4539,14.1693,13.4633,14.1763,Calculado
2026-05-27,LTN,2026-05-27,100000,2023-07-07,2027-07-01,13.8187,13.8041,13.8109,868.782776,0.00215033911977,13.3962,14.2421,13.4123,14.2562,Calculado
2026-05-27,LTN,2026-05-27,100000,2025-07-04,2027-10-01,13.8435,13.8309,13.8372,840.009781,0.00096575995982,13.3723,14.302,13.3926,14.3213,Calculado
2026-05-27,LTN,2026-05-27,100000,2024-01-05,2028-01-01,13.7812,13.7682,13.774,813.950563,0,13.2768,14.2531,13.3051,14.2809,Calculado
2026-05-27,LTN,2026-05-27,100000,2026-01-09,2028-04-01,13.7703,13.7568,13.7632,788.24885,0.00107548438389,13.2557,14.2528,13.2803,14.2772,Calculado
2026-05-27,LTN,2026-05-27,100000,2024-07-05,2028-07-01,13.7764,13.7603,13.77,763.929307,0,13.2486,14.2515,13.2806,14.2836,Calculado
2026-05-27,LTN,2026-05-27,100000,2022-02-11,2029-01-01,13.862,13.8489,13.8571,715.528077,0.00087706218708,13.3485,14.3851,13.3667,14.4031,Calculado
2026-05-27,LTN,2026-05-27,100000,2025-07-04,2029-07-01,13.9353,13.9213,13.9297,669.951928,0.00087885205808,13.4262,14.4661,13.4414,14.4813,Calculado
2026-05-27,LTN,2026-05-27,100000,2024-01-05,2030-01-01,13.9634,13.9507,13.958,627.429755,0,13.4728,14.5005,13.4826,14.5105,Calculado
2026-05-27,LTN,2026-05-27,100000,2025-01-10,2032-01-01,14.0934,14.0807,14.0871,480.10677,0.00059015736037,13.62,14.6237,13.6263,14.63,Calculado
2026-05-27,NTN-C,2026-05-27,770100,2000-07-01,2031-01-01,8.2982,7.8422,8.0812,7951.505605,0.17602727319674,7.4528,8.4974,7.5292,8.574,Calculado
2026-05-27,LFT,2026-05-27,210100,2000-07-01,2026-09-01,0.0106,0.0035,0.0068,19089.083639,0.00152680805932,-0.0437,0.0396,-0.0439,0.039,Calculado
2026-05-27,LFT,2026-05-27,210100,2000-07-01,2027-03-01,0.0099,0.0073,0.0086,19088.205524,0.00035388992639,-0.0193,0.0337,-0.0194,0.0336,Calculado
2026-05-27,LFT,2026-05-27,210100,2000-07-01,2027-09-01,0.0108,0.009,0.0099,19087.060158,0.00015796319192,-0.0125,0.0423,-0.012,0.0417,Calculado
2026-05-27,LFT,2026-05-27,210100,2000-07-01,2028-03-01,0.0199,0.018,0.0191,19083.051374,0.00021788189461,-0.0029,0.0537,-0.0029,0.0537,Calculado
2026-05-27,LFT,2026-05-27,210100,2000-07-01,2028-09-01,0.0322,0.0305,0.0314,19075.892832,0.00029033026022,0.0205,0.0487,0.0207,0.0485,Calculado
2026-05-27,LFT,2026-05-27,210100,2000-07-01,2029-03-01,0.0468,0.0448,0.0459,19065.469994,0.0001505545084,0.024,0.0595,0.0241,0.0594,Calculado
2026-05-27,LFT,2026-05-27,210100,2000-07-01,2029-09-01,0.0572,0.0552,0.0561,19054.665367,0.00018073920438,0.0324,0.068,0.0325,0.0677,Calculado
2026-05-27,LFT,2026-05-27,210100,2000-07-01,2030-03-01,0.0634,0.0613,0.0623,19045.101555,0.00037411005065,0.0447,0.0748,0.0444,0.0747,Calculado
2026-05-27,LFT,2026-05-27,210100,2000-07-01,2030-06-01,0.0671,0.0647,0.066,19039.374721,0.0001621353447,0.0499,0.0787,0.0498,0.0785,Calculado
2026-05-27,LFT,2026-05-27,210100,2000-07-01,2030-09-01,0.0714,0.0679,0.0703,19032.712504,0.00036344907484,0.057,0.0804,0.057,0.08,Calculado
2026-05-27,LFT,2026-05-27,210100,2000-07-01,2030-12-01,0.0712,0.068,0.0704,19029.295493,0.00067478391356,0.0575,0.0895,0.0573,0.0892,Calculado
2026-05-27,LFT,2026-05-27,210100,2000-07-01,2031-03-01,0.0771,0.0749,0.0765,19020.571616,0.00045825755858,0.0644,0.0926,0.0641,0.0923,Calculado
2026-05-27,LFT,2026-05-27,210100,2000-07-01,2031-06-01,0.0812,0.0791,0.0808,19012.935838,0.00056789082578,0.069,0.0975,0.0687,0.0972,Calculado
2026-05-27,LFT,2026-05-27,210100,2000-07-01,2031-09-01,0.0841,0.0815,0.0835,19006.349979,0.00055737479312,0.0723,0.1041,0.072,0.1039,Calculado
2026-05-27,LFT,2026-05-27,210100,2000-07-01,2031-12-01,0.0978,0.0926,0.0944,18990.982974,0.00056002231206,0.0815,0.1043,0.0811,0.104,Calculado
2026-05-27,LFT,2026-05-27,210100,2000-07-01,2032-03-01,0.1,0.098,0.0991,18981.552788,0.00035973844665,0.0848,0.1094,0.0845,0.109,Calculado
2026-05-27,LFT,2026-05-27,210100,2000-07-01,2032-06-01,0.1087,0.1077,0.1082,18966.548483,0.00035207716484,0.0834,0.1187,0.0833,0.1183,Calculado
2026-05-27,NTN-B,2026-05-27,760199,2000-07-15,2026-08-15,10.0586,10.0216,10.0497,4749.327469,0.0007250110413,9.6416,11.2886,9.3944,11.0555,Calculado
2026-05-27,NTN-B,2026-05-27,760199,2000-07-15,2027-05-15,8.0233,7.9984,8.0076,4641.636977,0.00457798440037,7.8004,8.4495,7.7385,8.3903,Calculado
2026-05-27,NTN-B,2026-05-27,760199,2000-07-15,2028-08-15,8.0055,7.979,7.9922,4612.740382,0.0028857153238,7.6297,8.3254,7.6489,8.3446,Calculado
2026-05-27,NTN-B,2026-05-27,760199,2000-07-15,2029-05-15,7.912,7.8842,7.9,4505.389296,0,7.5325,8.2133,7.5526,8.2337,Calculado
2026-05-27,NTN-B,2026-05-27,760199,2000-07-15,2030-08-15,7.951,7.927,7.94,4488.206899,0,7.6095,8.2114,7.6195,8.2215,Calculado
2026-05-27,NTN-B,2026-05-27,760199,2000-07-15,2031-05-15,7.895,7.8658,7.8813,4386.587992,0.00196663343051,7.5797,8.1459,7.5807,8.1471,Calculado
2026-05-27,NTN-B,2026-05-27,760199,2000-07-15,2032-08-15,7.8636,7.8382,7.8526,4389.543647,0.00348104108709,7.5742,8.1076,7.5654,8.0989,Calculado
2026-05-27,NTN-B,2026-05-27,760199,2000-07-15,2033-05-15,7.8442,7.8176,7.8323,4289.098517,0.00449632202472,7.5629,8.0738,7.5599,8.0708,Calculado
2026-05-27,NTN-B,2026-05-27,760199,2000-07-15,2035-05-15,7.7115,7.6857,7.6982,4238.819384,0.00244581274631,7.4825,7.9449,7.4598,7.9223,Calculado
2026-05-27,NTN-B,2026-05-27,760199,2000-07-15,2037-05-15,7.5847,7.5593,7.5723,4206.703152,0.0038091607829,7.3852,7.8133,7.3595,7.7876,Calculado
2026-05-27,NTN-B,2026-05-27,760199,2000-07-15,2040-08-15,7.4687,7.4425,7.4553,4226.289669,0.00375121812482,7.2929,7.6828,7.2704,7.6604,Calculado
2026-05-27,NTN-B,2026-05-27,760199,2000-07-15,2045-05-15,7.3738,7.3505,7.3623,4105.602781,0.00282868555693,7.2282,7.5958,7.2005,7.5682,Calculado
2026-05-27,NTN-B,2026-05-27,760199,2000-07-15,2050-08-15,7.2726,7.2453,7.2595,4153.722918,0.00787513742547,7.1305,7.4926,7.1035,7.4657,Calculado
2026-05-27,NTN-B,2026-05-27,760199,2000-07-15,2055-05-15,7.2616,7.2362,7.25,4049.270919,0,7.1328,7.4939,7.0949,7.4562,Calculado
2026-05-27,NTN-B,2026-05-27,760199,2000-07-15,2060-08-15,7.2529,7.2256,7.2413,4090.126839,0.00255417491766,7.1232,7.4839,7.0867,7.4477,Calculado
2026-05-27,NTN-F,2026-05-27,950199,2016-01-15,2027-01-01,13.9539,13.9168,13.9351,1018.15045,0.00176743019947,13.7064,14.2481,13.7103,14.2484,Calculado
2026-05-27,NTN-F,2026-05-27,950199,2018-01-05,2029-01-01,13.8748,13.8579,13.8683,962.901146,0.00185460519518,13.3669,14.3861,13.3862,14.4054,Calculado
2026-05-27,NTN-F,2026-05-27,950199,2020-01-10,2031-01-01,14.0727,14.06,14.067,913.673638,0.00052915026221,13.6289,14.6071,13.6307,14.6089,Calculado
2026-05-27,NTN-F,2026-05-27,950199,2022-01-07,2033-01-01,14.1682,14.1555,14.162,874.55335,0,13.707,14.6832,13.717,14.6932,Calculado
2026-05-27,NTN-F,2026-05-27,950199,2024-01-05,2035-01-01,14.1573,14.1402,14.1492,848.013153,0.00136740978496,13.6999,14.6673,13.7054,14.6729,Calculado
2026-05-27,NTN-F,2026-05-27,950199,2026-01-09,2037-01-01,14.1732,14.1548,14.166,826.139992,0,13.7149,14.6789,13.7244,14.6885,Calculado
2026-05-29,LTN,2026-05-29,100000,2023-01-06,2026-07-01,14.3794,14.3532,14.3671,988.348757,0.00317966886798,14.2545,14.5377,14.2515,14.5371,Calculado
2026-05-29,LTN,2026-05-29,100000,2024-07-05,2026-10-01,13.9674,13.9501,13.9601,955.887459,0.00461426018447,13.8066,14.1475,13.8132,14.1519,Calculado
2026-05-29,LTN,2026-05-29,100000,2025-01-10,2027-04-01,13.8511,13.832,13.8393,898.076229,0.00546873466261,13.4768,14.1875,13.5159,14.2246,Calculado
2026-05-29,LTN,2026-05-29,100000,2023-07-07,2027-07-01,13.8664,13.8543,13.86,869.270451,0.00326606689613,13.4018,14.2436,13.4641,14.3038,Calculado
2026-05-29,LTN,2026-05-29,100000,2025-07-04,2027-10-01,13.8841,13.8729,13.8792,840.459526,0.00050542804631,13.3769,14.3046,13.4356,14.3624,Calculado
2026-05-29,LTN,2026-05-29,100000,2024-01-05,2028-01-01,13.8167,13.8034,13.8106,814.368732,0.00104543826695,13.2786,14.2539,13.3424,14.3173,Calculado
2026-05-29,LTN,2026-05-29,100000,2026-01-09,2028-04-01,13.8106,13.7956,13.8047,788.527381,0.00318258126683,13.2679,14.2645,13.3222,14.3187,Calculado
2026-05-29,LTN,2026-05-29,100000,2024-07-05,2028-07-01,13.8042,13.7893,13.7959,764.350012,0.00159931532538,13.2587,14.2616,13.3068,14.3097,Calculado
2026-05-29,LTN,2026-05-29,100000,2022-02-11,2029-01-01,13.8846,13.8736,13.8795,715.903186,0,13.3536,14.3899,13.3893,14.4255,Calculado
2026-05-29,LTN,2026-05-29,100000,2025-07-04,2029-07-01,13.9374,13.925,13.9321,670.602417,0.00023440360492,13.4296,14.4696,13.4437,14.4837,Calculado
2026-05-29,LTN,2026-05-29,100000,2024-01-05,2030-01-01,13.9521,13.9426,13.9481,628.274987,0.00083613563493,13.4687,14.4967,13.4725,14.5007,Calculado
2026-05-29,LTN,2026-05-29,100000,2025-01-10,2032-01-01,14.0539,14.0432,14.0485,481.514238,0.00084676887638,13.6009,14.6045,13.5878,14.5914,Calculado
2026-05-29,NTN-C,2026-05-29,770100,2000-07-01,2031-01-01,8.3716,7.94,8.0953,7967.297248,0.2004684829759,7.5698,8.6175,7.5051,8.5572,Calculado
2026-05-29,LFT,2026-05-29,210100,2000-07-01,2026-09-01,0.0078,0.003,0.0054,19109.552663,0.00066530067639,-0.0444,0.038,-0.0445,0.0372,Calculado
2026-05-29,LFT,2026-05-29,210100,2000-07-01,2027-03-01,0.0107,0.0079,0.0088,19108.578061,0.00018073920438,-0.0201,0.0337,-0.0198,0.0333,Calculado
2026-05-29,LFT,2026-05-29,210100,2000-07-01,2027-09-01,0.012,0.0093,0.0103,19107.355031,0.00040817307604,-0.0116,0.0412,-0.011,0.0406,Calculado
2026-05-29,LFT,2026-05-29,210100,2000-07-01,2028-03-01,0.0198,0.0185,0.019,19103.494844,0.00008280784987,-0.0029,0.0539,-0.0023,0.0535,Calculado
2026-05-29,LFT,2026-05-29,210100,2000-07-01,2028-09-01,0.032,0.0306,0.031,19096.481533,0.00016647044783,0.0207,0.0487,0.0207,0.0486,Calculado
2026-05-29,LFT,2026-05-29,210100,2000-07-01,2029-03-01,0.0466,0.0443,0.0456,19086.06667,0.00039659262474,0.024,0.0594,0.0241,0.0592,Calculado
2026-05-29,LFT,2026-05-29,210100,2000-07-01,2029-09-01,0.0565,0.0546,0.0557,19075.36516,0.00038862103649,0.0322,0.0675,0.032,0.0673,Calculado
2026-05-29,LFT,2026-05-29,210100,2000-07-01,2030-03-01,0.0622,0.0609,0.0615,19066.096888,0.00005070917077,0.0441,0.0742,0.0438,0.074,Calculado
2026-05-29,LFT,2026-05-29,210100,2000-07-01,2030-06-01,0.0663,0.0634,0.0652,19060.421266,0.0002624669122,0.0491,0.078,0.0488,0.0777,Calculado
2026-05-29,LFT,2026-05-29,210100,2000-07-01,2030-09-01,0.0707,0.0677,0.0696,19053.713712,0.00062761831554,0.0561,0.0794,0.0557,0.0792,Calculado
2026-05-29,LFT,2026-05-29,210100,2000-07-01,2030-12-01,0.0707,0.0678,0.0696,19050.40771,0.0003909097722,0.057,0.0877,0.0566,0.0874,Calculado
2026-05-29,LFT,2026-05-29,210100,2000-07-01,2031-03-01,0.0757,0.0739,0.0747,19042.610896,0.000198326322,0.0625,0.0918,0.0624,0.0913,Calculado
2026-05-29,LFT,2026-05-29,210100,2000-07-01,2031-06-01,0.0802,0.0775,0.0794,19034.680312,0.0008510497694,0.0678,0.0957,0.0674,0.0954,Calculado
2026-05-29,LFT,2026-05-29,210100,2000-07-01,2031-09-01,0.0825,0.0797,0.0816,19028.660713,0.00078612975392,0.0705,0.1025,0.0702,0.1022,Calculado
2026-05-29,LFT,2026-05-29,210100,2000-07-01,2031-12-01,0.0942,0.092,0.0932,19012.665778,0.00030339210603,0.0793,0.1028,0.0788,0.1027,Calculado
2026-05-29,LFT,2026-05-29,210100,2000-07-01,2032-03-01,0.0974,0.0957,0.0968,19004.467657,0.00051759516033,0.0829,0.1071,0.0829,0.1065,Calculado
2026-05-29,LFT,2026-05-29,210100,2000-07-01,2032-06-01,0.1064,0.1052,0.1058,18989.676641,0.00009941342968,0.0817,0.116,0.0815,0.1157,Calculado
2026-05-29,NTN-B,2026-05-29,760199,2000-07-15,2026-08-15,10.138,10.0829,10.093,4754.899185,0.01698418381878,9.4619,11.137,9.4256,11.1148,Calculado
2026-05-29,NTN-B,2026-05-29,760199,2000-07-15,2027-05-15,8.0348,8.0085,8.02,4646.291883,0,7.7323,8.3869,7.7516,8.409,Calculado
2026-05-29,NTN-B,2026-05-29,760199,2000-07-15,2028-08-15,8.1033,8.0796,8.09,4609.254661,0,7.6868,8.3826,7.7469,8.4428,Calculado
2026-05-29,NTN-B,2026-05-29,760199,2000-07-15,2029-05-15,7.9946,7.9667,7.9801,4501.255763,0.00041231056256,7.5826,8.2642,7.6327,8.3147,Calculado
2026-05-29,NTN-B,2026-05-29,760199,2000-07-15,2030-08-15,8.0146,7.9873,8.0046,4483.291319,0.00388086659523,7.6394,8.2416,7.6839,8.2863,Calculado
2026-05-29,NTN-B,2026-05-29,760199,2000-07-15,2031-05-15,7.9426,7.9146,7.93,4382.909271,0,7.5918,8.1584,7.6292,8.196,Calculado
2026-05-29,NTN-B,2026-05-29,760199,2000-07-15,2032-08-15,7.8898,7.8616,7.8765,4389.389487,0.00483720756842,7.5581,8.0917,7.5891,8.1229,Calculado
2026-05-29,NTN-B,2026-05-29,760199,2000-07-15,2033-05-15,7.8528,7.8226,7.839,4292.289994,0.00489917388444,7.5328,8.0439,7.5664,8.0776,Calculado
2026-05-29,NTN-B,2026-05-29,760199,2000-07-15,2035-05-15,7.7109,7.6776,7.6999,4242.966772,0.00018856176707,7.4222,7.8848,7.4614,7.9241,Calculado
2026-05-29,NTN-B,2026-05-29,760199,2000-07-15,2037-05-15,7.5788,7.5465,7.5645,4213.673739,0.00551380793191,7.3226,7.7507,7.3516,7.7798,Calculado
2026-05-29,NTN-B,2026-05-29,760199,2000-07-15,2040-08-15,7.4726,7.4466,7.4592,4229.393217,0.00226820123446,7.2551,7.6452,7.2742,7.6644,Calculado
2026-05-29,NTN-B,2026-05-29,760199,2000-07-15,2045-05-15,7.3867,7.3547,7.3702,4106.646403,0.00063881783788,7.1952,7.5629,7.2083,7.5762,Calculado
2026-05-29,NTN-B,2026-05-29,760199,2000-07-15,2050-08-15,7.2961,7.2651,7.28,4148.560294,0,7.1109,7.4732,7.1238,7.4864,Calculado
2026-05-29,NTN-B,2026-05-29,760199,2000-07-15,2055-05-15,7.2686,7.2386,7.2534,4051.875836,0.00449913913543,7.0912,7.4525,7.0982,7.4598,Calculado
2026-05-29,NTN-B,2026-05-29,760199,2000-07-15,2060-08-15,7.257,7.219,7.24,4095.100863,0,7.0755,7.4364,7.0852,7.4466,Calculado
2026-05-29,NTN-F,2026-05-29,950199,2016-01-15,2027-01-01,13.9676,13.9426,13.9616,1019.070694,0.00171339262284,13.7092,14.2438,13.7404,14.2714,Calculado
2026-05-29,NTN-F,2026-05-29,950199,2018-01-05,2029-01-01,13.9017,13.8778,13.8917,963.452795,0.00041207949476,13.3731,14.3923,13.4095,14.4288,Calculado
2026-05-29,NTN-F,2026-05-29,950199,2020-01-10,2031-01-01,14.0457,14.0334,14.0389,915.430893,0.00008320498783,13.6162,14.5944,13.6026,14.581,Calculado
2026-05-29,NTN-F,2026-05-29,950199,2022-01-07,2033-01-01,14.1328,14.1196,14.1269,876.712081,0.0010933343999,13.7045,14.6808,13.6818,14.6584,Calculado
2026-05-29,NTN-F,2026-05-29,950199,2024-01-05,2035-01-01,14.1172,14.0978,14.1079,850.561638,0.00119313337058,13.6887,14.6563,13.6639,14.6319,Calculado
2026-05-29,NTN-F,2026-05-29,950199,2026-01-09,2037-01-01,14.1365,14.124,14.1305,828.549193,0,13.7029,14.6671,13.6887,14.6534,Calculado
2026-06-02,LTN,2026-06-02,100000,2023-01-06,2026-07-01,14.3949,14.3656,14.3798,989.393608,0.00608969114324,14.263,14.5509,14.2641,14.5544,Calculado
2026-06-02,LTN,2026-06-02,100000,2024-07-05,2026-10-01,13.9615,13.9254,13.9477,956.914473,0.01652737052891,13.8553,14.1917,13.7995,14.1336,Calculado
2026-06-02,LTN,2026-06-02,100000,2025-01-10,2027-04-01,13.955,13.935,13.945,898.315478,0,13.6294,14.3366,13.6236,14.3293,Calculado
2026-06-02,LTN,2026-06-02,100000,2023-07-07,2027-07-01,14.0294,14.0153,14.0241,868.824696,0.00323187252069,13.601,14.4387,13.6304,14.466,Calculado
2026-06-02,LTN,2026-06-02,100000,2025-07-04,2027-10-01,14.051,14.0389,14.0442,839.709133,0.00102657666056,13.5906,14.5164,13.6013,14.5262,Calculado
2026-06-02,LTN,2026-06-02,100000,2024-01-05,2028-01-01,13.994,13.9828,13.9882,813.20018,0.00051170130936,13.4994,14.4738,13.5204,14.4943,Calculado
2026-06-02,LTN,2026-06-02,100000,2026-01-09,2028-04-01,14.0063,13.9942,14.0004,786.859992,0.00030441199057,13.4814,14.4776,13.5181,14.5142,Calculado
2026-06-02,LTN,2026-06-02,100000,2024-07-05,2028-07-01,14.0085,13.9958,14.0015,762.278776,0.00103874295184,13.4608,14.4637,13.5124,14.5153,Calculado
2026-06-02,LTN,2026-06-02,100000,2022-02-11,2029-01-01,14.0983,14.0863,14.0927,713.214125,0.00106956841763,13.53,14.5661,13.6026,14.6385,Calculado
2026-06-02,LTN,2026-06-02,100000,2025-07-04,2029-07-01,14.1439,14.1334,14.139,667.585705,0,13.5627,14.6027,13.6505,14.6906,Calculado
2026-06-02,LTN,2026-06-02,100000,2024-01-05,2030-01-01,14.1517,14.1428,14.1481,625.021477,0.00093583623567,13.5735,14.6018,13.6723,14.7007,Calculado
2026-06-02,LTN,2026-06-02,100000,2025-01-10,2032-01-01,14.2238,14.215,14.2195,478.024257,0.00059890967599,13.6529,14.6564,13.7589,14.7624,Calculado
2026-06-02,NTN-C,2026-06-02,770100,2000-07-01,2031-01-01,8.3346,7.9707,8.1361,7966.334912,0.12156413839443,7.4923,8.5508,7.5168,8.5755,Calculado
2026-06-02,LFT,2026-06-02,210100,2000-07-01,2026-09-01,0.0077,0.0025,0.0047,19130.024505,0.00029390634563,-0.0449,0.0364,-0.0449,0.0363,Calculado
2026-06-02,LFT,2026-06-02,210100,2000-07-01,2027-03-01,0.0109,0.0079,0.0091,19128.972341,0.00038204171238,-0.0203,0.0333,-0.0201,0.0332,Calculado
2026-06-02,LFT,2026-06-02,210100,2000-07-01,2027-09-01,0.0116,0.0087,0.0102,19127.805396,0.00023215738196,-0.0107,0.0402,-0.0106,0.04,Calculado
2026-06-02,LFT,2026-06-02,210100,2000-07-01,2028-03-01,0.0195,0.0177,0.0187,19124.036736,0.00031418695072,-0.0024,0.0535,-0.0021,0.0533,Calculado
2026-06-02,LFT,2026-06-02,210100,2000-07-01,2028-09-01,0.032,0.0303,0.031,19116.939412,0.00002886728252,0.0206,0.0488,0.0205,0.0488,Calculado
2026-06-02,LFT,2026-06-02,210100,2000-07-01,2029-03-01,0.0462,0.0437,0.0453,19106.666465,0.00040320353421,0.0241,0.0591,0.0239,0.0592,Calculado
2026-06-02,LFT,2026-06-02,210100,2000-07-01,2029-09-01,0.0569,0.054,0.0556,19095.877002,0.00036159594854,0.0317,0.0675,0.0315,0.0675,Calculado
2026-06-02,LFT,2026-06-02,210100,2000-07-01,2030-03-01,0.0627,0.0603,0.0615,19086.560568,0.00026599176679,0.0434,0.0741,0.043,0.0742,Calculado
2026-06-02,LFT,2026-06-02,210100,2000-07-01,2030-06-01,0.0665,0.0635,0.0651,19080.955404,0.00019174123187,0.0485,0.0779,0.0482,0.0779,Calculado
2026-06-02,LFT,2026-06-02,210100,2000-07-01,2030-09-01,0.0708,0.0678,0.0695,19074.259815,0.00031602099614,0.0556,0.0791,0.0552,0.0792,Calculado
2026-06-02,LFT,2026-06-02,210100,2000-07-01,2030-12-01,0.0708,0.0678,0.0695,19070.950281,0.00032018171403,0.0566,0.0871,0.0564,0.087,Calculado
2026-06-02,LFT,2026-06-02,210100,2000-07-01,2031-03-01,0.0754,0.073,0.0745,19063.259919,0.00041499663854,0.0623,0.091,0.0621,0.091,Calculado
2026-06-02,LFT,2026-06-02,210100,2000-07-01,2031-06-01,0.0794,0.0773,0.0787,19055.79912,0.00040908792453,0.0672,0.0954,0.0666,0.0957,Calculado
2026-06-02,LFT,2026-06-02,210100,2000-07-01,2031-09-01,0.0818,0.08,0.0809,19049.81135,0.00044343430179,0.07,0.1021,0.0694,0.1026,Calculado
2026-06-02,LFT,2026-06-02,210100,2000-07-01,2031-12-01,0.0945,0.0914,0.0929,19033.416722,0.00030269620084,0.0788,0.1025,0.0787,0.1025,Calculado
2026-06-02,LFT,2026-06-02,210100,2000-07-01,2032-03-01,0.098,0.095,0.0966,19025.133322,0.00058364651974,0.083,0.1063,0.0828,0.1064,Calculado
2026-06-02,LFT,2026-06-02,210100,2000-07-01,2032-06-01,0.1066,0.1057,0.1062,19009.676077,0.00006191389182,0.0813,0.1158,0.0809,0.1162,Calculado
2026-06-02,NTN-B,2026-06-02,760199,2000-07-15,2026-08-15,10.3223,10.23,10.2851,4759.158769,0.01244231395119,9.4273,11.1308,9.6082,11.3261,Calculado
2026-06-02,NTN-B,2026-06-02,760199,2000-07-15,2027-05-15,8.0364,8.0098,8.0222,4651.36552,0.0032088250856,7.7536,8.4138,7.7548,8.4178,Calculado
2026-06-02,NTN-B,2026-06-02,760199,2000-07-15,2028-08-15,8.1728,8.1426,8.16,4608.279363,0,7.7768,8.4727,7.8168,8.5128,Calculado
2026-06-02,NTN-B,2026-06-02,760199,2000-07-15,2029-05-15,8.1278,8.0996,8.1107,4491.487614,0.00174322216599,7.7013,8.3837,7.7632,8.4459,Calculado
2026-06-02,NTN-B,2026-06-02,760199,2000-07-15,2030-08-15,8.1696,8.1384,8.1564,4465.199916,0.00547244178041,7.7652,8.3678,7.8354,8.4382,Calculado
2026-06-02,NTN-B,2026-06-02,760199,2000-07-15,2031-05-15,8.0807,8.0489,8.0675,4363.866523,0.00627709365471,7.7091,8.276,7.7665,8.3336,Calculado
2026-06-02,NTN-B,2026-06-02,760199,2000-07-15,2032-08-15,8.028,7.9956,8.0216,4364.173236,0.00301408458242,7.6725,8.2064,7.7341,8.2681,Calculado
2026-06-02,NTN-B,2026-06-02,760199,2000-07-15,2033-05-15,7.985,7.9537,7.9779,4265.708794,0.00595633622036,7.6374,8.1487,7.7052,8.2166,Calculado
2026-06-02,NTN-B,2026-06-02,760199,2000-07-15,2035-05-15,7.8348,7.8026,7.823,4214.313063,0.01339551921577,7.5214,7.9842,7.5843,8.0472,Calculado
2026-06-02,NTN-B,2026-06-02,760199,2000-07-15,2037-05-15,7.6916,7.6551,7.6797,4182.499804,0.00083703344617,7.407,7.8354,7.4666,7.8952,Calculado
2026-06-02,NTN-B,2026-06-02,760199,2000-07-15,2040-08-15,7.5721,7.539,7.5591,4197.759976,0.0063391515284,7.3269,7.7173,7.3739,7.7644,Calculado
2026-06-02,NTN-B,2026-06-02,760199,2000-07-15,2045-05-15,7.4698,7.4335,7.4532,4076.358089,0.00610854202818,7.254,7.6221,7.291,7.6594,Calculado
2026-06-02,NTN-B,2026-06-02,760199,2000-07-15,2050-08-15,7.3755,7.3398,7.3625,4114.862419,0.00437095677741,7.1737,7.5366,7.2061,7.5693,Calculado
2026-06-02,NTN-B,2026-06-02,760199,2000-07-15,2055-05-15,7.3425,7.3061,7.33,4018.86584,0,7.1401,7.5022,7.1744,7.5369,Calculado
2026-06-02,NTN-B,2026-06-02,760199,2000-07-15,2060-08-15,7.3292,7.2946,7.3142,4061.970871,0.00531171212511,7.1276,7.4895,7.159,7.5214,Calculado
2026-06-02,NTN-F,2026-06-02,950199,2016-01-15,2027-01-01,14.064,14.0253,14.0452,1019.709821,0.00050711602223,13.8322,14.3596,13.8263,14.351,Calculado
2026-06-02,NTN-F,2026-06-02,950199,2018-01-05,2029-01-01,14.1067,14.0802,14.0976,960.587656,0.00646394727469,13.5458,14.565,13.6153,14.6345,Calculado
2026-06-02,NTN-F,2026-06-02,950199,2020-01-10,2031-01-01,14.2181,14.2074,14.2134,911.425674,0.0005602578692,13.6758,14.6542,13.7773,14.7555,Calculado
2026-06-02,NTN-F,2026-06-02,950199,2022-01-07,2033-01-01,14.2929,14.2811,14.2864,872.026654,0.00076080452154,13.7354,14.7123,13.8413,14.818,Calculado
2026-06-02,NTN-F,2026-06-02,950199,2024-01-05,2035-01-01,14.265,14.2488,14.2589,845.419839,0.00123338481019,13.7086,14.6773,13.8148,14.783,Calculado
2026-06-02,NTN-F,2026-06-02,950199,2026-01-09,2037-01-01,14.2763,14.2629,14.2698,823.403235,0.00051506709272,13.7228,14.6886,13.8278,14.7929,Calculado
2026-06-03,LTN,2026-06-03,100000,2023-01-06,2026-07-01,14.4077,14.382,14.3954,989.911067,0.01028524070987,14.2641,14.5544,14.2784,14.5711,Calculado
2026-06-03,LTN,2026-06-03,100000,2024-07-05,2026-10-01,14.023,13.9708,14.001,957.261178,0.00933532814849,13.7995,14.1336,13.8512,14.183,Calculado
2026-06-03,LTN,2026-06-03,100000,2025-01-10,2027-04-01,14.1424,14.1188,14.1256,897.618126,0.00745585297468,13.6236,14.3293,13.8047,14.5088,Calculado
2026-06-03,LTN,2026-06-03,100000,2023-07-07,2027-07-01,14.2505,14.238,14.2441,867.490513,0.00252795360717,13.6304,14.466,13.8511,14.6846,Calculado
2026-06-03,LTN,2026-06-03,100000,2025-07-04,2027-10-01,14.3182,14.3069,14.3129,837.530728,0.00002773481567,13.6013,14.5262,13.87,14.7939,Calculado
2026-06-03,LTN,2026-06-03,100000,2024-01-05,2028-01-01,14.3018,14.2884,14.295,810.184784,0,13.5204,14.4943,13.8271,14.8005,Calculado
2026-06-03,LTN,2026-06-03,100000,2026-01-09,2028-04-01,14.3391,14.3251,14.3319,783.107484,0.0014253122956,13.5181,14.5142,13.8495,14.8453,Calculado
2026-06-03,LTN,2026-06-03,100000,2024-07-05,2028-07-01,14.3632,14.3482,14.3556,757.800802,0.00097724100917,13.5124,14.5153,13.8664,14.8693,Calculado
2026-06-03,LTN,2026-06-03,100000,2022-02-11,2029-01-01,14.4702,14.4583,14.4641,707.67611,0.00163961935827,13.6026,14.6385,13.9739,15.0097,Calculado
2026-06-03,LTN,2026-06-03,100000,2025-07-04,2029-07-01,14.5194,14.5086,14.513,661.301431,0,13.6505,14.6906,14.0244,15.0646,Calculado
2026-06-03,LTN,2026-06-03,100000,2024-01-05,2030-01-01,14.5291,14.5191,14.5246,618.08692,0.00088990059557,13.6723,14.7007,14.0487,15.0772,Calculado
2026-06-03,LTN,2026-06-03,100000,2025-01-10,2032-01-01,14.5497,14.5399,14.5445,470.796665,0.00076229842581,13.7589,14.7624,14.0839,15.0874,Calculado
2026-06-03,NTN-C,2026-06-03,770100,2000-07-01,2031-01-01,8.3401,7.9709,8.1461,7967.695416,0.14430182000377,7.5168,8.5755,7.3794,8.4277,Calculado
2026-06-03,LFT,2026-06-03,210100,2000-07-01,2026-09-01,0.0065,0.0015,0.0042,19140.259079,0.00097908269824,-0.0449,0.0363,-0.0454,0.0359,Calculado
2026-06-03,LFT,2026-06-03,210100,2000-07-01,2027-03-01,0.0109,0.0079,0.0091,19139.187213,0.00035448802519,-0.0201,0.0332,-0.0201,0.0332,Calculado
2026-06-03,LFT,2026-06-03,210100,2000-07-01,2027-09-01,0.012,0.0098,0.011,19137.84738,0,-0.0106,0.04,-0.0097,0.0395,Calculado
2026-06-03,LFT,2026-06-03,210100,2000-07-01,2028-03-01,0.02,0.0175,0.0186,19134.287253,0.00031849317104,-0.0021,0.0533,-0.0022,0.0537,Calculado
2026-06-03,LFT,2026-06-03,210100,2000-07-01,2028-09-01,0.0321,0.03,0.031,19127.166998,0.00007274379699,0.0205,0.0488,0.0204,0.0492,Calculado
2026-06-03,LFT,2026-06-03,210100,2000-07-01,2029-03-01,0.0464,0.0441,0.0452,19116.965128,0.00019078010903,0.0239,0.0592,0.0239,0.0593,Calculado
2026-06-03,LFT,2026-06-03,210100,2000-07-01,2029-09-01,0.0561,0.0537,0.055,19106.495291,0,0.0315,0.0675,0.0318,0.067,Calculado
2026-06-03,LFT,2026-06-03,210100,2000-07-01,2030-03-01,0.0631,0.0605,0.0615,19096.810213,0.00028697200212,0.043,0.0742,0.0426,0.0743,Calculado
2026-06-03,LFT,2026-06-03,210100,2000-07-01,2030-06-01,0.067,0.0635,0.065,19091.259477,0.00004879497925,0.0482,0.0779,0.0478,0.0779,Calculado
2026-06-03,LFT,2026-06-03,210100,2000-07-01,2030-09-01,0.071,0.068,0.0696,19084.426329,0.00020493899092,0.0552,0.0792,0.0548,0.0793,Calculado
2026-06-03,LFT,2026-06-03,210100,2000-07-01,2030-12-01,0.071,0.0675,0.0696,19081.095888,0.00021342314776,0.0564,0.087,0.0565,0.0865,Calculado
2026-06-03,LFT,2026-06-03,210100,2000-07-01,2031-03-01,0.076,0.073,0.0744,19073.573683,0.00003015095355,0.0621,0.091,0.062,0.0907,Calculado
2026-06-03,LFT,2026-06-03,210100,2000-07-01,2031-06-01,0.079,0.0766,0.0785,19066.223743,0.00039519167501,0.0666,0.0957,0.0665,0.0956,Calculado
2026-06-03,LFT,2026-06-03,210100,2000-07-01,2031-09-01,0.0818,0.0788,0.0806,19060.347619,0.00018883678137,0.0694,0.1026,0.0691,0.1026,Calculado
2026-06-03,LFT,2026-06-03,210100,2000-07-01,2031-12-01,0.0959,0.0913,0.0929,19043.657129,0.00011146403007,0.0787,0.1025,0.0785,0.1024,Calculado
2026-06-03,LFT,2026-06-03,210100,2000-07-01,2032-03-01,0.098,0.0951,0.0964,19035.579851,0.00033220395844,0.0828,0.1064,0.083,0.1062,Calculado
2026-06-03,LFT,2026-06-03,210100,2000-07-01,2032-06-01,0.1066,0.1058,0.1062,19019.903806,0.00015392465689,0.0809,0.1162,0.081,0.1162,Calculado
2026-06-03,NTN-B,2026-06-03,760199,2000-07-15,2026-08-15,10.735,10.569,10.6399,4759.038345,0.10982691025628,9.6082,11.3261,9.9586,11.691,Calculado
2026-06-03,NTN-B,2026-06-03,760199,2000-07-15,2027-05-15,8.1972,8.1801,8.194,4647.107227,0.01129896750416,7.7548,8.4178,7.9272,8.593,Calculado
2026-06-03,NTN-B,2026-06-03,760199,2000-07-15,2028-08-15,8.3706,8.3442,8.3555,4593.843779,0.0068057464102,7.8168,8.5128,8.0123,8.7084,Calculado
2026-06-03,NTN-B,2026-06-03,760199,2000-07-15,2029-05-15,8.3362,8.3096,8.325,4469.947854,0.00544134056368,7.7632,8.4459,7.9775,8.6606,Calculado
2026-06-03,NTN-B,2026-06-03,760199,2000-07-15,2030-08-15,8.3885,8.3638,8.3793,4434.128952,0.01270939457724,7.8354,8.4382,8.0582,8.6613,Calculado
2026-06-03,NTN-B,2026-06-03,760199,2000-07-15,2031-05-15,8.298,8.2691,8.2879,4328.380831,0.01145267404059,7.7665,8.3336,7.9868,8.5541,Calculado
2026-06-03,NTN-B,2026-06-03,760199,2000-07-15,2032-08-15,8.2163,8.1942,8.2041,4329.197364,0.00654782088408,7.7341,8.2681,7.9165,8.4507,Calculado
2026-06-03,NTN-B,2026-06-03,760199,2000-07-15,2033-05-15,8.1662,8.1373,8.1479,4230.179741,0.01457813104448,7.7052,8.2166,7.8751,8.3868,Calculado
2026-06-03,NTN-B,2026-06-03,760199,2000-07-15,2035-05-15,7.9653,7.941,7.9532,4181.806052,0.00344867124122,7.5843,8.0472,7.7144,8.1776,Calculado
2026-06-03,NTN-B,2026-06-03,760199,2000-07-15,2037-05-15,7.8203,7.7834,7.8,4147.903407,0,7.4666,7.8952,7.5867,8.0157,Calculado
2026-06-03,NTN-B,2026-06-03,760199,2000-07-15,2040-08-15,7.6936,7.6546,7.6738,4159.037521,0.00314559935624,7.3739,7.7644,7.4884,7.8793,Calculado
2026-06-03,NTN-B,2026-06-03,760199,2000-07-15,2045-05-15,7.5639,7.5346,7.5478,4039.549931,0.00293078038754,7.291,7.6594,7.3853,7.7544,Calculado
2026-06-03,NTN-B,2026-06-03,760199,2000-07-15,2050-08-15,7.4733,7.4426,7.4589,4073.235463,0.0017489492617,7.2061,7.5693,7.3021,7.6663,Calculado
2026-06-03,NTN-B,2026-06-03,760199,2000-07-15,2055-05-15,7.4492,7.4076,7.4282,3974.000727,0.00254860356078,7.1744,7.5369,7.2721,7.6359,Calculado
2026-06-03,NTN-B,2026-06-03,760199,2000-07-15,2060-08-15,7.4335,7.4,7.42,4011.740605,0,7.159,7.5214,7.2642,7.6281,Calculado
2026-06-03,NTN-F,2026-06-03,950199,2016-01-15,2027-01-01,14.189,14.1563,14.1719,1019.612693,0.0026840936962,13.8263,14.351,13.9531,14.4749,Calculado
2026-06-03,NTN-F,2026-06-03,950199,2018-01-05,2029-01-01,14.4664,14.4423,14.4598,954.366463,0.00599839722092,13.6153,14.6345,13.9775,14.9964,Calculado
2026-06-03,NTN-F,2026-06-03,950199,2020-01-10,2031-01-01,14.5619,14.5505,14.5564,902.276321,0.00043817803459,13.7773,14.7555,14.1203,15.0984,Calculado
2026-06-03,NTN-F,2026-06-03,950199,2022-01-07,2033-01-01,14.609,14.5983,14.6038,861.494854,0.00091125441563,13.8413,14.818,14.159,15.1354,Calculado
2026-06-03,NTN-F,2026-06-03,950199,2024-01-05,2035-01-01,14.5842,14.5705,14.578,833.33372,0,13.8148,14.783,14.1341,15.1019,Calculado
2026-06-03,NTN-F,2026-06-03,950199,2026-01-09,2037-01-01,14.6106,14.6,14.6071,809.560192,0.00148613247391,13.8278,14.7929,14.1652,15.1301,Calculado
2026-06-01,LTN,2026-06-01,100000,2023-01-06,2026-07-01,14.3883,14.3711,14.3798,988.866252,0.0056547759655,14.2515,14.5371,14.263,14.5509,Calculado
2026-06-01,LTN,2026-06-01,100000,2024-07-05,2026-10-01,14.0237,13.9757,14.0034,956.259296,0.00276624207726,13.8132,14.1519,13.8553,14.1917,Calculado
2026-06-01,LTN,2026-06-01,100000,2025-01-10,2027-04-01,13.9653,13.9359,13.9519,897.805363,0.00412955630668,13.5159,14.2246,13.6294,14.3366,Calculado
2026-06-01,LTN,2026-06-01,100000,2023-07-07,2027-07-01,14.0034,13.9826,13.9958,868.604171,0.00509727596075,13.4641,14.3038,13.601,14.4387,Calculado
2026-06-01,LTN,2026-06-01,100000,2025-07-04,2027-10-01,14.0417,14.0279,14.0337,839.374385,0.00134738914572,13.4356,14.3624,13.5906,14.5164,Calculado
2026-06-01,LTN,2026-06-01,100000,2024-01-05,2028-01-01,13.9747,13.9604,13.9673,813.013809,0.00118418396375,13.3424,14.3173,13.4994,14.4738,Calculado
2026-06-01,LTN,2026-06-01,100000,2026-01-09,2028-04-01,13.9749,13.955,13.9636,786.9166,0.00265451098321,13.3222,14.3187,13.4814,14.4776,Calculado
2026-06-01,LTN,2026-06-01,100000,2024-07-05,2028-07-01,13.9611,13.9349,13.9498,762.600073,0.00265676136301,13.3068,14.3097,13.4608,14.4637,Calculado
2026-06-01,LTN,2026-06-01,100000,2022-02-11,2029-01-01,14.0263,14.0143,14.0201,714.007003,0.00123342606588,13.3893,14.4255,13.53,14.5661,Calculado
2026-06-01,LTN,2026-06-01,100000,2025-07-04,2029-07-01,14.0553,14.045,14.051,668.811838,0,13.4437,14.4837,13.5627,14.6027,Calculado
2026-06-01,LTN,2026-06-01,100000,2024-01-05,2030-01-01,14.0529,14.0442,14.0491,626.623547,0.00067502722167,13.4725,14.5007,13.5735,14.6018,Calculado
2026-06-01,LTN,2026-06-01,100000,2025-01-10,2032-01-01,14.1175,14.1075,14.1135,480.242915,0.00083048532197,13.5878,14.5914,13.6529,14.6564,Calculado
2026-06-01,NTN-C,2026-06-01,770100,2000-07-01,2031-01-01,8.3647,7.9695,8.1225,7965.925119,0.15270051346731,7.5051,8.5572,7.4923,8.5508,Calculado
2026-06-01,LFT,2026-06-01,210100,2000-07-01,2026-09-01,0.0059,0.0004,0.0047,19119.795404,0.0009861168592,-0.0445,0.0372,-0.0449,0.0364,Calculado
2026-06-01,LFT,2026-06-01,210100,2000-07-01,2027-03-01,0.0103,0.0082,0.009,19118.762922,0.00029380864521,-0.0198,0.0333,-0.0203,0.0333,Calculado
2026-06-01,LFT,2026-06-01,210100,2000-07-01,2027-09-01,0.012,0.0088,0.0103,19117.577479,0.00020072782567,-0.011,0.0406,-0.0107,0.0402,Calculado
2026-06-01,LFT,2026-06-01,210100,2000-07-01,2028-03-01,0.0197,0.0175,0.0187,19113.81083,0.00040313314178,-0.0023,0.0535,-0.0024,0.0535,Calculado
2026-06-01,LFT,2026-06-01,210100,2000-07-01,2028-09-01,0.032,0.03,0.031,19106.698174,0,0.0207,0.0486,0.0206,0.0488,Calculado
2026-06-01,LFT,2026-06-01,210100,2000-07-01,2029-03-01,0.046,0.044,0.0454,19096.39247,0.00039173443811,0.0241,0.0592,0.0241,0.0591,Calculado
2026-06-01,LFT,2026-06-01,210100,2000-07-01,2029-09-01,0.0571,0.0545,0.0557,19085.589645,0.00037612575025,0.032,0.0673,0.0317,0.0675,Calculado
2026-06-01,LFT,2026-06-01,210100,2000-07-01,2030-03-01,0.0624,0.0607,0.0615,19076.335544,0,0.0438,0.074,0.0434,0.0741,Calculado
2026-06-01,LFT,2026-06-01,210100,2000-07-01,2030-06-01,0.0666,0.064,0.0652,19070.637771,0.00022959183348,0.0488,0.0777,0.0485,0.0779,Calculado
2026-06-01,LFT,2026-06-01,210100,2000-07-01,2030-09-01,0.0708,0.0679,0.0695,19064.022236,0.0003417085015,0.0557,0.0792,0.0556,0.0791,Calculado
2026-06-01,LFT,2026-06-01,210100,2000-07-01,2030-12-01,0.0708,0.0679,0.0696,19060.637988,0.00035723153556,0.0566,0.0874,0.0566,0.0871,Calculado
2026-06-01,LFT,2026-06-01,210100,2000-07-01,2031-03-01,0.0757,0.0732,0.0746,19052.93261,0.00033689274258,0.0624,0.0913,0.0623,0.091,Calculado
2026-06-01,LFT,2026-06-01,210100,2000-07-01,2031-06-01,0.0799,0.0775,0.0791,19045.188992,0.00056730787056,0.0674,0.0954,0.0672,0.0954,Calculado
2026-06-01,LFT,2026-06-01,210100,2000-07-01,2031-09-01,0.0824,0.0801,0.0814,19039.089698,0.00037593020629,0.0702,0.1022,0.07,0.1021,Calculado
2026-06-01,LFT,2026-06-01,210100,2000-07-01,2031-12-01,0.0946,0.0911,0.093,19023.086222,0.00047950647545,0.0788,0.1027,0.0788,0.1025,Calculado
2026-06-01,LFT,2026-06-01,210100,2000-07-01,2032-03-01,0.0976,0.0954,0.0966,19014.902843,0.00035573038948,0.0829,0.1065,0.083,0.1063,Calculado
2026-06-01,LFT,2026-06-01,210100,2000-07-01,2032-06-01,0.1066,0.1056,0.1059,18999.798008,0.00004972444067,0.0815,0.1157,0.0813,0.1158,Calculado
2026-06-01,NTN-B,2026-06-01,760199,2000-07-15,2026-08-15,10.1323,10.0716,10.1,4757.835285,0,9.4256,11.1148,9.4273,11.1308,Calculado
2026-06-01,NTN-B,2026-06-01,760199,2000-07-15,2027-05-15,8.0357,8.0078,8.0217,4648.804626,0.00234650425953,7.7516,8.409,7.7536,8.4138,Calculado
2026-06-01,NTN-B,2026-06-01,760199,2000-07-15,2028-08-15,8.1353,8.1063,8.12,4609.201287,0,7.7469,8.4428,7.7768,8.4727,Calculado
2026-06-01,NTN-B,2026-06-01,760199,2000-07-15,2029-05-15,8.0601,8.0292,8.0488,4495.972061,0.00320922383763,7.6327,8.3147,7.7013,8.3837,Calculado
2026-06-01,NTN-B,2026-06-01,760199,2000-07-15,2030-08-15,8.099,8.0694,8.086,4473.379995,0.00397623894906,7.6839,8.2863,7.7652,8.3678,Calculado
2026-06-01,NTN-B,2026-06-01,760199,2000-07-15,2031-05-15,8.025,7.9917,8.01,4371.406703,0,7.6292,8.196,7.7091,8.276,Calculado
2026-06-01,NTN-B,2026-06-01,760199,2000-07-15,2032-08-15,7.975,7.9447,7.96,4374.47779,0.00033040378327,7.5891,8.1229,7.6725,8.2064,Calculado
2026-06-01,NTN-B,2026-06-01,760199,2000-07-15,2033-05-15,7.925,7.896,7.91,4278.608931,0,7.5664,8.0776,7.6374,8.1487,Calculado
2026-06-01,NTN-B,2026-06-01,760199,2000-07-15,2035-05-15,7.7739,7.745,7.76,4228.98564,0,7.4614,7.9241,7.5214,7.9842,Calculado
2026-06-01,NTN-B,2026-06-01,760199,2000-07-15,2037-05-15,7.6338,7.6066,7.62,4198.685194,0,7.3516,7.7798,7.407,7.8354,Calculado
2026-06-01,NTN-B,2026-06-01,760199,2000-07-15,2040-08-15,7.5257,7.4967,7.512,4212.493291,0.00287186682142,7.2742,7.6644,7.3269,7.7173,Calculado
2026-06-01,NTN-B,2026-06-01,760199,2000-07-15,2045-05-15,7.4332,7.3988,7.416,4089.654535,0.0039357942248,7.2083,7.5762,7.254,7.6221,Calculado
2026-06-01,NTN-B,2026-06-01,760199,2000-07-15,2050-08-15,7.3457,7.315,7.33,4127.606752,0,7.1238,7.4864,7.1737,7.5366,Calculado
2026-06-01,NTN-B,2026-06-01,760199,2000-07-15,2055-05-15,7.3135,7.2794,7.2955,4033.455061,0.00384212242777,7.0982,7.4598,7.1401,7.5022,Calculado
2026-06-01,NTN-B,2026-06-01,760199,2000-07-15,2060-08-15,7.2994,7.256,7.2826,4075.690761,0.00318002721529,7.0852,7.4466,7.1276,7.4895,Calculado
2026-06-01,NTN-F,2026-06-01,950199,2016-01-15,2027-01-01,14.071,14.0332,14.0521,1019.143414,0.00146796677755,13.7404,14.2714,13.8322,14.3596,Calculado
2026-06-01,NTN-F,2026-06-01,950199,2018-01-05,2029-01-01,14.0352,14.0176,14.0279,961.390777,0.00169123792235,13.4095,14.4288,13.5458,14.565,Calculado
2026-06-01,NTN-F,2026-06-01,950199,2020-01-10,2031-01-01,14.1181,14.1068,14.112,913.824336,0.00091446258535,13.6026,14.581,13.6758,14.6542,Calculado
2026-06-01,NTN-F,2026-06-01,950199,2022-01-07,2033-01-01,14.1851,14.1754,14.1806,875.278143,0.00056278949884,13.6818,14.6584,13.7354,14.7123,Calculado
2026-06-01,NTN-F,2026-06-01,950199,2024-01-05,2035-01-01,14.162,14.1416,14.1529,849.201983,0.00089911433088,13.6639,14.6319,13.7086,14.6773,Calculado
2026-06-01,NTN-F,2026-06-01,950199,2026-01-09,2037-01-01,14.1711,14.1603,14.1651,827.482977,0.0011174419269,13.6887,14.6534,13.7228,14.6886,Calculado
2026-06-05,LTN,2026-06-05,100000,2023-01-06,2026-07-01,14.4292,14.3998,14.4156,990.427026,0.0043890583637,14.2784,14.5711,14.2948,14.5924,Calculado
2026-06-05,LTN,2026-06-05,100000,2024-07-05,2026-10-01,14.1,14.0343,14.0684,957.572642,0.00409044181966,13.8512,14.183,13.9171,14.2465,Calculado
2026-06-05,LTN,2026-06-05,100000,2025-01-10,2027-04-01,14.2849,14.2587,14.2743,897.138095,0.00152106421626,13.8047,14.5088,13.954,14.6566,Calculado
2026-06-05,LTN,2026-06-05,100000,2023-07-07,2027-07-01,14.4469,14.4322,14.4407,866.3634,0.00257029123836,13.8511,14.6846,14.0485,14.8799,Calculado
2026-06-05,LTN,2026-06-05,100000,2025-07-04,2027-10-01,14.5556,14.5418,14.5482,835.701565,0.00060182870487,13.87,14.7939,14.1055,15.0283,Calculado
2026-06-05,LTN,2026-06-05,100000,2024-01-05,2028-01-01,14.569,14.5538,14.5609,807.659838,0.0029512833683,13.8271,14.8005,14.0931,15.0659,Calculado
2026-06-05,LTN,2026-06-05,100000,2026-01-09,2028-04-01,14.6296,14.6171,14.6233,779.899483,0.00022417939245,13.8495,14.8453,14.1409,15.1365,Calculado
2026-06-05,LTN,2026-06-05,100000,2024-07-05,2028-07-01,14.6563,14.6411,14.6493,754.201812,0.00170774147341,13.8664,14.8693,14.1601,15.1629,Calculado
2026-06-05,LTN,2026-06-05,100000,2022-02-11,2029-01-01,14.7774,14.7643,14.7705,703.234893,0.00086938675513,13.9739,15.0097,14.2804,15.3161,Calculado
2026-06-05,LTN,2026-06-05,100000,2025-07-04,2029-07-01,14.8156,14.8054,14.8101,656.452821,0.00088109223127,14.0244,15.0646,14.3215,15.3617,Calculado
2026-06-05,LTN,2026-06-05,100000,2024-01-05,2030-01-01,14.8039,14.7932,14.7973,613.229553,0.00092111664299,14.0487,15.0772,14.3213,15.35,Calculado
2026-06-05,LTN,2026-06-05,100000,2025-01-10,2032-01-01,14.7717,14.76,14.7652,466.050564,0.00100370636144,14.0839,15.0874,14.3047,15.3082,Calculado
2026-06-05,NTN-C,2026-06-05,770100,2000-07-01,2031-01-01,8.3347,8.0017,8.1522,7970.087542,0.14050956989031,7.3794,8.4277,7.4174,8.459,Calculado
2026-06-05,LFT,2026-06-05,210100,2000-07-01,2026-09-01,0.01,0.0008,0.0046,19150.460826,0.00043889063558,-0.0454,0.0359,-0.045,0.036,Calculado
2026-06-05,LFT,2026-06-05,210100,2000-07-01,2027-03-01,0.0111,0.008,0.0093,19149.388388,0.00025690465157,-0.0201,0.0332,-0.0191,0.033,Calculado
2026-06-05,LFT,2026-06-05,210100,2000-07-01,2027-09-01,0.013,0.0099,0.0115,19147.952086,0.00060097958368,-0.0097,0.0395,-0.0088,0.0393,Calculado
2026-06-05,LFT,2026-06-05,210100,2000-07-01,2028-03-01,0.0198,0.0174,0.0192,19144.313455,0.00074765427839,-0.0022,0.0537,-0.0012,0.0533,Calculado
2026-06-05,LFT,2026-06-05,210100,2000-07-01,2028-09-01,0.0326,0.0301,0.0311,19137.361754,0.00026706463637,0.0204,0.0492,0.0204,0.0495,Calculado
2026-06-05,LFT,2026-06-05,210100,2000-07-01,2029-03-01,0.0467,0.0435,0.0451,19127.250189,0.00015021348142,0.0239,0.0593,0.024,0.0593,Calculado
2026-06-05,LFT,2026-06-05,210100,2000-07-01,2029-09-01,0.0552,0.054,0.0546,19116.985419,0.00028052236987,0.0318,0.067,0.0319,0.0667,Calculado
2026-06-05,LFT,2026-06-05,210100,2000-07-01,2030-03-01,0.0621,0.0602,0.0614,19107.122813,0.00002886728252,0.0426,0.0743,0.0423,0.0743,Calculado
2026-06-05,LFT,2026-06-05,210100,2000-07-01,2030-06-01,0.0659,0.0633,0.0649,19101.588264,0.00008287412141,0.0478,0.0779,0.0475,0.0779,Calculado
2026-06-05,LFT,2026-06-05,210100,2000-07-01,2030-09-01,0.0708,0.068,0.0695,19094.751467,0.00006333229824,0.0548,0.0793,0.0545,0.0792,Calculado
2026-06-05,LFT,2026-06-05,210100,2000-07-01,2030-12-01,0.0708,0.0681,0.0695,19091.419247,0.00006324547415,0.0565,0.0865,0.0564,0.0862,Calculado
2026-06-05,LFT,2026-06-05,210100,2000-07-01,2031-03-01,0.0754,0.0729,0.0743,19083.912176,0.00019000771037,0.062,0.0907,0.0619,0.0905,Calculado
2026-06-05,LFT,2026-06-05,210100,2000-07-01,2031-06-01,0.0793,0.0762,0.0783,19076.654065,0.00034481451536,0.0665,0.0956,0.0663,0.0955,Calculado
2026-06-05,LFT,2026-06-05,210100,2000-07-01,2031-09-01,0.0818,0.0786,0.0805,19070.679049,0.00006333229824,0.0691,0.1026,0.069,0.1025,Calculado
2026-06-05,LFT,2026-06-05,210100,2000-07-01,2031-12-01,0.094,0.0907,0.0927,19054.113702,0.00024314783569,0.0785,0.1024,0.0786,0.1022,Calculado
2026-06-05,LFT,2026-06-05,210100,2000-07-01,2032-03-01,0.098,0.0952,0.0964,19045.821453,0.0001,0.083,0.1062,0.0829,0.1062,Calculado
2026-06-05,LFT,2026-06-05,210100,2000-07-01,2032-06-01,0.1073,0.1057,0.1062,19030.156188,0.00012909941905,0.081,0.1162,0.0811,0.1162,Calculado
2026-06-05,NTN-B,2026-06-05,760199,2000-07-15,2026-08-15,10.8064,10.69,10.75,4761.178935,0,9.9586,11.691,10.0623,11.8093,Calculado
2026-06-05,NTN-B,2026-06-05,760199,2000-07-15,2027-05-15,8.2841,8.2569,8.27,4646.708316,0,7.9272,8.593,8.0034,8.6721,Calculado
2026-06-05,NTN-B,2026-06-05,760199,2000-07-15,2028-08-15,8.5573,8.521,8.5384,4580.637615,0.00417196525753,8.0123,8.7084,8.1952,8.8914,Calculado
2026-06-05,NTN-B,2026-06-05,760199,2000-07-15,2029-05-15,8.5408,8.5092,8.5238,4450.356294,0.00389529630837,7.9775,8.6606,8.1762,8.8597,Calculado
2026-06-05,NTN-B,2026-06-05,760199,2000-07-15,2030-08-15,8.5932,8.555,8.5737,4407.668813,0.00667352588217,8.0582,8.6613,8.2525,8.8558,Calculado
2026-06-05,NTN-B,2026-06-05,760199,2000-07-15,2031-05-15,8.5082,8.4559,8.4799,4298.16471,0.00937353809188,7.9868,8.5541,8.1787,8.7462,Calculado
2026-06-05,NTN-B,2026-06-05,760199,2000-07-15,2032-08-15,8.3876,8.3478,8.3647,4299.075867,0.01193623653754,7.9165,8.4507,8.0771,8.6114,Calculado
2026-06-05,NTN-B,2026-06-05,760199,2000-07-15,2033-05-15,8.3633,8.3346,8.35,4188.0752,0,7.8751,8.3868,8.0771,8.5889,Calculado
2026-06-05,NTN-B,2026-06-05,760199,2000-07-15,2035-05-15,8.138,8.1043,8.1226,4139.387301,0.00298258835913,7.7144,8.1776,7.8837,8.3471,Calculado
2026-06-05,NTN-B,2026-06-05,760199,2000-07-15,2037-05-15,7.9841,7.953,7.9722,4098.153895,0.00369451102989,7.5867,8.0157,7.7587,8.188,Calculado
2026-06-05,NTN-B,2026-06-05,760199,2000-07-15,2040-08-15,7.8684,7.8267,7.8492,4099.707111,0.00525909576068,7.4884,7.8793,7.6634,8.0547,Calculado
2026-06-05,NTN-B,2026-06-05,760199,2000-07-15,2045-05-15,7.7262,7.6819,7.7065,3977.536506,0.00647864263947,7.3853,7.7544,7.5435,7.9132,Calculado
2026-06-05,NTN-B,2026-06-05,760199,2000-07-15,2050-08-15,7.6492,7.6015,7.6271,4000.716724,0.00353345356698,7.3021,7.6663,7.4701,7.8348,Calculado
2026-06-05,NTN-B,2026-06-05,760199,2000-07-15,2055-05-15,7.6151,7.5697,7.593,3899.247799,0.00420739894353,7.2721,7.6359,7.4367,7.8011,Calculado
2026-06-05,NTN-B,2026-06-05,760199,2000-07-15,2060-08-15,7.6005,7.5613,7.583,3935.448596,0.00420739894353,7.2642,7.6281,7.4268,7.7916,Calculado
2026-06-05,NTN-F,2026-06-05,950199,2016-01-15,2027-01-01,14.2858,14.25,14.2673,1019.679271,0.00045675635737,13.9531,14.4749,14.0487,14.5676,Calculado
2026-06-05,NTN-F,2026-06-05,950199,2018-01-05,2029-01-01,14.771,14.7366,14.7583,949.398409,0.01408361784699,13.9775,14.9964,14.276,15.2948,Calculado
2026-06-05,NTN-F,2026-06-05,950199,2020-01-10,2031-01-01,14.8027,14.7916,14.7964,896.117074,0.00109313876978,14.1203,15.0984,14.3602,15.3385,Calculado
2026-06-05,NTN-F,2026-06-05,950199,2022-01-07,2033-01-01,14.8127,14.8011,14.806,855.066497,0.00108065235853,14.159,15.1354,14.3613,15.3377,Calculado
2026-06-05,NTN-F,2026-06-05,950199,2024-01-05,2035-01-01,14.7884,14.7747,14.7819,825.925604,0.00012810249802,14.1341,15.1019,14.3379,15.3059,Calculado
2026-06-05,NTN-F,2026-06-05,950199,2026-01-09,2037-01-01,14.8111,14.7988,14.8045,801.825769,0,14.1652,15.1301,14.3622,15.3279,Calculado
2026-06-08,LTN,2026-06-08,100000,2023-01-06,2026-07-01,14.4268,14.3959,14.414,990.95738,0.00032039272776,14.2948,14.5924,14.2788,14.5911,Calculado
2026-06-08,LTN,2026-06-08,100000,2024-07-05,2026-10-01,14.1046,14.0584,14.0854,958.026488,0.01409179986801,13.9171,14.2465,13.9322,14.2593,Calculado
2026-06-08,LTN,2026-06-08,100000,2025-01-10,2027-04-01,14.4386,14.4062,14.4241,896.661837,0.00466240281293,13.954,14.6566,14.1045,14.8055,Calculado
2026-06-08,LTN,2026-06-08,100000,2023-07-07,2027-07-01,14.6446,14.6329,14.6386,865.241868,0.00056454711052,14.0485,14.8799,14.2474,15.0767,Calculado
2026-06-08,LTN,2026-06-08,100000,2025-07-04,2027-10-01,14.7867,14.7738,14.7795,833.932928,0.00100844056344,14.1055,15.0283,14.3371,15.259,Calculado
2026-06-08,LTN,2026-06-08,100000,2024-01-05,2028-01-01,14.7912,14.7789,14.7854,805.619647,0.00032344300889,14.0931,15.0659,14.3178,15.2902,Calculado
2026-06-08,LTN,2026-06-08,100000,2026-01-09,2028-04-01,14.8394,14.8257,14.8328,777.736553,0.0014526851345,14.1409,15.1365,14.3506,15.346,Calculado
2026-06-08,LTN,2026-06-08,100000,2024-07-05,2028-07-01,14.8795,14.8629,14.8698,751.630833,0.00403796323039,14.1601,15.1629,14.3807,15.3836,Calculado
2026-06-08,LTN,2026-06-08,100000,2022-02-11,2029-01-01,14.9636,14.9516,14.9582,700.691774,0.00137436853864,14.2804,15.3161,14.4683,15.5038,Calculado
2026-06-08,LTN,2026-06-08,100000,2025-07-04,2029-07-01,14.9791,14.9673,14.9738,653.970493,0.0013266006445,14.3215,15.3617,14.4853,15.5255,Calculado
2026-06-08,LTN,2026-06-08,100000,2024-01-05,2030-01-01,14.9489,14.937,14.943,610.81691,0,14.3213,15.35,14.4671,15.4959,Calculado
2026-06-08,LTN,2026-06-08,100000,2025-01-10,2032-01-01,14.8668,14.8562,14.8611,464.152658,0.00079999999375,14.3047,15.3082,14.4008,15.4042,Calculado
2026-06-08,NTN-C,2026-06-08,770100,2000-07-01,2031-01-01,8.3367,8.1472,8.1762,7967.797949,0.12195927553942,7.4174,8.459,7.536,8.5702,Calculado
2026-06-08,LFT,2026-06-08,210100,2000-07-01,2026-09-01,0.0068,0.0017,0.0045,19160.706333,0.00051055524677,-0.045,0.036,-0.0447,0.0356,Calculado
2026-06-08,LFT,2026-06-08,210100,2000-07-01,2027-03-01,0.011,0.0084,0.0094,19159.614161,0.00007784985549,-0.0191,0.033,-0.0187,0.0327,Calculado
2026-06-08,LFT,2026-06-08,210100,2000-07-01,2027-09-01,0.0125,0.0109,0.0117,19158.138771,0.00033254808675,-0.0088,0.0393,-0.0081,0.0386,Calculado
2026-06-08,LFT,2026-06-08,210100,2000-07-01,2028-03-01,0.02,0.0179,0.0192,19154.555679,0.00027359263513,-0.0012,0.0533,-0.0007,0.0529,Calculado
2026-06-08,LFT,2026-06-08,210100,2000-07-01,2028-09-01,0.032,0.03,0.031,19147.638588,0,0.0204,0.0495,0.0202,0.0496,Calculado
2026-06-08,LFT,2026-06-08,210100,2000-07-01,2029-03-01,0.0457,0.0435,0.045,19137.559946,0.00046932017856,0.024,0.0593,0.024,0.0593,Calculado
2026-06-08,LFT,2026-06-08,210100,2000-07-01,2029-09-01,0.0549,0.0534,0.0543,19127.42382,0.00025642078699,0.0319,0.0667,0.0321,0.0664,Calculado
2026-06-08,LFT,2026-06-08,210100,2000-07-01,2030-03-01,0.0626,0.0602,0.0613,19117.440983,0.00016214703204,0.0423,0.0743,0.0423,0.0742,Calculado
2026-06-08,LFT,2026-06-08,210100,2000-07-01,2030-06-01,0.0665,0.0634,0.065,19111.769351,0,0.0475,0.0779,0.0473,0.078,Calculado
2026-06-08,LFT,2026-06-08,210100,2000-07-01,2030-09-01,0.0714,0.0685,0.0697,19104.833099,0.00028697200212,0.0545,0.0792,0.0535,0.0802,Calculado
2026-06-08,LFT,2026-06-08,210100,2000-07-01,2030-12-01,0.0712,0.068,0.0696,19101.594904,0.00023436394774,0.0564,0.0862,0.0558,0.0869,Calculado
2026-06-08,LFT,2026-06-08,210100,2000-07-01,2031-03-01,0.0758,0.0732,0.0743,19094.160468,0.00016422451096,0.0619,0.0905,0.0611,0.0913,Calculado
2026-06-08,LFT,2026-06-08,210100,2000-07-01,2031-06-01,0.079,0.0777,0.0783,19086.898481,0.00008280784987,0.0663,0.0955,0.0655,0.0963,Calculado
2026-06-08,LFT,2026-06-08,210100,2000-07-01,2031-09-01,0.0824,0.0795,0.0807,19080.728665,0.00033819974867,0.069,0.1025,0.0684,0.1032,Calculado
2026-06-08,LFT,2026-06-08,210100,2000-07-01,2031-12-01,0.0943,0.0906,0.0927,19064.346081,0.00019808606715,0.0786,0.1022,0.078,0.103,Calculado
2026-06-08,LFT,2026-06-08,210100,2000-07-01,2032-03-01,0.0978,0.0951,0.0963,19056.16437,0.00032719842604,0.0829,0.1062,0.0825,0.1069,Calculado
2026-06-08,LFT,2026-06-08,210100,2000-07-01,2032-06-01,0.1074,0.106,0.1065,19040.050038,0.00009376139931,0.0811,0.1162,0.0804,0.1172,Calculado
2026-06-08,NTN-B,2026-06-08,760199,2000-07-15,2026-08-15,10.8733,10.8065,10.8473,4763.466684,0.00666819835263,10.0623,11.8093,10.153,11.9146,Calculado
2026-06-08,NTN-B,2026-06-08,760199,2000-07-15,2027-05-15,8.3626,8.338,8.35,4646.181418,0,8.0034,8.6721,8.0837,8.7553,Calculado
2026-06-08,NTN-B,2026-06-08,760199,2000-07-15,2028-08-15,8.6903,8.6578,8.6718,4571.806778,0.03231340038049,8.1952,8.8914,8.3287,9.025,Calculado
2026-06-08,NTN-B,2026-06-08,760199,2000-07-15,2029-05-15,8.654,8.6212,8.64,4440.062137,0.00114113881715,8.1762,8.8597,8.2925,8.9764,Calculado
2026-06-08,NTN-B,2026-06-08,760199,2000-07-15,2030-08-15,8.6913,8.6633,8.6772,4394.889578,0.00791565657668,8.2525,8.8558,8.3559,8.9594,Calculado
2026-06-08,NTN-B,2026-06-08,760199,2000-07-15,2031-05-15,8.5828,8.5514,8.5703,4285.362885,0.00507775794224,8.1787,8.7462,8.269,8.8367,Calculado
2026-06-08,NTN-B,2026-06-08,760199,2000-07-15,2032-08-15,8.4496,8.4167,8.4321,4287.955373,0.00768084501276,8.0771,8.6114,8.1444,8.6789,Calculado
2026-06-08,NTN-B,2026-06-08,760199,2000-07-15,2033-05-15,8.4357,8.4073,8.4225,4174.650921,0.00688108582275,8.0771,8.5889,8.1495,8.6615,Calculado
2026-06-08,NTN-B,2026-06-08,760199,2000-07-15,2035-05-15,8.2016,8.1725,8.19,4124.080887,0,7.8837,8.3471,7.951,8.4146,Calculado
2026-06-08,NTN-B,2026-06-08,760199,2000-07-15,2037-05-15,8.034,8.0036,8.0161,4087.304399,0.00384798876558,7.7587,8.188,7.8025,8.232,Calculado
2026-06-08,NTN-B,2026-06-08,760199,2000-07-15,2040-08-15,7.9157,7.89,7.9051,4082.596366,0.00437527743463,7.6634,8.0547,7.7192,8.1107,Calculado
2026-06-08,NTN-B,2026-06-08,760199,2000-07-15,2045-05-15,7.789,7.7577,7.7776,3951.427833,0.00481484667773,7.5435,7.9132,7.6143,7.9844,Calculado
2026-06-08,NTN-B,2026-06-08,760199,2000-07-15,2050-08-15,7.7053,7.6703,7.6896,3975.681049,0.00239547575233,7.4701,7.8348,7.5324,7.8975,Calculado
2026-06-08,NTN-B,2026-06-08,760199,2000-07-15,2055-05-15,7.6616,7.6283,7.643,3878.507631,0.00377134277281,7.4367,7.8011,7.4865,7.8513,Calculado
2026-06-08,NTN-B,2026-06-08,760199,2000-07-15,2060-08-15,7.6519,7.6247,7.6375,3911.945524,0.00360284279146,7.4268,7.7916,7.4811,7.8464,Calculado
2026-06-08,NTN-F,2026-06-08,950199,2016-01-15,2027-01-01,14.3641,14.3273,14.347,1019.82967,0,14.0487,14.5676,14.1285,14.6446,Calculado
2026-06-08,NTN-F,2026-06-08,950199,2018-01-05,2029-01-01,14.9531,14.9331,14.9442,946.533533,0.00185430738283,14.276,15.2948,14.462,15.4807,Calculado
2026-06-08,NTN-F,2026-06-08,950199,2020-01-10,2031-01-01,14.9202,14.9084,14.9148,893.357566,0.00083126057287,14.3602,15.3385,14.4786,15.4571,Calculado
2026-06-08,NTN-F,2026-06-08,950199,2022-01-07,2033-01-01,14.8866,14.8746,14.8806,853.013008,0.00021640254157,14.3613,15.3377,14.4357,15.4127,Calculado
2026-06-08,NTN-F,2026-06-08,950199,2024-01-05,2035-01-01,14.8437,14.827,14.8362,824.304516,0.00187905552339,14.3379,15.3059,14.3917,15.3609,Calculado
2026-06-08,NTN-F,2026-06-08,950199,2026-01-09,2037-01-01,14.8335,14.8223,14.8278,801.309407,0.00074221448383,14.3622,15.3279,14.3848,15.3521,Calculado
2026-06-09,LTN,2026-06-09,100000,2023-01-06,2026-07-01,14.4238,14.4112,14.4154,991.486258,0.00202943957535,14.2788,14.5911,14.2766,14.5947,Calculado
2026-06-09,LTN,2026-06-09,100000,2024-07-05,2026-10-01,14.1321,14.0782,14.1189,958.437143,0.0375177423913,13.9322,14.2593,13.9651,14.2898,Calculado
2026-06-09,LTN,2026-06-09,100000,2025-01-10,2027-04-01,14.508,14.4829,14.4968,896.682493,0.00219399246352,14.1045,14.8055,14.1784,14.8778,Calculado
2026-06-09,LTN,2026-06-09,100000,2023-07-07,2027-07-01,14.7312,14.7205,14.7258,865.016516,0.00181765223296,14.2474,15.0767,14.3359,15.163,Calculado
2026-06-09,LTN,2026-06-09,100000,2025-07-04,2027-10-01,14.8766,14.8601,14.869,833.535396,0.00676948168917,14.3371,15.259,14.4272,15.348,Calculado
2026-06-09,LTN,2026-06-09,100000,2024-01-05,2028-01-01,14.8569,14.8447,14.8506,805.345269,0.00026447126498,14.3178,15.2902,14.3834,15.3553,Calculado
2026-06-09,LTN,2026-06-09,100000,2026-01-09,2028-04-01,14.9,14.8871,14.8925,777.430397,0,14.3506,15.346,14.4106,15.4057,Calculado
2026-06-09,LTN,2026-06-09,100000,2024-07-05,2028-07-01,14.9263,14.9137,14.9199,751.370655,0.00116726174871,14.3807,15.3836,14.431,15.4338,Calculado
2026-06-09,LTN,2026-06-09,100000,2022-02-11,2029-01-01,15.0033,14.9917,14.9982,700.458393,0.0011622184046,14.4683,15.5038,14.5084,15.5438,Calculado
2026-06-09,LTN,2026-06-09,100000,2025-07-04,2029-07-01,15.0209,15.0108,15.0169,653.587667,0.0005884301148,14.4853,15.5255,14.5284,15.5686,Calculado
2026-06-09,LTN,2026-06-09,100000,2024-01-05,2030-01-01,14.9965,14.9852,14.9916,610.241788,0.00102510958439,14.4671,15.4959,14.5156,15.5445,Calculado
2026-06-09,LTN,2026-06-09,100000,2025-01-10,2032-01-01,14.9061,14.8961,14.9015,463.504729,0.000240535091,14.4008,15.4042,14.4412,15.4446,Calculado
2026-06-09,NTN-C,2026-06-09,770100,2000-07-01,2031-01-01,8.285,8.0157,8.1649,7974.759763,0.10209436685528,7.536,8.5702,7.6133,8.6409,Calculado
2026-06-09,LFT,2026-06-09,210100,2000-07-01,2026-09-01,0.0069,0.0016,0.0047,19170.91898,0.00036035112044,-0.0447,0.0356,-0.0443,0.0353,Calculado
2026-06-09,LFT,2026-06-09,210100,2000-07-01,2027-03-01,0.0109,0.008,0.0096,19169.826224,0.00021901374386,-0.0187,0.0327,-0.0178,0.0323,Calculado
2026-06-09,LFT,2026-06-09,210100,2000-07-01,2027-09-01,0.0133,0.011,0.012,19168.311703,0,-0.0081,0.0386,-0.0072,0.038,Calculado
2026-06-09,LFT,2026-06-09,210100,2000-07-01,2028-03-01,0.02,0.0181,0.0192,19164.803383,0.00019285478993,-0.0007,0.0529,-0.0001,0.0523,Calculado
2026-06-09,LFT,2026-06-09,210100,2000-07-01,2028-09-01,0.032,0.03,0.031,19157.882598,0,0.0202,0.0496,0.0203,0.0493,Calculado
2026-06-09,LFT,2026-06-09,210100,2000-07-01,2029-03-01,0.0452,0.0435,0.0445,19148.06697,0.00009045335815,0.024,0.0593,0.0242,0.0587,Calculado
2026-06-09,LFT,2026-06-09,210100,2000-07-01,2029-09-01,0.0548,0.0532,0.054,19137.867919,0.00002672601729,0.0321,0.0664,0.032,0.066,Calculado
2026-06-09,LFT,2026-06-09,210100,2000-07-01,2030-03-01,0.0623,0.0603,0.0612,19127.764723,0.00032927350334,0.0423,0.0742,0.0419,0.074,Calculado
2026-06-09,LFT,2026-06-09,210100,2000-07-01,2030-06-01,0.0665,0.0635,0.065,19122.013379,0,0.0473,0.078,0.0469,0.0779,Calculado
2026-06-09,LFT,2026-06-09,210100,2000-07-01,2030-09-01,0.0707,0.0685,0.0696,19115.169278,0.00026710488577,0.0535,0.0802,0.0531,0.0802,Calculado
2026-06-09,LFT,2026-06-09,210100,2000-07-01,2030-12-01,0.0712,0.0679,0.0696,19111.85267,0.00028075526709,0.0558,0.0869,0.0557,0.0867,Calculado
2026-06-09,LFT,2026-06-09,210100,2000-07-01,2031-03-01,0.0758,0.0731,0.0743,19104.414264,0.00033560627229,0.0611,0.0913,0.061,0.0913,Calculado
2026-06-09,LFT,2026-06-09,210100,2000-07-01,2031-06-01,0.0796,0.0771,0.0782,19097.244254,0.0001988269348,0.0655,0.0963,0.0653,0.0966,Calculado
2026-06-09,LFT,2026-06-09,210100,2000-07-01,2031-09-01,0.0818,0.0793,0.0806,19091.071144,0.00021143762674,0.0684,0.1032,0.0682,0.1037,Calculado
2026-06-09,LFT,2026-06-09,210100,2000-07-01,2031-12-01,0.0942,0.0907,0.0926,19074.698983,0.00026429704879,0.078,0.103,0.0786,0.103,Calculado
2026-06-09,LFT,2026-06-09,210100,2000-07-01,2032-03-01,0.098,0.091,0.0963,19066.417046,0.00036991651761,0.0825,0.1069,0.0833,0.1069,Calculado
2026-06-09,LFT,2026-06-09,210100,2000-07-01,2032-06-01,0.1085,0.1074,0.1079,19048.722076,0.00006551076247,0.0804,0.1172,0.0801,0.1187,Calculado
2026-06-09,NTN-B,2026-06-09,760199,2000-07-15,2026-08-15,11.0511,11.023,11.0389,4764.999538,0.01427475293727,10.153,11.9146,10.3401,12.1166,Calculado
2026-06-09,NTN-B,2026-06-09,760199,2000-07-15,2027-05-15,8.3883,8.3618,8.3742,4647.869232,0.00678304969391,8.0837,8.7553,8.1087,8.7831,Calculado
2026-06-09,NTN-B,2026-06-09,760199,2000-07-15,2028-08-15,8.7218,8.699,8.71,4571.185204,0,8.3287,9.025,8.367,9.0633,Calculado
2026-06-09,NTN-B,2026-06-09,760199,2000-07-15,2029-05-15,8.6843,8.6571,8.6753,4438.741709,0.00345359999566,8.2925,8.9764,8.3277,9.0121,Calculado
2026-06-09,NTN-B,2026-06-09,760199,2000-07-15,2030-08-15,8.7028,8.6851,8.6954,4394.752897,0.0054089872296,8.3559,8.9594,8.374,8.9777,Calculado
2026-06-09,NTN-B,2026-06-09,760199,2000-07-15,2031-05-15,8.5989,8.5775,8.5891,4284.665146,0.00535003415783,8.269,8.8367,8.2877,8.8556,Calculado
2026-06-09,NTN-B,2026-06-09,760199,2000-07-15,2032-08-15,8.4665,8.442,8.4539,4286.030202,0.00400630455407,8.1444,8.6789,8.1661,8.7008,Calculado
2026-06-09,NTN-B,2026-06-09,760199,2000-07-15,2033-05-15,8.4413,8.4187,8.4308,4175.229222,0.00206817623282,8.1495,8.6615,8.1578,8.6699,Calculado
2026-06-09,NTN-B,2026-06-09,760199,2000-07-15,2035-05-15,8.2203,8.1971,8.2097,4121.269361,0.00083026395201,7.951,8.4146,7.9706,8.4343,Calculado
2026-06-09,NTN-B,2026-06-09,760199,2000-07-15,2037-05-15,8.0467,8.0065,8.0261,4086.59505,0.00761143703055,7.8025,8.232,7.8125,8.242,Calculado
2026-06-09,NTN-B,2026-06-09,760199,2000-07-15,2040-08-15,7.9124,7.8838,7.8973,4087.544448,0.00429969219015,7.7192,8.1107,7.7113,8.103,Calculado
2026-06-09,NTN-B,2026-06-09,760199,2000-07-15,2045-05-15,7.7744,7.7512,7.7606,3960.325008,0.00169016764257,7.6143,7.9844,7.5973,7.9676,Calculado
2026-06-09,NTN-B,2026-06-09,760199,2000-07-15,2050-08-15,7.695,7.6667,7.6813,3981.433781,0.00321366058724,7.5324,7.8975,7.524,7.8894,Calculado
2026-06-09,NTN-B,2026-06-09,760199,2000-07-15,2055-05-15,7.64,7.6028,7.6224,3889.993923,0.00404917687067,7.4865,7.8513,7.4657,7.8309,Calculado
2026-06-09,NTN-B,2026-06-09,760199,2000-07-15,2060-08-15,7.634,7.6036,7.6201,3922.212078,0.00801395563002,7.4811,7.8464,7.4635,7.8292,Calculado
2026-06-09,NTN-F,2026-06-09,950199,2016-01-15,2027-01-01,14.4056,14.3629,14.3849,1020.188594,0.00017021853601,14.1285,14.6446,14.1674,14.6806,Calculado
2026-06-09,NTN-F,2026-06-09,950199,2018-01-05,2029-01-01,14.996,14.9683,14.984,946.335746,0.00250920364459,14.462,15.4807,14.5018,15.5205,Calculado
2026-06-09,NTN-F,2026-06-09,950199,2020-01-10,2031-01-01,14.9569,14.9456,14.9515,892.847143,0,14.4786,15.4571,14.5151,15.4939,Calculado
2026-06-09,NTN-F,2026-06-09,950199,2022-01-07,2033-01-01,14.9125,14.901,14.907,852.593108,0,14.4357,15.4127,14.462,15.4393,Calculado
2026-06-09,NTN-F,2026-06-09,950199,2024-01-05,2035-01-01,14.8592,14.8441,14.85,824.231675,0.00006030215585,14.3917,15.3609,14.4054,15.3749,Calculado
2026-06-09,NTN-F,2026-06-09,950199,2026-01-09,2037-01-01,14.843,14.8277,14.8348,801.462431,0.00098851740501,14.3848,15.3521,14.3917,15.3594,Calculado
2026-06-11,LTN,2026-06-11,100000,2023-01-06,2026-07-01,14.3914,14.3613,14.3736,992.566648,0.00931368859851,14.2365,14.6046,14.2321,14.5625,Calculado
2026-06-11,LTN,2026-06-11,100000,2024-07-05,2026-10-01,14.0287,13.9854,14.0101,959.729223,0.0101492836363,13.8596,14.277,13.8579,14.1778,Calculado
2026-06-11,LTN,2026-06-11,100000,2025-01-10,2027-04-01,14.2784,14.2418,14.262,899.117403,0.00841586775443,13.9471,14.8689,13.9472,14.6434,Calculado
2026-06-11,LTN,2026-06-11,100000,2023-07-07,2027-07-01,14.4527,14.4392,14.4462,868.176609,0.00103557630815,14.0593,15.1469,14.0596,14.8825,Calculado
2026-06-11,LTN,2026-06-11,100000,2025-07-04,2027-10-01,14.5498,14.538,14.544,837.545341,0,14.1039,15.336,14.1036,15.0224,Calculado
2026-06-11,LTN,2026-06-11,100000,2024-01-05,2028-01-01,14.4919,14.4759,14.4828,810.263524,0.00222373559355,14.0169,15.333,14.0165,14.9873,Calculado
2026-06-11,LTN,2026-06-11,100000,2026-01-09,2028-04-01,14.5041,14.4912,14.4977,783.139588,0.00044679412485,14.0167,15.3857,14.0163,15.011,Calculado
2026-06-11,LTN,2026-06-11,100000,2024-07-05,2028-07-01,14.5181,14.5043,14.5114,757.705136,0.00080950087091,14.0231,15.4192,14.0227,15.0254,Calculado
2026-06-11,LTN,2026-06-11,100000,2022-02-11,2029-01-01,14.601,14.5887,14.5951,707.51723,0.00154860812345,14.1056,15.5475,14.1054,15.1406,Calculado
2026-06-11,LTN,2026-06-11,100000,2025-07-04,2029-07-01,14.6238,14.612,14.618,661.242074,0,14.1295,15.5768,14.1293,15.1697,Calculado
2026-06-11,LTN,2026-06-11,100000,2024-01-05,2030-01-01,14.6096,14.5988,14.6039,618.240828,0.00069841088909,14.1277,15.5533,14.1276,15.1568,Calculado
2026-06-11,LTN,2026-06-11,100000,2025-01-10,2032-01-01,14.5589,14.5483,14.5544,471.841376,0.00077319871314,14.0939,15.4694,14.0941,15.0974,Calculado
2026-06-11,NTN-C,2026-06-11,770100,2000-07-01,2031-01-01,8.2704,7.9774,8.0788,8005.312543,0.17819797043362,7.6357,8.6695,7.5421,8.8356,Calculado
2026-06-11,LFT,2026-06-11,210100,2000-07-01,2026-09-01,0.004,0.0001,0.0023,19191.514138,0.00182232428234,-0.045,0.0345,-0.0453,0.032,Calculado
2026-06-11,LFT,2026-06-11,210100,2000-07-01,2027-03-01,0.0109,0.0088,0.0098,19190.285873,0.00015218984854,-0.0178,0.0318,-0.018,0.0315,Calculado
2026-06-11,LFT,2026-06-11,210100,2000-07-01,2027-09-01,0.014,0.0117,0.0124,19188.71216,0.00064137635597,-0.0056,0.0372,-0.0056,0.0369,Calculado
2026-06-11,LFT,2026-06-11,210100,2000-07-01,2028-03-01,0.021,0.0191,0.0199,19185.06575,0.00010163493494,0.0017,0.0517,0.0016,0.0517,Calculado
2026-06-11,LFT,2026-06-11,210100,2000-07-01,2028-09-01,0.0327,0.0303,0.0313,19178.271914,0.00022124050262,0.0205,0.0494,0.0207,0.0501,Calculado
2026-06-11,LFT,2026-06-11,210100,2000-07-01,2029-03-01,0.0453,0.0433,0.0442,19168.752865,0.00018934006443,0.0255,0.0584,0.0254,0.0584,Calculado
2026-06-11,LFT,2026-06-11,210100,2000-07-01,2029-09-01,0.0559,0.053,0.0542,19158.255044,0.00032344866672,0.0318,0.0659,0.0324,0.0661,Calculado
2026-06-11,LFT,2026-06-11,210100,2000-07-01,2030-03-01,0.0626,0.0602,0.0617,19147.929948,0.00034713109915,0.0416,0.0743,0.0417,0.0744,Calculado
2026-06-11,LFT,2026-06-11,210100,2000-07-01,2030-06-01,0.0665,0.064,0.0651,19142.460333,0.00021325144783,0.0468,0.0779,0.047,0.078,Calculado
2026-06-11,LFT,2026-06-11,210100,2000-07-01,2030-09-01,0.071,0.0683,0.0696,19135.685688,0.00026331221012,0.0535,0.0799,0.0537,0.0795,Calculado
2026-06-11,LFT,2026-06-11,210100,2000-07-01,2030-12-01,0.0716,0.0681,0.0699,19132.116045,0.00027529887395,0.0563,0.0866,0.0566,0.0857,Calculado
2026-06-11,LFT,2026-06-11,210100,2000-07-01,2031-03-01,0.076,0.0733,0.0743,19124.938376,0.00018786726697,0.0617,0.0911,0.0616,0.0905,Calculado
2026-06-11,LFT,2026-06-11,210100,2000-07-01,2031-06-01,0.0798,0.0768,0.0783,19117.664748,0.00019808291193,0.0661,0.0965,0.066,0.0958,Calculado
2026-06-11,LFT,2026-06-11,210100,2000-07-01,2031-09-01,0.0822,0.0793,0.0807,19111.485044,0.00026003661281,0.0687,0.1036,0.0689,0.103,Calculado
2026-06-11,LFT,2026-06-11,210100,2000-07-01,2031-12-01,0.0941,0.091,0.0927,19095.114584,0.00026852420747,0.0793,0.1029,0.0794,0.1024,Calculado
2026-06-11,LFT,2026-06-11,210100,2000-07-01,2032-03-01,0.0978,0.0949,0.0963,19086.93895,0.00033000719689,0.0843,0.1068,0.0842,0.1064,Calculado
2026-06-11,LFT,2026-06-11,210100,2000-07-01,2032-06-01,0.1087,0.1072,0.108,19069.109926,0,0.0813,0.1186,0.0813,0.1182,Calculado
2026-06-11,NTN-B,2026-06-11,760199,2000-07-15,2026-08-15,10.6855,10.6373,10.65,4774.465295,0,9.9255,12.3258,9.9368,11.7431,Calculado
2026-06-11,NTN-B,2026-06-11,760199,2000-07-15,2027-05-15,8.292,8.2639,8.2765,4656.964656,0.00340517812897,8.0077,8.8002,8.0117,8.692,Calculado
2026-06-11,NTN-B,2026-06-11,760199,2000-07-15,2028-08-15,8.5421,8.5113,8.5262,4592.222107,0.00423949527067,8.1839,9.0836,8.1837,8.8802,Calculado
2026-06-11,NTN-B,2026-06-11,760199,2000-07-15,2029-05-15,8.3984,8.3667,8.3845,4476.021045,0.01344380640778,8.0372,8.9872,8.0371,8.7222,Calculado
2026-06-11,NTN-B,2026-06-11,760199,2000-07-15,2030-08-15,8.395,8.3563,8.3764,4447.189345,0.01188802333485,8.0548,8.9182,8.0549,8.659,Calculado
2026-06-11,NTN-B,2026-06-11,760199,2000-07-15,2031-05-15,8.3012,8.2525,8.2745,4342.92076,0.00610425300508,7.9727,8.8031,7.973,8.5412,Calculado
2026-06-11,NTN-B,2026-06-11,760199,2000-07-15,2032-08-15,8.1821,8.1485,8.1748,4347.353498,0.00315995159931,7.8865,8.657,7.8868,8.4218,Calculado
2026-06-11,NTN-B,2026-06-11,760199,2000-07-15,2033-05-15,8.1188,8.0902,8.109,4250.669716,0.02166947635546,7.8353,8.6136,7.8358,8.3481,Calculado
2026-06-11,NTN-B,2026-06-11,760199,2000-07-15,2035-05-15,7.9281,7.8888,7.9118,4204.414236,0.00663096568156,7.6484,8.3855,7.6487,8.1364,Calculado
2026-06-11,NTN-B,2026-06-11,760199,2000-07-15,2037-05-15,7.7168,7.6786,7.6979,4190.539482,0.01278569614687,7.4438,8.1853,7.444,7.9137,Calculado
2026-06-11,NTN-B,2026-06-11,760199,2000-07-15,2040-08-15,7.5811,7.5521,7.5668,4208.577607,0.00422709306498,7.3236,8.041,7.3237,7.7726,Calculado
2026-06-11,NTN-B,2026-06-11,760199,2000-07-15,2045-05-15,7.4823,7.4546,7.4686,4083.06685,0.00214153781428,7.2343,7.9059,7.2344,7.6756,Calculado
2026-06-11,NTN-B,2026-06-11,760199,2000-07-15,2050-08-15,7.392,7.3545,7.3703,4124.421745,0.00751751202194,7.1408,7.8061,7.1409,7.578,Calculado
2026-06-11,NTN-B,2026-06-11,760199,2000-07-15,2055-05-15,7.3343,7.2865,7.3105,4041.116514,0.00731647757804,7.0833,7.7374,7.0833,7.5185,Calculado
2026-06-11,NTN-B,2026-06-11,760199,2000-07-15,2060-08-15,7.3338,7.2846,7.3069,4078.558501,0.00663377981395,7.0807,7.7388,7.0807,7.5154,Calculado
2026-06-11,NTN-F,2026-06-11,950199,2016-01-15,2027-01-01,14.2244,14.1863,14.206,1022.13395,0,13.9922,14.6491,13.9921,14.4995,Calculado
2026-06-11,NTN-F,2026-06-11,950199,2018-01-05,2029-01-01,14.5868,14.5614,14.5744,954.828311,0.00232902087367,14.0921,15.5186,14.092,15.111,Calculado
2026-06-11,NTN-F,2026-06-11,950199,2020-01-10,2031-01-01,14.6131,14.6012,14.607,903.30857,0.0001133893293,14.1702,15.5258,14.1701,15.1495,Calculado
2026-06-11,NTN-F,2026-06-11,950199,2022-01-07,2033-01-01,14.5876,14.5751,14.5817,864.585546,0.00052000899031,14.1363,15.4649,14.1365,15.114,Calculado
2026-06-11,NTN-F,2026-06-11,950199,2024-01-05,2035-01-01,14.5223,14.5047,14.513,838.114064,0.00101470438552,14.0682,15.3866,14.0683,15.038,Calculado
2026-06-11,NTN-F,2026-06-11,950199,2026-01-09,2037-01-01,14.4989,14.4858,14.4917,816.590332,0.00136122781708,14.0485,15.3527,14.0485,15.0163,Calculado
2026-06-10,LTN,2026-06-10,100000,2023-01-06,2026-07-01,14.4296,14.4097,14.4211,992.013295,0.00482616650252,14.2766,14.5947,14.2805,14.6046,Calculado
2026-06-10,LTN,2026-06-10,100000,2024-07-05,2026-10-01,14.1278,14.0816,14.1082,958.968127,0.01337425944791,13.9651,14.2898,13.9547,14.277,Calculado
2026-06-10,LTN,2026-06-10,100000,2025-01-10,2027-04-01,14.4969,14.4757,14.4881,897.218977,0.00472750311581,14.1784,14.8778,14.1711,14.8689,Calculado
2026-06-10,LTN,2026-06-10,100000,2023-07-07,2027-07-01,14.717,14.705,14.7105,865.609592,0.00156197402027,14.3359,15.163,14.3219,15.1469,Calculado
2026-06-10,LTN,2026-06-10,100000,2025-07-04,2027-10-01,14.865,14.8487,14.8576,834.10244,0.00240315581892,14.4272,15.348,14.4162,15.336,Calculado
2026-06-10,LTN,2026-06-10,100000,2024-01-05,2028-01-01,14.836,14.8208,14.8287,806.027568,0.0033617436443,14.3834,15.3553,14.3617,15.333,Calculado
2026-06-10,LTN,2026-06-10,100000,2026-01-09,2028-04-01,14.8807,14.8668,14.8727,778.101431,0.00147212188694,14.4106,15.4057,14.3908,15.3857,Calculado
2026-06-10,LTN,2026-06-10,100000,2024-07-05,2028-07-01,14.9128,14.8991,14.9054,751.980054,0.00221266914608,14.431,15.4338,14.4164,15.4192,Calculado
2026-06-10,LTN,2026-06-10,100000,2022-02-11,2029-01-01,15.0081,14.996,15.002,700.788035,0,14.5084,15.5438,14.5122,15.5475,Calculado
2026-06-10,LTN,2026-06-10,100000,2025-07-04,2029-07-01,15.0307,15.0194,15.0251,653.809123,0.00065850263477,14.5284,15.5686,14.5365,15.5768,Calculado
2026-06-10,LTN,2026-06-10,100000,2024-01-05,2030-01-01,15.007,14.9948,15.0004,610.415156,0.00095401407222,14.5156,15.5445,14.5242,15.5533,Calculado
2026-06-10,LTN,2026-06-10,100000,2025-01-10,2032-01-01,14.9313,14.9201,14.9263,463.206969,0.00054238749986,14.4412,15.4446,14.466,15.4694,Calculado
2026-06-10,NTN-C,2026-06-10,770100,2000-07-01,2031-01-01,8.2627,8.005,8.1125,7992.479322,0.10756263010725,7.6133,8.6409,7.6357,8.6695,Calculado
2026-06-10,LFT,2026-06-10,210100,2000-07-01,2026-09-01,0.0052,0.0014,0.0044,19181.175431,0.00038748812885,-0.0443,0.0353,-0.044,0.0345,Calculado
2026-06-10,LFT,2026-06-10,210100,2000-07-01,2027-03-01,0.0108,0.0083,0.0097,19180.043729,0.00018073920438,-0.0178,0.0323,-0.0174,0.0318,Calculado
2026-06-10,LFT,2026-06-10,210100,2000-07-01,2027-09-01,0.0135,0.0112,0.0121,19178.5284,0.00032805341029,-0.0072,0.038,-0.0064,0.0372,Calculado
2026-06-10,LFT,2026-06-10,210100,2000-07-01,2028-03-01,0.0206,0.0184,0.0194,19174.979843,0.00025976177548,-0.0001,0.0523,0.0007,0.0517,Calculado
2026-06-10,LFT,2026-06-10,210100,2000-07-01,2028-09-01,0.0324,0.03,0.031,19168.15127,0.00002425345336,0.0203,0.0493,0.0204,0.0494,Calculado
2026-06-10,LFT,2026-06-10,210100,2000-07-01,2029-03-01,0.0451,0.0432,0.0443,19158.426307,0.00022557114177,0.0242,0.0587,0.0246,0.0584,Calculado
2026-06-10,LFT,2026-06-10,210100,2000-07-01,2029-09-01,0.055,0.0529,0.054,19148.125902,0,0.032,0.066,0.0322,0.0659,Calculado
2026-06-10,LFT,2026-06-10,210100,2000-07-01,2030-03-01,0.0628,0.061,0.0616,19137.748772,0.00055087493136,0.0419,0.074,0.0416,0.0743,Calculado
2026-06-10,LFT,2026-06-10,210100,2000-07-01,2030-06-01,0.0659,0.0638,0.065,19132.282077,0.00020672890461,0.0469,0.0779,0.047,0.0779,Calculado
2026-06-10,LFT,2026-06-10,210100,2000-07-01,2030-09-01,0.0702,0.0681,0.0695,19125.511048,0.00042599512908,0.0531,0.0802,0.0533,0.0799,Calculado
2026-06-10,LFT,2026-06-10,210100,2000-07-01,2030-12-01,0.0712,0.0679,0.0696,19122.096761,0.00027412196191,0.0557,0.0867,0.0558,0.0866,Calculado
2026-06-10,LFT,2026-06-10,210100,2000-07-01,2031-03-01,0.0758,0.0731,0.0743,19114.673565,0.0002109502074,0.061,0.0913,0.0611,0.0911,Calculado
2026-06-10,LFT,2026-06-10,210100,2000-07-01,2031-06-01,0.0796,0.0766,0.0782,19107.499726,0.00025326438755,0.0653,0.0966,0.0654,0.0965,Calculado
2026-06-10,LFT,2026-06-10,210100,2000-07-01,2031-09-01,0.082,0.079,0.0806,19101.32332,0.00026520429861,0.0682,0.1037,0.0683,0.1036,Calculado
2026-06-10,LFT,2026-06-10,210100,2000-07-01,2031-12-01,0.0942,0.0909,0.0926,19084.961597,0.0002712835417,0.0786,0.103,0.0788,0.1029,Calculado
2026-06-10,LFT,2026-06-10,210100,2000-07-01,2032-03-01,0.0976,0.0952,0.0963,19076.675238,0.00022163663957,0.0833,0.1069,0.0835,0.1068,Calculado
2026-06-10,LFT,2026-06-10,210100,2000-07-01,2032-06-01,0.1086,0.1071,0.1079,19058.970818,0,0.0801,0.1187,0.0803,0.1186,Calculado
2026-06-10,NTN-B,2026-06-10,760199,2000-07-15,2026-08-15,11.2594,11.1969,11.2382,4766.542309,0.01942001299588,10.3401,12.1166,10.5344,12.3258,Calculado
2026-06-10,NTN-B,2026-06-10,760199,2000-07-15,2027-05-15,8.3998,8.3726,8.3875,4649.992258,0.00349955483598,8.1087,8.7831,8.1228,8.8002,Calculado
2026-06-10,NTN-B,2026-06-10,760199,2000-07-15,2028-08-15,8.7432,8.7182,8.73,4572.131588,0,8.367,9.0633,8.3872,9.0836,Calculado
2026-06-10,NTN-B,2026-06-10,760199,2000-07-15,2029-05-15,8.6598,8.6331,8.65,4444.100867,0.01611166451146,8.3277,9.0121,8.3024,8.9872,Calculado
2026-06-10,NTN-B,2026-06-10,760199,2000-07-15,2030-08-15,8.6497,8.6265,8.6357,4406.110719,0.0066235004016,8.374,8.9777,8.3142,8.9182,Calculado
2026-06-10,NTN-B,2026-06-10,760199,2000-07-15,2031-05-15,8.5505,8.5253,8.5365,4295.990786,0.00355072091835,8.2877,8.8556,8.235,8.8031,Calculado
2026-06-10,NTN-B,2026-06-10,760199,2000-07-15,2032-08-15,8.4241,8.3952,8.41,4297.290039,0,8.1661,8.7008,8.1221,8.657,Calculado
2026-06-10,NTN-B,2026-06-10,760199,2000-07-15,2033-05-15,8.3888,8.3628,8.3745,4189.867828,0.0063818668977,8.1578,8.6699,8.1014,8.6136,Calculado
2026-06-10,NTN-B,2026-06-10,760199,2000-07-15,2035-05-15,8.1709,8.1485,8.1608,4136.338617,0.00188161531137,7.9706,8.4343,7.9216,8.3855,Calculado
2026-06-10,NTN-B,2026-06-10,760199,2000-07-15,2037-05-15,7.9823,7.9534,7.9693,4105.836889,0.00127744593623,7.8125,8.242,7.7557,8.1853,Calculado
2026-06-10,NTN-B,2026-06-10,760199,2000-07-15,2040-08-15,7.8482,7.8197,7.8352,4111.336271,0.01668212616305,7.7113,8.103,7.6493,8.041,Calculado
2026-06-10,NTN-B,2026-06-10,760199,2000-07-15,2045-05-15,7.7162,7.6856,7.6988,3987.113542,0.01188078962191,7.5973,7.9676,7.5357,7.9059,Calculado
2026-06-10,NTN-B,2026-06-10,760199,2000-07-15,2050-08-15,7.6136,7.592,7.5979,4020.034242,0.01229288059854,7.524,7.8894,7.4405,7.8061,Calculado
2026-06-10,NTN-B,2026-06-10,760199,2000-07-15,2055-05-15,7.5471,7.5174,7.5288,3935.237926,0.0082729413409,7.4657,7.8309,7.372,7.7374,Calculado
2026-06-10,NTN-B,2026-06-10,760199,2000-07-15,2060-08-15,7.5492,7.5138,7.5296,3967.237338,0.00662165540707,7.4635,7.8292,7.3729,7.7388,Calculado
2026-06-10,NTN-F,2026-06-10,950199,2016-01-15,2027-01-01,14.3735,14.3359,14.355,1020.876836,0,14.1674,14.6806,14.1388,14.6491,Calculado
2026-06-10,NTN-F,2026-06-10,950199,2018-01-05,2029-01-01,14.9929,14.9704,14.9822,946.892769,0.00281262327019,14.5018,15.5205,14.4999,15.5186,Calculado
2026-06-10,NTN-F,2026-06-10,950199,2020-01-10,2031-01-01,14.9896,14.9774,14.9834,892.470652,0.00024865648996,14.5151,15.4939,14.5469,15.5258,Calculado
2026-06-10,NTN-F,2026-06-10,950199,2022-01-07,2033-01-01,14.939,14.9277,14.9326,852.202311,0.00068281312231,14.462,15.4393,14.4877,15.4649,Calculado
2026-06-10,NTN-F,2026-06-10,950199,2024-01-05,2035-01-01,14.8694,14.8551,14.8618,824.235841,0.00208170030984,14.4054,15.3749,14.4172,15.3866,Calculado
2026-06-10,NTN-F,2026-06-10,950199,2026-01-09,2037-01-01,14.835,14.8212,14.8281,802.176899,0.00041806723144,14.3917,15.3594,14.3849,15.3527,Calculado
2026-06-12,LTN,2026-06-12,100000,2023-01-06,2026-07-01,14.3812,14.3519,14.3671,993.098676,0.00641938699644,14.2321,14.5625,14.222,14.5595,Calculado
2026-06-12,LTN,2026-06-12,100000,2024-07-05,2026-10-01,14.0503,14.0003,14.0336,960.167451,0.01028460824047,13.8579,14.1778,13.8811,14.1986,Calculado
2026-06-12,LTN,2026-06-12,100000,2025-01-10,2027-04-01,14.2666,14.2392,14.2536,899.64571,0.0060604006361,13.9472,14.6434,13.9405,14.635,Calculado
2026-06-12,LTN,2026-06-12,100000,2023-07-07,2027-07-01,14.4205,14.4072,14.4128,868.906252,0.00177124014747,14.0596,14.8825,14.0279,14.8486,Calculado
2026-06-12,LTN,2026-06-12,100000,2025-07-04,2027-10-01,14.5023,14.4891,14.4943,838.470265,0.00139989795342,14.1036,15.0224,14.0548,14.9725,Calculado
2026-06-12,LTN,2026-06-12,100000,2024-01-05,2028-01-01,14.4442,14.4307,14.4372,811.19981,0.00189061147516,14.0165,14.9873,13.9715,14.9416,Calculado
2026-06-12,LTN,2026-06-12,100000,2026-01-09,2028-04-01,14.4467,14.433,14.4393,784.280968,0.00169767347567,14.0163,15.011,13.9583,14.9527,Calculado
2026-06-12,LTN,2026-06-12,100000,2024-07-05,2028-07-01,14.4428,14.4303,14.4369,759.121644,0.0001154700394,14.0227,15.0254,13.9485,14.9512,Calculado
2026-06-12,LTN,2026-06-12,100000,2022-02-11,2029-01-01,14.4922,14.4803,14.4865,709.603806,0,14.1054,15.1406,13.997,15.032,Calculado
2026-06-12,LTN,2026-06-12,100000,2025-07-04,2029-07-01,14.5045,14.4925,14.4981,663.700086,0.00100750857068,14.1293,15.1697,14.0095,15.0498,Calculado
2026-06-12,LTN,2026-06-12,100000,2024-01-05,2030-01-01,14.4787,14.4681,14.4732,621.067649,0.00067964090518,14.1276,15.1568,13.9968,15.0261,Calculado
2026-06-12,LTN,2026-06-12,100000,2025-01-10,2032-01-01,14.4445,14.4323,14.4379,474.756742,0.0008444890467,14.0941,15.0974,13.9776,14.9808,Calculado
2026-06-12,NTN-C,2026-06-12,770100,2000-07-01,2031-01-01,8.3334,8.0349,8.0971,8004.811984,0.07245817874236,7.5421,8.8356,7.5849,8.6155,Calculado
2026-06-12,LFT,2026-06-12,210100,2000-07-01,2026-09-01,0.0016,-0.0034,0.0006,19201.839214,0.00172517877914,-0.0453,0.032,-0.0468,0.0303,Calculado
2026-06-12,LFT,2026-06-12,210100,2000-07-01,2027-03-01,0.0104,0.0091,0.0097,19200.552688,0.0003662207531,-0.018,0.0315,-0.018,0.0314,Calculado
2026-06-12,LFT,2026-06-12,210100,2000-07-01,2027-09-01,0.0152,0.0128,0.0139,19198.613298,0.00069287337949,-0.0056,0.0369,-0.004,0.0364,Calculado
2026-06-12,LFT,2026-06-12,210100,2000-07-01,2028-03-01,0.022,0.0196,0.0203,19195.195364,0.00056894006714,0.0016,0.0517,0.0021,0.0527,Calculado
2026-06-12,LFT,2026-06-12,210100,2000-07-01,2028-09-01,0.0327,0.0304,0.0316,19188.417101,0.00036817869303,0.0207,0.0501,0.0209,0.0512,Calculado
2026-06-12,LFT,2026-06-12,210100,2000-07-01,2029-03-01,0.0456,0.043,0.0443,19178.969778,0.00032564664899,0.0254,0.0584,0.0261,0.0586,Calculado
2026-06-12,LFT,2026-06-12,210100,2000-07-01,2029-09-01,0.0557,0.053,0.0542,19168.543158,0.00020524173552,0.0324,0.0661,0.0326,0.0662,Calculado
2026-06-12,LFT,2026-06-12,210100,2000-07-01,2030-03-01,0.0631,0.0608,0.0617,19158.212548,0.00016391497796,0.0417,0.0744,0.0416,0.0745,Calculado
2026-06-12,LFT,2026-06-12,210100,2000-07-01,2030-06-01,0.0665,0.064,0.0651,19152.740013,0.00018221580612,0.047,0.078,0.0467,0.0781,Calculado
2026-06-12,LFT,2026-06-12,210100,2000-07-01,2030-09-01,0.0706,0.0684,0.0697,19145.884942,0.00016846643583,0.0537,0.0795,0.0534,0.0796,Calculado
2026-06-12,LFT,2026-06-12,210100,2000-07-01,2030-12-01,0.0709,0.0682,0.0699,19142.390201,0.00005188728168,0.0566,0.0857,0.0566,0.0854,Calculado
2026-06-12,LFT,2026-06-12,210100,2000-07-01,2031-03-01,0.0759,0.0732,0.0743,19135.208698,0.00019402847729,0.0616,0.0905,0.0616,0.0902,Calculado
2026-06-12,LFT,2026-06-12,210100,2000-07-01,2031-06-01,0.0798,0.0771,0.0783,19127.931187,0.00018727925673,0.066,0.0958,0.066,0.0956,Calculado
2026-06-12,LFT,2026-06-12,210100,2000-07-01,2031-09-01,0.0823,0.0793,0.0808,19121.652173,0.00015339295942,0.0689,0.103,0.069,0.1028,Calculado
2026-06-12,LFT,2026-06-12,210100,2000-07-01,2031-12-01,0.0932,0.0912,0.0926,19105.484192,0.00035566837082,0.0794,0.1024,0.0795,0.1023,Calculado
2026-06-12,LFT,2026-06-12,210100,2000-07-01,2032-03-01,0.0978,0.0949,0.0963,19097.208183,0.00020898913847,0.0842,0.1064,0.0842,0.1067,Calculado
2026-06-12,LFT,2026-06-12,210100,2000-07-01,2032-06-01,0.109,0.1074,0.1081,19079.273629,0.00017510499707,0.0813,0.1182,0.0817,0.1183,Calculado
2026-06-12,NTN-B,2026-06-12,760199,2000-07-15,2026-08-15,11.0342,10.9779,11.0015,4778.422289,0.02231358872571,9.9368,11.7431,10.2843,12.1058,Calculado
2026-06-12,NTN-B,2026-06-12,760199,2000-07-15,2027-05-15,8.2787,8.24,8.2572,4663.868785,0.01040573018918,8.0117,8.692,7.9935,8.6768,Calculado
2026-06-12,NTN-B,2026-06-12,760199,2000-07-15,2028-08-15,8.5014,8.4782,8.4885,4601.572986,0.01606156984731,8.1837,8.8802,8.146,8.8427,Calculado
2026-06-12,NTN-B,2026-06-12,760199,2000-07-15,2029-05-15,8.3714,8.3414,8.3561,4485.108365,0.00535889570247,8.0371,8.7222,8.0087,8.6942,Calculado
2026-06-12,NTN-B,2026-06-12,760199,2000-07-15,2030-08-15,8.3655,8.3398,8.3538,4456.465259,0.00645202072377,8.0549,8.659,8.0322,8.6366,Calculado
2026-06-12,NTN-B,2026-06-12,760199,2000-07-15,2031-05-15,8.2605,8.234,8.2471,4353.350076,0.00494708845686,7.973,8.5412,7.9454,8.5139,Calculado
2026-06-12,NTN-B,2026-06-12,760199,2000-07-15,2032-08-15,8.1519,8.1327,8.1435,4359.476058,0.00538598571294,7.8868,8.4218,7.8554,8.3906,Calculado
2026-06-12,NTN-B,2026-06-12,760199,2000-07-15,2033-05-15,8.0858,8.0611,8.0744,4263.958039,0.00331199309178,7.8358,8.3481,7.8011,8.3136,Calculado
2026-06-12,NTN-B,2026-06-12,760199,2000-07-15,2035-05-15,7.8762,7.8549,7.8637,4222.7886,0.00610631991055,7.6487,8.1364,7.6006,8.0883,Calculado
2026-06-12,NTN-B,2026-06-12,760199,2000-07-15,2037-05-15,7.6574,7.6336,7.6437,4212.731582,0.00991991086502,7.444,7.9137,7.3898,7.8595,Calculado
2026-06-12,NTN-B,2026-06-12,760199,2000-07-15,2040-08-15,7.5289,7.5019,7.515,4232.736817,0.00540370243444,7.3237,7.7726,7.2719,7.7208,Calculado
2026-06-12,NTN-B,2026-06-12,760199,2000-07-15,2045-05-15,7.4483,7.4226,7.4325,4103.357963,0.00345373558195,7.2344,7.6756,7.1983,7.6395,Calculado
2026-06-12,NTN-B,2026-06-12,760199,2000-07-15,2050-08-15,7.3535,7.3286,7.34,4143.671184,0,7.1409,7.578,7.1106,7.5477,Calculado
2026-06-12,NTN-B,2026-06-12,760199,2000-07-15,2055-05-15,7.2935,7.2688,7.28,4061.18566,0,7.0833,7.5185,7.0528,7.4879,Calculado
2026-06-12,NTN-B,2026-06-12,760199,2000-07-15,2060-08-15,7.2847,7.2548,7.2695,4102.676773,0.00627276805246,7.0807,7.5154,7.0434,7.4779,Calculado
2026-06-12,NTN-F,2026-06-12,950199,2016-01-15,2027-01-01,14.2432,14.2039,14.226,1022.577672,0,13.9921,14.4995,14.0134,14.5179,Calculado
2026-06-12,NTN-F,2026-06-12,950199,2018-01-05,2029-01-01,14.4752,14.4451,14.464,957.363271,0.00014433755575,14.092,15.111,13.9816,15.0007,Calculado
2026-06-12,NTN-F,2026-06-12,950199,2020-01-10,2031-01-01,14.4829,14.4704,14.4765,907.422564,0,14.1701,15.1495,14.0394,15.0192,Calculado
2026-06-12,NTN-F,2026-06-12,950199,2022-01-07,2033-01-01,14.4607,14.4487,14.4551,869.410023,0.00056982968508,14.1365,15.114,14.0097,14.9875,Calculado
2026-06-12,NTN-F,2026-06-12,950199,2024-01-05,2035-01-01,14.4136,14.3917,14.4029,842.871631,0.0001154700394,14.0683,15.038,13.958,14.928,Calculado
2026-06-12,NTN-F,2026-06-12,950199,2026-01-09,2037-01-01,14.406,14.3909,14.398,820.990157,0.00160419944832,14.0485,15.0163,13.9548,14.9226,Calculado
2026-06-15,LTN,2026-06-15,100000,2023-01-06,2026-07-01,14.3452,14.3179,14.3337,993.641672,0.00466281353369,14.222,14.5595,14.1879,14.5327,Calculado
2026-06-15,LTN,2026-06-15,100000,2024-07-05,2026-10-01,13.9799,13.9249,13.9583,960.861862,0.0084542540623,13.8811,14.1986,13.8068,14.1219,Calculado
2026-06-15,LTN,2026-06-15,100000,2025-01-10,2027-04-01,14.127,14.0989,14.1108,901.010944,0.00422973323863,13.9405,14.635,13.7993,14.4921,Calculado
2026-06-15,LTN,2026-06-15,100000,2023-07-07,2027-07-01,14.2568,14.2415,14.2511,870.649916,0.00289480023663,14.0279,14.8486,13.8676,14.6861,Calculado
2026-06-15,LTN,2026-06-15,100000,2025-07-04,2027-10-01,14.335,14.3251,14.3299,840.486428,0.00125677249731,14.0548,14.9725,13.8908,14.8075,Calculado
2026-06-15,LTN,2026-06-15,100000,2024-01-05,2028-01-01,14.2887,14.2755,14.2809,813.352623,0.00227526662833,13.9715,14.9416,13.8154,14.7849,Calculado
2026-06-15,LTN,2026-06-15,100000,2026-01-09,2028-04-01,14.3051,14.2928,14.297,786.457904,0,13.9583,14.9527,13.8161,14.8102,Calculado
2026-06-15,LTN,2026-06-15,100000,2024-07-05,2028-07-01,14.3089,14.2953,14.302,761.357477,0,13.9485,14.9512,13.8135,14.8162,Calculado
2026-06-15,LTN,2026-06-15,100000,2022-02-11,2029-01-01,14.3741,14.362,14.3673,711.859813,0.00150196751629,13.997,15.032,13.8777,14.9126,Calculado
2026-06-15,LTN,2026-06-15,100000,2025-07-04,2029-07-01,14.4004,14.3892,14.395,665.868128,0,14.0095,15.0498,13.9062,14.9466,Calculado
2026-06-15,LTN,2026-06-15,100000,2024-01-05,2030-01-01,14.3822,14.3723,14.377,623.242458,0,13.9968,15.0261,13.9004,14.9298,Calculado
2026-06-15,LTN,2026-06-15,100000,2025-01-10,2032-01-01,14.3731,14.3631,14.3683,476.608715,0.00072563744391,13.9776,14.9808,13.9079,14.9111,Calculado
2026-06-15,NTN-C,2026-06-15,770100,2000-07-01,2031-01-01,8.2508,7.9636,8.0911,8010.415072,0.08764815024717,7.5849,8.6155,7.53,8.5609,Calculado
2026-06-15,LFT,2026-06-15,210100,2000-07-01,2026-09-01,0.001,-0.004,-0.0012,19212.169845,0.00169619456726,-0.0468,0.0303,-0.0483,0.0289,Calculado
2026-06-15,LFT,2026-06-15,210100,2000-07-01,2027-03-01,0.0121,0.01,0.0106,19210.690511,0.00064449988363,-0.018,0.0314,-0.0189,0.0322,Calculado
2026-06-15,LFT,2026-06-15,210100,2000-07-01,2027-09-01,0.0158,0.0132,0.0144,19208.769298,0.00029825883055,-0.004,0.0364,-0.0034,0.0367,Calculado
2026-06-15,LFT,2026-06-15,210100,2000-07-01,2028-03-01,0.0211,0.019,0.0203,19205.464811,0.00035786892852,0.0021,0.0527,0.0022,0.0538,Calculado
2026-06-15,LFT,2026-06-15,210100,2000-07-01,2028-09-01,0.0332,0.0308,0.0318,19198.60608,0.00018590435713,0.0209,0.0512,0.0211,0.0518,Calculado
2026-06-15,LFT,2026-06-15,210100,2000-07-01,2029-03-01,0.0456,0.043,0.0443,19189.249772,0.00021360007022,0.0261,0.0586,0.0264,0.0587,Calculado
2026-06-15,LFT,2026-06-15,210100,2000-07-01,2029-09-01,0.0555,0.053,0.0542,19178.817585,0.00020273857551,0.0326,0.0662,0.0325,0.0662,Calculado
2026-06-15,LFT,2026-06-15,210100,2000-07-01,2030-03-01,0.063,0.0601,0.0616,19168.558306,0.00040475118283,0.0416,0.0745,0.0413,0.0745,Calculado
2026-06-15,LFT,2026-06-15,210100,2000-07-01,2030-06-01,0.0667,0.0648,0.0655,19162.717818,0.00031842903448,0.0467,0.0781,0.0459,0.0785,Calculado
2026-06-15,LFT,2026-06-15,210100,2000-07-01,2030-09-01,0.0713,0.0688,0.0698,19156.089633,0.00018629511534,0.0534,0.0796,0.053,0.0797,Calculado
2026-06-15,LFT,2026-06-15,210100,2000-07-01,2030-12-01,0.0713,0.0678,0.0698,19152.746722,0.00031539992074,0.0566,0.0854,0.0565,0.0852,Calculado
2026-06-15,LFT,2026-06-15,210100,2000-07-01,2031-03-01,0.0757,0.0726,0.0742,19145.561385,0.00017994704777,0.0616,0.0902,0.0615,0.0902,Calculado
2026-06-15,LFT,2026-06-15,210100,2000-07-01,2031-06-01,0.0799,0.0766,0.0783,19138.203139,0.0001966383991,0.066,0.0956,0.066,0.0958,Calculado
2026-06-15,LFT,2026-06-15,210100,2000-07-01,2031-09-01,0.0824,0.0789,0.0808,19131.939984,0.00018695552947,0.069,0.1028,0.0691,0.1033,Calculado
2026-06-15,LFT,2026-06-15,210100,2000-07-01,2031-12-01,0.095,0.0907,0.0927,19115.667309,0.00027825987853,0.0795,0.1023,0.0804,0.1024,Calculado
2026-06-15,LFT,2026-06-15,210100,2000-07-01,2032-03-01,0.0978,0.0947,0.0964,19107.367668,0.00030304823048,0.0842,0.1067,0.0844,0.1079,Calculado
2026-06-15,LFT,2026-06-15,210100,2000-07-01,2032-06-01,0.1101,0.109,0.1098,19087.617597,0.00020328187327,0.0817,0.1183,0.0819,0.1199,Calculado
2026-06-15,NTN-B,2026-06-15,760199,2000-07-15,2026-08-15,11.3328,11.2989,11.315,4779.373714,0.01596732526693,10.2843,12.1058,10.5945,12.4312,Calculado
2026-06-15,NTN-B,2026-06-15,760199,2000-07-15,2027-05-15,8.2907,8.2693,8.28,4665.804428,0,7.9935,8.6768,8.0173,8.7036,Calculado
2026-06-15,NTN-B,2026-06-15,760199,2000-07-15,2028-08-15,8.5243,8.4963,8.5059,4602.899129,0.00375,8.146,8.8427,8.1635,8.8602,Calculado
2026-06-15,NTN-B,2026-06-15,760199,2000-07-15,2029-05-15,8.3787,8.3521,8.3648,4486.869278,0.00673596665223,8.0087,8.6942,8.0173,8.7033,Calculado
2026-06-15,NTN-B,2026-06-15,760199,2000-07-15,2030-08-15,8.391,8.3705,8.38,4455.255745,0,8.0322,8.6366,8.0582,8.6628,Calculado
2026-06-15,NTN-B,2026-06-15,760199,2000-07-15,2031-05-15,8.2924,8.2666,8.28,4350.35522,0,7.9454,8.5139,7.9782,8.5468,Calculado
2026-06-15,NTN-B,2026-06-15,760199,2000-07-15,2032-08-15,8.1778,8.1538,8.1655,4357.599692,0.0050606366477,7.8554,8.3906,7.8773,8.4126,Calculado
2026-06-15,NTN-B,2026-06-15,760199,2000-07-15,2033-05-15,8.1058,8.0773,8.0932,4262.323763,0.00538377593144,7.8011,8.3136,7.8199,8.3324,Calculado
2026-06-15,NTN-B,2026-06-15,760199,2000-07-15,2035-05-15,7.9061,7.8804,7.8936,4217.271759,0.00633909910634,7.6006,8.0883,7.6305,8.1182,Calculado
2026-06-15,NTN-B,2026-06-15,760199,2000-07-15,2037-05-15,7.7044,7.681,7.6902,4200.814362,0.00568247095725,7.3898,7.8595,7.4363,7.906,Calculado
2026-06-15,NTN-B,2026-06-15,760199,2000-07-15,2040-08-15,7.5653,7.5457,7.555,4220.721282,0.00414124278086,7.2719,7.7208,7.3119,7.7608,Calculado
2026-06-15,NTN-B,2026-06-15,760199,2000-07-15,2045-05-15,7.4866,7.4612,7.4749,4088.077883,0.0061448954629,7.1983,7.6395,7.2407,7.6818,Calculado
2026-06-15,NTN-B,2026-06-15,760199,2000-07-15,2050-08-15,7.3946,7.3682,7.3833,4126.140936,0.00414269293455,7.1106,7.5477,7.1539,7.591,Calculado
2026-06-15,NTN-B,2026-06-15,760199,2000-07-15,2055-05-15,7.3308,7.2951,7.3126,4047.601583,0.01112502735997,7.0528,7.4879,7.0854,7.5205,Calculado
2026-06-15,NTN-B,2026-06-15,760199,2000-07-15,2060-08-15,7.3221,7.2953,7.3077,4085.72615,0.00648386275148,7.0434,7.4779,7.0815,7.5161,Calculado
2026-06-15,NTN-F,2026-06-15,950199,2016-01-15,2027-01-01,14.1327,14.1063,14.124,1023.599986,0.00411869933353,14.0134,14.5179,13.9132,14.4147,Calculado
2026-06-15,NTN-F,2026-06-15,950199,2018-01-05,2029-01-01,14.3547,14.3299,14.343,960.094668,0.00234364388506,13.9816,15.0007,13.8604,14.8795,Calculado
2026-06-15,NTN-F,2026-06-15,950199,2020-01-10,2031-01-01,14.4058,14.3954,14.4016,909.998604,0.00094213288341,14.0394,15.0192,13.9643,14.9442,Calculado
2026-06-15,NTN-F,2026-06-15,950199,2022-01-07,2033-01-01,14.3946,14.3836,14.388,872.197885,0.00119443152169,14.0097,14.9875,13.9427,14.9203,Calculado
2026-06-15,NTN-F,2026-06-15,950199,2024-01-05,2035-01-01,14.3508,14.3331,14.3414,845.741795,0.00291873036096,13.958,14.928,13.8967,14.8663,Calculado
2026-06-15,NTN-F,2026-06-15,950199,2026-01-09,2037-01-01,14.3404,14.3274,14.3329,824.198383,0.00005546990175,13.9548,14.9226,13.8899,14.8573,Calculado
2026-06-16,LTN,2026-06-16,100000,2023-01-06,2026-07-01,14.331,14.3022,14.3177,994.176058,0.00745949589047,14.1879,14.5327,14.1689,14.5209,Calculado
2026-06-16,LTN,2026-06-16,100000,2024-07-05,2026-10-01,13.9222,13.8845,13.9054,961.494829,0.01932648811476,13.8068,14.1219,13.7535,14.0661,Calculado
2026-06-16,LTN,2026-06-16,100000,2025-01-10,2027-04-01,14.1233,14.1049,14.1107,901.483646,0.00673397922331,13.7993,14.4921,13.8003,14.4905,Calculado
2026-06-16,LTN,2026-06-16,100000,2023-07-07,2027-07-01,14.2662,14.2539,14.2604,871.036902,0.00340193056514,13.8676,14.6861,13.878,14.6943,Calculado
2026-06-16,LTN,2026-06-16,100000,2025-07-04,2027-10-01,14.3577,14.3472,14.3518,840.724861,0.00408317042138,13.8908,14.8075,13.913,14.8287,Calculado
2026-06-16,LTN,2026-06-16,100000,2024-01-05,2028-01-01,14.3661,14.3525,14.358,812.936815,0,13.8154,14.7849,13.8927,14.8615,Calculado
2026-06-16,LTN,2026-06-16,100000,2026-01-09,2028-04-01,14.374,14.36,14.367,786.01141,0.00207158441296,13.8161,14.8102,13.8861,14.8801,Calculado
2026-06-16,LTN,2026-06-16,100000,2024-07-05,2028-07-01,14.3826,14.3687,14.376,760.75848,0,13.8135,14.8162,13.8875,14.8901,Calculado
2026-06-16,LTN,2026-06-16,100000,2022-02-11,2029-01-01,14.4489,14.4377,14.443,711.048847,0,13.8777,14.9126,13.9535,14.9883,Calculado
2026-06-16,LTN,2026-06-16,100000,2025-07-04,2029-07-01,14.4652,14.4535,14.46,665.081718,0,13.9062,14.9466,13.9712,15.0116,Calculado
2026-06-16,LTN,2026-06-16,100000,2024-01-05,2030-01-01,14.4448,14.4346,14.4396,622.376316,0.00063616861758,13.9004,14.9298,13.9629,14.9925,Calculado
2026-06-16,LTN,2026-06-16,100000,2025-01-10,2032-01-01,14.3958,14.3846,14.3904,476.354748,0.00059424874421,13.9079,14.9111,13.9301,14.9333,Calculado
2026-06-16,NTN-C,2026-06-16,770100,2000-07-01,2031-01-01,8.3027,7.9392,8.0766,8018.246628,0.07442068179465,7.53,8.5609,7.4809,8.512,Calculado
2026-06-16,LFT,2026-06-16,210100,2000-07-01,2026-09-01,-0.007,-0.0202,-0.0121,19222.890481,0.01063540806692,-0.0483,0.0289,-0.0592,0.0213,Calculado
2026-06-16,LFT,2026-06-16,210100,2000-07-01,2027-03-01,0.0132,0.0103,0.0111,19220.891352,0.0003095695883,-0.0189,0.0322,-0.025,0.0324,Calculado
2026-06-16,LFT,2026-06-16,210100,2000-07-01,2027-09-01,0.0164,0.014,0.0148,19218.930668,0.00040479580037,-0.0034,0.0367,-0.0027,0.0367,Calculado
2026-06-16,LFT,2026-06-16,210100,2000-07-01,2028-03-01,0.0223,0.0198,0.0208,19215.585972,0.00033760420613,0.0022,0.0538,0.003,0.0559,Calculado
2026-06-16,LFT,2026-06-16,210100,2000-07-01,2028-09-01,0.0335,0.0301,0.0322,19208.704356,0.00030413811008,0.0211,0.0518,0.0215,0.0543,Calculado
2026-06-16,LFT,2026-06-16,210100,2000-07-01,2029-03-01,0.0459,0.0424,0.0443,19199.516054,0.00025831209805,0.0264,0.0587,0.0283,0.0588,Calculado
2026-06-16,LFT,2026-06-16,210100,2000-07-01,2029-09-01,0.0561,0.0529,0.0543,19189.039851,0.00021788453364,0.0325,0.0662,0.0329,0.0663,Calculado
2026-06-16,LFT,2026-06-16,210100,2000-07-01,2030-03-01,0.0628,0.06,0.0615,19178.909651,0.00034958621254,0.0413,0.0745,0.0408,0.0744,Calculado
2026-06-16,LFT,2026-06-16,210100,2000-07-01,2030-06-01,0.0669,0.0635,0.0652,19173.219823,0.0002572913135,0.0459,0.0785,0.0453,0.0782,Calculado
2026-06-16,LFT,2026-06-16,210100,2000-07-01,2030-09-01,0.0715,0.0681,0.0698,19166.35743,0.0001902011041,0.053,0.0797,0.0518,0.0797,Calculado
2026-06-16,LFT,2026-06-16,210100,2000-07-01,2030-12-01,0.0715,0.0681,0.0698,19163.012734,0.00019402847729,0.0565,0.0852,0.0565,0.084,Calculado
2026-06-16,LFT,2026-06-16,210100,2000-07-01,2031-03-01,0.0763,0.0725,0.0742,19155.842782,0.00016224524646,0.0615,0.0902,0.0615,0.0891,Calculado
2026-06-16,LFT,2026-06-16,210100,2000-07-01,2031-06-01,0.0803,0.0766,0.0783,19148.499829,0.00021143762674,0.066,0.0958,0.066,0.0949,Calculado
2026-06-16,LFT,2026-06-16,210100,2000-07-01,2031-09-01,0.0824,0.0791,0.0808,19142.214107,0.00017308474803,0.0691,0.1033,0.0691,0.1029,Calculado
2026-06-16,LFT,2026-06-16,210100,2000-07-01,2031-12-01,0.0945,0.091,0.0928,19125.83663,0.0001419978521,0.0804,0.1024,0.0805,0.1025,Calculado
2026-06-16,LFT,2026-06-16,210100,2000-07-01,2032-03-01,0.0982,0.0948,0.0965,19117.532557,0,0.0844,0.1079,0.0845,0.1088,Calculado
2026-06-16,LFT,2026-06-16,210100,2000-07-01,2032-06-01,0.1104,0.1089,0.1099,19097.77194,0.00007719021959,0.0819,0.1199,0.0838,0.12,Calculado
2026-06-16,NTN-B,2026-06-16,760199,2000-07-15,2026-08-15,11.1231,11.0459,11.076,4783.93981,0.01621578719582,10.5945,12.4312,10.3481,12.2001,Calculado
2026-06-16,NTN-B,2026-06-16,760199,2000-07-15,2027-05-15,8.5174,8.4891,8.5046,4659.35447,0.00562776853202,8.0173,8.7036,8.242,8.9314,Calculado
2026-06-16,NTN-B,2026-06-16,760199,2000-07-15,2028-08-15,8.6688,8.6448,8.6596,4591.981368,0.0008311532831,8.1635,8.8602,8.3174,9.0141,Calculado
2026-06-16,NTN-B,2026-06-16,760199,2000-07-15,2029-05-15,8.46,8.428,8.44,4480.661468,0,8.0173,8.7033,8.0926,8.779,Calculado
2026-06-16,NTN-B,2026-06-16,760199,2000-07-15,2030-08-15,8.4548,8.4274,8.4406,4448.33317,0.00148550894982,8.0582,8.6628,8.1187,8.7236,Calculado
2026-06-16,NTN-B,2026-06-16,760199,2000-07-15,2031-05-15,8.3624,8.3364,8.3451,4341.300993,0.00539006063138,7.9782,8.5468,8.0432,8.612,Calculado
2026-06-16,NTN-B,2026-06-16,760199,2000-07-15,2032-08-15,8.2688,8.2382,8.2548,4341.457168,0.00759884361137,7.8773,8.4126,7.9665,8.502,Calculado
2026-06-16,NTN-B,2026-06-16,760199,2000-07-15,2033-05-15,8.2174,8.195,8.2078,4238.916216,0.00354073389709,7.8199,8.3324,7.9344,8.4471,Calculado
2026-06-16,NTN-B,2026-06-16,760199,2000-07-15,2035-05-15,8.0045,7.9785,7.99,4193.516514,0,7.6305,8.1182,7.7268,8.2148,Calculado
2026-06-16,NTN-B,2026-06-16,760199,2000-07-15,2037-05-15,7.7869,7.7578,7.7723,4177.487244,0.00375467961749,7.4363,7.906,7.5183,7.9882,Calculado
2026-06-16,NTN-B,2026-06-16,760199,2000-07-15,2040-08-15,7.6436,7.6169,7.6325,4194.780115,0.00292363113952,7.3119,7.7608,7.3892,7.8384,Calculado
2026-06-16,NTN-B,2026-06-16,760199,2000-07-15,2045-05-15,7.54,7.5035,7.5232,4069.92975,0.00392952623862,7.2407,7.6818,7.2888,7.7303,Calculado
2026-06-16,NTN-B,2026-06-16,760199,2000-07-15,2050-08-15,7.4363,7.4082,7.4228,4109.924838,0.00377740530523,7.1539,7.591,7.1931,7.6307,Calculado
2026-06-16,NTN-B,2026-06-16,760199,2000-07-15,2055-05-15,7.3613,7.3307,7.3449,4033.706533,0.00656816956541,7.0854,7.5205,7.1174,7.5531,Calculado
2026-06-16,NTN-B,2026-06-16,760199,2000-07-15,2060-08-15,7.36,7.3245,7.3456,4068.524172,0.00787268484445,7.0815,7.5161,7.119,7.5544,Calculado
2026-06-16,NTN-F,2026-06-16,950199,2016-01-15,2027-01-01,14.15,14.1139,14.1307,1024.105279,0.00148481593135,13.9132,14.4147,13.9208,14.4193,Calculado
2026-06-16,NTN-F,2026-06-16,950199,2018-01-05,2029-01-01,14.4302,14.4063,14.4175,959.240601,0.00075111638246,13.8604,14.8795,13.9349,14.9539,Calculado
2026-06-16,NTN-F,2026-06-16,950199,2020-01-10,2031-01-01,14.4533,14.4418,14.4477,909.198722,0.00084467519201,13.9643,14.9442,14.0104,14.9904,Calculado
2026-06-16,NTN-F,2026-06-16,950199,2022-01-07,2033-01-01,14.4118,14.4006,14.406,872.039703,0.00058104994622,13.9427,14.9203,13.9606,14.9385,Calculado
2026-06-16,NTN-F,2026-06-16,950199,2024-01-05,2035-01-01,14.3425,14.3255,14.3328,846.530881,0.00157286269267,13.8967,14.8663,13.8878,14.8582,Calculado
2026-06-16,NTN-F,2026-06-16,950199,2026-01-09,2037-01-01,14.3121,14.2982,14.305,825.828088,0,13.8899,14.8573,13.8615,14.8301,Calculado
2026-06-17,LTN,2026-06-17,100000,2023-01-06,2026-07-01,14.3372,14.3023,14.3224,994.70248,0.00647306636997,14.1689,14.5209,14.1716,14.531,Calculado
2026-06-17,LTN,2026-06-17,100000,2024-07-05,2026-10-01,13.9839,13.9139,13.943,961.897233,0.01351652855248,13.7535,14.0661,13.7911,14.1012,Calculado
2026-06-17,LTN,2026-06-17,100000,2025-01-10,2027-04-01,14.2126,14.1851,14.1974,901.420606,0.01458828851374,13.8003,14.4905,13.8881,14.5757,Calculado
2026-06-17,LTN,2026-06-17,100000,2023-07-07,2027-07-01,14.3346,14.3204,14.3295,870.954365,0.00790843431597,13.878,14.6943,13.9481,14.7622,Calculado
2026-06-17,LTN,2026-06-17,100000,2025-07-04,2027-10-01,14.4703,14.4519,14.4687,840.064674,0.01067115862313,13.913,14.8287,14.0301,14.9447,Calculado
2026-06-17,LTN,2026-06-17,100000,2024-01-05,2028-01-01,14.4522,14.4397,14.4488,812.376387,0.00560176842702,13.8927,14.8615,13.9835,14.9516,Calculado
2026-06-17,LTN,2026-06-17,100000,2026-01-09,2028-04-01,14.4955,14.4794,14.4872,784.953158,0.00175615922684,13.8861,14.8801,14.0062,14.9999,Calculado
2026-06-17,LTN,2026-06-17,100000,2024-07-05,2028-07-01,14.5478,14.5311,14.5409,758.939318,0.00177597726055,13.8875,14.8901,14.0523,15.0549,Calculado
2026-06-17,LTN,2026-06-17,100000,2022-02-11,2029-01-01,14.6296,14.6192,14.6234,708.607125,0.00561567745958,13.9535,14.9883,14.1338,15.1684,Calculado
2026-06-17,LTN,2026-06-17,100000,2025-07-04,2029-07-01,14.6585,14.649,14.6543,662.043086,0.00168768825913,13.9712,15.0116,14.1654,15.2058,Calculado
2026-06-17,LTN,2026-06-17,100000,2024-01-05,2030-01-01,14.6374,14.6289,14.6333,619.022075,0.00086323036323,13.9629,14.9925,14.1565,15.1862,Calculado
2026-06-17,LTN,2026-06-17,100000,2025-01-10,2032-01-01,14.5767,14.5682,14.5718,472.464459,0.00059545899943,13.9301,14.9333,14.1116,15.1147,Calculado
2026-06-17,NTN-C,2026-06-17,770100,2000-07-01,2031-01-01,8.3445,7.9718,8.1068,8014.382357,0.09395532626371,7.4809,8.512,7.3965,8.4279,Calculado
2026-06-17,LFT,2026-06-17,210100,2000-07-01,2026-09-01,-0.0102,-0.0207,-0.0174,19233.367063,0.00348057165851,-0.0592,0.0213,-0.0645,0.0174,Calculado
2026-06-17,LFT,2026-06-17,210100,2000-07-01,2027-03-01,0.012,0.0107,0.0111,19231.155307,0.00021488708663,-0.025,0.0324,-0.0278,0.0322,Calculado
2026-06-17,LFT,2026-06-17,210100,2000-07-01,2027-09-01,0.0168,0.014,0.0149,19229.193577,0.00010271046685,-0.0027,0.0367,-0.0023,0.0364,Calculado
2026-06-17,LFT,2026-06-17,210100,2000-07-01,2028-03-01,0.0222,0.0202,0.0212,19225.731699,0.00030319647096,0.003,0.0559,0.0037,0.0566,Calculado
2026-06-17,LFT,2026-06-17,210100,2000-07-01,2028-09-01,0.0332,0.0311,0.0324,19218.904106,0.00068231631228,0.0215,0.0543,0.0217,0.0556,Calculado
2026-06-17,LFT,2026-06-17,210100,2000-07-01,2029-03-01,0.0459,0.043,0.0444,19209.749362,0.00007559285681,0.0283,0.0588,0.0292,0.0589,Calculado
2026-06-17,LFT,2026-06-17,210100,2000-07-01,2029-09-01,0.0559,0.053,0.0543,19199.325263,0.00021205496929,0.0329,0.0663,0.0333,0.0663,Calculado
2026-06-17,LFT,2026-06-17,210100,2000-07-01,2030-03-01,0.0624,0.0609,0.0616,19189.131955,0.00034556504453,0.0408,0.0744,0.0406,0.0745,Calculado
2026-06-17,LFT,2026-06-17,210100,2000-07-01,2030-06-01,0.0662,0.0649,0.0653,19183.439089,0.00025488685725,0.0453,0.0782,0.0449,0.0783,Calculado
2026-06-17,LFT,2026-06-17,210100,2000-07-01,2030-09-01,0.0709,0.0685,0.0698,19176.649962,0.00013004518446,0.0518,0.0797,0.0515,0.0797,Calculado
2026-06-17,LFT,2026-06-17,210100,2000-07-01,2030-12-01,0.071,0.0682,0.0698,19173.30348,0.00018391171795,0.0565,0.084,0.0566,0.0834,Calculado
2026-06-17,LFT,2026-06-17,210100,2000-07-01,2031-03-01,0.0757,0.0726,0.0742,19166.129699,0.00018629511534,0.0615,0.0891,0.0616,0.0886,Calculado
2026-06-17,LFT,2026-06-17,210100,2000-07-01,2031-06-01,0.0796,0.0765,0.0783,19158.782825,0.00019868847475,0.066,0.0949,0.0661,0.0945,Calculado
2026-06-17,LFT,2026-06-17,210100,2000-07-01,2031-09-01,0.0822,0.0802,0.081,19152.30142,0.00004803831804,0.0691,0.1029,0.0693,0.1025,Calculado
2026-06-17,LFT,2026-06-17,210100,2000-07-01,2031-12-01,0.0945,0.0908,0.0928,19136.107524,0.00017701223122,0.0805,0.1025,0.0807,0.1024,Calculado
2026-06-17,LFT,2026-06-17,210100,2000-07-01,2032-03-01,0.098,0.0951,0.0965,19127.81825,0.00007595538164,0.0845,0.1088,0.0846,0.1092,Calculado
2026-06-17,LFT,2026-06-17,210100,2000-07-01,2032-06-01,0.1104,0.1095,0.11,19107.950917,0,0.0838,0.12,0.0846,0.12,Calculado
2026-06-17,NTN-B,2026-06-17,760199,2000-07-15,2026-08-15,11.1566,11.047,11.1029,4786.47661,0.00979875629812,10.3481,12.2001,10.3696,12.2371,Calculado
2026-06-17,NTN-B,2026-06-17,760199,2000-07-15,2027-05-15,8.534,8.5076,8.5193,4661.02005,0.00190322167127,8.242,8.9314,8.257,8.9494,Calculado
2026-06-17,NTN-B,2026-06-17,760199,2000-07-15,2028-08-15,8.7854,8.7541,8.7687,4584.94145,0.00605143644352,8.3174,9.0141,8.4263,9.1231,Calculado
2026-06-17,NTN-B,2026-06-17,760199,2000-07-15,2029-05-15,8.5954,8.5537,8.5669,4468.804791,0.0039802847461,8.0926,8.779,8.2193,8.9061,Calculado
2026-06-17,NTN-B,2026-06-17,760199,2000-07-15,2030-08-15,8.6375,8.5868,8.6157,4424.496213,0.01626546523989,8.1187,8.7236,8.2937,8.8987,Calculado
2026-06-17,NTN-B,2026-06-17,760199,2000-07-15,2031-05-15,8.5376,8.4938,8.5134,4314.853664,0.01544604834092,8.0432,8.612,8.2114,8.7804,Calculado
2026-06-17,NTN-B,2026-06-17,760199,2000-07-15,2032-08-15,8.4717,8.4294,8.4504,4304.056969,0.01849735242623,7.9665,8.502,8.1621,8.6977,Calculado
2026-06-17,NTN-B,2026-06-17,760199,2000-07-15,2033-05-15,8.385,8.3473,8.3655,4206.304511,0.01129094239247,7.9344,8.4471,8.092,8.6049,Calculado
2026-06-17,NTN-B,2026-06-17,760199,2000-07-15,2035-05-15,8.1266,8.098,8.1097,4163.856127,0.00949022273079,7.7268,8.2148,7.8466,8.3345,Calculado
2026-06-17,NTN-B,2026-06-17,760199,2000-07-15,2037-05-15,7.89,7.8545,7.8676,4150.370908,0.0056229571446,7.5183,7.9882,7.6136,8.0837,Calculado
2026-06-17,NTN-B,2026-06-17,760199,2000-07-15,2040-08-15,7.747,7.7142,7.7313,4161.574668,0.00880689522477,7.3892,7.8384,7.4878,7.9374,Calculado
2026-06-17,NTN-B,2026-06-17,760199,2000-07-15,2045-05-15,7.6224,7.5778,7.5988,4040.789892,0.00707024073706,7.2888,7.7303,7.364,7.8063,Calculado
2026-06-17,NTN-B,2026-06-17,760199,2000-07-15,2050-08-15,7.5124,7.4724,7.4879,4082.305813,0.00845716762338,7.1931,7.6307,7.2576,7.6964,Calculado
2026-06-17,NTN-B,2026-06-17,760199,2000-07-15,2055-05-15,7.4185,7.3764,7.4014,4008.324073,0.01090376564587,7.1174,7.5531,7.1732,7.6104,Calculado
2026-06-17,NTN-B,2026-06-17,760199,2000-07-15,2060-08-15,7.4192,7.3785,7.4017,4042.489153,0.00766309508684,7.119,7.5544,7.1742,7.6114,Calculado
2026-06-17,NTN-F,2026-06-17,950199,2016-01-15,2027-01-01,14.195,14.1473,14.1768,1024.42751,0.00293921049433,13.9208,14.4193,13.9679,14.4634,Calculado
2026-06-17,NTN-F,2026-06-17,950199,2018-01-05,2029-01-01,14.6219,14.593,14.6082,956.278039,0.00259957871779,13.9349,14.9539,14.1254,15.1444,Calculado
2026-06-17,NTN-F,2026-06-17,950199,2020-01-10,2031-01-01,14.6421,14.6335,14.6381,904.406288,0.00060868710353,14.0104,14.9904,14.2007,15.1808,Calculado
2026-06-17,NTN-F,2026-06-17,950199,2022-01-07,2033-01-01,14.5754,14.567,14.5705,866.839376,0,13.9606,14.9385,14.1253,15.1031,Calculado
2026-06-17,NTN-F,2026-06-17,950199,2024-01-05,2035-01-01,14.4961,14.4806,14.4874,840.916586,0.00298941883817,13.8878,14.8582,14.0424,15.0128,Calculado
2026-06-17,NTN-F,2026-06-17,950199,2026-01-09,2037-01-01,14.4456,14.4356,14.4398,820.53574,0.00101872936053,13.8615,14.8301,13.9962,14.965,Calculado
2026-06-18,LTN,2026-06-18,100000,2023-01-06,2026-07-01,14.2633,14.2426,14.2504,995.25336,0.00889890308858,14.1716,14.531,14.0889,14.4628,Calculado
2026-06-18,LTN,2026-06-18,100000,2024-07-05,2026-10-01,13.8948,13.8401,13.8629,962.594354,0.00840567035459,13.7911,14.1012,13.7099,13.992,Calculado
2026-06-18,LTN,2026-06-18,100000,2025-01-10,2027-04-01,14.2143,14.1916,14.1995,901.882717,0.00387751815599,13.8881,14.5757,13.8907,14.5653,Calculado
2026-06-18,LTN,2026-06-18,100000,2023-07-07,2027-07-01,14.3804,14.3668,14.3723,871.082164,0.00313343597988,13.9481,14.7622,13.9915,14.8034,Calculado
2026-06-18,LTN,2026-06-18,100000,2025-07-04,2027-10-01,14.5852,14.5726,14.5784,839.480757,0.00234172675605,14.0301,14.9447,14.1396,15.0532,Calculado
2026-06-18,LTN,2026-06-18,100000,2024-01-05,2028-01-01,14.6272,14.6139,14.62,810.947894,0.00005345222166,13.9835,14.9516,14.1544,15.1219,Calculado
2026-06-18,LTN,2026-06-18,100000,2026-01-09,2028-04-01,14.6906,14.6767,14.684,782.969676,0,14.0062,14.9999,14.2027,15.1962,Calculado
2026-06-18,LTN,2026-06-18,100000,2024-07-05,2028-07-01,14.77,14.7562,14.7621,756.383345,0.00288052396102,14.0523,15.0549,14.2732,15.2757,Calculado
2026-06-18,LTN,2026-06-18,100000,2022-02-11,2029-01-01,14.8758,14.8643,14.8695,705.169686,0.00161506069236,14.1338,15.1684,14.3797,15.4142,Calculado
2026-06-18,LTN,2026-06-18,100000,2025-07-04,2029-07-01,14.9262,14.9145,14.9209,657.784913,0.00089976394126,14.1654,15.2058,14.4318,15.4723,Calculado
2026-06-18,LTN,2026-06-18,100000,2024-01-05,2030-01-01,14.9084,14.8968,14.902,614.291705,0,14.1565,15.1862,14.425,15.4548,Calculado
2026-06-18,LTN,2026-06-18,100000,2025-01-10,2032-01-01,14.8402,14.8286,14.834,466.805043,0,14.1116,15.1147,14.3739,15.3769,Calculado
2026-06-18,NTN-C,2026-06-18,770100,2000-07-01,2031-01-01,8.3404,7.9658,8.1252,8013.615929,0.0745850811713,7.3965,8.4279,7.5056,8.5371,Calculado
2026-06-18,LFT,2026-06-18,210100,2000-07-01,2026-09-01,-0.0095,-0.0201,-0.0168,19243.599195,0.00318752162502,-0.0645,0.0174,-0.0639,0.0175,Calculado
2026-06-18,LFT,2026-06-18,210100,2000-07-01,2027-03-01,0.0118,0.0105,0.011,19241.46323,0.00010997831604,-0.0278,0.0322,-0.0271,0.0318,Calculado
2026-06-18,LFT,2026-06-18,210100,2000-07-01,2027-09-01,0.016,0.0143,0.015,19239.442723,0,-0.0023,0.0364,-0.0019,0.036,Calculado
2026-06-18,LFT,2026-06-18,210100,2000-07-01,2028-03-01,0.0227,0.0203,0.0213,19235.978996,0.000273980565,0.0037,0.0566,0.0042,0.0562,Calculado
2026-06-18,LFT,2026-06-18,210100,2000-07-01,2028-09-01,0.0332,0.0316,0.0325,19229.147758,0.00030462125665,0.0217,0.0556,0.0218,0.0555,Calculado
2026-06-18,LFT,2026-06-18,210100,2000-07-01,2029-03-01,0.0457,0.0434,0.0444,19220.045854,0.00008348466925,0.0292,0.0589,0.0293,0.0589,Calculado
2026-06-18,LFT,2026-06-18,210100,2000-07-01,2029-09-01,0.056,0.0531,0.0543,19209.616188,0.0002256892997,0.0333,0.0663,0.0335,0.0663,Calculado
2026-06-18,LFT,2026-06-18,210100,2000-07-01,2030-03-01,0.0631,0.0609,0.0618,19199.282737,0.00021760728389,0.0406,0.0745,0.0406,0.0746,Calculado
2026-06-18,LFT,2026-06-18,210100,2000-07-01,2030-06-01,0.0666,0.0641,0.0653,19193.721532,0.00020519563836,0.0449,0.0783,0.0451,0.0783,Calculado
2026-06-18,LFT,2026-06-18,210100,2000-07-01,2030-09-01,0.0714,0.0684,0.0699,19186.87105,0.00002581975987,0.0515,0.0797,0.0516,0.0797,Calculado
2026-06-18,LFT,2026-06-18,210100,2000-07-01,2030-12-01,0.071,0.068,0.0699,19183.522781,0.00013768925158,0.0566,0.0834,0.0568,0.0834,Calculado
2026-06-18,LFT,2026-06-18,210100,2000-07-01,2031-03-01,0.0755,0.0726,0.0743,19176.325927,0.00023443193042,0.0616,0.0886,0.0617,0.0886,Calculado
2026-06-18,LFT,2026-06-18,210100,2000-07-01,2031-06-01,0.0797,0.0766,0.0783,19169.071344,0.00020405249325,0.0661,0.0945,0.0662,0.0946,Calculado
2026-06-18,LFT,2026-06-18,210100,2000-07-01,2031-09-01,0.0822,0.0794,0.0809,19162.682692,0.00018752285194,0.0693,0.1025,0.0693,0.1026,Calculado
2026-06-18,LFT,2026-06-18,210100,2000-07-01,2031-12-01,0.0944,0.0909,0.0928,19146.403177,0.000180073485,0.0807,0.1024,0.0809,0.1023,Calculado
2026-06-18,LFT,2026-06-18,210100,2000-07-01,2032-03-01,0.098,0.0955,0.0966,19137.994019,0.00016110825553,0.0846,0.1092,0.0847,0.1091,Calculado
2026-06-18,LFT,2026-06-18,210100,2000-07-01,2032-06-01,0.1106,0.1096,0.1101,19118.116076,0.00009701422576,0.0846,0.12,0.0846,0.1201,Calculado
2026-06-18,NTN-B,2026-06-18,760199,2000-07-15,2026-08-15,11.0046,10.9533,10.9804,4790.098175,0.01819895161321,10.3696,12.2371,10.2398,12.1229,Calculado
2026-06-18,NTN-B,2026-06-18,760199,2000-07-15,2027-05-15,8.535,8.5066,8.52,4663.225714,0,8.257,8.9494,8.2578,8.8069,Calculado
2026-06-18,NTN-B,2026-06-18,760199,2000-07-15,2028-08-15,8.8337,8.8071,8.82,4582.841594,0,8.4263,9.1231,8.4775,9.1204,Calculado
2026-06-18,NTN-B,2026-06-18,760199,2000-07-15,2029-05-15,8.6532,8.6193,8.6346,4463.519938,0.00548209205687,8.2193,8.9061,8.287,8.955,Calculado
2026-06-18,NTN-B,2026-06-18,760199,2000-07-15,2030-08-15,8.7127,8.6841,8.7,4414.214838,0,8.2937,8.8987,8.378,8.9831,Calculado
2026-06-18,NTN-B,2026-06-18,760199,2000-07-15,2031-05-15,8.6137,8.5842,8.598,4302.690158,0.00430116263352,8.2114,8.7804,8.296,8.8651,Calculado
2026-06-18,NTN-B,2026-06-18,760199,2000-07-15,2032-08-15,8.5339,8.508,8.52,4292.194775,0,8.1621,8.6977,8.2317,8.7674,Calculado
2026-06-18,NTN-B,2026-06-18,760199,2000-07-15,2033-05-15,8.4371,8.4114,8.425,4195.340907,0.0051171609277,8.092,8.6049,8.1515,8.6644,Calculado
2026-06-18,NTN-B,2026-06-18,760199,2000-07-15,2035-05-15,8.1616,8.1389,8.15,4155.224592,0,7.8466,8.3345,7.8868,8.3749,Calculado
2026-06-18,NTN-B,2026-06-18,760199,2000-07-15,2037-05-15,7.923,7.891,7.9036,4141.37277,0.00850070025057,7.6136,8.0837,7.6495,8.1198,Calculado
2026-06-18,NTN-B,2026-06-18,760199,2000-07-15,2040-08-15,7.7708,7.7373,7.7543,4155.338209,0.00703358684172,7.4878,7.9374,7.5107,7.9605,Calculado
2026-06-18,NTN-B,2026-06-18,760199,2000-07-15,2045-05-15,7.6235,7.598,7.61,4038.033257,0,7.364,7.8063,7.375,7.8177,Calculado
2026-06-18,NTN-B,2026-06-18,760199,2000-07-15,2050-08-15,7.5207,7.5011,7.51,4074.191908,0,7.2576,7.6964,7.2794,7.7188,Calculado
2026-06-18,NTN-B,2026-06-18,760199,2000-07-15,2055-05-15,7.4331,7.4054,7.42,4001.207105,0,7.1732,7.6104,7.1914,7.6293,Calculado
2026-06-18,NTN-B,2026-06-18,760199,2000-07-15,2060-08-15,7.4321,7.4,7.4147,4037.858097,0.0040560548591,7.1742,7.6114,7.1868,7.6248,Calculado
2026-06-18,NTN-F,2026-06-18,950199,2016-01-15,2027-01-01,14.1267,14.1,14.1193,1025.232952,0.00083574010912,13.9679,14.4634,13.9108,14.3931,Calculado
2026-06-18,NTN-F,2026-06-18,950199,2018-01-05,2029-01-01,14.862,14.8389,14.852,952.386851,0,14.1254,15.1444,14.3691,15.3878,Calculado
2026-06-18,NTN-F,2026-06-18,950199,2020-01-10,2031-01-01,14.9174,14.9058,14.911,897.412554,0,14.2007,15.1808,14.4736,15.4535,Calculado
2026-06-18,NTN-F,2026-06-18,950199,2022-01-07,2033-01-01,14.8364,14.8258,14.8306,858.462676,0.00138187514993,14.1253,15.1031,14.3857,15.363,Calculado
2026-06-18,NTN-F,2026-06-18,950199,2024-01-05,2035-01-01,14.7476,14.7315,14.7383,831.66992,0.0024200685982,14.0424,15.0128,14.2936,15.2634,Calculado
2026-06-18,NTN-F,2026-06-18,950199,2026-01-09,2037-01-01,14.6861,14.6746,14.68,810.921991,0,13.9962,14.965,14.2365,15.205,Calculado
2026-06-19,LTN,2026-06-19,100000,2023-01-06,2026-07-01,14.2643,14.2475,14.252,995.779207,0,14.0889,14.4628,14.0896,14.4689,Calculado
2026-06-19,LTN,2026-06-19,100000,2024-07-05,2026-10-01,13.8933,13.8366,13.8621,963.09235,0.00799772262835,13.7099,13.992,13.7088,13.9882,Calculado
2026-06-19,LTN,2026-06-19,100000,2025-01-10,2027-04-01,14.2532,14.2194,14.2336,902.149593,0.00629260217239,13.8907,14.5653,13.926,14.5979,Calculado
2026-06-19,LTN,2026-06-19,100000,2023-07-07,2027-07-01,14.4486,14.4356,14.4417,871.005375,0.00043204937218,13.9915,14.8034,14.062,14.8717,Calculado
2026-06-19,LTN,2026-06-19,100000,2025-07-04,2027-10-01,14.6419,14.632,14.6387,839.367989,0.0011720180758,14.1396,15.0532,14.2003,15.1127,Calculado
2026-06-19,LTN,2026-06-19,100000,2024-01-05,2028-01-01,14.6992,14.6839,14.694,810.585387,0.00013867497972,14.1544,15.1219,14.2286,15.1954,Calculado
2026-06-19,LTN,2026-06-19,100000,2026-01-09,2028-04-01,14.7766,14.7623,14.769,782.362022,0,14.2027,15.1962,14.2878,15.2809,Calculado
2026-06-19,LTN,2026-06-19,100000,2024-07-05,2028-07-01,14.8525,14.84,14.8466,755.670259,0.00283945704845,14.2732,15.2757,14.3577,15.3601,Calculado
2026-06-19,LTN,2026-06-19,100000,2022-02-11,2029-01-01,14.9717,14.9606,14.9655,704.076387,0.00120041415353,14.3797,15.4142,14.4757,15.5101,Calculado
2026-06-19,LTN,2026-06-19,100000,2025-07-04,2029-07-01,15.032,15.0222,15.0279,656.308246,0.00108761596623,14.4318,15.4723,14.5387,15.5792,Calculado
2026-06-19,LTN,2026-06-19,100000,2024-01-05,2030-01-01,15.0228,15.011,15.017,612.47978,0,14.425,15.4548,14.5398,15.5698,Calculado
2026-06-19,LTN,2026-06-19,100000,2025-01-10,2032-01-01,14.9815,14.9716,14.9765,463.88414,0,14.3739,15.3769,14.5164,15.5194,Calculado
2026-06-19,NTN-C,2026-06-19,770100,2000-07-01,2031-01-01,8.3723,8.0458,8.1503,7971.049877,0.12711539074435,7.5056,8.5371,7.4384,8.47,Calculado
2026-06-19,LFT,2026-06-19,210100,2000-07-01,2026-09-01,-0.0083,-0.0215,-0.0164,19253.669545,0.00188530609451,-0.0639,0.0175,-0.0632,0.0175,Calculado
2026-06-19,LFT,2026-06-19,210100,2000-07-01,2027-03-01,0.0119,0.0107,0.0112,19251.551711,0.00026045393067,-0.0271,0.0318,-0.0264,0.0316,Calculado
2026-06-19,LFT,2026-06-19,210100,2000-07-01,2027-09-01,0.0163,0.0141,0.0152,19249.510889,0.0003188062421,-0.0019,0.036,-0.0012,0.0354,Calculado
2026-06-19,LFT,2026-06-19,210100,2000-07-01,2028-03-01,0.0224,0.0209,0.0213,19246.103102,0.00021975363478,0.0042,0.0562,0.0047,0.0558,Calculado
2026-06-19,LFT,2026-06-19,210100,2000-07-01,2028-09-01,0.0338,0.0314,0.0325,19239.268275,0.00013847674895,0.0218,0.0555,0.0218,0.0555,Calculado
2026-06-19,LFT,2026-06-19,210100,2000-07-01,2029-03-01,0.0455,0.0431,0.0444,19230.180843,0.00006741995254,0.0293,0.0589,0.0293,0.059,Calculado
2026-06-19,LFT,2026-06-19,210100,2000-07-01,2029-09-01,0.0556,0.053,0.0543,19219.745698,0.0002587418791,0.0335,0.0663,0.0334,0.0663,Calculado
2026-06-19,LFT,2026-06-19,210100,2000-07-01,2030-03-01,0.0632,0.0607,0.0619,19209.34906,0.00016880971536,0.0406,0.0746,0.0404,0.0747,Calculado
2026-06-19,LFT,2026-06-19,210100,2000-07-01,2030-06-01,0.0666,0.0637,0.0652,19203.938957,0.00019541525017,0.0451,0.0783,0.0452,0.0782,Calculado
2026-06-19,LFT,2026-06-19,210100,2000-07-01,2030-09-01,0.071,0.0684,0.0699,19196.988612,0.00010307759213,0.0516,0.0797,0.0516,0.0797,Calculado
2026-06-19,LFT,2026-06-19,210100,2000-07-01,2030-12-01,0.0712,0.0679,0.0699,19193.638584,0.00004258145136,0.0568,0.0834,0.0568,0.0833,Calculado
2026-06-19,LFT,2026-06-19,210100,2000-07-01,2031-03-01,0.0755,0.0726,0.0742,19186.553467,0.00037136032367,0.0617,0.0886,0.0617,0.0886,Calculado
2026-06-19,LFT,2026-06-19,210100,2000-07-01,2031-06-01,0.0797,0.0766,0.0782,19179.295074,0.00019571430709,0.0662,0.0946,0.0661,0.0946,Calculado
2026-06-19,LFT,2026-06-19,210100,2000-07-01,2031-09-01,0.0822,0.0789,0.0807,19173.018584,0.00036650712135,0.0693,0.1026,0.0691,0.1027,Calculado
2026-06-19,LFT,2026-06-19,210100,2000-07-01,2031-12-01,0.0944,0.0909,0.0928,19156.537987,0.00020018371562,0.0809,0.1023,0.0809,0.1022,Calculado
2026-06-19,LFT,2026-06-19,210100,2000-07-01,2032-03-01,0.098,0.0955,0.0966,19148.124411,0.00030949872375,0.0847,0.1091,0.0848,0.109,Calculado
2026-06-19,LFT,2026-06-19,210100,2000-07-01,2032-06-01,0.111,0.1099,0.1103,19128.024243,0.00018725744311,0.0846,0.1201,0.0846,0.1202,Calculado
2026-06-19,NTN-B,2026-06-19,760199,2000-07-15,2026-08-15,11.1725,11.12,11.15,4791.627972,0,10.2398,12.1229,10.4034,12.3021,Calculado
2026-06-19,NTN-B,2026-06-19,760199,2000-07-15,2027-05-15,8.5885,8.5596,8.5733,4663.433871,0.00564099865183,8.2578,8.8069,8.3115,8.8616,Calculado
2026-06-19,NTN-B,2026-06-19,760199,2000-07-15,2028-08-15,8.985,8.9518,8.9683,4572.59243,0.0116639452605,8.4775,9.1204,8.6259,9.2683,Calculado
2026-06-19,NTN-B,2026-06-19,760199,2000-07-15,2029-05-15,8.8354,8.7984,8.8171,4445.752476,0.01216961031381,8.287,8.955,8.4695,9.1376,Calculado
2026-06-19,NTN-B,2026-06-19,760199,2000-07-15,2030-08-15,8.8916,8.8648,8.8766,4390.521296,0.00607105489186,8.378,8.9831,8.5545,9.1598,Calculado
2026-06-19,NTN-B,2026-06-19,760199,2000-07-15,2031-05-15,8.7884,8.76,8.7778,4274.746517,0.00637589650716,8.296,8.8651,8.4757,9.045,Calculado
2026-06-19,NTN-B,2026-06-19,760199,2000-07-15,2032-08-15,8.666,8.6382,8.652,4268.032602,0.00441026939993,8.2317,8.7674,8.3636,8.8995,Calculado
2026-06-19,NTN-B,2026-06-19,760199,2000-07-15,2033-05-15,8.5555,8.5274,8.538,4172.882514,0.01108005186811,8.1515,8.6644,8.2644,8.7776,Calculado
2026-06-19,NTN-B,2026-06-19,760199,2000-07-15,2035-05-15,8.2693,8.245,8.258,4129.02427,0.01507474788214,7.8868,8.3749,7.9948,8.4831,Calculado
2026-06-19,NTN-B,2026-06-19,760199,2000-07-15,2037-05-15,7.9903,7.951,7.9763,4121.396543,0.01572456373799,7.6495,8.1198,7.7221,8.1926,Calculado
2026-06-19,NTN-B,2026-06-19,760199,2000-07-15,2040-08-15,7.8562,7.8015,7.8262,4132.011914,0.02295407355438,7.5107,7.9605,7.5824,8.0326,Calculado
2026-06-19,NTN-B,2026-06-19,760199,2000-07-15,2045-05-15,7.69,7.6373,7.6656,4017.330868,0.00926253023693,7.375,7.8177,7.4302,7.8736,Calculado
2026-06-19,NTN-B,2026-06-19,760199,2000-07-15,2050-08-15,7.5859,7.5361,7.5659,4051.085097,0.00928388260266,7.2794,7.7188,7.3347,7.7752,Calculado
2026-06-19,NTN-B,2026-06-19,760199,2000-07-15,2055-05-15,7.4842,7.4381,7.4658,3981.256599,0.00669116874096,7.1914,7.6293,7.2365,7.6758,Calculado
2026-06-19,NTN-B,2026-06-19,760199,2000-07-15,2060-08-15,7.4815,7.4487,7.464,4015.526918,0.00921520268198,7.1868,7.6248,7.2352,7.675,Calculado
2026-06-19,NTN-F,2026-06-19,950199,2016-01-15,2027-01-01,14.1493,14.1128,14.1306,1025.718438,0.00051784336435,13.9108,14.3931,13.9231,14.4026,Calculado
2026-06-19,NTN-F,2026-06-19,950199,2018-01-05,2029-01-01,14.9615,14.9343,14.9489,951.169137,0.00005546990175,14.3691,15.3878,14.4659,15.4845,Calculado
2026-06-19,NTN-F,2026-06-19,950199,2020-01-10,2031-01-01,15.049,15.0383,15.0442,894.289983,0.00058473220366,14.4736,15.4535,14.6067,15.5867,Calculado
2026-06-19,NTN-F,2026-06-19,950199,2022-01-07,2033-01-01,14.9695,14.9607,14.9636,854.464726,0.00057586890001,14.3857,15.363,14.5189,15.496,Calculado
2026-06-19,NTN-F,2026-06-19,950199,2024-01-05,2035-01-01,14.8766,14.8594,14.8673,827.205564,0.00219693785529,14.2936,15.2634,14.4228,15.3921,Calculado
2026-06-19,NTN-F,2026-06-19,950199,2026-01-09,2037-01-01,14.803,14.7901,14.7967,806.550694,0.0005240467441,14.2365,15.205,14.3534,15.3215,Calculado
2026-06-22,LTN,2026-06-22,100000,2023-01-06,2026-07-01,14.2701,14.2414,14.2534,996.305491,0.00441798537345,14.0896,14.4689,14.0909,14.4755,Calculado
2026-06-22,LTN,2026-06-22,100000,2024-07-05,2026-10-01,13.8826,13.8433,13.8613,963.590549,0.01527901132665,13.7088,13.9882,13.7084,13.9853,Calculado
2026-06-22,LTN,2026-06-22,100000,2025-01-10,2027-04-01,14.1697,14.148,14.1581,903.085656,0.0087866877912,13.926,14.5979,13.8523,14.5215,Calculado
2026-06-22,LTN,2026-06-22,100000,2023-07-07,2027-07-01,14.3562,14.3431,14.35,872.184474,0,14.062,14.8717,13.9718,14.7795,Calculado
2026-06-22,LTN,2026-06-22,100000,2025-07-04,2027-10-01,14.5426,14.5316,14.5379,840.767666,0.00295466723507,14.2003,15.1127,14.1003,15.0117,Calculado
2026-06-22,LTN,2026-06-22,100000,2024-01-05,2028-01-01,14.5653,14.5507,14.558,812.497943,0.00008732118872,14.2286,15.1954,14.0932,15.0593,Calculado
2026-06-22,LTN,2026-06-22,100000,2026-01-09,2028-04-01,14.6461,14.6318,14.639,784.368595,0,14.2878,15.2809,14.1582,15.151,Calculado
2026-06-22,LTN,2026-06-22,100000,2024-07-05,2028-07-01,14.7105,14.6975,14.7056,757.963903,0.00307901784178,14.3577,15.3601,14.2169,15.2193,Calculado
2026-06-22,LTN,2026-06-22,100000,2022-02-11,2029-01-01,14.8054,14.7934,14.7995,707.027713,0.00160516344962,14.4757,15.5101,14.3099,15.3441,Calculado
2026-06-22,LTN,2026-06-22,100000,2025-07-04,2029-07-01,14.8576,14.8475,14.852,659.69876,0,14.5387,15.5792,14.3628,15.4033,Calculado
2026-06-22,LTN,2026-06-22,100000,2024-01-05,2030-01-01,14.8383,14.828,14.832,616.282376,0.00073294329249,14.5398,15.5698,14.3548,15.3849,Calculado
2026-06-22,LTN,2026-06-22,100000,2025-01-10,2032-01-01,14.7808,14.7713,14.7751,468.63828,0.00087422479375,14.5164,15.5194,14.315,15.3165,Calculado
2026-06-22,NTN-C,2026-06-22,770100,2000-07-01,2031-01-01,8.2734,7.9406,8.0907,7987.466223,0.13637914123806,7.4384,8.47,7.6521,8.6839,Calculado
2026-06-22,LFT,2026-06-22,210100,2000-07-01,2026-09-01,-0.014,-0.0221,-0.0175,19263.822216,0.00122792895153,-0.0632,0.0175,-0.0638,0.016,Calculado
2026-06-22,LFT,2026-06-22,210100,2000-07-01,2027-03-01,0.0119,0.0108,0.0113,19261.64548,0.00025512293115,-0.0264,0.0316,-0.0262,0.0309,Calculado
2026-06-22,LFT,2026-06-22,210100,2000-07-01,2027-09-01,0.0168,0.0144,0.0153,19259.622849,0.00030464807565,-0.0012,0.0354,-0.0002,0.0346,Calculado
2026-06-22,LFT,2026-06-22,210100,2000-07-01,2028-03-01,0.0228,0.0203,0.0213,19256.213272,0.0001922454941,0.0047,0.0558,0.0055,0.0553,Calculado
2026-06-22,LFT,2026-06-22,210100,2000-07-01,2028-09-01,0.034,0.0309,0.0325,19249.413381,0.00007977236364,0.0218,0.0555,0.0218,0.0557,Calculado
2026-06-22,LFT,2026-06-22,210100,2000-07-01,2029-03-01,0.0454,0.0429,0.0443,19240.359701,0.00030473839601,0.0293,0.059,0.0294,0.0589,Calculado
2026-06-22,LFT,2026-06-22,210100,2000-07-01,2029-09-01,0.0553,0.0527,0.0542,19229.957601,0.00035010439872,0.0334,0.0663,0.0334,0.0661,Calculado
2026-06-22,LFT,2026-06-22,210100,2000-07-01,2030-03-01,0.0634,0.0603,0.0619,19219.478449,0.00007998156037,0.0404,0.0747,0.0402,0.0747,Calculado
2026-06-22,LFT,2026-06-22,210100,2000-07-01,2030-06-01,0.0668,0.0636,0.0652,19214.084768,0.00018809601272,0.0452,0.0782,0.045,0.0782,Calculado
2026-06-22,LFT,2026-06-22,210100,2000-07-01,2030-09-01,0.0713,0.0679,0.0698,19207.207824,0.00017986920248,0.0516,0.0797,0.0515,0.0795,Calculado
2026-06-22,LFT,2026-06-22,210100,2000-07-01,2030-12-01,0.0713,0.0679,0.0699,19203.778983,0.00010600981087,0.0568,0.0833,0.0568,0.0831,Calculado
2026-06-22,LFT,2026-06-22,210100,2000-07-01,2031-03-01,0.0758,0.0728,0.0743,19196.593829,0.00018351147103,0.0617,0.0886,0.0618,0.0884,Calculado
2026-06-22,LFT,2026-06-22,210100,2000-07-01,2031-06-01,0.0802,0.0766,0.0783,19189.331622,0.00017438276864,0.0661,0.0946,0.0662,0.0945,Calculado
2026-06-22,LFT,2026-06-22,210100,2000-07-01,2031-09-01,0.0824,0.0788,0.0807,19183.148152,0.00031834732604,0.0691,0.1027,0.0692,0.103,Calculado
2026-06-22,LFT,2026-06-22,210100,2000-07-01,2031-12-01,0.0944,0.0908,0.0928,19166.658897,0.00019610168281,0.0809,0.1022,0.0814,0.1022,Calculado
2026-06-22,LFT,2026-06-22,210100,2000-07-01,2032-03-01,0.0982,0.0954,0.0967,19158.144586,0.00031250729591,0.0848,0.109,0.085,0.1096,Calculado
2026-06-22,LFT,2026-06-22,210100,2000-07-01,2032-06-01,0.1116,0.1106,0.1111,19137.24407,0.00011147403285,0.0846,0.1202,0.0848,0.1209,Calculado
2026-06-22,NTN-B,2026-06-22,760199,2000-07-15,2026-08-15,11.1376,11.0786,11.1019,4794.706638,0.00626824821302,10.4034,12.3021,10.3473,12.2618,Calculado
2026-06-22,NTN-B,2026-06-22,760199,2000-07-15,2027-05-15,8.6189,8.589,8.6,4664.669587,0,8.3115,8.8616,8.3386,8.8897,Calculado
2026-06-22,NTN-B,2026-06-22,760199,2000-07-15,2028-08-15,8.9763,8.9513,8.963,4575.305814,0.00329013677375,8.6259,9.2683,8.6209,9.2629,Calculado
2026-06-22,NTN-B,2026-06-22,760199,2000-07-15,2029-05-15,8.7478,8.7219,8.7332,4457.064914,0.00423767562822,8.4695,9.1376,8.3857,9.054,Calculado
2026-06-22,NTN-B,2026-06-22,760199,2000-07-15,2030-08-15,8.7897,8.766,8.7798,4406.811702,0.0006057714503,8.5545,9.1598,8.4576,9.0632,Calculado
2026-06-22,NTN-B,2026-06-22,760199,2000-07-15,2031-05-15,8.6932,8.6617,8.68,4293.121625,0,8.4757,9.045,8.3778,8.9473,Calculado
2026-06-22,NTN-B,2026-06-22,760199,2000-07-15,2032-08-15,8.5654,8.5401,8.5521,4289.91095,0.00620925855236,8.3636,8.8995,8.2636,8.7996,Calculado
2026-06-22,NTN-B,2026-06-22,760199,2000-07-15,2033-05-15,8.4468,8.417,8.4326,4197.67746,0.00500785097821,8.2644,8.7776,8.1589,8.6722,Calculado
2026-06-22,NTN-B,2026-06-22,760199,2000-07-15,2035-05-15,8.176,8.151,8.1646,4155.275721,0.00447294498513,7.9948,8.4831,7.9013,8.3896,Calculado
2026-06-22,NTN-B,2026-06-22,760199,2000-07-15,2037-05-15,7.938,7.905,7.9192,4140.448845,0.01379822828808,7.7221,8.1926,7.665,8.1354,Calculado
2026-06-22,NTN-B,2026-06-22,760199,2000-07-15,2040-08-15,7.806,7.7835,7.7964,4144.303549,0.00823754471005,7.5824,8.0326,7.5527,7.9822,Calculado
2026-06-22,NTN-B,2026-06-22,760199,2000-07-15,2045-05-15,7.6568,7.6265,7.6421,4028.615087,0.00700594985138,7.4302,7.8736,7.407,7.826,Calculado
2026-06-22,NTN-B,2026-06-22,760199,2000-07-15,2050-08-15,7.561,7.5307,7.5492,4060.295636,0.00862600108567,7.3347,7.7752,7.3185,7.7327,Calculado
2026-06-22,NTN-B,2026-06-22,760199,2000-07-15,2055-05-15,7.4678,7.4287,7.4583,3986.549569,0.00953149212348,7.2365,7.6758,7.2295,7.6421,Calculado
2026-06-22,NTN-B,2026-06-22,760199,2000-07-15,2060-08-15,7.4606,7.4238,7.4512,4023.529151,0.01947085734399,7.2352,7.675,7.2231,7.6356,Calculado
2026-06-22,NTN-F,2026-06-22,950199,2016-01-15,2027-01-01,14.1052,14.0714,14.0915,1026.43517,0.00140152977492,13.9231,14.4026,13.8856,14.3623,Calculado
2026-06-22,NTN-F,2026-06-22,950199,2018-01-05,2029-01-01,14.7959,14.764,14.7802,954.725853,0.00361471665003,14.4659,15.4845,14.2971,15.316,Calculado
2026-06-22,NTN-F,2026-06-22,950199,2020-01-10,2031-01-01,14.8653,14.8528,14.859,899.820357,0,14.6067,15.5867,14.4213,15.4017,Calculado
2026-06-22,NTN-F,2026-06-22,950199,2022-01-07,2033-01-01,14.7716,14.7608,14.7664,861.574485,0.00005546990175,14.5189,15.496,14.3214,15.299,Calculado
2026-06-22,NTN-F,2026-06-22,950199,2024-01-05,2035-01-01,14.6679,14.6494,14.6579,835.665491,0.00246128851824,14.4228,15.3921,14.213,15.1825,Calculado
2026-06-22,NTN-F,2026-06-22,950199,2026-01-09,2037-01-01,14.6019,14.5899,14.596,815.296085,0,14.3534,15.3215,14.1524,15.1155,Calculado
2026-06-23,LTN,2026-06-23,100000,2023-01-06,2026-07-01,14.2792,14.2438,14.2561,996.83188,0.00648588210346,14.0909,14.4755,14.0945,14.4845,Calculado
2026-06-23,LTN,2026-06-23,100000,2024-07-05,2026-10-01,13.9286,13.8759,13.903,963.987588,0,13.7084,13.9853,13.751,14.0274,Calculado
2026-06-23,LTN,2026-06-23,100000,2025-01-10,2027-04-01,14.105,14.0883,14.095,903.943001,0,13.8523,14.5215,13.7912,14.4576,Calculado
2026-06-23,LTN,2026-06-23,100000,2023-07-07,2027-07-01,14.2749,14.2584,14.265,873.30816,0,13.9718,14.7795,13.888,14.694,Calculado
2026-06-23,LTN,2026-06-23,100000,2025-07-04,2027-10-01,14.4675,14.4526,14.459,841.959377,0.00327554066682,14.1003,15.0117,14.0221,14.9324,Calculado
2026-06-23,LTN,2026-06-23,100000,2024-01-05,2028-01-01,14.4396,14.4215,14.4291,814.332093,0.00438298143961,14.0932,15.0593,13.9647,14.9302,Calculado
2026-06-23,LTN,2026-06-23,100000,2026-01-09,2028-04-01,14.5267,14.5047,14.5148,786.304388,0.00225231906488,14.1582,15.151,14.0342,15.0268,Calculado
2026-06-23,LTN,2026-06-23,100000,2024-07-05,2028-07-01,14.5873,14.5737,14.5805,760.046754,0,14.2169,15.2193,14.0919,15.0943,Calculado
2026-06-23,LTN,2026-06-23,100000,2022-02-11,2029-01-01,14.694,14.6823,14.688,709.141149,0,14.3099,15.3441,14.1984,15.2325,Calculado
2026-06-23,LTN,2026-06-23,100000,2025-07-04,2029-07-01,14.7381,14.7262,14.7325,662.12598,0,14.3628,15.4033,14.2432,15.2838,Calculado
2026-06-23,LTN,2026-06-23,100000,2024-01-05,2030-01-01,14.7264,14.7147,14.721,618.709015,0,14.3548,15.3849,14.2436,15.2738,Calculado
2026-06-23,LTN,2026-06-23,100000,2025-01-10,2032-01-01,14.6868,14.6751,14.6815,471.001812,0,14.315,15.3165,14.2214,15.2229,Calculado
2026-06-23,NTN-C,2026-06-23,770100,2000-07-01,2031-01-01,8.2993,7.9689,8.1132,7982.571322,0.13603606422276,7.6521,8.6839,7.665,8.6971,Calculado
2026-06-23,LFT,2026-06-23,210100,2000-07-01,2026-09-01,-0.0513,-0.061,-0.0579,19275.464282,0.01622624219159,-0.0638,0.016,-0.1098,-0.0114,Calculado
2026-06-23,LFT,2026-06-23,210100,2000-07-01,2027-03-01,0.0125,0.011,0.0118,19271.705995,0.00034784211936,-0.0262,0.0309,-0.0512,0.0313,Calculado
2026-06-23,LFT,2026-06-23,210100,2000-07-01,2027-09-01,0.017,0.0152,0.0162,19269.547389,0.00038318409414,-0.0002,0.0346,0.0006,0.0334,Calculado
2026-06-23,LFT,2026-06-23,210100,2000-07-01,2028-03-01,0.0228,0.0198,0.0212,19266.386573,0.00031997021736,0.0055,0.0553,0.0054,0.0637,Calculado
2026-06-23,LFT,2026-06-23,210100,2000-07-01,2028-09-01,0.034,0.0313,0.0325,19259.544563,0.00018309505728,0.0218,0.0557,0.0218,0.0648,Calculado
2026-06-23,LFT,2026-06-23,210100,2000-07-01,2029-03-01,0.0451,0.0431,0.0444,19250.447581,0.00036197556547,0.0294,0.0589,0.0332,0.0612,Calculado
2026-06-23,LFT,2026-06-23,210100,2000-07-01,2029-09-01,0.0553,0.0533,0.0543,19240.020744,0.00032460500612,0.0334,0.0661,0.035,0.0662,Calculado
2026-06-23,LFT,2026-06-23,210100,2000-07-01,2030-03-01,0.063,0.0606,0.0618,19229.690273,0.00019386183224,0.0402,0.0747,0.0385,0.0746,Calculado
2026-06-23,LFT,2026-06-23,210100,2000-07-01,2030-06-01,0.0665,0.0633,0.0651,19224.293758,0.00031059713457,0.045,0.0782,0.0421,0.0781,Calculado
2026-06-23,LFT,2026-06-23,210100,2000-07-01,2030-09-01,0.0712,0.0685,0.0699,19217.278288,0.00008164961727,0.0515,0.0795,0.0476,0.0796,Calculado
2026-06-23,LFT,2026-06-23,210100,2000-07-01,2030-12-01,0.0713,0.0682,0.0699,19213.92474,0.00004803831804,0.0568,0.0831,0.0568,0.0791,Calculado
2026-06-23,LFT,2026-06-23,210100,2000-07-01,2031-03-01,0.0756,0.0727,0.0742,19206.832178,0.00019345919466,0.0618,0.0884,0.0617,0.0847,Calculado
2026-06-23,LFT,2026-06-23,210100,2000-07-01,2031-06-01,0.08,0.077,0.0783,19199.46979,0.00017863862964,0.0662,0.0945,0.0662,0.0915,Calculado
2026-06-23,LFT,2026-06-23,210100,2000-07-01,2031-09-01,0.082,0.0789,0.0808,19193.186705,0.00025560383409,0.0692,0.103,0.0693,0.1014,Calculado
2026-06-23,LFT,2026-06-23,210100,2000-07-01,2031-12-01,0.094,0.0911,0.0929,19176.708061,0.00010818174523,0.0814,0.1022,0.0815,0.1027,Calculado
2026-06-23,LFT,2026-06-23,210100,2000-07-01,2032-03-01,0.098,0.0951,0.0966,19168.38201,0.00043007826032,0.085,0.1096,0.0849,0.1127,Calculado
2026-06-23,LFT,2026-06-23,210100,2000-07-01,2032-06-01,0.112,0.1109,0.1114,19147.046503,0.00003631349611,0.0848,0.1209,0.0907,0.1212,Calculado
2026-06-23,NTN-B,2026-06-23,760199,2000-07-15,2026-08-15,11.1751,11.117,11.15,4797.127803,0,10.3473,12.2618,10.3911,12.3215,Calculado
2026-06-23,NTN-B,2026-06-23,760199,2000-07-15,2027-05-15,8.5884,8.5654,8.5772,4667.776388,0.00344190889333,8.3386,8.8897,8.3166,8.8687,Calculado
2026-06-23,NTN-B,2026-06-23,760199,2000-07-15,2028-08-15,8.9031,8.8753,8.8894,4583.741304,0.00727029179951,8.6209,9.2629,8.5473,9.189,Calculado
2026-06-23,NTN-B,2026-06-23,760199,2000-07-15,2029-05-15,8.6587,8.6339,8.6455,4468.802263,0.00588712019582,8.3857,9.054,8.2979,8.9664,Calculado
2026-06-23,NTN-B,2026-06-23,760199,2000-07-15,2030-08-15,8.7062,8.6824,8.6925,4421.747731,0.00412605471122,8.4576,9.0632,8.3701,8.976,Calculado
2026-06-23,NTN-B,2026-06-23,760199,2000-07-15,2031-05-15,8.6326,8.6048,8.6133,4306.349275,0.00815701183645,8.3778,8.9473,8.3109,8.8806,Calculado
2026-06-23,NTN-B,2026-06-23,760199,2000-07-15,2032-08-15,8.5296,8.4988,8.5116,4300.035869,0.00898185304934,8.2636,8.7996,8.223,8.7591,Calculado
2026-06-23,NTN-B,2026-06-23,760199,2000-07-15,2033-05-15,8.4291,8.3996,8.4134,4203.847597,0.01291887120417,8.1589,8.6722,8.1396,8.6529,Calculado
2026-06-23,NTN-B,2026-06-23,760199,2000-07-15,2035-05-15,8.2046,8.1793,8.1936,4149.641344,0.00437945814799,7.9013,8.3896,7.9304,8.4186,Calculado
2026-06-23,NTN-B,2026-06-23,760199,2000-07-15,2037-05-15,7.9733,7.9366,7.9566,4131.089497,0.00642455381797,7.665,8.1354,7.7025,8.1728,Calculado
2026-06-23,NTN-B,2026-06-23,760199,2000-07-15,2040-08-15,7.8436,7.8091,7.8256,4135.967823,0.00647623026382,7.5527,7.9822,7.5821,8.0113,Calculado
2026-06-23,NTN-B,2026-06-23,760199,2000-07-15,2045-05-15,7.6635,7.6393,7.6541,4025.566099,0.00691498058638,7.407,7.826,7.4192,7.8379,Calculado
2026-06-23,NTN-B,2026-06-23,760199,2000-07-15,2050-08-15,7.5664,7.5404,7.5555,4059.297591,0.00703729196851,7.3185,7.7327,7.325,7.7388,Calculado
2026-06-23,NTN-B,2026-06-23,760199,2000-07-15,2055-05-15,7.4796,7.4567,7.4722,3981.741682,0.00460888598904,7.2295,7.6421,7.2437,7.6557,Calculado
2026-06-23,NTN-B,2026-06-23,760199,2000-07-15,2060-08-15,7.4781,7.4523,7.4672,4017.50502,0.00525031327256,7.2231,7.6356,7.2395,7.6513,Calculado
2026-06-23,NTN-F,2026-06-23,950199,2016-01-15,2027-01-01,14.0775,14.043,14.0605,1027.112915,0.00069761497977,13.8856,14.3623,13.8565,14.3303,Calculado
2026-06-23,NTN-F,2026-06-23,950199,2018-01-05,2029-01-01,14.6646,14.6509,14.658,957.450252,0,14.2971,15.316,14.1748,15.1937,Calculado
2026-06-23,NTN-F,2026-06-23,950199,2020-01-10,2031-01-01,14.7599,14.7476,14.754,903.185499,0,14.4213,15.4017,14.316,15.2967,Calculado
2026-06-23,NTN-F,2026-06-23,950199,2022-01-07,2033-01-01,14.6854,14.6718,14.6785,865.027669,0,14.3214,15.299,14.2335,15.2111,Calculado
2026-06-23,NTN-F,2026-06-23,950199,2024-01-05,2035-01-01,14.5914,14.5741,14.5806,839.103872,0.00184136498012,14.213,15.1825,14.1358,15.1051,Calculado
2026-06-23,NTN-F,2026-06-23,950199,2026-01-09,2037-01-01,14.5154,14.5036,14.509,819.378854,0,14.1524,15.1155,14.0654,15.0283,Calculado
2026-06-24,LTN,2026-06-24,100000,2023-01-06,2026-07-01,14.2829,14.2512,14.2626,997.358076,0.01228222053091,14.0945,14.4845,14.1002,14.4973,Calculado
2026-06-24,LTN,2026-06-24,100000,2024-07-05,2026-10-01,13.8796,13.8405,13.8623,964.581442,0.02459217408669,13.751,14.0274,13.7114,13.9874,Calculado
2026-06-24,LTN,2026-06-24,100000,2025-01-10,2027-04-01,13.996,13.9762,13.986,905.074983,0,13.7912,14.4576,13.6844,14.3386,Calculado
2026-06-24,LTN,2026-06-24,100000,2023-07-07,2027-07-01,14.1118,14.0983,14.1038,875.019533,0.00224791115705,13.888,14.694,13.7283,14.5093,Calculado
2026-06-24,LTN,2026-06-24,100000,2025-07-04,2027-10-01,14.2453,14.2308,14.2395,844.466613,0.00292597673607,14.0221,14.9324,13.8036,14.676,Calculado
2026-06-24,LTN,2026-06-24,100000,2024-01-05,2028-01-01,14.2379,14.2221,14.2291,816.936881,0.00274116003364,13.9647,14.9302,13.7654,14.6808,Calculado
2026-06-24,LTN,2026-06-24,100000,2026-01-09,2028-04-01,14.2747,14.2625,14.2682,789.734772,0.0050514643085,14.0342,15.0268,13.788,14.7356,Calculado
2026-06-24,LTN,2026-06-24,100000,2024-07-05,2028-07-01,14.3151,14.2982,14.3055,764.142701,0,14.0919,15.0943,13.8172,14.8065,Calculado
2026-06-24,LTN,2026-06-24,100000,2022-02-11,2029-01-01,14.4147,14.4051,14.4098,713.854887,0.00098413891296,14.1984,15.2325,13.9203,14.9132,Calculado
2026-06-24,LTN,2026-06-24,100000,2025-07-04,2029-07-01,14.4653,14.4554,14.4601,667.222051,0.00104149213631,14.2432,15.2838,13.9708,14.9434,Calculado
2026-06-24,LTN,2026-06-24,100000,2024-01-05,2030-01-01,14.4612,14.4517,14.4556,624.073456,0.00071993099669,14.2436,15.2738,13.9781,14.9268,Calculado
2026-06-24,LTN,2026-06-24,100000,2025-01-10,2032-01-01,14.449,14.4383,14.4434,476.667861,0.00076534411868,14.2214,15.2229,13.9832,14.8722,Calculado
2026-06-24,NTN-C,2026-06-24,770100,2000-07-01,2031-01-01,8.3156,7.9435,8.0771,7992.879385,0.09344538957766,7.665,8.6971,7.5701,8.6101,Calculado
2026-06-24,LFT,2026-06-24,210100,2000-07-01,2026-09-01,-0.0721,-0.1111,-0.0966,19286.997564,0.00680371870597,-0.1098,-0.0114,-0.1493,-0.0378,Calculado
2026-06-24,LFT,2026-06-24,210100,2000-07-01,2027-03-01,0.0125,0.0107,0.0117,19281.868182,0.0003662207531,-0.0512,0.0313,-0.0746,0.0314,Calculado
2026-06-24,LFT,2026-06-24,210100,2000-07-01,2027-09-01,0.0172,0.0163,0.0168,19279.534891,0.00031352932877,0.0006,0.0334,0.0008,0.0324,Calculado
2026-06-24,LFT,2026-06-24,210100,2000-07-01,2028-03-01,0.0227,0.0198,0.0213,19276.488115,0.00033781302521,0.0054,0.0637,0.0052,0.0714,Calculado
2026-06-24,LFT,2026-06-24,210100,2000-07-01,2028-09-01,0.0337,0.0307,0.0323,19269.777495,0.00025624548777,0.0218,0.0648,0.0215,0.0734,Calculado
2026-06-24,LFT,2026-06-24,210100,2000-07-01,2029-03-01,0.0451,0.0432,0.0443,19260.656451,0.00039507196813,0.0332,0.0612,0.033,0.067,Calculado
2026-06-24,LFT,2026-06-24,210100,2000-07-01,2029-09-01,0.0553,0.053,0.0543,19250.185569,0.00029995613013,0.035,0.0662,0.0365,0.0664,Calculado
2026-06-24,LFT,2026-06-24,210100,2000-07-01,2030-03-01,0.0631,0.0609,0.0619,19239.772538,0.00008338087311,0.0385,0.0746,0.0367,0.0748,Calculado
2026-06-24,LFT,2026-06-24,210100,2000-07-01,2030-06-01,0.0666,0.0642,0.0652,19234.373188,0.00022873620177,0.0421,0.0781,0.0391,0.0783,Calculado
2026-06-24,LFT,2026-06-24,210100,2000-07-01,2030-09-01,0.0715,0.0689,0.07,19227.354034,0.00022573406921,0.0476,0.0796,0.0441,0.0797,Calculado
2026-06-24,LFT,2026-06-24,210100,2000-07-01,2030-12-01,0.0715,0.0686,0.0699,19224.075857,0.00007037307724,0.0568,0.0791,0.0531,0.0791,Calculado
2026-06-24,LFT,2026-06-24,210100,2000-07-01,2031-03-01,0.0762,0.0726,0.0743,19216.883152,0.00018190170423,0.0617,0.0847,0.0595,0.0835,Calculado
2026-06-24,LFT,2026-06-24,210100,2000-07-01,2031-06-01,0.0802,0.0767,0.0783,19209.613313,0.00016289855739,0.0662,0.0915,0.0662,0.0892,Calculado
2026-06-24,LFT,2026-06-24,210100,2000-07-01,2031-09-01,0.0828,0.0793,0.0808,19203.326928,0.00019073788297,0.0693,0.1014,0.0693,0.1005,Calculado
2026-06-24,LFT,2026-06-24,210100,2000-07-01,2031-12-01,0.095,0.091,0.0929,19186.839628,0.0001289379308,0.0815,0.1027,0.0815,0.1039,Calculado
2026-06-24,LFT,2026-06-24,210100,2000-07-01,2032-03-01,0.1004,0.0977,0.0988,19176.156629,0.00047147816492,0.0849,0.1127,0.0871,0.1142,Calculado
2026-06-24,LFT,2026-06-24,210100,2000-07-01,2032-06-01,0.1118,0.1109,0.1112,19157.413172,0.00018622123939,0.0907,0.1212,0.0977,0.121,Calculado
2026-06-24,NTN-B,2026-06-24,760199,2000-07-15,2026-08-15,11.232,11.1667,11.2,4799.554339,0,10.3911,12.3215,10.4338,12.3802,Calculado
2026-06-24,NTN-B,2026-06-24,760199,2000-07-15,2027-05-15,8.6815,8.6561,8.6677,4666.630237,0.00426672793953,8.3166,8.8687,8.4078,8.9608,Calculado
2026-06-24,NTN-B,2026-06-24,760199,2000-07-15,2028-08-15,8.906,8.8768,8.89,4585.950173,0,8.5473,9.189,8.5482,9.1063,Calculado
2026-06-24,NTN-B,2026-06-24,760199,2000-07-15,2029-05-15,8.6655,8.6418,8.6503,4470.439172,0.00124328259861,8.2979,8.9664,8.3029,8.8688,Calculado
2026-06-24,NTN-B,2026-06-24,760199,2000-07-15,2030-08-15,8.671,8.6446,8.66,4428.663838,0,8.3701,8.976,8.3375,8.8715,Calculado
2026-06-24,NTN-B,2026-06-24,760199,2000-07-15,2031-05-15,8.5757,8.545,8.56,4317.359265,0,8.3109,8.8806,8.2575,8.7639,Calculado
2026-06-24,NTN-B,2026-06-24,760199,2000-07-15,2032-08-15,8.472,8.4434,8.46,4312.394921,0,8.223,8.7591,8.1713,8.6579,Calculado
2026-06-24,NTN-B,2026-06-24,760199,2000-07-15,2033-05-15,8.371,8.3353,8.3517,4219.275575,0.00588986215289,8.1396,8.6529,8.0778,8.5478,Calculado
2026-06-24,NTN-B,2026-06-24,760199,2000-07-15,2035-05-15,8.163,8.1277,8.1386,4165.946772,0.00915980205463,7.9304,8.4186,7.8753,8.3305,Calculado
2026-06-24,NTN-B,2026-06-24,760199,2000-07-15,2037-05-15,7.9478,7.911,7.9325,4140.225028,0.00339169091163,7.7025,8.1728,7.6783,8.1213,Calculado
2026-06-24,NTN-B,2026-06-24,760199,2000-07-15,2040-08-15,7.8171,7.78,7.8,4146.795205,0,7.5821,8.0113,7.5565,7.9856,Calculado
2026-06-24,NTN-B,2026-06-24,760199,2000-07-15,2045-05-15,7.6528,7.6131,7.634,4035.495369,0.00957130304034,7.4192,7.8379,7.3992,7.8176,Calculado
2026-06-24,NTN-B,2026-06-24,760199,2000-07-15,2050-08-15,7.576,7.5306,7.5541,4061.719233,0.00738805341886,7.325,7.7388,7.3238,7.7372,Calculado
2026-06-24,NTN-B,2026-06-24,760199,2000-07-15,2055-05-15,7.4958,7.4504,7.4777,3980.906533,0.01026542485044,7.2437,7.6557,7.2495,7.6609,Calculado
2026-06-24,NTN-B,2026-06-24,760199,2000-07-15,2060-08-15,7.4953,7.4446,7.4706,4017.622783,0.0137790228917,7.2395,7.6513,7.2432,7.6544,Calculado
2026-06-24,NTN-F,2026-06-24,950199,2016-01-15,2027-01-01,14.0154,13.9806,14.0025,1027.910616,0.00072057668572,13.8565,14.3303,13.8007,14.2716,Calculado
2026-06-24,NTN-F,2026-06-24,950199,2018-01-05,2029-01-01,14.375,14.3476,14.3602,963.362948,0.0126451016113,14.1748,15.1937,13.8769,14.8587,Calculado
2026-06-24,NTN-F,2026-06-24,950199,2020-01-10,2031-01-01,14.506,14.4933,14.4995,910.688218,0,14.316,15.2967,14.0613,14.9491,Calculado
2026-06-24,NTN-F,2026-06-24,950199,2022-01-07,2033-01-01,14.4468,14.4341,14.4405,873.647642,0,14.2335,15.2111,13.9953,14.8547,Calculado
2026-06-24,NTN-F,2026-06-24,950199,2024-01-05,2035-01-01,14.3568,14.3424,14.3485,848.616631,0.00279710985126,14.1358,15.1051,13.9036,14.736,Calculado
2026-06-24,NTN-F,2026-06-24,950199,2026-01-09,2037-01-01,14.2917,14.2823,14.2868,829.239248,0.0009918417162,14.0654,15.0283,13.8433,14.6594,Calculado
2026-06-25,LTN,2026-06-25,100000,2023-01-06,2026-07-01,14.3036,14.2611,14.2796,997.883546,0.02705551523719,14.1002,14.4973,14.1148,14.5196,Calculado
2026-06-25,LTN,2026-06-25,100000,2024-07-05,2026-10-01,13.8526,13.8069,13.839,965.132562,0.03231200204537,13.7114,13.9874,13.6888,13.9638,Calculado
2026-06-25,LTN,2026-06-25,100000,2025-01-10,2027-04-01,13.9858,13.9514,13.9729,905.624148,0.01088803785859,13.6844,14.3386,13.6729,14.3245,Calculado
2026-06-25,LTN,2026-06-25,100000,2023-07-07,2027-07-01,14.0923,14.0326,14.046,875.925008,0,13.7283,14.5093,13.6715,14.451,Calculado
2026-06-25,LTN,2026-06-25,100000,2025-07-04,2027-10-01,14.1725,14.1565,14.1654,845.607109,0.00378325256757,13.8036,14.676,13.7454,14.6015,Calculado
2026-06-25,LTN,2026-06-25,100000,2024-01-05,2028-01-01,14.1847,14.126,14.1556,818.166162,0.00049302830548,13.7654,14.6808,13.7115,14.6071,Calculado
2026-06-25,LTN,2026-06-25,100000,2026-01-09,2028-04-01,14.2719,14.2426,14.2504,790.370272,0.00376593835053,13.788,14.7356,13.7951,14.7171,Calculado
2026-06-25,LTN,2026-06-25,100000,2024-07-05,2028-07-01,14.2672,14.2375,14.2498,765.296862,0.00461241929577,13.8172,14.8065,13.7918,14.7502,Calculado
2026-06-25,LTN,2026-06-25,100000,2022-02-11,2029-01-01,14.3783,14.3653,14.3716,714.832859,0.00035021000842,13.9203,14.9132,13.903,14.875,Calculado
2026-06-25,LTN,2026-06-25,100000,2025-07-04,2029-07-01,14.4586,14.4449,14.4497,667.761259,0.00231357549477,13.9708,14.9434,13.9947,14.9331,Calculado
2026-06-25,LTN,2026-06-25,100000,2024-01-05,2030-01-01,14.4759,14.4636,14.4702,624.130166,0.00101530766766,13.9781,14.9268,14.0349,14.9413,Calculado
2026-06-25,LTN,2026-06-25,100000,2025-01-10,2032-01-01,14.5074,14.496,14.5012,475.603354,0.00045447124221,13.9832,14.8722,14.1177,14.93,Calculado
2026-06-25,NTN-C,2026-06-25,770100,2000-07-01,2031-01-01,8.2341,7.961,8.0923,7989.879544,0.1278849639324,7.5701,8.6101,7.605,8.5731,Calculado
2026-06-25,LFT,2026-06-25,210100,2000-07-01,2026-09-01,-0.0648,-0.107,-0.0903,19296.839814,0.01742446782372,-0.1493,-0.0378,-0.1454,-0.0311,Calculado
2026-06-25,LFT,2026-06-25,210100,2000-07-01,2027-03-01,0.0122,0.0112,0.0116,19292.016434,0.00014608935622,-0.0746,0.0314,-0.0732,0.0335,Calculado
2026-06-25,LFT,2026-06-25,210100,2000-07-01,2027-09-01,0.0173,0.0156,0.0167,19289.701211,0.00044212688224,0.0008,0.0324,-0.0013,0.0343,Calculado
2026-06-25,LFT,2026-06-25,210100,2000-07-01,2028-03-01,0.0222,0.0203,0.0213,19286.633541,0.00020232562863,0.0052,0.0714,0.0031,0.0722,Calculado
2026-06-25,LFT,2026-06-25,210100,2000-07-01,2028-09-01,0.0336,0.0311,0.0324,19279.880809,0.00020164761343,0.0215,0.0734,0.0217,0.0718,Calculado
2026-06-25,LFT,2026-06-25,210100,2000-07-01,2029-03-01,0.0451,0.0428,0.0442,19270.851441,0.00039132029081,0.033,0.067,0.0331,0.0663,Calculado
2026-06-25,LFT,2026-06-25,210100,2000-07-01,2029-09-01,0.0551,0.0529,0.0543,19260.336472,0.00040688157982,0.0365,0.0664,0.0366,0.0662,Calculado
2026-06-25,LFT,2026-06-25,210100,2000-07-01,2030-03-01,0.063,0.0605,0.0619,19249.91797,0.00004140386455,0.0367,0.0748,0.0374,0.0747,Calculado
2026-06-25,LFT,2026-06-25,210100,2000-07-01,2030-06-01,0.0669,0.0639,0.0654,19244.361436,0.00031659739418,0.0391,0.0783,0.0398,0.0784,Calculado
2026-06-25,LFT,2026-06-25,210100,2000-07-01,2030-09-01,0.0718,0.0688,0.0702,19237.338594,0.00036888879083,0.0441,0.0797,0.0447,0.0799,Calculado
2026-06-25,LFT,2026-06-25,210100,2000-07-01,2030-12-01,0.0718,0.0684,0.07,19234.13587,0.00005773499805,0.0531,0.0791,0.0539,0.0792,Calculado
2026-06-25,LFT,2026-06-25,210100,2000-07-01,2031-03-01,0.0759,0.0726,0.0743,19227.035854,0.00015152006468,0.0595,0.0835,0.0602,0.0835,Calculado
2026-06-25,LFT,2026-06-25,210100,2000-07-01,2031-06-01,0.08,0.0773,0.0785,19219.569261,0.00041024880256,0.0662,0.0892,0.0665,0.0894,Calculado
2026-06-25,LFT,2026-06-25,210100,2000-07-01,2031-09-01,0.0823,0.0791,0.0808,19213.472509,0.00018747546506,0.0693,0.1005,0.0693,0.1006,Calculado
2026-06-25,LFT,2026-06-25,210100,2000-07-01,2031-12-01,0.0945,0.0903,0.0929,19196.995841,0.00005149281503,0.0815,0.1039,0.0816,0.1035,Calculado
2026-06-25,LFT,2026-06-25,210100,2000-07-01,2032-03-01,0.1009,0.0975,0.099,19186.075708,0.00044208435847,0.0871,0.1142,0.0873,0.1131,Calculado
2026-06-25,LFT,2026-06-25,210100,2000-07-01,2032-06-01,0.111,0.1097,0.1103,19168.576484,0.00021213201079,0.0977,0.121,0.0971,0.12,Calculado
2026-06-25,NTN-B,2026-06-25,760199,2000-07-15,2026-08-15,11.4313,11.3411,11.3965,4801.071869,0.00662795779634,10.4338,12.3802,10.6245,12.5873,Calculado
2026-06-25,NTN-B,2026-06-25,760199,2000-07-15,2027-05-15,8.7393,8.7115,8.725,4666.758063,0.00546165577366,8.4078,8.9608,8.4973,9.02,Calculado
2026-06-25,NTN-B,2026-06-25,760199,2000-07-15,2028-08-15,8.8912,8.8625,8.8757,4589.405629,0.00619519130052,8.5482,9.1063,8.6057,9.0922,Calculado
2026-06-25,NTN-B,2026-06-25,760199,2000-07-15,2029-05-15,8.633,8.6057,8.6141,4476.548868,0.00580805928258,8.3029,8.8688,8.333,8.8327,Calculado
2026-06-25,NTN-B,2026-06-25,760199,2000-07-15,2030-08-15,8.6244,8.5963,8.6077,4438.49092,0.00369274472852,8.3375,8.8715,8.3088,8.8193,Calculado
2026-06-25,NTN-B,2026-06-25,760199,2000-07-15,2031-05-15,8.5223,8.4953,8.5097,4327.879829,0.00092499999459,8.2575,8.7639,8.2107,8.7136,Calculado
2026-06-25,NTN-B,2026-06-25,760199,2000-07-15,2032-08-15,8.4238,8.3971,8.4146,4323.540096,0.01735013469429,8.1713,8.6579,8.1257,8.6125,Calculado
2026-06-25,NTN-B,2026-06-25,760199,2000-07-15,2033-05-15,8.3139,8.2848,8.2993,4232.718379,0.00642710036019,8.0778,8.5478,8.0253,8.4955,Calculado
2026-06-25,NTN-B,2026-06-25,760199,2000-07-15,2035-05-15,8.1054,8.0755,8.0922,4180.049364,0.00379714374761,7.8753,8.3305,7.8288,8.2842,Calculado
2026-06-25,NTN-B,2026-06-25,760199,2000-07-15,2037-05-15,7.92,7.8786,7.9011,4151.58526,0.01011246284295,7.6783,8.1213,7.6469,8.0899,Calculado
2026-06-25,NTN-B,2026-06-25,760199,2000-07-15,2040-08-15,7.787,7.7523,7.77,4159.189269,0,7.5565,7.9856,7.5265,7.9556,Calculado
2026-06-25,NTN-B,2026-06-25,760199,2000-07-15,2045-05-15,7.6208,7.583,7.6034,4049.715227,0.00391881906319,7.3992,7.8176,7.3687,7.7869,Calculado
2026-06-25,NTN-B,2026-06-25,760199,2000-07-15,2050-08-15,7.5494,7.515,7.5305,4074.029105,0.00468230462486,7.3238,7.7372,7.3004,7.7134,Calculado
2026-06-25,NTN-B,2026-06-25,760199,2000-07-15,2055-05-15,7.4793,7.4516,7.4621,3990.015464,0.00749505608985,7.2495,7.6609,7.2341,7.6452,Calculado
2026-06-25,NTN-B,2026-06-25,760199,2000-07-15,2060-08-15,7.4747,7.4446,7.457,4026.007774,0.00450810673232,7.2432,7.6544,7.2299,7.6405,Calculado
2026-06-25,NTN-F,2026-06-25,950199,2016-01-15,2027-01-01,13.9773,13.9483,13.9654,1028.611348,0.0031743834866,13.8007,14.2716,13.7651,14.2332,Calculado
2026-06-25,NTN-F,2026-06-25,950199,2018-01-05,2029-01-01,14.3372,14.3111,14.3241,964.532176,0.00971037833249,13.8769,14.8587,13.8645,14.8226,Calculado
2026-06-25,NTN-F,2026-06-25,950199,2020-01-10,2031-01-01,14.5367,14.5264,14.5318,910.284165,0.00093184404275,14.0613,14.9491,14.1242,14.9813,Calculado
2026-06-25,NTN-F,2026-06-25,950199,2022-01-07,2033-01-01,14.525,14.5122,14.5185,871.432808,0.00012499996,13.9953,14.8547,14.148,14.9325,Calculado
2026-06-25,NTN-F,2026-06-25,950199,2024-01-05,2035-01-01,14.4552,14.4417,14.4485,845.147446,0,13.9036,14.736,14.0758,14.8358,Calculado
2026-06-25,NTN-F,2026-06-25,950199,2026-01-09,2037-01-01,14.4321,14.42,14.4255,823.779431,0,13.8433,14.6594,14.0488,14.797,Calculado
2026-06-26,LTN,2026-06-26,100000,2023-01-06,2026-07-01,14.3245,14.3006,14.3071,998.409379,0.01836402088732,14.1148,14.5196,14.1402,14.5517,Calculado
2026-06-26,LTN,2026-06-26,100000,2024-07-05,2026-10-01,13.8393,13.7853,13.8165,965.680607,0.01994743091202,13.6888,13.9638,13.6669,13.9408,Calculado
2026-06-26,LTN,2026-06-26,100000,2025-01-10,2027-04-01,13.9562,13.9333,13.9423,906.277761,0.00224125330117,13.6729,14.3245,13.644,14.2931,Calculado
2026-06-26,LTN,2026-06-26,100000,2023-07-07,2027-07-01,14.0149,13.9994,14.0064,876.687588,0.00228514873695,13.6715,14.451,13.633,14.4109,Calculado
2026-06-26,LTN,2026-06-26,100000,2025-07-04,2027-10-01,14.0921,14.0793,14.0861,846.793937,0.0020915557033,13.7454,14.6015,13.6668,14.5221,Calculado
2026-06-26,LTN,2026-06-26,100000,2024-01-05,2028-01-01,14.084,14.0708,14.0769,819.450092,0.00249459942877,13.7115,14.6071,13.6332,14.5284,Calculado
2026-06-26,LTN,2026-06-26,100000,2026-01-09,2028-04-01,14.18,14.1662,14.1717,791.748887,0.0029141939383,13.7951,14.7171,13.7166,14.6379,Calculado
2026-06-26,LTN,2026-06-26,100000,2024-07-05,2028-07-01,14.1759,14.1561,14.1685,766.794609,0.004068404079,13.7918,14.7502,13.7106,14.6685,Calculado
2026-06-26,LTN,2026-06-26,100000,2022-02-11,2029-01-01,14.2758,14.2635,14.2693,716.813146,0.00111756313468,13.903,14.875,13.8007,14.7728,Calculado
2026-06-26,LTN,2026-06-26,100000,2025-07-04,2029-07-01,14.3675,14.356,14.3622,669.647628,0.00091156314098,13.9947,14.9331,13.907,14.8457,Calculado
2026-06-26,LTN,2026-06-26,100000,2024-01-05,2030-01-01,14.3989,14.3872,14.3926,625.942143,0.0010678995037,14.0349,14.9413,13.957,14.8637,Calculado
2026-06-26,LTN,2026-06-26,100000,2025-01-10,2032-01-01,14.4733,14.4627,14.4676,476.625522,0.00084136480197,14.1177,14.93,14.1038,14.8964,Calculado
2026-06-26,NTN-C,2026-06-26,770100,2000-07-01,2031-01-01,8.2299,7.9717,8.0828,7993.277645,0.07875027391076,7.605,8.5731,7.6293,8.5739,Calculado
2026-06-26,LFT,2026-06-26,210100,2000-07-01,2026-09-01,-0.0577,-0.0946,-0.09,19306.880118,0.00034982987294,-0.1454,-0.0311,-0.1456,-0.0304,Calculado
2026-06-26,LFT,2026-06-26,210100,2000-07-01,2027-03-01,0.0124,0.0112,0.0117,19302.150722,0.0001780005618,-0.0732,0.0335,-0.0734,0.0338,Calculado
2026-06-26,LFT,2026-06-26,210100,2000-07-01,2027-09-01,0.0177,0.0152,0.0167,19299.853587,0.00035260102099,-0.0013,0.0343,-0.0014,0.0343,Calculado
2026-06-26,LFT,2026-06-26,210100,2000-07-01,2028-03-01,0.0223,0.0199,0.0213,19296.784306,0.00010997831604,0.0031,0.0722,0.0029,0.0723,Calculado
2026-06-26,LFT,2026-06-26,210100,2000-07-01,2028-09-01,0.0335,0.0309,0.0323,19290.066633,0.00014476142442,0.0217,0.0718,0.0217,0.0719,Calculado
2026-06-26,LFT,2026-06-26,210100,2000-07-01,2029-03-01,0.0456,0.0427,0.0443,19280.955308,0.00034335802015,0.0331,0.0663,0.0332,0.0662,Calculado
2026-06-26,LFT,2026-06-26,210100,2000-07-01,2029-09-01,0.0557,0.0532,0.0543,19270.492726,0.00021143765038,0.0366,0.0662,0.0368,0.0662,Calculado
2026-06-26,LFT,2026-06-26,210100,2000-07-01,2030-03-01,0.0632,0.0605,0.0619,19260.088055,0.00005188728168,0.0374,0.0747,0.0375,0.0746,Calculado
2026-06-26,LFT,2026-06-26,210100,2000-07-01,2030-06-01,0.0669,0.0647,0.0656,19254.374173,0.00046619963535,0.0398,0.0784,0.0397,0.0786,Calculado
2026-06-26,LFT,2026-06-26,210100,2000-07-01,2030-09-01,0.0713,0.0687,0.0701,19247.579286,0.00016292363242,0.0447,0.0799,0.0449,0.0798,Calculado
2026-06-26,LFT,2026-06-26,210100,2000-07-01,2030-12-01,0.0713,0.0689,0.07,19244.297664,0.00008947921546,0.0539,0.0792,0.054,0.0791,Calculado
2026-06-26,LFT,2026-06-26,210100,2000-07-01,2031-03-01,0.0758,0.0726,0.0742,19237.290437,0.00014802621389,0.0602,0.0835,0.0604,0.0833,Calculado
2026-06-26,LFT,2026-06-26,210100,2000-07-01,2031-06-01,0.08,0.0772,0.0784,19229.819922,0.0002391774864,0.0665,0.0894,0.0664,0.0894,Calculado
2026-06-26,LFT,2026-06-26,210100,2000-07-01,2031-09-01,0.0823,0.079,0.0807,19223.719966,0.00030452724016,0.0693,0.1006,0.0693,0.1005,Calculado
2026-06-26,LFT,2026-06-26,210100,2000-07-01,2031-12-01,0.0945,0.0921,0.0931,19206.945089,0.00030975425744,0.0816,0.1035,0.0818,0.103,Calculado
2026-06-26,LFT,2026-06-26,210100,2000-07-01,2032-03-01,0.1005,0.0977,0.0991,19196.135041,0.00023962113847,0.0873,0.1131,0.0875,0.1127,Calculado
2026-06-26,LFT,2026-06-26,210100,2000-07-01,2032-06-01,0.1104,0.1088,0.1098,19179.302253,0.00034053619485,0.0971,0.12,0.0973,0.1195,Calculado
2026-06-26,NTN-B,2026-06-26,760199,2000-07-15,2026-08-15,11.6079,11.5702,11.5904,4802.483971,0.01605336339151,10.6245,12.5873,10.8135,12.7929,Calculado
2026-06-26,NTN-B,2026-06-26,760199,2000-07-15,2027-05-15,8.7002,8.6723,8.6854,4670.306078,0.00785012776457,8.4973,9.02,8.4554,8.9825,Calculado
2026-06-26,NTN-B,2026-06-26,760199,2000-07-15,2028-08-15,8.8153,8.7913,8.8046,4597.427237,0.00638705459426,8.6057,9.0922,8.5554,9.021,Calculado
2026-06-26,NTN-B,2026-06-26,760199,2000-07-15,2029-05-15,8.5328,8.501,8.5166,4489.177447,0.00724207284139,8.333,8.8327,8.2355,8.7351,Calculado
2026-06-26,NTN-B,2026-06-26,760199,2000-07-15,2030-08-15,8.5581,8.5255,8.5452,4449.655802,0.0184437550797,8.3088,8.8193,8.2462,8.7567,Calculado
2026-06-26,NTN-B,2026-06-26,760199,2000-07-15,2031-05-15,8.4814,8.4526,8.4716,4336.184474,0.01298512526894,8.2107,8.7136,8.1725,8.6755,Calculado
2026-06-26,NTN-B,2026-06-26,760199,2000-07-15,2032-08-15,8.3944,8.3623,8.3827,4331.815818,0.01359181072668,8.1257,8.6125,8.0937,8.5805,Calculado
2026-06-26,NTN-B,2026-06-26,760199,2000-07-15,2033-05-15,8.3102,8.275,8.296,4235.26,0.0166797955533,8.0253,8.4955,8.0219,8.4921,Calculado
2026-06-26,NTN-B,2026-06-26,760199,2000-07-15,2035-05-15,8.1413,8.1102,8.1273,4172.606276,0.00635924523745,7.8288,8.2842,7.864,8.3192,Calculado
2026-06-26,NTN-B,2026-06-26,760199,2000-07-15,2037-05-15,7.9681,7.9368,7.9582,4136.121842,0.00374557048258,7.6469,8.0899,7.7041,8.1468,Calculado
2026-06-26,NTN-B,2026-06-26,760199,2000-07-15,2040-08-15,7.8546,7.8226,7.8424,4135.572206,0.00794786584059,7.5265,7.9556,7.5991,8.0278,Calculado
2026-06-26,NTN-B,2026-06-26,760199,2000-07-15,2045-05-15,7.6883,7.644,7.6679,4025.232853,0.00662247256317,7.3687,7.7869,7.4335,7.8511,Calculado
2026-06-26,NTN-B,2026-06-26,760199,2000-07-15,2050-08-15,7.6243,7.5897,7.6111,4039.945083,0.00284785780895,7.3004,7.7134,7.3814,7.7936,Calculado
2026-06-26,NTN-B,2026-06-26,760199,2000-07-15,2055-05-15,7.5594,7.5217,7.5425,3953.922368,0.01353388369612,7.2341,7.6452,7.315,7.7251,Calculado
2026-06-26,NTN-B,2026-06-26,760199,2000-07-15,2060-08-15,7.5533,7.5158,7.5361,3989.388081,0.00850070025057,7.2299,7.6405,7.3095,7.7191,Calculado
2026-06-26,NTN-F,2026-06-26,950199,2016-01-15,2027-01-01,13.946,13.9135,13.9322,1029.292618,0.00465286178604,13.7651,14.2332,13.7334,14.1985,Calculado
2026-06-26,NTN-F,2026-06-26,950199,2018-01-05,2029-01-01,14.2293,14.2,14.2158,967.014714,0.00346774514635,13.8645,14.8226,13.7562,14.7145,Calculado
2026-06-26,NTN-F,2026-06-26,950199,2020-01-10,2031-01-01,14.4791,14.4706,14.4747,912.353871,0.00057611175131,14.1242,14.9813,14.0767,14.9241,Calculado
2026-06-26,NTN-F,2026-06-26,950199,2022-01-07,2033-01-01,14.5087,14.4992,14.5038,872.40618,0.00056167266268,14.148,14.9325,14.1446,14.9177,Calculado
2026-06-26,NTN-F,2026-06-26,950199,2024-01-05,2035-01-01,14.4824,14.4694,14.474,844.605051,0,14.0758,14.8358,14.1285,14.8611,Calculado
2026-06-26,NTN-F,2026-06-26,950199,2026-01-09,2037-01-01,14.4532,14.4459,14.4485,823.248448,0.0008187495771,14.0488,14.797,14.1151,14.8193,Calculado
2026-06-30,LTN,2026-06-30,100000,2023-01-06,2026-07-01,14.3495,14.3196,14.3196,999.469078,0.08298514750165,14.1733,14.5903,--,--,Calculado
2026-06-30,LTN,2026-06-30,100000,2024-07-05,2026-10-01,13.8154,13.7475,13.774,966.767549,0.03775004879732,13.6619,13.9345,13.6267,13.8981,Calculado
2026-06-30,LTN,2026-06-30,100000,2025-01-10,2027-04-01,13.7699,13.7289,13.7522,908.347884,0.0141048206263,13.5965,14.2429,13.4573,14.1011,Calculado
2026-06-30,LTN,2026-06-30,100000,2023-07-07,2027-07-01,13.7802,13.6933,13.7512,879.561195,0.02936165996687,13.5821,14.3584,13.3798,14.1546,Calculado
2026-06-30,LTN,2026-06-30,100000,2025-07-04,2027-10-01,13.9184,13.9048,13.9109,849.315266,0.00288489983362,13.6243,14.4787,13.4927,14.3463,Calculado
2026-06-30,LTN,2026-06-30,100000,2024-01-05,2028-01-01,13.9592,13.943,13.953,821.648852,0,13.6252,14.5199,13.5099,14.4042,Calculado
2026-06-30,LTN,2026-06-30,100000,2026-01-09,2028-04-01,13.9836,13.972,13.9789,794.935146,0.00354441327867,13.6617,14.5823,13.524,14.4439,Calculado
2026-06-30,LTN,2026-06-30,100000,2024-07-05,2028-07-01,13.9821,13.9639,13.9736,770.223706,0.00219905282565,13.6712,14.6286,13.5157,14.4726,Calculado
2026-06-30,LTN,2026-06-30,100000,2022-02-11,2029-01-01,14.1123,14.0992,14.1061,720.128656,0.00198908787639,13.7695,14.7416,13.6376,14.6098,Calculado
2026-06-30,LTN,2026-06-30,100000,2025-07-04,2029-07-01,14.2048,14.1928,14.198,673.237849,0.00115684944569,13.8697,14.8087,13.7425,14.6819,Calculado
2026-06-30,LTN,2026-06-30,100000,2024-01-05,2030-01-01,14.2224,14.2119,14.2161,629.98298,0.00106893141501,13.9094,14.8022,13.7802,14.6734,Calculado
2026-06-30,LTN,2026-06-30,100000,2025-01-10,2032-01-01,14.2933,14.2827,14.2878,481.262085,0.00107947275556,14.0304,14.7719,13.924,14.6655,Calculado
2026-06-30,NTN-C,2026-06-30,770100,2000-07-01,2031-01-01,8.2804,7.9538,8.0626,7992.772843,0.08551799630663,7.5447,8.4893,7.593,8.5376,Calculado
2026-06-30,LFT,2026-06-30,210100,2000-07-01,2026-09-01,-0.033,-0.0712,-0.0624,19326.0875,0.02648551689603,-0.1489,-0.0126,-0.1326,0.0027,Calculado
2026-06-30,LFT,2026-06-30,210100,2000-07-01,2027-03-01,0.012,0.01,0.0113,19322.493247,0.00030223338664,-0.0801,0.0455,-0.071,0.0477,Calculado
2026-06-30,LFT,2026-06-30,210100,2000-07-01,2027-09-01,0.0171,0.015,0.0167,19320.15505,0.00018427786085,-0.0132,0.046,-0.0155,0.0487,Calculado
2026-06-30,LFT,2026-06-30,210100,2000-07-01,2028-03-01,0.0229,0.0208,0.0215,19317.024571,0.00040392807528,-0.0088,0.0823,-0.0109,0.0809,Calculado
2026-06-30,LFT,2026-06-30,210100,2000-07-01,2028-09-01,0.0336,0.0305,0.0322,19310.435107,0.00017536139826,0.0217,0.0699,0.0216,0.0662,Calculado
2026-06-30,LFT,2026-06-30,210100,2000-07-01,2029-03-01,0.0451,0.044,0.0445,19301.198262,0,0.0331,0.065,0.0334,0.0622,Calculado
2026-06-30,LFT,2026-06-30,210100,2000-07-01,2029-09-01,0.0557,0.0532,0.0544,19290.763333,0.00010555969875,0.0364,0.0661,0.0357,0.0662,Calculado
2026-06-30,LFT,2026-06-30,210100,2000-07-01,2030-03-01,0.0635,0.061,0.062,19280.347728,0,0.0378,0.0747,0.0387,0.0747,Calculado
2026-06-30,LFT,2026-06-30,210100,2000-07-01,2030-06-01,0.0672,0.0642,0.0656,19274.705137,0.00019670485505,0.0404,0.0785,0.0419,0.0786,Calculado
2026-06-30,LFT,2026-06-30,210100,2000-07-01,2030-09-01,0.0718,0.0681,0.0701,19267.922433,0.00015788115784,0.0457,0.0798,0.0476,0.0798,Calculado
2026-06-30,LFT,2026-06-30,210100,2000-07-01,2030-12-01,0.072,0.0682,0.0701,19264.540743,0.00015484379226,0.0547,0.0792,0.0567,0.0792,Calculado
2026-06-30,LFT,2026-06-30,210100,2000-07-01,2031-03-01,0.0761,0.0726,0.0743,19257.526152,0.00017311068713,0.061,0.0835,0.0618,0.0846,Calculado
2026-06-30,LFT,2026-06-30,210100,2000-07-01,2031-06-01,0.0798,0.0769,0.0785,19250.06711,0.00007262726761,0.0665,0.09,0.0665,0.0915,Calculado
2026-06-30,LFT,2026-06-30,210100,2000-07-01,2031-09-01,0.0826,0.0792,0.0808,19243.960744,0.00014142132088,0.0693,0.1009,0.0693,0.1016,Calculado
2026-06-30,LFT,2026-06-30,210100,2000-07-01,2031-12-01,0.0948,0.0914,0.093,19227.380802,0.00013826655416,0.0817,0.1032,0.0817,0.103,Calculado
2026-06-30,LFT,2026-06-30,210100,2000-07-01,2032-03-01,0.101,0.0975,0.0991,19216.462774,0.00020232562863,0.0875,0.1122,0.0875,0.1109,Calculado
2026-06-30,LFT,2026-06-30,210100,2000-07-01,2032-06-01,0.1105,0.1095,0.1099,19199.515676,0.00005439053226,0.0961,0.1196,0.0933,0.1196,Calculado
2026-06-30,NTN-B,2026-06-30,760199,2000-07-15,2026-08-15,11.2785,11.2146,11.2498,4810.088855,0.00047149516434,10.5235,12.5195,10.4557,12.4684,Calculado
2026-06-30,NTN-B,2026-06-30,760199,2000-07-15,2027-05-15,8.6653,8.6378,8.65,4676.098736,0,8.4298,8.9613,8.4134,8.9493,Calculado
2026-06-30,NTN-B,2026-06-30,760199,2000-07-15,2028-08-15,8.8051,8.7751,8.7903,4603.079572,0.00249765972062,8.5683,9.0337,8.5418,9.0068,Calculado
2026-06-30,NTN-B,2026-06-30,760199,2000-07-15,2029-05-15,8.5426,8.516,8.53,4491.97252,0,8.2735,8.7729,8.2493,8.7486,Calculado
2026-06-30,NTN-B,2026-06-30,760199,2000-07-15,2030-08-15,8.532,8.5026,8.52,4457.600523,0,8.2675,8.778,8.2211,8.7316,Calculado
2026-06-30,NTN-B,2026-06-30,760199,2000-07-15,2031-05-15,8.4051,8.3773,8.3922,4353.674052,0.00331877774188,8.1509,8.6539,8.0931,8.5962,Calculado
2026-06-30,NTN-B,2026-06-30,760199,2000-07-15,2032-08-15,8.3125,8.2878,8.2991,4352.702422,0.00308927592164,8.0673,8.5542,8.0099,8.4969,Calculado
2026-06-30,NTN-B,2026-06-30,760199,2000-07-15,2033-05-15,8.2452,8.2137,8.2248,4254.819015,0.0073325954825,7.9911,8.4614,7.9505,8.4209,Calculado
2026-06-30,NTN-B,2026-06-30,760199,2000-07-15,2035-05-15,8.1311,8.0984,8.1098,4181.032026,0.00211119464996,7.8466,8.3018,7.8464,8.3016,Calculado
2026-06-30,NTN-B,2026-06-30,760199,2000-07-15,2037-05-15,7.9971,7.9705,7.9879,4130.976503,0.01255809012947,7.7059,8.1486,7.7338,8.1765,Calculado
2026-06-30,NTN-B,2026-06-30,760199,2000-07-15,2040-08-15,7.8658,7.8423,7.8531,4135.564491,0.00385773804839,7.6068,8.0353,7.6099,8.0384,Calculado
2026-06-30,NTN-B,2026-06-30,760199,2000-07-15,2045-05-15,7.714,7.685,7.6989,4016.333666,0.00198801556332,7.4555,7.8729,7.4647,7.8819,Calculado
2026-06-30,NTN-B,2026-06-30,760199,2000-07-15,2050-08-15,7.6569,7.6256,7.64,4030.81806,0,7.4072,7.8192,7.4106,7.8222,Calculado
2026-06-30,NTN-B,2026-06-30,760199,2000-07-15,2055-05-15,7.5905,7.5532,7.569,3945.091874,0.002001822085,7.3411,7.7508,7.3419,7.7511,Calculado
2026-06-30,NTN-B,2026-06-30,760199,2000-07-15,2060-08-15,7.5743,7.5446,7.5551,3983.795917,0.00729793679131,7.3352,7.7442,7.3291,7.7375,Calculado
2026-06-30,NTN-F,2026-06-30,950199,2016-01-15,2027-01-01,13.863,13.831,13.8474,1030.730123,0.0091030301488,13.715,14.1773,13.6517,14.111,Calculado
2026-06-30,NTN-F,2026-06-30,950199,2018-01-05,2029-01-01,14.0706,14.0383,14.0551,970.962541,0.0101948227915,13.7184,14.6768,13.5954,14.554,Calculado
2026-06-30,NTN-F,2026-06-30,950199,2020-01-10,2031-01-01,14.3042,14.2907,14.2984,918.229599,0.00144147016965,14.0282,14.8359,13.9,14.708,Calculado
2026-06-30,NTN-F,2026-06-30,950199,2022-01-07,2033-01-01,14.3397,14.3291,14.3342,879.19213,0.00053355257473,14.0917,14.8162,13.9749,14.6994,Calculado
2026-06-30,NTN-F,2026-06-30,950199,2024-01-05,2035-01-01,14.3223,14.3055,14.3112,851.893336,0.00069806279087,14.0711,14.7774,13.9657,14.672,Calculado
2026-06-30,NTN-F,2026-06-30,950199,2026-01-09,2037-01-01,14.3087,14.2916,14.3019,830.353585,0.00245635430262,14.0708,14.7751,13.9686,14.6729,Calculado
2026-06-29,LTN,2026-06-29,100000,2023-01-06,2026-07-01,14.4025,14.3001,14.3407,998.936974,0.03687430386746,14.1402,14.5517,14.1733,14.5903,Calculado
2026-06-29,LTN,2026-06-29,100000,2024-07-05,2026-10-01,13.8383,13.7599,13.8108,966.189536,0.00708805955252,13.6669,13.9408,13.6619,13.9345,Calculado
2026-06-29,LTN,2026-06-29,100000,2025-01-10,2027-04-01,13.9142,13.8677,13.8932,907.040446,0.00770143147603,13.644,14.2931,13.5965,14.2429,Calculado
2026-06-29,LTN,2026-06-29,100000,2023-07-07,2027-07-01,13.9645,13.9435,13.9545,877.543229,0.00346410161369,13.633,14.4109,13.5821,14.3584,Calculado
2026-06-29,LTN,2026-06-29,100000,2025-07-04,2027-10-01,14.056,14.0342,14.043,847.639687,0.00379430320876,13.6668,14.5221,13.6243,14.4787,Calculado
2026-06-29,LTN,2026-06-29,100000,2024-01-05,2028-01-01,14.0769,14.0596,14.0686,819.968433,0.00306741790925,13.6332,14.5284,13.6252,14.5199,Calculado
2026-06-29,LTN,2026-06-29,100000,2026-01-09,2028-04-01,14.1248,14.1101,14.1167,792.83669,0.00135699591009,13.7166,14.6379,13.6617,14.5823,Calculado
2026-06-29,LTN,2026-06-29,100000,2024-07-05,2028-07-01,14.1379,14.1197,14.1291,767.727707,0.00212436841673,13.7106,14.6685,13.6712,14.6286,Calculado
2026-06-29,LTN,2026-06-29,100000,2022-02-11,2029-01-01,14.245,14.2329,14.238,717.682466,0,13.8007,14.7728,13.7695,14.7416,Calculado
2026-06-29,LTN,2026-06-29,100000,2025-07-04,2029-07-01,14.33,14.3188,14.325,670.655122,0.00109467076329,13.907,14.8457,13.8697,14.8087,Calculado
2026-06-29,LTN,2026-06-29,100000,2024-01-05,2030-01-01,14.3511,14.3389,14.3451,627.1821,0.00135526264244,13.957,14.8637,13.9094,14.8022,Calculado
2026-06-29,LTN,2026-06-29,100000,2025-01-10,2032-01-01,14.3998,14.3895,14.3942,478.560422,0.00223078933116,14.1038,14.8964,14.0304,14.7719,Calculado
2026-06-29,NTN-C,2026-06-29,770100,2000-07-01,2031-01-01,8.2534,7.9699,8.082,7987.202655,0.08399216385908,7.6293,8.5739,7.5447,8.4893,Calculado
2026-06-29,LFT,2026-06-29,210100,2000-07-01,2026-09-01,-0.0465,-0.097,-0.0813,19316.655253,0.01489678877409,-0.1456,-0.0304,-0.1489,-0.0126,Calculado
2026-06-29,LFT,2026-06-29,210100,2000-07-01,2027-03-01,0.0127,0.0103,0.0115,19312.309649,0.00038680620471,-0.0734,0.0338,-0.0801,0.0455,Calculado
2026-06-29,LFT,2026-06-29,210100,2000-07-01,2027-09-01,0.0182,0.0151,0.0167,19309.991994,0.00018864840312,-0.0014,0.0343,-0.0132,0.046,Calculado
2026-06-29,LFT,2026-06-29,210100,2000-07-01,2028-03-01,0.0228,0.0196,0.0212,19306.959727,0.00018994457086,0.0029,0.0723,-0.0088,0.0823,Calculado
2026-06-29,LFT,2026-06-29,210100,2000-07-01,2028-09-01,0.0337,0.0309,0.0323,19300.219212,0.00018337317143,0.0217,0.0719,0.0217,0.0699,Calculado
2026-06-29,LFT,2026-06-29,210100,2000-07-01,2029-03-01,0.0451,0.0425,0.0442,19291.180355,0.00020058392259,0.0332,0.0662,0.0331,0.065,Calculado
2026-06-29,LFT,2026-06-29,210100,2000-07-01,2029-09-01,0.0555,0.0532,0.0542,19280.712278,0.00030055501992,0.0368,0.0662,0.0364,0.0661,Calculado
2026-06-29,LFT,2026-06-29,210100,2000-07-01,2030-03-01,0.0635,0.0603,0.0619,19270.2442,0.00004955935835,0.0375,0.0746,0.0378,0.0747,Calculado
2026-06-29,LFT,2026-06-29,210100,2000-07-01,2030-06-01,0.0672,0.0637,0.0655,19264.623885,0.00004258145136,0.0397,0.0786,0.0404,0.0785,Calculado
2026-06-29,LFT,2026-06-29,210100,2000-07-01,2030-09-01,0.0716,0.0685,0.0701,19257.748173,0.00015559730075,0.0449,0.0798,0.0457,0.0798,Calculado
2026-06-29,LFT,2026-06-29,210100,2000-07-01,2030-12-01,0.0719,0.0685,0.0701,19254.368259,0.00020749127693,0.054,0.0791,0.0547,0.0792,Calculado
2026-06-29,LFT,2026-06-29,210100,2000-07-01,2031-03-01,0.0762,0.0726,0.0743,19247.35735,0.00017505219222,0.0604,0.0833,0.061,0.0835,Calculado
2026-06-29,LFT,2026-06-29,210100,2000-07-01,2031-06-01,0.0803,0.0772,0.0785,19239.902225,0.00027318779255,0.0664,0.0894,0.0665,0.09,Calculado
2026-06-29,LFT,2026-06-29,210100,2000-07-01,2031-09-01,0.0825,0.0794,0.0808,19233.799065,0.00015484379226,0.0693,0.1005,0.0693,0.1009,Calculado
2026-06-29,LFT,2026-06-29,210100,2000-07-01,2031-12-01,0.095,0.0913,0.093,19217.208514,0.00017505216365,0.0818,0.103,0.0817,0.1032,Calculado
2026-06-29,LFT,2026-06-29,210100,2000-07-01,2032-03-01,0.101,0.0974,0.0991,19206.296218,0.00020390914644,0.0875,0.1127,0.0875,0.1122,Calculado
2026-06-29,LFT,2026-06-29,210100,2000-07-01,2032-06-01,0.111,0.1091,0.1099,19189.338705,0.00025489360526,0.0973,0.1195,0.0961,0.1196,Calculado
2026-06-29,NTN-B,2026-06-29,760199,2000-07-15,2026-08-15,11.3328,11.2968,11.3101,4806.970675,0.01803600895542,10.8135,12.7929,10.5235,12.5195,Calculado
2026-06-29,NTN-B,2026-06-29,760199,2000-07-15,2027-05-15,8.68,8.6493,8.6634,4673.360781,0.00608466420766,8.4554,8.9825,8.4298,8.9613,Calculado
2026-06-29,NTN-B,2026-06-29,760199,2000-07-15,2028-08-15,8.8341,8.8028,8.8172,4598.603879,0.00942436742121,8.5554,9.021,8.5683,9.0337,Calculado
2026-06-29,NTN-B,2026-06-29,760199,2000-07-15,2029-05-15,8.5741,8.5457,8.5543,4487.186477,0.00568335078805,8.2355,8.7351,8.2735,8.7729,Calculado
2026-06-29,NTN-B,2026-06-29,760199,2000-07-15,2030-08-15,8.5832,8.5485,8.5664,4448.644614,0.00625345754043,8.2462,8.7567,8.2675,8.778,Calculado
2026-06-29,NTN-B,2026-06-29,760199,2000-07-15,2031-05-15,8.4665,8.4363,8.45,4341.871381,0,8.1725,8.6755,8.1509,8.6539,Calculado
2026-06-29,NTN-B,2026-06-29,760199,2000-07-15,2032-08-15,8.37,8.3435,8.3564,4339.132269,0.00617420973,8.0937,8.5805,8.0673,8.5542,Calculado
2026-06-29,NTN-B,2026-06-29,760199,2000-07-15,2033-05-15,8.282,8.2482,8.2653,4243.955241,0.00658443187147,8.0219,8.4921,7.9911,8.4614,Calculado
2026-06-29,NTN-B,2026-06-29,760199,2000-07-15,2035-05-15,8.1237,8.0958,8.11,4179.060089,0,7.864,8.3192,7.8466,8.3018,Calculado
2026-06-29,NTN-B,2026-06-29,760199,2000-07-15,2037-05-15,7.9692,7.9442,7.96,4137.456867,0,7.7041,8.1468,7.7059,8.1486,Calculado
2026-06-29,NTN-B,2026-06-29,760199,2000-07-15,2040-08-15,7.863,7.827,7.85,4134.7841,0,7.5991,8.0278,7.6068,8.0353,Calculado
2026-06-29,NTN-B,2026-06-29,760199,2000-07-15,2045-05-15,7.702,7.673,7.6898,4018.205984,0.00057353931862,7.4335,7.8511,7.4555,7.8729,Calculado
2026-06-29,NTN-B,2026-06-29,760199,2000-07-15,2050-08-15,7.6525,7.6187,7.6368,4030.441947,0.00649376411028,7.3814,7.7936,7.4072,7.8192,Calculado
2026-06-29,NTN-B,2026-06-29,760199,2000-07-15,2055-05-15,7.589,7.5481,7.5684,3943.63864,0.00813648853253,7.315,7.7251,7.3411,7.7508,Calculado
2026-06-29,NTN-B,2026-06-29,760199,2000-07-15,2060-08-15,7.5835,7.5441,7.5615,3978.99119,0.00833729072661,7.3095,7.7191,7.3352,7.7442,Calculado
2026-06-29,NTN-F,2026-06-29,950199,2016-01-15,2027-01-01,13.9298,13.8954,13.9125,1029.912426,0.00172850004628,13.7334,14.1985,13.715,14.1773,Calculado
2026-06-29,NTN-F,2026-06-29,950199,2018-01-05,2029-01-01,14.1997,14.1568,14.178,968.213094,0.00012810249802,13.7562,14.7145,13.7184,14.6768,Calculado
2026-06-29,NTN-F,2026-06-29,950199,2020-01-10,2031-01-01,14.4319,14.4208,14.4264,914.181819,0.00191439409736,14.0767,14.9241,14.0282,14.8359,Calculado
2026-06-29,NTN-F,2026-06-29,950199,2022-01-07,2033-01-01,14.4572,14.4455,14.451,874.690061,0,14.1446,14.9177,14.0917,14.8162,Calculado
2026-06-29,NTN-F,2026-06-29,950199,2024-01-05,2035-01-01,14.4303,14.4108,14.4166,847.300305,0.00167278289087,14.1285,14.8611,14.0711,14.7774,Calculado
2026-06-29,NTN-F,2026-06-29,950199,2026-01-09,2037-01-01,14.4167,14.3967,14.4042,825.562225,0.00293746668407,14.1151,14.8193,14.0708,14.7751,Calculado
2026-07-01,LTN,2026-07-01,100000,2024-07-05,2026-10-01,13.7761,13.7036,13.7439,967.328753,0.01804827676289,13.6267,13.8981,13.5965,13.8667,Calculado
2026-07-01,LTN,2026-07-01,100000,2025-01-10,2027-04-01,13.818,13.7915,13.8058,908.494813,0.00319963081464,13.4573,14.1011,13.5119,14.153,Calculado
2026-07-01,LTN,2026-07-01,100000,2023-07-07,2027-07-01,13.838,13.8084,13.8241,879.451873,0.00650904348196,13.3798,14.1546,13.4532,14.2264,Calculado
2026-07-01,LTN,2026-07-01,100000,2025-07-04,2027-10-01,14.0288,14.0182,14.0241,848.699963,0.00178237401799,13.4927,14.3463,13.6061,14.4587,Calculado
2026-07-01,LTN,2026-07-01,100000,2024-01-05,2028-01-01,14.0928,14.0799,14.0845,820.653894,0.00211720840259,13.5099,14.4042,13.6414,14.5352,Calculado
2026-07-01,LTN,2026-07-01,100000,2026-01-09,2028-04-01,14.128,14.115,14.1209,793.616924,0.00179151438733,13.524,14.4439,13.6659,14.585,Calculado
2026-07-01,LTN,2026-07-01,100000,2024-07-05,2028-07-01,14.1501,14.1312,14.14,768.387196,0.0017223184781,13.5157,14.4726,13.6819,14.6383,Calculado
2026-07-01,LTN,2026-07-01,100000,2022-02-11,2029-01-01,14.3009,14.2888,14.295,717.551352,0,13.6376,14.6098,13.8264,14.7987,Calculado
2026-07-01,LTN,2026-07-01,100000,2025-07-04,2029-07-01,14.3921,14.3827,14.3875,670.276913,0,13.7425,14.6819,13.9318,14.8715,Calculado
2026-07-01,LTN,2026-07-01,100000,2024-01-05,2030-01-01,14.4148,14.4047,14.4097,626.619641,0.00150752279916,13.7802,14.6734,13.9736,14.8672,Calculado
2026-07-01,LTN,2026-07-01,100000,2025-01-10,2032-01-01,14.4724,14.4627,14.4672,477.401964,0.0010242883676,13.924,14.6655,14.1034,14.845,Calculado
2026-07-01,NTN-C,2026-07-01,770100,2000-07-01,2031-01-01,8.3117,7.9396,8.0682,7603.588835,0.07324527113459,7.593,8.5376,7.4822,8.4268,Calculado
2026-07-01,LFT,2026-07-01,210100,2000-07-01,2026-09-01,-0.0261,-0.0762,-0.0566,19335.988344,0.00956720091354,-0.1326,0.0027,-0.1321,0.0114,Calculado
2026-07-01,LFT,2026-07-01,210100,2000-07-01,2027-03-01,0.0112,0.0056,0.0099,19332.836886,0.0016502723048,-0.071,0.0477,-0.0734,0.0515,Calculado
2026-07-01,LFT,2026-07-01,210100,2000-07-01,2027-09-01,0.0156,0.0132,0.0147,19330.768138,0.00047441913958,-0.0155,0.0487,-0.0225,0.053,Calculado
2026-07-01,LFT,2026-07-01,210100,2000-07-01,2028-03-01,0.0218,0.019,0.0207,19327.442674,0.00066972337573,-0.0109,0.0809,-0.0167,0.083,Calculado
2026-07-01,LFT,2026-07-01,210100,2000-07-01,2028-09-01,0.0328,0.0299,0.0317,19320.81108,0.00058390727004,0.0216,0.0662,0.0212,0.0632,Calculado
2026-07-01,LFT,2026-07-01,210100,2000-07-01,2029-03-01,0.0446,0.0422,0.0436,19311.820727,0.00064250326847,0.0334,0.0622,0.0326,0.0605,Calculado
2026-07-01,LFT,2026-07-01,210100,2000-07-01,2029-09-01,0.0551,0.0523,0.0536,19301.418984,0.00036417714096,0.0357,0.0662,0.0353,0.0653,Calculado
2026-07-01,LFT,2026-07-01,210100,2000-07-01,2030-03-01,0.0634,0.0602,0.0617,19290.746565,0.0003345490547,0.0387,0.0747,0.0388,0.0743,Calculado
2026-07-01,LFT,2026-07-01,210100,2000-07-01,2030-06-01,0.0671,0.0637,0.0652,19285.19768,0.00042460765419,0.0419,0.0786,0.0424,0.0781,Calculado
2026-07-01,LFT,2026-07-01,210100,2000-07-01,2030-09-01,0.0719,0.0682,0.07,19278.16007,0.00004522665143,0.0476,0.0798,0.0479,0.0798,Calculado
2026-07-01,LFT,2026-07-01,210100,2000-07-01,2030-12-01,0.0717,0.0683,0.07,19274.795937,0.00004140386455,0.0567,0.0792,0.057,0.0794,Calculado
2026-07-01,LFT,2026-07-01,210100,2000-07-01,2031-03-01,0.0761,0.0724,0.0742,19267.796996,0.0001922454941,0.0618,0.0846,0.0616,0.0852,Calculado
2026-07-01,LFT,2026-07-01,210100,2000-07-01,2031-06-01,0.0803,0.0766,0.0785,19260.237365,0.00004923657177,0.0665,0.0915,0.0664,0.0918,Calculado
2026-07-01,LFT,2026-07-01,210100,2000-07-01,2031-09-01,0.0825,0.079,0.0807,19254.224462,0.00031992644467,0.0693,0.1016,0.0691,0.1019,Calculado
2026-07-01,LFT,2026-07-01,210100,2000-07-01,2031-12-01,0.0958,0.0913,0.093,19237.539139,0.00007037307724,0.0817,0.103,0.0817,0.1028,Calculado
2026-07-01,LFT,2026-07-01,210100,2000-07-01,2032-03-01,0.1008,0.0974,0.099,19226.731381,0.00010467029187,0.0875,0.1109,0.0874,0.1104,Calculado
2026-07-01,LFT,2026-07-01,210100,2000-07-01,2032-06-01,0.1104,0.1091,0.1098,19209.794715,0.00008660248264,0.0933,0.1196,0.0922,0.1196,Calculado
2026-07-01,NTN-B,2026-07-01,760199,2000-07-15,2026-08-15,11.4565,11.4011,11.435,4811.79523,0.02738612787526,10.4557,12.4684,10.636,12.6656,Calculado
2026-07-01,NTN-B,2026-07-01,760199,2000-07-15,2027-05-15,8.7226,8.685,8.7045,4676.339232,0.00957968656742,8.4134,8.9493,8.4653,9.0057,Calculado
2026-07-01,NTN-B,2026-07-01,760199,2000-07-15,2028-08-15,8.8825,8.8541,8.869,4598.748899,0.00188561808169,8.5418,9.0068,8.6206,9.0854,Calculado
2026-07-01,NTN-B,2026-07-01,760199,2000-07-15,2029-05-15,8.6178,8.5861,8.6033,4486.122511,0.00851068471863,8.2493,8.7486,8.3226,8.8219,Calculado
2026-07-01,NTN-B,2026-07-01,760199,2000-07-15,2030-08-15,8.6043,8.5757,8.59,4449.413106,0,8.2211,8.7316,8.2911,8.8016,Calculado
2026-07-01,NTN-B,2026-07-01,760199,2000-07-15,2031-05-15,8.4807,8.4425,8.46,4344.285978,0.00313134062504,8.0931,8.5962,8.1609,8.664,Calculado
2026-07-01,NTN-B,2026-07-01,760199,2000-07-15,2032-08-15,8.3996,8.3682,8.384,4337.658945,0.01251189909806,8.0099,8.4969,8.0948,8.5818,Calculado
2026-07-01,NTN-B,2026-07-01,760199,2000-07-15,2033-05-15,8.3452,8.3177,8.3282,4234.148283,0.00747164992622,7.9505,8.4209,8.0539,8.5243,Calculado
2026-07-01,NTN-B,2026-07-01,760199,2000-07-15,2035-05-15,8.2361,8.21,8.22,4154.187766,0,7.8464,8.3016,7.9566,8.4118,Calculado
2026-07-01,NTN-B,2026-07-01,760199,2000-07-15,2037-05-15,8.0977,8.063,8.078,4106.016153,0.00303291467404,7.7338,8.1765,7.8239,8.2666,Calculado
2026-07-01,NTN-B,2026-07-01,760199,2000-07-15,2040-08-15,7.9535,7.9195,7.9389,4107.732166,0.00990047367958,7.6099,8.0384,7.6956,8.1243,Calculado
2026-07-01,NTN-B,2026-07-01,760199,2000-07-15,2045-05-15,7.7728,7.7289,7.753,3996.499445,0.0046376020668,7.4647,7.8819,7.5187,7.9362,Calculado
2026-07-01,NTN-B,2026-07-01,760199,2000-07-15,2050-08-15,7.7052,7.6727,7.6888,4011.317834,0.00506132567022,7.4106,7.8222,7.4592,7.8712,Calculado
2026-07-01,NTN-B,2026-07-01,760199,2000-07-15,2055-05-15,7.6257,7.5968,7.6157,3925.308608,0.00635933773753,7.3419,7.7511,7.3883,7.7981,Calculado
2026-07-01,NTN-B,2026-07-01,760199,2000-07-15,2060-08-15,7.622,7.5872,7.602,3963.259989,0.0064245508629,7.3291,7.7375,7.3756,7.7847,Calculado
2026-07-01,NTN-F,2026-07-01,950199,2016-01-15,2027-01-01,13.9,13.8708,13.883,982.297074,0.00615032811645,13.6517,14.111,13.6883,14.1442,Calculado
2026-07-01,NTN-F,2026-07-01,950199,2018-01-05,2029-01-01,14.2559,14.2256,14.2433,919.238399,0.00691702788125,13.5954,14.554,13.7836,14.7421,Calculado
2026-07-01,NTN-F,2026-07-01,950199,2020-01-10,2031-01-01,14.496,14.4845,14.4906,864.575061,0.0009533052187,13.9,14.708,14.0921,14.9004,Calculado
2026-07-01,NTN-F,2026-07-01,950199,2022-01-07,2033-01-01,14.5235,14.5103,14.5176,824.532005,0.00064563009533,13.9749,14.6994,14.1585,14.8828,Calculado
2026-07-01,NTN-F,2026-07-01,950199,2024-01-05,2035-01-01,14.5079,14.4946,14.5,796.144364,0,13.9657,14.672,14.1545,14.8605,Calculado
2026-07-01,NTN-F,2026-07-01,950199,2026-01-09,2037-01-01,14.4736,14.4578,14.4663,775.012941,0.00091534536105,13.9686,14.6729,14.1329,14.837,Calculado
2026-07-03,LTN,2026-07-03,100000,2024-07-05,2026-10-01,13.8497,13.811,13.8254,968.144547,0.01422485469943,13.6289,13.896,13.6802,13.9441,Calculado
2026-07-03,LTN,2026-07-03,100000,2025-01-10,2027-04-01,13.8859,13.8226,13.8561,909.132779,0.01428507133864,13.6208,14.2592,13.5656,14.2013,Calculado
2026-07-03,LTN,2026-07-03,100000,2023-07-07,2027-07-01,13.9292,13.8855,13.8996,879.78181,0.03521806188747,13.596,14.3676,13.5307,14.3007,Calculado
2026-07-03,LTN,2026-07-03,100000,2025-07-04,2027-10-01,14.0105,13.9964,14.0031,849.778802,0.0025831413105,13.7043,14.5561,13.5862,14.437,Calculado
2026-07-03,LTN,2026-07-03,100000,2024-01-05,2028-01-01,14.1056,14.0935,14.0997,821.349288,0.00207592778776,13.796,14.6894,13.6571,14.55,Calculado
2026-07-03,LTN,2026-07-03,100000,2026-01-09,2028-04-01,14.1109,14.0976,14.1038,794.656744,0.00169441808005,13.8017,14.7201,13.6489,14.5666,Calculado
2026-07-03,LTN,2026-07-03,100000,2024-07-05,2028-07-01,14.1302,14.1136,14.1232,769.418839,0.00181701750955,13.8112,14.7671,13.665,14.6204,Calculado
2026-07-03,LTN,2026-07-03,100000,2022-02-11,2029-01-01,14.3015,14.2884,14.295,718.31266,0,13.9644,14.9368,13.8264,14.7989,Calculado
2026-07-03,LTN,2026-07-03,100000,2025-07-04,2029-07-01,14.4251,14.4139,14.4195,670.435507,0.00095976187151,14.095,15.035,13.9635,14.9038,Calculado
2026-07-03,LTN,2026-07-03,100000,2024-01-05,2030-01-01,14.4621,14.451,14.457,626.391873,0.00086649626658,14.1362,15.0302,14.0205,14.9149,Calculado
2026-07-03,LTN,2026-07-03,100000,2025-01-10,2032-01-01,14.5418,14.5306,14.5359,476.349899,0.0005360348123,14.2688,15.0104,14.1721,14.9138,Calculado
2026-07-03,NTN-C,2026-07-03,770100,2000-07-01,2031-01-01,8.2606,7.9576,8.0568,7609.491812,0.08790373980963,7.4987,8.4433,7.6301,8.5747,Calculado
2026-07-03,LFT,2026-07-03,210100,2000-07-01,2026-09-01,-0.0111,-0.0405,-0.0318,19355.437507,0.01020714275152,-0.1187,0.0266,-0.1141,0.0341,Calculado
2026-07-03,LFT,2026-07-03,210100,2000-07-01,2027-03-01,0.0084,0.0057,0.0063,19353.618193,0.0011560606299,-0.0686,0.053,-0.0675,0.0544,Calculado
2026-07-03,LFT,2026-07-03,210100,2000-07-01,2027-09-01,0.0103,0.0077,0.0094,19352.302093,0.00076674947017,-0.0305,0.0562,-0.0341,0.0573,Calculado
2026-07-03,LFT,2026-07-03,210100,2000-07-01,2028-03-01,0.0191,0.0158,0.0182,19348.586046,0.00087434328499,-0.0217,0.0797,-0.0255,0.0796,Calculado
2026-07-03,LFT,2026-07-03,210100,2000-07-01,2028-09-01,0.0306,0.0277,0.0297,19342.005546,0.00048544607322,0.02,0.0567,0.0193,0.0535,Calculado
2026-07-03,LFT,2026-07-03,210100,2000-07-01,2029-03-01,0.042,0.0389,0.0407,19333.663794,0.00062316395916,0.0309,0.057,0.0297,0.0553,Calculado
2026-07-03,LFT,2026-07-03,210100,2000-07-01,2029-09-01,0.0534,0.0504,0.0521,19322.709197,0.00036602415221,0.0336,0.0646,0.0329,0.0636,Calculado
2026-07-03,LFT,2026-07-03,210100,2000-07-01,2030-03-01,0.061,0.0589,0.0606,19311.870727,0.00055179360272,0.0394,0.0737,0.0394,0.073,Calculado
2026-07-03,LFT,2026-07-03,210100,2000-07-01,2030-06-01,0.0661,0.0631,0.0646,19306.00634,0.00037269927556,0.0436,0.0777,0.0437,0.0773,Calculado
2026-07-03,LFT,2026-07-03,210100,2000-07-01,2030-09-01,0.0712,0.0681,0.0696,19298.845207,0.00033981786298,0.0495,0.0797,0.0499,0.0793,Calculado
2026-07-03,LFT,2026-07-03,210100,2000-07-01,2030-12-01,0.0715,0.068,0.0698,19295.322705,0.00020142348423,0.0568,0.0812,0.0569,0.0813,Calculado
2026-07-03,LFT,2026-07-03,210100,2000-07-01,2031-03-01,0.0755,0.0721,0.0738,19288.509952,0.00022046072213,0.0614,0.087,0.0613,0.0873,Calculado
2026-07-03,LFT,2026-07-03,210100,2000-07-01,2031-06-01,0.0796,0.0766,0.0781,19280.961731,0.0001791059463,0.0662,0.0933,0.0662,0.0936,Calculado
2026-07-03,LFT,2026-07-03,210100,2000-07-01,2031-09-01,0.0821,0.0789,0.0804,19274.884446,0.00014600914355,0.069,0.1025,0.069,0.1026,Calculado
2026-07-03,LFT,2026-07-03,210100,2000-07-01,2031-12-01,0.094,0.0912,0.0924,19258.529968,0.00032399189805,0.0813,0.1026,0.0812,0.1024,Calculado
2026-07-03,LFT,2026-07-03,210100,2000-07-01,2032-03-01,0.1006,0.098,0.0991,19246.975384,0.00023033154365,0.0872,0.1086,0.0866,0.1086,Calculado
2026-07-03,LFT,2026-07-03,210100,2000-07-01,2032-06-01,0.1098,0.1086,0.1092,19230.81445,0.0000717429439,0.089,0.1192,0.088,0.1189,Calculado
2026-07-03,NTN-B,2026-07-03,760199,2000-07-15,2026-08-15,11.567,11.5121,11.5375,4816.830883,0.01927197580348,10.6463,12.6929,10.7267,12.7903,Calculado
2026-07-03,NTN-B,2026-07-03,760199,2000-07-15,2027-05-15,8.6229,8.5923,8.6071,4684.378537,0.00378980846614,8.4454,8.9891,8.3665,8.9115,Calculado
2026-07-03,NTN-B,2026-07-03,760199,2000-07-15,2028-08-15,8.792,8.7667,8.7807,4610.567875,0.00665531823882,8.6257,9.0902,8.5326,8.9968,Calculado
2026-07-03,NTN-B,2026-07-03,760199,2000-07-15,2029-05-15,8.5766,8.5498,8.564,4494.67385,0.00581415647966,8.3678,8.8668,8.2835,8.7824,Calculado
2026-07-03,NTN-B,2026-07-03,760199,2000-07-15,2030-08-15,8.585,8.5578,8.57,4456.592556,0,8.3604,8.8709,8.2711,8.7816,Calculado
2026-07-03,NTN-B,2026-07-03,760199,2000-07-15,2031-05-15,8.4827,8.453,8.4631,4347.868114,0.00415808655273,8.2509,8.754,8.164,8.6672,Calculado
2026-07-03,NTN-B,2026-07-03,760199,2000-07-15,2032-08-15,8.3927,8.3642,8.3767,4343.192711,0.00773180425839,8.1764,8.6635,8.0873,8.5745,Calculado
2026-07-03,NTN-B,2026-07-03,760199,2000-07-15,2033-05-15,8.3034,8.278,8.287,4247.105132,0.00455600075176,8.1194,8.5899,8.0126,8.4831,Calculado
2026-07-03,NTN-B,2026-07-03,760199,2000-07-15,2035-05-15,8.1978,8.1753,8.1839,4167.428879,0.00445770195392,8.0167,8.4719,7.9205,8.3758,Calculado
2026-07-03,NTN-B,2026-07-03,760199,2000-07-15,2037-05-15,8.05,8.0095,8.0269,4124.970915,0.00330031896186,7.8759,8.3187,7.7727,8.2156,Calculado
2026-07-03,NTN-B,2026-07-03,760199,2000-07-15,2040-08-15,7.8905,7.8543,7.8676,4136.109374,0.00390099514868,7.728,8.1569,7.6243,8.053,Calculado
2026-07-03,NTN-B,2026-07-03,760199,2000-07-15,2045-05-15,7.6926,7.6624,7.6704,4033.150945,0.00191349470342,7.5319,7.9498,7.436,7.8537,Calculado
2026-07-03,NTN-B,2026-07-03,760199,2000-07-15,2050-08-15,7.632,7.5964,7.6133,4047.893162,0.00678615856284,7.4651,7.8777,7.3835,7.7959,Calculado
2026-07-03,NTN-B,2026-07-03,760199,2000-07-15,2055-05-15,7.5569,7.5198,7.5352,3965.997752,0.00692773458499,7.3975,7.8081,7.3076,7.7179,Calculado
2026-07-03,NTN-B,2026-07-03,760199,2000-07-15,2060-08-15,7.5405,7.5048,7.5208,4005.482616,0.00297129120417,7.3792,7.7893,7.2941,7.7039,Calculado
2026-07-03,NTN-F,2026-07-03,950199,2016-01-15,2027-01-01,13.8679,13.8249,13.8529,983.440031,0.00769253454396,13.7033,14.1556,13.6616,14.1104,Calculado
2026-07-03,NTN-F,2026-07-03,950199,2018-01-05,2029-01-01,14.2493,14.2105,14.2357,920.347873,0.01047134770696,13.9109,14.8693,13.7761,14.7346,Calculado
2026-07-03,NTN-F,2026-07-03,950199,2020-01-10,2031-01-01,14.5556,14.5434,14.5496,863.878069,0.00082772674839,14.2551,15.0637,14.1508,14.9597,Calculado
2026-07-03,NTN-F,2026-07-03,950199,2022-01-07,2033-01-01,14.582,14.5698,14.576,823.422932,0,14.3056,15.0299,14.217,14.9412,Calculado
2026-07-03,NTN-F,2026-07-03,950199,2024-01-05,2035-01-01,14.5559,14.536,14.546,795.214928,0,14.2794,14.9755,14.2005,14.8964,Calculado
2026-07-03,NTN-F,2026-07-03,950199,2026-01-09,2037-01-01,14.5199,14.5015,14.5112,773.956957,0.00095053868938,14.256,14.93,14.1778,14.8514,Calculado
2026-07-02,LTN,2026-07-02,100000,2024-07-05,2026-10-01,13.8336,13.7305,13.7762,967.753426,0.03253490523223,13.5965,13.8667,13.6289,13.896,Calculado
2026-07-02,LTN,2026-07-02,100000,2025-01-10,2027-04-01,13.9601,13.8934,13.9135,908.326777,0.02643453792503,13.5119,14.153,13.6208,14.2592,Calculado
2026-07-02,LTN,2026-07-02,100000,2023-07-07,2027-07-01,14.0031,13.9444,13.9662,878.819809,0.01807521775028,13.4532,14.2264,13.596,14.3676,Calculado
2026-07-02,LTN,2026-07-02,100000,2025-07-04,2027-10-01,14.1312,14.1158,14.122,848.234512,0.00089010766764,13.6061,14.4587,13.7043,14.5561,Calculado
2026-07-02,LTN,2026-07-02,100000,2024-01-05,2028-01-01,14.2455,14.2341,14.239,819.422402,0,13.6414,14.5352,13.796,14.6894,Calculado
2026-07-02,LTN,2026-07-02,100000,2026-01-09,2028-04-01,14.2639,14.2504,14.2567,792.385929,0.00099473890042,13.6659,14.585,13.8017,14.7201,Calculado
2026-07-02,LTN,2026-07-02,100000,2024-07-05,2028-07-01,14.28,14.2618,14.2694,767.060727,0.00092204382759,13.6819,14.6383,13.8112,14.7671,Calculado
2026-07-02,LTN,2026-07-02,100000,2022-02-11,2029-01-01,14.4401,14.4272,14.433,715.786532,0.00005345222166,13.8264,14.7987,13.9644,14.9368,Calculado
2026-07-02,LTN,2026-07-02,100000,2025-07-04,2029-07-01,14.5561,14.5452,14.5508,667.796989,0.00087329665635,13.9318,14.8715,14.095,15.035,Calculado
2026-07-02,LTN,2026-07-02,100000,2024-01-05,2030-01-01,14.5783,14.5677,14.5725,623.870146,0,13.9736,14.8672,14.1362,15.0302,Calculado
2026-07-02,LTN,2026-07-02,100000,2025-01-10,2032-01-01,14.6383,14.6265,14.6325,473.903683,0,14.1034,14.845,14.2688,15.0104,Calculado
2026-07-02,NTN-C,2026-07-02,770100,2000-07-01,2031-01-01,8.3013,7.9637,8.084,7601.003455,0.07771371510319,7.4822,8.4268,7.4987,8.4433,Calculado
2026-07-02,LFT,2026-07-02,210100,2000-07-01,2026-09-01,-0.0191,-0.0517,-0.0391,19345.526716,0.0194745150602,-0.1321,0.0114,-0.1187,0.0266,Calculado
2026-07-02,LFT,2026-07-02,210100,2000-07-01,2027-03-01,0.0087,0.0035,0.0073,19343.321472,0.00154101811475,-0.0734,0.0515,-0.0686,0.053,Calculado
2026-07-02,LFT,2026-07-02,210100,2000-07-01,2027-09-01,0.012,0.0081,0.0106,19341.851309,0.00072246683661,-0.0225,0.053,-0.0305,0.0562,Calculado
2026-07-02,LFT,2026-07-02,210100,2000-07-01,2028-03-01,0.0205,0.0176,0.0197,19337.94377,0.00075748892401,-0.0167,0.083,-0.0217,0.0797,Calculado
2026-07-02,LFT,2026-07-02,210100,2000-07-01,2028-09-01,0.031,0.0278,0.0305,19331.482791,0.00076674293606,0.0212,0.0632,0.02,0.0567,Calculado
2026-07-02,LFT,2026-07-02,210100,2000-07-01,2029-03-01,0.0427,0.0392,0.0418,19322.913288,0.00069099470331,0.0326,0.0605,0.0309,0.057,Calculado
2026-07-02,LFT,2026-07-02,210100,2000-07-01,2029-09-01,0.0538,0.052,0.053,19311.964442,0,0.0353,0.0653,0.0336,0.0646,Calculado
2026-07-02,LFT,2026-07-02,210100,2000-07-01,2030-03-01,0.063,0.0602,0.0612,19301.267072,0.00046484606054,0.0388,0.0743,0.0394,0.0737,Calculado
2026-07-02,LFT,2026-07-02,210100,2000-07-01,2030-06-01,0.0667,0.0628,0.0649,19295.599207,0.00024509900041,0.0424,0.0781,0.0436,0.0777,Calculado
2026-07-02,LFT,2026-07-02,210100,2000-07-01,2030-09-01,0.0715,0.0681,0.0699,19288.42249,0.00018246002302,0.0479,0.0798,0.0495,0.0797,Calculado
2026-07-02,LFT,2026-07-02,210100,2000-07-01,2030-12-01,0.0714,0.068,0.0699,19285.056591,0.00004879497925,0.057,0.0794,0.0568,0.0812,Calculado
2026-07-02,LFT,2026-07-02,210100,2000-07-01,2031-03-01,0.0757,0.0719,0.074,19278.150693,0.00005188728168,0.0616,0.0852,0.0614,0.087,Calculado
2026-07-02,LFT,2026-07-02,210100,2000-07-01,2031-06-01,0.08,0.0765,0.0783,19270.606436,0.00017464249197,0.0664,0.0918,0.0662,0.0933,Calculado
2026-07-02,LFT,2026-07-02,210100,2000-07-01,2031-09-01,0.0823,0.0787,0.0806,19264.493653,0.00028517278973,0.0691,0.1019,0.069,0.1025,Calculado
2026-07-02,LFT,2026-07-02,210100,2000-07-01,2031-12-01,0.094,0.091,0.0926,19248.128417,0.00036142079354,0.0817,0.1028,0.0813,0.1026,Calculado
2026-07-02,LFT,2026-07-02,210100,2000-07-01,2032-03-01,0.1008,0.0971,0.099,19236.908752,0,0.0874,0.1104,0.0872,0.1086,Calculado
2026-07-02,LFT,2026-07-02,210100,2000-07-01,2032-06-01,0.1098,0.1086,0.1094,19220.427451,0.00022685233082,0.0922,0.1196,0.089,0.1192,Calculado
2026-07-02,NTN-B,2026-07-02,760199,2000-07-15,2026-08-15,11.4816,11.4287,11.4504,4814.497636,0.00181901718519,10.636,12.6656,10.6463,12.6929,Calculado
2026-07-02,NTN-B,2026-07-02,760199,2000-07-15,2027-05-15,8.7018,8.6725,8.6864,4679.248923,0.0061124385273,8.4653,9.0057,8.4454,8.9891,Calculado
2026-07-02,NTN-B,2026-07-02,760199,2000-07-15,2028-08-15,8.889,8.86,8.8741,4600.566004,0.00442530601428,8.6206,9.0854,8.6257,9.0902,Calculado
2026-07-02,NTN-B,2026-07-02,760199,2000-07-15,2029-05-15,8.6667,8.637,8.6484,4483.366573,0.00212478372311,8.3226,8.8219,8.3678,8.8668,Calculado
2026-07-02,NTN-B,2026-07-02,760199,2000-07-15,2030-08-15,8.6772,8.6473,8.6593,4441.379592,0.00564210362542,8.2911,8.8016,8.3604,8.8709,Calculado
2026-07-02,NTN-B,2026-07-02,760199,2000-07-15,2031-05-15,8.5639,8.5382,8.55,4331.234884,0,8.1609,8.664,8.2509,8.754,Calculado
2026-07-02,NTN-B,2026-07-02,760199,2000-07-15,2032-08-15,8.485,8.4518,8.4657,4323.350473,0.00355182716077,8.0948,8.5818,8.1764,8.6635,Calculado
2026-07-02,NTN-B,2026-07-02,760199,2000-07-15,2033-05-15,8.4051,8.3804,8.3938,4221.848748,0.00634181478049,8.0539,8.5243,8.1194,8.5899,Calculado
2026-07-02,NTN-B,2026-07-02,760199,2000-07-15,2035-05-15,8.294,8.2671,8.28,4140.558237,0.0002357022274,7.9566,8.4118,8.0167,8.4719,Calculado
2026-07-02,NTN-B,2026-07-02,760199,2000-07-15,2037-05-15,8.1462,8.1162,8.13,4092.512159,0,7.8239,8.2666,7.8759,8.3187,Calculado
2026-07-02,NTN-B,2026-07-02,760199,2000-07-15,2040-08-15,7.9926,7.9575,7.9714,4098.424283,0.0086408623499,7.6956,8.1243,7.728,8.1569,Calculado
2026-07-02,NTN-B,2026-07-02,760199,2000-07-15,2045-05-15,7.7855,7.7564,7.7664,3992.954277,0.00738628071833,7.5187,7.9362,7.5319,7.9498,Calculado
2026-07-02,NTN-B,2026-07-02,760199,2000-07-15,2050-08-15,7.7156,7.679,7.695,4010.406182,0.00632399565465,7.4592,7.8712,7.4651,7.8777,Calculado
2026-07-02,NTN-B,2026-07-02,760199,2000-07-15,2055-05-15,7.6431,7.6093,7.6253,3922.6441,0.00643267665828,7.3883,7.7981,7.3975,7.8081,Calculado
2026-07-02,NTN-B,2026-07-02,760199,2000-07-15,2060-08-15,7.6303,7.5895,7.6061,3963.066525,0.0038652371816,7.3756,7.7847,7.3792,7.7893,Calculado
2026-07-02,NTN-F,2026-07-02,950199,2016-01-15,2027-01-01,13.912,13.868,13.897,982.743547,0.00672136628224,13.6883,14.1442,13.7033,14.1556,Calculado
2026-07-02,NTN-F,2026-07-02,950199,2018-01-05,2029-01-01,14.392,14.2883,14.3705,917.424941,0.02170118253736,13.7836,14.7421,13.9109,14.8693,Calculado
2026-07-02,NTN-F,2026-07-02,950199,2020-01-10,2031-01-01,14.6587,14.648,14.6537,860.552425,0.00088931565825,14.0921,14.9004,14.2551,15.0637,Calculado
2026-07-02,NTN-F,2026-07-02,950199,2022-01-07,2033-01-01,14.6703,14.6571,14.6647,819.958061,0.00184672936566,14.1585,14.8828,14.3056,15.0299,Calculado
2026-07-02,NTN-F,2026-07-02,950199,2024-01-05,2035-01-01,14.6352,14.615,14.625,791.733238,0,14.1545,14.8605,14.2794,14.9755,Calculado
2026-07-02,NTN-F,2026-07-02,950199,2026-01-09,2037-01-01,14.5981,14.5839,14.5896,770.261538,0.00316289377786,14.1329,14.837,14.256,14.93,Calculado
2026-07-06,LTN,2026-07-06,100000,2024-07-05,2026-10-01,13.8532,13.7756,13.8256,968.641757,0.01461892407703,13.6802,13.9441,13.6813,13.942,Calculado
2026-07-06,LTN,2026-07-06,100000,2025-01-10,2027-04-01,13.8607,13.7972,13.8362,909.717149,0.01396106899059,13.5656,14.2013,13.5474,14.1805,Calculado
2026-07-06,LTN,2026-07-06,100000,2023-07-07,2027-07-01,13.8622,13.8057,13.8393,880.6933,0.00797716409822,13.5307,14.3007,13.4715,14.2398,Calculado
2026-07-06,LTN,2026-07-06,100000,2025-07-04,2027-10-01,13.962,13.9479,13.9552,850.663349,0.00184181587028,13.5862,14.437,13.539,14.3889,Calculado
2026-07-06,LTN,2026-07-06,100000,2024-01-05,2028-01-01,14.0542,14.0417,14.048,822.33373,0,13.6571,14.55,13.6058,14.4982,Calculado
2026-07-06,LTN,2026-07-06,100000,2026-01-09,2028-04-01,14.0593,14.0454,14.0524,795.695798,0.00117897145004,13.6489,14.5666,13.5977,14.5146,Calculado
2026-07-06,LTN,2026-07-06,100000,2024-07-05,2028-07-01,14.062,14.0478,14.0551,770.732742,0.00133056180991,13.665,14.6204,13.597,14.5519,Calculado
2026-07-06,LTN,2026-07-06,100000,2022-02-11,2029-01-01,14.2323,14.2178,14.2254,719.776726,0.00183213277903,13.8264,14.7989,13.7569,14.7294,Calculado
2026-07-06,LTN,2026-07-06,100000,2025-07-04,2029-07-01,14.3451,14.3339,14.3396,672.184427,0.00088405464763,13.9635,14.9038,13.8835,14.8242,Calculado
2026-07-06,LTN,2026-07-06,100000,2024-01-05,2030-01-01,14.3746,14.3619,14.3688,628.40165,0.0005823425109,14.0205,14.9149,13.9321,14.827,Calculado
2026-07-06,LTN,2026-07-06,100000,2025-01-10,2032-01-01,14.4588,14.4476,14.4529,478.496817,0.00053004467736,14.1721,14.9138,14.0892,14.8309,Calculado
2026-07-06,NTN-C,2026-07-06,770100,2000-07-01,2031-01-01,8.245,7.909,8.0255,7619.03009,0.08570148249914,7.6301,8.5747,7.5895,8.5341,Calculado
2026-07-06,LFT,2026-07-06,210100,2000-07-01,2026-09-01,-0.0123,-0.0417,-0.0312,19365.547018,0.00293369120904,-0.1141,0.0341,-0.1151,0.0358,Calculado
2026-07-06,LFT,2026-07-06,210100,2000-07-01,2027-03-01,0.0065,0.0034,0.0055,19363.881665,0.00071412441493,-0.0675,0.0544,-0.0697,0.055,Calculado
2026-07-06,LFT,2026-07-06,210100,2000-07-01,2027-09-01,0.0079,0.0059,0.0074,19362.913436,0.00111336041783,-0.0341,0.0573,-0.0374,0.0584,Calculado
2026-07-06,LFT,2026-07-06,210100,2000-07-01,2028-03-01,0.0183,0.0156,0.0174,19359.021155,0.00067129968717,-0.0255,0.0796,-0.0277,0.0793,Calculado
2026-07-06,LFT,2026-07-06,210100,2000-07-01,2028-09-01,0.03,0.0275,0.0291,19352.437199,0.00050741864373,0.0193,0.0535,0.0184,0.0525,Calculado
2026-07-06,LFT,2026-07-06,210100,2000-07-01,2029-03-01,0.0414,0.0382,0.0401,19344.149159,0.00037307007385,0.0297,0.0553,0.0285,0.0551,Calculado
2026-07-06,LFT,2026-07-06,210100,2000-07-01,2029-09-01,0.053,0.051,0.0521,19332.898339,0.00021753218153,0.0329,0.0636,0.0317,0.0639,Calculado
2026-07-06,LFT,2026-07-06,210100,2000-07-01,2030-03-01,0.0612,0.059,0.0602,19322.344643,0.00031772214276,0.0394,0.073,0.0391,0.0729,Calculado
2026-07-06,LFT,2026-07-06,210100,2000-07-01,2030-06-01,0.066,0.063,0.0644,19316.341624,0.00038997299907,0.0437,0.0773,0.0435,0.0775,Calculado
2026-07-06,LFT,2026-07-06,210100,2000-07-01,2030-09-01,0.0712,0.0682,0.0695,19309.118636,0.00035417310739,0.0499,0.0793,0.0501,0.0792,Calculado
2026-07-06,LFT,2026-07-06,210100,2000-07-01,2030-12-01,0.0713,0.068,0.0697,19305.594283,0.00030779350221,0.0569,0.0813,0.0568,0.0816,Calculado
2026-07-06,LFT,2026-07-06,210100,2000-07-01,2031-03-01,0.0754,0.0721,0.0738,19298.700492,0.0003092151678,0.0613,0.0873,0.0613,0.0876,Calculado
2026-07-06,LFT,2026-07-06,210100,2000-07-01,2031-06-01,0.0795,0.0768,0.0781,19291.167671,0.00020333474863,0.0662,0.0936,0.0662,0.0938,Calculado
2026-07-06,LFT,2026-07-06,210100,2000-07-01,2031-09-01,0.0821,0.0793,0.0805,19284.971006,0.00040065734737,0.069,0.1026,0.0691,0.1027,Calculado
2026-07-06,LFT,2026-07-06,210100,2000-07-01,2031-12-01,0.0943,0.0911,0.0925,19268.607937,0.00050494628427,0.0812,0.1024,0.0813,0.1025,Calculado
2026-07-06,LFT,2026-07-06,210100,2000-07-01,2032-03-01,0.1006,0.098,0.0991,19257.163471,0.00020365085318,0.0866,0.1086,0.0867,0.1085,Calculado
2026-07-06,LFT,2026-07-06,210100,2000-07-01,2032-06-01,0.1101,0.109,0.1095,19240.66485,0.00011375926336,0.088,0.1189,0.0877,0.1192,Calculado
2026-07-06,NTN-B,2026-07-06,760199,2000-07-15,2026-08-15,11.4756,11.4102,11.4349,4820.165388,0.03782807575347,10.7267,12.7903,10.6181,12.699,Calculado
2026-07-06,NTN-B,2026-07-06,760199,2000-07-15,2027-05-15,8.5726,8.547,8.56,4688.323957,0,8.3665,8.9115,8.3195,8.8659,Calculado
2026-07-06,NTN-B,2026-07-06,760199,2000-07-15,2028-08-15,8.7143,8.6862,8.7,4619.515061,0,8.5326,8.9968,8.452,8.916,Calculado
2026-07-06,NTN-B,2026-07-06,760199,2000-07-15,2029-05-15,8.503,8.4763,8.49,4504.855699,0,8.2835,8.7824,8.2096,8.7084,Calculado
2026-07-06,NTN-B,2026-07-06,760199,2000-07-15,2030-08-15,8.5062,8.4793,8.49,4470.477334,0,8.2711,8.7816,8.1911,8.7016,Calculado
2026-07-06,NTN-B,2026-07-06,760199,2000-07-15,2031-05-15,8.415,8.3881,8.402,4360.204782,0.00397372321381,8.164,8.6672,8.1029,8.6061,Calculado
2026-07-06,NTN-B,2026-07-06,760199,2000-07-15,2032-08-15,8.3435,8.3163,8.3289,4354.82679,0.00176590516167,8.0873,8.5745,8.0395,8.5267,Calculado
2026-07-06,NTN-B,2026-07-06,760199,2000-07-15,2033-05-15,8.2517,8.2246,8.2377,4259.88199,0.00355740612385,8.0126,8.4831,7.9632,8.4338,Calculado
2026-07-06,NTN-B,2026-07-06,760199,2000-07-15,2035-05-15,8.1518,8.1265,8.14,4180.815072,0,7.9205,8.3758,7.8766,8.3319,Calculado
2026-07-06,NTN-B,2026-07-06,760199,2000-07-15,2037-05-15,8.0057,7.9755,7.9924,4137.150897,0.00376323062674,7.7727,8.2156,7.7382,8.1811,Calculado
2026-07-06,NTN-B,2026-07-06,760199,2000-07-15,2040-08-15,7.841,7.811,7.825,4152.805881,0.00602515860538,7.6243,8.053,7.5817,8.0104,Calculado
2026-07-06,NTN-B,2026-07-06,760199,2000-07-15,2045-05-15,7.6415,7.605,7.6214,4054.759488,0.00333265685602,7.436,7.8537,7.387,7.8046,Calculado
2026-07-06,NTN-B,2026-07-06,760199,2000-07-15,2050-08-15,7.5831,7.548,7.5645,4071.249152,0.00541736338729,7.3835,7.7959,7.3348,7.747,Calculado
2026-07-06,NTN-B,2026-07-06,760199,2000-07-15,2055-05-15,7.5,7.4616,7.4815,3992.893608,0.00338706690516,7.3076,7.7179,7.254,7.6641,Calculado
2026-07-06,NTN-B,2026-07-06,760199,2000-07-15,2060-08-15,7.492,7.4512,7.469,4032.29902,0.00246146775725,7.2941,7.7039,7.2425,7.652,Calculado
2026-07-06,NTN-F,2026-07-06,950199,2016-01-15,2027-01-01,13.8584,13.8088,13.8345,984.024721,0.01833632746081,13.6616,14.1104,13.6449,14.0901,Calculado
2026-07-06,NTN-F,2026-07-06,950199,2018-01-05,2029-01-01,14.163,14.1162,14.1473,922.433535,0.01720580051669,13.7761,14.7346,13.6878,14.6463,Calculado
2026-07-06,NTN-F,2026-07-06,950199,2020-01-10,2031-01-01,14.4683,14.4567,14.4618,866.763847,0.00089000295505,14.1508,14.9597,14.0629,14.8721,Calculado
2026-07-06,NTN-F,2026-07-06,950199,2022-01-07,2033-01-01,14.4986,14.487,14.4922,826.733978,0.00087090537948,14.217,14.9412,14.1331,14.8574,Calculado
2026-07-06,NTN-F,2026-07-06,950199,2024-01-05,2035-01-01,14.4664,14.4472,14.4552,799.17297,0.00542818182175,14.2005,14.8964,14.1096,14.8057,Calculado
2026-07-06,NTN-F,2026-07-06,950199,2026-01-09,2037-01-01,14.4292,14.4114,14.4194,778.239342,0.00366121604252,14.1778,14.8514,14.086,14.7597,Calculado
2026-07-08,LTN,2026-07-08,100000,2024-07-05,2026-10-01,13.8831,13.8056,13.84,969.608592,0.00988181442853,13.6991,13.9565,13.6962,13.9504,Calculado
2026-07-08,LTN,2026-07-08,100000,2025-01-10,2027-04-01,13.9416,13.8831,13.9146,910.200579,0.00335942171661,13.6241,14.2543,13.6286,14.2561,Calculado
2026-07-08,LTN,2026-07-08,100000,2023-07-07,2027-07-01,13.9749,13.912,13.9394,880.846732,0.00425377773162,13.5632,14.3299,13.5732,14.3382,Calculado
2026-07-08,LTN,2026-07-08,100000,2025-07-04,2027-10-01,14.0785,14.0666,14.072,850.473302,0,13.6406,14.4896,13.6566,14.5047,Calculado
2026-07-08,LTN,2026-07-08,100000,2024-01-05,2028-01-01,14.1778,14.1648,14.1726,821.862688,0.00207578829605,13.7122,14.6042,13.7308,14.6223,Calculado
2026-07-08,LTN,2026-07-08,100000,2026-01-09,2028-04-01,14.1999,14.1874,14.1936,794.823314,0.00109496955665,13.7091,14.6253,13.7391,14.6544,Calculado
2026-07-08,LTN,2026-07-08,100000,2024-07-05,2028-07-01,14.2242,14.2109,14.2173,769.378213,0.0008792854201,13.7076,14.662,13.7591,14.713,Calculado
2026-07-08,LTN,2026-07-08,100000,2022-02-11,2029-01-01,14.3992,14.3896,14.3949,717.908829,0.00103330170328,13.8548,14.8274,13.9264,14.8991,Calculado
2026-07-08,LTN,2026-07-08,100000,2025-07-04,2029-07-01,14.5057,14.4947,14.4999,670.118437,0.00008320498783,13.9683,14.9093,14.0435,14.9849,Calculado
2026-07-08,LTN,2026-07-08,100000,2024-01-05,2030-01-01,14.5293,14.5183,14.5235,626.142759,0,14.0122,14.9074,14.0866,14.9822,Calculado
2026-07-08,LTN,2026-07-08,100000,2025-01-10,2032-01-01,14.5788,14.568,14.5735,476.267055,0,14.1553,14.897,14.2099,14.9516,Calculado
2026-07-08,NTN-C,2026-07-08,770100,2000-07-01,2031-01-01,8.2474,7.8806,8.0091,7626.198345,0.07747979013123,7.5105,8.4551,7.5015,8.4494,Calculado
2026-07-08,LFT,2026-07-08,210100,2000-07-01,2026-09-01,-0.0006,-0.026,-0.0174,19385.432955,0.00721585264539,-0.109,0.0435,-0.1008,0.0443,Calculado
2026-07-08,LFT,2026-07-08,210100,2000-07-01,2027-03-01,0.0087,0.0052,0.0065,19384.114779,0.00063726205756,-0.0672,0.0574,-0.0604,0.0551,Calculado
2026-07-08,LFT,2026-07-08,210100,2000-07-01,2027-09-01,0.0088,0.0065,0.0073,19383.300612,0.00063048896105,-0.0395,0.0605,-0.0364,0.059,Calculado
2026-07-08,LFT,2026-07-08,210100,2000-07-01,2028-03-01,0.0186,0.0164,0.0172,19379.462397,0.00033121877966,-0.0296,0.0795,-0.0268,0.0765,Calculado
2026-07-08,LFT,2026-07-08,210100,2000-07-01,2028-09-01,0.0303,0.0283,0.0291,19372.813366,0.00024494895387,0.018,0.0508,0.0181,0.0497,Calculado
2026-07-08,LFT,2026-07-08,210100,2000-07-01,2029-03-01,0.0416,0.0384,0.04,19364.594156,0.00006793658808,0.0269,0.0553,0.0256,0.0553,Calculado
2026-07-08,LFT,2026-07-08,210100,2000-07-01,2029-09-01,0.0536,0.0516,0.0522,19353.234588,0.00044253059781,0.0308,0.0642,0.0296,0.0643,Calculado
2026-07-08,LFT,2026-07-08,210100,2000-07-01,2030-03-01,0.0615,0.0585,0.06,19342.883036,0,0.039,0.0731,0.0384,0.073,Calculado
2026-07-08,LFT,2026-07-08,210100,2000-07-01,2030-06-01,0.0656,0.063,0.0642,19336.893093,0.00026965238734,0.0438,0.0775,0.0434,0.0775,Calculado
2026-07-08,LFT,2026-07-08,210100,2000-07-01,2030-09-01,0.0712,0.068,0.0696,19329.44928,0.00024627947539,0.0506,0.0792,0.0507,0.0791,Calculado
2026-07-08,LFT,2026-07-08,210100,2000-07-01,2030-12-01,0.0713,0.068,0.0696,19326.076302,0.00021843170557,0.0566,0.0824,0.0568,0.0826,Calculado
2026-07-08,LFT,2026-07-08,210100,2000-07-01,2031-03-01,0.0754,0.0729,0.0738,19319.097728,0.00015898025035,0.0613,0.0883,0.0615,0.0888,Calculado
2026-07-08,LFT,2026-07-08,210100,2000-07-01,2031-06-01,0.08,0.0771,0.0783,19311.363141,0.00041868139438,0.0661,0.0945,0.0665,0.0952,Calculado
2026-07-08,LFT,2026-07-08,210100,2000-07-01,2031-09-01,0.0822,0.0794,0.0807,19305.159964,0.00027753581751,0.0691,0.1031,0.0694,0.1044,Calculado
2026-07-08,LFT,2026-07-08,210100,2000-07-01,2031-12-01,0.0944,0.0911,0.0926,19288.896008,0.00037991871499,0.0813,0.1026,0.0816,0.1043,Calculado
2026-07-08,LFT,2026-07-08,210100,2000-07-01,2032-03-01,0.101,0.0983,0.0993,19277.342591,0.0003606457403,0.0863,0.1086,0.088,0.1094,Calculado
2026-07-08,LFT,2026-07-08,210100,2000-07-01,2032-06-01,0.1106,0.1095,0.11,19260.497088,0.00021247835184,0.0866,0.1194,0.0895,0.1195,Calculado
2026-07-08,LFT,2026-07-08,210100,2000-07-01,2032-09-01,0.1175,0.1127,0.1154,19248.594741,0.00025761139338,--,--,0.0964,0.1251,Calculado
2026-07-08,NTN-B,2026-07-08,760199,2000-07-15,2026-08-15,11.5563,11.5066,11.5249,4825.323762,0.0299802402457,10.6541,12.7523,10.6929,12.8087,Calculado
2026-07-08,NTN-B,2026-07-08,760199,2000-07-15,2027-05-15,8.5525,8.5216,8.5356,4693.661058,0.00449020096989,8.3206,8.8685,8.2953,8.8446,Calculado
2026-07-08,NTN-B,2026-07-08,760199,2000-07-15,2028-08-15,8.732,8.7066,8.717,4622.544981,0.00442809213996,8.4723,8.9361,8.4696,8.9331,Calculado
2026-07-08,NTN-B,2026-07-08,760199,2000-07-15,2029-05-15,8.5153,8.4873,8.5,4508.036285,0,8.2297,8.7285,8.2199,8.7185,Calculado
2026-07-08,NTN-B,2026-07-08,760199,2000-07-15,2030-08-15,8.5014,8.4782,8.49,4474.710261,0,8.2011,8.7117,8.1911,8.7017,Calculado
2026-07-08,NTN-B,2026-07-08,760199,2000-07-15,2031-05-15,8.3938,8.3653,8.38,4368.010054,0,8.0909,8.5942,8.0809,8.5842,Calculado
2026-07-08,NTN-B,2026-07-08,760199,2000-07-15,2032-08-15,8.3227,8.2977,8.31,4362.70161,0,8.0305,8.5178,8.0204,8.5078,Calculado
2026-07-08,NTN-B,2026-07-08,760199,2000-07-15,2033-05-15,8.2376,8.2093,8.22,4267.723625,0,7.9484,8.4191,7.9453,8.4161,Calculado
2026-07-08,NTN-B,2026-07-08,760199,2000-07-15,2035-05-15,8.1196,8.0911,8.1,4195.136934,0,7.8398,8.2951,7.8365,8.2919,Calculado
2026-07-08,NTN-B,2026-07-08,760199,2000-07-15,2037-05-15,7.9863,7.9422,7.9628,4149.780332,0.00471279918732,7.6997,8.1426,7.7086,8.1515,Calculado
2026-07-08,NTN-B,2026-07-08,760199,2000-07-15,2040-08-15,7.8138,7.7727,7.792,4168.072881,0.0077659206666,7.5412,7.97,7.5487,7.9774,Calculado
2026-07-08,NTN-B,2026-07-08,760199,2000-07-15,2045-05-15,7.6189,7.5823,7.6,4067.041656,0.0002886751115,7.3462,7.7639,7.3656,7.7832,Calculado
2026-07-08,NTN-B,2026-07-08,760199,2000-07-15,2050-08-15,7.5598,7.525,7.5463,4082.91955,0.003389189468,7.2957,7.708,7.3167,7.7288,Calculado
2026-07-08,NTN-B,2026-07-08,760199,2000-07-15,2055-05-15,7.4922,7.4476,7.47,4001.803294,0,7.2273,7.6374,7.2426,7.6525,Calculado
2026-07-08,NTN-B,2026-07-08,760199,2000-07-15,2060-08-15,7.4927,7.4507,7.47,4035.32382,0,7.2259,7.6356,7.2436,7.6529,Calculado
2026-07-08,NTN-F,2026-07-08,950199,2016-01-15,2027-01-01,13.897,13.8568,13.885,984.825702,0.00778036600874,13.6921,14.1336,13.697,14.1357,Calculado
2026-07-08,NTN-F,2026-07-08,950199,2018-01-05,2029-01-01,14.3254,14.2934,14.3154,920.372383,0.00604750292766,13.7808,14.7394,13.856,14.8145,Calculado
2026-07-08,NTN-F,2026-07-08,950199,2020-01-10,2031-01-01,14.5938,14.5826,14.5886,864.205474,0.00087531506899,14.1235,14.933,14.1895,14.9993,Calculado
2026-07-08,NTN-F,2026-07-08,950199,2022-01-07,2033-01-01,14.608,14.5982,14.6027,823.848086,0.00072861673739,14.1914,14.9158,14.2437,14.9681,Calculado
2026-07-08,NTN-F,2026-07-08,950199,2024-01-05,2035-01-01,14.5709,14.5564,14.563,795.843598,0.00026726123924,14.1693,14.8656,14.2173,14.9137,Calculado
2026-07-08,NTN-F,2026-07-08,950199,2026-01-09,2037-01-01,14.5152,14.4944,14.5081,775.336505,0.00429725459451,14.1505,14.8244,14.1744,14.8486,Calculado
2026-07-07,LTN,2026-07-07,100000,2024-07-05,2026-10-01,13.8677,13.7919,13.8439,969.101936,0.02454703916097,13.6813,13.942,13.6991,13.9565,Calculado
2026-07-07,LTN,2026-07-07,100000,2025-01-10,2027-04-01,13.9361,13.8673,13.9116,909.747544,0.00755660988341,13.5474,14.1805,13.6241,14.2543,Calculado
2026-07-07,LTN,2026-07-07,100000,2023-07-07,2027-07-01,13.9599,13.8871,13.9302,880.460109,0.00299176647819,13.4715,14.2398,13.5632,14.3299,Calculado
2026-07-07,LTN,2026-07-07,100000,2025-07-04,2027-10-01,14.0636,14.0502,14.0563,850.173485,0.00102469507172,13.539,14.3889,13.6406,14.4896,Calculado
2026-07-07,LTN,2026-07-07,100000,2024-01-05,2028-01-01,14.1605,14.1483,14.1541,821.628115,0.00109973414515,13.6058,14.4982,13.7122,14.6042,Calculado
2026-07-07,LTN,2026-07-07,100000,2026-01-09,2028-04-01,14.1706,14.1572,14.1636,794.766843,0.00068159749853,13.5977,14.5146,13.7091,14.6253,Calculado
2026-07-07,LTN,2026-07-07,100000,2024-07-05,2028-07-01,14.1755,14.1566,14.1657,769.659454,0.00217997263515,13.597,14.5519,13.7076,14.662,Calculado
2026-07-07,LTN,2026-07-07,100000,2022-02-11,2029-01-01,14.3287,14.3179,14.3232,718.637051,0.00154412298085,13.7569,14.7294,13.8548,14.8274,Calculado
2026-07-07,LTN,2026-07-07,100000,2025-07-04,2029-07-01,14.4305,14.4187,14.4245,671.065811,0,13.8835,14.8242,13.9683,14.9093,Calculado
2026-07-07,LTN,2026-07-07,100000,2024-01-05,2030-01-01,14.4551,14.4433,14.449,627.215023,0,13.9321,14.827,14.0122,14.9074,Calculado
2026-07-07,LTN,2026-07-07,100000,2025-01-10,2032-01-01,14.5252,14.5132,14.519,477.247369,0,14.0892,14.8309,14.1553,14.897,Calculado
2026-07-07,NTN-C,2026-07-07,770100,2000-07-01,2031-01-01,8.1443,7.8898,8.0365,7617.668454,0.0778930479765,7.5895,8.5341,7.5105,8.4551,Calculado
2026-07-07,LFT,2026-07-07,210100,2000-07-01,2026-09-01,-0.0086,-0.0328,-0.0232,19375.448688,0.00911841206516,-0.1151,0.0358,-0.109,0.0435,Calculado
2026-07-07,LFT,2026-07-07,210100,2000-07-01,2027-03-01,0.0091,0.0054,0.0062,19373.976206,0.00146261401607,-0.0697,0.055,-0.0672,0.0574,Calculado
2026-07-07,LFT,2026-07-07,210100,2000-07-01,2027-09-01,0.008,0.0051,0.0069,19373.201216,0.00062934802772,-0.0374,0.0584,-0.0395,0.0605,Calculado
2026-07-07,LFT,2026-07-07,210100,2000-07-01,2028-03-01,0.0184,0.0154,0.0171,19369.306891,0.00037897984115,-0.0277,0.0793,-0.0296,0.0795,Calculado
2026-07-07,LFT,2026-07-07,210100,2000-07-01,2028-09-01,0.0301,0.0276,0.029,19362.661352,0.00005546990175,0.0184,0.0525,0.018,0.0508,Calculado
2026-07-07,LFT,2026-07-07,210100,2000-07-01,2029-03-01,0.0415,0.0385,0.04,19354.388333,0.0000516397134,0.0285,0.0551,0.0269,0.0553,Calculado
2026-07-07,LFT,2026-07-07,210100,2000-07-01,2029-09-01,0.0532,0.051,0.0521,19343.092853,0.00019212433474,0.0317,0.0639,0.0308,0.0642,Calculado
2026-07-07,LFT,2026-07-07,210100,2000-07-01,2030-03-01,0.0614,0.059,0.0601,19332.611113,0.00020651162195,0.0391,0.0729,0.039,0.0731,Calculado
2026-07-07,LFT,2026-07-07,210100,2000-07-01,2030-06-01,0.0657,0.0629,0.0642,19326.682439,0.00018653501012,0.0435,0.0775,0.0438,0.0775,Calculado
2026-07-07,LFT,2026-07-07,210100,2000-07-01,2030-09-01,0.0711,0.0682,0.0695,19319.320033,0.00029309796997,0.0501,0.0792,0.0506,0.0792,Calculado
2026-07-07,LFT,2026-07-07,210100,2000-07-01,2030-12-01,0.0713,0.0679,0.0696,19315.890702,0.00018096554921,0.0568,0.0816,0.0566,0.0824,Calculado
2026-07-07,LFT,2026-07-07,210100,2000-07-01,2031-03-01,0.0754,0.0723,0.0738,19308.896417,0.00019956089296,0.0613,0.0876,0.0613,0.0883,Calculado
2026-07-07,LFT,2026-07-07,210100,2000-07-01,2031-06-01,0.0795,0.0767,0.0781,19301.359639,0.00019967290753,0.0662,0.0938,0.0661,0.0945,Calculado
2026-07-07,LFT,2026-07-07,210100,2000-07-01,2031-09-01,0.0821,0.0793,0.0806,19295.062845,0.00031687434418,0.0691,0.1027,0.0691,0.1031,Calculado
2026-07-07,LFT,2026-07-07,210100,2000-07-01,2031-12-01,0.0942,0.0908,0.0925,19278.807429,0,0.0813,0.1025,0.0813,0.1026,Calculado
2026-07-07,LFT,2026-07-07,210100,2000-07-01,2032-03-01,0.1006,0.0979,0.0991,19267.356951,0.00019778179896,0.0867,0.1085,0.0863,0.1086,Calculado
2026-07-07,LFT,2026-07-07,210100,2000-07-01,2032-06-01,0.1111,0.109,0.1097,19250.63654,0.00039241167159,0.0877,0.1192,0.0866,0.1194,Calculado
2026-07-07,NTN-B,2026-07-07,760199,2000-07-15,2026-08-15,11.5017,11.4632,11.4789,4822.741871,0.02409709074971,10.6181,12.699,10.6541,12.7523,Calculado
2026-07-07,NTN-B,2026-07-07,760199,2000-07-15,2027-05-15,8.5721,8.5504,8.5611,4690.515468,0.0019735754356,8.3195,8.8659,8.3206,8.8685,Calculado
2026-07-07,NTN-B,2026-07-07,760199,2000-07-15,2028-08-15,8.7329,8.7079,8.72,4620.07409,0,8.452,8.916,8.4723,8.9361,Calculado
2026-07-07,NTN-B,2026-07-07,760199,2000-07-15,2029-05-15,8.5244,8.497,8.51,4504.814141,0,8.2096,8.7084,8.2297,8.7285,Calculado
2026-07-07,NTN-B,2026-07-07,760199,2000-07-15,2030-08-15,8.5114,8.4869,8.5,4471.123137,0,8.1911,8.7016,8.2011,8.7117,Calculado
2026-07-07,NTN-B,2026-07-07,760199,2000-07-15,2031-05-15,8.4033,8.378,8.39,4364.277638,0,8.1029,8.6061,8.0909,8.5942,Calculado
2026-07-07,NTN-B,2026-07-07,760199,2000-07-15,2032-08-15,8.3322,8.3072,8.32,4358.652194,0,8.0395,8.5267,8.0305,8.5178,Calculado
2026-07-07,NTN-B,2026-07-07,760199,2000-07-15,2033-05-15,8.2351,8.2132,8.223,4265.087678,0.00458871704292,7.9632,8.4338,7.9484,8.4191,Calculado
2026-07-07,NTN-B,2026-07-07,760199,2000-07-15,2035-05-15,8.1146,8.0906,8.1032,4192.374303,0.00404947754531,7.8766,8.3319,7.8398,8.2951,Calculado
2026-07-07,NTN-B,2026-07-07,760199,2000-07-15,2037-05-15,7.9703,7.9384,7.9539,4150.567669,0.00543971287661,7.7382,8.1811,7.6997,8.1426,Calculado
2026-07-07,NTN-B,2026-07-07,760199,2000-07-15,2040-08-15,7.8006,7.7741,7.7846,4168.805303,0.00402837339382,7.5817,8.0104,7.5412,7.97,Calculado
2026-07-07,NTN-B,2026-07-07,760199,2000-07-15,2045-05-15,7.5938,7.57,7.5806,4073.163262,0.00132197543094,7.387,7.8046,7.3462,7.7639,Calculado
2026-07-07,NTN-B,2026-07-07,760199,2000-07-15,2050-08-15,7.5417,7.5083,7.5254,4090.456997,0.00547426090536,7.3348,7.747,7.2957,7.708,Calculado
2026-07-07,NTN-B,2026-07-07,760199,2000-07-15,2055-05-15,7.4764,7.434,7.4548,4007.246904,0.00594054233888,7.254,7.6641,7.2273,7.6374,Calculado
2026-07-07,NTN-B,2026-07-07,760199,2000-07-15,2060-08-15,7.47,7.43,7.4525,4042.095251,0.00353553390593,7.2425,7.652,7.2259,7.6356,Calculado
2026-07-07,NTN-F,2026-07-07,950199,2016-01-15,2027-01-01,13.8948,13.8105,13.8809,984.33501,0.01082101373393,13.6449,14.0901,13.6921,14.1336,Calculado
2026-07-07,NTN-F,2026-07-07,950199,2018-01-05,2029-01-01,14.2532,14.2065,14.2402,921.239342,0.00727104326558,13.6878,14.6463,13.7808,14.7394,Calculado
2026-07-07,NTN-F,2026-07-07,950199,2020-01-10,2031-01-01,14.5279,14.5169,14.5225,865.555419,0,14.0629,14.8721,14.1235,14.933,Calculado
2026-07-07,NTN-F,2026-07-07,950199,2022-01-07,2033-01-01,14.5564,14.5445,14.5505,825.18309,0,14.1331,14.8574,14.1914,14.9158,Calculado
2026-07-07,NTN-F,2026-07-07,950199,2024-01-05,2035-01-01,14.5223,14.5087,14.515,797.274684,0,14.1096,14.8057,14.1693,14.8656,Calculado
2026-07-07,NTN-F,2026-07-07,950199,2026-01-09,2037-01-01,14.4907,14.4775,14.484,775.93208,0,14.086,14.7597,14.1505,14.8244,Calculado
2026-07-10,LTN,2026-07-10,100000,2024-07-05,2026-10-01,13.815,13.7457,13.8033,970.678632,0.02046248192815,13.6863,13.9372,13.663,13.9106,Calculado
2026-07-10,LTN,2026-07-10,100000,2025-01-10,2027-04-01,13.7585,13.7025,13.7296,912.200589,0.01515680419614,13.5606,14.1854,13.4478,14.0698,Calculado
2026-07-10,LTN,2026-07-10,100000,2023-07-07,2027-07-01,13.7455,13.6802,13.7092,883.480759,0.01378670027853,13.4829,14.2462,13.3457,14.1073,Calculado
2026-07-10,LTN,2026-07-10,100000,2025-07-04,2027-10-01,13.7979,13.7847,13.791,853.932731,0,13.5444,14.3915,13.3772,14.2234,Calculado
2026-07-10,LTN,2026-07-10,100000,2024-01-05,2028-01-01,13.8655,13.8519,13.8582,826.074478,0.0013731672258,13.5992,14.4902,13.4173,14.3078,Calculado
2026-07-10,LTN,2026-07-10,100000,2026-01-09,2028-04-01,13.8761,13.8592,13.8658,799.609973,0.00117919463618,13.6156,14.5302,13.4117,14.3255,Calculado
2026-07-10,LTN,2026-07-10,100000,2024-07-05,2028-07-01,13.892,13.8737,13.8837,774.628278,0.00300377213683,13.6255,14.5788,13.4256,14.3784,Calculado
2026-07-10,LTN,2026-07-10,100000,2026-07-10,2028-10-01,14.0202,13.9972,14.0104,747.623088,0.00773762038485,--,--,13.5465,14.5198,Calculado
2026-07-10,LTN,2026-07-10,100000,2022-02-11,2029-01-01,14.0571,14.0417,14.0492,724.038255,0.00250838593522,13.8015,14.7743,13.5807,14.5536,Calculado
2026-07-10,LTN,2026-07-10,100000,2025-07-04,2029-07-01,14.188,14.1728,14.1798,676.399131,0.0011704699868,13.9415,14.8832,13.723,14.665,Calculado
2026-07-10,LTN,2026-07-10,100000,2024-01-05,2030-01-01,14.2413,14.2263,14.2339,632.307479,0.00057702541538,14.002,14.898,13.7965,14.6929,Calculado
2026-07-10,LTN,2026-07-10,100000,2025-01-10,2032-01-01,14.3652,14.351,14.3583,481.686855,0.00084606934113,14.1741,14.9158,13.9946,14.7363,Calculado
2026-07-10,NTN-C,2026-07-10,770100,2000-07-01,2031-01-01,8.1322,7.8135,7.9487,7634.16913,0.09398861292178,7.5464,8.4957,7.5294,8.4835,Calculado
2026-07-10,LFT,2026-07-10,210100,2000-07-01,2026-09-01,-0.0036,-0.0189,-0.0125,19405.649785,0.00279949400071,-0.0963,0.0472,-0.0953,0.0473,Calculado
2026-07-10,LFT,2026-07-10,210100,2000-07-01,2027-03-01,0.0088,0.0065,0.0075,19404.369035,0.00070495323249,-0.0574,0.0552,-0.0564,0.0551,Calculado
2026-07-10,LFT,2026-07-10,210100,2000-07-01,2027-09-01,0.0094,0.007,0.008,19403.515202,0.00024314119355,-0.0354,0.0588,-0.0345,0.0586,Calculado
2026-07-10,LFT,2026-07-10,210100,2000-07-01,2028-03-01,0.0187,0.0167,0.0175,19399.750574,0.00030832669362,-0.0262,0.0757,-0.0253,0.0753,Calculado
2026-07-10,LFT,2026-07-10,210100,2000-07-01,2028-09-01,0.0309,0.0286,0.0297,19392.978124,0.00034470787632,0.0184,0.0492,0.0188,0.0491,Calculado
2026-07-10,LFT,2026-07-10,210100,2000-07-01,2029-03-01,0.0413,0.0389,0.04,19385.002545,0.0000457736824,0.0256,0.0554,0.0258,0.0553,Calculado
2026-07-10,LFT,2026-07-10,210100,2000-07-01,2029-09-01,0.0541,0.0523,0.0533,19372.990664,0.00029597690788,0.0289,0.0654,0.029,0.0653,Calculado
2026-07-10,LFT,2026-07-10,210100,2000-07-01,2030-03-01,0.0612,0.0589,0.06,19363.307419,0.00006020788985,0.0391,0.073,0.0391,0.073,Calculado
2026-07-10,LFT,2026-07-10,210100,2000-07-01,2030-06-01,0.0653,0.063,0.0642,19357.311181,0.00025081564943,0.044,0.0776,0.0441,0.0775,Calculado
2026-07-10,LFT,2026-07-10,210100,2000-07-01,2030-09-01,0.0709,0.0684,0.0697,19349.781925,0.00029753892182,0.0514,0.0793,0.0514,0.0792,Calculado
2026-07-10,LFT,2026-07-10,210100,2000-07-01,2030-12-01,0.0711,0.0682,0.0696,19346.502429,0.00026965238734,0.0569,0.0832,0.0569,0.0832,Calculado
2026-07-10,LFT,2026-07-10,210100,2000-07-01,2031-03-01,0.0752,0.0731,0.074,19339.322468,0.00015796319192,0.0616,0.0893,0.0617,0.0892,Calculado
2026-07-10,LFT,2026-07-10,210100,2000-07-01,2031-06-01,0.0795,0.0773,0.0784,19331.676779,0.0002734432848,0.0666,0.0957,0.0666,0.0956,Calculado
2026-07-10,LFT,2026-07-10,210100,2000-07-01,2031-09-01,0.082,0.08,0.0809,19325.370057,0.00022689977964,0.0695,0.1046,0.0696,0.1045,Calculado
2026-07-10,LFT,2026-07-10,210100,2000-07-01,2031-12-01,0.094,0.0912,0.0926,19309.302468,0.00030594595928,0.0817,0.1042,0.0816,0.1044,Calculado
2026-07-10,LFT,2026-07-10,210100,2000-07-01,2032-03-01,0.101,0.0987,0.0997,19297.309992,0.00050241246999,0.0882,0.1088,0.0884,0.1089,Calculado
2026-07-10,LFT,2026-07-10,210100,2000-07-01,2032-06-01,0.1108,0.1093,0.11,19280.912513,0.00009314751741,0.0887,0.1195,0.0891,0.1195,Calculado
2026-07-10,LFT,2026-07-10,210100,2000-07-01,2032-09-01,0.1165,0.1141,0.1149,19269.579818,0.00026004805325,0.0943,0.126,0.0948,0.1259,Calculado
2026-07-10,NTN-B,2026-07-10,760199,2000-07-15,2026-08-15,11.575,11.534,11.545,4823.787296,0.01051314966031,10.8525,12.9858,10.7003,12.8514,Calculado
2026-07-10,NTN-B,2026-07-10,760199,2000-07-15,2027-05-15,8.4307,8.4057,8.42,4695.357919,0,8.2603,8.8111,8.1805,8.7327,Calculado
2026-07-10,NTN-B,2026-07-10,760199,2000-07-15,2028-08-15,8.568,8.5408,8.5556,4633.588241,0.00462420930322,8.3831,8.8463,8.3087,8.7717,Calculado
2026-07-10,NTN-B,2026-07-10,760199,2000-07-15,2029-05-15,8.3238,8.2998,8.3101,4526.315785,0.00060633905531,8.1305,8.6291,8.0302,8.5286,Calculado
2026-07-10,NTN-B,2026-07-10,760199,2000-07-15,2030-08-15,8.3125,8.2867,8.3,4500.377827,0,8.1025,8.6131,8.0011,8.5118,Calculado
2026-07-10,NTN-B,2026-07-10,760199,2000-07-15,2031-05-15,8.2096,8.1819,8.1976,4396.52649,0.00396652660649,8.0038,8.5072,7.8984,8.4018,Calculado
2026-07-10,NTN-B,2026-07-10,760199,2000-07-15,2032-08-15,8.1521,8.1278,8.14,4394.687994,0,7.9503,8.4378,7.8502,8.3378,Calculado
2026-07-10,NTN-B,2026-07-10,760199,2000-07-15,2033-05-15,8.103,8.0792,8.09,4294.035071,0,7.8872,8.3581,7.8152,8.2861,Calculado
2026-07-10,NTN-B,2026-07-10,760199,2000-07-15,2035-05-15,8.0253,7.9953,8.0127,4215.785265,0.00421081870187,7.7932,8.2485,7.7492,8.2045,Calculado
2026-07-10,NTN-B,2026-07-10,760199,2000-07-15,2037-05-15,7.903,7.8675,7.8853,4170.756326,0.00647739993747,7.6776,8.1204,7.6312,8.0738,Calculado
2026-07-10,NTN-B,2026-07-10,760199,2000-07-15,2040-08-15,7.7257,7.6892,7.7061,4195.912449,0.00773058243278,7.5301,7.9585,7.463,7.8913,Calculado
2026-07-10,NTN-B,2026-07-10,760199,2000-07-15,2045-05-15,7.5621,7.5286,7.5482,4085.82065,0.00327326835289,7.3559,7.773,7.3143,7.7311,Calculado
2026-07-10,NTN-B,2026-07-10,760199,2000-07-15,2050-08-15,7.514,7.4828,7.4991,4101.608972,0.00174047113162,7.3107,7.7222,7.2701,7.6811,Calculado
2026-07-10,NTN-B,2026-07-10,760199,2000-07-15,2055-05-15,7.4365,7.403,7.4203,4022.980095,0.00133630620742,7.2427,7.6519,7.1936,7.6022,Calculado
2026-07-10,NTN-B,2026-07-10,760199,2000-07-15,2060-08-15,7.4383,7.4042,7.4178,4058.437482,0.00447542308168,7.24,7.6484,7.1923,7.5999,Calculado
2026-07-10,NTN-F,2026-07-10,950199,2016-01-15,2027-01-01,13.7777,13.7241,13.7564,986.373013,0.0104897092424,13.654,14.0897,13.5714,14.0042,Calculado
2026-07-10,NTN-F,2026-07-10,950199,2018-01-05,2029-01-01,13.9626,13.9297,13.9452,928.026994,0.0161267609361,13.729,14.6876,13.4858,14.4445,Calculado
2026-07-10,NTN-F,2026-07-10,950199,2020-01-10,2031-01-01,14.3529,14.34,14.3461,871.820581,0.00066243755932,14.1318,14.9419,13.9466,14.757,Calculado
2026-07-10,NTN-F,2026-07-10,950199,2022-01-07,2033-01-01,14.4072,14.3951,14.4028,831.581625,0.00079381802071,14.2262,14.9503,14.0438,14.768,Calculado
2026-07-10,NTN-F,2026-07-10,950199,2024-01-05,2035-01-01,14.4006,14.3853,14.3938,803.285372,0.0011205303298,14.2215,14.9173,14.0483,14.7441,Calculado
2026-07-10,NTN-F,2026-07-10,950199,2026-01-09,2037-01-01,14.3822,14.3656,14.3704,781.979826,0.00264245596368,14.2111,14.8845,14.0373,14.7103,Calculado
2026-07-09,LTN,2026-07-09,100000,2024-07-05,2026-10-01,13.8561,13.7862,13.8285,970.130413,0.00503231862664,13.6962,13.9504,13.6863,13.9372,Calculado
2026-07-09,LTN,2026-07-09,100000,2025-01-10,2027-04-01,13.8736,13.8113,13.8446,911.073405,0.00507545998999,13.6286,14.2561,13.5606,14.1854,Calculado
2026-07-09,LTN,2026-07-09,100000,2023-07-07,2027-07-01,13.8744,13.8044,13.8478,881.989553,0.00484953605925,13.5732,14.3382,13.4829,14.2462,Calculado
2026-07-09,LTN,2026-07-09,100000,2025-07-04,2027-10-01,13.9658,13.9526,13.959,851.952478,0,13.6566,14.5047,13.5444,14.3915,Calculado
2026-07-09,LTN,2026-07-09,100000,2024-01-05,2028-01-01,14.0452,14.0357,14.0406,823.700479,0.0007024185362,13.7308,14.6223,13.5992,14.4902,Calculado
2026-07-09,LTN,2026-07-09,100000,2026-01-09,2028-04-01,14.0764,14.0617,14.07,796.730058,0,13.7391,14.6544,13.6156,14.5302,Calculado
2026-07-09,LTN,2026-07-09,100000,2024-07-05,2028-07-01,14.091,14.077,14.0837,771.559505,0.00167963581172,13.7591,14.713,13.6255,14.5788,Calculado
2026-07-09,LTN,2026-07-09,100000,2022-02-11,2029-01-01,14.2772,14.2644,14.27,720.225227,0.00126943372415,13.9264,14.8991,13.8015,14.7743,Calculado
2026-07-09,LTN,2026-07-09,100000,2025-07-04,2029-07-01,14.4049,14.3925,14.3981,672.241645,0.00083217462711,14.0435,14.9849,13.9415,14.8832,Calculado
2026-07-09,LTN,2026-07-09,100000,2024-01-05,2030-01-01,14.446,14.434,14.4392,628.072633,0.00173067525261,14.0866,14.9822,14.002,14.898,Calculado
2026-07-09,LTN,2026-07-09,100000,2025-01-10,2032-01-01,14.5437,14.5313,14.5378,477.334041,0.00056101410856,14.2099,14.9516,14.1741,14.9158,Calculado
2026-07-09,NTN-C,2026-07-09,770100,2000-07-01,2031-01-01,8.2027,7.89,7.9761,7636.163813,0.08856076730404,7.5015,8.4494,7.5464,8.4957,Calculado
2026-07-09,LFT,2026-07-09,210100,2000-07-01,2026-09-01,-0.0028,-0.0212,-0.0131,19395.480551,0.00468191118989,-0.1008,0.0443,-0.0963,0.0472,Calculado
2026-07-09,LFT,2026-07-09,210100,2000-07-01,2027-03-01,0.0089,0.0059,0.007,19394.239263,0.00066666666333,-0.0604,0.0551,-0.0574,0.0552,Calculado
2026-07-09,LFT,2026-07-09,210100,2000-07-01,2027-09-01,0.0092,0.0068,0.0077,19393.405274,0.00040043834731,-0.0364,0.059,-0.0354,0.0588,Calculado
2026-07-09,LFT,2026-07-09,210100,2000-07-01,2028-03-01,0.0186,0.0163,0.0173,19389.623227,0.00018751903903,-0.0268,0.0765,-0.0262,0.0757,Calculado
2026-07-09,LFT,2026-07-09,210100,2000-07-01,2028-09-01,0.0306,0.0287,0.0294,19382.893123,0.00035600116573,0.0181,0.0497,0.0184,0.0492,Calculado
2026-07-09,LFT,2026-07-09,210100,2000-07-01,2029-03-01,0.0415,0.039,0.04,19374.805361,0.00031853097181,0.0256,0.0553,0.0256,0.0554,Calculado
2026-07-09,LFT,2026-07-09,210100,2000-07-01,2029-09-01,0.0541,0.0529,0.0533,19362.780392,0.00029217872955,0.0296,0.0643,0.0289,0.0654,Calculado
2026-07-09,LFT,2026-07-09,210100,2000-07-01,2030-03-01,0.0614,0.0587,0.06,19353.082836,0,0.0384,0.073,0.0391,0.073,Calculado
2026-07-09,LFT,2026-07-09,210100,2000-07-01,2030-06-01,0.0657,0.0632,0.0643,19347.031561,0.00038040835953,0.0434,0.0775,0.044,0.0776,Calculado
2026-07-09,LFT,2026-07-09,210100,2000-07-01,2030-09-01,0.0712,0.0682,0.0697,19339.564443,0.00028818853204,0.0507,0.0791,0.0514,0.0793,Calculado
2026-07-09,LFT,2026-07-09,210100,2000-07-01,2030-12-01,0.0712,0.068,0.0697,19336.209088,0.00020131147508,0.0568,0.0826,0.0569,0.0832,Calculado
2026-07-09,LFT,2026-07-09,210100,2000-07-01,2031-03-01,0.0754,0.0729,0.074,19329.110477,0.00026435398616,0.0615,0.0888,0.0616,0.0893,Calculado
2026-07-09,LFT,2026-07-09,210100,2000-07-01,2031-06-01,0.0796,0.0773,0.0784,19321.468803,0.00019025987491,0.0665,0.0952,0.0666,0.0957,Calculado
2026-07-09,LFT,2026-07-09,210100,2000-07-01,2031-09-01,0.0823,0.0797,0.0808,19315.262367,0.00015769993659,0.0694,0.1044,0.0695,0.1046,Calculado
2026-07-09,LFT,2026-07-09,210100,2000-07-01,2031-12-01,0.0944,0.0912,0.0927,19298.989868,0.00020291983639,0.0816,0.1043,0.0817,0.1042,Calculado
2026-07-09,LFT,2026-07-09,210100,2000-07-01,2032-03-01,0.101,0.0984,0.0995,19287.333406,0.00033623299957,0.088,0.1094,0.0882,0.1088,Calculado
2026-07-09,LFT,2026-07-09,210100,2000-07-01,2032-06-01,0.1107,0.1094,0.11,19270.6924,0.00007071060741,0.0895,0.1195,0.0887,0.1195,Calculado
2026-07-09,LFT,2026-07-09,210100,2000-07-01,2032-09-01,0.1151,0.1137,0.1145,19259.850532,0,0.0964,0.1251,0.0943,0.126,Calculado
2026-07-09,NTN-B,2026-07-09,760199,2000-07-15,2026-08-15,11.7139,11.666,11.6898,4827.370174,0.02138767749266,10.6929,12.8087,10.8525,12.9858,Calculado
2026-07-09,NTN-B,2026-07-09,760199,2000-07-15,2027-05-15,8.5142,8.4871,8.5,4697.163331,0,8.2953,8.8446,8.2603,8.8111,Calculado
2026-07-09,NTN-B,2026-07-09,760199,2000-07-15,2028-08-15,8.6437,8.6163,8.6302,4631.972134,0.00065337628515,8.4696,8.9331,8.3831,8.8463,Calculado
2026-07-09,NTN-B,2026-07-09,760199,2000-07-15,2029-05-15,8.4257,8.3968,8.4106,4519.885028,0.00160043853365,8.2199,8.7185,8.1305,8.6291,Calculado
2026-07-09,NTN-B,2026-07-09,760199,2000-07-15,2030-08-15,8.4176,8.3923,8.4014,4489.875252,0.00527798662844,8.1911,8.7017,8.1025,8.6131,Calculado
2026-07-09,NTN-B,2026-07-09,760199,2000-07-15,2031-05-15,8.3208,8.2924,8.303,4383.059429,0.00353859364861,8.0809,8.5842,8.0038,8.5072,Calculado
2026-07-09,NTN-B,2026-07-09,760199,2000-07-15,2032-08-15,8.255,8.226,8.24,4378.846199,0,8.0204,8.5078,7.9503,8.4378,Calculado
2026-07-09,NTN-B,2026-07-09,760199,2000-07-15,2033-05-15,8.1815,8.149,8.162,4282.454324,0.00334521691075,7.9453,8.4161,7.8872,8.3581,Calculado
2026-07-09,NTN-B,2026-07-09,760199,2000-07-15,2035-05-15,8.0763,8.0482,8.0567,4208.442862,0.00840354491212,7.8365,8.2919,7.7932,8.2485,Calculado
2026-07-09,NTN-B,2026-07-09,760199,2000-07-15,2037-05-15,7.9496,7.9216,7.9318,4160.972853,0.0085280286538,7.7086,8.1515,7.6776,8.1204,Calculado
2026-07-09,NTN-B,2026-07-09,760199,2000-07-15,2040-08-15,7.793,7.7588,7.7733,4176.502023,0.00383648468132,7.5487,7.9774,7.5301,7.9585,Calculado
2026-07-09,NTN-B,2026-07-09,760199,2000-07-15,2045-05-15,7.6137,7.57,7.59,4072.912547,0,7.3656,7.7832,7.3559,7.773,Calculado
2026-07-09,NTN-B,2026-07-09,760199,2000-07-15,2050-08-15,7.5557,7.5211,7.54,4087.521258,0,7.3167,7.7288,7.3107,7.7222,Calculado
2026-07-09,NTN-B,2026-07-09,760199,2000-07-15,2055-05-15,7.4884,7.4482,7.4697,4003.688415,0.00117851129821,7.2426,7.6525,7.2427,7.6519,Calculado
2026-07-09,NTN-B,2026-07-09,760199,2000-07-15,2060-08-15,7.4868,7.4418,7.4659,4039.0786,0.00376163418875,7.2436,7.6529,7.24,7.6484,Calculado
2026-07-09,NTN-F,2026-07-09,950199,2016-01-15,2027-01-01,13.8548,13.8064,13.8406,985.518458,0.01312585948119,13.697,14.1357,13.654,14.0897,Calculado
2026-07-09,NTN-F,2026-07-09,950199,2018-01-05,2029-01-01,14.1973,14.1646,14.1884,923.146354,0.00628683763668,13.856,14.8145,13.729,14.6876,Calculado
2026-07-09,NTN-F,2026-07-09,950199,2020-01-10,2031-01-01,14.5375,14.525,14.5311,866.251009,0.00074302014778,14.1895,14.9993,14.1318,14.9419,Calculado
2026-07-09,NTN-F,2026-07-09,950199,2022-01-07,2033-01-01,14.5897,14.5783,14.5851,824.893159,0.00091214034008,14.2437,14.9681,14.2262,14.9503,Calculado
2026-07-09,NTN-F,2026-07-09,950199,2024-01-05,2035-01-01,14.5731,14.5598,14.567,796.118387,0.00124286383808,14.2173,14.9137,14.2215,14.9173,Calculado
2026-07-09,NTN-F,2026-07-09,950199,2026-01-09,2037-01-01,14.5525,14.5374,14.5444,774.23281,0.00283735585185,14.1744,14.8486,14.2111,14.8845,Calculado
2026-07-13,LTN,2026-07-13,100000,2024-07-05,2026-10-01,13.8264,13.7941,13.8117,971.160602,0.01330413193185,13.663,13.9106,13.671,13.9152,Calculado
2026-07-13,LTN,2026-07-13,100000,2025-01-10,2027-04-01,13.8371,13.7661,13.8067,912.227182,0.00317819090522,13.4478,14.0698,13.526,14.1451,Calculado
2026-07-13,LTN,2026-07-13,100000,2023-07-07,2027-07-01,13.8532,13.785,13.8187,883.114627,0.01028466293371,13.3457,14.1073,13.4558,14.2157,Calculado
2026-07-13,LTN,2026-07-13,100000,2025-07-04,2027-10-01,13.9388,13.9261,13.9316,853.08633,0.00183320075005,13.3772,14.2234,13.5181,14.3633,Calculado
2026-07-13,LTN,2026-07-13,100000,2024-01-05,2028-01-01,14.0122,14.0003,14.0051,824.936842,0.00104320933182,13.4173,14.3078,13.5643,14.4544,Calculado
2026-07-13,LTN,2026-07-13,100000,2026-01-09,2028-04-01,14.0398,14.028,14.034,797.995582,0,13.4117,14.3255,13.5799,14.4929,Calculado
2026-07-13,LTN,2026-07-13,100000,2024-07-05,2028-07-01,14.062,14.0502,14.056,772.73453,0,13.4256,14.3784,13.5978,14.5501,Calculado
2026-07-13,LTN,2026-07-13,100000,2026-07-10,2028-10-01,14.2118,14.1825,14.1985,745.286751,0.00692207807165,13.5465,14.5198,13.7347,14.7079,Calculado
2026-07-13,LTN,2026-07-13,100000,2022-02-11,2029-01-01,14.2404,14.2291,14.235,721.529973,0.00003892479929,13.5807,14.5536,13.7665,14.7395,Calculado
2026-07-13,LTN,2026-07-13,100000,2025-07-04,2029-07-01,14.3635,14.3551,14.3601,673.618326,0.00163858242698,13.723,14.665,13.9032,14.8455,Calculado
2026-07-13,LTN,2026-07-13,100000,2024-01-05,2030-01-01,14.3999,14.3921,14.396,629.562569,0,13.7965,14.6929,13.9584,14.8552,Calculado
2026-07-13,LTN,2026-07-13,100000,2025-01-10,2032-01-01,14.5033,14.4987,14.5018,478.666469,0.00017215214201,13.9946,14.7363,14.1381,14.8799,Calculado
2026-07-13,NTN-C,2026-07-13,770100,2000-07-01,2031-01-01,8.191,7.9185,7.9727,7627.957799,0.07669285652791,7.5294,8.4835,7.3815,8.3409,Calculado
2026-07-13,LFT,2026-07-13,210100,2000-07-01,2026-09-01,0.0001,-0.0155,-0.011,19415.785521,0.00272018300855,-0.0953,0.0473,-0.0949,0.0491,Calculado
2026-07-13,LFT,2026-07-13,210100,2000-07-01,2027-03-01,0.0091,0.0063,0.0073,19414.601176,0.00031592644714,-0.0564,0.0551,-0.0567,0.0557,Calculado
2026-07-13,LFT,2026-07-13,210100,2000-07-01,2027-09-01,0.008,0.0057,0.0074,19413.863387,0.00047573471599,-0.0345,0.0586,-0.0358,0.0595,Calculado
2026-07-13,LFT,2026-07-13,210100,2000-07-01,2028-03-01,0.0192,0.0159,0.0174,19409.980288,0.00008987163067,-0.0253,0.0753,-0.0262,0.0754,Calculado
2026-07-13,LFT,2026-07-13,210100,2000-07-01,2028-09-01,0.0314,0.028,0.0297,19403.184865,0.00037739430308,0.0188,0.0491,0.0188,0.0484,Calculado
2026-07-13,LFT,2026-07-13,210100,2000-07-01,2029-03-01,0.0417,0.0382,0.04,19395.224512,0,0.0258,0.0553,0.0254,0.0553,Calculado
2026-07-13,LFT,2026-07-13,210100,2000-07-01,2029-09-01,0.054,0.0523,0.0534,19383.148075,0.00034451821432,0.029,0.0653,0.0289,0.0654,Calculado
2026-07-13,LFT,2026-07-13,210100,2000-07-01,2030-03-01,0.0617,0.0581,0.06,19373.51799,0.00006191381106,0.0391,0.073,0.0393,0.0729,Calculado
2026-07-13,LFT,2026-07-13,210100,2000-07-01,2030-06-01,0.066,0.0624,0.0642,19367.538018,0.00014548766271,0.0441,0.0775,0.0444,0.0774,Calculado
2026-07-13,LFT,2026-07-13,210100,2000-07-01,2030-09-01,0.0714,0.0678,0.0697,19360.004806,0.00016676183616,0.0514,0.0792,0.0517,0.0793,Calculado
2026-07-13,LFT,2026-07-13,210100,2000-07-01,2030-12-01,0.0715,0.0679,0.0698,19356.548848,0.00015916447468,0.0569,0.0832,0.057,0.0834,Calculado
2026-07-13,LFT,2026-07-13,210100,2000-07-01,2031-03-01,0.0758,0.0723,0.0741,19349.462192,0.00022294813298,0.0617,0.0892,0.0618,0.0895,Calculado
2026-07-13,LFT,2026-07-13,210100,2000-07-01,2031-06-01,0.0802,0.0767,0.0784,19341.909565,0.000046880593,0.0666,0.0956,0.0666,0.096,Calculado
2026-07-13,LFT,2026-07-13,210100,2000-07-01,2031-09-01,0.0828,0.0797,0.081,19335.483037,0.00008644373893,0.0696,0.1045,0.0697,0.1047,Calculado
2026-07-13,LFT,2026-07-13,210100,2000-07-01,2031-12-01,0.0945,0.0907,0.0927,19319.426423,0.00032634337744,0.0816,0.1044,0.0817,0.1045,Calculado
2026-07-13,LFT,2026-07-13,210100,2000-07-01,2032-03-01,0.1014,0.0978,0.0997,19307.524725,0.00017097005586,0.0884,0.1089,0.0884,0.1089,Calculado
2026-07-13,LFT,2026-07-13,210100,2000-07-01,2032-06-01,0.1106,0.1082,0.1099,19291.235125,0.00004935473635,0.0891,0.1195,0.0891,0.1194,Calculado
2026-07-13,LFT,2026-07-13,210100,2000-07-01,2032-09-01,0.116,0.114,0.115,19279.682906,0,0.0948,0.1259,0.0946,0.1258,Calculado
2026-07-13,NTN-B,2026-07-13,760199,2000-07-15,2026-08-15,11.6246,11.559,11.593,4826.023746,0.00875441065235,10.7003,12.8514,10.7416,12.9105,Calculado
2026-07-13,NTN-B,2026-07-13,760199,2000-07-15,2027-05-15,8.3967,8.3707,8.3839,4698.490138,0.00514395688065,8.1805,8.7327,8.1443,8.698,Calculado
2026-07-13,NTN-B,2026-07-13,760199,2000-07-15,2028-08-15,8.6138,8.5876,8.6,4631.759254,0,8.3087,8.7717,8.3532,8.8159,Calculado
2026-07-13,NTN-B,2026-07-13,760199,2000-07-15,2029-05-15,8.3845,8.36,8.37,4521.569421,0,8.0302,8.5286,8.0901,8.5884,Calculado
2026-07-13,NTN-B,2026-07-13,760199,2000-07-15,2030-08-15,8.3826,8.3555,8.3679,4492.103959,0.00273253304463,8.0011,8.5118,8.069,8.5797,Calculado
2026-07-13,NTN-B,2026-07-13,760199,2000-07-15,2031-05-15,8.2727,8.2475,8.26,4387.652735,0,7.8984,8.4018,7.9608,8.4643,Calculado
2026-07-13,NTN-B,2026-07-13,760199,2000-07-15,2032-08-15,8.218,8.1885,8.2029,4383.639025,0.00511316955616,7.8502,8.3378,7.913,8.4007,Calculado
2026-07-13,NTN-B,2026-07-13,760199,2000-07-15,2033-05-15,8.1795,8.1538,8.1671,4278.680757,0.00537562725828,7.8152,8.2861,7.8922,8.3632,Calculado
2026-07-13,NTN-B,2026-07-13,760199,2000-07-15,2035-05-15,8.0908,8.066,8.0771,4200.444222,0.00296226708958,7.7492,8.2045,7.8137,8.2689,Calculado
2026-07-13,NTN-B,2026-07-13,760199,2000-07-15,2037-05-15,7.9694,7.9281,7.9476,4153.582859,0.00424456592127,7.6312,8.0738,7.6935,8.1362,Calculado
2026-07-13,NTN-B,2026-07-13,760199,2000-07-15,2040-08-15,7.7682,7.7307,7.7486,4182.465457,0.00218492495294,7.463,7.8913,7.5055,7.9338,Calculado
2026-07-13,NTN-B,2026-07-13,760199,2000-07-15,2045-05-15,7.6069,7.5756,7.5892,4070.541246,0.00418066276683,7.3143,7.7311,7.3551,7.7722,Calculado
2026-07-13,NTN-B,2026-07-13,760199,2000-07-15,2050-08-15,7.5601,7.5297,7.5436,4083.19841,0.00328008946829,7.2701,7.6811,7.3144,7.7257,Calculado
2026-07-13,NTN-B,2026-07-13,760199,2000-07-15,2055-05-15,7.4775,7.4351,7.4572,4006.904757,0.00374607637803,7.1936,7.6022,7.2303,7.6393,Calculado
2026-07-13,NTN-B,2026-07-13,760199,2000-07-15,2060-08-15,7.4615,7.4291,7.4476,4045.28852,0.00584509465877,7.1923,7.5999,7.2218,7.63,Calculado
2026-07-13,NTN-F,2026-07-13,950199,2016-01-15,2027-01-01,13.8184,13.7388,13.8006,986.696615,0.00748225250509,13.5714,14.0042,13.6156,14.0454,Calculado
2026-07-13,NTN-F,2026-07-13,950199,2018-01-05,2029-01-01,14.1209,14.0698,14.1013,925.6872,0.02239037509847,13.4858,14.4445,13.642,14.6006,Calculado
2026-07-13,NTN-F,2026-07-13,950199,2020-01-10,2031-01-01,14.504,14.4944,14.499,868.066228,0.00082301453815,13.9466,14.757,14.0994,14.9101,Calculado
2026-07-13,NTN-F,2026-07-13,950199,2022-01-07,2033-01-01,14.5426,14.5318,14.5382,827.384165,0.00087531506328,14.0438,14.768,14.1793,14.9034,Calculado
2026-07-13,NTN-F,2026-07-13,950199,2024-01-05,2035-01-01,14.5227,14.5103,14.5171,798.910289,0.00100589925937,14.0483,14.7441,14.1715,14.8675,Calculado
2026-07-13,NTN-F,2026-07-13,950199,2026-01-09,2037-01-01,14.4956,14.4747,14.4868,777.48218,0.00211243483686,14.0373,14.7103,14.1535,14.8269,Calculado
2026-07-15,LTN,2026-07-15,100000,2024-07-05,2026-10-01,13.8221,13.7557,13.7926,972.193901,0.00344169648865,13.6583,13.8993,13.6543,13.8919,Calculado
2026-07-15,LTN,2026-07-15,100000,2025-01-10,2027-04-01,13.7384,13.6607,13.7094,913.712768,0.00047386226902,13.4505,14.0668,13.4325,14.0459,Calculado
2026-07-15,LTN,2026-07-15,100000,2023-07-07,2027-07-01,13.7229,13.6372,13.6921,884.959783,0.0019018209879,13.3537,14.1119,13.3316,14.088,Calculado
2026-07-15,LTN,2026-07-15,100000,2025-07-04,2027-10-01,13.7847,13.7703,13.7766,855.378113,0.00048038445021,13.3818,14.226,13.3645,14.2078,Calculado
2026-07-15,LTN,2026-07-15,100000,2024-01-05,2028-01-01,13.8545,13.8436,13.8486,827.453665,0.00034140232864,13.4264,14.316,13.4085,14.2976,Calculado
2026-07-15,LTN,2026-07-15,100000,2026-01-09,2028-04-01,13.8749,13.8625,13.868,800.820533,0.00123148045457,13.4391,14.3514,13.4142,14.3257,Calculado
2026-07-15,LTN,2026-07-15,100000,2024-07-05,2028-07-01,13.8961,13.8824,13.89,775.744319,0.00210482638476,13.4499,14.4017,13.4319,14.3831,Calculado
2026-07-15,LTN,2026-07-15,100000,2026-07-10,2028-10-01,14.0357,14.0147,14.0258,748.567889,0.00156677382222,13.575,14.5481,13.5622,14.5352,Calculado
2026-07-15,LTN,2026-07-15,100000,2022-02-11,2029-01-01,14.0747,14.066,14.0696,724.855285,0.00107819292801,13.6131,14.5861,13.6012,14.5743,Calculado
2026-07-15,LTN,2026-07-15,100000,2025-07-04,2029-07-01,14.2111,14.2032,14.2075,676.985358,0.0005921711408,13.7544,14.6971,13.7503,14.6932,Calculado
2026-07-15,LTN,2026-07-15,100000,2024-01-05,2030-01-01,14.2626,14.2551,14.259,632.832595,0.00056387793892,13.8206,14.7178,13.821,14.7186,Calculado
2026-07-15,LTN,2026-07-15,100000,2025-01-10,2032-01-01,14.4095,14.4024,14.4063,481.358205,0.00057777462734,14.0268,14.7686,14.0426,14.7844,Calculado
2026-07-15,NTN-C,2026-07-15,770100,2000-07-01,2031-01-01,8.0724,7.8069,7.9692,7628.770377,0.06463972122921,7.5337,8.4931,7.4812,8.4434,Calculado
2026-07-15,LFT,2026-07-15,210100,2000-07-01,2026-09-01,0.0047,-0.0067,-0.0023,19435.95626,0.00420947809948,-0.0905,0.0505,-0.055,0.023,Calculado
2026-07-15,LFT,2026-07-15,210100,2000-07-01,2027-03-01,0.0081,0.0054,0.0069,19435.062209,0.00020648813525,-0.0534,0.0546,-0.0182,0.0221,Calculado
2026-07-15,LFT,2026-07-15,210100,2000-07-01,2027-09-01,0.0082,0.006,0.007,19434.362517,0.00012459454242,-0.0348,0.0587,-0.0028,0.0267,Calculado
2026-07-15,LFT,2026-07-15,210100,2000-07-01,2028-03-01,0.0192,0.0155,0.0174,19430.417029,0.00007449456356,-0.0252,0.074,0.0071,0.0404,Calculado
2026-07-15,LFT,2026-07-15,210100,2000-07-01,2028-09-01,0.0315,0.0283,0.0299,19423.536721,0.00007762493156,0.0189,0.0477,0.0178,0.0476,Calculado
2026-07-15,LFT,2026-07-15,210100,2000-07-01,2029-03-01,0.0422,0.0389,0.0405,19415.412516,0.00007745966692,0.0247,0.0557,0.024,0.0556,Calculado
2026-07-15,LFT,2026-07-15,210100,2000-07-01,2029-09-01,0.0542,0.053,0.0536,19403.478875,0.000180623891,0.0286,0.0655,0.0286,0.0653,Calculado
2026-07-15,LFT,2026-07-15,210100,2000-07-01,2030-03-01,0.0618,0.0581,0.06,19393.974721,0,0.0396,0.0728,0.0401,0.0726,Calculado
2026-07-15,LFT,2026-07-15,210100,2000-07-01,2030-06-01,0.066,0.0623,0.0642,19387.988464,0.00004522665143,0.0448,0.0773,0.0455,0.0771,Calculado
2026-07-15,LFT,2026-07-15,210100,2000-07-01,2030-09-01,0.0716,0.0678,0.0698,19380.369592,0.00013732130206,0.052,0.0794,0.0524,0.0795,Calculado
2026-07-15,LFT,2026-07-15,210100,2000-07-01,2030-12-01,0.0717,0.0679,0.0698,19376.987746,0.00009999995,0.0569,0.084,0.0569,0.0847,Calculado
2026-07-15,LFT,2026-07-15,210100,2000-07-01,2031-03-01,0.0759,0.0728,0.0743,19369.71872,0.00023310561984,0.0616,0.0901,0.0618,0.0906,Calculado
2026-07-15,LFT,2026-07-15,210100,2000-07-01,2031-06-01,0.0804,0.0765,0.0785,19362.255335,0,0.0666,0.0964,0.0665,0.0971,Calculado
2026-07-15,LFT,2026-07-15,210100,2000-07-01,2031-09-01,0.0828,0.0797,0.0811,19355.841489,0.00021726911884,0.0696,0.1052,0.0696,0.1057,Calculado
2026-07-15,LFT,2026-07-15,210100,2000-07-01,2031-12-01,0.0948,0.091,0.0928,19339.768001,0.00009376139931,0.0817,0.1048,0.0817,0.1052,Calculado
2026-07-15,LFT,2026-07-15,210100,2000-07-01,2032-03-01,0.102,0.0996,0.1002,19327.426206,0.00076476746139,0.0884,0.1091,0.0881,0.1096,Calculado
2026-07-15,LFT,2026-07-15,210100,2000-07-01,2032-06-01,0.1106,0.1094,0.1099,19311.663693,0.0001489892278,0.0891,0.1194,0.0888,0.1196,Calculado
2026-07-15,LFT,2026-07-15,210100,2000-07-01,2032-09-01,0.1161,0.1149,0.1155,19299.535692,0.00006741987837,0.0943,0.1259,0.094,0.1256,Calculado
2026-07-15,NTN-B,2026-07-15,760199,2000-07-15,2026-08-15,11.5968,11.5382,11.5764,4830.995181,0.03194730679181,10.7114,12.8983,10.7122,12.9172,Calculado
2026-07-15,NTN-B,2026-07-15,760199,2000-07-15,2027-05-15,8.2459,8.2201,8.2337,4707.466814,0.00478527005717,8.1009,8.656,7.9948,8.5514,Calculado
2026-07-15,NTN-B,2026-07-15,760199,2000-07-15,2028-08-15,8.4282,8.4046,8.4172,4650.579499,0.00326460753078,8.2384,8.7008,8.1708,8.6329,Calculado
2026-07-15,NTN-B,2026-07-15,760199,2000-07-15,2029-05-15,8.225,8.1958,8.21,4542.487439,0,7.9838,8.482,7.9303,8.4283,Calculado
2026-07-15,NTN-B,2026-07-15,760199,2000-07-15,2030-08-15,8.2406,8.2083,8.2242,4516.842411,0.00418216166354,7.962,8.4727,7.9253,8.4359,Calculado
2026-07-15,NTN-B,2026-07-15,760199,2000-07-15,2031-05-15,8.1609,8.1352,8.147,4410.200615,0.00367879771529,7.8741,8.3777,7.8477,8.3512,Calculado
2026-07-15,NTN-B,2026-07-15,760199,2000-07-15,2032-08-15,8.15,8.1261,8.1398,4399.783359,0.00045276924586,7.85,8.3377,7.8498,8.3375,Calculado
2026-07-15,NTN-B,2026-07-15,760199,2000-07-15,2033-05-15,8.1126,8.0857,8.1,4296.743526,0,7.835,8.306,7.825,8.296,Calculado
2026-07-15,NTN-B,2026-07-15,760199,2000-07-15,2035-05-15,8.0123,7.9873,8,4223.927004,0,7.7465,8.2018,7.7366,8.1917,Calculado
2026-07-15,NTN-B,2026-07-15,760199,2000-07-15,2037-05-15,7.8889,7.8589,7.8755,4178.39535,0.0035152727988,7.6264,8.069,7.6215,8.0639,Calculado
2026-07-15,NTN-B,2026-07-15,760199,2000-07-15,2040-08-15,7.7211,7.6907,7.7061,4200.537942,0.00549497999905,7.459,7.8871,7.4631,7.8911,Calculado
2026-07-15,NTN-B,2026-07-15,760199,2000-07-15,2045-05-15,7.5726,7.5437,7.5581,4086.19932,0.00202217241599,7.3261,7.7428,7.3243,7.7408,Calculado
2026-07-15,NTN-B,2026-07-15,760199,2000-07-15,2050-08-15,7.5235,7.4942,7.5083,4101.910513,0.00215455453865,7.2839,7.6947,7.2794,7.6901,Calculado
2026-07-15,NTN-B,2026-07-15,760199,2000-07-15,2055-05-15,7.4423,7.4116,7.4268,4024.193426,0.0027498917706,7.2049,7.6132,7.2003,7.6085,Calculado
2026-07-15,NTN-B,2026-07-15,760199,2000-07-15,2060-08-15,7.4259,7.3951,7.4097,4066.767679,0.00675370669336,7.1946,7.602,7.1845,7.5916,Calculado
2026-07-15,NTN-F,2026-07-15,950199,2016-01-15,2027-01-01,13.7607,13.6845,13.7416,987.947338,0.00797042188281,13.571,13.9978,13.5589,13.9827,Calculado
2026-07-15,NTN-F,2026-07-15,950199,2018-01-05,2029-01-01,13.9523,13.9035,13.936,929.636619,0.00510077024968,13.4888,14.4474,13.4768,14.4354,Calculado
2026-07-15,NTN-F,2026-07-15,950199,2020-01-10,2031-01-01,14.3871,14.3752,14.3815,872.234981,0.00061018050608,13.9707,14.7818,13.9816,14.7929,Calculado
2026-07-15,NTN-F,2026-07-15,950199,2022-01-07,2033-01-01,14.4736,14.461,14.4666,830.7244,0.00101453488851,14.0796,14.8037,14.1078,14.8317,Calculado
2026-07-15,NTN-F,2026-07-15,950199,2024-01-05,2035-01-01,14.4698,14.4572,14.4642,801.825376,0.00085228929948,14.0776,14.7734,14.1188,14.8143,Calculado
2026-07-15,NTN-F,2026-07-15,950199,2026-01-09,2037-01-01,14.4552,14.4424,14.4498,779.87414,0.00124031485519,14.0662,14.7393,14.1168,14.7895,Calculado
2026-07-14,LTN,2026-07-14,100000,2024-07-05,2026-10-01,13.8181,13.7481,13.7974,971.68645,0.0058732444177,13.671,13.9152,13.6583,13.8993,Calculado
2026-07-14,LTN,2026-07-14,100000,2025-01-10,2027-04-01,13.7545,13.6927,13.7291,913.135312,0.01210402711993,13.526,14.1451,13.4505,14.0668,Calculado
2026-07-14,LTN,2026-07-14,100000,2023-07-07,2027-07-01,13.7466,13.686,13.7153,884.336678,0.0169397136059,13.4558,14.2157,13.3537,14.1119,Calculado
2026-07-14,LTN,2026-07-14,100000,2025-07-04,2027-10-01,13.8012,13.7872,13.7945,854.776829,0.00169640623378,13.5181,14.3633,13.3818,14.226,Calculado
2026-07-14,LTN,2026-07-14,100000,2024-01-05,2028-01-01,13.8724,13.8613,13.8668,826.834346,0.00083212166178,13.5643,14.4544,13.4264,14.316,Calculado
2026-07-14,LTN,2026-07-14,100000,2026-01-09,2028-04-01,13.8993,13.8866,13.893,800.106767,0,13.5799,14.4929,13.4391,14.3514,Calculado
2026-07-14,LTN,2026-07-14,100000,2024-07-05,2028-07-01,13.9142,13.9017,13.908,775.104366,0,13.5978,14.5501,13.4499,14.4017,Calculado
2026-07-14,LTN,2026-07-14,100000,2026-07-10,2028-10-01,14.0488,14.0288,14.0387,747.991044,0.00062740446285,13.7347,14.7079,13.575,14.5481,Calculado
2026-07-14,LTN,2026-07-14,100000,2022-02-11,2029-01-01,14.0871,14.0757,14.0815,724.291722,0.00070320693256,13.7665,14.7395,13.6131,14.5861,Calculado
2026-07-14,LTN,2026-07-14,100000,2025-07-04,2029-07-01,14.2177,14.2064,14.2115,676.558886,0.00065916613232,13.9032,14.8455,13.7544,14.6971,Calculado
2026-07-14,LTN,2026-07-14,100000,2024-01-05,2030-01-01,14.2649,14.2542,14.2584,632.509355,0.00070282169147,13.9584,14.8552,13.8206,14.7178,Calculado
2026-07-14,LTN,2026-07-14,100000,2025-01-10,2032-01-01,14.3965,14.3851,14.3905,481.462568,0.00061488878669,14.1381,14.8799,14.0268,14.7686,Calculado
2026-07-14,NTN-C,2026-07-14,770100,2000-07-01,2031-01-01,8.172,7.9033,7.95,7633.744246,0.10212703727422,7.3815,8.3409,7.5337,8.4931,Calculado
2026-07-14,LFT,2026-07-14,210100,2000-07-01,2026-09-01,0.0005,-0.0104,-0.0073,19425.887698,0.00447146508317,-0.0949,0.0491,-0.0905,0.0505,Calculado
2026-07-14,LFT,2026-07-14,210100,2000-07-01,2027-03-01,0.0089,0.006,0.0072,19424.819285,0.00019158102724,-0.0567,0.0557,-0.0534,0.0546,Calculado
2026-07-14,LFT,2026-07-14,210100,2000-07-01,2027-09-01,0.0092,0.0055,0.0074,19424.061683,0.00031030897506,-0.0358,0.0595,-0.0348,0.0587,Calculado
2026-07-14,LFT,2026-07-14,210100,2000-07-01,2028-03-01,0.0191,0.0159,0.0173,19420.234822,0.00016561572993,-0.0262,0.0754,-0.0252,0.074,Calculado
2026-07-14,LFT,2026-07-14,210100,2000-07-01,2028-09-01,0.0323,0.0295,0.0298,19413.358126,0.00048619023026,0.0188,0.0484,0.0189,0.0477,Calculado
2026-07-14,LFT,2026-07-14,210100,2000-07-01,2029-03-01,0.0413,0.0386,0.0404,19405.238186,0.00068104590154,0.0254,0.0553,0.0247,0.0557,Calculado
2026-07-14,LFT,2026-07-14,210100,2000-07-01,2029-09-01,0.0541,0.0529,0.0536,19393.252533,0.00018693592485,0.0289,0.0654,0.0286,0.0655,Calculado
2026-07-14,LFT,2026-07-14,210100,2000-07-01,2030-03-01,0.0617,0.0582,0.06,19383.753369,0.00006063381895,0.0393,0.0729,0.0396,0.0728,Calculado
2026-07-14,LFT,2026-07-14,210100,2000-07-01,2030-06-01,0.0659,0.0623,0.0642,19377.75083,0.0001691892136,0.0444,0.0774,0.0448,0.0773,Calculado
2026-07-14,LFT,2026-07-14,210100,2000-07-01,2030-09-01,0.0714,0.0678,0.0697,19370.233087,0.0000516397134,0.0517,0.0793,0.052,0.0794,Calculado
2026-07-14,LFT,2026-07-14,210100,2000-07-01,2030-12-01,0.0715,0.0679,0.0698,19366.775313,0.00014168105025,0.057,0.0834,0.0569,0.084,Calculado
2026-07-14,LFT,2026-07-14,210100,2000-07-01,2031-03-01,0.0758,0.0724,0.0741,19359.665509,0.00018109144099,0.0618,0.0895,0.0616,0.0901,Calculado
2026-07-14,LFT,2026-07-14,210100,2000-07-01,2031-06-01,0.0803,0.0769,0.0785,19352.031212,0,0.0666,0.096,0.0666,0.0964,Calculado
2026-07-14,LFT,2026-07-14,210100,2000-07-01,2031-09-01,0.0825,0.0793,0.081,19345.717862,0,0.0697,0.1047,0.0696,0.1052,Calculado
2026-07-14,LFT,2026-07-14,210100,2000-07-01,2031-12-01,0.0946,0.0911,0.0928,19329.536259,0.00018973665961,0.0817,0.1045,0.0817,0.1048,Calculado
2026-07-14,LFT,2026-07-14,210100,2000-07-01,2032-03-01,0.1015,0.0989,0.0998,19317.647735,0.00017867028292,0.0884,0.1089,0.0884,0.1091,Calculado
2026-07-14,LFT,2026-07-14,210100,2000-07-01,2032-06-01,0.111,0.1085,0.1098,19301.56326,0.00017402790006,0.0891,0.1194,0.0891,0.1194,Calculado
2026-07-14,LFT,2026-07-14,210100,2000-07-01,2032-09-01,0.1157,0.1149,0.1155,19289.305648,0.00003892479929,0.0946,0.1258,0.0943,0.1259,Calculado
2026-07-14,NTN-B,2026-07-14,760199,2000-07-15,2026-08-15,11.5886,11.548,11.5686,4828.573273,0.01230467272015,10.7416,12.9105,10.7114,12.8983,Calculado
2026-07-14,NTN-B,2026-07-14,760199,2000-07-15,2027-05-15,8.3523,8.3265,8.34,4701.883435,0,8.1443,8.698,8.1009,8.656,Calculado
2026-07-14,NTN-B,2026-07-14,760199,2000-07-15,2028-08-15,8.499,8.472,8.4849,4643.133054,0.00521878187032,8.3532,8.8159,8.2384,8.7008,Calculado
2026-07-14,NTN-B,2026-07-14,760199,2000-07-15,2029-05-15,8.2809,8.2479,8.2636,4534.897195,0.00512895689395,8.0901,8.5884,7.9838,8.482,Calculado
2026-07-14,NTN-B,2026-07-14,760199,2000-07-15,2030-08-15,8.2765,8.2468,8.2609,4509.661592,0.00192421785929,8.069,8.5797,7.962,8.4727,Calculado
2026-07-14,NTN-B,2026-07-14,760199,2000-07-15,2031-05-15,8.1907,8.155,8.1734,4404.022749,0.00612512799621,7.9608,8.4643,7.8741,8.3777,Calculado
2026-07-14,NTN-B,2026-07-14,760199,2000-07-15,2032-08-15,8.1528,8.1257,8.14,4398.056246,0,7.913,8.4007,7.85,8.3377,Calculado
2026-07-14,NTN-B,2026-07-14,760199,2000-07-15,2033-05-15,8.1232,8.095,8.11,4292.89605,0,7.8922,8.3632,7.835,8.306,Calculado
2026-07-14,NTN-B,2026-07-14,760199,2000-07-15,2035-05-15,8.0272,7.9974,8.01,4219.691474,0,7.8137,8.2689,7.7465,8.2018,Calculado
2026-07-14,NTN-B,2026-07-14,760199,2000-07-15,2037-05-15,7.9024,7.8614,7.8805,4175.324203,0.002739943733,7.6935,8.1362,7.6264,8.069,Calculado
2026-07-14,NTN-B,2026-07-14,760199,2000-07-15,2040-08-15,7.719,7.6865,7.702,4200.446069,0.00283899073968,7.5055,7.9338,7.459,7.8871,Calculado
2026-07-14,NTN-B,2026-07-14,760199,2000-07-15,2045-05-15,7.5756,7.5453,7.56,4083.945253,0,7.3551,7.7722,7.3261,7.7428,Calculado
2026-07-14,NTN-B,2026-07-14,760199,2000-07-15,2050-08-15,7.532,7.496,7.5128,4098.418405,0.00423604520042,7.3144,7.7257,7.2839,7.6947,Calculado
2026-07-14,NTN-B,2026-07-14,760199,2000-07-15,2055-05-15,7.4505,7.4151,7.4314,4020.56953,0.00218608036449,7.2303,7.6393,7.2049,7.6132,Calculado
2026-07-14,NTN-B,2026-07-14,760199,2000-07-15,2060-08-15,7.44,7.3986,7.42,4060.25459,0,7.2218,7.63,7.1946,7.602,Calculado
2026-07-14,NTN-F,2026-07-14,950199,2016-01-15,2027-01-01,13.772,13.7038,13.7545,987.390241,0.00312626943816,13.6156,14.0454,13.571,13.9978,Calculado
2026-07-14,NTN-F,2026-07-14,950199,2018-01-05,2029-01-01,13.966,13.9198,13.948,928.938368,0.01450597465322,13.642,14.6006,13.4888,14.4474,Calculado
2026-07-14,NTN-F,2026-07-14,950199,2020-01-10,2031-01-01,14.3763,14.3642,14.3705,872.073952,0.00071610784802,14.0994,14.9101,13.9707,14.7818,Calculado
2026-07-14,NTN-F,2026-07-14,950199,2022-01-07,2033-01-01,14.4444,14.4318,14.4385,831.243121,0,14.1793,14.9034,14.0796,14.8037,Calculado
2026-07-14,NTN-F,2026-07-14,950199,2024-01-05,2035-01-01,14.4302,14.4173,14.4231,802.997991,0.00015782610684,14.1715,14.8675,14.0776,14.7734,Calculado
2026-07-14,NTN-F,2026-07-14,950199,2026-01-09,2037-01-01,14.4062,14.3919,14.3994,781.584926,0.00086104416263,14.1535,14.8269,14.0662,14.7393,Calculado
2026-07-16,LTN,2026-07-16,100000,2024-07-05,2026-10-01,13.8098,13.7476,13.792,972.693598,0.02028471178375,13.6543,13.8919,13.6538,13.8879,Calculado
2026-07-16,LTN,2026-07-16,100000,2025-01-10,2027-04-01,13.7313,13.6631,13.6982,914.241613,0.00760286952341,13.4325,14.0459,13.4227,14.0332,Calculado
2026-07-16,LTN,2026-07-16,100000,2023-07-07,2027-07-01,13.7279,13.6666,13.7048,885.316745,0.009050714811,13.3316,14.088,13.3451,14.0998,Calculado
2026-07-16,LTN,2026-07-16,100000,2025-07-04,2027-10-01,13.8229,13.807,13.816,855.458944,0,13.3645,14.2078,13.4043,14.2466,Calculado
2026-07-16,LTN,2026-07-16,100000,2024-01-05,2028-01-01,13.9161,13.9047,13.9114,827.215033,0.00081606119256,13.4085,14.2976,13.4715,14.3601,Calculado
2026-07-16,LTN,2026-07-16,100000,2026-01-09,2028-04-01,13.9396,13.9261,13.933,800.453511,0.00131974695302,13.4142,14.3257,13.4792,14.39,Calculado
2026-07-16,LTN,2026-07-16,100000,2024-07-05,2028-07-01,13.9745,13.958,13.9673,775.119426,0.00031422324866,13.4319,14.3831,13.5091,14.4598,Calculado
2026-07-16,LTN,2026-07-16,100000,2026-07-10,2028-10-01,14.1052,14.0893,14.098,747.914501,0,13.5622,14.5352,13.6345,14.6074,Calculado
2026-07-16,LTN,2026-07-16,100000,2022-02-11,2029-01-01,14.1524,14.1404,14.1469,724.036032,0.00105621410235,13.6012,14.5743,13.6785,14.6516,Calculado
2026-07-16,LTN,2026-07-16,100000,2025-07-04,2029-07-01,14.2976,14.2847,14.2916,675.881759,0.0005700590408,13.7503,14.6932,13.8342,14.7775,Calculado
2026-07-16,LTN,2026-07-16,100000,2024-01-05,2030-01-01,14.3476,14.3362,14.3425,631.583534,0.00073908727495,13.821,14.7186,13.9043,14.8023,Calculado
2026-07-16,LTN,2026-07-16,100000,2025-01-10,2032-01-01,14.4941,14.4848,14.4911,479.68206,0.00073973364801,14.0426,14.7844,14.1274,14.8693,Calculado
2026-07-16,NTN-C,2026-07-16,770100,2000-07-01,2031-01-01,8.0653,7.8231,7.9833,7625.11971,0.0597311013601,7.4812,8.4434,7.4622,8.4255,Calculado
2026-07-16,LFT,2026-07-16,210100,2000-07-01,2026-09-01,0.0054,-0.0045,-0.0007,19446.107825,0.00127570625929,-0.055,0.023,-0.0549,0.0249,Calculado
2026-07-16,LFT,2026-07-16,210100,2000-07-01,2027-03-01,0.0069,0.0031,0.0059,19445.388319,0.00099363989956,-0.0182,0.0221,-0.0168,0.0212,Calculado
2026-07-16,LFT,2026-07-16,210100,2000-07-01,2027-09-01,0.009,0.0066,0.0073,19444.513244,0.00095105204379,-0.0028,0.0267,-0.0025,0.0263,Calculado
2026-07-16,LFT,2026-07-16,210100,2000-07-01,2028-03-01,0.019,0.0165,0.0176,19440.565684,0.00034027850358,0.0071,0.0404,0.0073,0.0398,Calculado
2026-07-16,LFT,2026-07-16,210100,2000-07-01,2028-09-01,0.0311,0.0289,0.0299,19433.759546,0.0002619663528,0.0178,0.0476,0.0176,0.0474,Calculado
2026-07-16,LFT,2026-07-16,210100,2000-07-01,2029-03-01,0.0416,0.0397,0.0406,19425.592181,0.00052208532827,0.024,0.0556,0.0239,0.0556,Calculado
2026-07-16,LFT,2026-07-16,210100,2000-07-01,2029-09-01,0.0538,0.0527,0.0533,19413.885624,0.00020235540517,0.0286,0.0653,0.0291,0.0648,Calculado
2026-07-16,LFT,2026-07-16,210100,2000-07-01,2030-03-01,0.0615,0.0592,0.0602,19404.065339,0.00043949730375,0.0401,0.0726,0.0403,0.0726,Calculado
2026-07-16,LFT,2026-07-16,210100,2000-07-01,2030-06-01,0.0658,0.0637,0.0644,19398.075938,0.00037094788044,0.0455,0.0771,0.0457,0.0772,Calculado
2026-07-16,LFT,2026-07-16,210100,2000-07-01,2030-09-01,0.0714,0.0689,0.0698,19390.608633,0.00041174282022,0.0524,0.0795,0.0527,0.0796,Calculado
2026-07-16,LFT,2026-07-16,210100,2000-07-01,2030-12-01,0.0713,0.0682,0.0697,19387.322241,0.00026324558876,0.0569,0.0847,0.0568,0.0851,Calculado
2026-07-16,LFT,2026-07-16,210100,2000-07-01,2031-03-01,0.0761,0.0733,0.0744,19379.874381,0.00040443446935,0.0618,0.0906,0.0619,0.0909,Calculado
2026-07-16,LFT,2026-07-16,210100,2000-07-01,2031-06-01,0.0803,0.0781,0.0787,19372.290399,0.00045027605977,0.0665,0.0971,0.0667,0.0972,Calculado
2026-07-16,LFT,2026-07-16,210100,2000-07-01,2031-09-01,0.0827,0.0805,0.0812,19365.970414,0.00041541917385,0.0696,0.1057,0.0697,0.1058,Calculado
2026-07-16,LFT,2026-07-16,210100,2000-07-01,2031-12-01,0.0946,0.0915,0.0929,19349.888483,0.00019647628356,0.0817,0.1052,0.0817,0.1052,Calculado
2026-07-16,LFT,2026-07-16,210100,2000-07-01,2032-03-01,0.1017,0.0999,0.1003,19337.559651,0.00066239861111,0.0881,0.1096,0.088,0.1097,Calculado
2026-07-16,LFT,2026-07-16,210100,2000-07-01,2032-06-01,0.1106,0.1093,0.1099,19321.905534,0.00013527985807,0.0888,0.1196,0.0886,0.1196,Calculado
2026-07-16,LFT,2026-07-16,210100,2000-07-01,2032-09-01,0.116,0.1146,0.1153,19309.98507,0.00022189657501,0.094,0.1256,0.094,0.1253,Calculado
2026-07-16,NTN-B,2026-07-16,760199,2000-07-15,2026-08-15,11.7292,11.6273,11.6785,4833.188852,0.03450875665248,10.7122,12.9172,10.8082,13.0314,Calculado
2026-07-16,NTN-B,2026-07-16,760199,2000-07-15,2027-05-15,8.2131,8.1757,8.19,4710.951618,0,7.9948,8.5514,7.9512,8.5092,Calculado
2026-07-16,NTN-B,2026-07-16,760199,2000-07-15,2028-08-15,8.4218,8.3933,8.4056,4653.494573,0.00358945824882,8.1708,8.6329,8.1594,8.6212,Calculado
2026-07-16,NTN-B,2026-07-16,760199,2000-07-15,2029-05-15,8.238,8.2067,8.2202,4543.254021,0.00052672183361,7.9303,8.4283,7.9406,8.4384,Calculado
2026-07-16,NTN-B,2026-07-16,760199,2000-07-15,2030-08-15,8.2391,8.2064,8.22,4519.331755,0,7.9253,8.4359,7.9211,8.4317,Calculado
2026-07-16,NTN-B,2026-07-16,760199,2000-07-15,2031-05-15,8.1615,8.134,8.1491,4411.655488,0.00251916185665,7.8477,8.3512,7.8498,8.3534,Calculado
2026-07-16,NTN-B,2026-07-16,760199,2000-07-15,2032-08-15,8.1584,8.1285,8.1412,4401.30355,0.003420972467,7.8498,8.3375,7.8511,8.3389,Calculado
2026-07-16,NTN-B,2026-07-16,760199,2000-07-15,2033-05-15,8.1209,8.089,8.1025,4297.95007,0.00372265821826,7.825,8.296,7.8274,8.2985,Calculado
2026-07-16,NTN-B,2026-07-16,760199,2000-07-15,2035-05-15,8.0195,7.9872,8.0002,4225.586045,0.00064236404787,7.7366,8.1917,7.7368,8.1919,Calculado
2026-07-16,NTN-B,2026-07-16,760199,2000-07-15,2037-05-15,7.898,7.8615,7.8766,4179.73701,0.00353094921091,7.6215,8.0639,7.6225,8.0651,Calculado
2026-07-16,NTN-B,2026-07-16,760199,2000-07-15,2040-08-15,7.7262,7.6925,7.7066,4202.019271,0.00399323257775,7.4631,7.8911,7.4636,7.8916,Calculado
2026-07-16,NTN-B,2026-07-16,760199,2000-07-15,2045-05-15,7.5709,7.5334,7.5548,4089.138596,0.0062488094098,7.3243,7.7408,7.321,7.7375,Calculado
2026-07-16,NTN-B,2026-07-16,760199,2000-07-15,2050-08-15,7.5139,7.4828,7.4976,4108.297265,0.00683696416109,7.2794,7.6901,7.2687,7.6794,Calculado
2026-07-16,NTN-B,2026-07-16,760199,2000-07-15,2055-05-15,7.4426,7.4001,7.421,4028.501079,0.00987015265383,7.2003,7.6085,7.1945,7.6027,Calculado
2026-07-16,NTN-B,2026-07-16,760199,2000-07-15,2060-08-15,7.4255,7.383,7.4051,4070.591375,0.00543708605321,7.1845,7.5916,7.1798,7.5871,Calculado
2026-07-16,NTN-F,2026-07-16,950199,2016-01-15,2027-01-01,13.7414,13.6773,13.7259,988.515069,0.00882345359369,13.5589,13.9827,13.5435,13.9643,Calculado
2026-07-16,NTN-F,2026-07-16,950199,2018-01-05,2029-01-01,14.0299,13.9738,14.0094,928.794807,0.00910291198079,13.4768,14.4354,13.5502,14.5088,Calculado
2026-07-16,NTN-F,2026-07-16,950199,2020-01-10,2031-01-01,14.4644,14.4527,14.4591,870.562719,0.00060439363001,13.9816,14.7929,14.059,14.8706,Calculado
2026-07-16,NTN-F,2026-07-16,950199,2022-01-07,2033-01-01,14.5515,14.5412,14.5463,828.445984,0.00064168894334,14.1078,14.8317,14.1876,14.9114,Calculado
2026-07-16,NTN-F,2026-07-16,950199,2024-01-05,2035-01-01,14.5612,14.5465,14.5544,798.756367,0.0007537650496,14.1188,14.8143,14.209,14.9045,Calculado
2026-07-16,NTN-F,2026-07-16,950199,2026-01-09,2037-01-01,14.5567,14.5448,14.552,776.004003,0,14.1168,14.7895,14.219,14.8917,Calculado
2026-07-17,LTN,2026-07-17,100000,2024-07-05,2026-10-01,13.8357,13.7998,13.818,973.145672,0.01303164574565,13.6538,13.8879,13.679,13.9098,Calculado
2026-07-17,LTN,2026-07-17,100000,2025-01-10,2027-04-01,13.8583,13.7933,13.8296,913.974085,0.00115387545255,13.4227,14.0332,13.5551,14.1627,Calculado
2026-07-17,LTN,2026-07-17,100000,2023-07-07,2027-07-01,13.8908,13.8385,13.865,884.59105,0.00845960991949,13.3451,14.0998,13.5059,14.2588,Calculado
2026-07-17,LTN,2026-07-17,100000,2025-07-04,2027-10-01,14.0062,13.9896,13.9983,854.252931,0.00139976363362,13.4043,14.2466,13.5869,14.4282,Calculado
2026-07-17,LTN,2026-07-17,100000,2024-01-05,2028-01-01,14.1167,14.1034,14.1103,825.548293,0.00106069482887,13.4715,14.3601,13.6705,14.5586,Calculado
2026-07-17,LTN,2026-07-17,100000,2026-01-09,2028-04-01,14.1506,14.1363,14.1445,798.343363,0.00232473907353,13.4792,14.39,13.6907,14.6007,Calculado
2026-07-17,LTN,2026-07-17,100000,2024-07-05,2028-07-01,14.1958,14.1804,14.1883,772.605838,0.00148244630594,13.5091,14.4598,13.73,14.6802,Calculado
2026-07-17,LTN,2026-07-17,100000,2026-07-10,2028-10-01,14.331,14.3084,14.321,745.100802,0,13.6345,14.6074,13.8576,14.8304,Calculado
2026-07-17,LTN,2026-07-17,100000,2022-02-11,2029-01-01,14.3845,14.3718,14.3783,720.8506,0.00049189260007,13.6785,14.6516,13.9099,14.8831,Calculado
2026-07-17,LTN,2026-07-17,100000,2025-07-04,2029-07-01,14.5052,14.491,14.4984,672.66945,0.00082292519101,13.8342,14.7775,14.0409,14.9845,Calculado
2026-07-17,LTN,2026-07-17,100000,2024-01-05,2030-01-01,14.5572,14.5431,14.5505,627.998669,0.00066977826928,13.9043,14.8023,14.1122,15.0105,Calculado
2026-07-17,LTN,2026-07-17,100000,2025-01-10,2032-01-01,14.6907,14.6779,14.6851,475.552152,0.000582085492,14.1274,14.8693,14.3214,15.0634,Calculado
2026-07-17,NTN-C,2026-07-17,770100,2000-07-01,2031-01-01,8.1658,7.7712,7.9781,7626.407304,0.03067564633011,7.4622,8.4255,7.3471,8.3104,Calculado
2026-07-17,LFT,2026-07-17,210100,2000-07-01,2026-09-01,0.0062,-0.0032,0,19456.32306,0.00034751866137,-0.0549,0.0249,-0.0564,0.0258,Calculado
2026-07-17,LFT,2026-07-17,210100,2000-07-01,2027-03-01,0.0054,0.0017,0.0033,19455.914477,0.00054684925711,-0.0168,0.0212,-0.0174,0.0204,Calculado
2026-07-17,LFT,2026-07-17,210100,2000-07-01,2027-09-01,0.0087,0.0049,0.0073,19454.727641,0.00026240644047,-0.0025,0.0263,-0.0026,0.025,Calculado
2026-07-17,LFT,2026-07-17,210100,2000-07-01,2028-03-01,0.0187,0.0154,0.0173,19450.894745,0.00044838124403,0.0073,0.0398,0.0069,0.039,Calculado
2026-07-17,LFT,2026-07-17,210100,2000-07-01,2028-09-01,0.0315,0.0277,0.0298,19444.026663,0.00014573294068,0.0176,0.0474,0.0169,0.0473,Calculado
2026-07-17,LFT,2026-07-17,210100,2000-07-01,2029-03-01,0.042,0.04,0.0407,19435.777182,0.00034209082127,0.0239,0.0556,0.0233,0.0557,Calculado
2026-07-17,LFT,2026-07-17,210100,2000-07-01,2029-09-01,0.0537,0.0519,0.053,19424.317408,0,0.0291,0.0648,0.0293,0.0644,Calculado
2026-07-17,LFT,2026-07-17,210100,2000-07-01,2030-03-01,0.0618,0.0578,0.06,19414.453052,0.0000857492274,0.0403,0.0726,0.0405,0.0724,Calculado
2026-07-17,LFT,2026-07-17,210100,2000-07-01,2030-06-01,0.0664,0.0627,0.0644,19408.304854,0.00008418966682,0.0457,0.0772,0.0459,0.0771,Calculado
2026-07-17,LFT,2026-07-17,210100,2000-07-01,2030-09-01,0.0716,0.0681,0.0698,19400.853082,0.00013666184544,0.0527,0.0796,0.0528,0.0797,Calculado
2026-07-17,LFT,2026-07-17,210100,2000-07-01,2030-12-01,0.0716,0.0681,0.0697,19397.545508,0.00025495095607,0.0568,0.0851,0.0567,0.0855,Calculado
2026-07-17,LFT,2026-07-17,210100,2000-07-01,2031-03-01,0.0763,0.0728,0.0743,19390.191017,0.00017805417715,0.0619,0.0909,0.0616,0.0913,Calculado
2026-07-17,LFT,2026-07-17,210100,2000-07-01,2031-06-01,0.0805,0.0771,0.0787,19382.525226,0.00023748063079,0.0667,0.0972,0.0666,0.0975,Calculado
2026-07-17,LFT,2026-07-17,210100,2000-07-01,2031-09-01,0.083,0.0795,0.0811,19376.299203,0.00017689448833,0.0697,0.1058,0.0695,0.1062,Calculado
2026-07-17,LFT,2026-07-17,210100,2000-07-01,2031-12-01,0.0949,0.0912,0.0929,19360.130998,0.00008418966682,0.0817,0.1052,0.0816,0.1054,Calculado
2026-07-17,LFT,2026-07-17,210100,2000-07-01,2032-03-01,0.1026,0.1002,0.1007,19347.36765,0.00064547190489,0.088,0.1097,0.0875,0.1102,Calculado
2026-07-17,LFT,2026-07-17,210100,2000-07-01,2032-06-01,0.1121,0.1081,0.1099,19332.133349,0.00007449456356,0.0886,0.1196,0.0885,0.1197,Calculado
2026-07-17,LFT,2026-07-17,210100,2000-07-01,2032-09-01,0.116,0.1147,0.1153,19320.22608,0.00021536234583,0.094,0.1253,0.0939,0.1252,Calculado
2026-07-17,NTN-B,2026-07-17,760199,2000-07-15,2026-08-15,11.7482,11.6539,11.7063,4835.69104,0.01068690634889,10.8082,13.0314,10.828,13.0696,Calculado
2026-07-17,NTN-B,2026-07-17,760199,2000-07-15,2027-05-15,8.1775,8.146,8.16,4713.944075,0,7.9512,8.5092,7.9209,8.4805,Calculado
2026-07-17,NTN-B,2026-07-17,760199,2000-07-15,2028-08-15,8.5132,8.482,8.5,4647.659458,0,8.1594,8.6212,8.2539,8.7154,Calculado
2026-07-17,NTN-B,2026-07-17,760199,2000-07-15,2029-05-15,8.3327,8.2976,8.31,4535.393236,0,7.9406,8.4384,8.0305,8.5282,Calculado
2026-07-17,NTN-B,2026-07-17,760199,2000-07-15,2030-08-15,8.3436,8.31,8.3257,4505.6,0.00530198324309,7.9211,8.4317,8.0268,8.5375,Calculado
2026-07-17,NTN-B,2026-07-17,760199,2000-07-15,2031-05-15,8.2732,8.2372,8.2595,4394.784332,0.00140054934222,7.8498,8.3534,7.9603,8.4638,Calculado
2026-07-17,NTN-B,2026-07-17,760199,2000-07-15,2032-08-15,8.253,8.223,8.24,4383.170422,0,7.8511,8.3389,7.9499,8.4377,Calculado
2026-07-17,NTN-B,2026-07-17,760199,2000-07-15,2033-05-15,8.1953,8.1669,8.18,4282.660322,0,7.8274,8.2985,7.9049,8.3761,Calculado
2026-07-17,NTN-B,2026-07-17,760199,2000-07-15,2035-05-15,8.0871,8.0557,8.07,4208.938062,0,7.7368,8.1919,7.8066,8.2618,Calculado
2026-07-17,NTN-B,2026-07-17,760199,2000-07-15,2037-05-15,7.9496,7.9088,7.9261,4166.511736,0.00738750048325,7.6225,8.0651,7.672,8.1146,Calculado
2026-07-17,NTN-B,2026-07-17,760199,2000-07-15,2040-08-15,7.782,7.74,7.7576,4185.7055,0.00372590296841,7.4636,7.8916,7.5145,7.9428,Calculado
2026-07-17,NTN-B,2026-07-17,760199,2000-07-15,2045-05-15,7.6042,7.5707,7.5881,4077.127288,0.00291818256283,7.321,7.7375,7.354,7.771,Calculado
2026-07-17,NTN-B,2026-07-17,760199,2000-07-15,2050-08-15,7.5596,7.5216,7.539,4091.372105,0.00309970758621,7.2687,7.6794,7.3098,7.7211,Calculado
2026-07-17,NTN-B,2026-07-17,760199,2000-07-15,2055-05-15,7.4779,7.44,7.4572,4012.86681,0.00674272094188,7.1945,7.6027,7.2303,7.6393,Calculado
2026-07-17,NTN-B,2026-07-17,760199,2000-07-15,2060-08-15,7.4547,7.4235,7.4364,4056.776872,0.00408293947175,7.1798,7.5871,7.2106,7.6188,Calculado
2026-07-17,NTN-F,2026-07-17,950199,2016-01-15,2027-01-01,13.8362,13.7705,13.8133,988.67307,0.0047706044334,13.5435,13.9643,13.6307,14.0485,Calculado
2026-07-17,NTN-F,2026-07-17,950199,2018-01-05,2029-01-01,14.2679,14.2356,14.245,925.055408,0.00245379275612,13.5502,14.5088,13.7859,14.7444,Calculado
2026-07-17,NTN-F,2026-07-17,950199,2020-01-10,2031-01-01,14.6637,14.6523,14.6576,865.598242,0.00071146079302,14.059,14.8706,14.2574,15.0694,Calculado
2026-07-17,NTN-F,2026-07-17,950199,2022-01-07,2033-01-01,14.7369,14.7201,14.7287,822.708019,0.00229053180288,14.1876,14.9114,14.37,15.0938,Calculado
2026-07-17,NTN-F,2026-07-17,950199,2024-01-05,2035-01-01,14.7298,14.711,14.7218,792.753696,0.00268400764716,14.209,14.9045,14.3763,15.072,Calculado
2026-07-17,NTN-F,2026-07-17,950199,2026-01-09,2037-01-01,14.7277,14.7134,14.7204,769.435775,0.00158469239602,14.219,14.8917,14.3871,15.0603,Calculado
2026-07-20,LTN,2026-07-20,100000,2024-07-05,2026-10-01,13.8433,13.7753,13.8055,973.667687,0.0135447752163,13.679,13.9098,13.6671,13.8958,Calculado
2026-07-20,LTN,2026-07-20,100000,2025-01-10,2027-04-01,13.8321,13.7601,13.8025,914.594356,0.01144400690798,13.5551,14.1627,13.5295,14.1342,Calculado
2026-07-20,LTN,2026-07-20,100000,2023-07-07,2027-07-01,13.9018,13.8268,13.8581,885.097397,0.00917680900531,13.5059,14.2588,13.4998,14.251,Calculado
2026-07-20,LTN,2026-07-20,100000,2025-07-04,2027-10-01,14.0185,14.0018,14.0089,854.601936,0.00215210035547,13.5869,14.4282,13.5979,14.4382,Calculado
2026-07-20,LTN,2026-07-20,100000,2024-01-05,2028-01-01,14.1343,14.1223,14.1293,825.781661,0.00122816883204,13.6705,14.5586,13.6897,14.5772,Calculado
2026-07-20,LTN,2026-07-20,100000,2026-01-09,2028-04-01,14.1861,14.1721,14.1794,798.347965,0.00174048299044,13.6907,14.6007,13.7256,14.6354,Calculado
2026-07-20,LTN,2026-07-20,100000,2024-07-05,2028-07-01,14.2359,14.2222,14.229,772.478356,0.0000960767922,13.73,14.6802,13.7707,14.7203,Calculado
2026-07-20,LTN,2026-07-20,100000,2026-07-10,2028-10-01,14.372,14.3493,14.3618,744.913117,0.0018567370627,13.8576,14.8304,13.8984,14.8712,Calculado
2026-07-20,LTN,2026-07-20,100000,2022-02-11,2029-01-01,14.4347,14.4225,14.4295,720.450241,0.00131781409159,13.9099,14.8831,13.9611,14.9344,Calculado
2026-07-20,LTN,2026-07-20,100000,2025-07-04,2029-07-01,14.5657,14.5537,14.5597,671.978243,0.00052725705306,14.0409,14.9845,14.102,15.046,Calculado
2026-07-20,LTN,2026-07-20,100000,2024-01-05,2030-01-01,14.6127,14.6005,14.6077,627.265234,0.00139711420077,14.1122,15.0105,14.1692,15.068,Calculado
2026-07-20,LTN,2026-07-20,100000,2025-01-10,2032-01-01,14.716,14.704,14.71,475.251199,0,14.3214,15.0634,14.3464,15.0884,Calculado
2026-07-20,NTN-C,2026-07-20,770100,2000-07-01,2031-01-01,8.1712,7.7933,7.9778,7626.446302,0.02820430334648,7.3471,8.3104,7.4,8.3634,Calculado
2026-07-20,LFT,2026-07-20,210100,2000-07-01,2026-09-01,0.0084,0.0014,0.0026,19466.465794,0.00255854967902,-0.0564,0.0258,-0.0556,0.0287,Calculado
2026-07-20,LFT,2026-07-20,210100,2000-07-01,2027-03-01,0.0039,0.0012,0.0024,19466.251662,0.00046465731459,-0.0174,0.0204,-0.0187,0.0224,Calculado
2026-07-20,LFT,2026-07-20,210100,2000-07-01,2027-09-01,0.0082,0.0058,0.0072,19464.96687,0.00030657286247,-0.0026,0.025,-0.0028,0.0246,Calculado
2026-07-20,LFT,2026-07-20,210100,2000-07-01,2028-03-01,0.0181,0.0157,0.017,19461.209828,0.00027626711712,0.0069,0.039,0.0064,0.0382,Calculado
2026-07-20,LFT,2026-07-20,210100,2000-07-01,2028-09-01,0.0303,0.0281,0.0295,19454.396537,0.00036650712135,0.0169,0.0473,0.0161,0.0469,Calculado
2026-07-20,LFT,2026-07-20,210100,2000-07-01,2029-03-01,0.0418,0.0394,0.0406,19446.064857,0.00015898025035,0.0233,0.0557,0.0225,0.0556,Calculado
2026-07-20,LFT,2026-07-20,210100,2000-07-01,2029-09-01,0.0532,0.052,0.0526,19434.793728,0.00028335911843,0.0293,0.0644,0.0292,0.064,Calculado
2026-07-20,LFT,2026-07-20,210100,2000-07-01,2030-03-01,0.0614,0.0587,0.06,19424.690592,0.00008338087311,0.0405,0.0724,0.0404,0.0723,Calculado
2026-07-20,LFT,2026-07-20,210100,2000-07-01,2030-06-01,0.0662,0.0631,0.0643,19418.61703,0.00021213201079,0.0459,0.0771,0.046,0.0769,Calculado
2026-07-20,LFT,2026-07-20,210100,2000-07-01,2030-09-01,0.071,0.0687,0.0698,19411.102944,0.00017235393816,0.0528,0.0797,0.0528,0.0798,Calculado
2026-07-20,LFT,2026-07-20,210100,2000-07-01,2030-12-01,0.0713,0.0684,0.0698,19407.715766,0.000199999975,0.0567,0.0855,0.0566,0.0857,Calculado
2026-07-20,LFT,2026-07-20,210100,2000-07-01,2031-03-01,0.0759,0.0728,0.0742,19400.532611,0.00021760730686,0.0616,0.0913,0.0614,0.0918,Calculado
2026-07-20,LFT,2026-07-20,210100,2000-07-01,2031-06-01,0.0802,0.0772,0.0787,19392.784927,0.00024206354538,0.0666,0.0975,0.0665,0.098,Calculado
2026-07-20,LFT,2026-07-20,210100,2000-07-01,2031-09-01,0.0825,0.0798,0.0811,19386.536166,0.00016560935964,0.0695,0.1062,0.0693,0.1066,Calculado
2026-07-20,LFT,2026-07-20,210100,2000-07-01,2031-12-01,0.094,0.0918,0.0928,19370.476268,0.00018771811314,0.0816,0.1054,0.0814,0.1059,Calculado
2026-07-20,LFT,2026-07-20,210100,2000-07-01,2032-03-01,0.1023,0.0996,0.1009,19357.39475,0.00033376196608,0.0875,0.1102,0.0873,0.1106,Calculado
2026-07-20,LFT,2026-07-20,210100,2000-07-01,2032-06-01,0.1113,0.1091,0.11,19342.269246,0.00021195862804,0.0885,0.1197,0.0883,0.12,Calculado
2026-07-20,LFT,2026-07-20,210100,2000-07-01,2032-09-01,0.1167,0.1148,0.1155,19330.219455,0.00032634336212,0.0939,0.1252,0.0935,0.1255,Calculado
2026-07-20,NTN-B,2026-07-20,760199,2000-07-15,2026-08-15,11.7704,11.6297,11.7107,4838.283753,0.01795973008567,10.828,13.0696,10.8237,13.0837,Calculado
2026-07-20,NTN-B,2026-07-20,760199,2000-07-15,2027-05-15,8.1838,8.1447,8.162,4715.8135,0.00292615698998,7.9209,8.4805,7.9227,8.4838,Calculado
2026-07-20,NTN-B,2026-07-20,760199,2000-07-15,2028-08-15,8.5842,8.5564,8.57,4643.875916,0,8.2539,8.7154,8.3242,8.7854,Calculado
2026-07-20,NTN-B,2026-07-20,760199,2000-07-15,2029-05-15,8.3805,8.3476,8.367,4531.124395,0.00308587411279,8.0305,8.5282,8.0876,8.5852,Calculado
2026-07-20,NTN-B,2026-07-20,760199,2000-07-15,2030-08-15,8.393,8.3649,8.3782,4499.763704,0.00353438581793,8.0268,8.5375,8.0794,8.59,Calculado
2026-07-20,NTN-B,2026-07-20,760199,2000-07-15,2031-05-15,8.3032,8.2763,8.29,4391.468578,0,7.9603,8.4638,7.9908,8.4944,Calculado
2026-07-20,NTN-B,2026-07-20,760199,2000-07-15,2032-08-15,8.2847,8.2576,8.2702,4378.919561,0.00060046277154,7.9499,8.4377,7.98,8.468,Calculado
2026-07-20,NTN-B,2026-07-20,760199,2000-07-15,2033-05-15,8.2126,8.1832,8.1973,4280.6371,0.00324178949502,7.9049,8.3761,7.9221,8.3934,Calculado
2026-07-20,NTN-B,2026-07-20,760199,2000-07-15,2035-05-15,8.0986,8.0677,8.08,4208.035797,0,7.8066,8.2618,7.8165,8.2718,Calculado
2026-07-20,NTN-B,2026-07-20,760199,2000-07-15,2037-05-15,7.9629,7.9267,7.943,4163.12103,0.00313063344868,7.672,8.1146,7.6888,8.1316,Calculado
2026-07-20,NTN-B,2026-07-20,760199,2000-07-15,2040-08-15,7.7959,7.7572,7.7764,4180.771197,0.00340075455892,7.5145,7.9428,7.5332,7.9616,Calculado
2026-07-20,NTN-B,2026-07-20,760199,2000-07-15,2045-05-15,7.612,7.5731,7.5944,4076.150226,0.00649384019437,7.354,7.771,7.3603,7.7774,Calculado
2026-07-20,NTN-B,2026-07-20,760199,2000-07-15,2050-08-15,7.5704,7.5276,7.5481,4088.912581,0.00484160887103,7.3098,7.7211,7.3188,7.7303,Calculado
2026-07-20,NTN-B,2026-07-20,760199,2000-07-15,2055-05-15,7.4905,7.45,7.4673,4009.640909,0.00363055382139,7.2303,7.6393,7.2402,7.6495,Calculado
2026-07-20,NTN-B,2026-07-20,760199,2000-07-15,2060-08-15,7.467,7.4297,7.4465,4053.39891,0.00321959461268,7.2106,7.6188,7.2205,7.629,Calculado
2026-07-20,NTN-F,2026-07-20,950199,2016-01-15,2027-01-01,13.7963,13.7395,13.7779,989.32005,0.00818168237345,13.6307,14.0485,13.5959,14.0107,Calculado
2026-07-20,NTN-F,2026-07-20,950199,2018-01-05,2029-01-01,14.3191,14.277,14.2963,924.629948,0.00741526424209,13.7859,14.7444,13.8373,14.7957,Calculado
2026-07-20,NTN-F,2026-07-20,950199,2020-01-10,2031-01-01,14.7016,14.6889,14.6957,865.031788,0.00071285464858,14.2574,15.0694,14.2954,15.1077,Calculado
2026-07-20,NTN-F,2026-07-20,950199,2022-01-07,2033-01-01,14.7594,14.7479,14.754,822.304318,0,14.37,15.0938,14.3953,15.1192,Calculado
2026-07-20,NTN-F,2026-07-20,950199,2024-01-05,2035-01-01,14.7378,14.7234,14.7319,792.800205,0.00084223450416,14.3763,15.072,14.3863,15.0822,Calculado
2026-07-20,NTN-F,2026-07-20,950199,2026-01-09,2037-01-01,14.7417,14.7209,14.7338,769.303432,0.00280173265498,14.3871,15.0603,14.4004,15.0739,Calculado
2026-07-21,LTN,2026-07-21,100000,2024-07-05,2026-10-01,13.846,13.7799,13.8082,974.162802,0.01011825343772,13.6671,13.8958,13.6703,13.9002,Calculado
2026-07-21,LTN,2026-07-21,100000,2025-01-10,2027-04-01,13.8361,13.763,13.8039,915.056002,0.00856394249747,13.5295,14.1342,13.5325,14.1342,Calculado
2026-07-21,LTN,2026-07-21,100000,2023-07-07,2027-07-01,13.9165,13.8412,13.8719,885.452843,0.01174166619948,13.4998,14.251,13.5146,14.264,Calculado
2026-07-21,LTN,2026-07-21,100000,2025-07-04,2027-10-01,14.0231,14.0093,14.0161,854.982175,0.00023483409037,13.5979,14.4382,13.6057,14.445,Calculado
2026-07-21,LTN,2026-07-21,100000,2024-01-05,2028-01-01,14.1514,14.1383,14.1448,826.052804,0.00089113278472,13.6897,14.5772,13.7055,14.5925,Calculado
2026-07-21,LTN,2026-07-21,100000,2026-01-09,2028-04-01,14.1985,14.1818,14.19,798.642526,0,13.7256,14.6354,13.7364,14.6459,Calculado
2026-07-21,LTN,2026-07-21,100000,2024-07-05,2028-07-01,14.247,14.2331,14.24,772.74216,0,13.7707,14.7203,13.7817,14.7308,Calculado
2026-07-21,LTN,2026-07-21,100000,2026-07-10,2028-10-01,14.3905,14.3707,14.381,745.035891,0,13.8984,14.8712,13.9177,14.8904,Calculado
2026-07-21,LTN,2026-07-21,100000,2022-02-11,2029-01-01,14.4562,14.4417,14.4498,720.52523,0.00124006578455,13.9611,14.9344,13.9814,14.9548,Calculado
2026-07-21,LTN,2026-07-21,100000,2025-07-04,2029-07-01,14.5899,14.5765,14.5838,671.927872,0.00053185100357,14.102,15.046,14.126,15.0702,Calculado
2026-07-21,LTN,2026-07-21,100000,2024-01-05,2030-01-01,14.6366,14.6244,14.6306,627.176437,0.00103378455686,14.1692,15.068,14.1919,15.0911,Calculado
2026-07-21,LTN,2026-07-21,100000,2025-01-10,2032-01-01,14.7533,14.7409,14.7473,474.673432,0.00057790455094,14.3464,15.0884,14.3835,15.1257,Calculado
2026-07-21,NTN-C,2026-07-21,770100,2000-07-01,2031-01-01,8.1631,7.8225,7.9732,7627.578705,0.02348260478013,7.4,8.3634,7.4383,8.4016,Calculado
2026-07-21,LFT,2026-07-21,210100,2000-07-01,2026-09-01,0.0076,0.0026,0.0042,19476.672247,0.00195974973912,-0.0556,0.0287,-0.0551,0.0306,Calculado
2026-07-21,LFT,2026-07-21,210100,2000-07-01,2027-03-01,0.0025,0.0007,0.0018,19476.555386,0.00022491825182,-0.0187,0.0224,-0.0196,0.0236,Calculado
2026-07-21,LFT,2026-07-21,210100,2000-07-01,2027-09-01,0.008,0.0066,0.0075,19475.133582,0,-0.0028,0.0246,-0.0026,0.0239,Calculado
2026-07-21,LFT,2026-07-21,210100,2000-07-01,2028-03-01,0.017,0.0155,0.0164,19471.64724,0.00034002799885,0.0064,0.0382,0.0057,0.0381,Calculado
2026-07-21,LFT,2026-07-21,210100,2000-07-01,2028-09-01,0.0297,0.0281,0.0291,19464.791417,0.00043050356561,0.0161,0.0469,0.0158,0.0465,Calculado
2026-07-21,LFT,2026-07-21,210100,2000-07-01,2029-03-01,0.0414,0.0397,0.0408,19456.221639,0.00027368732159,0.0225,0.0556,0.0219,0.0558,Calculado
2026-07-21,LFT,2026-07-21,210100,2000-07-01,2029-09-01,0.0532,0.0517,0.0525,19445.100403,0.00008920947259,0.0292,0.064,0.0291,0.0638,Calculado
2026-07-21,LFT,2026-07-21,210100,2000-07-01,2030-03-01,0.0614,0.0589,0.0601,19434.875099,0.00025438262519,0.0404,0.0723,0.0404,0.0724,Calculado
2026-07-21,LFT,2026-07-21,210100,2000-07-01,2030-06-01,0.0658,0.0631,0.0643,19428.876254,0.0002064104164,0.046,0.0769,0.0462,0.0769,Calculado
2026-07-21,LFT,2026-07-21,210100,2000-07-01,2030-09-01,0.0711,0.0686,0.0698,19421.338744,0.00020472359415,0.0528,0.0798,0.0528,0.08,Calculado
2026-07-21,LFT,2026-07-21,210100,2000-07-01,2030-12-01,0.0713,0.0683,0.0698,19417.949786,0.00015525868736,0.0566,0.0857,0.0565,0.0861,Calculado
2026-07-21,LFT,2026-07-21,210100,2000-07-01,2031-03-01,0.0758,0.073,0.0742,19410.782335,0.00023147125091,0.0614,0.0918,0.0612,0.0922,Calculado
2026-07-21,LFT,2026-07-21,210100,2000-07-01,2031-06-01,0.0802,0.0773,0.0787,19403.030581,0.00017421501083,0.0665,0.098,0.0663,0.0984,Calculado
2026-07-21,LFT,2026-07-21,210100,2000-07-01,2031-09-01,0.0826,0.0799,0.0811,19396.778538,0.00014245739714,0.0693,0.1066,0.0692,0.107,Calculado
2026-07-21,LFT,2026-07-21,210100,2000-07-01,2031-12-01,0.0943,0.0915,0.0928,19380.710203,0.00018005079839,0.0814,0.1059,0.0813,0.1062,Calculado
2026-07-21,LFT,2026-07-21,210100,2000-07-01,2032-03-01,0.1026,0.1,0.1011,19367.407569,0.00030413812651,0.0873,0.1106,0.087,0.1109,Calculado
2026-07-21,LFT,2026-07-21,210100,2000-07-01,2032-06-01,0.1113,0.1094,0.1101,19352.39098,0.00026721433345,0.0883,0.12,0.088,0.1202,Calculado
2026-07-21,LFT,2026-07-21,210100,2000-07-01,2032-09-01,0.1162,0.1149,0.1155,19340.471197,0.00007499993333,0.0935,0.1255,0.0939,0.1249,Calculado
2026-07-21,NTN-B,2026-07-21,760199,2000-07-15,2026-08-15,11.8369,11.7002,11.7677,4840.710991,0.05757126534027,10.8237,13.0837,10.8728,13.1514,Calculado
2026-07-21,NTN-B,2026-07-21,760199,2000-07-15,2027-05-15,8.161,8.1262,8.1434,4718.399192,0.00436582578329,7.9227,8.4838,7.9042,8.4668,Calculado
2026-07-21,NTN-B,2026-07-21,760199,2000-07-15,2028-08-15,8.601,8.5734,8.5896,4644.244967,0.00121154292124,8.3242,8.7854,8.344,8.8049,Calculado
2026-07-21,NTN-B,2026-07-21,760199,2000-07-15,2029-05-15,8.3905,8.3668,8.3799,4531.633906,0.00029305690574,8.0876,8.5852,8.1006,8.598,Calculado
2026-07-21,NTN-B,2026-07-21,760199,2000-07-15,2030-08-15,8.405,8.3797,8.3879,4500.227411,0.00363204690223,8.0794,8.59,8.0891,8.5997,Calculado
2026-07-21,NTN-B,2026-07-21,760199,2000-07-15,2031-05-15,8.3245,8.2955,8.3099,4389.949078,0.00524053030618,7.9908,8.4944,8.0107,8.5143,Calculado
2026-07-21,NTN-B,2026-07-21,760199,2000-07-15,2032-08-15,8.3252,8.2997,8.3136,4372.036376,0.00390782598,7.98,8.468,8.0233,8.5113,Calculado
2026-07-21,NTN-B,2026-07-21,760199,2000-07-15,2033-05-15,8.2709,8.238,8.2569,4269.377343,0.00375594766337,7.9221,8.3934,7.9816,8.453,Calculado
2026-07-21,NTN-B,2026-07-21,760199,2000-07-15,2035-05-15,8.1644,8.1352,8.1502,4191.420581,0.00065748890485,7.8165,8.2718,7.8867,8.342,Calculado
2026-07-21,NTN-B,2026-07-21,760199,2000-07-15,2037-05-15,8.015,7.9825,8,4147.762518,0,7.6888,8.1316,7.7459,8.1885,Calculado
2026-07-21,NTN-B,2026-07-21,760199,2000-07-15,2040-08-15,7.853,7.8204,7.8363,4161.512342,0.00366450152408,7.5332,7.9616,7.5932,8.0215,Calculado
2026-07-21,NTN-B,2026-07-21,760199,2000-07-15,2045-05-15,7.6733,7.639,7.6551,4053.135279,0.0056933260077,7.3603,7.7774,7.421,7.8381,Calculado
2026-07-21,NTN-B,2026-07-21,760199,2000-07-15,2050-08-15,7.6279,7.5954,7.6117,4062.361885,0.00591728702194,7.3188,7.7303,7.3824,7.7939,Calculado
2026-07-21,NTN-B,2026-07-21,760199,2000-07-15,2055-05-15,7.5461,7.5076,7.5276,3982.8879,0.00578740625324,7.2402,7.6495,7.3005,7.7098,Calculado
2026-07-21,NTN-B,2026-07-21,760199,2000-07-15,2060-08-15,7.5284,7.4973,7.5115,4023.416693,0.00757237803401,7.2205,7.629,7.2855,7.694,Calculado
2026-07-21,NTN-F,2026-07-21,950199,2016-01-15,2027-01-01,13.8037,13.7369,13.7743,989.840968,0.01455379928335,13.5959,14.0107,13.5929,14.0047,Calculado
2026-07-21,NTN-F,2026-07-21,950199,2018-01-05,2029-01-01,14.3438,14.3019,14.3207,924.686454,0.00963111596493,13.8373,14.7957,13.8618,14.8202,Calculado
2026-07-21,NTN-F,2026-07-21,950199,2020-01-10,2031-01-01,14.7295,14.7166,14.723,864.761442,0,14.2954,15.1077,14.3226,15.1351,Calculado
2026-07-21,NTN-F,2026-07-21,950199,2022-01-07,2033-01-01,14.7945,14.7816,14.7876,821.623757,0.00060159102387,14.3953,15.1192,14.429,15.1528,Calculado
2026-07-21,NTN-F,2026-07-21,950199,2024-01-05,2035-01-01,14.7933,14.7721,14.7869,791.13774,0.00002773481567,14.3863,15.0822,14.4413,15.1372,Calculado
2026-07-21,NTN-F,2026-07-21,950199,2026-01-09,2037-01-01,14.7914,14.7798,14.7858,767.587906,0.00145688583286,14.4004,15.0739,14.4525,15.1258,Calculado
2026-07-22,LTN,2026-07-22,100000,2024-07-05,2026-10-01,13.8372,13.7809,13.8176,974.646969,0.01103789595213,13.6703,13.9002,13.6797,13.911,Calculado
2026-07-22,LTN,2026-07-22,100000,2025-01-10,2027-04-01,13.8811,13.8013,13.8517,915.263286,0.00963243431537,13.5325,14.1342,13.5818,14.1805,Calculado
2026-07-22,LTN,2026-07-22,100000,2023-07-07,2027-07-01,13.9597,13.8834,13.9233,885.536658,0.00549999999909,13.5146,14.264,13.5669,14.3144,Calculado
2026-07-22,LTN,2026-07-22,100000,2025-07-04,2027-10-01,14.0932,14.0778,14.0856,854.806977,0.00242866651478,13.6057,14.445,13.6757,14.5139,Calculado
2026-07-22,LTN,2026-07-22,100000,2024-01-05,2028-01-01,14.2265,14.2155,14.22,825.702879,0.00094103961128,13.7055,14.5925,13.781,14.6674,Calculado
2026-07-22,LTN,2026-07-22,100000,2026-01-09,2028-04-01,14.282,14.2666,14.2744,798.065763,0.00229642488229,13.7364,14.6459,13.8208,14.7302,Calculado
2026-07-22,LTN,2026-07-22,100000,2024-07-05,2028-07-01,14.3405,14.3263,14.3339,771.923867,0.00163553378137,13.7817,14.7308,13.8756,14.8241,Calculado
2026-07-22,LTN,2026-07-22,100000,2026-07-10,2028-10-01,14.4879,14.4626,14.4777,744.057153,0.00255587558383,13.9177,14.8904,14.0145,14.9871,Calculado
2026-07-22,LTN,2026-07-22,100000,2022-02-11,2029-01-01,14.5461,14.5329,14.5406,719.52638,0.00142414435013,13.9814,14.9548,14.0723,15.0457,Calculado
2026-07-22,LTN,2026-07-22,100000,2025-07-04,2029-07-01,14.6787,14.6667,14.6731,670.765118,0.000585447282,14.126,15.0702,14.2151,15.1597,Calculado
2026-07-22,LTN,2026-07-22,100000,2024-01-05,2030-01-01,14.7262,14.7127,14.7199,625.850926,0.00092439326588,14.1919,15.0911,14.2811,15.1806,Calculado
2026-07-22,LTN,2026-07-22,100000,2025-01-10,2032-01-01,14.837,14.825,14.831,473.061877,0.00005345222166,14.3835,15.1257,14.4671,15.2095,Calculado
2026-07-22,NTN-C,2026-07-22,770100,2000-07-01,2031-01-01,8.2136,7.844,8.0031,7605.397297,0.07213331369797,7.4383,8.4016,7.3914,8.3547,Calculado
2026-07-22,LFT,2026-07-22,210100,2000-07-01,2026-09-01,0.01,0.0033,0.0055,19486.864563,0.00144020283294,-0.0551,0.0306,-0.0547,0.0322,Calculado
2026-07-22,LFT,2026-07-22,210100,2000-07-01,2027-03-01,0.0025,-0.001,0.0013,19486.845076,0.00032806247881,-0.0196,0.0236,-0.0203,0.0244,Calculado
2026-07-22,LFT,2026-07-22,210100,2000-07-01,2027-09-01,0.0081,0.0064,0.0075,19485.364064,0.00006304244602,-0.0026,0.0239,-0.0027,0.0232,Calculado
2026-07-22,LFT,2026-07-22,210100,2000-07-01,2028-03-01,0.0168,0.0151,0.0161,19481.973326,0.00018027753604,0.0057,0.0381,0.0053,0.0372,Calculado
2026-07-22,LFT,2026-07-22,210100,2000-07-01,2028-09-01,0.0288,0.0276,0.0281,19475.464668,0.0001984147424,0.0158,0.0465,0.0157,0.0454,Calculado
2026-07-22,LFT,2026-07-22,210100,2000-07-01,2029-03-01,0.0413,0.0395,0.0403,19466.715004,0.00037720778094,0.0219,0.0558,0.0215,0.0552,Calculado
2026-07-22,LFT,2026-07-22,210100,2000-07-01,2029-09-01,0.0533,0.0515,0.0522,19455.548953,0.00027472928493,0.0291,0.0638,0.0289,0.0634,Calculado
2026-07-22,LFT,2026-07-22,210100,2000-07-01,2030-03-01,0.0618,0.059,0.0601,19445.123407,0.00016449565344,0.0404,0.0724,0.0401,0.0723,Calculado
2026-07-22,LFT,2026-07-22,210100,2000-07-01,2030-06-01,0.0656,0.0628,0.0642,19439.199359,0.00020545198953,0.0462,0.0769,0.0461,0.0767,Calculado
2026-07-22,LFT,2026-07-22,210100,2000-07-01,2030-09-01,0.0713,0.0686,0.0697,19431.677377,0.00027042849332,0.0528,0.08,0.0527,0.08,Calculado
2026-07-22,LFT,2026-07-22,210100,2000-07-01,2030-12-01,0.0713,0.0689,0.0698,19428.208691,0.00017111700675,0.0565,0.0861,0.0563,0.0862,Calculado
2026-07-22,LFT,2026-07-22,210100,2000-07-01,2031-03-01,0.0758,0.073,0.0742,19421.017987,0.00025603245888,0.0612,0.0922,0.0611,0.0923,Calculado
2026-07-22,LFT,2026-07-22,210100,2000-07-01,2031-06-01,0.0802,0.0772,0.0786,19413.379083,0.00023973668889,0.0663,0.0984,0.0661,0.0986,Calculado
2026-07-22,LFT,2026-07-22,210100,2000-07-01,2031-09-01,0.0827,0.0798,0.0811,19407.045808,0.00018128838904,0.0692,0.107,0.0691,0.1072,Calculado
2026-07-22,LFT,2026-07-22,210100,2000-07-01,2031-12-01,0.0944,0.0914,0.0927,19391.066467,0.0002202938946,0.0813,0.1062,0.081,0.1065,Calculado
2026-07-22,LFT,2026-07-22,210100,2000-07-01,2032-03-01,0.1025,0.1008,0.1013,19377.445053,0.0004862314778,0.087,0.1109,0.0868,0.1112,Calculado
2026-07-22,LFT,2026-07-22,210100,2000-07-01,2032-06-01,0.111,0.1095,0.1101,19362.634932,0.00017754002366,0.088,0.1202,0.0879,0.1203,Calculado
2026-07-22,LFT,2026-07-22,210100,2000-07-01,2032-09-01,0.116,0.1149,0.1155,19350.708888,0,0.0939,0.1249,0.0938,0.1249,Calculado
2026-07-22,NTN-B,2026-07-22,760199,2000-07-15,2026-08-15,12.499,12.3014,12.4735,4841.151854,0.09278437625042,10.8728,13.1514,11.5757,13.873,Calculado
2026-07-22,NTN-B,2026-07-22,760199,2000-07-15,2027-05-15,8.1756,8.1463,8.1674,4719.505914,0.0034830883925,7.9042,8.4668,7.9291,8.4932,Calculado
2026-07-22,NTN-B,2026-07-22,760199,2000-07-15,2028-08-15,8.6855,8.6525,8.6681,4639.815351,0.01034353049882,8.344,8.8049,8.4226,8.8833,Calculado
2026-07-22,NTN-B,2026-07-22,760199,2000-07-15,2029-05-15,8.4665,8.439,8.4495,4526.045528,0.00253649827912,8.1006,8.598,8.1702,8.6676,Calculado
2026-07-22,NTN-B,2026-07-22,760199,2000-07-15,2030-08-15,8.4885,8.4617,8.4744,4489.467342,0.00542860779574,8.0891,8.5997,8.1756,8.6862,Calculado
2026-07-22,NTN-B,2026-07-22,760199,2000-07-15,2031-05-15,8.4026,8.3715,8.3858,4379.045224,0.00400991465869,8.0107,8.5143,8.0866,8.5903,Calculado
2026-07-22,NTN-B,2026-07-22,760199,2000-07-15,2032-08-15,8.4061,8.3758,8.39,4358.608099,0,8.0233,8.5113,8.0996,8.5878,Calculado
2026-07-22,NTN-B,2026-07-22,760199,2000-07-15,2033-05-15,8.3638,8.329,8.3475,4251.453075,0.00503466245939,7.9816,8.453,8.0721,8.5436,Calculado
2026-07-22,NTN-B,2026-07-22,760199,2000-07-15,2035-05-15,8.2478,8.2141,8.23,4172.431106,0,7.8867,8.342,7.9666,8.4218,Calculado
2026-07-22,NTN-B,2026-07-22,760199,2000-07-15,2037-05-15,8.0864,8.05,8.0671,4129.508402,0.00735868178548,7.7459,8.1885,7.8129,8.2557,Calculado
2026-07-22,NTN-B,2026-07-22,760199,2000-07-15,2040-08-15,7.9143,7.8667,7.8916,4143.999319,0.00612324024843,7.5932,8.0215,7.6484,8.0768,Calculado
2026-07-22,NTN-B,2026-07-22,760199,2000-07-15,2045-05-15,7.7337,7.6987,7.7163,4030.144143,0.00424729627999,7.421,7.8381,7.482,7.8994,Calculado
2026-07-22,NTN-B,2026-07-22,760199,2000-07-15,2050-08-15,7.6821,7.6478,7.6659,4040.21571,0.00501102407797,7.3824,7.7939,7.4363,7.8483,Calculado
2026-07-22,NTN-B,2026-07-22,760199,2000-07-15,2055-05-15,7.6011,7.5558,7.5777,3961.174774,0.00319225252447,7.3005,7.7098,7.3503,7.7601,Calculado
2026-07-22,NTN-B,2026-07-22,760199,2000-07-15,2060-08-15,7.5814,7.5453,7.5608,4001.342497,0.00186289954909,7.2855,7.694,7.3344,7.7436,Calculado
2026-07-22,NTN-F,2026-07-22,950199,2016-01-15,2027-01-01,13.8275,13.7594,13.8052,990.228466,0.0061804899377,13.5929,14.0047,13.6242,14.0328,Calculado
2026-07-22,NTN-F,2026-07-22,950199,2018-01-05,2029-01-01,14.441,14.393,14.4117,923.564183,0.00396666254552,13.8618,14.8202,13.9528,14.9112,Calculado
2026-07-22,NTN-F,2026-07-22,950199,2020-01-10,2031-01-01,14.8125,14.8013,14.8068,862.964767,0.00040859805433,14.3226,15.1351,14.4063,15.2191,Calculado
2026-07-22,NTN-F,2026-07-22,950199,2022-01-07,2033-01-01,14.8751,14.8623,14.8685,819.363233,0.001798127679,14.429,15.1528,14.5099,15.2337,Calculado
2026-07-22,NTN-F,2026-07-22,950199,2024-01-05,2035-01-01,14.8753,14.8587,14.8682,788.489519,0.00126500352173,14.4413,15.1372,14.5226,15.2185,Calculado
2026-07-22,NTN-F,2026-07-22,950199,2026-01-09,2037-01-01,14.8787,14.8649,14.8735,764.427763,0,14.4525,15.1258,14.5401,15.2135,Calculado
2026-07-23,LTN,2026-07-23,100000,2024-07-05,2026-10-01,13.8777,13.8277,13.8437,975.1042,0.01667705996242,13.6797,13.911,13.7054,13.9379,Calculado
2026-07-23,LTN,2026-07-23,100000,2025-01-10,2027-04-01,14.0031,13.9355,13.9721,915.078025,0.01033190708824,13.5818,14.1805,13.7034,14.2991,Calculado
2026-07-23,LTN,2026-07-23,100000,2023-07-07,2027-07-01,14.1007,14.0558,14.0702,884.935312,0.01143126368605,13.5669,14.3144,13.7145,14.4602,Calculado
2026-07-23,LTN,2026-07-23,100000,2025-07-04,2027-10-01,14.2498,14.2368,14.2425,853.860605,0.00202247242997,13.6757,14.5139,13.833,14.6702,Calculado
2026-07-23,LTN,2026-07-23,100000,2024-01-05,2028-01-01,14.3868,14.3738,14.3804,824.474917,0.00241060704181,13.781,14.6674,13.9416,14.8275,Calculado
2026-07-23,LTN,2026-07-23,100000,2026-01-09,2028-04-01,14.4561,14.4439,14.4494,796.430407,0.0009650561279,13.8208,14.7302,13.9959,14.905,Calculado
2026-07-23,LTN,2026-07-23,100000,2024-07-05,2028-07-01,14.5185,14.507,14.5126,770.011576,0.00023258381285,13.8756,14.8241,14.0543,15.0023,Calculado
2026-07-23,LTN,2026-07-23,100000,2026-07-10,2028-10-01,14.6663,14.6453,14.6554,741.940565,0.00203431094968,14.0145,14.9871,14.1924,15.1649,Calculado
2026-07-23,LTN,2026-07-23,100000,2022-02-11,2029-01-01,14.7264,14.7139,14.7198,717.194997,0.00132326350739,14.0723,15.0457,14.2515,15.225,Calculado
2026-07-23,LTN,2026-07-23,100000,2025-07-04,2029-07-01,14.8446,14.8328,14.839,668.309591,0.0005823425109,14.2151,15.1597,14.381,15.3259,Calculado
2026-07-23,LTN,2026-07-23,100000,2024-01-05,2030-01-01,14.8816,14.8694,14.8753,623.30925,0.00053486620757,14.2811,15.1806,14.4364,15.3363,Calculado
2026-07-23,LTN,2026-07-23,100000,2025-01-10,2032-01-01,14.963,14.9515,14.957,470.52233,0,14.4671,15.2095,14.593,15.3356,Calculado
2026-07-23,NTN-C,2026-07-23,770100,2000-07-01,2031-01-01,8.1631,7.8665,8.0052,7603.866997,0.08393540430134,7.3914,8.3547,7.4932,8.4565,Calculado
2026-07-23,LFT,2026-07-23,210100,2000-07-01,2026-09-01,0.0085,0.0034,0.0058,19497.101208,0.00053459280766,-0.0547,0.0322,-0.055,0.0328,Calculado
2026-07-23,LFT,2026-07-23,210100,2000-07-01,2027-03-01,0.0024,0.0002,0.0011,19497.101208,0.00020433888519,-0.0203,0.0244,-0.0208,0.0249,Calculado
2026-07-23,LFT,2026-07-23,210100,2000-07-01,2027-09-01,0.0091,0.0072,0.0078,19495.541429,0.00039946391577,-0.0027,0.0232,-0.0025,0.0229,Calculado
2026-07-23,LFT,2026-07-23,210100,2000-07-01,2028-03-01,0.0165,0.015,0.0159,19492.28539,0.00022620694065,0.0053,0.0372,0.005,0.0371,Calculado
2026-07-23,LFT,2026-07-23,210100,2000-07-01,2028-09-01,0.0286,0.0261,0.0278,19485.831804,0.00026002763315,0.0157,0.0454,0.0154,0.0451,Calculado
2026-07-23,LFT,2026-07-23,210100,2000-07-01,2029-03-01,0.0412,0.038,0.04,19477.116539,0.00006172130912,0.0215,0.0552,0.0212,0.0549,Calculado
2026-07-23,LFT,2026-07-23,210100,2000-07-01,2029-09-01,0.0516,0.0496,0.0512,19466.393058,0.00079570273972,0.0289,0.0634,0.0293,0.0624,Calculado
2026-07-23,LFT,2026-07-23,210100,2000-07-01,2030-03-01,0.0609,0.0591,0.0602,19455.318627,0.00034441114965,0.0401,0.0723,0.0395,0.0723,Calculado
2026-07-23,LFT,2026-07-23,210100,2000-07-01,2030-06-01,0.0655,0.0634,0.0642,19449.469456,0.00042144873947,0.0461,0.0767,0.0457,0.0767,Calculado
2026-07-23,LFT,2026-07-23,210100,2000-07-01,2030-09-01,0.0704,0.0688,0.0697,19441.943522,0.00033045290133,0.0527,0.08,0.0523,0.0802,Calculado
2026-07-23,LFT,2026-07-23,210100,2000-07-01,2030-12-01,0.0713,0.068,0.0696,19438.648489,0.0001984147424,0.0563,0.0862,0.056,0.0864,Calculado
2026-07-23,LFT,2026-07-23,210100,2000-07-01,2031-03-01,0.0758,0.0726,0.0742,19431.278533,0.00020365701559,0.0611,0.0923,0.061,0.0924,Calculado
2026-07-23,LFT,2026-07-23,210100,2000-07-01,2031-06-01,0.0802,0.0773,0.0787,19423.53813,0.000270713317,0.0661,0.0986,0.0661,0.0988,Calculado
2026-07-23,LFT,2026-07-23,210100,2000-07-01,2031-09-01,0.0825,0.0794,0.081,19417.3965,0.0000501630342,0.0691,0.1072,0.0688,0.1078,Calculado
2026-07-23,LFT,2026-07-23,210100,2000-07-01,2031-12-01,0.0961,0.0911,0.0926,19401.428262,0.00028009975009,0.081,0.1065,0.0808,0.1073,Calculado
2026-07-23,LFT,2026-07-23,210100,2000-07-01,2032-03-01,0.1033,0.1017,0.1024,19386.532373,0.00043144275402,0.0868,0.1112,0.0863,0.1124,Calculado
2026-07-23,LFT,2026-07-23,210100,2000-07-01,2032-06-01,0.1113,0.11,0.1107,19372.2214,0.00034274798322,0.0879,0.1203,0.0882,0.1211,Calculado
2026-07-23,LFT,2026-07-23,210100,2000-07-01,2032-09-01,0.1162,0.1149,0.1158,19360.620544,0.00018048135638,0.0938,0.1249,0.0947,0.1252,Calculado
2026-07-23,NTN-B,2026-07-23,760199,2000-07-15,2026-08-15,12.7609,12.674,12.7291,4843.152962,0.10533399261392,11.5757,13.873,11.8253,14.1415,Calculado
2026-07-23,NTN-B,2026-07-23,760199,2000-07-15,2027-05-15,8.09,8.0616,8.0749,4724.629508,0.00717517863192,7.9291,8.4932,7.837,8.4026,Calculado
2026-07-23,NTN-B,2026-07-23,760199,2000-07-15,2028-08-15,8.6411,8.6126,8.6251,4645.315109,0.00886768682126,8.4226,8.8833,8.3798,8.8401,Calculado
2026-07-23,NTN-B,2026-07-23,760199,2000-07-15,2029-05-15,8.4414,8.4113,8.4229,4530.813097,0.0084948228822,8.1702,8.6676,8.1437,8.6408,Calculado
2026-07-23,NTN-B,2026-07-23,760199,2000-07-15,2030-08-15,8.475,8.4463,8.4612,4493.292288,0.00913454979679,8.1756,8.6862,8.1623,8.673,Calculado
2026-07-23,NTN-B,2026-07-23,760199,2000-07-15,2031-05-15,8.4034,8.3651,8.3838,4381.218316,0.01023766489977,8.0866,8.5903,8.0846,8.5882,Calculado
2026-07-23,NTN-B,2026-07-23,760199,2000-07-15,2032-08-15,8.4015,8.3732,8.3859,4361.253376,0.0034519571101,8.0996,8.5878,8.0955,8.5836,Calculado
2026-07-23,NTN-B,2026-07-23,760199,2000-07-15,2033-05-15,8.3752,8.3493,8.3614,4250.21796,0.00841041021532,8.0721,8.5436,8.086,8.5575,Calculado
2026-07-23,NTN-B,2026-07-23,760199,2000-07-15,2035-05-15,8.2541,8.2265,8.24,4171.572221,0,7.9666,8.4218,7.9766,8.4318,Calculado
2026-07-23,NTN-B,2026-07-23,760199,2000-07-15,2037-05-15,8.0792,8.0486,8.0663,4131.433682,0.00696991464367,7.8129,8.2557,7.8122,8.2548,Calculado
2026-07-23,NTN-B,2026-07-23,760199,2000-07-15,2040-08-15,7.9197,7.8837,7.9013,4142.31244,0.00616966485962,7.6484,8.0768,7.6581,8.0865,Calculado
2026-07-23,NTN-B,2026-07-23,760199,2000-07-15,2045-05-15,7.7341,7.7041,7.7188,4030.736405,0.00871626831391,7.482,7.8994,7.4846,7.9018,Calculado
2026-07-23,NTN-B,2026-07-23,760199,2000-07-15,2050-08-15,7.6953,7.665,7.6794,4035.924444,0.00842491345119,7.4363,7.8483,7.4499,7.8617,Calculado
2026-07-23,NTN-B,2026-07-23,760199,2000-07-15,2055-05-15,7.6053,7.5702,7.5869,3958.469014,0.00391359240596,7.3503,7.7601,7.3596,7.7693,Calculado
2026-07-23,NTN-B,2026-07-23,760199,2000-07-15,2060-08-15,7.5925,7.5623,7.5766,3995.37807,0.00805543294864,7.3344,7.7436,7.3503,7.7593,Calculado
2026-07-23,NTN-F,2026-07-23,950199,2016-01-15,2027-01-01,13.9015,13.8636,13.8784,990.456187,0.00742277383597,13.6242,14.0328,13.6974,14.1029,Calculado
2026-07-23,NTN-F,2026-07-23,950199,2018-01-05,2029-01-01,14.6186,14.5784,14.595,920.824737,0.0083797317827,13.9528,14.9112,14.1363,15.0946,Calculado
2026-07-23,NTN-F,2026-07-23,950199,2020-01-10,2031-01-01,14.9489,14.937,14.9433,859.763217,0.00099980950186,14.4063,15.2191,14.5427,15.3559,Calculado
2026-07-23,NTN-F,2026-07-23,950199,2022-01-07,2033-01-01,14.9877,14.9753,14.9811,816.06402,0.00116596577137,14.5099,15.2337,14.6225,15.3464,Calculado
2026-07-23,NTN-F,2026-07-23,950199,2024-01-05,2035-01-01,14.9739,14.9621,14.9685,785.146879,0,14.5226,15.2185,14.6227,15.319,Calculado
2026-07-23,NTN-F,2026-07-23,950199,2026-01-09,2037-01-01,14.9581,14.9438,14.9506,761.722357,0.00091059485503,14.5401,15.2135,14.6169,15.2909,Calculado
2026-07-27,LTN,2026-07-27,100000,2024-07-05,2026-10-01,13.817,13.7773,13.7928,976.189534,0.00818511471697,13.6779,13.9118,13.6586,13.8938,Calculado
2026-07-27,LTN,2026-07-27,100000,2025-01-10,2027-04-01,13.8216,13.7887,13.7999,916.957684,0.02090764499029,13.5946,14.1873,13.5358,14.1255,Calculado
2026-07-27,LTN,2026-07-27,100000,2023-07-07,2027-07-01,13.8476,13.7979,13.8177,887.669484,0.01226261136219,13.5555,14.2995,13.4649,14.2069,Calculado
2026-07-27,LTN,2026-07-27,100000,2025-07-04,2027-10-01,13.9355,13.9223,13.929,857.536174,0,13.6374,14.4736,13.5212,14.3562,Calculado
2026-07-27,LTN,2026-07-27,100000,2024-01-05,2028-01-01,14.0514,14.0413,14.0462,828.811889,0.00129440186187,13.7239,14.6093,13.6082,14.4931,Calculado
2026-07-27,LTN,2026-07-27,100000,2026-01-09,2028-04-01,14.1148,14.098,14.1036,801.343933,0.00335861490945,13.7715,14.6804,13.6505,14.5592,Calculado
2026-07-27,LTN,2026-07-27,100000,2024-07-05,2028-07-01,14.169,14.1565,14.1624,775.388122,0.00107625079791,13.8266,14.7741,13.7041,14.651,Calculado
2026-07-27,LTN,2026-07-27,100000,2026-07-10,2028-10-01,14.3186,14.3052,14.3119,747.608383,0.00016278817525,13.9649,14.9374,13.849,14.8214,Calculado
2026-07-27,LTN,2026-07-27,100000,2022-02-11,2029-01-01,14.3998,14.3876,14.3937,722.925141,0.00177890415425,14.0305,15.004,13.9254,14.899,Calculado
2026-07-27,LTN,2026-07-27,100000,2025-07-04,2029-07-01,14.5411,14.5298,14.5351,674.213434,0.00056454711052,14.1637,15.1089,14.0767,15.0222,Calculado
2026-07-27,LTN,2026-07-27,100000,2024-01-05,2030-01-01,14.6051,14.5938,14.5998,629.111907,0.00058639546383,14.2312,15.1316,14.1603,15.0611,Calculado
2026-07-27,LTN,2026-07-27,100000,2025-01-10,2032-01-01,14.7673,14.7554,14.7619,475.384262,0.00094416490085,14.4209,15.1637,14.3973,15.1404,Calculado
2026-07-27,NTN-C,2026-07-27,770100,2000-07-01,2031-01-01,8.173,7.8389,7.9722,7610.228957,0.04035127574861,7.5486,8.514,7.5048,8.4702,Calculado
2026-07-27,LFT,2026-07-27,210100,2000-07-01,2026-09-01,0.0086,0.0031,0.0059,19517.590632,0.00002672601729,-0.055,0.0331,-0.0549,0.0334,Calculado
2026-07-27,LFT,2026-07-27,210100,2000-07-01,2027-03-01,0.003,0.001,0.0019,19517.493044,0.0001325295816,-0.0208,0.0247,-0.0206,0.0246,Calculado
2026-07-27,LFT,2026-07-27,210100,2000-07-01,2027-09-01,0.0092,0.006,0.0078,19516.048732,0.00044355026773,-0.0028,0.0231,-0.0027,0.0231,Calculado
2026-07-27,LFT,2026-07-27,210100,2000-07-01,2028-03-01,0.0174,0.0145,0.0159,19512.789272,0.00005188737804,0.005,0.0369,0.0049,0.037,Calculado
2026-07-27,LFT,2026-07-27,210100,2000-07-01,2028-09-01,0.0288,0.0256,0.0275,19506.485046,0.00036792447595,0.0154,0.0449,0.0155,0.0448,Calculado
2026-07-27,LFT,2026-07-27,210100,2000-07-01,2029-03-01,0.0405,0.0381,0.0396,19497.85821,0.00043757705607,0.0211,0.0549,0.0214,0.0546,Calculado
2026-07-27,LFT,2026-07-27,210100,2000-07-01,2029-09-01,0.0519,0.0486,0.0504,19487.416226,0.00034834192972,0.0299,0.0617,0.03,0.0616,Calculado
2026-07-27,LFT,2026-07-27,210100,2000-07-01,2030-03-01,0.0622,0.0587,0.0605,19475.647037,0,0.0394,0.0726,0.0393,0.0726,Calculado
2026-07-27,LFT,2026-07-27,210100,2000-07-01,2030-06-01,0.066,0.0637,0.0646,19469.713647,0.00041688064239,0.0458,0.0767,0.0455,0.077,Calculado
2026-07-27,LFT,2026-07-27,210100,2000-07-01,2030-09-01,0.0715,0.0682,0.0699,19462.316429,0.00008254198931,0.0521,0.0805,0.0521,0.0806,Calculado
2026-07-27,LFT,2026-07-27,210100,2000-07-01,2030-12-01,0.0714,0.0682,0.0698,19458.998415,0.0001437590345,0.0561,0.0865,0.056,0.0867,Calculado
2026-07-27,LFT,2026-07-27,210100,2000-07-01,2031-03-01,0.0758,0.0725,0.0742,19451.815892,0.00019358119743,0.0609,0.0928,0.0608,0.093,Calculado
2026-07-27,LFT,2026-07-27,210100,2000-07-01,2031-06-01,0.0805,0.0771,0.0789,19443.891694,0.0001502434358,0.0661,0.0991,0.0661,0.0993,Calculado
2026-07-27,LFT,2026-07-27,210100,2000-07-01,2031-09-01,0.0828,0.0807,0.0815,19437.431327,0.0002006856248,0.0688,0.1081,0.0691,0.108,Calculado
2026-07-27,LFT,2026-07-27,210100,2000-07-01,2031-12-01,0.0946,0.0919,0.093,19421.543897,0,0.0808,0.1076,0.081,0.1077,Calculado
2026-07-27,LFT,2026-07-27,210100,2000-07-01,2032-03-01,0.1045,0.1031,0.1036,19405.754055,0.0002358262708,0.086,0.1131,0.0858,0.1138,Calculado
2026-07-27,LFT,2026-07-27,210100,2000-07-01,2032-06-01,0.1122,0.1105,0.111,19392.423448,0.00017017147234,0.0882,0.1214,0.0886,0.1215,Calculado
2026-07-27,LFT,2026-07-27,210100,2000-07-01,2032-09-01,0.1163,0.1148,0.1156,19381.376414,0.0001693412531,0.0952,0.1252,0.0959,0.1251,Calculado
2026-07-27,NTN-B,2026-07-27,760199,2000-07-15,2026-08-15,13.228,12.9656,13.1522,4847.649528,0.05030391844101,11.6638,13.999,12.2354,14.5898,Calculado
2026-07-27,NTN-B,2026-07-27,760199,2000-07-15,2027-05-15,8.0288,7.9968,8.01,4730.705601,0,7.8016,8.3692,7.7707,8.3417,Calculado
2026-07-27,NTN-B,2026-07-27,760199,2000-07-15,2028-08-15,8.467,8.4383,8.4533,4663.299794,0.0041257122985,8.2721,8.7323,8.2085,8.6683,Calculado
2026-07-27,NTN-B,2026-07-27,760199,2000-07-15,2029-05-15,8.2671,8.2384,8.25,4553.205067,0,8.0408,8.5379,7.971,8.4679,Calculado
2026-07-27,NTN-B,2026-07-27,760199,2000-07-15,2030-08-15,8.3268,8.2981,8.3108,4519.077646,0.00168673877942,8.0708,8.5815,8.0119,8.5226,Calculado
2026-07-27,NTN-B,2026-07-27,760199,2000-07-15,2031-05-15,8.2715,8.244,8.2572,4406.122761,0.00410928628353,7.9971,8.5008,7.9579,8.4617,Calculado
2026-07-27,NTN-B,2026-07-27,760199,2000-07-15,2032-08-15,8.2894,8.2563,8.2721,4387.638458,0.00378805254583,8.0194,8.5077,7.9814,8.4697,Calculado
2026-07-27,NTN-B,2026-07-27,760199,2000-07-15,2033-05-15,8.2661,8.2294,8.25,4277.965876,0,7.9952,8.4667,7.9744,8.446,Calculado
2026-07-27,NTN-B,2026-07-27,760199,2000-07-15,2035-05-15,8.1779,8.151,8.1624,4195.139883,0.00450336334088,7.9066,8.3617,7.899,8.3541,Calculado
2026-07-27,NTN-B,2026-07-27,760199,2000-07-15,2037-05-15,8.0334,7.9991,8.0155,4149.875397,0.00671691023537,7.7472,8.1898,7.7615,8.2039,Calculado
2026-07-27,NTN-B,2026-07-27,760199,2000-07-15,2040-08-15,7.8835,7.8408,7.8618,4159.304905,0.00933399795211,7.6099,8.038,7.6189,8.0468,Calculado
2026-07-27,NTN-B,2026-07-27,760199,2000-07-15,2045-05-15,7.7157,7.6846,7.6976,4042.40841,0.00348104108709,7.446,7.8628,7.4638,7.8803,Calculado
2026-07-27,NTN-B,2026-07-27,760199,2000-07-15,2050-08-15,7.6864,7.654,7.67,4043.195783,0,7.4155,7.8267,7.4411,7.8518,Calculado
2026-07-27,NTN-B,2026-07-27,760199,2000-07-15,2055-05-15,7.6071,7.5657,7.5853,3962.300278,0.00628184527587,7.3297,7.7386,7.3587,7.767,Calculado
2026-07-27,NTN-B,2026-07-27,760199,2000-07-15,2060-08-15,7.5889,7.5537,7.5708,4001.251547,0.00155857840996,7.3171,7.7252,7.3453,7.7527,Calculado
2026-07-27,NTN-F,2026-07-27,950199,2016-01-15,2027-01-01,13.7859,13.7489,13.7647,991.906796,0.00050662279854,13.6366,14.039,13.587,13.9863,Calculado
2026-07-27,NTN-F,2026-07-27,950199,2018-01-05,2029-01-01,14.3207,14.2759,14.2948,927.111193,0.01132003347522,13.9349,14.8933,13.8361,14.7945,Calculado
2026-07-27,NTN-F,2026-07-27,950199,2020-01-10,2031-01-01,14.713,14.7011,14.7069,867.084814,0.00090286094167,14.3541,15.1676,14.3059,15.1197,Calculado
2026-07-27,NTN-F,2026-07-27,950199,2022-01-07,2033-01-01,14.8159,14.8057,14.8106,822.653196,0.00055908236424,14.4648,15.1886,14.4522,15.1757,Calculado
2026-07-27,NTN-F,2026-07-27,950199,2024-01-05,2035-01-01,14.838,14.8227,14.83,791.236585,0.0019670829164,14.485,15.181,14.4845,15.1801,Calculado
2026-07-27,NTN-F,2026-07-27,950199,2026-01-09,2037-01-01,14.8384,14.8225,14.8325,767.360772,0.00082400662619,14.4972,15.1706,14.4994,15.1722,Calculado
2026-07-24,LTN,2026-07-24,100000,2024-07-05,2026-10-01,13.8411,13.7906,13.814,975.654517,0.00738291449632,13.7054,13.9379,13.6779,13.9118,Calculado
2026-07-24,LTN,2026-07-24,100000,2025-01-10,2027-04-01,13.8896,13.8505,13.8609,916.156163,0.01121107430713,13.7034,14.2991,13.5946,14.1873,Calculado
2026-07-24,LTN,2026-07-24,100000,2023-07-07,2027-07-01,13.9359,13.8925,13.9097,886.551134,0.00921624550888,13.7145,14.4602,13.5555,14.2995,Calculado
2026-07-24,LTN,2026-07-24,100000,2025-07-04,2027-10-01,14.0526,14.0381,14.046,856.052828,0,13.833,14.6702,13.6374,14.4736,Calculado
2026-07-24,LTN,2026-07-24,100000,2024-01-05,2028-01-01,14.1686,14.156,14.1622,827.1742,0.00155702144494,13.9416,14.8275,13.7239,14.6093,Calculado
2026-07-24,LTN,2026-07-24,100000,2026-01-09,2028-04-01,14.2313,14.2171,14.2247,799.49631,0.00042091170095,13.9959,14.905,13.7715,14.6804,Calculado
2026-07-24,LTN,2026-07-24,100000,2024-07-05,2028-07-01,14.2915,14.2779,14.2849,773.38273,0.001240490137,14.0543,15.0023,13.8266,14.7741,Calculado
2026-07-24,LTN,2026-07-24,100000,2026-07-10,2028-10-01,14.4358,14.4178,14.4278,745.563848,0.0025132884912,14.1924,15.1649,13.9649,14.9374,Calculado
2026-07-24,LTN,2026-07-24,100000,2022-02-11,2029-01-01,14.5058,14.4932,14.4987,720.939227,0.00043861252832,14.2515,15.225,14.0305,15.004,Calculado
2026-07-24,LTN,2026-07-24,100000,2025-07-04,2029-07-01,14.6285,14.6162,14.6219,672.367224,0.00085199455984,14.381,15.3259,14.1637,15.1089,Calculado
2026-07-24,LTN,2026-07-24,100000,2024-01-05,2030-01-01,14.6762,14.6638,14.6704,627.454712,0.00070518486938,14.4364,15.3363,14.2312,15.1316,Calculado
2026-07-24,LTN,2026-07-24,100000,2025-01-10,2032-01-01,14.791,14.7797,14.7852,474.603563,0.0013595867681,14.593,15.3356,14.4209,15.1637,Calculado
2026-07-24,NTN-C,2026-07-24,770100,2000-07-01,2031-01-01,8.1758,7.8457,7.9834,7608.398699,0.09332357039462,7.4932,8.4565,7.5486,8.514,Calculado
2026-07-24,LFT,2026-07-24,210100,2000-07-01,2026-09-01,0.0096,0.0034,0.0059,19507.34323,0.00002886728252,-0.055,0.0328,-0.055,0.0331,Calculado
2026-07-24,LFT,2026-07-24,210100,2000-07-01,2027-03-01,0.0026,0.0006,0.0014,19507.304215,0.00053954044334,-0.0208,0.0249,-0.0208,0.0247,Calculado
2026-07-24,LFT,2026-07-24,210100,2000-07-01,2027-09-01,0.0089,0.006,0.0076,19505.841154,0.00030102996529,-0.0025,0.0229,-0.0028,0.0231,Calculado
2026-07-24,LFT,2026-07-24,210100,2000-07-01,2028-03-01,0.0166,0.0148,0.0159,19502.54439,0.0002758294038,0.005,0.0371,0.005,0.0369,Calculado
2026-07-24,LFT,2026-07-24,210100,2000-07-01,2028-09-01,0.0287,0.0263,0.0277,19496.126429,0.00032003785714,0.0154,0.0451,0.0154,0.0449,Calculado
2026-07-24,LFT,2026-07-24,210100,2000-07-01,2029-03-01,0.0411,0.0385,0.04,19487.387078,0,0.0212,0.0549,0.0211,0.0549,Calculado
2026-07-24,LFT,2026-07-24,210100,2000-07-01,2029-09-01,0.0515,0.0494,0.0506,19477.028607,0.00045868246097,0.0293,0.0624,0.0299,0.0617,Calculado
2026-07-24,LFT,2026-07-24,210100,2000-07-01,2030-03-01,0.0617,0.0597,0.0605,19465.382641,0.00050864813968,0.0395,0.0723,0.0394,0.0726,Calculado
2026-07-24,LFT,2026-07-24,210100,2000-07-01,2030-06-01,0.0657,0.0634,0.0643,19459.66695,0.00035863496762,0.0457,0.0767,0.0458,0.0767,Calculado
2026-07-24,LFT,2026-07-24,210100,2000-07-01,2030-09-01,0.0712,0.069,0.0699,19452.059032,0.00016259735545,0.0523,0.0802,0.0521,0.0805,Calculado
2026-07-24,LFT,2026-07-24,210100,2000-07-01,2030-12-01,0.0712,0.0684,0.0698,19448.742761,0.00033911648441,0.056,0.0864,0.0561,0.0865,Calculado
2026-07-24,LFT,2026-07-24,210100,2000-07-01,2031-03-01,0.0759,0.0729,0.0742,19441.544501,0.00018273423325,0.061,0.0924,0.0609,0.0928,Calculado
2026-07-24,LFT,2026-07-24,210100,2000-07-01,2031-06-01,0.0803,0.0776,0.0788,19433.702494,0.00018351147103,0.0661,0.0988,0.0661,0.0991,Calculado
2026-07-24,LFT,2026-07-24,210100,2000-07-01,2031-09-01,0.0825,0.0798,0.0811,19427.557638,0.00016903082559,0.0688,0.1078,0.0688,0.1081,Calculado
2026-07-24,LFT,2026-07-24,210100,2000-07-01,2031-12-01,0.0944,0.0913,0.0927,19411.600519,0.0002865401368,0.0808,0.1073,0.0808,0.1076,Calculado
2026-07-24,LFT,2026-07-24,210100,2000-07-01,2032-03-01,0.1043,0.1024,0.103,19396.131088,0.00057549150298,0.0863,0.1124,0.086,0.1131,Calculado
2026-07-24,LFT,2026-07-24,210100,2000-07-01,2032-06-01,0.112,0.1103,0.111,19382.144225,0.00022723111583,0.0882,0.1211,0.0882,0.1214,Calculado
2026-07-24,LFT,2026-07-24,210100,2000-07-01,2032-09-01,0.1163,0.1147,0.1157,19371.005454,0.0002016273295,0.0947,0.1252,0.0952,0.1252,Calculado
2026-07-24,NTN-B,2026-07-24,760199,2000-07-15,2026-08-15,12.6363,12.5464,12.5763,4846.359079,0.04250936362332,11.8253,14.1415,11.6638,13.999,Calculado
2026-07-24,NTN-B,2026-07-24,760199,2000-07-15,2027-05-15,8.0547,8.0241,8.04,4727.757387,0,7.837,8.4026,7.8016,8.3692,Calculado
2026-07-24,NTN-B,2026-07-24,760199,2000-07-15,2028-08-15,8.533,8.5064,8.5172,4656.108818,0.00366937129628,8.3798,8.8401,8.2721,8.7323,Calculado
2026-07-24,NTN-B,2026-07-24,760199,2000-07-15,2029-05-15,8.33,8.3068,8.3199,4543.786514,0.00025,8.1437,8.6408,8.0408,8.5379,Calculado
2026-07-24,NTN-B,2026-07-24,760199,2000-07-15,2030-08-15,8.3797,8.3541,8.3697,4508.557443,0.000732495529,8.1623,8.673,8.0708,8.5815,Calculado
2026-07-24,NTN-B,2026-07-24,760199,2000-07-15,2031-05-15,8.3126,8.285,8.2963,4397.719616,0.0048242806925,8.0846,8.5882,7.9971,8.5008,Calculado
2026-07-24,NTN-B,2026-07-24,760199,2000-07-15,2032-08-15,8.3244,8.2958,8.31,4378.226956,0,8.0955,8.5836,8.0194,8.5077,Calculado
2026-07-24,NTN-B,2026-07-24,760199,2000-07-15,2033-05-15,8.2854,8.258,8.2707,4271.686052,0.00157812426,8.086,8.5575,7.9952,8.4667,Calculado
2026-07-24,NTN-B,2026-07-24,760199,2000-07-15,2035-05-15,8.1832,8.1572,8.17,4191.438896,0,7.9766,8.4318,7.9066,8.3617,Calculado
2026-07-24,NTN-B,2026-07-24,760199,2000-07-15,2037-05-15,8.0214,7.9915,8.0013,4152.420376,0.00416333199733,7.8122,8.2548,7.7472,8.1898,Calculado
2026-07-24,NTN-B,2026-07-24,760199,2000-07-15,2040-08-15,7.8682,7.8372,7.8529,4160.729656,0.00468535688715,7.6581,8.0865,7.6099,8.038,Calculado
2026-07-24,NTN-B,2026-07-24,760199,2000-07-15,2045-05-15,7.6956,7.6673,7.68,4047.88565,0,7.4846,7.9018,7.446,7.8628,Calculado
2026-07-24,NTN-B,2026-07-24,760199,2000-07-15,2050-08-15,7.6551,7.629,7.6447,4052.652104,0.00450219533561,7.4499,7.8617,7.4155,7.8267,Calculado
2026-07-24,NTN-B,2026-07-24,760199,2000-07-15,2055-05-15,7.5739,7.5397,7.5566,3974.031708,0.0056961085102,7.3596,7.7693,7.3297,7.7386,Calculado
2026-07-24,NTN-B,2026-07-24,760199,2000-07-15,2060-08-15,7.5601,7.5263,7.5429,4013.012285,0.00859684809043,7.3503,7.7593,7.3171,7.7252,Calculado
2026-07-24,NTN-F,2026-07-24,950199,2016-01-15,2027-01-01,13.8364,13.8002,13.8158,991.204994,0.00260622839751,13.6974,14.1029,13.6366,14.039,Calculado
2026-07-24,NTN-F,2026-07-24,950199,2018-01-05,2029-01-01,14.4264,14.3773,14.3936,924.871323,0.02131880305341,14.1363,15.0946,13.9349,14.8933,Calculado
2026-07-24,NTN-F,2026-07-24,950199,2020-01-10,2031-01-01,14.761,14.7486,14.7549,865.313159,0.00073977883181,14.5427,15.3559,14.3541,15.1676,Calculado
2026-07-24,NTN-F,2026-07-24,950199,2022-01-07,2033-01-01,14.8303,14.8171,14.8234,821.773605,0.00073725828581,14.6225,15.3464,14.4648,15.1886,Calculado
2026-07-24,NTN-F,2026-07-24,950199,2024-01-05,2035-01-01,14.8392,14.8228,14.8307,790.776004,0.00044192093184,14.6227,15.319,14.485,15.181,Calculado
2026-07-24,NTN-F,2026-07-24,950199,2026-01-09,2037-01-01,14.8366,14.8247,14.8306,767.017278,0.00065551954204,14.6169,15.2909,14.4972,15.1706,Calculado
2026-07-28,LTN,2026-07-28,100000,2024-07-05,2026-10-01,13.7822,13.7409,13.7632,976.736571,0.01961541491149,13.6586,13.8938,13.6291,13.8673,Calculado
2026-07-28,LTN,2026-07-28,100000,2025-01-10,2027-04-01,13.7649,13.7405,13.7504,917.694322,0.00443176663871,13.5358,14.1255,13.4882,14.0748,Calculado
2026-07-28,LTN,2026-07-28,100000,2023-07-07,2027-07-01,13.7825,13.7436,13.7598,888.53986,0.00239763976861,13.4649,14.2069,13.4083,14.1485,Calculado
2026-07-28,LTN,2026-07-28,100000,2025-07-04,2027-10-01,13.8774,13.8643,13.87,858.50224,0,13.5212,14.3562,13.463,14.2971,Calculado
2026-07-28,LTN,2026-07-28,100000,2024-01-05,2028-01-01,13.9873,13.9749,13.981,829.920119,0,13.6082,14.4931,13.5436,14.4279,Calculado
2026-07-28,LTN,2026-07-28,100000,2026-01-09,2028-04-01,14.0272,14.0134,14.02,802.748264,0,13.6505,14.5592,13.5673,14.4757,Calculado
2026-07-28,LTN,2026-07-28,100000,2024-07-05,2028-07-01,14.0713,14.0579,14.0653,777.062053,0.00140991787349,13.7041,14.651,13.6072,14.5535,Calculado
2026-07-28,LTN,2026-07-28,100000,2026-07-10,2028-10-01,14.2107,14.1974,14.204,749.540186,0,13.849,14.8214,13.7414,14.7137,Calculado
2026-07-28,LTN,2026-07-28,100000,2022-02-11,2029-01-01,14.279,14.2658,14.272,725.167926,0.00130045779247,13.9254,14.899,13.8039,14.7775,Calculado
2026-07-28,LTN,2026-07-28,100000,2025-07-04,2029-07-01,14.4107,14.3994,14.4055,676.795704,0,14.0767,15.0222,13.947,14.8928,Calculado
2026-07-28,LTN,2026-07-28,100000,2024-01-05,2030-01-01,14.4756,14.4643,14.4692,631.894988,0.00096882353398,14.1603,15.0611,14.0296,14.9307,Calculado
2026-07-28,LTN,2026-07-28,100000,2025-01-10,2032-01-01,14.665,14.6528,14.659,477.952336,0,14.3973,15.1404,14.2942,15.0375,Calculado
2026-07-28,NTN-C,2026-07-28,770100,2000-07-01,2031-01-01,8.1814,7.8478,7.9776,7607.855358,0.03655599275153,7.5048,8.4702,7.4421,8.4075,Calculado
2026-07-28,LFT,2026-07-28,210100,2000-07-01,2026-09-01,0.0086,0.0038,0.0063,19527.843419,0.00049961889476,-0.0549,0.0334,-0.0548,0.034,Calculado
2026-07-28,LFT,2026-07-28,210100,2000-07-01,2027-03-01,0.004,0.0006,0.0021,19527.726251,0.00035078858305,-0.0206,0.0246,-0.0206,0.0247,Calculado
2026-07-28,LFT,2026-07-28,210100,2000-07-01,2027-09-01,0.0091,0.0062,0.0078,19526.300708,0.00051078836126,-0.0027,0.0231,-0.0027,0.0229,Calculado
2026-07-28,LFT,2026-07-28,210100,2000-07-01,2028-03-01,0.0165,0.0147,0.0156,19523.156703,0.00019526556276,0.0049,0.037,0.0045,0.0366,Calculado
2026-07-28,LFT,2026-07-28,210100,2000-07-01,2028-09-01,0.0278,0.0257,0.027,19516.946806,0.00006172130912,0.0155,0.0448,0.0149,0.0444,Calculado
2026-07-28,LFT,2026-07-28,210100,2000-07-01,2029-03-01,0.0395,0.0367,0.0388,19508.530246,0.00039612089064,0.0214,0.0546,0.0211,0.0539,Calculado
2026-07-28,LFT,2026-07-28,210100,2000-07-01,2029-09-01,0.0509,0.0479,0.0497,19498.121833,0.00033452167344,0.03,0.0616,0.0296,0.061,Calculado
2026-07-28,LFT,2026-07-28,210100,2000-07-01,2030-03-01,0.0616,0.0584,0.0602,19486.131653,0.00041103206688,0.0393,0.0726,0.0386,0.0724,Calculado
2026-07-28,LFT,2026-07-28,210100,2000-07-01,2030-06-01,0.0657,0.0629,0.0643,19480.214675,0.00060466440279,0.0455,0.077,0.0449,0.0769,Calculado
2026-07-28,LFT,2026-07-28,210100,2000-07-01,2030-09-01,0.0712,0.068,0.0697,19472.754987,0.00044223457576,0.0521,0.0806,0.0516,0.0804,Calculado
2026-07-28,LFT,2026-07-28,210100,2000-07-01,2030-12-01,0.0711,0.0679,0.0696,19469.454758,0.00036625517061,0.056,0.0867,0.0558,0.0864,Calculado
2026-07-28,LFT,2026-07-28,210100,2000-07-01,2031-03-01,0.0758,0.0726,0.0742,19462.09271,0.00020154165822,0.0608,0.093,0.0607,0.0927,Calculado
2026-07-28,LFT,2026-07-28,210100,2000-07-01,2031-06-01,0.0801,0.0768,0.0787,19454.340101,0.00038563002995,0.0661,0.0993,0.0658,0.0994,Calculado
2026-07-28,LFT,2026-07-28,210100,2000-07-01,2031-09-01,0.083,0.0801,0.0816,19447.602948,0.00021975363478,0.0691,0.108,0.0691,0.108,Calculado
2026-07-28,LFT,2026-07-28,210100,2000-07-01,2031-12-01,0.0945,0.0913,0.093,19431.82434,0,0.081,0.1077,0.081,0.108,Calculado
2026-07-28,LFT,2026-07-28,210100,2000-07-01,2032-03-01,0.1051,0.1021,0.1037,19415.928565,0.00041785794237,0.0858,0.1138,0.0861,0.114,Calculado
2026-07-28,LFT,2026-07-28,210100,2000-07-01,2032-06-01,0.1122,0.1107,0.1115,19402.122283,0,0.0886,0.1215,0.0887,0.1221,Calculado
2026-07-28,LFT,2026-07-28,210100,2000-07-01,2032-09-01,0.1164,0.1154,0.116,19391.186614,0,0.0959,0.1251,0.0964,0.1255,Calculado
2026-07-28,NTN-B,2026-07-28,760199,2000-07-15,2026-08-15,15.6587,15.5426,15.5971,4844.751512,0.15051557318281,12.2354,14.5898,14.6856,17.2422,Calculado
2026-07-28,NTN-B,2026-07-28,760199,2000-07-15,2027-05-15,8.1662,8.1217,8.1391,4728.24181,0.01163021516353,7.7707,8.3417,7.9012,8.4786,Calculado
2026-07-28,NTN-B,2026-07-28,760199,2000-07-15,2028-08-15,8.5025,8.4759,8.49,4662.276095,0,8.2085,8.6683,8.2454,8.7051,Calculado
2026-07-28,NTN-B,2026-07-28,760199,2000-07-15,2029-05-15,8.275,8.2479,8.2619,4553.811686,0.00396580622825,7.971,8.4679,7.9829,8.4798,Calculado
2026-07-28,NTN-B,2026-07-28,760199,2000-07-15,2030-08-15,8.3331,8.3066,8.32,4519.614444,0,8.0119,8.5226,8.0209,8.5317,Calculado
2026-07-28,NTN-B,2026-07-28,760199,2000-07-15,2031-05-15,8.2951,8.2631,8.2825,4403.697702,0.00408873934973,7.9579,8.4617,7.9831,8.487,Calculado
2026-07-28,NTN-B,2026-07-28,760199,2000-07-15,2032-08-15,8.2938,8.2673,8.2807,4387.735195,0.00286438097152,7.9814,8.4697,7.9899,8.4783,Calculado
2026-07-28,NTN-B,2026-07-28,760199,2000-07-15,2033-05-15,8.285,8.2561,8.2731,4274.712102,0.00400361678486,7.9744,8.446,7.9974,8.4691,Calculado
2026-07-28,NTN-B,2026-07-28,760199,2000-07-15,2035-05-15,8.2145,8.1893,8.2039,4186.095281,0.00568749672879,7.899,8.3541,7.9405,8.3956,Calculado
2026-07-28,NTN-B,2026-07-28,760199,2000-07-15,2037-05-15,8.0671,8.0321,8.0491,4141.585263,0.00855956971816,7.7615,8.2039,7.7951,8.2375,Calculado
2026-07-28,NTN-B,2026-07-28,760199,2000-07-15,2040-08-15,7.9251,7.8908,7.9071,4145.304314,0.00480921733965,7.6189,8.0468,7.6642,8.092,Calculado
2026-07-28,NTN-B,2026-07-28,760199,2000-07-15,2045-05-15,7.7558,7.7258,7.7404,4026.892393,0.00686370086761,7.4638,7.8803,7.5066,7.9231,Calculado
2026-07-28,NTN-B,2026-07-28,760199,2000-07-15,2050-08-15,7.7265,7.6962,7.7149,4025.303257,0.00566484564485,7.4411,7.8518,7.4859,7.8967,Calculado
2026-07-28,NTN-B,2026-07-28,760199,2000-07-15,2055-05-15,7.6498,7.6098,7.6304,3943.123619,0.00665231138402,7.3587,7.767,7.4037,7.8122,Calculado
2026-07-28,NTN-B,2026-07-28,760199,2000-07-15,2060-08-15,7.6327,7.5981,7.6167,3981.06363,0.00491838145938,7.3453,7.7527,7.3911,7.7987,Calculado
2026-07-28,NTN-F,2026-07-28,950199,2016-01-15,2027-01-01,13.749,13.712,13.7284,992.55028,0.00111516946246,13.587,13.9863,13.5514,13.9475,Calculado
2026-07-28,NTN-F,2026-07-28,950199,2018-01-05,2029-01-01,14.1956,14.1585,14.1726,929.766793,0.00110185989581,13.8361,14.7945,13.714,14.6725,Calculado
2026-07-28,NTN-F,2026-07-28,950199,2020-01-10,2031-01-01,14.5929,14.5807,14.586,870.83914,0.00153078792783,14.3059,15.1197,14.1848,14.9989,Calculado
2026-07-28,NTN-F,2026-07-28,950199,2022-01-07,2033-01-01,14.7316,14.7208,14.7272,825.904507,0.00151129083899,14.4522,15.1757,14.3687,15.0923,Calculado
2026-07-28,NTN-F,2026-07-28,950199,2024-01-05,2035-01-01,14.779,14.7647,14.7715,793.890711,0.00189520355899,14.4845,15.1801,14.426,15.1215,Calculado
2026-07-28,NTN-F,2026-07-28,950199,2026-01-09,2037-01-01,14.7796,14.7689,14.7742,770.166243,0.00056007517353,14.4994,15.1722,14.4412,15.1137,Calculado
2026-07-30,LTN,2026-07-30,100000,2024-07-05,2026-10-01,13.7455,13.6783,13.7187,977.803472,0.0241092748039,13.609,13.8505,13.5855,13.8302,Calculado
2026-07-30,LTN,2026-07-30,100000,2025-01-10,2027-04-01,13.7095,13.6773,13.6899,918.955146,0.00438190631233,13.453,14.0365,13.4314,14.0117,Calculado
2026-07-30,LTN,2026-07-30,100000,2023-07-07,2027-07-01,13.6999,13.6664,13.6869,889.967725,0.0027330778035,13.3704,14.1087,13.3377,14.0741,Calculado
2026-07-30,LTN,2026-07-30,100000,2025-07-04,2027-10-01,13.7931,13.7811,13.7864,860.124364,0.00073334446885,13.4297,14.2626,13.3809,14.2128,Calculado
2026-07-30,LTN,2026-07-30,100000,2024-01-05,2028-01-01,13.9033,13.8913,13.8978,831.642371,0.00063930699981,13.5092,14.3929,13.4613,14.3444,Calculado
2026-07-30,LTN,2026-07-30,100000,2026-01-09,2028-04-01,13.9498,13.9369,13.9427,804.493407,0.00146965405113,13.5464,14.4546,13.4904,14.3984,Calculado
2026-07-30,LTN,2026-07-30,100000,2024-07-05,2028-07-01,13.9778,13.9647,13.9716,779.095203,0.00180519069353,13.5821,14.5279,13.5136,14.4588,Calculado
2026-07-30,LTN,2026-07-30,100000,2026-07-10,2028-10-01,14.1164,14.1021,14.1101,751.666664,0.00185635280591,13.7126,14.6848,13.6478,14.6199,Calculado
2026-07-30,LTN,2026-07-30,100000,2022-02-11,2029-01-01,14.179,14.1667,14.173,727.448284,0,13.7789,14.7526,13.705,14.6787,Calculado
2026-07-30,LTN,2026-07-30,100000,2025-07-04,2029-07-01,14.321,14.3091,14.315,679.07178,0,13.9236,14.8697,13.8561,14.8026,Calculado
2026-07-30,LTN,2026-07-30,100000,2024-01-05,2030-01-01,14.39,14.3781,14.384,634.171253,0,14.0093,14.9108,13.9439,14.8458,Calculado
2026-07-30,LTN,2026-07-30,100000,2025-01-10,2032-01-01,14.6288,14.617,14.623,479.281882,0,14.278,15.0215,14.2577,15.0014,Calculado
2026-07-30,NTN-C,2026-07-30,770100,2000-07-01,2031-01-01,8.1321,7.9073,8.0025,7588.633862,0.05908455933245,7.4375,8.402,7.5125,8.4804,Calculado
2026-07-30,LFT,2026-07-30,210100,2000-07-01,2026-09-01,0.0094,0.0048,0.0068,19548.36515,0.00041947094059,-0.0546,0.0347,-0.0543,0.035,Calculado
2026-07-30,LFT,2026-07-30,210100,2000-07-01,2027-03-01,0.0057,0.0017,0.0028,19548.189213,0.00089383855365,-0.0207,0.0248,-0.0204,0.0247,Calculado
2026-07-30,LFT,2026-07-30,210100,2000-07-01,2027-09-01,0.0091,0.0071,0.0081,19546.781721,0.00017311068713,-0.0026,0.0223,-0.0026,0.0224,Calculado
2026-07-30,LFT,2026-07-30,210100,2000-07-01,2028-03-01,0.0167,0.0148,0.0156,19543.693058,0.00026721433345,0.0042,0.0362,0.0043,0.0357,Calculado
2026-07-30,LFT,2026-07-30,210100,2000-07-01,2028-09-01,0.0262,0.0248,0.0257,19538.023992,0.00042714883823,0.0153,0.0434,0.0151,0.0429,Calculado
2026-07-30,LFT,2026-07-30,210100,2000-07-01,2029-03-01,0.0383,0.0354,0.0373,19529.83317,0.00053529051925,0.0212,0.0531,0.0213,0.0522,Calculado
2026-07-30,LFT,2026-07-30,210100,2000-07-01,2029-09-01,0.0491,0.0476,0.0483,19519.511561,0.00019478493268,0.0298,0.0602,0.0297,0.0593,Calculado
2026-07-30,LFT,2026-07-30,210100,2000-07-01,2030-03-01,0.06,0.0576,0.059,19507.547878,0.00008516302014,0.0383,0.0722,0.0385,0.071,Calculado
2026-07-30,LFT,2026-07-30,210100,2000-07-01,2030-06-01,0.0654,0.0633,0.064,19500.99913,0.00041563028042,0.0448,0.0765,0.044,0.0763,Calculado
2026-07-30,LFT,2026-07-30,210100,2000-07-01,2030-09-01,0.0704,0.0677,0.0692,19493.727087,0.00040967822739,0.051,0.0806,0.0506,0.0801,Calculado
2026-07-30,LFT,2026-07-30,210100,2000-07-01,2030-12-01,0.0711,0.068,0.0695,19490.110614,0.00038918116604,0.0558,0.0861,0.0555,0.0855,Calculado
2026-07-30,LFT,2026-07-30,210100,2000-07-01,2031-03-01,0.0756,0.0724,0.0739,19482.936314,0.00002886728252,0.0604,0.0927,0.0602,0.092,Calculado
2026-07-30,LFT,2026-07-30,210100,2000-07-01,2031-06-01,0.0803,0.0772,0.0786,19474.999622,0.00029607568289,0.0658,0.0991,0.0655,0.0987,Calculado
2026-07-30,LFT,2026-07-30,210100,2000-07-01,2031-09-01,0.0831,0.0798,0.0813,19468.470422,0.00018210367926,0.069,0.108,0.0687,0.1077,Calculado
2026-07-30,LFT,2026-07-30,210100,2000-07-01,2031-12-01,0.0948,0.0914,0.0929,19452.499296,0.00003892479929,0.0809,0.108,0.0807,0.1077,Calculado
2026-07-30,LFT,2026-07-30,210100,2000-07-01,2032-03-01,0.1045,0.1017,0.1036,19436.606364,0.00010327952362,0.0859,0.114,0.0855,0.114,Calculado
2026-07-30,LFT,2026-07-30,210100,2000-07-01,2032-06-01,0.1116,0.1094,0.1107,19423.587062,0.00040313314178,0.089,0.1218,0.0891,0.1215,Calculado
2026-07-30,LFT,2026-07-30,210100,2000-07-01,2032-09-01,0.1163,0.1148,0.1157,19412.092543,0.00006741987837,0.0964,0.1254,0.0968,0.1251,Calculado
2026-07-30,NTN-B,2026-07-30,760199,2000-07-15,2026-08-15,14.7593,14.3935,14.5464,4849.239979,0.13653884847489,13.7545,16.3312,13.6112,16.2081,Calculado
2026-07-30,NTN-B,2026-07-30,760199,2000-07-15,2027-05-15,8.1027,8.073,8.0905,4729.687848,0.00651692868382,7.9019,8.4784,7.8553,8.435,Calculado
2026-07-30,NTN-B,2026-07-30,760199,2000-07-15,2028-08-15,8.5315,8.5009,8.515,4660.186528,0.00427707064707,8.3182,8.7775,8.271,8.73,Calculado
2026-07-30,NTN-B,2026-07-30,760199,2000-07-15,2029-05-15,8.2984,8.269,8.2806,4551.670416,0.00111474079947,8.0583,8.555,8.0019,8.4985,Calculado
2026-07-30,NTN-B,2026-07-30,760199,2000-07-15,2030-08-15,8.3533,8.326,8.3411,4516.414887,0.00355207870831,8.0797,8.5905,8.0421,8.5529,Calculado
2026-07-30,NTN-B,2026-07-30,760199,2000-07-15,2031-05-15,8.3263,8.2934,8.3106,4398.868012,0.0090897378026,8.0506,8.5545,8.0112,8.5152,Calculado
2026-07-30,NTN-B,2026-07-30,760199,2000-07-15,2032-08-15,8.3141,8.2818,8.3012,4383.518085,0.00497596562589,8.0574,8.5459,8.0103,8.4988,Calculado
2026-07-30,NTN-B,2026-07-30,760199,2000-07-15,2033-05-15,8.3057,8.2728,8.2913,4270.635919,0.00685275780033,8.0728,8.5446,8.0155,8.4873,Calculado
2026-07-30,NTN-B,2026-07-30,760199,2000-07-15,2035-05-15,8.212,8.1862,8.1989,4187.249505,0.00180254902846,8.0233,8.4784,7.9354,8.3906,Calculado
2026-07-30,NTN-B,2026-07-30,760199,2000-07-15,2037-05-15,8.0554,8.0151,8.0345,4145.722217,0.00584481862422,7.8651,8.3075,7.7804,8.2229,Calculado
2026-07-30,NTN-B,2026-07-30,760199,2000-07-15,2040-08-15,7.935,7.8975,7.9166,4141.801776,0.0043793508012,7.7605,8.1883,7.6737,8.1016,Calculado
2026-07-30,NTN-B,2026-07-30,760199,2000-07-15,2045-05-15,7.7595,7.7268,7.744,4025.18405,0.00342991045218,7.6001,8.0165,7.5101,7.9267,Calculado
2026-07-30,NTN-B,2026-07-30,760199,2000-07-15,2050-08-15,7.7377,7.7058,7.7237,4021.220944,0.01009011774857,7.577,7.9876,7.4947,7.9055,Calculado
2026-07-30,NTN-B,2026-07-30,760199,2000-07-15,2055-05-15,7.653,7.612,7.6314,3942.366503,0.00636168630317,7.4934,7.9018,7.4047,7.8132,Calculado
2026-07-30,NTN-B,2026-07-30,760199,2000-07-15,2060-08-15,7.6301,7.5965,7.6115,3983.20641,0.01059436058382,7.4921,7.8996,7.3859,7.7935,Calculado
2026-07-30,NTN-F,2026-07-30,950199,2016-01-15,2027-01-01,13.6994,13.6593,13.6799,993.742449,0.00572376292137,13.521,13.9139,13.5044,13.8941,Calculado
2026-07-30,NTN-F,2026-07-30,950199,2018-01-05,2029-01-01,14.0998,14.0566,14.073,932.510147,0,13.6886,14.6471,13.6145,14.573,Calculado
2026-07-30,NTN-F,2026-07-30,950199,2020-01-10,2031-01-01,14.521,14.5093,14.515,873.714103,0,14.1624,14.9769,14.1134,14.9282,Calculado
2026-07-30,NTN-F,2026-07-30,950199,2022-01-07,2033-01-01,14.7246,14.7079,14.7171,827.145384,0.00350507526595,14.3564,15.0798,14.3587,15.082,Calculado
2026-07-30,NTN-F,2026-07-30,950199,2024-01-05,2035-01-01,14.8059,14.7878,14.7989,793.718767,0.00565095241088,14.4145,15.1099,14.4536,15.1485,Calculado
2026-07-30,NTN-F,2026-07-30,950199,2026-01-09,2037-01-01,14.8401,14.8279,14.8334,768.588548,0.00228521819746,14.4506,15.1229,14.5008,15.1724,Calculado
2026-07-29,LTN,2026-07-29,100000,2024-07-05,2026-10-01,13.7656,13.7103,13.7425,977.268253,0.0189576385349,13.6291,13.8673,13.609,13.8505,Calculado
2026-07-29,LTN,2026-07-29,100000,2025-01-10,2027-04-01,13.727,13.6997,13.7134,918.36159,0.00170983151217,13.4882,14.0748,13.453,14.0365,Calculado
2026-07-29,LTN,2026-07-29,100000,2023-07-07,2027-07-01,13.747,13.7053,13.7208,889.272794,0.00426896887199,13.4083,14.1485,13.3704,14.1087,Calculado
2026-07-29,LTN,2026-07-29,100000,2025-07-04,2027-10-01,13.843,13.8288,13.836,859.245177,0,13.463,14.2971,13.4297,14.2626,Calculado
2026-07-29,LTN,2026-07-29,100000,2024-01-05,2028-01-01,13.9532,13.94,13.9462,830.711491,0.00114097767726,13.5436,14.4279,13.5092,14.3929,Calculado
2026-07-29,LTN,2026-07-29,100000,2026-01-09,2028-04-01,14.0054,13.992,13.999,803.413514,0,13.5673,14.4757,13.5464,14.4546,Calculado
2026-07-29,LTN,2026-07-29,100000,2024-07-05,2028-07-01,14.047,14.0325,14.0402,777.795293,0.00266708330016,13.6072,14.5535,13.5821,14.5279,Calculado
2026-07-29,LTN,2026-07-29,100000,2026-07-10,2028-10-01,14.183,14.1673,14.1751,750.346679,0.00249923517501,13.7414,14.7137,13.7126,14.6848,Calculado
2026-07-29,LTN,2026-07-29,100000,2022-02-11,2029-01-01,14.2535,14.2405,14.247,725.933798,0,13.8039,14.7775,13.7789,14.7526,Calculado
2026-07-29,LTN,2026-07-29,100000,2025-07-04,2029-07-01,14.3874,14.3752,14.3823,677.555185,0.00105299137698,13.947,14.8928,13.9236,14.8697,Calculado
2026-07-29,LTN,2026-07-29,100000,2024-01-05,2030-01-01,14.4556,14.4436,14.4491,632.610741,0.0005026595866,14.0296,14.9307,14.0093,14.9108,Calculado
2026-07-29,LTN,2026-07-29,100000,2025-01-10,2032-01-01,14.6496,14.6366,14.643,478.571886,0,14.2942,15.0375,14.278,15.0215,Calculado
2026-07-29,NTN-C,2026-07-29,770100,2000-07-01,2031-01-01,8.2225,7.8737,8.0222,7595.579152,0.08019414510474,7.4421,8.4075,7.4375,8.402,Calculado
2026-07-29,LFT,2026-07-29,210100,2000-07-01,2026-09-01,0.0086,0.0041,0.0066,19538.10159,0.00050242060069,-0.0548,0.034,-0.0546,0.0347,Calculado
2026-07-29,LFT,2026-07-29,210100,2000-07-01,2027-03-01,0.0039,0.0007,0.0023,19537.964822,0.00035344937403,-0.0206,0.0247,-0.0207,0.0248,Calculado
2026-07-29,LFT,2026-07-29,210100,2000-07-01,2027-09-01,0.0089,0.0073,0.0081,19536.499454,0.00017320505189,-0.0027,0.0229,-0.0026,0.0223,Calculado
2026-07-29,LFT,2026-07-29,210100,2000-07-01,2028-03-01,0.0162,0.0149,0.0155,19533.451489,0.00006242635661,0.0045,0.0366,0.0042,0.0362,Calculado
2026-07-29,LFT,2026-07-29,210100,2000-07-01,2028-09-01,0.0271,0.025,0.0261,19527.590018,0.00023056831959,0.0149,0.0444,0.0153,0.0434,Calculado
2026-07-29,LFT,2026-07-29,210100,2000-07-01,2029-03-01,0.0388,0.0369,0.0381,19519.149499,0.00025994907194,0.0211,0.0539,0.0212,0.0531,Calculado
2026-07-29,LFT,2026-07-29,210100,2000-07-01,2029-09-01,0.0498,0.0484,0.0491,19508.755156,0.00013827823401,0.0296,0.061,0.0298,0.0602,Calculado
2026-07-29,LFT,2026-07-29,210100,2000-07-01,2030-03-01,0.0614,0.0587,0.0601,19496.485142,0.0002738612605,0.0386,0.0724,0.0383,0.0722,Calculado
2026-07-29,LFT,2026-07-29,210100,2000-07-01,2030-06-01,0.0653,0.0632,0.0641,19490.643209,0.00017573371902,0.0449,0.0769,0.0448,0.0765,Calculado
2026-07-29,LFT,2026-07-29,210100,2000-07-01,2030-09-01,0.071,0.0687,0.0698,19482.964681,0.00019703684935,0.0516,0.0804,0.051,0.0806,Calculado
2026-07-29,LFT,2026-07-29,210100,2000-07-01,2030-12-01,0.0713,0.0678,0.0697,19479.643181,0.00023982562415,0.0558,0.0864,0.0558,0.0861,Calculado
2026-07-29,LFT,2026-07-29,210100,2000-07-01,2031-03-01,0.0758,0.0724,0.074,19472.5508,0.00008164961727,0.0607,0.0927,0.0604,0.0927,Calculado
2026-07-29,LFT,2026-07-29,210100,2000-07-01,2031-06-01,0.0802,0.0769,0.0788,19464.540122,0.00022614784987,0.0658,0.0994,0.0658,0.0991,Calculado
2026-07-29,LFT,2026-07-29,210100,2000-07-01,2031-09-01,0.0833,0.0799,0.0815,19457.994813,0.0000650442926,0.0691,0.108,0.069,0.108,Calculado
2026-07-29,LFT,2026-07-29,210100,2000-07-01,2031-12-01,0.0948,0.0913,0.093,19442.110225,0,0.081,0.108,0.0809,0.108,Calculado
2026-07-29,LFT,2026-07-29,210100,2000-07-01,2032-03-01,0.1045,0.1014,0.1037,19426.206099,0,0.0861,0.114,0.0859,0.114,Calculado
2026-07-29,LFT,2026-07-29,210100,2000-07-01,2032-06-01,0.1119,0.1093,0.1111,19412.861482,0.00023258381285,0.0887,0.1221,0.089,0.1218,Calculado
2026-07-29,LFT,2026-07-29,210100,2000-07-01,2032-09-01,0.1166,0.1149,0.1159,19401.56838,0.00007537778187,0.0964,0.1255,0.0964,0.1254,Calculado
2026-07-29,NTN-B,2026-07-29,760199,2000-07-15,2026-08-15,14.7246,14.6207,14.6795,4846.22869,0.06378819501695,14.6856,17.2422,13.7545,16.3312,Calculado
2026-07-29,NTN-B,2026-07-29,760199,2000-07-15,2027-05-15,8.1538,8.1208,8.1369,4726.560646,0.00692475312701,7.9012,8.4786,7.9019,8.4784,Calculado
2026-07-29,NTN-B,2026-07-29,760199,2000-07-15,2028-08-15,8.5813,8.5482,8.5625,4654.719052,0.00399127725296,8.2454,8.7051,8.3182,8.7775,Calculado
2026-07-29,NTN-B,2026-07-29,760199,2000-07-15,2029-05-15,8.3518,8.3238,8.3371,4544.076834,0.00341915021899,7.9829,8.4798,8.0583,8.555,Calculado
2026-07-29,NTN-B,2026-07-29,760199,2000-07-15,2030-08-15,8.3871,8.3659,8.3787,4509.386185,0.00198912895007,8.0209,8.5317,8.0797,8.5905,Calculado
2026-07-29,NTN-B,2026-07-29,760199,2000-07-15,2031-05-15,8.3663,8.3389,8.35,4390.789484,0,7.9831,8.487,8.0506,8.5545,Calculado
2026-07-29,NTN-B,2026-07-29,760199,2000-07-15,2032-08-15,8.3623,8.3311,8.3483,4372.643022,0.00375922098579,7.9899,8.4783,8.0574,8.5459,Calculado
2026-07-29,NTN-B,2026-07-29,760199,2000-07-15,2033-05-15,8.3631,8.3358,8.3486,4256.781564,0.00863230367052,7.9974,8.4691,8.0728,8.5446,Calculado
2026-07-29,NTN-B,2026-07-29,760199,2000-07-15,2035-05-15,8.2996,8.2741,8.2867,4163.200243,0.00424620938132,7.9405,8.3956,8.0233,8.4784,Calculado
2026-07-29,NTN-B,2026-07-29,760199,2000-07-15,2037-05-15,8.13,8.1014,8.1191,4119.365256,0.00684957419552,7.7951,8.2375,7.8651,8.3075,Calculado
2026-07-29,NTN-B,2026-07-29,760199,2000-07-15,2040-08-15,8.0249,7.9845,8.0034,4110.728147,0.0038767469172,7.6642,8.092,7.7605,8.1883,Calculado
2026-07-29,NTN-B,2026-07-29,760199,2000-07-15,2045-05-15,7.8516,7.8134,7.8339,3988.362785,0.0041972957556,7.5066,7.9231,7.6001,8.0165,Calculado
2026-07-29,NTN-B,2026-07-29,760199,2000-07-15,2050-08-15,7.8273,7.7833,7.8059,3984.750558,0.00381278004349,7.4859,7.8967,7.577,7.9876,Calculado
2026-07-29,NTN-B,2026-07-29,760199,2000-07-15,2055-05-15,7.7428,7.6963,7.7201,3900.934575,0.00593541630048,7.4037,7.8122,7.4934,7.9018,Calculado
2026-07-29,NTN-B,2026-07-29,760199,2000-07-15,2060-08-15,7.733,7.6907,7.7177,3932.434897,0.00936926294967,7.3911,7.7987,7.4921,7.8996,Calculado
2026-07-29,NTN-F,2026-07-29,950199,2016-01-15,2027-01-01,13.7184,13.6817,13.6972,993.172793,0.0006914310667,13.5514,13.9475,13.521,13.9139,Calculado
2026-07-29,NTN-F,2026-07-29,950199,2018-01-05,2029-01-01,14.1718,14.1298,14.1472,930.706101,0.00960397521134,13.714,14.6725,13.6886,14.6471,Calculado
2026-07-29,NTN-F,2026-07-29,950199,2020-01-10,2031-01-01,14.5709,14.5576,14.5638,871.914011,0.00187482552522,14.1848,14.9989,14.1624,14.9769,Calculado
2026-07-29,NTN-F,2026-07-29,950199,2022-01-07,2033-01-01,14.7209,14.7084,14.7148,826.772289,0.00057859418421,14.3687,15.0923,14.3564,15.0798,Calculado
2026-07-29,NTN-F,2026-07-29,950199,2024-01-05,2035-01-01,14.7675,14.7521,14.76,794.762241,0,14.426,15.1215,14.4145,15.1099,Calculado
2026-07-29,NTN-F,2026-07-29,950199,2026-01-09,2037-01-01,14.7903,14.7774,14.7835,770.206444,0.00014433755575,14.4412,15.1137,14.4506,15.1229,Calculado
2026-07-31,LTN,2026-07-31,100000,2024-07-05,2026-10-01,13.7529,13.6582,13.7063,978.320629,0.00812683971787,13.5855,13.8302,13.5738,13.8219,Calculado
2026-07-31,LTN,2026-07-31,100000,2025-01-10,2027-04-01,13.6846,13.6413,13.6641,919.559786,0.00296350348912,13.4314,14.0117,13.4074,13.9847,Calculado
2026-07-31,LTN,2026-07-31,100000,2023-07-07,2027-07-01,13.697,13.6402,13.6683,890.552695,0.00087317574978,13.3377,14.0741,13.3203,14.0548,Calculado
2026-07-31,LTN,2026-07-31,100000,2025-07-04,2027-10-01,13.7823,13.7579,13.7682,860.725369,0.00055494777232,13.3809,14.2128,13.3634,14.1942,Calculado
2026-07-31,LTN,2026-07-31,100000,2024-01-05,2028-01-01,13.8745,13.8619,13.8679,832.380614,0.00114473623599,13.4613,14.3444,13.4318,14.3143,Calculado
2026-07-31,LTN,2026-07-31,100000,2026-01-09,2028-04-01,13.9165,13.8972,13.9073,805.326174,0.0013331985186,13.4904,14.3984,13.4552,14.3629,Calculado
2026-07-31,LTN,2026-07-31,100000,2024-07-05,2028-07-01,13.9595,13.935,13.9461,779.831939,0.00174138401566,13.5136,14.4588,13.4882,14.4328,Calculado
2026-07-31,LTN,2026-07-31,100000,2026-07-10,2028-10-01,14.0917,14.0669,14.082,752.460425,0.00379218186141,13.6478,14.6199,13.6199,14.5918,Calculado
2026-07-31,LTN,2026-07-31,100000,2022-02-11,2029-01-01,14.1522,14.1393,14.146,728.243709,0,13.705,14.6787,13.678,14.6518,Calculado
2026-07-31,LTN,2026-07-31,100000,2025-07-04,2029-07-01,14.2868,14.2747,14.2815,680.007924,0.00073875003892,13.8561,14.8026,13.8225,14.7693,Calculado
2026-07-31,LTN,2026-07-31,100000,2024-01-05,2030-01-01,14.3573,14.3446,14.3506,635.137092,0.0008272408839,13.9439,14.8458,13.9104,14.8127,Calculado
2026-07-31,LTN,2026-07-31,100000,2025-01-10,2032-01-01,14.6013,14.5886,14.5949,480.17507,0.00002581975987,14.2577,15.0014,14.2294,14.9734,Calculado
2026-07-31,NTN-C,2026-07-31,770100,2000-07-01,2031-01-01,8.1963,7.839,7.9714,7594.948961,0.04399320195405,7.5125,8.4804,7.4894,8.4573,Calculado
2026-07-31,LFT,2026-07-31,210100,2000-07-01,2026-09-01,0.0118,0.0044,0.0069,19558.634101,0.0001764733691,-0.0543,0.035,-0.0543,0.0354,Calculado
2026-07-31,LFT,2026-07-31,210100,2000-07-01,2027-03-01,0.0073,0.0019,0.0031,19558.418955,0.00037436219093,-0.0204,0.0247,-0.0204,0.0247,Calculado
2026-07-31,LFT,2026-07-31,210100,2000-07-01,2027-09-01,0.0095,0.007,0.0082,19557.030282,0.00037573456056,-0.0026,0.0224,-0.0025,0.0223,Calculado
2026-07-31,LFT,2026-07-31,210100,2000-07-01,2028-03-01,0.0171,0.0138,0.0155,19553.998672,0.000084887396,0.0043,0.0357,0.0042,0.0356,Calculado
2026-07-31,LFT,2026-07-31,210100,2000-07-01,2028-09-01,0.0268,0.0242,0.0255,19548.385305,0.00044081263594,0.0151,0.0429,0.0151,0.0426,Calculado
2026-07-31,LFT,2026-07-31,210100,2000-07-01,2029-03-01,0.039,0.0351,0.0372,19540.170621,0.00041052332455,0.0213,0.0522,0.0211,0.0521,Calculado
2026-07-31,LFT,2026-07-31,210100,2000-07-01,2029-09-01,0.0485,0.0459,0.0475,19530.293442,0.00057643793248,0.0297,0.0593,0.0302,0.0584,Calculado
2026-07-31,LFT,2026-07-31,210100,2000-07-01,2030-03-01,0.0602,0.0574,0.0589,19517.893181,0.00015097718371,0.0385,0.071,0.0383,0.0708,Calculado
2026-07-31,LFT,2026-07-31,210100,2000-07-01,2030-06-01,0.0657,0.0625,0.064,19511.301875,0,0.044,0.0763,0.0437,0.0762,Calculado
2026-07-31,LFT,2026-07-31,210100,2000-07-01,2030-09-01,0.0711,0.0671,0.069,19504.182483,0,0.0506,0.0801,0.0503,0.08,Calculado
2026-07-31,LFT,2026-07-31,210100,2000-07-01,2030-12-01,0.071,0.0673,0.0694,19500.485875,0.00033976254944,0.0555,0.0855,0.0553,0.0854,Calculado
2026-07-31,LFT,2026-07-31,210100,2000-07-01,2031-03-01,0.0758,0.072,0.0739,19493.229571,0.00012947856966,0.0602,0.092,0.0601,0.0919,Calculado
2026-07-31,LFT,2026-07-31,210100,2000-07-01,2031-06-01,0.0805,0.0768,0.0786,19485.28871,0.00028325590903,0.0655,0.0987,0.0654,0.0985,Calculado
2026-07-31,LFT,2026-07-31,210100,2000-07-01,2031-09-01,0.0831,0.0793,0.0813,19478.75608,0.00030997074055,0.0687,0.1077,0.0685,0.1075,Calculado
2026-07-31,LFT,2026-07-31,210100,2000-07-01,2031-12-01,0.0961,0.0911,0.0929,19462.776564,0.00023865944356,0.0807,0.1077,0.0806,0.1075,Calculado
2026-07-31,LFT,2026-07-31,210100,2000-07-01,2032-03-01,0.1044,0.1016,0.1034,19447.109989,0.00022426348343,0.0855,0.114,0.0854,0.1139,Calculado
2026-07-31,LFT,2026-07-31,210100,2000-07-01,2032-06-01,0.1116,0.1087,0.1105,19434.103406,0.00035791697361,0.0891,0.1215,0.089,0.1214,Calculado
2026-07-31,LFT,2026-07-31,210100,2000-07-01,2032-09-01,0.1163,0.1145,0.1155,19422.602849,0,0.0968,0.1251,0.0969,0.1249,Calculado
2026-07-31,NTN-B,2026-07-31,760199,2000-07-15,2026-08-15,14.6493,14.3118,14.4498,4852.137621,0.12261734374468,13.6112,16.2081,13.5048,16.1221,Calculado
2026-07-31,NTN-B,2026-07-31,760199,2000-07-15,2027-05-15,8.0787,8.0471,8.06,4732.270009,0.00024253560563,7.8553,8.435,7.8245,8.4074,Calculado
2026-07-31,NTN-B,2026-07-31,760199,2000-07-15,2028-08-15,8.4963,8.4691,8.482,4664.473816,0.00331841901363,8.271,8.73,8.2383,8.697,Calculado
2026-07-31,NTN-B,2026-07-31,760199,2000-07-15,2029-05-15,8.255,8.2269,8.24,4557.557689,0,8.0019,8.4985,7.9615,8.458,Calculado
2026-07-31,NTN-B,2026-07-31,760199,2000-07-15,2030-08-15,8.3105,8.2823,8.2955,4524.610095,0.00494726956816,8.0421,8.5529,7.9966,8.5074,Calculado
2026-07-31,NTN-B,2026-07-31,760199,2000-07-15,2031-05-15,8.2654,8.2343,8.247,4411.009636,0.00278388218142,8.0112,8.5152,7.9476,8.4517,Calculado
2026-07-31,NTN-B,2026-07-31,760199,2000-07-15,2032-08-15,8.2497,8.2157,8.2358,4398.072372,0.00561386463855,8.0103,8.4988,7.9448,8.4335,Calculado
2026-07-31,NTN-B,2026-07-31,760199,2000-07-15,2033-05-15,8.2315,8.2031,8.2199,4287.600749,0.00071213962816,8.0155,8.4873,7.944,8.4159,Calculado
2026-07-31,NTN-B,2026-07-31,760199,2000-07-15,2035-05-15,8.1317,8.1047,8.119,4209.389325,0.00245003401201,7.9354,8.3906,7.8555,8.3107,Calculado
2026-07-31,NTN-B,2026-07-31,760199,2000-07-15,2037-05-15,7.9737,7.9371,7.9534,4171.227004,0.00722892176815,7.7804,8.2229,7.6993,8.1418,Calculado
2026-07-31,NTN-B,2026-07-31,760199,2000-07-15,2040-08-15,7.8572,7.8283,7.8421,4168.899339,0.0031948766549,7.6737,8.1016,7.5991,8.0271,Calculado
2026-07-31,NTN-B,2026-07-31,760199,2000-07-15,2045-05-15,7.6836,7.6528,7.6664,4057.52225,0.0065563849948,7.5101,7.9267,7.4326,7.8491,Calculado
2026-07-31,NTN-B,2026-07-31,760199,2000-07-15,2050-08-15,7.6714,7.639,7.6575,4051.20769,0.00757988161253,7.4947,7.9055,7.4286,7.8393,Calculado
2026-07-31,NTN-B,2026-07-31,760199,2000-07-15,2055-05-15,7.593,7.5458,7.5695,3972.062355,0.00915653347397,7.4047,7.8132,7.3429,7.7512,Calculado
2026-07-31,NTN-B,2026-07-31,760199,2000-07-15,2060-08-15,7.5803,7.5396,7.5591,4009.304987,0.01073741613518,7.3859,7.7935,7.3337,7.741,Calculado
2026-07-31,NTN-F,2026-07-31,950199,2016-01-15,2027-01-01,13.6821,13.6383,13.6634,994.308324,0.01083367556788,13.5044,13.8941,13.4888,13.8752,Calculado
2026-07-31,NTN-F,2026-07-31,950199,2018-01-05,2029-01-01,14.0749,14.0315,14.0492,933.419418,0.00709251884171,13.6145,14.573,13.5908,14.5493,Calculado
2026-07-31,NTN-F,2026-07-31,950199,2020-01-10,2031-01-01,14.4931,14.4802,14.4864,874.964232,0.00095931718946,14.1134,14.9282,14.0847,14.8997,Calculado
2026-07-31,NTN-F,2026-07-31,950199,2022-01-07,2033-01-01,14.6988,14.6839,14.6918,828.448069,0.00219669665179,14.3587,15.082,14.3334,15.0567,Calculado
2026-07-31,NTN-F,2026-07-31,950199,2024-01-05,2035-01-01,14.7767,14.7596,14.7697,795.262294,0.00199670122452,14.4536,15.1485,14.4244,15.1194,Calculado
2026-07-31,NTN-F,2026-07-31,950199,2026-01-09,2037-01-01,14.8139,14.7942,14.8042,770.202786,0.00090768774917,14.5008,15.1724,14.4716,15.1432,Calculado
2026-08-03,LTN,2026-07-31,100000,2024-07-05,2026-10-01,13.7529,13.6582,13.7063,978.320629,0.00812683971787,13.5855,13.8302,13.5738,13.8219,Calculado
2026-08-03,LTN,2026-07-31,100000,2025-01-10,2027-04-01,13.6846,13.6413,13.6641,919.559786,0.00296350348912,13.4314,14.0117,13.4074,13.9847,Calculado
2026-08-03,LTN,2026-07-31,100000,2023-07-07,2027-07-01,13.697,13.6402,13.6683,890.552695,0.00087317574978,13.3377,14.0741,13.3203,14.0548,Calculado
2026-08-03,LTN,2026-07-31,100000,2025-07-04,2027-10-01,13.7823,13.7579,13.7682,860.725369,0.00055494777232,13.3809,14.2128,13.3634,14.1942,Calculado
2026-08-03,LTN,2026-07-31,100000,2024-01-05,2028-01-01,13.8745,13.8619,13.8679,832.380614,0.00114473623599,13.4613,14.3444,13.4318,14.3143,Calculado
2026-08-03,LTN,2026-07-31,100000,2026-01-09,2028-04-01,13.9165,13.8972,13.9073,805.326174,0.0013331985186,13.4904,14.3984,13.4552,14.3629,Calculado
2026-08-03,LTN,2026-07-31,100000,2024-07-05,2028-07-01,13.9595,13.935,13.9461,779.831939,0.00174138401566,13.5136,14.4588,13.4882,14.4328,Calculado
2026-08-03,LTN,2026-07-31,100000,2026-07-10,2028-10-01,14.0917,14.0669,14.082,752.460425,0.00379218186141,13.6478,14.6199,13.6199,14.5918,Calculado
2026-08-03,LTN,2026-07-31,100000,2022-02-11,2029-01-01,14.1522,14.1393,14.146,728.243709,0,13.705,14.6787,13.678,14.6518,Calculado
2026-08-03,LTN,2026-07-31,100000,2025-07-04,2029-07-01,14.2868,14.2747,14.2815,680.007924,0.00073875003892,13.8561,14.8026,13.8225,14.7693,Calculado
2026-08-03,LTN,2026-07-31,100000,2024-01-05,2030-01-01,14.3573,14.3446,14.3506,635.137092,0.0008272408839,13.9439,14.8458,13.9104,14.8127,Calculado
2026-08-03,LTN,2026-07-31,100000,2025-01-10,2032-01-01,14.6013,14.5886,14.5949,480.17507,0.00002581975987,14.2577,15.0014,14.2294,14.9734,Calculado
2026-08-03,NTN-C,2026-07-31,770100,2000-07-01,2031-01-01,8.1963,7.839,7.9714,7594.948961,0.04399320195405,7.5125,8.4804,7.4894,8.4573,Calculado
2026-08-03,LFT,2026-07-31,210100,2000-07-01,2026-09-01,0.0118,0.0044,0.0069,19558.634101,0.0001764733691,-0.0543,0.035,-0.0543,0.0354,Calculado
2026-08-03,LFT,2026-07-31,210100,2000-07-01,2027-03-01,0.0073,0.0019,0.0031,19558.418955,0.00037436219093,-0.0204,0.0247,-0.0204,0.0247,Calculado
2026-08-03,LFT,2026-07-31,210100,2000-07-01,2027-09-01,0.0095,0.007,0.0082,19557.030282,0.00037573456056,-0.0026,0.0224,-0.0025,0.0223,Calculado
2026-08-03,LFT,2026-07-31,210100,2000-07-01,2028-03-01,0.0171,0.0138,0.0155,19553.998672,0.000084887396,0.0043,0.0357,0.0042,0.0356,Calculado
2026-08-03,LFT,2026-07-31,210100,2000-07-01,2028-09-01,0.0268,0.0242,0.0255,19548.385305,0.00044081263594,0.0151,0.0429,0.0151,0.0426,Calculado
2026-08-03,LFT,2026-07-31,210100,2000-07-01,2029-03-01,0.039,0.0351,0.0372,19540.170621,0.00041052332455,0.0213,0.0522,0.0211,0.0521,Calculado
2026-08-03,LFT,2026-07-31,210100,2000-07-01,2029-09-01,0.0485,0.0459,0.0475,19530.293442,0.00057643793248,0.0297,0.0593,0.0302,0.0584,Calculado
2026-08-03,LFT,2026-07-31,210100,2000-07-01,2030-03-01,0.0602,0.0574,0.0589,19517.893181,0.00015097718371,0.0385,0.071,0.0383,0.0708,Calculado
2026-08-03,LFT,2026-07-31,210100,2000-07-01,2030-06-01,0.0657,0.0625,0.064,19511.301875,0,0.044,0.0763,0.0437,0.0762,Calculado
2026-08-03,LFT,2026-07-31,210100,2000-07-01,2030-09-01,0.0711,0.0671,0.069,19504.182483,0,0.0506,0.0801,0.0503,0.08,Calculado
2026-08-03,LFT,2026-07-31,210100,2000-07-01,2030-12-01,0.071,0.0673,0.0694,19500.485875,0.00033976254944,0.0555,0.0855,0.0553,0.0854,Calculado
2026-08-03,LFT,2026-07-31,210100,2000-07-01,2031-03-01,0.0758,0.072,0.0739,19493.229571,0.00012947856966,0.0602,0.092,0.0601,0.0919,Calculado
2026-08-03,LFT,2026-07-31,210100,2000-07-01,2031-06-01,0.0805,0.0768,0.0786,19485.28871,0.00028325590903,0.0655,0.0987,0.0654,0.0985,Calculado
2026-08-03,LFT,2026-07-31,210100,2000-07-01,2031-09-01,0.0831,0.0793,0.0813,19478.75608,0.00030997074055,0.0687,0.1077,0.0685,0.1075,Calculado
2026-08-03,LFT,2026-07-31,210100,2000-07-01,2031-12-01,0.0961,0.0911,0.0929,19462.776564,0.00023865944356,0.0807,0.1077,0.0806,0.1075,Calculado
2026-08-03,LFT,2026-07-31,210100,2000-07-01,2032-03-01,0.1044,0.1016,0.1034,19447.109989,0.00022426348343,0.0855,0.114,0.0854,0.1139,Calculado
2026-08-03,LFT,2026-07-31,210100,2000-07-01,2032-06-01,0.1116,0.1087,0.1105,19434.103406,0.00035791697361,0.0891,0.1215,0.089,0.1214,Calculado
2026-08-03,LFT,2026-07-31,210100,2000-07-01,2032-09-01,0.1163,0.1145,0.1155,19422.602849,0,0.0968,0.1251,0.0969,0.1249,Calculado
2026-08-03,NTN-B,2026-07-31,760199,2000-07-15,2026-08-15,14.6493,14.3118,14.4498,4852.137621,0.12261734374468,13.6112,16.2081,13.5048,16.1221,Calculado
2026-08-03,NTN-B,2026-07-31,760199,2000-07-15,2027-05-15,8.0787,8.0471,8.06,4732.270009,0.00024253560563,7.8553,8.435,7.8245,8.4074,Calculado
2026-08-03,NTN-B,2026-07-31,760199,2000-07-15,2028-08-15,8.4963,8.4691,8.482,4664.473816,0.00331841901363,8.271,8.73,8.2383,8.697,Calculado
2026-08-03,NTN-B,2026-07-31,760199,2000-07-15,2029-05-15,8.255,8.2269,8.24,4557.557689,0,8.0019,8.4985,7.9615,8.458,Calculado
2026-08-03,NTN-B,2026-07-31,760199,2000-07-15,2030-08-15,8.3105,8.2823,8.2955,4524.610095,0.00494726956816,8.0421,8.5529,7.9966,8.5074,Calculado
2026-08-03,NTN-B,2026-07-31,760199,2000-07-15,2031-05-15,8.2654,8.2343,8.247,4411.009636,0.00278388218142,8.0112,8.5152,7.9476,8.4517,Calculado
2026-08-03,NTN-B,2026-07-31,760199,2000-07-15,2032-08-15,8.2497,8.2157,8.2358,4398.072372,0.00561386463855,8.0103,8.4988,7.9448,8.4335,Calculado
2026-08-03,NTN-B,2026-07-31,760199,2000-07-15,2033-05-15,8.2315,8.2031,8.2199,4287.600749,0.00071213962816,8.0155,8.4873,7.944,8.4159,Calculado
2026-08-03,NTN-B,2026-07-31,760199,2000-07-15,2035-05-15,8.1317,8.1047,8.119,4209.389325,0.00245003401201,7.9354,8.3906,7.8555,8.3107,Calculado
2026-08-03,NTN-B,2026-07-31,760199,2000-07-15,2037-05-15,7.9737,7.9371,7.9534,4171.227004,0.00722892176815,7.7804,8.2229,7.6993,8.1418,Calculado
2026-08-03,NTN-B,2026-07-31,760199,2000-07-15,2040-08-15,7.8572,7.8283,7.8421,4168.899339,0.0031948766549,7.6737,8.1016,7.5991,8.0271,Calculado
2026-08-03,NTN-B,2026-07-31,760199,2000-07-15,2045-05-15,7.6836,7.6528,7.6664,4057.52225,0.0065563849948,7.5101,7.9267,7.4326,7.8491,Calculado
2026-08-03,NTN-B,2026-07-31,760199,2000-07-15,2050-08-15,7.6714,7.639,7.6575,4051.20769,0.00757988161253,7.4947,7.9055,7.4286,7.8393,Calculado
2026-08-03,NTN-B,2026-07-31,760199,2000-07-15,2055-05-15,7.593,7.5458,7.5695,3972.062355,0.00915653347397,7.4047,7.8132,7.3429,7.7512,Calculado
2026-08-03,NTN-B,2026-07-31,760199,2000-07-15,2060-08-15,7.5803,7.5396,7.5591,4009.304987,0.01073741613518,7.3859,7.7935,7.3337,7.741,Calculado
2026-08-03,NTN-F,2026-07-31,950199,2016-01-15,2027-01-01,13.6821,13.6383,13.6634,994.308324,0.01083367556788,13.5044,13.8941,13.4888,13.8752,Calculado
2026-08-03,NTN-F,2026-07-31,950199,2018-01-05,2029-01-01,14.0749,14.0315,14.0492,933.419418,0.00709251884171,13.6145,14.573,13.5908,14.5493,Calculado
2026-08-03,NTN-F,2026-07-31,950199,2020-01-10,2031-01-01,14.4931,14.4802,14.4864,874.964232,0.00095931718946,14.1134,14.9282,14.0847,14.8997,Calculado
2026-08-03,NTN-F,2026-07-31,950199,2022-01-07,2033-01-01,14.6988,14.6839,14.6918,828.448069,0.00219669665179,14.3587,15.082,14.3334,15.0567,Calculado
2026-08-03,NTN-F,2026-07-31,950199,2024-01-05,2035-01-01,14.7767,14.7596,14.7697,795.262294,0.00199670122452,14.4536,15.1485,14.4244,15.1194,Calculado
2026-08-03,NTN-F,2026-07-31,950199,2026-01-09,2037-01-01,14.8139,14.7942,14.8042,770.202786,0.00090768774917,14.5008,15.1724,14.4716,15.1432,Calculado
2026-08-04,LTN,2026-08-03,100000,2024-07-05,2026-10-01,13.7359,13.6747,13.7115,978.811962,0.01672951936458,13.5738,13.8219,13.5786,13.828,Calculado
2026-08-04,LTN,2026-08-03,100000,2025-01-10,2027-04-01,13.674,13.6212,13.6468,920.118408,0.00496739150259,13.4074,13.9847,13.3922,13.9663,Calculado
2026-08-04,LTN,2026-08-03,100000,2023-07-07,2027-07-01,13.655,13.6101,13.6289,891.283853,0.0073311660505,13.3203,14.0548,13.2823,14.0148,Calculado
2026-08-04,LTN,2026-08-03,100000,2025-07-04,2027-10-01,13.727,13.7152,13.7202,861.587266,0.00328401612359,13.3634,14.1942,13.3163,14.146,Calculado
2026-08-04,LTN,2026-08-03,100000,2024-01-05,2028-01-01,13.8063,13.7944,13.8005,833.504625,0.0014535298105,13.4318,14.3143,13.365,14.247,Calculado
2026-08-04,LTN,2026-08-03,100000,2026-01-09,2028-04-01,13.8372,13.8243,13.8305,806.64434,0,13.4552,14.3629,13.3788,14.2863,Calculado
2026-08-04,LTN,2026-08-03,100000,2024-07-05,2028-07-01,13.8575,13.8438,13.8497,781.492294,0.00202450464065,13.4882,14.4328,13.392,14.3361,Calculado
2026-08-04,LTN,2026-08-03,100000,2026-07-10,2028-10-01,13.9678,13.9538,13.961,754.577396,0.00005,13.6199,14.5918,13.4992,14.4711,Calculado
2026-08-04,LTN,2026-08-03,100000,2022-02-11,2029-01-01,14.0298,14.0173,14.0235,730.500672,0.00073462597286,13.678,14.6518,13.5558,14.5296,Calculado
2026-08-04,LTN,2026-08-03,100000,2025-07-04,2029-07-01,14.1424,14.129,14.136,682.873433,0.00162171528327,13.8225,14.7693,13.677,14.6241,Calculado
2026-08-04,LTN,2026-08-03,100000,2024-01-05,2030-01-01,14.1958,14.1833,14.1894,638.513295,0.00078905556839,13.9104,14.8127,13.7491,14.6518,Calculado
2026-08-04,LTN,2026-08-03,100000,2025-01-10,2032-01-01,14.4059,14.394,14.4,484.85552,0,14.2294,14.9734,14.0344,14.7786,Calculado
2026-08-04,NTN-C,2026-08-03,770100,2000-07-01,2031-01-01,8.1581,7.8193,7.9534,7597.95101,0.04228166376693,7.4894,8.4573,7.4945,8.4624,Calculado
2026-08-04,LFT,2026-08-03,210100,2000-07-01,2026-09-01,0.0132,0.0053,0.0084,19568.908447,0.00169306709259,-0.0543,0.0354,-0.0535,0.0371,Calculado
2026-08-04,LFT,2026-08-03,210100,2000-07-01,2027-03-01,0.0067,0.002,0.0032,19568.673619,0.00041238146176,-0.0204,0.0247,-0.0206,0.0256,Calculado
2026-08-04,LFT,2026-08-03,210100,2000-07-01,2027-09-01,0.009,0.0075,0.0082,19567.303785,0.00018771478365,-0.0025,0.0223,-0.0026,0.0225,Calculado
2026-08-04,LFT,2026-08-03,210100,2000-07-01,2028-03-01,0.0172,0.0148,0.0157,19564.211876,0.00026735029456,0.0042,0.0356,0.0043,0.0353,Calculado
2026-08-04,LFT,2026-08-03,210100,2000-07-01,2028-09-01,0.0272,0.0249,0.0257,19558.59556,0.00037802744609,0.0151,0.0426,0.0148,0.0427,Calculado
2026-08-04,LFT,2026-08-03,210100,2000-07-01,2029-03-01,0.0388,0.0356,0.0371,19550.513544,0.00015719580147,0.0211,0.0521,0.0213,0.052,Calculado
2026-08-04,LFT,2026-08-03,210100,2000-07-01,2029-09-01,0.0485,0.0457,0.0472,19540.76816,0.00034337261102,0.0302,0.0584,0.0307,0.058,Calculado
2026-08-04,LFT,2026-08-03,210100,2000-07-01,2030-03-01,0.0605,0.0573,0.0589,19528.204833,0.00004775657023,0.0383,0.0708,0.0386,0.0707,Calculado
2026-08-04,LFT,2026-08-03,210100,2000-07-01,2030-06-01,0.0656,0.0624,0.064,19521.590495,0,0.0437,0.0762,0.0439,0.0761,Calculado
2026-08-04,LFT,2026-08-03,210100,2000-07-01,2030-09-01,0.0705,0.0674,0.069,19514.467363,0,0.0503,0.08,0.0503,0.0801,Calculado
2026-08-04,LFT,2026-08-03,210100,2000-07-01,2030-12-01,0.0709,0.0677,0.0693,19510.866658,0.00016754154709,0.0553,0.0854,0.0551,0.0856,Calculado
2026-08-04,LFT,2026-08-03,210100,2000-07-01,2031-03-01,0.0754,0.0723,0.0739,19503.528266,0.00007647182488,0.0601,0.0919,0.06,0.0918,Calculado
2026-08-04,LFT,2026-08-03,210100,2000-07-01,2031-06-01,0.0801,0.0769,0.0785,19495.681079,0.00005072987286,0.0654,0.0985,0.0652,0.0984,Calculado
2026-08-04,LFT,2026-08-03,210100,2000-07-01,2031-09-01,0.0829,0.0797,0.0812,19489.145018,0.00015370660363,0.0685,0.1075,0.0683,0.1073,Calculado
2026-08-04,LFT,2026-08-03,210100,2000-07-01,2031-12-01,0.0947,0.0913,0.0928,19473.176677,0.00015769993659,0.0806,0.1075,0.0804,0.1071,Calculado
2026-08-04,LFT,2026-08-03,210100,2000-07-01,2032-03-01,0.1049,0.1017,0.1031,19457.717131,0.00022907679935,0.0854,0.1139,0.0847,0.1137,Calculado
2026-08-04,LFT,2026-08-03,210100,2000-07-01,2032-06-01,0.1113,0.1094,0.1102,19444.723285,0.00034166773333,0.089,0.1214,0.0881,0.1212,Calculado
2026-08-04,LFT,2026-08-03,210100,2000-07-01,2032-09-01,0.115,0.1135,0.1142,19434.429967,0.00040118287601,0.0969,0.1249,0.0966,0.1236,Calculado
2026-08-04,NTN-B,2026-08-03,760199,2000-07-15,2026-08-15,14.7383,14.4072,14.5465,4854.679831,0.05449009047946,13.5048,16.1221,13.5929,16.2307,Calculado
2026-08-04,NTN-B,2026-08-03,760199,2000-07-15,2027-05-15,8.0926,8.0639,8.0775,4733.249902,0.00378693927731,7.8245,8.4074,7.8421,8.4282,Calculado
2026-08-04,NTN-B,2026-08-03,760199,2000-07-15,2028-08-15,8.4444,8.4188,8.43,4670.292555,0,8.2383,8.697,8.1867,8.6451,Calculado
2026-08-04,NTN-B,2026-08-03,760199,2000-07-15,2029-05-15,8.1931,8.1671,8.18,4565.521671,0,7.9615,8.458,7.9017,8.3981,Calculado
2026-08-04,NTN-B,2026-08-03,760199,2000-07-15,2030-08-15,8.2439,8.2187,8.2269,4536.181082,0.0037759327298,7.9966,8.5074,7.928,8.4389,Calculado
2026-08-04,NTN-B,2026-08-03,760199,2000-07-15,2031-05-15,8.1835,8.1585,8.17,4425.432094,0,7.9476,8.4517,7.8706,8.3747,Calculado
2026-08-04,NTN-B,2026-08-03,760199,2000-07-15,2032-08-15,8.1751,8.1477,8.1613,4414.499892,0.00221299986896,7.9448,8.4335,7.8702,8.359,Calculado
2026-08-04,NTN-B,2026-08-03,760199,2000-07-15,2033-05-15,8.1624,8.1345,8.1468,4305.002466,0.00396328387073,7.944,8.4159,7.8708,8.3428,Calculado
2026-08-04,NTN-B,2026-08-03,760199,2000-07-15,2035-05-15,8.0672,8.0385,8.05,4228.804166,0,7.8555,8.3107,7.7864,8.2417,Calculado
2026-08-04,NTN-B,2026-08-03,760199,2000-07-15,2037-05-15,7.905,7.8702,7.8869,4192.523099,0.00731833116223,7.6993,8.1418,7.6328,8.0753,Calculado
2026-08-04,NTN-B,2026-08-03,760199,2000-07-15,2040-08-15,7.8007,7.7692,7.7857,4189.887234,0.00383095876381,7.5991,8.0271,7.5428,7.9706,Calculado
2026-08-04,NTN-B,2026-08-03,760199,2000-07-15,2045-05-15,7.644,7.6119,7.6269,4074.748299,0.0055709390869,7.4326,7.8491,7.3932,7.8095,Calculado
2026-08-04,NTN-B,2026-08-03,760199,2000-07-15,2050-08-15,7.6344,7.5997,7.6177,4069.903238,0.00339393203968,7.4286,7.8393,7.389,7.7993,Calculado
2026-08-04,NTN-B,2026-08-03,760199,2000-07-15,2055-05-15,7.5458,7.5079,7.5266,3993.226121,0.00458311473782,7.3429,7.7512,7.3003,7.7081,Calculado
2026-08-04,NTN-B,2026-08-03,760199,2000-07-15,2060-08-15,7.5264,7.4979,7.5105,4033.849727,0.00140152977492,7.3337,7.741,7.2855,7.6921,Calculado
2026-08-04,NTN-F,2026-08-03,950199,2016-01-15,2027-01-01,13.6838,13.6394,13.6606,994.823893,0.00562108276224,13.4888,13.8752,13.4869,13.8701,Calculado
2026-08-04,NTN-F,2026-08-03,950199,2018-01-05,2029-01-01,13.9504,13.9102,13.9264,936.085172,0.0032112394523,13.5908,14.5493,13.4682,14.4268,Calculado
2026-08-04,NTN-F,2026-08-03,950199,2020-01-10,2031-01-01,14.3054,14.2937,14.2989,880.569782,0.00148434518223,14.0847,14.8997,13.897,14.7126,Calculado
2026-08-04,NTN-F,2026-08-03,950199,2022-01-07,2033-01-01,14.4844,14.4708,14.477,836.180019,0.00343858022736,14.3334,15.0567,14.1184,14.8422,Calculado
2026-08-04,NTN-F,2026-08-03,950199,2024-01-05,2035-01-01,14.5551,14.5375,14.546,804.265645,0.00274984728121,14.4244,15.1194,14.2005,14.896,Calculado
2026-08-04,NTN-F,2026-08-03,950199,2026-01-09,2037-01-01,14.5708,14.554,14.5631,780.577647,0.00151330937353,14.4716,15.1432,14.2303,14.9024,Calculado
2026-08-05,LTN,2026-08-04,100000,2024-07-05,2026-10-01,13.7197,13.6464,13.6909,979.340052,0.00775886589586,13.5786,13.828,13.5571,13.8033,Calculado
2026-08-05,LTN,2026-08-04,100000,2025-01-10,2027-04-01,13.6867,13.6373,13.6569,920.532699,0.0064703055407,13.3922,13.9663,13.4168,13.9748,Calculado
2026-08-05,LTN,2026-08-04,100000,2023-07-07,2027-07-01,13.6964,13.6379,13.6597,891.519144,0.00959480533779,13.2823,14.0148,13.3651,14.0446,Calculado
2026-08-05,LTN,2026-08-04,100000,2025-07-04,2027-10-01,13.765,13.7528,13.7589,861.68833,0.00367235404203,13.3163,14.146,13.4046,14.184,Calculado
2026-08-05,LTN,2026-08-04,100000,2024-01-05,2028-01-01,13.8491,13.8373,13.8437,833.487822,0.00048233499769,13.365,14.247,13.4455,14.2898,Calculado
2026-08-05,LTN,2026-08-04,100000,2026-01-09,2028-04-01,13.8942,13.8809,13.8865,806.402523,0.00111736149925,13.3788,14.2863,13.4575,14.3421,Calculado
2026-08-05,LTN,2026-08-04,100000,2024-07-05,2028-07-01,13.9092,13.8959,13.9016,781.218991,0.00217958441681,13.392,14.3361,13.4527,14.3874,Calculado
2026-08-05,LTN,2026-08-04,100000,2026-07-10,2028-10-01,14.0314,14.0179,14.024,754.071938,0.00005345222166,13.4992,14.4711,13.5623,14.534,Calculado
2026-08-05,LTN,2026-08-04,100000,2022-02-11,2029-01-01,14.0897,14.078,14.084,729.955616,0,13.5558,14.5296,13.6163,14.5902,Calculado
2026-08-05,LTN,2026-08-04,100000,2025-07-04,2029-07-01,14.1991,14.1876,14.1932,682.246323,0.00085214070434,13.677,14.6241,13.7341,14.6815,Calculado
2026-08-05,LTN,2026-08-04,100000,2024-01-05,2030-01-01,14.2511,14.2396,14.2454,637.792711,0.00085720202403,13.7491,14.6518,13.805,14.7081,Calculado
2026-08-05,LTN,2026-08-04,100000,2025-01-10,2032-01-01,14.4318,14.4201,14.426,484.52203,0,14.0344,14.7786,14.0603,14.8047,Calculado
2026-08-05,NTN-C,2026-08-04,770100,2000-07-01,2031-01-01,8.1613,7.8249,7.9671,7597.895841,0.04241709258754,7.4945,8.4624,7.4125,8.3845,Calculado
2026-08-05,LFT,2026-08-04,210100,2000-07-01,2026-09-01,0.0157,0.0077,0.0115,19579.129453,0.00310233782654,-0.0535,0.0371,-0.0517,0.0405,Calculado
2026-08-05,LFT,2026-08-04,210100,2000-07-01,2027-03-01,0.0074,0.002,0.0035,19578.93366,0.00048716868742,-0.0206,0.0256,-0.0205,0.0274,Calculado
2026-08-05,LFT,2026-08-04,210100,2000-07-01,2027-09-01,0.0094,0.0073,0.0081,19577.621845,0.00012535661131,-0.0026,0.0225,-0.0027,0.0229,Calculado
2026-08-05,LFT,2026-08-04,210100,2000-07-01,2028-03-01,0.0172,0.0152,0.0158,19574.489153,0.00029696317954,0.0043,0.0353,0.0043,0.0346,Calculado
2026-08-05,LFT,2026-08-04,210100,2000-07-01,2028-09-01,0.0274,0.0253,0.0259,19568.811149,0.00039195117043,0.0148,0.0427,0.0137,0.043,Calculado
2026-08-05,LFT,2026-08-04,210100,2000-07-01,2029-03-01,0.0372,0.0355,0.0364,19561.175212,0.00036249620688,0.0213,0.052,0.0211,0.0514,Calculado
2026-08-05,LFT,2026-08-04,210100,2000-07-01,2029-09-01,0.0477,0.0453,0.0468,19551.307232,0.00022173556323,0.0307,0.058,0.0305,0.0577,Calculado
2026-08-05,LFT,2026-08-04,210100,2000-07-01,2030-03-01,0.0606,0.0572,0.0589,19538.502353,0.00007859045744,0.0386,0.0707,0.0382,0.0708,Calculado
2026-08-05,LFT,2026-08-04,210100,2000-07-01,2030-06-01,0.0658,0.0622,0.064,19531.904121,0,0.0439,0.0761,0.0436,0.0762,Calculado
2026-08-05,LFT,2026-08-04,210100,2000-07-01,2030-09-01,0.0706,0.0673,0.069,19524.777246,0,0.0503,0.0801,0.0502,0.0802,Calculado
2026-08-05,LFT,2026-08-04,210100,2000-07-01,2030-12-01,0.071,0.0676,0.0692,19521.252968,0.00013662598582,0.0551,0.0856,0.0549,0.0857,Calculado
2026-08-05,LFT,2026-08-04,210100,2000-07-01,2031-03-01,0.0756,0.0722,0.0739,19513.812824,0.00007859045744,0.06,0.0918,0.0599,0.0918,Calculado
2026-08-05,LFT,2026-08-04,210100,2000-07-01,2031-06-01,0.08,0.0767,0.0785,19505.981094,0.00031194539586,0.0652,0.0984,0.0652,0.0984,Calculado
2026-08-05,LFT,2026-08-04,210100,2000-07-01,2031-09-01,0.0825,0.0791,0.081,19499.656972,0.00009045335815,0.0683,0.1073,0.0681,0.1075,Calculado
2026-08-05,LFT,2026-08-04,210100,2000-07-01,2031-12-01,0.0947,0.0911,0.0928,19483.484449,0.00047278895926,0.0804,0.1071,0.0803,0.107,Calculado
2026-08-05,LFT,2026-08-04,210100,2000-07-01,2032-03-01,0.1031,0.1012,0.1023,19468.878273,0.00052100610361,0.0847,0.1137,0.0853,0.113,Calculado
2026-08-05,LFT,2026-08-04,210100,2000-07-01,2032-06-01,0.1126,0.1082,0.1095,19455.818863,0.00070922953266,0.0881,0.1212,0.0884,0.1205,Calculado
2026-08-05,LFT,2026-08-04,210100,2000-07-01,2032-09-01,0.1157,0.1139,0.115,19443.777578,0,0.0966,0.1236,0.0953,0.1244,Calculado
2026-08-05,NTN-B,2026-08-04,760199,2000-07-15,2026-08-15,14.8238,14.3519,14.5717,4857.364373,0.11954890411953,13.5929,16.2307,13.6086,16.2671,Calculado
2026-08-05,NTN-B,2026-08-04,760199,2000-07-15,2027-05-15,8.1133,8.0862,8.1,4734.063903,0,7.8421,8.4282,7.883,8.4538,Calculado
2026-08-05,NTN-B,2026-08-04,760199,2000-07-15,2028-08-15,8.4975,8.4754,8.4861,4667.359904,0.00549527344997,8.1867,8.6451,8.3031,8.7012,Calculado
2026-08-05,NTN-B,2026-08-04,760199,2000-07-15,2029-05-15,8.2333,8.2033,8.22,4562.762154,0,7.9017,8.3981,7.9977,8.4381,Calculado
2026-08-05,NTN-B,2026-08-04,760199,2000-07-15,2030-08-15,8.2656,8.237,8.252,4534.027759,0.0052064520405,7.928,8.4389,7.9897,8.4641,Calculado
2026-08-05,NTN-B,2026-08-04,760199,2000-07-15,2031-05-15,8.2026,8.1748,8.1885,4423.797859,0.00212785755397,7.8706,8.3747,7.9167,8.3933,Calculado
2026-08-05,NTN-B,2026-08-04,760199,2000-07-15,2032-08-15,8.2048,8.1721,8.1905,4410.106235,0.00811488409467,7.8702,8.359,7.9155,8.3882,Calculado
2026-08-05,NTN-B,2026-08-04,760199,2000-07-15,2033-05-15,8.1943,8.167,8.179,4299.392767,0.00207019667665,7.8708,8.3428,7.906,8.3751,Calculado
2026-08-05,NTN-B,2026-08-04,760199,2000-07-15,2035-05-15,8.0898,8.0565,8.0746,4223.761715,0.00754951769188,7.7864,8.2417,7.811,8.2664,Calculado
2026-08-05,NTN-B,2026-08-04,760199,2000-07-15,2037-05-15,7.9162,7.8732,7.8935,4191.893607,0.00808832817274,7.6328,8.0753,7.6393,8.0819,Calculado
2026-08-05,NTN-B,2026-08-04,760199,2000-07-15,2040-08-15,7.8015,7.766,7.7835,4191.993165,0.00569689435219,7.5428,7.9706,7.5405,7.9685,Calculado
2026-08-05,NTN-B,2026-08-04,760199,2000-07-15,2045-05-15,7.6446,7.6073,7.6261,4076.349195,0.00461483591474,7.3932,7.8095,7.3923,7.8087,Calculado
2026-08-05,NTN-B,2026-08-04,760199,2000-07-15,2050-08-15,7.6307,7.6,7.6143,4072.675023,0.00462442227527,7.389,7.7993,7.3855,7.796,Calculado
2026-08-05,NTN-B,2026-08-04,760199,2000-07-15,2055-05-15,7.5464,7.5057,7.5247,3995.351482,0.00450060120873,7.3003,7.7081,7.2982,7.7063,Calculado
2026-08-05,NTN-B,2026-08-04,760199,2000-07-15,2060-08-15,7.5316,7.496,7.5115,4034.615342,0.00259578412623,7.2855,7.6921,7.2863,7.6933,Calculado
2026-08-05,NTN-F,2026-08-04,950199,2016-01-15,2027-01-01,13.6783,13.6356,13.6523,995.359222,0.00651874120671,13.4869,13.8701,13.4792,13.8592,Calculado
2026-08-05,NTN-F,2026-08-04,950199,2018-01-05,2029-01-01,14.0086,13.9753,13.9872,935.491371,0.00784520470351,13.4682,14.4268,13.5291,14.4876,Calculado
2026-08-05,NTN-F,2026-08-04,950199,2020-01-10,2031-01-01,14.3486,14.3379,14.3429,879.828614,0.00092928948127,13.897,14.7126,13.941,14.7568,Calculado
2026-08-05,NTN-F,2026-08-04,950199,2022-01-07,2033-01-01,14.4903,14.4756,14.4816,836.471935,0.00120107182133,14.1184,14.8422,14.123,14.847,Calculado
2026-08-05,NTN-F,2026-08-04,950199,2024-01-05,2035-01-01,14.5375,14.522,14.5305,805.297817,0.00229270391023,14.2005,14.896,14.1848,14.8807,Calculado
2026-08-05,NTN-F,2026-08-04,950199,2026-01-09,2037-01-01,14.5333,14.5163,14.5257,782.560273,0.00184448479799,14.2303,14.9024,14.1926,14.8653,Calculado
2026-08-06,LTN,2026-08-05,100000,2024-07-05,2026-10-01,13.7053,13.6373,13.675,979.860592,0.02326061217896,13.5571,13.8033,13.5409,13.79,Calculado
2026-08-06,LTN,2026-08-05,100000,2025-01-10,2027-04-01,13.6574,13.6139,13.628,921.151022,0,13.4168,13.9748,13.3891,13.9446,Calculado
2026-08-06,LTN,2026-08-05,100000,2023-07-07,2027-07-01,13.6565,13.5954,13.6181,892.26382,0.00920898417851,13.3651,14.0446,13.3242,14.0022,Calculado
2026-08-06,LTN,2026-08-05,100000,2025-07-04,2027-10-01,13.7231,13.7095,13.716,862.503539,0.00164483317695,13.4046,14.184,13.3625,14.1406,Calculado
2026-08-06,LTN,2026-08-05,100000,2024-01-05,2028-01-01,13.8077,13.7957,13.8016,834.348947,0.00022088730158,13.4455,14.2898,13.4039,14.2474,Calculado
2026-08-06,LTN,2026-08-05,100000,2026-01-09,2028-04-01,13.8502,13.8375,13.8441,807.314843,0.00088631406962,13.4575,14.3421,13.4155,14.2995,Calculado
2026-08-06,LTN,2026-08-05,100000,2024-07-05,2028-07-01,13.8803,13.865,13.8721,782.005944,0.00411636975987,13.4527,14.3874,13.4234,14.3573,Calculado
2026-08-06,LTN,2026-08-05,100000,2026-07-10,2028-10-01,14.0197,14.0071,14.0133,754.616768,0.00139472629214,13.5623,14.534,13.5518,14.5234,Calculado
2026-08-06,LTN,2026-08-05,100000,2022-02-11,2029-01-01,14.0653,14.053,14.059,730.719226,0,13.6163,14.5902,13.5914,14.5653,Calculado
2026-08-06,LTN,2026-08-05,100000,2025-07-04,2029-07-01,14.1754,14.1644,14.1699,683.0066,0.00097638789423,13.7341,14.6815,13.7107,14.6584,Calculado
2026-08-06,LTN,2026-08-05,100000,2024-01-05,2030-01-01,14.2187,14.2077,14.213,638.740671,0.00090762848677,13.805,14.7081,13.7725,14.676,Calculado
2026-08-06,LTN,2026-08-05,100000,2025-01-10,2032-01-01,14.3679,14.356,14.362,486.240664,0,14.0603,14.8047,13.9962,14.7409,Calculado
2026-08-06,NTN-C,2026-08-05,770100,2000-07-01,2031-01-01,8.1646,7.8288,7.9564,7603.977727,0.03661475422927,7.4125,8.3845,7.4929,8.4332,Calculado
2026-08-06,LFT,2026-08-05,210100,2000-07-01,2026-09-01,0.0191,0.0102,0.0126,19589.414565,0.00264166514343,-0.0517,0.0405,-0.0513,0.0418,Calculado
2026-08-06,LFT,2026-08-05,210100,2000-07-01,2027-03-01,0.0066,0.0015,0.0032,19589.257849,0.00048287333743,-0.0205,0.0274,-0.021,0.0278,Calculado
2026-08-06,LFT,2026-08-05,210100,2000-07-01,2027-09-01,0.009,0.0065,0.0075,19588.023703,0.00075063130763,-0.0027,0.0229,-0.0033,0.0228,Calculado
2026-08-06,LFT,2026-08-05,210100,2000-07-01,2028-03-01,0.0175,0.0149,0.0159,19584.752238,0.00032783177088,0.0043,0.0346,0.0044,0.0336,Calculado
2026-08-06,LFT,2026-08-05,210100,2000-07-01,2028-09-01,0.0276,0.025,0.026,19579.071251,0.00031455899288,0.0137,0.043,0.0129,0.0431,Calculado
2026-08-06,LFT,2026-08-05,210100,2000-07-01,2029-03-01,0.0364,0.0345,0.0358,19571.764326,0.00049444532559,0.0211,0.0514,0.0213,0.0508,Calculado
2026-08-06,LFT,2026-08-05,210100,2000-07-01,2029-09-01,0.047,0.0449,0.0464,19561.851983,0.00052499432378,0.0305,0.0577,0.0307,0.0572,Calculado
2026-08-06,LFT,2026-08-05,210100,2000-07-01,2030-03-01,0.0592,0.0577,0.0586,19549.020789,0.00029138419655,0.0382,0.0708,0.0385,0.0704,Calculado
2026-08-06,LFT,2026-08-05,210100,2000-07-01,2030-06-01,0.0657,0.0622,0.064,19542.203604,0,0.0436,0.0762,0.0437,0.0762,Calculado
2026-08-06,LFT,2026-08-05,210100,2000-07-01,2030-09-01,0.0707,0.0674,0.069,19535.092576,0,0.0502,0.0802,0.05,0.0804,Calculado
2026-08-06,LFT,2026-08-05,210100,2000-07-01,2030-12-01,0.0709,0.0674,0.0692,19531.546856,0.00004803831804,0.0549,0.0857,0.0547,0.0859,Calculado
2026-08-06,LFT,2026-08-05,210100,2000-07-01,2031-03-01,0.0757,0.0722,0.0739,19524.122394,0.00008377075862,0.0599,0.0918,0.0597,0.092,Calculado
2026-08-06,LFT,2026-08-05,210100,2000-07-01,2031-06-01,0.0801,0.0766,0.0784,19516.384498,0.00009102587544,0.0652,0.0984,0.0648,0.0986,Calculado
2026-08-06,LFT,2026-08-05,210100,2000-07-01,2031-09-01,0.0824,0.0789,0.0809,19510.057053,0.00022912876293,0.0681,0.1075,0.0678,0.1075,Calculado
2026-08-06,LFT,2026-08-05,210100,2000-07-01,2031-12-01,0.0946,0.091,0.0927,19493.895625,0.00012459454242,0.0803,0.107,0.08,0.1068,Calculado
2026-08-06,LFT,2026-08-05,210100,2000-07-01,2032-03-01,0.1042,0.1014,0.1025,19478.968342,0.00049891988335,0.0853,0.113,0.0842,0.1134,Calculado
2026-08-06,LFT,2026-08-05,210100,2000-07-01,2032-06-01,0.11,0.1083,0.1091,19466.568118,0.0003238113494,0.0884,0.1205,0.0878,0.1204,Calculado
2026-08-06,LFT,2026-08-05,210100,2000-07-01,2032-09-01,0.1147,0.1133,0.114,19455.264913,0.00024206354538,0.0953,0.1244,0.0947,0.1239,Calculado
2026-08-06,NTN-B,2026-08-05,760199,2000-07-15,2026-08-15,14.7587,14.4163,14.5897,4860.067995,0.13419772872612,13.6086,16.2671,13.6182,16.2975,Calculado
2026-08-06,NTN-B,2026-08-05,760199,2000-07-15,2027-05-15,8.0731,8.0362,8.0541,4737.144123,0.0053242482136,7.883,8.4538,7.8355,8.411,Calculado
2026-08-06,NTN-B,2026-08-05,760199,2000-07-15,2028-08-15,8.4631,8.4353,8.45,4671.879928,0,8.3031,8.7012,8.2672,8.6651,Calculado
2026-08-06,NTN-B,2026-08-05,760199,2000-07-15,2029-05-15,8.1994,8.1708,8.1841,4568.13328,0.00615610420964,7.9977,8.4381,7.962,8.4022,Calculado
2026-08-06,NTN-B,2026-08-05,760199,2000-07-15,2030-08-15,8.2381,8.2088,8.2202,4540.204225,0.00065337628515,7.9897,8.4641,7.958,8.4323,Calculado
2026-08-06,NTN-B,2026-08-05,760199,2000-07-15,2031-05-15,8.1852,8.15,8.1651,4429.208634,0.00646588114954,7.9167,8.3933,7.8933,8.3699,Calculado
2026-08-06,NTN-B,2026-08-05,760199,2000-07-15,2032-08-15,8.1855,8.1573,8.1707,4415.55464,0.00192106121193,7.9155,8.3882,7.8957,8.3684,Calculado
2026-08-06,NTN-B,2026-08-05,760199,2000-07-15,2033-05-15,8.1836,8.1529,8.1696,4302.880745,0.0076778431444,7.906,8.3751,7.8966,8.3657,Calculado
2026-08-06,NTN-B,2026-08-05,760199,2000-07-15,2035-05-15,8.0809,8.0527,8.0685,4226.750247,0.00849590461634,7.811,8.2664,7.8049,8.2602,Calculado
2026-08-06,NTN-B,2026-08-05,760199,2000-07-15,2037-05-15,7.8926,7.8615,7.8741,4199.081946,0.00755172638673,7.6393,8.0819,7.6199,8.0625,Calculado
2026-08-06,NTN-B,2026-08-05,760199,2000-07-15,2040-08-15,7.7995,7.7651,7.7819,4193.890583,0.00390249115566,7.5405,7.9685,7.539,7.9668,Calculado
2026-08-06,NTN-B,2026-08-05,760199,2000-07-15,2045-05-15,7.6517,7.616,7.6348,4074.105233,0.00942281941247,7.3923,7.8087,7.4011,7.8174,Calculado
2026-08-06,NTN-B,2026-08-05,760199,2000-07-15,2050-08-15,7.6341,7.5966,7.6139,4074.124197,0.00423037869345,7.3855,7.796,7.3852,7.7955,Calculado
2026-08-06,NTN-B,2026-08-05,760199,2000-07-15,2055-05-15,7.535,7.4985,7.5223,3997.709241,0.00452413928278,7.2982,7.7063,7.296,7.7038,Calculado
2026-08-06,NTN-B,2026-08-05,760199,2000-07-15,2060-08-15,7.5329,7.4882,7.5076,4037.741993,0.00449756269106,7.2863,7.6933,7.2826,7.6892,Calculado
2026-08-06,NTN-F,2026-08-05,950199,2016-01-15,2027-01-01,13.6469,13.6133,13.6252,995.960957,0.00753836220608,13.4792,13.8592,13.4531,13.8298,Calculado
2026-08-06,NTN-F,2026-08-05,950199,2018-01-05,2029-01-01,13.9865,13.9436,13.9635,936.397017,0.0039149590994,13.5291,14.4876,13.5055,14.464,Calculado
2026-08-06,NTN-F,2026-08-05,950199,2020-01-10,2031-01-01,14.304,14.2919,14.298,881.529013,0,13.941,14.7568,13.896,14.7122,Calculado
2026-08-06,NTN-F,2026-08-05,950199,2022-01-07,2033-01-01,14.4121,14.4015,14.4072,839.461951,0.00056971169902,14.123,14.847,14.0486,14.7727,Calculado
2026-08-06,NTN-F,2026-08-05,950199,2024-01-05,2035-01-01,14.4469,14.4327,14.4392,809.270266,0.00203058752582,14.1848,14.8807,14.0934,14.7896,Calculado
2026-08-06,NTN-F,2026-08-05,950199,2026-01-09,2037-01-01,14.4442,14.4319,14.4388,786.627607,0.00057435444631,14.1926,14.8653,14.1055,14.7787,Calculado
2026-08-07,LTN,2026-08-06,100000,2024-07-05,2026-10-01,13.6953,13.628,13.6586,980.38099,0.00712906230861,13.5409,13.79,13.5236,13.7743,Calculado
2026-08-07,LTN,2026-08-06,100000,2025-01-10,2027-04-01,13.6929,13.6626,13.6774,921.362252,0.00359715495913,13.3891,13.9446,13.4394,13.9924,Calculado
2026-08-07,LTN,2026-08-06,100000,2023-07-07,2027-07-01,13.6949,13.6325,13.6604,892.420663,0.00707805797871,13.3242,14.0022,13.3669,14.0434,Calculado
2026-08-07,LTN,2026-08-06,100000,2025-07-04,2027-10-01,13.7773,13.7656,13.7711,862.464302,0.00255492815555,13.3625,14.1406,13.4182,14.1951,Calculado
2026-08-07,LTN,2026-08-06,100000,2024-01-05,2028-01-01,13.8669,13.8558,13.8616,834.162726,0.0013570100147,13.4039,14.2474,13.4643,14.307,Calculado
2026-08-07,LTN,2026-08-06,100000,2026-01-09,2028-04-01,13.918,13.9047,13.9114,806.944592,0.00086466586032,13.4155,14.2995,13.483,14.3666,Calculado
2026-08-07,LTN,2026-08-06,100000,2024-07-05,2028-07-01,13.9638,13.9505,13.9567,781.31237,0.00210765521848,13.4234,14.3573,13.5081,14.4412,Calculado
2026-08-07,LTN,2026-08-06,100000,2026-07-10,2028-10-01,14.1118,14.0993,14.1059,753.697243,0.00161324923369,13.5518,14.5234,13.6444,14.6159,Calculado
2026-08-07,LTN,2026-08-06,100000,2022-02-11,2029-01-01,14.1634,14.154,14.1585,729.584479,0.000587053294,13.5914,14.5653,13.6909,14.6648,Calculado
2026-08-07,LTN,2026-08-06,100000,2025-07-04,2029-07-01,14.2851,14.2757,14.2803,681.47092,0.00088123289771,13.7107,14.6584,13.8209,14.7689,Calculado
2026-08-07,LTN,2026-08-06,100000,2024-01-05,2030-01-01,14.34,14.3305,14.3352,636.779331,0.00078838609196,13.7725,14.676,13.8945,14.7983,Calculado
2026-08-07,LTN,2026-08-06,100000,2025-01-10,2032-01-01,14.5032,14.4928,14.498,483.405148,0,13.9962,14.7409,14.132,14.8769,Calculado
2026-08-07,NTN-C,2026-08-06,770100,2000-07-01,2031-01-01,8.1191,7.8862,7.9614,7606.122798,0.03895965039576,7.4929,8.4332,7.4255,8.3675,Calculado
2026-08-07,LFT,2026-08-06,210100,2000-07-01,2026-09-01,0.0165,0.0109,0.0134,19599.70508,0.00153413403587,-0.0513,0.0418,-0.0604,0.0513,Calculado
2026-08-07,LFT,2026-08-06,210100,2000-07-01,2027-03-01,0.0025,0.0002,0.0018,19599.70508,0.00073609769732,-0.021,0.0278,-0.0311,0.037,Calculado
2026-08-07,LFT,2026-08-06,210100,2000-07-01,2027-09-01,0.0077,0.0058,0.0068,19598.470287,0.0002177761695,-0.0033,0.0228,-0.0125,0.0308,Calculado
2026-08-07,LFT,2026-08-06,210100,2000-07-01,2028-03-01,0.017,0.0151,0.0158,19595.079504,0.00021821787278,0.0044,0.0336,-0.005,0.0417,Calculado
2026-08-07,LFT,2026-08-06,210100,2000-07-01,2028-09-01,0.027,0.0249,0.0258,19589.454332,0.00022275331647,0.0129,0.0431,0.012,0.0427,Calculado
2026-08-07,LFT,2026-08-06,210100,2000-07-01,2029-03-01,0.0361,0.0347,0.0354,19582.280768,0.00032300668724,0.0213,0.0508,0.0209,0.0503,Calculado
2026-08-07,LFT,2026-08-06,210100,2000-07-01,2029-09-01,0.0465,0.0451,0.0459,19572.461218,0.00042381486524,0.0307,0.0572,0.0307,0.0566,Calculado
2026-08-07,LFT,2026-08-06,210100,2000-07-01,2030-03-01,0.0587,0.0572,0.0581,19559.682082,0.00035115762842,0.0385,0.0704,0.0388,0.0698,Calculado
2026-08-07,LFT,2026-08-06,210100,2000-07-01,2030-06-01,0.0653,0.0627,0.064,19552.528119,0,0.0437,0.0762,0.0436,0.076,Calculado
2026-08-07,LFT,2026-08-06,210100,2000-07-01,2030-09-01,0.0703,0.0677,0.069,19545.413354,0,0.05,0.0804,0.0486,0.0816,Calculado
2026-08-07,LFT,2026-08-06,210100,2000-07-01,2030-12-01,0.0705,0.0677,0.0691,19541.944172,0.00010880363045,0.0547,0.0859,0.0534,0.0872,Calculado
2026-08-07,LFT,2026-08-06,210100,2000-07-01,2031-03-01,0.0755,0.0727,0.0739,19534.43741,0.00006333229824,0.0597,0.092,0.0584,0.0932,Calculado
2026-08-07,LFT,2026-08-06,210100,2000-07-01,2031-06-01,0.0798,0.0775,0.0786,19526.51905,0.00045269752595,0.0648,0.0986,0.0638,0.0997,Calculado
2026-08-07,LFT,2026-08-06,210100,2000-07-01,2031-09-01,0.0821,0.0792,0.0808,19520.46268,0.00020517122118,0.0678,0.1075,0.0664,0.1089,Calculado
2026-08-07,LFT,2026-08-06,210100,2000-07-01,2031-12-01,0.0942,0.0915,0.0927,19504.214362,0.000168906483,0.08,0.1068,0.0787,0.1081,Calculado
2026-08-07,LFT,2026-08-06,210100,2000-07-01,2032-03-01,0.1031,0.1015,0.1024,19489.396837,0.00009963162149,0.0842,0.1134,0.0832,0.1145,Calculado
2026-08-07,LFT,2026-08-06,210100,2000-07-01,2032-06-01,0.11,0.1079,0.1089,19477.107699,0.00006859934402,0.0878,0.1204,0.0868,0.1214,Calculado
2026-08-07,LFT,2026-08-06,210100,2000-07-01,2032-09-01,0.1152,0.1137,0.1144,19465.09296,0.00042163701213,0.0947,0.1239,0.0943,0.1243,Calculado
2026-08-07,NTN-B,2026-08-06,760199,2000-07-15,2026-08-15,14.725,14.4314,14.6087,4862.776473,0.14592148151201,13.6182,16.2975,13.6301,16.3303,Calculado
2026-08-07,NTN-B,2026-08-06,760199,2000-07-15,2027-05-15,8.0438,8.0182,8.0302,4739.484866,0.0006834784854,7.8355,8.411,7.8099,8.3902,Calculado
2026-08-07,NTN-B,2026-08-06,760199,2000-07-15,2028-08-15,8.4852,8.4573,8.47,4671.877163,0,8.2672,8.6651,8.2873,8.6849,Calculado
2026-08-07,NTN-B,2026-08-06,760199,2000-07-15,2029-05-15,8.2197,8.1953,8.2059,4567.327019,0.00504776460723,7.962,8.4022,7.984,8.4239,Calculado
2026-08-07,NTN-B,2026-08-06,760199,2000-07-15,2030-08-15,8.2703,8.2455,8.26,4535.912668,0,7.958,8.4323,7.9979,8.4721,Calculado
2026-08-07,NTN-B,2026-08-06,760199,2000-07-15,2031-05-15,8.2353,8.2071,8.22,4421.467904,0,7.8933,8.3699,7.9483,8.4249,Calculado
2026-08-07,NTN-B,2026-08-06,760199,2000-07-15,2032-08-15,8.2364,8.2138,8.2267,4405.803398,0.00379774675696,7.8957,8.3684,7.9518,8.4244,Calculado
2026-08-07,NTN-B,2026-08-06,760199,2000-07-15,2033-05-15,8.2391,8.2097,8.2266,4291.899116,0.00487153816058,7.8966,8.3657,7.9536,8.4227,Calculado
2026-08-07,NTN-B,2026-08-06,760199,2000-07-15,2035-05-15,8.1206,8.0939,8.1074,4217.995269,0.00472614528659,7.8049,8.2602,7.8438,8.2992,Calculado
2026-08-07,NTN-B,2026-08-06,760199,2000-07-15,2037-05-15,7.9078,7.8768,7.8925,4194.901501,0.00393064880141,7.6199,8.0625,7.6383,8.0809,Calculado
2026-08-07,NTN-B,2026-08-06,760199,2000-07-15,2040-08-15,7.8292,7.7998,7.812,4184.727158,0.00288532473216,7.539,7.9668,7.569,7.997,Calculado
2026-08-07,NTN-B,2026-08-06,760199,2000-07-15,2045-05-15,7.6858,7.6472,7.6671,4062.35532,0.00848957792355,7.4011,7.8174,7.4333,7.8497,Calculado
2026-08-07,NTN-B,2026-08-06,760199,2000-07-15,2050-08-15,7.6559,7.6184,7.6366,4065.441759,0.00362790862619,7.3852,7.7955,7.4078,7.8183,Calculado
2026-08-07,NTN-B,2026-08-06,760199,2000-07-15,2055-05-15,7.5592,7.5164,7.5356,3992.742143,0.00891830880156,7.296,7.7038,7.3091,7.7172,Calculado
2026-08-07,NTN-B,2026-08-06,760199,2000-07-15,2060-08-15,7.5577,7.5135,7.5359,4025.384432,0.00667011504923,7.2826,7.6892,7.3106,7.7177,Calculado
2026-08-07,NTN-F,2026-08-06,950199,2016-01-15,2027-01-01,13.6592,13.6243,13.6359,996.428316,0.01198551167493,13.4531,13.8298,13.4646,13.8378,Calculado
2026-08-07,NTN-F,2026-08-06,950199,2018-01-05,2029-01-01,14.0681,14.0525,14.0599,935.18046,0.00361772093313,13.5055,14.464,13.6019,14.5603,Calculado
2026-08-07,NTN-F,2026-08-06,950199,2020-01-10,2031-01-01,14.4308,14.4185,14.4245,878.53298,0,13.896,14.7122,14.0223,14.8388,Calculado
2026-08-07,NTN-F,2026-08-06,950199,2022-01-07,2033-01-01,14.5537,14.5421,14.5485,835.095507,0,14.0486,14.7727,14.19,14.9139,Calculado
2026-08-07,NTN-F,2026-08-06,950199,2024-01-05,2035-01-01,14.5811,14.5668,14.5737,804.499211,0.00172616733546,14.0934,14.7896,14.2279,14.924,Calculado
2026-08-07,NTN-F,2026-08-06,950199,2026-01-09,2037-01-01,14.5783,14.5639,14.5728,781.437961,0.00022499997778,14.1055,14.7787,14.2396,14.9126,Calculado
2026-08-08,LTN,2026-08-07,100000,2024-07-05,2026-10-01,13.6879,13.646,13.6556,980.883105,0.00338224192364,13.5236,13.7743,13.5205,13.7721,Calculado
2026-08-08,LTN,2026-08-07,100000,2025-01-10,2027-04-01,13.6612,13.612,13.6375,922.036568,0.00142759306877,13.4394,13.9924,13.4009,13.9514,Calculado
2026-08-08,LTN,2026-08-07,100000,2023-07-07,2027-07-01,13.6229,13.5682,13.593,893.343031,0,13.3669,14.0434,13.3004,13.9754,Calculado
2026-08-08,LTN,2026-08-07,100000,2025-07-04,2027-10-01,13.7142,13.7011,13.7079,863.454127,0.00015075563008,13.4182,14.1951,13.3559,14.1315,Calculado
2026-08-08,LTN,2026-08-07,100000,2024-01-05,2028-01-01,13.7976,13.7864,13.7914,835.309777,0.00104406585999,13.4643,14.307,13.3948,14.2366,Calculado
2026-08-08,LTN,2026-08-07,100000,2026-01-09,2028-04-01,13.8537,13.8383,13.8453,808.13204,0.00254066920121,13.483,14.3666,13.4173,14.3004,Calculado
2026-08-08,LTN,2026-08-07,100000,2024-07-05,2028-07-01,13.8898,13.8743,13.8822,782.681748,0.00191398362846,13.5081,14.4412,13.4339,14.3662,Calculado
2026-08-08,LTN,2026-08-07,100000,2026-07-10,2028-10-01,14.0387,14.0265,14.0325,755.130589,0.00013867497972,13.6444,14.6159,13.5711,14.5425,Calculado
2026-08-08,LTN,2026-08-07,100000,2022-02-11,2029-01-01,14.0873,14.0751,14.0819,731.133534,0.00121700572308,13.6909,14.6648,13.6143,14.5882,Calculado
2026-08-08,LTN,2026-08-07,100000,2025-07-04,2029-07-01,14.2179,14.206,14.2126,682.992183,0.00042734645196,13.8209,14.7689,13.7531,14.7014,Calculado
2026-08-08,LTN,2026-08-07,100000,2024-01-05,2030-01-01,14.2794,14.2659,14.272,638.304459,0.00136122781708,13.8945,14.7983,13.8311,14.7353,Calculado
2026-08-08,LTN,2026-08-07,100000,2025-01-10,2032-01-01,14.4685,14.4549,14.462,484.481623,0,14.132,14.8769,14.0958,14.8409,Calculado
2026-08-08,NTN-C,2026-08-07,770100,2000-07-01,2031-01-01,8.0611,7.8182,7.9696,7607.458139,0.03366116126592,7.4255,8.3675,7.6098,8.5593,Calculado
2026-08-08,LFT,2026-08-07,210100,2000-07-01,2026-09-01,0.0163,0.0101,0.0135,19609.830288,0.00077855882244,-0.0604,0.0513,-0.0522,0.043,Calculado
2026-08-08,LFT,2026-08-07,210100,2000-07-01,2027-03-01,0.002,0,0.0013,19609.869508,0.00073699508818,-0.0311,0.037,-0.0233,0.0282,Calculado
2026-08-08,LFT,2026-08-07,210100,2000-07-01,2027-09-01,0.007,0.0056,0.0063,19608.712517,0.00024689242597,-0.0125,0.0308,-0.0045,0.0216,Calculado
2026-08-08,LFT,2026-08-07,210100,2000-07-01,2028-03-01,0.0163,0.0136,0.0154,19605.339592,0.00046963341023,-0.005,0.0417,0.0026,0.0327,Calculado
2026-08-08,LFT,2026-08-07,210100,2000-07-01,2028-09-01,0.0262,0.0236,0.0254,19599.770345,0.00038386577081,0.012,0.0427,0.0115,0.0423,Calculado
2026-08-08,LFT,2026-08-07,210100,2000-07-01,2029-03-01,0.0353,0.034,0.0346,19592.828395,0.00007745966692,0.0209,0.0503,0.021,0.0494,Calculado
2026-08-08,LFT,2026-08-07,210100,2000-07-01,2029-09-01,0.0459,0.0447,0.0454,19582.905722,0.00006741987837,0.0307,0.0566,0.0308,0.056,Calculado
2026-08-08,LFT,2026-08-07,210100,2000-07-01,2030-03-01,0.0585,0.0572,0.058,19569.904275,0.00006215810486,0.0388,0.0698,0.0386,0.0696,Calculado
2026-08-08,LFT,2026-08-07,210100,2000-07-01,2030-06-01,0.0657,0.0632,0.064,19562.668175,0.00008280784987,0.0436,0.076,0.0434,0.0759,Calculado
2026-08-08,LFT,2026-08-07,210100,2000-07-01,2030-09-01,0.0706,0.0677,0.069,19555.549735,0,0.0486,0.0816,0.0486,0.0815,Calculado
2026-08-08,LFT,2026-08-07,210100,2000-07-01,2030-12-01,0.0703,0.0675,0.0691,19552.098371,0.00018391171795,0.0534,0.0872,0.0535,0.0869,Calculado
2026-08-08,LFT,2026-08-07,210100,2000-07-01,2031-03-01,0.0754,0.0726,0.0739,19544.58773,0.00004925911083,0.0584,0.0932,0.0585,0.093,Calculado
2026-08-08,LFT,2026-08-07,210100,2000-07-01,2031-06-01,0.0799,0.0773,0.0785,19536.76333,0.00013363057285,0.0638,0.0997,0.0638,0.0996,Calculado
2026-08-08,LFT,2026-08-07,210100,2000-07-01,2031-09-01,0.0821,0.0792,0.0807,19530.703832,0.00017647600403,0.0664,0.1089,0.0664,0.1088,Calculado
2026-08-08,LFT,2026-08-07,210100,2000-07-01,2031-12-01,0.0944,0.0912,0.0927,19514.34907,0.00019148540414,0.0787,0.1081,0.0788,0.1079,Calculado
2026-08-08,LFT,2026-08-07,210100,2000-07-01,2032-03-01,0.1041,0.1013,0.1024,19499.5435,0.00043416208955,0.0832,0.1145,0.0831,0.1144,Calculado
2026-08-08,LFT,2026-08-07,210100,2000-07-01,2032-06-01,0.1096,0.1082,0.1088,19487.365673,0.00022867369766,0.0868,0.1214,0.0868,0.1212,Calculado
2026-08-08,LFT,2026-08-07,210100,2000-07-01,2032-09-01,0.1152,0.1137,0.1141,19475.599658,0.00031045279834,0.0943,0.1243,0.0944,0.1239,Calculado
2026-08-08,NTN-B,2026-08-07,760199,2000-07-15,2026-08-15,14.9705,14.8076,14.8976,4865.224301,0.08022244910161,13.6301,16.3303,13.9082,16.6295,Calculado
2026-08-08,NTN-B,2026-08-07,760199,2000-07-15,2027-05-15,7.9078,7.877,7.8949,4745.462191,0.0059152145481,7.8099,8.3902,7.6731,8.2582,Calculado
2026-08-08,NTN-B,2026-08-07,760199,2000-07-15,2028-08-15,8.368,8.336,8.353,4682.902371,0.00697363455739,8.2873,8.6849,8.1706,8.5679,Calculado
2026-08-08,NTN-B,2026-08-07,760199,2000-07-15,2029-05-15,8.0995,8.0681,8.0845,4581.834719,0.00546975174939,7.984,8.4239,7.8628,8.3026,Calculado
2026-08-08,NTN-B,2026-08-07,760199,2000-07-15,2030-08-15,8.1328,8.1028,8.12,4557.929709,0,7.9979,8.4721,7.858,8.3321,Calculado
2026-08-08,NTN-B,2026-08-07,760199,2000-07-15,2031-05-15,8.105,8.0725,8.0877,4445.184539,0.00414168984353,7.9483,8.4249,7.816,8.2926,Calculado
2026-08-08,NTN-B,2026-08-07,760199,2000-07-15,2032-08-15,8.1182,8.0862,8.1038,4431.951917,0.00510922528374,7.9518,8.4244,7.8288,8.3015,Calculado
2026-08-08,NTN-B,2026-08-07,760199,2000-07-15,2033-05-15,8.1344,8.0888,8.1147,4317.755947,0.00828584113956,7.9536,8.4227,7.8416,8.3107,Calculado
2026-08-08,NTN-B,2026-08-07,760199,2000-07-15,2035-05-15,8.0322,7.9965,8.0116,4244.433658,0.00282712699573,7.8438,8.2992,7.748,8.2033,Calculado
2026-08-08,NTN-B,2026-08-07,760199,2000-07-15,2037-05-15,7.8397,7.8055,7.82,4218.110648,0,7.6383,8.0809,7.5659,8.0083,Calculado
2026-08-08,NTN-B,2026-08-07,760199,2000-07-15,2040-08-15,7.7862,7.757,7.7702,4200.66312,0.00090453402921,7.569,7.997,7.5274,7.955,Calculado
2026-08-08,NTN-B,2026-08-07,760199,2000-07-15,2045-05-15,7.6507,7.6078,7.627,4079.820021,0.00824016692003,7.4333,7.8497,7.3935,7.8094,Calculado
2026-08-08,NTN-B,2026-08-07,760199,2000-07-15,2050-08-15,7.6092,7.5699,7.589,4087.642962,0.00180623918682,7.4078,7.8183,7.3606,7.7703,Calculado
2026-08-08,NTN-B,2026-08-07,760199,2000-07-15,2055-05-15,7.5103,7.4742,7.49,4015.306837,0,7.3091,7.7172,7.2641,7.6711,Calculado
2026-08-08,NTN-B,2026-08-07,760199,2000-07-15,2060-08-15,7.5068,7.4771,7.4923,4047.627435,0.0028115779822,7.3106,7.7177,7.2677,7.6735,Calculado
2026-08-08,NTN-F,2026-08-07,950199,2016-01-15,2027-01-01,13.6462,13.6089,13.6235,996.977064,0.00984362827112,13.4646,13.8378,13.4548,13.8233,Calculado
2026-08-08,NTN-F,2026-08-07,950199,2018-01-05,2029-01-01,13.99,13.9657,13.9788,937.098759,0.00202462777814,13.6019,14.5603,13.5208,14.4792,Calculado
2026-08-08,NTN-F,2026-08-07,950199,2020-01-10,2031-01-01,14.3821,14.3679,14.375,880.35511,0,14.0223,14.8388,13.9727,14.7895,Calculado
2026-08-08,NTN-F,2026-08-07,950199,2022-01-07,2033-01-01,14.5233,14.5093,14.5152,836.67656,0.00117367641622,14.19,14.9139,14.1567,14.8806,Calculado
2026-08-08,NTN-F,2026-08-07,950199,2024-01-05,2035-01-01,14.5592,14.5403,14.5505,805.82766,0.0019341550791,14.2279,14.924,14.2048,14.9007,Calculado
2026-08-08,NTN-F,2026-08-07,950199,2026-01-09,2037-01-01,14.5496,14.5358,14.5426,783.118937,0.00023056831959,14.2396,14.9126,14.2095,14.8823,Calculado
2026-08-10,LTN,2026-08-07,100000,2024-07-05,2026-10-01,13.6879,13.646,13.6556,980.883105,0.00338224192364,13.5236,13.7743,13.5205,13.7721,Calculado
2026-08-10,LTN,2026-08-07,100000,2025-01-10,2027-04-01,13.6612,13.612,13.6375,922.036568,0.00142759306877,13.4394,13.9924,13.4009,13.9514,Calculado
2026-08-10,LTN,2026-08-07,100000,2023-07-07,2027-07-01,13.6229,13.5682,13.593,893.343031,0,13.3669,14.0434,13.3004,13.9754,Calculado
2026-08-10,LTN,2026-08-07,100000,2025-07-04,2027-10-01,13.7142,13.7011,13.7079,863.454127,0.00015075563008,13.4182,14.1951,13.3559,14.1315,Calculado
2026-08-10,LTN,2026-08-07,100000,2024-01-05,2028-01-01,13.7976,13.7864,13.7914,835.309777,0.00104406585999,13.4643,14.307,13.3948,14.2366,Calculado
2026-08-10,LTN,2026-08-07,100000,2026-01-09,2028-04-01,13.8537,13.8383,13.8453,808.13204,0.00254066920121,13.483,14.3666,13.4173,14.3004,Calculado
2026-08-10,LTN,2026-08-07,100000,2024-07-05,2028-07-01,13.8898,13.8743,13.8822,782.681748,0.00191398362846,13.5081,14.4412,13.4339,14.3662,Calculado
2026-08-10,LTN,2026-08-07,100000,2026-07-10,2028-10-01,14.0387,14.0265,14.0325,755.130589,0.00013867497972,13.6444,14.6159,13.5711,14.5425,Calculado
2026-08-10,LTN,2026-08-07,100000,2022-02-11,2029-01-01,14.0873,14.0751,14.0819,731.133534,0.00121700572308,13.6909,14.6648,13.6143,14.5882,Calculado
2026-08-10,LTN,2026-08-07,100000,2025-07-04,2029-07-01,14.2179,14.206,14.2126,682.992183,0.00042734645196,13.8209,14.7689,13.7531,14.7014,Calculado
2026-08-10,LTN,2026-08-07,100000,2024-01-05,2030-01-01,14.2794,14.2659,14.272,638.304459,0.00136122781708,13.8945,14.7983,13.8311,14.7353,Calculado
2026-08-10,LTN,2026-08-07,100000,2025-01-10,2032-01-01,14.4685,14.4549,14.462,484.481623,0,14.132,14.8769,14.0958,14.8409,Calculado
2026-08-10,NTN-C,2026-08-07,770100,2000-07-01,2031-01-01,8.0611,7.8182,7.9696,7607.458139,0.03366116126592,7.4255,8.3675,7.6098,8.5593,Calculado
2026-08-10,LFT,2026-08-07,210100,2000-07-01,2026-09-01,0.0163,0.0101,0.0135,19609.830288,0.00077855882244,-0.0604,0.0513,-0.0522,0.043,Calculado
2026-08-10,LFT,2026-08-07,210100,2000-07-01,2027-03-01,0.002,0,0.0013,19609.869508,0.00073699508818,-0.0311,0.037,-0.0233,0.0282,Calculado
2026-08-10,LFT,2026-08-07,210100,2000-07-01,2027-09-01,0.007,0.0056,0.0063,19608.712517,0.00024689242597,-0.0125,0.0308,-0.0045,0.0216,Calculado
2026-08-10,LFT,2026-08-07,210100,2000-07-01,2028-03-01,0.0163,0.0136,0.0154,19605.339592,0.00046963341023,-0.005,0.0417,0.0026,0.0327,Calculado
2026-08-10,LFT,2026-08-07,210100,2000-07-01,2028-09-01,0.0262,0.0236,0.0254,19599.770345,0.00038386577081,0.012,0.0427,0.0115,0.0423,Calculado
2026-08-10,LFT,2026-08-07,210100,2000-07-01,2029-03-01,0.0353,0.034,0.0346,19592.828395,0.00007745966692,0.0209,0.0503,0.021,0.0494,Calculado
2026-08-10,LFT,2026-08-07,210100,2000-07-01,2029-09-01,0.0459,0.0447,0.0454,19582.905722,0.00006741987837,0.0307,0.0566,0.0308,0.056,Calculado
2026-08-10,LFT,2026-08-07,210100,2000-07-01,2030-03-01,0.0585,0.0572,0.058,19569.904275,0.00006215810486,0.0388,0.0698,0.0386,0.0696,Calculado
2026-08-10,LFT,2026-08-07,210100,2000-07-01,2030-06-01,0.0657,0.0632,0.064,19562.668175,0.00008280784987,0.0436,0.076,0.0434,0.0759,Calculado
2026-08-10,LFT,2026-08-07,210100,2000-07-01,2030-09-01,0.0706,0.0677,0.069,19555.549735,0,0.0486,0.0816,0.0486,0.0815,Calculado
2026-08-10,LFT,2026-08-07,210100,2000-07-01,2030-12-01,0.0703,0.0675,0.0691,19552.098371,0.00018391171795,0.0534,0.0872,0.0535,0.0869,Calculado
2026-08-10,LFT,2026-08-07,210100,2000-07-01,2031-03-01,0.0754,0.0726,0.0739,19544.58773,0.00004925911083,0.0584,0.0932,0.0585,0.093,Calculado
2026-08-10,LFT,2026-08-07,210100,2000-07-01,2031-06-01,0.0799,0.0773,0.0785,19536.76333,0.00013363057285,0.0638,0.0997,0.0638,0.0996,Calculado
2026-08-10,LFT,2026-08-07,210100,2000-07-01,2031-09-01,0.0821,0.0792,0.0807,19530.703832,0.00017647600403,0.0664,0.1089,0.0664,0.1088,Calculado
2026-08-10,LFT,2026-08-07,210100,2000-07-01,2031-12-01,0.0944,0.0912,0.0927,19514.34907,0.00019148540414,0.0787,0.1081,0.0788,0.1079,Calculado
2026-08-10,LFT,2026-08-07,210100,2000-07-01,2032-03-01,0.1041,0.1013,0.1024,19499.5435,0.00043416208955,0.0832,0.1145,0.0831,0.1144,Calculado
2026-08-10,LFT,2026-08-07,210100,2000-07-01,2032-06-01,0.1096,0.1082,0.1088,19487.365673,0.00022867369766,0.0868,0.1214,0.0868,0.1212,Calculado
2026-08-10,LFT,2026-08-07,210100,2000-07-01,2032-09-01,0.1152,0.1137,0.1141,19475.599658,0.00031045279834,0.0943,0.1243,0.0944,0.1239,Calculado
2026-08-10,NTN-B,2026-08-07,760199,2000-07-15,2026-08-15,14.9705,14.8076,14.8976,4865.224301,0.08022244910161,13.6301,16.3303,13.9082,16.6295,Calculado
2026-08-10,NTN-B,2026-08-07,760199,2000-07-15,2027-05-15,7.9078,7.877,7.8949,4745.462191,0.0059152145481,7.8099,8.3902,7.6731,8.2582,Calculado
2026-08-10,NTN-B,2026-08-07,760199,2000-07-15,2028-08-15,8.368,8.336,8.353,4682.902371,0.00697363455739,8.2873,8.6849,8.1706,8.5679,Calculado
2026-08-10,NTN-B,2026-08-07,760199,2000-07-15,2029-05-15,8.0995,8.0681,8.0845,4581.834719,0.00546975174939,7.984,8.4239,7.8628,8.3026,Calculado
2026-08-10,NTN-B,2026-08-07,760199,2000-07-15,2030-08-15,8.1328,8.1028,8.12,4557.929709,0,7.9979,8.4721,7.858,8.3321,Calculado
2026-08-10,NTN-B,2026-08-07,760199,2000-07-15,2031-05-15,8.105,8.0725,8.0877,4445.184539,0.00414168984353,7.9483,8.4249,7.816,8.2926,Calculado
2026-08-10,NTN-B,2026-08-07,760199,2000-07-15,2032-08-15,8.1182,8.0862,8.1038,4431.951917,0.00510922528374,7.9518,8.4244,7.8288,8.3015,Calculado
2026-08-10,NTN-B,2026-08-07,760199,2000-07-15,2033-05-15,8.1344,8.0888,8.1147,4317.755947,0.00828584113956,7.9536,8.4227,7.8416,8.3107,Calculado
2026-08-10,NTN-B,2026-08-07,760199,2000-07-15,2035-05-15,8.0322,7.9965,8.0116,4244.433658,0.00282712699573,7.8438,8.2992,7.748,8.2033,Calculado
2026-08-10,NTN-B,2026-08-07,760199,2000-07-15,2037-05-15,7.8397,7.8055,7.82,4218.110648,0,7.6383,8.0809,7.5659,8.0083,Calculado
2026-08-10,NTN-B,2026-08-07,760199,2000-07-15,2040-08-15,7.7862,7.757,7.7702,4200.66312,0.00090453402921,7.569,7.997,7.5274,7.955,Calculado
2026-08-10,NTN-B,2026-08-07,760199,2000-07-15,2045-05-15,7.6507,7.6078,7.627,4079.820021,0.00824016692003,7.4333,7.8497,7.3935,7.8094,Calculado
2026-08-10,NTN-B,2026-08-07,760199,2000-07-15,2050-08-15,7.6092,7.5699,7.589,4087.642962,0.00180623918682,7.4078,7.8183,7.3606,7.7703,Calculado
2026-08-10,NTN-B,2026-08-07,760199,2000-07-15,2055-05-15,7.5103,7.4742,7.49,4015.306837,0,7.3091,7.7172,7.2641,7.6711,Calculado
2026-08-10,NTN-B,2026-08-07,760199,2000-07-15,2060-08-15,7.5068,7.4771,7.4923,4047.627435,0.0028115779822,7.3106,7.7177,7.2677,7.6735,Calculado
2026-08-10,NTN-F,2026-08-07,950199,2016-01-15,2027-01-01,13.6462,13.6089,13.6235,996.977064,0.00984362827112,13.4646,13.8378,13.4548,13.8233,Calculado
2026-08-10,NTN-F,2026-08-07,950199,2018-01-05,2029-01-01,13.99,13.9657,13.9788,937.098759,0.00202462777814,13.6019,14.5603,13.5208,14.4792,Calculado
2026-08-10,NTN-F,2026-08-07,950199,2020-01-10,2031-01-01,14.3821,14.3679,14.375,880.35511,0,14.0223,14.8388,13.9727,14.7895,Calculado
2026-08-10,NTN-F,2026-08-07,950199,2022-01-07,2033-01-01,14.5233,14.5093,14.5152,836.67656,0.00117367641622,14.19,14.9139,14.1567,14.8806,Calculado
2026-08-10,NTN-F,2026-08-07,950199,2024-01-05,2035-01-01,14.5592,14.5403,14.5505,805.82766,0.0019341550791,14.2279,14.924,14.2048,14.9007,Calculado
2026-08-10,NTN-F,2026-08-07,950199,2026-01-09,2037-01-01,14.5496,14.5358,14.5426,783.118937,0.00023056831959,14.2396,14.9126,14.2095,14.8823,Calculado
2026-08-11,LTN,2026-08-10,100000,2024-07-05,2026-10-01,13.6863,13.6228,13.6512,981.387047,0.00468103491762,13.5205,13.7721,13.5149,13.7673,Calculado
2026-08-11,LTN,2026-08-10,100000,2025-01-10,2027-04-01,13.6581,13.6171,13.6431,922.475767,0.01150749298197,13.4009,13.9514,13.4074,13.9554,Calculado
2026-08-11,LTN,2026-08-10,100000,2023-07-07,2027-07-01,13.6541,13.6164,13.6352,893.502548,0.00246069095987,13.3004,13.9754,13.3431,14.0166,Calculado
2026-08-11,LTN,2026-08-10,100000,2025-07-04,2027-10-01,13.7609,13.7473,13.754,863.495688,0,13.3559,14.1315,13.4027,14.177,Calculado
2026-08-11,LTN,2026-08-10,100000,2024-01-05,2028-01-01,13.841,13.8287,13.835,835.293592,0,13.3948,14.2366,13.4389,14.2799,Calculado
2026-08-11,LTN,2026-08-10,100000,2026-01-09,2028-04-01,13.9021,13.8892,13.8954,807.965175,0.00099154513765,13.4173,14.3004,13.4678,14.3504,Calculado
2026-08-11,LTN,2026-08-10,100000,2024-07-05,2028-07-01,13.9409,13.9254,13.9324,782.436727,0.00023939022536,13.4339,14.3662,13.4843,14.4157,Calculado
2026-08-11,LTN,2026-08-10,100000,2026-07-10,2028-10-01,14.0925,14.0814,14.0882,754.736907,0.00057783825592,13.5711,14.5425,13.6269,14.5981,Calculado
2026-08-11,LTN,2026-08-10,100000,2022-02-11,2029-01-01,14.1504,14.1381,14.1447,730.561179,0.00099363470652,13.6143,14.5882,13.6771,14.6511,Calculado
2026-08-11,LTN,2026-08-10,100000,2025-07-04,2029-07-01,14.2829,14.2688,14.2774,682.242852,0.00009045335815,13.7531,14.7014,13.8177,14.7663,Calculado
2026-08-11,LTN,2026-08-10,100000,2024-01-05,2030-01-01,14.3523,14.3404,14.3465,637.245011,0,13.8311,14.7353,13.9054,14.81,Calculado
2026-08-11,LTN,2026-08-10,100000,2025-01-10,2032-01-01,14.5457,14.5339,14.5396,482.983333,0.00058439751882,14.0958,14.8409,14.1732,14.9185,Calculado
2026-08-11,NTN-C,2026-08-10,770100,2000-07-01,2031-01-01,8.1356,7.9333,7.97,7610.763467,0.02575879784967,7.6098,8.5593,7.4424,8.4008,Calculado
2026-08-11,LFT,2026-08-10,210100,2000-07-01,2026-09-01,0.0166,0.0109,0.0135,19619.980347,0.0003602908686,-0.0522,0.043,-0.0531,0.0431,Calculado
2026-08-11,LFT,2026-08-10,210100,2000-07-01,2027-03-01,0.001,-0.0039,0,19620.156929,0.00159796643269,-0.0233,0.0282,-0.0246,0.0276,Calculado
2026-08-11,LFT,2026-08-10,210100,2000-07-01,2027-09-01,0.0056,0.0025,0.0044,19619.234781,0.00119026263488,-0.0045,0.0216,-0.0063,0.0213,Calculado
2026-08-11,LFT,2026-08-10,210100,2000-07-01,2028-03-01,0.0159,0.0137,0.0151,19615.565812,0.00037650281539,0.0026,0.0327,0.0011,0.0322,Calculado
2026-08-11,LFT,2026-08-10,210100,2000-07-01,2028-09-01,0.0261,0.0237,0.0251,19610.032928,0.00035491534202,0.0115,0.0423,0.0103,0.0418,Calculado
2026-08-11,LFT,2026-08-10,210100,2000-07-01,2029-03-01,0.0352,0.0331,0.0342,19603.165873,0.00051019026843,0.021,0.0494,0.0203,0.0489,Calculado
2026-08-11,LFT,2026-08-10,210100,2000-07-01,2029-09-01,0.0457,0.0442,0.0449,19593.355794,0.00042987825021,0.0308,0.056,0.0306,0.0554,Calculado
2026-08-11,LFT,2026-08-10,210100,2000-07-01,2030-03-01,0.0581,0.0566,0.0574,19580.465351,0.00065324202253,0.0386,0.0696,0.0389,0.0689,Calculado
2026-08-11,LFT,2026-08-10,210100,2000-07-01,2030-06-01,0.0655,0.0627,0.0638,19572.970451,0.0002407453634,0.0434,0.0759,0.0434,0.0756,Calculado
2026-08-11,LFT,2026-08-10,210100,2000-07-01,2030-09-01,0.0699,0.0671,0.0688,19565.867954,0.00033188409121,0.0486,0.0815,0.0486,0.0813,Calculado
2026-08-11,LFT,2026-08-10,210100,2000-07-01,2030-12-01,0.0702,0.067,0.0689,19562.414807,0.00022173556323,0.0535,0.0869,0.0534,0.087,Calculado
2026-08-11,LFT,2026-08-10,210100,2000-07-01,2031-03-01,0.0751,0.0725,0.0739,19554.743325,0.00004140386455,0.0585,0.093,0.0586,0.0929,Calculado
2026-08-11,LFT,2026-08-10,210100,2000-07-01,2031-06-01,0.0795,0.0772,0.0784,19546.993363,0.00020291983639,0.0638,0.0996,0.0638,0.0996,Calculado
2026-08-11,LFT,2026-08-10,210100,2000-07-01,2031-09-01,0.0821,0.0791,0.0807,19540.852254,0.00023129357968,0.0664,0.1088,0.0665,0.1087,Calculado
2026-08-11,LFT,2026-08-10,210100,2000-07-01,2031-12-01,0.0946,0.0912,0.0928,19524.410563,0.00021213201079,0.0788,0.1079,0.079,0.1077,Calculado
2026-08-11,LFT,2026-08-10,210100,2000-07-01,2032-03-01,0.1035,0.1012,0.1023,19509.813166,0.00026623737529,0.0831,0.1144,0.0832,0.1142,Calculado
2026-08-11,LFT,2026-08-10,210100,2000-07-01,2032-06-01,0.1115,0.1077,0.1087,19497.629048,0.00021458271133,0.0868,0.1212,0.0868,0.121,Calculado
2026-08-11,LFT,2026-08-10,210100,2000-07-01,2032-09-01,0.1149,0.1134,0.1141,19485.739233,0.0001806849468,0.0944,0.1239,0.0941,0.1239,Calculado
2026-08-11,NTN-B,2026-08-10,760199,2000-07-15,2026-08-15,15.8136,15.359,15.6321,4867.397239,0.10672540700321,13.9082,16.6295,14.6346,17.3771,Calculado
2026-08-11,NTN-B,2026-08-10,760199,2000-07-15,2027-05-15,7.8324,7.799,7.8129,4749.671276,0.00373034531646,7.6731,8.2582,7.5896,8.1794,Calculado
2026-08-11,NTN-B,2026-08-10,760199,2000-07-15,2028-08-15,8.3408,8.307,8.32,4687.148027,0,8.1706,8.5679,8.1377,8.5347,Calculado
2026-08-11,NTN-B,2026-08-10,760199,2000-07-15,2029-05-15,8.1138,8.0766,8.0957,4582.152399,0.00675499013841,7.8628,8.3026,7.874,8.3136,Calculado
2026-08-11,NTN-B,2026-08-10,760199,2000-07-15,2030-08-15,8.1564,8.1245,8.1434,4556.008985,0.00553413062007,7.858,8.3321,7.8814,8.3555,Calculado
2026-08-11,NTN-B,2026-08-10,760199,2000-07-15,2031-05-15,8.1349,8.104,8.1176,4441.620883,0.00350201069816,7.816,8.2926,7.8459,8.3224,Calculado
2026-08-11,NTN-B,2026-08-10,760199,2000-07-15,2032-08-15,8.1532,8.1228,8.1391,4426.316033,0.0015824935071,7.8288,8.3015,7.8641,8.3367,Calculado
2026-08-11,NTN-B,2026-08-10,760199,2000-07-15,2033-05-15,8.1591,8.1251,8.1412,4313.388245,0.00264644909265,7.8416,8.3107,7.8682,8.3372,Calculado
2026-08-11,NTN-B,2026-08-10,760199,2000-07-15,2035-05-15,8.0721,8.0383,8.0571,4233.910182,0.00466686997033,7.748,8.2033,7.7935,8.2488,Calculado
2026-08-11,NTN-B,2026-08-10,760199,2000-07-15,2037-05-15,7.8705,7.8338,7.8538,4209.260271,0.0051176293203,7.5659,8.0083,7.5997,8.0421,Calculado
2026-08-11,NTN-B,2026-08-10,760199,2000-07-15,2040-08-15,7.825,7.7892,7.81,4188.104683,0,7.5274,7.955,7.5672,7.9948,Calculado
2026-08-11,NTN-B,2026-08-10,760199,2000-07-15,2045-05-15,7.6867,7.6454,7.6694,4063.987476,0.00672220749308,7.3935,7.8094,7.4359,7.8518,Calculado
2026-08-11,NTN-B,2026-08-10,760199,2000-07-15,2050-08-15,7.6386,7.6015,7.6225,4074.171744,0.00367250400953,7.3606,7.7703,7.3941,7.8038,Calculado
2026-08-11,NTN-B,2026-08-10,760199,2000-07-15,2055-05-15,7.5438,7.5073,7.5251,4000.112963,0.00452392410635,7.2641,7.6711,7.2992,7.7062,Calculado
2026-08-11,NTN-B,2026-08-10,760199,2000-07-15,2060-08-15,7.5433,7.51,7.5281,4031.623504,0.0065479351356,7.2677,7.6735,7.3035,7.7093,Calculado
2026-08-11,NTN-F,2026-08-10,950199,2016-01-15,2027-01-01,13.6282,13.5853,13.6131,997.518356,0.01230173235931,13.4548,13.8233,13.4462,13.8101,Calculado
2026-08-11,NTN-F,2026-08-10,950199,2018-01-05,2029-01-01,14.0581,14.0273,14.041,936.489877,0,13.5208,14.4792,13.5831,14.5414,Calculado
2026-08-11,NTN-F,2026-08-10,950199,2020-01-10,2031-01-01,14.4561,14.4432,14.4501,878.775206,0.00094072883978,13.9727,14.7895,14.0476,14.8647,Calculado
2026-08-11,NTN-F,2026-08-10,950199,2022-01-07,2033-01-01,14.5989,14.5864,14.5925,834.505873,0,14.1567,14.8806,14.2341,14.9579,Calculado
2026-08-11,NTN-F,2026-08-10,950199,2024-01-05,2035-01-01,14.641,14.6238,14.6307,803.178466,0.0007229988036,14.2048,14.9007,14.285,14.9809,Calculado
2026-08-11,NTN-F,2026-08-10,950199,2026-01-09,2037-01-01,14.6308,14.6179,14.625,780.11351,0.00059433599925,14.2095,14.8823,14.2919,14.9646,Calculado
