data_captura,data_referencia,indice,numero_indice,variacao_diaria,variacao_mensal,variacao_anual,variacao_ultimos_12_meses,variacao_ultimos_24_meses,duration_du,peso_geral,carteira_a_mercado_rs_mil,numero_operacoes,quant_negociada_1000_titulos,valor_negociado_rs_mil,pmr,convexidade,yield_,redemption_yield
2026-06-01,2026-05-29,IMA-B,11504.40986,-0.0693,0.312,5.1767,10.8199,16.276,1563.0,23.87,1940705683,2512.0,6137.88,26806027.91,2943.068524684,78.3488173998501,7.98101627614393,
2026-06-01,2026-05-29,IMA-B 5,11305.266671,-0.0196,0.9676,6.2512,12.3705,22.3693,467.0,10.58,860088188,1081.0,2657.08,11974737.84,692.530082577196,6.4065462931592,8.60469391046676,
2026-06-01,2026-05-29,IMA-B 5+,12635.097081,-0.1087,-0.1975,4.3414,9.599,12.0751,2435.0,13.29,1080617495,1431.0,3480.8,14831290.06,4734.32356083652,135.609316941228,7.48461697786283,
2026-06-01,2026-05-29,IMA-GERAL,10102.353424,0.0231,0.8134,5.2942,13.4773,24.1335,514.0,100.0,8129797572,3831.0,66507.69,115300417.3,921.356981652929,20.9292479106707,,
2026-06-01,2026-05-29,IMA-GERAL-EX-C,9959.680989,0.0212,0.8084,5.279,13.5647,24.2448,510.0,98.92,8041831320,3831.0,66507.69,115300417.3,916.382134849966,20.9843229873168,,
2026-06-01,2026-05-29,IMA-S,8602.48618,0.0542,1.0899,5.7645,14.9723,28.8425,1.0,53.02,4310340686,668.0,2225.98,42378606.09,1.0,0.0,,
2026-06-01,2026-05-29,IRF-M,22542.279455,0.0399,0.675,4.3338,13.3279,23.4,594.0,22.03,1790784951,651.0,58143.83,46115783.3,923.310418187516,9.3257376680221,13.9977087185205,
2026-06-01,2026-05-29,IRF-M 1,20138.20756,0.0432,1.0735,5.4314,14.4269,27.5287,96.0,6.16,500982803,83.0,5576.9,5427718.74,141.779685975957,0.47475062168119,14.1095522117692,
2026-06-01,2026-05-29,IRF-M 1+,24436.465038,0.0386,0.5187,3.9291,12.8498,21.4001,788.0,15.87,1289802149,568.0,52566.93,40688064.56,1226.87128385204,12.7636233186217,13.9542666551055,
2026-06-02,2026-06-01,IMA-B,11476.232218,-0.2449,-0.2449,4.9191,10.5485,15.9912,1557.0,23.83,1935952331,1681.0,4861.97,21172507.97,2935.45654890258,77.8253027570325,8.02847770287215,
2026-06-02,2026-06-01,IMA-B 5,11300.68488,-0.0405,-0.0405,6.2082,12.325,22.3197,466.0,10.58,859739612,635.0,1613.85,7268687.7,688.970037748692,6.37444452243534,8.64064086665702,
2026-06-02,2026-06-01,IMA-B 5+,12583.59433,-0.4076,-0.4076,3.9161,9.1523,11.6183,2428.0,13.25,1076212719,1046.0,3248.12,13903820.26,4730.07707982619,134.904290991891,7.53944713155606,
2026-06-02,2026-06-01,IMA-GERAL,10096.251881,-0.0604,-0.0604,5.2306,13.4088,24.0585,512.0,100.0,8124887398,2724.0,38193.46,74146156.92,917.285229638633,20.7592470434242,,
2026-06-02,2026-06-01,IMA-GERAL-EX-C,9953.618579,-0.0609,-0.0609,5.2149,13.4956,24.1692,507.0,98.92,8036936296,2724.0,38193.46,74146156.92,912.296481546461,20.8129091230627,,
2026-06-02,2026-06-01,IMA-S,8607.121164,0.0539,0.0539,5.8215,15.0342,28.9119,1.0,53.08,4312663080,526.0,1570.6,29905860.64,1.0,0.0,,
2026-06-02,2026-06-01,IRF-M,22511.261965,-0.1376,-0.1376,4.1903,13.172,23.2302,593.0,22.01,1788320886,517.0,31760.88,23067788.32,919.774581935855,9.28577675362608,14.090937652344,
2026-06-02,2026-06-01,IRF-M 1,20142.970033,0.0236,0.0236,5.4563,14.4539,27.5589,95.0,6.17,501101280,221.0,11965.57,11571143.07,138.745574682317,0.468489247972228,14.1643603959484,
2026-06-02,2026-06-01,IRF-M 1+,24387.536438,-0.2002,-0.2002,3.721,12.6239,21.157,787.0,15.84,1287219606,296.0,19795.32,11496645.25,1223.82109695992,12.7182555900862,14.062354937606,
2026-06-03,2026-06-02,IMA-B,11453.287038,-0.1999,-0.4444,4.7093,10.5187,15.7593,1552.0,23.37,1932081655,1964.0,5431.95,24017228.06,2931.30604349728,77.4312535685881,8.0923949643171,7.60533922076321
2026-06-03,2026-06-02,IMA-B 5,11295.847996,-0.0428,-0.0833,6.1627,12.3539,22.2674,464.0,10.39,859371629,963.0,4170.41,18652191.37,687.542548622211,6.34482038698088,8.72473586868389,8.20767127712554
2026-06-03,2026-06-02,IMA-B 5+,12542.63917,-0.3255,-0.7318,3.5778,9.0552,11.255,2423.0,12.97,1072710026,1001.0,1261.54,5365036.69,4728.83439869482,134.380160886875,7.58581273836202,7.51288209827361
2026-06-03,2026-06-02,IMA-GERAL,10091.784504,-0.0442,-0.1046,5.184,13.3944,24.0036,503.0,100.0,8268659482,3530.0,40981.25,94632814.17,901.743414970527,20.291872622436,,
2026-06-03,2026-06-02,IMA-GERAL-EX-C,9949.161482,-0.0448,-0.1056,5.1678,13.4809,24.1136,498.0,98.94,8180703855,3530.0,40981.25,94632814.17,896.685739207577,20.3399254114086,,
2026-06-03,2026-06-02,IMA-S,8611.753084,0.0538,0.1077,5.8785,15.0337,28.9813,1.0,53.62,4433935508,874.0,2274.13,43407199.13,1.0,0.0,,
2026-06-03,2026-06-02,IRF-M,22484.263651,-0.1199,-0.2574,4.0653,13.1327,23.0824,592.0,21.95,1814686692,692.0,33275.17,27208386.98,918.926624775964,9.25305827165607,14.1413230851141,14.1671619284739
2026-06-03,2026-06-02,IRF-M 1,20154.432932,0.0569,0.0806,5.5163,14.4556,27.6315,96.0,6.21,513878875,202.0,14805.83,13981385.75,140.061383733057,0.472470349515979,14.1480811940526,14.0152596536035
2026-06-03,2026-06-02,IRF-M 1+,24341.292708,-0.1896,-0.3895,3.5243,12.5782,20.9273,787.0,15.73,1300807818,490.0,18469.34,13227001.24,1226.6141925775,12.7217940673545,14.1386533214725,14.1744721282314
2026-06-05,2026-06-03,IMA-B,11378.317581,-0.6546,-1.096,4.0239,9.7775,15.0115,1541.0,23.27,1919434882,3076.0,8449.06,37853898.33,2921.8009475914,76.3999808018006,8.27008070732374,7.73166972090487
2026-06-05,2026-06-03,IMA-B 5,11261.380641,-0.3051,-0.3882,5.8388,12.0103,21.8421,462.0,10.39,856749403,1744.0,6929.68,31435372.56,685.164324560948,6.28350646499504,8.97118048912945,8.42148575089374
2026-06-05,2026-06-03,IMA-B 5+,12425.427376,-0.9345,-1.6594,2.6099,8.0082,10.2784,2411.0,12.89,1062685480,1332.0,1519.38,6418525.77,4725.00342553264,132.928698505316,7.70484590305624,7.62503801917153
2026-06-05,2026-06-03,IMA-GERAL,10065.55099,-0.2599,-0.3643,4.9106,13.0335,23.654,497.0,100.0,8247165167,4095.0,75647.6,136683382.7,895.094604329491,19.9409078719155,,
2026-06-05,2026-06-03,IMA-GERAL-EX-C,9923.002381,-0.2629,-0.3683,4.8913,13.1176,23.7605,493.0,98.93,8159194519,4093.0,75646.34,136673324.15,889.961825205653,19.9856524579161,,
2026-06-05,2026-06-03,IMA-S,8616.387022,0.0538,0.1616,5.9355,15.0318,28.9994,1.0,53.79,4436321385,556.0,2429.69,46349640.78,1.0,0.0,,
2026-06-05,2026-06-03,IRF-M,22344.893638,-0.6199,-0.8756,3.4202,12.3117,22.292,587.0,21.87,1803438252,461.0,64767.58,52469785.04,914.214093760456,9.10596069276789,14.4020563050677,14.4965189488858
2026-06-05,2026-06-03,IRF-M 1,20156.229376,0.0089,0.0895,5.5257,14.4128,27.5927,95.0,6.23,513924679,103.0,33032.35,31958308.0,139.008111209375,0.465754165359802,14.2286259834052,14.1459122690217
2026-06-05,2026-06-03,IRF-M 1+,24129.949791,-0.8682,-1.2543,2.6255,11.4523,19.8597,784.0,15.64,1289513573,358.0,31735.23,20511477.04,1223.16585194334,12.5494415969289,14.4711754862995,14.5134362372868
2026-06-08,2026-06-05,IMA-B,11276.80796,-0.8921,-1.9784,3.0959,8.7684,14.3119,1523.0,23.13,1902310988,4075.0,11378.61,50955555.33,2902.96214027996,74.6739036795143,8.43572686377451,7.903631407175
2026-06-08,2026-06-05,IMA-B 5,11233.854356,-0.2444,-0.6317,5.5801,11.9568,21.5784,460.0,10.39,854655243,2752.0,9887.03,44676392.99,681.859012544313,6.22748072322348,9.12394451369439,8.60083069103692
2026-06-08,2026-06-05,IMA-B 5+,12249.692523,-1.4143,-3.0503,1.1587,6.3064,9.2966,2389.0,12.74,1047655745,1323.0,1491.58,6279162.34,4714.89076492055,130.511037696428,7.87429356322174,7.79409961437106
2026-06-08,2026-06-05,IMA-GERAL,10037.984604,-0.2739,-0.6372,4.6233,12.6898,23.3719,490.0,100.0,8224578769,5638.0,111846.13,170605875.49,885.266003886422,19.4062990660064,,
2026-06-08,2026-06-05,IMA-GERAL-EX-C,9895.501265,-0.2771,-0.6444,4.6006,12.769,23.4759,486.0,98.93,8136581710,5638.0,111846.13,170605875.49,880.032748450117,19.4457242280341,,
2026-06-08,2026-06-05,IMA-S,8621.014606,0.0537,0.2154,5.9924,14.9663,28.9618,1.0,53.97,4438703990,538.0,2389.87,45591400.87,1.0,0.0,,
2026-06-08,2026-06-05,IRF-M,22247.36422,-0.4365,-1.3083,2.9688,11.9979,21.7885,584.0,21.83,1795566731,1025.0,98077.64,74058919.29,909.842477585162,9.00480962915949,14.6038368825835,14.7385195120292
2026-06-08,2026-06-05,IRF-M 1,20159.633137,0.0169,0.1064,5.5435,14.3523,27.5549,94.0,6.25,514011465,185.0,24800.41,23182383.92,136.965712623449,0.45932977918992,14.2996501011839,14.2550944154441
2026-06-08,2026-06-05,IRF-M 1+,23981.030436,-0.6172,-1.8637,1.9921,11.0502,19.188,781.0,15.58,1281555267,840.0,73277.24,50876535.37,1219.83107368918,12.4322658832733,14.7258413697078,14.7618173444394
2026-06-09,2026-06-08,IMA-B,11240.314859,-0.3236,-2.2956,2.7623,8.2846,14.3331,1516.0,23.08,1896154882,2700.0,7135.8,31580779.85,2894.77160823284,74.0687044751241,8.5200188607485,7.97265737346588
2026-06-09,2026-06-08,IMA-B 5,11219.662625,-0.1263,-0.7572,5.4467,11.6254,21.5778,459.0,10.39,853575557,1963.0,5540.37,25080396.07,678.175402417059,6.18982302135114,9.23156690201387,8.7108147593515
2026-06-09,2026-06-08,IMA-B 5+,12190.336589,-0.4846,-3.52,0.6685,5.6938,9.3658,2381.0,12.69,1042579325,737.0,1595.44,6500383.78,4709.532648593,129.64217753365,7.93746365279273,7.85627653327381
2026-06-09,2026-06-08,IMA-GERAL,10028.87417,-0.0908,-0.7273,4.5283,12.4849,23.4963,487.0,100.0,8217114175,3856.0,53627.08,79658084.99,880.752723703809,19.2138372855994,,
2026-06-09,2026-06-08,IMA-GERAL-EX-C,9886.453761,-0.0914,-0.7352,4.505,12.5634,23.6035,483.0,98.93,8129142395,3856.0,53627.08,79658084.99,875.499807465453,19.2516066057198,,
2026-06-09,2026-06-08,IMA-S,8625.629352,0.0535,0.269,6.0491,14.9638,28.9316,1.0,54.05,4441079986,452.0,692.32,13242962.33,1.0,0.0,,
2026-06-09,2026-06-08,IRF-M,22202.026082,-0.2038,-1.5094,2.759,11.609,22.2198,583.0,21.81,1791907527,704.0,45798.95,34834342.81,906.121649693462,8.95878587209857,14.7271807111097,14.8666991560181
2026-06-09,2026-06-08,IRF-M 1,20164.00343,0.0217,0.1281,5.5664,14.3156,27.5797,93.0,6.26,514122894,174.0,14355.43,13624800.16,133.923583670786,0.453039730685563,14.3505447174704,14.3519082715146
2026-06-09,2026-06-08,IRF-M 1+,23910.47266,-0.2942,-2.1525,1.692,10.5205,19.8064,780.0,15.55,1277784633,530.0,31443.53,21209542.65,1216.81931698889,12.3811144183947,14.8787220445994,14.8913559600828
2026-06-10,2026-06-09,IMA-B,11247.431545,0.0633,-2.2337,2.8273,8.4549,14.4055,1516.0,23.08,1897355412,2729.0,9851.37,43267767.64,2896.07899948972,74.1949312977207,8.55181606359611,7.97073889834437
2026-06-10,2026-06-09,IMA-B 5,11220.538715,0.0078,-0.7495,5.4549,11.5466,21.5873,458.0,10.38,853642208,1625.0,7368.78,33184521.99,677.086061321685,6.17006559914737,9.30559009983955,8.74101276572555
2026-06-10,2026-06-09,IMA-B 5+,12203.594443,0.1088,-3.4151,0.778,6.0192,9.4847,2383.0,12.7,1043713204,1104.0,2482.59,10083245.65,4710.97031746594,129.831763682038,7.935312094357,7.84976205045985
2026-06-10,2026-06-09,IMA-GERAL,10032.805784,0.0392,-0.6884,4.5693,12.4775,23.5447,487.0,100.0,8220335525,3943.0,49444.17,89430047.43,880.821506192775,19.2400489820619,,
2026-06-10,2026-06-09,IMA-GERAL-EX-C,9890.278004,0.0387,-0.6968,4.5454,12.5533,23.6513,482.0,98.93,8132286881,3943.0,49444.17,89430047.43,875.577604912045,19.2783689270045,,
2026-06-10,2026-06-09,IMA-S,8630.24125,0.0535,0.3226,6.1058,14.9635,29.0006,1.0,54.05,4443454515,578.0,912.84,17471613.5,1.0,0.0,,
2026-06-10,2026-06-09,IRF-M,22196.691204,-0.024,-1.5331,2.7343,11.3752,22.1904,582.0,21.79,1791476953,636.0,38679.96,28690666.28,904.903436052503,8.93289316937816,14.7685054155521,14.906011469604
2026-06-10,2026-06-09,IRF-M 1,20171.4708,0.037,0.1652,5.6055,14.2743,27.627,92.0,6.26,514313290,67.0,6037.21,5899023.3,132.903699798152,0.447282060616884,14.3798798667427,14.4027295184122
2026-06-10,2026-06-09,IRF-M 1+,23898.8528,-0.0486,-2.2,1.6426,10.2074,19.7481,779.0,15.54,1277163663,569.0,32642.75,22791642.98,1215.78741746554,12.3500453293178,14.9250047668069,14.9299083539041
2026-06-11,2026-06-10,IMA-B,11294.657483,0.4199,-1.8232,3.2591,9.1881,14.8647,1524.0,23.15,1905322066,3140.0,11168.56,49242267.6,2904.72140050181,75.0263477917508,8.53289195209175,7.90353137139655
2026-06-11,2026-06-10,IMA-B 5,11231.147578,0.0945,-0.6556,5.5546,11.7413,21.6665,457.0,10.38,854449315,2171.0,9056.4,40631122.21,676.500366577274,6.16470894115744,9.35117915533906,8.71925091808538
2026-06-11,2026-06-10,IMA-B 5+,12287.30729,0.686,-2.7526,1.4693,7.133,10.227,2392.0,12.77,1050872751,969.0,2112.16,8611145.38,4716.45544330673,131.016742572838,7.86755455497382,7.77686870005122
2026-06-11,2026-06-10,IMA-GERAL,10046.399958,0.1355,-0.5539,4.711,12.6156,23.6339,489.0,100.0,8231473853,4508.0,73882.68,127340118.55,884.256478527795,19.4742398100206,,
2026-06-11,2026-06-10,IMA-GERAL-EX-C,9903.586218,0.1346,-0.5632,4.6861,12.6892,23.7398,485.0,98.93,8143229568,4508.0,73882.68,127340118.55,879.056047500671,19.5152010758149,,
2026-06-11,2026-06-10,IMA-S,8634.859146,0.0535,0.3763,6.1626,14.9596,29.0205,1.0,54.01,4445832132,614.0,1579.55,30214627.89,1.0,0.0,,
2026-06-11,2026-06-10,IRF-M,22204.105682,0.0334,-1.5002,2.7686,11.1913,22.031,580.0,21.77,1792075370,754.0,61134.56,47883223.07,903.689439375172,8.91000832203077,14.7710124883686,14.9168487750922
2026-06-11,2026-06-10,IRF-M 1,20183.177132,0.058,0.2233,5.6668,14.2622,27.673,91.0,6.25,514611767,99.0,18130.42,17643681.05,131.908038663942,0.442183461971309,14.3722292744962,14.3880597878594
2026-06-11,2026-06-10,IRF-M 1+,23904.4654,0.0235,-2.1771,1.6665,9.9517,19.5026,778.0,15.52,1277463602,655.0,43004.15,30239542.01,1214.59284978188,12.3211758175069,14.9316577968608,14.9417303754426
2026-06-12,2026-06-11,IMA-B,11453.317291,1.4047,-0.4441,4.7096,10.5691,16.5685,1547.0,23.35,1932086758,2150.0,7517.92,32748800.45,2926.81283999599,77.3102946016828,8.25172862065544,7.66132253751077
2026-06-12,2026-06-11,IMA-B 5,11283.557318,0.4666,-0.192,6.0472,12.3646,22.1499,457.0,10.37,858436572,1144.0,4720.58,21194080.62,677.063079000399,6.20045667521906,9.03305053002396,8.47430374132862
2026-06-12,2026-06-11,IMA-B 5+,12553.631973,2.1675,-0.6448,3.6686,9.1515,12.8611,2419.0,12.97,1073650186,1006.0,2797.34,11554719.82,4725.59935067888,134.166136729816,7.62702300430673,7.53848780794621
2026-06-12,2026-06-11,IMA-GERAL,10099.407774,0.5276,-0.0292,5.2635,13.1266,24.2326,499.0,100.0,8274905575,3131.0,57201.7,94408496.27,896.381198102425,20.1897583144565,,
2026-06-12,2026-06-11,IMA-GERAL-EX-C,9956.23444,0.5316,-0.0346,5.2426,13.201,24.3439,494.0,98.93,8186519599,3131.0,57201.7,94408496.27,891.34166217619,20.2384442793646,,
2026-06-12,2026-06-11,IMA-S,8639.454778,0.0532,0.4297,6.2191,14.9557,29.0369,1.0,53.76,4448198287,458.0,1138.73,21809704.66,1.0,0.0,,
2026-06-12,2026-06-11,IRF-M,22379.540285,0.7901,-0.7219,3.5806,12.0019,22.7637,583.0,21.83,1806234554,523.0,48545.05,39849991.17,906.682608413368,9.0310664519203,14.4757791697668,14.5528236409051
2026-06-12,2026-06-11,IRF-M 1,20204.754428,0.1069,0.3305,5.7798,14.3396,27.7209,90.0,6.23,515161925,90.0,21877.11,21095097.48,130.970664468813,0.438595463181152,14.2571468420973,14.2165260224527
2026-06-12,2026-06-11,IRF-M 1+,24159.123546,1.0653,-1.1349,2.7496,11.0453,20.483,779.0,15.6,1291072629,433.0,26667.94,18754893.69,1216.20606146573,12.4596217441885,14.5630175235622,14.5682949454481
2026-06-15,2026-06-12,IMA-B,11491.24805,0.3312,-0.1144,5.0564,10.9011,17.604,1550.0,23.39,1938485386,2399.0,9276.4,40957618.05,2929.59774787886,77.6300381211835,8.26350108474,7.62541871229598
2026-06-15,2026-06-12,IMA-B 5,11302.002882,0.1635,-0.0289,6.2206,12.3748,22.531,456.0,10.37,859839883,1418.0,6373.06,28896339.08,676.308001006348,6.1905856549356,9.11045225055503,8.45616528654034
2026-06-15,2026-06-12,IMA-B 5+,12612.039604,0.4653,-0.1825,4.151,9.7081,14.4608,2422.0,13.01,1078645503,981.0,2903.34,12061278.97,4725.80269960814,134.577840083539,7.58835583099651,7.50066238660163
2026-06-15,2026-06-12,IMA-GERAL,10116.013149,0.1644,0.1352,5.4365,13.2681,24.6906,500.0,100.0,8288511116,3703.0,83458.5,117217557.76,898.41909069674,20.3020983011879,,
2026-06-15,2026-06-12,IMA-GERAL-EX-C,9972.787871,0.1663,0.1316,5.4176,13.3445,24.8094,496.0,98.93,8200130667,3703.0,83458.5,117217557.76,893.420976484032,20.3522860998126,,
2026-06-15,2026-06-12,IMA-S,8644.056052,0.0533,0.4832,6.2756,14.9542,29.0562,1.0,53.7,4450567346,531.0,1205.46,23114096.06,1.0,0.0,,
2026-06-15,2026-06-12,IRF-M,22439.550564,0.2681,-0.4557,3.8584,12.2885,23.4524,583.0,21.85,1811077935,773.0,72976.63,53145843.65,907.048629551509,9.05908611422365,14.4043748274303,14.4468674378071
2026-06-15,2026-06-12,IRF-M 1,20215.104853,0.0512,0.3818,5.834,14.3296,27.7768,89.0,6.22,515425831,151.0,14415.64,13867800.41,129.971157570318,0.433369191038728,14.2606940075074,14.2214886711552
2026-06-15,2026-06-12,IRF-M 1+,24244.816722,0.3547,-0.7843,3.114,11.4489,21.429,779.0,15.63,1295652105,622.0,58560.99,39278043.24,1216.17929813999,12.4904989857367,14.4615327679543,14.4570894114107
2026-06-16,2026-06-15,IMA-B,11474.703509,-0.144,-0.2582,4.9051,10.5309,16.9193,1545.0,23.34,1935694449,3214.0,8510.33,38389603.0,2922.27849324071,77.1673982530849,8.32979607688246,7.66185896581751
2026-06-16,2026-06-15,IMA-B 5,11303.619494,0.0143,-0.0146,6.2357,12.1711,22.3719,455.0,10.37,859962873,2178.0,7105.61,32456811.98,673.214712328239,6.17047256963398,9.21289499450493,8.48446650175289
2026-06-16,2026-06-15,IMA-B 5+,12577.968581,-0.2701,-0.4521,3.8696,9.2074,13.3282,2416.0,12.97,1075731576,1036.0,1404.73,5932791.01,4720.22827258995,133.923861964953,7.62382787911143,7.53795724988996
2026-06-16,2026-06-15,IMA-GERAL,10120.907888,0.0484,0.1837,5.4876,13.2074,24.4333,498.0,100.0,8292521599,4324.0,57515.04,101757902.17,895.233639435112,20.16482287767,,
2026-06-16,2026-06-15,IMA-GERAL-EX-C,9977.590081,0.0482,0.1798,5.4683,13.2815,24.5518,494.0,98.93,8204079287,4324.0,57515.04,101757902.17,890.23243477402,20.2138115556831,,
2026-06-16,2026-06-15,IMA-S,8648.633615,0.053,0.5364,6.3319,14.9512,29.0209,1.0,53.7,4452924197,425.0,1265.78,24295539.74,1.0,0.0,,
2026-06-16,2026-06-15,IRF-M,22493.853,0.242,-0.2148,4.1097,12.4172,23.2755,583.0,21.89,1815460641,685.0,47738.93,39072759.43,904.699479176694,9.06833663669604,14.3057815813958,14.3537226795044
2026-06-16,2026-06-15,IRF-M 1,20232.841352,0.0877,0.4699,5.9268,14.3554,27.74,88.0,6.22,515878059,139.0,23874.18,23083753.79,127.010607133358,0.429237085962183,14.1827590996257,14.1071255215584
2026-06-16,2026-06-15,IRF-M 1+,24318.365549,0.3034,-0.4833,3.4268,11.6146,21.1807,779.0,15.67,1299582582,546.0,23864.75,15989005.64,1213.40831509192,12.497685392395,14.3546161841578,14.3647693142333
2026-06-17,2026-06-16,IMA-B,11439.713769,-0.3049,-0.5624,4.5852,10.1156,16.5628,1541.0,23.41,1943268741,3649.0,9200.71,41398172.13,2918.95543602886,76.7119050177094,8.37670035787698,7.72459597854857
2026-06-17,2026-06-16,IMA-B 5,11291.936606,-0.1034,-0.1179,6.1259,12.1914,22.2454,457.0,10.42,865082366,2218.0,7188.9,32944920.78,676.168820471046,6.19847120349625,9.23372002872946,8.57260024356234
2026-06-17,2026-06-16,IMA-B 5+,12519.345815,-0.4661,-0.9161,3.3855,8.4938,12.8001,2410.0,12.99,1078186374,1431.0,2011.81,8453251.35,4718.45429735245,133.288327837645,7.68907099932234,7.59564894920867
2026-06-17,2026-06-16,IMA-GERAL,10116.204962,-0.0465,0.1371,5.4385,13.0687,24.3755,498.0,100.0,8302180009,4470.0,41469.36,91986419.34,895.796646014506,20.0999625914176,,
2026-06-17,2026-06-16,IMA-GERAL-EX-C,9972.798866,-0.048,0.1317,5.4177,13.1394,24.492,494.0,98.93,8213651229,4470.0,41469.36,91986419.34,890.813232243336,20.1484759212928,,
2026-06-17,2026-06-16,IMA-S,8653.254122,0.0534,0.5902,6.3887,14.9491,29.0899,1.0,53.66,4455303158,395.0,1350.67,25881713.96,1.0,0.0,,
2026-06-17,2026-06-16,IRF-M,22489.128497,-0.021,-0.2358,4.0878,12.2385,23.2496,581.0,21.86,1815079330,426.0,30917.98,24706533.25,903.574303912143,9.04682604097251,14.3336848530618,14.3904864325782
2026-06-17,2026-06-16,IRF-M 1,20243.850299,0.0544,0.5246,5.9844,14.3641,27.8095,87.0,6.22,516158755,131.0,16657.25,16032593.06,126.009146258839,0.424105308770017,14.1693492448988,14.1004184117518
2026-06-17,2026-06-16,IRF-M 1+,24305.977787,-0.0509,-0.534,3.3741,11.3593,21.1189,778.0,15.65,1298920575,295.0,14260.72,8673940.19,1212.5593730881,12.4732809633682,14.3989877395872,14.4033620162317
2026-06-18,2026-06-17,IMA-B,11385.423357,-0.4746,-1.0343,4.0889,9.5196,15.9717,1533.0,23.33,1934046407,3723.0,11270.74,50218699.33,2912.61622728806,76.0451331628567,8.47395184543897,7.81770430125401
2026-06-18,2026-06-17,IMA-B 5,11272.120575,-0.1755,-0.2932,5.9397,12.0106,22.0854,455.0,10.42,863564248,2318.0,7779.75,35413536.58,673.99722697251,6.14890557744957,9.32595999690179,8.70743393279853
2026-06-18,2026-06-17,IMA-B 5+,12429.888428,-0.7146,-1.6241,2.6467,7.5884,11.8745,2402.0,12.91,1070482159,1405.0,3491.0,14805162.76,4718.52332919391,132.430830673296,7.786631863168,7.68180716242949
2026-06-18,2026-06-17,IMA-GERAL,10101.59827,-0.1444,-0.0075,5.2863,12.8779,24.1799,494.0,100.0,8290192570,4931.0,56328.74,124099897.81,891.159013908584,19.8643141823561,,
2026-06-18,2026-06-17,IMA-GERAL-EX-C,9958.295836,-0.1454,-0.0139,5.2644,12.9458,24.2954,490.0,98.93,8201706456,4931.0,56328.74,124099897.81,886.131502104637,19.9107575343577,,
2026-06-18,2026-06-17,IMA-S,8657.876533,0.0534,0.6439,6.4456,14.9468,29.108,1.0,53.77,4457683100,603.0,1961.5,37600575.77,1.0,0.0,,
2026-06-18,2026-06-17,IRF-M,22425.909157,-0.2811,-0.5162,3.7952,12.0252,22.9817,579.0,21.83,1809976948,605.0,43096.51,36280622.71,900.673254660303,8.96551310260264,14.4600682616957,14.5571146626831
2026-06-18,2026-06-17,IRF-M 1,20250.715681,0.0339,0.5587,6.0204,14.3415,27.8359,86.0,6.23,516333802,275.0,21763.69,20588573.15,124.985733286829,0.418398706075922,14.2054690696201,14.1621566148251
2026-06-18,2026-06-17,IRF-M 1+,24207.2242,-0.4063,-0.9381,2.9541,11.0785,20.7464,775.0,15.6,1293643146,330.0,21332.81,15692049.56,1210.27462218121,12.3769361725997,14.561686833433,14.5745713281284
2026-06-19,2026-06-18,IMA-B,11371.597597,-0.1214,-1.1544,3.9625,9.2361,15.7607,1530.0,23.32,1931697820,2684.0,7529.1,33388973.84,2910.46216113818,75.8401277174106,8.49359801793207,7.84749262767617
2026-06-19,2026-06-18,IMA-B 5,11266.258486,-0.052,-0.345,5.8846,11.9774,21.9231,453.0,10.42,863115150,1404.0,4783.86,21885644.05,672.384841365642,6.11675035333589,9.33200886857075,8.76825013538945
2026-06-19,2026-06-18,IMA-B 5+,12407.832538,-0.1774,-1.7987,2.4646,7.1361,11.6301,2400.0,12.9,1068582670,1280.0,2745.24,11503329.8,4718.20104272302,132.157065073829,7.8163971544712,7.70697691034388
2026-06-19,2026-06-18,IMA-GERAL,10092.539102,-0.0897,-0.0971,5.1919,12.7,24.0215,492.0,100.0,8282757881,3776.0,80172.25,113677131.84,888.933377510786,19.7790706503406,,
2026-06-19,2026-06-18,IMA-GERAL-EX-C,9949.279107,-0.0905,-0.1044,5.1691,12.7651,24.1364,488.0,98.93,8194280229,3776.0,80172.25,113677131.84,883.888556854587,19.8250052988163,,
2026-06-19,2026-06-18,IMA-S,8662.501663,0.0534,0.6977,6.5024,14.9454,29.1239,1.0,53.85,4460064442,504.0,1537.39,29516175.33,1.0,0.0,,
2026-06-19,2026-06-18,IRF-M,22333.491155,-0.4121,-0.9262,3.3675,11.5298,22.4711,575.0,21.76,1802517966,588.0,71105.75,50771982.67,896.655168224198,8.84953154194883,14.6040329599409,14.7910210716848
2026-06-19,2026-06-18,IRF-M 1,20263.320894,0.0622,0.6213,6.0864,14.3504,27.8515,85.0,6.24,516655198,105.0,15192.81,14666262.37,123.98725789211,0.413500347143981,14.1509679636738,14.1294071662857
2026-06-19,2026-06-18,IRF-M 1+,24061.634318,-0.6014,-1.5339,2.3349,10.3889,20.0422,772.0,15.52,1285862768,483.0,55912.94,36105720.3,1207.11045324334,12.2390996008681,14.7860729031913,14.8202387315324
2026-06-22,2026-06-19,IMA-B,11325.579482,-0.4047,-1.5545,3.5418,8.794,15.2889,1524.0,23.25,1923880704,3647.0,12005.9,53504037.96,2905.71850300589,75.3070726808663,8.60539239965234,7.92870385385274
2026-06-22,2026-06-19,IMA-B 5,11242.212034,-0.2134,-0.5577,5.6586,11.7384,21.6192,451.0,10.41,861272936,2071.0,8891.27,40524382.84,670.214597793801,6.06596908334743,9.48372456410779,8.92778983605421
2026-06-22,2026-06-19,IMA-B 5+,12338.45505,-0.5591,-2.3478,1.8917,6.5371,11.0377,2393.0,12.84,1062607768,1576.0,3114.64,12979655.11,4717.65614278276,131.428898965992,7.8934799286909,7.77592786945475
2026-06-22,2026-06-19,IMA-GERAL,10081.62428,-0.1081,-0.2052,5.0781,12.5781,23.8702,489.0,100.0,8273800291,4763.0,67217.21,115984455.69,885.089150690304,19.5861335136964,,
2026-06-22,2026-06-19,IMA-GERAL-EX-C,9938.97366,-0.1036,-0.2079,5.0601,12.6483,23.9913,485.0,98.94,8185792606,4763.0,67217.21,115984455.69,880.035344581709,19.6301976467238,,
2026-06-22,2026-06-19,IMA-S,8667.066719,0.0527,0.7507,6.5585,15.006,29.1405,1.0,53.93,4462414854,534.0,1117.12,21433726.45,1.0,0.0,,
2026-06-22,2026-06-19,IRF-M,22296.061491,-0.1676,-1.0922,3.1942,11.3429,22.2989,573.0,21.75,1799497049,582.0,54094.18,41046691.28,894.176872560327,8.78406706382527,14.6818292005315,14.9031482532164
2026-06-22,2026-06-19,IRF-M 1,20272.758574,0.0466,0.6681,6.1358,14.4036,27.888,84.0,6.25,516895831,124.0,13269.36,12366447.62,122.978510012439,0.408222938717929,14.161153051412,14.1495775049713
2026-06-22,2026-06-19,IRF-M 1+,24000.602729,-0.2536,-1.7837,2.0754,10.1089,19.7946,770.0,15.5,1282601217,458.0,40824.82,28680243.67,1204.97434665832,12.1595814890912,14.8916647497601,14.9362233150272
2026-06-23,2026-06-22,IMA-B,11355.961331,0.2683,-1.2904,3.8196,8.7187,15.0314,1524.0,23.27,1929041681,2388.0,8472.92,36702821.92,2903.27524247185,75.3885066319065,8.56016052095663,7.88918195671788
2026-06-23,2026-06-22,IMA-B 5,11259.075805,0.15,-0.4086,5.8171,11.8869,21.3845,451.0,10.41,862564880,1304.0,5028.94,22465555.03,667.83381069015,6.0680785417628,9.44158812713695,8.86644872029048
2026-06-23,2026-06-22,IMA-B 5+,12383.38027,0.3641,-1.9922,2.2627,6.3405,10.7383,2393.0,12.87,1066476801,1084.0,3443.98,14237266.9,4711.29700942682,131.454767684304,7.84726315969636,7.74022531381978
2026-06-23,2026-06-22,IMA-GERAL,10099.794088,0.1802,-0.0253,5.2675,12.5989,23.7858,490.0,100.0,8288711912,3855.0,49955.23,88836900.66,885.356425887645,19.6375370868056,,
2026-06-23,2026-06-22,IMA-GERAL-EX-C,9956.858887,0.18,-0.0283,5.2492,12.6637,23.9014,486.0,98.94,8200522976,3855.0,49955.23,88836900.66,880.336444672909,19.6822048148155,,
2026-06-23,2026-06-22,IMA-S,8671.617469,0.0525,0.8036,6.6145,15.0039,29.1049,1.0,53.87,4464757899,777.0,1155.84,22216923.54,1.0,0.0,,
2026-06-23,2026-06-22,IRF-M,22385.59711,0.4016,-0.6951,3.6086,11.514,22.4073,574.0,21.8,1806723396,690.0,40326.47,29917155.2,893.449176238384,8.84297025962584,14.5571965724296,14.7287507965391
2026-06-23,2026-06-22,IRF-M 1,20286.363715,0.0671,0.7357,6.207,14.4539,27.8016,83.0,6.24,517242722,180.0,9642.46,9178848.67,119.998509548298,0.403620607053708,14.1371780670545,14.0990062614857
2026-06-23,2026-06-22,IRF-M 1+,24129.334163,0.5364,-1.2569,2.6229,10.3179,19.9648,771.0,15.56,1289480674,510.0,30684.01,20738306.53,1203.69944728356,12.2282029963954,14.7256764260889,14.7559119411643
2026-06-24,2026-06-23,IMA-B,11360.778692,0.0424,-1.2485,3.8636,8.8726,15.0802,1522.0,23.26,1929860008,3099.0,10070.36,43695550.21,2899.61321806908,75.1703734619415,8.55036995695631,7.89033346671538
2026-06-24,2026-06-23,IMA-B 5,11278.717174,0.1744,-0.2348,6.0017,12.0822,21.5962,450.0,10.42,864069618,1578.0,5677.16,25527433.41,667.410899348003,6.06989136298912,9.40425003035124,8.79006692559364
2026-06-24,2026-06-23,IMA-B 5+,12375.410023,-0.0644,-2.0553,2.1969,6.4467,10.667,2390.0,12.85,1065790390,1521.0,4393.2,18168116.8,4709.32948245804,131.192296422419,7.85810266393343,7.75287266457047
2026-06-24,2026-06-23,IMA-GERAL,10109.096197,0.0921,0.0667,5.3645,12.6814,23.8998,489.0,100.0,8296345979,4439.0,64628.73,116854475.35,884.441438418499,19.584294975923,,
2026-06-24,2026-06-23,IMA-GERAL-EX-C,9966.193589,0.0938,0.0654,5.3479,12.7472,24.0175,485.0,98.94,8208211087,4438.0,64628.43,116852080.58,879.430145393249,19.6287101243106,,
2026-06-24,2026-06-23,IMA-S,8676.195322,0.0528,0.8568,6.6708,15.0014,29.1731,1.0,53.84,4467114900,540.0,1733.26,33295960.46,1.0,0.0,,
2026-06-24,2026-06-23,IRF-M,22441.511231,0.2498,-0.447,3.8674,11.7196,22.713,574.0,21.83,1811236179,799.0,52824.82,39860569.91,893.441499062831,8.86041187437213,14.4802734443849,14.6305723788428
2026-06-24,2026-06-23,IRF-M 1,20299.099082,0.0628,0.7989,6.2737,14.4616,27.8818,82.0,6.24,517567437,203.0,14553.85,13692776.74,119.015236974556,0.398926573297371,14.1247027937203,14.0624215908222
2026-06-24,2026-06-23,IRF-M 1+,24207.703164,0.3248,-0.9361,2.9562,10.5996,20.3544,771.0,15.59,1293668742,596.0,38270.96,26167793.17,1203.27183071211,12.2456596706028,14.6225291735786,14.6547315056911
2026-06-25,2026-06-24,IMA-B,11377.030253,0.143,-1.1072,4.0122,9.1746,15.1453,1521.0,23.25,1932620667,3485.0,9157.25,40087530.76,2898.5123299874,75.1390383457945,8.54464328238387,7.87317808733117
2026-06-25,2026-06-24,IMA-B 5,11286.197848,0.0663,-0.1687,6.072,12.093,21.5559,450.0,10.4,864642717,1808.0,5798.89,26060783.75,666.648000821187,6.06029613218042,9.42313279970541,8.77937904806144
2026-06-25,2026-06-24,IMA-B 5+,12400.810845,0.2053,-1.8542,2.4066,6.9427,10.8124,2389.0,12.85,1067977950,1677.0,3358.36,14026747.01,4705.4459245647,131.06569049295,7.83341177938061,7.73509704507649
2026-06-25,2026-06-24,IMA-GERAL,10127.362681,0.1807,0.2476,5.5548,12.8608,24.0238,490.0,100.0,8311336940,4818.0,73167.25,141380849.14,884.978189682515,19.5935586825352,,
2026-06-25,2026-06-24,IMA-GERAL-EX-C,9984.257033,0.1812,0.2468,5.5388,12.927,24.1417,485.0,98.94,8223088238,4818.0,73167.25,141380849.14,879.985995708681,19.6381893229189,,
2026-06-25,2026-06-24,IMA-S,8680.748245,0.0525,0.9098,6.7268,15.0002,29.1895,1.0,53.78,4469459065,707.0,2759.34,53066884.32,1.0,0.0,,
2026-06-25,2026-06-24,IRF-M,22562.591954,0.5395,0.0901,4.4278,12.1906,23.1826,575.0,21.91,1821008506,626.0,61250.66,48226434.06,895.112896868461,8.93532631595857,14.2926543439841,14.3874456835277
2026-06-25,2026-06-24,IRF-M 1,20314.29171,0.0748,0.8744,6.3532,14.4724,27.9124,81.0,6.23,517954804,151.0,24434.81,23188689.42,118.043493265735,0.394592196708339,14.0854459805256,13.982148690258
2026-06-25,2026-06-24,IRF-M 1+,24383.318689,0.7255,-0.2175,3.7031,11.2459,20.9805,771.0,15.68,1303053702,475.0,36815.85,25037744.64,1203.99259248723,12.3302088616926,14.375018230579,14.4043433147274
2026-06-26,2026-06-25,IMA-B,11400.540559,0.2066,-0.9029,4.2271,9.4973,15.5605,1522.0,23.28,1936614372,3375.0,13873.06,61709567.0,2899.42423231181,75.2955335769494,8.54533270794384,7.84408100151106
2026-06-26,2026-06-25,IMA-B 5,11296.885848,0.0947,-0.0741,6.1725,12.2475,21.5643,449.0,10.4,865461531,2034.0,10348.49,46958518.32,666.038748738724,6.05481759269906,9.46612745056841,8.75133853823518
2026-06-26,2026-06-25,IMA-B 5+,12437.676043,0.2973,-1.5625,2.7111,7.3882,11.5699,2390.0,12.88,1071152841,1341.0,3524.56,14751048.68,4703.93722607937,131.240095145181,7.80135631431177,7.7064028876884
2026-06-26,2026-06-25,IMA-GERAL,10135.227198,0.0777,0.3254,5.6368,12.9528,24.1699,490.0,100.0,8317791201,4458.0,66989.74,131529482.92,885.463580818764,19.6402909757599,,
2026-06-26,2026-06-25,IMA-GERAL-EX-C,9992.133842,0.0789,0.3258,5.6221,13.0196,24.2901,486.0,98.94,8229575620,4458.0,66989.74,131529482.92,880.493116766205,19.6857266652317,,
2026-06-26,2026-06-25,IMA-S,8685.323906,0.0527,0.963,6.783,14.9996,29.2023,1.0,53.76,4471814936,522.0,1549.22,29831758.88,1.0,0.0,,
2026-06-26,2026-06-25,IRF-M,22564.299389,0.0076,0.0977,4.4357,12.2495,23.2816,573.0,21.89,1821146312,561.0,51567.46,39988157.04,893.144182391207,8.88822806384801,14.290522170192,14.4104035530575
2026-06-26,2026-06-25,IRF-M 1,20326.164397,0.0584,0.9333,6.4154,14.4754,27.9472,80.0,6.23,518257523,108.0,13191.82,12867866.03,117.048392320954,0.389758902114329,14.078023848639,13.9588091299343
2026-06-26,2026-06-25,IRF-M 1+,24380.232766,-0.0127,-0.2301,3.6899,11.3309,21.1103,770.0,15.66,1302888789,453.0,38375.64,27120291.01,1201.85624215926,12.2687127325724,14.3750488425219,14.4290596356598
2026-06-29,2026-06-26,IMA-B,11376.667235,-0.2094,-1.1104,4.0089,8.9997,15.4815,1513.0,23.23,1932559001,4344.0,12480.03,55310145.2,2888.17209979396,74.3955300370783,8.58039853695233,7.89142909777427
2026-06-29,2026-06-26,IMA-B 5,11313.455991,0.1467,0.0724,6.3282,12.2565,21.778,448.0,10.42,866730980,2536.0,9496.28,42777798.5,665.490193904148,6.05274848538561,9.47288309533381,8.68898013075772
2026-06-29,2026-06-26,IMA-B 5+,12375.846969,-0.4971,-2.0518,2.2005,6.5164,11.2921,2378.0,12.81,1065828021,1808.0,2983.75,12532346.69,4695.65626153112,129.971856499454,7.85463040090242,7.76920972038222
2026-06-29,2026-06-26,IMA-GERAL,10136.604235,0.0136,0.339,5.6512,12.8244,24.2606,487.0,100.0,8318921310,6199.0,88078.19,139436759.24,881.411398351551,19.3918573566506,,
2026-06-29,2026-06-26,IMA-GERAL-EX-C,9993.460436,0.0133,0.3392,5.6361,12.8892,24.3821,483.0,98.94,8230668211,6199.0,88078.19,139436759.24,876.406753511348,19.434893883519,,
2026-06-29,2026-06-26,IMA-S,8689.910966,0.0528,1.0163,6.8394,14.9959,29.2179,1.0,53.78,4474176677,422.0,1203.26,23197121.04,1.0,0.0,,
2026-06-29,2026-06-26,IRF-M,22598.821118,0.153,0.2508,4.5955,12.2246,23.6758,572.0,21.93,1823932533,1433.0,74394.9,60929492.99,892.234779705439,8.8755542080397,14.244003122187,14.3603359277653
2026-06-29,2026-06-26,IRF-M 1,20338.439777,0.0604,0.9943,6.4797,14.475,28.0111,79.0,6.23,518570509,104.0,22143.15,21822663.25,116.056954529096,0.385017951003408,14.0722528127059,13.9278053634217
2026-06-29,2026-06-26,IRF-M 1+,24426.513029,0.1898,-0.0407,3.8868,11.2914,21.6403,768.0,15.69,1305362024,1329.0,52251.75,39106829.74,1200.58060456391,12.2485201969506,14.3122329647938,14.3779846439217
2026-06-30,2026-06-29,IMA-B,11374.715404,-0.0172,-1.1273,3.991,8.7893,16.0885,1509.0,23.21,1932227443,3544.0,11877.62,53601438.36,2882.13142718044,74.0939725220412,8.5528511528753,7.90332871782794
2026-06-30,2026-06-29,IMA-B 5,11317.419742,0.035,0.1075,6.3654,12.265,22.0219,447.0,10.42,867034646,2232.0,9762.61,44764500.08,662.273366700033,6.03312220101979,9.40294611865398,8.69682705972011
2026-06-30,2026-06-29,IMA-B 5+,12368.471077,-0.0596,-2.1102,2.1396,6.1617,12.2363,2374.0,12.8,1065192797,1312.0,2115.01,8836938.28,4689.02859359719,129.49344142428,7.86089962129034,7.78170062484321
2026-06-30,2026-06-29,IMA-GERAL,10142.252981,0.0557,0.395,5.71,12.7993,24.5651,486.0,100.0,8323557130,4703.0,58502.21,135253708.28,879.12785684476,19.3114441662123,,
2026-06-30,2026-06-29,IMA-GERAL-EX-C,9999.170566,0.0571,0.3965,5.6964,12.8547,24.6912,482.0,98.94,8235371105,4703.0,58502.21,135253708.28,874.137543361616,19.3538498375657,,
2026-06-30,2026-06-29,IMA-S,8694.485177,0.0526,1.0694,6.8956,14.992,29.1793,1.0,53.78,4476531802,707.0,2215.33,42755502.53,1.0,0.0,,
2026-06-30,2026-06-29,IRF-M,22632.018414,0.1469,0.3981,4.7492,12.3144,24.2576,572.0,21.95,1826611860,452.0,44409.25,38896767.38,889.864526309022,8.87967992975181,14.2118911929342,14.3133148884866
2026-06-30,2026-06-29,IRF-M 1,20350.852439,0.061,1.0559,6.5446,14.4827,28.0626,78.0,6.23,518886996,91.0,21644.62,21280505.2,113.068790106322,0.380339735530476,14.0706707490067,13.8936644118543
2026-06-30,2026-06-29,IRF-M 1+,24470.727546,0.181,0.1402,4.0748,11.4123,22.4463,768.0,15.71,1307724864,361.0,22764.63,17616262.18,1198.08624539101,12.2520996324289,14.2679254963788,14.3302136718041
2026-07-01,2026-06-30,IMA-B,11384.329478,0.0845,-1.0438,4.0789,8.2599,16.1866,1508.0,23.21,1933860589,2087.0,8987.81,40303665.39,2880.27954158509,74.0179068182984,8.53226768002056,7.89639581938337
2026-07-01,2026-06-30,IMA-B 5,11329.965328,0.1109,0.2185,6.4834,12.1162,22.1572,446.0,10.42,867995771,1531.0,7437.02,33837432.7,661.546493458415,6.02644885593105,9.36341718676438,8.65821041832354
2026-07-01,2026-06-30,IMA-B 5+,12376.274243,0.0631,-2.0484,2.204,5.3948,12.3072,2372.0,12.79,1065864818,556.0,1550.79,6466232.69,4687.12302598266,129.387309152536,7.85541425139908,7.77969878841484
2026-07-01,2026-06-30,IMA-GERAL,10153.743486,0.1133,0.5087,5.8298,12.6228,24.7063,486.0,100.0,8332987173,3289.0,61230.41,109080815.63,878.881246169274,19.2976987331949,,
2026-07-01,2026-06-30,IMA-GERAL-EX-C,10010.545603,0.1138,0.5107,5.8167,12.6741,24.8331,481.0,98.94,8244739647,3289.0,61230.41,109080815.63,873.90119086933,19.3401475688711,,
2026-07-01,2026-06-30,IMA-S,8699.044673,0.0524,1.1224,6.9517,14.9872,29.2471,1.0,53.75,4478879351,572.0,1484.34,28607477.5,1.0,0.0,,
2026-07-01,2026-06-30,IRF-M,22698.774715,0.295,0.6942,5.0581,12.1205,24.6242,572.0,21.98,1831999707,630.0,50758.25,40169672.74,890.038256798744,8.90511526344537,14.1025103765739,14.1919026521879
2026-07-01,2026-06-30,IRF-M 1,20366.959311,0.0791,1.1359,6.629,14.508,28.1639,77.0,6.23,519297673,125.0,12342.21,12147719.65,112.103631375235,0.37623338815347,14.0121892437896,13.7911690245341
2026-07-01,2026-06-30,IRF-M 1+,24563.862539,0.3806,0.5213,4.4709,11.1164,22.9124,768.0,15.75,1312702033,505.0,38416.05,28021953.09,1197.78489764744,12.2790938235172,14.1382409178091,14.2077931335362
2026-07-02,2026-07-01,IMA-B,11347.364947,-0.3247,-0.3247,3.741,7.7846,16.2612,1501.0,23.26,1927581410,2898.0,9530.6,42259229.28,2874.63039937676,73.4813305686443,8.62055576885527,7.96421159538099
2026-07-02,2026-07-01,IMA-B 5,11322.069332,-0.0697,-0.0697,6.4091,11.9657,22.327,445.0,10.47,867390854,1515.0,7326.64,33066662.46,660.101757302719,5.99702619301108,9.46640259022552,8.73078759251866
2026-07-02,2026-07-01,IMA-B 5+,12310.387626,-0.5324,-0.5324,1.6599,4.679,12.3419,2366.0,12.79,1060190556,1383.0,2203.97,9192566.81,4686.43854866042,128.69335641176,7.92852942298286,7.84627072612363
2026-07-02,2026-07-01,IMA-GERAL,10142.488813,-0.1108,-0.1108,5.7125,12.4187,24.7253,486.0,100.0,8287028643,4014.0,54943.07,130062566.04,878.720026531164,19.1880190964411,,
2026-07-02,2026-07-01,IMA-GERAL-EX-C,9999.342906,-0.1119,-0.1119,5.6983,12.4669,24.8495,482.0,98.99,8203078065,4012.0,54942.89,130061180.41,873.193667740407,19.2212770954571,,
2026-07-02,2026-07-01,IMA-S,8703.729114,0.0539,0.0539,7.0093,14.9838,29.2633,1.0,54.08,4481291230,589.0,2693.45,51925822.58,1.0,0.0,,
2026-07-02,2026-07-01,IRF-M,22632.3721,-0.2925,-0.2925,4.7508,11.7233,24.442,585.0,21.65,1794205425,525.0,42718.84,35876128.56,900.906619695651,9.11828702272203,14.1025103765739,14.3683903876095
2026-07-02,2026-07-01,IRF-M 1,20375.605017,0.0424,0.0424,6.6742,14.4929,28.2358,77.0,6.2,514138920,139.0,14043.79,13124599.8,112.907246331534,0.377060592750544,14.0121892437896,13.825491681881
2026-07-02,2026-07-01,IRF-M 1+,24459.451944,-0.4251,-0.4251,4.0269,10.5725,22.6445,787.0,15.45,1280066505,386.0,28675.05,22751528.75,1214.09839263844,12.5925032414602,14.3075266358341,14.3895873071724
2026-07-03,2026-07-02,IMA-B,11335.821336,-0.1017,-0.4261,3.6354,7.7614,16.085,1499.0,23.45,1925620492,3515.0,8249.08,36569470.5,2873.2950105911,73.3633093647333,8.65007484887114,7.9907898245358
2026-07-03,2026-07-02,IMA-B 5,11320.054106,-0.0178,-0.0875,6.3902,11.8652,22.2963,444.0,10.56,867236466,1991.0,6072.74,27460687.83,658.625955655986,5.96913996088646,9.49123188586104,8.77168676879314
2026-07-03,2026-07-02,IMA-B 5+,12289.411128,-0.1704,-0.7019,1.4867,4.6889,12.0481,2364.0,12.89,1058384026,1524.0,2176.35,9108782.66,4687.987709271,128.585874956747,7.9608334788943,7.87075957139387
2026-07-03,2026-07-02,IMA-GERAL,10137.604671,-0.0482,-0.1589,5.6616,12.3554,24.5884,491.0,100.0,8211993750,4922.0,63356.77,102588290.3,888.080934268026,19.3671852494243,,
2026-07-03,2026-07-02,IMA-GERAL-EX-C,9994.513086,-0.0483,-0.1602,5.6472,12.4042,24.7155,487.0,98.98,8128071716,4922.0,63356.77,102588290.3,882.862361306671,19.4014396202425,,
2026-07-03,2026-07-02,IMA-S,8708.484191,0.0546,0.1085,7.0678,14.9801,29.2829,1.0,55.77,4579644188,454.0,1330.26,25672495.82,1.0,0.0,,
2026-07-03,2026-07-02,IRF-M,22570.23657,-0.2745,-0.5663,4.4632,11.4388,23.9608,656.0,19.76,1622807037,953.0,53777.43,40346323.97,1009.6783879018,10.1222144112019,14.3377382049243,14.5100637207597
2026-07-03,2026-07-02,IRF-M 1,20375.358087,-0.0012,0.0412,6.6729,14.4324,28.1454,159.0,5.03,413216883,179.0,19807.82,18142872.43,232.981622662366,0.8476368211675,13.8923357118058,13.9180985737025
2026-07-03,2026-07-02,IRF-M 1+,24369.545074,-0.3676,-0.7911,3.6445,10.2344,22.029,825.0,14.73,1209590154,774.0,33969.6,22203451.54,1275.01141439705,13.2905702632702,14.4898953874912,14.549078649754
2026-07-06,2026-07-03,IMA-B,11398.384995,0.5519,0.1235,4.2074,8.2878,16.1272,1508.0,23.53,1936248206,3552.0,7123.48,31581792.86,2881.21225421847,74.1980890747026,8.57785342582943,7.89744380606728
2026-07-06,2026-07-03,IMA-B 5,11341.526797,0.1897,0.102,6.592,11.9702,22.2977,443.0,10.56,868881502,1845.0,5269.62,23863510.22,658.205132307217,5.97176810328616,9.45072307610487,8.68420451040488
2026-07-06,2026-07-03,IMA-B 5+,12393.713359,0.8487,0.1409,2.348,5.5334,12.066,2374.0,12.97,1067366703,1707.0,1853.86,7718282.64,4690.83378483489,129.737191117017,7.86730072584437,7.77793446450523
2026-07-06,2026-07-03,IMA-GERAL,10159.784579,0.2188,0.0595,5.8928,12.5589,24.5587,494.0,100.0,8229960643,4724.0,59154.68,136339633.54,892.285193958199,19.6253765650622,,
2026-07-06,2026-07-03,IMA-GERAL-EX-C,10016.490461,0.2199,0.0594,5.8795,12.6078,24.6865,490.0,98.98,8145944891,4719.0,59154.63,136339299.03,887.125931918683,19.6624406212965,,
2026-07-06,2026-07-03,IMA-S,8713.19553,0.0541,0.1627,7.1257,14.9773,29.2984,1.0,55.68,4582121801,533.0,3520.19,68019546.33,1.0,0.0,,
2026-07-06,2026-07-03,IRF-M,22636.548489,0.2938,-0.2741,4.7701,11.806,23.9063,655.0,19.78,1627574884,634.0,48510.96,36737959.84,1009.57245619745,10.1397736291137,14.2424622298578,14.4047907603278
2026-07-06,2026-07-03,IRF-M 1,20391.3841,0.0787,0.1199,6.7568,14.4663,28.1067,158.0,5.02,413541894,90.0,6162.96,5505959.82,232.005138426722,0.841608038070192,13.8591623281776,13.8692784154092
2026-07-06,2026-07-03,IRF-M 1+,24459.054652,0.3673,-0.4267,4.0252,10.734,21.9213,825.0,14.75,1214032990,544.0,42348.0,31232000.02,1274.43894991769,13.3070524766746,14.3730275181371,14.4397849513782
2026-07-07,2026-07-06,IMA-B,11436.831741,0.3373,0.4612,4.5589,8.6927,15.5344,1512.0,23.57,1942779170,2570.0,9778.66,44068408.11,2882.99266219562,74.6531184999171,8.51348526963283,7.84377382043987
2026-07-07,2026-07-06,IMA-B 5,11361.40412,0.1753,0.2775,6.7788,12.1779,22.1063,442.0,10.56,870404316,1569.0,8230.21,37604995.01,655.686272173759,5.97200798946024,9.36889804395982,8.60534301475097
2026-07-07,2026-07-06,IMA-B 5+,12451.865419,0.4692,0.6108,2.8282,6.0854,11.0879,2379.0,13.01,1072374853,1001.0,1548.45,6463413.1,4690.8092948026,130.398863442311,7.81918050397478,7.72884189529878
2026-07-07,2026-07-06,IMA-GERAL,10175.661519,0.1563,0.2159,6.0582,12.713,24.2516,496.0,100.0,8242821801,3347.0,37447.92,90781908.54,893.645456240962,19.7689045027403,,
2026-07-07,2026-07-06,IMA-GERAL-EX-C,10032.17542,0.1566,0.2161,6.0453,12.7648,24.3749,492.0,98.98,8158700738,3346.0,37447.92,90781878.12,888.5327605554,19.8076042916553,,
2026-07-07,2026-07-06,IMA-S,8717.842798,0.0533,0.2161,7.1828,14.9745,29.2616,1.0,55.62,4584565720,375.0,1560.15,30151833.47,1.0,0.0,,
2026-07-07,2026-07-06,IRF-M,22689.134678,0.2323,-0.0425,5.0135,12.0881,23.5112,655.0,19.79,1631355848,401.0,26109.1,16561636.55,1007.54855862588,10.1570679392327,14.1785599483721,14.326412023749
2026-07-07,2026-07-06,IRF-M 1,20405.603708,0.0697,0.1897,6.8313,14.4979,27.9887,157.0,5.02,413830271,66.0,3832.08,3542605.45,229.022117234973,0.835325343770958,13.8342222594238,13.8361260227489
2026-07-07,2026-07-06,IRF-M 1+,24529.419596,0.2877,-0.1402,4.3244,11.1154,21.357,825.0,14.77,1217525577,335.0,22277.02,13019031.1,1272.16542940675,13.3254771604131,14.2955984417322,14.3581922264232
2026-07-08,2026-07-07,IMA-B,11459.14289,0.1951,0.6572,4.7629,9.1573,15.7598,1514.0,23.6,1946569173,2242.0,6371.42,28451934.57,2885.71411818251,74.9350766644404,8.50427144797277,7.8160630738692
2026-07-08,2026-07-07,IMA-B 5,11364.746822,0.0294,0.307,6.8102,12.3003,22.1422,441.0,10.56,870660403,1466.0,5175.25,23446285.8,654.610933460053,5.9547184225589,9.39014687600231,8.61672736014536
2026-07-08,2026-07-07,IMA-B 5+,12492.89945,0.3295,0.9423,3.1671,6.7885,11.4539,2382.0,13.05,1075908770,776.0,1196.17,5005648.76,4691.19544816572,130.756228188978,7.78739221219812,7.69602731810481
2026-07-08,2026-07-07,IMA-GERAL,10180.942172,0.0519,0.2679,6.1133,12.8243,24.3161,496.0,100.0,8247099408,3338.0,44149.27,75594416.57,894.591332745673,19.8480896555512,,
2026-07-08,2026-07-07,IMA-GERAL-EX-C,10037.453776,0.0526,0.2688,6.1011,12.8763,24.4403,492.0,98.98,8162993378,3338.0,44149.27,75594416.57,889.502287899707,19.8879125406909,,
2026-07-08,2026-07-07,IMA-S,8722.439556,0.0527,0.2689,7.2393,14.9709,29.3297,1.0,55.62,4586983078,666.0,1274.28,24643786.5,1.0,0.0,,
2026-07-08,2026-07-07,IRF-M,22662.50446,-0.1174,-0.1598,4.8903,12.061,23.3662,654.0,19.76,1629441127,430.0,36503.57,22498695.5,1005.97200481169,10.1130306949622,14.2543074382566,14.40143194658
2026-07-08,2026-07-07,IRF-M 1,20408.262168,0.013,0.2028,6.8452,14.4561,28.0054,156.0,5.02,413884185,50.0,2456.07,2252365.75,227.995706454114,0.827260392745488,13.8934706339353,13.906649092387
2026-07-08,2026-07-07,IRF-M 1+,24489.757614,-0.1617,-0.3017,4.1558,11.1331,21.1608,823.0,14.74,1215556942,380.0,34047.51,20246329.75,1270.86464398884,13.2747365301398,14.3771685249127,14.4334055208346
2026-07-09,2026-07-08,IMA-B,11458.598503,-0.0048,0.6524,4.7579,9.4405,15.7373,1511.0,23.6,1946476698,2223.0,7543.83,33234146.45,2882.36199870517,74.6959936343887,8.51206365908655,7.82552038398012
2026-07-09,2026-07-08,IMA-B 5,11371.984641,0.0637,0.3709,6.8783,12.4408,22.1353,440.0,10.56,871214897,1050.0,4027.5,18258631.29,653.657092896258,5.94132678382666,9.39511423907969,8.60681633262119
2026-07-09,2026-07-08,IMA-B 5+,12485.387177,-0.0601,0.8816,3.1051,7.1493,11.4287,2379.0,13.04,1075261801,1173.0,3516.33,14975515.15,4688.13703151595,130.403440799946,7.79658504821056,7.7083284542466
2026-07-09,2026-07-08,IMA-GERAL,10182.438305,0.0147,0.2826,6.1289,12.8691,24.2893,495.0,100.0,8248311355,3060.0,38852.1,67331847.12,893.190257750582,19.7786937265774,,
2026-07-09,2026-07-08,IMA-GERAL-EX-C,10038.828217,0.0137,0.2825,6.1156,12.92,24.4134,491.0,98.98,8164111147,3060.0,38852.1,67331847.12,888.092075506854,19.8180228293935,,
2026-07-09,2026-07-08,IMA-S,8727.004513,0.0523,0.3214,7.2955,14.9673,29.3441,1.0,55.64,4589383711,445.0,839.66,16250013.63,1.0,0.0,,
2026-07-09,2026-07-08,IRF-M,22645.948359,-0.0731,-0.2327,4.8136,11.9296,23.2164,652.0,19.74,1628250738,392.0,30468.61,17847687.05,1004.41690301392,10.0737126422935,14.2980531214784,14.4571996928948
2026-07-09,2026-07-08,IRF-M 1,20418.246724,0.0489,0.2518,6.8975,14.4455,28.0247,155.0,5.02,414086674,33.0,1199.28,1124911.26,226.993079123365,0.820329769832182,13.8967702909876,13.9117497360282
2026-07-09,2026-07-08,IRF-M 1+,24461.695383,-0.1146,-0.4159,4.0364,10.9659,20.9543,822.0,14.72,1214164064,359.0,29269.34,16722775.79,1269.55474994688,13.2295485406234,14.4349093155105,14.4923366693483
2026-07-10,2026-07-09,IMA-B,11480.446235,0.1907,0.8443,4.9576,9.907,15.8929,1511.0,23.62,1950187981,2109.0,5247.64,23502575.17,2880.63657642426,74.6678929870778,8.49372964729657,7.79954768109825
2026-07-10,2026-07-09,IMA-B 5,11392.358745,0.1792,0.5507,7.0698,12.8,22.2357,440.0,10.57,872775770,1198.0,4095.79,18667193.74,653.252948033682,5.94377650971746,9.38390510242813,8.52501777486183
2026-07-10,2026-07-09,IMA-B 5+,12510.356632,0.2,1.0834,3.3113,7.6835,11.6325,2378.0,13.05,1077412211,911.0,1151.85,4835381.43,4684.9659133464,130.339012202295,7.77262814137303,7.69083930481789
2026-07-10,2026-07-09,IMA-GERAL,10194.068728,0.1142,0.3971,6.2501,13.0189,24.3375,495.0,100.0,8257732609,2731.0,23374.82,55871047.57,893.256798155664,19.7844103413128,,
2026-07-10,2026-07-09,IMA-GERAL-EX-C,10050.277572,0.1141,0.3969,6.2367,13.0717,24.4623,491.0,98.98,8173422374,2731.0,23374.82,55871047.57,888.168770930163,19.8239656553368,,
2026-07-10,2026-07-09,IMA-S,8731.551634,0.0521,0.3737,7.3514,14.9633,29.3594,1.0,55.61,4591774965,357.0,1116.17,21584195.62,1.0,0.0,,
2026-07-10,2026-07-09,IRF-M,22690.575285,0.1971,-0.0361,5.0202,12.1138,23.248,651.0,19.76,1631459428,265.0,17011.01,10784276.78,1003.39847377743,10.0604505825709,14.2230024743302,14.3937867636296
2026-07-10,2026-07-09,IRF-M 1,20436.278891,0.0883,0.3404,6.9919,14.4798,28.0662,154.0,5.02,414452371,30.0,603.39,557456.56,226.01977901524,0.814661762912343,13.8408597552443,13.843675544485
2026-07-10,2026-07-09,IRF-M 1+,24518.973011,0.2342,-0.1827,4.28,11.2065,20.9589,821.0,14.74,1217007057,235.0,16407.62,10226820.22,1268.13518261009,13.2091086551041,14.3531413711597,14.4289993197638
2026-07-13,2026-07-10,IMA-B,11504.87586,0.2128,1.0589,5.181,10.2347,15.5297,1514.0,23.63,1954337851,2109.0,5056.03,22502710.44,2883.58084968834,75.070078630637,8.41597246591089,7.7422675468492
2026-07-13,2026-07-10,IMA-B 5,11398.494894,0.0539,0.6049,7.1274,13.004,22.1533,439.0,10.56,873245864,1479.0,3678.98,16728060.28,652.86871851958,5.948105280855,9.27904043514893,8.4295573928901
2026-07-13,2026-07-10,IMA-B 5+,12553.0843,0.3415,1.4286,3.6641,8.1135,10.9959,2382.0,13.07,1081091987,630.0,1377.05,5774650.16,4685.42580371471,130.902956908568,7.7188342544741,7.63988240382851
2026-07-13,2026-07-10,IMA-GERAL,10211.873151,0.1747,0.5725,6.4357,13.2665,24.2521,497.0,100.0,8272155130,3014.0,40774.88,60208125.47,894.952423503594,19.9025138629828,,
2026-07-13,2026-07-10,IMA-GERAL-EX-C,10068.039002,0.1767,0.5743,6.4244,13.3176,24.3785,492.0,98.98,8187866918,3014.0,40774.88,60208125.47,889.902448524506,19.9433873308138,,
2026-07-13,2026-07-10,IMA-S,8736.138939,0.0525,0.4264,7.4078,14.9605,29.374,1.0,55.54,4594187351,393.0,643.5,12458535.62,1.0,0.0,,
2026-07-13,2026-07-10,IRF-M,22800.203287,0.4831,0.4468,5.5276,12.9215,23.4438,652.0,19.82,1639341715,512.0,35075.34,25246879.41,1004.25519184787,10.1147338749089,14.0517443559643,14.2047290646933
2026-07-13,2026-07-10,IRF-M 1,20458.864273,0.1105,0.4512,7.1101,14.584,28.1056,153.0,5.02,414910407,38.0,2410.25,2238951.19,225.059197528594,0.809676787266181,13.747543095521,13.7332758770339
2026-07-13,2026-07-10,IRF-M 1+,24668.548977,0.61,0.4262,4.9162,12.3194,21.1537,821.0,14.8,1224431308,474.0,32665.09,23007928.22,1268.29330102975,13.267842588458,14.1548258992522,14.2345570562623
2026-07-14,2026-07-13,IMA-B,11479.412996,-0.2213,0.8352,4.9482,9.7226,14.6826,1509.0,23.59,1950012464,2619.0,8023.37,36432305.34,2876.83384926129,74.6416595041383,8.46333504176554,7.78934752762428
2026-07-14,2026-07-13,IMA-B 5,11393.666417,-0.0424,0.5622,7.082,12.9259,21.8396,438.0,10.56,872875951,1621.0,5811.55,27077029.03,649.391556889393,5.91988732181484,9.32070047132995,8.48066796835094
2026-07-14,2026-07-13,IMA-B 5+,12507.155367,-0.3659,1.0575,3.2848,7.3014,9.7107,2377.0,13.03,1077136513,998.0,2211.82,9355276.3,4681.87971505643,130.331520109114,7.76855433772182,7.6861156921907
2026-07-14,2026-07-13,IMA-GERAL,10203.746532,-0.0796,0.4925,6.351,13.061,23.9073,494.0,100.0,8265572141,3488.0,26812.85,75126159.97,891.096593805571,19.7573937096508,,
2026-07-14,2026-07-13,IMA-GERAL-EX-C,10060.028694,-0.0796,0.4943,6.3397,13.1105,24.034,490.0,98.98,8181352507,3488.0,26812.85,75126159.97,886.03789982919,19.7971570057334,,
2026-07-14,2026-07-13,IMA-S,8740.747985,0.0528,0.4794,7.4644,14.9579,29.3358,1.0,55.61,4596611170,433.0,1284.7,24890609.73,1.0,0.0,,
2026-07-14,2026-07-13,IRF-M,22736.047199,-0.2814,0.1642,5.2306,12.5302,23.038,650.0,19.78,1634728873,436.0,17504.78,13803244.9,999.878294734317,10.0416368562792,14.1837791806614,14.3524458822024
2026-07-14,2026-07-13,IRF-M 1,20460.925461,0.0101,0.4614,7.1209,14.5432,28.062,152.0,5.02,414952209,38.0,2852.3,2667061.95,222.027186551415,0.801589733019105,13.8090778631975,13.8104635757232
2026-07-14,2026-07-13,IRF-M 1+,24574.772124,-0.3801,0.0444,4.5173,11.8063,20.6338,819.0,14.76,1219776664,398.0,14652.48,11136182.95,1264.49315818471,13.1849811056798,14.3112477114796,14.3867212636066
2026-07-15,2026-07-14,IMA-B,11514.293142,0.3038,1.1416,5.2671,10.1568,15.031,1511.0,23.62,1955937569,2761.0,4979.61,22524985.94,2877.66699030114,74.8606096794854,8.40348274007131,7.74110010557708
2026-07-15,2026-07-14,IMA-B 5,11417.305658,0.2075,0.7709,7.3042,13.0251,22.0924,438.0,10.56,874686968,1725.0,3709.16,17169661.15,649.075205331915,5.92583999995911,9.24264814500548,8.37565900375927
2026-07-15,2026-07-14,IMA-B 5+,12554.926031,0.3819,1.4435,3.6793,7.9601,10.1298,2379.0,13.06,1081250600,1036.0,1270.45,5355324.79,4680.50547371042,130.62598423637,7.72463267153714,7.64669320821893
2026-07-15,2026-07-14,IMA-GERAL,10220.782567,0.167,0.6602,6.5285,13.2501,24.1142,495.0,100.0,8279372227,3520.0,39071.7,65443702.2,892.526560502197,19.8407047959681,,
2026-07-15,2026-07-14,IMA-GERAL-EX-C,10076.919122,0.1679,0.663,6.5183,13.3003,24.2422,491.0,98.98,8195088705,3520.0,39071.7,65443702.2,887.497505971753,19.8814889000502,,
2026-07-15,2026-07-14,IMA-S,8745.341762,0.0526,0.5322,7.5209,14.9539,29.4037,1.0,55.55,4599026959,364.0,1189.42,23076448.83,1.0,0.0,,
2026-07-15,2026-07-14,IRF-M,22811.085881,0.33,0.4948,5.578,12.9447,23.4441,650.0,19.81,1640124177,395.0,32902.66,19842267.43,999.915010258537,10.0650221899399,14.0692782829789,14.2301849183025
2026-07-15,2026-07-14,IRF-M 1,20479.646834,0.0915,0.5533,7.2189,14.5811,28.1792,151.0,5.02,415331882,39.0,1691.84,1544207.86,221.056934199619,0.796091126712996,13.7471112381213,13.7344143316338
2026-07-15,2026-07-14,IRF-M 1+,24675.821759,0.4112,0.4558,4.9471,12.3733,21.1299,819.0,14.79,1224792295,356.0,31210.82,18298059.57,1264.02884587242,13.2081531535897,14.1785263944658,14.2612494332557
2026-07-16,2026-07-15,IMA-B,11525.57787,0.098,1.2407,5.3702,10.6547,15.327,1510.0,23.63,1957854510,2919.0,8036.52,36308682.7,2876.48136550038,74.8487561258104,8.38141230499444,7.73006666016344
2026-07-16,2026-07-15,IMA-B 5,11431.440669,0.1238,0.8956,7.4371,13.2126,22.2562,437.0,10.57,875769861,1755.0,6050.48,27838793.52,648.280367788743,5.91852613071444,9.19874306574598,8.32274091196567
2026-07-16,2026-07-15,IMA-B 5+,12564.610581,0.0771,1.5218,3.7593,8.6491,10.5453,2379.0,13.06,1082084649,1164.0,1986.04,8469889.18,4679.84423376582,130.63645992893,7.71991724842448,7.64200191801639
2026-07-16,2026-07-15,IMA-GERAL,10226.745776,0.0583,0.719,6.5907,13.4219,24.2575,495.0,100.0,8284202740,3865.0,26395.17,73603290.07,892.164623942367,19.8377111541635,,
2026-07-16,2026-07-15,IMA-GERAL-EX-C,10082.926388,0.0596,0.723,6.5818,13.4739,24.3867,491.0,98.98,8199974134,3865.0,26395.17,73603290.07,887.148394516457,19.8787776414217,,
2026-07-16,2026-07-15,IMA-S,8749.932941,0.0525,0.585,7.5774,14.9498,29.4205,1.0,55.54,4601441383,623.0,1309.29,25377859.29,1.0,0.0,,
2026-07-16,2026-07-15,IRF-M,22818.791891,0.0338,0.5287,5.6136,13.1872,23.65,648.0,19.8,1640678242,323.0,17049.36,11916748.09,998.52633555523,10.0339526141246,14.0668591653914,14.2385012650057
2026-07-16,2026-07-15,IRF-M 1,20492.104418,0.0608,0.6145,7.2842,14.5919,28.2154,150.0,5.02,415584525,61.0,3140.53,2917601.31,220.063423609288,0.789650124908952,13.7315496379932,13.7158368395942
2026-07-16,2026-07-15,IRF-M 1+,24681.894488,0.0246,0.4805,4.9729,12.7603,21.4229,817.0,14.79,1225093717,262.0,13908.83,8999146.77,1262.60175696052,13.1698670398167,14.1806051170483,14.2711007519782
2026-07-17,2026-07-16,IMA-B,11533.126227,0.0655,1.307,5.4393,11.0623,15.2098,1509.0,23.65,1959896259,3123.0,6355.06,28972673.59,2874.43035434525,74.8093893903732,8.38797731064754,7.72545667827023
2026-07-17,2026-07-16,IMA-B 5,11437.58625,0.0538,0.9499,7.4948,13.3366,22.2125,436.0,10.58,876995201,2186.0,5531.96,25501263.12,647.646793684921,5.90764644717036,9.2165650031676,8.31497281434164
2026-07-17,2026-07-16,IMA-B 5+,12574.033459,0.075,1.5979,3.8371,9.2568,10.3621,2378.0,13.07,1082901057,937.0,823.1,3471410.47,4677.80701883026,130.609960923814,7.71693961503645,7.63793629845588
2026-07-17,2026-07-16,IMA-GERAL,10228.877405,0.0208,0.74,6.6129,13.511,24.1642,495.0,100.0,8286688639,3944.0,44450.69,77554402.7,891.47733633826,19.827364125922,,
2026-07-17,2026-07-16,IMA-GERAL-EX-C,10085.099183,0.0215,0.7448,6.6048,13.5633,24.2926,490.0,98.98,8202500341,3944.0,44450.69,77554402.7,886.468261132297,19.8686353954035,,
2026-07-17,2026-07-16,IMA-S,8754.534171,0.0526,0.6379,7.6339,14.9449,29.4364,1.0,55.56,4603861092,396.0,1113.98,21615283.14,1.0,0.0,,
2026-07-17,2026-07-16,IRF-M,22791.876131,-0.118,0.4102,5.489,13.1288,23.3435,647.0,19.78,1638742990,425.0,36981.65,26966445.97,996.536409361292,9.97950643500628,14.1223654993021,14.314220707585
2026-07-17,2026-07-16,IRF-M 1,20502.787839,0.0521,0.6669,7.3401,14.5915,28.2048,149.0,5.02,415801187,28.0,2062.44,2010767.94,219.059901838093,0.78292715293273,13.7272307374185,13.7136945498401
2026-07-17,2026-07-16,IRF-M 1+,24638.540004,-0.1757,0.304,4.7885,12.7172,21.009,816.0,14.76,1222941803,397.0,34919.21,24955678.03,1260.8790412441,13.1063507167542,14.2567116331003,14.3515899573204
2026-07-20,2026-07-17,IMA-B,11504.090513,-0.2518,1.052,5.1738,10.5442,14.9468,1504.0,23.62,1954962038,2609.0,8745.11,39877403.59,2870.43478709144,74.414505207658,8.44619342634189,7.77847596369648
2026-07-20,2026-07-17,IMA-B 5,11426.202925,-0.0995,0.8494,7.3878,13.121,22.1321,434.0,10.58,876122367,1720.0,7709.16,35472461.05,645.906690724927,5.87175875490569,9.27860771557495,8.40383720607087
2026-07-20,2026-07-17,IMA-B 5+,12526.874949,-0.375,1.2169,3.4477,8.5135,9.9635,2373.0,13.03,1078839672,889.0,1035.95,4404942.54,4676.96718625641,130.077857986568,7.77019235200902,7.68551884362287
2026-07-20,2026-07-17,IMA-GERAL,10218.091956,-0.1054,0.6337,6.5005,13.2362,24.0418,492.0,100.0,8277951057,3430.0,36229.66,95231029.57,888.442102806253,19.6847977245108,,
2026-07-20,2026-07-17,IMA-GERAL-EX-C,10074.338714,-0.1067,0.6373,6.491,13.2902,24.1685,488.0,98.98,8193748542,3430.0,36229.66,95231029.57,883.405915683794,19.7249230639902,,
2026-07-20,2026-07-17,IMA-S,8759.174223,0.053,0.6912,7.691,14.9391,29.4531,1.0,55.65,4606301216,505.0,1803.66,35028905.31,1.0,0.0,,
2026-07-20,2026-07-17,IRF-M,22704.843096,-0.3819,0.0267,5.0862,12.4313,22.9776,644.0,19.72,1632485288,316.0,25680.89,20324720.67,993.704875813723,9.88892637374095,14.2997567322697,14.5083859274035
2026-07-20,2026-07-17,IRF-M 1,20499.946049,-0.0139,0.653,7.3252,14.5054,28.168,148.0,5.02,415743555,28.0,2508.83,2257678.48,218.014483783105,0.774246485331401,13.8313853453197,13.8391269509256
2026-07-20,2026-07-17,IRF-M 1+,24513.627537,-0.507,-0.2045,4.2573,11.7647,20.5601,813.0,14.7,1216741733,288.0,23172.06,18067042.19,1258.7473844294,13.0032844316367,14.4597926546383,14.5500656998796
2026-07-21,2026-07-20,IMA-B,11498.239461,-0.0509,1.0006,5.1203,10.6588,15.5647,1502.0,23.6,1953967732,1582.0,3786.25,16877138.79,2866.97671298254,74.2890018631639,8.46990890317172,7.79494933636774
2026-07-21,2026-07-20,IMA-B 5,11421.756785,-0.0389,0.8102,7.346,13.1213,22.3668,433.0,10.58,875781452,967.0,2719.51,12372086.74,642.534691199213,5.84613416986624,9.31566428920898,8.45491022574984
2026-07-21,2026-07-20,IMA-B 5+,12519.288142,-0.0606,1.1555,3.385,8.7072,10.919,2371.0,13.02,1078186281,615.0,1066.74,4505052.04,4673.83059173832,129.883285622316,7.782924758485,7.69703480667984
2026-07-21,2026-07-20,IMA-GERAL,10219.478529,0.0136,0.6474,6.5149,13.2673,24.3061,491.0,100.0,8279074357,2343.0,30945.92,60171266.04,886.452550647561,19.6374642603493,,
2026-07-21,2026-07-20,IMA-GERAL-EX-C,10075.719299,0.0137,0.6511,6.5056,13.319,24.4363,487.0,98.98,8194871411,2343.0,30945.92,60171266.04,881.427410269735,19.6773848363029,,
2026-07-21,2026-07-20,IMA-S,8763.810998,0.0529,0.7445,7.748,14.9334,29.4145,1.0,55.67,4608739618,456.0,1313.5,25539229.86,1.0,0.0,,
2026-07-21,2026-07-20,IRF-M,22700.375431,-0.0197,0.0071,5.0655,12.4375,23.3522,643.0,19.71,1632164061,305.0,25846.18,17754897.39,990.461435576798,9.86134072883476,14.3224395539707,14.5412924794111
2026-07-21,2026-07-20,IRF-M 1,20512.574167,0.0616,0.715,7.3913,14.5267,28.2373,147.0,5.02,415999656,34.0,2535.92,2452856.99,215.015766760418,0.767850085865525,13.8101328052602,13.8193607028676
2026-07-21,2026-07-20,IRF-M 1+,24501.99615,-0.0474,-0.2519,4.2078,11.7854,21.0986,812.0,14.69,1216164405,271.0,23310.25,15302040.41,1255.70939893325,12.9718486210643,14.497678551587,14.5860589177586
2026-07-22,2026-07-21,IMA-B,11467.850249,-0.2643,0.7336,4.8425,10.3649,15.2593,1495.0,23.55,1948803504,1570.0,4684.05,20945443.73,2858.80732305569,73.5917022351291,8.51590196225023,7.85148385408371
2026-07-22,2026-07-21,IMA-B 5,11424.790034,0.0266,0.8369,7.3746,13.098,22.3993,432.0,10.58,876014031,966.0,3674.98,16679458.53,641.437820228128,5.82873203461421,9.33744959331442,8.4648124850998
2026-07-22,2026-07-21,IMA-B 5+,12456.623467,-0.5005,0.6492,2.8675,8.1982,10.3638,2362.0,12.96,1072789473,604.0,1009.07,4265985.2,4669.45782406268,128.925310723396,7.84504596468619,7.75989626819534
2026-07-22,2026-07-21,IMA-GERAL,10215.87971,-0.0352,0.612,6.4774,13.1541,24.2623,488.0,100.0,8276158857,2240.0,24780.72,47118259.61,882.728419715225,19.4263569795782,,
2026-07-22,2026-07-21,IMA-GERAL-EX-C,10072.119274,-0.0357,0.6151,6.4675,13.2085,24.3918,484.0,98.98,8191943409,2240.0,24780.72,47118259.61,877.67273198917,19.4643975716262,,
2026-07-22,2026-07-21,IMA-S,8768.432207,0.0527,0.7976,7.8048,14.9294,29.4828,1.0,55.72,4611169833,354.0,689.18,13408070.29,1.0,0.0,,
2026-07-22,2026-07-21,IRF-M,22697.677401,-0.0119,-0.0048,5.0531,12.2594,23.3376,641.0,19.72,1631970072,316.0,19407.49,12764745.6,988.976747789296,9.82583964597147,14.3424746215783,14.5707190904111
2026-07-22,2026-07-21,IRF-M 1,20522.55034,0.0486,0.7639,7.4435,14.5067,28.2997,146.0,5.03,416201975,31.0,1445.31,1321306.31,214.012120290307,0.761119571826259,13.8134966579831,13.8247419022821
2026-07-22,2026-07-21,IRF-M 1+,24494.01175,-0.0326,-0.2844,4.1738,11.5316,21.0591,811.0,14.69,1215768097,285.0,17962.19,11443439.29,1254.27554077556,12.9290255322618,14.5235631645626,14.6167778966377
2026-07-23,2026-07-22,IMA-B,11432.713059,-0.3064,0.425,4.5212,9.9961,14.7345,1488.0,23.49,1942832421,2047.0,5499.92,24325481.28,2852.88501850363,73.0325604824092,8.66385833577278,7.91566687514489
2026-07-23,2026-07-22,IMA-B 5,11414.735204,-0.088,0.7482,7.2801,12.876,22.1895,431.0,10.58,875243061,1027.0,3456.37,15658302.96,639.934328565857,5.7978072471977,9.58412601308475,8.54780224555458
2026-07-23,2026-07-22,IMA-B 5+,12396.242709,-0.4847,0.1613,2.3689,7.7075,9.5956,2355.0,12.91,1067589360,1020.0,2043.55,8667178.32,4667.13102646623,128.153708553162,7.90939418643053,7.82091545360343
2026-07-23,2026-07-22,IMA-GERAL,10208.611046,-0.0712,0.5404,6.4017,12.982,24.0475,485.0,100.0,8270270317,2850.0,13726.27,78062546.47,879.229930000359,19.2422194059976,,
2026-07-23,2026-07-22,IMA-GERAL-EX-C,10065.180337,-0.0689,0.5458,6.3942,13.0416,24.1816,481.0,98.98,8186299772,2850.0,13726.27,78062546.47,874.159841100291,19.2786893823137,,
2026-07-23,2026-07-22,IMA-S,8773.090554,0.0531,0.8512,7.8621,14.9256,29.4997,1.0,55.79,4613619578,609.0,2550.66,49634796.83,1.0,0.0,,
2026-07-23,2026-07-22,IRF-M,22668.160144,-0.13,-0.1349,4.9164,11.8947,22.9719,640.0,19.71,1629847772,194.0,5675.69,4102268.36,987.112666484811,9.77459641286307,14.4144194517709,14.6534885930414
2026-07-23,2026-07-22,IRF-M 1,20528.62736,0.0296,0.7938,7.4754,14.4651,28.2642,145.0,5.03,416325219,40.0,827.09,793873.77,212.997651454269,0.753859637982238,13.8494660572792,13.8677596378011
2026-07-23,2026-07-22,IRF-M 1+,24448.770914,-0.1847,-0.4685,3.9814,11.0227,20.5665,809.0,14.67,1213522554,154.0,4848.59,3308394.59,1252.68960352337,12.8693557134683,14.6082389607139,14.7018669121596
2026-07-24,2026-07-23,IMA-B,11434.577489,0.0163,0.4414,4.5383,9.9018,15.1977,1486.0,23.5,1943149255,2185.0,6797.14,30457128.64,2850.15259241263,72.8600646343072,8.6877244641187,7.92033106769998
2026-07-24,2026-07-23,IMA-B 5,11424.513749,0.0857,0.8345,7.372,12.9909,22.4409,430.0,10.59,875992846,1157.0,4345.35,20083350.35,639.002626741475,5.78602584353751,9.62525138217848,8.52042770214169
2026-07-24,2026-07-23,IMA-B 5+,12391.215524,-0.0406,0.1207,2.3274,7.4606,10.2562,2353.0,12.91,1067156409,1028.0,2451.79,10373778.29,4665.21131824366,127.918889804025,7.9181401122001,7.83037265628487
2026-07-24,2026-07-23,IMA-GERAL,10206.883519,-0.0169,0.5234,6.3837,12.8865,24.192,484.0,100.0,8268870801,3284.0,26515.73,68891560.19,877.939988727849,19.190472617447,,
2026-07-24,2026-07-23,IMA-GERAL-EX-C,10063.480385,-0.0169,0.5288,6.3762,12.9455,24.3287,480.0,98.98,8184917152,3284.0,26515.73,68891560.19,872.867089749118,19.2267053003297,,
2026-07-24,2026-07-23,IMA-S,8777.7065,0.0526,0.9043,7.9188,14.9213,29.5172,1.0,55.82,4616047026,748.0,1266.93,24654919.98,1.0,0.0,,
2026-07-24,2026-07-23,IRF-M,22610.762589,-0.2532,-0.3877,4.6508,11.5452,22.897,638.0,19.66,1625720870,351.0,18451.66,13779511.56,985.074934229456,9.71323548230973,14.5498332493683,14.79253489123
2026-07-24,2026-07-23,IRF-M 1,20527.40274,-0.006,0.7878,7.469,14.3881,28.2383,144.0,5.03,416300383,46.0,526.61,510216.06,211.956710829777,0.745536943717164,13.943558541721,13.9822211732887
2026-07-24,2026-07-23,IRF-M 1+,24366.12681,-0.338,-0.805,3.6299,10.5832,20.5183,808.0,14.63,1209420487,305.0,17925.05,13269295.5,1251.19363812185,12.8000496845333,14.758521952491,14.8423415663869
2026-07-27,2026-07-24,IMA-B,11471.97752,0.3271,0.7699,4.8802,10.1695,15.5379,1488.0,23.53,1949504876,2241.0,5914.19,26372589.43,2851.62993187628,73.1303339497495,8.61063646649708,7.86755511907043
2026-07-27,2026-07-24,IMA-B 5,11446.695923,0.1942,1.0303,7.5804,13.1271,22.7005,429.0,10.59,877693700,1390.0,4225.05,19262594.61,638.578299841773,5.78921598294133,9.51863077393956,8.4236745751039
2026-07-27,2026-07-24,IMA-B 5+,12445.264045,0.4362,0.5574,2.7737,7.8318,10.6496,2355.0,12.94,1071811176,851.0,1689.14,7109994.82,4663.87216060825,128.275191820633,7.86709049424031,7.78458985413094
2026-07-27,2026-07-24,IMA-GERAL,10226.889733,0.196,0.7204,6.5922,13.0622,24.4135,486.0,100.0,8285078373,3019.0,18170.58,55472160.37,879.737570666946,19.2892595738937,,
2026-07-27,2026-07-24,IMA-GERAL-EX-C,10083.346323,0.1974,0.7272,6.5862,13.1224,24.5514,481.0,98.99,8201074689,3019.0,18170.58,55472160.37,874.700304479271,19.3266562933544,,
2026-07-27,2026-07-24,IMA-S,8782.309514,0.0524,0.9572,7.9754,14.9176,29.5334,1.0,55.74,4618467673,517.0,1054.26,20509878.5,1.0,0.0,,
2026-07-27,2026-07-24,IRF-M,22713.422359,0.454,0.0645,5.1259,12.1048,23.5105,638.0,19.71,1633102140,261.0,11202.13,8589692.44,985.607429562376,9.75530477665524,14.3822251734503,14.6124682505002
2026-07-27,2026-07-24,IRF-M 1,20549.81165,0.1092,0.8978,7.5863,14.4533,28.347,143.0,5.03,416754841,46.0,383.42,371258.35,211.001119185213,0.740766370426415,13.8507718466334,13.8676163154941
2026-07-27,2026-07-24,IRF-M 1+,24505.680896,0.5727,-0.2369,4.2235,11.3353,21.3062,808.0,14.68,1216347299,215.0,10818.72,8218434.09,1251.00936686784,12.8439395126191,14.5643160506289,14.6577337477692
2026-07-28,2026-07-27,IMA-B,11473.881744,0.0166,0.7866,4.8976,10.2795,15.2567,1484.0,23.52,1949828473,2030.0,4637.98,20158008.9,2844.83854778561,72.8020610215588,8.66893030801174,7.87258160610529
2026-07-28,2026-07-27,IMA-B 5,11461.478226,0.1291,1.1608,7.7194,13.1667,22.7813,428.0,10.6,878827157,964.0,2195.65,9953354.75,635.989403015832,5.78599831684617,9.63657796177641,8.3683168774421
2026-07-28,2026-07-27,IMA-B 5+,12435.860412,-0.0756,0.4815,2.6961,7.9806,10.0713,2351.0,12.92,1071001317,1066.0,2442.33,10204654.15,4657.34482875609,127.793156663296,7.87491164251449,7.79844659201084
2026-07-28,2026-07-27,IMA-GERAL,10233.85717,0.0681,0.789,6.6648,13.1201,24.3488,485.0,100.0,8290722881,2874.0,25358.24,45923855.13,877.380270522456,19.2025762902887,,
2026-07-28,2026-07-27,IMA-GERAL-EX-C,10090.261487,0.0686,0.7963,6.6593,13.1811,24.4867,480.0,98.99,8206698990,2874.0,25358.24,45923855.13,872.351825855842,19.2393114521415,,
2026-07-28,2026-07-27,IMA-S,8786.91908,0.0525,1.0102,8.0321,14.9138,29.4968,1.0,55.74,4620891766,439.0,665.61,12964291.01,1.0,0.0,,
2026-07-28,2026-07-27,IRF-M,22753.430682,0.1761,0.2408,5.3111,12.2665,23.6908,637.0,19.73,1635978751,405.0,20054.64,12801555.22,982.629360741062,9.74322335089261,14.3145859925737,14.5572516303148
2026-07-28,2026-07-27,IRF-M 1,20567.366302,0.0854,0.984,7.6782,14.4803,28.4149,142.0,5.03,417110853,26.0,268.4,258438.02,208.025369488681,0.735266832839689,13.7934488947867,13.7993426008608
2026-07-28,2026-07-27,IRF-M 1+,24556.463254,0.2072,-0.0301,4.4395,11.5505,21.5224,806.0,14.7,1218867897,379.0,19786.25,12543117.21,1247.70790805441,12.825851448647,14.4929252038255,14.6030017303588
2026-07-29,2026-07-28,IMA-B,11452.455597,-0.1867,0.5984,4.7017,10.0141,15.0415,1479.0,23.47,1946187394,1535.0,2928.58,12949534.79,2839.32878349546,72.3148191197618,9.01104104013495,7.91522307828205
2026-07-29,2026-07-28,IMA-B 5,11458.437648,-0.0265,1.1339,7.6908,13.0593,22.7487,428.0,10.59,878594015,720.0,1887.39,8554675.53,635.128307609926,5.76987752134539,10.3435003851725,8.41306459076858
2026-07-29,2026-07-28,IMA-B 5+,12396.289367,-0.3182,0.1617,2.3693,7.5903,9.721,2344.0,12.87,1067593379,815.0,1041.19,4394859.26,4653.31282065649,127.079103554845,7.91447110082714,7.84050378737099
2026-07-29,2026-07-28,IMA-GERAL,10237.881424,0.0393,0.8286,6.7068,13.098,24.3977,483.0,100.0,8293983037,2626.0,39772.75,74058067.56,874.982366870518,19.0564519748116,,
2026-07-29,2026-07-28,IMA-GERAL-EX-C,10094.302119,0.04,0.8367,6.702,13.1604,24.5366,478.0,98.99,8209985352,2626.0,39772.75,74058067.56,869.943200578026,19.0919718520896,,
2026-07-29,2026-07-28,IMA-S,8791.587863,0.0531,1.0638,8.0895,14.9117,29.5656,1.0,55.74,4623347000,587.0,1805.03,35164838.38,1.0,0.0,,
2026-07-29,2026-07-28,IRF-M,22815.630803,0.2734,0.5148,5.599,12.4925,24.0289,637.0,19.78,1640450959,504.0,35039.14,25943694.4,982.493071579668,9.75745101942416,14.2264274956268,14.4582698056073
2026-07-29,2026-07-28,IRF-M 1,20582.860921,0.0753,1.0601,7.7593,14.5012,28.5117,141.0,5.03,417425087,102.0,5479.47,5224509.21,207.040298279275,0.729463247080844,13.7496613291219,13.7506050999252
2026-07-29,2026-07-28,IRF-M 1+,24640.233718,0.3411,0.3109,4.7957,11.8406,21.9369,806.0,14.75,1223025871,402.0,29559.67,20719185.19,1247.15913415445,12.8387501764443,14.3891502666354,14.5006010775094
2026-07-30,2026-07-29,IMA-B,11396.018926,-0.4928,0.1027,4.1858,9.1297,14.4547,1468.0,23.37,1936596758,2135.0,6888.96,30741018.5,2828.12212161744,71.3376505325122,8.9670356151122,8.00098236225384
2026-07-30,2026-07-29,IMA-B 5,11445.615943,-0.1119,1.0207,7.5703,12.7682,22.5054,426.0,10.59,877610891,1166.0,4976.65,22708931.6,633.59927507113,5.74217364579336,10.130699828139,8.46120387585808
2026-07-30,2026-07-29,IMA-B 5+,12296.343818,-0.8063,-0.6458,1.5439,6.2584,8.8893,2332.0,12.78,1058985867,969.0,1912.31,8032086.9,4646.78392860597,125.698437303459,8.00267488233526,7.93128398369502
2026-07-30,2026-07-29,IMA-GERAL,10230.872348,-0.0685,0.7596,6.6337,12.8225,24.2904,479.0,100.0,8288304796,3198.0,61551.86,98183220.63,869.651065936392,18.7558601477061,,
2026-07-30,2026-07-29,IMA-GERAL-EX-C,10087.487285,-0.0675,0.7686,6.63,12.8848,24.4307,474.0,98.99,8204442652,3198.0,61551.86,98183220.63,864.572359502885,18.7887291383369,,
2026-07-30,2026-07-29,IMA-S,8796.27316,0.0533,1.1177,8.1471,14.9092,29.583,1.0,55.81,4625810918,464.0,1390.86,27130114.73,1.0,0.0,,
2026-07-30,2026-07-29,IRF-M,22837.661561,0.0966,0.6119,5.701,12.231,24.1861,636.0,19.81,1642034977,599.0,53272.04,40312087.4,981.572514049822,9.74326870701456,14.2018905975015,14.438841610242
2026-07-30,2026-07-29,IRF-M 1,20596.965021,0.0685,1.1293,7.8331,14.4997,28.5341,140.0,5.04,417711122,53.0,4469.06,4302531.22,206.050204002802,0.72347332474088,13.7172045202728,13.7151039702586
2026-07-30,2026-07-29,IRF-M 1+,24666.384128,0.1061,0.4174,4.9069,11.4189,22.1541,805.0,14.77,1224323855,546.0,48802.98,36009556.18,1246.1628777694,12.8206153029201,14.3672543321128,14.4818648836902
2026-07-31,2026-07-30,IMA-B,11449.834211,0.4722,0.5754,4.6778,9.614,14.7908,1477.0,23.44,1945741926,2835.0,6624.49,29521739.75,2836.89919288725,72.201471143388,8.88608495389602,7.91833095183422
2026-07-31,2026-07-30,IMA-B 5,11458.05908,0.1087,1.1306,7.6872,12.9121,22.5258,425.0,10.58,878564988,1743.0,4734.08,21623784.25,632.803908511845,5.73485067888597,10.0606659915312,8.41330109783323
2026-07-31,2026-07-30,IMA-B 5+,12391.453887,0.7735,0.1227,2.3294,7.0128,9.4468,2342.0,12.85,1067176937,1092.0,1890.41,7897955.5,4651.44454121298,126.920837333118,7.91909837523884,7.84433319716014
2026-07-31,2026-07-30,IMA-GERAL,10247.678488,0.1643,0.9251,6.8089,12.9767,24.3637,481.0,100.0,8301919902,4170.0,39057.78,85300544.99,873.389665880713,19.0040105494849,,
2026-07-31,2026-07-30,IMA-GERAL-EX-C,10104.321547,0.1669,0.9368,6.8079,13.0407,24.5085,477.0,98.99,8218134440,4170.0,39057.78,85300544.99,868.372367902652,19.0395331379608,,
2026-07-31,2026-07-30,IMA-S,8801.000522,0.0537,1.172,8.2052,14.9073,29.6012,1.0,55.75,4628296958,770.0,1861.64,36313212.7,1.0,0.0,,
2026-07-31,2026-07-30,IRF-M,22866.320407,0.1255,0.7381,5.8336,12.4159,24.1559,635.0,19.8,1644095557,565.0,30571.65,19465592.55,980.416777914762,9.72207086752728,14.1620799923976,14.4060416045691
2026-07-31,2026-07-30,IRF-M 1,20610.120463,0.0639,1.1939,7.902,14.5254,28.545,139.0,5.03,417977917,58.0,1989.56,1941768.17,205.058389031385,0.717380562398826,13.6927496441033,13.6886702067977
2026-07-31,2026-07-30,IRF-M 1+,24702.523407,0.1465,0.5645,5.0607,11.6794,22.0908,804.0,14.77,1226117640,507.0,28582.09,17523824.38,1244.73292015168,12.7917287671695,14.3220725698617,14.4484154909843
2026-08-03,2026-07-31,IMA-B,11494.884399,0.3935,0.9711,5.0896,10.1852,14.9092,1482.0,23.5,1953397586,2524.0,6250.4,28131558.21,2842.52717533233,72.7908927501232,8.81959432385088,7.85105570074729
2026-08-03,2026-07-31,IMA-B 5,11470.058962,0.1047,1.2365,7.8,13.1753,22.5476,425.0,10.58,879485098,1533.0,4885.93,22474275.25,632.060449322319,5.7285587656674,10.0056024480274,8.36777332845488
2026-08-03,2026-07-31,IMA-B 5+,12469.663277,0.6312,0.7546,2.9752,7.8243,9.6075,2349.0,12.92,1073912487,991.0,1364.47,5657282.96,4652.7980946174,127.711870099815,7.84830803757952,7.77457154881228
2026-08-03,2026-07-31,IMA-GERAL,10262.57122,0.1453,1.0718,6.9641,13.1858,24.3548,483.0,100.0,8313984905,3697.0,53634.48,89154168.78,876.14287011592,19.1821821181302,,
2026-08-03,2026-07-31,IMA-GERAL-EX-C,10119.069925,0.146,1.0841,6.9638,13.2494,24.4994,479.0,98.99,8230129719,3697.0,53634.48,89154168.78,871.166956230083,19.2196627389471,,
2026-08-03,2026-07-31,IMA-S,8805.673158,0.0531,1.2257,8.2627,14.9048,29.6158,1.0,55.7,4630754218,479.0,1326.36,25898307.02,1.0,0.0,,
2026-08-03,2026-07-31,IRF-M,22892.500529,0.1145,0.8535,5.9548,12.7454,24.0253,634.0,19.8,1645977916,694.0,46057.73,35124303.54,979.721881705592,9.7150533948491,14.1365830253944,14.3784490428738
2026-08-03,2026-07-31,IRF-M 1,20622.62756,0.0607,1.2553,7.9675,14.556,28.5646,138.0,5.03,418231564,24.0,930.07,868320.17,204.063400432879,0.711204997537369,13.6740093254105,13.6684582481484
2026-08-03,2026-07-31,IRF-M 1+,24735.336978,0.1328,0.6981,5.2002,12.1692,21.8758,803.0,14.77,1227746352,670.0,45127.66,34255983.37,1243.94979753475,12.7822126587558,14.2941586693345,14.4200972087372
2026-08-04,2026-08-03,IMA-B,11531.212905,0.316,0.316,5.4218,10.2195,13.8784,1486.0,23.53,1959571116,,,,2843.6067427971,73.1716128359798,8.78464347199391,7.79856206872553
2026-08-04,2026-08-03,IMA-B 5,11484.734656,0.1279,0.1279,7.9379,13.0881,21.9771,424.0,10.57,880610381,,,,629.49254443089,5.72662016546657,9.99850786936025,8.3071945911939
2026-08-04,2026-08-03,IMA-B 5+,12528.280671,0.4701,0.4701,3.4593,7.9605,8.1542,2353.0,12.95,1078960735,,,,4650.69006219974,128.217879790978,7.79392939495304,7.72377286594647
2026-08-04,2026-08-03,IMA-GERAL,10281.595557,0.1854,0.1854,7.1624,13.2166,23.9539,485.0,100.0,8329397031,,,,877.538070092811,19.3109746240824,,
2026-08-04,2026-08-03,IMA-GERAL-EX-C,10137.978617,0.1869,0.1869,7.1637,13.2816,24.0949,481.0,98.99,8245508700,,,,872.61418977653,19.3499247743323,,
2026-08-04,2026-08-03,IMA-S,8810.335826,0.053,0.053,8.32,14.9018,29.5784,1.0,55.62,4633206236,,,,1.0,0.0,,
2026-08-04,2026-08-03,IRF-M,22986.428254,0.4103,0.4103,6.3895,12.8954,23.8427,635.0,19.84,1652731348,,,,979.145855003785,9.78077536465297,14.0230353422275,14.2177998627958
2026-08-04,2026-08-03,IRF-M 1,20635.272756,0.0613,0.0613,8.0337,14.5279,28.3908,137.0,5.02,418488011,,,,201.074468420717,0.705122596739427,13.6600010837308,13.6466371156921
2026-08-04,2026-08-03,IRF-M 1+,24866.231376,0.5292,0.5292,5.7569,12.3236,21.6229,804.0,14.82,1234243337,,,,1242.96218481714,12.8580063812131,14.1461273455123,14.2508729995976
2026-08-05,2026-08-04,IMA-B,11529.773414,-0.0125,0.3035,5.4086,10.1134,13.8642,1485.0,23.04,1959326494,1820.0,3958.07,17737806.52,2843.27188617422,73.1562651443237,8.80489953895981,7.80652938806075
2026-08-05,2026-08-04,IMA-B 5,11483.084138,-0.0144,0.1136,7.9224,12.968,21.9596,423.0,10.35,880483825,750.0,2650.31,12199104.08,628.281101369352,5.70606040191449,10.0331823280194,8.33823599874731
2026-08-05,2026-08-04,IMA-B 5+,12526.909761,-0.0109,0.4591,3.448,7.8646,8.1424,2352.0,12.69,1078842670,1070.0,1307.76,5538702.44,4651.00865094121,128.204898186224,7.80245204773509,7.72854904799538
2026-08-05,2026-08-04,IMA-GERAL,10284.003695,0.0234,0.2088,7.1875,13.1387,23.9829,479.0,100.0,8504300185,2971.0,24019.38,57237086.08,865.300357351573,18.9614972824313,,
2026-08-05,2026-08-04,IMA-GERAL-EX-C,10140.377512,0.0237,0.2106,7.1891,13.2023,24.1243,475.0,99.01,8420412463,2971.0,24019.38,57237086.08,860.366833074095,18.9964836677693,,
2026-08-05,2026-08-04,IMA-S,8815.029619,0.0533,0.1063,8.3777,14.8992,29.6474,1.0,55.91,4754787163,607.0,1218.77,23830391.59,1.0,0.0,,
2026-08-05,2026-08-04,IRF-M,22982.452369,-0.0173,0.3929,6.3711,12.6483,23.8213,634.0,20.06,1706298806,544.0,18842.55,15668887.96,978.135174429333,9.7410953199151,14.0545135587315,14.2478623170429
2026-08-05,2026-08-04,IRF-M 1,20644.506791,0.0447,0.1061,8.082,14.5117,28.4482,136.0,4.95,421178082,83.0,2196.5,2023032.53,200.198585546438,0.698849721162717,13.6636640881244,13.6593021945689
2026-08-05,2026-08-04,IRF-M 1+,24856.878106,-0.0376,0.4914,5.7171,11.9634,21.5772,797.0,15.11,1285120723,461.0,16646.04,13645855.44,1233.0916423944,12.7045489397546,14.1826083185821,14.2808502966451
2026-08-06,2026-08-05,IMA-B,11537.693129,0.0687,0.3724,5.481,10.2554,13.8459,1484.0,23.04,1960672341,3358.0,8565.11,38475631.46,2841.73190153864,73.1018183092928,8.79338727165853,7.79986120484024
2026-08-06,2026-08-05,IMA-B 5,11493.678689,0.0923,0.2059,8.022,13.0296,21.9286,422.0,10.35,881296179,1741.0,6156.66,28311334.29,627.440655339533,5.69720310753231,10.0112421328515,8.30038769838026
2026-08-06,2026-08-05,IMA-B 5+,12533.104375,0.0495,0.5088,3.4991,8.0605,8.1375,2351.0,12.68,1079376162,1617.0,2408.45,10164297.17,4649.67104421465,128.136783754539,7.79902509033825,7.72653877188129
2026-08-06,2026-08-05,IMA-GERAL,10292.096677,0.0787,0.2877,7.2718,13.222,23.9935,479.0,100.0,8510992633,4285.0,20454.3,90148240.88,864.994738747673,18.9507900618998,,
2026-08-06,2026-08-05,IMA-GERAL-EX-C,10148.356102,0.0787,0.2894,7.2734,13.2854,24.1351,474.0,99.01,8427037761,4285.0,20454.3,90148240.88,860.068064968305,18.9859068310263,,
2026-08-06,2026-08-05,IMA-S,8819.728585,0.0533,0.1596,8.4355,14.897,29.6633,1.0,55.9,4757321764,670.0,2238.54,43748524.99,1.0,0.0,,
2026-08-06,2026-08-05,IRF-M,23019.423261,0.1609,0.5544,6.5422,12.8831,23.8799,634.0,20.08,1709043656,257.0,9650.64,7924084.43,977.952548676454,9.75179335015134,14.0151657150443,14.1991757653624
2026-08-06,2026-08-05,IRF-M 1,20658.204048,0.0663,0.1725,8.1537,14.5245,28.4707,135.0,4.95,421457526,43.0,883.15,864724.57,199.208821519715,0.692923136509134,13.6349652304918,13.6264711967716
2026-08-06,2026-08-05,IRF-M 1+,24904.564132,0.1918,0.6842,5.9199,12.2974,21.6334,797.0,15.13,1287586130,214.0,8767.49,7059359.86,1232.85386926075,12.7169767602186,14.1396143651195,14.2310141125899
2026-08-07,2026-08-06,IMA-B,11523.32782,-0.1245,0.2474,5.3497,10.0503,14.1836,1480.0,23.02,1958231154,1606.0,4883.17,22262861.95,2838.40418400757,72.8282450806607,8.82154308685557,7.8288367219225
2026-08-07,2026-08-06,IMA-B 5,11493.201718,-0.0041,0.2018,8.0175,13.0233,22.1895,421.0,10.36,881259606,828.0,3928.27,18304195.91,626.135370089095,5.67497541222538,10.0310901105131,8.32496173831506
2026-08-07,2026-08-06,IMA-B 5+,12505.183357,-0.2228,0.2849,3.2685,7.7058,8.5585,2347.0,12.66,1076971548,778.0,954.9,3958666.04,4648.64991148743,127.778131251261,7.83180019576281,7.75610277743258
2026-08-07,2026-08-06,IMA-GERAL,10288.151263,-0.0383,0.2493,7.2307,13.097,24.1487,477.0,100.0,8507729994,2579.0,19782.26,67928763.78,862.853492953294,18.8557343944833,,
2026-08-07,2026-08-06,IMA-GERAL-EX-C,10144.398511,-0.039,0.2503,7.2316,13.1592,24.2919,473.0,99.01,8423751439,2576.0,19780.66,67916768.56,857.912129427533,18.8902217139693,,
2026-08-07,2026-08-06,IMA-S,8824.426162,0.0533,0.213,8.4932,14.8942,29.6795,1.0,55.95,4759855616,672.0,1761.57,34470473.5,1.0,0.0,,
2026-08-07,2026-08-06,IRF-M,22973.911054,-0.1977,0.3556,6.3316,12.5167,23.9931,632.0,20.05,1705664668,298.0,13135.92,11183433.12,975.471444390537,9.68068004361609,14.1015345652268,14.3127609610971
2026-08-07,2026-08-06,IRF-M 1,20665.302598,0.0344,0.2069,8.1909,14.4949,28.6089,134.0,4.96,421602347,43.0,3960.59,3669891.21,198.194993556163,0.686054944010472,13.6584733282309,13.6612914318712
2026-08-07,2026-08-06,IRF-M 1+,24836.406428,-0.2737,0.4086,5.6301,11.8049,21.7825,795.0,15.09,1284062321,255.0,9175.33,7513541.9,1230.67835339357,12.6339284880368,14.2470069884187,14.3489156113717
2026-08-10,2026-08-07,IMA-B,11569.804772,0.4033,0.6518,5.7746,9.9416,14.534,1484.0,23.07,1966129273,2093.0,6326.65,28465636.18,2840.52140375274,73.1904097428862,8.77580688124747,7.76049883616595
2026-08-10,2026-08-07,IMA-B 5,11520.696351,0.2392,0.4415,8.2759,13.0893,22.3972,420.0,10.37,883367801,1211.0,4667.33,21513568.06,625.978984988822,5.68608427164507,10.0142086259656,8.19159703209777
2026-08-10,2026-08-07,IMA-B 5+,12572.412674,0.5376,0.824,3.8237,7.4909,9.0095,2351.0,12.71,1082761472,882.0,1659.32,6952068.12,4647.24940151336,128.263617537619,7.7654604161268,7.69763361169581
2026-08-10,2026-08-07,IMA-GERAL,10304.140074,0.1554,0.4051,7.3973,13.0428,24.2552,478.0,100.0,8520951853,3164.0,37158.72,95374218.74,864.807710688873,18.9794729984837,,
2026-08-10,2026-08-07,IMA-GERAL-EX-C,10160.30333,0.1568,0.4075,7.3997,13.1086,24.4007,474.0,99.01,8436958554,3164.0,37158.72,95374218.74,859.902626580918,19.0154498544971,,
2026-08-10,2026-08-07,IMA-S,8829.052562,0.0524,0.2655,8.5501,14.8898,29.6956,1.0,55.89,4762351075,733.0,2280.18,44602586.3,1.0,0.0,,
2026-08-10,2026-08-07,IRF-M,23011.807112,0.165,0.5212,6.507,12.4422,24.0755,631.0,20.05,1708478206,338.0,28551.88,22305996.25,974.767006882808,9.6757190954578,14.0498902025976,14.2618532754684
2026-08-10,2026-08-07,IRF-M 1,20679.977106,0.071,0.2781,8.2677,14.5009,28.6304,133.0,4.95,421901728,30.0,2010.71,1939939.78,197.213391754222,0.680356759873389,13.6270329511056,13.6179798263657
2026-08-10,2026-08-07,IRF-M 1+,24885.035385,0.1958,0.6052,5.8369,11.6596,21.8743,794.0,15.1,1286576477,308.0,26541.17,20366056.47,1229.74696326701,12.6255312387761,14.1885560404824,14.2973171826695
2026-08-11,2026-08-10,IMA-B,11552.953341,-0.1457,0.5052,5.6205,9.6814,13.4809,1479.0,23.05,1963265604,3465.0,9067.16,40932234.34,2833.24385242507,72.770198755162,8.88420712973832,7.79360233900345
2026-08-11,2026-08-10,IMA-B 5,11524.937927,0.0368,0.4785,8.3158,13.0006,22.3021,419.0,10.37,883693031,1853.0,6287.62,29123961.13,622.793910029019,5.6677886307655,10.2041606816563,8.18944688018034
2026-08-11,2026-08-10,IMA-B 5+,12535.384991,-0.2945,0.5271,3.5179,7.0954,7.1787,2346.0,12.67,1079572574,1612.0,2779.54,11808273.21,4642.62587694484,127.697429791857,7.80374826738902,7.73570977214788
2026-08-11,2026-08-10,IMA-GERAL,10301.758163,-0.0231,0.3818,7.3725,12.9501,23.8247,476.0,100.0,8518982145,4939.0,58578.63,92871970.71,861.390712134949,18.8505157472469,,
2026-08-11,2026-08-10,IMA-GERAL-EX-C,10157.887339,-0.0238,0.3836,7.3742,13.0152,23.9662,472.0,99.01,8434952353,4939.0,58578.63,92871970.71,856.478175510451,18.8855088738162,,
2026-08-11,2026-08-10,IMA-S,8833.703496,0.0527,0.3183,8.6073,14.8833,29.6607,1.0,55.93,4764859768,755.0,960.59,18793372.18,1.0,0.0,,
2026-08-11,2026-08-10,IRF-M,22989.56645,-0.0966,0.424,6.404,12.3073,23.594,629.0,20.04,1706826980,719.0,48550.88,33146364.2,970.911262241474,9.62671639511314,14.1014334506417,14.3299416720956
2026-08-11,2026-08-10,IRF-M 1,20688.871494,0.043,0.3212,8.3143,14.4977,28.6241,132.0,4.95,422083187,53.0,639.1,628747.3,194.202071772841,0.673759931300346,13.635123542311,13.6345559684737
2026-08-11,2026-08-10,IRF-M 1+,24849.587502,-0.1424,0.4619,5.6861,11.4889,21.1985,792.0,15.08,1284743793,666.0,47911.78,32517616.9,1226.087346455,12.5680751437994,14.2546325345433,14.3681030004318
2026-08-12,2026-08-11,IMA-B,11561.80103,0.0766,0.5821,5.7014,9.586,13.5678,1478.0,23.06,1964769147,2225.0,6474.28,29277964.89,2832.3097805673,72.753925142716,8.54744276735899,7.78832747906095
2026-08-12,2026-08-11,IMA-B 5,11533.174251,0.0715,0.5503,8.3932,12.9131,22.3895,418.0,10.38,884324564,1241.0,4639.45,21404645.95,621.578422411435,5.65046849978098,9.46058874310193,8.17493818707572
2026-08-12,2026-08-11,IMA-B 5+,12545.510273,0.0808,0.6083,3.6016,6.9952,7.2652,2345.0,12.68,1080444583,984.0,1834.83,7873318.94,4641.75385084996,127.67690403388,7.80004912090127,7.73193193845208
2026-08-12,2026-08-11,IMA-GERAL,10304.581422,0.0274,0.4094,7.4019,12.8517,23.8586,476.0,100.0,8521316823,3263.0,45067.65,87093392.81,860.957530001114,18.8452257038956,,
2026-08-12,2026-08-11,IMA-GERAL-EX-C,10160.644343,0.0271,0.4109,7.4033,12.9164,23.9998,472.0,99.01,8437241726,3263.0,45067.65,87093392.81,856.049326672351,18.8804402961084,,
2026-08-12,2026-08-11,IMA-S,8838.353265,0.0526,0.3711,8.6645,14.878,29.729,1.0,55.95,4767367833,530.0,1569.51,30720372.48,1.0,0.0,,
2026-08-12,2026-08-11,IRF-M,22966.369364,-0.1009,0.3227,6.2967,11.9646,23.4693,628.0,20.01,1705104746,508.0,37023.86,27095055.45,969.496368024431,9.59130003593562,14.1654242452359,14.4005139534241
2026-08-12,2026-08-11,IRF-M 1,20697.486482,0.0416,0.363,8.3594,14.473,28.6777,131.0,4.96,422258945,69.0,2981.48,2829896.8,193.193249906626,0.667180410150919,13.6489715084368,13.6543715804797
2026-08-12,2026-08-11,IRF-M 1+,24812.876428,-0.1477,0.3135,5.53,11.007,21.0195,791.0,15.05,1282845801,439.0,34042.38,24265158.65,1225.02274193079,12.5287453135125,14.3354187899548,14.441287976093
2026-08-13,2026-08-12,IMA-B,11573.844467,0.1042,0.6869,5.8115,9.7413,13.4907,1478.0,23.07,1966815764,3173.0,10043.98,45556021.39,2831.76314244837,72.7782599262159,8.53302379389022,7.77514723116807
2026-08-13,2026-08-12,IMA-B 5,11542.088989,0.0773,0.628,8.477,12.9581,22.4562,417.0,10.38,885008116,1661.0,7408.31,34312481.89,620.592906317944,5.63792658609155,9.44287137720411,8.14674858931387
2026-08-13,2026-08-12,IMA-B 5+,12561.337409,0.1262,0.7352,3.7323,7.229,7.0675,2345.0,12.69,1081807648,1512.0,2635.67,11243539.49,4640.68324741831,127.70460474075,7.78869323126694,7.72109270241155
2026-08-13,2026-08-12,IMA-GERAL,10310.370287,0.0562,0.4658,7.4623,12.8433,23.8265,476.0,100.0,8526103893,4464.0,62560.32,132066251.68,860.792916329854,18.8523435372594,,
2026-08-13,2026-08-12,IMA-GERAL-EX-C,10166.332479,0.056,0.4671,7.4634,12.9065,23.9702,471.0,99.01,8441965065,4464.0,62560.32,132066251.68,855.892066809536,18.8878948097325,,
2026-08-13,2026-08-12,IMA-S,8842.995992,0.0525,0.4238,8.7215,14.8728,29.7483,1.0,55.94,4769872099,798.0,2782.96,54501323.63,1.0,0.0,,
2026-08-13,2026-08-12,IRF-M,22968.692216,0.0101,0.3328,6.3074,11.7527,23.4137,627.0,20.0,1705277203,493.0,49733.39,32008906.67,968.220688568625,9.56414548149653,14.1731893586267,14.4203331122034
2026-08-13,2026-08-12,IRF-M 1,20711.280191,0.0666,0.4299,8.4316,14.4607,28.7174,130.0,4.96,422540357,63.0,8621.86,8103779.84,192.201367510523,0.6613583510406,13.6177847652377,13.619598850521
2026-08-13,2026-08-12,IRF-M 1+,24810.769013,-0.0085,0.305,5.521,10.6993,20.9309,790.0,15.04,1282736846,430.0,41111.52,23905126.83,1223.84559089406,12.4967710346128,14.3561425932737,14.4638565752857
2026-08-14,2026-08-13,IMA-B,11571.868537,-0.0171,0.6697,5.7934,9.6326,13.1428,1476.0,23.06,1966479982,2254.0,6298.64,28664419.69,2829.96004867555,72.6629741323998,8.57876642841432,7.78435768118013
2026-08-14,2026-08-13,IMA-B 5,11545.305541,0.0279,0.656,8.5072,12.8511,22.298,416.0,10.38,885254750,1426.0,4959.82,22982620.4,619.413543867081,5.61972397983394,9.52994740461304,8.15082015881709
2026-08-14,2026-08-13,IMA-B 5+,12554.574719,-0.0538,0.6809,3.6764,7.1152,6.5689,2343.0,12.68,1081225232,828.0,1338.82,5681799.3,4639.8482536049,127.55473388833,7.79998560393019,7.73111226716122
2026-08-14,2026-08-13,IMA-GERAL,10312.030845,0.0161,0.4819,7.4796,12.8196,23.6411,475.0,100.0,8527477083,3555.0,50886.97,101483521.64,859.67336419484,18.8098625740422,,
2026-08-14,2026-08-13,IMA-GERAL-EX-C,10167.942828,0.0158,0.483,7.4805,12.8813,23.782,470.0,99.01,8443302275,3555.0,50886.97,101483521.64,854.770003605726,18.8452793942009,,
2026-08-14,2026-08-13,IMA-S,8847.652439,0.0527,0.4767,8.7788,14.8693,29.7666,1.0,55.96,4772383765,514.0,1992.73,39085847.57,1.0,0.0,,
2026-08-14,2026-08-13,IRF-M,22957.395957,-0.0492,0.2835,6.2551,11.7599,22.9942,625.0,19.99,1704438529,787.0,42595.6,33733254.38,966.446909134133,9.51991290587546,14.2006028463459,14.4673642416749
2026-08-14,2026-08-13,IRF-M 1,20723.632025,0.0596,0.4898,8.4963,14.4555,28.7292,129.0,4.96,422792352,261.0,13967.79,13313151.67,191.205886937495,0.655362100962754,13.6004985758138,13.599788231278
2026-08-14,2026-08-13,IRF-M 1+,24789.673216,-0.085,0.2197,5.4313,10.7423,20.3331,788.0,15.03,1281646176,526.0,28627.81,20420102.71,1222.18517886188,12.444171065407,14.3985666065288,14.5143233015037
2026-08-17,2026-08-14,IMA-B,11569.709944,-0.0187,0.6509,5.7737,9.4875,13.0689,1475.0,23.06,1966113159,4141.0,9209.07,41689256.8,2830.08240098493,72.6907500152077,8.56894306311364,7.79351627927801
2026-08-17,2026-08-14,IMA-B 5,11544.011514,-0.0112,0.6447,8.495,12.7793,22.2132,415.0,10.38,885155528,2101.0,7041.88,32531452.79,618.009325986233,5.59554693954592,9.4921882175995,8.1805374936876
2026-08-17,2026-08-14,IMA-B 5+,12551.467483,-0.0247,0.656,3.6508,6.919,6.5042,2344.0,12.68,1080957630,2040.0,2167.19,9157804.02,4641.46580478806,127.632487112264,7.81293234656968,7.73745861085262
2026-08-17,2026-08-14,IMA-GERAL,10310.296458,-0.0168,0.465,7.4615,12.7156,23.5655,474.0,100.0,8526042841,5428.0,50755.0,122278114.33,858.839053782498,18.7987241731436,,
2026-08-17,2026-08-14,IMA-GERAL-EX-C,10166.216819,-0.017,0.4659,7.4622,12.777,23.707,470.0,99.01,8441869023,5428.0,50755.0,122278114.33,853.936570445695,18.8343637566973,,
2026-08-17,2026-08-14,IMA-S,8852.375516,0.0534,0.5304,8.8369,14.8668,29.7852,1.0,56.0,4774931372,622.0,2673.76,52513928.85,1.0,0.0,,
2026-08-17,2026-08-14,IRF-M,22908.717848,-0.212,0.0708,6.0298,11.4311,22.6722,623.0,19.95,1700824493,665.0,38872.17,28074928.68,964.110940703982,9.45364552504948,14.2969946947551,14.5898775291759
2026-08-17,2026-08-14,IRF-M 1,20731.109405,0.0361,0.526,8.5354,14.4376,28.7125,128.0,4.96,422944902,181.0,6744.3,6270896.93,190.186467915448,0.648632578437759,13.6175668081062,13.6321874728628
2026-08-17,2026-08-14,IRF-M 1+,24716.819716,-0.2939,-0.0749,5.1215,10.3067,19.9192,786.0,14.99,1277879591,484.0,32127.88,21804031.75,1220.25980831551,12.3678757566547,14.5218676505898,14.6416065905713
2026-08-18,2026-08-17,IMA-B,11612.956617,0.3738,1.0272,6.1691,9.9508,14.0079,1507.0,22.78,1936539632,6418.0,14755.39,65824434.71,2855.81459552163,74.643924326835,8.56894306311364,7.72985231237594
2026-08-18,2026-08-17,IMA-B 5,11558.008532,0.1212,0.7668,8.6266,12.9345,22.7679,424.0,10.19,866133408,3600.0,11940.18,54049278.55,627.177297583258,5.73254618254889,9.4921882175995,8.12500648686668
2026-08-18,2026-08-17,IMA-B 5+,12624.340069,0.5806,1.2404,4.2525,7.6185,7.7245,2390.0,12.59,1070406224,2818.0,2815.21,11775156.17,4672.42747597338,130.815153832146,7.74978023767677,7.67273300016278
2026-08-18,2026-08-17,IMA-GERAL,10324.725484,0.1399,0.6056,7.6119,12.8327,23.8873,482.0,100.0,8501052140,7901.0,63458.24,148193901.24,865.644994044552,19.285909765431,,
2026-08-18,2026-08-17,IMA-GERAL-EX-C,10180.500464,0.1405,0.6071,7.6132,12.8922,24.0363,478.0,99.01,8416807238,7901.0,63458.24,148193901.24,860.842974994603,19.3266168114263,,
2026-08-18,2026-08-17,IMA-S,8857.218375,0.0547,0.5854,8.8964,14.8655,29.7576,1.0,56.2,4777543587,726.0,2435.23,47834792.43,1.0,0.0,,
2026-08-18,2026-08-17,IRF-M,22934.302899,0.1117,0.1826,6.1482,11.4519,23.0314,622.0,20.03,1702724018,757.0,46267.62,34534674.1,961.232665290123,9.44077006254975,14.2695792363819,14.5631953457046
2026-08-18,2026-08-17,IRF-M 1,20743.44631,0.0595,0.5859,8.6,14.4398,28.7745,127.0,4.98,423196593,307.0,11759.39,11019810.36,187.192667219386,0.642697698208078,13.6003464789451,13.6124517745178
2026-08-18,2026-08-17,IRF-M 1+,24748.692215,0.129,0.054,5.257,10.324,20.4054,786.0,15.05,1279527425,450.0,34508.23,23514863.74,1217.24209769271,12.3506836559635,14.4909242557655,14.6141778298541
2026-08-19,2026-08-18,IMA-B,11611.930797,-0.0088,1.0182,6.1597,10.2226,13.9978,1718.0,20.58,1702002080,10013.0,27716.59,124094781.05,3255.44263670287,84.9665829298393,7.84267449933373,7.73471040846665
2026-08-19,2026-08-18,IMA-B 5,11560.697581,0.0233,0.7902,8.6519,13.1242,22.7965,583.0,7.62,629889002,5732.0,22621.89,102745855.21,862.923975726636,7.86997636171093,7.99207455976453,8.12213310328763
2026-08-19,2026-08-18,IMA-B 5+,12620.845313,-0.0277,1.2124,4.2237,7.9602,7.6947,2385.0,12.96,1072113079,4281.0,5094.71,21348925.84,4661.09771197225,130.262462153752,7.75489881899509,7.67908299703584
2026-08-19,2026-08-18,IMA-GERAL,10328.510098,0.0367,0.6425,7.6513,12.9358,23.9327,491.0,100.0,8269695162,11163.0,61196.5,192962405.62,882.023527772361,19.5805861445837,,
2026-08-19,2026-08-18,IMA-GERAL-EX-C,10184.205447,0.0364,0.6437,7.6524,12.9939,24.0815,487.0,98.98,8185397867,11163.0,61196.5,192962405.62,877.239978391793,19.6259541313397,,
2026-08-19,2026-08-18,IMA-S,8861.852546,0.0523,0.638,8.9534,14.8615,29.8255,1.0,57.8,4780043239,608.0,2337.65,45908403.27,1.0,0.0,,
2026-08-19,2026-08-18,IRF-M,22942.768686,0.0369,0.2196,6.1874,11.6104,23.0768,621.0,20.6,1703352548,542.0,31142.25,22959221.3,959.876489650522,9.41258002780325,14.2636103206015,14.5709594101037
2026-08-19,2026-08-18,IRF-M 1,20756.847344,0.0646,0.6508,8.6702,14.4558,28.8577,126.0,5.12,423469993,219.0,10249.94,9887575.31,186.204270931872,0.636951096689144,13.5760110883062,13.5808755153875
2026-08-19,2026-08-18,IRF-M 1+,24755.561149,0.0278,0.0818,5.2862,10.5689,20.4388,784.0,15.48,1279882555,323.0,20892.31,13071645.99,1215.85854691406,12.3161398212368,14.4911137281134,14.6237452665668
2026-08-20,2026-08-19,IMA-B,11649.717794,0.3254,1.347,6.5052,11.4308,14.6915,1721.0,20.62,1707540655,6048.0,17073.27,74997338.48,3256.96745229584,85.2879254653313,7.78680186075271,7.68613349321491
2026-08-20,2026-08-19,IMA-B 5,11579.757252,0.1649,0.9564,8.831,13.6429,23.0677,582.0,7.62,630927475,2440.0,9684.8,43698351.82,862.218523731993,7.86591583086213,7.92626159439495,8.05492372546171
2026-08-20,2026-08-19,IMA-B 5+,12673.820212,0.4197,1.6372,4.6611,9.6627,8.6211,2388.0,13.0,1076613180,3608.0,7388.47,31298986.66,4660.36183999277,130.659535202471,7.70507429208412,7.63345046633809
2026-08-20,2026-08-19,IMA-GERAL,10344.659203,0.1564,0.7999,7.8197,13.3709,24.1254,492.0,100.0,8282625214,7620.0,49504.34,181204323.45,883.746310033419,19.683804435849,,
2026-08-20,2026-08-19,IMA-GERAL-EX-C,10200.232964,0.1574,0.8021,7.8218,13.4326,24.2762,488.0,98.98,8198279737,7620.0,49504.34,181204323.45,878.995559595468,19.7304597210513,,
2026-08-20,2026-08-19,IMA-S,8866.457329,0.052,0.6903,9.01,14.8583,29.8439,1.0,57.74,4782527038,1121.0,4398.34,86309712.07,1.0,0.0,,
2026-08-20,2026-08-19,IRF-M,23008.222125,0.2853,0.5055,6.4904,12.3305,23.1491,621.0,20.62,1708212044,451.0,28032.73,19897272.9,960.105992913814,9.43865725310113,14.1773696439024,14.4641058631359
2026-08-20,2026-08-19,IRF-M 1,20770.697993,0.0667,0.718,8.7427,14.5019,28.8819,125.0,5.12,423752567,35.0,3069.99,2887717.75,185.219361583006,0.6313072479781,13.5495053010683,13.5439611404008
2026-08-20,2026-08-19,IRF-M 1+,24844.088236,0.3576,0.4397,5.6627,11.6077,20.4901,784.0,15.51,1284459477,416.0,24962.74,17009555.15,1215.74675468529,12.3442663750844,14.3845066784071,14.5126440789341
2026-08-21,2026-08-20,IMA-B,11673.4737,0.2039,1.5536,6.7223,11.7929,15.3325,1721.0,20.65,1711022643,,,,3256.4372922727,85.3892780497559,7.7433569534079,7.65697141376008
2026-08-21,2026-08-20,IMA-B 5,11597.669539,0.1547,1.1126,8.9993,13.7373,23.267,581.0,7.62,631903433,,,,861.37436440951,7.85836632428074,7.85545563376748,7.99231872711908
2026-08-21,2026-08-20,IMA-B 5+,12703.321035,0.2328,1.8738,4.9048,10.2223,9.5227,2389.0,13.02,1079119210,,,,4658.92227396019,130.789312448238,7.67771495551201,7.6091886752771
2026-08-21,2026-08-20,IMA-GERAL,10350.814491,0.0595,0.8599,7.8838,13.3848,24.305,493.0,100.0,8287553549,,,,884.046130007953,19.7202613715548,,
2026-08-21,2026-08-20,IMA-GERAL-EX-C,10206.555137,0.062,0.8646,7.8886,13.4506,24.4603,489.0,98.98,8203361086,,,,879.320275733,19.7674374793444,,
2026-08-21,2026-08-20,IMA-S,8871.067375,0.052,0.7426,9.0667,14.8556,29.8574,1.0,57.74,4785013676,,,,1.0,0.0,,
2026-08-21,2026-08-20,IRF-M,22996.271229,-0.0519,0.4533,6.4351,12.0362,23.1719,619.0,20.6,1707324767,,,,958.668676893898,9.40444341508122,14.2240767931989,14.5130559026353
2026-08-21,2026-08-20,IRF-M 1,20779.040818,0.0402,0.7585,8.7864,14.4666,28.8573,124.0,5.12,423922773,,,,184.219451469626,0.624943971262465,13.5886708843528,13.5675423593602
2026-08-21,2026-08-20,IRF-M 1+,24823.634345,-0.0823,0.357,5.5757,11.1927,20.5531,783.0,15.49,1283401994,,,,1214.47836436613,12.3044153372631,14.4339588379138,14.5626776544283
2026-08-24,2026-08-21,IMA-B,11682.652119,0.0786,1.6335,6.8063,12.1045,15.3455,1721.0,20.64,1712367957,3298.0,12210.18,54444787.06,3255.19208339518,85.3563201633151,7.72784833613173,7.6476618131323
2026-08-24,2026-08-21,IMA-B 5,11604.275986,0.057,1.1702,9.0614,13.9358,23.247,580.0,7.62,632263388,2214.0,9066.02,40958031.08,860.374016364319,7.8415858892587,7.83174347023043,7.97525025836271
2026-08-24,2026-08-21,IMA-B 5+,12714.920615,0.0913,1.9668,5.0006,10.6174,9.5533,2388.0,13.02,1080104569,1084.0,3144.16,13486755.98,4657.052446709,130.731305030674,7.66703099370424,7.60106252938473
2026-08-24,2026-08-21,IMA-GERAL,10364.023002,0.1276,0.9886,8.0215,13.5875,24.3851,493.0,100.0,8298129165,4570.0,67543.29,142103942.34,884.185809965125,19.7208388843924,,
2026-08-24,2026-08-21,IMA-GERAL-EX-C,10219.665825,0.1285,0.9941,8.0272,13.6519,24.5412,489.0,98.98,8213898599,4568.0,67543.22,142103454.27,879.475569402242,19.7682429278102,,
2026-08-24,2026-08-21,IMA-S,8875.702666,0.0523,0.7953,9.1237,14.8522,29.8649,1.0,57.69,4787513931,613.0,2317.21,45591828.49,1.0,0.0,,
2026-08-24,2026-08-21,IRF-M,23086.406259,0.392,0.847,6.8522,12.6399,23.5365,620.0,20.66,1714016711,657.0,53015.84,42066838.72,959.762531022586,9.45901824325261,14.1073163336376,14.3568430461448
2026-08-24,2026-08-21,IRF-M 1,20792.938008,0.0669,0.8258,8.8591,14.489,28.8473,123.0,5.11,424206296,300.0,19015.04,17815894.53,183.233175970504,0.61933662702994,13.5611463606246,13.529574811623
2026-08-24,2026-08-21,IRF-M 1+,24947.586396,0.4993,0.8581,6.1029,12.0356,21.0267,783.0,15.54,1289810415,357.0,34000.79,24250944.19,1215.15560063446,12.3663048869202,14.2869464081868,14.3996952830446
2026-08-25,2026-08-24,IMA-B,11683.516537,0.0074,1.641,6.8142,11.5971,15.0982,1721.0,20.63,1712494657,,,,3254.08101368481,85.4415807589434,7.73671674055964,7.64927620352542
2026-08-25,2026-08-24,IMA-B 5,11597.90423,-0.0549,1.1146,9.0015,13.593,22.9891,579.0,7.61,631916220,,,,857.158283303508,7.81364256314889,7.85615487967496,8.01060881467096
2026-08-25,2026-08-24,IMA-B 5+,12720.498962,0.0439,2.0116,5.0466,9.9652,9.307,2388.0,13.02,1080578437,,,,4655.7880058565,130.837964371029,7.66686998554836,7.59803993544371
2026-08-25,2026-08-24,IMA-GERAL,10367.834575,0.0368,1.0257,8.0612,13.3977,24.316,492.0,100.0,8301180965,,,,883.094793558314,19.7292529027423,,
2026-08-25,2026-08-24,IMA-GERAL-EX-C,10223.432169,0.0369,1.0313,8.067,13.4605,24.4724,488.0,98.99,8216925739,,,,878.404484249301,19.7770188579104,,
2026-08-25,2026-08-24,IMA-S,8880.361856,0.0525,0.8482,9.1809,14.849,29.8203,1.0,57.7,4790027077,,,,1.0,0.0,,
2026-08-25,2026-08-24,IRF-M,23091.622793,0.0226,0.8698,6.8764,12.3237,23.61,619.0,20.65,1714404005,,,,956.832831373441,9.44237454028285,14.121716988919,14.3711391488095
2026-08-25,2026-08-24,IRF-M 1,20802.898685,0.0479,0.8741,8.9113,14.4528,28.8383,122.0,5.11,424409508,,,,180.230014463535,0.613172963880476,13.5599190512883,13.535326555002
2026-08-25,2026-08-24,IRF-M 1+,24951.146915,0.0143,0.8725,6.1181,11.5683,21.1436,783.0,15.54,1289994497,,,,1212.33595189677,12.3471908831806,14.306549084609,14.4141457091649
2026-08-25,2026-08-25,IMA-B,11705.857643,0.1912,1.8354,7.0184,11.5267,15.3183,1724.0,,,,,,1724.0,,,
2026-08-25,2026-08-25,IMA-B 5,11597.823114,-0.0007,1.1139,9.0008,13.5119,22.9882,578.0,,,,,,578.0,,,
2026-08-25,2026-08-25,IMA-B 5+,12759.09955,0.3035,2.3211,5.3654,9.8559,9.6387,2391.0,,,,,,2391.0,,,
2026-08-25,2026-08-25,IMA-GERAL,10379.243526,0.11,1.1369,8.1801,13.3822,24.4528,493.0,100.0,,,,,493.0,,,
2026-08-25,2026-08-25,IMA-GERAL-EX-C,10234.808206,0.1113,1.1438,8.1873,13.4455,24.6109,489.0,,,,,,489.0,,,
2026-08-25,2026-08-25,IMA-S,8885.016718,0.0524,0.9011,9.2382,14.8454,29.8884,1.0,,,,,,1.0,,,
2026-08-25,2026-08-25,IRF-M,23136.850784,0.1959,1.0674,7.0857,12.3691,23.8521,619.0,,,,,,619.0,,,
2026-08-25,2026-08-25,IRF-M 1,20817.715103,0.0712,0.946,8.9889,14.4598,28.9301,121.0,,,,,,121.0,,,
2026-08-25,2026-08-25,IRF-M 1+,25010.248696,0.2369,1.1114,6.3694,11.6016,21.4305,782.0,,,,,,782.0,,,
2026-08-27,2026-08-26,IMA-B,11702.926172,-0.025,1.8099,6.9916,11.4086,15.4878,1722.0,20.63,1715339597,,,,3255.74838079058,85.6799972899273,7.72875048450264,7.62871113265939
2026-08-27,2026-08-26,IMA-B 5,11596.524328,-0.0112,1.1026,8.9886,13.3788,22.8804,577.0,7.6,631841036,,,,855.0396182275,7.76991525214394,7.87765566249219,8.03559882836289
2026-08-27,2026-08-26,IMA-B 5+,12754.87447,-0.0331,2.2872,5.3305,9.7531,9.9811,2390.0,13.03,1083498561,,,,4655.71914648782,131.113178901478,7.64191658807292,7.57142421729257
2026-08-27,2026-08-26,IMA-GERAL,10382.8827,0.0351,1.1723,8.2181,13.3691,24.4884,493.0,100.0,8313229499,,,,883.471864392056,19.7812129171713,,
2026-08-27,2026-08-26,IMA-GERAL-EX-C,10238.364211,0.0347,1.1789,8.2248,13.4323,24.6468,489.0,98.99,8228927138,,,,878.810127731922,19.8300283040879,,
2026-08-27,2026-08-26,IMA-S,8889.668889,0.0524,0.9539,9.2954,14.8415,29.9026,1.0,57.68,4795047248,,,,1.0,0.0,,
2026-08-27,2026-08-26,IRF-M,23147.335204,0.0453,1.1132,7.1342,12.4377,23.7571,618.0,20.67,1718540292,,,,955.552426677594,9.43217107691003,14.0664158965839,14.3087040771509
2026-08-27,2026-08-26,IRF-M 1,20827.987119,0.0493,0.9958,9.0426,14.4664,28.9366,120.0,5.11,424921349,,,,178.247244337471,0.601684264851071,13.5222248013182,13.488327098111
2026-08-27,2026-08-26,IRF-M 1+,25021.251163,0.044,1.1559,6.4162,11.7061,21.2891,781.0,15.56,1293618943,,,,1210.87766609063,12.3327643196244,14.245169010344,14.3502418142248
2026-08-27,2026-08-27,IMA-B,11724.736229,0.1864,1.9996,7.191,11.584,15.8157,1722.0,,,,,,1722.0,,,
2026-08-27,2026-08-27,IMA-B 5,11616.161431,0.1693,1.2738,9.1731,13.4874,23.1115,576.0,,,,,,576.0,,,
2026-08-27,2026-08-27,IMA-B 5+,12779.911524,0.1963,2.488,5.5373,9.9764,10.3649,2390.0,,,,,,2390.0,,,
2026-08-27,2026-08-27,IMA-GERAL,10391.311145,0.0812,1.2545,8.3059,13.4136,24.6206,493.0,100.0,,,,,493.0,,,
2026-08-27,2026-08-27,IMA-GERAL-EX-C,10246.731798,0.0817,1.2616,8.3133,13.4776,24.7812,489.0,,,,,,489.0,,,
2026-08-27,2026-08-27,IMA-S,8894.28525,0.0519,1.0063,9.3521,14.8387,29.914,1.0,,,,,,1.0,,,
2026-08-27,2026-08-27,IRF-M,23161.322912,0.0604,1.1743,7.199,12.4786,23.9526,616.0,,,,,,616.0,,,
2026-08-27,2026-08-27,IRF-M 1,20842.381305,0.0691,1.0656,9.118,14.4793,29.0179,119.0,,,,,,119.0,,,
2026-08-27,2026-08-27,IRF-M 1+,25035.657796,0.0576,1.2141,6.4775,11.7651,21.5395,780.0,,,,,,780.0,,,
2026-08-28,2026-08-28,IMA-B,11701.013937,-0.2023,1.7932,6.9741,11.0296,15.9284,1718.0,,,,,,1718.0,,,
2026-08-28,2026-08-28,IMA-B 5,11619.171878,0.0259,1.3,9.2014,13.298,23.3474,575.0,,,,,,575.0,,,
2026-08-28,2026-08-28,IMA-B 5+,12737.048894,-0.3354,2.1443,5.1833,9.1936,10.4288,2386.0,,,,,,2386.0,,,
2026-08-28,2026-08-28,IMA-GERAL,10386.808517,-0.0433,1.2106,8.259,13.1818,24.6899,491.0,100.0,,,,,491.0,,,
2026-08-28,2026-08-28,IMA-GERAL-EX-C,10242.409974,-0.0422,1.2189,8.2676,13.2487,24.8536,487.0,,,,,,487.0,,,
2026-08-28,2026-08-28,IMA-S,8898.914836,0.0521,1.0589,9.409,14.8373,29.9302,1.0,,,,,,1.0,,,
2026-08-28,2026-08-28,IRF-M,23127.734585,-0.145,1.0276,7.0435,12.0025,24.0025,614.0,,,,,,614.0,,,
2026-08-28,2026-08-28,IRF-M 1,20855.599222,0.0634,1.1297,9.1872,14.4845,29.1053,118.0,,,,,,118.0,,,
2026-08-28,2026-08-28,IRF-M 1+,24982.208317,-0.2135,0.9981,6.2502,11.0758,21.6144,778.0,,,,,,778.0,,,
2026-08-31,2026-08-31,IMA-B,11676.23707,-0.2117,1.5777,6.7476,10.9961,16.1217,1712.0,,,,,,1712.0,,,
2026-08-31,2026-08-31,IMA-B 5,11616.570051,-0.0224,1.2773,9.177,13.2786,23.385,574.0,,,,,,574.0,,,
2026-08-31,2026-08-31,IMA-B 5+,12695.966347,-0.3225,1.8148,4.844,9.1951,10.7432,2380.0,,,,,,2380.0,,,
2026-08-31,2026-08-31,IMA-GERAL,10385.67736,-0.0109,1.1996,8.2472,13.1941,24.8565,489.0,100.0,,,,,489.0,,,
2026-08-31,2026-08-31,IMA-GERAL-EX-C,10241.24392,-0.0114,1.2074,8.2553,13.261,25.0213,485.0,,,,,,485.0,,,
2026-08-31,2026-08-31,IMA-S,8903.525003,0.0518,1.1112,9.4657,14.834,29.89,1.0,,,,,,1.0,,,
2026-08-31,2026-08-31,IRF-M,23130.532577,0.0121,1.0398,7.0565,12.061,24.4976,613.0,,,,,,613.0,,,
2026-08-31,2026-08-31,IRF-M 1,20864.457071,0.0425,1.1726,9.2336,14.4766,29.0809,117.0,,,,,,117.0,,,
2026-08-31,2026-08-31,IRF-M 1+,24982.730936,0.0021,1.0002,6.2524,11.1795,22.3604,777.0,,,,,,777.0,,,
2026-09-01,2026-09-01,IMA-B,11691.238773,0.1285,0.1285,6.8848,11.5776,16.2709,1711.0,,,,,,1711.0,,,
2026-09-01,2026-09-01,IMA-B 5,11630.691062,0.1216,0.1216,9.3097,13.4809,23.535,573.0,,,,,,573.0,,,
2026-09-01,2026-09-01,IMA-B 5+,12712.793909,0.1325,0.1325,4.983,10.0723,10.89,2379.0,,,,,,2379.0,,,
2026-09-01,2026-09-01,IMA-GERAL,10396.41236,0.1034,0.1034,8.3591,13.3829,24.9855,488.0,100.0,,,,,488.0,,,
2026-09-01,2026-09-01,IMA-GERAL-EX-C,10251.826015,0.1033,0.1033,8.3671,13.4507,25.1505,484.0,,,,,,484.0,,,
2026-09-01,2026-09-01,IMA-S,8908.205599,0.0526,0.0526,9.5233,14.8307,29.9583,1.0,,,,,,1.0,,,
2026-09-01,2026-09-01,IRF-M,23181.468319,0.2202,0.2202,7.2922,12.3096,24.7717,613.0,,,,,,613.0,,,
2026-09-01,2026-09-01,IRF-M 1,20877.118027,0.0607,0.0607,9.2998,14.4805,29.1593,116.0,,,,,,116.0,,,
2026-09-01,2026-09-01,IRF-M 1+,25050.879737,0.2728,0.2728,6.5422,11.5222,22.6942,776.0,,,,,,776.0,,,
2026-09-02,2026-09-02,IMA-B,11729.77198,0.3296,0.4585,7.237,12.0487,16.8319,1714.0,,,,,,1714.0,,,
2026-09-02,2026-09-02,IMA-B 5,11643.965431,0.1141,0.2358,9.4344,13.6149,23.613,572.0,,,,,,572.0,,,
2026-09-02,2026-09-02,IMA-B 5+,12770.767044,0.456,0.5892,5.4617,10.7561,11.7255,2382.0,,,,,,2382.0,,,
2026-09-02,2026-09-02,IMA-GERAL,10414.544851,0.1744,0.278,8.5481,13.602,25.2388,495.0,100.0,,,,,495.0,,,
2026-09-02,2026-09-02,IMA-GERAL-EX-C,10269.80036,0.1753,0.2788,8.5571,13.6716,25.4049,491.0,,,,,,491.0,,,
2026-09-02,2026-09-02,IMA-S,8912.76852,0.0512,0.1038,9.5794,14.8257,29.9709,1.0,,,,,,1.0,,,
2026-09-02,2026-09-02,IRF-M,23263.809437,0.3552,0.5762,7.6733,12.8386,25.2702,609.0,,,,,,609.0,,,
2026-09-02,2026-09-02,IRF-M 1,20890.929625,0.0662,0.1269,9.3722,14.5042,29.1943,116.0,,,,,,116.0,,,
2026-09-02,2026-09-02,IRF-M 1+,25163.025607,0.4477,0.7217,7.0192,12.2482,23.3492,767.0,,,,,,767.0,,,
2026-09-03,2026-09-03,IMA-B,11774.398926,0.3805,0.8407,7.645,12.6632,17.3691,1718.0,,,,,,1718.0,,,
2026-09-03,2026-09-03,IMA-B 5,11659.719558,0.1353,0.3714,9.5825,13.8047,23.801,571.0,,,,,,571.0,,,
2026-09-03,2026-09-03,IMA-B 5+,12837.664135,0.5238,1.1161,6.0142,11.646,12.449,2386.0,,,,,,2386.0,,,
2026-09-03,2026-09-03,IMA-GERAL,10430.876732,0.1568,0.4352,8.7183,13.7745,25.406,496.0,100.0,,,,,496.0,,,
2026-09-03,2026-09-03,IMA-GERAL-EX-C,10285.997169,0.1577,0.437,8.7283,13.8449,25.5724,493.0,,,,,,493.0,,,
2026-09-03,2026-09-03,IMA-S,8917.34182,0.0513,0.1552,9.6356,14.8208,29.9842,1.0,,,,,,1.0,,,
2026-09-03,2026-09-03,IRF-M,23316.04395,0.2245,0.802,7.9151,13.0125,25.4267,609.0,,,,,,609.0,,,
2026-09-03,2026-09-03,IRF-M 1,20903.857684,0.0619,0.1888,9.4398,14.5101,29.2181,115.0,,,,,,115.0,,,
2026-09-03,2026-09-03,IRF-M 1+,25232.5679,0.2764,1.0,7.3149,12.471,23.533,766.0,,,,,,766.0,,,
2026-09-04,2026-09-04,IRF-M 1,20913.929688,0.0482,0.2371,9.4926,14.496,29.1813,114.0,,,,,,114.0,,,
2026-09-04,2026-09-04,IRF-M 1+,25273.232697,0.1612,1.1628,7.4879,12.545,23.1962,766.0,,,,,,766.0,,,
2026-09-04,2026-09-04,IRF-M,23347.264176,0.1339,0.937,8.0596,13.0698,25.1981,609.0,,,,,,609.0,,,
2026-09-04,2026-09-04,IMA-B 5,11673.300529,0.1165,0.4884,9.7102,13.9197,23.7181,571.0,,,,,,571.0,,,
2026-09-04,2026-09-04,IMA-B 5+,12841.12181,0.0269,1.1433,6.0427,11.7512,12.0778,2383.0,,,,,,2383.0,,,
2026-09-04,2026-09-04,IMA-B,11781.451264,0.0599,0.9011,7.7095,12.7647,17.1046,1716.0,,,,,,1716.0,,,
2026-09-04,2026-09-04,IMA-S,8921.842469,0.0505,0.2057,9.6909,14.8154,29.9984,1.0,,,,,,1.0,,,
2026-09-04,2026-09-04,IMA-GERAL-EX-C,10293.263054,0.0706,0.5079,8.8052,13.8786,25.4461,492.0,,,,,,492.0,,,
2026-09-04,2026-09-04,IMA-GERAL,10438.283842,0.071,0.5065,8.7955,13.8153,25.2841,496.0,100.0,,,,,496.0,,,
2026-09-08,2026-09-08,IRF-M 1,20925.364415,0.0547,0.2919,9.5524,14.4259,29.1354,113.0,,,,,,113.0,,,
2026-09-08,2026-09-08,IRF-M 1+,25406.988578,0.5292,1.6982,8.0568,12.626,23.4238,767.0,,,,,,767.0,,,
2026-09-08,2026-09-08,IRF-M,23444.116113,0.4148,1.3557,8.5078,13.1573,25.391,610.0,,,,,,610.0,,,
2026-09-08,2026-09-08,IMA-B 5,11703.391627,0.2578,0.7474,9.993,13.9478,23.8991,570.0,,,,,,570.0,,,
2026-09-08,2026-09-08,IMA-B 5+,12910.328145,0.5389,1.6884,6.6142,11.6464,11.9483,2387.0,,,,,,2387.0,,,
2026-09-08,2026-09-08,IMA-B,11832.745991,0.4354,1.3404,8.1785,12.7446,17.1108,1719.0,,,,,,1719.0,,,
2026-09-08,2026-09-08,IMA-S,8926.44782,0.0516,0.2575,9.7475,14.7477,29.9602,1.0,,,,,,1.0,,,
2026-09-08,2026-09-08,IMA-GERAL-EX-C,10314.991902,0.2111,0.7201,9.0348,13.8399,25.4404,494.0,,,,,,494.0,,,
2026-09-08,2026-09-08,IMA-GERAL,10460.151908,0.2095,0.7171,9.0234,13.7773,25.2794,498.0,100.0,,,,,498.0,,,
2026-09-09,2026-09-09,IRF-M 1,20932.73318,0.0352,0.3272,9.591,14.4132,29.1339,112.0,,,,,,112.0,,,
2026-09-09,2026-09-09,IRF-M 1+,25301.211412,-0.4163,1.2748,7.6069,12.1026,22.854,764.0,,,,,,764.0,,,
2026-09-09,2026-09-09,IRF-M,23371.940241,-0.3079,1.0437,8.1738,12.755,24.9518,607.0,,,,,,607.0,,,
2026-09-09,2026-09-09,IMA-B 5,11699.544197,-0.0329,0.7143,9.9568,13.8643,23.8151,569.0,,,,,,569.0,,,
2026-09-09,2026-09-09,IMA-B 5+,12871.265325,-0.3026,1.3807,6.2917,11.1664,11.7605,2382.0,,,,,,2382.0,,,
2026-09-09,2026-09-09,IMA-B,11808.676648,-0.2034,1.1343,7.9584,12.4156,16.9485,1715.0,,,,,,1715.0,,,
2026-09-09,2026-09-09,IMA-S,8930.94738,0.0504,0.308,9.8029,14.7426,29.9742,1.0,,,,,,1.0,,,
2026-09-09,2026-09-09,IMA-GERAL-EX-C,10306.625075,-0.0811,0.6384,8.9464,13.6777,25.3222,492.0,,,,,,492.0,,,
2026-09-09,2026-09-09,IMA-GERAL,10451.800945,-0.0798,0.6367,8.9364,13.6182,25.1625,496.0,100.0,,,,,496.0,,,
2026-09-11,2026-09-10,IRF-M 1,20942.16644400,0.0451,0.3724,9.6404,14.4084,29.1255,111,5.20,435363660,,,,164.017497183417,0.545921534485014,13.4541479760079,13.3732625745431
2026-09-11,2026-09-10,IRF-M 1+,25343.34896600,0.1665,1.4435,7.7861,12.1959,23.0858,764,16.40,1372485061,,,,1181.82039734548,11.995383495866,13.9646975261429,14.0623141551752
2026-09-11,2026-09-10,IRF-M,23404.02109600,0.1373,1.1824,8.3223,12.8292,25.1207,606,21.60,1807848721,,,,936.714493097313,9.23813970460501,13.8417476808149,14.0319624055825
2026-09-11,2026-09-10,IMA-B 5,11725.76182100,0.2241,0.9400,10.2032,13.9100,24.1356,568,7.63,638882589,,,,841.643817864131,7.67361176148149,7.38950347020618,7.57228903073838
2026-09-11,2026-09-10,IMA-B 5+,12942.81404300,0.5559,1.9443,6.8825,11.3477,12.6441,2387,13.13,1099463615,,,,4631.85220039587,131.184312731946,7.45663006886308,7.41934446572052
2026-09-11,2026-09-10,IMA-B,11859.88904500,0.4337,1.5729,8.4266,12.5669,17.6333,1719,20.77,1738346205,,,,3238.86262231189,85.79126256968,7.43195948537425,7.43793709658759
2026-09-11,2026-09-10,IMA-S,8935.52373800,0.0512,0.3594,9.8591,14.7376,29.9887,1,56.62,4739786469,,,,1,0,,
2026-09-11,2026-09-10,IMA-GERAL-EX-C,10322.08702900,0.1500,0.7894,9.1098,13.7142,25.5339,493,98.99,8285981395,,,,884.438678031688,20.0140534731933,,
2026-09-11,2026-09-10,IMA-GERAL,10467.49547800,0.1502,0.7878,9.1000,13.6570,25.3732,497,100.00,8370739557,,,,888.884543471589,19.9609222273221,,
