data_captura,titulo,vencimento,preco_unitario,preco_retorno,posicao_custodia
2026-06-01,210100,2026-09-01,19105.49719407,0.00000000,9627474
2026-06-01,210100,2027-03-01,19097.28469557,0.00000000,29208862
2026-06-01,210100,2027-09-01,19088.31806958,0.00000000,28452997
2026-06-01,210100,2028-03-01,19076.81796758,0.00000000,17408164
2026-06-01,210100,2028-09-01,19061.94266107,0.00000000,20364427
2026-06-01,210100,2029-03-01,19044.30737934,0.00000000,18712935
2026-06-01,210100,2029-09-01,19025.76077487,0.00000000,16972395
2026-06-01,210100,2030-03-01,19008.85150925,0.00000000,14029041
2026-06-01,210100,2030-06-01,18999.41377251,0.00000000,10404564
2026-06-01,210100,2030-09-01,18988.92935864,0.00000000,11428619
2026-06-01,210100,2030-12-01,18981.71612500,0.00000000,7604406
2026-06-01,210100,2031-03-01,18969.35996646,0.00000000,12205048
2026-06-01,210100,2031-06-01,18958.02224219,0.00000000,9948858
2026-06-01,210100,2031-09-01,18947.62249269,0.00000000,8487474
2026-06-01,210100,2031-12-01,18928.48814246,0.00000000,6974543
2026-06-01,210100,2032-03-01,18915.43409768,0.00000000,9221040
2026-06-01,210100,2032-06-01,18896.73400478,0.00000000,9623452
2026-06-01,100000,2026-07-01,987.92977663,0.00000000,241207314
2026-06-01,100000,2026-10-01,953.53156833,0.00000000,135465977
2026-06-01,100000,2027-01-01,922.11801716,0.00000000,6170377
2026-06-01,100000,2027-04-01,892.68884716,0.00000000,133409876
2026-06-01,100000,2027-07-01,863.06171726,0.00000000,118248629
2026-06-01,100000,2027-10-01,833.64755454,0.00000000,124288520
2026-06-01,100000,2028-01-01,806.54584733,0.00000000,77768257
2026-06-01,100000,2028-04-01,779.87377925,0.00000000,26981233
2026-06-01,100000,2028-07-01,754.73790090,0.00000000,29697089
2026-06-01,100000,2029-01-01,705.70985484,0.00000000,249548883
2026-06-01,100000,2029-07-01,659.27963448,0.00000000,219042654
2026-06-01,100000,2030-01-01,615.68333326,0.00000000,150303142
2026-06-01,100000,2031-01-01,536.14616401,0.00000000,4987401
2026-06-01,100000,2032-01-01,465.78405998,0.00000000,187863471
2026-06-01,760197,2026-08-15,136.44903123,0.00000000,3516986
2026-06-01,760197,2026-11-15,133.72127988,0.00000000,3787572
2026-06-01,760197,2027-02-15,131.52360469,0.00000000,2997538
2026-06-01,760197,2027-05-15,129.20045704,0.00000000,3787572
2026-06-01,760197,2027-08-15,126.60943654,0.00000000,2997538
2026-06-01,760197,2027-11-15,124.10520441,0.00000000,3776515
2026-06-01,760197,2028-02-15,121.50183506,0.00000000,2997538
2026-06-01,760197,2028-05-15,119.19092645,0.00000000,3776515
2026-06-01,760197,2028-08-15,116.75799322,0.00000000,2997538
2026-06-01,760197,2028-11-15,114.52815501,0.00000000,3776515
2026-06-01,760197,2029-02-15,112.46588929,0.00000000,2675339
2026-06-01,760197,2029-05-15,110.37866132,0.00000000,3776515
2026-06-01,760197,2029-08-15,108.14374760,0.00000000,2675339
2026-06-01,760197,2029-11-15,105.99715063,0.00000000,3616732
2026-06-01,760197,2030-02-15,103.91843106,0.00000000,2675339
2026-06-01,760197,2030-05-15,101.98841177,0.00000000,3616732
2026-06-01,760197,2030-08-15,99.93945260,0.00000000,2675339
2026-06-01,760197,2030-11-15,97.94504204,0.00000000,3616732
2026-06-01,760197,2031-02-15,96.12244837,0.00000000,2294928
2026-06-01,760197,2031-05-15,94.44172539,0.00000000,3616732
2026-06-01,760197,2031-08-15,92.57739562,0.00000000,2294928
2026-06-01,760197,2031-11-15,90.71716164,0.00000000,3606417
2026-06-01,760197,2032-02-15,89.06098419,0.00000000,2294928
2026-06-01,760197,2032-05-15,87.36505410,0.00000000,3606417
2026-06-01,760197,2032-08-15,85.69566837,0.00000000,2294928
2026-06-01,760197,2032-11-15,84.12812332,0.00000000,3606417
2026-06-01,760197,2033-02-15,82.52749136,0.00000000,2081477
2026-06-01,760197,2033-05-15,81.08663856,0.00000000,3606417
2026-06-01,760197,2033-08-15,79.58769955,0.00000000,2081477
2026-06-01,760197,2033-11-15,78.14978443,0.00000000,3541999
2026-06-01,760197,2034-02-15,76.70298729,0.00000000,2081477
2026-06-01,760197,2034-05-15,75.44151304,0.00000000,3541999
2026-06-01,760197,2034-08-15,74.05852049,0.00000000,2081477
2026-06-01,760197,2034-11-15,72.74667422,0.00000000,3541999
2026-06-01,760197,2035-02-15,71.52119899,0.00000000,2081477
2026-06-01,760197,2035-05-15,70.29695205,0.00000000,3541999
2026-06-01,760197,2035-08-15,69.01388188,0.00000000,2081477
2026-06-01,760197,2035-11-15,67.79030758,0.00000000,1967081
2026-06-01,760197,2036-02-15,66.60506112,0.00000000,2081477
2026-06-01,760197,2036-05-15,65.49433747,0.00000000,1967081
2026-06-01,760197,2036-08-15,64.28982355,0.00000000,2081477
2026-06-01,760197,2036-11-15,63.08714812,0.00000000,1967081
2026-06-01,760197,2037-02-15,61.97593045,0.00000000,2081477
2026-06-01,760197,2037-05-15,60.93511060,0.00000000,1967081
2026-06-01,760197,2037-08-15,59.80865451,0.00000000,2081477
2026-06-01,760197,2037-11-15,58.75487538,0.00000000,1923158
2026-06-01,760197,2038-02-15,57.72077981,0.00000000,2081477
2026-06-01,760197,2038-05-15,56.72209418,0.00000000,1923158
2026-06-01,760197,2038-08-15,55.69376160,0.00000000,2081477
2026-06-01,760197,2038-11-15,54.71609704,0.00000000,1923158
2026-06-01,760197,2039-02-15,53.71020663,0.00000000,2081477
2026-06-01,760197,2039-05-15,52.79859202,0.00000000,1923158
2026-06-01,760197,2039-08-15,51.84363129,0.00000000,2081477
2026-06-01,760197,2039-11-15,50.92072201,0.00000000,1923158
2026-06-01,760197,2040-02-15,50.01437550,0.00000000,2081477
2026-06-01,760197,2040-05-15,49.13817927,0.00000000,1923158
2026-06-01,760197,2040-08-15,48.23595152,0.00000000,2081477
2026-06-01,760197,2040-11-15,47.37813478,0.00000000,1923158
2026-06-01,760197,2041-02-15,46.55051878,0.00000000,1757410
2026-06-01,760197,2041-05-15,45.77776205,0.00000000,1923158
2026-06-01,760197,2041-08-15,44.94262272,0.00000000,1757410
2026-06-01,760197,2041-11-15,44.11145318,0.00000000,1923158
2026-06-01,760197,2042-02-15,43.34557841,0.00000000,1757410
2026-06-01,760197,2042-05-15,42.64177186,0.00000000,1923158
2026-06-01,760197,2042-08-15,41.86708094,0.00000000,1757410
2026-06-01,760197,2042-11-15,41.09515224,0.00000000,1923158
2026-06-01,760197,2043-02-15,40.40578304,0.00000000,1757410
2026-06-01,760197,2043-05-15,39.71659157,0.00000000,1923158
2026-06-01,760197,2043-08-15,38.99469539,0.00000000,1757410
2026-06-01,760197,2043-11-15,38.31768842,0.00000000,1923158
2026-06-01,760197,2044-02-15,37.65156129,0.00000000,1757410
2026-06-01,760197,2044-05-15,37.00640638,0.00000000,1923158
2026-06-01,760197,2044-08-15,36.34001835,0.00000000,1757410
2026-06-01,760197,2044-11-15,35.69413790,0.00000000,1923158
2026-06-01,760197,2045-02-15,35.03783567,0.00000000,1757410
2026-06-01,760197,2045-05-15,34.46052160,0.00000000,1923158
2026-06-01,760197,2045-08-15,33.82378298,0.00000000,1757410
2026-06-01,760197,2045-11-15,33.21791396,0.00000000,127551
2026-06-01,760197,2046-02-15,32.65104986,0.00000000,1757410
2026-06-01,760197,2046-05-15,32.08473338,0.00000000,127551
2026-06-01,760197,2046-08-15,31.49219658,0.00000000,1757410
2026-06-01,760197,2046-11-15,30.92846674,0.00000000,127551
2026-06-01,760197,2047-02-15,30.38368529,0.00000000,1757410
2026-06-01,760197,2047-05-15,29.87433362,0.00000000,127551
2026-06-01,760197,2047-08-15,29.32326344,0.00000000,1757410
2026-06-01,760197,2047-11-15,28.77435673,0.00000000,127551
2026-06-01,760197,2048-02-15,28.26832797,0.00000000,1757410
2026-06-01,760197,2048-05-15,27.79529610,0.00000000,127551
2026-06-01,760197,2048-08-15,27.28362123,0.00000000,1757410
2026-06-01,760197,2048-11-15,26.80466393,0.00000000,127551
2026-06-01,760197,2049-02-15,26.33445519,0.00000000,1757410
2026-06-01,760197,2049-05-15,25.88023878,0.00000000,127551
2026-06-01,760197,2049-08-15,25.41251165,0.00000000,1757410
2026-06-01,760197,2049-11-15,24.96788936,0.00000000,127551
2026-06-01,760197,2050-02-15,24.51058270,0.00000000,1757410
2026-06-01,760197,2050-05-15,24.09635297,0.00000000,127551
2026-06-01,760197,2050-08-15,23.66273766,0.00000000,1757410
2026-06-01,760197,2050-11-15,23.24405261,0.00000000,127551
2026-06-01,760197,2051-02-15,22.83327723,0.00000000,1094078
2026-06-01,760197,2051-05-15,22.44925018,0.00000000,127551
2026-06-01,760197,2051-08-15,22.04095309,0.00000000,1094078
2026-06-01,760197,2051-11-15,21.65271728,0.00000000,127551
2026-06-01,760197,2052-02-15,21.27768298,0.00000000,1094078
2026-06-01,760197,2052-05-15,20.92124447,0.00000000,127551
2026-06-01,760197,2052-08-15,20.54214989,0.00000000,1094078
2026-06-01,760197,2052-11-15,20.16454628,0.00000000,127551
2026-06-01,760197,2053-02-15,19.81639004,0.00000000,1094078
2026-06-01,760197,2053-05-15,19.49631886,0.00000000,127551
2026-06-01,760197,2053-08-15,19.14393066,0.00000000,1094078
2026-06-01,760197,2053-11-15,18.79278819,0.00000000,127551
2026-06-01,760197,2054-02-15,18.47925989,0.00000000,1094078
2026-06-01,760197,2054-05-15,18.16593502,0.00000000,127551
2026-06-01,760197,2054-08-15,17.83794965,0.00000000,1094078
2026-06-01,760197,2054-11-15,17.53062882,0.00000000,127551
2026-06-01,760197,2055-02-15,17.22857804,0.00000000,1094078
2026-06-01,760197,2055-05-15,16.93642455,0.00000000,127551
2026-06-01,760197,2055-08-15,16.63451922,0.00000000,1094078
2026-06-01,760197,2056-02-15,16.05209066,0.00000000,1094078
2026-06-01,760197,2056-08-15,15.48997374,0.00000000,1094078
2026-06-01,760197,2057-02-15,14.94351349,0.00000000,1094078
2026-06-01,760197,2057-08-15,14.41691320,0.00000000,1094078
2026-06-01,760197,2058-02-15,13.90168543,0.00000000,1094078
2026-06-01,760197,2058-08-15,13.40606498,0.00000000,1094078
2026-06-01,760197,2059-02-15,12.91822305,0.00000000,1094078
2026-06-01,760197,2059-08-15,12.44991854,0.00000000,1094078
2026-06-01,760197,2060-02-15,11.98647819,0.00000000,1094078
2026-06-01,760197,2060-08-15,11.54954146,0.00000000,1094078
2026-06-01,760198,2026-08-15,4615.53243886,0.00000000,3030506
2026-06-01,760198,2027-05-15,4370.34176959,0.00000000,11057
2026-06-01,760198,2028-08-15,3949.46230358,0.00000000,322199
2026-06-01,760198,2029-05-15,3733.67467193,0.00000000,6959194
2026-06-01,760198,2030-08-15,3380.55742324,0.00000000,380411
2026-06-01,760198,2031-05-15,3194.59100018,0.00000000,10315
2026-06-01,760198,2032-08-15,2898.74639404,0.00000000,1897861
2026-06-01,760198,2033-05-15,2742.84109806,0.00000000,64418
2026-06-01,760198,2035-05-15,2377.86856840,0.00000000,8536776
2026-06-01,760198,2037-05-15,2061.19440427,0.00000000,43923
2026-06-01,760198,2040-08-15,1631.63195044,0.00000000,4513433
2026-06-01,760198,2045-05-15,1165.66350010,0.00000000,9234879
2026-06-01,760198,2050-08-15,800.41706624,0.00000000,4443561
2026-06-01,760198,2055-05-15,572.89242878,0.00000000,127551
2026-06-01,760198,2060-08-15,390.67542502,0.00000000,1094078
2026-06-01,760199,2026-08-15,4751.98147051,0.00000000,50568169
2026-06-01,760199,2027-05-15,4633.90033491,0.00000000,33138763
2026-06-01,760199,2028-08-15,4583.02651537,0.00000000,47705467
2026-06-01,760199,2029-05-15,4466.01614619,0.00000000,15310686
2026-06-01,760199,2030-08-15,4439.34456162,0.00000000,49627802
2026-06-01,760199,2031-05-15,4328.37214527,0.00000000,4573417
2026-06-01,760199,2032-08-15,4323.56334025,0.00000000,23437276
2026-06-01,760199,2033-05-15,4223.41883505,0.00000000,18545257
2026-06-01,760199,2035-05-15,4163.24864076,0.00000000,55991116
2026-06-01,760199,2037-05-15,4111.57537761,0.00000000,4914501
2026-06-01,760199,2040-08-15,4108.63291155,0.00000000,31793471
2026-06-01,760199,2045-05-15,3972.25110187,0.00000000,40714785
2026-06-01,760199,2050-08-15,3982.84008192,0.00000000,47440024
2026-06-01,760199,2055-05-15,3888.37335826,0.00000000,31737694
2026-06-01,760199,2060-08-15,3919.70097566,0.00000000,24215485
2026-06-01,770100,2031-01-01,7838.17400328,0.00000000,11040915
2026-06-01,950197,2026-07-01,48.21971628,0.00000000,3172462
2026-06-01,950197,2027-01-01,45.00751998,0.00000000,3172462
2026-06-01,950197,2027-07-01,42.12504990,0.00000000,3172462
2026-06-01,950197,2028-01-01,39.36657528,0.00000000,3172462
2026-06-01,950197,2028-07-01,36.83788899,0.00000000,3172462
2026-06-01,950197,2029-01-01,34.44488645,0.00000000,3172462
2026-06-01,950197,2029-07-01,32.17868079,0.00000000,2740192
2026-06-01,950197,2030-01-01,30.05079546,0.00000000,2740192
2026-06-01,950197,2030-07-01,28.08671838,0.00000000,2740192
2026-06-01,950197,2031-01-01,26.16867770,0.00000000,2740192
2026-06-01,950197,2031-07-01,24.46515388,0.00000000,2613535
2026-06-01,950197,2032-01-01,22.73438432,0.00000000,2613535
2026-06-01,950197,2032-07-01,21.23575484,0.00000000,2613535
2026-06-01,950197,2033-01-01,19.75650379,0.00000000,2613535
2026-06-01,950197,2033-07-01,18.44833609,0.00000000,2333097
2026-06-01,950197,2034-01-01,17.23060151,0.00000000,2333097
2026-06-01,950197,2034-07-01,16.08874134,0.00000000,2333097
2026-06-01,950197,2035-01-01,14.97654080,0.00000000,2333097
2026-06-01,950197,2035-07-01,13.97907886,0.00000000,300002
2026-06-01,950197,2036-01-01,13.08835519,0.00000000,300002
2026-06-01,950197,2036-07-01,12.22353111,0.00000000,300002
2026-06-01,950197,2037-01-01,11.31320598,0.00000000,300002
2026-06-01,950198,2029-01-01,705.70985484,0.00000000,432270
2026-06-01,950198,2031-01-01,536.14616401,0.00000000,126657
2026-06-01,950198,2033-01-01,404.77298253,0.00000000,280438
2026-06-01,950198,2035-01-01,306.84068163,0.00000000,2033095
2026-06-01,950198,2037-01-01,231.78595647,0.00000000,300002
2026-06-01,950199,2027-01-01,1015.34487374,0.00000000,121310423
2026-06-01,950199,2029-01-01,951.66868711,0.00000000,119202703
2026-06-01,950199,2031-01-01,898.41195916,0.00000000,203774077
2026-06-01,950199,2033-01-01,854.86168086,0.00000000,95073771
2026-06-01,950199,2035-01-01,823.11630363,0.00000000,117063553
2026-06-01,950199,2037-01-01,797.90932868,0.00000000,36626520
2026-06-02,210100,2026-09-01,19115.81460836,0.00000000,9627474
2026-06-02,210100,2027-03-01,19107.52161427,0.00000000,29208213
2026-06-02,210100,2027-09-01,19098.50777921,0.00000000,28452997
2026-06-02,210100,2028-03-01,19087.14644810,0.00000000,17407023
2026-06-02,210100,2028-09-01,19072.37746275,0.00000000,20364427
2026-06-02,210100,2029-03-01,19054.57217680,0.00000000,18711991
2026-06-02,210100,2029-09-01,19036.14638465,0.00000000,16972395
2026-06-02,210100,2030-03-01,19019.53371963,0.00000000,14029041
2026-06-02,210100,2030-06-01,19010.04614518,0.00000000,10402564
2026-06-02,210100,2030-09-01,18999.58317538,0.00000000,11428619
2026-06-02,210100,2030-12-01,18992.30486363,0.00000000,7599406
2026-06-02,210100,2031-03-01,18981.03681470,0.00000000,12210638
2026-06-02,210100,2031-06-01,18969.20616795,0.00000000,9948858
2026-06-02,210100,2031-09-01,18959.34384712,0.00000000,8487474
2026-06-02,210100,2031-12-01,18939.96753443,0.00000000,6974543
2026-06-02,210100,2032-03-01,18927.61125405,0.00000000,9221040
2026-06-02,210100,2032-06-01,18909.44067514,0.00000000,9623452
2026-06-02,100000,2026-07-01,988.47746180,0.00000000,238787832
2026-06-02,100000,2026-10-01,954.05347100,0.00000000,141914612
2026-06-02,100000,2027-01-01,922.54950248,0.00000000,6168468
2026-06-02,100000,2027-04-01,893.01369936,0.00000000,133068031
2026-06-02,100000,2027-07-01,863.20587471,0.00000000,118248629
2026-06-02,100000,2027-10-01,833.71049480,0.00000000,124288520
2026-06-02,100000,2028-01-01,806.42282361,0.00000000,77764172
2026-06-02,100000,2028-04-01,779.79421083,0.00000000,28681233
2026-06-02,100000,2028-07-01,754.66561134,0.00000000,29697089
2026-06-02,100000,2029-01-01,705.93264547,0.00000000,249580798
2026-06-02,100000,2029-07-01,659.81322921,0.00000000,218222458
2026-06-02,100000,2030-01-01,616.49605329,0.00000000,157303142
2026-06-02,100000,2031-01-01,537.29239637,0.00000000,4986184
2026-06-02,100000,2032-01-01,467.17005290,0.00000000,187904117
2026-06-02,760197,2026-08-15,136.53975882,0.00000000,3519574
2026-06-02,760197,2026-11-15,133.79158970,0.00000000,3818095
2026-06-02,760197,2027-02-15,131.56672376,0.00000000,3000126
2026-06-02,760197,2027-05-15,129.21973083,0.00000000,3818095
2026-06-02,760197,2027-08-15,126.61339583,0.00000000,3000126
2026-06-02,760197,2027-11-15,124.09511192,0.00000000,3807038
2026-06-02,760197,2028-02-15,121.47770565,0.00000000,3000126
2026-06-02,760197,2028-05-15,119.15451992,0.00000000,3807038
2026-06-02,760197,2028-08-15,116.70835402,0.00000000,3000126
2026-06-02,760197,2028-11-15,114.46600787,0.00000000,3807038
2026-06-02,760197,2029-02-15,112.39233136,0.00000000,2677927
2026-06-02,760197,2029-05-15,110.29404912,0.00000000,3807038
2026-06-02,760197,2029-08-15,108.04796353,0.00000000,2677927
2026-06-02,760197,2029-11-15,105.89106876,0.00000000,3647255
2026-06-02,760197,2030-02-15,103.80267095,0.00000000,2677927
2026-06-02,760197,2030-05-15,101.86380349,0.00000000,3647255
2026-06-02,760197,2030-08-15,99.80542452,0.00000000,2677927
2026-06-02,760197,2030-11-15,97.80176877,0.00000000,3647255
2026-06-02,760197,2031-02-15,95.97084053,0.00000000,2295345
2026-06-02,760197,2031-05-15,94.28267247,0.00000000,3647255
2026-06-02,760197,2031-08-15,92.41041682,0.00000000,2295345
2026-06-02,760197,2031-11-15,90.54253852,0.00000000,3636940
2026-06-02,760197,2032-02-15,88.87973256,0.00000000,2295345
2026-06-02,760197,2032-05-15,87.17713426,0.00000000,3636940
2026-06-02,760197,2032-08-15,85.50123670,0.00000000,2295345
2026-06-02,760197,2032-11-15,83.92656110,0.00000000,3636940
2026-06-02,760197,2033-02-15,82.31871672,0.00000000,2081477
2026-06-02,760197,2033-05-15,80.87466495,0.00000000,3636940
2026-06-02,760197,2033-08-15,79.37306621,0.00000000,2081477
2026-06-02,760197,2033-11-15,77.92910875,0.00000000,3568737
2026-06-02,760197,2034-02-15,76.47391583,0.00000000,2081477
2026-06-02,760197,2034-05-15,75.20434943,0.00000000,3568737
2026-06-02,760197,2034-08-15,73.81312589,0.00000000,2081477
2026-06-02,760197,2034-11-15,72.49573487,0.00000000,3568737
2026-06-02,760197,2035-02-15,71.26873775,0.00000000,2081477
2026-06-02,760197,2035-05-15,70.04825640,0.00000000,3568737
2026-06-02,760197,2035-08-15,68.77695980,0.00000000,2081477
2026-06-02,760197,2035-11-15,67.57283345,0.00000000,1987319
2026-06-02,760197,2036-02-15,66.41404631,0.00000000,2081477
2026-06-02,760197,2036-05-15,65.33484718,0.00000000,1987319
2026-06-02,760197,2036-08-15,64.17173599,0.00000000,2081477
2026-06-02,760197,2036-11-15,63.01768132,0.00000000,1987319
2026-06-02,760197,2037-02-15,61.95761019,0.00000000,2081477
2026-06-02,760197,2037-05-15,60.96986642,0.00000000,1987319
2026-06-02,760197,2037-08-15,59.89626843,0.00000000,2081477
2026-06-02,760197,2037-11-15,58.87919070,0.00000000,1937424
2026-06-02,760197,2038-02-15,57.86964118,0.00000000,2081477
2026-06-02,760197,2038-05-15,56.88449063,0.00000000,1937424
2026-06-02,760197,2038-08-15,55.86044521,0.00000000,2081477
2026-06-02,760197,2038-11-15,54.87867379,0.00000000,1937424
2026-06-02,760197,2039-02-15,53.86132588,0.00000000,2081477
2026-06-02,760197,2039-05-15,52.93406975,0.00000000,1937424
2026-06-02,760197,2039-08-15,51.95862058,0.00000000,2081477
2026-06-02,760197,2039-11-15,51.01327556,0.00000000,1937424
2026-06-02,760197,2040-02-15,50.08383320,0.00000000,2081477
2026-06-02,760197,2040-05-15,49.18580143,0.00000000,1937424
2026-06-02,760197,2040-08-15,48.26328648,0.00000000,2081477
2026-06-02,760197,2040-11-15,47.38640156,0.00000000,1937424
2026-06-02,760197,2041-02-15,46.53788455,0.00000000,1757410
2026-06-02,760197,2041-05-15,45.74366953,0.00000000,1937424
2026-06-02,760197,2041-08-15,44.88357394,0.00000000,1757410
2026-06-02,760197,2041-11-15,44.02615070,0.00000000,1937424
2026-06-02,760197,2042-02-15,43.23523692,0.00000000,1757410
2026-06-02,760197,2042-05-15,42.50806432,0.00000000,1937424
2026-06-02,760197,2042-08-15,41.70769211,0.00000000,1757410
2026-06-02,760197,2042-11-15,40.91071171,0.00000000,1937424
2026-06-02,760197,2043-02-15,40.19988138,0.00000000,1757410
2026-06-02,760197,2043-05-15,39.49054532,0.00000000,1937424
2026-06-02,760197,2043-08-15,38.74946619,0.00000000,1757410
2026-06-02,760197,2043-11-15,38.05676069,0.00000000,1937424
2026-06-02,760197,2044-02-15,37.37786093,0.00000000,1757410
2026-06-02,760197,2044-05-15,36.72335684,0.00000000,1937424
2026-06-02,760197,2044-08-15,36.05097036,0.00000000,1757410
2026-06-02,760197,2044-11-15,35.40336767,0.00000000,1937424
2026-06-02,760197,2045-02-15,34.75002036,0.00000000,1757410
2026-06-02,760197,2045-05-15,34.17970815,0.00000000,1937424
2026-06-02,760197,2045-08-15,33.55406586,0.00000000,1757410
2026-06-02,760197,2045-11-15,32.96041791,0.00000000,127551
2026-06-02,760197,2046-02-15,32.40635806,0.00000000,1757410
2026-06-02,760197,2046-05-15,31.85405399,0.00000000,127551
2026-06-02,760197,2046-08-15,31.27736384,0.00000000,1757410
2026-06-02,760197,2046-11-15,30.72970904,0.00000000,127551
2026-06-02,760197,2047-02-15,30.20125971,0.00000000,1757410
2026-06-02,760197,2047-05-15,29.70776788,0.00000000,127551
2026-06-02,760197,2047-08-15,29.17435738,0.00000000,1757410
2026-06-02,760197,2047-11-15,28.64339825,0.00000000,127551
2026-06-02,760197,2048-02-15,28.15407632,0.00000000,1757410
2026-06-02,760197,2048-05-15,27.69666244,0.00000000,127551
2026-06-02,760197,2048-08-15,27.20172105,0.00000000,1757410
2026-06-02,760197,2048-11-15,26.73811452,0.00000000,127551
2026-06-02,760197,2049-02-15,26.28251738,0.00000000,1757410
2026-06-02,760197,2049-05-15,25.84182276,0.00000000,127551
2026-06-02,760197,2049-08-15,25.38723310,0.00000000,1757410
2026-06-02,760197,2049-11-15,24.95418210,0.00000000,127551
2026-06-02,760197,2050-02-15,24.50764900,0.00000000,1757410
2026-06-02,760197,2050-05-15,24.10201363,0.00000000,127551
2026-06-02,760197,2050-08-15,23.67601634,0.00000000,1757410
2026-06-02,760197,2050-11-15,23.26349908,0.00000000,127551
2026-06-02,760197,2051-02-15,22.85791479,0.00000000,1094078
2026-06-02,760197,2051-05-15,22.47796928,0.00000000,127551
2026-06-02,760197,2051-08-15,22.07319458,0.00000000,1094078
2026-06-02,760197,2051-11-15,21.68752932,0.00000000,127551
2026-06-02,760197,2052-02-15,21.31426114,0.00000000,1094078
2026-06-02,760197,2052-05-15,20.95885302,0.00000000,127551
2026-06-02,760197,2052-08-15,20.58016820,0.00000000,1094078
2026-06-02,760197,2052-11-15,20.20227893,0.00000000,127551
2026-06-02,760197,2053-02-15,19.85325583,0.00000000,1094078
2026-06-02,760197,2053-05-15,19.53188661,0.00000000,127551
2026-06-02,760197,2053-08-15,19.17752646,0.00000000,1094078
2026-06-02,760197,2053-11-15,18.82386809,0.00000000,127551
2026-06-02,760197,2054-02-15,18.50764306,0.00000000,1094078
2026-06-02,760197,2054-05-15,18.19121363,0.00000000,127551
2026-06-02,760197,2054-08-15,17.85955728,0.00000000,1094078
2026-06-02,760197,2054-11-15,17.54842383,0.00000000,127551
2026-06-02,760197,2055-02-15,17.24229283,0.00000000,1094078
2026-06-02,760197,2055-05-15,16.94589742,0.00000000,127551
2026-06-02,760197,2055-08-15,16.63988852,0.00000000,1094078
2026-06-02,760197,2056-02-15,16.05179389,0.00000000,1094078
2026-06-02,760197,2056-08-15,15.48671178,0.00000000,1094078
2026-06-02,760197,2057-02-15,14.93935719,0.00000000,1094078
2026-06-02,760197,2057-08-15,14.41338319,0.00000000,1094078
2026-06-02,760197,2058-02-15,13.89980879,0.00000000,1094078
2026-06-02,760197,2058-08-15,13.40637761,0.00000000,1094078
2026-06-02,760197,2059-02-15,12.92087872,0.00000000,1094078
2026-06-02,760197,2059-08-15,12.45461155,0.00000000,1094078
2026-06-02,760197,2060-02-15,11.99257491,0.00000000,1094078
2026-06-02,760197,2060-08-15,11.55600134,0.00000000,1094078
2026-06-02,760198,2026-08-15,4618.60139550,0.00000000,3028692
2026-06-02,760198,2027-05-15,4370.99372590,0.00000000,11057
2026-06-02,760198,2028-08-15,3947.78320524,0.00000000,322199
2026-06-02,760198,2029-05-15,3730.81257473,0.00000000,6957373
2026-06-02,760198,2030-08-15,3376.02378198,0.00000000,382582
2026-06-02,760198,2031-05-15,3189.21086712,0.00000000,10315
2026-06-02,760198,2032-08-15,2892.16953756,0.00000000,1915795
2026-06-02,760198,2033-05-15,2735.67086689,0.00000000,68203
2026-06-02,760198,2035-05-15,2369.45617573,0.00000000,8542009
2026-06-02,760198,2037-05-15,2062.37005648,0.00000000,49895
2026-06-02,760198,2040-08-15,1632.55658442,0.00000000,4523153
2026-06-02,760198,2045-05-15,1156.16468878,0.00000000,9247157
2026-06-02,760198,2050-08-15,800.86623155,0.00000000,4448337
2026-06-02,760198,2055-05-15,573.21285868,0.00000000,127551
2026-06-02,760198,2060-08-15,390.89393740,0.00000000,1094078
2026-06-02,760199,2026-08-15,4755.14115474,0.00000000,50568134
2026-06-02,760199,2027-05-15,4634.62187197,0.00000000,33138763
2026-06-02,760199,2028-08-15,4581.38024140,0.00000000,47705467
2026-06-02,760199,2029-05-15,4463.02850189,0.00000000,15310686
2026-06-02,760199,2030-08-15,4434.42171796,0.00000000,49625614
2026-06-02,760199,2031-05-15,4322.33026256,0.00000000,4573417
2026-06-02,760199,2032-08-15,4315.89507036,0.00000000,23436800
2026-06-02,760199,2033-05-15,4214.80118428,0.00000000,18774361
2026-06-02,760199,2035-05-15,4152.41750927,0.00000000,56132259
2026-06-02,760199,2037-05-15,4113.92051432,0.00000000,4969755
2026-06-02,760199,2040-08-15,4110.96124397,0.00000000,31858357
2026-06-02,760199,2045-05-15,3954.56426164,0.00000000,40630130
2026-06-02,760199,2050-08-15,3985.07510873,0.00000000,47476070
2026-06-02,760199,2055-05-15,3890.54820129,0.00000000,31737488
2026-06-02,760199,2060-08-15,3921.89334084,0.00000000,24215713
2026-06-02,770100,2031-01-01,7893.41126874,0.00000000,11040915
2026-06-02,950197,2026-07-01,48.24644816,0.00000000,3172462
2026-06-02,950197,2027-01-01,45.02858028,0.00000000,3172462
2026-06-02,950197,2027-07-01,42.13208606,0.00000000,3172462
2026-06-02,950197,2028-01-01,39.36057063,0.00000000,3172462
2026-06-02,950197,2028-07-01,36.83436062,0.00000000,3172462
2026-06-02,950197,2029-01-01,34.45576060,0.00000000,3172462
2026-06-02,950197,2029-07-01,32.20472493,0.00000000,2740192
2026-06-02,950197,2030-01-01,30.09046339,0.00000000,2740192
2026-06-02,950197,2030-07-01,28.12186087,0.00000000,2740192
2026-06-02,950197,2031-01-01,26.22462398,0.00000000,2740192
2026-06-02,950197,2031-07-01,24.52162150,0.00000000,2613535
2026-06-02,950197,2032-01-01,22.80203304,0.00000000,2613535
2026-06-02,950197,2032-07-01,21.30352367,0.00000000,2613535
2026-06-02,950197,2033-01-01,19.82962004,0.00000000,2613535
2026-06-02,950197,2033-07-01,18.52098628,0.00000000,2333097
2026-06-02,950197,2034-01-01,17.26282850,0.00000000,2333097
2026-06-02,950197,2034-07-01,16.12022484,0.00000000,2333097
2026-06-02,950197,2035-01-01,15.05185719,0.00000000,2333097
2026-06-02,950197,2035-07-01,14.05299669,0.00000000,300002
2026-06-02,950197,2036-01-01,13.11193193,0.00000000,300002
2026-06-02,950197,2036-07-01,12.24633851,0.00000000,300002
2026-06-02,950197,2037-01-01,11.38195197,0.00000000,300002
2026-06-02,950198,2029-01-01,705.93264547,0.00000000,432270
2026-06-02,950198,2031-01-01,537.29239637,0.00000000,126657
2026-06-02,950198,2033-01-01,406.27099474,0.00000000,280438
2026-06-02,950198,2035-01-01,308.38377027,0.00000000,2033095
2026-06-02,950198,2037-01-01,233.19443037,0.00000000,300002
2026-06-02,950199,2027-01-01,1015.82416668,0.00000000,121310390
2026-06-02,950199,2029-01-01,951.94813503,0.00000000,119202457
2026-06-02,950199,2031-01-01,899.77475235,0.00000000,205973412
2026-06-02,950199,2033-01-01,856.84581959,0.00000000,95923370
2026-06-02,950199,2035-01-01,825.36140837,0.00000000,117062595
2026-06-02,950199,2037-01-01,800.21209008,0.00000000,38632800
2026-06-03,210100,2026-09-01,19126.10695798,0.00000000,9627474
2026-06-03,210100,2027-03-01,19117.79236807,0.00000000,29207347
2026-06-03,210100,2027-09-01,19108.75095985,0.00000000,28452997
2026-06-03,210100,2028-03-01,19097.38073641,0.00000000,17405735
2026-06-03,210100,2028-09-01,19082.64611983,0.00000000,20364427
2026-06-03,210100,2029-03-01,19064.99800787,0.00000000,18710959
2026-06-03,210100,2029-09-01,19046.53736158,0.00000000,16972395
2026-06-03,210100,2030-03-01,19029.93839491,0.00000000,14029041
2026-06-03,210100,2030-06-01,19020.53312795,0.00000000,10402564
2026-06-03,210100,2030-09-01,19010.00200829,0.00000000,11428619
2026-06-03,210100,2030-12-01,19002.89890770,0.00000000,7599406
2026-06-03,210100,2031-03-01,18991.46796795,0.00000000,12220091
2026-06-03,210100,2031-06-01,18979.83166065,0.00000000,9948858
2026-06-03,210100,2031-09-01,18969.98470065,0.00000000,8487474
2026-06-03,210100,2031-12-01,18950.21160890,0.00000000,6974543
2026-06-03,210100,2032-03-01,18938.39110383,0.00000000,9221040
2026-06-03,210100,2032-06-01,18919.90279883,0.00000000,9623452
2026-06-03,100000,2026-07-01,989.01499485,0.00000000,236628720
2026-06-03,100000,2026-10-01,954.43543166,0.00000000,142690598
2026-06-03,100000,2027-01-01,922.67724930,0.00000000,6164742
2026-06-03,100000,2027-04-01,892.79689286,0.00000000,133068031
2026-06-03,100000,2027-07-01,862.58705445,0.00000000,118748630
2026-06-03,100000,2027-10-01,832.66544029,0.00000000,124288520
2026-06-03,100000,2028-01-01,805.08207896,0.00000000,77821271
2026-06-03,100000,2028-04-01,778.16314115,0.00000000,28681233
2026-06-03,100000,2028-07-01,752.68868475,0.00000000,29697089
2026-06-03,100000,2029-01-01,703.86946395,0.00000000,249624536
2026-06-03,100000,2029-07-01,657.79920112,0.00000000,218222458
2026-06-03,100000,2030-01-01,614.44643972,0.00000000,158371470
2026-06-03,100000,2031-01-01,535.56152801,0.00000000,4983728
2026-06-03,100000,2032-01-01,465.39480457,0.00000000,187995774
2026-06-03,760197,2026-08-15,136.64355292,0.00000000,3520528
2026-06-03,760197,2026-11-15,133.89143646,0.00000000,3818769
2026-06-03,760197,2027-02-15,131.65369000,0.00000000,3001080
2026-06-03,760197,2027-05-15,129.29580649,0.00000000,3818769
2026-06-03,760197,2027-08-15,126.67951665,0.00000000,3001080
2026-06-03,760197,2027-11-15,124.13851575,0.00000000,3807712
2026-06-03,760197,2028-02-15,121.48719856,0.00000000,3001080
2026-06-03,760197,2028-05-15,119.13142063,0.00000000,3807712
2026-06-03,760197,2028-08-15,116.65921730,0.00000000,3001080
2026-06-03,760197,2028-11-15,114.40296352,0.00000000,3807712
2026-06-03,760197,2029-02-15,112.31828149,0.00000000,2678881
2026-06-03,760197,2029-05-15,110.20997414,0.00000000,3807712
2026-06-03,760197,2029-08-15,107.93341511,0.00000000,2678881
2026-06-03,760197,2029-11-15,105.71824915,0.00000000,3647929
2026-06-03,760197,2030-02-15,103.56163788,0.00000000,2678881
2026-06-03,760197,2030-05-15,101.56643119,0.00000000,3647929
2026-06-03,760197,2030-08-15,99.48051673,0.00000000,2678881
2026-06-03,760197,2030-11-15,97.52364842,0.00000000,3647929
2026-06-03,760197,2031-02-15,95.77351858,0.00000000,2296299
2026-06-03,760197,2031-05-15,94.12433085,0.00000000,3647929
2026-06-03,760197,2031-08-15,92.24694237,0.00000000,2296299
2026-06-03,760197,2031-11-15,90.37032492,0.00000000,3637614
2026-06-03,760197,2032-02-15,88.69854540,0.00000000,2296299
2026-06-03,760197,2032-05-15,86.98781355,0.00000000,3637614
2026-06-03,760197,2032-08-15,85.30767126,0.00000000,2296299
2026-06-03,760197,2032-11-15,83.73028109,0.00000000,3637614
2026-06-03,760197,2033-02-15,82.11633219,0.00000000,2081477
2026-06-03,760197,2033-05-15,80.66366044,0.00000000,3637614
2026-06-03,760197,2033-08-15,79.15516694,0.00000000,2081477
2026-06-03,760197,2033-11-15,77.71033659,0.00000000,3569411
2026-06-03,760197,2034-02-15,76.25777301,0.00000000,2081477
2026-06-03,760197,2034-05-15,74.99124605,0.00000000,3569411
2026-06-03,760197,2034-08-15,73.60140449,0.00000000,2081477
2026-06-03,760197,2034-11-15,72.28037840,0.00000000,3569411
2026-06-03,760197,2035-02-15,71.04254710,0.00000000,2081477
2026-06-03,760197,2035-05-15,69.80082992,0.00000000,3569411
2026-06-03,760197,2035-08-15,68.49746866,0.00000000,2081477
2026-06-03,760197,2035-11-15,67.25729282,0.00000000,1988035
2026-06-03,760197,2036-02-15,66.05914684,0.00000000,2081477
2026-06-03,760197,2036-05-15,64.93975525,0.00000000,1988035
2026-06-03,760197,2036-08-15,63.73026560,0.00000000,2081477
2026-06-03,760197,2036-11-15,62.52798987,0.00000000,1988035
2026-06-03,760197,2037-02-15,61.42265647,0.00000000,2081477
2026-06-03,760197,2037-05-15,60.39282687,0.00000000,1988035
2026-06-03,760197,2037-08-15,59.28313392,0.00000000,2081477
2026-06-03,760197,2037-11-15,58.24803378,0.00000000,1937424
2026-06-03,760197,2038-02-15,57.23478382,0.00000000,2081477
2026-06-03,760197,2038-05-15,56.25827354,0.00000000,1937424
2026-06-03,760197,2038-08-15,55.25449130,0.00000000,2081477
2026-06-03,760197,2038-11-15,54.30137725,0.00000000,1937424
2026-06-03,760197,2039-02-15,53.32150540,0.00000000,2081477
2026-06-03,760197,2039-05-15,52.43368717,0.00000000,1937424
2026-06-03,760197,2039-08-15,51.50336576,0.00000000,2081477
2026-06-03,760197,2039-11-15,50.60345244,0.00000000,1937424
2026-06-03,760197,2040-02-15,49.71834202,0.00000000,2081477
2026-06-03,760197,2040-05-15,48.86083545,0.00000000,1937424
2026-06-03,760197,2040-08-15,47.97532442,0.00000000,2081477
2026-06-03,760197,2040-11-15,47.12745654,0.00000000,1937424
2026-06-03,760197,2041-02-15,46.30119343,0.00000000,1757410
2026-06-03,760197,2041-05-15,45.52284253,0.00000000,1937424
2026-06-03,760197,2041-08-15,44.67480051,0.00000000,1757410
2026-06-03,760197,2041-11-15,43.82443772,0.00000000,1937424
2026-06-03,760197,2042-02-15,43.03600597,0.00000000,1757410
2026-06-03,760197,2042-05-15,42.30802781,0.00000000,1937424
2026-06-03,760197,2042-08-15,41.50374681,0.00000000,1757410
2026-06-03,760197,2042-11-15,40.70019329,0.00000000,1937424
2026-06-03,760197,2043-02-15,39.98167828,0.00000000,1757410
2026-06-03,760197,2043-05-15,39.26339881,0.00000000,1937424
2026-06-03,760197,2043-08-15,38.51212181,0.00000000,1757410
2026-06-03,760197,2043-11-15,37.80960870,0.00000000,1937424
2026-06-03,760197,2044-02-15,37.12136507,0.00000000,1757410
2026-06-03,760197,2044-05-15,36.45862877,0.00000000,1937424
2026-06-03,760197,2044-08-15,35.77916680,0.00000000,1757410
2026-06-03,760197,2044-11-15,35.12668947,0.00000000,1937424
2026-06-03,760197,2045-02-15,34.47103539,0.00000000,1757410
2026-06-03,760197,2045-05-15,33.90144540,0.00000000,1937424
2026-06-03,760197,2045-08-15,33.27811712,0.00000000,1757410
2026-06-03,760197,2045-11-15,32.68650025,0.00000000,127551
2026-06-03,760197,2046-02-15,32.13419939,0.00000000,1757410
2026-06-03,760197,2046-05-15,31.58352616,0.00000000,127551
2026-06-03,760197,2046-08-15,31.00841900,0.00000000,1757410
2026-06-03,760197,2046-11-15,30.46216586,0.00000000,127551
2026-06-03,760197,2047-02-15,29.93498742,0.00000000,1757410
2026-06-03,760197,2047-05-15,29.44262174,0.00000000,127551
2026-06-03,760197,2047-08-15,28.91037674,0.00000000,1757410
2026-06-03,760197,2047-11-15,28.38054076,0.00000000,127551
2026-06-03,760197,2048-02-15,27.89223726,0.00000000,1757410
2026-06-03,760197,2048-05-15,27.43577563,0.00000000,127551
2026-06-03,760197,2048-08-15,26.94188191,0.00000000,1757410
2026-06-03,760197,2048-11-15,26.47929029,0.00000000,127551
2026-06-03,760197,2049-02-15,26.02473981,0.00000000,1757410
2026-06-03,760197,2049-05-15,25.58512138,0.00000000,127551
2026-06-03,760197,2049-08-15,25.13172658,0.00000000,1757410
2026-06-03,760197,2049-11-15,24.69991280,0.00000000,127551
2026-06-03,760197,2050-02-15,24.25477731,0.00000000,1757410
2026-06-03,760197,2050-05-15,23.85053746,0.00000000,127551
2026-06-03,760197,2050-08-15,23.42615486,0.00000000,1757410
2026-06-03,760197,2050-11-15,23.01530674,0.00000000,127551
2026-06-03,760197,2051-02-15,22.61141255,0.00000000,1094078
2026-06-03,760197,2051-05-15,22.23309524,0.00000000,127551
2026-06-03,760197,2051-08-15,21.83010391,0.00000000,1094078
2026-06-03,760197,2051-11-15,21.44618555,0.00000000,127551
2026-06-03,760197,2052-02-15,21.07465333,0.00000000,1094078
2026-06-03,760197,2052-05-15,20.72094024,0.00000000,127551
2026-06-03,760197,2052-08-15,20.34410754,0.00000000,1094078
2026-06-03,760197,2052-11-15,19.96811483,0.00000000,127551
2026-06-03,760197,2053-02-15,19.62088714,0.00000000,1094078
2026-06-03,760197,2053-05-15,19.30120892,0.00000000,127551
2026-06-03,760197,2053-08-15,18.94875621,0.00000000,1094078
2026-06-03,760197,2053-11-15,18.59704717,0.00000000,127551
2026-06-03,760197,2054-02-15,18.28260452,0.00000000,1094078
2026-06-03,760197,2054-05-15,17.96799653,0.00000000,127551
2026-06-03,760197,2054-08-15,17.63829074,0.00000000,1094078
2026-06-03,760197,2054-11-15,17.32902645,0.00000000,127551
2026-06-03,760197,2055-02-15,17.02477241,0.00000000,1094078
2026-06-03,760197,2055-05-15,16.73023069,0.00000000,127551
2026-06-03,760197,2055-08-15,16.42617434,0.00000000,1094078
2026-06-03,760197,2056-02-15,15.84194649,0.00000000,1094078
2026-06-03,760197,2056-08-15,15.28072552,0.00000000,1094078
2026-06-03,760197,2057-02-15,14.73725166,0.00000000,1094078
2026-06-03,760197,2057-08-15,14.21514164,0.00000000,1094078
2026-06-03,760197,2058-02-15,13.70547186,0.00000000,1094078
2026-06-03,760197,2058-08-15,13.21591879,0.00000000,1094078
2026-06-03,760197,2059-02-15,12.73436079,0.00000000,1094078
2026-06-03,760197,2059-08-15,12.27199908,0.00000000,1094078
2026-06-03,760197,2060-02-15,11.81395294,0.00000000,1094078
2026-06-03,760197,2060-08-15,11.38126378,0.00000000,1094078
2026-06-03,760198,2026-08-15,4622.11234055,0.00000000,3026871
2026-06-03,760198,2027-05-15,4373.56706531,0.00000000,11057
2026-06-03,760198,2028-08-15,3946.12110382,0.00000000,322199
2026-06-03,760198,2029-05-15,3727.96864986,0.00000000,6954857
2026-06-03,760198,2030-08-15,3365.03343320,0.00000000,382582
2026-06-03,760198,2031-05-15,3183.85479490,0.00000000,10315
2026-06-03,760198,2032-08-15,2885.62198252,0.00000000,1942881
2026-06-03,760198,2033-05-15,2728.53341684,0.00000000,68203
2026-06-03,760198,2035-05-15,2361.08671382,0.00000000,8540040
2026-06-03,760198,2037-05-15,2042.85108505,0.00000000,50611
2026-06-03,760198,2040-08-15,1622.81596395,0.00000000,4536621
2026-06-03,760198,2045-05-15,1146.75215755,0.00000000,9245324
2026-06-03,760198,2050-08-15,792.41440354,0.00000000,4461648
2026-06-03,760198,2055-05-15,565.91770397,0.00000000,127551
2026-06-03,760198,2060-08-15,384.98325493,0.00000000,1094078
2026-06-03,760199,2026-08-15,4758.75589389,0.00000000,50568047
2026-06-03,760199,2027-05-15,4637.35041744,0.00000000,33138763
2026-06-03,760199,2028-08-15,4579.75350785,0.00000000,47705467
2026-06-03,760199,2029-05-15,4460.06209934,0.00000000,15310686
2026-06-03,760199,2030-08-15,4422.04327467,0.00000000,49534073
2026-06-03,760199,2031-05-15,4316.31807183,0.00000000,4573417
2026-06-03,760199,2032-08-15,4308.26407183,0.00000000,23435812
2026-06-03,760199,2033-05-15,4206.22545914,0.00000000,19239222
2026-06-03,760199,2035-05-15,4141.64318989,0.00000000,56604161
2026-06-03,760199,2037-05-15,4086.24453766,0.00000000,4971412
2026-06-03,760199,2040-08-15,4095.86775157,0.00000000,31965652
2026-06-03,760199,2045-05-15,3937.01858177,0.00000000,40631560
2026-06-03,760199,2050-08-15,3965.61978000,0.00000000,47476031
2026-06-03,760199,2055-05-15,3869.92144280,0.00000000,31737325
2026-06-03,760199,2060-08-15,3900.65865849,0.00000000,24216969
2026-06-03,770100,2031-01-01,7901.12832303,0.00000000,11040915
2026-06-03,950197,2026-07-01,48.27268453,0.00000000,3199762
2026-06-03,950197,2027-01-01,45.03481546,0.00000000,3199762
2026-06-03,950197,2027-07-01,42.10188215,0.00000000,3199762
2026-06-03,950197,2028-01-01,39.29513043,0.00000000,3199762
2026-06-03,950197,2028-07-01,36.73786911,0.00000000,3199762
2026-06-03,950197,2029-01-01,34.35505909,0.00000000,3199762
2026-06-03,950197,2029-07-01,32.10642254,0.00000000,2767492
2026-06-03,950197,2030-01-01,29.99042411,0.00000000,2767492
2026-06-03,950197,2030-07-01,28.04314596,0.00000000,2767492
2026-06-03,950197,2031-01-01,26.14014229,0.00000000,2767492
2026-06-03,950197,2031-07-01,24.44360358,0.00000000,2640835
2026-06-03,950197,2032-01-01,22.71538521,0.00000000,2640835
2026-06-03,950197,2032-07-01,21.21440492,0.00000000,2640835
2026-06-03,950197,2033-01-01,19.75013200,0.00000000,2640835
2026-06-03,950197,2033-07-01,18.44044017,0.00000000,2355218
2026-06-03,950197,2034-01-01,17.19869506,0.00000000,2355218
2026-06-03,950197,2034-07-01,16.05588077,0.00000000,2355218
2026-06-03,950197,2035-01-01,14.98205313,0.00000000,2355218
2026-06-03,950197,2035-07-01,13.98364675,0.00000000,300002
2026-06-03,950197,2036-01-01,13.06493744,0.00000000,300002
2026-06-03,950197,2036-07-01,12.19986712,0.00000000,300002
2026-06-03,950197,2037-01-01,11.33104545,0.00000000,300002
2026-06-03,950198,2029-01-01,703.86946395,0.00000000,432270
2026-06-03,950198,2031-01-01,535.56152801,0.00000000,126657
2026-06-03,950198,2033-01-01,404.64243676,0.00000000,285617
2026-06-03,950198,2035-01-01,306.95361856,0.00000000,2055216
2026-06-03,950198,2037-01-01,232.15145300,0.00000000,300002
2026-06-03,950199,2027-01-01,1015.98439643,0.00000000,121359408
2026-06-03,950199,2029-01-01,949.62464330,0.00000000,119202365
2026-06-03,950199,2031-01-01,897.42556138,0.00000000,206323828
2026-06-03,950199,2033-01-01,854.27165225,0.00000000,96090220
2026-06-03,950199,2035-01-01,822.71562418,0.00000000,117039467
2026-06-03,950199,2037-01-01,797.75372205,0.00000000,39106141
2026-06-04,210100,2026-09-01,19136.41858316,0.00000000,9627474
2026-06-04,210100,2027-03-01,19128.04073514,0.00000000,29187718
2026-06-04,210100,2027-09-01,19119.02351218,0.00000000,28452997
2026-06-04,210100,2028-03-01,19107.75307414,0.00000000,17404442
2026-06-04,210100,2028-09-01,19092.92030633,0.00000000,20364427
2026-06-04,210100,2029-03-01,19075.37730419,0.00000000,18709970
2026-06-04,210100,2029-09-01,19056.81076262,0.00000000,16972395
2026-06-04,210100,2030-03-01,19040.20721894,0.00000000,14029041
2026-06-04,210100,2030-06-01,19030.79966697,0.00000000,10402564
2026-06-04,210100,2030-09-01,19020.34621645,0.00000000,11423187
2026-06-04,210100,2030-12-01,19013.15924333,0.00000000,7595406
2026-06-04,210100,2031-03-01,19001.81526224,0.00000000,12232649
2026-06-04,210100,2031-06-01,18990.36860703,0.00000000,9948858
2026-06-04,210100,2031-09-01,18980.43360674,0.00000000,8487474
2026-06-04,210100,2031-12-01,18960.66792840,0.00000000,6974543
2026-06-04,210100,2032-03-01,18948.85275332,0.00000000,9221040
2026-06-04,210100,2032-06-01,18930.03299961,0.00000000,9662926
2026-06-04,100000,2026-07-01,989.56596886,0.00000000,234106785
2026-06-04,100000,2026-10-01,955.00105394,0.00000000,142417968
2026-06-04,100000,2027-01-01,923.29942049,0.00000000,6162782
2026-06-04,100000,2027-04-01,893.50934715,0.00000000,133068031
2026-06-04,100000,2027-07-01,863.34111336,0.00000000,118748630
2026-06-04,100000,2027-10-01,833.55471910,0.00000000,124138520
2026-06-04,100000,2028-01-01,805.85371377,0.00000000,77818225
2026-06-04,100000,2028-04-01,778.95959369,0.00000000,28681233
2026-06-04,100000,2028-07-01,753.37119868,0.00000000,29697089
2026-06-04,100000,2029-01-01,704.01784073,0.00000000,249677152
2026-06-04,100000,2029-07-01,657.54611965,0.00000000,218222458
2026-06-04,100000,2030-01-01,614.02253949,0.00000000,158371470
2026-06-04,100000,2031-01-01,534.68811644,0.00000000,4980087
2026-06-04,100000,2032-01-01,464.41528681,0.00000000,188063360
2026-06-04,760197,2026-08-15,136.68312905,0.00000000,3520528
2026-06-04,760197,2026-11-15,133.92013903,0.00000000,3824747
2026-06-04,760197,2027-02-15,131.71242800,0.00000000,3001080
2026-06-04,760197,2027-05-15,129.37192694,0.00000000,3824747
2026-06-04,760197,2027-08-15,126.74407434,0.00000000,3001080
2026-06-04,760197,2027-11-15,124.20597236,0.00000000,3813690
2026-06-04,760197,2028-02-15,121.56660027,0.00000000,3001080
2026-06-04,760197,2028-05-15,119.21762160,0.00000000,3813690
2026-06-04,760197,2028-08-15,116.72832531,0.00000000,3001080
2026-06-04,760197,2028-11-15,114.42355234,0.00000000,3813690
2026-06-04,760197,2029-02-15,112.28240507,0.00000000,2678881
2026-06-04,760197,2029-05-15,110.12643491,0.00000000,3813690
2026-06-04,760197,2029-08-15,107.82538583,0.00000000,2678881
2026-06-04,760197,2029-11-15,105.60510894,0.00000000,3653643
2026-06-04,760197,2030-02-15,103.45141345,0.00000000,2678881
2026-06-04,760197,2030-05-15,101.45506528,0.00000000,3653643
2026-06-04,760197,2030-08-15,99.34827793,0.00000000,2678881
2026-06-04,760197,2030-11-15,97.31427414,0.00000000,3653643
2026-06-04,760197,2031-02-15,95.46261554,0.00000000,2296299
2026-06-04,760197,2031-05-15,93.75440172,0.00000000,3653643
2026-06-04,760197,2031-08-15,91.85797322,0.00000000,2296299
2026-06-04,760197,2031-11-15,89.96826153,0.00000000,3643328
2026-06-04,760197,2032-02-15,88.28737001,0.00000000,2296299
2026-06-04,760197,2032-05-15,86.56688364,0.00000000,3643328
2026-06-04,760197,2032-08-15,84.87315485,0.00000000,2296299
2026-06-04,760197,2032-11-15,83.28146941,0.00000000,3643328
2026-06-04,760197,2033-02-15,81.65658478,0.00000000,2081477
2026-06-04,760197,2033-05-15,80.19747092,0.00000000,3643328
2026-06-04,760197,2033-08-15,78.68051120,0.00000000,2081477
2026-06-04,760197,2033-11-15,77.22215914,0.00000000,3575125
2026-06-04,760197,2034-02-15,75.75283884,0.00000000,2081477
2026-06-04,760197,2034-05-15,74.47126229,0.00000000,3575125
2026-06-04,760197,2034-08-15,73.06721920,0.00000000,2081477
2026-06-04,760197,2034-11-15,71.73802194,0.00000000,3575125
2026-06-04,760197,2035-02-15,70.50032307,0.00000000,2081477
2026-06-04,760197,2035-05-15,69.26948116,0.00000000,3575125
2026-06-04,760197,2035-08-15,67.98765880,0.00000000,2081477
2026-06-04,760197,2035-11-15,66.77380632,0.00000000,1993749
2026-06-04,760197,2036-02-15,65.60592365,0.00000000,2081477
2026-06-04,760197,2036-05-15,64.51852665,0.00000000,1993749
2026-06-04,760197,2036-08-15,63.34692407,0.00000000,2081477
2026-06-04,760197,2036-11-15,62.18485465,0.00000000,1993749
2026-06-04,760197,2037-02-15,61.11783951,0.00000000,2081477
2026-06-04,760197,2037-05-15,60.12403928,0.00000000,1993749
2026-06-04,760197,2037-08-15,59.04877957,0.00000000,2081477
2026-06-04,760197,2037-11-15,58.03817011,0.00000000,1943138
2026-06-04,760197,2038-02-15,57.04187514,0.00000000,2081477
2026-06-04,760197,2038-05-15,56.07531908,0.00000000,1943138
2026-06-04,760197,2038-08-15,55.07551620,0.00000000,2081477
2026-06-04,760197,2038-11-15,54.12066441,0.00000000,1943138
2026-06-04,760197,2039-02-15,53.13386396,0.00000000,2081477
2026-06-04,760197,2039-05-15,52.23574447,0.00000000,1943138
2026-06-04,760197,2039-08-15,51.29110483,0.00000000,2081477
2026-06-04,760197,2039-11-15,50.37455383,0.00000000,1943138
2026-06-04,760197,2040-02-15,49.47111384,0.00000000,2081477
2026-06-04,760197,2040-05-15,48.59472675,0.00000000,1943138
2026-06-04,760197,2040-08-15,47.68940075,0.00000000,2081477
2026-06-04,760197,2040-11-15,46.82694132,0.00000000,1943138
2026-06-04,760197,2041-02-15,45.99425610,0.00000000,1757410
2026-06-04,760197,2041-05-15,45.21638584,0.00000000,1943138
2026-06-04,760197,2041-08-15,44.37548161,0.00000000,1757410
2026-06-04,760197,2041-11-15,43.53853166,0.00000000,1943138
2026-06-04,760197,2042-02-15,42.76749275,0.00000000,1757410
2026-06-04,760197,2042-05-15,42.05925540,0.00000000,1943138
2026-06-04,760197,2042-08-15,41.28024763,0.00000000,1757410
2026-06-04,760197,2042-11-15,40.50484370,0.00000000,1943138
2026-06-04,760197,2043-02-15,39.81328923,0.00000000,1757410
2026-06-04,760197,2043-05-15,39.12299644,0.00000000,1943138
2026-06-04,760197,2043-08-15,38.40135346,0.00000000,1757410
2026-06-04,760197,2043-11-15,37.72613456,0.00000000,1943138
2026-06-04,760197,2044-02-15,37.06347331,0.00000000,1757410
2026-06-04,760197,2044-05-15,36.42352214,0.00000000,1943138
2026-06-04,760197,2044-08-15,35.76467022,0.00000000,1757410
2026-06-04,760197,2044-11-15,35.12844476,0.00000000,1943138
2026-06-04,760197,2045-02-15,34.48459402,0.00000000,1757410
2026-06-04,760197,2045-05-15,33.92065710,0.00000000,1943138
2026-06-04,760197,2045-08-15,33.30045214,0.00000000,1757410
2026-06-04,760197,2045-11-15,32.71110886,0.00000000,127551
2026-06-04,760197,2046-02-15,32.16034769,0.00000000,1757410
2026-06-04,760197,2046-05-15,31.61067611,0.00000000,127551
2026-06-04,760197,2046-08-15,31.03607963,0.00000000,1757410
2026-06-04,760197,2046-11-15,30.48984127,0.00000000,127551
2026-06-04,760197,2047-02-15,29.96228058,0.00000000,1757410
2026-06-04,760197,2047-05-15,29.46924240,0.00000000,127551
2026-06-04,760197,2047-08-15,28.93597170,0.00000000,1757410
2026-06-04,760197,2047-11-15,28.40485727,0.00000000,127551
2026-06-04,760197,2048-02-15,27.91519796,0.00000000,1757410
2026-06-04,760197,2048-05-15,27.45736033,0.00000000,127551
2026-06-04,760197,2048-08-15,26.96191257,0.00000000,1757410
2026-06-04,760197,2048-11-15,26.49785747,0.00000000,127551
2026-06-04,760197,2049-02-15,26.04191618,0.00000000,1757410
2026-06-04,760197,2049-05-15,25.60105079,0.00000000,127551
2026-06-04,760197,2049-08-15,25.14653014,0.00000000,1757410
2026-06-04,760197,2049-11-15,24.71385405,0.00000000,127551
2026-06-04,760197,2050-02-15,24.26810835,0.00000000,1757410
2026-06-04,760197,2050-05-15,23.86361740,0.00000000,127551
2026-06-04,760197,2050-08-15,23.43934397,0.00000000,1757410
2026-06-04,760197,2050-11-15,23.02660675,0.00000000,127551
2026-06-04,760197,2051-02-15,22.61680365,0.00000000,1094078
2026-06-04,760197,2051-05-15,22.22964473,0.00000000,127551
2026-06-04,760197,2051-08-15,21.81410639,0.00000000,1094078
2026-06-04,760197,2051-11-15,21.41563312,0.00000000,127551
2026-06-04,760197,2052-02-15,21.02799900,0.00000000,1094078
2026-06-04,760197,2052-05-15,20.65749126,0.00000000,127551
2026-06-04,760197,2052-08-15,20.26162730,0.00000000,1094078
2026-06-04,760197,2052-11-15,19.86595428,0.00000000,127551
2026-06-04,760197,2053-02-15,19.50039056,0.00000000,1094078
2026-06-04,760197,2053-05-15,19.16408191,0.00000000,127551
2026-06-04,760197,2053-08-15,18.79402036,0.00000000,1094078
2026-06-04,760197,2053-11-15,18.42599853,0.00000000,127551
2026-06-04,760197,2054-02-15,18.09848151,0.00000000,1094078
2026-06-04,760197,2054-05-15,17.77264779,0.00000000,127551
2026-06-04,760197,2054-08-15,17.43364562,0.00000000,1094078
2026-06-04,760197,2054-11-15,17.11842296,0.00000000,127551
2026-06-04,760197,2055-02-15,16.81137580,0.00000000,1094078
2026-06-04,760197,2055-05-15,16.51747212,0.00000000,127551
2026-06-04,760197,2055-08-15,16.21637958,0.00000000,1094078
2026-06-04,760197,2056-02-15,15.64048927,0.00000000,1094078
2026-06-04,760197,2056-08-15,15.09075290,0.00000000,1094078
2026-06-04,760197,2057-02-15,14.56187879,0.00000000,1094078
2026-06-04,760197,2057-08-15,14.05723971,0.00000000,1094078
2026-06-04,760197,2058-02-15,13.56809801,0.00000000,1094078
2026-06-04,760197,2058-08-15,13.10170253,0.00000000,1094078
2026-06-04,760197,2059-02-15,12.64642058,0.00000000,1094078
2026-06-04,760197,2059-08-15,12.21275286,0.00000000,1094078
2026-06-04,760197,2060-02-15,11.78668615,0.00000000,1094078
2026-06-04,760197,2060-08-15,11.38765054,0.00000000,1094078
2026-06-04,760198,2026-08-15,4623.45104469,0.00000000,3025383
2026-06-04,760198,2027-05-15,4376.14191973,0.00000000,11057
2026-06-04,760198,2028-08-15,3948.45875520,0.00000000,322199
2026-06-04,760198,2029-05-15,3725.14284753,0.00000000,6953200
2026-06-04,760198,2030-08-15,3360.56031628,0.00000000,382582
2026-06-04,760198,2031-05-15,3171.34155187,0.00000000,10315
2026-06-04,760198,2032-08-15,2870.92400638,0.00000000,1973257
2026-06-04,760198,2033-05-15,2712.76406434,0.00000000,68203
2026-06-04,760198,2035-05-15,2343.11328168,0.00000000,8538494
2026-06-04,760198,2037-05-15,2033.75906129,0.00000000,50611
2026-06-04,760198,2040-08-15,1613.14429417,0.00000000,4551219
2026-06-04,760198,2045-05-15,1147.40201367,0.00000000,9248800
2026-06-04,760198,2050-08-15,792.86053904,0.00000000,4471551
2026-06-04,760198,2055-05-15,558.72092085,0.00000000,127551
2026-06-04,760198,2060-08-15,385.19929371,0.00000000,1094078
2026-06-04,760199,2026-08-15,4760.13417416,0.00000000,50567574
2026-06-04,760199,2027-05-15,4640.08056929,0.00000000,33138763
2026-06-04,760199,2028-08-15,4582.46651811,0.00000000,47773926
2026-06-04,760199,2029-05-15,4457.11688495,0.00000000,15365900
2026-06-04,760199,2030-08-15,4417.19376636,0.00000000,49824694
2026-06-04,760199,2031-05-15,4301.84180083,0.00000000,4867408
2026-06-04,760199,2032-08-15,4290.58722710,0.00000000,23435760
2026-06-04,760199,2033-05-15,4186.74179151,0.00000000,19239222
2026-06-04,760199,2035-05-15,4117.86961679,0.00000000,56603470
2026-06-04,760199,2037-05-15,4073.68845730,0.00000000,5264970
2026-06-04,760199,2040-08-15,4080.87562253,0.00000000,31959319
2026-06-04,760199,2045-05-15,3939.24966160,0.00000000,40521723
2026-06-04,760199,2050-08-15,3967.85245495,0.00000000,47495278
2026-06-04,760199,2055-05-15,3849.50552623,0.00000000,31653085
2026-06-04,760199,2060-08-15,3902.84756804,0.00000000,24144022
2026-06-04,770100,2031-01-01,7898.46579114,0.00000000,11040915
2026-06-04,950197,2026-07-01,48.29957694,0.00000000,3199762
2026-06-04,950197,2027-01-01,45.06518292,0.00000000,3199762
2026-06-04,950197,2027-07-01,42.13868690,0.00000000,3199762
2026-06-04,950197,2028-01-01,39.33279304,0.00000000,3199762
2026-06-04,950197,2028-07-01,36.77118183,0.00000000,3199762
2026-06-04,950197,2029-01-01,34.36230119,0.00000000,3199762
2026-06-04,950197,2029-07-01,32.09406992,0.00000000,2767492
2026-06-04,950197,2030-01-01,29.96973403,0.00000000,2767492
2026-06-04,950197,2030-07-01,28.00919559,0.00000000,2767492
2026-06-04,950197,2031-01-01,26.09751207,0.00000000,2767492
2026-06-04,950197,2031-07-01,24.40345608,0.00000000,2640835
2026-06-04,950197,2032-01-01,22.66757607,0.00000000,2640835
2026-06-04,950197,2032-07-01,21.16478632,0.00000000,2640835
2026-06-04,950197,2033-01-01,19.69357000,0.00000000,2640835
2026-06-04,950197,2033-07-01,18.38292236,0.00000000,2355218
2026-06-04,950197,2034-01-01,17.12929354,0.00000000,2355218
2026-06-04,950197,2034-07-01,15.98631517,0.00000000,2355218
2026-06-04,950197,2035-01-01,14.91822635,0.00000000,2355218
2026-06-04,950197,2035-07-01,13.92021431,0.00000000,300002
2026-06-04,950197,2036-01-01,12.99125645,0.00000000,300002
2026-06-04,950197,2036-07-01,12.12721630,0.00000000,300002
2026-06-04,950197,2037-01-01,11.25980856,0.00000000,300002
2026-06-04,950198,2029-01-01,704.01784073,0.00000000,432270
2026-06-04,950198,2031-01-01,534.68811644,0.00000000,126657
2026-06-04,950198,2033-01-01,403.48358964,0.00000000,285617
2026-06-04,950198,2035-01-01,305.64592995,0.00000000,2055216
2026-06-04,950198,2037-01-01,230.69194532,0.00000000,300002
2026-06-04,950199,2027-01-01,1016.66384642,0.00000000,121359342
2026-06-04,950199,2029-01-01,949.94505794,0.00000000,119202288
2026-06-04,950199,2031-01-01,896.61242389,0.00000000,206323559
2026-06-04,950199,2033-01-01,852.97686335,0.00000000,96018218
2026-06-04,950199,2035-01-01,821.00928366,0.00000000,116964841
2026-06-04,950199,2037-01-01,795.61046950,0.00000000,39118123
2026-06-05,210100,2026-09-01,19136.41858316,0.00000000,9627474
2026-06-05,210100,2027-03-01,19128.04073514,0.00000000,29187718
2026-06-05,210100,2027-09-01,19119.02351218,0.00000000,28452997
2026-06-05,210100,2028-03-01,19107.75307414,0.00000000,17404442
2026-06-05,210100,2028-09-01,19092.92030633,0.00000000,20364427
2026-06-05,210100,2029-03-01,19075.37730419,0.00000000,18709970
2026-06-05,210100,2029-09-01,19056.81076262,0.00000000,16972395
2026-06-05,210100,2030-03-01,19040.20721894,0.00000000,14029041
2026-06-05,210100,2030-06-01,19030.79966697,0.00000000,10402564
2026-06-05,210100,2030-09-01,19020.34621645,0.00000000,11423187
2026-06-05,210100,2030-12-01,19013.15924333,0.00000000,7595406
2026-06-05,210100,2031-03-01,19001.81526224,0.00000000,12232649
2026-06-05,210100,2031-06-01,18990.36860703,0.00000000,9948858
2026-06-05,210100,2031-09-01,18980.43360674,0.00000000,8487474
2026-06-05,210100,2031-12-01,18960.66792840,0.00000000,6974543
2026-06-05,210100,2032-03-01,18948.85275332,0.00000000,9221040
2026-06-05,210100,2032-06-01,18930.03299961,0.00000000,9662926
2026-06-05,100000,2026-07-01,989.56596886,0.00000000,234106785
2026-06-05,100000,2026-10-01,955.00105394,0.00000000,142417968
2026-06-05,100000,2027-01-01,923.29942049,0.00000000,6162782
2026-06-05,100000,2027-04-01,893.50934715,0.00000000,133068031
2026-06-05,100000,2027-07-01,863.34111336,0.00000000,118748630
2026-06-05,100000,2027-10-01,833.55471910,0.00000000,124138520
2026-06-05,100000,2028-01-01,805.85371377,0.00000000,77818225
2026-06-05,100000,2028-04-01,778.95959369,0.00000000,28681233
2026-06-05,100000,2028-07-01,753.37119868,0.00000000,29697089
2026-06-05,100000,2029-01-01,704.01784073,0.00000000,249677152
2026-06-05,100000,2029-07-01,657.54611965,0.00000000,218222458
2026-06-05,100000,2030-01-01,614.02253949,0.00000000,158371470
2026-06-05,100000,2031-01-01,534.68811644,0.00000000,4980087
2026-06-05,100000,2032-01-01,464.41528681,0.00000000,188063360
2026-06-05,760197,2026-08-15,136.68312905,0.00000000,3520528
2026-06-05,760197,2026-11-15,133.92013903,0.00000000,3824747
2026-06-05,760197,2027-02-15,131.71242800,0.00000000,3001080
2026-06-05,760197,2027-05-15,129.37192694,0.00000000,3824747
2026-06-05,760197,2027-08-15,126.74407434,0.00000000,3001080
2026-06-05,760197,2027-11-15,124.20597236,0.00000000,3813690
2026-06-05,760197,2028-02-15,121.56660027,0.00000000,3001080
2026-06-05,760197,2028-05-15,119.21762160,0.00000000,3813690
2026-06-05,760197,2028-08-15,116.72832531,0.00000000,3001080
2026-06-05,760197,2028-11-15,114.42355234,0.00000000,3813690
2026-06-05,760197,2029-02-15,112.28240507,0.00000000,2678881
2026-06-05,760197,2029-05-15,110.12643491,0.00000000,3813690
2026-06-05,760197,2029-08-15,107.82538583,0.00000000,2678881
2026-06-05,760197,2029-11-15,105.60510894,0.00000000,3653643
2026-06-05,760197,2030-02-15,103.45141345,0.00000000,2678881
2026-06-05,760197,2030-05-15,101.45506528,0.00000000,3653643
2026-06-05,760197,2030-08-15,99.34827793,0.00000000,2678881
2026-06-05,760197,2030-11-15,97.31427414,0.00000000,3653643
2026-06-05,760197,2031-02-15,95.46261554,0.00000000,2296299
2026-06-05,760197,2031-05-15,93.75440172,0.00000000,3653643
2026-06-05,760197,2031-08-15,91.85797322,0.00000000,2296299
2026-06-05,760197,2031-11-15,89.96826153,0.00000000,3643328
2026-06-05,760197,2032-02-15,88.28737001,0.00000000,2296299
2026-06-05,760197,2032-05-15,86.56688364,0.00000000,3643328
2026-06-05,760197,2032-08-15,84.87315485,0.00000000,2296299
2026-06-05,760197,2032-11-15,83.28146941,0.00000000,3643328
2026-06-05,760197,2033-02-15,81.65658478,0.00000000,2081477
2026-06-05,760197,2033-05-15,80.19747092,0.00000000,3643328
2026-06-05,760197,2033-08-15,78.68051120,0.00000000,2081477
2026-06-05,760197,2033-11-15,77.22215914,0.00000000,3575125
2026-06-05,760197,2034-02-15,75.75283884,0.00000000,2081477
2026-06-05,760197,2034-05-15,74.47126229,0.00000000,3575125
2026-06-05,760197,2034-08-15,73.06721920,0.00000000,2081477
2026-06-05,760197,2034-11-15,71.73802194,0.00000000,3575125
2026-06-05,760197,2035-02-15,70.50032307,0.00000000,2081477
2026-06-05,760197,2035-05-15,69.26948116,0.00000000,3575125
2026-06-05,760197,2035-08-15,67.98765880,0.00000000,2081477
2026-06-05,760197,2035-11-15,66.77380632,0.00000000,1993749
2026-06-05,760197,2036-02-15,65.60592365,0.00000000,2081477
2026-06-05,760197,2036-05-15,64.51852665,0.00000000,1993749
2026-06-05,760197,2036-08-15,63.34692407,0.00000000,2081477
2026-06-05,760197,2036-11-15,62.18485465,0.00000000,1993749
2026-06-05,760197,2037-02-15,61.11783951,0.00000000,2081477
2026-06-05,760197,2037-05-15,60.12403928,0.00000000,1993749
2026-06-05,760197,2037-08-15,59.04877957,0.00000000,2081477
2026-06-05,760197,2037-11-15,58.03817011,0.00000000,1943138
2026-06-05,760197,2038-02-15,57.04187514,0.00000000,2081477
2026-06-05,760197,2038-05-15,56.07531908,0.00000000,1943138
2026-06-05,760197,2038-08-15,55.07551620,0.00000000,2081477
2026-06-05,760197,2038-11-15,54.12066441,0.00000000,1943138
2026-06-05,760197,2039-02-15,53.13386396,0.00000000,2081477
2026-06-05,760197,2039-05-15,52.23574447,0.00000000,1943138
2026-06-05,760197,2039-08-15,51.29110483,0.00000000,2081477
2026-06-05,760197,2039-11-15,50.37455383,0.00000000,1943138
2026-06-05,760197,2040-02-15,49.47111384,0.00000000,2081477
2026-06-05,760197,2040-05-15,48.59472675,0.00000000,1943138
2026-06-05,760197,2040-08-15,47.68940075,0.00000000,2081477
2026-06-05,760197,2040-11-15,46.82694132,0.00000000,1943138
2026-06-05,760197,2041-02-15,45.99425610,0.00000000,1757410
2026-06-05,760197,2041-05-15,45.21638584,0.00000000,1943138
2026-06-05,760197,2041-08-15,44.37548161,0.00000000,1757410
2026-06-05,760197,2041-11-15,43.53853166,0.00000000,1943138
2026-06-05,760197,2042-02-15,42.76749275,0.00000000,1757410
2026-06-05,760197,2042-05-15,42.05925540,0.00000000,1943138
2026-06-05,760197,2042-08-15,41.28024763,0.00000000,1757410
2026-06-05,760197,2042-11-15,40.50484370,0.00000000,1943138
2026-06-05,760197,2043-02-15,39.81328923,0.00000000,1757410
2026-06-05,760197,2043-05-15,39.12299644,0.00000000,1943138
2026-06-05,760197,2043-08-15,38.40135346,0.00000000,1757410
2026-06-05,760197,2043-11-15,37.72613456,0.00000000,1943138
2026-06-05,760197,2044-02-15,37.06347331,0.00000000,1757410
2026-06-05,760197,2044-05-15,36.42352214,0.00000000,1943138
2026-06-05,760197,2044-08-15,35.76467022,0.00000000,1757410
2026-06-05,760197,2044-11-15,35.12844476,0.00000000,1943138
2026-06-05,760197,2045-02-15,34.48459402,0.00000000,1757410
2026-06-05,760197,2045-05-15,33.92065710,0.00000000,1943138
2026-06-05,760197,2045-08-15,33.30045214,0.00000000,1757410
2026-06-05,760197,2045-11-15,32.71110886,0.00000000,127551
2026-06-05,760197,2046-02-15,32.16034769,0.00000000,1757410
2026-06-05,760197,2046-05-15,31.61067611,0.00000000,127551
2026-06-05,760197,2046-08-15,31.03607963,0.00000000,1757410
2026-06-05,760197,2046-11-15,30.48984127,0.00000000,127551
2026-06-05,760197,2047-02-15,29.96228058,0.00000000,1757410
2026-06-05,760197,2047-05-15,29.46924240,0.00000000,127551
2026-06-05,760197,2047-08-15,28.93597170,0.00000000,1757410
2026-06-05,760197,2047-11-15,28.40485727,0.00000000,127551
2026-06-05,760197,2048-02-15,27.91519796,0.00000000,1757410
2026-06-05,760197,2048-05-15,27.45736033,0.00000000,127551
2026-06-05,760197,2048-08-15,26.96191257,0.00000000,1757410
2026-06-05,760197,2048-11-15,26.49785747,0.00000000,127551
2026-06-05,760197,2049-02-15,26.04191618,0.00000000,1757410
2026-06-05,760197,2049-05-15,25.60105079,0.00000000,127551
2026-06-05,760197,2049-08-15,25.14653014,0.00000000,1757410
2026-06-05,760197,2049-11-15,24.71385405,0.00000000,127551
2026-06-05,760197,2050-02-15,24.26810835,0.00000000,1757410
2026-06-05,760197,2050-05-15,23.86361740,0.00000000,127551
2026-06-05,760197,2050-08-15,23.43934397,0.00000000,1757410
2026-06-05,760197,2050-11-15,23.02660675,0.00000000,127551
2026-06-05,760197,2051-02-15,22.61680365,0.00000000,1094078
2026-06-05,760197,2051-05-15,22.22964473,0.00000000,127551
2026-06-05,760197,2051-08-15,21.81410639,0.00000000,1094078
2026-06-05,760197,2051-11-15,21.41563312,0.00000000,127551
2026-06-05,760197,2052-02-15,21.02799900,0.00000000,1094078
2026-06-05,760197,2052-05-15,20.65749126,0.00000000,127551
2026-06-05,760197,2052-08-15,20.26162730,0.00000000,1094078
2026-06-05,760197,2052-11-15,19.86595428,0.00000000,127551
2026-06-05,760197,2053-02-15,19.50039056,0.00000000,1094078
2026-06-05,760197,2053-05-15,19.16408191,0.00000000,127551
2026-06-05,760197,2053-08-15,18.79402036,0.00000000,1094078
2026-06-05,760197,2053-11-15,18.42599853,0.00000000,127551
2026-06-05,760197,2054-02-15,18.09848151,0.00000000,1094078
2026-06-05,760197,2054-05-15,17.77264779,0.00000000,127551
2026-06-05,760197,2054-08-15,17.43364562,0.00000000,1094078
2026-06-05,760197,2054-11-15,17.11842296,0.00000000,127551
2026-06-05,760197,2055-02-15,16.81137580,0.00000000,1094078
2026-06-05,760197,2055-05-15,16.51747212,0.00000000,127551
2026-06-05,760197,2055-08-15,16.21637958,0.00000000,1094078
2026-06-05,760197,2056-02-15,15.64048927,0.00000000,1094078
2026-06-05,760197,2056-08-15,15.09075290,0.00000000,1094078
2026-06-05,760197,2057-02-15,14.56187879,0.00000000,1094078
2026-06-05,760197,2057-08-15,14.05723971,0.00000000,1094078
2026-06-05,760197,2058-02-15,13.56809801,0.00000000,1094078
2026-06-05,760197,2058-08-15,13.10170253,0.00000000,1094078
2026-06-05,760197,2059-02-15,12.64642058,0.00000000,1094078
2026-06-05,760197,2059-08-15,12.21275286,0.00000000,1094078
2026-06-05,760197,2060-02-15,11.78668615,0.00000000,1094078
2026-06-05,760197,2060-08-15,11.38765054,0.00000000,1094078
2026-06-05,760198,2026-08-15,4623.45104469,0.00000000,3025383
2026-06-05,760198,2027-05-15,4376.14191973,0.00000000,11057
2026-06-05,760198,2028-08-15,3948.45875520,0.00000000,322199
2026-06-05,760198,2029-05-15,3725.14284753,0.00000000,6953200
2026-06-05,760198,2030-08-15,3360.56031628,0.00000000,382582
2026-06-05,760198,2031-05-15,3171.34155187,0.00000000,10315
2026-06-05,760198,2032-08-15,2870.92400638,0.00000000,1973257
2026-06-05,760198,2033-05-15,2712.76406434,0.00000000,68203
2026-06-05,760198,2035-05-15,2343.11328168,0.00000000,8538494
2026-06-05,760198,2037-05-15,2033.75906129,0.00000000,50611
2026-06-05,760198,2040-08-15,1613.14429417,0.00000000,4551219
2026-06-05,760198,2045-05-15,1147.40201367,0.00000000,9248800
2026-06-05,760198,2050-08-15,792.86053904,0.00000000,4471551
2026-06-05,760198,2055-05-15,558.72092085,0.00000000,127551
2026-06-05,760198,2060-08-15,385.19929371,0.00000000,1094078
2026-06-05,760199,2026-08-15,4760.13417416,0.00000000,50567574
2026-06-05,760199,2027-05-15,4640.08056929,0.00000000,33138763
2026-06-05,760199,2028-08-15,4582.46651811,0.00000000,47773926
2026-06-05,760199,2029-05-15,4457.11688495,0.00000000,15365900
2026-06-05,760199,2030-08-15,4417.19376636,0.00000000,49824694
2026-06-05,760199,2031-05-15,4301.84180083,0.00000000,4867408
2026-06-05,760199,2032-08-15,4290.58722710,0.00000000,23435760
2026-06-05,760199,2033-05-15,4186.74179151,0.00000000,19239222
2026-06-05,760199,2035-05-15,4117.86961679,0.00000000,56603470
2026-06-05,760199,2037-05-15,4073.68845730,0.00000000,5264970
2026-06-05,760199,2040-08-15,4080.87562253,0.00000000,31959319
2026-06-05,760199,2045-05-15,3939.24966160,0.00000000,40521723
2026-06-05,760199,2050-08-15,3967.85245495,0.00000000,47495278
2026-06-05,760199,2055-05-15,3849.50552623,0.00000000,31653085
2026-06-05,760199,2060-08-15,3902.84756804,0.00000000,24144022
2026-06-05,770100,2031-01-01,7898.46579114,0.00000000,11040915
2026-06-05,950197,2026-07-01,48.29957694,0.00000000,3199762
2026-06-05,950197,2027-01-01,45.06518292,0.00000000,3199762
2026-06-05,950197,2027-07-01,42.13868690,0.00000000,3199762
2026-06-05,950197,2028-01-01,39.33279304,0.00000000,3199762
2026-06-05,950197,2028-07-01,36.77118183,0.00000000,3199762
2026-06-05,950197,2029-01-01,34.36230119,0.00000000,3199762
2026-06-05,950197,2029-07-01,32.09406992,0.00000000,2767492
2026-06-05,950197,2030-01-01,29.96973403,0.00000000,2767492
2026-06-05,950197,2030-07-01,28.00919559,0.00000000,2767492
2026-06-05,950197,2031-01-01,26.09751207,0.00000000,2767492
2026-06-05,950197,2031-07-01,24.40345608,0.00000000,2640835
2026-06-05,950197,2032-01-01,22.66757607,0.00000000,2640835
2026-06-05,950197,2032-07-01,21.16478632,0.00000000,2640835
2026-06-05,950197,2033-01-01,19.69357000,0.00000000,2640835
2026-06-05,950197,2033-07-01,18.38292236,0.00000000,2355218
2026-06-05,950197,2034-01-01,17.12929354,0.00000000,2355218
2026-06-05,950197,2034-07-01,15.98631517,0.00000000,2355218
2026-06-05,950197,2035-01-01,14.91822635,0.00000000,2355218
2026-06-05,950197,2035-07-01,13.92021431,0.00000000,300002
2026-06-05,950197,2036-01-01,12.99125645,0.00000000,300002
2026-06-05,950197,2036-07-01,12.12721630,0.00000000,300002
2026-06-05,950197,2037-01-01,11.25980856,0.00000000,300002
2026-06-05,950198,2029-01-01,704.01784073,0.00000000,432270
2026-06-05,950198,2031-01-01,534.68811644,0.00000000,126657
2026-06-05,950198,2033-01-01,403.48358964,0.00000000,285617
2026-06-05,950198,2035-01-01,305.64592995,0.00000000,2055216
2026-06-05,950198,2037-01-01,230.69194532,0.00000000,300002
2026-06-05,950199,2027-01-01,1016.66384642,0.00000000,121359342
2026-06-05,950199,2029-01-01,949.94505794,0.00000000,119202288
2026-06-05,950199,2031-01-01,896.61242389,0.00000000,206323559
2026-06-05,950199,2033-01-01,852.97686335,0.00000000,96018218
2026-06-05,950199,2035-01-01,821.00928366,0.00000000,116964841
2026-06-05,950199,2037-01-01,795.61046950,0.00000000,39118123
2026-06-06,210100,2026-09-01,19146.70175786,0.00000000,9622070
2026-06-06,210100,2027-03-01,19138.30878503,0.00000000,29181707
2026-06-06,210100,2027-09-01,19129.32524923,0.00000000,28452997
2026-06-06,210100,2028-03-01,19118.03145649,0.00000000,17400461
2026-06-06,210100,2028-09-01,19103.20002429,0.00000000,20354427
2026-06-06,210100,2029-03-01,19085.71020928,0.00000000,18709000
2026-06-06,210100,2029-09-01,19067.15113561,0.00000000,16969686
2026-06-06,210100,2030-03-01,19050.48158397,0.00000000,14029041
2026-06-06,210100,2030-06-01,19041.14697136,0.00000000,10399564
2026-06-06,210100,2030-09-01,19030.61589689,0.00000000,11416473
2026-06-06,210100,2030-12-01,19023.50984268,0.00000000,7592691
2026-06-06,210100,2031-03-01,19012.16804337,0.00000000,12241564
2026-06-06,210100,2031-06-01,19001.00482768,0.00000000,9942990
2026-06-06,210100,2031-09-01,18991.18388669,0.00000000,8487474
2026-06-06,210100,2031-12-01,18971.02638286,0.00000000,6974714
2026-06-06,210100,2032-03-01,18959.10418756,0.00000000,9221040
2026-06-06,210100,2032-06-01,18939.94386633,0.00000000,11204071
2026-06-06,100000,2026-07-01,990.10138193,0.00000000,234106785
2026-06-06,100000,2026-10-01,955.31940328,0.00000000,142041641
2026-06-06,100000,2027-01-01,923.24929375,0.00000000,6159181
2026-06-06,100000,2027-04-01,892.92260849,0.00000000,133068031
2026-06-06,100000,2027-07-01,862.09576284,0.00000000,118806132
2026-06-06,100000,2027-10-01,831.51891975,0.00000000,124138520
2026-06-06,100000,2028-01-01,803.04453626,0.00000000,77876075
2026-06-06,100000,2028-04-01,775.37620486,0.00000000,28359542
2026-06-06,100000,2028-07-01,749.19138942,0.00000000,29762594
2026-06-06,100000,2029-01-01,698.78359863,0.00000000,249728704
2026-06-06,100000,2029-07-01,651.91326044,0.00000000,218222458
2026-06-06,100000,2030-01-01,607.95117303,0.00000000,158371470
2026-06-06,100000,2031-01-01,528.56912763,0.00000000,4977963
2026-06-06,100000,2032-01-01,458.21975411,0.00000000,188129672
2026-06-06,760197,2026-08-15,136.66244937,0.00000000,3523260
2026-06-06,760197,2026-11-15,133.84094448,0.00000000,3832803
2026-06-06,760197,2027-02-15,131.63548452,0.00000000,3003812
2026-06-06,760197,2027-05-15,129.28056412,0.00000000,3832803
2026-06-06,760197,2027-08-15,126.59168732,0.00000000,3003812
2026-06-06,760197,2027-11-15,123.99719069,0.00000000,3821746
2026-06-06,760197,2028-02-15,121.29941825,0.00000000,3003812
2026-06-06,760197,2028-05-15,118.89328564,0.00000000,3821746
2026-06-06,760197,2028-08-15,116.32810925,0.00000000,3003812
2026-06-06,760197,2028-11-15,113.92913881,0.00000000,3821746
2026-06-06,760197,2029-02-15,111.69128063,0.00000000,2681613
2026-06-06,760197,2029-05-15,109.45392790,0.00000000,3821746
2026-06-06,760197,2029-08-15,107.09394705,0.00000000,2681613
2026-06-06,760197,2029-11-15,104.83000782,0.00000000,3661699
2026-06-06,760197,2030-02-15,102.64072948,0.00000000,2681613
2026-06-06,760197,2030-05-15,100.61099139,0.00000000,3661699
2026-06-06,760197,2030-08-15,98.45931473,0.00000000,2681613
2026-06-06,760197,2030-11-15,96.42757831,0.00000000,3661699
2026-06-06,760197,2031-02-15,94.63455652,0.00000000,2299031
2026-06-06,760197,2031-05-15,92.96652115,0.00000000,3661699
2026-06-06,760197,2031-08-15,91.09050983,0.00000000,2299031
2026-06-06,760197,2031-11-15,89.23263771,0.00000000,3651384
2026-06-06,760197,2032-02-15,87.58254558,0.00000000,2299031
2026-06-06,760197,2032-05-15,85.88749971,0.00000000,3651384
2026-06-06,760197,2032-08-15,84.20249724,0.00000000,2299031
2026-06-06,760197,2032-11-15,82.60029522,0.00000000,3651384
2026-06-06,760197,2033-02-15,80.95607433,0.00000000,2084209
2026-06-06,760197,2033-05-15,79.48166358,0.00000000,3651384
2026-06-06,760197,2033-08-15,77.96253573,0.00000000,2084209
2026-06-06,760197,2033-11-15,76.51766052,0.00000000,3583181
2026-06-06,760197,2034-02-15,75.07454060,0.00000000,2084209
2026-06-06,760197,2034-05-15,73.82335269,0.00000000,3583181
2026-06-06,760197,2034-08-15,72.45695170,0.00000000,2084209
2026-06-06,760197,2034-11-15,71.16335572,0.00000000,3583181
2026-06-06,760197,2035-02-15,69.95440295,0.00000000,2084209
2026-06-06,760197,2035-05-15,68.74320340,0.00000000,3583181
2026-06-06,760197,2035-08-15,67.47791166,0.00000000,2084209
2026-06-06,760197,2035-11-15,66.28195004,0.00000000,1994805
2026-06-06,760197,2036-02-15,65.12964042,0.00000000,2084209
2026-06-06,760197,2036-05-15,64.05166304,0.00000000,1994805
2026-06-06,760197,2036-08-15,62.88021312,0.00000000,2084209
2026-06-06,760197,2036-11-15,61.70271778,0.00000000,1994805
2026-06-06,760197,2037-02-15,60.60255350,0.00000000,2084209
2026-06-06,760197,2037-05-15,59.55660347,0.00000000,1994805
2026-06-06,760197,2037-08-15,58.41505374,0.00000000,2084209
2026-06-06,760197,2037-11-15,57.34785676,0.00000000,1944194
2026-06-06,760197,2038-02-15,56.30145394,0.00000000,2084209
2026-06-06,760197,2038-05-15,55.29189269,0.00000000,1944194
2026-06-06,760197,2038-08-15,54.25362634,0.00000000,2084209
2026-06-06,760197,2038-11-15,53.26793894,0.00000000,1944194
2026-06-06,760197,2039-02-15,52.25549957,0.00000000,2084209
2026-06-06,760197,2039-05-15,51.33968279,0.00000000,1944194
2026-06-06,760197,2039-08-15,50.38235042,0.00000000,2084209
2026-06-06,760197,2039-11-15,49.45939291,0.00000000,1944194
2026-06-06,760197,2040-02-15,48.55542402,0.00000000,2084209
2026-06-06,760197,2040-05-15,47.68408578,0.00000000,1944194
2026-06-06,760197,2040-08-15,46.78979140,0.00000000,2084209
2026-06-06,760197,2040-11-15,45.94118912,0.00000000,1944194
2026-06-06,760197,2041-02-15,45.12285560,0.00000000,1760142
2026-06-06,760197,2041-05-15,44.35924980,0.00000000,1944194
2026-06-06,760197,2041-08-15,43.53468836,0.00000000,1760142
2026-06-06,760197,2041-11-15,42.71494313,0.00000000,1944194
2026-06-06,760197,2042-02-15,41.96056857,0.00000000,1760142
2026-06-06,760197,2042-05-15,41.26831255,0.00000000,1944194
2026-06-06,760197,2042-08-15,40.50761059,0.00000000,1760142
2026-06-06,760197,2042-11-15,39.75116247,0.00000000,1944194
2026-06-06,760197,2043-02-15,39.07711083,0.00000000,1760142
2026-06-06,760197,2043-05-15,38.40482780,0.00000000,1944194
2026-06-06,760197,2043-08-15,37.70256160,0.00000000,1760142
2026-06-06,760197,2043-11-15,37.04595381,0.00000000,1944194
2026-06-06,760197,2044-02-15,36.40198092,0.00000000,1760142
2026-06-06,760197,2044-05-15,35.78044696,0.00000000,1944194
2026-06-06,760197,2044-08-15,35.14090276,0.00000000,1760142
2026-06-06,760197,2044-11-15,34.52362143,0.00000000,1944194
2026-06-06,760197,2045-02-15,33.89920358,0.00000000,1760142
2026-06-06,760197,2045-05-15,33.35247118,0.00000000,1944194
2026-06-06,760197,2045-08-15,32.75034823,0.00000000,1760142
2026-06-06,760197,2045-11-15,32.17646688,0.00000000,127551
2026-06-06,760197,2046-02-15,31.63862703,0.00000000,1760142
2026-06-06,760197,2046-05-15,31.10037069,0.00000000,127551
2026-06-06,760197,2046-08-15,30.53612146,0.00000000,1760142
2026-06-06,760197,2046-11-15,29.99821728,0.00000000,127551
2026-06-06,760197,2047-02-15,29.47732050,0.00000000,1760142
2026-06-06,760197,2047-05-15,28.98928785,0.00000000,127551
2026-06-06,760197,2047-08-15,28.46011536,0.00000000,1760142
2026-06-06,760197,2047-11-15,27.93174303,0.00000000,127551
2026-06-06,760197,2048-02-15,27.44344984,0.00000000,1760142
2026-06-06,760197,2048-05-15,26.98590412,0.00000000,127551
2026-06-06,760197,2048-08-15,26.48972903,0.00000000,1760142
2026-06-06,760197,2048-11-15,26.02404163,0.00000000,127551
2026-06-06,760197,2049-02-15,25.56563613,0.00000000,1760142
2026-06-06,760197,2049-05-15,25.12161396,0.00000000,127551
2026-06-06,760197,2049-08-15,24.66308493,0.00000000,1760142
2026-06-06,760197,2049-11-15,24.22592686,0.00000000,127551
2026-06-06,760197,2050-02-15,23.77493552,0.00000000,1760142
2026-06-06,760197,2050-05-15,23.36518068,0.00000000,127551
2026-06-06,760197,2050-08-15,22.93492479,0.00000000,1760142
2026-06-06,760197,2050-11-15,22.51726574,0.00000000,127551
2026-06-06,760197,2051-02-15,22.10465484,0.00000000,1096810
2026-06-06,760197,2051-05-15,21.71659330,0.00000000,127551
2026-06-06,760197,2051-08-15,21.30181437,0.00000000,1096810
2026-06-06,760197,2051-11-15,20.90559325,0.00000000,127551
2026-06-06,760197,2052-02-15,20.52143429,0.00000000,1096810
2026-06-06,760197,2052-05-15,20.15530014,0.00000000,127551
2026-06-06,760197,2052-08-15,19.76510068,0.00000000,1096810
2026-06-06,760197,2052-11-15,19.37595881,0.00000000,127551
2026-06-06,760197,2053-02-15,19.01706027,0.00000000,1096810
2026-06-06,760197,2053-05-15,18.68729958,0.00000000,127551
2026-06-06,760197,2053-08-15,18.32476793,0.00000000,1096810
2026-06-06,760197,2053-11-15,17.96442048,0.00000000,127551
2026-06-06,760197,2054-02-15,17.64375316,0.00000000,1096810
2026-06-06,760197,2054-05-15,17.32461950,0.00000000,127551
2026-06-06,760197,2054-08-15,16.99231579,0.00000000,1096810
2026-06-06,760197,2054-11-15,16.68291992,0.00000000,127551
2026-06-06,760197,2055-02-15,16.38101961,0.00000000,1096810
2026-06-06,760197,2055-05-15,16.09139599,0.00000000,127551
2026-06-06,760197,2055-08-15,15.79433966,0.00000000,1096810
2026-06-06,760197,2056-02-15,15.22635492,0.00000000,1096810
2026-06-06,760197,2056-08-15,14.68439733,0.00000000,1096810
2026-06-06,760197,2057-02-15,14.16322614,0.00000000,1096810
2026-06-06,760197,2057-08-15,13.66614225,0.00000000,1096810
2026-06-06,760197,2058-02-15,13.18451935,0.00000000,1096810
2026-06-06,760197,2058-08-15,12.72547625,0.00000000,1096810
2026-06-06,760197,2059-02-15,12.27754751,0.00000000,1096810
2026-06-06,760197,2059-08-15,11.85104872,0.00000000,1096810
2026-06-06,760197,2060-02-15,11.43218465,0.00000000,1096810
2026-06-06,760197,2060-08-15,11.04004020,0.00000000,1096810
2026-06-06,760198,2026-08-15,4622.75153262,0.00000000,3023665
2026-06-06,760198,2027-05-15,4373.05147603,0.00000000,11057
2026-06-06,760198,2028-08-15,3934.92102493,0.00000000,322199
2026-06-06,760198,2029-05-15,3702.39458814,0.00000000,6950168
2026-06-06,760198,2030-08-15,3330.49019817,0.00000000,382582
2026-06-06,760198,2031-05-15,3144.69066015,0.00000000,10315
2026-06-06,760198,2032-08-15,2848.23830533,0.00000000,2011012
2026-06-06,760198,2033-05-15,2688.55112606,0.00000000,68203
2026-06-06,760198,2035-05-15,2325.31138095,0.00000000,8543937
2026-06-06,760198,2037-05-15,2014.56494645,0.00000000,50611
2026-06-06,760198,2040-08-15,1582.71405853,0.00000000,4572100
2026-06-06,760198,2045-05-15,1128.18252559,0.00000000,9246249
2026-06-06,760198,2050-08-15,775.79802794,0.00000000,4493469
2026-06-06,760198,2055-05-15,544.30844623,0.00000000,127551
2026-06-06,760198,2060-08-15,373.44100722,0.00000000,1096810
2026-06-06,760199,2026-08-15,4759.41398240,0.00000000,50567306
2026-06-06,760199,2027-05-15,4636.89452255,0.00000000,33138763
2026-06-06,760199,2028-08-15,4567.96080605,0.00000000,47925626
2026-06-06,760199,2029-05-15,4432.06549724,0.00000000,15713398
2026-06-06,760199,2030-08-15,4382.77963978,0.00000000,49824675
2026-06-06,760199,2031-05-15,4270.63959640,0.00000000,4803097
2026-06-06,760199,2032-08-15,4263.05827980,0.00000000,23435688
2026-06-06,760199,2033-05-15,4156.57740821,0.00000000,19389222
2026-06-06,760199,2035-05-15,4094.31552136,0.00000000,56586083
2026-06-06,760199,2037-05-15,4046.44755624,0.00000000,5267371
2026-06-06,760199,2040-08-15,4031.85493955,0.00000000,32054303
2026-06-06,760199,2045-05-15,3902.34572637,0.00000000,40559889
2026-06-06,760199,2050-08-15,3927.24886505,0.00000000,47495268
2026-06-06,760199,2055-05-15,3807.13882016,0.00000000,31653008
2026-06-06,760199,2060-08-15,3858.89468727,0.00000000,24137357
2026-06-06,770100,2031-01-01,7900.99426595,0.00000000,11040915
2026-06-06,950197,2026-07-01,48.32570984,0.00000000,3249762
2026-06-06,950197,2027-01-01,45.06273629,0.00000000,3249762
2026-06-06,950197,2027-07-01,42.07790277,0.00000000,3249762
2026-06-06,950197,2028-01-01,39.19568031,0.00000000,3249762
2026-06-06,950197,2028-07-01,36.56717015,0.00000000,3249762
2026-06-06,950197,2029-01-01,34.10682385,0.00000000,3249762
2026-06-06,950197,2029-07-01,31.81913654,0.00000000,2817492
2026-06-06,950197,2030-01-01,29.67339761,0.00000000,2817492
2026-06-06,950197,2030-07-01,27.70199521,0.00000000,2817492
2026-06-06,950197,2031-01-01,25.79885127,0.00000000,2817492
2026-06-06,950197,2031-07-01,24.08272661,0.00000000,2690835
2026-06-06,950197,2032-01-01,22.36517925,0.00000000,2690835
2026-06-06,950197,2032-07-01,20.85658036,0.00000000,2690835
2026-06-06,950197,2033-01-01,19.39307440,0.00000000,2690835
2026-06-06,950197,2033-07-01,18.08079451,0.00000000,2405218
2026-06-06,950197,2034-01-01,16.82164793,0.00000000,2405218
2026-06-06,950197,2034-07-01,15.68011117,0.00000000,2405218
2026-06-06,950197,2035-01-01,14.62010242,0.00000000,2405218
2026-06-06,950197,2035-07-01,13.62574576,0.00000000,350002
2026-06-06,950197,2036-01-01,12.68015160,0.00000000,350002
2026-06-06,950197,2036-07-01,11.82178772,0.00000000,350002
2026-06-06,950197,2037-01-01,10.97156412,0.00000000,350002
2026-06-06,950198,2029-01-01,698.78359863,0.00000000,432270
2026-06-06,950198,2031-01-01,528.56912763,0.00000000,126657
2026-06-06,950198,2033-01-01,397.32700933,0.00000000,285617
2026-06-06,950198,2035-01-01,299.53794074,0.00000000,2055216
2026-06-06,950198,2037-01-01,224.78636796,0.00000000,350002
2026-06-06,950199,2027-01-01,1016.63741564,0.00000000,121408339
2026-06-06,950199,2029-01-01,944.07617218,0.00000000,119202120
2026-06-06,950199,2031-01-01,888.68422106,0.00000000,206323335
2026-06-06,950199,2033-01-01,843.78770048,0.00000000,96018027
2026-06-06,950199,2035-01-01,810.66576562,0.00000000,117081595
2026-06-06,950199,2037-01-01,784.28230019,0.00000000,39079259
2026-06-08,210100,2026-09-01,19146.70175786,0.00000000,9622070
2026-06-08,210100,2027-03-01,19138.30878503,0.00000000,29181707
2026-06-08,210100,2027-09-01,19129.32524923,0.00000000,28452997
2026-06-08,210100,2028-03-01,19118.03145649,0.00000000,17400461
2026-06-08,210100,2028-09-01,19103.20002429,0.00000000,20354427
2026-06-08,210100,2029-03-01,19085.71020928,0.00000000,18709000
2026-06-08,210100,2029-09-01,19067.15113561,0.00000000,16969686
2026-06-08,210100,2030-03-01,19050.48158397,0.00000000,14029041
2026-06-08,210100,2030-06-01,19041.14697136,0.00000000,10399564
2026-06-08,210100,2030-09-01,19030.61589689,0.00000000,11416473
2026-06-08,210100,2030-12-01,19023.50984268,0.00000000,7592691
2026-06-08,210100,2031-03-01,19012.16804337,0.00000000,12241564
2026-06-08,210100,2031-06-01,19001.00482768,0.00000000,9942990
2026-06-08,210100,2031-09-01,18991.18388669,0.00000000,8487474
2026-06-08,210100,2031-12-01,18971.02638286,0.00000000,6974714
2026-06-08,210100,2032-03-01,18959.10418756,0.00000000,9221040
2026-06-08,210100,2032-06-01,18939.94386633,0.00000000,11204071
2026-06-08,100000,2026-07-01,990.10138193,0.00000000,234106785
2026-06-08,100000,2026-10-01,955.31940328,0.00000000,142041641
2026-06-08,100000,2027-01-01,923.24929375,0.00000000,6159181
2026-06-08,100000,2027-04-01,892.92260849,0.00000000,133068031
2026-06-08,100000,2027-07-01,862.09576284,0.00000000,118806132
2026-06-08,100000,2027-10-01,831.51891975,0.00000000,124138520
2026-06-08,100000,2028-01-01,803.04453626,0.00000000,77876075
2026-06-08,100000,2028-04-01,775.37620486,0.00000000,28359542
2026-06-08,100000,2028-07-01,749.19138942,0.00000000,29762594
2026-06-08,100000,2029-01-01,698.78359863,0.00000000,249728704
2026-06-08,100000,2029-07-01,651.91326044,0.00000000,218222458
2026-06-08,100000,2030-01-01,607.95117303,0.00000000,158371470
2026-06-08,100000,2031-01-01,528.56912763,0.00000000,4977963
2026-06-08,100000,2032-01-01,458.21975411,0.00000000,188129672
2026-06-08,760197,2026-08-15,136.66244937,0.00000000,3523260
2026-06-08,760197,2026-11-15,133.84094448,0.00000000,3832803
2026-06-08,760197,2027-02-15,131.63548452,0.00000000,3003812
2026-06-08,760197,2027-05-15,129.28056412,0.00000000,3832803
2026-06-08,760197,2027-08-15,126.59168732,0.00000000,3003812
2026-06-08,760197,2027-11-15,123.99719069,0.00000000,3821746
2026-06-08,760197,2028-02-15,121.29941825,0.00000000,3003812
2026-06-08,760197,2028-05-15,118.89328564,0.00000000,3821746
2026-06-08,760197,2028-08-15,116.32810925,0.00000000,3003812
2026-06-08,760197,2028-11-15,113.92913881,0.00000000,3821746
2026-06-08,760197,2029-02-15,111.69128063,0.00000000,2681613
2026-06-08,760197,2029-05-15,109.45392790,0.00000000,3821746
2026-06-08,760197,2029-08-15,107.09394705,0.00000000,2681613
2026-06-08,760197,2029-11-15,104.83000782,0.00000000,3661699
2026-06-08,760197,2030-02-15,102.64072948,0.00000000,2681613
2026-06-08,760197,2030-05-15,100.61099139,0.00000000,3661699
2026-06-08,760197,2030-08-15,98.45931473,0.00000000,2681613
2026-06-08,760197,2030-11-15,96.42757831,0.00000000,3661699
2026-06-08,760197,2031-02-15,94.63455652,0.00000000,2299031
2026-06-08,760197,2031-05-15,92.96652115,0.00000000,3661699
2026-06-08,760197,2031-08-15,91.09050983,0.00000000,2299031
2026-06-08,760197,2031-11-15,89.23263771,0.00000000,3651384
2026-06-08,760197,2032-02-15,87.58254558,0.00000000,2299031
2026-06-08,760197,2032-05-15,85.88749971,0.00000000,3651384
2026-06-08,760197,2032-08-15,84.20249724,0.00000000,2299031
2026-06-08,760197,2032-11-15,82.60029522,0.00000000,3651384
2026-06-08,760197,2033-02-15,80.95607433,0.00000000,2084209
2026-06-08,760197,2033-05-15,79.48166358,0.00000000,3651384
2026-06-08,760197,2033-08-15,77.96253573,0.00000000,2084209
2026-06-08,760197,2033-11-15,76.51766052,0.00000000,3583181
2026-06-08,760197,2034-02-15,75.07454060,0.00000000,2084209
2026-06-08,760197,2034-05-15,73.82335269,0.00000000,3583181
2026-06-08,760197,2034-08-15,72.45695170,0.00000000,2084209
2026-06-08,760197,2034-11-15,71.16335572,0.00000000,3583181
2026-06-08,760197,2035-02-15,69.95440295,0.00000000,2084209
2026-06-08,760197,2035-05-15,68.74320340,0.00000000,3583181
2026-06-08,760197,2035-08-15,67.47791166,0.00000000,2084209
2026-06-08,760197,2035-11-15,66.28195004,0.00000000,1994805
2026-06-08,760197,2036-02-15,65.12964042,0.00000000,2084209
2026-06-08,760197,2036-05-15,64.05166304,0.00000000,1994805
2026-06-08,760197,2036-08-15,62.88021312,0.00000000,2084209
2026-06-08,760197,2036-11-15,61.70271778,0.00000000,1994805
2026-06-08,760197,2037-02-15,60.60255350,0.00000000,2084209
2026-06-08,760197,2037-05-15,59.55660347,0.00000000,1994805
2026-06-08,760197,2037-08-15,58.41505374,0.00000000,2084209
2026-06-08,760197,2037-11-15,57.34785676,0.00000000,1944194
2026-06-08,760197,2038-02-15,56.30145394,0.00000000,2084209
2026-06-08,760197,2038-05-15,55.29189269,0.00000000,1944194
2026-06-08,760197,2038-08-15,54.25362634,0.00000000,2084209
2026-06-08,760197,2038-11-15,53.26793894,0.00000000,1944194
2026-06-08,760197,2039-02-15,52.25549957,0.00000000,2084209
2026-06-08,760197,2039-05-15,51.33968279,0.00000000,1944194
2026-06-08,760197,2039-08-15,50.38235042,0.00000000,2084209
2026-06-08,760197,2039-11-15,49.45939291,0.00000000,1944194
2026-06-08,760197,2040-02-15,48.55542402,0.00000000,2084209
2026-06-08,760197,2040-05-15,47.68408578,0.00000000,1944194
2026-06-08,760197,2040-08-15,46.78979140,0.00000000,2084209
2026-06-08,760197,2040-11-15,45.94118912,0.00000000,1944194
2026-06-08,760197,2041-02-15,45.12285560,0.00000000,1760142
2026-06-08,760197,2041-05-15,44.35924980,0.00000000,1944194
2026-06-08,760197,2041-08-15,43.53468836,0.00000000,1760142
2026-06-08,760197,2041-11-15,42.71494313,0.00000000,1944194
2026-06-08,760197,2042-02-15,41.96056857,0.00000000,1760142
2026-06-08,760197,2042-05-15,41.26831255,0.00000000,1944194
2026-06-08,760197,2042-08-15,40.50761059,0.00000000,1760142
2026-06-08,760197,2042-11-15,39.75116247,0.00000000,1944194
2026-06-08,760197,2043-02-15,39.07711083,0.00000000,1760142
2026-06-08,760197,2043-05-15,38.40482780,0.00000000,1944194
2026-06-08,760197,2043-08-15,37.70256160,0.00000000,1760142
2026-06-08,760197,2043-11-15,37.04595381,0.00000000,1944194
2026-06-08,760197,2044-02-15,36.40198092,0.00000000,1760142
2026-06-08,760197,2044-05-15,35.78044696,0.00000000,1944194
2026-06-08,760197,2044-08-15,35.14090276,0.00000000,1760142
2026-06-08,760197,2044-11-15,34.52362143,0.00000000,1944194
2026-06-08,760197,2045-02-15,33.89920358,0.00000000,1760142
2026-06-08,760197,2045-05-15,33.35247118,0.00000000,1944194
2026-06-08,760197,2045-08-15,32.75034823,0.00000000,1760142
2026-06-08,760197,2045-11-15,32.17646688,0.00000000,127551
2026-06-08,760197,2046-02-15,31.63862703,0.00000000,1760142
2026-06-08,760197,2046-05-15,31.10037069,0.00000000,127551
2026-06-08,760197,2046-08-15,30.53612146,0.00000000,1760142
2026-06-08,760197,2046-11-15,29.99821728,0.00000000,127551
2026-06-08,760197,2047-02-15,29.47732050,0.00000000,1760142
2026-06-08,760197,2047-05-15,28.98928785,0.00000000,127551
2026-06-08,760197,2047-08-15,28.46011536,0.00000000,1760142
2026-06-08,760197,2047-11-15,27.93174303,0.00000000,127551
2026-06-08,760197,2048-02-15,27.44344984,0.00000000,1760142
2026-06-08,760197,2048-05-15,26.98590412,0.00000000,127551
2026-06-08,760197,2048-08-15,26.48972903,0.00000000,1760142
2026-06-08,760197,2048-11-15,26.02404163,0.00000000,127551
2026-06-08,760197,2049-02-15,25.56563613,0.00000000,1760142
2026-06-08,760197,2049-05-15,25.12161396,0.00000000,127551
2026-06-08,760197,2049-08-15,24.66308493,0.00000000,1760142
2026-06-08,760197,2049-11-15,24.22592686,0.00000000,127551
2026-06-08,760197,2050-02-15,23.77493552,0.00000000,1760142
2026-06-08,760197,2050-05-15,23.36518068,0.00000000,127551
2026-06-08,760197,2050-08-15,22.93492479,0.00000000,1760142
2026-06-08,760197,2050-11-15,22.51726574,0.00000000,127551
2026-06-08,760197,2051-02-15,22.10465484,0.00000000,1096810
2026-06-08,760197,2051-05-15,21.71659330,0.00000000,127551
2026-06-08,760197,2051-08-15,21.30181437,0.00000000,1096810
2026-06-08,760197,2051-11-15,20.90559325,0.00000000,127551
2026-06-08,760197,2052-02-15,20.52143429,0.00000000,1096810
2026-06-08,760197,2052-05-15,20.15530014,0.00000000,127551
2026-06-08,760197,2052-08-15,19.76510068,0.00000000,1096810
2026-06-08,760197,2052-11-15,19.37595881,0.00000000,127551
2026-06-08,760197,2053-02-15,19.01706027,0.00000000,1096810
2026-06-08,760197,2053-05-15,18.68729958,0.00000000,127551
2026-06-08,760197,2053-08-15,18.32476793,0.00000000,1096810
2026-06-08,760197,2053-11-15,17.96442048,0.00000000,127551
2026-06-08,760197,2054-02-15,17.64375316,0.00000000,1096810
2026-06-08,760197,2054-05-15,17.32461950,0.00000000,127551
2026-06-08,760197,2054-08-15,16.99231579,0.00000000,1096810
2026-06-08,760197,2054-11-15,16.68291992,0.00000000,127551
2026-06-08,760197,2055-02-15,16.38101961,0.00000000,1096810
2026-06-08,760197,2055-05-15,16.09139599,0.00000000,127551
2026-06-08,760197,2055-08-15,15.79433966,0.00000000,1096810
2026-06-08,760197,2056-02-15,15.22635492,0.00000000,1096810
2026-06-08,760197,2056-08-15,14.68439733,0.00000000,1096810
2026-06-08,760197,2057-02-15,14.16322614,0.00000000,1096810
2026-06-08,760197,2057-08-15,13.66614225,0.00000000,1096810
2026-06-08,760197,2058-02-15,13.18451935,0.00000000,1096810
2026-06-08,760197,2058-08-15,12.72547625,0.00000000,1096810
2026-06-08,760197,2059-02-15,12.27754751,0.00000000,1096810
2026-06-08,760197,2059-08-15,11.85104872,0.00000000,1096810
2026-06-08,760197,2060-02-15,11.43218465,0.00000000,1096810
2026-06-08,760197,2060-08-15,11.04004020,0.00000000,1096810
2026-06-08,760198,2026-08-15,4622.75153262,0.00000000,3023665
2026-06-08,760198,2027-05-15,4373.05147603,0.00000000,11057
2026-06-08,760198,2028-08-15,3934.92102493,0.00000000,322199
2026-06-08,760198,2029-05-15,3702.39458814,0.00000000,6950168
2026-06-08,760198,2030-08-15,3330.49019817,0.00000000,382582
2026-06-08,760198,2031-05-15,3144.69066015,0.00000000,10315
2026-06-08,760198,2032-08-15,2848.23830533,0.00000000,2011012
2026-06-08,760198,2033-05-15,2688.55112606,0.00000000,68203
2026-06-08,760198,2035-05-15,2325.31138095,0.00000000,8543937
2026-06-08,760198,2037-05-15,2014.56494645,0.00000000,50611
2026-06-08,760198,2040-08-15,1582.71405853,0.00000000,4572100
2026-06-08,760198,2045-05-15,1128.18252559,0.00000000,9246249
2026-06-08,760198,2050-08-15,775.79802794,0.00000000,4493469
2026-06-08,760198,2055-05-15,544.30844623,0.00000000,127551
2026-06-08,760198,2060-08-15,373.44100722,0.00000000,1096810
2026-06-08,760199,2026-08-15,4759.41398240,0.00000000,50567306
2026-06-08,760199,2027-05-15,4636.89452255,0.00000000,33138763
2026-06-08,760199,2028-08-15,4567.96080605,0.00000000,47925626
2026-06-08,760199,2029-05-15,4432.06549724,0.00000000,15713398
2026-06-08,760199,2030-08-15,4382.77963978,0.00000000,49824675
2026-06-08,760199,2031-05-15,4270.63959640,0.00000000,4803097
2026-06-08,760199,2032-08-15,4263.05827980,0.00000000,23435688
2026-06-08,760199,2033-05-15,4156.57740821,0.00000000,19389222
2026-06-08,760199,2035-05-15,4094.31552136,0.00000000,56586083
2026-06-08,760199,2037-05-15,4046.44755624,0.00000000,5267371
2026-06-08,760199,2040-08-15,4031.85493955,0.00000000,32054303
2026-06-08,760199,2045-05-15,3902.34572637,0.00000000,40559889
2026-06-08,760199,2050-08-15,3927.24886505,0.00000000,47495268
2026-06-08,760199,2055-05-15,3807.13882016,0.00000000,31653008
2026-06-08,760199,2060-08-15,3858.89468727,0.00000000,24137357
2026-06-08,770100,2031-01-01,7900.99426595,0.00000000,11040915
2026-06-08,950197,2026-07-01,48.32570984,0.00000000,3249762
2026-06-08,950197,2027-01-01,45.06273629,0.00000000,3249762
2026-06-08,950197,2027-07-01,42.07790277,0.00000000,3249762
2026-06-08,950197,2028-01-01,39.19568031,0.00000000,3249762
2026-06-08,950197,2028-07-01,36.56717015,0.00000000,3249762
2026-06-08,950197,2029-01-01,34.10682385,0.00000000,3249762
2026-06-08,950197,2029-07-01,31.81913654,0.00000000,2817492
2026-06-08,950197,2030-01-01,29.67339761,0.00000000,2817492
2026-06-08,950197,2030-07-01,27.70199521,0.00000000,2817492
2026-06-08,950197,2031-01-01,25.79885127,0.00000000,2817492
2026-06-08,950197,2031-07-01,24.08272661,0.00000000,2690835
2026-06-08,950197,2032-01-01,22.36517925,0.00000000,2690835
2026-06-08,950197,2032-07-01,20.85658036,0.00000000,2690835
2026-06-08,950197,2033-01-01,19.39307440,0.00000000,2690835
2026-06-08,950197,2033-07-01,18.08079451,0.00000000,2405218
2026-06-08,950197,2034-01-01,16.82164793,0.00000000,2405218
2026-06-08,950197,2034-07-01,15.68011117,0.00000000,2405218
2026-06-08,950197,2035-01-01,14.62010242,0.00000000,2405218
2026-06-08,950197,2035-07-01,13.62574576,0.00000000,350002
2026-06-08,950197,2036-01-01,12.68015160,0.00000000,350002
2026-06-08,950197,2036-07-01,11.82178772,0.00000000,350002
2026-06-08,950197,2037-01-01,10.97156412,0.00000000,350002
2026-06-08,950198,2029-01-01,698.78359863,0.00000000,432270
2026-06-08,950198,2031-01-01,528.56912763,0.00000000,126657
2026-06-08,950198,2033-01-01,397.32700933,0.00000000,285617
2026-06-08,950198,2035-01-01,299.53794074,0.00000000,2055216
2026-06-08,950198,2037-01-01,224.78636796,0.00000000,350002
2026-06-08,950199,2027-01-01,1016.63741564,0.00000000,121408339
2026-06-08,950199,2029-01-01,944.07617218,0.00000000,119202120
2026-06-08,950199,2031-01-01,888.68422106,0.00000000,206323335
2026-06-08,950199,2033-01-01,843.78770048,0.00000000,96018027
2026-06-08,950199,2035-01-01,810.66576562,0.00000000,117081595
2026-06-08,950199,2037-01-01,784.28230019,0.00000000,39079259
2026-06-09,210100,2026-09-01,19157.01362372,0.00000000,9622070
2026-06-09,210100,2027-03-01,19148.59631485,0.00000000,29180934
2026-06-09,210100,2027-09-01,19139.41999110,0.00000000,28452997
2026-06-09,210100,2028-03-01,19128.34835325,0.00000000,17398905
2026-06-09,210100,2028-09-01,19113.48527580,0.00000000,20354427
2026-06-09,210100,2029-03-01,19096.04855916,0.00000000,18707769
2026-06-09,210100,2029-09-01,19077.80391412,0.00000000,16969686
2026-06-09,210100,2030-03-01,19060.76149210,0.00000000,14029041
2026-06-09,210100,2030-06-01,19051.49974971,0.00000000,10399564
2026-06-09,210100,2030-09-01,19040.81114829,0.00000000,11416473
2026-06-09,210100,2030-12-01,19033.69653584,0.00000000,7592691
2026-06-09,210100,2031-03-01,19022.52631327,0.00000000,12247245
2026-06-09,210100,2031-06-01,19011.45869752,0.00000000,9942990
2026-06-09,210100,2031-09-01,19001.74226175,0.00000000,8487474
2026-06-09,210100,2031-12-01,18981.28703000,0.00000000,6974714
2026-06-09,210100,2032-03-01,18969.57682733,0.00000000,9221040
2026-06-09,210100,2032-06-01,18950.19768578,0.00000000,11204071
2026-06-09,100000,2026-07-01,990.63831167,0.00000000,234106785
2026-06-09,100000,2026-10-01,955.60236780,0.00000000,145666333
2026-06-09,100000,2027-01-01,923.09273888,0.00000000,6153305
2026-06-09,100000,2027-04-01,892.06600609,0.00000000,132798266
2026-06-09,100000,2027-07-01,860.43287888,0.00000000,118277412
2026-06-09,100000,2027-10-01,828.79789377,0.00000000,124138520
2026-06-09,100000,2028-01-01,799.45426225,0.00000000,77248939
2026-06-09,100000,2028-04-01,770.98702280,0.00000000,28359542
2026-06-09,100000,2028-07-01,744.26820746,0.00000000,29762594
2026-06-09,100000,2029-01-01,692.93326470,0.00000000,249797923
2026-06-09,100000,2029-07-01,645.34009107,0.00000000,222222458
2026-06-09,100000,2030-01-01,601.14252531,0.00000000,158256775
2026-06-09,100000,2031-01-01,521.41842095,0.00000000,4973190
2026-06-09,100000,2032-01-01,451.04819193,0.00000000,188607396
2026-06-09,760197,2026-08-15,136.75625756,0.00000000,3523409
2026-06-09,760197,2026-11-15,133.90319699,0.00000000,3835377
2026-06-09,760197,2027-02-15,131.64828673,0.00000000,3003961
2026-06-09,760197,2027-05-15,129.24635491,0.00000000,3835377
2026-06-09,760197,2027-08-15,126.51243674,0.00000000,3003961
2026-06-09,760197,2027-11-15,123.84836015,0.00000000,3824320
2026-06-09,760197,2028-02-15,121.05844444,0.00000000,3003961
2026-06-09,760197,2028-05-15,118.56710858,0.00000000,3824320
2026-06-09,760197,2028-08-15,115.93181640,0.00000000,3003961
2026-06-09,760197,2028-11-15,113.48931773,0.00000000,3824320
2026-06-09,760197,2029-02-15,111.21230510,0.00000000,2681762
2026-06-09,760197,2029-05-15,108.93474238,0.00000000,3824320
2026-06-09,760197,2029-08-15,106.53296815,0.00000000,2681762
2026-06-09,760197,2029-11-15,104.23266940,0.00000000,3664139
2026-06-09,760197,2030-02-15,102.01073575,0.00000000,2681762
2026-06-09,760197,2030-05-15,99.95178598,0.00000000,3664139
2026-06-09,760197,2030-08-15,97.76860850,0.00000000,2681762
2026-06-09,760197,2030-11-15,95.70476641,0.00000000,3664139
2026-06-09,760197,2031-02-15,93.88226919,0.00000000,2299031
2026-06-09,760197,2031-05-15,92.18813930,0.00000000,3664139
2026-06-09,760197,2031-08-15,90.28475870,0.00000000,2299031
2026-06-09,760197,2031-11-15,88.40047960,0.00000000,3653824
2026-06-09,760197,2032-02-15,86.72755766,0.00000000,2299031
2026-06-09,760197,2032-05-15,85.00971775,0.00000000,3653824
2026-06-09,760197,2032-08-15,83.30276952,0.00000000,2299031
2026-06-09,760197,2032-11-15,81.68049149,0.00000000,3653824
2026-06-09,760197,2033-02-15,80.01637535,0.00000000,2084209
2026-06-09,760197,2033-05-15,78.52444029,0.00000000,3653824
2026-06-09,760197,2033-08-15,76.98771657,0.00000000,2084209
2026-06-09,760197,2033-11-15,75.52677027,0.00000000,3585621
2026-06-09,760197,2034-02-15,74.06803766,0.00000000,2084209
2026-06-09,760197,2034-05-15,72.80346691,0.00000000,3585621
2026-06-09,760197,2034-08-15,71.42235726,0.00000000,2084209
2026-06-09,760197,2034-11-15,70.11446907,0.00000000,3585621
2026-06-09,760197,2035-02-15,68.89156749,0.00000000,2084209
2026-06-09,760197,2035-05-15,67.66555364,0.00000000,3585621
2026-06-09,760197,2035-08-15,66.38131729,0.00000000,2084209
2026-06-09,760197,2035-11-15,65.16371857,0.00000000,1994805
2026-06-09,760197,2036-02-15,63.98978087,0.00000000,2084209
2026-06-09,760197,2036-05-15,62.89352029,0.00000000,1994805
2026-06-09,760197,2036-08-15,61.70759058,0.00000000,2084209
2026-06-09,760197,2036-11-15,60.52491096,0.00000000,1994805
2026-06-09,760197,2037-02-15,59.43187848,0.00000000,2084209
2026-06-09,760197,2037-05-15,58.40638333,0.00000000,1994805
2026-06-09,760197,2037-08-15,57.29513443,0.00000000,2084209
2026-06-09,760197,2037-11-15,56.25569678,0.00000000,1944194
2026-06-09,760197,2038-02-15,55.23584276,0.00000000,2084209
2026-06-09,760197,2038-05-15,54.25113762,0.00000000,1944194
2026-06-09,760197,2038-08-15,53.23751934,0.00000000,2084209
2026-06-09,760197,2038-11-15,52.27423954,0.00000000,1944194
2026-06-09,760197,2039-02-15,51.28366636,0.00000000,2084209
2026-06-09,760197,2039-05-15,50.38649874,0.00000000,1944194
2026-06-09,760197,2039-08-15,49.44737862,0.00000000,2084209
2026-06-09,760197,2039-11-15,48.54060486,0.00000000,1944194
2026-06-09,760197,2040-02-15,47.65104466,0.00000000,2084209
2026-06-09,760197,2040-05-15,46.79211513,0.00000000,1944194
2026-06-09,760197,2040-08-15,45.90890720,0.00000000,2084209
2026-06-09,760197,2040-11-15,45.07072318,0.00000000,1944194
2026-06-09,760197,2041-02-15,44.26365016,0.00000000,1760142
2026-06-09,760197,2041-05-15,43.51136747,0.00000000,1944194
2026-06-09,760197,2041-08-15,42.69960217,0.00000000,1760142
2026-06-09,760197,2041-11-15,41.89279841,0.00000000,1944194
2026-06-09,760197,2042-02-15,41.15016739,0.00000000,1760142
2026-06-09,760197,2042-05-15,40.46822833,0.00000000,1944194
2026-06-09,760197,2042-08-15,39.71797488,0.00000000,1760142
2026-06-09,760197,2042-11-15,38.97055611,0.00000000,1944194
2026-06-09,760197,2043-02-15,38.30300537,0.00000000,1760142
2026-06-09,760197,2043-05-15,37.63535873,0.00000000,1944194
2026-06-09,760197,2043-08-15,36.93551395,0.00000000,1760142
2026-06-09,760197,2043-11-15,36.27848114,0.00000000,1944194
2026-06-09,760197,2044-02-15,35.63111434,0.00000000,1760142
2026-06-09,760197,2044-05-15,35.00306680,0.00000000,1944194
2026-06-09,760197,2044-08-15,34.35301538,0.00000000,1760142
2026-06-09,760197,2044-11-15,33.72143760,0.00000000,1944194
2026-06-09,760197,2045-02-15,33.07787363,0.00000000,1760142
2026-06-09,760197,2045-05-15,32.51006186,0.00000000,1944194
2026-06-09,760197,2045-08-15,31.88305650,0.00000000,1760142
2026-06-09,760197,2045-11-15,31.28683556,0.00000000,127551
2026-06-09,760197,2046-02-15,30.72935192,0.00000000,1760142
2026-06-09,760197,2046-05-15,30.17276008,0.00000000,127551
2026-06-09,760197,2046-08-15,29.59078973,0.00000000,1760142
2026-06-09,760197,2046-11-15,29.03749804,0.00000000,127551
2026-06-09,760197,2047-02-15,28.50317437,0.00000000,1760142
2026-06-09,760197,2047-05-15,28.00394183,0.00000000,127551
2026-06-09,760197,2047-08-15,27.46420508,0.00000000,1760142
2026-06-09,760197,2047-11-15,26.92700091,0.00000000,127551
2026-06-09,760197,2048-02-15,26.43214058,0.00000000,1760142
2026-06-09,760197,2048-05-15,25.96989118,0.00000000,127551
2026-06-09,760197,2048-08-15,25.47026622,0.00000000,1760142
2026-06-09,760197,2048-11-15,25.00296631,0.00000000,127551
2026-06-09,760197,2049-02-15,24.54457147,0.00000000,1760142
2026-06-09,760197,2049-05-15,24.10212799,0.00000000,127551
2026-06-09,760197,2049-08-15,23.64690895,0.00000000,1760142
2026-06-09,760197,2049-11-15,23.21455306,0.00000000,127551
2026-06-09,760197,2050-02-15,22.77026046,0.00000000,1760142
2026-06-09,760197,2050-05-15,22.36818056,0.00000000,127551
2026-06-09,760197,2050-08-15,21.94766649,0.00000000,1760142
2026-06-09,760197,2050-11-15,21.54195876,0.00000000,127551
2026-06-09,760197,2051-02-15,21.14418018,0.00000000,1096810
2026-06-09,760197,2051-05-15,20.77254838,0.00000000,127551
2026-06-09,760197,2051-08-15,20.37769788,0.00000000,1096810
2026-06-09,760197,2051-11-15,20.00251265,0.00000000,127551
2026-06-09,760197,2052-02-15,19.64033850,0.00000000,1096810
2026-06-09,760197,2052-05-15,19.29636091,0.00000000,127551
2026-06-09,760197,2052-08-15,18.93078290,0.00000000,1096810
2026-06-09,760197,2052-11-15,18.56692223,0.00000000,127551
2026-06-09,760197,2053-02-15,18.23169310,0.00000000,1096810
2026-06-09,760197,2053-05-15,17.92373024,0.00000000,127551
2026-06-09,760197,2053-08-15,17.58492954,0.00000000,1096810
2026-06-09,760197,2053-11-15,17.24760337,0.00000000,127551
2026-06-09,760197,2054-02-15,16.94665314,0.00000000,1096810
2026-06-09,760197,2054-05-15,16.64613387,0.00000000,127551
2026-06-09,760197,2054-08-15,16.33181434,0.00000000,1096810
2026-06-09,760197,2054-11-15,16.03754902,0.00000000,127551
2026-06-09,760197,2055-02-15,15.74857438,0.00000000,1096810
2026-06-09,760197,2055-05-15,15.46930698,0.00000000,127551
2026-06-09,760197,2055-08-15,15.18099153,0.00000000,1096810
2026-06-09,760197,2056-02-15,14.62563166,0.00000000,1096810
2026-06-09,760197,2056-08-15,14.09071269,0.00000000,1096810
2026-06-09,760197,2057-02-15,13.57171434,0.00000000,1096810
2026-06-09,760197,2057-08-15,13.07254085,0.00000000,1096810
2026-06-09,760197,2058-02-15,12.58507185,0.00000000,1096810
2026-06-09,760197,2058-08-15,12.11702528,0.00000000,1096810
2026-06-09,760197,2059-02-15,11.65716749,0.00000000,1096810
2026-06-09,760197,2059-08-15,11.21652090,0.00000000,1096810
2026-06-09,760197,2060-02-15,10.78122468,0.00000000,1096810
2026-06-09,760197,2060-08-15,10.37153359,0.00000000,1096810
2026-06-09,760198,2026-08-15,4625.92469384,0.00000000,3021645
2026-06-09,760198,2027-05-15,4371.89431357,0.00000000,11057
2026-06-09,760198,2028-08-15,3921.51600100,0.00000000,322199
2026-06-09,760198,2029-05-15,3684.83259040,0.00000000,6947238
2026-06-09,760198,2030-08-15,3307.12633123,0.00000000,382731
2026-06-09,760198,2031-05-15,3118.36107305,0.00000000,10315
2026-06-09,760198,2032-08-15,2817.80406595,0.00000000,2076466
2026-06-09,760198,2033-05-15,2656.17203825,0.00000000,68203
2026-06-09,760198,2035-05-15,2288.85874113,0.00000000,8543082
2026-06-09,760198,2037-05-15,1975.65753670,0.00000000,50611
2026-06-09,760198,2040-08-15,1552.91722114,0.00000000,4593632
2026-06-09,760198,2045-05-15,1099.68714158,0.00000000,9244115
2026-06-09,760198,2050-08-15,742.40297440,0.00000000,4508775
2026-06-09,760198,2055-05-15,523.26562908,0.00000000,127551
2026-06-09,760198,2060-08-15,350.82806592,0.00000000,1096810
2026-06-09,760199,2026-08-15,4762.68095182,0.00000000,50567113
2026-06-09,760199,2027-05-15,4635.72801980,0.00000000,33138763
2026-06-09,760199,2028-08-15,4553.60202763,0.00000000,47703454
2026-06-09,760199,2029-05-15,4412.77060488,0.00000000,15713264
2026-06-09,760199,2030-08-15,4356.10955416,0.00000000,50097570
2026-06-09,760199,2031-05-15,4239.81057260,0.00000000,4753097
2026-06-09,760199,2032-08-15,4225.96013363,0.00000000,23488304
2026-06-09,760199,2033-05-15,4116.06521222,0.00000000,19389222
2026-06-09,760199,2035-05-15,4045.46011345,0.00000000,56584483
2026-06-09,760199,2037-05-15,3990.47833475,0.00000000,5253952
2026-06-09,760199,2040-08-15,3983.73806285,0.00000000,31971127
2026-06-09,760199,2045-05-15,3846.93227104,0.00000000,40549263
2026-06-09,760199,2050-08-15,3845.98682956,0.00000000,47457169
2026-06-09,760199,2055-05-15,3744.07172368,0.00000000,31652325
2026-06-09,760199,2060-08-15,3771.62497963,0.00000000,24138726
2026-06-09,770100,2031-01-01,7895.76609932,0.00000000,11040915
2026-06-09,950197,2026-07-01,48.35191676,0.00000000,3249762
2026-06-09,950197,2027-01-01,45.05509503,0.00000000,3249762
2026-06-09,950197,2027-07-01,41.99673932,0.00000000,3249762
2026-06-09,950197,2028-01-01,39.02044317,0.00000000,3249762
2026-06-09,950197,2028-07-01,36.32687530,0.00000000,3249762
2026-06-09,950197,2029-01-01,33.82127578,0.00000000,3249762
2026-06-09,950197,2029-07-01,31.49830770,0.00000000,2817492
2026-06-09,950197,2030-01-01,29.34107535,0.00000000,2817492
2026-06-09,950197,2030-07-01,27.37102766,0.00000000,2817492
2026-06-09,950197,2031-01-01,25.44983350,0.00000000,2817492
2026-06-09,950197,2031-07-01,23.74177279,0.00000000,2690835
2026-06-09,950197,2032-01-01,22.01514354,0.00000000,2690835
2026-06-09,950197,2032-07-01,20.50043358,0.00000000,2690835
2026-06-09,950197,2033-01-01,19.04425773,0.00000000,2690835
2026-06-09,950197,2033-07-01,17.73064261,0.00000000,2405218
2026-06-09,950197,2034-01-01,16.48830268,0.00000000,2405218
2026-06-09,950197,2034-07-01,15.34878835,0.00000000,2405218
2026-06-09,950197,2035-01-01,14.28144644,0.00000000,2405218
2026-06-09,950197,2035-07-01,13.29172459,0.00000000,350002
2026-06-09,950197,2036-01-01,12.38774189,0.00000000,350002
2026-06-09,950197,2036-07-01,11.53504641,0.00000000,350002
2026-06-09,950197,2037-01-01,10.66248517,0.00000000,350002
2026-06-09,950198,2029-01-01,692.93326470,0.00000000,432270
2026-06-09,950198,2031-01-01,521.41842095,0.00000000,126657
2026-06-09,950198,2033-01-01,390.18042277,0.00000000,285617
2026-06-09,950198,2035-01-01,292.59952733,0.00000000,2055216
2026-06-09,950198,2037-01-01,218.45393147,0.00000000,350002
2026-06-09,950199,2027-01-01,1016.49943533,0.00000000,121408338
2026-06-09,950199,2029-01-01,937.46137637,0.00000000,119201966
2026-06-09,950199,2031-01-01,879.43853944,0.00000000,207072832
2026-06-09,950199,2033-01-01,833.15917533,0.00000000,96767797
2026-06-09,950199,2035-01-01,798.90494372,0.00000000,117077775
2026-06-09,950199,2037-01-01,771.92457624,0.00000000,39850642
2026-06-10,210100,2026-09-01,19167.28924611,0.00000000,9622070
2026-06-10,210100,2027-03-01,19158.86187821,0.00000000,2917-97-50
2026-06-10,210100,2027-09-01,19149.59188356,0.00000000,2845-29-97
2026-06-10,210100,2028-03-01,19138.44016864,0.00000000,1739-67-61
2026-06-10,210100,2028-09-01,19123.73346422,0.00000000,2035-44-27
2026-06-10,210100,2029-03-01,19106.39235870,0.00000000,1870-61-51
2026-06-10,210100,2029-09-01,19088.33904215,0.00000000,1696-96-86
2026-06-10,210100,2030-03-01,19071.11745707,0.00000000,1402-90-41
2026-06-10,210100,2030-06-01,19061.85800691,0.00000000,1039-95-64
2026-06-10,210100,2030-09-01,19051.17189432,0.00000000,1141-64-73
2026-06-10,210100,2030-12-01,19044.05816447,0.00000000,7592691
2026-06-10,210100,2031-03-01,19032.89007684,0.00000000,1225-36-53
2026-06-10,210100,2031-06-01,19021.91801871,0.00000000,9942990
2026-06-10,210100,2031-09-01,19012.10885737,0.00000000,8487474
2026-06-10,210100,2031-12-01,18991.75981944,0.00000000,6974714
2026-06-10,210100,2032-03-01,18979.83932292,0.00000000,9221040
2026-06-10,210100,2032-06-01,18960.45705746,0.00000000,1120-40-71
2026-06-10,100000,2026-07-01,991.18661274,0.00000000,232700318
2026-06-10,100000,2026-10-01,956.06516612,0.00000000,145666333
2026-06-10,100000,2027-01-01,923.19646505,0.00000000,6145632
2026-06-10,100000,2027-04-01,891.59949421,0.00000000,132798266
2026-06-10,100000,2027-07-01,859.46171082,0.00000000,118277412
2026-06-10,100000,2027-10-01,827.42935135,0.00000000,124138520
2026-06-10,100000,2028-01-01,797.90663489,0.00000000,7724-17-11
2026-06-10,100000,2028-04-01,769.24840275,0.00000000,2835-95-42
2026-06-10,100000,2028-07-01,742.44347127,0.00000000,2976-25-94
2026-06-10,100000,2029-01-01,691.11671226,0.00000000,249888588
2026-06-10,100000,2029-07-01,643.50558947,0.00000000,222222458
2026-06-10,100000,2030-01-01,599.19048758,0.00000000,158256775
2026-06-10,100000,2031-01-01,519.77389593,0.00000000,4968673
2026-06-10,100000,2032-01-01,449.90347225,0.00000000,188788228
2026-06-10,760197,2026-08-15,136.82619185,0.00000000,3571409
2026-06-10,760197,2026-11-15,133.94955359,0.00000000,3839377
2026-06-10,760197,2027-02-15,131.67895091,0.00000000,3051961
2026-06-10,760197,2027-05-15,129.26839007,0.00000000,3839377
2026-06-10,760197,2027-08-15,126.51209119,0.00000000,3051961
2026-06-10,760197,2027-11-15,123.78674418,0.00000000,3828320
2026-06-10,760197,2028-02-15,120.90484341,0.00000000,3051961
2026-06-10,760197,2028-05-15,118.33236557,0.00000000,3828320
2026-06-10,760197,2028-08-15,115.65485012,0.00000000,3051961
2026-06-10,760197,2028-11-15,113.22749860,0.00000000,3828320
2026-06-10,760197,2029-02-15,110.97656005,0.00000000,2729762
2026-06-10,760197,2029-05-15,108.71024544,0.00000000,3828320
2026-06-10,760197,2029-08-15,106.28680182,0.00000000,2729762
2026-06-10,760197,2029-11-15,103.94815343,0.00000000,3668139
2026-06-10,760197,2030-02-15,101.68871120,0.00000000,2729762
2026-06-10,760197,2030-05-15,99.61266316,0.00000000,3668139
2026-06-10,760197,2030-08-15,97.45595005,0.00000000,2729762
2026-06-10,760197,2030-11-15,95.39904333,0.00000000,3668139
2026-06-10,760197,2031-02-15,93.53494252,0.00000000,2347031
2026-06-10,760197,2031-05-15,91.83040907,0.00000000,3668139
2026-06-10,760197,2031-08-15,89.95975487,0.00000000,2347031
2026-06-10,760197,2031-11-15,88.11127617,0.00000000,3657824
2026-06-10,760197,2032-02-15,86.47205970,0.00000000,2347031
2026-06-10,760197,2032-05-15,84.78962876,0.00000000,3657824
2026-06-10,760197,2032-08-15,83.11739621,0.00000000,2347031
2026-06-10,760197,2032-11-15,81.44264753,0.00000000,3657824
2026-06-10,760197,2033-02-15,79.63771869,0.00000000,2132209
2026-06-10,760197,2033-05-15,78.07481499,0.00000000,3657824
2026-06-10,760197,2033-08-15,76.55065021,0.00000000,2132209
2026-06-10,760197,2033-11-15,75.11643896,0.00000000,3589621
2026-06-10,760197,2034-02-15,73.69522012,0.00000000,2132209
2026-06-10,760197,2034-05-15,72.46817245,0.00000000,3589621
2026-06-10,760197,2034-08-15,71.12827820,0.00000000,2132209
2026-06-10,760197,2034-11-15,69.85384438,0.00000000,3589621
2026-06-10,760197,2035-02-15,68.65141115,0.00000000,2132209
2026-06-10,760197,2035-05-15,67.42929886,0.00000000,3589621
2026-06-10,760197,2035-08-15,66.13918140,0.00000000,2132209
2026-06-10,760197,2035-11-15,64.91758125,0.00000000,1994805
2026-06-10,760197,2036-02-15,63.74095245,0.00000000,2132209
2026-06-10,760197,2036-05-15,62.64292049,0.00000000,1994805
2026-06-10,760197,2036-08-15,61.45550626,0.00000000,2132209
2026-06-10,760197,2036-11-15,60.27134189,0.00000000,1994805
2026-06-10,760197,2037-02-15,59.17647954,0.00000000,2132209
2026-06-10,760197,2037-05-15,58.14844808,0.00000000,1994805
2026-06-10,760197,2037-08-15,57.03579483,0.00000000,2132209
2026-06-10,760197,2037-11-15,55.99813153,0.00000000,1944194
2026-06-10,760197,2038-02-15,54.98229903,0.00000000,2132209
2026-06-10,760197,2038-05-15,54.00297030,0.00000000,1944194
2026-06-10,760197,2038-08-15,52.99566013,0.00000000,2132209
2026-06-10,760197,2038-11-15,52.03830695,0.00000000,1944194
2026-06-10,760197,2039-02-15,51.05284356,0.00000000,2132209
2026-06-10,760197,2039-05-15,50.15857899,0.00000000,1944194
2026-06-10,760197,2039-08-15,49.21976954,0.00000000,2132209
2026-06-10,760197,2039-11-15,48.30963198,0.00000000,1944194
2026-06-10,760197,2040-02-15,47.41220656,0.00000000,2132209
2026-06-10,760197,2040-05-15,46.54032039,0.00000000,1944194
2026-06-10,760197,2040-08-15,45.63710283,0.00000000,2132209
2026-06-10,760197,2040-11-15,44.77538286,0.00000000,1944194
2026-06-10,760197,2041-02-15,43.94409122,0.00000000,1800142
2026-06-10,760197,2041-05-15,43.16813046,0.00000000,1944194
2026-06-10,760197,2041-08-15,42.32995496,0.00000000,1800142
2026-06-10,760197,2041-11-15,41.49641026,0.00000000,1944194
2026-06-10,760197,2042-02-15,40.72911990,0.00000000,1800142
2026-06-10,760197,2042-05-15,40.02484429,0.00000000,1944194
2026-06-10,760197,2042-08-15,39.25076893,0.00000000,1800142
2026-06-10,760197,2042-11-15,38.48087340,0.00000000,1944194
2026-06-10,760197,2043-02-15,37.79473584,0.00000000,1800142
2026-06-10,760197,2043-05-15,37.11032373,0.00000000,1944194
2026-06-10,760197,2043-08-15,36.39533344,0.00000000,1800142
2026-06-10,760197,2043-11-15,35.72680517,0.00000000,1944194
2026-06-10,760197,2044-02-15,35.07114603,0.00000000,1800142
2026-06-10,760197,2044-05-15,34.43836453,0.00000000,1944194
2026-06-10,760197,2044-08-15,33.78730936,0.00000000,1800142
2026-06-10,760197,2044-11-15,33.15900929,0.00000000,1944194
2026-06-10,760197,2045-02-15,32.52357126,0.00000000,1800142
2026-06-10,760197,2045-05-15,31.96732327,0.00000000,1944194
2026-06-10,760197,2045-08-15,31.35588279,0.00000000,1800142
2026-06-10,760197,2045-11-15,30.77516096,0.00000000,127551
2026-06-10,760197,2046-02-15,30.23274771,0.00000000,1800142
2026-06-10,760197,2046-05-15,29.69172079,0.00000000,127551
2026-06-10,760197,2046-08-15,29.12653364,0.00000000,1800142
2026-06-10,760197,2046-11-15,28.58963255,0.00000000,127551
2026-06-10,760197,2047-02-15,28.07149162,0.00000000,1800142
2026-06-10,760197,2047-05-15,27.58764899,0.00000000,127551
2026-06-10,760197,2047-08-15,27.06479187,0.00000000,1800142
2026-06-10,760197,2047-11-15,26.54457772,0.00000000,127551
2026-06-10,760197,2048-02-15,26.06547882,0.00000000,1800142
2026-06-10,760197,2048-05-15,25.61799707,0.00000000,127551
2026-06-10,760197,2048-08-15,25.13432394,0.00000000,1800142
2026-06-10,760197,2048-11-15,24.68187588,0.00000000,127551
2026-06-10,760197,2049-02-15,24.23792659,0.00000000,1800142
2026-06-10,760197,2049-05-15,23.80925212,0.00000000,127551
2026-06-10,760197,2049-08-15,23.36795761,0.00000000,1800142
2026-06-10,760197,2049-11-15,22.94853605,0.00000000,127551
2026-06-10,760197,2050-02-15,22.51716992,0.00000000,1800142
2026-06-10,760197,2050-05-15,22.12640625,0.00000000,127551
2026-06-10,760197,2050-08-15,21.71727016,0.00000000,1800142
2026-06-10,760197,2050-11-15,21.32163053,0.00000000,127551
2026-06-10,760197,2051-02-15,20.93245694,0.00000000,1136810
2026-06-10,760197,2051-05-15,20.56775614,0.00000000,127551
2026-06-10,760197,2051-08-15,20.17912723,0.00000000,1136810
2026-06-10,760197,2051-11-15,19.80879677,0.00000000,127551
2026-06-10,760197,2052-02-15,19.45036765,0.00000000,1136810
2026-06-10,760197,2052-05-15,19.10912600,0.00000000,127551
2026-06-10,760197,2052-08-15,18.74562144,0.00000000,1136810
2026-06-10,760197,2052-11-15,18.38301965,0.00000000,127551
2026-06-10,760197,2053-02-15,18.04828750,0.00000000,1136810
2026-06-10,760197,2053-05-15,17.74026339,0.00000000,127551
2026-06-10,760197,2053-08-15,17.40087300,0.00000000,1136810
2026-06-10,760197,2053-11-15,17.06247401,0.00000000,127551
2026-06-10,760197,2054-02-15,16.76021056,0.00000000,1136810
2026-06-10,760197,2054-05-15,16.45809713,0.00000000,127551
2026-06-10,760197,2054-08-15,16.14186705,0.00000000,1136810
2026-06-10,760197,2054-11-15,15.84564669,0.00000000,127551
2026-06-10,760197,2055-02-15,15.55465465,0.00000000,1136810
2026-06-10,760197,2055-05-15,15.27340336,0.00000000,127551
2026-06-10,760197,2055-08-15,14.98344475,0.00000000,1136810
2026-06-10,760197,2056-02-15,14.42706111,0.00000000,1136810
2026-06-10,760197,2056-08-15,13.89355005,0.00000000,1136810
2026-06-10,760197,2057-02-15,13.37783764,0.00000000,1136810
2026-06-10,760197,2057-08-15,12.88328511,0.00000000,1136810
2026-06-10,760197,2058-02-15,12.40138169,0.00000000,1136810
2026-06-10,760197,2058-08-15,11.93932959,0.00000000,1136810
2026-06-10,760197,2059-02-15,11.48564260,0.00000000,1136810
2026-06-10,760197,2059-08-15,11.05082948,0.00000000,1136810
2026-06-10,760197,2060-02-15,10.62086080,0.00000000,1136810
2026-06-10,760197,2060-08-15,10.21543604,0.00000000,1136810
2026-06-10,760198,2026-08-15,4628.29029488,0.00000000,3018430
2026-06-10,760198,2027-05-15,4372.63967599,0.00000000,11057
2026-06-10,760198,2028-08-15,3912.14732439,0.00000000,322199
2026-06-10,760198,2029-05-15,3677.23874453,0.00000000,6941732
2026-06-10,760198,2030-08-15,3296.55032933,0.00000000,382731
2026-06-10,760198,2031-05-15,3106.26047052,0.00000000,10315
2026-06-10,760198,2032-08-15,2811.53361816,0.00000000,2158703
2026-06-10,760198,2033-05-15,2640.96298825,0.00000000,68203
2026-06-10,760198,2035-05-15,2280.86717375,0.00000000,8543848
2026-06-10,760198,2037-05-15,1966.93260451,0.00000000,50611
2026-06-10,760198,2040-08-15,1543.72315181,0.00000000,4632958
2026-06-10,760198,2045-05-15,1081.32843588,0.00000000,9238588
2026-06-10,760198,2050-08-15,734.60957559,0.00000000,4546112
2026-06-10,760198,2055-05-15,516.63898265,0.00000000,127551
2026-06-10,760198,2060-08-15,345.54790151,0.00000000,1136810
2026-06-10,760199,2026-08-15,4765.11648715,0.00000000,5056-68-54
2026-06-10,760199,2027-05-15,4636.54859547,0.00000000,3313-87-63
2026-06-10,760199,2028-08-15,4543.62396449,0.00000000,4770-34-54
2026-06-10,760199,2029-05-15,4404.53993858,0.00000000,1593-67-26
2026-06-10,760199,2030-08-15,4344.21560349,0.00000000,4964-40-30
2026-06-10,760199,2031-05-15,4225.82017030,0.00000000,4868483
2026-06-10,760199,2032-08-15,4218.67292466,0.00000000,2348-81-33
2026-06-10,760199,2033-05-15,4097.26709791,0.00000000,1941-41-98
2026-06-10,760199,2035-05-15,4035.17679033,0.00000000,5660-70-90
2026-06-10,760199,2037-05-15,3978.41818072,0.00000000,5257432
2026-06-10,760199,2040-08-15,3969.43932200,0.00000000,3208-28-66
2026-06-10,760199,2045-05-15,3811.41738810,0.00000000,4055-04-34
2026-06-10,760199,2050-08-15,3827.76676912,0.00000000,4745-70-88
2026-06-10,760199,2055-05-15,3724.88213983,0.00000000,3165-21-91
2026-06-10,760199,2060-08-15,3751.99300513,0.00000000,2410-13-98
2026-06-10,770100,2031-01-01,7898.30238281,0.00000000,1104-09-15
2026-06-10,950197,2026-07-01,48.37867870,0.00000000,3249762
2026-06-10,950197,2027-01-01,45.06015778,0.00000000,3249762
2026-06-10,950197,2027-07-01,41.94933772,0.00000000,3249762
2026-06-10,950197,2028-01-01,38.94490526,0.00000000,3249762
2026-06-10,950197,2028-07-01,36.23781202,0.00000000,3249762
2026-06-10,950197,2029-01-01,33.73261194,0.00000000,3249762
2026-06-10,950197,2029-07-01,31.40876779,0.00000000,2817492
2026-06-10,950197,2030-01-01,29.24579863,0.00000000,2817492
2026-06-10,950197,2030-07-01,27.26771559,0.00000000,2817492
2026-06-10,950197,2031-01-01,25.36956612,0.00000000,2817492
2026-06-10,950197,2031-07-01,23.65747763,0.00000000,2690835
2026-06-10,950197,2032-01-01,21.95927109,0.00000000,2690835
2026-06-10,950197,2032-07-01,20.44276464,0.00000000,2690835
2026-06-10,950197,2033-01-01,19.00677068,0.00000000,2690835
2026-06-10,950197,2033-07-01,17.69236678,0.00000000,2405218
2026-06-10,950197,2034-01-01,16.46558021,0.00000000,2405218
2026-06-10,950197,2034-07-01,15.32569178,0.00000000,2405218
2026-06-10,950197,2035-01-01,14.28444909,0.00000000,2405218
2026-06-10,950197,2035-07-01,13.29424633,0.00000000,350002
2026-06-10,950197,2036-01-01,12.38982415,0.00000000,350002
2026-06-10,950197,2036-07-01,11.53675054,0.00000000,350002
2026-06-10,950197,2037-01-01,10.69783844,0.00000000,350002
2026-06-10,950198,2029-01-01,691.11671226,0.00000000,432270
2026-06-10,950198,2031-01-01,519.77389593,0.00000000,126657
2026-06-10,950198,2033-01-01,389.41238488,0.00000000,285617
2026-06-10,950198,2035-01-01,292.66104580,0.00000000,2055216
2026-06-10,950198,2037-01-01,219.17825221,0.00000000,350002
2026-06-10,950199,2027-01-01,1016.63499868,0.00000000,121408276
2026-06-10,950199,2029-01-01,935.37644158,0.00000000,119099718
2026-06-10,950199,2031-01-01,877.16082966,0.00000000,207072451
2026-06-10,950199,2033-01-01,831.53296531,0.00000000,9676-65-95
2026-06-10,950199,2035-01-01,798.04489479,0.00000000,117074288
2026-06-10,950199,2037-01-01,771.79432787,0.00000000,3988-29-09
2026-06-11,210100,2026-09-01,19177.59341961,0.00000000,9622070
2026-06-11,210100,2027-03-01,19169.14692907,0.00000000,2917-88-61
2026-06-11,210100,2027-09-01,19159.84035832,0.00000000,2845-29-97
2026-06-11,210100,2028-03-01,19148.73543759,0.00000000,1739-51-88
2026-06-11,210100,2028-09-01,19134.07239671,0.00000000,2035-44-27
2026-06-11,210100,2029-03-01,19116.74160978,0.00000000,1870-47-11
2026-06-11,210100,2029-09-01,19098.81807656,0.00000000,1696-96-86
2026-06-11,210100,2030-03-01,19081.47889747,0.00000000,1402-90-41
2026-06-11,210100,2030-06-01,19072.07150451,0.00000000,1039-95-64
2026-06-11,210100,2030-09-01,19061.29840247,0.00000000,1141-64-73
2026-06-11,210100,2030-12-01,19054.25601287,0.00000000,7592691
2026-06-11,210100,2031-03-01,19043.17015182,0.00000000,1226-16-89
2026-06-11,210100,2031-06-01,19032.19518371,0.00000000,9942990
2026-06-11,210100,2031-09-01,19022.18522792,0.00000000,8487474
2026-06-11,210100,2031-12-01,19002.03153092,0.00000000,6974714
2026-06-11,210100,2032-03-01,18990.21516817,0.00000000,9221040
2026-06-11,210100,2032-06-01,18970.38475540,0.00000000,1120-40-71
2026-06-11,100000,2026-07-01,991.73623832,0.00000000,227830182
2026-06-11,100000,2026-10-01,956.70150530,0.00000000,150709525
2026-06-11,100000,2027-01-01,923.78074254,0.00000000,6137973
2026-06-11,100000,2027-04-01,892.07311272,0.00000000,132798266
2026-06-11,100000,2027-07-01,859.59946344,0.00000000,118283514
2026-06-11,100000,2027-10-01,827.57546249,0.00000000,124138520
2026-06-11,100000,2028-01-01,798.14942255,0.00000000,7723-65-89
2026-06-11,100000,2028-04-01,769.63091005,0.00000000,2835-95-42
2026-06-11,100000,2028-07-01,742.73975303,0.00000000,2984-25-94
2026-06-11,100000,2029-01-01,691.59194407,0.00000000,250012216
2026-06-11,100000,2029-07-01,644.13117764,0.00000000,222222458
2026-06-11,100000,2030-01-01,599.99480640,0.00000000,158256775
2026-06-11,100000,2031-01-01,520.48156183,0.00000000,4964516
2026-06-11,100000,2032-01-01,450.70230188,0.00000000,188942364
2026-06-11,760197,2026-08-15,136.83050304,0.00000000,3585027
2026-06-11,760197,2026-11-15,133.92641499,0.00000000,3842109
2026-06-11,760197,2027-02-15,131.66231526,0.00000000,3065579
2026-06-11,760197,2027-05-15,129.25008027,0.00000000,3842109
2026-06-11,760197,2027-08-15,126.47861610,0.00000000,3065579
2026-06-11,760197,2027-11-15,123.76598288,0.00000000,3831052
2026-06-11,760197,2028-02-15,120.91641280,0.00000000,3065579
2026-06-11,760197,2028-05-15,118.37100700,0.00000000,3831052
2026-06-11,760197,2028-08-15,115.68912461,0.00000000,3065579
2026-06-11,760197,2028-11-15,113.21034592,0.00000000,3831052
2026-06-11,760197,2029-02-15,110.89899860,0.00000000,2743380
2026-06-11,760197,2029-05-15,108.59749899,0.00000000,3831052
2026-06-11,760197,2029-08-15,106.19762140,0.00000000,2743380
2026-06-11,760197,2029-11-15,103.92220959,0.00000000,3670871
2026-06-11,760197,2030-02-15,101.73051964,0.00000000,2743380
2026-06-11,760197,2030-05-15,99.68781527,0.00000000,3670871
2026-06-11,760197,2030-08-15,97.48483127,0.00000000,2743380
2026-06-11,760197,2030-11-15,95.37973053,0.00000000,3670871
2026-06-11,760197,2031-02-15,93.53980920,0.00000000,2360649
2026-06-11,760197,2031-05-15,91.85728873,0.00000000,3670871
2026-06-11,760197,2031-08-15,89.98671559,0.00000000,2360649
2026-06-11,760197,2031-11-15,88.13769209,0.00000000,3660556
2026-06-11,760197,2032-02-15,86.49765044,0.00000000,2360649
2026-06-11,760197,2032-05-15,84.81426796,0.00000000,3660556
2026-06-11,760197,2032-08-15,83.14127094,0.00000000,2360649
2026-06-11,760197,2032-11-15,81.46602122,0.00000000,3660556
2026-06-11,760197,2033-02-15,79.66060630,0.00000000,2145109
2026-06-11,760197,2033-05-15,78.09724129,0.00000000,3660556
2026-06-11,760197,2033-08-15,76.57256625,0.00000000,2145109
2026-06-11,760197,2033-11-15,75.13785928,0.00000000,3592353
2026-06-11,760197,2034-02-15,73.71613899,0.00000000,2145109
2026-06-11,760197,2034-05-15,72.48865458,0.00000000,3592353
2026-06-11,760197,2034-08-15,71.14828485,0.00000000,2145109
2026-06-11,760197,2034-11-15,69.87340571,0.00000000,3592353
2026-06-11,760197,2035-02-15,68.67056365,0.00000000,2145109
2026-06-11,760197,2035-05-15,67.44805161,0.00000000,3592353
2026-06-11,760197,2035-08-15,66.15803994,0.00000000,2145109
2026-06-11,760197,2035-11-15,64.93726535,0.00000000,1995437
2026-06-11,760197,2036-02-15,63.76173859,0.00000000,2145109
2026-06-11,760197,2036-05-15,62.66464745,0.00000000,1995437
2026-06-11,760197,2036-08-15,61.47770795,0.00000000,2145109
2026-06-11,760197,2036-11-15,60.29292989,0.00000000,1995437
2026-06-11,760197,2037-02-15,59.19601819,0.00000000,2145109
2026-06-11,760197,2037-05-15,58.16430056,0.00000000,1995437
2026-06-11,760197,2037-08-15,57.04555397,0.00000000,2145109
2026-06-11,760197,2037-11-15,56.00070446,0.00000000,1944194
2026-06-11,760197,2038-02-15,54.97694671,0.00000000,2145109
2026-06-11,760197,2038-05-15,53.98968441,0.00000000,1944194
2026-06-11,760197,2038-08-15,52.97454341,0.00000000,2145109
2026-06-11,760197,2038-11-15,52.01071347,0.00000000,1944194
2026-06-11,760197,2039-02-15,51.02031276,0.00000000,2145109
2026-06-11,760197,2039-05-15,50.12377958,0.00000000,1944194
2026-06-11,760197,2039-08-15,49.18561752,0.00000000,2145109
2026-06-11,760197,2039-11-15,48.27984858,0.00000000,1944194
2026-06-11,760197,2040-02-15,47.39113055,0.00000000,2145109
2026-06-11,760197,2040-05-15,46.53265527,0.00000000,1944194
2026-06-11,760197,2040-08-15,45.64929362,0.00000000,2145109
2026-06-11,760197,2040-11-15,44.81061556,0.00000000,1944194
2026-06-11,760197,2041-02-15,44.00314037,0.00000000,1813042
2026-06-11,760197,2041-05-15,43.25055114,0.00000000,1944194
2026-06-11,760197,2041-08-15,42.43853301,0.00000000,1813042
2026-06-11,760197,2041-11-15,41.63156264,0.00000000,1944194
2026-06-11,760197,2042-02-15,40.88885720,0.00000000,1813042
2026-06-11,760197,2042-05-15,40.20692021,0.00000000,1944194
2026-06-11,760197,2042-08-15,39.45675129,0.00000000,1813042
2026-06-11,760197,2042-11-15,38.70950739,0.00000000,1944194
2026-06-11,760197,2043-02-15,38.04219374,0.00000000,1813042
2026-06-11,760197,2043-05-15,37.37486490,0.00000000,1944194
2026-06-11,760197,2043-08-15,36.67544464,0.00000000,1813042
2026-06-11,760197,2043-11-15,36.01890016,0.00000000,1944194
2026-06-11,760197,2044-02-15,35.37210416,0.00000000,1813042
2026-06-11,760197,2044-05-15,34.74469978,0.00000000,1944194
2026-06-11,760197,2044-08-15,34.09541143,0.00000000,1813042
2026-06-11,760197,2044-11-15,33.46467456,0.00000000,1944194
2026-06-11,760197,2045-02-15,32.82207317,0.00000000,1813042
2026-06-11,760197,2045-05-15,32.25520322,0.00000000,1944194
2026-06-11,760197,2045-08-15,31.62932480,0.00000000,1813042
2026-06-11,760197,2045-11-15,31.03424617,0.00000000,127551
2026-06-11,760197,2046-02-15,30.47789399,0.00000000,1813042
2026-06-11,760197,2046-05-15,29.92249384,0.00000000,127551
2026-06-11,760197,2046-08-15,29.34183681,0.00000000,1813042
2026-06-11,760197,2046-11-15,28.78985856,0.00000000,127551
2026-06-11,760197,2047-02-15,28.25686420,0.00000000,1813042
2026-06-11,760197,2047-05-15,27.75892855,0.00000000,127551
2026-06-11,760197,2047-08-15,27.22065445,0.00000000,1813042
2026-06-11,760197,2047-11-15,26.68496948,0.00000000,127551
2026-06-11,760197,2048-02-15,26.19156542,0.00000000,1813042
2026-06-11,760197,2048-05-15,25.73072625,0.00000000,127551
2026-06-11,760197,2048-08-15,25.23268057,0.00000000,1813042
2026-06-11,760197,2048-11-15,24.76691023,0.00000000,127551
2026-06-11,760197,2049-02-15,24.31006577,0.00000000,1813042
2026-06-11,760197,2049-05-15,23.86916629,0.00000000,127551
2026-06-11,760197,2049-08-15,23.41558528,0.00000000,1813042
2026-06-11,760197,2049-11-15,22.98483220,0.00000000,127551
2026-06-11,760197,2050-02-15,22.54223507,0.00000000,1813042
2026-06-11,760197,2050-05-15,22.14173239,0.00000000,127551
2026-06-11,760197,2050-08-15,21.72291197,0.00000000,1813042
2026-06-11,760197,2050-11-15,21.31888205,0.00000000,127551
2026-06-11,760197,2051-02-15,20.92279158,0.00000000,1149710
2026-06-11,760197,2051-05-15,20.55277636,0.00000000,127551
2026-06-11,760197,2051-08-15,20.15968613,0.00000000,1149710
2026-06-11,760197,2051-11-15,19.78621522,0.00000000,127551
2026-06-11,760197,2052-02-15,19.42573540,0.00000000,1149710
2026-06-11,760197,2052-05-15,19.08340372,0.00000000,127551
2026-06-11,760197,2052-08-15,18.71961511,0.00000000,1149710
2026-06-11,760197,2052-11-15,18.35757747,0.00000000,127551
2026-06-11,760197,2053-02-15,18.02406593,0.00000000,1149710
2026-06-11,760197,2053-05-15,17.71771384,0.00000000,127551
2026-06-11,760197,2053-08-15,17.38072244,0.00000000,1149710
2026-06-11,760197,2053-11-15,17.04523736,0.00000000,127551
2026-06-11,760197,2054-02-15,16.74596391,0.00000000,1149710
2026-06-11,760197,2054-05-15,16.44715198,0.00000000,127551
2026-06-11,760197,2054-08-15,16.13465427,0.00000000,1149710
2026-06-11,760197,2054-11-15,15.84212877,0.00000000,127551
2026-06-11,760197,2055-02-15,15.55489566,0.00000000,1149710
2026-06-11,760197,2055-05-15,15.27734309,0.00000000,127551
2026-06-11,760197,2055-08-15,14.99083556,0.00000000,1149710
2026-06-11,760197,2056-02-15,14.43907823,0.00000000,1149710
2026-06-11,760197,2056-08-15,13.90778049,0.00000000,1149710
2026-06-11,760197,2057-02-15,13.39243955,0.00000000,1149710
2026-06-11,760197,2057-08-15,12.89691942,0.00000000,1149710
2026-06-11,760197,2058-02-15,12.41314831,0.00000000,1149710
2026-06-11,760197,2058-08-15,11.94877505,0.00000000,1149710
2026-06-11,760197,2059-02-15,11.49264503,0.00000000,1149710
2026-06-11,760197,2059-08-15,11.05568238,0.00000000,1149710
2026-06-11,760197,2060-02-15,10.62413431,0.00000000,1149710
2026-06-11,760197,2060-08-15,10.21807108,0.00000000,1149710
2026-06-11,760198,2026-08-15,4628.43612531,0.00000000,3015716
2026-06-11,760198,2027-05-15,4372.02032759,0.00000000,11057
2026-06-11,760198,2028-08-15,3913.30669516,0.00000000,322199
2026-06-11,760198,2029-05-15,3673.42497667,0.00000000,6937748
2026-06-11,760198,2030-08-15,3297.52726700,0.00000000,382731
2026-06-11,760198,2031-05-15,3107.16970352,0.00000000,10315
2026-06-11,760198,2032-08-15,2812.34120612,0.00000000,2234843
2026-06-11,760198,2033-05-15,2641.72158132,0.00000000,68203
2026-06-11,760198,2035-05-15,2281.50150521,0.00000000,8542043
2026-06-11,760198,2037-05-15,1967.46883152,0.00000000,51243
2026-06-11,760198,2040-08-15,1544.13551813,0.00000000,4665668
2026-06-11,760198,2045-05-15,1091.06627904,0.00000000,9234023
2026-06-11,760198,2050-08-15,734.80041552,0.00000000,4593496
2026-06-11,760198,2055-05-15,516.77224810,0.00000000,127551
2026-06-11,760198,2060-08-15,345.63703454,0.00000000,1149710
2026-06-11,760199,2026-08-15,4765.26662876,0.00000000,5056-66-90
2026-06-11,760199,2027-05-15,4635.92208750,0.00000000,3313-87-63
2026-06-11,760199,2028-08-15,4544.97047431,0.00000000,4770-28-48
2026-06-11,760199,2029-05-15,4400.40334058,0.00000000,1593-67-26
2026-06-11,760199,2030-08-15,4345.50301834,0.00000000,4964-27-81
2026-06-11,760199,2031-05-15,4227.05710943,0.00000000,4868483
2026-06-11,760199,2032-08-15,4219.88470084,0.00000000,2348-43-61
2026-06-11,760199,2033-05-15,4098.44400134,0.00000000,1941-41-98
2026-06-11,760199,2035-05-15,4036.29901245,0.00000000,5660-30-21
2026-06-11,760199,2037-05-15,3979.50278081,0.00000000,5262042
2026-06-11,760199,2040-08-15,3970.49965660,0.00000000,3208-90-56
2026-06-11,760199,2045-05-15,3831.21503880,0.00000000,4049-23-90
2026-06-11,760199,2050-08-15,3828.76116231,0.00000000,4745-82-82
2026-06-11,760199,2055-05-15,3725.84296185,0.00000000,3165-33-13
2026-06-11,760199,2060-08-15,3752.96082032,0.00000000,2409-59-61
2026-06-11,770100,2031-01-01,7893.10548377,0.00000000,1104-09-15
2026-06-11,950197,2026-07-01,48.40550530,0.00000000,3385643
2026-06-11,950197,2027-01-01,45.08867570,0.00000000,3385643
2026-06-11,950197,2027-07-01,41.95606127,0.00000000,3385643
2026-06-11,950197,2028-01-01,38.95675544,0.00000000,3385643
2026-06-11,950197,2028-07-01,36.25227319,0.00000000,3385643
2026-06-11,950197,2029-01-01,33.75580746,0.00000000,3385643
2026-06-11,950197,2029-07-01,31.43930203,0.00000000,2953373
2026-06-11,950197,2030-01-01,29.28505651,0.00000000,2953373
2026-06-11,950197,2030-07-01,27.32145230,0.00000000,2953373
2026-06-11,950197,2031-01-01,25.40410648,0.00000000,2953373
2026-06-11,950197,2031-07-01,23.71742040,0.00000000,2826716
2026-06-11,950197,2032-01-01,21.99826105,0.00000000,2826716
2026-06-11,950197,2032-07-01,20.48125575,0.00000000,2826716
2026-06-11,950197,2033-01-01,19.05004093,0.00000000,2826716
2026-06-11,950197,2033-07-01,17.73492118,0.00000000,2533792
2026-06-11,950197,2034-01-01,16.52888176,0.00000000,2533792
2026-06-11,950197,2034-07-01,15.38789509,0.00000000,2533792
2026-06-11,950197,2035-01-01,14.32963435,0.00000000,2533792
2026-06-11,950197,2035-07-01,13.33829447,0.00000000,442002
2026-06-11,950197,2036-01-01,12.43786199,0.00000000,442002
2026-06-11,950197,2036-07-01,11.58344355,0.00000000,442002
2026-06-11,950197,2037-01-01,10.72841542,0.00000000,442002
2026-06-11,950198,2029-01-01,691.59194407,0.00000000,432270
2026-06-11,950198,2031-01-01,520.48156183,0.00000000,126657
2026-06-11,950198,2033-01-01,390.29890954,0.00000000,292924
2026-06-11,950198,2035-01-01,293.58680540,0.00000000,2091790
2026-06-11,950198,2037-01-01,219.80471612,0.00000000,442002
2026-06-11,950199,2027-01-01,1017.27464034,0.00000000,121408164
2026-06-11,950199,2029-01-01,935.96372207,0.00000000,119099628
2026-06-11,950199,2031-01-01,878.13989826,0.00000000,207072319
2026-06-11,950199,2033-01-01,832.87339737,0.00000000,9675-90-57
2026-06-11,950199,2035-01-01,799.64000704,0.00000000,117036159
2026-06-11,950199,2037-01-01,773.25706031,0.00000000,3981-38-26
2026-06-12,210100,2026-09-01,19187.88974195,0.00000000,9622070
2026-06-12,210100,2027-03-01,19179.42404120,0.00000000,2917-78-91
2026-06-12,210100,2027-09-01,19170.07121252,0.00000000,2845-29-97
2026-06-12,210100,2028-03-01,19159.03624390,0.00000000,1739-38-24
2026-06-12,210100,2028-09-01,19144.37427025,0.00000000,2035-44-27
2026-06-12,210100,2029-03-01,19127.30250946,0.00000000,1870-34-65
2026-06-12,210100,2029-09-01,19109.30240905,0.00000000,1696-96-86
2026-06-12,210100,2030-03-01,19091.84581522,0.00000000,1402-90-41
2026-06-12,210100,2030-06-01,19082.36570960,0.00000000,1039-95-64
2026-06-12,210100,2030-09-01,19071.67021987,0.00000000,1141-64-73
2026-06-12,210100,2030-12-01,19064.54407691,0.00000000,7592691
2026-06-12,210100,2031-03-01,19053.45577844,0.00000000,1226-67-39
2026-06-12,210100,2031-06-01,19042.57168002,0.00000000,9942990
2026-06-12,210100,2031-09-01,19032.56290013,0.00000000,8487474
2026-06-12,210100,2031-12-01,19012.41205504,0.00000000,6974714
2026-06-12,210100,2032-03-01,19000.48875301,0.00000000,9221040
2026-06-12,210100,2032-06-01,18979.08184280,0.00000000,1250-48-56
2026-06-12,100000,2026-07-01,992.28506664,0.00000000,227830182
2026-06-12,100000,2026-10-01,957.25732437,0.00000000,148923691
2026-06-12,100000,2027-01-01,924.38690706,0.00000000,6128892
2026-06-12,100000,2027-04-01,892.70165355,0.00000000,132798266
2026-06-12,100000,2027-07-01,860.40326348,0.00000000,119583514
2026-06-12,100000,2027-10-01,828.47223371,0.00000000,124138520
2026-06-12,100000,2028-01-01,799.25384428,0.00000000,7723-17-84
2026-06-12,100000,2028-04-01,770.67593351,0.00000000,2835-95-42
2026-06-12,100000,2028-07-01,743.82691033,0.00000000,2984-25-94
2026-06-12,100000,2029-01-01,692.44753467,0.00000000,250146713
2026-06-12,100000,2029-07-01,644.75673944,0.00000000,222222458
2026-06-12,100000,2030-01-01,600.61585972,0.00000000,158256775
2026-06-12,100000,2031-01-01,521.08737999,0.00000000,4961633
2026-06-12,100000,2032-01-01,451.28580977,0.00000000,189062997
2026-06-12,760197,2026-08-15,136.87754769,0.00000000,3585027
2026-06-12,760197,2026-11-15,133.95464280,0.00000000,3859454
2026-06-12,760197,2027-02-15,131.70699170,0.00000000,3065579
2026-06-12,760197,2027-05-15,129.32542439,0.00000000,3859454
2026-06-12,760197,2027-08-15,126.56315605,0.00000000,3065579
2026-06-12,760197,2027-11-15,123.81908616,0.00000000,3848397
2026-06-12,760197,2028-02-15,120.90962025,0.00000000,3065579
2026-06-12,760197,2028-05-15,118.31697967,0.00000000,3848397
2026-06-12,760197,2028-08-15,115.64270503,0.00000000,3065579
2026-06-12,760197,2028-11-15,113.24897286,0.00000000,3848397
2026-06-12,760197,2029-02-15,111.03879484,0.00000000,2743380
2026-06-12,760197,2029-05-15,108.80664487,0.00000000,3848397
2026-06-12,760197,2029-08-15,106.41575681,0.00000000,2743380
2026-06-12,760197,2029-11-15,104.11784537,0.00000000,3687415
2026-06-12,760197,2030-02-15,101.90079446,0.00000000,2743380
2026-06-12,760197,2030-05-15,99.86030092,0.00000000,3687415
2026-06-12,760197,2030-08-15,97.72840575,0.00000000,2743380
2026-06-12,760197,2030-11-15,95.68046783,0.00000000,3687415
2026-06-12,760197,2031-02-15,93.81919416,0.00000000,2360649
2026-06-12,760197,2031-05-15,92.11783288,0.00000000,3687415
2026-06-12,760197,2031-08-15,90.25259614,0.00000000,2360649
2026-06-12,760197,2031-11-15,88.40870155,0.00000000,3677100
2026-06-12,760197,2032-02-15,86.77307451,0.00000000,2360649
2026-06-12,760197,2032-05-15,85.09407649,0.00000000,3677100
2026-06-12,760197,2032-08-15,83.42527197,0.00000000,2360649
2026-06-12,760197,2032-11-15,81.75353975,0.00000000,3677100
2026-06-12,760197,2033-02-15,79.95123969,0.00000000,2145109
2026-06-12,760197,2033-05-15,78.39074703,0.00000000,3677100
2026-06-12,760197,2033-08-15,76.86930263,0.00000000,2145109
2026-06-12,760197,2033-11-15,75.43769418,0.00000000,3608353
2026-06-12,760197,2034-02-15,74.01906976,0.00000000,2145109
2026-06-12,760197,2034-05-15,72.79424095,0.00000000,3608353
2026-06-12,760197,2034-08-15,71.45669682,0.00000000,2145109
2026-06-12,760197,2034-11-15,70.18436604,0.00000000,3608353
2026-06-12,760197,2035-02-15,68.98373419,0.00000000,2145109
2026-06-12,760197,2035-05-15,67.76320384,0.00000000,3608353
2026-06-12,760197,2035-08-15,66.47506703,0.00000000,2145109
2026-06-12,760197,2035-11-15,65.25596438,0.00000000,1995437
2026-06-12,760197,2036-02-15,64.08194037,0.00000000,2145109
2026-06-12,760197,2036-05-15,62.98614393,0.00000000,1995437
2026-06-12,760197,2036-08-15,61.80047212,0.00000000,2145109
2026-06-12,760197,2036-11-15,60.61680320,0.00000000,1995437
2026-06-12,760197,2037-02-15,59.52076132,0.00000000,2145109
2026-06-12,760197,2037-05-15,58.48970803,0.00000000,1995437
2026-06-12,760197,2037-08-15,57.37174469,0.00000000,2145109
2026-06-12,760197,2037-11-15,56.32784780,0.00000000,1944194
2026-06-12,760197,2038-02-15,55.30515453,0.00000000,2145109
2026-06-12,760197,2038-05-15,54.31896192,0.00000000,1944194
2026-06-12,760197,2038-08-15,53.30487188,0.00000000,2145109
2026-06-12,760197,2038-11-15,52.34189619,0.00000000,1944194
2026-06-12,760197,2039-02-15,51.35211535,0.00000000,2145109
2026-06-12,760197,2039-05-15,50.45581213,0.00000000,1944194
2026-06-12,760197,2039-08-15,49.51743505,0.00000000,2145109
2026-06-12,760197,2039-11-15,48.61089262,0.00000000,1944194
2026-06-12,760197,2040-02-15,47.72074571,0.00000000,2145109
2026-06-12,760197,2040-05-15,46.86013056,0.00000000,1944194
2026-06-12,760197,2040-08-15,45.97364431,0.00000000,2145109
2026-06-12,760197,2040-11-15,45.13076194,0.00000000,1944194
2026-06-12,760197,2041-02-15,44.31795448,0.00000000,1813042
2026-06-12,760197,2041-05-15,43.55944003,0.00000000,1944194
2026-06-12,760197,2041-08-15,42.74021776,0.00000000,1813042
2026-06-12,760197,2041-11-15,41.92551744,0.00000000,1944194
2026-06-12,760197,2042-02-15,41.17545739,0.00000000,1813042
2026-06-12,760197,2042-05-15,40.48679987,0.00000000,1944194
2026-06-12,760197,2042-08-15,39.72955540,0.00000000,1813042
2026-06-12,760197,2042-11-15,38.97591787,0.00000000,1944194
2026-06-12,760197,2043-02-15,38.30374234,0.00000000,1813042
2026-06-12,760197,2043-05-15,37.63264191,0.00000000,1944194
2026-06-12,760197,2043-08-15,36.93076567,0.00000000,1813042
2026-06-12,760197,2043-11-15,36.27363136,0.00000000,1944194
2026-06-12,760197,2044-02-15,35.62819626,0.00000000,1813042
2026-06-12,760197,2044-05-15,35.00425687,0.00000000,1944194
2026-06-12,760197,2044-08-15,34.36110274,0.00000000,1813042
2026-06-12,760197,2044-11-15,33.73912840,0.00000000,1944194
2026-06-12,760197,2045-02-15,33.10862992,0.00000000,1813042
2026-06-12,760197,2045-05-15,32.55536732,0.00000000,1944194
2026-06-12,760197,2045-08-15,31.94606960,0.00000000,1813042
2026-06-12,760197,2045-11-15,31.36662342,0.00000000,127551
2026-06-12,760197,2046-02-15,30.82471977,0.00000000,1813042
2026-06-12,760197,2046-05-15,30.28353298,0.00000000,127551
2026-06-12,760197,2046-08-15,29.71745394,0.00000000,1813042
2026-06-12,760197,2046-11-15,29.17900871,0.00000000,127551
2026-06-12,760197,2047-02-15,28.65872452,0.00000000,1813042
2026-06-12,760197,2047-05-15,28.17229416,0.00000000,127551
2026-06-12,760197,2047-08-15,27.64599708,0.00000000,1813042
2026-06-12,760197,2047-11-15,27.12169057,0.00000000,127551
2026-06-12,760197,2048-02-15,26.63822704,0.00000000,1813042
2026-06-12,760197,2048-05-15,26.18614967,0.00000000,127551
2026-06-12,760197,2048-08-15,25.69694303,0.00000000,1813042
2026-06-12,760197,2048-11-15,25.23878487,0.00000000,127551
2026-06-12,760197,2049-02-15,24.78873078,0.00000000,1813042
2026-06-12,760197,2049-05-15,24.35369028,0.00000000,127551
2026-06-12,760197,2049-08-15,23.90536018,0.00000000,1813042
2026-06-12,760197,2049-11-15,23.47880077,0.00000000,127551
2026-06-12,760197,2050-02-15,23.03963856,0.00000000,1813042
2026-06-12,760197,2050-05-15,22.64141828,0.00000000,127551
2026-06-12,760197,2050-08-15,22.22407833,0.00000000,1813042
2026-06-12,760197,2050-11-15,21.82067216,0.00000000,127551
2026-06-12,760197,2051-02-15,21.42453249,0.00000000,1149710
2026-06-12,760197,2051-05-15,21.05386651,0.00000000,127551
2026-06-12,760197,2051-08-15,20.65943046,0.00000000,1149710
2026-06-12,760197,2051-11-15,20.28404271,0.00000000,127551
2026-06-12,760197,2052-02-15,19.92111059,0.00000000,1149710
2026-06-12,760197,2052-05-15,19.57589185,0.00000000,127551
2026-06-12,760197,2052-08-15,19.20842810,0.00000000,1149710
2026-06-12,760197,2052-11-15,18.84210074,0.00000000,127551
2026-06-12,760197,2053-02-15,18.50406974,0.00000000,1149710
2026-06-12,760197,2053-05-15,18.19307902,0.00000000,127551
2026-06-12,760197,2053-08-15,17.85043842,0.00000000,1149710
2026-06-12,760197,2053-11-15,17.50875282,0.00000000,127551
2026-06-12,760197,2054-02-15,17.20345644,0.00000000,1149710
2026-06-12,760197,2054-05-15,16.89816310,0.00000000,127551
2026-06-12,760197,2054-08-15,16.57838207,0.00000000,1149710
2026-06-12,760197,2054-11-15,16.27856660,0.00000000,127551
2026-06-12,760197,2055-02-15,15.98372769,0.00000000,1149710
2026-06-12,760197,2055-05-15,15.69840148,0.00000000,127551
2026-06-12,760197,2055-08-15,15.40400186,0.00000000,1149710
2026-06-12,760197,2056-02-15,14.83887930,0.00000000,1149710
2026-06-12,760197,2056-08-15,14.29671184,0.00000000,1149710
2026-06-12,760197,2057-02-15,13.77236480,0.00000000,1149710
2026-06-12,760197,2057-08-15,13.26927635,0.00000000,1149710
2026-06-12,760197,2058-02-15,12.77880589,0.00000000,1149710
2026-06-12,760197,2058-08-15,12.30830011,0.00000000,1149710
2026-06-12,760197,2059-02-15,11.84607602,0.00000000,1149710
2026-06-12,760197,2059-08-15,11.40285318,0.00000000,1149710
2026-06-12,760197,2060-02-15,10.96434126,0.00000000,1149710
2026-06-12,760197,2060-08-15,10.55064649,0.00000000,1149710
2026-06-12,760198,2026-08-15,4630.02746019,0.00000000,3011217
2026-06-12,760198,2027-05-15,4374.56892194,0.00000000,11057
2026-06-12,760198,2028-08-15,3911.73650402,0.00000000,322199
2026-06-12,760198,2029-05-15,3680.49955673,0.00000000,6934350
2026-06-12,760198,2030-08-15,3305.76643063,0.00000000,382731
2026-06-12,760198,2031-05-15,3115.98288423,0.00000000,10315
2026-06-12,760198,2032-08-15,2821.94784057,0.00000000,2318848
2026-06-12,760198,2033-05-15,2651.64972277,0.00000000,68747
2026-06-12,760198,2035-05-15,2292.16186200,0.00000000,8553595
2026-06-12,760198,2037-05-15,1978.47608255,0.00000000,51243
2026-06-12,760198,2040-08-15,1555.10702242,0.00000000,4693104
2026-06-12,760198,2045-05-15,1101.21964648,0.00000000,9228595
2026-06-12,760198,2050-08-15,751.75289644,0.00000000,4632061
2026-06-12,760198,2055-05-15,531.01499219,0.00000000,127551
2026-06-12,760198,2060-08-15,356.88674889,0.00000000,1149710
2026-06-12,760199,2026-08-15,4766.90500830,0.00000000,5056-63-84
2026-06-12,760199,2027-05-15,4638.62451886,0.00000000,3313-87-63
2026-06-12,760199,2028-08-15,4543.44717340,0.00000000,4770-28-48
2026-06-12,760199,2029-05-15,4408.44568921,0.00000000,1638-58-48
2026-06-12,760199,2030-08-15,4355.33903311,0.00000000,4964-26-29
2026-06-12,760199,2031-05-15,4237.81129694,0.00000000,4892338
2026-06-12,760199,2032-08-15,4232.17469857,0.00000000,2355-27-55
2026-06-12,760199,2033-05-15,4111.45004683,0.00000000,1941-36-54
2026-06-12,760199,2035-05-15,4051.29823858,0.00000000,5620-72-01
2026-06-12,760199,2037-05-15,3996.17129821,0.00000000,5316769
2026-06-12,760199,2040-08-15,3989.35561579,0.00000000,3208-89-13
2026-06-12,760199,2045-05-15,3852.29328903,0.00000000,4054-24-02
2026-06-12,760199,2050-08-15,3871.93335473,0.00000000,4745-81-86
2026-06-12,760199,2055-05-15,3770.78949109,0.00000000,3165-29-79
2026-06-12,760199,2060-08-15,3798.86155081,0.00000000,2409-87-73
2026-06-12,770100,2031-01-01,7898.22429119,0.00000000,1104-09-15
2026-06-12,950197,2026-07-01,48.43229298,0.00000000,3405643
2026-06-12,950197,2027-01-01,45.11826189,0.00000000,3405643
2026-06-12,950197,2027-07-01,41.99529383,0.00000000,3405643
2026-06-12,950197,2028-01-01,39.01066100,0.00000000,3405643
2026-06-12,950197,2028-07-01,36.30533609,0.00000000,3405643
2026-06-12,950197,2029-01-01,33.79756785,0.00000000,3405643
2026-06-12,950197,2029-07-01,31.46983498,0.00000000,2973373
2026-06-12,950197,2030-01-01,29.31536940,0.00000000,2973373
2026-06-12,950197,2030-07-01,27.34669375,0.00000000,2973373
2026-06-12,950197,2031-01-01,25.43367577,0.00000000,2973373
2026-06-12,950197,2031-07-01,23.74135830,0.00000000,2836716
2026-06-12,950197,2032-01-01,22.02674140,0.00000000,2836716
2026-06-12,950197,2032-07-01,20.50909649,0.00000000,2836716
2026-06-12,950197,2033-01-01,19.09337868,0.00000000,2836716
2026-06-12,950197,2033-07-01,17.77754966,0.00000000,2543792
2026-06-12,950197,2034-01-01,16.55998101,0.00000000,2543792
2026-06-12,950197,2034-07-01,15.41817111,0.00000000,2543792
2026-06-12,950197,2035-01-01,14.38023690,0.00000000,2543792
2026-06-12,950197,2035-07-01,13.38768419,0.00000000,442002
2026-06-12,950197,2036-01-01,12.49634179,0.00000000,442002
2026-06-12,950197,2036-07-01,11.64037027,0.00000000,442002
2026-06-12,950197,2037-01-01,10.79336262,0.00000000,442002
2026-06-12,950198,2029-01-01,692.44753467,0.00000000,432270
2026-06-12,950198,2031-01-01,521.08737999,0.00000000,136657
2026-06-12,950198,2033-01-01,391.18681704,0.00000000,292924
2026-06-12,950198,2035-01-01,294.62355504,0.00000000,2101790
2026-06-12,950198,2037-01-01,221.13536000,0.00000000,442002
2026-06-12,950199,2027-01-01,1017.93719873,0.00000000,121408075
2026-06-12,950199,2029-01-01,937.06375212,0.00000000,119099492
2026-06-12,950199,2031-01-01,879.10515771,0.00000000,207062046
2026-06-12,950199,2033-01-01,834.24555459,0.00000000,9675-88-00
2026-06-12,950199,2035-01-01,801.31830914,0.00000000,117024210
2026-06-12,950199,2037-01-01,775.46719515,0.00000000,3964-91-66
2026-06-13,210100,2026-09-01,19198.21359194,0.00000000,9622070
2026-06-13,210100,2027-03-01,19189.72051127,0.00000000,2917-69-66
2026-06-13,210100,2027-09-01,19180.35467741,0.00000000,2845-29-97
2026-06-13,210100,2028-03-01,19169.27708646,0.00000000,1739-25-43
2026-06-13,210100,2028-09-01,19154.68169159,0.00000000,2035-44-27
2026-06-13,210100,2029-03-01,19137.71398211,0.00000000,1870-20-88
2026-06-13,210100,2029-09-01,19119.60837661,0.00000000,1696-96-86
2026-06-13,210100,2030-03-01,19101.86623456,0.00000000,1402-90-41
2026-06-13,210100,2030-06-01,19092.66547224,0.00000000,1039-95-64
2026-06-13,210100,2030-09-01,19082.04753097,0.00000000,1141-64-73
2026-06-13,210100,2030-12-01,19074.83769706,0.00000000,7592691
2026-06-13,210100,2031-03-01,19063.74696177,0.00000000,1227-23-87
2026-06-13,210100,2031-06-01,19052.85992867,0.00000000,9942990
2026-06-13,210100,2031-09-01,19042.84755199,0.00000000,8487474
2026-06-13,210100,2031-12-01,19022.69486133,0.00000000,6974714
2026-06-13,210100,2032-03-01,19010.76789701,0.00000000,9221040
2026-06-13,210100,2032-06-01,18989.35813104,0.00000000,1250-48-56
2026-06-13,100000,2026-07-01,992.86449813,0.00000000,225969800
2026-06-13,100000,2026-10-01,958.07087561,0.00000000,149459619
2026-06-13,100000,2027-01-01,925.61802941,0.00000000,6125058
2026-06-13,100000,2027-04-01,894.62315833,0.00000000,132909674
2026-06-13,100000,2027-07-01,863.11801013,0.00000000,119630263
2026-06-13,100000,2027-10-01,832.08682316,0.00000000,124138520
2026-06-13,100000,2028-01-01,803.64907025,0.00000000,7728-93-17
2026-06-13,100000,2028-04-01,775.83073167,0.00000000,2835-95-42
2026-06-13,100000,2028-07-01,749.68095755,0.00000000,2984-25-94
2026-06-13,100000,2029-01-01,699.19555466,0.00000000,250307087
2026-06-13,100000,2029-07-01,652.36496110,0.00000000,222222458
2026-06-13,100000,2030-01-01,608.44378557,0.00000000,158256775
2026-06-13,100000,2031-01-01,529.21911393,0.00000000,4958808
2026-06-13,100000,2032-01-01,459.29057918,0.00000000,189198287
2026-06-13,760197,2026-08-15,137.10625055,0.00000000,3587318
2026-06-13,760197,2026-11-15,134.22280037,0.00000000,3859507
2026-06-13,760197,2027-02-15,131.92122239,0.00000000,3067870
2026-06-13,760197,2027-05-15,129.50998211,0.00000000,3859507
2026-06-13,760197,2027-08-15,126.79873901,0.00000000,3067870
2026-06-13,760197,2027-11-15,124.11712509,0.00000000,3848450
2026-06-13,760197,2028-02-15,121.28388056,0.00000000,3067870
2026-06-13,760197,2028-05-15,118.76557698,0.00000000,3848450
2026-06-13,760197,2028-08-15,116.17252363,0.00000000,3067870
2026-06-13,760197,2028-11-15,113.86783176,0.00000000,3848450
2026-06-13,760197,2029-02-15,111.75211849,0.00000000,2745671
2026-06-13,760197,2029-05-15,109.59765822,0.00000000,3848450
2026-06-13,760197,2029-08-15,107.26381678,0.00000000,2745671
2026-06-13,760197,2029-11-15,105.01342693,0.00000000,3687415
2026-06-13,760197,2030-02-15,102.83562525,0.00000000,2745671
2026-06-13,760197,2030-05-15,100.82583871,0.00000000,3687415
2026-06-13,760197,2030-08-15,98.72093346,0.00000000,2745671
2026-06-13,760197,2030-11-15,96.71164440,0.00000000,3687415
2026-06-13,760197,2031-02-15,94.89386383,0.00000000,2362053
2026-06-13,760197,2031-05-15,93.21184340,0.00000000,3687415
2026-06-13,760197,2031-08-15,91.33191261,0.00000000,2362053
2026-06-13,760197,2031-11-15,89.45403884,0.00000000,3677100
2026-06-13,760197,2032-02-15,87.78480513,0.00000000,2362053
2026-06-13,760197,2032-05-15,86.08343351,0.00000000,3677100
2026-06-13,760197,2032-08-15,84.42315035,0.00000000,2362053
2026-06-13,760197,2032-11-15,82.89556374,0.00000000,3677100
2026-06-13,760197,2033-02-15,81.35440260,0.00000000,2145109
2026-06-13,760197,2033-05-15,79.94251315,0.00000000,3677100
2026-06-13,760197,2033-08-15,78.44503608,0.00000000,2145109
2026-06-13,760197,2033-11-15,77.00733764,0.00000000,3608353
2026-06-13,760197,2034-02-15,75.56078129,0.00000000,2145109
2026-06-13,760197,2034-05-15,74.30070519,0.00000000,3608353
2026-06-13,760197,2034-08-15,72.92202890,0.00000000,2145109
2026-06-13,760197,2034-11-15,71.61864725,0.00000000,3608353
2026-06-13,760197,2035-02-15,70.40661632,0.00000000,2145109
2026-06-13,760197,2035-05-15,69.20291463,0.00000000,3608353
2026-06-13,760197,2035-08-15,67.95148729,0.00000000,2145109
2026-06-13,760197,2035-11-15,66.76859953,0.00000000,1995437
2026-06-13,760197,2036-02-15,65.63225405,0.00000000,2145109
2026-06-13,760197,2036-05-15,64.57549889,0.00000000,1995437
2026-06-13,760197,2036-08-15,63.43795933,0.00000000,2145109
2026-06-13,760197,2036-11-15,62.31035086,0.00000000,1995437
2026-06-13,760197,2037-02-15,61.27516400,0.00000000,2145109
2026-06-13,760197,2037-05-15,60.31078531,0.00000000,1995437
2026-06-13,760197,2037-08-15,59.25684075,0.00000000,2145109
2026-06-13,760197,2037-11-15,58.24863499,0.00000000,1944194
2026-06-13,760197,2038-02-15,57.23972362,0.00000000,2145109
2026-06-13,760197,2038-05-15,56.24857487,0.00000000,1944194
2026-06-13,760197,2038-08-15,55.21274609,0.00000000,2145109
2026-06-13,760197,2038-11-15,54.21577699,0.00000000,1944194
2026-06-13,760197,2039-02-15,53.18023378,0.00000000,2145109
2026-06-13,760197,2039-05-15,52.23568627,0.00000000,1944194
2026-06-13,760197,2039-08-15,51.24294391,0.00000000,2145109
2026-06-13,760197,2039-11-15,50.28340671,0.00000000,1944194
2026-06-13,760197,2040-02-15,49.34425712,0.00000000,2145109
2026-06-13,760197,2040-05-15,48.44265906,0.00000000,1944194
2026-06-13,760197,2040-08-15,47.52449882,0.00000000,2145109
2026-06-13,760197,2040-11-15,46.65767415,0.00000000,1944194
2026-06-13,760197,2041-02-15,45.82131368,0.00000000,1813042
2026-06-13,760197,2041-05-15,45.04046970,0.00000000,1944194
2026-06-13,760197,2041-08-15,44.19682533,0.00000000,1813042
2026-06-13,760197,2041-11-15,43.35760727,0.00000000,1944194
2026-06-13,760197,2042-02-15,42.58485291,0.00000000,1813042
2026-06-13,760197,2042-05-15,41.87532703,0.00000000,1944194
2026-06-13,760197,2042-08-15,41.09518399,0.00000000,1813042
2026-06-13,760197,2042-11-15,40.31890137,0.00000000,1944194
2026-06-13,760197,2043-02-15,39.62673530,0.00000000,1813042
2026-06-13,760197,2043-05-15,38.93595387,0.00000000,1944194
2026-06-13,760197,2043-08-15,38.21388392,0.00000000,1813042
2026-06-13,760197,2043-11-15,37.53829608,0.00000000,1944194
2026-06-13,760197,2044-02-15,36.87525328,0.00000000,1813042
2026-06-13,760197,2044-05-15,36.23486750,0.00000000,1944194
2026-06-13,760197,2044-08-15,35.57544688,0.00000000,1813042
2026-06-13,760197,2044-11-15,34.93850009,0.00000000,1944194
2026-06-13,760197,2045-02-15,34.29368653,0.00000000,1813042
2026-06-13,760197,2045-05-15,33.72866207,0.00000000,1944194
2026-06-13,760197,2045-08-15,33.10697029,0.00000000,1813042
2026-06-13,760197,2045-11-15,32.51597560,0.00000000,127551
2026-06-13,760197,2046-02-15,31.96350767,0.00000000,1813042
2026-06-13,760197,2046-05-15,31.41202331,0.00000000,127551
2026-06-13,760197,2046-08-15,30.83547124,0.00000000,1813042
2026-06-13,760197,2046-11-15,30.28737496,0.00000000,127551
2026-06-13,760197,2047-02-15,29.75807965,0.00000000,1813042
2026-06-13,760197,2047-05-15,29.26352764,0.00000000,127551
2026-06-13,760197,2047-08-15,28.72879992,0.00000000,1813042
2026-06-13,760197,2047-11-15,28.19649222,0.00000000,127551
2026-06-13,760197,2048-02-15,27.70602921,0.00000000,1813042
2026-06-13,760197,2048-05-15,27.24775837,0.00000000,127551
2026-06-13,760197,2048-08-15,26.75225813,0.00000000,1813042
2026-06-13,760197,2048-11-15,26.28861570,0.00000000,127551
2026-06-13,760197,2049-02-15,25.83358474,0.00000000,1813042
2026-06-13,760197,2049-05-15,25.39414301,0.00000000,127551
2026-06-13,760197,2049-08-15,24.94172302,0.00000000,1813042
2026-06-13,760197,2049-11-15,24.51171604,0.00000000,127551
2026-06-13,760197,2050-02-15,24.06948157,0.00000000,1813042
2026-06-13,760197,2050-05-15,23.66891609,0.00000000,127551
2026-06-13,760197,2050-08-15,23.24959139,0.00000000,1813042
2026-06-13,760197,2050-11-15,22.84500079,0.00000000,127551
2026-06-13,760197,2051-02-15,22.44863545,0.00000000,1149710
2026-06-13,760197,2051-05-15,22.07856932,0.00000000,127551
2026-06-13,760197,2051-08-15,21.68559654,0.00000000,1149710
2026-06-13,760197,2051-11-15,21.31235299,0.00000000,127551
2026-06-13,760197,2052-02-15,20.95215135,0.00000000,1149710
2026-06-13,760197,2052-05-15,20.61009121,0.00000000,127551
2026-06-13,760197,2052-08-15,20.24654576,0.00000000,1149710
2026-06-13,760197,2052-11-15,19.88464403,0.00000000,127551
2026-06-13,760197,2053-02-15,19.55110719,0.00000000,1149710
2026-06-13,760197,2053-05-15,19.24455529,0.00000000,127551
2026-06-13,760197,2053-08-15,18.90709108,0.00000000,1149710
2026-06-13,760197,2053-11-15,18.57080690,0.00000000,127551
2026-06-13,760197,2054-02-15,18.27048535,0.00000000,1149710
2026-06-13,760197,2054-05-15,17.97025437,0.00000000,127551
2026-06-13,760197,2054-08-15,17.65581023,0.00000000,1149710
2026-06-13,760197,2054-11-15,17.36097110,0.00000000,127551
2026-06-13,760197,2055-02-15,17.07094077,0.00000000,1149710
2026-06-13,760197,2055-05-15,16.79012983,0.00000000,127551
2026-06-13,760197,2055-08-15,16.49902426,0.00000000,1149710
2026-06-13,760197,2056-02-15,15.93326683,0.00000000,1149710
2026-06-13,760197,2056-08-15,15.38232127,0.00000000,1149710
2026-06-13,760197,2057-02-15,14.84243797,0.00000000,1149710
2026-06-13,760197,2057-08-15,14.31853436,0.00000000,1149710
2026-06-13,760197,2058-02-15,13.80285250,0.00000000,1149710
2026-06-13,760197,2058-08-15,13.30427851,0.00000000,1149710
2026-06-13,760197,2059-02-15,12.81150380,0.00000000,1149710
2026-06-13,760197,2059-08-15,12.33696072,0.00000000,1149710
2026-06-13,760197,2060-02-15,11.86630371,0.00000000,1149710
2026-06-13,760197,2060-08-15,11.42201204,0.00000000,1149710
2026-06-13,760198,2026-08-15,4637.76357595,0.00000000,3006799
2026-06-13,760198,2027-05-15,4380.81178176,0.00000000,11057
2026-06-13,760198,2028-08-15,3929.65817716,0.00000000,322199
2026-06-13,760198,2029-05-15,3707.25641792,0.00000000,6930699
2026-06-13,760198,2030-08-15,3339.33972763,0.00000000,383618
2026-06-13,760198,2031-05-15,3152.98894418,0.00000000,10315
2026-06-13,760198,2032-08-15,2855.70212959,0.00000000,2414060
2026-06-13,760198,2033-05-15,2704.13984886,0.00000000,68747
2026-06-13,760198,2035-05-15,2340.86159834,0.00000000,8550651
2026-06-13,760198,2037-05-15,2040.07594265,0.00000000,51243
2026-06-13,760198,2040-08-15,1607.56631235,0.00000000,4716993
2026-06-13,760198,2045-05-15,1140.90757929,0.00000000,9226782
2026-06-13,760198,2050-08-15,786.44195766,0.00000000,4664591
2026-06-13,760198,2055-05-15,567.94385543,0.00000000,127551
2026-06-13,760198,2060-08-15,386.36160797,0.00000000,1149710
2026-06-13,760199,2026-08-15,4774.86982693,0.00000000,5056-58-63
2026-06-13,760199,2027-05-15,4645.18363656,0.00000000,3313-87-63
2026-06-13,760199,2028-08-15,4563.05659313,0.00000000,4770-28-48
2026-06-13,760199,2029-05-15,4438.31993608,0.00000000,1643-08-00
2026-06-13,760199,2030-08-15,4394.42523403,0.00000000,4964-16-03
2026-06-13,760199,2031-05-15,4281.90906110,0.00000000,4923809
2026-06-13,760199,2032-08-15,4274.22964765,0.00000000,2355-10-62
2026-06-13,760199,2033-05-15,4178.25846859,0.00000000,1941-36-54
2026-06-13,760199,2035-05-15,4117.79948415,0.00000000,5620-66-49
2026-06-13,760199,2037-05-15,4086.34138515,0.00000000,5322213
2026-06-13,760199,2040-08-15,4076.19075121,0.00000000,3208-86-37
2026-06-13,760199,2045-05-15,3931.61374616,0.00000000,4060-52-86
2026-06-13,760199,2050-08-15,3958.34034444,0.00000000,4745-81-82
2026-06-13,760199,2055-05-15,3883.77689726,0.00000000,3165-28-28
2026-06-13,760199,2060-08-15,3914.62416120,0.00000000,2410-10-97
2026-06-13,770100,2031-01-01,7913.64878652,0.00000000,1104-09-15
2026-06-13,950197,2026-07-01,48.46057436,0.00000000,3457860
2026-06-13,950197,2027-01-01,45.17835155,0.00000000,3457860
2026-06-13,950197,2027-07-01,42.12779749,0.00000000,3457860
2026-06-13,950197,2028-01-01,39.22518692,0.00000000,3457860
2026-06-13,950197,2028-07-01,36.59106540,0.00000000,3457860
2026-06-13,950197,2029-01-01,34.12693095,0.00000000,3457860
2026-06-13,950197,2029-07-01,31.84118353,0.00000000,3025590
2026-06-13,950197,2030-01-01,29.69744146,0.00000000,3025590
2026-06-13,950197,2030-07-01,27.73137298,0.00000000,3025590
2026-06-13,950197,2031-01-01,25.83057635,0.00000000,3025590
2026-06-13,950197,2031-07-01,24.13465666,0.00000000,2881493
2026-06-13,950197,2032-01-01,22.41744499,0.00000000,2881493
2026-06-13,950197,2032-07-01,20.90450579,0.00000000,2881493
2026-06-13,950197,2033-01-01,19.46995535,0.00000000,2881493
2026-06-13,950197,2033-07-01,18.15409012,0.00000000,2583048
2026-06-13,950197,2034-01-01,16.90794825,0.00000000,2583048
2026-06-13,950197,2034-07-01,15.76296722,0.00000000,2583048
2026-06-13,950197,2035-01-01,14.72132364,0.00000000,2583048
2026-06-13,950197,2035-07-01,13.72335266,0.00000000,442002
2026-06-13,950197,2036-01-01,12.80042025,0.00000000,442002
2026-06-13,950197,2036-07-01,11.93799757,0.00000000,442002
2026-06-13,950197,2037-01-01,11.07837825,0.00000000,442002
2026-06-13,950198,2029-01-01,699.19555466,0.00000000,432270
2026-06-13,950198,2031-01-01,529.21911393,0.00000000,144097
2026-06-13,950198,2033-01-01,398.90215292,0.00000000,298445
2026-06-13,950198,2035-01-01,301.61177007,0.00000000,2141046
2026-06-13,950198,2037-01-01,226.97478524,0.00000000,442002
2026-06-13,950199,2027-01-01,1019.25671549,0.00000000,121408046
2026-06-13,950199,2029-01-01,944.86346728,0.00000000,119363364
2026-06-13,950199,2031-01-01,889.82201801,0.00000000,207054301
2026-06-13,950199,2033-01-01,846.09228583,0.00000000,9675-31-06
2026-06-13,950199,2035-01-01,813.83074213,0.00000000,116981461
2026-06-13,950199,2037-01-01,788.02358729,0.00000000,3991-17-63
2026-06-15,210100,2026-09-01,19198.21359194,0.00000000,9622070
2026-06-15,210100,2027-03-01,19189.72051127,0.00000000,2917-69-66
2026-06-15,210100,2027-09-01,19180.35467741,0.00000000,2845-29-97
2026-06-15,210100,2028-03-01,19169.27708646,0.00000000,1739-25-43
2026-06-15,210100,2028-09-01,19154.68169159,0.00000000,2035-44-27
2026-06-15,210100,2029-03-01,19137.71398211,0.00000000,1870-20-88
2026-06-15,210100,2029-09-01,19119.60837661,0.00000000,1696-96-86
2026-06-15,210100,2030-03-01,19101.86623456,0.00000000,1402-90-41
2026-06-15,210100,2030-06-01,19092.66547224,0.00000000,1039-95-64
2026-06-15,210100,2030-09-01,19082.04753097,0.00000000,1141-64-73
2026-06-15,210100,2030-12-01,19074.83769706,0.00000000,7592691
2026-06-15,210100,2031-03-01,19063.74696177,0.00000000,1227-23-87
2026-06-15,210100,2031-06-01,19052.85992867,0.00000000,9942990
2026-06-15,210100,2031-09-01,19042.84755199,0.00000000,8487474
2026-06-15,210100,2031-12-01,19022.69486133,0.00000000,6974714
2026-06-15,210100,2032-03-01,19010.76789701,0.00000000,9221040
2026-06-15,210100,2032-06-01,18989.35813104,0.00000000,1250-48-56
2026-06-15,100000,2026-07-01,992.86449813,0.00000000,225969800
2026-06-15,100000,2026-10-01,958.07087561,0.00000000,149459619
2026-06-15,100000,2027-01-01,925.61802941,0.00000000,6125058
2026-06-15,100000,2027-04-01,894.62315833,0.00000000,132909674
2026-06-15,100000,2027-07-01,863.11801013,0.00000000,119630263
2026-06-15,100000,2027-10-01,832.08682316,0.00000000,124138520
2026-06-15,100000,2028-01-01,803.64907025,0.00000000,7728-93-17
2026-06-15,100000,2028-04-01,775.83073167,0.00000000,2835-95-42
2026-06-15,100000,2028-07-01,749.68095755,0.00000000,2984-25-94
2026-06-15,100000,2029-01-01,699.19555466,0.00000000,250307087
2026-06-15,100000,2029-07-01,652.36496110,0.00000000,222222458
2026-06-15,100000,2030-01-01,608.44378557,0.00000000,158256775
2026-06-15,100000,2031-01-01,529.21911393,0.00000000,4958808
2026-06-15,100000,2032-01-01,459.29057918,0.00000000,189198287
2026-06-15,760197,2026-08-15,137.10625055,0.00000000,3587318
2026-06-15,760197,2026-11-15,134.22280037,0.00000000,3859507
2026-06-15,760197,2027-02-15,131.92122239,0.00000000,3067870
2026-06-15,760197,2027-05-15,129.50998211,0.00000000,3859507
2026-06-15,760197,2027-08-15,126.79873901,0.00000000,3067870
2026-06-15,760197,2027-11-15,124.11712509,0.00000000,3848450
2026-06-15,760197,2028-02-15,121.28388056,0.00000000,3067870
2026-06-15,760197,2028-05-15,118.76557698,0.00000000,3848450
2026-06-15,760197,2028-08-15,116.17252363,0.00000000,3067870
2026-06-15,760197,2028-11-15,113.86783176,0.00000000,3848450
2026-06-15,760197,2029-02-15,111.75211849,0.00000000,2745671
2026-06-15,760197,2029-05-15,109.59765822,0.00000000,3848450
2026-06-15,760197,2029-08-15,107.26381678,0.00000000,2745671
2026-06-15,760197,2029-11-15,105.01342693,0.00000000,3687415
2026-06-15,760197,2030-02-15,102.83562525,0.00000000,2745671
2026-06-15,760197,2030-05-15,100.82583871,0.00000000,3687415
2026-06-15,760197,2030-08-15,98.72093346,0.00000000,2745671
2026-06-15,760197,2030-11-15,96.71164440,0.00000000,3687415
2026-06-15,760197,2031-02-15,94.89386383,0.00000000,2362053
2026-06-15,760197,2031-05-15,93.21184340,0.00000000,3687415
2026-06-15,760197,2031-08-15,91.33191261,0.00000000,2362053
2026-06-15,760197,2031-11-15,89.45403884,0.00000000,3677100
2026-06-15,760197,2032-02-15,87.78480513,0.00000000,2362053
2026-06-15,760197,2032-05-15,86.08343351,0.00000000,3677100
2026-06-15,760197,2032-08-15,84.42315035,0.00000000,2362053
2026-06-15,760197,2032-11-15,82.89556374,0.00000000,3677100
2026-06-15,760197,2033-02-15,81.35440260,0.00000000,2145109
2026-06-15,760197,2033-05-15,79.94251315,0.00000000,3677100
2026-06-15,760197,2033-08-15,78.44503608,0.00000000,2145109
2026-06-15,760197,2033-11-15,77.00733764,0.00000000,3608353
2026-06-15,760197,2034-02-15,75.56078129,0.00000000,2145109
2026-06-15,760197,2034-05-15,74.30070519,0.00000000,3608353
2026-06-15,760197,2034-08-15,72.92202890,0.00000000,2145109
2026-06-15,760197,2034-11-15,71.61864725,0.00000000,3608353
2026-06-15,760197,2035-02-15,70.40661632,0.00000000,2145109
2026-06-15,760197,2035-05-15,69.20291463,0.00000000,3608353
2026-06-15,760197,2035-08-15,67.95148729,0.00000000,2145109
2026-06-15,760197,2035-11-15,66.76859953,0.00000000,1995437
2026-06-15,760197,2036-02-15,65.63225405,0.00000000,2145109
2026-06-15,760197,2036-05-15,64.57549889,0.00000000,1995437
2026-06-15,760197,2036-08-15,63.43795933,0.00000000,2145109
2026-06-15,760197,2036-11-15,62.31035086,0.00000000,1995437
2026-06-15,760197,2037-02-15,61.27516400,0.00000000,2145109
2026-06-15,760197,2037-05-15,60.31078531,0.00000000,1995437
2026-06-15,760197,2037-08-15,59.25684075,0.00000000,2145109
2026-06-15,760197,2037-11-15,58.24863499,0.00000000,1944194
2026-06-15,760197,2038-02-15,57.23972362,0.00000000,2145109
2026-06-15,760197,2038-05-15,56.24857487,0.00000000,1944194
2026-06-15,760197,2038-08-15,55.21274609,0.00000000,2145109
2026-06-15,760197,2038-11-15,54.21577699,0.00000000,1944194
2026-06-15,760197,2039-02-15,53.18023378,0.00000000,2145109
2026-06-15,760197,2039-05-15,52.23568627,0.00000000,1944194
2026-06-15,760197,2039-08-15,51.24294391,0.00000000,2145109
2026-06-15,760197,2039-11-15,50.28340671,0.00000000,1944194
2026-06-15,760197,2040-02-15,49.34425712,0.00000000,2145109
2026-06-15,760197,2040-05-15,48.44265906,0.00000000,1944194
2026-06-15,760197,2040-08-15,47.52449882,0.00000000,2145109
2026-06-15,760197,2040-11-15,46.65767415,0.00000000,1944194
2026-06-15,760197,2041-02-15,45.82131368,0.00000000,1813042
2026-06-15,760197,2041-05-15,45.04046970,0.00000000,1944194
2026-06-15,760197,2041-08-15,44.19682533,0.00000000,1813042
2026-06-15,760197,2041-11-15,43.35760727,0.00000000,1944194
2026-06-15,760197,2042-02-15,42.58485291,0.00000000,1813042
2026-06-15,760197,2042-05-15,41.87532703,0.00000000,1944194
2026-06-15,760197,2042-08-15,41.09518399,0.00000000,1813042
2026-06-15,760197,2042-11-15,40.31890137,0.00000000,1944194
2026-06-15,760197,2043-02-15,39.62673530,0.00000000,1813042
2026-06-15,760197,2043-05-15,38.93595387,0.00000000,1944194
2026-06-15,760197,2043-08-15,38.21388392,0.00000000,1813042
2026-06-15,760197,2043-11-15,37.53829608,0.00000000,1944194
2026-06-15,760197,2044-02-15,36.87525328,0.00000000,1813042
2026-06-15,760197,2044-05-15,36.23486750,0.00000000,1944194
2026-06-15,760197,2044-08-15,35.57544688,0.00000000,1813042
2026-06-15,760197,2044-11-15,34.93850009,0.00000000,1944194
2026-06-15,760197,2045-02-15,34.29368653,0.00000000,1813042
2026-06-15,760197,2045-05-15,33.72866207,0.00000000,1944194
2026-06-15,760197,2045-08-15,33.10697029,0.00000000,1813042
2026-06-15,760197,2045-11-15,32.51597560,0.00000000,127551
2026-06-15,760197,2046-02-15,31.96350767,0.00000000,1813042
2026-06-15,760197,2046-05-15,31.41202331,0.00000000,127551
2026-06-15,760197,2046-08-15,30.83547124,0.00000000,1813042
2026-06-15,760197,2046-11-15,30.28737496,0.00000000,127551
2026-06-15,760197,2047-02-15,29.75807965,0.00000000,1813042
2026-06-15,760197,2047-05-15,29.26352764,0.00000000,127551
2026-06-15,760197,2047-08-15,28.72879992,0.00000000,1813042
2026-06-15,760197,2047-11-15,28.19649222,0.00000000,127551
2026-06-15,760197,2048-02-15,27.70602921,0.00000000,1813042
2026-06-15,760197,2048-05-15,27.24775837,0.00000000,127551
2026-06-15,760197,2048-08-15,26.75225813,0.00000000,1813042
2026-06-15,760197,2048-11-15,26.28861570,0.00000000,127551
2026-06-15,760197,2049-02-15,25.83358474,0.00000000,1813042
2026-06-15,760197,2049-05-15,25.39414301,0.00000000,127551
2026-06-15,760197,2049-08-15,24.94172302,0.00000000,1813042
2026-06-15,760197,2049-11-15,24.51171604,0.00000000,127551
2026-06-15,760197,2050-02-15,24.06948157,0.00000000,1813042
2026-06-15,760197,2050-05-15,23.66891609,0.00000000,127551
2026-06-15,760197,2050-08-15,23.24959139,0.00000000,1813042
2026-06-15,760197,2050-11-15,22.84500079,0.00000000,127551
2026-06-15,760197,2051-02-15,22.44863545,0.00000000,1149710
2026-06-15,760197,2051-05-15,22.07856932,0.00000000,127551
2026-06-15,760197,2051-08-15,21.68559654,0.00000000,1149710
2026-06-15,760197,2051-11-15,21.31235299,0.00000000,127551
2026-06-15,760197,2052-02-15,20.95215135,0.00000000,1149710
2026-06-15,760197,2052-05-15,20.61009121,0.00000000,127551
2026-06-15,760197,2052-08-15,20.24654576,0.00000000,1149710
2026-06-15,760197,2052-11-15,19.88464403,0.00000000,127551
2026-06-15,760197,2053-02-15,19.55110719,0.00000000,1149710
2026-06-15,760197,2053-05-15,19.24455529,0.00000000,127551
2026-06-15,760197,2053-08-15,18.90709108,0.00000000,1149710
2026-06-15,760197,2053-11-15,18.57080690,0.00000000,127551
2026-06-15,760197,2054-02-15,18.27048535,0.00000000,1149710
2026-06-15,760197,2054-05-15,17.97025437,0.00000000,127551
2026-06-15,760197,2054-08-15,17.65581023,0.00000000,1149710
2026-06-15,760197,2054-11-15,17.36097110,0.00000000,127551
2026-06-15,760197,2055-02-15,17.07094077,0.00000000,1149710
2026-06-15,760197,2055-05-15,16.79012983,0.00000000,127551
2026-06-15,760197,2055-08-15,16.49902426,0.00000000,1149710
2026-06-15,760197,2056-02-15,15.93326683,0.00000000,1149710
2026-06-15,760197,2056-08-15,15.38232127,0.00000000,1149710
2026-06-15,760197,2057-02-15,14.84243797,0.00000000,1149710
2026-06-15,760197,2057-08-15,14.31853436,0.00000000,1149710
2026-06-15,760197,2058-02-15,13.80285250,0.00000000,1149710
2026-06-15,760197,2058-08-15,13.30427851,0.00000000,1149710
2026-06-15,760197,2059-02-15,12.81150380,0.00000000,1149710
2026-06-15,760197,2059-08-15,12.33696072,0.00000000,1149710
2026-06-15,760197,2060-02-15,11.86630371,0.00000000,1149710
2026-06-15,760197,2060-08-15,11.42201204,0.00000000,1149710
2026-06-15,760198,2026-08-15,4637.76357595,0.00000000,3006799
2026-06-15,760198,2027-05-15,4380.81178176,0.00000000,11057
2026-06-15,760198,2028-08-15,3929.65817716,0.00000000,322199
2026-06-15,760198,2029-05-15,3707.25641792,0.00000000,6930699
2026-06-15,760198,2030-08-15,3339.33972763,0.00000000,383618
2026-06-15,760198,2031-05-15,3152.98894418,0.00000000,10315
2026-06-15,760198,2032-08-15,2855.70212959,0.00000000,2414060
2026-06-15,760198,2033-05-15,2704.13984886,0.00000000,68747
2026-06-15,760198,2035-05-15,2340.86159834,0.00000000,8550651
2026-06-15,760198,2037-05-15,2040.07594265,0.00000000,51243
2026-06-15,760198,2040-08-15,1607.56631235,0.00000000,4716993
2026-06-15,760198,2045-05-15,1140.90757929,0.00000000,9226782
2026-06-15,760198,2050-08-15,786.44195766,0.00000000,4664591
2026-06-15,760198,2055-05-15,567.94385543,0.00000000,127551
2026-06-15,760198,2060-08-15,386.36160797,0.00000000,1149710
2026-06-15,760199,2026-08-15,4774.86982693,0.00000000,5056-58-63
2026-06-15,760199,2027-05-15,4645.18363656,0.00000000,3313-87-63
2026-06-15,760199,2028-08-15,4563.05659313,0.00000000,4770-28-48
2026-06-15,760199,2029-05-15,4438.31993608,0.00000000,1643-08-00
2026-06-15,760199,2030-08-15,4394.42523403,0.00000000,4964-16-03
2026-06-15,760199,2031-05-15,4281.90906110,0.00000000,4923809
2026-06-15,760199,2032-08-15,4274.22964765,0.00000000,2355-10-62
2026-06-15,760199,2033-05-15,4178.25846859,0.00000000,1941-36-54
2026-06-15,760199,2035-05-15,4117.79948415,0.00000000,5620-66-49
2026-06-15,760199,2037-05-15,4086.34138515,0.00000000,5322213
2026-06-15,760199,2040-08-15,4076.19075121,0.00000000,3208-86-37
2026-06-15,760199,2045-05-15,3931.61374616,0.00000000,4060-52-86
2026-06-15,760199,2050-08-15,3958.34034444,0.00000000,4745-81-82
2026-06-15,760199,2055-05-15,3883.77689726,0.00000000,3165-28-28
2026-06-15,760199,2060-08-15,3914.62416120,0.00000000,2410-10-97
2026-06-15,770100,2031-01-01,7913.64878652,0.00000000,1104-09-15
2026-06-15,950197,2026-07-01,48.46057436,0.00000000,3457860
2026-06-15,950197,2027-01-01,45.17835155,0.00000000,3457860
2026-06-15,950197,2027-07-01,42.12779749,0.00000000,3457860
2026-06-15,950197,2028-01-01,39.22518692,0.00000000,3457860
2026-06-15,950197,2028-07-01,36.59106540,0.00000000,3457860
2026-06-15,950197,2029-01-01,34.12693095,0.00000000,3457860
2026-06-15,950197,2029-07-01,31.84118353,0.00000000,3025590
2026-06-15,950197,2030-01-01,29.69744146,0.00000000,3025590
2026-06-15,950197,2030-07-01,27.73137298,0.00000000,3025590
2026-06-15,950197,2031-01-01,25.83057635,0.00000000,3025590
2026-06-15,950197,2031-07-01,24.13465666,0.00000000,2881493
2026-06-15,950197,2032-01-01,22.41744499,0.00000000,2881493
2026-06-15,950197,2032-07-01,20.90450579,0.00000000,2881493
2026-06-15,950197,2033-01-01,19.46995535,0.00000000,2881493
2026-06-15,950197,2033-07-01,18.15409012,0.00000000,2583048
2026-06-15,950197,2034-01-01,16.90794825,0.00000000,2583048
2026-06-15,950197,2034-07-01,15.76296722,0.00000000,2583048
2026-06-15,950197,2035-01-01,14.72132364,0.00000000,2583048
2026-06-15,950197,2035-07-01,13.72335266,0.00000000,442002
2026-06-15,950197,2036-01-01,12.80042025,0.00000000,442002
2026-06-15,950197,2036-07-01,11.93799757,0.00000000,442002
2026-06-15,950197,2037-01-01,11.07837825,0.00000000,442002
2026-06-15,950198,2029-01-01,699.19555466,0.00000000,432270
2026-06-15,950198,2031-01-01,529.21911393,0.00000000,144097
2026-06-15,950198,2033-01-01,398.90215292,0.00000000,298445
2026-06-15,950198,2035-01-01,301.61177007,0.00000000,2141046
2026-06-15,950198,2037-01-01,226.97478524,0.00000000,442002
2026-06-15,950199,2027-01-01,1019.25671549,0.00000000,121408046
2026-06-15,950199,2029-01-01,944.86346728,0.00000000,119363364
2026-06-15,950199,2031-01-01,889.82201801,0.00000000,207054301
2026-06-15,950199,2033-01-01,846.09228583,0.00000000,9675-31-06
2026-06-15,950199,2035-01-01,813.83074213,0.00000000,116981461
2026-06-15,950199,2037-01-01,788.02358729,0.00000000,3991-17-63
2026-06-16,210100,2026-09-01,19208.61930941,0.00000000,9622070
2026-06-16,210100,2027-03-01,19200.02266058,0.00000000,2917-63-76
2026-06-16,210100,2027-09-01,19190.59724738,0.00000000,2845-29-97
2026-06-16,210100,2028-03-01,19179.42562369,0.00000000,1739-15-64
2026-06-16,210100,2028-09-01,19164.86749326,0.00000000,2035-04-27
2026-06-16,210100,2029-03-01,19148.07936432,0.00000000,1870-13-54
2026-06-16,210100,2029-09-01,19129.79754356,0.00000000,1696-96-86
2026-06-16,210100,2030-03-01,19112.10358965,0.00000000,1402-90-41
2026-06-16,210100,2030-06-01,19102.89577928,0.00000000,1039-95-64
2026-06-16,210100,2030-09-01,19092.27071477,0.00000000,1141-64-73
2026-06-16,210100,2030-12-01,19084.88324184,0.00000000,7592691
2026-06-16,210100,2031-03-01,19074.04370292,0.00000000,1227-86-47
2026-06-16,210100,2031-06-01,19063.06000523,0.00000000,9942990
2026-06-16,210100,2031-09-01,19053.03925119,0.00000000,8487474
2026-06-16,210100,2031-12-01,19032.88000941,0.00000000,6974714
2026-06-16,210100,2032-03-01,19021.05260129,0.00000000,9221040
2026-06-16,210100,2032-06-01,18999.52762891,0.00000000,1250-48-56
2026-06-16,100000,2026-07-01,993.41119468,0.00000000,225969800
2026-06-16,100000,2026-10-01,958.53361076,0.00000000,144350376
2026-06-16,100000,2027-01-01,925.95183978,0.00000000,6122634
2026-06-16,100000,2027-04-01,894.72281235,0.00000000,132909674
2026-06-16,100000,2027-07-01,863.21221450,0.00000000,119630263
2026-06-16,100000,2027-10-01,832.17901941,0.00000000,124138520
2026-06-16,100000,2028-01-01,803.72125267,0.00000000,7811-98-45
2026-06-16,100000,2028-04-01,776.14446586,0.00000000,2835-95-42
2026-06-16,100000,2028-07-01,750.23452345,0.00000000,2984-25-94
2026-06-16,100000,2029-01-01,700.35816392,0.00000000,250396754
2026-06-16,100000,2029-07-01,653.76127039,0.00000000,222222458
2026-06-16,100000,2030-01-01,610.18376363,0.00000000,158406775
2026-06-16,100000,2031-01-01,531.28740895,0.00000000,4956313
2026-06-16,100000,2032-01-01,461.53737929,0.00000000,189273896
2026-06-16,760197,2026-08-15,137.22797886,0.00000000,3675773
2026-06-16,760197,2026-11-15,134.33066758,0.00000000,3862532
2026-06-16,760197,2027-02-15,132.09333071,0.00000000,3156325
2026-06-16,760197,2027-05-15,129.74134081,0.00000000,3862532
2026-06-16,760197,2027-08-15,127.04115692,0.00000000,3156325
2026-06-16,760197,2027-11-15,124.36876147,0.00000000,3851475
2026-06-16,760197,2028-02-15,121.54373947,0.00000000,3156325
2026-06-16,760197,2028-05-15,119.03236464,0.00000000,3851475
2026-06-16,760197,2028-08-15,116.44783326,0.00000000,3156325
2026-06-16,760197,2028-11-15,114.15144171,0.00000000,3851475
2026-06-16,760197,2029-02-15,112.04218100,0.00000000,2834126
2026-06-16,760197,2029-05-15,109.89383037,0.00000000,3851475
2026-06-16,760197,2029-08-15,107.56643113,0.00000000,2834126
2026-06-16,760197,2029-11-15,105.32181888,0.00000000,3690440
2026-06-16,760197,2030-02-15,103.14931139,0.00000000,2834126
2026-06-16,760197,2030-05-15,101.14428649,0.00000000,3690440
2026-06-16,760197,2030-08-15,99.04445099,0.00000000,2834126
2026-06-16,760197,2030-11-15,97.04298885,0.00000000,3690440
2026-06-16,760197,2031-02-15,95.23221315,0.00000000,2430508
2026-06-16,760197,2031-05-15,93.54890695,0.00000000,3690440
2026-06-16,760197,2031-08-15,91.67203065,0.00000000,2430508
2026-06-16,760197,2031-11-15,89.81222890,0.00000000,3680125
2026-06-16,760197,2032-02-15,88.16007196,0.00000000,2430508
2026-06-16,760197,2032-05-15,86.46322952,0.00000000,3680125
2026-06-16,760197,2032-08-15,84.77757318,0.00000000,2430508
2026-06-16,760197,2032-11-15,83.17234522,0.00000000,3680125
2026-06-16,760197,2033-02-15,81.52345057,0.00000000,2192209
2026-06-16,760197,2033-05-15,80.05110051,0.00000000,3680125
2026-06-16,760197,2033-08-15,78.54596613,0.00000000,2192209
2026-06-16,760197,2033-11-15,77.12489014,0.00000000,3611378
2026-06-16,760197,2034-02-15,75.71473168,0.00000000,2192209
2026-06-16,760197,2034-05-15,74.49833360,0.00000000,3611378
2026-06-16,760197,2034-08-15,73.17470849,0.00000000,2192209
2026-06-16,760197,2034-11-15,71.92400039,0.00000000,3611378
2026-06-16,760197,2035-02-15,70.75485567,0.00000000,2192209
2026-06-16,760197,2035-05-15,69.58067632,0.00000000,3611378
2026-06-16,760197,2035-08-15,68.35397352,0.00000000,2192209
2026-06-16,760197,2035-11-15,67.19818417,0.00000000,1995437
2026-06-16,760197,2036-02-15,66.08686745,0.00000000,2192209
2026-06-16,760197,2036-05-15,65.04811199,0.00000000,1995437
2026-06-16,760197,2036-08-15,63.91876246,0.00000000,2192209
2026-06-16,760197,2036-11-15,62.78128549,0.00000000,1995437
2026-06-16,760197,2037-02-15,61.71472722,0.00000000,2192209
2026-06-16,760197,2037-05-15,60.69584839,0.00000000,1995437
2026-06-16,760197,2037-08-15,59.57798000,0.00000000,2192209
2026-06-16,760197,2037-11-15,58.52790080,0.00000000,1944194
2026-06-16,760197,2038-02-15,57.49357743,0.00000000,2192209
2026-06-16,760197,2038-05-15,56.49129305,0.00000000,1944194
2026-06-16,760197,2038-08-15,55.45610052,0.00000000,2192209
2026-06-16,760197,2038-11-15,54.46929667,0.00000000,1944194
2026-06-16,760197,2039-02-15,53.45176312,0.00000000,2192209
2026-06-16,760197,2039-05-15,52.52804817,0.00000000,1944194
2026-06-16,760197,2039-08-15,51.55931344,0.00000000,2192209
2026-06-16,760197,2039-11-15,50.62254005,0.00000000,1944194
2026-06-16,760197,2040-02-15,49.70260310,0.00000000,2192209
2026-06-16,760197,2040-05-15,48.81385751,0.00000000,1944194
2026-06-16,760197,2040-08-15,47.89995235,0.00000000,2192209
2026-06-16,760197,2040-11-15,47.03168458,0.00000000,1944194
2026-06-16,760197,2041-02-15,46.19375952,0.00000000,1860142
2026-06-16,760197,2041-05-15,45.41131050,0.00000000,1944194
2026-06-16,760197,2041-08-15,44.56578591,0.00000000,1860142
2026-06-16,760197,2041-11-15,43.72455947,0.00000000,1944194
2026-06-16,760197,2042-02-15,42.94984665,0.00000000,1860142
2026-06-16,760197,2042-05-15,42.23844183,0.00000000,1944194
2026-06-16,760197,2042-08-15,41.45615748,0.00000000,1860142
2026-06-16,760197,2042-11-15,40.67768192,0.00000000,1944194
2026-06-16,760197,2043-02-15,39.98352312,0.00000000,1860142
2026-06-16,760197,2043-05-15,39.29073278,0.00000000,1944194
2026-06-16,760197,2043-08-15,38.56655856,0.00000000,1860142
2026-06-16,760197,2043-11-15,37.88901516,0.00000000,1944194
2026-06-16,760197,2044-02-15,37.22408311,0.00000000,1860142
2026-06-16,760197,2044-05-15,36.58191813,0.00000000,1944194
2026-06-16,760197,2044-08-15,35.92073126,0.00000000,1860142
2026-06-16,760197,2044-11-15,35.28216149,0.00000000,1944194
2026-06-16,760197,2045-02-15,34.63580942,0.00000000,1860142
2026-06-16,760197,2045-05-15,34.06954136,0.00000000,1944194
2026-06-16,760197,2045-08-15,33.44653399,0.00000000,1860142
2026-06-16,760197,2045-11-15,32.85426179,0.00000000,127551
2026-06-16,760197,2046-02-15,32.30055784,0.00000000,1860142
2026-06-16,760197,2046-05-15,31.74778101,0.00000000,127551
2026-06-16,760197,2046-08-15,31.16979383,0.00000000,1860142
2026-06-16,760197,2046-11-15,30.62023186,0.00000000,127551
2026-06-16,760197,2047-02-15,30.08940558,0.00000000,1860142
2026-06-16,760197,2047-05-15,29.59330056,0.00000000,127551
2026-06-16,760197,2047-08-15,29.05673718,0.00000000,1860142
2026-06-16,760197,2047-11-15,28.52241459,0.00000000,127551
2026-06-16,760197,2048-02-15,28.02990462,0.00000000,1860142
2026-06-16,760197,2048-05-15,27.56953403,0.00000000,127551
2026-06-16,760197,2048-08-15,27.07153480,0.00000000,1860142
2026-06-16,760197,2048-11-15,26.60531382,0.00000000,127551
2026-06-16,760197,2049-02-15,26.14750110,0.00000000,1860142
2026-06-16,760197,2049-05-15,25.70511233,0.00000000,127551
2026-06-16,760197,2049-08-15,25.24936401,0.00000000,1860142
2026-06-16,760197,2049-11-15,24.81589041,0.00000000,127551
2026-06-16,760197,2050-02-15,24.36975368,0.00000000,1860142
2026-06-16,760197,2050-05-15,23.96533264,0.00000000,127551
2026-06-16,760197,2050-08-15,23.54161683,0.00000000,1860142
2026-06-16,760197,2050-11-15,23.13155487,0.00000000,127551
2026-06-16,760197,2051-02-15,22.72782858,0.00000000,1196810
2026-06-16,760197,2051-05-15,22.34915576,0.00000000,127551
2026-06-16,760197,2051-08-15,21.94527664,0.00000000,1196810
2026-06-16,760197,2051-11-15,21.56006188,0.00000000,127551
2026-06-16,760197,2052-02-15,21.18689471,0.00000000,1196810
2026-06-16,760197,2052-05-15,20.83131388,0.00000000,127551
2026-06-16,760197,2052-08-15,20.45219964,0.00000000,1196810
2026-06-16,760197,2052-11-15,20.07367773,0.00000000,127551
2026-06-16,760197,2053-02-15,19.72393507,0.00000000,1196810
2026-06-16,760197,2053-05-15,19.40182814,0.00000000,127551
2026-06-16,760197,2053-08-15,19.04661728,0.00000000,1196810
2026-06-16,760197,2053-11-15,18.69212280,0.00000000,127551
2026-06-16,760197,2054-02-15,18.37520775,0.00000000,1196810
2026-06-16,760197,2054-05-15,18.05818745,0.00000000,127551
2026-06-16,760197,2054-08-15,17.72606922,0.00000000,1196810
2026-06-16,760197,2054-11-15,17.41469847,0.00000000,127551
2026-06-16,760197,2055-02-15,17.10856824,0.00000000,1196810
2026-06-16,760197,2055-05-15,16.81244219,0.00000000,127551
2026-06-16,760197,2055-08-15,16.50688486,0.00000000,1196810
2026-06-16,760197,2056-02-15,15.91977550,0.00000000,1196810
2026-06-16,760197,2056-08-15,15.35578957,0.00000000,1196810
2026-06-16,760197,2057-02-15,14.80964096,0.00000000,1196810
2026-06-16,760197,2057-08-15,14.28496382,0.00000000,1196810
2026-06-16,760197,2058-02-15,13.77279037,0.00000000,1196810
2026-06-16,760197,2058-08-15,13.28083448,0.00000000,1196810
2026-06-16,760197,2059-02-15,12.79691475,0.00000000,1196810
2026-06-16,760197,2059-08-15,12.33228711,0.00000000,1196810
2026-06-16,760197,2060-02-15,11.87199769,0.00000000,1196810
2026-06-16,760197,2060-08-15,11.43719073,0.00000000,1196810
2026-06-16,760198,2026-08-15,4641.88116413,0.00000000,3002092
2026-06-16,760198,2027-05-15,4388.63773368,0.00000000,11057
2026-06-16,760198,2028-08-15,3938.97081586,0.00000000,322199
2026-06-16,760198,2029-05-15,3717.27475342,0.00000000,6928135
2026-06-16,760198,2030-08-15,3350.28304930,0.00000000,403618
2026-06-16,760198,2031-05-15,3164.39047416,0.00000000,10315
2026-06-16,760198,2032-08-15,2867.69085537,0.00000000,2500013
2026-06-16,760198,2033-05-15,2707.81293102,0.00000000,68747
2026-06-16,760198,2035-05-15,2353.63978609,0.00000000,8551724
2026-06-16,760198,2037-05-15,2053.10110749,0.00000000,51243
2026-06-16,760198,2040-08-15,1620.26642412,0.00000000,4734760
2026-06-16,760198,2045-05-15,1152.43818068,0.00000000,9225092
2026-06-16,760198,2050-08-15,796.32002640,0.00000000,4678066
2026-06-16,760198,2055-05-15,568.69859467,0.00000000,127551
2026-06-16,760198,2060-08-15,386.87504299,0.00000000,1196810
2026-06-16,760199,2026-08-15,4779.10914340,0.00000000,5056-55-37
2026-06-16,760199,2027-05-15,4653.45151646,0.00000000,3313-87-63
2026-06-16,760199,2028-08-15,4573.56813323,0.00000000,4770-28-48
2026-06-16,760199,2029-05-15,4449.87825749,0.00000000,1643-08-00
2026-06-16,760199,2030-08-15,4407.79616987,0.00000000,4966-23-81
2026-06-16,760199,2031-05-15,4296.14595222,0.00000000,4923809
2026-06-16,760199,2032-08-15,4290.03089776,0.00000000,2352-96-32
2026-06-16,760199,2033-05-15,4183.93387279,0.00000000,1965-20-59
2026-06-16,760199,2035-05-15,4136.36926554,0.00000000,5668-62-83
2026-06-16,760199,2037-05-15,4106.74730387,0.00000000,5325765
2026-06-16,760199,2040-08-15,4098.89293605,0.00000000,3224-60-65
2026-06-16,760199,2045-05-15,3956.53978220,0.00000000,4060-54-44
2026-06-16,760199,2050-08-15,3985.16538043,0.00000000,4745-81-69
2026-06-16,760199,2055-05-15,3888.93803921,0.00000000,3167-30-86
2026-06-16,760199,2060-08-15,3919.82629601,0.00000000,2419-57-18
2026-06-16,770100,2031-01-01,7929.08409326,0.00000000,1104-09-15
2026-06-16,950197,2026-07-01,48.48725799,0.00000000,3567860
2026-06-16,950197,2027-01-01,45.19464446,0.00000000,3567860
2026-06-16,950197,2027-07-01,42.13239550,0.00000000,3567860
2026-06-16,950197,2028-01-01,39.22871006,0.00000000,3567860
2026-06-16,950197,2028-07-01,36.61808432,0.00000000,3567860
2026-06-16,950197,2029-01-01,34.18367657,0.00000000,3567860
2026-06-16,950197,2029-07-01,31.90933578,0.00000000,3135590
2026-06-16,950197,2030-01-01,29.78236779,0.00000000,3135590
2026-06-16,950197,2030-07-01,27.81468545,0.00000000,3135590
2026-06-16,950197,2031-01-01,25.93152745,0.00000000,3135590
2026-06-16,950197,2031-07-01,24.23765522,0.00000000,2991493
2026-06-16,950197,2032-01-01,22.52710872,0.00000000,2991493
2026-06-16,950197,2032-07-01,21.01486017,0.00000000,2991493
2026-06-16,950197,2033-01-01,19.59162280,0.00000000,2991493
2026-06-16,950197,2033-07-01,18.27535061,0.00000000,2683048
2026-06-16,950197,2034-01-01,17.02834620,0.00000000,2683048
2026-06-16,950197,2034-07-01,15.88200230,0.00000000,2683048
2026-06-16,950197,2035-01-01,14.84981575,0.00000000,2683048
2026-06-16,950197,2035-07-01,13.84964577,0.00000000,492002
2026-06-16,950197,2036-01-01,12.94035405,0.00000000,492002
2026-06-16,950197,2036-07-01,12.07490014,0.00000000,492002
2026-06-16,950197,2037-01-01,11.21680539,0.00000000,492002
2026-06-16,950198,2029-01-01,700.35816392,0.00000000,432270
2026-06-16,950198,2031-01-01,531.28740895,0.00000000,144097
2026-06-16,950198,2033-01-01,401.39488641,0.00000000,308445
2026-06-16,950198,2035-01-01,304.24432754,0.00000000,2191046
2026-06-16,950198,2037-01-01,229.81089273,0.00000000,492002
2026-06-16,950199,2027-01-01,1019.63351886,0.00000000,121407874
2026-06-16,950199,2029-01-01,946.16199880,0.00000000,119447231
2026-06-16,950199,2031-01-01,892.36664593,0.00000000,207204206
2026-06-16,950199,2033-01-01,849.51024003,0.00000000,9689-25-28
2026-06-16,950199,2035-01-01,817.88247508,0.00000000,116930533
2026-06-16,950199,2037-01-01,792.82945344,0.00000000,4002-14-78
2026-06-17,210100,2026-09-01,19219.01070364,0.00000000,9678070
2026-06-17,210100,2027-03-01,19210.35730282,0.00000000,2917-55-66
2026-06-17,210100,2027-09-01,19200.56713690,0.00000000,2845-29-97
2026-06-17,210100,2028-03-01,19189.61293093,0.00000000,1739-00-81
2026-06-17,210100,2028-09-01,19175.05916820,0.00000000,2035-04-27
2026-06-17,210100,2029-03-01,19158.34739851,0.00000000,1870-02-38
2026-06-17,210100,2029-09-01,19140.11471590,0.00000000,1696-96-86
2026-06-17,210100,2030-03-01,19122.41690256,0.00000000,1402-90-41
2026-06-17,210100,2030-06-01,19113.20669853,0.00000000,1039-95-64
2026-06-17,210100,2030-09-01,19102.49952748,0.00000000,1141-64-73
2026-06-17,210100,2030-12-01,19095.18807051,0.00000000,7592691
2026-06-17,210100,2031-03-01,19084.34600594,0.00000000,1228-56-12
2026-06-17,210100,2031-06-01,19073.35939851,0.00000000,9942990
2026-06-17,210100,2031-09-01,19063.23655650,0.00000000,8487474
2026-06-17,210100,2031-12-01,19043.27716021,0.00000000,6974714
2026-06-17,210100,2032-03-01,19031.34286991,0.00000000,9221040
2026-06-17,210100,2032-06-01,19009.70272401,0.00000000,1250-48-56
2026-06-17,100000,2026-07-01,993.97034087,0.00000000,223371248
2026-06-17,100000,2026-10-01,959.21231123,0.00000000,144350376
2026-06-17,100000,2027-01-01,926.92855005,0.00000000,6118575
2026-06-17,100000,2027-04-01,896.17177469,0.00000000,136452161
2026-06-17,100000,2027-07-01,865.01974532,0.00000000,119930445
2026-06-17,100000,2027-10-01,834.28651958,0.00000000,124138520
2026-06-17,100000,2028-01-01,805.95440889,0.00000000,7808-99-83
2026-06-17,100000,2028-04-01,778.33707653,0.00000000,2835-95-42
2026-06-17,100000,2028-07-01,752.38369632,0.00000000,2984-25-94
2026-06-17,100000,2029-01-01,702.52342967,0.00000000,250467011
2026-06-17,100000,2029-07-01,655.76074297,0.00000000,222222458
2026-06-17,100000,2030-01-01,612.02002274,0.00000000,158442275
2026-06-17,100000,2031-01-01,532.83838100,0.00000000,4955200
2026-06-17,100000,2032-01-01,462.79361745,0.00000000,189327355
2026-06-17,760197,2026-08-15,137.24562210,0.00000000,3687231
2026-06-17,760197,2026-11-15,134.31031092,0.00000000,3885829
2026-06-17,760197,2027-02-15,132.09832849,0.00000000,3167783
2026-06-17,760197,2027-05-15,129.76197107,0.00000000,3885829
2026-06-17,760197,2027-08-15,127.04611586,0.00000000,3167783
2026-06-17,760197,2027-11-15,124.38537512,0.00000000,3874772
2026-06-17,760197,2028-02-15,121.59127074,0.00000000,3167783
2026-06-17,760197,2028-05-15,119.10578074,0.00000000,3874772
2026-06-17,760197,2028-08-15,116.51613950,0.00000000,3167783
2026-06-17,760197,2028-11-15,114.16933790,0.00000000,3874772
2026-06-17,760197,2029-02-15,112.00019676,0.00000000,2845584
2026-06-17,760197,2029-05-15,109.81170532,0.00000000,3874772
2026-06-17,760197,2029-08-15,107.47032352,0.00000000,2845584
2026-06-17,760197,2029-11-15,105.21770482,0.00000000,3713737
2026-06-17,760197,2030-02-15,103.03951363,0.00000000,2845584
2026-06-17,760197,2030-05-15,101.02759066,0.00000000,3713737
2026-06-17,760197,2030-08-15,98.91373803,0.00000000,2845584
2026-06-17,760197,2030-11-15,96.89587013,0.00000000,3713737
2026-06-17,760197,2031-02-15,95.07662565,0.00000000,2430848
2026-06-17,760197,2031-05-15,93.39320668,0.00000000,3713737
2026-06-17,760197,2031-08-15,91.50947333,0.00000000,2430848
2026-06-17,760197,2031-11-15,89.62783013,0.00000000,3703422
2026-06-17,760197,2032-02-15,87.95525080,0.00000000,2430848
2026-06-17,760197,2032-05-15,86.25045478,0.00000000,3703422
2026-06-17,760197,2032-08-15,84.58679522,0.00000000,2430848
2026-06-17,760197,2032-11-15,83.05604898,0.00000000,3703422
2026-06-17,760197,2033-02-15,81.51167865,0.00000000,2192209
2026-06-17,760197,2033-05-15,80.09688690,0.00000000,3703422
2026-06-17,760197,2033-08-15,78.59637364,0.00000000,2192209
2026-06-17,760197,2033-11-15,77.15576700,0.00000000,3634675
2026-06-17,760197,2034-02-15,75.70628874,0.00000000,2192209
2026-06-17,760197,2034-05-15,74.44366844,0.00000000,3634675
2026-06-17,760197,2034-08-15,73.06220645,0.00000000,2192209
2026-06-17,760197,2034-11-15,71.75618582,0.00000000,3634675
2026-06-17,760197,2035-02-15,70.54169259,0.00000000,2192209
2026-06-17,760197,2035-05-15,69.33553382,0.00000000,3634675
2026-06-17,760197,2035-08-15,68.08118320,0.00000000,2192209
2026-06-17,760197,2035-11-15,66.89502723,0.00000000,2018127
2026-06-17,760197,2036-02-15,65.75533064,0.00000000,2192209
2026-06-17,760197,2036-05-15,64.69552519,0.00000000,2018127
2026-06-17,760197,2036-08-15,63.55509193,0.00000000,2192209
2026-06-17,760197,2036-11-15,62.42539565,0.00000000,2018127
2026-06-17,760197,2037-02-15,61.38936204,0.00000000,2192209
2026-06-17,760197,2037-05-15,60.42547693,0.00000000,2018127
2026-06-17,760197,2037-08-15,59.37854830,0.00000000,2192209
2026-06-17,760197,2037-11-15,58.38644570,0.00000000,1960669
2026-06-17,760197,2038-02-15,57.40108924,0.00000000,2192209
2026-06-17,760197,2038-05-15,56.43866745,0.00000000,1960669
2026-06-17,760197,2038-08-15,55.43699424,0.00000000,2192209
2026-06-17,760197,2038-11-15,54.47514164,0.00000000,1960669
2026-06-17,760197,2039-02-15,53.47649184,0.00000000,2192209
2026-06-17,760197,2039-05-15,52.56422490,0.00000000,1960669
2026-06-17,760197,2039-08-15,51.60206554,0.00000000,2192209
2026-06-17,760197,2039-11-15,50.66679661,0.00000000,1960669
2026-06-17,760197,2040-02-15,49.74417046,0.00000000,2192209
2026-06-17,760197,2040-05-15,48.84940568,0.00000000,1960669
2026-06-17,760197,2040-08-15,47.92638245,0.00000000,2192209
2026-06-17,760197,2040-11-15,47.04670034,0.00000000,1960669
2026-06-17,760197,2041-02-15,46.19496545,0.00000000,1860142
2026-06-17,760197,2041-05-15,45.39733647,0.00000000,1960669
2026-06-17,760197,2041-08-15,44.53317091,0.00000000,1860142
2026-06-17,760197,2041-11-15,43.67138113,0.00000000,1960669
2026-06-17,760197,2042-02-15,42.87624157,0.00000000,1860142
2026-06-17,760197,2042-05-15,42.14508379,0.00000000,1960669
2026-06-17,760197,2042-08-15,41.34029561,0.00000000,1860142
2026-06-17,760197,2042-11-15,40.53898078,0.00000000,1960669
2026-06-17,760197,2043-02-15,39.82442384,0.00000000,1860142
2026-06-17,760197,2043-05-15,39.11158606,0.00000000,1960669
2026-06-17,760197,2043-08-15,38.36717887,0.00000000,1860142
2026-06-17,760197,2043-11-15,37.67176752,0.00000000,1960669
2026-06-17,760197,2044-02-15,36.99069714,0.00000000,1860142
2026-06-17,760197,2044-05-15,36.33465235,0.00000000,1960669
2026-06-17,760197,2044-08-15,35.66136002,0.00000000,1860142
2026-06-17,760197,2044-11-15,35.01365117,0.00000000,1960669
2026-06-17,760197,2045-02-15,34.36108864,0.00000000,1860142
2026-06-17,760197,2045-05-15,33.79230620,0.00000000,1960669
2026-06-17,760197,2045-08-15,33.16827610,0.00000000,1860142
2026-06-17,760197,2045-11-15,32.57521620,0.00000000,127551
2026-06-17,760197,2046-02-15,32.02095539,0.00000000,1860142
2026-06-17,760197,2046-05-15,31.46781241,0.00000000,127551
2026-06-17,760197,2046-08-15,30.88966411,0.00000000,1860142
2026-06-17,760197,2046-11-15,30.34017831,0.00000000,127551
2026-06-17,760197,2047-02-15,29.80965655,0.00000000,1860142
2026-06-17,760197,2047-05-15,29.31405810,0.00000000,127551
2026-06-17,760197,2047-08-15,28.77830335,0.00000000,1860142
2026-06-17,760197,2047-11-15,28.24507655,0.00000000,127551
2026-06-17,760197,2048-02-15,27.75385339,0.00000000,1860142
2026-06-17,760197,2048-05-15,27.29494321,0.00000000,127551
2026-06-17,760197,2048-08-15,26.79882373,0.00000000,1860142
2026-06-17,760197,2048-11-15,26.33466441,0.00000000,127551
2026-06-17,760197,2049-02-15,25.87917950,0.00000000,1860142
2026-06-17,760197,2049-05-15,25.43934404,0.00000000,127551
2026-06-17,760197,2049-08-15,24.98655839,0.00000000,1860142
2026-06-17,760197,2049-11-15,24.55623495,0.00000000,127551
2026-06-17,760197,2050-02-15,24.11369959,0.00000000,1860142
2026-06-17,760197,2050-05-15,23.71287664,0.00000000,127551
2026-06-17,760197,2050-08-15,23.29329059,0.00000000,1860142
2026-06-17,760197,2050-11-15,22.88839741,0.00000000,127551
2026-06-17,760197,2051-02-15,22.49163764,0.00000000,1196810
2026-06-17,760197,2051-05-15,22.12112000,0.00000000,127551
2026-06-17,760197,2051-08-15,21.72758485,0.00000000,1196810
2026-06-17,760197,2051-11-15,21.35373359,0.00000000,127551
2026-06-17,760197,2052-02-15,20.99288314,0.00000000,1196810
2026-06-17,760197,2052-05-15,20.65015571,0.00000000,127551
2026-06-17,760197,2052-08-15,20.28585290,0.00000000,1196810
2026-06-17,760197,2052-11-15,19.92315534,0.00000000,127551
2026-06-17,760197,2053-02-15,19.58885515,0.00000000,1196810
2026-06-17,760197,2053-05-15,19.28158262,0.00000000,127551
2026-06-17,760197,2053-08-15,18.94331141,0.00000000,1196810
2026-06-17,760197,2053-11-15,18.60621715,0.00000000,127551
2026-06-17,760197,2054-02-15,18.30517475,0.00000000,1196810
2026-06-17,760197,2054-05-15,18.00423302,0.00000000,127551
2026-06-17,760197,2054-08-15,17.68906340,0.00000000,1196810
2026-06-17,760197,2054-11-15,17.39356982,0.00000000,127551
2026-06-17,760197,2055-02-15,17.10292823,0.00000000,1196810
2026-06-17,760197,2055-05-15,16.82156407,0.00000000,127551
2026-06-17,760197,2055-08-15,16.52990793,0.00000000,1196810
2026-06-17,760197,2056-02-15,15.96308314,0.00000000,1196810
2026-06-17,760197,2056-08-15,15.41110119,0.00000000,1196810
2026-06-17,760197,2057-02-15,14.87020484,0.00000000,1196810
2026-06-17,760197,2057-08-15,14.34532020,0.00000000,1196810
2026-06-17,760197,2058-02-15,13.82867438,0.00000000,1196810
2026-06-17,760197,2058-08-15,13.32916968,0.00000000,1196810
2026-06-17,760197,2059-02-15,12.83547605,0.00000000,1196810
2026-06-17,760197,2059-08-15,12.36004873,0.00000000,1196810
2026-06-17,760197,2060-02-15,11.88851513,0.00000000,1196810
2026-06-17,760197,2060-08-15,11.44339617,0.00000000,1196810
2026-06-17,760198,2026-08-15,4642.47796536,0.00000000,2999788
2026-06-17,760198,2027-05-15,4389.33557390,0.00000000,11057
2026-06-17,760198,2028-08-15,3941.28134639,0.00000000,322199
2026-06-17,760198,2029-05-15,3714.49678676,0.00000000,6925508
2026-06-17,760198,2030-08-15,3345.86154554,0.00000000,414736
2026-06-17,760198,2031-05-15,3159.12374836,0.00000000,10315
2026-06-17,760198,2032-08-15,2861.23758959,0.00000000,2548337
2026-06-17,760198,2033-05-15,2709.36170389,0.00000000,68747
2026-06-17,760198,2035-05-15,2345.34758241,0.00000000,8549439
2026-06-17,760198,2037-05-15,2043.95550756,0.00000000,57458
2026-06-17,760198,2040-08-15,1621.16045006,0.00000000,4743930
2026-06-17,760198,2045-05-15,1143.06040893,0.00000000,9238328
2026-06-17,760198,2050-08-15,787.92012934,0.00000000,4682796
2026-06-17,760198,2055-05-15,569.00715183,0.00000000,127551
2026-06-17,760198,2060-08-15,387.08494867,0.00000000,1196810
2026-06-17,760199,2026-08-15,4779.72358787,0.00000000,5056-50-68
2026-06-17,760199,2027-05-15,4654.22181984,0.00000000,3313-87-63
2026-06-17,760199,2028-08-15,4576.25090731,0.00000000,4770-28-48
2026-06-17,760199,2029-05-15,4446.98809111,0.00000000,1653-42-47
2026-06-17,760199,2030-08-15,4403.00766157,0.00000000,4965-12-18
2026-06-17,760199,2031-05-15,4290.24041717,0.00000000,5038719
2026-06-17,760199,2032-08-15,4282.51476499,0.00000000,2352-91-73
2026-06-17,760199,2033-05-15,4186.32693445,0.00000000,1953-32-74
2026-06-17,760199,2035-05-15,4125.69075926,0.00000000,5681-57-69
2026-06-17,760199,2037-05-15,4094.11228540,0.00000000,5321633
2026-06-17,760199,2040-08-15,4101.15461137,0.00000000,3212-76-84
2026-06-17,760199,2045-05-15,3939.03248432,0.00000000,4059-00-97
2026-06-17,760199,2050-08-15,3965.78031703,0.00000000,4745-81-13
2026-06-17,760199,2055-05-15,3891.04804914,0.00000000,3167-28-86
2026-06-17,760199,2060-08-15,3921.95306489,0.00000000,2385-36-44
2026-06-17,770100,2031-01-01,7918.71626795,0.00000000,1104-09-15
2026-06-17,950197,2026-07-01,48.51454927,0.00000000,3567860
2026-06-17,950197,2027-01-01,45.24231656,0.00000000,3567860
2026-06-17,950197,2027-07-01,42.22061900,0.00000000,3567860
2026-06-17,950197,2028-01-01,39.33770785,0.00000000,3567860
2026-06-17,950197,2028-07-01,36.72298298,0.00000000,3567860
2026-06-17,950197,2029-01-01,34.28936070,0.00000000,3567860
2026-06-17,950197,2029-07-01,32.00692774,0.00000000,3135590
2026-06-17,950197,2030-01-01,29.87199349,0.00000000,3135590
2026-06-17,950197,2030-07-01,27.90787089,0.00000000,3135590
2026-06-17,950197,2031-01-01,26.00722861,0.00000000,3135590
2026-06-17,950197,2031-07-01,24.31984909,0.00000000,2991493
2026-06-17,950197,2032-01-01,22.58842425,0.00000000,2991493
2026-06-17,950197,2032-07-01,21.07612789,0.00000000,2991493
2026-06-17,950197,2033-01-01,19.63595202,0.00000000,2991493
2026-06-17,950197,2033-07-01,18.31906314,0.00000000,2683048
2026-06-17,950197,2034-01-01,17.08806122,0.00000000,2683048
2026-06-17,950197,2034-07-01,15.94077307,0.00000000,2683048
2026-06-17,950197,2035-01-01,14.88562744,0.00000000,2683048
2026-06-17,950197,2035-07-01,13.88453822,0.00000000,492002
2026-06-17,950197,2036-01-01,12.97435511,0.00000000,492002
2026-06-17,950197,2036-07-01,12.10791831,0.00000000,492002
2026-06-17,950197,2037-01-01,11.24361816,0.00000000,492002
2026-06-17,950198,2029-01-01,702.52342967,0.00000000,432270
2026-06-17,950198,2031-01-01,532.83838100,0.00000000,144097
2026-06-17,950198,2033-01-01,402.30310740,0.00000000,308445
2026-06-17,950198,2035-01-01,304.97804063,0.00000000,2191046
2026-06-17,950198,2037-01-01,230.36023516,0.00000000,492002
2026-06-17,950199,2027-01-01,1020.68521439,0.00000000,121407814
2026-06-17,950199,2029-01-01,948.80987133,0.00000000,119447180
2026-06-17,950199,2031-01-01,894.75323702,0.00000000,207239326
2026-06-17,950199,2033-01-01,851.49612566,0.00000000,9692-78-21
2026-06-17,950199,2035-01-01,819.88430804,0.00000000,116929157
2026-06-17,950199,2037-01-01,794.76599806,0.00000000,4006-21-15
2026-06-18,210100,2026-09-01,19229.40924502,0.00000000,9072070
2026-06-18,210100,2027-03-01,19220.56399843,0.00000000,2917-49-27
2026-06-18,210100,2027-09-01,19210.77602342,0.00000000,2845-29-97
2026-06-18,210100,2028-03-01,19199.93656440,0.00000000,1738-87-26
2026-06-18,210100,2028-09-01,19185.29900123,0.00000000,2035-04-27
2026-06-18,210100,2029-03-01,19168.67244714,0.00000000,1869-92-12
2026-06-18,210100,2029-09-01,19150.43745202,0.00000000,1696-96-86
2026-06-18,210100,2030-03-01,19132.80606194,0.00000000,1402-90-41
2026-06-18,210100,2030-06-01,19123.22341159,0.00000000,1039-95-64
2026-06-18,210100,2030-09-01,19112.73397135,0.00000000,1141-64-73
2026-06-18,210100,2030-12-01,19105.58294638,0.00000000,7592691
2026-06-18,210100,2031-03-01,19094.74291994,0.00000000,1229-42-27
2026-06-18,210100,2031-06-01,19083.66435583,0.00000000,9942990
2026-06-18,210100,2031-09-01,19073.53793384,0.00000000,8487474
2026-06-18,210100,2031-12-01,19053.47347930,0.00000000,6974714
2026-06-18,210100,2032-03-01,19041.53099262,0.00000000,9221040
2026-06-18,210100,2032-06-01,19018.08635113,0.00000000,1250-48-56
2026-06-18,100000,2026-07-01,994.52629398,0.00000000,219219336
2026-06-18,100000,2026-10-01,959.78802016,0.00000000,146980129
2026-06-18,100000,2027-01-01,927.41679287,0.00000000,6115025
2026-06-18,100000,2027-04-01,896.51621857,0.00000000,136452161
2026-06-18,100000,2027-07-01,865.19071394,0.00000000,119930445
2026-06-18,100000,2027-10-01,834.28342419,0.00000000,124138520
2026-06-18,100000,2028-01-01,805.75505973,0.00000000,7755-24-39
2026-06-18,100000,2028-04-01,777.98258149,0.00000000,2865-95-42
2026-06-18,100000,2028-07-01,751.87209261,0.00000000,3014-25-94
2026-06-18,100000,2029-01-01,701.75853506,0.00000000,250567272
2026-06-18,100000,2029-07-01,655.00872960,0.00000000,222222458
2026-06-18,100000,2030-01-01,611.42669171,0.00000000,158442275
2026-06-18,100000,2031-01-01,532.40330468,0.00000000,4954002
2026-06-18,100000,2032-01-01,462.83025119,0.00000000,189386441
2026-06-18,760197,2026-08-15,137.39273294,0.00000000,3714891
2026-06-18,760197,2026-11-15,134.40777603,0.00000000,3885222
2026-06-18,760197,2027-02-15,132.06265425,0.00000000,3195443
2026-06-18,760197,2027-05-15,129.62127927,0.00000000,3885222
2026-06-18,760197,2027-08-15,126.87545945,0.00000000,3195443
2026-06-18,760197,2027-11-15,124.17613793,0.00000000,3874165
2026-06-18,760197,2028-02-15,121.33804203,0.00000000,3195443
2026-06-18,760197,2028-05-15,118.82373368,0.00000000,3874165
2026-06-18,760197,2028-08-15,116.23905615,0.00000000,3195443
2026-06-18,760197,2028-11-15,113.95499177,0.00000000,3874165
2026-06-18,760197,2029-02-15,111.86906738,0.00000000,2873244
2026-06-18,760197,2029-05-15,109.73010904,0.00000000,3874165
2026-06-18,760197,2029-08-15,107.38925242,0.00000000,2873244
2026-06-18,760197,2029-11-15,105.12430752,0.00000000,3713130
2026-06-18,760197,2030-02-15,102.92819628,0.00000000,2873244
2026-06-18,760197,2030-05-15,100.90135783,0.00000000,3713130
2026-06-18,760197,2030-08-15,98.78364438,0.00000000,2873244
2026-06-18,760197,2030-11-15,96.76634144,0.00000000,3713130
2026-06-18,760197,2031-02-15,94.93752246,0.00000000,2455508
2026-06-18,760197,2031-05-15,93.23820231,0.00000000,3713130
2026-06-18,760197,2031-08-15,91.34593791,0.00000000,2455508
2026-06-18,760197,2031-11-15,89.47157288,0.00000000,3702815
2026-06-18,760197,2032-02-15,87.80668381,0.00000000,2455508
2026-06-18,760197,2032-05-15,86.09652313,0.00000000,3702815
2026-06-18,760197,2032-08-15,84.39686495,0.00000000,2455508
2026-06-18,760197,2032-11-15,82.77535532,0.00000000,3702815
2026-06-18,760197,2033-02-15,81.11136139,0.00000000,2217209
2026-06-18,760197,2033-05-15,79.63663390,0.00000000,3702815
2026-06-18,760197,2033-08-15,78.12492321,0.00000000,2217209
2026-06-18,760197,2033-11-15,76.67443345,0.00000000,3634068
2026-06-18,760197,2034-02-15,75.21577953,0.00000000,2217209
2026-06-18,760197,2034-05-15,73.94570065,0.00000000,3634068
2026-06-18,760197,2034-08-15,72.55651973,0.00000000,2217209
2026-06-18,760197,2034-11-15,71.24347672,0.00000000,3634068
2026-06-18,760197,2035-02-15,70.02253570,0.00000000,2217209
2026-06-18,760197,2035-05-15,68.80987918,0.00000000,3634068
2026-06-18,760197,2035-08-15,67.54878985,0.00000000,2217209
2026-06-18,760197,2035-11-15,66.35649137,0.00000000,2018127
2026-06-18,760197,2036-02-15,65.21107773,0.00000000,2217209
2026-06-18,760197,2036-05-15,64.14609250,0.00000000,2018127
2026-06-18,760197,2036-08-15,63.00019905,0.00000000,2217209
2026-06-18,760197,2036-11-15,61.86516985,0.00000000,2018127
2026-06-18,760197,2037-02-15,60.82427066,0.00000000,2217209
2026-06-18,760197,2037-05-15,59.85584150,0.00000000,2018127
2026-06-18,760197,2037-08-15,58.80346288,0.00000000,2217209
2026-06-18,760197,2037-11-15,57.80548935,0.00000000,1960669
2026-06-18,760197,2038-02-15,56.81392167,0.00000000,2217209
2026-06-18,760197,2038-05-15,55.84536631,0.00000000,1960669
2026-06-18,760197,2038-08-15,54.83757306,0.00000000,2217209
2026-06-18,760197,2038-11-15,53.87043394,0.00000000,1960669
2026-06-18,760197,2039-02-15,52.86728284,0.00000000,2217209
2026-06-18,760197,2039-05-15,51.95212840,0.00000000,1960669
2026-06-18,760197,2039-08-15,50.98857212,0.00000000,2217209
2026-06-18,760197,2039-11-15,50.05396226,0.00000000,1960669
2026-06-18,760197,2040-02-15,49.13434862,0.00000000,2217209
2026-06-18,760197,2040-05-15,48.24516477,0.00000000,1960669
2026-06-18,760197,2040-08-15,47.33111584,0.00000000,2217209
2026-06-18,760197,2040-11-15,46.46329573,0.00000000,1960669
2026-06-18,760197,2041-02-15,45.62591822,0.00000000,1885142
2026-06-18,760197,2041-05-15,44.84407811,0.00000000,1960669
2026-06-18,760197,2041-08-15,43.99931175,0.00000000,1885142
2026-06-18,760197,2041-11-15,43.15893649,0.00000000,1960669
2026-06-18,760197,2042-02-15,42.38508672,0.00000000,1885142
2026-06-18,760197,2042-05-15,41.67453582,0.00000000,1960669
2026-06-18,760197,2042-08-15,40.89325196,0.00000000,1885142
2026-06-18,760197,2042-11-15,40.11582879,0.00000000,1960669
2026-06-18,760197,2043-02-15,39.42264967,0.00000000,1885142
2026-06-18,760197,2043-05-15,38.73086955,0.00000000,1960669
2026-06-18,760197,2043-08-15,38.00777893,0.00000000,1885142
2026-06-18,760197,2043-11-15,37.33126794,0.00000000,1960669
2026-06-18,760197,2044-02-15,36.66735965,0.00000000,1885142
2026-06-18,760197,2044-05-15,36.02618661,0.00000000,1960669
2026-06-18,760197,2044-08-15,35.36601714,0.00000000,1885142
2026-06-18,760197,2044-11-15,34.72841885,0.00000000,1960669
2026-06-18,760197,2045-02-15,34.08303115,0.00000000,1885142
2026-06-18,760197,2045-05-15,33.51758576,0.00000000,1960669
2026-06-18,760197,2045-08-15,32.89554057,0.00000000,1885142
2026-06-18,760197,2045-11-15,32.30432707,0.00000000,127551
2026-06-18,760197,2046-02-15,31.75175719,0.00000000,1885142
2026-06-18,760197,2046-05-15,31.20026909,0.00000000,127551
2026-06-18,760197,2046-08-15,30.62381665,0.00000000,1885142
2026-06-18,760197,2046-11-15,30.07591187,0.00000000,127551
2026-06-18,760197,2047-02-15,29.54688953,0.00000000,1885142
2026-06-18,760197,2047-05-15,29.05266923,0.00000000,127551
2026-06-18,760197,2047-08-15,28.51838161,0.00000000,1885142
2026-06-18,760197,2047-11-15,27.98659378,0.00000000,127551
2026-06-18,760197,2048-02-15,27.49667973,0.00000000,1885142
2026-06-18,760197,2048-05-15,27.03898031,0.00000000,127551
2026-06-18,760197,2048-08-15,26.54415895,0.00000000,1885142
2026-06-18,760197,2048-11-15,26.08120658,0.00000000,127551
2026-06-18,760197,2049-02-15,25.62690164,0.00000000,1885142
2026-06-18,760197,2049-05-15,25.18820420,0.00000000,127551
2026-06-18,760197,2049-08-15,24.73659168,0.00000000,1885142
2026-06-18,760197,2049-11-15,24.30738777,0.00000000,127551
2026-06-18,760197,2050-02-15,23.86601192,0.00000000,1885142
2026-06-18,760197,2050-05-15,23.46624956,0.00000000,127551
2026-06-18,760197,2050-08-15,23.04778788,0.00000000,1885142
2026-06-18,760197,2050-11-15,22.64405873,0.00000000,127551
2026-06-18,760197,2051-02-15,22.24857484,0.00000000,1196810
2026-06-18,760197,2051-05-15,21.87936628,0.00000000,127551
2026-06-18,760197,2051-08-15,21.48734188,0.00000000,1196810
2026-06-18,760197,2051-11-15,21.11503632,0.00000000,127551
2026-06-18,760197,2052-02-15,20.75577541,0.00000000,1196810
2026-06-18,760197,2052-05-15,20.41464199,0.00000000,127551
2026-06-18,760197,2052-08-15,20.05211831,0.00000000,1196810
2026-06-18,760197,2052-11-15,19.69127278,0.00000000,127551
2026-06-18,760197,2053-02-15,19.35874505,0.00000000,1196810
2026-06-18,760197,2053-05-15,19.05315187,0.00000000,127551
2026-06-18,760197,2053-08-15,18.71677885,0.00000000,1196810
2026-06-18,760197,2053-11-15,18.38162070,0.00000000,127551
2026-06-18,760197,2054-02-15,18.08233853,0.00000000,1196810
2026-06-18,760197,2054-05-15,17.78317958,0.00000000,127551
2026-06-18,760197,2054-08-15,17.46989480,0.00000000,1196810
2026-06-18,760197,2054-11-15,17.17617792,0.00000000,127551
2026-06-18,760197,2055-02-15,16.88728593,0.00000000,1196810
2026-06-18,760197,2055-05-15,16.60761075,0.00000000,127551
2026-06-18,760197,2055-08-15,16.31772760,0.00000000,1196810
2026-06-18,760197,2056-02-15,15.75450186,0.00000000,1196810
2026-06-18,760197,2056-08-15,15.20621704,0.00000000,1196810
2026-06-18,760197,2057-02-15,14.66912529,0.00000000,1196810
2026-06-18,760197,2057-08-15,14.14810251,0.00000000,1196810
2026-06-18,760197,2058-02-15,13.63541943,0.00000000,1196810
2026-06-18,760197,2058-08-15,13.13989669,0.00000000,1196810
2026-06-18,760197,2059-02-15,12.65028267,0.00000000,1196810
2026-06-18,760197,2059-08-15,12.17891783,0.00000000,1196810
2026-06-18,760197,2060-02-15,11.71154166,0.00000000,1196810
2026-06-18,760197,2060-08-15,11.27046295,0.00000000,1196810
2026-06-18,760198,2026-08-15,4647.45414481,0.00000000,2997651
2026-06-18,760198,2027-05-15,4384.57652536,0.00000000,11057
2026-06-18,760198,2028-08-15,3931.90870955,0.00000000,322199
2026-06-18,760198,2029-05-15,3711.73670677,0.00000000,6923132
2026-06-18,760198,2030-08-15,3341.46099057,0.00000000,417736
2026-06-18,760198,2031-05-15,3153.88056211,0.00000000,10315
2026-06-18,760198,2032-08-15,2854.81299803,0.00000000,2608686
2026-06-18,760198,2033-05-15,2693.79316059,0.00000000,68747
2026-06-18,760198,2035-05-15,2327.56675969,0.00000000,8546528
2026-06-18,760198,2037-05-15,2024.68698836,0.00000000,57458
2026-06-18,760198,2040-08-15,1601.02492878,0.00000000,4754064
2026-06-18,760198,2045-05-15,1133.76770040,0.00000000,9236860
2026-06-18,760198,2050-08-15,779.61574120,0.00000000,4715298
2026-06-18,760198,2055-05-15,561.76995528,0.00000000,127551
2026-06-18,760198,2060-08-15,381.23529991,0.00000000,1196810
2026-06-18,760199,2026-08-15,4784.84687817,0.00000000,5056-49-06
2026-06-18,760199,2027-05-15,4649.29679047,0.00000000,3313-87-63
2026-06-18,760199,2028-08-15,4566.27330105,0.00000000,4770-28-48
2026-06-18,760199,2029-05-15,4444.11885853,0.00000000,1643-42-47
2026-06-18,760199,2030-08-15,4398.24489977,0.00000000,4964-81-68
2026-06-18,760199,2031-05-15,4284.36398624,0.00000000,5038719
2026-06-18,760199,2032-08-15,4275.03518171,0.00000000,2352-93-24
2026-06-18,760199,2033-05-15,4167.09611809,0.00000000,1953-63-19
2026-06-18,760199,2035-05-15,4102.16996661,0.00000000,5681-57-20
2026-06-18,760199,2037-05-15,4066.77865147,0.00000000,5325805
2026-06-18,760199,2040-08-15,4069.03222262,0.00000000,3223-70-62
2026-06-18,760199,2045-05-15,3921.66465975,0.00000000,4068-86-96
2026-06-18,760199,2050-08-15,3946.57491323,0.00000000,4745-09-40
2026-06-18,760199,2055-05-15,3870.51292801,0.00000000,3167-27-34
2026-06-18,760199,2060-08-15,3900.83210026,0.00000000,2382-91-06
2026-06-18,770100,2031-01-01,7921.25122540,0.00000000,1104-09-15
2026-06-18,950197,2026-07-01,48.54168470,0.00000000,3567860
2026-06-18,950197,2027-01-01,45.26614713,0.00000000,3567860
2026-06-18,950197,2027-07-01,42.22896378,0.00000000,3567860
2026-06-18,950197,2028-01-01,39.32797785,0.00000000,3567860
2026-06-18,950197,2028-07-01,36.69801219,0.00000000,3567860
2026-06-18,950197,2029-01-01,34.25202707,0.00000000,3567860
2026-06-18,950197,2029-07-01,31.97022283,0.00000000,3135590
2026-06-18,950197,2030-01-01,29.84303368,0.00000000,3135590
2026-06-18,950197,2030-07-01,27.87975104,0.00000000,3135590
2026-06-18,950197,2031-01-01,25.98599304,0.00000000,3135590
2026-06-18,950197,2031-07-01,24.29640842,0.00000000,2991493
2026-06-18,950197,2032-01-01,22.59021231,0.00000000,2991493
2026-06-18,950197,2032-07-01,21.07691105,0.00000000,2991493
2026-06-18,950197,2033-01-01,19.65250427,0.00000000,2991493
2026-06-18,950197,2033-07-01,18.33491069,0.00000000,2683048
2026-06-18,950197,2034-01-01,17.10880214,0.00000000,2683048
2026-06-18,950197,2034-07-01,15.96081527,0.00000000,2683048
2026-06-18,950197,2035-01-01,14.91599637,0.00000000,2683048
2026-06-18,950197,2035-07-01,13.91406384,0.00000000,492002
2026-06-18,950197,2036-01-01,13.01379341,0.00000000,492002
2026-06-18,950197,2036-07-01,12.14627568,0.00000000,492002
2026-06-18,950197,2037-01-01,11.28590624,0.00000000,492002
2026-06-18,950198,2029-01-01,701.75853506,0.00000000,432270
2026-06-18,950198,2031-01-01,532.40330468,0.00000000,144097
2026-06-18,950198,2033-01-01,402.64223136,0.00000000,308445
2026-06-18,950198,2035-01-01,305.60024193,0.00000000,2191046
2026-06-18,950198,2037-01-01,231.22663695,0.00000000,492002
2026-06-18,950199,2027-01-01,1021.22444007,0.00000000,121407519
2026-06-18,950199,2029-01-01,948.03218488,0.00000000,119447143
2026-06-18,950199,2031-01-01,894.19221711,0.00000000,207239082
2026-06-18,950199,2033-01-01,851.71180216,0.00000000,9687-77-36
2026-06-18,950199,2035-01-01,820.47880913,0.00000000,116927776
2026-06-18,950199,2037-01-01,795.76650952,0.00000000,4067-32-35
2026-06-19,210100,2026-09-01,19240.17863261,0.00000000,9072070
2026-06-19,210100,2027-03-01,19230.83055520,0.00000000,2917-49-27
2026-06-19,210100,2027-09-01,19221.01418918,0.00000000,2845-29-97
2026-06-19,210100,2028-03-01,19210.10316186,0.00000000,1738-87-26
2026-06-19,210100,2028-09-01,19195.46014964,0.00000000,2035-04-27
2026-06-19,210100,2029-03-01,19179.00305981,0.00000000,1869-92-12
2026-06-19,210100,2029-09-01,19160.70470508,0.00000000,1696-96-86
2026-06-19,210100,2030-03-01,19143.20071363,0.00000000,1402-90-41
2026-06-19,210100,2030-06-01,19133.77032673,0.00000000,1039-95-64
2026-06-19,210100,2030-09-01,19123.05376120,0.00000000,1141-64-73
2026-06-19,210100,2030-12-01,19115.89887508,0.00000000,7592691
2026-06-19,210100,2031-03-01,19105.05632638,0.00000000,1230-35-39
2026-06-19,210100,2031-06-01,19093.97488026,0.00000000,9942990
2026-06-19,210100,2031-09-01,19083.84487739,0.00000000,8487474
2026-06-19,210100,2031-12-01,19063.67540848,0.00000000,6974714
2026-06-19,210100,2032-03-01,19051.72471996,0.00000000,9207515
2026-06-19,210100,2032-06-01,19028.27289363,0.00000000,1350-78-56
2026-06-19,100000,2026-07-01,995.07265001,0.00000000,219219336
2026-06-19,100000,2026-10-01,960.20308600,0.00000000,148065482
2026-06-19,100000,2027-01-01,927.53526911,0.00000000,6115025
2026-06-19,100000,2027-04-01,896.16556313,0.00000000,140272805
2026-06-19,100000,2027-07-01,864.28379946,0.00000000,119930445
2026-06-19,100000,2027-10-01,832.65582508,0.00000000,124138520
2026-06-19,100000,2028-01-01,803.46837240,0.00000000,7442-44-29
2026-06-19,100000,2028-04-01,775.28561774,0.00000000,2865-95-42
2026-06-19,100000,2028-07-01,748.39645990,0.00000000,3014-25-94
2026-06-19,100000,2029-01-01,697.33038774,0.00000000,250641850
2026-06-19,100000,2029-07-01,649.66129686,0.00000000,222222458
2026-06-19,100000,2030-01-01,605.65165166,0.00000000,158442275
2026-06-19,100000,2031-01-01,525.96599971,0.00000000,4954002
2026-06-19,100000,2032-01-01,456.27320224,0.00000000,189444828
2026-06-19,760197,2026-08-15,137.48620305,0.00000000,3724578
2026-06-19,760197,2026-11-15,134.48363229,0.00000000,3913988
2026-06-19,760197,2027-02-15,132.11200869,0.00000000,3205130
2026-06-19,760197,2027-05-15,129.64367040,0.00000000,3913988
2026-06-19,760197,2027-08-15,126.86521023,0.00000000,3205130
2026-06-19,760197,2027-11-15,124.11043736,0.00000000,3902931
2026-06-19,760197,2028-02-15,121.19603801,0.00000000,3205130
2026-06-19,760197,2028-05-15,118.60968044,0.00000000,3902931
2026-06-19,760197,2028-08-15,115.96437145,0.00000000,3205130
2026-06-19,760197,2028-11-15,113.64388152,0.00000000,3902931
2026-06-19,760197,2029-02-15,111.52826206,0.00000000,2882931
2026-06-19,760197,2029-05-15,109.35934665,0.00000000,3902931
2026-06-19,760197,2029-08-15,106.96842701,0.00000000,2882931
2026-06-19,760197,2029-11-15,104.63162124,0.00000000,3725896
2026-06-19,760197,2030-02-15,102.35601504,0.00000000,2882931
2026-06-19,760197,2030-05-15,100.26051673,0.00000000,3725896
2026-06-19,760197,2030-08-15,98.09508190,0.00000000,2882931
2026-06-19,760197,2030-11-15,96.10377417,0.00000000,3725896
2026-06-19,760197,2031-02-15,94.34198951,0.00000000,2464508
2026-06-19,760197,2031-05-15,92.66858802,0.00000000,3725896
2026-06-19,760197,2031-08-15,90.72312106,0.00000000,2464508
2026-06-19,760197,2031-11-15,88.74892220,0.00000000,3715581
2026-06-19,760197,2032-02-15,86.98584038,0.00000000,2464508
2026-06-19,760197,2032-05-15,85.20171961,0.00000000,3715581
2026-06-19,760197,2032-08-15,83.49897351,0.00000000,2464508
2026-06-19,760197,2032-11-15,81.94291584,0.00000000,3715581
2026-06-19,760197,2033-02-15,80.35957843,0.00000000,2226209
2026-06-19,760197,2033-05-15,78.93022367,0.00000000,3715581
2026-06-19,760197,2033-08-15,77.43817421,0.00000000,2226209
2026-06-19,760197,2033-11-15,76.00814725,0.00000000,3646834
2026-06-19,760197,2034-02-15,74.57178464,0.00000000,2226209
2026-06-19,760197,2034-05-15,73.32264422,0.00000000,3646834
2026-06-19,760197,2034-08-15,71.95816073,0.00000000,2226209
2026-06-19,760197,2034-11-15,70.67036972,0.00000000,3646834
2026-06-19,760197,2035-02-15,69.47475956,0.00000000,2226209
2026-06-19,760197,2035-05-15,68.28922489,0.00000000,3646834
2026-06-19,760197,2035-08-15,67.06324232,0.00000000,2226209
2026-06-19,760197,2035-11-15,65.91271009,0.00000000,2018127
2026-06-19,760197,2036-02-15,64.81194401,0.00000000,2226209
2026-06-19,760197,2036-05-15,63.78909780,0.00000000,2018127
2026-06-19,760197,2036-08-15,62.68497063,0.00000000,2226209
2026-06-19,760197,2036-11-15,61.58254438,0.00000000,2018127
2026-06-19,760197,2037-02-15,60.55868296,0.00000000,2226209
2026-06-19,760197,2037-05-15,59.59017345,0.00000000,2018127
2026-06-19,760197,2037-08-15,58.52231842,0.00000000,2226209
2026-06-19,760197,2037-11-15,57.50105549,0.00000000,1960669
2026-06-19,760197,2038-02-15,56.47963807,0.00000000,2226209
2026-06-19,760197,2038-05-15,55.47705336,0.00000000,1960669
2026-06-19,760197,2038-08-15,54.43050644,0.00000000,2226209
2026-06-19,760197,2038-11-15,53.42474599,0.00000000,1960669
2026-06-19,760197,2039-02-15,52.38202993,0.00000000,2226209
2026-06-19,760197,2039-05-15,51.43303256,0.00000000,1960669
2026-06-19,760197,2039-08-15,50.43816828,0.00000000,2226209
2026-06-19,760197,2039-11-15,49.47950565,0.00000000,1960669
2026-06-19,760197,2040-02-15,48.54448198,0.00000000,2226209
2026-06-19,760197,2040-05-15,47.65041255,0.00000000,1960669
2026-06-19,760197,2040-08-15,46.74415075,0.00000000,2226209
2026-06-19,760197,2040-11-15,45.89135033,0.00000000,1960669
2026-06-19,760197,2041-02-15,45.06951128,0.00000000,1885142
2026-06-19,760197,2041-05-15,44.30306027,0.00000000,1960669
2026-06-19,760197,2041-08-15,43.47582027,0.00000000,1885142
2026-06-19,760197,2041-11-15,42.65373735,0.00000000,1960669
2026-06-19,760197,2042-02-15,41.89741820,0.00000000,1885142
2026-06-19,760197,2042-05-15,41.20348025,0.00000000,1960669
2026-06-19,760197,2042-08-15,40.44095676,0.00000000,1885142
2026-06-19,760197,2042-11-15,39.68262468,0.00000000,1960669
2026-06-19,760197,2043-02-15,39.00674058,0.00000000,1885142
2026-06-19,760197,2043-05-15,38.33239312,0.00000000,1960669
2026-06-19,760197,2043-08-15,37.62761201,0.00000000,1885142
2026-06-19,760197,2043-11-15,36.96821506,0.00000000,1960669
2026-06-19,760197,2044-02-15,36.32098792,0.00000000,1885142
2026-06-19,760197,2044-05-15,35.69571982,0.00000000,1960669
2026-06-19,760197,2044-08-15,35.05160767,0.00000000,1885142
2026-06-19,760197,2044-11-15,34.42909871,0.00000000,1960669
2026-06-19,760197,2045-02-15,33.79844365,0.00000000,1885142
2026-06-19,760197,2045-05-15,33.24535518,0.00000000,1960669
2026-06-19,760197,2045-08-15,32.63545881,0.00000000,1885142
2026-06-19,760197,2045-11-15,32.05375798,0.00000000,127551
2026-06-19,760197,2046-02-15,31.50836215,0.00000000,1885142
2026-06-19,760197,2046-05-15,30.96246143,0.00000000,127551
2026-06-19,760197,2046-08-15,30.39026917,0.00000000,1885142
2026-06-19,760197,2046-11-15,29.84502342,0.00000000,127551
2026-06-19,760197,2047-02-15,29.31739337,0.00000000,1885142
2026-06-19,760197,2047-05-15,28.82353543,0.00000000,127551
2026-06-19,760197,2047-08-15,28.28874587,0.00000000,1885142
2026-06-19,760197,2047-11-15,27.75568133,0.00000000,127551
2026-06-19,760197,2048-02-15,27.26404611,0.00000000,1885142
2026-06-19,760197,2048-05-15,26.80439478,0.00000000,127551
2026-06-19,760197,2048-08-15,26.30723881,0.00000000,1885142
2026-06-19,760197,2048-11-15,25.84204195,0.00000000,127551
2026-06-19,760197,2049-02-15,25.38563217,0.00000000,1885142
2026-06-19,760197,2049-05-15,24.94514584,0.00000000,127551
2026-06-19,760197,2049-08-15,24.49210969,0.00000000,1885142
2026-06-19,760197,2049-11-15,24.06211376,0.00000000,127551
2026-06-19,760197,2050-02-15,23.62067910,0.00000000,1885142
2026-06-19,760197,2050-05-15,23.22169355,0.00000000,127551
2026-06-19,760197,2050-08-15,22.80507445,0.00000000,1885142
2026-06-19,760197,2050-11-15,22.40363932,0.00000000,127551
2026-06-19,760197,2051-02-15,22.01030235,0.00000000,1196810
2026-06-19,760197,2051-05-15,21.64301560,0.00000000,127551
2026-06-19,760197,2051-08-15,21.25295297,0.00000000,1196810
2026-06-19,760197,2051-11-15,20.88244419,0.00000000,127551
2026-06-19,760197,2052-02-15,20.52486493,0.00000000,1196810
2026-06-19,760197,2052-05-15,20.18528964,0.00000000,127551
2026-06-19,760197,2052-08-15,19.82439079,0.00000000,1196810
2026-06-19,760197,2052-11-15,19.46514244,0.00000000,127551
2026-06-19,760197,2053-02-15,19.13407996,0.00000000,1196810
2026-06-19,760197,2053-05-15,18.82983753,0.00000000,127551
2026-06-19,760197,2053-08-15,18.49496743,0.00000000,1196810
2026-06-19,760197,2053-11-15,18.16133656,0.00000000,127551
2026-06-19,760197,2054-02-15,17.86345506,0.00000000,1196810
2026-06-19,760197,2054-05-15,17.56574242,0.00000000,127551
2026-06-19,760197,2054-08-15,17.25403459,0.00000000,1196810
2026-06-19,760197,2054-11-15,16.96186673,0.00000000,127551
2026-06-19,760197,2055-02-15,16.67457745,0.00000000,1196810
2026-06-19,760197,2055-05-15,16.39654067,0.00000000,127551
2026-06-19,760197,2055-08-15,16.10843086,0.00000000,1196810
2026-06-19,760197,2056-02-15,15.54880214,0.00000000,1196810
2026-06-19,760197,2056-08-15,15.00420902,0.00000000,1196810
2026-06-19,760197,2057-02-15,14.47091323,0.00000000,1196810
2026-06-19,760197,2057-08-15,13.95374074,0.00000000,1196810
2026-06-19,760197,2058-02-15,13.44500599,0.00000000,1196810
2026-06-19,760197,2058-08-15,12.95344834,0.00000000,1196810
2026-06-19,760197,2059-02-15,12.46789449,0.00000000,1196810
2026-06-19,760197,2059-08-15,12.00057080,0.00000000,1196810
2026-06-19,760197,2060-02-15,11.53732836,0.00000000,1196810
2026-06-19,760197,2060-08-15,11.10026525,0.00000000,1196810
2026-06-19,760198,2026-08-15,4650.61586988,0.00000000,2997651
2026-06-19,760198,2027-05-15,4385.33392907,0.00000000,11057
2026-06-19,760198,2028-08-15,3922.61720992,0.00000000,322199
2026-06-19,760198,2029-05-15,3699.19527748,0.00000000,6939132
2026-06-19,760198,2030-08-15,3318.16963825,0.00000000,418423
2026-06-19,760198,2031-05-15,3134.61275762,0.00000000,10315
2026-06-19,760198,2032-08-15,2824.44087287,0.00000000,2659752
2026-06-19,760198,2033-05-15,2669.89808919,0.00000000,68747
2026-06-19,760198,2035-05-15,2309.95507879,0.00000000,8559294
2026-06-19,760198,2037-05-15,2015.70048636,0.00000000,57458
2026-06-19,760198,2040-08-15,1581.17021534,0.00000000,4775487
2026-06-19,760198,2045-05-15,1124.55921357,0.00000000,9236860
2026-06-19,760198,2050-08-15,771.40570336,0.00000000,4724971
2026-06-19,760198,2055-05-15,554.63028695,0.00000000,127551
2026-06-19,760198,2060-08-15,375.47818311,0.00000000,1196810
2026-06-19,760199,2026-08-15,4788.10207335,0.00000000,5056-49-06
2026-06-19,760199,2027-05-15,4650.13021428,0.00000000,3313-87-63
2026-06-19,760199,2028-08-15,4556.38626447,0.00000000,4770-28-48
2026-06-19,760199,2029-05-15,4430.40480270,0.00000000,1663-69-09
2026-06-19,760199,2030-08-15,4371.68022823,0.00000000,4964-74-81
2026-06-19,760199,2031-05-15,4261.90681562,0.00000000,5038719
2026-06-19,760199,2032-08-15,4238.04010761,0.00000000,2352-93-24
2026-06-19,760199,2033-05-15,4137.33541609,0.00000000,1968-63-19
2026-06-19,760199,2035-05-15,4078.86573434,0.00000000,5680-29-54
2026-06-19,760199,2037-05-15,4054.35999118,0.00000000,5328332
2026-06-19,760199,2040-08-15,4037.31315932,0.00000000,3222-80-62
2026-06-19,760199,2045-05-15,3904.43507886,0.00000000,4059-36-92
2026-06-19,760199,2050-08-15,3927.54729648,0.00000000,4745-09-40
2026-06-19,760199,2055-05-15,3850.18734947,0.00000000,3182-27-34
2026-06-19,760199,2060-08-15,3879.94552819,0.00000000,2378-00-38
2026-06-19,770100,2031-01-01,7936.65776907,0.00000000,1104-09-15
2026-06-19,950197,2026-07-01,48.56835171,0.00000000,3622482
2026-06-19,950197,2027-01-01,45.27192982,0.00000000,3622482
2026-06-19,950197,2027-07-01,42.18469833,0.00000000,3622482
2026-06-19,950197,2028-01-01,39.21636727,0.00000000,3622482
2026-06-19,950197,2028-07-01,36.52837055,0.00000000,3622482
2026-06-19,950197,2029-01-01,34.03589430,0.00000000,3622482
2026-06-19,950197,2029-07-01,31.70922079,0.00000000,3189654
2026-06-19,950197,2030-01-01,29.56116062,0.00000000,3189654
2026-06-19,950197,2030-07-01,27.59692641,0.00000000,3189654
2026-06-19,950197,2031-01-01,25.67179558,0.00000000,3189654
2026-06-19,950197,2031-07-01,23.95946568,0.00000000,3041243
2026-06-19,950197,2032-01-01,22.27017029,0.00000000,3041243
2026-06-19,950197,2032-07-01,20.75084971,0.00000000,3041243
2026-06-19,950197,2033-01-01,19.32198207,0.00000000,3041243
2026-06-19,950197,2033-07-01,18.00272885,0.00000000,2704636
2026-06-19,950197,2034-01-01,16.75417787,0.00000000,2704636
2026-06-19,950197,2034-07-01,15.60800563,0.00000000,2704636
2026-06-19,950197,2035-01-01,14.62478781,0.00000000,2704636
2026-06-19,950197,2035-07-01,13.62642706,0.00000000,492002
2026-06-19,950197,2036-01-01,12.75579415,0.00000000,492002
2026-06-19,950197,2036-07-01,11.89289143,0.00000000,492002
2026-06-19,950197,2037-01-01,11.02309491,0.00000000,492002
2026-06-19,950198,2029-01-01,697.33038774,0.00000000,432828
2026-06-19,950198,2031-01-01,525.96599971,0.00000000,148411
2026-06-19,950198,2033-01-01,395.87046337,0.00000000,336607
2026-06-19,950198,2035-01-01,299.63393544,0.00000000,2212634
2026-06-19,950198,2037-01-01,225.84213532,0.00000000,492002
2026-06-19,950199,2027-01-01,1021.37538109,0.00000000,120854242
2026-06-19,950199,2029-01-01,943.09408392,0.00000000,119654238
2026-06-19,950199,2031-01-01,886.10486709,0.00000000,207234768
2026-06-19,950199,2033-01-01,841.98066413,0.00000000,9615-77-98
2026-06-19,950199,2035-01-01,810.23681419,0.00000000,116906188
2026-06-19,950199,2037-01-01,785.06492326,0.00000000,4068-16-15
2026-06-20,210100,2026-09-01,19250.54793747,0.00000000,9028248
2026-06-20,210100,2027-03-01,19241.00222874,0.00000000,2917-35-93
2026-06-20,210100,2027-09-01,19231.16046656,0.00000000,2845-29-97
2026-06-20,210100,2028-03-01,19220.14142928,0.00000000,1738-66-27
2026-06-20,210100,2028-09-01,19205.54483056,0.00000000,2035-04-27
2026-06-20,210100,2029-03-01,19189.12131462,0.00000000,1869-74-29
2026-06-20,210100,2029-09-01,19170.87211462,0.00000000,1696-96-86
2026-06-20,210100,2030-03-01,19153.29409422,0.00000000,1402-90-41
2026-06-20,210100,2030-06-01,19143.85684130,0.00000000,1039-95-64
2026-06-20,210100,2030-09-01,19133.21294344,0.00000000,1141-64-73
2026-06-20,210100,2030-12-01,19126.05425626,0.00000000,7592691
2026-06-20,210100,2031-03-01,19115.20927994,0.00000000,1230-49-96
2026-06-20,210100,2031-06-01,19104.12504818,0.00000000,9942990
2026-06-20,210100,2031-09-01,19093.79471622,0.00000000,8487474
2026-06-20,210100,2031-12-01,19073.82042639,0.00000000,6974714
2026-06-20,210100,2032-03-01,19061.86617202,0.00000000,9207515
2026-06-20,210100,2032-06-01,19038.29968786,0.00000000,1350-78-56
2026-06-20,100000,2026-07-01,995.64098354,0.00000000,217714583
2026-06-20,100000,2026-10-01,960.96075763,0.00000000,150416214
2026-06-20,100000,2027-01-01,928.48159918,0.00000000,6105829
2026-06-20,100000,2027-04-01,897.08955497,0.00000000,141380958
2026-06-20,100000,2027-07-01,865.11715889,0.00000000,120661721
2026-06-20,100000,2027-10-01,833.22002508,0.00000000,124138520
2026-06-20,100000,2028-01-01,803.81695087,0.00000000,7503-20-97
2026-06-20,100000,2028-04-01,775.24610762,0.00000000,2865-95-42
2026-06-20,100000,2028-07-01,748.36262556,0.00000000,3014-25-94
2026-06-20,100000,2029-01-01,697.11951580,0.00000000,250697192
2026-06-20,100000,2029-07-01,649.35476326,0.00000000,222222458
2026-06-20,100000,2030-01-01,605.07752538,0.00000000,158442275
2026-06-20,100000,2031-01-01,525.03387002,0.00000000,4949722
2026-06-20,100000,2032-01-01,455.22785598,0.00000000,188950828
2026-06-20,760197,2026-08-15,137.59983158,0.00000000,3725616
2026-06-20,760197,2026-11-15,134.59631939,0.00000000,3927349
2026-06-20,760197,2027-02-15,132.20554961,0.00000000,3206168
2026-06-20,760197,2027-05-15,129.71995348,0.00000000,3927349
2026-06-20,760197,2027-08-15,126.93066187,0.00000000,3206168
2026-06-20,760197,2027-11-15,124.15361636,0.00000000,3916292
2026-06-20,760197,2028-02-15,121.20686666,0.00000000,3206168
2026-06-20,760197,2028-05-15,118.58971734,0.00000000,3916292
2026-06-20,760197,2028-08-15,115.91963272,0.00000000,3206168
2026-06-20,760197,2028-11-15,113.58924188,0.00000000,3916292
2026-06-20,760197,2029-02-15,111.46664111,0.00000000,2883969
2026-06-20,760197,2029-05-15,109.27954717,0.00000000,3916292
2026-06-20,760197,2029-08-15,106.86779053,0.00000000,2883969
2026-06-20,760197,2029-11-15,104.52578600,0.00000000,3738496
2026-06-20,760197,2030-02-15,102.25117576,0.00000000,2883969
2026-06-20,760197,2030-05-15,100.15293160,0.00000000,3738496
2026-06-20,760197,2030-08-15,97.96774077,0.00000000,2883969
2026-06-20,760197,2030-11-15,95.90371322,0.00000000,3738496
2026-06-20,760197,2031-02-15,94.04351851,0.00000000,2465546
2026-06-20,760197,2031-05-15,92.30996867,0.00000000,3738496
2026-06-20,760197,2031-08-15,90.34368468,0.00000000,2465546
2026-06-20,760197,2031-11-15,88.35869563,0.00000000,3728181
2026-06-20,760197,2032-02-15,86.58981588,0.00000000,2465546
2026-06-20,760197,2032-05-15,84.79797787,0.00000000,3728181
2026-06-20,760197,2032-08-15,83.07914755,0.00000000,2465546
2026-06-20,760197,2032-11-15,81.50166729,0.00000000,3728181
2026-06-20,760197,2033-02-15,79.90407283,0.00000000,2226209
2026-06-20,760197,2033-05-15,78.47910716,0.00000000,3728181
2026-06-20,760197,2033-08-15,77.00680636,0.00000000,2226209
2026-06-20,760197,2033-11-15,75.60040873,0.00000000,3659434
2026-06-20,760197,2034-02-15,74.19176227,0.00000000,2226209
2026-06-20,760197,2034-05-15,72.96931008,0.00000000,3659434
2026-06-20,760197,2034-08-15,71.63584654,0.00000000,2226209
2026-06-20,760197,2034-11-15,70.37810962,0.00000000,3659434
2026-06-20,760197,2035-02-15,69.21002349,0.00000000,2226209
2026-06-20,760197,2035-05-15,68.05027073,0.00000000,3659434
2026-06-20,760197,2035-08-15,66.84654301,0.00000000,2226209
2026-06-20,760197,2035-11-15,65.71052946,0.00000000,2018127
2026-06-20,760197,2036-02-15,64.61713777,0.00000000,2226209
2026-06-20,760197,2036-05-15,63.59484001,0.00000000,2018127
2026-06-20,760197,2036-08-15,62.48392668,0.00000000,2226209
2026-06-20,760197,2036-11-15,61.36662217,0.00000000,2018127
2026-06-20,760197,2037-02-15,60.32143406,0.00000000,2226209
2026-06-20,760197,2037-05-15,59.32603944,0.00000000,2018127
2026-06-20,760197,2037-08-15,58.23485347,0.00000000,2226209
2026-06-20,760197,2037-11-15,57.20808479,0.00000000,1960669
2026-06-20,760197,2038-02-15,56.19519592,0.00000000,2226209
2026-06-20,760197,2038-05-15,55.21238909,0.00000000,1960669
2026-06-20,760197,2038-08-15,54.19616504,0.00000000,2226209
2026-06-20,760197,2038-11-15,53.22656137,0.00000000,1960669
2026-06-20,760197,2039-02-15,52.22610621,0.00000000,2226209
2026-06-20,760197,2039-05-15,51.31755325,0.00000000,1960669
2026-06-20,760197,2039-08-15,50.36464268,0.00000000,2226209
2026-06-20,760197,2039-11-15,49.44338805,0.00000000,1960669
2026-06-20,760197,2040-02-15,48.53921135,0.00000000,2226209
2026-06-20,760197,2040-05-15,47.66650286,0.00000000,1960669
2026-06-20,760197,2040-08-15,46.77028679,0.00000000,2226209
2026-06-20,760197,2040-11-15,45.92013810,0.00000000,1960669
2026-06-20,760197,2041-02-15,45.10078878,0.00000000,1885142
2026-06-20,760197,2041-05-15,44.33655977,0.00000000,1960669
2026-06-20,760197,2041-08-15,43.51155994,0.00000000,1885142
2026-06-20,760197,2041-11-15,42.69148390,0.00000000,1960669
2026-06-20,760197,2042-02-15,41.93676310,0.00000000,1885142
2026-06-20,760197,2042-05-15,41.24403457,0.00000000,1960669
2026-06-20,760197,2042-08-15,40.48249989,0.00000000,1885142
2026-06-20,760197,2042-11-15,39.72473407,0.00000000,1960669
2026-06-20,760197,2043-02-15,39.04894625,0.00000000,1885142
2026-06-20,760197,2043-05-15,38.37425486,0.00000000,1960669
2026-06-20,760197,2043-08-15,37.66858139,0.00000000,1885142
2026-06-20,760197,2043-11-15,37.00779406,0.00000000,1960669
2026-06-20,760197,2044-02-15,36.35861819,0.00000000,1885142
2026-06-20,760197,2044-05-15,35.73085850,0.00000000,1960669
2026-06-20,760197,2044-08-15,35.08348946,0.00000000,1885142
2026-06-20,760197,2044-11-15,34.45710236,0.00000000,1960669
2026-06-20,760197,2045-02-15,33.82171744,0.00000000,1885142
2026-06-20,760197,2045-05-15,33.26376035,0.00000000,1960669
2026-06-20,760197,2045-08-15,32.64898980,0.00000000,1885142
2026-06-20,760197,2045-11-15,32.06420550,0.00000000,127551
2026-06-20,760197,2046-02-15,31.51718932,0.00000000,1885142
2026-06-20,760197,2046-05-15,30.97077833,0.00000000,127551
2026-06-20,760197,2046-08-15,30.39910542,0.00000000,1885142
2026-06-20,760197,2046-11-15,29.85521401,0.00000000,127551
2026-06-20,760197,2047-02-15,29.32954867,0.00000000,1885142
2026-06-20,760197,2047-05-15,28.83797962,0.00000000,127551
2026-06-20,760197,2047-08-15,28.30600301,0.00000000,1885142
2026-06-20,760197,2047-11-15,27.77591211,0.00000000,127551
2026-06-20,760197,2048-02-15,27.28700061,0.00000000,1885142
2026-06-20,760197,2048-05-15,26.82972774,0.00000000,127551
2026-06-20,760197,2048-08-15,26.33478642,0.00000000,1885142
2026-06-20,760197,2048-11-15,25.87114930,0.00000000,127551
2026-06-20,760197,2049-02-15,25.41560910,0.00000000,1885142
2026-06-20,760197,2049-05-15,24.97516545,0.00000000,127551
2026-06-20,760197,2049-08-15,24.52116210,0.00000000,1885142
2026-06-20,760197,2049-11-15,24.08910390,0.00000000,127551
2026-06-20,760197,2050-02-15,23.64417532,0.00000000,1885142
2026-06-20,760197,2050-05-15,23.24063220,0.00000000,127551
2026-06-20,760197,2050-08-15,22.81761580,0.00000000,1885142
2026-06-20,760197,2050-11-15,22.40862630,0.00000000,127551
2026-06-20,760197,2051-02-15,22.00691043,0.00000000,1196810
2026-06-20,760197,2051-05-15,21.63094110,0.00000000,127551
2026-06-20,760197,2051-08-15,21.23076849,0.00000000,1196810
2026-06-20,760197,2051-11-15,20.84983000,0.00000000,127551
2026-06-20,760197,2052-02-15,20.48144478,0.00000000,1196810
2026-06-20,760197,2052-05-15,20.13095837,0.00000000,127551
2026-06-20,760197,2052-08-15,19.75779907,0.00000000,1196810
2026-06-20,760197,2052-11-15,19.38570088,0.00000000,127551
2026-06-20,760197,2053-02-15,19.04226060,0.00000000,1196810
2026-06-20,760197,2053-05-15,18.72622031,0.00000000,127551
2026-06-20,760197,2053-08-15,18.37793342,0.00000000,1196810
2026-06-20,760197,2053-11-15,18.03052881,0.00000000,127551
2026-06-20,760197,2054-02-15,17.72004605,0.00000000,1196810
2026-06-20,760197,2054-05-15,17.40949262,0.00000000,127551
2026-06-20,760197,2054-08-15,17.08412100,0.00000000,1196810
2026-06-20,760197,2054-11-15,16.77898712,0.00000000,127551
2026-06-20,760197,2055-02-15,16.47884389,0.00000000,1196810
2026-06-20,760197,2055-05-15,16.18831289,0.00000000,127551
2026-06-20,760197,2055-08-15,15.88846739,0.00000000,1196810
2026-06-20,760197,2056-02-15,15.31267004,0.00000000,1196810
2026-06-20,760197,2056-08-15,14.75997984,0.00000000,1196810
2026-06-20,760197,2057-02-15,14.22518402,0.00000000,1196810
2026-06-20,760197,2057-08-15,13.71180992,0.00000000,1196810
2026-06-20,760197,2058-02-15,13.21105733,0.00000000,1196810
2026-06-20,760197,2058-08-15,12.73044338,0.00000000,1196810
2026-06-20,760197,2059-02-15,12.25804745,0.00000000,1196810
2026-06-20,760197,2059-08-15,11.80483797,0.00000000,1196810
2026-06-20,760197,2060-02-15,11.35621303,0.00000000,1196810
2026-06-20,760197,2060-08-15,10.93275794,0.00000000,1196810
2026-06-20,760198,2026-08-15,4654.45947475,0.00000000,2992750
2026-06-20,760198,2027-05-15,4387.91428479,0.00000000,11057
2026-06-20,760198,2028-08-15,3921.10387517,0.00000000,322199
2026-06-20,760198,2029-05-15,3696.49597600,0.00000000,6934227
2026-06-20,760198,2030-08-15,3313.86219038,0.00000000,418423
2026-06-20,760198,2031-05-15,3122.48207981,0.00000000,10315
2026-06-20,760198,2032-08-15,2810.23981680,0.00000000,2712126
2026-06-20,760198,2033-05-15,2654.63859724,0.00000000,68747
2026-06-20,760198,2035-05-15,2301.87220237,0.00000000,8568154
2026-06-20,760198,2037-05-15,2006.76587456,0.00000000,57458
2026-06-20,760198,2040-08-15,1582.05429475,0.00000000,4784720
2026-06-20,760198,2045-05-15,1125.18178818,0.00000000,9231879
2026-06-20,760198,2050-08-15,771.82992776,0.00000000,4734773
2026-06-20,760198,2055-05-15,547.58676266,0.00000000,127551
2026-06-20,760198,2060-08-15,369.81207172,0.00000000,1196810
2026-06-20,760199,2026-08-15,4792.05930675,0.00000000,5056-46-67
2026-06-20,760199,2027-05-15,4652.86637765,0.00000000,3313-87-63
2026-06-20,760199,2028-08-15,4554.92962591,0.00000000,4770-28-48
2026-06-20,760199,2029-05-15,4427.60595387,0.00000000,1663-61-48
2026-06-20,760199,2030-08-15,4367.02928730,0.00000000,4964-73-59
2026-06-20,760199,2031-05-15,4247.88837881,0.00000000,5038719
2026-06-20,760199,2032-08-15,4220.97292632,0.00000000,2352-80-14
2026-06-20,760199,2033-05-15,4118.48383703,0.00000000,1968-63-19
2026-06-20,760199,2035-05-15,4068.46085066,0.00000000,5655-58-15
2026-06-20,760199,2037-05-15,4042.01272783,0.00000000,5330430
2026-06-20,760199,2040-08-15,4039.57054149,0.00000000,3210-72-89
2026-06-20,760199,2045-05-15,3906.59663879,0.00000000,4059-47-96
2026-06-20,760199,2050-08-15,3929.70719934,0.00000000,4754-81-55
2026-06-20,760199,2055-05-15,3830.06884416,0.00000000,3182-24-00
2026-06-20,760199,2060-08-15,3859.29028057,0.00000000,2382-94-17
2026-06-20,770100,2031-01-01,7926.32357503,0.00000000,1104-09-15
2026-06-20,950197,2026-07-01,48.59609142,0.00000000,3622482
2026-06-20,950197,2027-01-01,45.31811910,0.00000000,3622482
2026-06-20,950197,2027-07-01,42.22537364,0.00000000,3622482
2026-06-20,950197,2028-01-01,39.23338098,0.00000000,3622482
2026-06-20,950197,2028-07-01,36.52671914,0.00000000,3622482
2026-06-20,950197,2029-01-01,34.02560188,0.00000000,3622482
2026-06-20,950197,2029-07-01,31.69425924,0.00000000,3189654
2026-06-20,950197,2030-01-01,29.53313817,0.00000000,3189654
2026-06-20,950197,2030-07-01,27.54584076,0.00000000,3189654
2026-06-20,950197,2031-01-01,25.62629941,0.00000000,3189654
2026-06-20,950197,2031-07-01,23.93167677,0.00000000,3041243
2026-06-20,950197,2032-01-01,22.21914814,0.00000000,3041243
2026-06-20,950197,2032-07-01,20.69803104,0.00000000,3041243
2026-06-20,950197,2033-01-01,19.28943318,0.00000000,3041243
2026-06-20,950197,2033-07-01,17.96935258,0.00000000,2704636
2026-06-20,950197,2034-01-01,16.76920158,0.00000000,2704636
2026-06-20,950197,2034-07-01,15.62234595,0.00000000,2704636
2026-06-20,950197,2035-01-01,14.59547760,0.00000000,2704636
2026-06-20,950197,2035-07-01,13.59709967,0.00000000,492002
2026-06-20,950197,2036-01-01,12.70548714,0.00000000,492002
2026-06-20,950197,2036-07-01,11.84324232,0.00000000,492002
2026-06-20,950197,2037-01-01,11.01436751,0.00000000,492002
2026-06-20,950198,2029-01-01,697.11951580,0.00000000,432828
2026-06-20,950198,2031-01-01,525.03387002,0.00000000,148411
2026-06-20,950198,2033-01-01,395.20359895,0.00000000,336607
2026-06-20,950198,2035-01-01,299.03342528,0.00000000,2212634
2026-06-20,950198,2037-01-01,225.66332761,0.00000000,492002
2026-06-20,950199,2027-01-01,1022.39565938,0.00000000,120854170
2026-06-20,950199,2029-01-01,943.00244804,0.00000000,119754055
2026-06-20,950199,2031-01-01,885.15114837,0.00000000,207234374
2026-06-20,950199,2033-01-01,841.12957709,0.00000000,9466-97-55
2026-06-20,950199,2035-01-01,809.42165012,0.00000000,116902267
2026-06-20,950199,2037-01-01,784.54112424,0.00000000,4068-48-19
2026-06-22,210100,2026-09-01,19250.54793747,0.00000000,9028248
2026-06-22,210100,2027-03-01,19241.00222874,0.00000000,2917-35-93
2026-06-22,210100,2027-09-01,19231.16046656,0.00000000,2845-29-97
2026-06-22,210100,2028-03-01,19220.14142928,0.00000000,1738-66-27
2026-06-22,210100,2028-09-01,19205.54483056,0.00000000,2035-04-27
2026-06-22,210100,2029-03-01,19189.12131462,0.00000000,1869-74-29
2026-06-22,210100,2029-09-01,19170.87211462,0.00000000,1696-96-86
2026-06-22,210100,2030-03-01,19153.29409422,0.00000000,1402-90-41
2026-06-22,210100,2030-06-01,19143.85684130,0.00000000,1039-95-64
2026-06-22,210100,2030-09-01,19133.21294344,0.00000000,1141-64-73
2026-06-22,210100,2030-12-01,19126.05425626,0.00000000,7592691
2026-06-22,210100,2031-03-01,19115.20927994,0.00000000,1230-49-96
2026-06-22,210100,2031-06-01,19104.12504818,0.00000000,9942990
2026-06-22,210100,2031-09-01,19093.79471622,0.00000000,8487474
2026-06-22,210100,2031-12-01,19073.82042639,0.00000000,6974714
2026-06-22,210100,2032-03-01,19061.86617202,0.00000000,9207515
2026-06-22,210100,2032-06-01,19038.29968786,0.00000000,1350-78-56
2026-06-22,100000,2026-07-01,995.64098354,0.00000000,217714583
2026-06-22,100000,2026-10-01,960.96075763,0.00000000,150416214
2026-06-22,100000,2027-01-01,928.48159918,0.00000000,6105829
2026-06-22,100000,2027-04-01,897.08955497,0.00000000,141380958
2026-06-22,100000,2027-07-01,865.11715889,0.00000000,120661721
2026-06-22,100000,2027-10-01,833.22002508,0.00000000,124138520
2026-06-22,100000,2028-01-01,803.81695087,0.00000000,7503-20-97
2026-06-22,100000,2028-04-01,775.24610762,0.00000000,2865-95-42
2026-06-22,100000,2028-07-01,748.36262556,0.00000000,3014-25-94
2026-06-22,100000,2029-01-01,697.11951580,0.00000000,250697192
2026-06-22,100000,2029-07-01,649.35476326,0.00000000,222222458
2026-06-22,100000,2030-01-01,605.07752538,0.00000000,158442275
2026-06-22,100000,2031-01-01,525.03387002,0.00000000,4949722
2026-06-22,100000,2032-01-01,455.22785598,0.00000000,188950828
2026-06-22,760197,2026-08-15,137.59983158,0.00000000,3725616
2026-06-22,760197,2026-11-15,134.59631939,0.00000000,3927349
2026-06-22,760197,2027-02-15,132.20554961,0.00000000,3206168
2026-06-22,760197,2027-05-15,129.71995348,0.00000000,3927349
2026-06-22,760197,2027-08-15,126.93066187,0.00000000,3206168
2026-06-22,760197,2027-11-15,124.15361636,0.00000000,3916292
2026-06-22,760197,2028-02-15,121.20686666,0.00000000,3206168
2026-06-22,760197,2028-05-15,118.58971734,0.00000000,3916292
2026-06-22,760197,2028-08-15,115.91963272,0.00000000,3206168
2026-06-22,760197,2028-11-15,113.58924188,0.00000000,3916292
2026-06-22,760197,2029-02-15,111.46664111,0.00000000,2883969
2026-06-22,760197,2029-05-15,109.27954717,0.00000000,3916292
2026-06-22,760197,2029-08-15,106.86779053,0.00000000,2883969
2026-06-22,760197,2029-11-15,104.52578600,0.00000000,3738496
2026-06-22,760197,2030-02-15,102.25117576,0.00000000,2883969
2026-06-22,760197,2030-05-15,100.15293160,0.00000000,3738496
2026-06-22,760197,2030-08-15,97.96774077,0.00000000,2883969
2026-06-22,760197,2030-11-15,95.90371322,0.00000000,3738496
2026-06-22,760197,2031-02-15,94.04351851,0.00000000,2465546
2026-06-22,760197,2031-05-15,92.30996867,0.00000000,3738496
2026-06-22,760197,2031-08-15,90.34368468,0.00000000,2465546
2026-06-22,760197,2031-11-15,88.35869563,0.00000000,3728181
2026-06-22,760197,2032-02-15,86.58981588,0.00000000,2465546
2026-06-22,760197,2032-05-15,84.79797787,0.00000000,3728181
2026-06-22,760197,2032-08-15,83.07914755,0.00000000,2465546
2026-06-22,760197,2032-11-15,81.50166729,0.00000000,3728181
2026-06-22,760197,2033-02-15,79.90407283,0.00000000,2226209
2026-06-22,760197,2033-05-15,78.47910716,0.00000000,3728181
2026-06-22,760197,2033-08-15,77.00680636,0.00000000,2226209
2026-06-22,760197,2033-11-15,75.60040873,0.00000000,3659434
2026-06-22,760197,2034-02-15,74.19176227,0.00000000,2226209
2026-06-22,760197,2034-05-15,72.96931008,0.00000000,3659434
2026-06-22,760197,2034-08-15,71.63584654,0.00000000,2226209
2026-06-22,760197,2034-11-15,70.37810962,0.00000000,3659434
2026-06-22,760197,2035-02-15,69.21002349,0.00000000,2226209
2026-06-22,760197,2035-05-15,68.05027073,0.00000000,3659434
2026-06-22,760197,2035-08-15,66.84654301,0.00000000,2226209
2026-06-22,760197,2035-11-15,65.71052946,0.00000000,2018127
2026-06-22,760197,2036-02-15,64.61713777,0.00000000,2226209
2026-06-22,760197,2036-05-15,63.59484001,0.00000000,2018127
2026-06-22,760197,2036-08-15,62.48392668,0.00000000,2226209
2026-06-22,760197,2036-11-15,61.36662217,0.00000000,2018127
2026-06-22,760197,2037-02-15,60.32143406,0.00000000,2226209
2026-06-22,760197,2037-05-15,59.32603944,0.00000000,2018127
2026-06-22,760197,2037-08-15,58.23485347,0.00000000,2226209
2026-06-22,760197,2037-11-15,57.20808479,0.00000000,1960669
2026-06-22,760197,2038-02-15,56.19519592,0.00000000,2226209
2026-06-22,760197,2038-05-15,55.21238909,0.00000000,1960669
2026-06-22,760197,2038-08-15,54.19616504,0.00000000,2226209
2026-06-22,760197,2038-11-15,53.22656137,0.00000000,1960669
2026-06-22,760197,2039-02-15,52.22610621,0.00000000,2226209
2026-06-22,760197,2039-05-15,51.31755325,0.00000000,1960669
2026-06-22,760197,2039-08-15,50.36464268,0.00000000,2226209
2026-06-22,760197,2039-11-15,49.44338805,0.00000000,1960669
2026-06-22,760197,2040-02-15,48.53921135,0.00000000,2226209
2026-06-22,760197,2040-05-15,47.66650286,0.00000000,1960669
2026-06-22,760197,2040-08-15,46.77028679,0.00000000,2226209
2026-06-22,760197,2040-11-15,45.92013810,0.00000000,1960669
2026-06-22,760197,2041-02-15,45.10078878,0.00000000,1885142
2026-06-22,760197,2041-05-15,44.33655977,0.00000000,1960669
2026-06-22,760197,2041-08-15,43.51155994,0.00000000,1885142
2026-06-22,760197,2041-11-15,42.69148390,0.00000000,1960669
2026-06-22,760197,2042-02-15,41.93676310,0.00000000,1885142
2026-06-22,760197,2042-05-15,41.24403457,0.00000000,1960669
2026-06-22,760197,2042-08-15,40.48249989,0.00000000,1885142
2026-06-22,760197,2042-11-15,39.72473407,0.00000000,1960669
2026-06-22,760197,2043-02-15,39.04894625,0.00000000,1885142
2026-06-22,760197,2043-05-15,38.37425486,0.00000000,1960669
2026-06-22,760197,2043-08-15,37.66858139,0.00000000,1885142
2026-06-22,760197,2043-11-15,37.00779406,0.00000000,1960669
2026-06-22,760197,2044-02-15,36.35861819,0.00000000,1885142
2026-06-22,760197,2044-05-15,35.73085850,0.00000000,1960669
2026-06-22,760197,2044-08-15,35.08348946,0.00000000,1885142
2026-06-22,760197,2044-11-15,34.45710236,0.00000000,1960669
2026-06-22,760197,2045-02-15,33.82171744,0.00000000,1885142
2026-06-22,760197,2045-05-15,33.26376035,0.00000000,1960669
2026-06-22,760197,2045-08-15,32.64898980,0.00000000,1885142
2026-06-22,760197,2045-11-15,32.06420550,0.00000000,127551
2026-06-22,760197,2046-02-15,31.51718932,0.00000000,1885142
2026-06-22,760197,2046-05-15,30.97077833,0.00000000,127551
2026-06-22,760197,2046-08-15,30.39910542,0.00000000,1885142
2026-06-22,760197,2046-11-15,29.85521401,0.00000000,127551
2026-06-22,760197,2047-02-15,29.32954867,0.00000000,1885142
2026-06-22,760197,2047-05-15,28.83797962,0.00000000,127551
2026-06-22,760197,2047-08-15,28.30600301,0.00000000,1885142
2026-06-22,760197,2047-11-15,27.77591211,0.00000000,127551
2026-06-22,760197,2048-02-15,27.28700061,0.00000000,1885142
2026-06-22,760197,2048-05-15,26.82972774,0.00000000,127551
2026-06-22,760197,2048-08-15,26.33478642,0.00000000,1885142
2026-06-22,760197,2048-11-15,25.87114930,0.00000000,127551
2026-06-22,760197,2049-02-15,25.41560910,0.00000000,1885142
2026-06-22,760197,2049-05-15,24.97516545,0.00000000,127551
2026-06-22,760197,2049-08-15,24.52116210,0.00000000,1885142
2026-06-22,760197,2049-11-15,24.08910390,0.00000000,127551
2026-06-22,760197,2050-02-15,23.64417532,0.00000000,1885142
2026-06-22,760197,2050-05-15,23.24063220,0.00000000,127551
2026-06-22,760197,2050-08-15,22.81761580,0.00000000,1885142
2026-06-22,760197,2050-11-15,22.40862630,0.00000000,127551
2026-06-22,760197,2051-02-15,22.00691043,0.00000000,1196810
2026-06-22,760197,2051-05-15,21.63094110,0.00000000,127551
2026-06-22,760197,2051-08-15,21.23076849,0.00000000,1196810
2026-06-22,760197,2051-11-15,20.84983000,0.00000000,127551
2026-06-22,760197,2052-02-15,20.48144478,0.00000000,1196810
2026-06-22,760197,2052-05-15,20.13095837,0.00000000,127551
2026-06-22,760197,2052-08-15,19.75779907,0.00000000,1196810
2026-06-22,760197,2052-11-15,19.38570088,0.00000000,127551
2026-06-22,760197,2053-02-15,19.04226060,0.00000000,1196810
2026-06-22,760197,2053-05-15,18.72622031,0.00000000,127551
2026-06-22,760197,2053-08-15,18.37793342,0.00000000,1196810
2026-06-22,760197,2053-11-15,18.03052881,0.00000000,127551
2026-06-22,760197,2054-02-15,17.72004605,0.00000000,1196810
2026-06-22,760197,2054-05-15,17.40949262,0.00000000,127551
2026-06-22,760197,2054-08-15,17.08412100,0.00000000,1196810
2026-06-22,760197,2054-11-15,16.77898712,0.00000000,127551
2026-06-22,760197,2055-02-15,16.47884389,0.00000000,1196810
2026-06-22,760197,2055-05-15,16.18831289,0.00000000,127551
2026-06-22,760197,2055-08-15,15.88846739,0.00000000,1196810
2026-06-22,760197,2056-02-15,15.31267004,0.00000000,1196810
2026-06-22,760197,2056-08-15,14.75997984,0.00000000,1196810
2026-06-22,760197,2057-02-15,14.22518402,0.00000000,1196810
2026-06-22,760197,2057-08-15,13.71180992,0.00000000,1196810
2026-06-22,760197,2058-02-15,13.21105733,0.00000000,1196810
2026-06-22,760197,2058-08-15,12.73044338,0.00000000,1196810
2026-06-22,760197,2059-02-15,12.25804745,0.00000000,1196810
2026-06-22,760197,2059-08-15,11.80483797,0.00000000,1196810
2026-06-22,760197,2060-02-15,11.35621303,0.00000000,1196810
2026-06-22,760197,2060-08-15,10.93275794,0.00000000,1196810
2026-06-22,760198,2026-08-15,4654.45947475,0.00000000,2992750
2026-06-22,760198,2027-05-15,4387.91428479,0.00000000,11057
2026-06-22,760198,2028-08-15,3921.10387517,0.00000000,322199
2026-06-22,760198,2029-05-15,3696.49597600,0.00000000,6934227
2026-06-22,760198,2030-08-15,3313.86219038,0.00000000,418423
2026-06-22,760198,2031-05-15,3122.48207981,0.00000000,10315
2026-06-22,760198,2032-08-15,2810.23981680,0.00000000,2712126
2026-06-22,760198,2033-05-15,2654.63859724,0.00000000,68747
2026-06-22,760198,2035-05-15,2301.87220237,0.00000000,8568154
2026-06-22,760198,2037-05-15,2006.76587456,0.00000000,57458
2026-06-22,760198,2040-08-15,1582.05429475,0.00000000,4784720
2026-06-22,760198,2045-05-15,1125.18178818,0.00000000,9231879
2026-06-22,760198,2050-08-15,771.82992776,0.00000000,4734773
2026-06-22,760198,2055-05-15,547.58676266,0.00000000,127551
2026-06-22,760198,2060-08-15,369.81207172,0.00000000,1196810
2026-06-22,760199,2026-08-15,4792.05930675,0.00000000,5056-46-67
2026-06-22,760199,2027-05-15,4652.86637765,0.00000000,3313-87-63
2026-06-22,760199,2028-08-15,4554.92962591,0.00000000,4770-28-48
2026-06-22,760199,2029-05-15,4427.60595387,0.00000000,1663-61-48
2026-06-22,760199,2030-08-15,4367.02928730,0.00000000,4964-73-59
2026-06-22,760199,2031-05-15,4247.88837881,0.00000000,5038719
2026-06-22,760199,2032-08-15,4220.97292632,0.00000000,2352-80-14
2026-06-22,760199,2033-05-15,4118.48383703,0.00000000,1968-63-19
2026-06-22,760199,2035-05-15,4068.46085066,0.00000000,5655-58-15
2026-06-22,760199,2037-05-15,4042.01272783,0.00000000,5330430
2026-06-22,760199,2040-08-15,4039.57054149,0.00000000,3210-72-89
2026-06-22,760199,2045-05-15,3906.59663879,0.00000000,4059-47-96
2026-06-22,760199,2050-08-15,3929.70719934,0.00000000,4754-81-55
2026-06-22,760199,2055-05-15,3830.06884416,0.00000000,3182-24-00
2026-06-22,760199,2060-08-15,3859.29028057,0.00000000,2382-94-17
2026-06-22,770100,2031-01-01,7926.32357503,0.00000000,1104-09-15
2026-06-22,950197,2026-07-01,48.59609142,0.00000000,3622482
2026-06-22,950197,2027-01-01,45.31811910,0.00000000,3622482
2026-06-22,950197,2027-07-01,42.22537364,0.00000000,3622482
2026-06-22,950197,2028-01-01,39.23338098,0.00000000,3622482
2026-06-22,950197,2028-07-01,36.52671914,0.00000000,3622482
2026-06-22,950197,2029-01-01,34.02560188,0.00000000,3622482
2026-06-22,950197,2029-07-01,31.69425924,0.00000000,3189654
2026-06-22,950197,2030-01-01,29.53313817,0.00000000,3189654
2026-06-22,950197,2030-07-01,27.54584076,0.00000000,3189654
2026-06-22,950197,2031-01-01,25.62629941,0.00000000,3189654
2026-06-22,950197,2031-07-01,23.93167677,0.00000000,3041243
2026-06-22,950197,2032-01-01,22.21914814,0.00000000,3041243
2026-06-22,950197,2032-07-01,20.69803104,0.00000000,3041243
2026-06-22,950197,2033-01-01,19.28943318,0.00000000,3041243
2026-06-22,950197,2033-07-01,17.96935258,0.00000000,2704636
2026-06-22,950197,2034-01-01,16.76920158,0.00000000,2704636
2026-06-22,950197,2034-07-01,15.62234595,0.00000000,2704636
2026-06-22,950197,2035-01-01,14.59547760,0.00000000,2704636
2026-06-22,950197,2035-07-01,13.59709967,0.00000000,492002
2026-06-22,950197,2036-01-01,12.70548714,0.00000000,492002
2026-06-22,950197,2036-07-01,11.84324232,0.00000000,492002
2026-06-22,950197,2037-01-01,11.01436751,0.00000000,492002
2026-06-22,950198,2029-01-01,697.11951580,0.00000000,432828
2026-06-22,950198,2031-01-01,525.03387002,0.00000000,148411
2026-06-22,950198,2033-01-01,395.20359895,0.00000000,336607
2026-06-22,950198,2035-01-01,299.03342528,0.00000000,2212634
2026-06-22,950198,2037-01-01,225.66332761,0.00000000,492002
2026-06-22,950199,2027-01-01,1022.39565938,0.00000000,120854170
2026-06-22,950199,2029-01-01,943.00244804,0.00000000,119754055
2026-06-22,950199,2031-01-01,885.15114837,0.00000000,207234374
2026-06-22,950199,2033-01-01,841.12957709,0.00000000,9466-97-55
2026-06-22,950199,2035-01-01,809.42165012,0.00000000,116902267
2026-06-22,950199,2037-01-01,784.54112424,0.00000000,4068-48-19
2026-06-23,210100,2026-09-01,19260.68490124,0.00000000,9022070
2026-06-23,210100,2027-03-01,19251.19241081,0.00000000,2917-29-06
2026-06-23,210100,2027-09-01,19241.31225321,0.00000000,2845-29-97
2026-06-23,210100,2028-03-01,19230.28275053,0.00000000,1738-56-22
2026-06-23,210100,2028-09-01,19215.67723549,0.00000000,2035-04-27
2026-06-23,210100,2029-03-01,19199.29627098,0.00000000,1869-66-07
2026-06-23,210100,2029-09-01,19181.04492009,0.00000000,1696-96-86
2026-06-23,210100,2030-03-01,19163.32278309,0.00000000,1402-90-41
2026-06-23,210100,2030-06-01,19154.02366063,0.00000000,1039-95-64
2026-06-23,210100,2030-09-01,19143.29787893,0.00000000,1141-64-73
2026-06-23,210100,2030-12-01,19136.13064159,0.00000000,7592691
2026-06-23,210100,2031-03-01,19125.27866727,0.00000000,1230-95-90
2026-06-23,210100,2031-06-01,19114.28061256,0.00000000,9942990
2026-06-23,210100,2031-09-01,19104.04522667,0.00000000,8487474
2026-06-23,210100,2031-12-01,19083.97084383,0.00000000,6974714
2026-06-23,210100,2032-03-01,19071.90536587,0.00000000,9207515
2026-06-23,210100,2032-06-01,19048.33191734,0.00000000,1350-78-56
2026-06-23,100000,2026-07-01,996.18508190,0.00000000,217714583
2026-06-23,100000,2026-10-01,961.49728745,0.00000000,152344526
2026-06-23,100000,2027-01-01,928.94946086,0.00000000,6101637
2026-06-23,100000,2027-04-01,897.34968968,0.00000000,150602476
2026-06-23,100000,2027-07-01,864.87643849,0.00000000,120891003
2026-06-23,100000,2027-10-01,832.58423155,0.00000000,124156347
2026-06-23,100000,2028-01-01,802.83650043,0.00000000,7502-73-14
2026-06-23,100000,2028-04-01,773.83740766,0.00000000,2865-95-42
2026-06-23,100000,2028-07-01,746.76189785,0.00000000,3014-25-94
2026-06-23,100000,2029-01-01,694.79269994,0.00000000,250797414
2026-06-23,100000,2029-07-01,646.52431867,0.00000000,222592458
2026-06-23,100000,2030-01-01,601.67480518,0.00000000,158442275
2026-06-23,100000,2031-01-01,520.84971937,0.00000000,4947613
2026-06-23,100000,2032-01-01,450.63321837,0.00000000,189207575
2026-06-23,760197,2026-08-15,137.66353272,0.00000000,3726836
2026-06-23,760197,2026-11-15,134.64330449,0.00000000,3933349
2026-06-23,760197,2027-02-15,132.26698062,0.00000000,3207388
2026-06-23,760197,2027-05-15,129.79628145,0.00000000,3933349
2026-06-23,760197,2027-08-15,127.00593368,0.00000000,3207388
2026-06-23,760197,2027-11-15,124.22758585,0.00000000,3922292
2026-06-23,760197,2028-02-15,121.27910785,0.00000000,3207388
2026-06-23,760197,2028-05-15,118.66035093,0.00000000,3922292
2026-06-23,760197,2028-08-15,115.98910672,0.00000000,3207388
2026-06-23,760197,2028-11-15,113.65755788,0.00000000,3922292
2026-06-23,760197,2029-02-15,111.53310907,0.00000000,2885189
2026-06-23,760197,2029-05-15,109.34424615,0.00000000,3922292
2026-06-23,760197,2029-08-15,106.93107359,0.00000000,2885189
2026-06-23,760197,2029-11-15,104.58775666,0.00000000,3744496
2026-06-23,760197,2030-02-15,102.31188150,0.00000000,2885189
2026-06-23,760197,2030-05-15,100.21243902,0.00000000,3744496
2026-06-23,760197,2030-08-15,98.02592099,0.00000000,2885189
2026-06-23,760197,2030-11-15,95.96054636,0.00000000,3744496
2026-06-23,760197,2031-02-15,94.09911625,0.00000000,2466766
2026-06-23,760197,2031-05-15,92.36445263,0.00000000,3744496
2026-06-23,760197,2031-08-15,90.39696751,0.00000000,2466766
2026-06-23,760197,2031-11-15,88.41079445,0.00000000,3734181
2026-06-23,760197,2032-02-15,86.64086249,0.00000000,2466766
2026-06-23,760197,2032-05-15,84.84794091,0.00000000,3734181
2026-06-23,760197,2032-08-15,83.12803180,0.00000000,2466766
2026-06-23,760197,2032-11-15,81.54953156,0.00000000,3734181
2026-06-23,760197,2033-02-15,79.95089728,0.00000000,2226409
2026-06-23,760197,2033-05-15,78.52499844,0.00000000,3734181
2026-06-23,760197,2033-08-15,77.05173013,0.00000000,2226409
2026-06-23,760197,2033-11-15,75.64440752,0.00000000,3665434
2026-06-23,760197,2034-02-15,74.23483440,0.00000000,2226409
2026-06-23,760197,2034-05-15,73.01157833,0.00000000,3665434
2026-06-23,760197,2034-08-15,71.67723882,0.00000000,2226409
2026-06-23,760197,2034-11-15,70.41867713,0.00000000,3665434
2026-06-23,760197,2035-02-15,69.24982682,0.00000000,2226409
2026-06-23,760197,2035-05-15,68.08931761,0.00000000,3665434
2026-06-23,760197,2035-08-15,66.88480604,0.00000000,2226409
2026-06-23,760197,2035-11-15,65.74805389,0.00000000,2018127
2026-06-23,760197,2036-02-15,64.65395437,0.00000000,2226409
2026-06-23,760197,2036-05-15,63.63099928,0.00000000,2018127
2026-06-23,760197,2036-08-15,62.51937854,0.00000000,2226409
2026-06-23,760197,2036-11-15,61.40137187,0.00000000,2018127
2026-06-23,760197,2037-02-15,60.35553708,0.00000000,2226409
2026-06-23,760197,2037-05-15,59.35953702,0.00000000,2018127
2026-06-23,760197,2037-08-15,58.26769567,0.00000000,2226409
2026-06-23,760197,2037-11-15,57.24031442,0.00000000,1960669
2026-06-23,760197,2038-02-15,56.22682482,0.00000000,2226409
2026-06-23,760197,2038-05-15,55.24343822,0.00000000,1960669
2026-06-23,760197,2038-08-15,54.22661757,0.00000000,2226409
2026-06-23,760197,2038-11-15,53.25644711,0.00000000,1960669
2026-06-23,760197,2039-02-15,52.25540933,0.00000000,2226409
2026-06-23,760197,2039-05-15,51.34632893,0.00000000,1960669
2026-06-23,760197,2039-08-15,50.39286659,0.00000000,2226409
2026-06-23,760197,2039-11-15,49.47107963,0.00000000,1960669
2026-06-23,760197,2040-02-15,48.56638129,0.00000000,2226409
2026-06-23,760197,2040-05-15,47.69316981,0.00000000,1960669
2026-06-23,760197,2040-08-15,46.79643746,0.00000000,2226409
2026-06-23,760197,2040-11-15,45.94579907,0.00000000,1960669
2026-06-23,760197,2041-02-15,45.12597789,0.00000000,1885142
2026-06-23,760197,2041-05-15,44.36130888,0.00000000,1960669
2026-06-23,760197,2041-08-15,43.53583422,0.00000000,1885142
2026-06-23,760197,2041-11-15,42.71528643,0.00000000,1960669
2026-06-23,760197,2042-02-15,41.96013170,0.00000000,1885142
2026-06-23,760197,2042-05-15,41.26700514,0.00000000,1960669
2026-06-23,760197,2042-08-15,40.50503321,0.00000000,1885142
2026-06-23,760197,2042-11-15,39.74683268,0.00000000,1960669
2026-06-23,760197,2043-02-15,39.07065754,0.00000000,1885142
2026-06-23,760197,2043-05-15,38.39557984,0.00000000,1960669
2026-06-23,760197,2043-08-15,37.68950276,0.00000000,1885142
2026-06-23,760197,2043-11-15,37.02833795,0.00000000,1960669
2026-06-23,760197,2044-02-15,36.37879170,0.00000000,1885142
2026-06-23,760197,2044-05-15,35.75067433,0.00000000,1960669
2026-06-23,760197,2044-08-15,35.10293696,0.00000000,1885142
2026-06-23,760197,2044-11-15,34.47619402,0.00000000,1960669
2026-06-23,760197,2045-02-15,33.84044874,0.00000000,1885142
2026-06-23,760197,2045-05-15,33.28217572,0.00000000,1960669
2026-06-23,760197,2045-08-15,32.66705749,0.00000000,1885142
2026-06-23,760197,2045-11-15,32.08194273,0.00000000,127551
2026-06-23,760197,2046-02-15,31.53461768,0.00000000,1885142
2026-06-23,760197,2046-05-15,30.98789838,0.00000000,127551
2026-06-23,760197,2046-08-15,30.41590316,0.00000000,1885142
2026-06-23,760197,2046-11-15,29.87170533,0.00000000,127551
2026-06-23,760197,2047-02-15,29.34574407,0.00000000,1885142
2026-06-23,760197,2047-05-15,28.85389849,0.00000000,127551
2026-06-23,760197,2047-08-15,28.32162283,0.00000000,1885142
2026-06-23,760197,2047-11-15,27.79123418,0.00000000,127551
2026-06-23,760197,2048-02-15,27.30204825,0.00000000,1885142
2026-06-23,760197,2048-05-15,26.84451889,0.00000000,127551
2026-06-23,760197,2048-08-15,26.34930015,0.00000000,1885142
2026-06-23,760197,2048-11-15,25.88540334,0.00000000,127551
2026-06-23,760197,2049-02-15,25.42960816,0.00000000,1885142
2026-06-23,760197,2049-05-15,24.98891814,0.00000000,127551
2026-06-23,760197,2049-08-15,24.53466101,0.00000000,1885142
2026-06-23,760197,2049-11-15,24.10236146,0.00000000,127551
2026-06-23,760197,2050-02-15,23.65718452,0.00000000,1885142
2026-06-23,760197,2050-05-15,23.25341628,0.00000000,127551
2026-06-23,760197,2050-08-15,22.83016405,0.00000000,1885142
2026-06-23,760197,2050-11-15,22.42094667,0.00000000,127551
2026-06-23,760197,2051-02-15,22.01900710,0.00000000,1196810
2026-06-23,760197,2051-05-15,21.64282852,0.00000000,127551
2026-06-23,760197,2051-08-15,21.24243332,0.00000000,1196810
2026-06-23,760197,2051-11-15,20.86128305,0.00000000,127551
2026-06-23,760197,2052-02-15,20.49269315,0.00000000,1196810
2026-06-23,760197,2052-05-15,20.14201212,0.00000000,127551
2026-06-23,760197,2052-08-15,19.76864573,0.00000000,1196810
2026-06-23,760197,2052-11-15,19.39634116,0.00000000,127551
2026-06-23,760197,2053-02-15,19.05271052,0.00000000,1196810
2026-06-23,760197,2053-05-15,18.73649515,0.00000000,127551
2026-06-23,760197,2053-08-15,18.38801543,0.00000000,1196810
2026-06-23,760197,2053-11-15,18.04041861,0.00000000,127551
2026-06-23,760197,2054-02-15,17.72976418,0.00000000,1196810
2026-06-23,760197,2054-05-15,17.41903914,0.00000000,127551
2026-06-23,760197,2054-08-15,17.09348783,0.00000000,1196810
2026-06-23,760197,2054-11-15,16.78818555,0.00000000,127551
2026-06-23,760197,2055-02-15,16.48787678,0.00000000,1196810
2026-06-23,760197,2055-05-15,16.19718564,0.00000000,127551
2026-06-23,760197,2055-08-15,15.89717497,0.00000000,1196810
2026-06-23,760197,2056-02-15,15.32106075,0.00000000,1196810
2026-06-23,760197,2056-08-15,14.76806677,0.00000000,1196810
2026-06-23,760197,2057-02-15,14.23297732,0.00000000,1196810
2026-06-23,760197,2057-08-15,13.71932168,0.00000000,1196810
2026-06-23,760197,2058-02-15,13.21829473,0.00000000,1196810
2026-06-23,760197,2058-08-15,12.73741769,0.00000000,1196810
2026-06-23,760197,2059-02-15,12.26476340,0.00000000,1196810
2026-06-23,760197,2059-08-15,11.81130625,0.00000000,1196810
2026-06-23,760197,2060-02-15,11.36243632,0.00000000,1196810
2026-06-23,760197,2060-08-15,10.93875014,0.00000000,1196810
2026-06-23,760198,2026-08-15,4656.61423302,0.00000000,2990104
2026-06-23,760198,2027-05-15,4390.49615880,0.00000000,11057
2026-06-23,760198,2028-08-15,3923.45390657,0.00000000,322199
2026-06-23,760198,2029-05-15,3698.68448708,0.00000000,6931705
2026-06-23,760198,2030-08-15,3315.83019748,0.00000000,418423
2026-06-23,760198,2031-05-15,3124.32505736,0.00000000,10315
2026-06-23,760198,2032-08-15,2811.89337807,0.00000000,2800452
2026-06-23,760198,2033-05-15,2656.19091839,0.00000000,68747
2026-06-23,760198,2035-05-15,2303.19300435,0.00000000,8572372
2026-06-23,760198,2037-05-15,2007.89896572,0.00000000,57458
2026-06-23,760198,2040-08-15,1582.93886848,0.00000000,4802489
2026-06-23,760198,2045-05-15,1125.80470745,0.00000000,9227893
2026-06-23,760198,2050-08-15,772.25438546,0.00000000,4744654
2026-06-23,760198,2055-05-15,547.88689259,0.00000000,127551
2026-06-23,760198,2060-08-15,370.01476412,0.00000000,1196810
2026-06-23,760199,2026-08-15,4794.27776616,0.00000000,5056-45-59
2026-06-23,760199,2027-05-15,4655.60415100,0.00000000,3313-87-63
2026-06-23,760199,2028-08-15,4557.65952749,0.00000000,4770-28-48
2026-06-23,760199,2029-05-15,4430.22731875,0.00000000,1664-73-25
2026-06-23,760199,2030-08-15,4369.62273994,0.00000000,4964-73-27
2026-06-23,760199,2031-05-15,4250.39560309,0.00000000,4955657
2026-06-23,760199,2032-08-15,4223.45657108,0.00000000,2352-67-62
2026-06-23,760199,2033-05-15,4120.89215340,0.00000000,1968-63-19
2026-06-23,760199,2035-05-15,4070.79531177,0.00000000,5656-01-22
2026-06-23,760199,2037-05-15,4044.29499153,0.00000000,5334222
2026-06-23,760199,2040-08-15,4041.82918583,0.00000000,3210-69-78
2026-06-23,760199,2045-05-15,3908.75939539,0.00000000,4059-56-34
2026-06-23,760199,2050-08-15,3931.86829002,0.00000000,4756-03-49
2026-06-23,760199,2055-05-15,3832.16808831,0.00000000,3185-59-82
2026-06-23,760199,2060-08-15,3861.40554087,0.00000000,2383-01-43
2026-06-23,770100,2031-01-01,7928.86096774,0.00000000,1104-09-15
2026-06-23,950197,2026-07-01,48.62264823,0.00000000,3693767
2026-06-23,950197,2027-01-01,45.34095489,0.00000000,3693767
2026-06-23,950197,2027-07-01,42.21362435,0.00000000,3693767
2026-06-23,950197,2028-01-01,39.18552632,0.00000000,3693767
2026-06-23,950197,2028-07-01,36.44858946,0.00000000,3693767
2026-06-23,950197,2029-01-01,33.91203267,0.00000000,3693767
2026-06-23,950197,2029-07-01,31.55610849,0.00000000,3260939
2026-06-23,950197,2030-01-01,29.36705531,0.00000000,3260939
2026-06-23,950197,2030-07-01,27.36720442,0.00000000,3260939
2026-06-23,950197,2031-01-01,25.42207583,0.00000000,3260939
2026-06-23,950197,2031-07-01,23.70369189,0.00000000,3112528
2026-06-23,950197,2032-01-01,21.99488916,0.00000000,3112528
2026-06-23,950197,2032-07-01,20.46952865,0.00000000,3112528
2026-06-23,950197,2033-01-01,19.05215596,0.00000000,3112528
2026-06-23,950197,2033-07-01,17.73096089,0.00000000,2740921
2026-06-23,950197,2034-01-01,16.51929653,0.00000000,2740921
2026-06-23,950197,2034-07-01,15.37383041,0.00000000,2740921
2026-06-23,950197,2035-01-01,14.35907430,0.00000000,2740921
2026-06-23,950197,2035-07-01,13.36378757,0.00000000,492002
2026-06-23,950197,2036-01-01,12.46483490,0.00000000,492002
2026-06-23,950197,2036-07-01,11.60716285,0.00000000,492002
2026-06-23,950197,2037-01-01,10.79299947,0.00000000,492002
2026-06-23,950198,2029-01-01,694.79269994,0.00000000,432828
2026-06-23,950198,2031-01-01,520.84971937,0.00000000,148411
2026-06-23,950198,2033-01-01,390.34224248,0.00000000,371607
2026-06-23,950198,2035-01-01,294.18997384,0.00000000,2248919
2026-06-23,950198,2037-01-01,221.12791982,0.00000000,492002
2026-06-23,950199,2027-01-01,1022.91293221,0.00000000,120907664
2026-06-23,950199,2029-01-01,940.47325912,0.00000000,119967444
2026-06-23,950199,2031-01-01,880.07585084,0.00000000,207382737
2026-06-23,950199,2033-01-01,834.45806852,0.00000000,9418-36-23
2026-06-23,950199,2035-01-01,801.79662766,0.00000000,116865108
2026-06-23,950199,2037-01-01,776.29795532,0.00000000,4109-17-05
2026-06-24,210100,2026-09-01,19270.83576135,0.00000000,9022070
2026-06-24,210100,2027-03-01,19261.34866088,0.00000000,2917-19-76
2026-06-24,210100,2027-09-01,19251.44665375,0.00000000,2845-29-97
2026-06-24,210100,2028-03-01,19240.46191427,0.00000000,1738-40-14
2026-06-24,210100,2028-09-01,19225.85720379,0.00000000,2035-04-27
2026-06-24,210100,2029-03-01,19209.47662148,0.00000000,1869-55-62
2026-06-24,210100,2029-09-01,19191.22312255,0.00000000,1696-96-86
2026-06-24,210100,2030-03-01,19173.42715289,0.00000000,1402-90-41
2026-06-24,210100,2030-06-01,19164.27067738,0.00000000,1039-95-64
2026-06-24,210100,2030-09-01,19153.46789143,0.00000000,1141-64-73
2026-06-24,210100,2030-12-01,19146.29684645,0.00000000,7592691
2026-06-24,210100,2031-03-01,19135.53137693,0.00000000,1231-29-06
2026-06-24,210100,2031-06-01,19124.53515152,0.00000000,9942990
2026-06-24,210100,2031-09-01,19114.39945946,0.00000000,8487474
2026-06-24,210100,2031-12-01,19094.12666187,0.00000000,6974714
2026-06-24,210100,2032-03-01,19082.05763553,0.00000000,9207515
2026-06-24,210100,2032-06-01,19058.25733767,0.00000000,1350-78-56
2026-06-24,100000,2026-07-01,996.72898905,0.00000000,215913791
2026-06-24,100000,2026-10-01,962.05740590,0.00000000,152344526
2026-06-24,100000,2027-01-01,929.58904514,0.00000000,6097586
2026-06-24,100000,2027-04-01,898.18004200,0.00000000,151376552
2026-06-24,100000,2027-07-01,866.01435010,0.00000000,121535132
2026-06-24,100000,2027-10-01,834.02528901,0.00000000,124203963
2026-06-24,100000,2028-01-01,804.62253215,0.00000000,7514-57-93
2026-06-24,100000,2028-04-01,775.94880434,0.00000000,2865-95-42
2026-06-24,100000,2028-07-01,749.21607710,0.00000000,3014-25-94
2026-06-24,100000,2029-01-01,697.84022486,0.00000000,250884654
2026-06-24,100000,2029-07-01,649.92898125,0.00000000,222592458
2026-06-24,100000,2030-01-01,605.58619432,0.00000000,158442275
2026-06-24,100000,2031-01-01,525.22439322,0.00000000,4945026
2026-06-24,100000,2032-01-01,455.20610893,0.00000000,189308362
2026-06-24,760197,2026-08-15,137.72649267,0.00000000,3909543
2026-06-24,760197,2026-11-15,134.68824886,0.00000000,3933880
2026-06-24,760197,2027-02-15,132.28348819,0.00000000,3390095
2026-06-24,760197,2027-05-15,129.79051667,0.00000000,3933880
2026-06-24,760197,2027-08-15,126.97544654,0.00000000,3390095
2026-06-24,760197,2027-11-15,124.13840931,0.00000000,3922823
2026-06-24,760197,2028-02-15,121.10373936,0.00000000,3390095
2026-06-24,760197,2028-05-15,118.40820464,0.00000000,3922823
2026-06-24,760197,2028-08-15,115.69238215,0.00000000,3390095
2026-06-24,760197,2028-11-15,113.37357384,0.00000000,3922823
2026-06-24,760197,2029-02-15,111.27823527,0.00000000,3067896
2026-06-24,760197,2029-05-15,109.09700440,0.00000000,3922823
2026-06-24,760197,2029-08-15,106.65979579,0.00000000,3067896
2026-06-24,760197,2029-11-15,104.28956836,0.00000000,3745027
2026-06-24,760197,2030-02-15,101.98977352,0.00000000,3067896
2026-06-24,760197,2030-05-15,99.87639018,0.00000000,3745027
2026-06-24,760197,2030-08-15,97.69292849,0.00000000,3067896
2026-06-24,760197,2030-11-15,95.61469205,0.00000000,3745027
2026-06-24,760197,2031-02-15,93.72159206,0.00000000,2640573
2026-06-24,760197,2031-05-15,91.98772767,0.00000000,3745027
2026-06-24,760197,2031-08-15,90.08337480,0.00000000,2640573
2026-06-24,760197,2031-11-15,88.20030848,0.00000000,3734181
2026-06-24,760197,2032-02-15,86.53406975,0.00000000,2640573
2026-06-24,760197,2032-05-15,84.83309305,0.00000000,3734181
2026-06-24,760197,2032-08-15,83.15826372,0.00000000,2640573
2026-06-24,760197,2032-11-15,81.58925905,0.00000000,3734181
2026-06-24,760197,2033-02-15,79.99343862,0.00000000,2395409
2026-06-24,760197,2033-05-15,78.55326996,0.00000000,3734181
2026-06-24,760197,2033-08-15,77.05014258,0.00000000,2395409
2026-06-24,760197,2033-11-15,75.60958877,0.00000000,3665434
2026-06-24,760197,2034-02-15,74.16275816,0.00000000,2395409
2026-06-24,760197,2034-05-15,72.90461652,0.00000000,3665434
2026-06-24,760197,2034-08-15,71.53043122,0.00000000,2395409
2026-06-24,760197,2034-11-15,70.23363367,0.00000000,3665434
2026-06-24,760197,2035-02-15,69.02981792,0.00000000,2395409
2026-06-24,760197,2035-05-15,67.83632353,0.00000000,3665434
2026-06-24,760197,2035-08-15,66.59760618,0.00000000,2395409
2026-06-24,760197,2035-11-15,65.42865326,0.00000000,2018127
2026-06-24,760197,2036-02-15,64.30752456,0.00000000,2395409
2026-06-24,760197,2036-05-15,63.26659611,0.00000000,2018127
2026-06-24,760197,2036-08-15,62.14797525,0.00000000,2395409
2026-06-24,760197,2036-11-15,61.04113233,0.00000000,2018127
2026-06-24,760197,2037-02-15,60.02685396,0.00000000,2395409
2026-06-24,760197,2037-05-15,59.08361398,0.00000000,2018127
2026-06-24,760197,2037-08-15,58.05263219,0.00000000,2395409
2026-06-24,760197,2037-11-15,57.06459133,0.00000000,1960669
2026-06-24,760197,2038-02-15,56.07431194,0.00000000,2395409
2026-06-24,760197,2038-05-15,55.10017319,0.00000000,1960669
2026-06-24,760197,2038-08-15,54.08098617,0.00000000,2395409
2026-06-24,760197,2038-11-15,53.09917453,0.00000000,1960669
2026-06-24,760197,2039-02-15,52.07874333,0.00000000,2395409
2026-06-24,760197,2039-05-15,51.14765869,0.00000000,1960669
2026-06-24,760197,2039-08-15,50.16900364,0.00000000,2395409
2026-06-24,760197,2039-11-15,49.22330333,0.00000000,1960669
2026-06-24,760197,2040-02-15,48.29820985,0.00000000,2395409
2026-06-24,760197,2040-05-15,47.41090085,0.00000000,1960669
2026-06-24,760197,2040-08-15,46.50846839,0.00000000,2395409
2026-06-24,760197,2040-11-15,45.65798842,0.00000000,1960669
2026-06-24,760197,2041-02-15,44.83882087,0.00000000,2054142
2026-06-24,760197,2041-05-15,44.07515787,0.00000000,1960669
2026-06-24,760197,2041-08-15,43.25114016,0.00000000,2054142
2026-06-24,760197,2041-11-15,42.43235290,0.00000000,1960669
2026-06-24,760197,2042-02-15,41.67902407,0.00000000,2054142
2026-06-24,760197,2042-05-15,40.98768434,0.00000000,1960669
2026-06-24,760197,2042-08-15,40.22772365,0.00000000,2054142
2026-06-24,760197,2042-11-15,39.47148563,0.00000000,1960669
2026-06-24,760197,2043-02-15,38.79694720,0.00000000,2054142
2026-06-24,760197,2043-05-15,38.12331647,0.00000000,1960669
2026-06-24,760197,2043-08-15,37.41846123,0.00000000,2054142
2026-06-24,760197,2043-11-15,36.75807873,0.00000000,1960669
2026-06-24,760197,2044-02-15,36.10886829,0.00000000,2054142
2026-06-24,760197,2044-05-15,35.48057812,0.00000000,1960669
2026-06-24,760197,2044-08-15,34.83205224,0.00000000,2054142
2026-06-24,760197,2044-11-15,34.20385690,0.00000000,1960669
2026-06-24,760197,2045-02-15,33.56583927,0.00000000,2054142
2026-06-24,760197,2045-05-15,33.00481855,0.00000000,1960669
2026-06-24,760197,2045-08-15,32.38634403,0.00000000,2054142
2026-06-24,760197,2045-11-15,31.79823939,0.00000000,127551
2026-06-24,760197,2046-02-15,31.24834582,0.00000000,2054142
2026-06-24,760197,2046-05-15,30.69933052,0.00000000,127551
2026-06-24,760197,2046-08-15,30.12527817,0.00000000,2054142
2026-06-24,760197,2046-11-15,29.57950829,0.00000000,127551
2026-06-24,760197,2047-02-15,29.05244107,0.00000000,2054142
2026-06-24,760197,2047-05-15,28.55998022,0.00000000,127551
2026-06-24,760197,2047-08-15,28.02755422,0.00000000,2054142
2026-06-24,760197,2047-11-15,27.49761443,0.00000000,127551
2026-06-24,760197,2048-02-15,27.00943421,0.00000000,2054142
2026-06-24,760197,2048-05-15,26.55341392,0.00000000,127551
2026-06-24,760197,2048-08-15,26.06050951,0.00000000,2054142
2026-06-24,760197,2048-11-15,25.59948359,0.00000000,127551
2026-06-24,760197,2049-02-15,25.14723212,0.00000000,2054142
2026-06-24,760197,2049-05-15,24.71070804,0.00000000,127551
2026-06-24,760197,2049-08-15,24.26156935,0.00000000,2054142
2026-06-24,760197,2049-11-15,23.83497976,0.00000000,127551
2026-06-24,760197,2050-02-15,23.39660488,0.00000000,2054142
2026-06-24,760197,2050-05-15,22.99987481,0.00000000,127551
2026-06-24,760197,2050-08-15,22.58495159,0.00000000,2054142
2026-06-24,760197,2050-11-15,22.18479646,0.00000000,127551
2026-06-24,760197,2051-02-15,21.79275203,0.00000000,1365810
2026-06-24,760197,2051-05-15,21.42670748,0.00000000,127551
2026-06-24,760197,2051-08-15,21.03800252,0.00000000,1365810
2026-06-24,760197,2051-11-15,20.66882114,0.00000000,127551
2026-06-24,760197,2052-02-15,20.31255895,0.00000000,1365810
2026-06-24,760197,2052-05-15,19.97426817,0.00000000,127551
2026-06-24,760197,2052-08-15,19.61477163,0.00000000,1365810
2026-06-24,760197,2052-11-15,19.25695843,0.00000000,127551
2026-06-24,760197,2053-02-15,18.92725432,0.00000000,1365810
2026-06-24,760197,2053-05-15,18.62429145,0.00000000,127551
2026-06-24,760197,2053-08-15,18.29086543,0.00000000,1365810
2026-06-24,760197,2053-11-15,17.95871170,0.00000000,127551
2026-06-24,760197,2054-02-15,17.66218252,0.00000000,1365810
2026-06-24,760197,2054-05-15,17.36585400,0.00000000,127551
2026-06-24,760197,2054-08-15,17.05563137,0.00000000,1365810
2026-06-24,760197,2054-11-15,16.76489013,0.00000000,127551
2026-06-24,760197,2055-02-15,16.47903729,0.00000000,1365810
2026-06-24,760197,2055-05-15,16.20242345,0.00000000,127551
2026-06-24,760197,2055-08-15,15.91583207,0.00000000,1365810
2026-06-24,760197,2056-02-15,15.35930523,0.00000000,1365810
2026-06-24,760197,2056-08-15,14.81792166,0.00000000,1365810
2026-06-24,760197,2057-02-15,14.28794893,0.00000000,1365810
2026-06-24,760197,2057-08-15,13.77416713,0.00000000,1365810
2026-06-24,760197,2058-02-15,13.26892729,0.00000000,1365810
2026-06-24,760197,2058-08-15,12.78089514,0.00000000,1365810
2026-06-24,760197,2059-02-15,12.29896549,0.00000000,1365810
2026-06-24,760197,2059-08-15,11.83526150,0.00000000,1365810
2026-06-24,760197,2060-02-15,11.37573305,0.00000000,1365810
2026-06-24,760197,2060-08-15,10.94228749,0.00000000,1365810
2026-06-24,760198,2026-08-15,4658.74391998,0.00000000,2987701
2026-06-24,760198,2027-05-15,4390.30115897,0.00000000,11057
2026-06-24,760198,2028-08-15,3913.41688502,0.00000000,322199
2026-06-24,760198,2029-05-15,3690.32127426,0.00000000,6928433
2026-06-24,760198,2030-08-15,3304.56637493,0.00000000,427323
2026-06-24,760198,2031-05-15,3111.58193795,0.00000000,10846
2026-06-24,760198,2032-08-15,2812.91600468,0.00000000,2882994
2026-06-24,760198,2033-05-15,2657.14723232,0.00000000,68747
2026-06-24,760198,2035-05-15,2294.63521256,0.00000000,8569680
2026-06-24,760198,2037-05-15,1998.56557775,0.00000000,57458
2026-06-24,760198,2040-08-15,1573.19801102,0.00000000,4815381
2026-06-24,760198,2045-05-15,1116.42280844,0.00000000,9225578
2026-06-24,760198,2050-08-15,763.95981540,0.00000000,4754232
2026-06-24,760198,2055-05-15,548.06406715,0.00000000,127551
2026-06-24,760198,2060-08-15,370.13441875,0.00000000,1365810
2026-06-24,760199,2026-08-15,4796.47041307,0.00000000,5056-42-74
2026-06-24,760199,2027-05-15,4655.42769543,0.00000000,3313-87-63
2026-06-24,760199,2028-08-15,4546.90233482,0.00000000,4770-28-48
2026-06-24,760199,2029-05-15,4421.07707730,0.00000000,1664-73-25
2026-06-24,760199,2030-08-15,4356.82433129,0.00000000,4963-82-00
2026-06-24,760199,2031-05-15,4235.53080130,0.00000000,4955126
2026-06-24,760199,2032-08-15,4224.99255359,0.00000000,2352-17-94
2026-06-24,760199,2033-05-15,4122.37580675,0.00000000,1950-70-64
2026-06-24,760199,2035-05-15,4059.53439927,0.00000000,5656-14-82
2026-06-24,760199,2037-05-15,4031.11357306,0.00000000,5336890
2026-06-24,760199,2040-08-15,4026.34092003,0.00000000,3174-64-83
2026-06-24,760199,2045-05-15,3890.78816635,0.00000000,4050-37-37
2026-06-24,760199,2050-08-15,3912.13142299,0.00000000,4757-30-50
2026-06-24,760199,2055-05-15,3833.40732710,0.00000000,3190-58-56
2026-06-24,760199,2060-08-15,3862.65423441,0.00000000,2391-21-10
2026-06-24,770100,2031-01-01,7923.71006982,0.00000000,1104-09-15
2026-06-24,950197,2026-07-01,48.64919572,0.00000000,3693767
2026-06-24,950197,2027-01-01,45.37217227,0.00000000,3693767
2026-06-24,950197,2027-07-01,42.26916451,0.00000000,3693767
2026-06-24,950197,2028-01-01,39.27270048,0.00000000,3693767
2026-06-24,950197,2028-07-01,36.56837512,0.00000000,3693767
2026-06-24,950197,2029-01-01,34.06077886,0.00000000,3693767
2026-06-24,950197,2029-07-01,31.72228616,0.00000000,3260939
2026-06-24,950197,2030-01-01,29.55796572,0.00000000,3260939
2026-06-24,950197,2030-07-01,27.56307614,0.00000000,3260939
2026-06-24,950197,2031-01-01,25.63559862,0.00000000,3260939
2026-06-24,950197,2031-07-01,23.95383927,0.00000000,3112528
2026-06-24,950197,2032-01-01,22.21808669,0.00000000,3112528
2026-06-24,950197,2032-07-01,20.69486897,0.00000000,3112528
2026-06-24,950197,2033-01-01,19.28974830,0.00000000,3112528
2026-06-24,950197,2033-07-01,17.96814182,0.00000000,2740921
2026-06-24,950197,2034-01-01,16.76656052,0.00000000,2740921
2026-06-24,950197,2034-07-01,15.61857777,0.00000000,2740921
2026-06-24,950197,2035-01-01,14.59605184,0.00000000,2740921
2026-06-24,950197,2035-07-01,13.59678585,0.00000000,492002
2026-06-24,950197,2036-01-01,12.73045335,0.00000000,492002
2026-06-24,950197,2036-07-01,11.86703326,0.00000000,492002
2026-06-24,950197,2037-01-01,11.01196080,0.00000000,492002
2026-06-24,950198,2029-01-01,697.84022486,0.00000000,432828
2026-06-24,950198,2031-01-01,525.22439322,0.00000000,148411
2026-06-24,950198,2033-01-01,395.21005525,0.00000000,371607
2026-06-24,950198,2035-01-01,299.04519031,0.00000000,2248919
2026-06-24,950198,2037-01-01,225.61401878,0.00000000,492002
2026-06-24,950199,2027-01-01,1023.61030105,0.00000000,120907543
2026-06-24,950199,2029-01-01,943.99072672,0.00000000,119977862
2026-06-24,950199,2031-01-01,885.68870242,0.00000000,207382515
2026-06-24,950199,2033-01-01,841.50151924,0.00000000,9418-32-47
2026-06-24,950199,2035-01-01,809.79333746,0.00000000,116863913
2026-06-24,950199,2037-01-01,784.89950017,0.00000000,4110-26-74
2026-06-25,210100,2026-09-01,19281.04878385,0.00000000,9022070
2026-06-25,210100,2027-03-01,19271.52356358,0.00000000,2917-13-08
2026-06-25,210100,2027-09-01,19261.60953001,0.00000000,2844-97-79
2026-06-25,210100,2028-03-01,19250.64646625,0.00000000,1738-28-11
2026-06-25,210100,2028-09-01,19236.04256529,0.00000000,2035-04-27
2026-06-25,210100,2029-03-01,19219.71348286,0.00000000,1869-45-57
2026-06-25,210100,2029-09-01,19201.46760129,0.00000000,1696-96-86
2026-06-25,210100,2030-03-01,19183.60709074,0.00000000,1401-82-83
2026-06-25,210100,2030-06-01,19174.44826103,0.00000000,1039-95-64
2026-06-25,210100,2030-09-01,19163.72288428,0.00000000,1141-64-73
2026-06-25,210100,2030-12-01,19156.46845229,0.00000000,7592691
2026-06-25,210100,2031-03-01,19145.61162014,0.00000000,1231-93-54
2026-06-25,210100,2031-06-01,19134.60793790,0.00000000,9942990
2026-06-25,210100,2031-09-01,19124.56230312,0.00000000,8487474
2026-06-25,210100,2031-12-01,19104.28788460,0.00000000,6974714
2026-06-25,210100,2032-03-01,19092.10768952,0.00000000,9207515
2026-06-25,210100,2032-06-01,19067.51487846,0.00000000,1350-78-56
2026-06-25,100000,2026-07-01,997.27377344,0.00000000,215913791
2026-06-25,100000,2026-10-01,962.58188519,0.00000000,153253986
2026-06-25,100000,2027-01-01,930.24839093,0.00000000,6093398
2026-06-25,100000,2027-04-01,899.12704914,0.00000000,153629884
2026-06-25,100000,2027-07-01,867.45413388,0.00000000,121499759
2026-06-25,100000,2027-10-01,835.92434020,0.00000000,124203963
2026-06-25,100000,2028-01-01,806.77952132,0.00000000,7514-12-24
2026-06-25,100000,2028-04-01,778.23978107,0.00000000,2865-95-42
2026-06-25,100000,2028-07-01,751.60743285,0.00000000,3014-25-94
2026-06-25,100000,2029-01-01,700.36402773,0.00000000,250977921
2026-06-25,100000,2029-07-01,652.66944109,0.00000000,222592458
2026-06-25,100000,2030-01-01,608.32180180,0.00000000,158442275
2026-06-25,100000,2031-01-01,528.08949553,0.00000000,4941143
2026-06-25,100000,2032-01-01,458.29510569,0.00000000,189407056
2026-06-25,760197,2026-08-15,137.81527571,0.00000000,3969618
2026-06-25,760197,2026-11-15,134.76647366,0.00000000,4016426
2026-06-25,760197,2027-02-15,132.35523120,0.00000000,3450170
2026-06-25,760197,2027-05-15,129.86226102,0.00000000,4016426
2026-06-25,760197,2027-08-15,127.06375890,0.00000000,3450170
2026-06-25,760197,2027-11-15,124.26750415,0.00000000,4005369
2026-06-25,760197,2028-02-15,121.29389370,0.00000000,3450170
2026-06-25,760197,2028-05-15,118.65612600,0.00000000,4005369
2026-06-25,760197,2028-08-15,115.98434414,0.00000000,3450170
2026-06-25,760197,2028-11-15,113.69004408,0.00000000,4005369
2026-06-25,760197,2029-02-15,111.61539711,0.00000000,3117971
2026-06-25,760197,2029-05-15,109.44507449,0.00000000,4005369
2026-06-25,760197,2029-08-15,107.02352390,0.00000000,3117971
2026-06-25,760197,2029-11-15,104.68455548,0.00000000,3827573
2026-06-25,760197,2030-02-15,102.41674888,0.00000000,3117971
2026-06-25,760197,2030-05-15,100.31938291,0.00000000,3827573
2026-06-25,760197,2030-08-15,98.11666961,0.00000000,3117971
2026-06-25,760197,2030-11-15,95.98062139,0.00000000,3827573
2026-06-25,760197,2031-02-15,94.02564357,0.00000000,2689651
2026-06-25,760197,2031-05-15,92.24382362,0.00000000,3827573
2026-06-25,760197,2031-08-15,90.29410027,0.00000000,2689651
2026-06-25,760197,2031-11-15,88.36124697,0.00000000,3816727
2026-06-25,760197,2032-02-15,86.65075629,0.00000000,2689651
2026-06-25,760197,2032-05-15,84.90904949,0.00000000,3816727
2026-06-25,760197,2032-08-15,83.20407958,0.00000000,2689651
2026-06-25,760197,2032-11-15,81.62461322,0.00000000,3816727
2026-06-25,760197,2033-02-15,80.03281117,0.00000000,2433409
2026-06-25,760197,2033-05-15,78.59626218,0.00000000,3816727
2026-06-25,760197,2033-08-15,77.09204096,0.00000000,2433409
2026-06-25,760197,2033-11-15,75.65052537,0.00000000,3737980
2026-06-25,760197,2034-02-15,74.20280269,0.00000000,2433409
2026-06-25,760197,2034-05-15,72.94393354,0.00000000,3737980
2026-06-25,760197,2034-08-15,71.56898836,0.00000000,2433409
2026-06-25,760197,2034-11-15,70.27148768,0.00000000,3737980
2026-06-25,760197,2035-02-15,69.06701092,0.00000000,2433409
2026-06-25,760197,2035-05-15,67.87283076,0.00000000,3737980
2026-06-25,760197,2035-08-15,66.63357686,0.00000000,2433409
2026-06-25,760197,2035-11-15,65.46439778,0.00000000,2028127
2026-06-25,760197,2036-02-15,64.34317206,0.00000000,2433409
2026-06-25,760197,2036-05-15,63.30212133,0.00000000,2028127
2026-06-25,760197,2036-08-15,62.18316014,0.00000000,2433409
2026-06-25,760197,2036-11-15,61.07555739,0.00000000,2028127
2026-06-25,760197,2037-02-15,60.05999999,0.00000000,2433409
2026-06-25,760197,2037-05-15,59.11486991,0.00000000,2028127
2026-06-25,760197,2037-08-15,58.07562810,0.00000000,2433409
2026-06-25,760197,2037-11-15,57.07014535,0.00000000,1960669
2026-06-25,760197,2038-02-15,56.05485112,0.00000000,2433409
2026-06-25,760197,2038-05-15,55.05046230,0.00000000,1960669
2026-06-25,760197,2038-08-15,53.99546297,0.00000000,2433409
2026-06-25,760197,2038-11-15,52.97690003,0.00000000,1960669
2026-06-25,760197,2039-02-15,51.91784944,0.00000000,2433409
2026-06-25,760197,2039-05-15,50.95288575,0.00000000,1960669
2026-06-25,760197,2039-08-15,49.94192999,0.00000000,2433409
2026-06-25,760197,2039-11-15,48.97023863,0.00000000,1960669
2026-06-25,760197,2040-02-15,48.02683925,0.00000000,2433409
2026-06-25,760197,2040-05-15,47.13085456,0.00000000,1960669
2026-06-25,760197,2040-08-15,46.23123291,0.00000000,2433409
2026-06-25,760197,2040-11-15,45.39090305,0.00000000,1960669
2026-06-25,760197,2041-02-15,44.58331172,0.00000000,2084142
2026-06-25,760197,2041-05-15,43.83196813,0.00000000,1960669
2026-06-25,760197,2041-08-15,43.02281234,0.00000000,2084142
2026-06-25,760197,2041-11-15,42.22029958,0.00000000,1960669
2026-06-25,760197,2042-02-15,41.48315963,0.00000000,2084142
2026-06-25,760197,2042-05-15,40.80759735,0.00000000,1960669
2026-06-25,760197,2042-08-15,40.06586677,0.00000000,2084142
2026-06-25,760197,2042-11-15,39.32853600,0.00000000,1960669
2026-06-25,760197,2043-02-15,38.67136036,0.00000000,2084142
2026-06-25,760197,2043-05-15,38.01538851,0.00000000,1960669
2026-06-25,760197,2043-08-15,37.32917876,0.00000000,2084142
2026-06-25,760197,2043-11-15,36.68624463,0.00000000,1960669
2026-06-25,760197,2044-02-15,36.05398749,0.00000000,2084142
2026-06-25,760197,2044-05-15,35.44173735,0.00000000,1960669
2026-06-25,760197,2044-08-15,34.80919213,0.00000000,2084142
2026-06-25,760197,2044-11-15,34.19571568,0.00000000,1960669
2026-06-25,760197,2045-02-15,33.57166175,0.00000000,2084142
2026-06-25,760197,2045-05-15,33.02191499,0.00000000,1960669
2026-06-25,760197,2045-08-15,32.41462392,0.00000000,2084142
2026-06-25,760197,2045-11-15,31.83590752,0.00000000,127551
2026-06-25,760197,2046-02-15,31.29367127,0.00000000,2084142
2026-06-25,760197,2046-05-15,30.75120080,0.00000000,127551
2026-06-25,760197,2046-08-15,30.18279632,0.00000000,2084142
2026-06-25,760197,2046-11-15,29.64124522,0.00000000,127551
2026-06-25,760197,2047-02-15,29.11717246,0.00000000,2084142
2026-06-25,760197,2047-05-15,28.62653905,0.00000000,127551
2026-06-25,760197,2047-08-15,28.09502261,0.00000000,2084142
2026-06-25,760197,2047-11-15,27.56487753,0.00000000,127551
2026-06-25,760197,2048-02-15,27.07551957,0.00000000,2084142
2026-06-25,760197,2048-05-15,26.61753702,0.00000000,127551
2026-06-25,760197,2048-08-15,26.12157039,0.00000000,2084142
2026-06-25,760197,2048-11-15,25.65679203,0.00000000,127551
2026-06-25,760197,2049-02-15,25.20002346,0.00000000,2084142
2026-06-25,760197,2049-05-15,24.75835350,0.00000000,127551
2026-06-25,760197,2049-08-15,24.30311518,0.00000000,2084142
2026-06-25,760197,2049-11-15,23.86997801,0.00000000,127551
2026-06-25,760197,2050-02-15,23.42411239,0.00000000,2084142
2026-06-25,760197,2050-05-15,23.01994106,0.00000000,127551
2026-06-25,760197,2050-08-15,22.59656750,0.00000000,2084142
2026-06-25,760197,2050-11-15,22.18758644,0.00000000,127551
2026-06-25,760197,2051-02-15,21.78621815,0.00000000,1365810
2026-06-25,760197,2051-05-15,21.41086484,0.00000000,127551
2026-06-25,760197,2051-08-15,21.01164044,0.00000000,1365810
2026-06-25,760197,2051-11-15,20.63186785,0.00000000,127551
2026-06-25,760197,2052-02-15,20.26483710,0.00000000,1365810
2026-06-25,760197,2052-05-15,19.91583004,0.00000000,127551
2026-06-25,760197,2052-08-15,19.54443098,0.00000000,1365810
2026-06-25,760197,2052-11-15,19.17425670,0.00000000,127551
2026-06-25,760197,2053-02-15,18.83272110,0.00000000,1365810
2026-06-25,760197,2053-05-15,18.51852506,0.00000000,127551
2026-06-25,760197,2053-08-15,18.17235138,0.00000000,1365810
2026-06-25,760197,2053-11-15,17.82711555,0.00000000,127551
2026-06-25,760197,2054-02-15,17.51860144,0.00000000,1365810
2026-06-25,760197,2054-05-15,17.21002529,0.00000000,127551
2026-06-25,760197,2054-08-15,16.88671116,0.00000000,1365810
2026-06-25,760197,2054-11-15,16.58347115,0.00000000,127551
2026-06-25,760197,2055-02-15,16.28513485,0.00000000,1365810
2026-06-25,760197,2055-05-15,15.99627862,0.00000000,127551
2026-06-25,760197,2055-08-15,15.69813599,0.00000000,1365810
2026-06-25,760197,2056-02-15,15.12572046,0.00000000,1365810
2026-06-25,760197,2056-08-15,14.57641864,0.00000000,1365810
2026-06-25,760197,2057-02-15,14.04503872,0.00000000,1365810
2026-06-25,760197,2057-08-15,13.53507501,0.00000000,1365810
2026-06-25,760197,2058-02-15,13.03777707,0.00000000,1365810
2026-06-25,760197,2058-08-15,12.56060184,0.00000000,1365810
2026-06-25,760197,2059-02-15,12.09170720,0.00000000,1365810
2026-06-25,760197,2059-08-15,11.64197368,0.00000000,1365810
2026-06-25,760197,2060-02-15,11.19690609,0.00000000,1365810
2026-06-25,760197,2060-08-15,10.77691872,0.00000000,1365810
2026-06-25,760198,2026-08-15,4661.74709991,0.00000000,2985225
2026-06-25,760198,2027-05-15,4392.72798728,0.00000000,11057
2026-06-25,760198,2028-08-15,3923.29280710,0.00000000,332199
2026-06-25,760198,2029-05-15,3702.09511211,0.00000000,6925437
2026-06-25,760198,2030-08-15,3318.89986552,0.00000000,428320
2026-06-25,760198,2031-05-15,3120.24465362,0.00000000,10846
2026-06-25,760198,2032-08-15,2814.46577454,0.00000000,2960784
2026-06-25,760198,2033-05-15,2658.60148946,0.00000000,78747
2026-06-25,760198,2035-05-15,2295.87010835,0.00000000,8628731
2026-06-25,760198,2037-05-15,1999.62284261,0.00000000,67458
2026-06-25,760198,2040-08-15,1563.82022826,0.00000000,4834216
2026-06-25,760198,2045-05-15,1117.00111371,0.00000000,9223624
2026-06-25,760198,2050-08-15,764.35273561,0.00000000,4790914
2026-06-25,760198,2055-05-15,541.09100081,0.00000000,127551
2026-06-25,760198,2060-08-15,364.54064577,0.00000000,1365810
2026-06-25,760199,2026-08-15,4799.56237605,0.00000000,5056-41-76
2026-06-25,760199,2027-05-15,4658.00107782,0.00000000,3313-87-63
2026-06-25,760199,2028-08-15,4557.77382870,0.00000000,4758-07-85
2026-06-25,760199,2029-05-15,4434.31251289,0.00000000,1664-73-25
2026-06-25,760199,2030-08-15,4373.66796858,0.00000000,4940-68-22
2026-06-25,760199,2031-05-15,4246.08294191,0.00000000,4955126
2026-06-25,760199,2032-08-15,4227.32030390,0.00000000,2351-06-30
2026-06-25,760199,2033-05-15,4124.63198373,0.00000000,1926-40-96
2026-06-25,760199,2035-05-15,4061.71910467,0.00000000,5644-17-80
2026-06-25,760199,2037-05-15,4033.24607988,0.00000000,5391582
2026-06-25,760199,2040-08-15,4011.70782446,0.00000000,3178-83-96
2026-06-25,760199,2045-05-15,3892.80358852,0.00000000,4054-47-05
2026-06-25,760199,2050-08-15,3914.14351248,0.00000000,4761-30-66
2026-06-25,760199,2055-05-15,3813.34737381,0.00000000,3183-24-24
2026-06-25,760199,2060-08-15,3842.07978709,0.00000000,2386-04-23
2026-06-25,770100,2031-01-01,7941.63198165,0.00000000,1104-09-15
2026-06-25,950197,2026-07-01,48.67578602,0.00000000,3693767
2026-06-25,950197,2027-01-01,45.40435418,0.00000000,3693767
2026-06-25,950197,2027-07-01,42.33943870,0.00000000,3693767
2026-06-25,950197,2028-01-01,39.37798064,0.00000000,3693767
2026-06-25,950197,2028-07-01,36.68509445,0.00000000,3693767
2026-06-25,950197,2029-01-01,34.18396277,0.00000000,3693767
2026-06-25,950197,2029-07-01,31.85604485,0.00000000,3260939
2026-06-25,950197,2030-01-01,29.69148758,0.00000000,3260939
2026-06-25,950197,2030-07-01,27.70761279,0.00000000,3260939
2026-06-25,950197,2031-01-01,25.77544097,0.00000000,3260939
2026-06-25,950197,2031-07-01,24.06597472,0.00000000,3112528
2026-06-25,950197,2032-01-01,22.36885707,0.00000000,3112528
2026-06-25,950197,2032-07-01,20.84686476,0.00000000,3112528
2026-06-25,950197,2033-01-01,19.43163361,0.00000000,3112528
2026-06-25,950197,2033-07-01,18.10957894,0.00000000,2740921
2026-06-25,950197,2034-01-01,16.90743526,0.00000000,2740921
2026-06-25,950197,2034-07-01,15.75787651,0.00000000,2740921
2026-06-25,950197,2035-01-01,14.73380247,0.00000000,2740921
2026-06-25,950197,2035-07-01,13.73213811,0.00000000,492002
2026-06-25,950197,2036-01-01,12.85330213,0.00000000,492002
2026-06-25,950197,2036-07-01,11.98713363,0.00000000,492002
2026-06-25,950197,2037-01-01,11.14406042,0.00000000,492002
2026-06-25,950198,2029-01-01,700.36402773,0.00000000,432828
2026-06-25,950198,2031-01-01,528.08949553,0.00000000,148411
2026-06-25,950198,2033-01-01,398.11701392,0.00000000,371607
2026-06-25,950198,2035-01-01,301.86743736,0.00000000,2248919
2026-06-25,950198,2037-01-01,228.32048740,0.00000000,492002
2026-06-25,950199,2027-01-01,1024.32843853,0.00000000,119902159
2026-06-25,950199,2029-01-01,946.98913160,0.00000000,119997777
2026-06-25,950199,2031-01-01,889.57926340,0.00000000,207382392
2026-06-25,950199,2033-01-01,845.98854302,0.00000000,9418-29-86
2026-06-25,950199,2035-01-01,814.75166166,0.00000000,116862097
2026-06-25,950199,2037-01-01,790.24884638,0.00000000,4111-02-00
2026-06-26,210100,2026-09-01,19292.70907705,0.00000000,9022070
2026-06-26,210100,2027-03-01,19281.65231792,0.00000000,2917-05-46
2026-06-26,210100,2027-09-01,19271.59578264,0.00000000,2844-97-79
2026-06-26,210100,2028-03-01,19260.86863121,0.00000000,1738-18-47
2026-06-26,210100,2028-09-01,19246.23332305,0.00000000,2035-04-27
2026-06-26,210100,2029-03-01,19229.85352016,0.00000000,1868-68-76
2026-06-26,210100,2029-09-01,19211.59573372,0.00000000,1696-96-86
2026-06-26,210100,2030-03-01,19193.86248335,0.00000000,1400-82-83
2026-06-26,210100,2030-06-01,19184.70597698,0.00000000,1039-95-64
2026-06-26,210100,2030-09-01,19173.82412853,0.00000000,1141-64-73
2026-06-26,210100,2030-12-01,19166.64546219,0.00000000,7587691
2026-06-26,210100,2031-03-01,19155.87507856,0.00000000,1232-54-22
2026-06-26,210100,2031-06-01,19144.77970602,0.00000000,9940296
2026-06-26,210100,2031-09-01,19134.63222572,0.00000000,8487474
2026-06-26,210100,2031-12-01,19114.35146028,0.00000000,6974714
2026-06-26,210100,2032-03-01,19102.37839090,0.00000000,9207515
2026-06-26,210100,2032-06-01,19077.33914922,0.00000000,1458-12-82
2026-06-26,100000,2026-07-01,997.81829750,0.00000000,215913791
2026-06-26,100000,2026-10-01,963.15262548,0.00000000,150509727
2026-06-26,100000,2027-01-01,930.99033493,0.00000000,6090523
2026-06-26,100000,2027-04-01,900.21914107,0.00000000,154861932
2026-06-26,100000,2027-07-01,869.00414043,0.00000000,121499759
2026-06-26,100000,2027-10-01,838.00516978,0.00000000,124203963
2026-06-26,100000,2028-01-01,809.41575995,0.00000000,7513-92-47
2026-06-26,100000,2028-04-01,781.43090347,0.00000000,2865-95-42
2026-06-26,100000,2028-07-01,755.12051484,0.00000000,3014-25-94
2026-06-26,100000,2029-01-01,704.42120679,0.00000000,251047178
2026-06-26,100000,2029-07-01,656.86755915,0.00000000,222592458
2026-06-26,100000,2030-01-01,612.64277009,0.00000000,158442275
2026-06-26,100000,2031-01-01,532.41955742,0.00000000,4937603
2026-06-26,100000,2032-01-01,462.50538545,0.00000000,189476677
2026-06-26,760197,2026-08-15,137.89503857,0.00000000,3979276
2026-06-26,760197,2026-11-15,134.80923930,0.00000000,4059610
2026-06-26,760197,2027-02-15,132.35681324,0.00000000,3459828
2026-06-26,760197,2027-05-15,129.82907304,0.00000000,4059610
2026-06-26,760197,2027-08-15,127.01889332,0.00000000,3459828
2026-06-26,760197,2027-11-15,124.23747940,0.00000000,4048553
2026-06-26,760197,2028-02-15,121.29965964,0.00000000,3459828
2026-06-26,760197,2028-05-15,118.69862742,0.00000000,4048553
2026-06-26,760197,2028-08-15,116.04972315,0.00000000,3459828
2026-06-26,760197,2028-11-15,113.74909422,0.00000000,4048553
2026-06-26,760197,2029-02-15,111.66360034,0.00000000,3127629
2026-06-26,760197,2029-05-15,109.50577186,0.00000000,4048553
2026-06-26,760197,2029-08-15,107.11954291,0.00000000,3127629
2026-06-26,760197,2029-11-15,104.81154435,0.00000000,3864757
2026-06-26,760197,2030-02-15,102.57459473,0.00000000,3127629
2026-06-26,760197,2030-05-15,100.51105385,0.00000000,3864757
2026-06-26,760197,2030-08-15,98.35635054,0.00000000,3127629
2026-06-26,760197,2030-11-15,96.29935808,0.00000000,3864757
2026-06-26,760197,2031-02-15,94.43230197,0.00000000,2699309
2026-06-26,760197,2031-05-15,92.70635079,0.00000000,3864757
2026-06-26,760197,2031-08-15,90.78192278,0.00000000,2699309
2026-06-26,760197,2031-11-15,88.86112922,0.00000000,3853271
2026-06-26,760197,2032-02-15,87.15461324,0.00000000,2699309
2026-06-26,760197,2032-05-15,85.41559557,0.00000000,3853271
2026-06-26,760197,2032-08-15,83.71831585,0.00000000,2699309
2026-06-26,760197,2032-11-15,82.15572519,0.00000000,3853271
2026-06-26,760197,2033-02-15,80.57904636,0.00000000,2442722
2026-06-26,760197,2033-05-15,79.13612058,0.00000000,3853271
2026-06-26,760197,2033-08-15,77.60739780,0.00000000,2442722
2026-06-26,760197,2033-11-15,76.14027186,0.00000000,3774524
2026-06-26,760197,2034-02-15,74.66467890,0.00000000,2442722
2026-06-26,760197,2034-05-15,73.37978282,0.00000000,3774524
2026-06-26,760197,2034-08-15,71.97446104,0.00000000,2442722
2026-06-26,760197,2034-11-15,70.64638450,0.00000000,3774524
2026-06-26,760197,2035-02-15,69.41182519,0.00000000,2442722
2026-06-26,760197,2035-05-15,68.18616839,0.00000000,3774524
2026-06-26,760197,2035-08-15,66.91214483,0.00000000,2442722
2026-06-26,760197,2035-11-15,65.70802596,0.00000000,2064671
2026-06-26,760197,2036-02-15,64.55156699,0.00000000,2442722
2026-06-26,760197,2036-05-15,63.47652046,0.00000000,2064671
2026-06-26,760197,2036-08-15,62.31994390,0.00000000,2442722
2026-06-26,760197,2036-11-15,61.17437991,0.00000000,2064671
2026-06-26,760197,2037-02-15,60.12376046,0.00000000,2442722
2026-06-26,760197,2037-05-15,59.14614238,0.00000000,2064671
2026-06-26,760197,2037-08-15,58.08276781,0.00000000,2442722
2026-06-26,760197,2037-11-15,57.07306460,0.00000000,1977213
2026-06-26,760197,2038-02-15,56.06912428,0.00000000,2442722
2026-06-26,760197,2038-05-15,55.08832449,0.00000000,1977213
2026-06-26,760197,2038-08-15,54.06821691,0.00000000,2442722
2026-06-26,760197,2038-11-15,53.09026685,0.00000000,1977213
2026-06-26,760197,2039-02-15,52.07761113,0.00000000,2442722
2026-06-26,760197,2039-05-15,51.15591920,0.00000000,1977213
2026-06-26,760197,2039-08-15,50.18836450,0.00000000,2442722
2026-06-26,760197,2039-11-15,49.25341856,0.00000000,1977213
2026-06-26,760197,2040-02-15,48.33763760,0.00000000,2442722
2026-06-26,760197,2040-05-15,47.45686411,0.00000000,1977213
2026-06-26,760197,2040-08-15,46.55717633,0.00000000,2442722
2026-06-26,760197,2040-11-15,45.70654084,0.00000000,1977213
2026-06-26,760197,2041-02-15,44.88660702,0.00000000,2088455
2026-06-26,760197,2041-05-15,44.12173836,0.00000000,1977213
2026-06-26,760197,2041-08-15,43.29595567,0.00000000,2088455
2026-06-26,760197,2041-11-15,42.47501888,0.00000000,1977213
2026-06-26,760197,2042-02-15,41.71944607,0.00000000,2088455
2026-06-26,760197,2042-05-15,41.02589707,0.00000000,1977213
2026-06-26,760197,2042-08-15,40.26343282,0.00000000,2088455
2026-06-26,760197,2042-11-15,39.50473101,0.00000000,1977213
2026-06-26,760197,2043-02-15,38.82811585,0.00000000,2088455
2026-06-26,760197,2043-05-15,38.15262228,0.00000000,1977213
2026-06-26,760197,2043-08-15,37.44615484,0.00000000,2088455
2026-06-26,760197,2043-11-15,36.78468565,0.00000000,1977213
2026-06-26,760197,2044-02-15,36.13491823,0.00000000,2088455
2026-06-26,760197,2044-05-15,35.50668038,0.00000000,1977213
2026-06-26,760197,2044-08-15,34.85893717,0.00000000,2088455
2026-06-26,760197,2044-11-15,34.23232589,0.00000000,1977213
2026-06-26,760197,2045-02-15,33.59687694,0.00000000,2088455
2026-06-26,760197,2045-05-15,33.03902029,0.00000000,1977213
2026-06-26,760197,2045-08-15,32.42471046,0.00000000,2088455
2026-06-26,760197,2045-11-15,31.84081912,0.00000000,127551
2026-06-26,760197,2046-02-15,31.29499567,0.00000000,2088455
2026-06-26,760197,2046-05-15,30.75007578,0.00000000,127551
2026-06-26,760197,2046-08-15,30.18023041,0.00000000,2088455
2026-06-26,760197,2046-11-15,29.63827622,0.00000000,127551
2026-06-26,760197,2047-02-15,29.11461144,0.00000000,2088455
2026-06-26,760197,2047-05-15,28.62497580,0.00000000,127551
2026-06-26,760197,2047-08-15,28.09509909,0.00000000,2088455
2026-06-26,760197,2047-11-15,27.56704022,0.00000000,127551
2026-06-26,760197,2048-02-15,27.07988403,0.00000000,2088455
2026-06-26,760197,2048-05-15,26.62409123,0.00000000,127551
2026-06-26,760197,2048-08-15,26.13050882,0.00000000,2088455
2026-06-26,760197,2048-11-15,25.66784875,0.00000000,127551
2026-06-26,760197,2049-02-15,25.21292243,0.00000000,2088455
2026-06-26,760197,2049-05-15,24.77268082,0.00000000,127551
2026-06-26,760197,2049-08-15,24.31841161,0.00000000,2088455
2026-06-26,760197,2049-11-15,23.88558302,0.00000000,127551
2026-06-26,760197,2050-02-15,23.43925708,0.00000000,2088455
2026-06-26,760197,2050-05-15,23.03384770,0.00000000,127551
2026-06-26,760197,2050-08-15,22.60818938,0.00000000,2088455
2026-06-26,760197,2050-11-15,22.19648100,0.00000000,127551
2026-06-26,760197,2051-02-15,21.79249980,0.00000000,1370123
2026-06-26,760197,2051-05-15,21.41479666,0.00000000,127551
2026-06-26,760197,2051-08-15,21.01321392,0.00000000,1370123
2026-06-26,760197,2051-11-15,20.63137462,0.00000000,127551
2026-06-26,760197,2052-02-15,20.26255149,0.00000000,1370123
2026-06-26,760197,2052-05-15,19.91206536,0.00000000,127551
2026-06-26,760197,2052-08-15,19.53937701,0.00000000,1370123
2026-06-26,760197,2052-11-15,19.16825734,0.00000000,127551
2026-06-26,760197,2053-02-15,18.82619461,0.00000000,1370123
2026-06-26,760197,2053-05-15,18.51184385,0.00000000,127551
2026-06-26,760197,2053-08-15,18.16590921,0.00000000,1370123
2026-06-26,760197,2053-11-15,17.82138694,0.00000000,127551
2026-06-26,760197,2054-02-15,17.51395398,0.00000000,1370123
2026-06-26,760197,2054-05-15,17.20691790,0.00000000,127551
2026-06-26,760197,2054-08-15,16.88575341,0.00000000,1370123
2026-06-26,760197,2054-11-15,16.58507040,0.00000000,127551
2026-06-26,760197,2055-02-15,16.28980178,0.00000000,1370123
2026-06-26,760197,2055-05-15,16.00447640,0.00000000,127551
2026-06-26,760197,2055-08-15,15.71061771,0.00000000,1370123
2026-06-26,760197,2056-02-15,15.14833595,0.00000000,1370123
2026-06-26,760197,2056-08-15,14.61110108,0.00000000,1370123
2026-06-26,760197,2057-02-15,14.09354817,0.00000000,1370123
2026-06-26,760197,2057-08-15,13.59880870,0.00000000,1370123
2026-06-26,760197,2058-02-15,13.11815528,0.00000000,1370123
2026-06-26,760197,2058-08-15,12.65856880,0.00000000,1370123
2026-06-26,760197,2059-02-15,12.20844156,0.00000000,1370123
2026-06-26,760197,2059-08-15,11.77802532,0.00000000,1370123
2026-06-26,760197,2060-02-15,11.35327042,0.00000000,1370123
2026-06-26,760197,2060-08-15,10.95346546,0.00000000,1370123
2026-06-26,760198,2026-08-15,4664.44516287,0.00000000,2983366
2026-06-26,760198,2027-05-15,4391.60536871,0.00000000,11057
2026-06-26,760198,2028-08-15,3925.50432110,0.00000000,332199
2026-06-26,760198,2029-05-15,3704.14826473,0.00000000,6929209
2026-06-26,760198,2030-08-15,3327.00732574,0.00000000,428320
2026-06-26,760198,2031-05-15,3135.89012310,0.00000000,11486
2026-06-26,760198,2032-08-15,2831.86035880,0.00000000,3021834
2026-06-26,760198,2033-05-15,2676.86276935,0.00000000,78747
2026-06-26,760198,2035-05-15,2306.46908425,0.00000000,8626797
2026-06-26,760198,2037-05-15,2000.68066677,0.00000000,87458
2026-06-26,760198,2040-08-15,1574.84560862,0.00000000,4852313
2026-06-26,760198,2045-05-15,1117.57971854,0.00000000,9238525
2026-06-26,760198,2050-08-15,764.74585791,0.00000000,4801943
2026-06-26,760198,2055-05-15,541.36829929,0.00000000,127551
2026-06-26,760198,2060-08-15,370.51252556,0.00000000,1370123
2026-06-26,760199,2026-08-15,4802.34020186,0.00000000,5056-40-83
2026-06-26,760199,2027-05-15,4656.87129949,0.00000000,3313-87-63
2026-06-26,760199,2028-08-15,4560.34299220,0.00000000,4758-07-85
2026-06-26,760199,2029-05-15,4436.77174746,0.00000000,1664-13-25
2026-06-26,760199,2030-08-15,4383.32385947,0.00000000,4940-67-93
2026-06-26,760199,2031-05-15,4264.88561823,0.00000000,4954486
2026-06-26,760199,2032-08-15,4249.17295846,0.00000000,2344-70-26
2026-06-26,760199,2033-05-15,4148.12804448,0.00000000,1926-40-96
2026-06-26,760199,2035-05-15,4076.58564313,0.00000000,5661-92-00
2026-06-26,760199,2037-05-15,4035.37971481,0.00000000,5320689
2026-06-26,760199,2040-08-15,4030.55767444,0.00000000,3186-57-38
2026-06-26,760199,2045-05-15,3894.82005468,0.00000000,4055-41-72
2026-06-26,760199,2050-08-15,3916.15663682,0.00000000,4765-35-60
2026-06-26,760199,2055-05-15,3815.30163920,0.00000000,3171-61-34
2026-06-26,760199,2060-08-15,3866.60008708,0.00000000,2392-40-60
2026-06-26,770100,2031-01-01,7939.03931643,0.00000000,1104-09-15
2026-06-26,950197,2026-07-01,48.70236361,0.00000000,3693767
2026-06-26,950197,2027-01-01,45.44056761,0.00000000,3693767
2026-06-26,950197,2027-07-01,42.41509274,0.00000000,3693767
2026-06-26,950197,2028-01-01,39.50665242,0.00000000,3693767
2026-06-26,950197,2028-07-01,36.85656394,0.00000000,3693767
2026-06-26,950197,2029-01-01,34.38198902,0.00000000,3693767
2026-06-26,950197,2029-07-01,32.06095016,0.00000000,3260939
2026-06-26,950197,2030-01-01,29.90238907,0.00000000,3260939
2026-06-26,950197,2030-07-01,27.92504914,0.00000000,3260939
2026-06-26,950197,2031-01-01,25.98678631,0.00000000,3260939
2026-06-26,950197,2031-07-01,24.30420798,0.00000000,3112528
2026-06-26,950197,2032-01-01,22.57435598,0.00000000,3112528
2026-06-26,950197,2032-07-01,21.05456362,0.00000000,3112528
2026-06-26,950197,2033-01-01,19.64085929,0.00000000,3112528
2026-06-26,950197,2033-07-01,18.31864928,0.00000000,2740921
2026-06-26,950197,2034-01-01,17.12730174,0.00000000,2740921
2026-06-26,950197,2034-07-01,15.97575588,0.00000000,2740921
2026-06-26,950197,2035-01-01,14.93320473,0.00000000,2740921
2026-06-26,950197,2035-07-01,13.92839343,0.00000000,492002
2026-06-26,950197,2036-01-01,13.05226215,0.00000000,492002
2026-06-26,950197,2036-07-01,12.18197588,0.00000000,492002
2026-06-26,950197,2037-01-01,11.31888911,0.00000000,492002
2026-06-26,950198,2029-01-01,704.42120679,0.00000000,432828
2026-06-26,950198,2031-01-01,532.41955742,0.00000000,148411
2026-06-26,950198,2033-01-01,402.40364793,0.00000000,371607
2026-06-26,950198,2035-01-01,305.95280841,0.00000000,2248919
2026-06-26,950198,2037-01-01,231.90239288,0.00000000,492002
2026-06-26,950199,2027-01-01,1025.13319315,0.00000000,119902070
2026-06-26,950199,2029-01-01,951.68385160,0.00000000,119977294
2026-06-26,950199,2031-01-01,895.39000707,0.00000000,207382130
2026-06-26,950199,2033-01-01,852.61172057,0.00000000,9418-26-90
2026-06-26,950199,2035-01-01,822.01250829,0.00000000,116858744
2026-06-26,950199,2037-01-01,797.75817165,0.00000000,4111-46-11
2026-06-27,210100,2026-09-01,19304.25392194,0.00000000,9022070
2026-06-27,210100,2027-03-01,19291.86425782,0.00000000,2917-00-43
2026-06-27,210100,2027-09-01,19281.65669926,0.00000000,2844-97-79
2026-06-27,210100,2028-03-01,19271.03174722,0.00000000,1738-09-84
2026-06-27,210100,2028-09-01,19256.51328914,0.00000000,2035-04-27
2026-06-27,210100,2029-03-01,19240.10108887,0.00000000,1868-61-21
2026-06-27,210100,2029-09-01,19221.79014859,0.00000000,1696-96-86
2026-06-27,210100,2030-03-01,19203.98318528,0.00000000,1400-82-83
2026-06-27,210100,2030-06-01,19194.81964741,0.00000000,1039-95-64
2026-06-27,210100,2030-09-01,19183.93084980,0.00000000,1141-64-73
2026-06-27,210100,2030-12-01,19176.82787923,0.00000000,7587691
2026-06-27,210100,2031-03-01,19165.96619119,0.00000000,1232-98-13
2026-06-27,210100,2031-06-01,19154.95688187,0.00000000,9940296
2026-06-27,210100,2031-09-01,19144.80590354,0.00000000,8487474
2026-06-27,210100,2031-12-01,19124.52352254,0.00000000,6974714
2026-06-27,210100,2032-03-01,19110.18021752,0.00000000,9207515
2026-06-27,210100,2032-06-01,19087.72988233,0.00000000,1458-12-82
2026-06-27,100000,2026-07-01,998.36338907,0.00000000,215913791
2026-06-27,100000,2026-10-01,963.73371163,0.00000000,149975016
2026-06-27,100000,2027-01-01,931.66657578,0.00000000,6087692
2026-06-27,100000,2027-04-01,901.04050605,0.00000000,155196588
2026-06-27,100000,2027-07-01,870.05524728,0.00000000,121499759
2026-06-27,100000,2027-10-01,839.34537397,0.00000000,124363963
2026-06-27,100000,2028-01-01,810.82429896,0.00000000,7636-25-52
2026-06-27,100000,2028-04-01,782.88449804,0.00000000,2865-95-42
2026-06-27,100000,2028-07-01,756.59518664,0.00000000,3014-25-94
2026-06-27,100000,2029-01-01,705.73275899,0.00000000,251094857
2026-06-27,100000,2029-07-01,657.83292535,0.00000000,222592458
2026-06-27,100000,2030-01-01,613.35729169,0.00000000,158442275
2026-06-27,100000,2031-01-01,532.61439476,0.00000000,4935755
2026-06-27,100000,2032-01-01,461.99418684,0.00000000,189509512
2026-06-27,760197,2026-08-15,137.94886987,0.00000000,3979276
2026-06-27,760197,2026-11-15,134.82734594,0.00000000,4059610
2026-06-27,760197,2027-02-15,132.37083944,0.00000000,3459828
2026-06-27,760197,2027-05-15,129.84910052,0.00000000,4059610
2026-06-27,760197,2027-08-15,127.04112241,0.00000000,3459828
2026-06-27,760197,2027-11-15,124.26296078,0.00000000,4048553
2026-06-27,760197,2028-02-15,121.33075824,0.00000000,3459828
2026-06-27,760197,2028-05-15,118.74019368,0.00000000,4048553
2026-06-27,760197,2028-08-15,116.11513901,0.00000000,3459828
2026-06-27,760197,2028-11-15,113.86098466,0.00000000,4048553
2026-06-27,760197,2029-02-15,111.83083623,0.00000000,3127629
2026-06-27,760197,2029-05-15,109.71022963,0.00000000,4048553
2026-06-27,760197,2029-08-15,107.33724959,0.00000000,3127629
2026-06-27,760197,2029-11-15,105.03685385,0.00000000,3864757
2026-06-27,760197,2030-02-15,102.80430757,0.00000000,3127629
2026-06-27,760197,2030-05-15,100.74442494,0.00000000,3864757
2026-06-27,760197,2030-08-15,98.59634322,0.00000000,3127629
2026-06-27,760197,2030-11-15,96.54705230,0.00000000,3864757
2026-06-27,760197,2031-02-15,94.68522253,0.00000000,2699309
2026-06-27,760197,2031-05-15,92.96388561,0.00000000,3864757
2026-06-27,760197,2031-08-15,91.04486630,0.00000000,2699309
2026-06-27,760197,2031-11-15,89.12920873,0.00000000,3853271
2026-06-27,760197,2032-02-15,87.42708912,0.00000000,2699309
2026-06-27,760197,2032-05-15,85.69245822,0.00000000,3853271
2026-06-27,760197,2032-08-15,83.99945778,0.00000000,2699309
2026-06-27,760197,2032-11-15,82.44091655,0.00000000,3853271
2026-06-27,760197,2033-02-15,80.86832880,0.00000000,2442722
2026-06-27,760197,2033-05-15,79.42890338,0.00000000,3853271
2026-06-27,760197,2033-08-15,77.90361082,0.00000000,2442722
2026-06-27,760197,2033-11-15,76.43966044,0.00000000,3774524
2026-06-27,760197,2034-02-15,74.96714661,0.00000000,2442722
2026-06-27,760197,2034-05-15,73.68483866,0.00000000,3774524
2026-06-27,760197,2034-08-15,72.28224959,0.00000000,2442722
2026-06-27,760197,2034-11-15,70.95666312,0.00000000,3774524
2026-06-27,760197,2035-02-15,69.72433993,0.00000000,2442722
2026-06-27,760197,2035-05-15,68.50083047,0.00000000,3774524
2026-06-27,760197,2035-08-15,67.22908823,0.00000000,2442722
2026-06-27,760197,2035-11-15,66.02722247,0.00000000,2064671
2026-06-27,760197,2036-02-15,64.87292045,0.00000000,2442722
2026-06-27,760197,2036-05-15,63.79977704,0.00000000,2064671
2026-06-27,760197,2036-08-15,62.64501736,0.00000000,2442722
2026-06-27,760197,2036-11-15,61.50087268,0.00000000,2064671
2026-06-27,760197,2037-02-15,60.45107596,0.00000000,2442722
2026-06-27,760197,2037-05-15,59.47367478,0.00000000,2064671
2026-06-27,760197,2037-08-15,58.40444516,0.00000000,2442722
2026-06-27,760197,2037-11-15,57.37956014,0.00000000,1977213
2026-06-27,760197,2038-02-15,56.35275821,0.00000000,2442722
2026-06-27,760197,2038-05-15,55.34364512,0.00000000,1977213
2026-06-27,760197,2038-08-15,54.28947695,0.00000000,2442722
2026-06-27,760197,2038-11-15,53.27611533,0.00000000,1977213
2026-06-27,760197,2039-02-15,52.22578177,0.00000000,2442722
2026-06-27,760197,2039-05-15,51.27058979,0.00000000,1977213
2026-06-27,760197,2039-08-15,50.27055430,0.00000000,2442722
2026-06-27,760197,2039-11-15,49.30879429,0.00000000,1977213
2026-06-27,760197,2040-02-15,48.37319474,0.00000000,2442722
2026-06-27,760197,2040-05-15,47.48154173,0.00000000,1977213
2026-06-27,760197,2040-08-15,46.58154943,0.00000000,2442722
2026-06-27,760197,2040-11-15,45.73841480,0.00000000,1977213
2026-06-27,760197,2041-02-15,44.92884300,0.00000000,2088455
2026-06-27,760197,2041-05-15,44.17623241,0.00000000,1977213
2026-06-27,760197,2041-08-15,43.36626244,0.00000000,2088455
2026-06-27,760197,2041-11-15,42.56341964,0.00000000,1977213
2026-06-27,760197,2042-02-15,41.82630653,0.00000000,2088455
2026-06-27,760197,2042-05-15,41.15096415,0.00000000,1977213
2026-06-27,760197,2042-08-15,40.40958889,0.00000000,2088455
2026-06-27,760197,2042-11-15,39.67261012,0.00000000,1977213
2026-06-27,760197,2043-02-15,39.01563549,0.00000000,2088455
2026-06-27,760197,2043-05-15,38.35964616,0.00000000,1977213
2026-06-27,760197,2043-08-15,37.67305603,0.00000000,2088455
2026-06-27,760197,2043-11-15,37.02930019,0.00000000,1977213
2026-06-27,760197,2044-02-15,36.39566570,0.00000000,2088455
2026-06-27,760197,2044-05-15,35.78141704,0.00000000,1977213
2026-06-27,760197,2044-08-15,35.14598214,0.00000000,2088455
2026-06-27,760197,2044-11-15,34.52876320,0.00000000,1977213
2026-06-27,760197,2045-02-15,33.89980571,0.00000000,2088455
2026-06-27,760197,2045-05-15,33.34470249,0.00000000,1977213
2026-06-27,760197,2045-08-15,32.72901663,0.00000000,2088455
2026-06-27,760197,2045-11-15,32.13894836,0.00000000,127551
2026-06-27,760197,2046-02-15,31.58336387,0.00000000,2088455
2026-06-27,760197,2046-05-15,31.02517840,0.00000000,127551
2026-06-27,760197,2046-08-15,30.43808408,0.00000000,2088455
2026-06-27,760197,2046-11-15,29.87693202,0.00000000,127551
2026-06-27,760197,2047-02-15,29.33254718,0.00000000,2088455
2026-06-27,760197,2047-05-15,28.82199762,0.00000000,127551
2026-06-27,760197,2047-08-15,28.26827246,0.00000000,2088455
2026-06-27,760197,2047-11-15,27.71571257,0.00000000,127551
2026-06-27,760197,2048-02-15,27.20580543,0.00000000,2088455
2026-06-27,760197,2048-05-15,26.72904788,0.00000000,127551
2026-06-27,760197,2048-08-15,26.21362932,0.00000000,2088455
2026-06-27,760197,2048-11-15,25.73183334,0.00000000,127551
2026-06-27,760197,2049-02-15,25.25986599,0.00000000,2088455
2026-06-27,760197,2049-05-15,24.80531099,0.00000000,127551
2026-06-27,760197,2049-08-15,24.33906426,0.00000000,2088455
2026-06-27,760197,2049-11-15,23.89800048,0.00000000,127551
2026-06-27,760197,2050-02-15,23.44701507,0.00000000,2088455
2026-06-27,760197,2050-05-15,23.04127072,0.00000000,127551
2026-06-27,760197,2050-08-15,22.61981723,0.00000000,2088455
2026-06-27,760197,2050-11-15,22.21571404,0.00000000,127551
2026-06-27,760197,2051-02-15,21.82120045,0.00000000,1370123
2026-06-27,760197,2051-05-15,21.45398009,0.00000000,127551
2026-06-27,760197,2051-08-15,21.06508015,0.00000000,1370123
2026-06-27,760197,2051-11-15,20.69657225,0.00000000,127551
2026-06-27,760197,2052-02-15,20.34160505,0.00000000,1370123
2026-06-27,760197,2052-05-15,20.00498878,0.00000000,127551
2026-06-27,760197,2052-08-15,19.64758228,0.00000000,1370123
2026-06-27,760197,2052-11-15,19.29198277,0.00000000,127551
2026-06-27,760197,2053-02-15,18.96426033,0.00000000,1370123
2026-06-27,760197,2053-05-15,18.66291656,0.00000000,127551
2026-06-27,760197,2053-08-15,18.33087067,0.00000000,1370123
2026-06-27,760197,2053-11-15,17.99947268,0.00000000,127551
2026-06-27,760197,2054-02-15,17.70291595,0.00000000,1370123
2026-06-27,760197,2054-05-15,17.40572356,0.00000000,127551
2026-06-27,760197,2054-08-15,17.09350635,0.00000000,1370123
2026-06-27,760197,2054-11-15,16.79969331,0.00000000,127551
2026-06-27,760197,2055-02-15,16.50949870,0.00000000,1370123
2026-06-27,760197,2055-05-15,16.22725690,0.00000000,127551
2026-06-27,760197,2055-08-15,15.93465802,0.00000000,1370123
2026-06-27,760197,2056-02-15,15.36971969,0.00000000,1370123
2026-06-27,760197,2056-08-15,14.82375743,0.00000000,1370123
2026-06-27,760197,2057-02-15,14.29214624,0.00000000,1370123
2026-06-27,760197,2057-08-15,13.77888904,0.00000000,1370123
2026-06-27,760197,2058-02-15,13.27562983,0.00000000,1370123
2026-06-27,760197,2058-08-15,12.79034257,0.00000000,1370123
2026-06-27,760197,2059-02-15,12.31137204,0.00000000,1370123
2026-06-27,760197,2059-08-15,11.85020162,0.00000000,1370123
2026-06-27,760197,2060-02-15,11.39231156,0.00000000,1370123
2026-06-27,760197,2060-08-15,10.95905873,0.00000000,1370123
2026-06-27,760198,2026-08-15,4666.26606313,0.00000000,2981749
2026-06-27,760198,2027-05-15,4392.28281966,0.00000000,11057
2026-06-27,760198,2028-08-15,3927.71708171,0.00000000,332199
2026-06-27,760198,2029-05-15,3711.06426471,0.00000000,6927276
2026-06-27,760198,2030-08-15,3335.12533142,0.00000000,428320
2026-06-27,760198,2031-05-15,3144.60151039,0.00000000,11486
2026-06-27,760198,2032-08-15,2841.37028110,0.00000000,3063884
2026-06-27,760198,2033-05-15,2686.76645664,0.00000000,78747
2026-06-27,760198,2035-05-15,2317.11286086,0.00000000,8625511
2026-06-27,760198,2037-05-15,2011.75979597,0.00000000,87458
2026-06-27,760198,2040-08-15,1575.67005437,0.00000000,4861432
2026-06-27,760198,2045-05-15,1127.91974133,0.00000000,9236475
2026-06-27,760198,2050-08-15,765.13918240,0.00000000,4810522
2026-06-27,760198,2055-05-15,548.90408497,0.00000000,127551
2026-06-27,760198,2060-08-15,370.70172379,0.00000000,1370123
2026-06-27,760199,2026-08-15,4804.21493342,0.00000000,5035-38-44
2026-06-27,760199,2027-05-15,4657.61998159,0.00000000,3313-87-63
2026-06-27,760199,2028-08-15,4562.91360390,0.00000000,4758-07-85
2026-06-27,760199,2029-05-15,4444.61989925,0.00000000,1675-31-05
2026-06-27,760199,2030-08-15,4392.98952185,0.00000000,4923-44-96
2026-06-27,760199,2031-05-15,4275.48780211,0.00000000,4954486
2026-06-27,760199,2032-08-15,4261.30321760,0.00000000,2344-69-97
2026-06-27,760199,2033-05-15,4161.05471150,0.00000000,1926-77-31
2026-06-27,760199,2035-05-15,4091.50478187,0.00000000,5638-44-44
2026-06-27,760199,2037-05-15,4052.07144678,0.00000000,5322399
2026-06-27,760199,2040-08-15,4032.66770741,0.00000000,3204-68-38
2026-06-27,760199,2045-05-15,3916.10272810,0.00000000,4055-45-34
2026-06-27,760199,2050-08-15,3918.17079655,0.00000000,4765-35-56
2026-06-27,760199,2055-05-15,3839.28279068,0.00000000,3171-60-06
2026-06-27,760199,2060-08-15,3868.57452473,0.00000000,2376-07-23
2026-06-27,770100,2031-01-01,7949.26277074,0.00000000,1104-09-15
2026-06-27,950197,2026-07-01,48.72896890,0.00000000,3693767
2026-06-27,950197,2027-01-01,45.47357415,0.00000000,3693767
2026-06-27,950197,2027-07-01,42.46639606,0.00000000,3693767
2026-06-27,950197,2028-01-01,39.57540158,0.00000000,3693767
2026-06-27,950197,2028-07-01,36.92854098,0.00000000,3693767
2026-06-27,950197,2029-01-01,34.44600437,0.00000000,3693767
2026-06-27,950197,2029-07-01,32.10806858,0.00000000,3260939
2026-06-27,950197,2030-01-01,29.93726405,0.00000000,3260939
2026-06-27,950197,2030-07-01,27.94069926,0.00000000,3260939
2026-06-27,950197,2031-01-01,25.99629610,0.00000000,3260939
2026-06-27,950197,2031-07-01,24.28110790,0.00000000,3112528
2026-06-27,950197,2032-01-01,22.54940497,0.00000000,3112528
2026-06-27,950197,2032-07-01,21.02816505,0.00000000,3112528
2026-06-27,950197,2033-01-01,19.59661141,0.00000000,3112528
2026-06-27,950197,2033-07-01,18.27349203,0.00000000,2740921
2026-06-27,950197,2034-01-01,17.04247661,0.00000000,2740921
2026-06-27,950197,2034-07-01,15.89087707,0.00000000,2740921
2026-06-27,950197,2035-01-01,14.84844721,0.00000000,2740921
2026-06-27,950197,2035-07-01,13.84432413,0.00000000,492002
2026-06-27,950197,2036-01-01,12.93143385,0.00000000,492002
2026-06-27,950197,2036-07-01,12.06308056,0.00000000,492002
2026-06-27,950197,2037-01-01,11.21259628,0.00000000,492002
2026-06-27,950198,2029-01-01,705.73275899,0.00000000,432828
2026-06-27,950198,2031-01-01,532.61439476,0.00000000,148411
2026-06-27,950198,2033-01-01,401.49709356,0.00000000,371607
2026-06-27,950198,2035-01-01,304.21628888,0.00000000,2248919
2026-06-27,950198,2037-01-01,229.72465599,0.00000000,492002
2026-06-27,950199,2027-01-01,1025.86906475,0.00000000,120145194
2026-06-27,950199,2029-01-01,953.31113768,0.00000000,120143407
2026-06-27,950199,2031-01-01,896.00490089,0.00000000,207381940
2026-06-27,950199,2033-01-01,851.99904733,0.00000000,9418-25-74
2026-06-27,950199,2035-01-01,820.25730852,0.00000000,116858213
2026-06-27,950199,2037-01-01,795.11495875,0.00000000,4111-88-65
2026-06-28,210100,2026-09-01,19304.25392194,0.00000000,9022070
2026-06-28,210100,2027-03-01,19291.86425782,0.00000000,2917-00-43
2026-06-28,210100,2027-09-01,19281.65669926,0.00000000,2844-97-79
2026-06-28,210100,2028-03-01,19271.03174722,0.00000000,1738-09-84
2026-06-28,210100,2028-09-01,19256.51328914,0.00000000,2035-04-27
2026-06-28,210100,2029-03-01,19240.10108887,0.00000000,1868-61-21
2026-06-28,210100,2029-09-01,19221.79014859,0.00000000,1696-96-86
2026-06-28,210100,2030-03-01,19203.98318528,0.00000000,1400-82-83
2026-06-28,210100,2030-06-01,19194.81964741,0.00000000,1039-95-64
2026-06-28,210100,2030-09-01,19183.93084980,0.00000000,1141-64-73
2026-06-28,210100,2030-12-01,19176.82787923,0.00000000,7587691
2026-06-28,210100,2031-03-01,19165.96619119,0.00000000,1232-98-13
2026-06-28,210100,2031-06-01,19154.95688187,0.00000000,9940296
2026-06-28,210100,2031-09-01,19144.80590354,0.00000000,8487474
2026-06-28,210100,2031-12-01,19124.52352254,0.00000000,6974714
2026-06-28,210100,2032-03-01,19110.18021752,0.00000000,9207515
2026-06-28,210100,2032-06-01,19087.72988233,0.00000000,1458-12-82
2026-06-28,100000,2026-07-01,998.36338907,0.00000000,215913791
2026-06-28,100000,2026-10-01,963.73371163,0.00000000,149975016
2026-06-28,100000,2027-01-01,931.66657578,0.00000000,6087692
2026-06-28,100000,2027-04-01,901.04050605,0.00000000,155196588
2026-06-28,100000,2027-07-01,870.05524728,0.00000000,121499759
2026-06-28,100000,2027-10-01,839.34537397,0.00000000,124363963
2026-06-28,100000,2028-01-01,810.82429896,0.00000000,7636-25-52
2026-06-28,100000,2028-04-01,782.88449804,0.00000000,2865-95-42
2026-06-28,100000,2028-07-01,756.59518664,0.00000000,3014-25-94
2026-06-28,100000,2029-01-01,705.73275899,0.00000000,251094857
2026-06-28,100000,2029-07-01,657.83292535,0.00000000,222592458
2026-06-28,100000,2030-01-01,613.35729169,0.00000000,158442275
2026-06-28,100000,2031-01-01,532.61439476,0.00000000,4935755
2026-06-28,100000,2032-01-01,461.99418684,0.00000000,189509512
2026-06-28,760197,2026-08-15,137.94886987,0.00000000,3979276
2026-06-28,760197,2026-11-15,134.82734594,0.00000000,4059610
2026-06-28,760197,2027-02-15,132.37083944,0.00000000,3459828
2026-06-28,760197,2027-05-15,129.84910052,0.00000000,4059610
2026-06-28,760197,2027-08-15,127.04112241,0.00000000,3459828
2026-06-28,760197,2027-11-15,124.26296078,0.00000000,4048553
2026-06-28,760197,2028-02-15,121.33075824,0.00000000,3459828
2026-06-28,760197,2028-05-15,118.74019368,0.00000000,4048553
2026-06-28,760197,2028-08-15,116.11513901,0.00000000,3459828
2026-06-28,760197,2028-11-15,113.86098466,0.00000000,4048553
2026-06-28,760197,2029-02-15,111.83083623,0.00000000,3127629
2026-06-28,760197,2029-05-15,109.71022963,0.00000000,4048553
2026-06-28,760197,2029-08-15,107.33724959,0.00000000,3127629
2026-06-28,760197,2029-11-15,105.03685385,0.00000000,3864757
2026-06-28,760197,2030-02-15,102.80430757,0.00000000,3127629
2026-06-28,760197,2030-05-15,100.74442494,0.00000000,3864757
2026-06-28,760197,2030-08-15,98.59634322,0.00000000,3127629
2026-06-28,760197,2030-11-15,96.54705230,0.00000000,3864757
2026-06-28,760197,2031-02-15,94.68522253,0.00000000,2699309
2026-06-28,760197,2031-05-15,92.96388561,0.00000000,3864757
2026-06-28,760197,2031-08-15,91.04486630,0.00000000,2699309
2026-06-28,760197,2031-11-15,89.12920873,0.00000000,3853271
2026-06-28,760197,2032-02-15,87.42708912,0.00000000,2699309
2026-06-28,760197,2032-05-15,85.69245822,0.00000000,3853271
2026-06-28,760197,2032-08-15,83.99945778,0.00000000,2699309
2026-06-28,760197,2032-11-15,82.44091655,0.00000000,3853271
2026-06-28,760197,2033-02-15,80.86832880,0.00000000,2442722
2026-06-28,760197,2033-05-15,79.42890338,0.00000000,3853271
2026-06-28,760197,2033-08-15,77.90361082,0.00000000,2442722
2026-06-28,760197,2033-11-15,76.43966044,0.00000000,3774524
2026-06-28,760197,2034-02-15,74.96714661,0.00000000,2442722
2026-06-28,760197,2034-05-15,73.68483866,0.00000000,3774524
2026-06-28,760197,2034-08-15,72.28224959,0.00000000,2442722
2026-06-28,760197,2034-11-15,70.95666312,0.00000000,3774524
2026-06-28,760197,2035-02-15,69.72433993,0.00000000,2442722
2026-06-28,760197,2035-05-15,68.50083047,0.00000000,3774524
2026-06-28,760197,2035-08-15,67.22908823,0.00000000,2442722
2026-06-28,760197,2035-11-15,66.02722247,0.00000000,2064671
2026-06-28,760197,2036-02-15,64.87292045,0.00000000,2442722
2026-06-28,760197,2036-05-15,63.79977704,0.00000000,2064671
2026-06-28,760197,2036-08-15,62.64501736,0.00000000,2442722
2026-06-28,760197,2036-11-15,61.50087268,0.00000000,2064671
2026-06-28,760197,2037-02-15,60.45107596,0.00000000,2442722
2026-06-28,760197,2037-05-15,59.47367478,0.00000000,2064671
2026-06-28,760197,2037-08-15,58.40444516,0.00000000,2442722
2026-06-28,760197,2037-11-15,57.37956014,0.00000000,1977213
2026-06-28,760197,2038-02-15,56.35275821,0.00000000,2442722
2026-06-28,760197,2038-05-15,55.34364512,0.00000000,1977213
2026-06-28,760197,2038-08-15,54.28947695,0.00000000,2442722
2026-06-28,760197,2038-11-15,53.27611533,0.00000000,1977213
2026-06-28,760197,2039-02-15,52.22578177,0.00000000,2442722
2026-06-28,760197,2039-05-15,51.27058979,0.00000000,1977213
2026-06-28,760197,2039-08-15,50.27055430,0.00000000,2442722
2026-06-28,760197,2039-11-15,49.30879429,0.00000000,1977213
2026-06-28,760197,2040-02-15,48.37319474,0.00000000,2442722
2026-06-28,760197,2040-05-15,47.48154173,0.00000000,1977213
2026-06-28,760197,2040-08-15,46.58154943,0.00000000,2442722
2026-06-28,760197,2040-11-15,45.73841480,0.00000000,1977213
2026-06-28,760197,2041-02-15,44.92884300,0.00000000,2088455
2026-06-28,760197,2041-05-15,44.17623241,0.00000000,1977213
2026-06-28,760197,2041-08-15,43.36626244,0.00000000,2088455
2026-06-28,760197,2041-11-15,42.56341964,0.00000000,1977213
2026-06-28,760197,2042-02-15,41.82630653,0.00000000,2088455
2026-06-28,760197,2042-05-15,41.15096415,0.00000000,1977213
2026-06-28,760197,2042-08-15,40.40958889,0.00000000,2088455
2026-06-28,760197,2042-11-15,39.67261012,0.00000000,1977213
2026-06-28,760197,2043-02-15,39.01563549,0.00000000,2088455
2026-06-28,760197,2043-05-15,38.35964616,0.00000000,1977213
2026-06-28,760197,2043-08-15,37.67305603,0.00000000,2088455
2026-06-28,760197,2043-11-15,37.02930019,0.00000000,1977213
2026-06-28,760197,2044-02-15,36.39566570,0.00000000,2088455
2026-06-28,760197,2044-05-15,35.78141704,0.00000000,1977213
2026-06-28,760197,2044-08-15,35.14598214,0.00000000,2088455
2026-06-28,760197,2044-11-15,34.52876320,0.00000000,1977213
2026-06-28,760197,2045-02-15,33.89980571,0.00000000,2088455
2026-06-28,760197,2045-05-15,33.34470249,0.00000000,1977213
2026-06-28,760197,2045-08-15,32.72901663,0.00000000,2088455
2026-06-28,760197,2045-11-15,32.13894836,0.00000000,127551
2026-06-28,760197,2046-02-15,31.58336387,0.00000000,2088455
2026-06-28,760197,2046-05-15,31.02517840,0.00000000,127551
2026-06-28,760197,2046-08-15,30.43808408,0.00000000,2088455
2026-06-28,760197,2046-11-15,29.87693202,0.00000000,127551
2026-06-28,760197,2047-02-15,29.33254718,0.00000000,2088455
2026-06-28,760197,2047-05-15,28.82199762,0.00000000,127551
2026-06-28,760197,2047-08-15,28.26827246,0.00000000,2088455
2026-06-28,760197,2047-11-15,27.71571257,0.00000000,127551
2026-06-28,760197,2048-02-15,27.20580543,0.00000000,2088455
2026-06-28,760197,2048-05-15,26.72904788,0.00000000,127551
2026-06-28,760197,2048-08-15,26.21362932,0.00000000,2088455
2026-06-28,760197,2048-11-15,25.73183334,0.00000000,127551
2026-06-28,760197,2049-02-15,25.25986599,0.00000000,2088455
2026-06-28,760197,2049-05-15,24.80531099,0.00000000,127551
2026-06-28,760197,2049-08-15,24.33906426,0.00000000,2088455
2026-06-28,760197,2049-11-15,23.89800048,0.00000000,127551
2026-06-28,760197,2050-02-15,23.44701507,0.00000000,2088455
2026-06-28,760197,2050-05-15,23.04127072,0.00000000,127551
2026-06-28,760197,2050-08-15,22.61981723,0.00000000,2088455
2026-06-28,760197,2050-11-15,22.21571404,0.00000000,127551
2026-06-28,760197,2051-02-15,21.82120045,0.00000000,1370123
2026-06-28,760197,2051-05-15,21.45398009,0.00000000,127551
2026-06-28,760197,2051-08-15,21.06508015,0.00000000,1370123
2026-06-28,760197,2051-11-15,20.69657225,0.00000000,127551
2026-06-28,760197,2052-02-15,20.34160505,0.00000000,1370123
2026-06-28,760197,2052-05-15,20.00498878,0.00000000,127551
2026-06-28,760197,2052-08-15,19.64758228,0.00000000,1370123
2026-06-28,760197,2052-11-15,19.29198277,0.00000000,127551
2026-06-28,760197,2053-02-15,18.96426033,0.00000000,1370123
2026-06-28,760197,2053-05-15,18.66291656,0.00000000,127551
2026-06-28,760197,2053-08-15,18.33087067,0.00000000,1370123
2026-06-28,760197,2053-11-15,17.99947268,0.00000000,127551
2026-06-28,760197,2054-02-15,17.70291595,0.00000000,1370123
2026-06-28,760197,2054-05-15,17.40572356,0.00000000,127551
2026-06-28,760197,2054-08-15,17.09350635,0.00000000,1370123
2026-06-28,760197,2054-11-15,16.79969331,0.00000000,127551
2026-06-28,760197,2055-02-15,16.50949870,0.00000000,1370123
2026-06-28,760197,2055-05-15,16.22725690,0.00000000,127551
2026-06-28,760197,2055-08-15,15.93465802,0.00000000,1370123
2026-06-28,760197,2056-02-15,15.36971969,0.00000000,1370123
2026-06-28,760197,2056-08-15,14.82375743,0.00000000,1370123
2026-06-28,760197,2057-02-15,14.29214624,0.00000000,1370123
2026-06-28,760197,2057-08-15,13.77888904,0.00000000,1370123
2026-06-28,760197,2058-02-15,13.27562983,0.00000000,1370123
2026-06-28,760197,2058-08-15,12.79034257,0.00000000,1370123
2026-06-28,760197,2059-02-15,12.31137204,0.00000000,1370123
2026-06-28,760197,2059-08-15,11.85020162,0.00000000,1370123
2026-06-28,760197,2060-02-15,11.39231156,0.00000000,1370123
2026-06-28,760197,2060-08-15,10.95905873,0.00000000,1370123
2026-06-28,760198,2026-08-15,4666.26606313,0.00000000,2981749
2026-06-28,760198,2027-05-15,4392.28281966,0.00000000,11057
2026-06-28,760198,2028-08-15,3927.71708171,0.00000000,332199
2026-06-28,760198,2029-05-15,3711.06426471,0.00000000,6927276
2026-06-28,760198,2030-08-15,3335.12533142,0.00000000,428320
2026-06-28,760198,2031-05-15,3144.60151039,0.00000000,11486
2026-06-28,760198,2032-08-15,2841.37028110,0.00000000,3063884
2026-06-28,760198,2033-05-15,2686.76645664,0.00000000,78747
2026-06-28,760198,2035-05-15,2317.11286086,0.00000000,8625511
2026-06-28,760198,2037-05-15,2011.75979597,0.00000000,87458
2026-06-28,760198,2040-08-15,1575.67005437,0.00000000,4861432
2026-06-28,760198,2045-05-15,1127.91974133,0.00000000,9236475
2026-06-28,760198,2050-08-15,765.13918240,0.00000000,4810522
2026-06-28,760198,2055-05-15,548.90408497,0.00000000,127551
2026-06-28,760198,2060-08-15,370.70172379,0.00000000,1370123
2026-06-28,760199,2026-08-15,4804.21493342,0.00000000,5035-38-44
2026-06-28,760199,2027-05-15,4657.61998159,0.00000000,3313-87-63
2026-06-28,760199,2028-08-15,4562.91360390,0.00000000,4758-07-85
2026-06-28,760199,2029-05-15,4444.61989925,0.00000000,1675-31-05
2026-06-28,760199,2030-08-15,4392.98952185,0.00000000,4923-44-96
2026-06-28,760199,2031-05-15,4275.48780211,0.00000000,4954486
2026-06-28,760199,2032-08-15,4261.30321760,0.00000000,2344-69-97
2026-06-28,760199,2033-05-15,4161.05471150,0.00000000,1926-77-31
2026-06-28,760199,2035-05-15,4091.50478187,0.00000000,5638-44-44
2026-06-28,760199,2037-05-15,4052.07144678,0.00000000,5322399
2026-06-28,760199,2040-08-15,4032.66770741,0.00000000,3204-68-38
2026-06-28,760199,2045-05-15,3916.10272810,0.00000000,4055-45-34
2026-06-28,760199,2050-08-15,3918.17079655,0.00000000,4765-35-56
2026-06-28,760199,2055-05-15,3839.28279068,0.00000000,3171-60-06
2026-06-28,760199,2060-08-15,3868.57452473,0.00000000,2376-07-23
2026-06-28,770100,2031-01-01,7949.26277074,0.00000000,1104-09-15
2026-06-28,950197,2026-07-01,48.72896890,0.00000000,3693767
2026-06-28,950197,2027-01-01,45.47357415,0.00000000,3693767
2026-06-28,950197,2027-07-01,42.46639606,0.00000000,3693767
2026-06-28,950197,2028-01-01,39.57540158,0.00000000,3693767
2026-06-28,950197,2028-07-01,36.92854098,0.00000000,3693767
2026-06-28,950197,2029-01-01,34.44600437,0.00000000,3693767
2026-06-28,950197,2029-07-01,32.10806858,0.00000000,3260939
2026-06-28,950197,2030-01-01,29.93726405,0.00000000,3260939
2026-06-28,950197,2030-07-01,27.94069926,0.00000000,3260939
2026-06-28,950197,2031-01-01,25.99629610,0.00000000,3260939
2026-06-28,950197,2031-07-01,24.28110790,0.00000000,3112528
2026-06-28,950197,2032-01-01,22.54940497,0.00000000,3112528
2026-06-28,950197,2032-07-01,21.02816505,0.00000000,3112528
2026-06-28,950197,2033-01-01,19.59661141,0.00000000,3112528
2026-06-28,950197,2033-07-01,18.27349203,0.00000000,2740921
2026-06-28,950197,2034-01-01,17.04247661,0.00000000,2740921
2026-06-28,950197,2034-07-01,15.89087707,0.00000000,2740921
2026-06-28,950197,2035-01-01,14.84844721,0.00000000,2740921
2026-06-28,950197,2035-07-01,13.84432413,0.00000000,492002
2026-06-28,950197,2036-01-01,12.93143385,0.00000000,492002
2026-06-28,950197,2036-07-01,12.06308056,0.00000000,492002
2026-06-28,950197,2037-01-01,11.21259628,0.00000000,492002
2026-06-28,950198,2029-01-01,705.73275899,0.00000000,432828
2026-06-28,950198,2031-01-01,532.61439476,0.00000000,148411
2026-06-28,950198,2033-01-01,401.49709356,0.00000000,371607
2026-06-28,950198,2035-01-01,304.21628888,0.00000000,2248919
2026-06-28,950198,2037-01-01,229.72465599,0.00000000,492002
2026-06-28,950199,2027-01-01,1025.86906475,0.00000000,120145194
2026-06-28,950199,2029-01-01,953.31113768,0.00000000,120143407
2026-06-28,950199,2031-01-01,896.00490089,0.00000000,207381940
2026-06-28,950199,2033-01-01,851.99904733,0.00000000,9418-25-74
2026-06-28,950199,2035-01-01,820.25730852,0.00000000,116858213
2026-06-28,950199,2037-01-01,795.11495875,0.00000000,4111-88-65
2026-06-29,210100,2026-09-01,19304.25392194,0.00000000,9022070
2026-06-29,210100,2027-03-01,19291.86425782,0.00000000,2917-00-43
2026-06-29,210100,2027-09-01,19281.65669926,0.00000000,2844-97-79
2026-06-29,210100,2028-03-01,19271.03174722,0.00000000,1738-09-84
2026-06-29,210100,2028-09-01,19256.51328914,0.00000000,2035-04-27
2026-06-29,210100,2029-03-01,19240.10108887,0.00000000,1868-61-21
2026-06-29,210100,2029-09-01,19221.79014859,0.00000000,1696-96-86
2026-06-29,210100,2030-03-01,19203.98318528,0.00000000,1400-82-83
2026-06-29,210100,2030-06-01,19194.81964741,0.00000000,1039-95-64
2026-06-29,210100,2030-09-01,19183.93084980,0.00000000,1141-64-73
2026-06-29,210100,2030-12-01,19176.82787923,0.00000000,7587691
2026-06-29,210100,2031-03-01,19165.96619119,0.00000000,1232-98-13
2026-06-29,210100,2031-06-01,19154.95688187,0.00000000,9940296
2026-06-29,210100,2031-09-01,19144.80590354,0.00000000,8487474
2026-06-29,210100,2031-12-01,19124.52352254,0.00000000,6974714
2026-06-29,210100,2032-03-01,19110.18021752,0.00000000,9207515
2026-06-29,210100,2032-06-01,19087.72988233,0.00000000,1458-12-82
2026-06-29,100000,2026-07-01,998.36338907,0.00000000,215913791
2026-06-29,100000,2026-10-01,963.73371163,0.00000000,149975016
2026-06-29,100000,2027-01-01,931.66657578,0.00000000,6087692
2026-06-29,100000,2027-04-01,901.04050605,0.00000000,155196588
2026-06-29,100000,2027-07-01,870.05524728,0.00000000,121499759
2026-06-29,100000,2027-10-01,839.34537397,0.00000000,124363963
2026-06-29,100000,2028-01-01,810.82429896,0.00000000,7636-25-52
2026-06-29,100000,2028-04-01,782.88449804,0.00000000,2865-95-42
2026-06-29,100000,2028-07-01,756.59518664,0.00000000,3014-25-94
2026-06-29,100000,2029-01-01,705.73275899,0.00000000,251094857
2026-06-29,100000,2029-07-01,657.83292535,0.00000000,222592458
2026-06-29,100000,2030-01-01,613.35729169,0.00000000,158442275
2026-06-29,100000,2031-01-01,532.61439476,0.00000000,4935755
2026-06-29,100000,2032-01-01,461.99418684,0.00000000,189509512
2026-06-29,760197,2026-08-15,137.94886987,0.00000000,3979276
2026-06-29,760197,2026-11-15,134.82734594,0.00000000,4059610
2026-06-29,760197,2027-02-15,132.37083944,0.00000000,3459828
2026-06-29,760197,2027-05-15,129.84910052,0.00000000,4059610
2026-06-29,760197,2027-08-15,127.04112241,0.00000000,3459828
2026-06-29,760197,2027-11-15,124.26296078,0.00000000,4048553
2026-06-29,760197,2028-02-15,121.33075824,0.00000000,3459828
2026-06-29,760197,2028-05-15,118.74019368,0.00000000,4048553
2026-06-29,760197,2028-08-15,116.11513901,0.00000000,3459828
2026-06-29,760197,2028-11-15,113.86098466,0.00000000,4048553
2026-06-29,760197,2029-02-15,111.83083623,0.00000000,3127629
2026-06-29,760197,2029-05-15,109.71022963,0.00000000,4048553
2026-06-29,760197,2029-08-15,107.33724959,0.00000000,3127629
2026-06-29,760197,2029-11-15,105.03685385,0.00000000,3864757
2026-06-29,760197,2030-02-15,102.80430757,0.00000000,3127629
2026-06-29,760197,2030-05-15,100.74442494,0.00000000,3864757
2026-06-29,760197,2030-08-15,98.59634322,0.00000000,3127629
2026-06-29,760197,2030-11-15,96.54705230,0.00000000,3864757
2026-06-29,760197,2031-02-15,94.68522253,0.00000000,2699309
2026-06-29,760197,2031-05-15,92.96388561,0.00000000,3864757
2026-06-29,760197,2031-08-15,91.04486630,0.00000000,2699309
2026-06-29,760197,2031-11-15,89.12920873,0.00000000,3853271
2026-06-29,760197,2032-02-15,87.42708912,0.00000000,2699309
2026-06-29,760197,2032-05-15,85.69245822,0.00000000,3853271
2026-06-29,760197,2032-08-15,83.99945778,0.00000000,2699309
2026-06-29,760197,2032-11-15,82.44091655,0.00000000,3853271
2026-06-29,760197,2033-02-15,80.86832880,0.00000000,2442722
2026-06-29,760197,2033-05-15,79.42890338,0.00000000,3853271
2026-06-29,760197,2033-08-15,77.90361082,0.00000000,2442722
2026-06-29,760197,2033-11-15,76.43966044,0.00000000,3774524
2026-06-29,760197,2034-02-15,74.96714661,0.00000000,2442722
2026-06-29,760197,2034-05-15,73.68483866,0.00000000,3774524
2026-06-29,760197,2034-08-15,72.28224959,0.00000000,2442722
2026-06-29,760197,2034-11-15,70.95666312,0.00000000,3774524
2026-06-29,760197,2035-02-15,69.72433993,0.00000000,2442722
2026-06-29,760197,2035-05-15,68.50083047,0.00000000,3774524
2026-06-29,760197,2035-08-15,67.22908823,0.00000000,2442722
2026-06-29,760197,2035-11-15,66.02722247,0.00000000,2064671
2026-06-29,760197,2036-02-15,64.87292045,0.00000000,2442722
2026-06-29,760197,2036-05-15,63.79977704,0.00000000,2064671
2026-06-29,760197,2036-08-15,62.64501736,0.00000000,2442722
2026-06-29,760197,2036-11-15,61.50087268,0.00000000,2064671
2026-06-29,760197,2037-02-15,60.45107596,0.00000000,2442722
2026-06-29,760197,2037-05-15,59.47367478,0.00000000,2064671
2026-06-29,760197,2037-08-15,58.40444516,0.00000000,2442722
2026-06-29,760197,2037-11-15,57.37956014,0.00000000,1977213
2026-06-29,760197,2038-02-15,56.35275821,0.00000000,2442722
2026-06-29,760197,2038-05-15,55.34364512,0.00000000,1977213
2026-06-29,760197,2038-08-15,54.28947695,0.00000000,2442722
2026-06-29,760197,2038-11-15,53.27611533,0.00000000,1977213
2026-06-29,760197,2039-02-15,52.22578177,0.00000000,2442722
2026-06-29,760197,2039-05-15,51.27058979,0.00000000,1977213
2026-06-29,760197,2039-08-15,50.27055430,0.00000000,2442722
2026-06-29,760197,2039-11-15,49.30879429,0.00000000,1977213
2026-06-29,760197,2040-02-15,48.37319474,0.00000000,2442722
2026-06-29,760197,2040-05-15,47.48154173,0.00000000,1977213
2026-06-29,760197,2040-08-15,46.58154943,0.00000000,2442722
2026-06-29,760197,2040-11-15,45.73841480,0.00000000,1977213
2026-06-29,760197,2041-02-15,44.92884300,0.00000000,2088455
2026-06-29,760197,2041-05-15,44.17623241,0.00000000,1977213
2026-06-29,760197,2041-08-15,43.36626244,0.00000000,2088455
2026-06-29,760197,2041-11-15,42.56341964,0.00000000,1977213
2026-06-29,760197,2042-02-15,41.82630653,0.00000000,2088455
2026-06-29,760197,2042-05-15,41.15096415,0.00000000,1977213
2026-06-29,760197,2042-08-15,40.40958889,0.00000000,2088455
2026-06-29,760197,2042-11-15,39.67261012,0.00000000,1977213
2026-06-29,760197,2043-02-15,39.01563549,0.00000000,2088455
2026-06-29,760197,2043-05-15,38.35964616,0.00000000,1977213
2026-06-29,760197,2043-08-15,37.67305603,0.00000000,2088455
2026-06-29,760197,2043-11-15,37.02930019,0.00000000,1977213
2026-06-29,760197,2044-02-15,36.39566570,0.00000000,2088455
2026-06-29,760197,2044-05-15,35.78141704,0.00000000,1977213
2026-06-29,760197,2044-08-15,35.14598214,0.00000000,2088455
2026-06-29,760197,2044-11-15,34.52876320,0.00000000,1977213
2026-06-29,760197,2045-02-15,33.89980571,0.00000000,2088455
2026-06-29,760197,2045-05-15,33.34470249,0.00000000,1977213
2026-06-29,760197,2045-08-15,32.72901663,0.00000000,2088455
2026-06-29,760197,2045-11-15,32.13894836,0.00000000,127551
2026-06-29,760197,2046-02-15,31.58336387,0.00000000,2088455
2026-06-29,760197,2046-05-15,31.02517840,0.00000000,127551
2026-06-29,760197,2046-08-15,30.43808408,0.00000000,2088455
2026-06-29,760197,2046-11-15,29.87693202,0.00000000,127551
2026-06-29,760197,2047-02-15,29.33254718,0.00000000,2088455
2026-06-29,760197,2047-05-15,28.82199762,0.00000000,127551
2026-06-29,760197,2047-08-15,28.26827246,0.00000000,2088455
2026-06-29,760197,2047-11-15,27.71571257,0.00000000,127551
2026-06-29,760197,2048-02-15,27.20580543,0.00000000,2088455
2026-06-29,760197,2048-05-15,26.72904788,0.00000000,127551
2026-06-29,760197,2048-08-15,26.21362932,0.00000000,2088455
2026-06-29,760197,2048-11-15,25.73183334,0.00000000,127551
2026-06-29,760197,2049-02-15,25.25986599,0.00000000,2088455
2026-06-29,760197,2049-05-15,24.80531099,0.00000000,127551
2026-06-29,760197,2049-08-15,24.33906426,0.00000000,2088455
2026-06-29,760197,2049-11-15,23.89800048,0.00000000,127551
2026-06-29,760197,2050-02-15,23.44701507,0.00000000,2088455
2026-06-29,760197,2050-05-15,23.04127072,0.00000000,127551
2026-06-29,760197,2050-08-15,22.61981723,0.00000000,2088455
2026-06-29,760197,2050-11-15,22.21571404,0.00000000,127551
2026-06-29,760197,2051-02-15,21.82120045,0.00000000,1370123
2026-06-29,760197,2051-05-15,21.45398009,0.00000000,127551
2026-06-29,760197,2051-08-15,21.06508015,0.00000000,1370123
2026-06-29,760197,2051-11-15,20.69657225,0.00000000,127551
2026-06-29,760197,2052-02-15,20.34160505,0.00000000,1370123
2026-06-29,760197,2052-05-15,20.00498878,0.00000000,127551
2026-06-29,760197,2052-08-15,19.64758228,0.00000000,1370123
2026-06-29,760197,2052-11-15,19.29198277,0.00000000,127551
2026-06-29,760197,2053-02-15,18.96426033,0.00000000,1370123
2026-06-29,760197,2053-05-15,18.66291656,0.00000000,127551
2026-06-29,760197,2053-08-15,18.33087067,0.00000000,1370123
2026-06-29,760197,2053-11-15,17.99947268,0.00000000,127551
2026-06-29,760197,2054-02-15,17.70291595,0.00000000,1370123
2026-06-29,760197,2054-05-15,17.40572356,0.00000000,127551
2026-06-29,760197,2054-08-15,17.09350635,0.00000000,1370123
2026-06-29,760197,2054-11-15,16.79969331,0.00000000,127551
2026-06-29,760197,2055-02-15,16.50949870,0.00000000,1370123
2026-06-29,760197,2055-05-15,16.22725690,0.00000000,127551
2026-06-29,760197,2055-08-15,15.93465802,0.00000000,1370123
2026-06-29,760197,2056-02-15,15.36971969,0.00000000,1370123
2026-06-29,760197,2056-08-15,14.82375743,0.00000000,1370123
2026-06-29,760197,2057-02-15,14.29214624,0.00000000,1370123
2026-06-29,760197,2057-08-15,13.77888904,0.00000000,1370123
2026-06-29,760197,2058-02-15,13.27562983,0.00000000,1370123
2026-06-29,760197,2058-08-15,12.79034257,0.00000000,1370123
2026-06-29,760197,2059-02-15,12.31137204,0.00000000,1370123
2026-06-29,760197,2059-08-15,11.85020162,0.00000000,1370123
2026-06-29,760197,2060-02-15,11.39231156,0.00000000,1370123
2026-06-29,760197,2060-08-15,10.95905873,0.00000000,1370123
2026-06-29,760198,2026-08-15,4666.26606313,0.00000000,2981749
2026-06-29,760198,2027-05-15,4392.28281966,0.00000000,11057
2026-06-29,760198,2028-08-15,3927.71708171,0.00000000,332199
2026-06-29,760198,2029-05-15,3711.06426471,0.00000000,6927276
2026-06-29,760198,2030-08-15,3335.12533142,0.00000000,428320
2026-06-29,760198,2031-05-15,3144.60151039,0.00000000,11486
2026-06-29,760198,2032-08-15,2841.37028110,0.00000000,3063884
2026-06-29,760198,2033-05-15,2686.76645664,0.00000000,78747
2026-06-29,760198,2035-05-15,2317.11286086,0.00000000,8625511
2026-06-29,760198,2037-05-15,2011.75979597,0.00000000,87458
2026-06-29,760198,2040-08-15,1575.67005437,0.00000000,4861432
2026-06-29,760198,2045-05-15,1127.91974133,0.00000000,9236475
2026-06-29,760198,2050-08-15,765.13918240,0.00000000,4810522
2026-06-29,760198,2055-05-15,548.90408497,0.00000000,127551
2026-06-29,760198,2060-08-15,370.70172379,0.00000000,1370123
2026-06-29,760199,2026-08-15,4804.21493342,0.00000000,5035-38-44
2026-06-29,760199,2027-05-15,4657.61998159,0.00000000,3313-87-63
2026-06-29,760199,2028-08-15,4562.91360390,0.00000000,4758-07-85
2026-06-29,760199,2029-05-15,4444.61989925,0.00000000,1675-31-05
2026-06-29,760199,2030-08-15,4392.98952185,0.00000000,4923-44-96
2026-06-29,760199,2031-05-15,4275.48780211,0.00000000,4954486
2026-06-29,760199,2032-08-15,4261.30321760,0.00000000,2344-69-97
2026-06-29,760199,2033-05-15,4161.05471150,0.00000000,1926-77-31
2026-06-29,760199,2035-05-15,4091.50478187,0.00000000,5638-44-44
2026-06-29,760199,2037-05-15,4052.07144678,0.00000000,5322399
2026-06-29,760199,2040-08-15,4032.66770741,0.00000000,3204-68-38
2026-06-29,760199,2045-05-15,3916.10272810,0.00000000,4055-45-34
2026-06-29,760199,2050-08-15,3918.17079655,0.00000000,4765-35-56
2026-06-29,760199,2055-05-15,3839.28279068,0.00000000,3171-60-06
2026-06-29,760199,2060-08-15,3868.57452473,0.00000000,2376-07-23
2026-06-29,770100,2031-01-01,7949.26277074,0.00000000,1104-09-15
2026-06-29,950197,2026-07-01,48.72896890,0.00000000,3693767
2026-06-29,950197,2027-01-01,45.47357415,0.00000000,3693767
2026-06-29,950197,2027-07-01,42.46639606,0.00000000,3693767
2026-06-29,950197,2028-01-01,39.57540158,0.00000000,3693767
2026-06-29,950197,2028-07-01,36.92854098,0.00000000,3693767
2026-06-29,950197,2029-01-01,34.44600437,0.00000000,3693767
2026-06-29,950197,2029-07-01,32.10806858,0.00000000,3260939
2026-06-29,950197,2030-01-01,29.93726405,0.00000000,3260939
2026-06-29,950197,2030-07-01,27.94069926,0.00000000,3260939
2026-06-29,950197,2031-01-01,25.99629610,0.00000000,3260939
2026-06-29,950197,2031-07-01,24.28110790,0.00000000,3112528
2026-06-29,950197,2032-01-01,22.54940497,0.00000000,3112528
2026-06-29,950197,2032-07-01,21.02816505,0.00000000,3112528
2026-06-29,950197,2033-01-01,19.59661141,0.00000000,3112528
2026-06-29,950197,2033-07-01,18.27349203,0.00000000,2740921
2026-06-29,950197,2034-01-01,17.04247661,0.00000000,2740921
2026-06-29,950197,2034-07-01,15.89087707,0.00000000,2740921
2026-06-29,950197,2035-01-01,14.84844721,0.00000000,2740921
2026-06-29,950197,2035-07-01,13.84432413,0.00000000,492002
2026-06-29,950197,2036-01-01,12.93143385,0.00000000,492002
2026-06-29,950197,2036-07-01,12.06308056,0.00000000,492002
2026-06-29,950197,2037-01-01,11.21259628,0.00000000,492002
2026-06-29,950198,2029-01-01,705.73275899,0.00000000,432828
2026-06-29,950198,2031-01-01,532.61439476,0.00000000,148411
2026-06-29,950198,2033-01-01,401.49709356,0.00000000,371607
2026-06-29,950198,2035-01-01,304.21628888,0.00000000,2248919
2026-06-29,950198,2037-01-01,229.72465599,0.00000000,492002
2026-06-29,950199,2027-01-01,1025.86906475,0.00000000,120145194
2026-06-29,950199,2029-01-01,953.31113768,0.00000000,120143407
2026-06-29,950199,2031-01-01,896.00490089,0.00000000,207381940
2026-06-29,950199,2033-01-01,851.99904733,0.00000000,9418-25-74
2026-06-29,950199,2035-01-01,820.25730852,0.00000000,116858213
2026-06-29,950199,2037-01-01,795.11495875,0.00000000,4111-88-65
2026-06-30,210100,2026-09-01,19314.15977086,0.00000000,9022070
2026-06-30,210100,2027-03-01,19302.08145185,0.00000000,2916-94-89
2026-06-30,210100,2027-09-01,19291.88225330,0.00000000,2844-97-79
2026-06-30,210100,2028-03-01,19281.23248033,0.00000000,1738-00-19
2026-06-30,210100,2028-09-01,19266.67288789,0.00000000,2035-04-27
2026-06-30,210100,2029-03-01,19250.35396469,0.00000000,1868-54-32
2026-06-30,210100,2029-09-01,19231.98997174,0.00000000,1696-96-86
2026-06-30,210100,2030-03-01,19214.17934613,0.00000000,1400-82-83
2026-06-30,210100,2030-06-01,19204.86414709,0.00000000,1039-95-64
2026-06-30,210100,2030-09-01,19193.96357451,0.00000000,1141-64-73
2026-06-30,210100,2030-12-01,19186.93146903,0.00000000,7587691
2026-06-30,210100,2031-03-01,19176.15158923,0.00000000,1233-49-58
2026-06-30,210100,2031-06-01,19164.95252322,0.00000000,9940296
2026-06-30,210100,2031-09-01,19154.98498934,0.00000000,8487474
2026-06-30,210100,2031-12-01,19134.70099680,0.00000000,6974714
2026-06-30,210100,2032-03-01,19120.13943012,0.00000000,9207515
2026-06-30,210100,2032-06-01,19098.91122730,0.00000000,1458-12-82
2026-06-30,100000,2026-07-01,998.90849606,0.00000000,215913791
2026-06-30,100000,2026-10-01,964.29112449,0.00000000,152654219
2026-06-30,100000,2027-01-01,932.34078062,0.00000000,6086130
2026-06-30,100000,2027-04-01,901.94775803,0.00000000,156331323
2026-06-30,100000,2027-07-01,871.06554068,0.00000000,121499759
2026-06-30,100000,2027-10-01,840.54475904,0.00000000,124381065
2026-06-30,100000,2028-01-01,812.17764186,0.00000000,7635-84-34
2026-06-30,100000,2028-04-01,784.39699154,0.00000000,3665-95-42
2026-06-30,100000,2028-07-01,758.20130677,0.00000000,3020-77-33
2026-06-30,100000,2029-01-01,707.58120051,0.00000000,251131348
2026-06-30,100000,2029-07-01,659.82497927,0.00000000,222592458
2026-06-30,100000,2030-01-01,615.18775595,0.00000000,168442275
2026-06-30,100000,2031-01-01,534.05574171,0.00000000,4931211
2026-06-30,100000,2032-01-01,463.13551081,0.00000000,189548206
2026-06-30,760197,2026-08-15,137.95259901,0.00000000,3987223
2026-06-30,760197,2026-11-15,134.82131956,0.00000000,4075267
2026-06-30,760197,2027-02-15,132.40806310,0.00000000,3467775
2026-06-30,760197,2027-05-15,129.92447852,0.00000000,4075267
2026-06-30,760197,2027-08-15,127.13026069,0.00000000,3467775
2026-06-30,760197,2027-11-15,124.38851318,0.00000000,4064210
2026-06-30,760197,2028-02-15,121.51046398,0.00000000,3467775
2026-06-30,760197,2028-05-15,118.96661645,0.00000000,4064210
2026-06-30,760197,2028-08-15,116.36269893,0.00000000,3467775
2026-06-30,760197,2028-11-15,114.08788896,0.00000000,4064210
2026-06-30,760197,2029-02-15,112.02265280,0.00000000,3135576
2026-06-30,760197,2029-05-15,109.87320253,0.00000000,4064210
2026-06-30,760197,2029-08-15,107.49833698,0.00000000,3135576
2026-06-30,760197,2029-11-15,105.21781380,0.00000000,3880414
2026-06-30,760197,2030-02-15,103.01112291,0.00000000,3135576
2026-06-30,760197,2030-05-15,100.96539782,0.00000000,3880414
2026-06-30,760197,2030-08-15,98.79930046,0.00000000,3135576
2026-06-30,760197,2030-11-15,96.68384601,0.00000000,3880414
2026-06-30,760197,2031-02-15,94.74661312,0.00000000,2699309
2026-06-30,760197,2031-05-15,92.97978769,0.00000000,3880414
2026-06-30,760197,2031-08-15,91.04996890,0.00000000,2699309
2026-06-30,760197,2031-11-15,89.14150956,0.00000000,3868928
2026-06-30,760197,2032-02-15,87.45112267,0.00000000,2699309
2026-06-30,760197,2032-05-15,85.72196547,0.00000000,3868928
2026-06-30,760197,2032-08-15,84.01352001,0.00000000,2699309
2026-06-30,760197,2032-11-15,82.44296102,0.00000000,3868928
2026-06-30,760197,2033-02-15,80.87903504,0.00000000,2442722
2026-06-30,760197,2033-05-15,79.44191045,0.00000000,3868928
2026-06-30,760197,2033-08-15,77.89967743,0.00000000,2442722
2026-06-30,760197,2033-11-15,76.40662645,0.00000000,3790181
2026-06-30,760197,2034-02-15,74.89460488,0.00000000,2442722
2026-06-30,760197,2034-05-15,73.57199311,0.00000000,3790181
2026-06-30,760197,2034-08-15,72.12228664,0.00000000,2442722
2026-06-30,760197,2034-11-15,70.75295906,0.00000000,3790181
2026-06-30,760197,2035-02-15,69.48448887,0.00000000,2442722
2026-06-30,760197,2035-05-15,68.23353707,0.00000000,3790181
2026-06-30,760197,2035-08-15,66.95100061,0.00000000,2442722
2026-06-30,760197,2035-11-15,65.75674135,0.00000000,2080328
2026-06-30,760197,2036-02-15,64.61993200,0.00000000,2442722
2026-06-30,760197,2036-05-15,63.56581698,0.00000000,2080328
2026-06-30,760197,2036-08-15,62.42662997,0.00000000,2442722
2026-06-30,760197,2036-11-15,61.28339519,0.00000000,2080328
2026-06-30,760197,2037-02-15,60.21207543,0.00000000,2442722
2026-06-30,760197,2037-05-15,59.18636431,0.00000000,2080328
2026-06-30,760197,2037-08-15,58.05664476,0.00000000,2442722
2026-06-30,760197,2037-11-15,56.99205191,0.00000000,1986650
2026-06-30,760197,2038-02-15,55.94105915,0.00000000,2442722
2026-06-30,760197,2038-05-15,54.92122735,0.00000000,1986650
2026-06-30,760197,2038-08-15,53.86745062,0.00000000,2442722
2026-06-30,760197,2038-11-15,52.86350939,0.00000000,1986650
2026-06-30,760197,2039-02-15,51.83004883,0.00000000,2442722
2026-06-30,760197,2039-05-15,50.89448650,0.00000000,1986650
2026-06-30,760197,2039-08-15,49.91720318,0.00000000,2442722
2026-06-30,760197,2039-11-15,48.97719624,0.00000000,1986650
2026-06-30,760197,2040-02-15,48.06022574,0.00000000,2442722
2026-06-30,760197,2040-05-15,47.18146608,0.00000000,1986650
2026-06-30,760197,2040-08-15,46.28663661,0.00000000,2442722
2026-06-30,760197,2040-11-15,45.44458411,0.00000000,1986650
2026-06-30,760197,2041-02-15,44.63793463,0.00000000,2088455
2026-06-30,760197,2041-05-15,43.88950456,0.00000000,1986650
2026-06-30,760197,2041-08-15,43.08536521,0.00000000,2088455
2026-06-30,760197,2041-11-15,42.28936818,0.00000000,1986650
2026-06-30,760197,2042-02-15,41.55917425,0.00000000,2088455
2026-06-30,760197,2042-05-15,40.89042899,0.00000000,1986650
2026-06-30,760197,2042-08-15,40.15624478,0.00000000,2088455
2026-06-30,760197,2042-11-15,39.42597053,0.00000000,1986650
2026-06-30,760197,2043-02-15,38.77423764,0.00000000,2088455
2026-06-30,760197,2043-05-15,38.12243150,0.00000000,1986650
2026-06-30,760197,2043-08-15,37.43868709,0.00000000,2088455
2026-06-30,760197,2043-11-15,36.79577103,0.00000000,1986650
2026-06-30,760197,2044-02-15,36.16083357,0.00000000,2088455
2026-06-30,760197,2044-05-15,35.54292066,0.00000000,1986650
2026-06-30,760197,2044-08-15,34.90079665,0.00000000,2088455
2026-06-30,760197,2044-11-15,34.27385256,0.00000000,1986650
2026-06-30,760197,2045-02-15,33.63129476,0.00000000,2088455
2026-06-30,760197,2045-05-15,33.06076041,0.00000000,1986650
2026-06-30,760197,2045-08-15,32.42850850,0.00000000,2088455
2026-06-30,760197,2045-11-15,31.82693278,0.00000000,127551
2026-06-30,760197,2046-02-15,31.26412977,0.00000000,2088455
2026-06-30,760197,2046-05-15,30.70193665,0.00000000,127551
2026-06-30,760197,2046-08-15,30.11381250,0.00000000,2088455
2026-06-30,760197,2046-11-15,29.55440285,0.00000000,127551
2026-06-30,760197,2047-02-15,29.01393820,0.00000000,2088455
2026-06-30,760197,2047-05-15,28.50877521,0.00000000,127551
2026-06-30,760197,2047-08-15,27.96243404,0.00000000,2088455
2026-06-30,760197,2047-11-15,27.41847670,0.00000000,127551
2026-06-30,760197,2048-02-15,26.91725552,0.00000000,2088455
2026-06-30,760197,2048-05-15,26.44896015,0.00000000,127551
2026-06-30,760197,2048-08-15,25.94270689,0.00000000,2088455
2026-06-30,760197,2048-11-15,25.46913963,0.00000000,127551
2026-06-30,760197,2049-02-15,25.00455358,0.00000000,2088455
2026-06-30,760197,2049-05-15,24.55611387,0.00000000,127551
2026-06-30,760197,2049-08-15,24.09472680,0.00000000,2088455
2026-06-30,760197,2049-11-15,23.65653634,0.00000000,127551
2026-06-30,760197,2050-02-15,23.20629689,0.00000000,2088455
2026-06-30,760197,2050-05-15,22.79890042,0.00000000,127551
2026-06-30,760197,2050-08-15,22.37291708,0.00000000,2088455
2026-06-30,760197,2050-11-15,21.96195379,0.00000000,127551
2026-06-30,760197,2051-02-15,21.55895986,0.00000000,1370123
2026-06-30,760197,2051-05-15,21.18239967,0.00000000,127551
2026-06-30,760197,2051-08-15,20.78225388,0.00000000,1370123
2026-06-30,760197,2051-11-15,20.40198099,0.00000000,127551
2026-06-30,760197,2052-02-15,20.03484402,0.00000000,1370123
2026-06-30,760197,2052-05-15,19.68610632,0.00000000,127551
2026-06-30,760197,2052-08-15,19.31541987,0.00000000,1370123
2026-06-30,760197,2052-11-15,18.94642468,0.00000000,127551
2026-06-30,760197,2053-02-15,18.60642134,0.00000000,1370123
2026-06-30,760197,2053-05-15,18.29403610,0.00000000,127551
2026-06-30,760197,2053-08-15,17.95033041,0.00000000,1370123
2026-06-30,760197,2053-11-15,17.60807988,0.00000000,127551
2026-06-30,760197,2054-02-15,17.30270266,0.00000000,1370123
2026-06-30,760197,2054-05-15,16.99773171,0.00000000,127551
2026-06-30,760197,2054-08-15,16.67872367,0.00000000,1370123
2026-06-30,760197,2054-11-15,16.38003971,0.00000000,127551
2026-06-30,760197,2055-02-15,16.08669909,0.00000000,1370123
2026-06-30,760197,2055-05-15,15.80318792,0.00000000,127551
2026-06-30,760197,2055-08-15,15.51045934,0.00000000,1370123
2026-06-30,760197,2056-02-15,14.94648608,0.00000000,1370123
2026-06-30,760197,2056-08-15,14.40312742,0.00000000,1370123
2026-06-30,760197,2057-02-15,13.87580276,0.00000000,1370123
2026-06-30,760197,2057-08-15,13.36848981,0.00000000,1370123
2026-06-30,760197,2058-02-15,12.87294509,0.00000000,1370123
2026-06-30,760197,2058-08-15,12.39702360,0.00000000,1370123
2026-06-30,760197,2059-02-15,11.92931058,0.00000000,1370123
2026-06-30,760197,2059-08-15,11.48102466,0.00000000,1370123
2026-06-30,760197,2060-02-15,11.03807159,0.00000000,1370123
2026-06-30,760197,2060-08-15,10.62107180,0.00000000,1370123
2026-06-30,760198,2026-08-15,4666.39220521,0.00000000,2980100
2026-06-30,760198,2027-05-15,4394.83255979,0.00000000,11057
2026-06-30,760198,2028-08-15,3936.09105707,0.00000000,332199
2026-06-30,760198,2029-05-15,3716.57699480,0.00000000,6925358
2026-06-30,760198,2030-08-15,3341.99057420,0.00000000,436267
2026-06-30,760198,2031-05-15,3145.13941495,0.00000000,11486
2026-06-30,760198,2032-08-15,2841.84595091,0.00000000,3101162
2026-06-30,760198,2033-05-15,2687.20643438,0.00000000,78747
2026-06-30,760198,2035-05-15,2308.07137983,0.00000000,8623204
2026-06-30,760198,2037-05-15,2002.04121614,0.00000000,93678
2026-06-30,760198,2040-08-15,1565.69431688,0.00000000,4869800
2026-06-30,760198,2045-05-15,1118.31510077,0.00000000,9244165
2026-06-30,760198,2050-08-15,756.78752412,0.00000000,4819647
2026-06-30,760198,2055-05-15,534.55950430,0.00000000,127551
2026-06-30,760198,2060-08-15,359.26895923,0.00000000,1370123
2026-06-30,760199,2026-08-15,4804.34480464,0.00000000,5035-34-93
2026-06-30,760199,2027-05-15,4660.29342244,0.00000000,3313-87-63
2026-06-30,760199,2028-08-15,4572.03705290,0.00000000,4758-07-85
2026-06-30,760199,2029-05-15,4450.78611064,0.00000000,1686-48-41
2026-06-30,760199,2030-08-15,4401.00132607,0.00000000,4922-64-58
2026-06-30,760199,2031-05-15,4276.21915212,0.00000000,4954486
2026-06-30,760199,2032-08-15,4262.01659640,0.00000000,2344-68-04
2026-06-30,760199,2033-05-15,4161.73611478,0.00000000,1950-45-18
2026-06-30,760199,2035-05-15,4079.41763218,0.00000000,5652-04-11
2026-06-30,760199,2037-05-15,4038.12394753,0.00000000,5318027
2026-06-30,760199,2040-08-15,4016.51547168,0.00000000,3204-67-98
2026-06-30,760199,2045-05-15,3897.38289778,0.00000000,4057-58-85
2026-06-30,760199,2050-08-15,3897.86440591,0.00000000,4765-35-34
2026-06-30,760199,2055-05-15,3795.95941893,0.00000000,3171-58-81
2026-06-30,760199,2060-08-15,3824.21885897,0.00000000,2384-85-48
2026-06-30,770100,2031-01-01,7951.79586082,0.00000000,1104-09-15
2026-06-30,950197,2026-07-01,48.75557495,0.00000000,3730287
2026-06-30,950197,2027-01-01,45.50648131,0.00000000,3730287
2026-06-30,950197,2027-07-01,42.51570732,0.00000000,3730287
2026-06-30,950197,2028-01-01,39.64145669,0.00000000,3730287
2026-06-30,950197,2028-07-01,37.00693385,0.00000000,3730287
2026-06-30,950197,2029-01-01,34.53622468,0.00000000,3730287
2026-06-30,950197,2029-07-01,32.20529844,0.00000000,3297459
2026-06-30,950197,2030-01-01,30.02660690,0.00000000,3297459
2026-06-30,950197,2030-07-01,28.02877760,0.00000000,3297459
2026-06-30,950197,2031-01-01,26.06664659,0.00000000,3297459
2026-06-30,950197,2031-07-01,24.35771809,0.00000000,3149048
2026-06-30,950197,2032-01-01,22.60511168,0.00000000,3149048
2026-06-30,950197,2032-07-01,21.08373030,0.00000000,3149048
2026-06-30,950197,2033-01-01,19.62421988,0.00000000,3149048
2026-06-30,950197,2033-07-01,18.30042192,0.00000000,2777441
2026-06-30,950197,2034-01-01,17.06316839,0.00000000,2777441
2026-06-30,950197,2034-07-01,15.91086165,0.00000000,2777441
2026-06-30,950197,2035-01-01,14.85136931,0.00000000,2777441
2026-06-30,950197,2035-07-01,13.84676343,0.00000000,492002
2026-06-30,950197,2036-01-01,12.93873910,0.00000000,492002
2026-06-30,950197,2036-07-01,12.06990416,0.00000000,492002
2026-06-30,950197,2037-01-01,11.20367544,0.00000000,492002
2026-06-30,950198,2029-01-01,707.58120051,0.00000000,432828
2026-06-30,950198,2031-01-01,534.05574171,0.00000000,148411
2026-06-30,950198,2033-01-01,402.06273811,0.00000000,371607
2026-06-30,950198,2035-01-01,304.27615714,0.00000000,2285439
2026-06-30,950198,2037-01-01,229.54188516,0.00000000,492002
2026-06-30,950199,2027-01-01,1026.60280143,0.00000000,119944430
2026-06-30,950199,2029-01-01,955.50348160,0.00000000,120763938
2026-06-30,950199,2031-01-01,898.13365712,0.00000000,210381490
2026-06-30,950199,2033-01-01,853.46092338,0.00000000,9444-86-29
2026-06-30,950199,2035-01-01,821.27378793,0.00000000,116820661
2026-06-30,950199,2037-01-01,795.88484343,0.00000000,4179-92-21
2026-07-01,210100,2026-09-01,19324.28744020,0.00000000,9022070
2026-07-01,210100,2027-03-01,19312.27848496,0.00000000,2916-87-24
2026-07-01,210100,2027-09-01,19302.09050423,0.00000000,2844-97-79
2026-07-01,210100,2028-03-01,19291.43861393,0.00000000,1737-84-93
2026-07-01,210100,2028-09-01,19276.92159276,0.00000000,2035-04-27
2026-07-01,210100,2029-03-01,19260.51032029,0.00000000,1868-44-28
2026-07-01,210100,2029-09-01,19242.19520826,0.00000000,1696-96-86
2026-07-01,210100,2030-03-01,19224.38092147,0.00000000,1400-82-83
2026-07-01,210100,2030-06-01,19214.91420877,0.00000000,1039-95-64
2026-07-01,210100,2030-09-01,19204.24017343,0.00000000,1141-64-73
2026-07-01,210100,2030-12-01,19197.12473889,0.00000000,7587691
2026-07-01,210100,2031-03-01,19186.43119147,0.00000000,1233-86-89
2026-07-01,210100,2031-06-01,19175.23401948,0.00000000,9940296
2026-07-01,210100,2031-09-01,19165.26774211,0.00000000,8487474
2026-07-01,210100,2031-12-01,19144.67790629,0.00000000,6974714
2026-07-01,210100,2032-03-01,19130.21166577,0.00000000,9207515
2026-07-01,210100,2032-06-01,19109.64908344,0.00000000,1458-12-82
2026-07-01,100000,2026-07-01,0.00000000,1000.00000000,215913791
2026-07-01,100000,2026-10-01,964.81479537,0.00000000,151794581
2026-07-01,100000,2027-01-01,932.93026570,0.00000000,6081758
2026-07-01,100000,2027-04-01,902.64628945,0.00000000,156331323
2026-07-01,100000,2027-07-01,871.99740533,0.00000000,122049759
2026-07-01,100000,2027-10-01,841.60373021,0.00000000,124381065
2026-07-01,100000,2028-01-01,813.31585024,0.00000000,7635-56-43
2026-07-01,100000,2028-04-01,785.54802869,0.00000000,3665-95-42
2026-07-01,100000,2028-07-01,759.41071293,0.00000000,3022-52-47
2026-07-01,100000,2029-01-01,708.73956729,0.00000000,251172538
2026-07-01,100000,2029-07-01,660.96220095,0.00000000,222842458
2026-07-01,100000,2030-01-01,616.55486105,0.00000000,166442275
2026-07-01,100000,2031-01-01,535.70803705,0.00000000,4927123
2026-07-01,100000,2032-01-01,464.83158878,0.00000000,189592244
2026-07-01,760197,2026-08-15,138.08850183,0.00000000,3987223
2026-07-01,760197,2026-11-15,134.98307558,0.00000000,4090267
2026-07-01,760197,2027-02-15,132.54433183,0.00000000,3467775
2026-07-01,760197,2027-05-15,130.04367642,0.00000000,4090267
2026-07-01,760197,2027-08-15,127.25220092,0.00000000,3467775
2026-07-01,760197,2027-11-15,124.47711724,0.00000000,4079210
2026-07-01,760197,2028-02-15,121.53761542,0.00000000,3467775
2026-07-01,760197,2028-05-15,118.93770039,0.00000000,4079210
2026-07-01,760197,2028-08-15,116.31053594,0.00000000,3467775
2026-07-01,760197,2028-11-15,114.06455711,0.00000000,4079210
2026-07-01,760197,2029-02-15,112.04332085,0.00000000,3135576
2026-07-01,760197,2029-05-15,109.92958226,0.00000000,4079210
2026-07-01,760197,2029-08-15,107.56218297,0.00000000,3135576
2026-07-01,760197,2029-11-15,105.26866683,0.00000000,3891414
2026-07-01,760197,2030-02-15,103.04368295,0.00000000,3135576
2026-07-01,760197,2030-05-15,100.99102525,0.00000000,3891414
2026-07-01,760197,2030-08-15,98.84999779,0.00000000,3135576
2026-07-01,760197,2030-11-15,96.80688203,0.00000000,3891414
2026-07-01,760197,2031-02-15,94.95058391,0.00000000,2699309
2026-07-01,760197,2031-05-15,93.23414378,0.00000000,3891414
2026-07-01,760197,2031-08-15,91.32162837,0.00000000,2699309
2026-07-01,760197,2031-11-15,89.41370474,0.00000000,3879928
2026-07-01,760197,2032-02-15,87.71778151,0.00000000,2699309
2026-07-01,760197,2032-05-15,85.98676440,0.00000000,3879928
2026-07-01,760197,2032-08-15,84.29211489,0.00000000,2699309
2026-07-01,760197,2032-11-15,82.73997272,0.00000000,3879928
2026-07-01,760197,2033-02-15,81.18031729,0.00000000,2442722
2026-07-01,760197,2033-05-15,79.73248992,0.00000000,3879928
2026-07-01,760197,2033-08-15,78.17775483,0.00000000,2442722
2026-07-01,760197,2033-11-15,76.68356972,0.00000000,3801181
2026-07-01,760197,2034-02-15,75.17865740,0.00000000,2442722
2026-07-01,760197,2034-05-15,73.86648556,0.00000000,3801181
2026-07-01,760197,2034-08-15,72.42944266,0.00000000,2442722
2026-07-01,760197,2034-11-15,71.06954820,0.00000000,3801181
2026-07-01,760197,2035-02-15,69.80378445,0.00000000,2442722
2026-07-01,760197,2035-05-15,68.54557637,0.00000000,3801181
2026-07-01,760197,2035-08-15,67.23747041,0.00000000,2442722
2026-07-01,760197,2035-11-15,66.00155640,0.00000000,2080328
2026-07-01,760197,2036-02-15,64.81394415,0.00000000,2442722
2026-07-01,760197,2036-05-15,63.70839934,0.00000000,2080328
2026-07-01,760197,2036-08-15,62.51610517,0.00000000,2442722
2026-07-01,760197,2036-11-15,61.33070079,0.00000000,2080328
2026-07-01,760197,2037-02-15,60.23813552,0.00000000,2442722
2026-07-01,760197,2037-05-15,59.21543662,0.00000000,2080328
2026-07-01,760197,2037-08-15,58.10188866,0.00000000,2442722
2026-07-01,760197,2037-11-15,57.04917531,0.00000000,1986650
2026-07-01,760197,2038-02-15,56.00679686,0.00000000,2442722
2026-07-01,760197,2038-05-15,54.99245870,0.00000000,1986650
2026-07-01,760197,2038-08-15,53.94150281,0.00000000,2442722
2026-07-01,760197,2038-11-15,52.93766373,0.00000000,1986650
2026-07-01,760197,2039-02-15,51.90180412,0.00000000,2442722
2026-07-01,760197,2039-05-15,50.96200122,0.00000000,1986650
2026-07-01,760197,2039-08-15,49.97832474,0.00000000,2442722
2026-07-01,760197,2039-11-15,49.03041634,0.00000000,1986650
2026-07-01,760197,2040-02-15,48.10422980,0.00000000,2442722
2026-07-01,760197,2040-05-15,47.21538850,0.00000000,1986650
2026-07-01,760197,2040-08-15,46.30920281,0.00000000,2442722
2026-07-01,760197,2040-11-15,45.45390351,0.00000000,1986650
2026-07-01,760197,2041-02-15,44.63079577,0.00000000,2088455
2026-07-01,760197,2041-05-15,43.86406463,0.00000000,1986650
2026-07-01,760197,2041-08-15,43.03736955,0.00000000,2088455
2026-07-01,760197,2041-11-15,42.21654449,0.00000000,1986650
2026-07-01,760197,2042-02-15,41.46185793,0.00000000,2088455
2026-07-01,760197,2042-05-15,40.76967860,0.00000000,1986650
2026-07-01,760197,2042-08-15,40.00920593,0.00000000,2088455
2026-07-01,760197,2042-11-15,39.25283986,0.00000000,1986650
2026-07-01,760197,2043-02-15,38.57846439,0.00000000,2088455
2026-07-01,760197,2043-05-15,37.90521226,0.00000000,1986650
2026-07-01,760197,2043-08-15,37.20093137,0.00000000,2088455
2026-07-01,760197,2043-11-15,36.54119840,0.00000000,1986650
2026-07-01,760197,2044-02-15,35.89267624,0.00000000,2088455
2026-07-01,760197,2044-05-15,35.26504421,0.00000000,1986650
2026-07-01,760197,2044-08-15,34.61712848,0.00000000,2088455
2026-07-01,760197,2044-11-15,33.98939431,0.00000000,1986650
2026-07-01,760197,2045-02-15,33.35164630,0.00000000,2088455
2026-07-01,760197,2045-05-15,32.79063994,0.00000000,1986650
2026-07-01,760197,2045-08-15,32.17075763,0.00000000,2088455
2026-07-01,760197,2045-11-15,31.57898205,0.00000000,127551
2026-07-01,760197,2046-02-15,31.02368314,0.00000000,2088455
2026-07-01,760197,2046-05-15,30.46745862,0.00000000,127551
2026-07-01,760197,2046-08-15,29.88403967,0.00000000,2088455
2026-07-01,760197,2046-11-15,29.32774687,0.00000000,127551
2026-07-01,760197,2047-02-15,28.78913914,0.00000000,2088455
2026-07-01,760197,2047-05-15,28.28478347,0.00000000,127551
2026-07-01,760197,2047-08-15,27.73842218,0.00000000,2088455
2026-07-01,760197,2047-11-15,27.19365547,0.00000000,127551
2026-07-01,760197,2048-02-15,26.69112002,0.00000000,2088455
2026-07-01,760197,2048-05-15,26.22122042,0.00000000,127551
2026-07-01,760197,2048-08-15,25.71295891,0.00000000,2088455
2026-07-01,760197,2048-11-15,25.23739116,0.00000000,127551
2026-07-01,760197,2049-02-15,24.77086660,0.00000000,2088455
2026-07-01,760197,2049-05-15,24.32071427,0.00000000,127551
2026-07-01,760197,2049-08-15,23.85787780,0.00000000,2088455
2026-07-01,760197,2049-11-15,23.41875461,0.00000000,127551
2026-07-01,760197,2050-02-15,22.96817298,0.00000000,2088455
2026-07-01,760197,2050-05-15,22.56115617,0.00000000,127551
2026-07-01,760197,2050-08-15,22.13643527,0.00000000,2088455
2026-07-01,760197,2050-11-15,21.72720506,0.00000000,127551
2026-07-01,760197,2051-02-15,21.32597295,0.00000000,1370123
2026-07-01,760197,2051-05-15,20.95111480,0.00000000,127551
2026-07-01,760197,2051-08-15,20.55283663,0.00000000,1370123
2026-07-01,760197,2051-11-15,20.17439478,0.00000000,127551
2026-07-01,760197,2052-02-15,19.80907731,0.00000000,1370123
2026-07-01,760197,2052-05-15,19.46211473,0.00000000,127551
2026-07-01,760197,2052-08-15,19.09336479,0.00000000,1370123
2026-07-01,760197,2052-11-15,18.72634767,0.00000000,127551
2026-07-01,760197,2053-02-15,18.38821107,0.00000000,1370123
2026-07-01,760197,2053-05-15,18.07757778,0.00000000,127551
2026-07-01,760197,2053-08-15,17.73583993,0.00000000,1370123
2026-07-01,760197,2053-11-15,17.39559018,0.00000000,127551
2026-07-01,760197,2054-02-15,17.09203236,0.00000000,1370123
2026-07-01,760197,2054-05-15,16.78890998,0.00000000,127551
2026-07-01,760197,2054-08-15,16.47186864,0.00000000,1370123
2026-07-01,760197,2054-11-15,16.17505603,0.00000000,127551
2026-07-01,760197,2055-02-15,15.88358075,0.00000000,1370123
2026-07-01,760197,2055-05-15,15.60189758,0.00000000,127551
2026-07-01,760197,2055-08-15,15.31109034,0.00000000,1370123
2026-07-01,760197,2056-02-15,14.75094034,0.00000000,1370123
2026-07-01,760197,2056-08-15,14.21141852,0.00000000,1370123
2026-07-01,760197,2057-02-15,13.68796344,0.00000000,1370123
2026-07-01,760197,2057-08-15,13.18451089,0.00000000,1370123
2026-07-01,760197,2058-02-15,12.69286921,0.00000000,1370123
2026-07-01,760197,2058-08-15,12.22082092,0.00000000,1370123
2026-07-01,760197,2059-02-15,11.75703500,0.00000000,1370123
2026-07-01,760197,2059-08-15,11.31262688,0.00000000,1370123
2026-07-01,760197,2060-02-15,10.87361636,0.00000000,1370123
2026-07-01,760197,2060-08-15,10.46043013,0.00000000,1370123
2026-07-01,760198,2026-08-15,4670.98926163,0.00000000,2978746
2026-07-01,760198,2027-05-15,4398.86455467,0.00000000,11057
2026-07-01,760198,2028-08-15,3934.32658902,0.00000000,332199
2026-07-01,760198,2029-05-15,3718.48409868,0.00000000,6926147
2026-07-01,760198,2030-08-15,3343.70546487,0.00000000,436267
2026-07-01,760198,2031-05-15,3153.74327788,0.00000000,11486
2026-07-01,760198,2032-08-15,2851.26971671,0.00000000,3134121
2026-07-01,760198,2033-05-15,2697.03559158,0.00000000,78747
2026-07-01,760198,2035-05-15,2318.62643833,0.00000000,8632269
2026-07-01,760198,2037-05-15,2003.02461755,0.00000000,93678
2026-07-01,760198,2040-08-15,1566.45764259,0.00000000,4877491
2026-07-01,760198,2045-05-15,1109.17799113,0.00000000,9241523
2026-07-01,760198,2050-08-15,748.78827758,0.00000000,4826402
2026-07-01,760198,2055-05-15,527.75064612,0.00000000,127551
2026-07-01,760198,2060-08-15,353.83508523,0.00000000,1370123
2026-07-01,760199,2026-08-15,4809.07776388,0.00000000,5035-33-26
2026-07-01,760199,2027-05-15,4664.53859806,0.00000000,3313-87-63
2026-07-01,760199,2028-08-15,4570.28972168,0.00000000,4758-07-85
2026-07-01,760199,2029-05-15,4453.06996256,0.00000000,1688-66-10
2026-07-01,760199,2030-08-15,4403.25963170,0.00000000,4888-37-25
2026-07-01,760199,2031-05-15,4286.66935335,0.00000000,4954486
2026-07-01,760199,2032-08-15,4274.00629759,0.00000000,2344-67-63
2026-07-01,760199,2033-05-15,4174.53328447,0.00000000,1953-31-53
2026-07-01,760199,2035-05-15,4094.17742228,0.00000000,5655-50-83
2026-07-01,760199,2037-05-15,4040.10747152,0.00000000,5368389
2026-07-01,760199,2040-08-15,4018.47365056,0.00000000,3219-26-13
2026-07-01,760199,2045-05-15,3880.13321885,0.00000000,4054-61-02
2026-07-01,760199,2050-08-15,3879.06561935,0.00000000,4765-35-29
2026-07-01,760199,2055-05-15,3776.16293038,0.00000000,3170-07-96
2026-07-01,760199,2060-08-15,3803.95235094,0.00000000,2384-93-44
2026-07-01,770100,2031-01-01,7954.32975809,0.00000000,1104-09-15
2026-07-01,950197,2026-07-01,0.00000000,48.80885000,3730287
2026-07-01,950197,2027-01-01,45.53525340,0.00000000,3730287
2026-07-01,950197,2027-07-01,42.56119056,0.00000000,3730287
2026-07-01,950197,2028-01-01,39.69701134,0.00000000,3730287
2026-07-01,950197,2028-07-01,37.06596358,0.00000000,3730287
2026-07-01,950197,2029-01-01,34.59276323,0.00000000,3730287
2026-07-01,950197,2029-07-01,32.26080492,0.00000000,3297459
2026-07-01,950197,2030-01-01,30.09333373,0.00000000,3297459
2026-07-01,950197,2030-07-01,28.09764648,0.00000000,3297459
2026-07-01,950197,2031-01-01,26.14729322,0.00000000,3297459
2026-07-01,950197,2031-07-01,24.42396228,0.00000000,3149048
2026-07-01,950197,2032-01-01,22.68789529,0.00000000,3149048
2026-07-01,950197,2032-07-01,21.16683514,0.00000000,3149048
2026-07-01,950197,2033-01-01,19.70723387,0.00000000,3149048
2026-07-01,950197,2033-07-01,18.38295204,0.00000000,2777441
2026-07-01,950197,2034-01-01,17.14500578,0.00000000,2777441
2026-07-01,950197,2034-07-01,15.99162220,0.00000000,2777441
2026-07-01,950197,2035-01-01,14.93090752,0.00000000,2777441
2026-07-01,950197,2035-07-01,13.92479508,0.00000000,492002
2026-07-01,950197,2036-01-01,13.01530837,0.00000000,492002
2026-07-01,950197,2036-07-01,12.14468285,0.00000000,492002
2026-07-01,950197,2037-01-01,11.28149489,0.00000000,492002
2026-07-01,950198,2029-01-01,708.73956729,0.00000000,432828
2026-07-01,950198,2031-01-01,535.70803705,0.00000000,148411
2026-07-01,950198,2033-01-01,403.76353609,0.00000000,371607
2026-07-01,950198,2035-01-01,305.90574288,0.00000000,2285439
2026-07-01,950198,2037-01-01,231.13625690,0.00000000,492002
2026-07-01,950199,2027-01-01,1027.24770552,0.00000000,119944394
2026-07-01,950199,2029-01-01,956.93403111,0.00000000,122004309
2026-07-01,950199,2031-01-01,900.33055570,0.00000000,210631456
2026-07-01,950199,2033-01-01,856.02186481,0.00000000,9540-65-08
2026-07-01,950199,2035-01-01,824.08788989,0.00000000,116820373
2026-07-01,950199,2037-01-01,798.97122784,0.00000000,4179-91-41
2026-07-02,210100,2026-09-01,19334.13729568,0.00000000,9022070
2026-07-02,210100,2027-03-01,19322.51897856,0.00000000,2916-81-25
2026-07-02,210100,2027-09-01,19312.30415697,0.00000000,2844-97-79
2026-07-02,210100,2028-03-01,19301.68213396,0.00000000,1737-77-07
2026-07-02,210100,2028-09-01,19287.13385463,0.00000000,2035-04-27
2026-07-02,210100,2029-03-01,19270.77392034,0.00000000,1868-18-10
2026-07-02,210100,2029-09-01,19252.46651563,0.00000000,1696-96-86
2026-07-02,210100,2030-03-01,19234.58791338,0.00000000,1400-29-20
2026-07-02,210100,2030-06-01,19225.19357277,0.00000000,1039-95-64
2026-07-02,210100,2030-09-01,19214.44271501,0.00000000,1141-64-73
2026-07-02,210100,2030-12-01,19207.23925186,0.00000000,7587691
2026-07-02,210100,2031-03-01,19196.53862873,0.00000000,1233-06-94
2026-07-02,210100,2031-06-01,19185.33404161,0.00000000,9940296
2026-07-02,210100,2031-09-01,19175.35940215,0.00000000,8487474
2026-07-02,210100,2031-12-01,19154.96922844,0.00000000,6974714
2026-07-02,210100,2032-03-01,19140.39686904,0.00000000,9207515
2026-07-02,210100,2032-06-01,19119.71928859,0.00000000,1458-12-82
2026-07-02,100000,2026-10-01,965.36046288,0.00000000,151260143
2026-07-02,100000,2027-01-01,933.55988599,0.00000000,6078592
2026-07-02,100000,2027-04-01,903.48939052,0.00000000,157031323
2026-07-02,100000,2027-07-01,873.11570139,0.00000000,124410066
2026-07-02,100000,2027-10-01,842.84432037,0.00000000,124259234
2026-07-02,100000,2028-01-01,814.61222491,0.00000000,7694-71-01
2026-07-02,100000,2028-04-01,787.11816261,0.00000000,3665-95-42
2026-07-02,100000,2028-07-01,760.88352118,0.00000000,2994-72-19
2026-07-02,100000,2029-01-01,710.35880001,0.00000000,251324842
2026-07-02,100000,2029-07-01,662.61456989,0.00000000,222842458
2026-07-02,100000,2030-01-01,618.29685314,0.00000000,166442275
2026-07-02,100000,2031-01-01,537.46839339,0.00000000,4925501
2026-07-02,100000,2032-01-01,466.64366353,0.00000000,189633269
2026-07-02,760197,2026-08-15,138.18113839,0.00000000,3990566
2026-07-02,760197,2026-11-15,135.07160861,0.00000000,4091022
2026-07-02,760197,2027-02-15,132.62352772,0.00000000,3471118
2026-07-02,760197,2027-05-15,130.11088022,0.00000000,4091022
2026-07-02,760197,2027-08-15,127.31812944,0.00000000,3471118
2026-07-02,760197,2027-11-15,124.56614051,0.00000000,4079965
2026-07-02,760197,2028-02-15,121.66792250,0.00000000,3471118
2026-07-02,760197,2028-05-15,119.10341618,0.00000000,4079965
2026-07-02,760197,2028-08-15,116.48426886,0.00000000,3471118
2026-07-02,760197,2028-11-15,114.19655478,0.00000000,4079965
2026-07-02,760197,2029-02-15,112.12056894,0.00000000,3138919
2026-07-02,760197,2029-05-15,109.98599092,0.00000000,4079965
2026-07-02,760197,2029-08-15,107.62624733,0.00000000,3138919
2026-07-02,760197,2029-11-15,105.32561435,0.00000000,3892169
2026-07-02,760197,2030-02-15,103.08848026,0.00000000,3138919
2026-07-02,760197,2030-05-15,101.02946073,0.00000000,3892169
2026-07-02,760197,2030-08-15,98.90072114,0.00000000,3138919
2026-07-02,760197,2030-11-15,96.92719150,0.00000000,3892169
2026-07-02,760197,2031-02-15,95.16369875,0.00000000,2701926
2026-07-02,760197,2031-05-15,93.48895013,0.00000000,3892169
2026-07-02,760197,2031-08-15,91.58225169,0.00000000,2701926
2026-07-02,760197,2031-11-15,89.69313684,0.00000000,3880683
2026-07-02,760197,2032-02-15,88.01432009,0.00000000,2701926
2026-07-02,760197,2032-05-15,86.28853246,0.00000000,3880683
2026-07-02,760197,2032-08-15,84.57143394,0.00000000,2701926
2026-07-02,760197,2032-11-15,82.94259406,0.00000000,3880683
2026-07-02,760197,2033-02-15,81.27453732,0.00000000,2444322
2026-07-02,760197,2033-05-15,79.77253014,0.00000000,3880683
2026-07-02,760197,2033-08-15,78.21347200,0.00000000,2444322
2026-07-02,760197,2033-11-15,76.72160765,0.00000000,3801936
2026-07-02,760197,2034-02-15,75.22316916,0.00000000,2444322
2026-07-02,760197,2034-05-15,73.91781369,0.00000000,3801936
2026-07-02,760197,2034-08-15,72.48662475,0.00000000,2444322
2026-07-02,760197,2034-11-15,71.12751654,0.00000000,3801936
2026-07-02,760197,2035-02-15,69.85506311,0.00000000,2444322
2026-07-02,760197,2035-05-15,68.57962258,0.00000000,3801936
2026-07-02,760197,2035-08-15,67.24213343,0.00000000,2444322
2026-07-02,760197,2035-11-15,65.97079999,0.00000000,2081083
2026-07-02,760197,2036-02-15,64.74364878,0.00000000,2444322
2026-07-02,760197,2036-05-15,63.59801054,0.00000000,2081083
2026-07-02,760197,2036-08-15,62.36093407,0.00000000,2444322
2026-07-02,760197,2036-11-15,61.13184816,0.00000000,2081083
2026-07-02,760197,2037-02-15,60.00221894,0.00000000,2444322
2026-07-02,760197,2037-05-15,58.94988103,0.00000000,2081083
2026-07-02,760197,2037-08-15,57.81544192,0.00000000,2444322
2026-07-02,760197,2037-11-15,56.75660842,0.00000000,1987405
2026-07-02,760197,2038-02-15,55.71989287,0.00000000,2444322
2026-07-02,760197,2038-05-15,54.72094338,0.00000000,1987405
2026-07-02,760197,2038-08-15,53.69473485,0.00000000,2444322
2026-07-02,760197,2038-11-15,52.72140825,0.00000000,1987405
2026-07-02,760197,2039-02-15,51.72240666,0.00000000,2444322
2026-07-02,760197,2039-05-15,50.81921728,0.00000000,1987405
2026-07-02,760197,2039-08-15,49.87536579,0.00000000,2444322
2026-07-02,760197,2039-11-15,48.96546854,0.00000000,1987405
2026-07-02,760197,2040-02-15,48.07413087,0.00000000,2444322
2026-07-02,760197,2040-05-15,47.21459429,0.00000000,1987405
2026-07-02,760197,2040-08-15,46.33178002,0.00000000,2444322
2026-07-02,760197,2040-11-15,45.49294837,0.00000000,1987405
2026-07-02,760197,2041-02-15,44.68258527,0.00000000,2088455
2026-07-02,760197,2041-05-15,43.92504674,0.00000000,1987405
2026-07-02,760197,2041-08-15,43.10545821,0.00000000,2088455
2026-07-02,760197,2041-11-15,42.28893306,0.00000000,1987405
2026-07-02,760197,2042-02-15,41.53591413,0.00000000,2088455
2026-07-02,760197,2042-05-15,40.84347359,0.00000000,1987405
2026-07-02,760197,2042-08-15,40.08091225,0.00000000,2088455
2026-07-02,760197,2042-11-15,39.32081008,0.00000000,1987405
2026-07-02,760197,2043-02-15,38.64191368,0.00000000,2088455
2026-07-02,760197,2043-05-15,37.96324108,0.00000000,1987405
2026-07-02,760197,2043-08-15,37.25256944,0.00000000,2088455
2026-07-02,760197,2043-11-15,36.58643791,0.00000000,1987405
2026-07-02,760197,2044-02-15,35.93150116,0.00000000,2088455
2026-07-02,760197,2044-05-15,35.29780559,0.00000000,1987405
2026-07-02,760197,2044-08-15,34.64407113,0.00000000,2088455
2026-07-02,760197,2044-11-15,34.01142745,0.00000000,1987405
2026-07-02,760197,2045-02-15,33.36975095,0.00000000,2088455
2026-07-02,760197,2045-05-15,32.80644582,0.00000000,1987405
2026-07-02,760197,2045-08-15,32.18450308,0.00000000,2088455
2026-07-02,760197,2045-11-15,31.59040755,0.00000000,127551
2026-07-02,760197,2046-02-15,31.03268499,0.00000000,2088455
2026-07-02,760197,2046-05-15,30.47386040,0.00000000,127551
2026-07-02,760197,2046-08-15,29.88760586,0.00000000,2088455
2026-07-02,760197,2046-11-15,29.32858460,0.00000000,127551
2026-07-02,760197,2047-02-15,28.78738987,0.00000000,2088455
2026-07-02,760197,2047-05-15,28.28073130,0.00000000,127551
2026-07-02,760197,2047-08-15,27.73208818,0.00000000,2088455
2026-07-02,760197,2047-11-15,27.18535882,0.00000000,127551
2026-07-02,760197,2048-02-15,26.68137731,0.00000000,2088455
2026-07-02,760197,2048-05-15,26.21052019,0.00000000,127551
2026-07-02,760197,2048-08-15,25.70174215,0.00000000,2088455
2026-07-02,760197,2048-11-15,25.22626951,0.00000000,127551
2026-07-02,760197,2049-02-15,24.76047293,0.00000000,2088455
2026-07-02,760197,2049-05-15,24.31170855,0.00000000,127551
2026-07-02,760197,2049-08-15,23.85110046,0.00000000,2088455
2026-07-02,760197,2049-11-15,23.41494247,0.00000000,127551
2026-07-02,760197,2050-02-15,22.96837605,0.00000000,2088455
2026-07-02,760197,2050-05-15,22.56593568,0.00000000,127551
2026-07-02,760197,2050-08-15,22.14706489,0.00000000,2088455
2026-07-02,760197,2050-11-15,21.74512437,0.00000000,127551
2026-07-02,760197,2051-02-15,21.35303261,0.00000000,1370123
2026-07-02,760197,2051-05-15,20.98833640,0.00000000,127551
2026-07-02,760197,2051-08-15,20.60238570,0.00000000,1370123
2026-07-02,760197,2051-11-15,20.23692567,0.00000000,127551
2026-07-02,760197,2052-02-15,19.88511779,0.00000000,1370123
2026-07-02,760197,2052-05-15,19.55169026,0.00000000,127551
2026-07-02,760197,2052-08-15,19.19786282,0.00000000,1370123
2026-07-02,760197,2052-11-15,18.84600791,0.00000000,127551
2026-07-02,760197,2053-02-15,18.52188485,0.00000000,1370123
2026-07-02,760197,2053-05-15,18.22396389,0.00000000,127551
2026-07-02,760197,2053-08-15,17.89580033,0.00000000,1370123
2026-07-02,760197,2053-11-15,17.56837600,0.00000000,127551
2026-07-02,760197,2054-02-15,17.27544361,0.00000000,1370123
2026-07-02,760197,2054-05-15,16.98193325,0.00000000,127551
2026-07-02,760197,2054-08-15,16.67362137,0.00000000,1370123
2026-07-02,760197,2054-11-15,16.38350199,0.00000000,127551
2026-07-02,760197,2055-02-15,16.09695734,0.00000000,1370123
2026-07-02,760197,2055-05-15,15.81825222,0.00000000,127551
2026-07-02,760197,2055-08-15,15.52935265,0.00000000,1370123
2026-07-02,760197,2056-02-15,14.97181220,0.00000000,1370123
2026-07-02,760197,2056-08-15,14.43332402,0.00000000,1370123
2026-07-02,760197,2057-02-15,13.90930268,0.00000000,1370123
2026-07-02,760197,2057-08-15,13.40367088,0.00000000,1370123
2026-07-02,760197,2058-02-15,12.90817746,0.00000000,1370123
2026-07-02,760197,2058-08-15,12.43065447,0.00000000,1370123
2026-07-02,760197,2059-02-15,11.95961742,0.00000000,1370123
2026-07-02,760197,2059-08-15,11.50634395,0.00000000,1370123
2026-07-02,760197,2060-02-15,11.05655001,0.00000000,1370123
2026-07-02,760197,2060-08-15,10.63119628,0.00000000,1370123
2026-07-02,760198,2026-08-15,4674.12279093,0.00000000,2977079
2026-07-02,760198,2027-05-15,4401.13779395,0.00000000,11057
2026-07-02,760198,2028-08-15,3940.20328818,0.00000000,332199
2026-07-02,760198,2029-05-15,3720.39218117,0.00000000,6923922
2026-07-02,760198,2030-08-15,3345.42123551,0.00000000,436993
2026-07-02,760198,2031-05-15,3162.36237157,0.00000000,11486
2026-07-02,760198,2032-08-15,2860.71797823,0.00000000,3166796
2026-07-02,760198,2033-05-15,2698.38999439,0.00000000,78747
2026-07-02,760198,2035-05-15,2319.77808731,0.00000000,8630277
2026-07-02,760198,2037-05-15,1994.04191951,0.00000000,93678
2026-07-02,760198,2040-08-15,1567.22134045,0.00000000,4890518
2026-07-02,760198,2045-05-15,1109.71264154,0.00000000,9240405
2026-07-02,760198,2050-08-15,749.14783552,0.00000000,4845884
2026-07-02,760198,2055-05-15,535.06907010,0.00000000,127551
2026-07-02,760198,2060-08-15,359.61143032,0.00000000,1370123
2026-07-02,760199,2026-08-15,4812.30392974,0.00000000,5035-32-36
2026-07-02,760199,2027-05-15,4666.94913201,0.00000000,3313-87-63
2026-07-02,760199,2028-08-15,4576.81368859,0.00000000,4758-07-85
2026-07-02,760199,2029-05-15,4455.35498640,0.00000000,1688-66-10
2026-07-02,760199,2030-08-15,4405.51909614,0.00000000,4874-26-65
2026-07-02,760199,2031-05-15,4297.13472629,0.00000000,4954486
2026-07-02,760199,2032-08-15,4286.02180410,0.00000000,2353-54-93
2026-07-02,760199,2033-05-15,4176.62966007,0.00000000,1939-08-73
2026-07-02,760199,2035-05-15,4096.21097764,0.00000000,5639-47-29
2026-07-02,760199,2037-05-15,4027.61153214,0.00000000,5370912
2026-07-02,760199,2040-08-15,4020.43278411,0.00000000,3213-30-76
2026-07-02,760199,2045-05-15,3882.00353619,0.00000000,4057-62-92
2026-07-02,760199,2050-08-15,3880.92829387,0.00000000,4765-35-17
2026-07-02,760199,2055-05-15,3799.57789561,0.00000000,3172-57-35
2026-07-02,760199,2060-08-15,3827.86427380,0.00000000,2390-58-79
2026-07-02,770100,2031-01-01,7528.83473387,0.00000000,1104-09-15
2026-07-02,950197,2027-01-01,45.56598444,0.00000000,3730287
2026-07-02,950197,2027-07-01,42.61577330,0.00000000,3730287
2026-07-02,950197,2028-01-01,39.76028589,0.00000000,3730287
2026-07-02,950197,2028-07-01,37.13784965,0.00000000,3730287
2026-07-02,950197,2029-01-01,34.67179612,0.00000000,3730287
2026-07-02,950197,2029-07-01,32.34145515,0.00000000,3297459
2026-07-02,950197,2030-01-01,30.17835836,0.00000000,3297459
2026-07-02,950197,2030-07-01,28.18602950,0.00000000,3297459
2026-07-02,950197,2031-01-01,26.23321419,0.00000000,3297459
2026-07-02,950197,2031-07-01,24.52732402,0.00000000,3149048
2026-07-02,950197,2032-01-01,22.77634058,0.00000000,3149048
2026-07-02,950197,2032-07-01,21.25572598,0.00000000,3149048
2026-07-02,950197,2033-01-01,19.79055119,0.00000000,3149048
2026-07-02,950197,2033-07-01,18.46581261,0.00000000,2777441
2026-07-02,950197,2034-01-01,17.23839474,0.00000000,2777441
2026-07-02,950197,2034-07-01,16.08389386,0.00000000,2777441
2026-07-02,950197,2035-01-01,15.00532823,0.00000000,2777441
2026-07-02,950197,2035-07-01,13.99779828,0.00000000,492002
2026-07-02,950197,2036-01-01,13.07082779,0.00000000,492002
2026-07-02,950197,2036-07-01,12.19882271,0.00000000,492002
2026-07-02,950197,2037-01-01,11.32379019,0.00000000,492002
2026-07-02,950198,2029-01-01,710.35880001,0.00000000,432828
2026-07-02,950198,2031-01-01,537.46839339,0.00000000,148411
2026-07-02,950198,2033-01-01,405.47054863,0.00000000,371607
2026-07-02,950198,2035-01-01,307.43048100,0.00000000,2285439
2026-07-02,950198,2037-01-01,232.00280664,0.00000000,492002
2026-07-02,950199,2027-01-01,979.12587123,0.00000000,120664116
2026-07-02,950199,2029-01-01,910.07083758,0.00000000,121738505
2026-07-02,950199,2031-01-01,853.94813797,0.00000000,210681456
2026-07-02,950199,2033-01-01,809.94855074,0.00000000,9540-65-08
2026-07-02,950199,2035-01-01,778.17189761,0.00000000,116820373
2026-07-02,950199,2037-01-01,752.60940943,0.00000000,4181-32-73
2026-07-03,210100,2026-09-01,19343.66892061,0.00000000,9022070
2026-07-03,210100,2027-03-01,19332.76459507,0.00000000,2916-81-25
2026-07-03,210100,2027-09-01,19322.52321359,0.00000000,2844-97-79
2026-07-03,210100,2028-03-01,19311.80324262,0.00000000,1737-77-07
2026-07-03,210100,2028-09-01,19297.39321355,0.00000000,2035-04-27
2026-07-03,210100,2029-03-01,19280.83956787,0.00000000,1868-18-10
2026-07-03,210100,2029-09-01,19262.56131865,0.00000000,1696-96-86
2026-07-03,210100,2030-03-01,19244.73046990,0.00000000,1399-79-20
2026-07-03,210100,2030-06-01,19235.32919642,0.00000000,1039-95-64
2026-07-03,210100,2030-09-01,19224.65067620,0.00000000,1141-64-73
2026-07-03,210100,2030-12-01,19217.44338610,0.00000000,7564594
2026-07-03,210100,2031-03-01,19206.74027436,0.00000000,1233-12-84
2026-07-03,210100,2031-06-01,19195.53292703,0.00000000,9929924
2026-07-03,210100,2031-09-01,19185.55473335,0.00000000,8482100
2026-07-03,210100,2031-12-01,19165.16298131,0.00000000,6974714
2026-07-03,210100,2032-03-01,19150.58749440,0.00000000,9207515
2026-07-03,210100,2032-06-01,19129.90708834,0.00000000,1560-81-48
2026-07-03,100000,2026-10-01,965.90790638,0.00000000,149552233
2026-07-03,100000,2027-01-01,933.98426592,0.00000000,6078592
2026-07-03,100000,2027-04-01,903.71860149,0.00000000,157727207
2026-07-03,100000,2027-07-01,873.17649839,0.00000000,127886764
2026-07-03,100000,2027-10-01,842.66163522,0.00000000,124730702
2026-07-03,100000,2028-01-01,814.20504215,0.00000000,7677-81-01
2026-07-03,100000,2028-04-01,786.34872148,0.00000000,3665-95-42
2026-07-03,100000,2028-07-01,759.98118434,0.00000000,3010-05-95
2026-07-03,100000,2029-01-01,708.83187578,0.00000000,251381326
2026-07-03,100000,2029-07-01,660.92479906,0.00000000,222592458
2026-07-03,100000,2030-01-01,616.21583566,0.00000000,166442275
2026-07-03,100000,2031-01-01,535.15989823,0.00000000,4925501
2026-07-03,100000,2032-01-01,464.02656835,0.00000000,189693297
2026-07-03,760197,2026-08-15,138.23404744,0.00000000,3991306
2026-07-03,760197,2026-11-15,135.08965937,0.00000000,4094684
2026-07-03,760197,2027-02-15,132.63697675,0.00000000,3471858
2026-07-03,760197,2027-05-15,130.12671966,0.00000000,4094684
2026-07-03,760197,2027-08-15,127.31883739,0.00000000,3471858
2026-07-03,760197,2027-11-15,124.52886998,0.00000000,4083627
2026-07-03,760197,2028-02-15,121.57437789,0.00000000,3471858
2026-07-03,760197,2028-05-15,118.96125143,0.00000000,4083627
2026-07-03,760197,2028-08-15,116.32000803,0.00000000,3471858
2026-07-03,760197,2028-11-15,114.05614108,0.00000000,4083627
2026-07-03,760197,2029-02-15,112.01708193,0.00000000,3139659
2026-07-03,760197,2029-05-15,109.89900120,0.00000000,4083627
2026-07-03,760197,2029-08-15,107.53048532,0.00000000,3139659
2026-07-03,760197,2029-11-15,105.22121986,0.00000000,3894567
2026-07-03,760197,2030-02-15,102.97506604,0.00000000,3139659
2026-07-03,760197,2030-05-15,100.90659726,0.00000000,3894567
2026-07-03,760197,2030-08-15,98.76599182,0.00000000,3139659
2026-07-03,760197,2030-11-15,96.78781535,0.00000000,3894567
2026-07-03,760197,2031-02-15,95.02226053,0.00000000,2702666
2026-07-03,760197,2031-05-15,93.32917115,0.00000000,3894567
2026-07-03,760197,2031-08-15,91.37356854,0.00000000,2702666
2026-07-03,760197,2031-11-15,89.41770491,0.00000000,3883081
2026-07-03,760197,2032-02-15,87.67493140,0.00000000,2702666
2026-07-03,760197,2032-05-15,85.89178728,0.00000000,3883081
2026-07-03,760197,2032-08-15,84.14153640,0.00000000,2702666
2026-07-03,760197,2032-11-15,82.50343666,0.00000000,3883081
2026-07-03,760197,2033-02-15,80.82903134,0.00000000,2444322
2026-07-03,760197,2033-05-15,79.31248934,0.00000000,3883081
2026-07-03,760197,2033-08-15,77.72124075,0.00000000,2444322
2026-07-03,760197,2033-11-15,76.18488444,0.00000000,3804334
2026-07-03,760197,2034-02-15,74.63203169,0.00000000,2444322
2026-07-03,760197,2034-05-15,73.27510259,0.00000000,3804334
2026-07-03,760197,2034-08-15,71.78785897,0.00000000,2444322
2026-07-03,760197,2034-11-15,70.38153641,0.00000000,3804334
2026-07-03,760197,2035-02-15,69.07576862,0.00000000,2444322
2026-07-03,760197,2035-05-15,67.78329332,0.00000000,3804334
2026-07-03,760197,2035-08-15,66.45097739,0.00000000,2444322
2026-07-03,760197,2035-11-15,65.20443636,0.00000000,2081083
2026-07-03,760197,2036-02-15,64.01489999,0.00000000,2444322
2026-07-03,760197,2036-05-15,62.91185653,0.00000000,2081083
2026-07-03,760197,2036-08-15,61.72304517,0.00000000,2444322
2026-07-03,760197,2036-11-15,60.53726533,0.00000000,2081083
2026-07-03,760197,2037-02-15,59.43628702,0.00000000,2444322
2026-07-03,760197,2037-05-15,58.39437784,0.00000000,2081083
2026-07-03,760197,2037-08-15,57.25985296,0.00000000,2444322
2026-07-03,760197,2037-11-15,56.20022366,0.00000000,1987405
2026-07-03,760197,2038-02-15,55.16213508,0.00000000,2444322
2026-07-03,760197,2038-05-15,54.16139020,0.00000000,1987405
2026-07-03,760197,2038-08-15,53.13295595,0.00000000,2444322
2026-07-03,760197,2038-11-15,52.15727113,0.00000000,1987405
2026-07-03,760197,2039-02-15,51.15572872,0.00000000,2444322
2026-07-03,760197,2039-05-15,50.25026254,0.00000000,1987405
2026-07-03,760197,2039-08-15,49.30419626,0.00000000,2444322
2026-07-03,760197,2039-11-15,48.39247605,0.00000000,1987405
2026-07-03,760197,2040-02-15,47.49981294,0.00000000,2444322
2026-07-03,760197,2040-05-15,46.63959586,0.00000000,1987405
2026-07-03,760197,2040-08-15,45.75688086,0.00000000,2444322
2026-07-03,760197,2040-11-15,44.91992867,0.00000000,1987405
2026-07-03,760197,2041-02-15,44.11391082,0.00000000,2088455
2026-07-03,760197,2041-05-15,43.36266374,0.00000000,1987405
2026-07-03,760197,2041-08-15,42.55227607,0.00000000,2088455
2026-07-03,760197,2041-11-15,41.74734495,0.00000000,1987405
2026-07-03,760197,2042-02-15,41.00711200,0.00000000,2088455
2026-07-03,760197,2042-05-15,40.32814779,0.00000000,1987405
2026-07-03,760197,2042-08-15,39.58226207,0.00000000,2088455
2026-07-03,760197,2042-11-15,38.84060743,0.00000000,1987405
2026-07-03,760197,2043-02-15,38.17964277,0.00000000,2088455
2026-07-03,760197,2043-05-15,37.52017852,0.00000000,1987405
2026-07-03,760197,2043-08-15,36.83088845,0.00000000,2088455
2026-07-03,760197,2043-11-15,36.18586476,0.00000000,1987405
2026-07-03,760197,2044-02-15,35.55257135,0.00000000,2088455
2026-07-03,760197,2044-05-15,34.94054073,0.00000000,1987405
2026-07-03,760197,2044-08-15,34.30977027,0.00000000,2088455
2026-07-03,760197,2044-11-15,33.69980508,0.00000000,1987405
2026-07-03,760197,2045-02-15,33.08143585,0.00000000,2088455
2026-07-03,760197,2045-05-15,32.53871318,0.00000000,1987405
2026-07-03,760197,2045-08-15,31.93744495,0.00000000,2088455
2026-07-03,760197,2045-11-15,31.35937020,0.00000000,127551
2026-07-03,760197,2046-02-15,30.81355415,0.00000000,2088455
2026-07-03,760197,2046-05-15,30.26380103,0.00000000,127551
2026-07-03,760197,2046-08-15,29.68420241,0.00000000,2088455
2026-07-03,760197,2046-11-15,29.12902105,0.00000000,127551
2026-07-03,760197,2047-02-15,28.58943262,0.00000000,2088455
2026-07-03,760197,2047-05-15,28.08259739,0.00000000,127551
2026-07-03,760197,2047-08-15,27.53216630,0.00000000,2088455
2026-07-03,760197,2047-11-15,26.98226822,0.00000000,127551
2026-07-03,760197,2048-02-15,26.47439186,0.00000000,2088455
2026-07-03,760197,2048-05-15,25.99927730,0.00000000,127551
2026-07-03,760197,2048-08-15,25.48548655,0.00000000,2088455
2026-07-03,760197,2048-11-15,25.00520167,0.00000000,127551
2026-07-03,760197,2049-02-15,24.53483546,0.00000000,2088455
2026-07-03,760197,2049-05-15,24.08206368,0.00000000,127551
2026-07-03,760197,2049-08-15,23.61803390,0.00000000,2088455
2026-07-03,760197,2049-11-15,23.17957229,0.00000000,127551
2026-07-03,760197,2050-02-15,22.73191600,0.00000000,2088455
2026-07-03,760197,2050-05-15,22.32989388,0.00000000,127551
2026-07-03,760197,2050-08-15,21.91320373,0.00000000,2088455
2026-07-03,760197,2050-11-15,21.51420779,0.00000000,127551
2026-07-03,760197,2051-02-15,21.12476702,0.00000000,1370123
2026-07-03,760197,2051-05-15,20.76235065,0.00000000,127551
2026-07-03,760197,2051-08-15,20.37863049,0.00000000,1370123
2026-07-03,760197,2051-11-15,20.01512433,0.00000000,127551
2026-07-03,760197,2052-02-15,19.66506723,0.00000000,1370123
2026-07-03,760197,2052-05-15,19.33319651,0.00000000,127551
2026-07-03,760197,2052-08-15,18.98093040,0.00000000,1370123
2026-07-03,760197,2052-11-15,18.63055667,0.00000000,127551
2026-07-03,760197,2053-02-15,18.30775569,0.00000000,1370123
2026-07-03,760197,2053-05-15,18.01103239,0.00000000,127551
2026-07-03,760197,2053-08-15,17.68419023,0.00000000,1370123
2026-07-03,760197,2053-11-15,17.35811111,0.00000000,127551
2026-07-03,760197,2054-02-15,17.06642702,0.00000000,1370123
2026-07-03,760197,2054-05-15,16.77423125,0.00000000,127551
2026-07-03,760197,2054-08-15,16.46739286,0.00000000,1370123
2026-07-03,760197,2054-11-15,16.17876973,0.00000000,127551
2026-07-03,760197,2055-02-15,15.89382975,0.00000000,1370123
2026-07-03,760197,2055-05-15,15.61682742,0.00000000,127551
2026-07-03,760197,2055-08-15,15.32979472,0.00000000,1370123
2026-07-03,760197,2056-02-15,14.77598291,0.00000000,1370123
2026-07-03,760197,2056-08-15,14.24125587,0.00000000,1370123
2026-07-03,760197,2057-02-15,13.72104844,0.00000000,1370123
2026-07-03,760197,2057-08-15,13.21924330,0.00000000,1370123
2026-07-03,760197,2058-02-15,12.72764217,0.00000000,1370123
2026-07-03,760197,2058-08-15,12.25400620,0.00000000,1370123
2026-07-03,760197,2059-02-15,11.78693657,0.00000000,1370123
2026-07-03,760197,2059-08-15,11.33760821,0.00000000,1370123
2026-07-03,760197,2060-02-15,10.89185496,0.00000000,1370123
2026-07-03,760197,2060-08-15,10.47043997,0.00000000,1370123
2026-07-03,760198,2026-08-15,4675.91249535,0.00000000,2977079
2026-07-03,760198,2027-05-15,4401.67357987,0.00000000,11057
2026-07-03,760198,2028-08-15,3934.64699257,0.00000000,332199
2026-07-03,760198,2029-05-15,3717.44966203,0.00000000,6925186
2026-07-03,760198,2030-08-15,3340.86387403,0.00000000,436993
2026-07-03,760198,2031-05-15,3156.95767906,0.00000000,11486
2026-07-03,760198,2032-08-15,2846.17624033,0.00000000,3204127
2026-07-03,760198,2033-05-15,2682.82862892,0.00000000,78747
2026-07-03,760198,2035-05-15,2292.84140982,0.00000000,8632675
2026-07-03,760198,2037-05-15,1975.25143810,0.00000000,93678
2026-07-03,760198,2040-08-15,1547.77476983,0.00000000,4906901
2026-07-03,760198,2045-05-15,1100.65630255,0.00000000,9240405
2026-07-03,760198,2050-08-15,741.23723525,0.00000000,4871935
2026-07-03,760198,2055-05-15,528.25566373,0.00000000,127551
2026-07-03,760198,2060-08-15,354.17367876,0.00000000,1370123
2026-07-03,760199,2026-08-15,4814.14654321,0.00000000,5035-32-36
2026-07-03,760199,2027-05-15,4667.54766033,0.00000000,3313-87-63
2026-07-03,760199,2028-08-15,4570.96423073,0.00000000,4758-07-85
2026-07-03,760199,2029-05-15,4452.26748011,0.00000000,1694-60-88
2026-07-03,760199,2030-08-15,4400.54826553,0.00000000,4874-26-65
2026-07-03,760199,2031-05-15,4291.03847088,0.00000000,4965990
2026-07-03,760199,2032-08-15,4268.51088416,0.00000000,2353-47-53
2026-07-03,760199,2033-05-15,4157.37287752,0.00000000,1942-52-73
2026-07-03,760199,2035-05-15,4060.23162439,0.00000000,5644-23-31
2026-07-03,760199,2037-05-15,4000.84749518,0.00000000,5373567
2026-07-03,760199,2040-08-15,3989.20873748,0.00000000,3224-08-29
2026-07-03,760199,2045-05-15,3864.88984206,0.00000000,4057-77-14
2026-07-03,760199,2050-08-15,3862.30094382,0.00000000,4766-59-11
2026-07-03,760199,2055-05-15,3779.77643386,0.00000000,3170-07-35
2026-07-03,760199,2060-08-15,3807.59244681,0.00000000,2390-74-79
2026-07-03,770100,2031-01-01,7531.23385152,0.00000000,1104-09-15
2026-07-03,950197,2027-01-01,45.58669794,0.00000000,3776671
2026-07-03,950197,2027-07-01,42.61874073,0.00000000,3776671
2026-07-03,950197,2028-01-01,39.74041177,0.00000000,3776671
2026-07-03,950197,2028-07-01,37.09380763,0.00000000,3776671
2026-07-03,950197,2029-01-01,34.59726870,0.00000000,3776671
2026-07-03,950197,2029-07-01,32.25897938,0.00000000,3343843
2026-07-03,950197,2030-01-01,30.07678629,0.00000000,3343843
2026-07-03,950197,2030-07-01,28.08537035,0.00000000,3343843
2026-07-03,950197,2031-01-01,26.12053920,0.00000000,3343843
2026-07-03,950197,2031-07-01,24.39337443,0.00000000,3179549
2026-07-03,950197,2032-01-01,22.64860317,0.00000000,3179549
2026-07-03,950197,2032-07-01,21.12479295,0.00000000,3179549
2026-07-03,950197,2033-01-01,19.66290871,0.00000000,3179549
2026-07-03,950197,2033-07-01,18.33693326,0.00000000,2800896
2026-07-03,950197,2034-01-01,17.08649626,0.00000000,2800896
2026-07-03,950197,2034-07-01,15.93230962,0.00000000,2800896
2026-07-03,950197,2035-01-01,14.86562477,0.00000000,2800896
2026-07-03,950197,2035-07-01,13.85949401,0.00000000,492002
2026-07-03,950197,2036-01-01,12.99793297,0.00000000,492002
2026-07-03,950197,2036-07-01,12.12694683,0.00000000,492002
2026-07-03,950197,2037-01-01,11.21256283,0.00000000,492002
2026-07-03,950198,2029-01-01,708.83187578,0.00000000,432828
2026-07-03,950198,2031-01-01,535.15989823,0.00000000,164294
2026-07-03,950198,2033-01-01,402.85539826,0.00000000,378653
2026-07-03,950198,2035-01-01,304.56822423,0.00000000,2308894
2026-07-03,950198,2037-01-01,229.72397072,0.00000000,492002
2026-07-03,950199,2027-01-01,979.57096466,0.00000000,120664116
2026-07-03,950199,2029-01-01,908.42876735,0.00000000,121738505
2026-07-03,950199,2031-01-01,851.12699890,0.00000000,210665573
2026-07-03,950199,2033-01-01,806.30158310,0.00000000,9534-94-62
2026-07-03,950199,2035-01-01,773.70633056,0.00000000,116796918
2026-07-03,950199,2037-01-01,748.34437816,0.00000000,4179-62-73
2026-07-04,210100,2026-09-01,19353.65681149,0.00000000,9022070
2026-07-04,210100,2027-03-01,19343.16534155,0.00000000,2916-66-03
2026-07-04,210100,2027-09-01,19333.19528373,0.00000000,2844-97-79
2026-07-04,210100,2028-03-01,19322.28062886,0.00000000,1737-56-36
2026-07-04,210100,2028-09-01,19307.82441170,0.00000000,2035-04-27
2026-07-04,210100,2029-03-01,19291.52014592,0.00000000,1868-03-46
2026-07-04,210100,2029-09-01,19273.26739539,0.00000000,1696-96-86
2026-07-04,210100,2030-03-01,19255.15778783,0.00000000,1399-79-20
2026-07-04,210100,2030-06-01,19245.84285044,0.00000000,1039-95-64
2026-07-04,210100,2030-09-01,19234.94340048,0.00000000,1141-50-59
2026-07-04,210100,2030-12-01,19227.73705139,0.00000000,7564594
2026-07-04,210100,2031-03-01,19217.03604564,0.00000000,1233-91-95
2026-07-04,210100,2031-06-01,19205.73723470,0.00000000,9929924
2026-07-04,210100,2031-09-01,19195.85366841,0.00000000,8482100
2026-07-04,210100,2031-12-01,19175.36215956,0.00000000,6974714
2026-07-04,210100,2032-03-01,19160.89101917,0.00000000,9207515
2026-07-04,210100,2032-06-01,19140.21243875,0.00000000,1560-81-48
2026-07-04,100000,2026-10-01,966.42541256,0.00000000,149552233
2026-07-04,100000,2027-01-01,934.43035425,0.00000000,6074427
2026-07-04,100000,2027-04-01,903.89295314,0.00000000,157958710
2026-07-04,100000,2027-07-01,872.90398300,0.00000000,130515683
2026-07-04,100000,2027-10-01,841.98237845,0.00000000,124730702
2026-07-04,100000,2028-01-01,813.16898468,0.00000000,7795-37-94
2026-07-04,100000,2028-04-01,784.99110316,0.00000000,3665-95-42
2026-07-04,100000,2028-07-01,758.36589331,0.00000000,3100-87-38
2026-07-04,100000,2029-01-01,706.93583569,0.00000000,251429561
2026-07-04,100000,2029-07-01,658.48227818,0.00000000,222592458
2026-07-04,100000,2030-01-01,613.41130327,0.00000000,166442275
2026-07-04,100000,2031-01-01,532.04309415,0.00000000,4922522
2026-07-04,100000,2032-01-01,460.99402272,0.00000000,189746650
2026-07-04,760197,2026-08-15,138.31940492,0.00000000,4001980
2026-07-04,760197,2026-11-15,135.16801078,0.00000000,4098303
2026-07-04,760197,2027-02-15,132.71219620,0.00000000,3482532
2026-07-04,760197,2027-05-15,130.19420331,0.00000000,4098303
2026-07-04,760197,2027-08-15,127.37661463,0.00000000,3482532
2026-07-04,760197,2027-11-15,124.58908073,0.00000000,4087246
2026-07-04,760197,2028-02-15,121.64471303,0.00000000,3482532
2026-07-04,760197,2028-05-15,119.03727943,0.00000000,4087246
2026-07-04,760197,2028-08-15,116.38117776,0.00000000,3482532
2026-07-04,760197,2028-11-15,114.07252947,0.00000000,4087246
2026-07-04,760197,2029-02-15,111.97829503,0.00000000,3150333
2026-07-04,760197,2029-05-15,109.81254596,0.00000000,4087246
2026-07-04,760197,2029-08-15,107.42082992,0.00000000,3150333
2026-07-04,760197,2029-11-15,105.10936054,0.00000000,3898186
2026-07-04,760197,2030-02-15,102.86865399,0.00000000,3150333
2026-07-04,760197,2030-05-15,100.79901346,0.00000000,3898186
2026-07-04,760197,2030-08-15,98.63189018,0.00000000,3150333
2026-07-04,760197,2030-11-15,96.56775531,0.00000000,3898186
2026-07-04,760197,2031-02-15,94.70042540,0.00000000,2713340
2026-07-04,760197,2031-05-15,92.96403065,0.00000000,3898186
2026-07-04,760197,2031-08-15,91.00367085,0.00000000,2713340
2026-07-04,760197,2031-11-15,89.02679160,0.00000000,3886700
2026-07-04,760197,2032-02-15,87.26096081,0.00000000,2713340
2026-07-04,760197,2032-05-15,85.46111680,0.00000000,3886700
2026-07-04,760197,2032-08-15,83.71486596,0.00000000,2713340
2026-07-04,760197,2032-11-15,82.13861561,0.00000000,3886700
2026-07-04,760197,2033-02-15,80.56748344,0.00000000,2454996
2026-07-04,760197,2033-05-15,79.10392421,0.00000000,3886700
2026-07-04,760197,2033-08-15,77.51565666,0.00000000,2454996
2026-07-04,760197,2033-11-15,75.97584884,0.00000000,3807953
2026-07-04,760197,2034-02-15,74.41495431,0.00000000,2454996
2026-07-04,760197,2034-05-15,73.04893962,0.00000000,3807953
2026-07-04,760197,2034-08-15,71.55169420,0.00000000,2454996
2026-07-04,760197,2034-11-15,70.13828579,0.00000000,3807953
2026-07-04,760197,2035-02-15,68.83048551,0.00000000,2454996
2026-07-04,760197,2035-05-15,67.54301263,0.00000000,3807953
2026-07-04,760197,2035-08-15,66.21760708,0.00000000,2454996
2026-07-04,760197,2035-11-15,64.97265668,0.00000000,2081426
2026-07-04,760197,2036-02-15,63.78088083,0.00000000,2454996
2026-07-04,760197,2036-05-15,62.67323230,0.00000000,2081426
2026-07-04,760197,2036-08-15,61.47778025,0.00000000,2454996
2026-07-04,760197,2036-11-15,60.28496854,0.00000000,2081426
2026-07-04,760197,2037-02-15,59.17845633,0.00000000,2454996
2026-07-04,760197,2037-05-15,58.13343708,0.00000000,2081426
2026-07-04,760197,2037-08-15,56.99717938,0.00000000,2454996
2026-07-04,760197,2037-11-15,55.93609909,0.00000000,1987405
2026-07-04,760197,2038-02-15,54.89673535,0.00000000,2454996
2026-07-04,760197,2038-05-15,53.89488698,0.00000000,1987405
2026-07-04,760197,2038-08-15,52.86543391,0.00000000,2454996
2026-07-04,760197,2038-11-15,51.88887608,0.00000000,1987405
2026-07-04,760197,2039-02-15,50.88651544,0.00000000,2454996
2026-07-04,760197,2039-05-15,49.98036139,0.00000000,1987405
2026-07-04,760197,2039-08-15,49.03361064,0.00000000,2454996
2026-07-04,760197,2039-11-15,48.12124447,0.00000000,1987405
2026-07-04,760197,2040-02-15,47.22794122,0.00000000,2454996
2026-07-04,760197,2040-05-15,46.36707901,0.00000000,1987405
2026-07-04,760197,2040-08-15,45.48364944,0.00000000,2454996
2026-07-04,760197,2040-11-15,44.64600017,0.00000000,1987405
2026-07-04,760197,2041-02-15,43.83934708,0.00000000,2099129
2026-07-04,760197,2041-05-15,43.08755364,0.00000000,1987405
2026-07-04,760197,2041-08-15,42.27664279,0.00000000,2099129
2026-07-04,760197,2041-11-15,41.47127940,0.00000000,1987405
2026-07-04,760197,2042-02-15,40.73074471,0.00000000,2099129
2026-07-04,760197,2042-05-15,40.05160118,0.00000000,1987405
2026-07-04,760197,2042-08-15,39.30564579,0.00000000,2099129
2026-07-04,760197,2042-11-15,38.56407671,0.00000000,1987405
2026-07-04,760197,2043-02-15,37.90333911,0.00000000,2099129
2026-07-04,760197,2043-05-15,37.24426334,0.00000000,1987405
2026-07-04,760197,2043-08-15,36.55557512,0.00000000,2099129
2026-07-04,760197,2043-11-15,35.91131861,0.00000000,1987405
2026-07-04,760197,2044-02-15,35.27899291,0.00000000,2099129
2026-07-04,760197,2044-05-15,34.66812134,0.00000000,1987405
2026-07-04,760197,2044-08-15,34.03879942,0.00000000,2099129
2026-07-04,760197,2044-11-15,33.43050427,0.00000000,1987405
2026-07-04,760197,2045-02-15,32.81412391,0.00000000,2099129
2026-07-04,760197,2045-05-15,32.27341346,0.00000000,1987405
2026-07-04,760197,2045-08-15,31.67680560,0.00000000,2099129
2026-07-04,760197,2045-11-15,31.10723004,0.00000000,127551
2026-07-04,760197,2046-02-15,30.57266735,0.00000000,2099129
2026-07-04,760197,2046-05-15,30.03704331,0.00000000,127551
2026-07-04,760197,2046-08-15,29.47496079,0.00000000,2099129
2026-07-04,760197,2046-11-15,28.93866461,0.00000000,127551
2026-07-04,760197,2047-02-15,28.41900720,0.00000000,2099129
2026-07-04,760197,2047-05-15,27.93195177,0.00000000,127551
2026-07-04,760197,2047-08-15,27.40375504,0.00000000,2099129
2026-07-04,760197,2047-11-15,26.87640205,0.00000000,127551
2026-07-04,760197,2048-02-15,26.38921707,0.00000000,2099129
2026-07-04,760197,2048-05-15,25.93296716,0.00000000,127551
2026-07-04,760197,2048-08-15,25.43860735,0.00000000,2099129
2026-07-04,760197,2048-11-15,24.97513962,0.00000000,127551
2026-07-04,760197,2049-02-15,24.51953554,0.00000000,2099129
2026-07-04,760197,2049-05-15,24.07893438,0.00000000,127551
2026-07-04,760197,2049-08-15,23.62480422,0.00000000,2099129
2026-07-04,760197,2049-11-15,23.19279288,0.00000000,127551
2026-07-04,760197,2050-02-15,22.74823092,0.00000000,2099129
2026-07-04,760197,2050-05-15,22.34543355,0.00000000,127551
2026-07-04,760197,2050-08-15,21.92376642,0.00000000,2099129
2026-07-04,760197,2050-11-15,21.51671182,0.00000000,127551
2026-07-04,760197,2051-02-15,21.11749660,0.00000000,1370123
2026-07-04,760197,2051-05-15,20.74442737,0.00000000,127551
2026-07-04,760197,2051-08-15,20.34795896,0.00000000,1370123
2026-07-04,760197,2051-11-15,19.97116035,0.00000000,127551
2026-07-04,760197,2052-02-15,19.60736908,0.00000000,1370123
2026-07-04,760197,2052-05-15,19.26181146,0.00000000,127551
2026-07-04,760197,2052-08-15,18.89451884,0.00000000,1370123
2026-07-04,760197,2052-11-15,18.52892857,0.00000000,127551
2026-07-04,760197,2053-02-15,18.19209817,0.00000000,1370123
2026-07-04,760197,2053-05-15,17.88266863,0.00000000,127551
2026-07-04,760197,2053-08-15,17.54227194,0.00000000,1370123
2026-07-04,760197,2053-11-15,17.20338934,0.00000000,127551
2026-07-04,760197,2054-02-15,16.90109089,0.00000000,1370123
2026-07-04,760197,2054-05-15,16.59927590,0.00000000,127551
2026-07-04,760197,2054-08-15,16.28366925,0.00000000,1370123
2026-07-04,760197,2054-11-15,15.98827587,0.00000000,127551
2026-07-04,760197,2055-02-15,15.69827955,0.00000000,1370123
2026-07-04,760197,2055-05-15,15.41811908,0.00000000,127551
2026-07-04,760197,2055-08-15,15.12966302,0.00000000,1370123
2026-07-04,760197,2056-02-15,14.57799663,0.00000000,1370123
2026-07-04,760197,2056-08-15,14.05125651,0.00000000,1370123
2026-07-04,760197,2057-02-15,13.54415242,0.00000000,1370123
2026-07-04,760197,2057-08-15,13.05972425,0.00000000,1370123
2026-07-04,760197,2058-02-15,12.58940302,0.00000000,1370123
2026-07-04,760197,2058-08-15,12.13999733,0.00000000,1370123
2026-07-04,760197,2059-02-15,11.70013846,0.00000000,1370123
2026-07-04,760197,2059-08-15,11.27982701,0.00000000,1370123
2026-07-04,760197,2060-02-15,10.86532930,0.00000000,1370123
2026-07-04,760197,2060-08-15,10.47544849,0.00000000,1370123
2026-07-04,760198,2026-08-15,4678.79980234,0.00000000,2974266
2026-07-04,760198,2027-05-15,4403.95628548,0.00000000,11057
2026-07-04,760198,2028-08-15,3936.71612296,0.00000000,332199
2026-07-04,760198,2029-05-15,3714.52522226,0.00000000,6921166
2026-07-04,760198,2030-08-15,3336.32774471,0.00000000,436993
2026-07-04,760198,2031-05-15,3144.60641645,0.00000000,11486
2026-07-04,760198,2032-08-15,2831.74366277,0.00000000,3244694
2026-07-04,760198,2033-05-15,2675.77369329,0.00000000,78747
2026-07-04,760198,2035-05-15,2284.71366213,0.00000000,8632537
2026-07-04,760198,2037-05-15,1966.42484161,0.00000000,94021
2026-07-04,760198,2040-08-15,1538.53242881,0.00000000,4928597
2026-07-04,760198,2045-05-15,1091.68225961,0.00000000,9236380
2026-07-04,760198,2050-08-15,741.59452939,0.00000000,4911753
2026-07-04,760198,2055-05-15,521.53414441,0.00000000,127551
2026-07-04,760198,2060-08-15,354.34309700,0.00000000,1370123
2026-07-04,760199,2026-08-15,4817.11920768,0.00000000,5035-31-11
2026-07-04,760199,2027-05-15,4669.96824810,0.00000000,3313-87-63
2026-07-04,760199,2028-08-15,4573.36798411,0.00000000,4758-07-85
2026-07-04,760199,2029-05-15,4449.20110739,0.00000000,1703-10-88
2026-07-04,760199,2030-08-15,4395.60348823,0.00000000,4862-27-11
2026-07-04,760199,2031-05-15,4276.73998580,0.00000000,4965990
2026-07-04,760199,2032-08-15,4251.13312556,0.00000000,2355-29-60
2026-07-04,760199,2033-05-15,4148.85487406,0.00000000,1931-03-10
2026-07-04,760199,2035-05-15,4049.70486844,0.00000000,5641-22-74
2026-07-04,760199,2037-05-15,3988.56451303,0.00000000,5380114
2026-07-04,760199,2040-08-15,3974.72300485,0.00000000,3205-75-85
2026-07-04,760199,2045-05-15,3847.91207602,0.00000000,4051-95-81
2026-07-04,760199,2050-08-15,3864.16266558,0.00000000,4765-52-02
2026-07-04,760199,2055-05-15,3760.17545148,0.00000000,3163-91-05
2026-07-04,760199,2060-08-15,3809.41380077,0.00000000,2375-95-95
2026-07-04,770100,2031-01-01,7533.63373367,0.00000000,1104-09-15
2026-07-04,950197,2027-01-01,45.60847100,0.00000000,3776671
2026-07-04,950197,2027-07-01,42.60543957,0.00000000,3776671
2026-07-04,950197,2028-01-01,39.68984300,0.00000000,3776671
2026-07-04,950197,2028-07-01,37.01496713,0.00000000,3776671
2026-07-04,950197,2029-01-01,34.50472516,0.00000000,3776671
2026-07-04,950197,2029-07-01,32.13976274,0.00000000,3343843
2026-07-04,950197,2030-01-01,29.93990029,0.00000000,3343843
2026-07-04,950197,2030-07-01,27.93743008,0.00000000,3343843
2026-07-04,950197,2031-01-01,25.96841158,0.00000000,3343843
2026-07-04,950197,2031-07-01,24.23973202,0.00000000,3179549
2026-07-04,950197,2032-01-01,22.50058811,0.00000000,3179549
2026-07-04,950197,2032-07-01,20.97331934,0.00000000,3179549
2026-07-04,950197,2033-01-01,19.49808661,0.00000000,3179549
2026-07-04,950197,2033-07-01,18.17083034,0.00000000,2800896
2026-07-04,950197,2034-01-01,16.92534615,0.00000000,2800896
2026-07-04,950197,2034-07-01,15.77162521,0.00000000,2800896
2026-07-04,950197,2035-01-01,14.72213529,0.00000000,2800896
2026-07-04,950197,2035-07-01,13.71753344,0.00000000,492002
2026-07-04,950197,2036-01-01,12.81489389,0.00000000,492002
2026-07-04,950197,2036-07-01,11.94707966,0.00000000,492002
2026-07-04,950197,2037-01-01,11.09258184,0.00000000,492002
2026-07-04,950198,2029-01-01,706.93583569,0.00000000,432828
2026-07-04,950198,2031-01-01,532.04309415,0.00000000,164294
2026-07-04,950198,2033-01-01,399.47850863,0.00000000,378653
2026-07-04,950198,2035-01-01,301.62839915,0.00000000,2308894
2026-07-04,950198,2037-01-01,227.26578972,0.00000000,492002
2026-07-04,950199,2027-01-01,980.03882605,0.00000000,120243732
2026-07-04,950199,2029-01-01,906.31903373,0.00000000,121738225
2026-07-04,950199,2031-01-01,847.24036189,0.00000000,210664027
2026-07-04,950199,2033-01-01,801.53910396,0.00000000,9534-65-42
2026-07-04,950199,2035-01-01,768.75727696,0.00000000,116789327
2026-07-04,950199,2037-01-01,743.26461899,0.00000000,4184-32-17
2026-07-06,210100,2026-09-01,19353.65681149,0.00000000,9022070
2026-07-06,210100,2027-03-01,19343.16534155,0.00000000,2916-66-03
2026-07-06,210100,2027-09-01,19333.19528373,0.00000000,2844-97-79
2026-07-06,210100,2028-03-01,19322.28062886,0.00000000,1737-56-36
2026-07-06,210100,2028-09-01,19307.82441170,0.00000000,2035-04-27
2026-07-06,210100,2029-03-01,19291.52014592,0.00000000,1868-03-46
2026-07-06,210100,2029-09-01,19273.26739539,0.00000000,1696-96-86
2026-07-06,210100,2030-03-01,19255.15778783,0.00000000,1399-79-20
2026-07-06,210100,2030-06-01,19245.84285044,0.00000000,1039-95-64
2026-07-06,210100,2030-09-01,19234.94340048,0.00000000,1141-50-59
2026-07-06,210100,2030-12-01,19227.73705139,0.00000000,7564594
2026-07-06,210100,2031-03-01,19217.03604564,0.00000000,1233-91-95
2026-07-06,210100,2031-06-01,19205.73723470,0.00000000,9929924
2026-07-06,210100,2031-09-01,19195.85366841,0.00000000,8482100
2026-07-06,210100,2031-12-01,19175.36215956,0.00000000,6974714
2026-07-06,210100,2032-03-01,19160.89101917,0.00000000,9207515
2026-07-06,210100,2032-06-01,19140.21243875,0.00000000,1560-81-48
2026-07-06,100000,2026-10-01,966.42541256,0.00000000,149552233
2026-07-06,100000,2027-01-01,934.43035425,0.00000000,6074427
2026-07-06,100000,2027-04-01,903.89295314,0.00000000,157958710
2026-07-06,100000,2027-07-01,872.90398300,0.00000000,130515683
2026-07-06,100000,2027-10-01,841.98237845,0.00000000,124730702
2026-07-06,100000,2028-01-01,813.16898468,0.00000000,7795-37-94
2026-07-06,100000,2028-04-01,784.99110316,0.00000000,3665-95-42
2026-07-06,100000,2028-07-01,758.36589331,0.00000000,3100-87-38
2026-07-06,100000,2029-01-01,706.93583569,0.00000000,251429561
2026-07-06,100000,2029-07-01,658.48227818,0.00000000,222592458
2026-07-06,100000,2030-01-01,613.41130327,0.00000000,166442275
2026-07-06,100000,2031-01-01,532.04309415,0.00000000,4922522
2026-07-06,100000,2032-01-01,460.99402272,0.00000000,189746650
2026-07-06,760197,2026-08-15,138.31940492,0.00000000,4001980
2026-07-06,760197,2026-11-15,135.16801078,0.00000000,4098303
2026-07-06,760197,2027-02-15,132.71219620,0.00000000,3482532
2026-07-06,760197,2027-05-15,130.19420331,0.00000000,4098303
2026-07-06,760197,2027-08-15,127.37661463,0.00000000,3482532
2026-07-06,760197,2027-11-15,124.58908073,0.00000000,4087246
2026-07-06,760197,2028-02-15,121.64471303,0.00000000,3482532
2026-07-06,760197,2028-05-15,119.03727943,0.00000000,4087246
2026-07-06,760197,2028-08-15,116.38117776,0.00000000,3482532
2026-07-06,760197,2028-11-15,114.07252947,0.00000000,4087246
2026-07-06,760197,2029-02-15,111.97829503,0.00000000,3150333
2026-07-06,760197,2029-05-15,109.81254596,0.00000000,4087246
2026-07-06,760197,2029-08-15,107.42082992,0.00000000,3150333
2026-07-06,760197,2029-11-15,105.10936054,0.00000000,3898186
2026-07-06,760197,2030-02-15,102.86865399,0.00000000,3150333
2026-07-06,760197,2030-05-15,100.79901346,0.00000000,3898186
2026-07-06,760197,2030-08-15,98.63189018,0.00000000,3150333
2026-07-06,760197,2030-11-15,96.56775531,0.00000000,3898186
2026-07-06,760197,2031-02-15,94.70042540,0.00000000,2713340
2026-07-06,760197,2031-05-15,92.96403065,0.00000000,3898186
2026-07-06,760197,2031-08-15,91.00367085,0.00000000,2713340
2026-07-06,760197,2031-11-15,89.02679160,0.00000000,3886700
2026-07-06,760197,2032-02-15,87.26096081,0.00000000,2713340
2026-07-06,760197,2032-05-15,85.46111680,0.00000000,3886700
2026-07-06,760197,2032-08-15,83.71486596,0.00000000,2713340
2026-07-06,760197,2032-11-15,82.13861561,0.00000000,3886700
2026-07-06,760197,2033-02-15,80.56748344,0.00000000,2454996
2026-07-06,760197,2033-05-15,79.10392421,0.00000000,3886700
2026-07-06,760197,2033-08-15,77.51565666,0.00000000,2454996
2026-07-06,760197,2033-11-15,75.97584884,0.00000000,3807953
2026-07-06,760197,2034-02-15,74.41495431,0.00000000,2454996
2026-07-06,760197,2034-05-15,73.04893962,0.00000000,3807953
2026-07-06,760197,2034-08-15,71.55169420,0.00000000,2454996
2026-07-06,760197,2034-11-15,70.13828579,0.00000000,3807953
2026-07-06,760197,2035-02-15,68.83048551,0.00000000,2454996
2026-07-06,760197,2035-05-15,67.54301263,0.00000000,3807953
2026-07-06,760197,2035-08-15,66.21760708,0.00000000,2454996
2026-07-06,760197,2035-11-15,64.97265668,0.00000000,2081426
2026-07-06,760197,2036-02-15,63.78088083,0.00000000,2454996
2026-07-06,760197,2036-05-15,62.67323230,0.00000000,2081426
2026-07-06,760197,2036-08-15,61.47778025,0.00000000,2454996
2026-07-06,760197,2036-11-15,60.28496854,0.00000000,2081426
2026-07-06,760197,2037-02-15,59.17845633,0.00000000,2454996
2026-07-06,760197,2037-05-15,58.13343708,0.00000000,2081426
2026-07-06,760197,2037-08-15,56.99717938,0.00000000,2454996
2026-07-06,760197,2037-11-15,55.93609909,0.00000000,1987405
2026-07-06,760197,2038-02-15,54.89673535,0.00000000,2454996
2026-07-06,760197,2038-05-15,53.89488698,0.00000000,1987405
2026-07-06,760197,2038-08-15,52.86543391,0.00000000,2454996
2026-07-06,760197,2038-11-15,51.88887608,0.00000000,1987405
2026-07-06,760197,2039-02-15,50.88651544,0.00000000,2454996
2026-07-06,760197,2039-05-15,49.98036139,0.00000000,1987405
2026-07-06,760197,2039-08-15,49.03361064,0.00000000,2454996
2026-07-06,760197,2039-11-15,48.12124447,0.00000000,1987405
2026-07-06,760197,2040-02-15,47.22794122,0.00000000,2454996
2026-07-06,760197,2040-05-15,46.36707901,0.00000000,1987405
2026-07-06,760197,2040-08-15,45.48364944,0.00000000,2454996
2026-07-06,760197,2040-11-15,44.64600017,0.00000000,1987405
2026-07-06,760197,2041-02-15,43.83934708,0.00000000,2099129
2026-07-06,760197,2041-05-15,43.08755364,0.00000000,1987405
2026-07-06,760197,2041-08-15,42.27664279,0.00000000,2099129
2026-07-06,760197,2041-11-15,41.47127940,0.00000000,1987405
2026-07-06,760197,2042-02-15,40.73074471,0.00000000,2099129
2026-07-06,760197,2042-05-15,40.05160118,0.00000000,1987405
2026-07-06,760197,2042-08-15,39.30564579,0.00000000,2099129
2026-07-06,760197,2042-11-15,38.56407671,0.00000000,1987405
2026-07-06,760197,2043-02-15,37.90333911,0.00000000,2099129
2026-07-06,760197,2043-05-15,37.24426334,0.00000000,1987405
2026-07-06,760197,2043-08-15,36.55557512,0.00000000,2099129
2026-07-06,760197,2043-11-15,35.91131861,0.00000000,1987405
2026-07-06,760197,2044-02-15,35.27899291,0.00000000,2099129
2026-07-06,760197,2044-05-15,34.66812134,0.00000000,1987405
2026-07-06,760197,2044-08-15,34.03879942,0.00000000,2099129
2026-07-06,760197,2044-11-15,33.43050427,0.00000000,1987405
2026-07-06,760197,2045-02-15,32.81412391,0.00000000,2099129
2026-07-06,760197,2045-05-15,32.27341346,0.00000000,1987405
2026-07-06,760197,2045-08-15,31.67680560,0.00000000,2099129
2026-07-06,760197,2045-11-15,31.10723004,0.00000000,127551
2026-07-06,760197,2046-02-15,30.57266735,0.00000000,2099129
2026-07-06,760197,2046-05-15,30.03704331,0.00000000,127551
2026-07-06,760197,2046-08-15,29.47496079,0.00000000,2099129
2026-07-06,760197,2046-11-15,28.93866461,0.00000000,127551
2026-07-06,760197,2047-02-15,28.41900720,0.00000000,2099129
2026-07-06,760197,2047-05-15,27.93195177,0.00000000,127551
2026-07-06,760197,2047-08-15,27.40375504,0.00000000,2099129
2026-07-06,760197,2047-11-15,26.87640205,0.00000000,127551
2026-07-06,760197,2048-02-15,26.38921707,0.00000000,2099129
2026-07-06,760197,2048-05-15,25.93296716,0.00000000,127551
2026-07-06,760197,2048-08-15,25.43860735,0.00000000,2099129
2026-07-06,760197,2048-11-15,24.97513962,0.00000000,127551
2026-07-06,760197,2049-02-15,24.51953554,0.00000000,2099129
2026-07-06,760197,2049-05-15,24.07893438,0.00000000,127551
2026-07-06,760197,2049-08-15,23.62480422,0.00000000,2099129
2026-07-06,760197,2049-11-15,23.19279288,0.00000000,127551
2026-07-06,760197,2050-02-15,22.74823092,0.00000000,2099129
2026-07-06,760197,2050-05-15,22.34543355,0.00000000,127551
2026-07-06,760197,2050-08-15,21.92376642,0.00000000,2099129
2026-07-06,760197,2050-11-15,21.51671182,0.00000000,127551
2026-07-06,760197,2051-02-15,21.11749660,0.00000000,1370123
2026-07-06,760197,2051-05-15,20.74442737,0.00000000,127551
2026-07-06,760197,2051-08-15,20.34795896,0.00000000,1370123
2026-07-06,760197,2051-11-15,19.97116035,0.00000000,127551
2026-07-06,760197,2052-02-15,19.60736908,0.00000000,1370123
2026-07-06,760197,2052-05-15,19.26181146,0.00000000,127551
2026-07-06,760197,2052-08-15,18.89451884,0.00000000,1370123
2026-07-06,760197,2052-11-15,18.52892857,0.00000000,127551
2026-07-06,760197,2053-02-15,18.19209817,0.00000000,1370123
2026-07-06,760197,2053-05-15,17.88266863,0.00000000,127551
2026-07-06,760197,2053-08-15,17.54227194,0.00000000,1370123
2026-07-06,760197,2053-11-15,17.20338934,0.00000000,127551
2026-07-06,760197,2054-02-15,16.90109089,0.00000000,1370123
2026-07-06,760197,2054-05-15,16.59927590,0.00000000,127551
2026-07-06,760197,2054-08-15,16.28366925,0.00000000,1370123
2026-07-06,760197,2054-11-15,15.98827587,0.00000000,127551
2026-07-06,760197,2055-02-15,15.69827955,0.00000000,1370123
2026-07-06,760197,2055-05-15,15.41811908,0.00000000,127551
2026-07-06,760197,2055-08-15,15.12966302,0.00000000,1370123
2026-07-06,760197,2056-02-15,14.57799663,0.00000000,1370123
2026-07-06,760197,2056-08-15,14.05125651,0.00000000,1370123
2026-07-06,760197,2057-02-15,13.54415242,0.00000000,1370123
2026-07-06,760197,2057-08-15,13.05972425,0.00000000,1370123
2026-07-06,760197,2058-02-15,12.58940302,0.00000000,1370123
2026-07-06,760197,2058-08-15,12.13999733,0.00000000,1370123
2026-07-06,760197,2059-02-15,11.70013846,0.00000000,1370123
2026-07-06,760197,2059-08-15,11.27982701,0.00000000,1370123
2026-07-06,760197,2060-02-15,10.86532930,0.00000000,1370123
2026-07-06,760197,2060-08-15,10.47544849,0.00000000,1370123
2026-07-06,760198,2026-08-15,4678.79980234,0.00000000,2974266
2026-07-06,760198,2027-05-15,4403.95628548,0.00000000,11057
2026-07-06,760198,2028-08-15,3936.71612296,0.00000000,332199
2026-07-06,760198,2029-05-15,3714.52522226,0.00000000,6921166
2026-07-06,760198,2030-08-15,3336.32774471,0.00000000,436993
2026-07-06,760198,2031-05-15,3144.60641645,0.00000000,11486
2026-07-06,760198,2032-08-15,2831.74366277,0.00000000,3244694
2026-07-06,760198,2033-05-15,2675.77369329,0.00000000,78747
2026-07-06,760198,2035-05-15,2284.71366213,0.00000000,8632537
2026-07-06,760198,2037-05-15,1966.42484161,0.00000000,94021
2026-07-06,760198,2040-08-15,1538.53242881,0.00000000,4928597
2026-07-06,760198,2045-05-15,1091.68225961,0.00000000,9236380
2026-07-06,760198,2050-08-15,741.59452939,0.00000000,4911753
2026-07-06,760198,2055-05-15,521.53414441,0.00000000,127551
2026-07-06,760198,2060-08-15,354.34309700,0.00000000,1370123
2026-07-06,760199,2026-08-15,4817.11920768,0.00000000,5035-31-11
2026-07-06,760199,2027-05-15,4669.96824810,0.00000000,3313-87-63
2026-07-06,760199,2028-08-15,4573.36798411,0.00000000,4758-07-85
2026-07-06,760199,2029-05-15,4449.20110739,0.00000000,1703-10-88
2026-07-06,760199,2030-08-15,4395.60348823,0.00000000,4862-27-11
2026-07-06,760199,2031-05-15,4276.73998580,0.00000000,4965990
2026-07-06,760199,2032-08-15,4251.13312556,0.00000000,2355-29-60
2026-07-06,760199,2033-05-15,4148.85487406,0.00000000,1931-03-10
2026-07-06,760199,2035-05-15,4049.70486844,0.00000000,5641-22-74
2026-07-06,760199,2037-05-15,3988.56451303,0.00000000,5380114
2026-07-06,760199,2040-08-15,3974.72300485,0.00000000,3205-75-85
2026-07-06,760199,2045-05-15,3847.91207602,0.00000000,4051-95-81
2026-07-06,760199,2050-08-15,3864.16266558,0.00000000,4765-52-02
2026-07-06,760199,2055-05-15,3760.17545148,0.00000000,3163-91-05
2026-07-06,760199,2060-08-15,3809.41380077,0.00000000,2375-95-95
2026-07-06,770100,2031-01-01,7533.63373367,0.00000000,1104-09-15
2026-07-06,950197,2027-01-01,45.60847100,0.00000000,3776671
2026-07-06,950197,2027-07-01,42.60543957,0.00000000,3776671
2026-07-06,950197,2028-01-01,39.68984300,0.00000000,3776671
2026-07-06,950197,2028-07-01,37.01496713,0.00000000,3776671
2026-07-06,950197,2029-01-01,34.50472516,0.00000000,3776671
2026-07-06,950197,2029-07-01,32.13976274,0.00000000,3343843
2026-07-06,950197,2030-01-01,29.93990029,0.00000000,3343843
2026-07-06,950197,2030-07-01,27.93743008,0.00000000,3343843
2026-07-06,950197,2031-01-01,25.96841158,0.00000000,3343843
2026-07-06,950197,2031-07-01,24.23973202,0.00000000,3179549
2026-07-06,950197,2032-01-01,22.50058811,0.00000000,3179549
2026-07-06,950197,2032-07-01,20.97331934,0.00000000,3179549
2026-07-06,950197,2033-01-01,19.49808661,0.00000000,3179549
2026-07-06,950197,2033-07-01,18.17083034,0.00000000,2800896
2026-07-06,950197,2034-01-01,16.92534615,0.00000000,2800896
2026-07-06,950197,2034-07-01,15.77162521,0.00000000,2800896
2026-07-06,950197,2035-01-01,14.72213529,0.00000000,2800896
2026-07-06,950197,2035-07-01,13.71753344,0.00000000,492002
2026-07-06,950197,2036-01-01,12.81489389,0.00000000,492002
2026-07-06,950197,2036-07-01,11.94707966,0.00000000,492002
2026-07-06,950197,2037-01-01,11.09258184,0.00000000,492002
2026-07-06,950198,2029-01-01,706.93583569,0.00000000,432828
2026-07-06,950198,2031-01-01,532.04309415,0.00000000,164294
2026-07-06,950198,2033-01-01,399.47850863,0.00000000,378653
2026-07-06,950198,2035-01-01,301.62839915,0.00000000,2308894
2026-07-06,950198,2037-01-01,227.26578972,0.00000000,492002
2026-07-06,950199,2027-01-01,980.03882605,0.00000000,120243732
2026-07-06,950199,2029-01-01,906.31903373,0.00000000,121738225
2026-07-06,950199,2031-01-01,847.24036189,0.00000000,210664027
2026-07-06,950199,2033-01-01,801.53910396,0.00000000,9534-65-42
2026-07-06,950199,2035-01-01,768.75727696,0.00000000,116789327
2026-07-06,950199,2037-01-01,743.26461899,0.00000000,4184-32-17
2026-07-07,210100,2026-09-01,19363.29031302,0.00000000,9022070
2026-07-07,210100,2027-03-01,19353.71870563,0.00000000,2916-61-12
2026-07-07,210100,2027-09-01,19344.33885433,0.00000000,2844-97-79
2026-07-07,210100,2028-03-01,19332.82608700,0.00000000,1737-46-94
2026-07-07,210100,2028-09-01,19318.55154678,0.00000000,2035-04-27
2026-07-07,210100,2029-03-01,19302.66176327,0.00000000,1867-97-06
2026-07-07,210100,2029-09-01,19283.85715109,0.00000000,1696-96-86
2026-07-07,210100,2030-03-01,19265.72985318,0.00000000,1399-79-20
2026-07-07,210100,2030-06-01,19256.28716935,0.00000000,1039-95-64
2026-07-07,210100,2030-09-01,19245.24148272,0.00000000,1141-50-59
2026-07-07,210100,2030-12-01,19238.03607778,0.00000000,7564594
2026-07-07,210100,2031-03-01,19227.42585903,0.00000000,1234-77-09
2026-07-07,210100,2031-06-01,19216.13364613,0.00000000,9929924
2026-07-07,210100,2031-09-01,19206.15797967,0.00000000,8482100
2026-07-07,210100,2031-12-01,19185.97839582,0.00000000,6974714
2026-07-07,210100,2032-03-01,19171.09248027,0.00000000,9207515
2026-07-07,210100,2032-06-01,19150.85951233,0.00000000,1560-81-48
2026-07-07,100000,2026-10-01,966.98074796,0.00000000,149552233
2026-07-07,100000,2027-01-01,935.09835799,0.00000000,6071294
2026-07-07,100000,2027-04-01,904.81910238,0.00000000,159008036
2026-07-07,100000,2027-07-01,874.12946543,0.00000000,132301546
2026-07-07,100000,2027-10-01,843.62806288,0.00000000,124730702
2026-07-07,100000,2028-01-01,815.09518658,0.00000000,8687-68-00
2026-07-07,100000,2028-04-01,786.91238607,0.00000000,3665-95-42
2026-07-07,100000,2028-07-01,760.55421421,0.00000000,3100-87-38
2026-07-07,100000,2029-01-01,709.23393972,0.00000000,251490280
2026-07-07,100000,2029-07-01,660.72145665,0.00000000,230592458
2026-07-07,100000,2030-01-01,615.60433539,0.00000000,166442275
2026-07-07,100000,2031-01-01,534.20266069,0.00000000,4921284
2026-07-07,100000,2032-01-01,463.00782320,0.00000000,192810144
2026-07-07,760197,2026-08-15,138.39008477,0.00000000,4003980
2026-07-07,760197,2026-11-15,135.24356011,0.00000000,4098303
2026-07-07,760197,2027-02-15,132.83353815,0.00000000,3484532
2026-07-07,760197,2027-05-15,130.36372150,0.00000000,4098303
2026-07-07,760197,2027-08-15,127.57292729,0.00000000,3484532
2026-07-07,760197,2027-11-15,124.80994711,0.00000000,4087246
2026-07-07,760197,2028-02-15,121.88948984,0.00000000,3484532
2026-07-07,760197,2028-05-15,119.30216082,0.00000000,4087246
2026-07-07,760197,2028-08-15,116.66686193,0.00000000,3484532
2026-07-07,760197,2028-11-15,114.37644380,0.00000000,4087246
2026-07-07,760197,2029-02-15,112.29934388,0.00000000,3152333
2026-07-07,760197,2029-05-15,110.15539064,0.00000000,4087246
2026-07-07,760197,2029-08-15,107.76753307,0.00000000,3152333
2026-07-07,760197,2029-11-15,105.42515364,0.00000000,3898186
2026-07-07,760197,2030-02-15,103.13969861,0.00000000,3152333
2026-07-07,760197,2030-05-15,101.03547788,0.00000000,3898186
2026-07-07,760197,2030-08-15,98.86773848,0.00000000,3152333
2026-07-07,760197,2030-11-15,96.87471006,0.00000000,3898186
2026-07-07,760197,2031-02-15,95.10486889,0.00000000,2715340
2026-07-07,760197,2031-05-15,93.42429538,0.00000000,3898186
2026-07-07,760197,2031-08-15,91.47822062,0.00000000,2715340
2026-07-07,760197,2031-11-15,89.50867257,0.00000000,3886700
2026-07-07,760197,2032-02-15,87.74765051,0.00000000,2715340
2026-07-07,760197,2032-05-15,85.95597235,0.00000000,3886700
2026-07-07,760197,2032-08-15,84.22698901,0.00000000,2715340
2026-07-07,760197,2032-11-15,82.66626169,0.00000000,3886700
2026-07-07,760197,2033-02-15,81.10112256,0.00000000,2454996
2026-07-07,760197,2033-05-15,79.64230976,0.00000000,3886700
2026-07-07,760197,2033-08-15,78.06149727,0.00000000,2454996
2026-07-07,760197,2033-11-15,76.52847317,0.00000000,3807953
2026-07-07,760197,2034-02-15,74.97404261,0.00000000,2454996
2026-07-07,760197,2034-05-15,73.61337679,0.00000000,3807953
2026-07-07,760197,2034-08-15,72.12170714,0.00000000,2454996
2026-07-07,760197,2034-11-15,70.71333712,0.00000000,3807953
2026-07-07,760197,2035-02-15,69.41005782,0.00000000,2454996
2026-07-07,760197,2035-05-15,68.12696487,0.00000000,3807953
2026-07-07,760197,2035-08-15,66.80601659,0.00000000,2454996
2026-07-07,760197,2035-11-15,65.56515344,0.00000000,2081426
2026-07-07,760197,2036-02-15,64.37715668,0.00000000,2454996
2026-07-07,760197,2036-05-15,63.27285774,0.00000000,2081426
2026-07-07,760197,2036-08-15,62.08078590,0.00000000,2454996
2026-07-07,760197,2036-11-15,60.89103294,0.00000000,2081426
2026-07-07,760197,2037-02-15,59.78700741,0.00000000,2454996
2026-07-07,760197,2037-05-15,58.74396363,0.00000000,2081426
2026-07-07,760197,2037-08-15,57.60951521,0.00000000,2454996
2026-07-07,760197,2037-11-15,56.54990491,0.00000000,1987405
2026-07-07,760197,2038-02-15,55.51177127,0.00000000,2454996
2026-07-07,760197,2038-05-15,54.51090826,0.00000000,1987405
2026-07-07,760197,2038-08-15,53.48225892,0.00000000,2454996
2026-07-07,760197,2038-11-15,52.50626430,0.00000000,1987405
2026-07-07,760197,2039-02-15,51.50427632,0.00000000,2454996
2026-07-07,760197,2039-05-15,50.59827688,0.00000000,1987405
2026-07-07,760197,2039-08-15,49.65149961,0.00000000,2454996
2026-07-07,760197,2039-11-15,48.73892308,0.00000000,1987405
2026-07-07,760197,2040-02-15,47.84523526,0.00000000,2454996
2026-07-07,760197,2040-05-15,46.98383269,0.00000000,1987405
2026-07-07,760197,2040-08-15,46.09967276,0.00000000,2454996
2026-07-07,760197,2040-11-15,45.26116809,0.00000000,1987405
2026-07-07,760197,2041-02-15,44.45354156,0.00000000,2099129
2026-07-07,760197,2041-05-15,43.70070464,0.00000000,1987405
2026-07-07,760197,2041-08-15,42.88851631,0.00000000,2099129
2026-07-07,760197,2041-11-15,42.08172298,0.00000000,1987405
2026-07-07,760197,2042-02-15,41.33972688,0.00000000,2099129
2026-07-07,760197,2042-05-15,40.65911551,0.00000000,1987405
2026-07-07,760197,2042-08-15,39.91140247,0.00000000,2099129
2026-07-07,760197,2042-11-15,39.16792989,0.00000000,1987405
2026-07-07,760197,2043-02-15,38.50536035,0.00000000,2099129
2026-07-07,760197,2043-05-15,37.84432507,0.00000000,1987405
2026-07-07,760197,2043-08-15,37.15344319,0.00000000,2099129
2026-07-07,760197,2043-11-15,36.50699438,0.00000000,1987405
2026-07-07,760197,2044-02-15,35.87238032,0.00000000,2099129
2026-07-07,760197,2044-05-15,35.25916474,0.00000000,1987405
2026-07-07,760197,2044-08-15,34.62728592,0.00000000,2099129
2026-07-07,760197,2044-11-15,34.01637707,0.00000000,1987405
2026-07-07,760197,2045-02-15,33.39720016,0.00000000,2099129
2026-07-07,760197,2045-05-15,32.85390917,0.00000000,1987405
2026-07-07,760197,2045-08-15,32.25414209,0.00000000,2099129
2026-07-07,760197,2045-11-15,31.68111747,0.00000000,127551
2026-07-07,760197,2046-02-15,31.14296563,0.00000000,2099129
2026-07-07,760197,2046-05-15,30.60343656,0.00000000,127551
2026-07-07,760197,2046-08-15,30.03696236,0.00000000,2099129
2026-07-07,760197,2046-11-15,29.49623534,0.00000000,127551
2026-07-07,760197,2047-02-15,28.97210005,0.00000000,2099129
2026-07-07,760197,2047-05-15,28.48071913,0.00000000,127551
2026-07-07,760197,2047-08-15,27.94773349,0.00000000,2099129
2026-07-07,760197,2047-11-15,27.41554509,0.00000000,127551
2026-07-07,760197,2048-02-15,26.92389039,0.00000000,2099129
2026-07-07,760197,2048-05-15,26.46349282,0.00000000,127551
2026-07-07,760197,2048-08-15,25.96472711,0.00000000,2099129
2026-07-07,760197,2048-11-15,25.49725841,0.00000000,127551
2026-07-07,760197,2049-02-15,25.03789037,0.00000000,2099129
2026-07-07,760197,2049-05-15,24.59385437,0.00000000,127551
2026-07-07,760197,2049-08-15,24.13644529,0.00000000,2099129
2026-07-07,760197,2049-11-15,23.70161108,0.00000000,127551
2026-07-07,760197,2050-02-15,23.25450113,0.00000000,2099129
2026-07-07,760197,2050-05-15,22.84975798,0.00000000,127551
2026-07-07,760197,2050-08-15,22.42647849,0.00000000,2099129
2026-07-07,760197,2050-11-15,22.01799660,0.00000000,127551
2026-07-07,760197,2051-02-15,21.61716385,0.00000000,1370123
2026-07-07,760197,2051-05-15,21.24235341,0.00000000,127551
2026-07-07,760197,2051-08-15,20.84375218,0.00000000,1370123
2026-07-07,760197,2051-11-15,20.46461740,0.00000000,127551
2026-07-07,760197,2052-02-15,20.09824589,0.00000000,1370123
2026-07-07,760197,2052-05-15,19.74990578,0.00000000,127551
2026-07-07,760197,2052-08-15,19.37926057,0.00000000,1370123
2026-07-07,760197,2052-11-15,19.00988413,0.00000000,127551
2026-07-07,760197,2053-02-15,18.66912696,0.00000000,1370123
2026-07-07,760197,2053-05-15,18.35568384,0.00000000,127551
2026-07-07,760197,2053-08-15,18.01038166,0.00000000,1370123
2026-07-07,760197,2053-11-15,17.66605995,0.00000000,127551
2026-07-07,760197,2054-02-15,17.35840177,0.00000000,1370123
2026-07-07,760197,2054-05-15,17.05071956,0.00000000,127551
2026-07-07,760197,2054-08-15,16.72838373,0.00000000,1370123
2026-07-07,760197,2054-11-15,16.42610105,0.00000000,127551
2026-07-07,760197,2055-02-15,16.12874518,0.00000000,1370123
2026-07-07,760197,2055-05-15,15.84087560,0.00000000,127551
2026-07-07,760197,2055-08-15,15.54379040,0.00000000,1370123
2026-07-07,760197,2056-02-15,14.97351774,0.00000000,1370123
2026-07-07,760197,2056-08-15,14.42641552,0.00000000,1370123
2026-07-07,760197,2057-02-15,13.89730147,0.00000000,1370123
2026-07-07,760197,2057-08-15,13.38964424,0.00000000,1370123
2026-07-07,760197,2058-02-15,12.89472411,0.00000000,1370123
2026-07-07,760197,2058-08-15,12.41995380,0.00000000,1370123
2026-07-07,760197,2059-02-15,11.95354392,0.00000000,1370123
2026-07-07,760197,2059-08-15,11.50631061,0.00000000,1370123
2026-07-07,760197,2060-02-15,11.06383381,0.00000000,1370123
2026-07-07,760197,2060-08-15,10.64640109,0.00000000,1370123
2026-07-07,760198,2026-08-15,4681.19062283,0.00000000,2972683
2026-07-07,760198,2027-05-15,4409.69041720,0.00000000,11057
2026-07-07,760198,2028-08-15,3946.37969172,0.00000000,332199
2026-07-07,760198,2029-05-15,3726.12230527,0.00000000,6918306
2026-07-07,760198,2030-08-15,3344.30556238,0.00000000,436993
2026-07-07,760198,2031-05-15,3160.17535646,0.00000000,11486
2026-07-07,760198,2032-08-15,2849.06676506,0.00000000,3286216
2026-07-07,760198,2033-05-15,2693.98515233,0.00000000,78747
2026-07-07,760198,2035-05-15,2304.46646247,0.00000000,8630833
2026-07-07,760198,2037-05-15,1987.07654643,0.00000000,94021
2026-07-07,760198,2040-08-15,1559.37006740,0.00000000,4956994
2026-07-07,760198,2045-05-15,1111.31813957,0.00000000,9234322
2026-07-07,760198,2050-08-15,758.59929533,0.00000000,4934149
2026-07-07,760198,2055-05-15,535.83432971,0.00000000,127551
2026-07-07,760198,2060-08-15,360.12574915,0.00000000,1370123
2026-07-07,760199,2026-08-15,4819.58070802,0.00000000,5035-30-89
2026-07-07,760199,2027-05-15,4675.98785439,0.00000000,3313-87-63
2026-07-07,760199,2028-08-15,4583.98800072,0.00000000,4758-07-85
2026-07-07,760199,2029-05-15,4462.21709548,0.00000000,1709-31-90
2026-07-07,760199,2030-08-15,4405.08161867,0.00000000,4862-25-93
2026-07-07,760199,2031-05-15,4295.41204155,0.00000000,4965990
2026-07-07,760199,2032-08-15,4272.84590603,0.00000000,2355-08-97
2026-07-07,760199,2033-05-15,4172.23446539,0.00000000,1946-61-69
2026-07-07,760199,2035-05-15,4076.92727156,0.00000000,5643-28-85
2026-07-07,760199,2037-05-15,4019.16234479,0.00000000,5384997
2026-07-07,760199,2040-08-15,4009.67288457,0.00000000,3205-98-19
2026-07-07,760199,2045-05-15,3887.61989919,0.00000000,4052-11-08
2026-07-07,760199,2050-08-15,3907.19600598,0.00000000,4765-51-95
2026-07-07,760199,2055-05-15,3805.01207908,0.00000000,3163-85-21
2026-07-07,760199,2060-08-15,3833.33891265,0.00000000,2376-14-39
2026-07-07,770100,2031-01-01,7536.03438055,0.00000000,1104-09-15
2026-07-07,950197,2027-01-01,45.64107549,0.00000000,3827576
2026-07-07,950197,2027-07-01,42.66525396,0.00000000,3827576
2026-07-07,950197,2028-01-01,39.78385870,0.00000000,3827576
2026-07-07,950197,2028-07-01,37.12177656,0.00000000,3827576
2026-07-07,950197,2029-01-01,34.61689298,0.00000000,3827576
2026-07-07,950197,2029-07-01,32.24905447,0.00000000,3394748
2026-07-07,950197,2030-01-01,30.04693967,0.00000000,3394748
2026-07-07,950197,2030-07-01,28.03959086,0.00000000,3394748
2026-07-07,950197,2031-01-01,26.07381754,0.00000000,3394748
2026-07-07,950197,2031-07-01,24.34734236,0.00000000,3224569
2026-07-07,950197,2032-01-01,22.59887939,0.00000000,3224569
2026-07-07,950197,2032-07-01,21.07214672,0.00000000,3224569
2026-07-07,950197,2033-01-01,19.59688021,0.00000000,3224569
2026-07-07,950197,2033-07-01,18.26914533,0.00000000,2845916
2026-07-07,950197,2034-01-01,17.01737653,0.00000000,2845916
2026-07-07,950197,2034-07-01,15.86246649,0.00000000,2845916
2026-07-07,950197,2035-01-01,14.80083301,0.00000000,2845916
2026-07-07,950197,2035-07-01,13.79469360,0.00000000,512002
2026-07-07,950197,2036-01-01,12.87477310,0.00000000,512002
2026-07-07,950197,2036-07-01,12.00545084,0.00000000,512002
2026-07-07,950197,2037-01-01,11.14423054,0.00000000,512002
2026-07-07,950198,2029-01-01,709.23393972,0.00000000,432828
2026-07-07,950198,2031-01-01,534.20266069,0.00000000,170179
2026-07-07,950198,2033-01-01,401.50260073,0.00000000,378653
2026-07-07,950198,2035-01-01,303.24076500,0.00000000,2333914
2026-07-07,950198,2037-01-01,228.32397273,0.00000000,512002
2026-07-07,950199,2027-01-01,980.73943419,0.00000000,120417924
2026-07-07,950199,2029-01-01,909.02280451,0.00000000,122009924
2026-07-07,950199,2031-01-01,850.22799047,0.00000000,213657593
2026-07-07,950199,2033-01-01,804.79160980,0.00000000,9549-63-90
2026-07-07,950199,2035-01-01,771.95109927,0.00000000,116761586
2026-07-07,950199,2037-01-01,746.13809534,0.00000000,4224-14-25
2026-07-08,210100,2026-09-01,19373.26909482,0.00000000,9022070
2026-07-08,210100,2027-03-01,19364.07606771,0.00000000,2916-54-20
2026-07-08,210100,2027-09-01,19354.83722052,0.00000000,2844-97-79
2026-07-08,210100,2028-03-01,19343.53450635,0.00000000,1737-35-51
2026-07-08,210100,2028-09-01,19329.11669819,0.00000000,2035-04-27
2026-07-08,210100,2029-03-01,19313.45234667,0.00000000,1867-87-46
2026-07-08,210100,2029-09-01,19294.63326023,0.00000000,1696-96-86
2026-07-08,210100,2030-03-01,19276.37670137,0.00000000,1399-79-20
2026-07-08,210100,2030-06-01,19266.73669873,0.00000000,1039-95-64
2026-07-08,210100,2030-09-01,19255.70347097,0.00000000,1141-50-59
2026-07-08,210100,2030-12-01,19248.34046816,0.00000000,7564594
2026-07-08,210100,2031-03-01,19237.82098514,0.00000000,1235-43-44
2026-07-08,210100,2031-06-01,19226.53538093,0.00000000,9929924
2026-07-08,210100,2031-09-01,19216.56580660,0.00000000,8482100
2026-07-08,210100,2031-12-01,19196.39412362,0.00000000,6974714
2026-07-08,210100,2032-03-01,19181.19193694,0.00000000,9207515
2026-07-08,210100,2032-06-01,19161.28771286,0.00000000,1560-81-48
2026-07-08,100000,2026-10-01,967.50678843,0.00000000,148805647
2026-07-08,100000,2027-01-01,935.66465035,0.00000000,6068725
2026-07-08,100000,2027-04-01,905.51228043,0.00000000,158815688
2026-07-08,100000,2027-07-01,875.01588302,0.00000000,131949922
2026-07-08,100000,2027-10-01,844.58845019,0.00000000,124730702
2026-07-08,100000,2028-01-01,816.06839776,0.00000000,8900-29-19
2026-07-08,100000,2028-04-01,788.17742506,0.00000000,3665-95-42
2026-07-08,100000,2028-07-01,761.82465640,0.00000000,3100-87-38
2026-07-08,100000,2029-01-01,710.54189724,0.00000000,251538544
2026-07-08,100000,2029-07-01,662.36751859,0.00000000,230592458
2026-07-08,100000,2030-01-01,617.43118155,0.00000000,166442275
2026-07-08,100000,2031-01-01,535.95363822,0.00000000,4920131
2026-07-08,100000,2032-01-01,464.69844702,0.00000000,192998006
2026-07-08,760197,2026-08-15,138.49027805,0.00000000,4033980
2026-07-08,760197,2026-11-15,135.35447034,0.00000000,4098716
2026-07-08,760197,2027-02-15,132.94937142,0.00000000,3514532
2026-07-08,760197,2027-05-15,130.48170669,0.00000000,4098716
2026-07-08,760197,2027-08-15,127.70258191,0.00000000,3514532
2026-07-08,760197,2027-11-15,124.97479467,0.00000000,4087659
2026-07-08,760197,2028-02-15,122.10816669,0.00000000,3514532
2026-07-08,760197,2028-05-15,119.56758266,0.00000000,4087659
2026-07-08,760197,2028-08-15,116.95260346,0.00000000,3514532
2026-07-08,760197,2028-11-15,114.63747527,0.00000000,4087659
2026-07-08,760197,2029-02-15,112.52192324,0.00000000,3182333
2026-07-08,760197,2029-05-15,110.35521364,0.00000000,4087659
2026-07-08,760197,2029-08-15,107.98941161,0.00000000,3182333
2026-07-08,760197,2029-11-15,105.70336319,0.00000000,3898599
2026-07-08,760197,2030-02-15,103.48674456,0.00000000,3182333
2026-07-08,760197,2030-05-15,101.43787363,0.00000000,3898599
2026-07-08,760197,2030-08-15,99.28953087,0.00000000,3182333
2026-07-08,760197,2030-11-15,97.24431925,0.00000000,3898599
2026-07-08,760197,2031-02-15,95.39736461,0.00000000,2745340
2026-07-08,760197,2031-05-15,93.67893790,0.00000000,3898599
2026-07-08,760197,2031-08-15,91.73610019,0.00000000,2745340
2026-07-08,760197,2031-11-15,89.77571452,0.00000000,3887113
2026-07-08,760197,2032-02-15,88.02391680,0.00000000,2745340
2026-07-08,760197,2032-05-15,86.23805530,0.00000000,3887113
2026-07-08,760197,2032-08-15,84.50552069,0.00000000,2745340
2026-07-08,760197,2032-11-15,82.94253807,0.00000000,3887113
2026-07-08,760197,2033-02-15,81.38501522,0.00000000,2454996
2026-07-08,760197,2033-05-15,79.93289222,0.00000000,3887113
2026-07-08,760197,2033-08-15,78.35546326,0.00000000,2454996
2026-07-08,760197,2033-11-15,76.82550206,0.00000000,3808366
2026-07-08,760197,2034-02-15,75.27397342,0.00000000,2454996
2026-07-08,760197,2034-05-15,73.91569512,0.00000000,3808366
2026-07-08,760197,2034-08-15,72.42650008,0.00000000,2454996
2026-07-08,760197,2034-11-15,71.02035389,0.00000000,3808366
2026-07-08,760197,2035-02-15,69.71906144,0.00000000,2454996
2026-07-08,760197,2035-05-15,68.43788816,0.00000000,3808366
2026-07-08,760197,2035-08-15,67.11888939,0.00000000,2454996
2026-07-08,760197,2035-11-15,65.87980778,0.00000000,2081426
2026-07-08,760197,2036-02-15,64.69345042,0.00000000,2454996
2026-07-08,760197,2036-05-15,63.59059496,0.00000000,2081426
2026-07-08,760197,2036-08-15,62.39996537,0.00000000,2454996
2026-07-08,760197,2036-11-15,61.21149682,0.00000000,2081426
2026-07-08,760197,2037-02-15,60.10848980,0.00000000,2454996
2026-07-08,760197,2037-05-15,59.06622373,0.00000000,2081426
2026-07-08,760197,2037-08-15,57.93245327,0.00000000,2454996
2026-07-08,760197,2037-11-15,56.87336707,0.00000000,1987405
2026-07-08,760197,2038-02-15,55.83564259,0.00000000,2454996
2026-07-08,760197,2038-05-15,54.83507444,0.00000000,1987405
2026-07-08,760197,2038-08-15,53.80662430,0.00000000,2454996
2026-07-08,760197,2038-11-15,52.83071956,0.00000000,1987405
2026-07-08,760197,2039-02-15,51.82872163,0.00000000,2454996
2026-07-08,760197,2039-05-15,50.92262249,0.00000000,1987405
2026-07-08,760197,2039-08-15,49.97564742,0.00000000,2454996
2026-07-08,760197,2039-11-15,49.06278823,0.00000000,1987405
2026-07-08,760197,2040-02-15,48.16873468,0.00000000,2454996
2026-07-08,760197,2040-05-15,47.30689506,0.00000000,1987405
2026-07-08,760197,2040-08-15,46.42219897,0.00000000,2454996
2026-07-08,760197,2040-11-15,45.58310472,0.00000000,1987405
2026-07-08,760197,2041-02-15,44.77483576,0.00000000,2099129
2026-07-08,760197,2041-05-15,44.02133215,0.00000000,1987405
2026-07-08,760197,2041-08-15,43.20834890,0.00000000,2099129
2026-07-08,760197,2041-11-15,42.40068563,0.00000000,1987405
2026-07-08,760197,2042-02-15,41.65781645,0.00000000,2099129
2026-07-08,760197,2042-05-15,40.97634068,0.00000000,1987405
2026-07-08,760197,2042-08-15,40.22760556,0.00000000,2099129
2026-07-08,760197,2042-11-15,39.48303887,0.00000000,1987405
2026-07-08,760197,2043-02-15,38.81942651,0.00000000,2099129
2026-07-08,760197,2043-05-15,38.15728494,0.00000000,1987405
2026-07-08,760197,2043-08-15,37.46517394,0.00000000,2099129
2026-07-08,760197,2043-11-15,36.81750514,0.00000000,1987405
2026-07-08,760197,2044-02-15,36.18162524,0.00000000,2099129
2026-07-08,760197,2044-05-15,35.56711996,0.00000000,1987405
2026-07-08,760197,2044-08-15,34.93384122,0.00000000,2099129
2026-07-08,760197,2044-11-15,34.32150788,0.00000000,1987405
2026-07-08,760197,2045-02-15,33.70081319,0.00000000,2099129
2026-07-08,760197,2045-05-15,33.15612679,0.00000000,1987405
2026-07-08,760197,2045-08-15,32.55474173,0.00000000,2099129
2026-07-08,760197,2045-11-15,31.98008889,0.00000000,127551
2026-07-08,760197,2046-02-15,31.44033407,0.00000000,2099129
2026-07-08,760197,2046-05-15,30.89912564,0.00000000,127551
2026-07-08,760197,2046-08-15,30.33080985,0.00000000,2099129
2026-07-08,760197,2046-11-15,29.78824965,0.00000000,127551
2026-07-08,760197,2047-02-15,29.26226688,0.00000000,2099129
2026-07-08,760197,2047-05-15,28.76909060,0.00000000,127551
2026-07-08,760197,2047-08-15,28.23408802,0.00000000,2099129
2026-07-08,760197,2047-11-15,27.69981323,0.00000000,127551
2026-07-08,760197,2048-02-15,27.20616654,0.00000000,2099129
2026-07-08,760197,2048-05-15,26.74384736,0.00000000,127551
2026-07-08,760197,2048-08-15,26.24293840,0.00000000,2099129
2026-07-08,760197,2048-11-15,25.77340286,0.00000000,127551
2026-07-08,760197,2049-02-15,25.31194907,0.00000000,2099129
2026-07-08,760197,2049-05-15,24.86584546,0.00000000,127551
2026-07-08,760197,2049-08-15,24.40625369,0.00000000,2099129
2026-07-08,760197,2049-11-15,23.96929500,0.00000000,127551
2026-07-08,760197,2050-02-15,23.51995051,0.00000000,2099129
2026-07-08,760197,2050-05-15,23.11314104,0.00000000,127551
2026-07-08,760197,2050-08-15,22.68765668,0.00000000,2099129
2026-07-08,760197,2050-11-15,22.27700257,0.00000000,127551
2026-07-08,760197,2051-02-15,21.87399298,0.00000000,1370123
2026-07-08,760197,2051-05-15,21.49710538,0.00000000,127551
2026-07-08,760197,2051-08-15,21.09624982,0.00000000,1370123
2026-07-08,760197,2051-11-15,20.71492631,0.00000000,127551
2026-07-08,760197,2052-02-15,20.34639746,0.00000000,1370123
2026-07-08,760197,2052-05-15,19.99596661,0.00000000,127551
2026-07-08,760197,2052-08-15,19.62305332,0.00000000,1370123
2026-07-08,760197,2052-11-15,19.25137077,0.00000000,127551
2026-07-08,760197,2053-02-15,18.90844453,0.00000000,1370123
2026-07-08,760197,2053-05-15,18.59296999,0.00000000,127551
2026-07-08,760197,2053-08-15,18.24538869,0.00000000,1370123
2026-07-08,760197,2053-11-15,17.89875015,0.00000000,127551
2026-07-08,760197,2054-02-15,17.58898353,0.00000000,1370123
2026-07-08,760197,2054-05-15,17.27915557,0.00000000,127551
2026-07-08,760197,2054-08-15,16.95453094,0.00000000,1370123
2026-07-08,760197,2054-11-15,16.65006288,0.00000000,127551
2026-07-08,760197,2055-02-15,16.35051944,0.00000000,1370123
2026-07-08,760197,2055-05-15,16.06049547,0.00000000,127551
2026-07-08,760197,2055-08-15,15.76114859,0.00000000,1370123
2026-07-08,760197,2056-02-15,15.18642371,0.00000000,1370123
2026-07-08,760197,2056-08-15,14.63490909,0.00000000,1370123
2026-07-08,760197,2057-02-15,14.10139154,0.00000000,1370123
2026-07-08,760197,2057-08-15,13.58937903,0.00000000,1370123
2026-07-08,760197,2058-02-15,13.09008560,0.00000000,1370123
2026-07-08,760197,2058-08-15,12.61099778,0.00000000,1370123
2026-07-08,760197,2059-02-15,12.14022572,0.00000000,1370123
2026-07-08,760197,2059-08-15,11.68869326,0.00000000,1370123
2026-07-08,760197,2060-02-15,11.24184698,0.00000000,1370123
2026-07-08,760197,2060-08-15,10.82018252,0.00000000,1370123
2026-07-08,760198,2026-08-15,4684.57976603,0.00000000,2970961
2026-07-08,760198,2027-05-15,4413.68139066,0.00000000,11057
2026-07-08,760198,2028-08-15,3956.04520043,0.00000000,332199
2026-07-08,760198,2029-05-15,3732.88152926,0.00000000,6915771
2026-07-08,760198,2030-08-15,3358.57313497,0.00000000,436993
2026-07-08,760198,2031-05-15,3168.78890845,0.00000000,11486
2026-07-08,760198,2032-08-15,2858.48839314,0.00000000,3355558
2026-07-08,760198,2033-05-15,2703.81441062,0.00000000,78747
2026-07-08,760198,2035-05-15,2314.98377073,0.00000000,8628937
2026-07-08,760198,2037-05-15,1997.97733406,0.00000000,94021
2026-07-08,760198,2040-08-15,1570.27985697,0.00000000,4974062
2026-07-08,760198,2045-05-15,1121.54096929,0.00000000,9232172
2026-07-08,760198,2050-08-15,767.43392328,0.00000000,4946106
2026-07-08,760198,2055-05-15,543.26320353,0.00000000,127551
2026-07-08,760198,2060-08-15,366.00408940,0.00000000,1370123
2026-07-08,760199,2026-08-15,4823.07004450,0.00000000,5035-29-81
2026-07-08,760199,2027-05-15,4680.18935909,0.00000000,3322-23-54
2026-07-08,760199,2028-08-15,4594.60758679,0.00000000,4758-07-85
2026-07-08,760199,2029-05-15,4469.87365471,0.00000000,1709-31-90
2026-07-08,760199,2030-08-15,4421.80333785,0.00000000,4862-25-65
2026-07-08,760199,2031-05-15,4305.86734183,0.00000000,4965990
2026-07-08,760199,2032-08-15,4284.82697455,0.00000000,2352-08-58
2026-07-08,760199,2033-05-15,4185.02569539,0.00000000,1946-61-69
2026-07-08,760199,2035-05-15,4091.63498799,0.00000000,5653-22-05
2026-07-08,760199,2037-05-15,4035.56037257,0.00000000,5389882
2026-07-08,760199,2040-08-15,4028.27887436,0.00000000,3205-97-78
2026-07-08,760199,2045-05-15,3908.62520757,0.00000000,4052-18-83
2026-07-08,760199,2050-08-15,3929.92184383,0.00000000,4765-51-88
2026-07-08,760199,2055-05-15,3828.65600676,0.00000000,3163-84-42
2026-07-08,760199,2060-08-15,3857.50376595,0.00000000,2376-25-44
2026-07-08,770100,2031-01-01,7543.51136848,0.00000000,1104-09-15
2026-07-08,950197,2027-01-01,45.66871557,0.00000000,3827576
2026-07-08,950197,2027-07-01,42.70851898,0.00000000,3827576
2026-07-08,950197,2028-01-01,39.83136002,0.00000000,3827576
2026-07-08,950197,2028-07-01,37.18378538,0.00000000,3827576
2026-07-08,950197,2029-01-01,34.68073288,0.00000000,3827576
2026-07-08,950197,2029-07-01,32.32939686,0.00000000,3394748
2026-07-08,950197,2030-01-01,30.13610593,0.00000000,3394748
2026-07-08,950197,2030-07-01,28.12754194,0.00000000,3394748
2026-07-08,950197,2031-01-01,26.15928074,0.00000000,3394748
2026-07-08,950197,2031-07-01,24.43435351,0.00000000,3224569
2026-07-08,950197,2032-01-01,22.68139680,0.00000000,3224569
2026-07-08,950197,2032-07-01,21.15497561,0.00000000,3224569
2026-07-08,950197,2033-01-01,19.68508176,0.00000000,3224569
2026-07-08,950197,2033-07-01,18.35686823,0.00000000,2845916
2026-07-08,950197,2034-01-01,17.10987301,0.00000000,2845916
2026-07-08,950197,2034-07-01,15.95380235,0.00000000,2845916
2026-07-08,950197,2035-01-01,14.89083394,0.00000000,2845916
2026-07-08,950197,2035-07-01,13.88302793,0.00000000,512002
2026-07-08,950197,2036-01-01,12.96671903,0.00000000,512002
2026-07-08,950197,2036-07-01,12.09529076,0.00000000,512002
2026-07-08,950197,2037-01-01,11.23673768,0.00000000,512002
2026-07-08,950198,2029-01-01,710.54189724,0.00000000,432828
2026-07-08,950198,2031-01-01,535.95363822,0.00000000,170179
2026-07-08,950198,2033-01-01,403.30968179,0.00000000,378653
2026-07-08,950198,2035-01-01,305.08471181,0.00000000,2333914
2026-07-08,950198,2037-01-01,230.21926725,0.00000000,512002
2026-07-08,950199,2027-01-01,981.33336659,0.00000000,120286963
2026-07-08,950199,2029-01-01,910.57525072,0.00000000,122009822
2026-07-08,950199,2031-01-01,852.56676637,0.00000000,213737257
2026-07-08,950199,2033-01-01,807.52669787,0.00000000,9550-59-45
2026-07-08,950199,2035-01-01,775.08462350,0.00000000,116760301
2026-07-08,950199,2037-01-01,749.68721681,0.00000000,4245-67-39
2026-07-09,210100,2026-09-01,19383.46514250,0.00000000,9022070
2026-07-09,210100,2027-03-01,19374.41285625,0.00000000,2916-48-29
2026-07-09,210100,2027-09-01,19365.51695921,0.00000000,2844-97-79
2026-07-09,210100,2028-03-01,19354.02474287,0.00000000,1737-26-42
2026-07-09,210100,2028-09-01,19339.60345653,0.00000000,2035-04-27
2026-07-09,210100,2029-03-01,19323.99414950,0.00000000,1867-76-92
2026-07-09,210100,2029-09-01,19304.87005445,0.00000000,1696-96-86
2026-07-09,210100,2030-03-01,19286.88911331,0.00000000,1399-79-20
2026-07-09,210100,2030-06-01,19277.11704075,0.00000000,1039-95-64
2026-07-09,210100,2030-09-01,19266.01221019,0.00000000,1141-50-59
2026-07-09,210100,2030-12-01,19258.65022545,0.00000000,7564594
2026-07-09,210100,2031-03-01,19248.04418857,0.00000000,1236-34-56
2026-07-09,210100,2031-06-01,19236.75586441,0.00000000,9929924
2026-07-09,210100,2031-09-01,19226.68462991,0.00000000,8482100
2026-07-09,210100,2031-12-01,19206.50659823,0.00000000,6974714
2026-07-09,210100,2032-03-01,19191.40428256,0.00000000,9207515
2026-07-09,210100,2032-06-01,19171.16089989,0.00000000,1560-81-48
2026-07-09,210100,2032-09-01,19154.63716752,0.00000000,0
2026-07-09,100000,2026-10-01,968.01896682,0.00000000,148805647
2026-07-09,100000,2027-01-01,935.99306142,0.00000000,6064688
2026-07-09,100000,2027-04-01,905.60472440,0.00000000,158488914
2026-07-09,100000,2027-07-01,874.82394619,0.00000000,131565853
2026-07-09,100000,2027-10-01,844.27811096,0.00000000,124730702
2026-07-09,100000,2028-01-01,815.61796260,0.00000000,8900-06-46
2026-07-09,100000,2028-04-01,787.59790968,0.00000000,3665-95-42
2026-07-09,100000,2028-07-01,761.19516639,0.00000000,3100-87-38
2026-07-09,100000,2029-01-01,709.86702790,0.00000000,251598039
2026-07-09,100000,2029-07-01,661.62800192,0.00000000,230592458
2026-07-09,100000,2030-01-01,616.75549533,0.00000000,165982930
2026-07-09,100000,2031-01-01,535.52727554,0.00000000,4915623
2026-07-09,100000,2032-01-01,464.29911167,0.00000000,193066654
2026-07-09,760197,2026-08-15,138.52408247,0.00000000,4035531
2026-07-09,760197,2026-11-15,135.37594998,0.00000000,4099883
2026-07-09,760197,2027-02-15,132.96818603,0.00000000,3516083
2026-07-09,760197,2027-05-15,130.50642900,0.00000000,4099883
2026-07-09,760197,2027-08-15,127.72714153,0.00000000,3516083
2026-07-09,760197,2027-11-15,124.97495649,0.00000000,4088826
2026-07-09,760197,2028-02-15,122.06527997,0.00000000,3516083
2026-07-09,760197,2028-05-15,119.48749225,0.00000000,4088826
2026-07-09,760197,2028-08-15,116.86310539,0.00000000,3516083
2026-07-09,760197,2028-11-15,114.58402082,0.00000000,4088826
2026-07-09,760197,2029-02-15,112.51609962,0.00000000,3183884
2026-07-09,760197,2029-05-15,110.37592144,0.00000000,4088826
2026-07-09,760197,2029-08-15,108.01023837,0.00000000,3183884
2026-07-09,760197,2029-11-15,105.72253182,0.00000000,3899766
2026-07-09,760197,2030-02-15,103.50388536,0.00000000,3183884
2026-07-09,760197,2030-05-15,101.45418846,0.00000000,3899766
2026-07-09,760197,2030-08-15,99.30816224,0.00000000,3183884
2026-07-09,760197,2030-11-15,97.26475992,0.00000000,3899766
2026-07-09,760197,2031-02-15,95.41609964,0.00000000,2746015
2026-07-09,760197,2031-05-15,93.69617472,0.00000000,3899766
2026-07-09,760197,2031-08-15,91.75145011,0.00000000,2746015
2026-07-09,760197,2031-11-15,89.78758793,0.00000000,3888280
2026-07-09,760197,2032-02-15,88.03326467,0.00000000,2746015
2026-07-09,760197,2032-05-15,86.24764461,0.00000000,3888280
2026-07-09,760197,2032-08-15,84.52091537,0.00000000,2746015
2026-07-09,760197,2032-11-15,82.95984225,0.00000000,3888280
2026-07-09,760197,2033-02-15,81.39744275,0.00000000,2454996
2026-07-09,760197,2033-05-15,79.94716188,0.00000000,3888280
2026-07-09,760197,2033-08-15,78.38778267,0.00000000,2454996
2026-07-09,760197,2033-11-15,76.88920954,0.00000000,3809533
2026-07-09,760197,2034-02-15,75.37993963,0.00000000,2454996
2026-07-09,760197,2034-05-15,74.06400624,0.00000000,3809533
2026-07-09,760197,2034-08-15,72.62286735,0.00000000,2454996
2026-07-09,760197,2034-11-15,71.25910001,0.00000000,3809533
2026-07-09,760197,2035-02-15,69.98971405,0.00000000,2454996
2026-07-09,760197,2035-05-15,68.72786687,0.00000000,3809533
2026-07-09,760197,2035-08-15,67.41466337,0.00000000,2454996
2026-07-09,760197,2035-11-15,66.17213427,0.00000000,2082182
2026-07-09,760197,2036-02-15,64.97740821,0.00000000,2454996
2026-07-09,760197,2036-05-15,63.86546751,0.00000000,2082182
2026-07-09,760197,2036-08-15,62.66764201,0.00000000,2454996
2026-07-09,760197,2036-11-15,61.47947325,0.00000000,2082182
2026-07-09,760197,2037-02-15,60.38809451,0.00000000,2454996
2026-07-09,760197,2037-05-15,59.37095793,0.00000000,2082182
2026-07-09,760197,2037-08-15,58.26840586,0.00000000,2454996
2026-07-09,760197,2037-11-15,57.22980425,0.00000000,1988161
2026-07-09,760197,2038-02-15,56.20456892,0.00000000,2454996
2026-07-09,760197,2038-05-15,55.20955732,0.00000000,1988161
2026-07-09,760197,2038-08-15,54.18095263,0.00000000,2454996
2026-07-09,760197,2038-11-15,53.20024840,0.00000000,1988161
2026-07-09,760197,2039-02-15,52.18961870,0.00000000,2454996
2026-07-09,760197,2039-05-15,51.27346540,0.00000000,1988161
2026-07-09,760197,2039-08-15,50.31483633,0.00000000,2454996
2026-07-09,760197,2039-11-15,49.39084938,0.00000000,1988161
2026-07-09,760197,2040-02-15,48.48730323,0.00000000,2454996
2026-07-09,760197,2040-05-15,47.61896636,0.00000000,1988161
2026-07-09,760197,2040-08-15,46.73182771,0.00000000,2454996
2026-07-09,760197,2040-11-15,45.89296025,0.00000000,1988161
2026-07-09,760197,2041-02-15,45.08487548,0.00000000,2099129
2026-07-09,760197,2041-05-15,44.33149929,0.00000000,1988161
2026-07-09,760197,2041-08-15,43.51858858,0.00000000,2099129
2026-07-09,760197,2041-11-15,42.71091100,0.00000000,1988161
2026-07-09,760197,2042-02-15,41.96793339,0.00000000,2099129
2026-07-09,760197,2042-05-15,41.28626080,0.00000000,1988161
2026-07-09,760197,2042-08-15,40.53718179,0.00000000,2099129
2026-07-09,760197,2042-11-15,39.79211739,0.00000000,1988161
2026-07-09,760197,2043-02-15,39.12790937,0.00000000,2099129
2026-07-09,760197,2043-05-15,38.46500979,0.00000000,1988161
2026-07-09,760197,2043-08-15,37.77190814,0.00000000,2099129
2026-07-09,760197,2043-11-15,37.12310530,0.00000000,1988161
2026-07-09,760197,2044-02-15,36.48589394,0.00000000,2099129
2026-07-09,760197,2044-05-15,35.86987400,0.00000000,1988161
2026-07-09,760197,2044-08-15,35.23477522,0.00000000,2099129
2026-07-09,760197,2044-11-15,34.62040691,0.00000000,1988161
2026-07-09,760197,2045-02-15,33.99734676,0.00000000,2099129
2026-07-09,760197,2045-05-15,33.45031128,0.00000000,1988161
2026-07-09,760197,2045-08-15,32.84398555,0.00000000,2099129
2026-07-09,760197,2045-11-15,32.26072178,0.00000000,127551
2026-07-09,760197,2046-02-15,31.70971818,0.00000000,2099129
2026-07-09,760197,2046-05-15,31.15446291,0.00000000,127551
2026-07-09,760197,2046-08-15,30.56876847,0.00000000,2099129
2026-07-09,760197,2046-11-15,30.00747045,0.00000000,127551
2026-07-09,760197,2047-02-15,29.46168290,0.00000000,2099129
2026-07-09,760197,2047-05-15,28.94880200,0.00000000,127551
2026-07-09,760197,2047-08-15,28.39156696,0.00000000,2099129
2026-07-09,760197,2047-11-15,27.83463077,0.00000000,127551
2026-07-09,760197,2048-02-15,27.32004707,0.00000000,2099129
2026-07-09,760197,2048-05-15,26.83848381,0.00000000,127551
2026-07-09,760197,2048-08-15,26.31753711,0.00000000,2099129
2026-07-09,760197,2048-11-15,25.83039882,0.00000000,127551
2026-07-09,760197,2049-02-15,25.35317453,0.00000000,2099129
2026-07-09,760197,2049-05-15,24.89367219,0.00000000,127551
2026-07-09,760197,2049-08-15,24.42262200,0.00000000,2099129
2026-07-09,760197,2049-11-15,23.97742215,0.00000000,127551
2026-07-09,760197,2050-02-15,23.52279226,0.00000000,2099129
2026-07-09,760197,2050-05-15,23.11443697,0.00000000,127551
2026-07-09,760197,2050-08-15,22.69112461,0.00000000,2099129
2026-07-09,760197,2050-11-15,22.28571885,0.00000000,127551
2026-07-09,760197,2051-02-15,21.88993142,0.00000000,1370123
2026-07-09,760197,2051-05-15,21.52152371,0.00000000,127551
2026-07-09,760197,2051-08-15,21.13136488,0.00000000,1370123
2026-07-09,760197,2051-11-15,20.76166306,0.00000000,127551
2026-07-09,760197,2052-02-15,20.40554518,0.00000000,1370123
2026-07-09,760197,2052-05-15,20.06783741,0.00000000,127551
2026-07-09,760197,2052-08-15,19.70927199,0.00000000,1370123
2026-07-09,760197,2052-11-15,19.35251978,0.00000000,127551
2026-07-09,760197,2053-02-15,19.02373564,0.00000000,1370123
2026-07-09,760197,2053-05-15,18.72141643,0.00000000,127551
2026-07-09,760197,2053-08-15,18.38829693,0.00000000,1370123
2026-07-09,760197,2053-11-15,18.05582901,0.00000000,127551
2026-07-09,760197,2054-02-15,17.75831647,0.00000000,1370123
2026-07-09,760197,2054-05-15,17.46016802,0.00000000,127551
2026-07-09,760197,2054-08-15,17.14694864,0.00000000,1370123
2026-07-09,760197,2054-11-15,16.85219485,0.00000000,127551
2026-07-09,760197,2055-02-15,16.56107356,0.00000000,1370123
2026-07-09,760197,2055-05-15,16.27793303,0.00000000,127551
2026-07-09,760197,2055-08-15,15.98440499,0.00000000,1370123
2026-07-09,760197,2056-02-15,15.41767901,0.00000000,1370123
2026-07-09,760197,2056-08-15,14.86999663,0.00000000,1370123
2026-07-09,760197,2057-02-15,14.33671707,0.00000000,1370123
2026-07-09,760197,2057-08-15,13.82185474,0.00000000,1370123
2026-07-09,760197,2058-02-15,13.31702658,0.00000000,1370123
2026-07-09,760197,2058-08-15,12.83023060,0.00000000,1370123
2026-07-09,760197,2059-02-15,12.34977457,0.00000000,1370123
2026-07-09,760197,2059-08-15,11.88717685,0.00000000,1370123
2026-07-09,760197,2060-02-15,11.42787217,0.00000000,1370123
2026-07-09,760197,2060-08-15,10.99328280,0.00000000,1370123
2026-07-09,760198,2026-08-15,4685.72323618,0.00000000,2969781
2026-07-09,760198,2027-05-15,4414.51764883,0.00000000,11057
2026-07-09,760198,2028-08-15,3953.01783350,0.00000000,332199
2026-07-09,760198,2029-05-15,3733.58199255,0.00000000,6913540
2026-07-09,760198,2030-08-15,3359.20336049,0.00000000,437869
2026-07-09,760198,2031-05-15,3169.37196192,0.00000000,11486
2026-07-09,760198,2032-08-15,2859.00913425,0.00000000,3398562
2026-07-09,760198,2033-05-15,2704.29709722,0.00000000,78747
2026-07-09,760198,2035-05-15,2324.79260675,0.00000000,8627544
2026-07-09,760198,2037-05-15,2008.28528983,0.00000000,94021
2026-07-09,760198,2040-08-15,1580.75337567,0.00000000,4986173
2026-07-09,760198,2045-05-15,1131.49207011,0.00000000,9230017
2026-07-09,760198,2050-08-15,767.55122978,0.00000000,4955719
2026-07-09,760198,2055-05-15,550.61825855,0.00000000,127551
2026-07-09,760198,2060-08-15,371.85938888,0.00000000,1370123
2026-07-09,760199,2026-08-15,4824.24731906,0.00000000,5035-27-24
2026-07-09,760199,2027-05-15,4681.07611240,0.00000000,3352-51-38
2026-07-09,760199,2028-08-15,4591.39507059,0.00000000,4758-07-85
2026-07-09,760199,2029-05-15,4470.71241222,0.00000000,1699-31-90
2026-07-09,760199,2030-08-15,4422.63307512,0.00000000,4862-16-47
2026-07-09,760199,2031-05-15,4306.65961640,0.00000000,4965990
2026-07-09,760199,2032-08-15,4285.60755689,0.00000000,2352-00-83
2026-07-09,760199,2033-05-15,4185.77280873,0.00000000,1946-61-69
2026-07-09,760199,2035-05-15,4105.06550114,0.00000000,5653-12-80
2026-07-09,760199,2037-05-15,4050.71826541,0.00000000,5392558
2026-07-09,760199,2040-08-15,4045.67763015,0.00000000,3205-97-21
2026-07-09,760199,2045-05-15,3928.50574400,0.00000000,4052-15-50
2026-07-09,760199,2050-08-15,3930.52255401,0.00000000,4764-43-57
2026-07-09,760199,2055-05-15,3851.27249401,0.00000000,3163-83-86
2026-07-09,760199,2060-08-15,3880.65570326,0.00000000,2376-28-23
2026-07-09,770100,2031-01-01,7553.52610066,0.00000000,1104-09-15
2026-07-09,950197,2027-01-01,45.68474494,0.00000000,3857576
2026-07-09,950197,2027-07-01,42.69915077,0.00000000,3857576
2026-07-09,950197,2028-01-01,39.80937479,0.00000000,3857576
2026-07-09,950197,2028-07-01,37.15306070,0.00000000,3857576
2026-07-09,950197,2029-01-01,34.64779328,0.00000000,3857576
2026-07-09,950197,2029-07-01,32.29330190,0.00000000,3424748
2026-07-09,950197,2030-01-01,30.10312646,0.00000000,3424748
2026-07-09,950197,2030-07-01,28.09987238,0.00000000,3424748
2026-07-09,950197,2031-01-01,26.13847046,0.00000000,3424748
2026-07-09,950197,2031-07-01,24.42181620,0.00000000,3254569
2026-07-09,950197,2032-01-01,22.66190570,0.00000000,3254569
2026-07-09,950197,2032-07-01,21.13410421,0.00000000,3254569
2026-07-09,950197,2033-01-01,19.66858643,0.00000000,3254569
2026-07-09,950197,2033-07-01,18.33954217,0.00000000,2875916
2026-07-09,950197,2034-01-01,17.10291430,0.00000000,2875916
2026-07-09,950197,2034-07-01,15.94630470,0.00000000,2875916
2026-07-09,950197,2035-01-01,14.86654255,0.00000000,2875916
2026-07-09,950197,2035-07-01,13.85861676,0.00000000,512002
2026-07-09,950197,2036-01-01,12.94753343,0.00000000,512002
2026-07-09,950197,2036-07-01,12.07612568,0.00000000,512002
2026-07-09,950197,2037-01-01,11.20246546,0.00000000,512002
2026-07-09,950198,2029-01-01,709.86702790,0.00000000,432828
2026-07-09,950198,2031-01-01,535.52727554,0.00000000,170179
2026-07-09,950198,2033-01-01,402.97172398,0.00000000,378653
2026-07-09,950198,2035-01-01,304.58702771,0.00000000,2363914
2026-07-09,950198,2037-01-01,229.51709505,0.00000000,512002
2026-07-09,950199,2027-01-01,981.67780707,0.00000000,119971977
2026-07-09,950199,2029-01-01,909.82165788,0.00000000,121967641
2026-07-09,950199,2031-01-01,851.94640532,0.00000000,213692494
2026-07-09,950199,2033-01-01,806.92910601,0.00000000,9545-91-09
2026-07-09,950199,2035-01-01,774.27396173,0.00000000,116679923
2026-07-09,950199,2037-01-01,748.57505475,0.00000000,4241-46-52
2026-07-10,210100,2026-09-01,19393.45118616,0.00000000,9022070
2026-07-10,210100,2027-03-01,19384.57062773,0.00000000,2916-43-28
2026-07-10,210100,2027-09-01,19375.86765147,0.00000000,2844-97-79
2026-07-10,210100,2028-03-01,19364.36129799,0.00000000,1737-18-02
2026-07-10,210100,2028-09-01,19349.88788861,0.00000000,2035-04-27
2026-07-10,210100,2029-03-01,19334.28790196,0.00000000,1867-70-45
2026-07-10,210100,2029-09-01,19315.11227915,0.00000000,1696-96-86
2026-07-10,210100,2030-03-01,19297.19765556,0.00000000,1399-79-20
2026-07-10,210100,2030-06-01,19287.50266931,0.00000000,1039-95-64
2026-07-10,210100,2030-09-01,19276.24710988,0.00000000,1141-50-59
2026-07-10,210100,2030-12-01,19268.96535154,0.00000000,7564594
2026-07-10,210100,2031-03-01,19258.27282407,0.00000000,1237-10-15
2026-07-10,210100,2031-06-01,19246.98178025,0.00000000,9914924
2026-07-10,210100,2031-09-01,19236.80893334,0.00000000,8482100
2026-07-10,210100,2031-12-01,19216.72739697,0.00000000,6974714
2026-07-10,210100,2032-03-01,19201.62206473,0.00000000,9207515
2026-07-10,210100,2032-06-01,19181.15168809,0.00000000,1560-81-48
2026-07-10,210100,2032-09-01,19164.84782338,0.00000000,1691546
2026-07-10,100000,2026-10-01,968.52785726,0.00000000,148805647
2026-07-10,100000,2027-01-01,936.42258821,0.00000000,6061315
2026-07-10,100000,2027-04-01,905.92856093,0.00000000,159138914
2026-07-10,100000,2027-07-01,875.04380732,0.00000000,131331465
2026-07-10,100000,2027-10-01,844.24383945,0.00000000,124730702
2026-07-10,100000,2028-01-01,815.43523981,0.00000000,8899-78-11
2026-07-10,100000,2028-04-01,787.08331684,0.00000000,3691-07-75
2026-07-10,100000,2028-07-01,760.50599438,0.00000000,3107-35-99
2026-07-10,100000,2029-01-01,708.66605794,0.00000000,251650720
2026-07-10,100000,2029-07-01,660.21503145,0.00000000,230592458
2026-07-10,100000,2030-01-01,615.06908774,0.00000000,165821004
2026-07-10,100000,2031-01-01,533.65740700,0.00000000,4914648
2026-07-10,100000,2032-01-01,462.47696948,0.00000000,193317384
2026-07-10,760197,2026-08-15,138.58340100,0.00000000,4036206
2026-07-10,760197,2026-11-15,135.42705221,0.00000000,4100421
2026-07-10,760197,2027-02-15,133.01334670,0.00000000,3516758
2026-07-10,760197,2027-05-15,130.54846673,0.00000000,4100421
2026-07-10,760197,2027-08-15,127.76822539,0.00000000,3516758
2026-07-10,760197,2027-11-15,125.01546294,0.00000000,4089364
2026-07-10,760197,2028-02-15,122.10527722,0.00000000,3516758
2026-07-10,760197,2028-05-15,119.52691714,0.00000000,4089364
2026-07-10,760197,2028-08-15,116.90159961,0.00000000,3516758
2026-07-10,760197,2028-11-15,114.62136115,0.00000000,4089364
2026-07-10,760197,2029-02-15,112.55236603,0.00000000,3184559
2026-07-10,760197,2029-05-15,110.41127368,0.00000000,4089364
2026-07-10,760197,2029-08-15,108.04344237,0.00000000,3184559
2026-07-10,760197,2029-11-15,105.75221963,0.00000000,3900304
2026-07-10,760197,2030-02-15,103.53063069,0.00000000,3184559
2026-07-10,760197,2030-05-15,101.48067503,0.00000000,3900304
2026-07-10,760197,2030-08-15,99.33996958,0.00000000,3184559
2026-07-10,760197,2030-11-15,97.29915724,0.00000000,3900304
2026-07-10,760197,2031-02-15,95.44647510,0.00000000,2746690
2026-07-10,760197,2031-05-15,93.72584276,0.00000000,3900304
2026-07-10,760197,2031-08-15,91.81211595,0.00000000,2746690
2026-07-10,760197,2031-11-15,89.91728201,0.00000000,3888280
2026-07-10,760197,2032-02-15,88.23421697,0.00000000,2746690
2026-07-10,760197,2032-05-15,86.50460047,0.00000000,3888280
2026-07-10,760197,2032-08-15,84.78387327,0.00000000,2746690
2026-07-10,760197,2032-11-15,83.15105892,0.00000000,3888280
2026-07-10,760197,2033-02-15,81.47829438,0.00000000,2454996
2026-07-10,760197,2033-05-15,79.97203840,0.00000000,3888280
2026-07-10,760197,2033-08-15,78.40785198,0.00000000,2454996
2026-07-10,760197,2033-11-15,76.90973187,0.00000000,3809533
2026-07-10,760197,2034-02-15,75.40436730,0.00000000,2454996
2026-07-10,760197,2034-05-15,74.09312088,0.00000000,3809533
2026-07-10,760197,2034-08-15,72.65648235,0.00000000,2454996
2026-07-10,760197,2034-11-15,71.29411708,0.00000000,3809533
2026-07-10,760197,2035-02-15,70.02123983,0.00000000,2454996
2026-07-10,760197,2035-05-15,68.74887529,0.00000000,3809533
2026-07-10,760197,2035-08-15,67.41327805,0.00000000,2454996
2026-07-10,760197,2035-11-15,66.13825684,0.00000000,2082182
2026-07-10,760197,2036-02-15,64.90407271,0.00000000,2454996
2026-07-10,760197,2036-05-15,63.75037344,0.00000000,2082182
2026-07-10,760197,2036-08-15,62.50495233,0.00000000,2454996
2026-07-10,760197,2036-11-15,61.27030624,0.00000000,2082182
2026-07-10,760197,2037-02-15,60.14034943,0.00000000,2454996
2026-07-10,760197,2037-05-15,59.09406980,0.00000000,2082182
2026-07-10,760197,2037-08-15,57.97228286,0.00000000,2454996
2026-07-10,760197,2037-11-15,56.92869262,0.00000000,1988161
2026-07-10,760197,2038-02-15,55.90987052,0.00000000,2454996
2026-07-10,760197,2038-05-15,54.93067144,0.00000000,1988161
2026-07-10,760197,2038-08-15,53.92698728,0.00000000,2454996
2026-07-10,760197,2038-11-15,52.97675989,0.00000000,1988161
2026-07-10,760197,2039-02-15,52.00279990,0.00000000,2454996
2026-07-10,760197,2039-05-15,51.12300223,0.00000000,1988161
2026-07-10,760197,2039-08-15,50.20388541,0.00000000,2454996
2026-07-10,760197,2039-11-15,49.31760864,0.00000000,1988161
2026-07-10,760197,2040-02-15,48.44865551,0.00000000,2454996
2026-07-10,760197,2040-05-15,47.60944606,0.00000000,1988161
2026-07-10,760197,2040-08-15,46.74559863,0.00000000,2454996
2026-07-10,760197,2040-11-15,45.92489493,0.00000000,1988161
2026-07-10,760197,2041-02-15,45.13419708,0.00000000,2099129
2026-07-10,760197,2041-05-15,44.39666072,0.00000000,1988161
2026-07-10,760197,2041-08-15,43.60011378,0.00000000,2099129
2026-07-10,760197,2041-11-15,42.80757057,0.00000000,1988161
2026-07-10,760197,2042-02-15,42.07715974,0.00000000,2099129
2026-07-10,760197,2042-05-15,41.40555302,0.00000000,1988161
2026-07-10,760197,2042-08-15,40.66553993,0.00000000,2099129
2026-07-10,760197,2042-11-15,39.92698897,0.00000000,1988161
2026-07-10,760197,2043-02-15,39.26609129,0.00000000,2099129
2026-07-10,760197,2043-05-15,38.60376779,0.00000000,1988161
2026-07-10,760197,2043-08-15,37.90792646,0.00000000,2099129
2026-07-10,760197,2043-11-15,37.25304241,0.00000000,1988161
2026-07-10,760197,2044-02-15,36.60613228,0.00000000,2099129
2026-07-10,760197,2044-05-15,35.97682666,0.00000000,1988161
2026-07-10,760197,2044-08-15,35.32357775,0.00000000,2099129
2026-07-10,760197,2044-11-15,34.68692108,0.00000000,1988161
2026-07-10,760197,2045-02-15,34.03605606,0.00000000,2099129
2026-07-10,760197,2045-05-15,33.45992264,0.00000000,1988161
2026-07-10,760197,2045-08-15,32.82261706,0.00000000,2099129
2026-07-10,760197,2045-11-15,32.21640591,0.00000000,127551
2026-07-10,760197,2046-02-15,31.64940903,0.00000000,2099129
2026-07-10,760197,2046-05-15,31.08315396,0.00000000,127551
2026-07-10,760197,2046-08-15,30.49090430,0.00000000,2099129
2026-07-10,760197,2046-11-15,29.92767489,0.00000000,127551
2026-07-10,760197,2047-02-15,29.38360313,0.00000000,2099129
2026-07-10,760197,2047-05-15,28.87513018,0.00000000,127551
2026-07-10,760197,2047-08-15,28.32526140,0.00000000,2099129
2026-07-10,760197,2047-11-15,27.77782885,0.00000000,127551
2026-07-10,760197,2048-02-15,27.27342194,0.00000000,2099129
2026-07-10,760197,2048-05-15,26.80214973,0.00000000,127551
2026-07-10,760197,2048-08-15,26.29266096,0.00000000,2099129
2026-07-10,760197,2048-11-15,25.81603370,0.00000000,127551
2026-07-10,760197,2049-02-15,25.34839700,0.00000000,2099129
2026-07-10,760197,2049-05-15,24.89694989,0.00000000,127551
2026-07-10,760197,2049-08-15,24.43238548,0.00000000,2099129
2026-07-10,760197,2049-11-15,23.99108061,0.00000000,127551
2026-07-10,760197,2050-02-15,23.53752219,0.00000000,2099129
2026-07-10,760197,2050-05-15,23.12699984,0.00000000,127551
2026-07-10,760197,2050-08-15,22.69760278,0.00000000,2099129
2026-07-10,760197,2050-11-15,22.28324509,0.00000000,127551
2026-07-10,760197,2051-02-15,21.87687839,0.00000000,1370123
2026-07-10,760197,2051-05-15,21.49712625,0.00000000,127551
2026-07-10,760197,2051-08-15,21.09354485,0.00000000,1370123
2026-07-10,760197,2051-11-15,20.70996430,0.00000000,127551
2026-07-10,760197,2052-02-15,20.33959358,0.00000000,1370123
2026-07-10,760197,2052-05-15,19.98774666,0.00000000,127551
2026-07-10,760197,2052-08-15,19.61371434,0.00000000,1370123
2026-07-10,760197,2052-11-15,19.24134564,0.00000000,127551
2026-07-10,760197,2053-02-15,18.89819508,0.00000000,1370123
2026-07-10,760197,2053-05-15,18.58288475,0.00000000,127551
2026-07-10,760197,2053-08-15,18.23592279,0.00000000,1370123
2026-07-10,760197,2053-11-15,17.89038939,0.00000000,127551
2026-07-10,760197,2054-02-15,17.58204818,0.00000000,1370123
2026-07-10,760197,2054-05-15,17.27408368,0.00000000,127551
2026-07-10,760197,2054-08-15,16.95190764,0.00000000,1370123
2026-07-10,760197,2054-11-15,16.65022276,0.00000000,127551
2026-07-10,760197,2055-02-15,16.35390142,0.00000000,1370123
2026-07-10,760197,2055-05-15,16.06747717,0.00000000,127551
2026-07-10,760197,2055-08-15,15.77170337,0.00000000,1370123
2026-07-10,760197,2056-02-15,15.20174467,0.00000000,1370123
2026-07-10,760197,2056-08-15,14.65246924,0.00000000,1370123
2026-07-10,760197,2057-02-15,14.11925866,0.00000000,1370123
2026-07-10,760197,2057-08-15,13.60614687,0.00000000,1370123
2026-07-10,760197,2058-02-15,13.10480625,0.00000000,1370123
2026-07-10,760197,2058-08-15,12.62319363,0.00000000,1370123
2026-07-10,760197,2059-02-15,12.14976631,0.00000000,1370123
2026-07-10,760197,2059-08-15,11.69588849,0.00000000,1370123
2026-07-10,760197,2060-02-15,11.24729753,0.00000000,1370123
2026-07-10,760197,2060-08-15,10.82488619,0.00000000,1370123
2026-07-10,760198,2026-08-15,4687.72974826,0.00000000,2967895
2026-07-10,760198,2027-05-15,4415.93961939,0.00000000,11057
2026-07-10,760198,2028-08-15,3954.31994138,0.00000000,332199
2026-07-10,760198,2029-05-15,3734.77781911,0.00000000,6911192
2026-07-10,760198,2030-08-15,3360.27927756,0.00000000,437869
2026-07-10,760198,2031-05-15,3170.37551471,0.00000000,12024
2026-07-10,760198,2032-08-15,2867.90396254,0.00000000,3433420
2026-07-10,760198,2033-05-15,2705.13857157,0.00000000,78747
2026-07-10,760198,2035-05-15,2325.50323879,0.00000000,8625052
2026-07-10,760198,2037-05-15,1998.91925691,0.00000000,94021
2026-07-10,760198,2040-08-15,1581.21919169,0.00000000,4994078
2026-07-10,760198,2045-05-15,1131.81718444,0.00000000,9228468
2026-07-10,760198,2050-08-15,767.77036062,0.00000000,4959794
2026-07-10,760198,2055-05-15,543.49936679,0.00000000,127551
2026-07-10,760198,2060-08-15,366.16319592,0.00000000,1370123
2026-07-10,760199,2026-08-15,4826.31314969,0.00000000,5035-26-79
2026-07-10,760199,2027-05-15,4682.58394473,0.00000000,3304-80-01
2026-07-10,760199,2028-08-15,4592.90745732,0.00000000,4758-07-85
2026-07-10,760199,2029-05-15,4472.14433381,0.00000000,1709-29-87
2026-07-10,760199,2030-08-15,4424.04959741,0.00000000,4862-14-15
2026-07-10,760199,2031-05-15,4308.02328098,0.00000000,5052995
2026-07-10,760199,2032-08-15,4296.78808225,0.00000000,2353-29-22
2026-07-10,760199,2033-05-15,4187.07526196,0.00000000,1954-61-61
2026-07-10,760199,2035-05-15,4106.32031891,0.00000000,5671-66-44
2026-07-10,760199,2037-05-15,4037.46288992,0.00000000,5445661
2026-07-10,760199,2040-08-15,4046.86980944,0.00000000,3207-53-11
2026-07-10,760199,2045-05-15,3929.63453097,0.00000000,4060-55-57
2026-07-10,760199,2050-08-15,3931.64469241,0.00000000,4762-43-38
2026-07-10,760199,2055-05-15,3830.32037104,0.00000000,3149-61-73
2026-07-10,760199,2060-08-15,3859.18067070,0.00000000,2381-76-18
2026-07-10,770100,2031-01-01,7555.91924791,0.00000000,1104-09-15
2026-07-10,950197,2027-01-01,45.70570964,0.00000000,3863020
2026-07-10,950197,2027-07-01,42.70988193,0.00000000,3863020
2026-07-10,950197,2028-01-01,39.80045630,0.00000000,3863020
2026-07-10,950197,2028-07-01,37.11942300,0.00000000,3863020
2026-07-10,950197,2029-01-01,34.58917532,0.00000000,3863020
2026-07-10,950197,2029-07-01,32.22433644,0.00000000,3430192
2026-07-10,950197,2030-01-01,30.02081484,0.00000000,3430192
2026-07-10,950197,2030-07-01,28.01479537,0.00000000,3430192
2026-07-10,950197,2031-01-01,26.04720433,0.00000000,3430192
2026-07-10,950197,2031-07-01,24.31539293,0.00000000,3260013
2026-07-10,950197,2032-01-01,22.57296903,0.00000000,3260013
2026-07-10,950197,2032-07-01,21.04264507,0.00000000,3260013
2026-07-10,950197,2033-01-01,19.58076166,0.00000000,3260013
2026-07-10,950197,2033-07-01,18.25065563,0.00000000,2875916
2026-07-10,950197,2034-01-01,17.00231000,0.00000000,2875916
2026-07-10,950197,2034-07-01,15.84575428,0.00000000,2875916
2026-07-10,950197,2035-01-01,14.78812986,0.00000000,2875916
2026-07-10,950197,2035-07-01,13.78082787,0.00000000,512002
2026-07-10,950197,2036-01-01,12.88619103,0.00000000,512002
2026-07-10,950197,2036-07-01,12.01561616,0.00000000,512002
2026-07-10,950197,2037-01-01,11.12801355,0.00000000,512002
2026-07-10,950198,2029-01-01,708.66605794,0.00000000,432828
2026-07-10,950198,2031-01-01,533.65740700,0.00000000,170179
2026-07-10,950198,2033-01-01,401.17236230,0.00000000,384097
2026-07-10,950198,2035-01-01,302.98050177,0.00000000,2363914
2026-07-10,950198,2037-01-01,227.99171777,0.00000000,512002
2026-07-10,950199,2027-01-01,982.12829857,0.00000000,119629049
2026-07-10,950199,2029-01-01,908.55088126,0.00000000,122010922
2026-07-10,950199,2031-01-01,849.67903856,0.00000000,213738484
2026-07-10,950199,2033-01-01,804.36023566,0.00000000,9490-03-51
2026-07-10,950199,2035-01-01,771.53478204,0.00000000,116728975
2026-07-10,950199,2037-01-01,745.64931567,0.00000000,4378-90-08
2026-07-13,210100,2026-09-01,19403.51734279,0.00000000,9022070
2026-07-13,210100,2027-03-01,19394.78340118,0.00000000,2916-39-26
2026-07-13,210100,2027-09-01,19386.02457320,0.00000000,2844-97-79
2026-07-13,210100,2028-03-01,19374.57663961,0.00000000,1737-10-84
2026-07-13,210100,2028-09-01,19360.09490865,0.00000000,2035-04-27
2026-07-13,210100,2029-03-01,19344.53645811,0.00000000,1867-64-96
2026-07-13,210100,2029-09-01,19325.29958816,0.00000000,1696-96-86
2026-07-13,210100,2030-03-01,19307.51155513,0.00000000,1399-79-20
2026-07-13,210100,2030-06-01,19297.74493344,0.00000000,1039-95-64
2026-07-13,210100,2030-09-01,19286.40827697,0.00000000,1141-35-59
2026-07-13,210100,2030-12-01,19279.20189698,0.00000000,7563094
2026-07-13,210100,2031-03-01,19268.50689570,0.00000000,1237-71-53
2026-07-13,210100,2031-06-01,19257.02666403,0.00000000,9904924
2026-07-13,210100,2031-09-01,19246.93872110,0.00000000,8482100
2026-07-13,210100,2031-12-01,19226.85081141,0.00000000,6974714
2026-07-13,210100,2032-03-01,19211.63053138,0.00000000,9207515
2026-07-13,210100,2032-06-01,19191.03594804,0.00000000,1560-81-48
2026-07-13,210100,2032-09-01,19175.18087541,0.00000000,1691546
2026-07-13,100000,2026-10-01,969.08035216,0.00000000,148805647
2026-07-13,100000,2027-01-01,937.12604816,0.00000000,6059441
2026-07-13,100000,2027-04-01,906.90357988,0.00000000,158961571
2026-07-13,100000,2027-07-01,876.33312488,0.00000000,131331465
2026-07-13,100000,2027-10-01,845.87786504,0.00000000,124730702
2026-07-13,100000,2028-01-01,817.40274353,0.00000000,8899-51-84
2026-07-13,100000,2028-04-01,789.35101049,0.00000000,3691-07-75
2026-07-13,100000,2028-07-01,762.81639753,0.00000000,3107-35-99
2026-07-13,100000,2028-10-01,735.64380206,0.00000000,0
2026-07-13,100000,2029-01-01,711.26149934,0.00000000,251701040
2026-07-13,100000,2029-07-01,662.70479093,0.00000000,230592458
2026-07-13,100000,2030-01-01,617.53676114,0.00000000,165821004
2026-07-13,100000,2031-01-01,535.71336307,0.00000000,4913917
2026-07-13,100000,2032-01-01,464.27250140,0.00000000,193371324
2026-07-13,760197,2026-08-15,138.63969993,0.00000000,4036206
2026-07-13,760197,2026-11-15,135.46514395,0.00000000,4100421
2026-07-13,760197,2027-02-15,133.08667875,0.00000000,3516758
2026-07-13,760197,2027-05-15,130.66195536,0.00000000,4100421
2026-07-13,760197,2027-08-15,127.90295500,0.00000000,3516758
2026-07-13,760197,2027-11-15,125.18212758,0.00000000,4089364
2026-07-13,760197,2028-02-15,122.31388626,0.00000000,3516758
2026-07-13,760197,2028-05-15,119.77465112,0.00000000,4089364
2026-07-13,760197,2028-08-15,117.18317758,0.00000000,3516758
2026-07-13,760197,2028-11-15,114.92431907,0.00000000,4089364
2026-07-13,760197,2029-02-15,112.87299636,0.00000000,3184559
2026-07-13,760197,2029-05-15,110.75099803,0.00000000,4089364
2026-07-13,760197,2029-08-15,108.40535472,0.00000000,3184559
2026-07-13,760197,2029-11-15,106.13414597,0.00000000,3900304
2026-07-13,760197,2030-02-15,103.92960408,0.00000000,3184559
2026-07-13,760197,2030-05-15,101.89223375,0.00000000,3900304
2026-07-13,760197,2030-08-15,99.75981317,0.00000000,3184559
2026-07-13,760197,2030-11-15,97.73051388,0.00000000,3900304
2026-07-13,760197,2031-02-15,95.89456627,0.00000000,2746690
2026-07-13,760197,2031-05-15,94.18587172,0.00000000,3900304
2026-07-13,760197,2031-08-15,92.25431970,0.00000000,2746690
2026-07-13,760197,2031-11-15,90.30457887,0.00000000,3888280
2026-07-13,760197,2032-02-15,88.56183793,0.00000000,2746690
2026-07-13,760197,2032-05-15,86.78498454,0.00000000,3888280
2026-07-13,760197,2032-08-15,85.06125730,0.00000000,2746690
2026-07-13,760197,2032-11-15,83.51133933,0.00000000,3888280
2026-07-13,760197,2033-02-15,81.96735325,0.00000000,2454996
2026-07-13,760197,2033-05-15,80.51311088,0.00000000,3888280
2026-07-13,760197,2033-08-15,78.92819004,0.00000000,2454996
2026-07-13,760197,2033-11-15,77.40301375,0.00000000,3809533
2026-07-13,760197,2034-02-15,75.86488731,0.00000000,2454996
2026-07-13,760197,2034-05-15,74.52208401,0.00000000,3809533
2026-07-13,760197,2034-08-15,73.04966979,0.00000000,2454996
2026-07-13,760197,2034-11-15,71.65450590,0.00000000,3809533
2026-07-13,760197,2035-02-15,70.35430523,0.00000000,2454996
2026-07-13,760197,2035-05-15,69.06028938,0.00000000,3809533
2026-07-13,760197,2035-08-15,67.71165989,0.00000000,2454996
2026-07-13,760197,2035-11-15,66.43363172,0.00000000,2082182
2026-07-13,760197,2036-02-15,65.20316171,0.00000000,2454996
2026-07-13,760197,2036-05-15,64.05674287,0.00000000,2082182
2026-07-13,760197,2036-08-15,62.82073421,0.00000000,2454996
2026-07-13,760197,2036-11-15,61.59394104,0.00000000,2082182
2026-07-13,760197,2037-02-15,60.46675019,0.00000000,2454996
2026-07-13,760197,2037-05-15,59.41625340,0.00000000,2082182
2026-07-13,760197,2037-08-15,58.28254583,0.00000000,2454996
2026-07-13,760197,2037-11-15,57.22309271,0.00000000,1988161
2026-07-13,760197,2038-02-15,56.18467508,0.00000000,2454996
2026-07-13,760197,2038-05-15,55.18319481,0.00000000,1988161
2026-07-13,760197,2038-08-15,54.15363877,0.00000000,2454996
2026-07-13,760197,2038-11-15,53.17661245,0.00000000,1988161
2026-07-13,760197,2039-02-15,52.17348898,0.00000000,2454996
2026-07-13,760197,2039-05-15,51.26648888,0.00000000,1988161
2026-07-13,760197,2039-08-15,50.31879750,0.00000000,2454996
2026-07-13,760197,2039-11-15,49.40557812,0.00000000,1988161
2026-07-13,760197,2040-02-15,48.51160507,0.00000000,2454996
2026-07-13,760197,2040-05-15,47.65036938,0.00000000,1988161
2026-07-13,760197,2040-08-15,46.76696606,0.00000000,2454996
2026-07-13,760197,2040-11-15,45.93062401,0.00000000,1988161
2026-07-13,760197,2041-02-15,45.12700262,0.00000000,2099129
2026-07-13,760197,2041-05-15,44.37932055,0.00000000,1988161
2026-07-13,760197,2041-08-15,43.57388701,0.00000000,2099129
2026-07-13,760197,2041-11-15,42.77462264,0.00000000,1988161
2026-07-13,760197,2042-02-15,42.03986406,0.00000000,2099129
2026-07-13,760197,2042-05-15,41.36578850,0.00000000,1988161
2026-07-13,760197,2042-08-15,40.62469930,0.00000000,2099129
2026-07-13,760197,2042-11-15,39.88672192,0.00000000,1988161
2026-07-13,760197,2043-02-15,39.22765830,0.00000000,2099129
2026-07-13,760197,2043-05-15,38.56834218,0.00000000,1988161
2026-07-13,760197,2043-08-15,37.87681960,0.00000000,2099129
2026-07-13,760197,2043-11-15,37.22697625,0.00000000,1988161
2026-07-13,760197,2044-02-15,36.58585909,0.00000000,2099129
2026-07-13,760197,2044-05-15,35.96284662,0.00000000,1988161
2026-07-13,760197,2044-08-15,35.31668228,0.00000000,2099129
2026-07-13,760197,2044-11-15,34.68733039,0.00000000,1988161
2026-07-13,760197,2045-02-15,34.04418697,0.00000000,2099129
2026-07-13,760197,2045-05-15,33.47497130,0.00000000,1988161
2026-07-13,760197,2045-08-15,32.84456356,0.00000000,2099129
2026-07-13,760197,2045-11-15,32.24355449,0.00000000,127551
2026-07-13,760197,2046-02-15,31.68027406,0.00000000,2099129
2026-07-13,760197,2046-05-15,31.11667564,0.00000000,127551
2026-07-13,760197,2046-08-15,30.52614133,0.00000000,2099129
2026-07-13,760197,2046-11-15,29.96360381,0.00000000,127551
2026-07-13,760197,2047-02-15,29.41940165,0.00000000,2099129
2026-07-13,760197,2047-05-15,28.91016399,0.00000000,127551
2026-07-13,760197,2047-08-15,28.35884902,0.00000000,2099129
2026-07-13,760197,2047-11-15,27.80942883,0.00000000,127551
2026-07-13,760197,2048-02-15,27.30279524,0.00000000,2099129
2026-07-13,760197,2048-05-15,26.82918031,0.00000000,127551
2026-07-13,760197,2048-08-15,26.31696698,0.00000000,2099129
2026-07-13,760197,2048-11-15,25.83770433,0.00000000,127551
2026-07-13,760197,2049-02-15,25.36749651,0.00000000,2099129
2026-07-13,760197,2049-05-15,24.91367517,0.00000000,127551
2026-07-13,760197,2049-08-15,24.44688229,0.00000000,2099129
2026-07-13,760197,2049-11-15,24.00376646,0.00000000,127551
2026-07-13,760197,2050-02-15,23.54877245,0.00000000,2099129
2026-07-13,760197,2050-05-15,23.13742753,0.00000000,127551
2026-07-13,760197,2050-08-15,22.70776932,0.00000000,2099129
2026-07-13,760197,2050-11-15,22.29344073,0.00000000,127551
2026-07-13,760197,2051-02-15,21.88700495,0.00000000,1370123
2026-07-13,760197,2051-05-15,21.50710986,0.00000000,127551
2026-07-13,760197,2051-08-15,21.10330390,0.00000000,1370123
2026-07-13,760197,2051-11-15,20.71945125,0.00000000,127551
2026-07-13,760197,2052-02-15,20.34877432,0.00000000,1370123
2026-07-13,760197,2052-05-15,19.99660716,0.00000000,127551
2026-07-13,760197,2052-08-15,19.62221484,0.00000000,1370123
2026-07-13,760197,2052-11-15,19.24948085,0.00000000,127551
2026-07-13,760197,2053-02-15,18.90600005,0.00000000,1370123
2026-07-13,760197,2053-05-15,18.59040248,0.00000000,127551
2026-07-13,760197,2053-08-15,18.24315490,0.00000000,1370123
2026-07-13,760197,2053-11-15,17.89738287,0.00000000,127551
2026-07-13,760197,2054-02-15,17.58887994,0.00000000,1370123
2026-07-13,760197,2054-05-15,17.28081441,0.00000000,127551
2026-07-13,760197,2054-08-15,16.95861100,0.00000000,1370123
2026-07-13,760197,2054-11-15,16.65698651,0.00000000,127551
2026-07-13,760197,2055-02-15,16.36081874,0.00000000,1370123
2026-07-13,760197,2055-05-15,16.07464442,0.00000000,127551
2026-07-13,760197,2055-08-15,15.77987864,0.00000000,1370123
2026-07-13,760197,2056-02-15,15.21564058,0.00000000,1370123
2026-07-13,760197,2056-08-15,14.67629016,0.00000000,1370123
2026-07-13,760197,2057-02-15,14.15650229,0.00000000,1370123
2026-07-13,760197,2057-08-15,13.65947811,0.00000000,1370123
2026-07-13,760197,2058-02-15,13.17650064,0.00000000,1370123
2026-07-13,760197,2058-08-15,12.71463146,0.00000000,1370123
2026-07-13,760197,2059-02-15,12.26224916,0.00000000,1370123
2026-07-13,760197,2059-08-15,11.82969775,0.00000000,1370123
2026-07-13,760197,2060-02-15,11.40289781,0.00000000,1370123
2026-07-13,760197,2060-08-15,11.00126579,0.00000000,1370123
2026-07-13,760198,2026-08-15,4689.63411883,0.00000000,2967081
2026-07-13,760198,2027-05-15,4419.77849207,0.00000000,11057
2026-07-13,760198,2028-08-15,3963.84461305,0.00000000,332199
2026-07-13,760198,2029-05-15,3746.26935387,0.00000000,6909448
2026-07-13,760198,2030-08-15,3374.48092970,0.00000000,437869
2026-07-13,760198,2031-05-15,3185.93647959,0.00000000,12024
2026-07-13,760198,2032-08-15,2877.28677030,0.00000000,3463295
2026-07-13,760198,2033-05-15,2723.44091915,0.00000000,78747
2026-07-13,760198,2035-05-15,2336.03714867,0.00000000,8623857
2026-07-13,760198,2037-05-15,2009.81745693,0.00000000,94021
2026-07-13,760198,2040-08-15,1581.94196735,0.00000000,5000941
2026-07-13,760198,2045-05-15,1132.32622112,0.00000000,9226870
2026-07-13,760198,2050-08-15,768.11425450,0.00000000,4965810
2026-07-13,760198,2055-05-15,543.74180681,0.00000000,127551
2026-07-13,760198,2060-08-15,372.12942184,0.00000000,1370123
2026-07-13,760199,2026-08-15,4828.27381918,0.00000000,5035-24-22
2026-07-13,760199,2027-05-15,4686.62408762,0.00000000,3271-39-83
2026-07-13,760199,2028-08-15,4603.36166557,0.00000000,4779-70-23
2026-07-13,760199,2029-05-15,4485.02614462,0.00000000,1709-29-87
2026-07-13,760199,2030-08-15,4440.66952115,0.00000000,4862-12-32
2026-07-13,760199,2031-05-15,4326.65338242,0.00000000,5052995
2026-07-13,760199,2032-08-15,4308.68928346,0.00000000,2353-26-67
2026-07-13,760199,2033-05-15,4210.51803234,0.00000000,1954-61-61
2026-07-13,760199,2035-05-15,4121.00502465,0.00000000,5671-62-18
2026-07-13,760199,2037-05-15,4053.80865166,0.00000000,5458788
2026-07-13,760199,2040-08-15,4048.71963456,0.00000000,3207-52-57
2026-07-13,760199,2045-05-15,3931.40189070,0.00000000,4060-59-17
2026-07-13,760199,2050-08-15,3933.40572492,0.00000000,4763-43-99
2026-07-13,760199,2055-05-15,3832.02897093,0.00000000,3143-58-00
2026-07-13,760199,2060-08-15,3883.47371718,0.00000000,2381-83-32
2026-07-13,770100,2031-01-01,7563.38891839,0.00000000,1104-09-15
2026-07-13,950197,2027-01-01,45.74004472,0.00000000,3883020
2026-07-13,950197,2027-07-01,42.77281204,0.00000000,3883020
2026-07-13,950197,2028-01-01,39.89648790,0.00000000,3883020
2026-07-13,950197,2028-07-01,37.23219112,0.00000000,3883020
2026-07-13,950197,2029-01-01,34.71585583,0.00000000,3883020
2026-07-13,950197,2029-07-01,32.34585873,0.00000000,3450192
2026-07-13,950197,2030-01-01,30.14125914,0.00000000,3450192
2026-07-13,950197,2030-07-01,28.12169206,0.00000000,3450192
2026-07-13,950197,2031-01-01,26.14755318,0.00000000,3450192
2026-07-13,950197,2031-07-01,24.40735226,0.00000000,3280013
2026-07-13,950197,2032-01-01,22.66060688,0.00000000,3280013
2026-07-13,950197,2032-07-01,21.13066884,0.00000000,3280013
2026-07-13,950197,2033-01-01,19.65224432,0.00000000,3280013
2026-07-13,950197,2033-07-01,18.32159459,0.00000000,2895916
2026-07-13,950197,2034-01-01,17.06148383,0.00000000,2895916
2026-07-13,950197,2034-07-01,15.90396685,0.00000000,2895916
2026-07-13,950197,2035-01-01,14.83446042,0.00000000,2895916
2026-07-13,950197,2035-07-01,13.82607613,0.00000000,532002
2026-07-13,950197,2036-01-01,12.89878566,0.00000000,532002
2026-07-13,950197,2036-07-01,12.02762312,0.00000000,532002
2026-07-13,950197,2037-01-01,11.15955961,0.00000000,532002
2026-07-13,950198,2029-01-01,711.26149934,0.00000000,432828
2026-07-13,950198,2031-01-01,535.71336307,0.00000000,170179
2026-07-13,950198,2033-01-01,402.63690545,0.00000000,384097
2026-07-13,950198,2035-01-01,303.92972631,0.00000000,2363914
2026-07-13,950198,2037-01-01,228.63803623,0.00000000,532002
2026-07-13,950199,2027-01-01,982.86609350,0.00000000,119629023
2026-07-13,950199,2029-01-01,911.57941343,0.00000000,122010907
2026-07-13,950199,2031-01-01,852.61489741,0.00000000,213738150
2026-07-13,950199,2033-01-01,807.03749240,0.00000000,9522-13-89
2026-07-13,950199,2035-01-01,773.92110778,0.00000000,116727491
2026-07-13,950199,2037-01-01,747.82142006,0.00000000,4420-65-11
2026-07-14,210100,2026-09-01,19413.63923686,0.00000000,9022070
2026-07-14,210100,2027-03-01,19404.97785846,0.00000000,2916-34-49
2026-07-14,210100,2027-09-01,19396.18743451,0.00000000,2844-97-79
2026-07-14,210100,2028-03-01,19384.79752361,0.00000000,1737-03-02
2026-07-14,210100,2028-09-01,19370.22484853,0.00000000,2035-04-27
2026-07-14,210100,2029-03-01,19354.79044644,0.00000000,1867-58-71
2026-07-14,210100,2029-09-01,19334.88938301,0.00000000,1696-96-86
2026-07-14,210100,2030-03-01,19317.76122927,0.00000000,1399-79-20
2026-07-14,210100,2030-06-01,19307.91834649,0.00000000,1039-95-64
2026-07-14,210100,2030-09-01,19296.57495307,0.00000000,1141-35-59
2026-07-14,210100,2030-12-01,19289.35995916,0.00000000,7563094
2026-07-14,210100,2031-03-01,19278.56934500,0.00000000,1237-10-48
2026-07-14,210100,2031-06-01,19267.17030172,0.00000000,9904924
2026-07-14,210100,2031-09-01,19257.07399545,0.00000000,8482100
2026-07-14,210100,2031-12-01,19236.97971113,0.00000000,6974714
2026-07-14,210100,2032-03-01,19221.64451946,0.00000000,9207515
2026-07-14,210100,2032-06-01,19201.26182434,0.00000000,1557-74-46
2026-07-14,210100,2032-09-01,19186.45489568,0.00000000,1691546
2026-07-14,100000,2026-10-01,969.67815415,0.00000000,148060986
2026-07-14,100000,2027-01-01,938.00087854,0.00000000,6057187
2026-07-14,100000,2027-04-01,908.09986232,0.00000000,160391571
2026-07-14,100000,2027-07-01,877.94961472,0.00000000,130802175
2026-07-14,100000,2027-10-01,847.95965552,0.00000000,124730702
2026-07-14,100000,2028-01-01,819.99934321,0.00000000,8862-06-60
2026-07-14,100000,2028-04-01,792.39154290,0.00000000,3652-69-83
2026-07-14,100000,2028-07-01,766.24193437,0.00000000,3107-35-99
2026-07-14,100000,2028-10-01,739.32379442,0.00000000,4000000
2026-07-14,100000,2029-01-01,715.16071835,0.00000000,251758970
2026-07-14,100000,2029-07-01,666.82329538,0.00000000,230592458
2026-07-14,100000,2030-01-01,621.68524299,0.00000000,168821004
2026-07-14,100000,2031-01-01,539.85695383,0.00000000,4912748
2026-07-14,100000,2032-01-01,468.17277823,0.00000000,193393704
2026-07-14,760197,2026-08-15,138.71444669,0.00000000,4037284
2026-07-14,760197,2026-11-15,135.55472600,0.00000000,4106721
2026-07-14,760197,2027-02-15,133.17320855,0.00000000,3517836
2026-07-14,760197,2027-05-15,130.75005163,0.00000000,4106721
2026-07-14,760197,2027-08-15,128.01194419,0.00000000,3517836
2026-07-14,760197,2027-11-15,125.32367888,0.00000000,4095664
2026-07-14,760197,2028-02-15,122.49882145,0.00000000,3517836
2026-07-14,760197,2028-05-15,119.99997113,0.00000000,4095664
2026-07-14,760197,2028-08-15,117.44229579,0.00000000,3517836
2026-07-14,760197,2028-11-15,115.20436874,0.00000000,4095664
2026-07-14,760197,2029-02-15,113.17158400,0.00000000,3185637
2026-07-14,760197,2029-05-15,111.06995279,0.00000000,4095664
2026-07-14,760197,2029-08-15,108.74611997,0.00000000,3185637
2026-07-14,760197,2029-11-15,106.49278074,0.00000000,3906604
2026-07-14,760197,2030-02-15,104.30348090,0.00000000,3185637
2026-07-14,760197,2030-05-15,102.27945507,0.00000000,3906604
2026-07-14,760197,2030-08-15,100.16186422,0.00000000,3185637
2026-07-14,760197,2030-11-15,98.15347466,0.00000000,3906604
2026-07-14,760197,2031-02-15,96.33632358,0.00000000,2747768
2026-07-14,760197,2031-05-15,94.62973155,0.00000000,3906604
2026-07-14,760197,2031-08-15,92.69961076,0.00000000,2747768
2026-07-14,760197,2031-11-15,90.77016012,0.00000000,3894580
2026-07-14,760197,2032-02-15,89.05093277,0.00000000,2747768
2026-07-14,760197,2032-05-15,87.29098858,0.00000000,3894580
2026-07-14,760197,2032-08-15,85.56154270,0.00000000,2747768
2026-07-14,760197,2032-11-15,83.94440147,0.00000000,3894580
2026-07-14,760197,2033-02-15,82.29209045,0.00000000,2454996
2026-07-14,760197,2033-05-15,80.78840713,0.00000000,3894580
2026-07-14,760197,2033-08-15,79.20726536,0.00000000,2454996
2026-07-14,760197,2033-11-15,77.68559022,0.00000000,3815833
2026-07-14,760197,2034-02-15,76.15086063,0.00000000,2454996
2026-07-14,760197,2034-05-15,74.81091346,0.00000000,3815833
2026-07-14,760197,2034-08-15,73.34151494,0.00000000,2454996
2026-07-14,760197,2034-11-15,71.94909778,0.00000000,3815833
2026-07-14,760197,2035-02-15,70.65136132,0.00000000,2454996
2026-07-14,760197,2035-05-15,69.35970809,0.00000000,3815833
2026-07-14,760197,2035-08-15,68.01335865,0.00000000,2454996
2026-07-14,760197,2035-11-15,66.73726271,0.00000000,2082182
2026-07-14,760197,2036-02-15,65.50847914,0.00000000,2454996
2026-07-14,760197,2036-05-15,64.36351443,0.00000000,2082182
2026-07-14,760197,2036-08-15,63.12899303,0.00000000,2454996
2026-07-14,760197,2036-11-15,61.90364867,0.00000000,2082182
2026-07-14,760197,2037-02-15,60.77782089,0.00000000,2454996
2026-07-14,760197,2037-05-15,59.72867438,0.00000000,2082182
2026-07-14,760197,2037-08-15,58.60106720,0.00000000,2454996
2026-07-14,760197,2037-11-15,57.55513896,0.00000000,1988161
2026-07-14,760197,2038-02-15,56.53657326,0.00000000,2454996
2026-07-14,760197,2038-05-15,55.55962379,0.00000000,1988161
2026-07-14,760197,2038-08-15,54.55983875,0.00000000,2454996
2026-07-14,760197,2038-11-15,53.61430224,0.00000000,1988161
2026-07-14,760197,2039-02-15,52.64557838,0.00000000,2454996
2026-07-14,760197,2039-05-15,51.77031949,0.00000000,1988161
2026-07-14,760197,2039-08-15,50.85510131,0.00000000,2454996
2026-07-14,760197,2039-11-15,49.97107768,0.00000000,1988161
2026-07-14,760197,2040-02-15,49.10216384,0.00000000,2454996
2026-07-14,760197,2040-05-15,48.26021137,0.00000000,1988161
2026-07-14,760197,2040-08-15,47.38985991,0.00000000,2454996
2026-07-14,760197,2040-11-15,46.55914409,0.00000000,1988161
2026-07-14,760197,2041-02-15,45.75555468,0.00000000,2099129
2026-07-14,760197,2041-05-15,45.00330603,0.00000000,1988161
2026-07-14,760197,2041-08-15,44.18819832,0.00000000,2099129
2026-07-14,760197,2041-11-15,43.37473447,0.00000000,1988161
2026-07-14,760197,2042-02-15,42.62318673,0.00000000,2099129
2026-07-14,760197,2042-05-15,41.93086007,0.00000000,1988161
2026-07-14,760197,2042-08-15,41.16694353,0.00000000,2099129
2026-07-14,760197,2042-11-15,40.40382810,0.00000000,1988161
2026-07-14,760197,2043-02-15,39.72073327,0.00000000,2099129
2026-07-14,760197,2043-05-15,39.03634358,0.00000000,1988161
2026-07-14,760197,2043-08-15,38.31794832,0.00000000,2099129
2026-07-14,760197,2043-11-15,37.64285982,0.00000000,1988161
2026-07-14,760197,2044-02-15,36.97739549,0.00000000,2099129
2026-07-14,760197,2044-05-15,36.33179413,0.00000000,1988161
2026-07-14,760197,2044-08-15,35.66390395,0.00000000,2099129
2026-07-14,760197,2044-11-15,35.01564978,0.00000000,1988161
2026-07-14,760197,2045-02-15,34.35611524,0.00000000,2099129
2026-07-14,760197,2045-05-15,33.77536769,0.00000000,1988161
2026-07-14,760197,2045-08-15,33.13476844,0.00000000,2099129
2026-07-14,760197,2045-11-15,32.52559355,0.00000000,127551
2026-07-14,760197,2046-02-15,31.95596355,0.00000000,2099129
2026-07-14,760197,2046-05-15,31.38720186,0.00000000,127551
2026-07-14,760197,2046-08-15,30.79244904,0.00000000,2099129
2026-07-14,760197,2046-11-15,30.22693780,0.00000000,127551
2026-07-14,760197,2047-02-15,29.68073916,0.00000000,2099129
2026-07-14,760197,2047-05-15,29.17033410,0.00000000,127551
2026-07-14,760197,2047-08-15,28.61842085,0.00000000,2099129
2026-07-14,760197,2047-11-15,28.06898155,0.00000000,127551
2026-07-14,760197,2048-02-15,27.56273384,0.00000000,2099129
2026-07-14,760197,2048-05-15,27.08973342,0.00000000,127551
2026-07-14,760197,2048-08-15,26.57834940,0.00000000,2099129
2026-07-14,760197,2048-11-15,26.09990588,0.00000000,127551
2026-07-14,760197,2049-02-15,25.63042823,0.00000000,2099129
2026-07-14,760197,2049-05-15,25.17713059,0.00000000,127551
2026-07-14,760197,2049-08-15,24.71056691,0.00000000,2099129
2026-07-14,760197,2049-11-15,24.26725390,0.00000000,127551
2026-07-14,760197,2050-02-15,23.81149915,0.00000000,2099129
2026-07-14,760197,2050-05-15,23.39885334,0.00000000,127551
2026-07-14,760197,2050-08-15,22.96707579,0.00000000,2099129
2026-07-14,760197,2050-11-15,22.55032270,0.00000000,127551
2026-07-14,760197,2051-02-15,22.14158155,0.00000000,1370123
2026-07-14,760197,2051-05-15,21.75958610,0.00000000,127551
2026-07-14,760197,2051-08-15,21.35359274,0.00000000,1370123
2026-07-14,760197,2051-11-15,20.96769106,0.00000000,127551
2026-07-14,760197,2052-02-15,20.59505054,0.00000000,1370123
2026-07-14,760197,2052-05-15,20.24101936,0.00000000,127551
2026-07-14,760197,2052-08-15,19.86463295,0.00000000,1370123
2026-07-14,760197,2052-11-15,19.48988533,0.00000000,127551
2026-07-14,760197,2053-02-15,19.14450901,0.00000000,1370123
2026-07-14,760197,2053-05-15,18.82712322,0.00000000,127551
2026-07-14,760197,2053-08-15,18.47784164,0.00000000,1370123
2026-07-14,760197,2053-11-15,18.12995835,0.00000000,127551
2026-07-14,760197,2054-02-15,17.81948434,0.00000000,1370123
2026-07-14,760197,2054-05-15,17.50935372,0.00000000,127551
2026-07-14,760197,2054-08-15,17.18487073,0.00000000,1370123
2026-07-14,760197,2054-11-15,16.88098536,0.00000000,127551
2026-07-14,760197,2055-02-15,16.58246240,0.00000000,1370123
2026-07-14,760197,2055-05-15,16.29386987,0.00000000,127551
2026-07-14,760197,2055-08-15,15.99581414,0.00000000,1370123
2026-07-14,760197,2056-02-15,15.42133462,0.00000000,1370123
2026-07-14,760197,2056-08-15,14.86754640,0.00000000,1370123
2026-07-14,760197,2057-02-15,14.32980613,0.00000000,1370123
2026-07-14,760197,2057-08-15,13.81219467,0.00000000,1370123
2026-07-14,760197,2058-02-15,13.30632221,0.00000000,1370123
2026-07-14,760197,2058-08-15,12.82022808,0.00000000,1370123
2026-07-14,760197,2059-02-15,12.34227132,0.00000000,1370123
2026-07-14,760197,2059-08-15,11.88393384,0.00000000,1370123
2026-07-14,760197,2060-02-15,11.43082074,0.00000000,1370123
2026-07-14,760197,2060-08-15,11.00404573,0.00000000,1370123
2026-07-14,760198,2026-08-15,4692.16250705,0.00000000,2966237
2026-07-14,760198,2027-05-15,4422.75844148,0.00000000,11057
2026-07-14,760198,2028-08-15,3972.60956008,0.00000000,332199
2026-07-14,760198,2029-05-15,3757.05833494,0.00000000,6908126
2026-07-14,760198,2030-08-15,3388.08073081,0.00000000,437869
2026-07-14,760198,2031-05-15,3200.95050652,0.00000000,12024
2026-07-14,760198,2032-08-15,2894.20945159,0.00000000,3486023
2026-07-14,760198,2033-05-15,2732.75310509,0.00000000,78747
2026-07-14,760198,2035-05-15,2346.16530247,0.00000000,8628429
2026-07-14,760198,2037-05-15,2020.38542645,0.00000000,94021
2026-07-14,760198,2040-08-15,1603.01200923,0.00000000,5008363
2026-07-14,760198,2045-05-15,1142.48744604,0.00000000,9225271
2026-07-14,760198,2050-08-15,776.88556964,0.00000000,4970991
2026-07-14,760198,2055-05-15,551.15733901,0.00000000,127551
2026-07-14,760198,2060-08-15,372.22345623,0.00000000,1370123
2026-07-14,760199,2026-08-15,4830.87695416,0.00000000,5035-22-53
2026-07-14,760199,2027-05-15,4689.75339518,0.00000000,3271-39-83
2026-07-14,760199,2028-08-15,4612.93105604,0.00000000,4779-70-23
2026-07-14,760199,2029-05-15,4497.06231847,0.00000000,1709-29-87
2026-07-14,760199,2030-08-15,4456.48393256,0.00000000,4862-11-93
2026-07-14,760199,2031-05-15,4344.52176980,0.00000000,5052995
2026-07-14,760199,2032-08-15,4329.70239755,0.00000000,2354-18-60
2026-07-14,760199,2033-05-15,4222.46978415,0.00000000,1954-61-61
2026-07-14,760199,2035-05-15,4134.94856824,0.00000000,5678-02-23
2026-07-14,760199,2037-05-15,4069.44512680,0.00000000,5460805
2026-07-14,760199,2040-08-15,4083.56256948,0.00000000,3211-11-98
2026-07-14,760199,2045-05-15,3951.82596907,0.00000000,4054-78-37
2026-07-14,760199,2050-08-15,3955.44757498,0.00000000,4763-43-76
2026-07-14,760199,2055-05-15,3855.04306590,0.00000000,3149-79-53
2026-07-14,760199,2060-08-15,3884.45504266,0.00000000,2381-95-31
2026-07-14,770100,2031-01-01,7573.39634166,0.00000000,1104-09-15
2026-07-14,950197,2027-01-01,45.78274418,0.00000000,3910953
2026-07-14,950197,2027-07-01,42.85171105,0.00000000,3910953
2026-07-14,950197,2028-01-01,40.02322494,0.00000000,3910953
2026-07-14,950197,2028-07-01,37.39938764,0.00000000,3910953
2026-07-14,950197,2029-01-01,34.90617223,0.00000000,3910953
2026-07-14,950197,2029-07-01,32.54687820,0.00000000,3478125
2026-07-14,950197,2030-01-01,30.34374177,0.00000000,3478125
2026-07-14,950197,2030-07-01,28.32556534,0.00000000,3478125
2026-07-14,950197,2031-01-01,26.34979708,0.00000000,3478125
2026-07-14,950197,2031-07-01,24.61001974,0.00000000,3307946
2026-07-14,950197,2032-01-01,22.85097491,0.00000000,3307946
2026-07-14,950197,2032-07-01,21.32322516,0.00000000,3307946
2026-07-14,950197,2033-01-01,19.84021475,0.00000000,3307946
2026-07-14,950197,2033-07-01,18.50949313,0.00000000,2923849
2026-07-14,950197,2034-01-01,17.24296983,0.00000000,2923849
2026-07-14,950197,2034-07-01,16.08379064,0.00000000,2923849
2026-07-14,950197,2035-01-01,15.00115508,0.00000000,2923849
2026-07-14,950197,2035-07-01,13.99010397,0.00000000,532002
2026-07-14,950197,2036-01-01,13.05998236,0.00000000,532002
2026-07-14,950197,2036-07-01,12.18541720,0.00000000,532002
2026-07-14,950197,2037-01-01,11.30306688,0.00000000,532002
2026-07-14,950198,2029-01-01,715.16071835,0.00000000,432828
2026-07-14,950198,2031-01-01,539.85695383,0.00000000,170179
2026-07-14,950198,2033-01-01,406.48806012,0.00000000,384097
2026-07-14,950198,2035-01-01,307.34498105,0.00000000,2391847
2026-07-14,950198,2037-01-01,231.57822562,0.00000000,532002
2026-07-14,950199,2027-01-01,983.78362323,0.00000000,119671291
2026-07-14,950199,2029-01-01,916.08503831,0.00000000,122293639
2026-07-14,950199,2031-01-01,858.17263950,0.00000000,216738027
2026-07-14,950199,2033-01-01,813.07021660,0.00000000,9540-75-81
2026-07-14,950199,2035-01-01,780.22350785,0.00000000,116698771
2026-07-14,950199,2037-01-01,754.26071173,0.00000000,4529-16-39
2026-07-15,210100,2026-09-01,19423.87278908,0.00000000,9022070
2026-07-15,210100,2027-03-01,19415.17844521,0.00000000,2916-26-95
2026-07-15,210100,2027-09-01,19406.37816874,0.00000000,2844-97-79
2026-07-15,210100,2028-03-01,19394.99250651,0.00000000,1736-92-31
2026-07-15,210100,2028-09-01,19380.36055100,0.00000000,2035-04-27
2026-07-15,210100,2029-03-01,19365.04987103,0.00000000,1867-50-85
2026-07-15,210100,2029-09-01,19345.14845563,0.00000000,1696-96-86
2026-07-15,210100,2030-03-01,19328.01634549,0.00000000,1399-79-20
2026-07-15,210100,2030-06-01,19318.24578182,0.00000000,1039-95-64
2026-07-15,210100,2030-09-01,19306.82624309,0.00000000,1141-35-59
2026-07-15,210100,2030-12-01,19299.69130543,0.00000000,7563094
2026-07-15,210100,2031-03-01,19288.81435592,0.00000000,1237-62-05
2026-07-15,210100,2031-06-01,19277.41261561,0.00000000,9904924
2026-07-15,210100,2031-09-01,19267.21476062,0.00000000,8482100
2026-07-15,210100,2031-12-01,19247.31966001,0.00000000,6974714
2026-07-15,210100,2032-03-01,19231.66403333,0.00000000,9175721
2026-07-15,210100,2032-06-01,19211.49315037,0.00000000,1557-74-46
2026-07-15,210100,2032-09-01,19196.21402686,0.00000000,1691546
2026-07-15,100000,2026-10-01,970.18910296,0.00000000,148060986
2026-07-15,100000,2027-01-01,938.33321345,0.00000000,6053319
2026-07-15,100000,2027-04-01,908.02962399,0.00000000,161178945
2026-07-15,100000,2027-07-01,877.32362995,0.00000000,131188181
2026-07-15,100000,2027-10-01,846.79929703,0.00000000,124730702
2026-07-15,100000,2028-01-01,818.34574045,0.00000000,8855-22-45
2026-07-15,100000,2028-04-01,790.33207309,0.00000000,3650-69-83
2026-07-15,100000,2028-07-01,763.78373540,0.00000000,3107-35-99
2026-07-15,100000,2028-10-01,736.45476040,0.00000000,4999994
2026-07-15,100000,2029-01-01,712.04756802,0.00000000,251847101
2026-07-15,100000,2029-07-01,663.52692152,0.00000000,227527651
2026-07-15,100000,2030-01-01,618.31857943,0.00000000,169563003
2026-07-15,100000,2031-01-01,536.31438060,0.00000000,4911401
2026-07-15,100000,2032-01-01,464.68617411,0.00000000,193429623
2026-07-15,760197,2026-08-15,138.78939222,0.00000000,4037284
2026-07-15,760197,2026-11-15,135.62925910,0.00000000,4106721
2026-07-15,760197,2027-02-15,133.26973514,0.00000000,3517836
2026-07-15,760197,2027-05-15,130.86155446,0.00000000,4106721
2026-07-15,760197,2027-08-15,128.11141118,0.00000000,3517836
2026-07-15,760197,2027-11-15,125.39796905,0.00000000,4095664
2026-07-15,760197,2028-02-15,122.53453709,0.00000000,3517836
2026-07-15,760197,2028-05-15,119.99328818,0.00000000,4095664
2026-07-15,760197,2028-08-15,117.38597838,0.00000000,3517836
2026-07-15,760197,2028-11-15,115.08483763,0.00000000,4095664
2026-07-15,760197,2029-02-15,112.98169070,0.00000000,3185637
2026-07-15,760197,2029-05-15,110.83485220,0.00000000,4095664
2026-07-15,760197,2029-08-15,108.48945259,0.00000000,3185637
2026-07-15,760197,2029-11-15,106.21164787,0.00000000,3906604
2026-07-15,760197,2030-02-15,103.99915957,0.00000000,3185637
2026-07-15,760197,2030-05-15,101.95861009,0.00000000,3906604
2026-07-15,760197,2030-08-15,99.83534545,0.00000000,3185637
2026-07-15,760197,2030-11-15,97.87397637,0.00000000,3906604
2026-07-15,760197,2031-02-15,96.13475834,0.00000000,2747768
2026-07-15,760197,2031-05-15,94.46470341,0.00000000,3906604
2026-07-15,760197,2031-08-15,92.52953095,0.00000000,2747768
2026-07-15,760197,2031-11-15,90.59359459,0.00000000,3894580
2026-07-15,760197,2032-02-15,88.86757151,0.00000000,2747768
2026-07-15,760197,2032-05-15,87.09991648,0.00000000,3894580
2026-07-15,760197,2032-08-15,85.36244266,0.00000000,2747768
2026-07-15,760197,2032-11-15,83.73819897,0.00000000,3894580
2026-07-15,760197,2033-02-15,82.07999899,0.00000000,2454996
2026-07-15,760197,2033-05-15,80.57259895,0.00000000,3894580
2026-07-15,760197,2033-08-15,78.97467733,0.00000000,2454996
2026-07-15,760197,2033-11-15,77.41414597,0.00000000,3815833
2026-07-15,760197,2034-02-15,75.82387470,0.00000000,2454996
2026-07-15,760197,2034-05-15,74.42805663,0.00000000,3815833
2026-07-15,760197,2034-08-15,72.89728625,0.00000000,2454996
2026-07-15,760197,2034-11-15,71.45531338,0.00000000,3815833
2026-07-15,760197,2035-02-15,70.12778048,0.00000000,2454996
2026-07-15,760197,2035-05-15,68.83162439,0.00000000,3815833
2026-07-15,760197,2035-08-15,67.50356245,0.00000000,2454996
2026-07-15,760197,2035-11-15,66.25523497,0.00000000,2082182
2026-07-15,760197,2036-02-15,65.06076584,0.00000000,2454996
2026-07-15,760197,2036-05-15,63.95241493,0.00000000,2082182
2026-07-15,760197,2036-08-15,62.75977782,0.00000000,2454996
2026-07-15,760197,2036-11-15,61.57532573,0.00000000,2082182
2026-07-15,760197,2037-02-15,60.48326548,0.00000000,2454996
2026-07-15,760197,2037-05-15,59.45928313,0.00000000,2082182
2026-07-15,760197,2037-08-15,58.35117665,0.00000000,2454996
2026-07-15,760197,2037-11-15,57.31778020,0.00000000,1988161
2026-07-15,760197,2038-02-15,56.30649914,0.00000000,2454996
2026-07-15,760197,2038-05-15,55.33226801,0.00000000,1988161
2026-07-15,760197,2038-08-15,54.33133846,0.00000000,2454996
2026-07-15,760197,2038-11-15,53.38153927,0.00000000,1988161
2026-07-15,760197,2039-02-15,52.40583984,0.00000000,2454996
2026-07-15,760197,2039-05-15,51.52261288,0.00000000,1988161
2026-07-15,760197,2039-08-15,50.59808950,0.00000000,2454996
2026-07-15,760197,2039-11-15,49.70491252,0.00000000,1988161
2026-07-15,760197,2040-02-15,48.82768362,0.00000000,2454996
2026-07-15,760197,2040-05-15,47.97917343,0.00000000,1988161
2026-07-15,760197,2040-08-15,47.10454720,0.00000000,2454996
2026-07-15,760197,2040-11-15,46.27111354,0.00000000,1988161
2026-07-15,760197,2041-02-15,45.46462154,0.00000000,2099129
2026-07-15,760197,2041-05-15,44.70949472,0.00000000,1988161
2026-07-15,760197,2041-08-15,43.89119259,0.00000000,2099129
2026-07-15,760197,2041-11-15,43.07457753,0.00000000,1988161
2026-07-15,760197,2042-02-15,42.32026357,0.00000000,2099129
2026-07-15,760197,2042-05-15,41.62561101,0.00000000,1988161
2026-07-15,760197,2042-08-15,40.85949242,0.00000000,2099129
2026-07-15,760197,2042-11-15,40.09469172,0.00000000,1988161
2026-07-15,760197,2043-02-15,39.41064481,0.00000000,2099129
2026-07-15,760197,2043-05-15,38.72594585,0.00000000,1988161
2026-07-15,760197,2043-08-15,38.00805173,0.00000000,2099129
2026-07-15,760197,2043-11-15,37.33433459,0.00000000,1988161
2026-07-15,760197,2044-02-15,36.67120434,0.00000000,2099129
2026-07-15,760197,2044-05-15,36.02892280,0.00000000,1988161
2026-07-15,760197,2044-08-15,35.36569425,0.00000000,2099129
2026-07-15,760197,2044-11-15,34.72329220,0.00000000,1988161
2026-07-15,760197,2045-02-15,34.07119547,0.00000000,2099129
2026-07-15,760197,2045-05-15,33.49835355,0.00000000,1988161
2026-07-15,760197,2045-08-15,32.86612751,0.00000000,2099129
2026-07-15,760197,2045-11-15,32.26298256,0.00000000,127551
2026-07-15,760197,2046-02-15,31.69740927,0.00000000,2099129
2026-07-15,760197,2046-05-15,31.13130104,0.00000000,127551
2026-07-15,760197,2046-08-15,30.53798200,0.00000000,2099129
2026-07-15,760197,2046-11-15,29.97272293,0.00000000,127551
2026-07-15,760197,2047-02-15,29.42590198,0.00000000,2099129
2026-07-15,760197,2047-05-15,28.91429768,0.00000000,127551
2026-07-15,760197,2047-08-15,28.36059533,0.00000000,2099129
2026-07-15,760197,2047-11-15,27.80907015,0.00000000,127551
2026-07-15,760197,2048-02-15,27.30082721,0.00000000,2099129
2026-07-15,760197,2048-05-15,26.82607522,0.00000000,127551
2026-07-15,760197,2048-08-15,26.31312311,0.00000000,2099129
2026-07-15,760197,2048-11-15,25.83372247,0.00000000,127551
2026-07-15,760197,2049-02-15,25.36399179,0.00000000,2099129
2026-07-15,760197,2049-05-15,24.91129703,0.00000000,127551
2026-07-15,760197,2049-08-15,24.44644569,0.00000000,2099129
2026-07-15,760197,2049-11-15,24.00600774,0.00000000,127551
2026-07-15,760197,2050-02-15,23.55472074,0.00000000,2099129
2026-07-15,760197,2050-05-15,23.14766403,0.00000000,127551
2026-07-15,760197,2050-08-15,22.72354713,0.00000000,2099129
2026-07-15,760197,2050-11-15,22.31630050,0.00000000,127551
2026-07-15,760197,2051-02-15,21.91897340,0.00000000,1370123
2026-07-15,760197,2051-05-15,21.54935202,0.00000000,127551
2026-07-15,760197,2051-08-15,21.15812703,0.00000000,1370123
2026-07-15,760197,2051-11-15,20.78761008,0.00000000,127551
2026-07-15,760197,2052-02-15,20.43087277,0.00000000,1370123
2026-07-15,760197,2052-05-15,20.09271404,0.00000000,127551
2026-07-15,760197,2052-08-15,19.73379856,0.00000000,1370123
2026-07-15,760197,2052-11-15,19.37681037,0.00000000,127551
2026-07-15,760197,2053-02-15,19.04788911,0.00000000,1370123
2026-07-15,760197,2053-05-15,18.74549511,0.00000000,127551
2026-07-15,760197,2053-08-15,18.41233031,0.00000000,1370123
2026-07-15,760197,2053-11-15,18.07983342,0.00000000,127551
2026-07-15,760197,2054-02-15,17.78228835,0.00000000,1370123
2026-07-15,760197,2054-05-15,17.48408126,0.00000000,127551
2026-07-15,760197,2054-08-15,17.17075016,0.00000000,1370123
2026-07-15,760197,2054-11-15,16.87582292,0.00000000,127551
2026-07-15,760197,2055-02-15,16.58444439,0.00000000,1370123
2026-07-15,760197,2055-05-15,16.30095206,0.00000000,127551
2026-07-15,760197,2055-08-15,16.00700122,0.00000000,1370123
2026-07-15,760197,2056-02-15,15.43946211,0.00000000,1370123
2026-07-15,760197,2056-08-15,14.89099765,0.00000000,1370123
2026-07-15,760197,2057-02-15,14.35695986,0.00000000,1370123
2026-07-15,760197,2057-08-15,13.84136831,0.00000000,1370123
2026-07-15,760197,2058-02-15,13.33582761,0.00000000,1370123
2026-07-15,760197,2058-08-15,12.84834662,0.00000000,1370123
2026-07-15,760197,2059-02-15,12.36721632,0.00000000,1370123
2026-07-15,760197,2059-08-15,11.90397089,0.00000000,1370123
2026-07-15,760197,2060-02-15,11.44402437,0.00000000,1370123
2026-07-15,760197,2060-08-15,11.00882867,0.00000000,1370123
2026-07-15,760198,2026-08-15,4694.69761836,0.00000000,2964771
2026-07-15,760198,2027-05-15,4426.53014230,0.00000000,11057
2026-07-15,760198,2028-08-15,3970.70456411,0.00000000,332199
2026-07-15,760198,2029-05-15,3749.10580952,0.00000000,6906506
2026-07-15,760198,2030-08-15,3377.03588894,0.00000000,437869
2026-07-15,760198,2031-05-15,3195.36825573,0.00000000,12024
2026-07-15,760198,2032-08-15,2887.47468271,0.00000000,3513196
2026-07-15,760198,2033-05-15,2725.45316587,0.00000000,78747
2026-07-15,760198,2035-05-15,2328.30231411,0.00000000,8625931
2026-07-15,760198,2037-05-15,2011.27298316,0.00000000,94021
2026-07-15,760198,2040-08-15,1593.36100570,0.00000000,5017971
2026-07-15,760198,2045-05-15,1133.11715036,0.00000000,9223841
2026-07-15,760198,2050-08-15,768.64795567,0.00000000,4976067
2026-07-15,760198,2055-05-15,551.39690151,0.00000000,127551
2026-07-15,760198,2060-08-15,372.38524448,0.00000000,1370123
2026-07-15,760199,2026-08-15,4833.48701100,0.00000000,5035-22-14
2026-07-15,760199,2027-05-15,4693.72219707,0.00000000,3266-94-94
2026-07-15,760199,2028-08-15,4611.02365885,0.00000000,4779-70-23
2026-07-15,760199,2029-05-15,4488.42194363,0.00000000,1709-29-87
2026-07-15,760199,2030-08-15,4444.03173592,0.00000000,4906-43-85
2026-07-15,760199,2031-05-15,4338.20304726,0.00000000,5052995
2026-07-15,760199,2032-08-15,4321.78474351,0.00000000,2358-17-95
2026-07-15,760199,2033-05-15,4213.62902367,0.00000000,1954-61-61
2026-07-15,760199,2035-05-15,4111.26286196,0.00000000,5677-96-76
2026-07-15,760199,2037-05-15,4056.74445302,0.00000000,5462345
2026-07-15,760199,2040-08-15,4068.44076207,0.00000000,3211-11-22
2026-07-15,760199,2045-05-15,3934.14797275,0.00000000,4056-06-17
2026-07-15,760199,2050-08-15,3936.13873397,0.00000000,4767-43-55
2026-07-15,760199,2055-05-15,3856.71867409,0.00000000,3154-77-58
2026-07-15,760199,2060-08-15,3886.14343487,0.00000000,2391-90-52
2026-07-15,770100,2031-01-01,7583.40342055,0.00000000,1104-09-15
2026-07-15,950197,2027-01-01,45.79896507,0.00000000,3910953
2026-07-15,950197,2027-07-01,42.82115746,0.00000000,3910953
2026-07-15,950197,2028-01-01,39.94251449,0.00000000,3910953
2026-07-15,950197,2028-07-01,37.27940577,0.00000000,3910953
2026-07-15,950197,2029-01-01,34.75422294,0.00000000,3910953
2026-07-15,950197,2029-07-01,32.38598598,0.00000000,3478125
2026-07-15,950197,2030-01-01,30.17941880,0.00000000,3478125
2026-07-15,950197,2030-07-01,28.15797144,0.00000000,3478125
2026-07-15,950197,2031-01-01,26.17688816,0.00000000,3478125
2026-07-15,950197,2031-07-01,24.43478749,0.00000000,3307946
2026-07-15,950197,2032-01-01,22.68079777,0.00000000,3307946
2026-07-15,950197,2032-07-01,21.14907655,0.00000000,3307946
2026-07-15,950197,2033-01-01,19.67996434,0.00000000,3307946
2026-07-15,950197,2033-07-01,18.34785643,0.00000000,2923849
2026-07-15,950197,2034-01-01,17.10839747,0.00000000,2923849
2026-07-15,950197,2034-07-01,15.94942246,0.00000000,2923849
2026-07-15,950197,2035-01-01,14.86759025,0.00000000,2923849
2026-07-15,950197,2035-07-01,13.85786104,0.00000000,532002
2026-07-15,950197,2036-01-01,12.93983946,0.00000000,532002
2026-07-15,950197,2036-07-01,12.06719800,0.00000000,532002
2026-07-15,950197,2037-01-01,11.18743943,0.00000000,532002
2026-07-15,950198,2029-01-01,712.04756802,0.00000000,432828
2026-07-15,950198,2031-01-01,536.31438060,0.00000000,170179
2026-07-15,950198,2033-01-01,403.20483553,0.00000000,384097
2026-07-15,950198,2035-01-01,304.60849304,0.00000000,2391847
2026-07-15,950198,2037-01-01,229.20924041,0.00000000,532002
2026-07-15,950199,2027-01-01,984.13217905,0.00000000,118386625
2026-07-15,950199,2029-01-01,912.60449936,0.00000000,122902151
2026-07-15,950199,2031-01-01,853.59914575,0.00000000,217469992
2026-07-15,950199,2033-01-01,808.08331564,0.00000000,9564-99-27
2026-07-15,950199,2035-01-01,775.23260827,0.00000000,116697108
2026-07-15,950199,2037-01-01,749.16729511,0.00000000,4507-79-30
2026-07-16,210100,2026-09-01,19434.08907735,0.00000000,9022070
2026-07-16,210100,2027-03-01,19425.46872768,0.00000000,2916-20-08
2026-07-16,210100,2027-09-01,19416.77148603,0.00000000,2846-52-31
2026-07-16,210100,2028-03-01,19405.28732033,0.00000000,1736-82-40
2026-07-16,210100,2028-09-01,19390.62561222,0.00000000,2035-04-27
2026-07-16,210100,2029-03-01,19375.31473294,0.00000000,1867-44-31
2026-07-16,210100,2029-09-01,19355.35275755,0.00000000,1696-96-86
2026-07-16,210100,2030-03-01,19338.27690489,0.00000000,1399-79-20
2026-07-16,210100,2030-06-01,19328.50437122,0.00000000,1039-95-64
2026-07-16,210100,2030-09-01,19317.08297821,0.00000000,1141-35-59
2026-07-16,210100,2030-12-01,19309.77645953,0.00000000,7563094
2026-07-16,210100,2031-03-01,19298.97633961,0.00000000,1238-31-47
2026-07-16,210100,2031-06-01,19287.66037335,0.00000000,9904924
2026-07-16,210100,2031-09-01,19277.36101785,0.00000000,8482100
2026-07-16,210100,2031-12-01,19257.45949550,0.00000000,6974714
2026-07-16,210100,2032-03-01,19241.90370793,0.00000000,9175721
2026-07-16,210100,2032-06-01,19221.84191786,0.00000000,1555-74-46
2026-07-16,210100,2032-09-01,19206.32947390,0.00000000,1691546
2026-07-16,100000,2026-10-01,970.73776522,0.00000000,148060986
2026-07-16,100000,2027-01-01,939.04916857,0.00000000,6050652
2026-07-16,100000,2027-04-01,909.13523135,0.00000000,161726580
2026-07-16,100000,2027-07-01,878.93240000,0.00000000,131188181
2026-07-16,100000,2027-10-01,848.91763277,0.00000000,124730702
2026-07-16,100000,2028-01-01,820.72420631,0.00000000,8854-82-12
2026-07-16,100000,2028-04-01,792.94961569,0.00000000,3650-69-83
2026-07-16,100000,2028-07-01,766.80922105,0.00000000,3107-35-99
2026-07-16,100000,2028-10-01,739.84215502,0.00000000,4999994
2026-07-16,100000,2029-01-01,715.55823155,0.00000000,251901670
2026-07-16,100000,2029-07-01,667.21348226,0.00000000,227527651
2026-07-16,100000,2030-01-01,621.99852926,0.00000000,169563003
2026-07-16,100000,2031-01-01,540.03889975,0.00000000,4910501
2026-07-16,100000,2032-01-01,468.14194876,0.00000000,193481097
2026-07-16,760197,2026-08-15,138.67553817,0.00000000,4038626
2026-07-16,760197,2026-11-15,135.51819665,0.00000000,4109152
2026-07-16,760197,2027-02-15,133.17158613,0.00000000,3519178
2026-07-16,760197,2027-05-15,130.78879272,0.00000000,4109152
2026-07-16,760197,2027-08-15,128.07181811,0.00000000,3519178
2026-07-16,760197,2027-11-15,125.39056871,0.00000000,4098095
2026-07-16,760197,2028-02-15,122.56193433,0.00000000,3519178
2026-07-16,760197,2028-05-15,120.05672225,0.00000000,4098095
2026-07-16,760197,2028-08-15,117.50075790,0.00000000,3519178
2026-07-16,760197,2028-11-15,115.27938156,0.00000000,4098095
2026-07-16,760197,2029-02-15,113.26315215,0.00000000,3186979
2026-07-16,760197,2029-05-15,111.16081348,0.00000000,4098095
2026-07-16,760197,2029-08-15,108.83394322,0.00000000,3186979
2026-07-16,760197,2029-11-15,106.59921981,0.00000000,3909035
2026-07-16,760197,2030-02-15,104.43590917,0.00000000,3186979
2026-07-16,760197,2030-05-15,102.42889842,0.00000000,3909035
2026-07-16,760197,2030-08-15,100.30131262,0.00000000,3186979
2026-07-16,760197,2030-11-15,98.22898303,0.00000000,3909035
2026-07-16,760197,2031-02-15,96.33184060,0.00000000,2749110
2026-07-16,760197,2031-05-15,94.58422671,0.00000000,3909035
2026-07-16,760197,2031-08-15,92.65036690,0.00000000,2749110
2026-07-16,760197,2031-11-15,90.72338727,0.00000000,3897011
2026-07-16,760197,2032-02-15,89.00863523,0.00000000,2749110
2026-07-16,760197,2032-05-15,87.25195666,0.00000000,3897011
2026-07-16,760197,2032-08-15,85.52008580,0.00000000,2749110
2026-07-16,760197,2032-11-15,83.90027382,0.00000000,3897011
2026-07-16,760197,2033-02-15,82.25039001,0.00000000,2454996
2026-07-16,760197,2033-05-15,80.74896754,0.00000000,3897011
2026-07-16,760197,2033-08-15,79.16852320,0.00000000,2454996
2026-07-16,760197,2033-11-15,77.64752048,0.00000000,3818264
2026-07-16,760197,2034-02-15,76.11347034,0.00000000,2454996
2026-07-16,760197,2034-05-15,74.77411744,0.00000000,3818264
2026-07-16,760197,2034-08-15,73.30537176,0.00000000,2454996
2026-07-16,760197,2034-11-15,71.91357437,0.00000000,3818264
2026-07-16,760197,2035-02-15,70.61641655,0.00000000,2454996
2026-07-16,760197,2035-05-15,69.32534024,0.00000000,3818264
2026-07-16,760197,2035-08-15,67.97959324,0.00000000,2454996
2026-07-16,760197,2035-11-15,66.70406936,0.00000000,2082182
2026-07-16,760197,2036-02-15,65.47583762,0.00000000,2454996
2026-07-16,760197,2036-05-15,64.33138794,0.00000000,2082182
2026-07-16,760197,2036-08-15,63.09742279,0.00000000,2454996
2026-07-16,760197,2036-11-15,61.87263150,0.00000000,2082182
2026-07-16,760197,2037-02-15,60.74731271,0.00000000,2454996
2026-07-16,760197,2037-05-15,59.69864124,0.00000000,2082182
2026-07-16,760197,2037-08-15,58.57129197,0.00000000,2454996
2026-07-16,760197,2037-11-15,57.52520055,0.00000000,1988161
2026-07-16,760197,2038-02-15,56.50618492,0.00000000,2454996
2026-07-16,760197,2038-05-15,55.52862288,0.00000000,1988161
2026-07-16,760197,2038-08-15,54.52813450,0.00000000,2454996
2026-07-16,760197,2038-11-15,53.58197671,0.00000000,1988161
2026-07-16,760197,2039-02-15,52.61279519,0.00000000,2454996
2026-07-16,760197,2039-05-15,51.73740652,0.00000000,1988161
2026-07-16,760197,2039-08-15,50.82248498,0.00000000,2454996
2026-07-16,760197,2039-11-15,49.93931723,0.00000000,1988161
2026-07-16,760197,2040-02-15,49.07194463,0.00000000,2454996
2026-07-16,760197,2040-05-15,48.23229892,0.00000000,1988161
2026-07-16,760197,2040-08-15,47.36533587,0.00000000,2454996
2026-07-16,760197,2040-11-15,46.53784667,0.00000000,1988161
2026-07-16,760197,2041-02-15,45.73638310,0.00000000,2099129
2026-07-16,760197,2041-05-15,44.98530672,0.00000000,1988161
2026-07-16,760197,2041-08-15,44.17066420,0.00000000,2099129
2026-07-16,760197,2041-11-15,43.35693465,0.00000000,1988161
2026-07-16,760197,2042-02-15,42.60459887,0.00000000,2099129
2026-07-16,760197,2042-05-15,41.91118055,0.00000000,1988161
2026-07-16,760197,2042-08-15,41.14576780,0.00000000,2099129
2026-07-16,760197,2042-11-15,40.38098595,0.00000000,1988161
2026-07-16,760197,2043-02-15,39.69637726,0.00000000,2099129
2026-07-16,760197,2043-05-15,39.01057230,0.00000000,1988161
2026-07-16,760197,2043-08-15,38.29094015,0.00000000,2099129
2026-07-16,760197,2043-11-15,37.61506061,0.00000000,1988161
2026-07-16,760197,2044-02-15,36.94930824,0.00000000,2099129
2026-07-16,760197,2044-05-15,36.30402982,0.00000000,1988161
2026-07-16,760197,2044-08-15,35.63724643,0.00000000,2099129
2026-07-16,760197,2044-11-15,34.99096873,0.00000000,1988161
2026-07-16,760197,2045-02-15,34.33451823,0.00000000,2099129
2026-07-16,760197,2045-05-15,33.75751689,0.00000000,1988161
2026-07-16,760197,2045-08-15,33.11898624,0.00000000,2099129
2026-07-16,760197,2045-11-15,32.50707611,0.00000000,127551
2026-07-16,760197,2046-02-15,31.93102587,0.00000000,2099129
2026-07-16,760197,2046-05-15,31.35242751,0.00000000,127551
2026-07-16,760197,2046-08-15,30.74408103,0.00000000,2099129
2026-07-16,760197,2046-11-15,30.16288170,0.00000000,127551
2026-07-16,760197,2047-02-15,29.59935179,0.00000000,2099129
2026-07-16,760197,2047-05-15,29.07116743,0.00000000,127551
2026-07-16,760197,2047-08-15,28.49872283,0.00000000,2099129
2026-07-16,760197,2047-11-15,27.92796662,0.00000000,127551
2026-07-16,760197,2048-02-15,27.40175479,0.00000000,2099129
2026-07-16,760197,2048-05-15,26.91022708,0.00000000,127551
2026-07-16,760197,2048-08-15,26.37941557,0.00000000,2099129
2026-07-16,760197,2048-11-15,25.88382995,0.00000000,127551
2026-07-16,760197,2049-02-15,25.39897583,0.00000000,2099129
2026-07-16,760197,2049-05-15,24.93265039,0.00000000,127551
2026-07-16,760197,2049-08-15,24.45505016,0.00000000,2099129
2026-07-16,760197,2049-11-15,24.00398446,0.00000000,127551
2026-07-16,760197,2050-02-15,23.54359077,0.00000000,2099129
2026-07-16,760197,2050-05-15,23.13016087,0.00000000,127551
2026-07-16,760197,2050-08-15,22.70158650,0.00000000,2099129
2026-07-16,760197,2050-11-15,22.29178042,0.00000000,127551
2026-07-16,760197,2051-02-15,21.89294986,0.00000000,1370123
2026-07-16,760197,2051-05-15,21.52274481,0.00000000,127551
2026-07-16,760197,2051-08-15,21.13167712,0.00000000,1370123
2026-07-16,760197,2051-11-15,20.76195732,0.00000000,127551
2026-07-16,760197,2052-02-15,20.40649293,0.00000000,1370123
2026-07-16,760197,2052-05-15,20.06991016,0.00000000,127551
2026-07-16,760197,2052-08-15,19.71295610,0.00000000,1370123
2026-07-16,760197,2052-11-15,19.35809501,0.00000000,127551
2026-07-16,760197,2053-02-15,19.03117476,0.00000000,1370123
2026-07-16,760197,2053-05-15,18.73055547,0.00000000,127551
2026-07-16,760197,2053-08-15,18.39915746,0.00000000,1370123
2026-07-16,760197,2053-11-15,18.06809622,0.00000000,127551
2026-07-16,760197,2054-02-15,17.77144205,0.00000000,1370123
2026-07-16,760197,2054-05-15,17.47364327,0.00000000,127551
2026-07-16,760197,2054-08-15,17.16009665,0.00000000,1370123
2026-07-16,760197,2054-11-15,16.86424641,0.00000000,127551
2026-07-16,760197,2055-02-15,16.57115836,0.00000000,1370123
2026-07-16,760197,2055-05-15,16.28513847,0.00000000,127551
2026-07-16,760197,2055-08-15,15.98841983,0.00000000,1370123
2026-07-16,760197,2056-02-15,15.41728994,0.00000000,1370123
2026-07-16,760197,2056-08-15,14.86730501,0.00000000,1370123
2026-07-16,760197,2057-02-15,14.33333348,0.00000000,1370123
2026-07-16,760197,2057-08-15,13.81896088,0.00000000,1370123
2026-07-16,760197,2058-02-15,13.31541950,0.00000000,1370123
2026-07-16,760197,2058-08-15,12.83032483,0.00000000,1370123
2026-07-16,760197,2059-02-15,12.35168751,0.00000000,1370123
2026-07-16,760197,2059-08-15,11.89066970,0.00000000,1370123
2026-07-16,760197,2060-02-15,11.43245347,0.00000000,1370123
2026-07-16,760197,2060-08-15,10.99814898,0.00000000,1370123
2026-07-16,760198,2026-08-15,4690.84638608,0.00000000,2963087
2026-07-16,760198,2027-05-15,4424.06890036,0.00000000,11057
2026-07-16,760198,2028-08-15,3974.58710321,0.00000000,332199
2026-07-16,760198,2029-05-15,3760.13179442,0.00000000,6904787
2026-07-16,760198,2030-08-15,3392.79772081,0.00000000,437869
2026-07-16,760198,2031-05-15,3199.41125801,0.00000000,12024
2026-07-16,760198,2032-08-15,2892.80712870,0.00000000,3545275
2026-07-16,760198,2033-05-15,2731.41902002,0.00000000,78747
2026-07-16,760198,2035-05-15,2345.00277419,0.00000000,8626659
2026-07-16,760198,2037-05-15,2019.36952405,0.00000000,94021
2026-07-16,760198,2040-08-15,1602.18245788,0.00000000,5027469
2026-07-16,760198,2045-05-15,1141.88362414,0.00000000,9222653
2026-07-16,760198,2050-08-15,767.90511423,0.00000000,4982828
2026-07-16,760198,2055-05-15,550.86199030,0.00000000,127551
2026-07-16,760198,2060-08-15,372.02399283,0.00000000,1370123
2026-07-16,760199,2026-08-15,4829.52192470,0.00000000,5035-17-81
2026-07-16,760199,2027-05-15,4691.08181012,0.00000000,3266-94-94
2026-07-16,760199,2028-08-15,4614.92246776,0.00000000,4779-70-23
2026-07-16,760199,2029-05-15,4500.30084798,0.00000000,1709-29-87
2026-07-16,760199,2030-08-15,4461.64712599,0.00000000,4956-43-35
2026-07-16,760199,2031-05-15,4342.43260953,0.00000000,5052995
2026-07-16,760199,2032-08-15,4327.60453943,0.00000000,2358-04-12
2026-07-16,760199,2033-05-15,4220.40844393,0.00000000,1954-61-61
2026-07-16,760199,2035-05-15,4132.89969529,0.00000000,5672-00-54
2026-07-16,760199,2037-05-15,4067.39890383,0.00000000,5464285
2026-07-16,760199,2040-08-15,4081.44934460,0.00000000,3213-48-81
2026-07-16,760199,2045-05-15,3949.73736928,0.00000000,4059-58-75
2026-07-16,760199,2050-08-15,3932.33474680,0.00000000,4766-43-39
2026-07-16,760199,2055-05-15,3852.97726379,0.00000000,3144-29-81
2026-07-16,760199,2060-08-15,3882.37347956,0.00000000,2380-11-91
2026-07-16,770100,2031-01-01,7578.16821585,0.00000000,1104-09-15
2026-07-16,950197,2027-01-01,45.83391001,0.00000000,3910953
2026-07-16,950197,2027-07-01,42.89967967,0.00000000,3910953
2026-07-16,950197,2028-01-01,40.05860468,0.00000000,3910953
2026-07-16,950197,2028-07-01,37.42707625,0.00000000,3910953
2026-07-16,950197,2029-01-01,34.92557439,0.00000000,3910953
2026-07-16,950197,2029-07-01,32.56592277,0.00000000,3478125
2026-07-16,950197,2030-01-01,30.35903291,0.00000000,3478125
2026-07-16,950197,2030-07-01,28.34237393,0.00000000,3478125
2026-07-16,950197,2031-01-01,26.35867765,0.00000000,3478125
2026-07-16,950197,2031-07-01,24.60577843,0.00000000,3307946
2026-07-16,950197,2032-01-01,22.84947016,0.00000000,3307946
2026-07-16,950197,2032-07-01,21.31957428,0.00000000,3307946
2026-07-16,950197,2033-01-01,19.83467661,0.00000000,3307946
2026-07-16,950197,2033-07-01,18.50237750,0.00000000,2923849
2026-07-16,950197,2034-01-01,17.22891168,0.00000000,2923849
2026-07-16,950197,2034-07-01,16.06864240,0.00000000,2923849
2026-07-16,950197,2035-01-01,14.99608900,0.00000000,2923849
2026-07-16,950197,2035-07-01,13.98420592,0.00000000,532002
2026-07-16,950197,2036-01-01,13.02671858,0.00000000,532002
2026-07-16,950197,2036-07-01,12.15208333,0.00000000,532002
2026-07-16,950197,2037-01-01,11.28520777,0.00000000,532002
2026-07-16,950198,2029-01-01,715.55823155,0.00000000,432828
2026-07-16,950198,2031-01-01,540.03889975,0.00000000,170179
2026-07-16,950198,2033-01-01,406.37459406,0.00000000,384097
2026-07-16,950198,2035-01-01,307.24118677,0.00000000,2391847
2026-07-16,950198,2037-01-01,231.21232663,0.00000000,532002
2026-07-16,950199,2027-01-01,984.88307904,0.00000000,120012324
2026-07-16,950199,2029-01-01,916.66426370,0.00000000,122902082
2026-07-16,950199,2031-01-01,858.59691931,0.00000000,217469927
2026-07-16,950199,2033-01-01,813.18448097,0.00000000,9405-95-37
2026-07-16,950199,2035-01-01,780.30794785,0.00000000,116744520
2026-07-16,950199,2037-01-01,753.99112397,0.00000000,4508-59-62
2026-07-17,210100,2026-09-01,19444.25707513,0.00000000,9022070
2026-07-17,210100,2027-03-01,19435.75228915,0.00000000,2916-15-47
2026-07-17,210100,2027-09-01,19427.03865859,0.00000000,2847-55-27
2026-07-17,210100,2028-03-01,19415.58744498,0.00000000,1736-72-39
2026-07-17,210100,2028-09-01,19400.85496754,0.00000000,2035-04-27
2026-07-17,210100,2029-03-01,19385.38373072,0.00000000,1867-36-45
2026-07-17,210100,2029-09-01,19365.50242795,0.00000000,1696-96-86
2026-07-17,210100,2030-03-01,19348.54291154,0.00000000,1399-79-20
2026-07-17,210100,2030-06-01,19338.76840853,0.00000000,1039-95-64
2026-07-17,210100,2030-09-01,19327.34516249,0.00000000,1141-35-59
2026-07-17,210100,2030-12-01,19320.03483878,0.00000000,7563094
2026-07-17,210100,2031-03-01,19309.23227109,0.00000000,1239-10-43
2026-07-17,210100,2031-06-01,19297.82045355,0.00000000,9904924
2026-07-17,210100,2031-09-01,19287.61073527,0.00000000,8482100
2026-07-17,210100,2031-12-01,19267.60482587,0.00000000,6973214
2026-07-17,210100,2032-03-01,19252.04153682,0.00000000,9175721
2026-07-17,210100,2032-06-01,19232.19610803,0.00000000,1555-74-46
2026-07-17,210100,2032-09-01,19215.98280745,0.00000000,2987261
2026-07-17,100000,2026-10-01,971.26406053,0.00000000,147217126
2026-07-17,100000,2027-01-01,939.59214435,0.00000000,6048486
2026-07-17,100000,2027-04-01,909.73610264,0.00000000,161600082
2026-07-17,100000,2027-07-01,879.51502656,0.00000000,131288181
2026-07-17,100000,2027-10-01,849.41917486,0.00000000,124730702
2026-07-17,100000,2028-01-01,821.32256736,0.00000000,8854-10-86
2026-07-17,100000,2028-04-01,793.67318377,0.00000000,3650-69-83
2026-07-17,100000,2028-07-01,767.35478713,0.00000000,3107-35-99
2026-07-17,100000,2028-10-01,740.31556509,0.00000000,4999994
2026-07-17,100000,2029-01-01,715.87227003,0.00000000,251983902
2026-07-17,100000,2029-07-01,667.15366792,0.00000000,227527651
2026-07-17,100000,2030-01-01,621.87736910,0.00000000,168719956
2026-07-17,100000,2031-01-01,539.61043036,0.00000000,4908794
2026-07-17,100000,2032-01-01,467.63031811,0.00000000,193752762
2026-07-17,760197,2026-08-15,138.75661198,0.00000000,4039575
2026-07-17,760197,2026-11-15,135.61069577,0.00000000,4111671
2026-07-17,760197,2027-02-15,133.29663766,0.00000000,3520127
2026-07-17,760197,2027-05-15,130.94892168,0.00000000,4111671
2026-07-17,760197,2027-08-15,128.25085270,0.00000000,3520127
2026-07-17,760197,2027-11-15,125.57452580,0.00000000,4100614
2026-07-17,760197,2028-02-15,122.73989433,0.00000000,3520127
2026-07-17,760197,2028-05-15,120.22599307,0.00000000,4100614
2026-07-17,760197,2028-08-15,117.66828624,0.00000000,3520127
2026-07-17,760197,2028-11-15,115.45318810,0.00000000,4100614
2026-07-17,760197,2029-02-15,113.44435253,0.00000000,3187928
2026-07-17,760197,2029-05-15,111.35596751,0.00000000,4100614
2026-07-17,760197,2029-08-15,109.02499311,0.00000000,3187928
2026-07-17,760197,2029-11-15,106.75031285,0.00000000,3911554
2026-07-17,760197,2030-02-15,104.53285954,0.00000000,3187928
2026-07-17,760197,2030-05-15,102.48293882,0.00000000,3911554
2026-07-17,760197,2030-08-15,100.34785313,0.00000000,3187928
2026-07-17,760197,2030-11-15,98.34461801,0.00000000,3911554
2026-07-17,760197,2031-02-15,96.54195991,0.00000000,2750059
2026-07-17,760197,2031-05-15,94.83681594,0.00000000,3911554
2026-07-17,760197,2031-08-15,92.87769636,0.00000000,2750059
2026-07-17,760197,2031-11-15,90.89548508,0.00000000,3899530
2026-07-17,760197,2032-02-15,89.12151047,0.00000000,2750059
2026-07-17,760197,2032-05-15,87.31251173,0.00000000,3899530
2026-07-17,760197,2032-08-15,85.55945494,0.00000000,2750059
2026-07-17,760197,2032-11-15,83.94044388,0.00000000,3899530
2026-07-17,760197,2033-02-15,82.28894683,0.00000000,2454996
2026-07-17,760197,2033-05-15,80.78599253,0.00000000,3899530
2026-07-17,760197,2033-08-15,79.20471542,0.00000000,2454996
2026-07-17,760197,2033-11-15,77.68294648,0.00000000,3820783
2026-07-17,760197,2034-02-15,76.14815333,0.00000000,2454996
2026-07-17,760197,2034-05-15,74.80817085,0.00000000,3820783
2026-07-17,760197,2034-08-15,73.33874814,0.00000000,2454996
2026-07-17,760197,2034-11-15,71.94631391,0.00000000,3820783
2026-07-17,760197,2035-02-15,70.64855820,0.00000000,2454996
2026-07-17,760197,2035-05-15,69.35687337,0.00000000,3820783
2026-07-17,760197,2035-08-15,68.01048190,0.00000000,2454996
2026-07-17,760197,2035-11-15,66.73434770,0.00000000,2082182
2026-07-17,760197,2036-02-15,65.50552875,0.00000000,2454996
2026-07-17,760197,2036-05-15,64.36053236,0.00000000,2082182
2026-07-17,760197,2036-08-15,63.12597819,0.00000000,2454996
2026-07-17,760197,2036-11-15,61.90060273,0.00000000,2082182
2026-07-17,760197,2037-02-15,60.77474764,0.00000000,2454996
2026-07-17,760197,2037-05-15,59.72557676,0.00000000,2082182
2026-07-17,760197,2037-08-15,58.59794024,0.00000000,2454996
2026-07-17,760197,2037-11-15,57.55197889,0.00000000,1988161
2026-07-17,760197,2038-02-15,56.53337650,0.00000000,2454996
2026-07-17,760197,2038-05-15,55.55638876,0.00000000,1988161
2026-07-17,760197,2038-08-15,54.55656257,0.00000000,2454996
2026-07-17,760197,2038-11-15,53.61098642,0.00000000,1988161
2026-07-17,760197,2039-02-15,52.64222248,0.00000000,2454996
2026-07-17,760197,2039-05-15,51.76692898,0.00000000,1988161
2026-07-17,760197,2039-08-15,50.85167743,0.00000000,2454996
2026-07-17,760197,2039-11-15,49.96762552,0.00000000,1988161
2026-07-17,760197,2040-02-15,49.09868885,0.00000000,2454996
2026-07-17,760197,2040-05-15,48.25672008,0.00000000,1988161
2026-07-17,760197,2040-08-15,47.38635896,0.00000000,2454996
2026-07-17,760197,2040-11-15,46.55563959,0.00000000,1988161
2026-07-17,760197,2041-02-15,45.75205025,0.00000000,2099129
2026-07-17,760197,2041-05-15,44.99980484,0.00000000,1988161
2026-07-17,760197,2041-08-15,44.18470420,0.00000000,2099129
2026-07-17,760197,2041-11-15,43.37125115,0.00000000,1988161
2026-07-17,760197,2042-02-15,42.61971676,0.00000000,2099129
2026-07-17,760197,2042-05-15,41.92740531,0.00000000,1988161
2026-07-17,760197,2042-08-15,41.16350885,0.00000000,2099129
2026-07-17,760197,2042-11-15,40.40041697,0.00000000,1988161
2026-07-17,760197,2043-02-15,39.71734623,0.00000000,2099129
2026-07-17,760197,2043-05-15,39.03298355,0.00000000,1988161
2026-07-17,760197,2043-08-15,38.31461977,0.00000000,2099129
2026-07-17,760197,2043-11-15,37.63956380,0.00000000,1988161
2026-07-17,760197,2044-02-15,36.97413434,0.00000000,2099129
2026-07-17,760197,2044-05-15,36.32856951,0.00000000,1988161
2026-07-17,760197,2044-08-15,35.66071993,0.00000000,2099129
2026-07-17,760197,2044-11-15,35.01250790,0.00000000,1988161
2026-07-17,760197,2045-02-15,34.35301901,0.00000000,2099129
2026-07-17,760197,2045-05-15,33.77231398,0.00000000,1988161
2026-07-17,760197,2045-08-15,33.13174307,0.00000000,2099129
2026-07-17,760197,2045-11-15,32.52256133,0.00000000,127551
2026-07-17,760197,2046-02-15,31.95289908,0.00000000,2099129
2026-07-17,760197,2046-05-15,31.38408437,0.00000000,127551
2026-07-17,760197,2046-08-15,30.78925865,0.00000000,2099129
2026-07-17,760197,2046-11-15,30.22366650,0.00000000,127551
2026-07-17,760197,2047-02-15,29.67738399,0.00000000,2099129
2026-07-17,760197,2047-05-15,29.16690008,0.00000000,127551
2026-07-17,760197,2047-08-15,28.61490647,0.00000000,2099129
2026-07-17,760197,2047-11-15,28.06539835,0.00000000,127551
2026-07-17,760197,2048-02-15,27.55910294,0.00000000,2099129
2026-07-17,760197,2048-05-15,27.08607685,0.00000000,127551
2026-07-17,760197,2048-08-15,26.57469159,0.00000000,2099129
2026-07-17,760197,2048-11-15,26.09627788,0.00000000,127551
2026-07-17,760197,2049-02-15,25.62686467,0.00000000,2099129
2026-07-17,760197,2049-05-15,25.17366827,0.00000000,127551
2026-07-17,760197,2049-08-15,24.70725530,0.00000000,2099129
2026-07-17,760197,2049-11-15,24.26413567,0.00000000,127551
2026-07-17,760197,2050-02-15,23.80863781,0.00000000,2099129
2026-07-17,760197,2050-05-15,23.39628177,0.00000000,127551
2026-07-17,760197,2050-08-15,22.96487257,0.00000000,2099129
2026-07-17,760197,2050-11-15,22.54844698,0.00000000,127551
2026-07-17,760197,2051-02-15,22.13991250,0.00000000,1370123
2026-07-17,760197,2051-05-15,21.75801747,0.00000000,127551
2026-07-17,760197,2051-08-15,21.35204404,0.00000000,1370123
2026-07-17,760197,2051-11-15,20.96609015,0.00000000,127551
2026-07-17,760197,2052-02-15,20.59334524,0.00000000,1370123
2026-07-17,760197,2052-05-15,20.23917704,0.00000000,127551
2026-07-17,760197,2052-08-15,19.86261751,0.00000000,1370123
2026-07-17,760197,2052-11-15,19.48768391,0.00000000,127551
2026-07-17,760197,2053-02-15,19.14213797,0.00000000,1370123
2026-07-17,760197,2053-05-15,18.82460973,0.00000000,127551
2026-07-17,760197,2053-08-15,18.47520013,0.00000000,1370123
2026-07-17,760197,2053-11-15,18.12723487,0.00000000,127551
2026-07-17,760197,2054-02-15,17.81674010,0.00000000,1370123
2026-07-17,760197,2054-05-15,17.50665165,0.00000000,127551
2026-07-17,760197,2054-08-15,17.18229524,0.00000000,1370123
2026-07-17,760197,2054-11-15,16.87861973,0.00000000,127551
2026-07-17,760197,2055-02-15,16.58040366,0.00000000,1370123
2026-07-17,760197,2055-05-15,16.29221687,0.00000000,127551
2026-07-17,760197,2055-08-15,15.99534410,0.00000000,1370123
2026-07-17,760197,2056-02-15,15.42697661,0.00000000,1370123
2026-07-17,760197,2056-08-15,14.88355690,0.00000000,1370123
2026-07-17,760197,2057-02-15,14.35973014,0.00000000,1370123
2026-07-17,760197,2057-08-15,13.85873222,0.00000000,1370123
2026-07-17,760197,2058-02-15,13.37178468,0.00000000,1370123
2026-07-17,760197,2058-08-15,12.90601496,0.00000000,1370123
2026-07-17,760197,2059-02-15,12.44970990,0.00000000,1370123
2026-07-17,760197,2059-08-15,12.01330936,0.00000000,1370123
2026-07-17,760197,2060-02-15,11.58261362,0.00000000,1370123
2026-07-17,760197,2060-08-15,11.17722332,0.00000000,1370123
2026-07-17,760198,2026-08-15,4693.58879324,0.00000000,2962057
2026-07-17,760198,2027-05-15,4429.48543162,0.00000000,11057
2026-07-17,760198,2028-08-15,3980.25392628,0.00000000,332199
2026-07-17,760198,2029-05-15,3766.73308528,0.00000000,6903073
2026-07-17,760198,2030-08-15,3394.37200276,0.00000000,437869
2026-07-17,760198,2031-05-15,3207.95535542,0.00000000,12024
2026-07-17,760198,2032-08-15,2894.13883140,0.00000000,3570134
2026-07-17,760198,2033-05-15,2732.67142940,0.00000000,78747
2026-07-17,760198,2035-05-15,2346.06941573,0.00000000,8627444
2026-07-17,760198,2037-05-15,2020.28064635,0.00000000,94021
2026-07-17,760198,2040-08-15,1602.89358617,0.00000000,5033295
2026-07-17,760198,2045-05-15,1142.38415123,0.00000000,9220336
2026-07-17,760198,2050-08-15,776.81104336,0.00000000,4987857
2026-07-17,760198,2055-05-15,551.10142442,0.00000000,127551
2026-07-17,760198,2060-08-15,378.08137120,0.00000000,1370123
2026-07-17,760199,2026-08-15,4832.34540567,0.00000000,5035-16-96
2026-07-17,760199,2027-05-15,4696.76399597,0.00000000,3266-94-94
2026-07-17,760199,2028-08-15,4621.19701526,0.00000000,4779-70-23
2026-07-17,760199,2029-05-15,4507.76068886,0.00000000,1715-38-77
2026-07-17,760199,2030-08-15,4463.71736156,0.00000000,4956-42-76
2026-07-17,760199,2031-05-15,4352.76767039,0.00000000,5052995
2026-07-17,760199,2032-08-15,4329.59675060,0.00000000,2357-94-36
2026-07-17,760199,2033-05-15,4222.34358427,0.00000000,1959-61-61
2026-07-17,760199,2035-05-15,4134.77957472,0.00000000,5670-30-65
2026-07-17,760199,2037-05-15,4069.23407951,0.00000000,5465686
2026-07-17,760199,2040-08-15,4083.26089490,0.00000000,3213-48-33
2026-07-17,760199,2045-05-15,3951.46867577,0.00000000,4059-68-52
2026-07-17,760199,2050-08-15,3955.06813071,0.00000000,4765-24-04
2026-07-17,760199,2055-05-15,3854.65197407,0.00000000,3149-29-66
2026-07-17,760199,2060-08-15,3906.84516824,0.00000000,2381-25-77
2026-07-17,770100,2031-01-01,7588.16490912,0.00000000,1104-09-15
2026-07-17,950197,2027-01-01,45.86041203,0.00000000,3917185
2026-07-17,950197,2027-07-01,42.92811700,0.00000000,3917185
2026-07-17,950197,2028-01-01,40.08780999,0.00000000,3917185
2026-07-17,950197,2028-07-01,37.45370470,0.00000000,3917185
2026-07-17,950197,2029-01-01,34.94090225,0.00000000,3917185
2026-07-17,950197,2029-07-01,32.56300330,0.00000000,3484357
2026-07-17,950197,2030-01-01,30.35311923,0.00000000,3484357
2026-07-17,950197,2030-07-01,28.31941200,0.00000000,3484357
2026-07-17,950197,2031-01-01,26.33776455,0.00000000,3484357
2026-07-17,950197,2031-07-01,24.58268213,0.00000000,3314178
2026-07-17,950197,2032-01-01,22.82449805,0.00000000,3314178
2026-07-17,950197,2032-07-01,21.29310489,0.00000000,3314178
2026-07-17,950197,2033-01-01,19.79042683,0.00000000,3314178
2026-07-17,950197,2033-07-01,18.45717152,0.00000000,2923849
2026-07-17,950197,2034-01-01,17.18861517,0.00000000,2923849
2026-07-17,950197,2034-07-01,16.02799165,0.00000000,2923849
2026-07-17,950197,2035-01-01,14.93344735,0.00000000,2923849
2026-07-17,950197,2035-07-01,13.92193856,0.00000000,532002
2026-07-17,950197,2036-01-01,12.99158392,0.00000000,532002
2026-07-17,950197,2036-07-01,12.11726503,0.00000000,532002
2026-07-17,950197,2037-01-01,11.23564116,0.00000000,532002
2026-07-17,950198,2029-01-01,715.87227003,0.00000000,432828
2026-07-17,950198,2031-01-01,539.61043036,0.00000000,170179
2026-07-17,950198,2033-01-01,405.46800071,0.00000000,390329
2026-07-17,950198,2035-01-01,305.95777914,0.00000000,2391847
2026-07-17,950198,2037-01-01,230.19680165,0.00000000,532002
2026-07-17,950199,2027-01-01,985.45255682,0.00000000,118150422
2026-07-17,950199,2029-01-01,917.10438078,0.00000000,123791475
2026-07-17,950199,2031-01-01,858.24074712,0.00000000,217562861
2026-07-17,950199,2033-01-01,812.22919027,0.00000000,9348-09-56
2026-07-17,950199,2035-01-01,778.78258761,0.00000000,116743786
2026-07-17,950199,2037-01-01,752.55287471,0.00000000,4508-68-56
2026-07-20,210100,2026-09-01,19454.40401496,0.00000000,9022070
2026-07-20,210100,2027-03-01,19446.06473341,0.00000000,2916-11-48
2026-07-20,210100,2027-09-01,19437.39819019,0.00000000,2849-09-63
2026-07-20,210100,2028-03-01,19425.83034970,0.00000000,1736-62-88
2026-07-20,210100,2028-09-01,19411.08987367,0.00000000,2035-04-27
2026-07-20,210100,2029-03-01,19395.60940355,0.00000000,1867-30-36
2026-07-20,210100,2029-09-01,19375.77797403,0.00000000,1696-96-86
2026-07-20,210100,2030-03-01,19358.81436852,0.00000000,1399-79-20
2026-07-20,210100,2030-06-01,19349.03789683,0.00000000,1039-95-64
2026-07-20,210100,2030-09-01,19337.53380207,0.00000000,1141-66-10
2026-07-20,210100,2030-12-01,19330.29866829,0.00000000,7563094
2026-07-20,210100,2031-03-01,19319.31683140,0.00000000,1239-70-41
2026-07-20,210100,2031-06-01,19308.07913722,0.00000000,9904924
2026-07-20,210100,2031-09-01,19297.76796338,0.00000000,8482100
2026-07-20,210100,2031-12-01,19277.85836830,0.00000000,6973214
2026-07-20,210100,2032-03-01,19261.86302997,0.00000000,9175721
2026-07-20,210100,2032-06-01,19242.33180635,0.00000000,1555-74-46
2026-07-20,210100,2032-09-01,19226.22616547,0.00000000,2987261
2026-07-20,100000,2026-10-01,971.81019157,0.00000000,146898528
2026-07-20,100000,2027-01-01,940.15351808,0.00000000,6046870
2026-07-20,100000,2027-04-01,910.25330365,0.00000000,161600082
2026-07-20,100000,2027-07-01,879.91565605,0.00000000,131288181
2026-07-20,100000,2027-10-01,849.56378919,0.00000000,124730702
2026-07-20,100000,2028-01-01,821.24307198,0.00000000,8975-87-09
2026-07-20,100000,2028-04-01,793.27508129,0.00000000,3650-69-83
2026-07-20,100000,2028-07-01,766.85847992,0.00000000,3130-35-99
2026-07-20,100000,2028-10-01,739.79543479,0.00000000,4999994
2026-07-20,100000,2029-01-01,715.35051576,0.00000000,252022663
2026-07-20,100000,2029-07-01,666.66992827,0.00000000,228152651
2026-07-20,100000,2030-01-01,621.29427778,0.00000000,168719956
2026-07-20,100000,2031-01-01,538.87270739,0.00000000,4907581
2026-07-20,100000,2032-01-01,466.68041019,0.00000000,193804229
2026-07-20,760197,2026-08-15,138.82740338,0.00000000,4039575
2026-07-20,760197,2026-11-15,135.67358556,0.00000000,4118182
2026-07-20,760197,2027-02-15,133.38835603,0.00000000,3520127
2026-07-20,760197,2027-05-15,131.05901073,0.00000000,4118182
2026-07-20,760197,2027-08-15,128.35629797,0.00000000,3520127
2026-07-20,760197,2027-11-15,125.69883941,0.00000000,4107125
2026-07-20,760197,2028-02-15,122.89941503,0.00000000,3520127
2026-07-20,760197,2028-05-15,120.41024517,0.00000000,4107125
2026-07-20,760197,2028-08-15,117.83567521,0.00000000,3520127
2026-07-20,760197,2028-11-15,115.53361941,0.00000000,4107125
2026-07-20,760197,2029-02-15,113.41676360,0.00000000,3187928
2026-07-20,760197,2029-05-15,111.26399621,0.00000000,4107125
2026-07-20,760197,2029-08-15,108.93833229,0.00000000,3187928
2026-07-20,760197,2029-11-15,106.69742020,0.00000000,3918065
2026-07-20,760197,2030-02-15,104.52591801,0.00000000,3187928
2026-07-20,760197,2030-05-15,102.51478916,0.00000000,3918065
2026-07-20,760197,2030-08-15,100.39441524,0.00000000,3187928
2026-07-20,760197,2030-11-15,98.38501620,0.00000000,3918065
2026-07-20,760197,2031-02-15,96.58161945,0.00000000,2750059
2026-07-20,760197,2031-05-15,94.88047404,0.00000000,3918065
2026-07-20,760197,2031-08-15,92.92567720,0.00000000,2750059
2026-07-20,760197,2031-11-15,90.94326743,0.00000000,3906041
2026-07-20,760197,2032-02-15,89.16664777,0.00000000,2750059
2026-07-20,760197,2032-05-15,87.35414621,0.00000000,3906041
2026-07-20,760197,2032-08-15,85.59884220,0.00000000,2750059
2026-07-20,760197,2032-11-15,83.97903461,0.00000000,3906041
2026-07-20,760197,2033-02-15,82.32672186,0.00000000,2454996
2026-07-20,760197,2033-05-15,80.82303450,0.00000000,3906041
2026-07-20,760197,2033-08-15,79.24099511,0.00000000,2454996
2026-07-20,760197,2033-11-15,77.71849318,0.00000000,3827294
2026-07-20,760197,2034-02-15,76.18296138,0.00000000,2454996
2026-07-20,760197,2034-05-15,74.84233452,0.00000000,3827294
2026-07-20,760197,2034-08-15,73.37220575,0.00000000,2454996
2026-07-20,760197,2034-11-15,71.97910303,0.00000000,3827294
2026-07-20,760197,2035-02-15,70.68072479,0.00000000,2454996
2026-07-20,760197,2035-05-15,69.38842085,0.00000000,3827294
2026-07-20,760197,2035-08-15,68.04138460,0.00000000,2454996
2026-07-20,760197,2035-11-15,66.76463979,0.00000000,2082182
2026-07-20,760197,2036-02-15,65.53523335,0.00000000,2454996
2026-07-20,760197,2036-05-15,64.38968998,0.00000000,2082182
2026-07-20,760197,2036-08-15,63.15454651,0.00000000,2454996
2026-07-20,760197,2036-11-15,61.92858661,0.00000000,2082182
2026-07-20,760197,2037-02-15,60.80219496,0.00000000,2454996
2026-07-20,760197,2037-05-15,59.75252443,0.00000000,2082182
2026-07-20,760197,2037-08-15,58.62434985,0.00000000,2454996
2026-07-20,760197,2037-11-15,57.57788743,0.00000000,1988161
2026-07-20,760197,2038-02-15,56.55879561,0.00000000,2454996
2026-07-20,760197,2038-05-15,55.58133741,0.00000000,1988161
2026-07-20,760197,2038-08-15,54.58102909,0.00000000,2454996
2026-07-20,760197,2038-11-15,53.63499673,0.00000000,1988161
2026-07-20,760197,2039-02-15,52.66576558,0.00000000,2454996
2026-07-20,760197,2039-05-15,51.79005046,0.00000000,1988161
2026-07-20,760197,2039-08-15,50.87435901,0.00000000,2454996
2026-07-20,760197,2039-11-15,49.98988350,0.00000000,1988161
2026-07-20,760197,2040-02-15,49.12053213,0.00000000,2454996
2026-07-20,760197,2040-05-15,48.27816348,0.00000000,1988161
2026-07-20,760197,2040-08-15,47.40739139,0.00000000,2454996
2026-07-20,760197,2040-11-15,46.57628164,0.00000000,1988161
2026-07-20,760197,2041-02-15,45.77231586,0.00000000,2099129
2026-07-20,760197,2041-05-15,45.01971912,0.00000000,1988161
2026-07-20,760197,2041-08-15,44.20423897,0.00000000,2099129
2026-07-20,760197,2041-11-15,43.39040843,0.00000000,1988161
2026-07-20,760197,2042-02-15,42.63852641,0.00000000,2099129
2026-07-20,760197,2042-05-15,41.94589570,0.00000000,1988161
2026-07-20,760197,2042-08-15,41.18164806,0.00000000,2099129
2026-07-20,760197,2042-11-15,40.41820653,0.00000000,1988161
2026-07-20,760197,2043-02-15,39.73482381,0.00000000,2099129
2026-07-20,760197,2043-05-15,39.05014953,0.00000000,1988161
2026-07-20,760197,2043-08-15,38.33145970,0.00000000,2099129
2026-07-20,760197,2043-11-15,37.65609832,0.00000000,1988161
2026-07-20,760197,2044-02-15,36.99036875,0.00000000,2099129
2026-07-20,760197,2044-05-15,36.34451367,0.00000000,1988161
2026-07-20,760197,2044-08-15,35.67636474,0.00000000,2099129
2026-07-20,760197,2044-11-15,35.02786309,0.00000000,1988161
2026-07-20,760197,2045-02-15,34.36808046,0.00000000,2099129
2026-07-20,760197,2045-05-15,33.78711755,0.00000000,1988161
2026-07-20,760197,2045-08-15,33.14626265,0.00000000,2099129
2026-07-20,760197,2045-11-15,32.53681095,0.00000000,127551
2026-07-20,760197,2046-02-15,31.96689637,0.00000000,2099129
2026-07-20,760197,2046-05-15,31.39782979,0.00000000,127551
2026-07-20,760197,2046-08-15,30.80274077,0.00000000,2099129
2026-07-20,760197,2046-11-15,30.23689835,0.00000000,127551
2026-07-20,760197,2047-02-15,29.69037417,0.00000000,2099129
2026-07-20,760197,2047-05-15,29.17966450,0.00000000,127551
2026-07-20,760197,2047-08-15,28.62742682,0.00000000,2099129
2026-07-20,760197,2047-11-15,28.07767579,0.00000000,127551
2026-07-20,760197,2048-02-15,27.57115662,0.00000000,2099129
2026-07-20,760197,2048-05-15,27.09792149,0.00000000,127551
2026-07-20,760197,2048-08-15,26.58631028,0.00000000,2099129
2026-07-20,760197,2048-11-15,26.10768521,0.00000000,127551
2026-07-20,760197,2049-02-15,25.63806463,0.00000000,2099129
2026-07-20,760197,2049-05-15,25.18466803,0.00000000,127551
2026-07-20,760197,2049-08-15,24.71804903,0.00000000,2099129
2026-07-20,760197,2049-11-15,24.27473367,0.00000000,127551
2026-07-20,760197,2050-02-15,23.81903459,0.00000000,2099129
2026-07-20,760197,2050-05-15,23.40649640,0.00000000,127551
2026-07-20,760197,2050-08-15,22.97489661,0.00000000,2099129
2026-07-20,760197,2050-11-15,22.55828705,0.00000000,127551
2026-07-20,760197,2051-02-15,22.14957213,0.00000000,1370123
2026-07-20,760197,2051-05-15,21.76750843,0.00000000,127551
2026-07-20,760197,2051-08-15,21.36135574,0.00000000,1370123
2026-07-20,760197,2051-11-15,20.97523147,0.00000000,127551
2026-07-20,760197,2052-02-15,20.60232204,0.00000000,1370123
2026-07-20,760197,2052-05-15,20.24799754,0.00000000,127551
2026-07-20,760197,2052-08-15,19.87127186,0.00000000,1370123
2026-07-20,760197,2052-11-15,19.49617288,0.00000000,127551
2026-07-20,760197,2053-02-15,19.15047456,0.00000000,1370123
2026-07-20,760197,2053-05-15,18.83280632,0.00000000,127551
2026-07-20,760197,2053-08-15,18.48324272,0.00000000,1370123
2026-07-20,760197,2053-11-15,18.13512413,0.00000000,127551
2026-07-20,760197,2054-02-15,17.82449257,0.00000000,1370123
2026-07-20,760197,2054-05-15,17.51426756,0.00000000,127551
2026-07-20,760197,2054-08-15,17.18976834,0.00000000,1370123
2026-07-20,760197,2054-11-15,16.88595918,0.00000000,127551
2026-07-20,760197,2055-02-15,16.58761189,0.00000000,1370123
2026-07-20,760197,2055-05-15,16.29929834,0.00000000,127551
2026-07-20,760197,2055-08-15,16.00229503,0.00000000,1370123
2026-07-20,760197,2056-02-15,15.43367771,0.00000000,1370123
2026-07-20,760197,2056-08-15,14.89001927,0.00000000,1370123
2026-07-20,760197,2057-02-15,14.36596249,0.00000000,1370123
2026-07-20,760197,2057-08-15,13.86474470,0.00000000,1370123
2026-07-20,760197,2058-02-15,13.37758356,0.00000000,1370123
2026-07-20,760197,2058-08-15,12.91160963,0.00000000,1370123
2026-07-20,760197,2059-02-15,12.45510461,0.00000000,1370123
2026-07-20,760197,2059-08-15,12.01851293,0.00000000,1370123
2026-07-20,760197,2060-02-15,11.58762864,0.00000000,1370123
2026-07-20,760197,2060-08-15,11.18206096,0.00000000,1370123
2026-07-20,760198,2026-08-15,4695.98338713,0.00000000,2960069
2026-07-20,760198,2027-05-15,4433.20930977,0.00000000,11057
2026-07-20,760198,2028-08-15,3985.91603482,0.00000000,332199
2026-07-20,760198,2029-05-15,3763.62205906,0.00000000,6901438
2026-07-20,760198,2030-08-15,3395.94701518,0.00000000,437869
2026-07-20,760198,2031-05-15,3209.43213650,0.00000000,12024
2026-07-20,760198,2032-08-15,2895.47114715,0.00000000,3598028
2026-07-20,760198,2033-05-15,2733.92441304,0.00000000,78747
2026-07-20,760198,2035-05-15,2347.13654244,0.00000000,8632686
2026-07-20,760198,2037-05-15,2021.19217975,0.00000000,94021
2026-07-20,760198,2040-08-15,1603.60503010,0.00000000,5041955
2026-07-20,760198,2045-05-15,1142.88489771,0.00000000,9218321
2026-07-20,760198,2050-08-15,777.15011711,0.00000000,4996893
2026-07-20,760198,2055-05-15,551.34096262,0.00000000,127551
2026-07-20,760198,2060-08-15,378.24500927,0.00000000,1370123
2026-07-20,760199,2026-08-15,4834.81079097,0.00000000,5035-14-40
2026-07-20,760199,2027-05-15,4700.68191022,0.00000000,3266-94-94
2026-07-20,760199,2028-08-15,4627.46529227,0.00000000,4779-70-23
2026-07-20,760199,2029-05-15,4504.47815924,0.00000000,1715-38-77
2026-07-20,760199,2030-08-15,4465.78855773,0.00000000,4956-42-17
2026-07-20,760199,2031-05-15,4354.77146539,0.00000000,5078196
2026-07-20,760199,2032-08-15,4331.58987887,0.00000000,2357-93-93
2026-07-20,760199,2033-05-15,4224.27961192,0.00000000,1960-75-69
2026-07-20,760199,2035-05-15,4136.66030923,0.00000000,5679-53-25
2026-07-20,760199,2037-05-15,4071.07008321,0.00000000,5467654
2026-07-20,760199,2040-08-15,4085.07324925,0.00000000,3213-94-27
2026-07-20,760199,2045-05-15,3953.20074114,0.00000000,4060-74-34
2026-07-20,760199,2050-08-15,3956.79449618,0.00000000,4765-23-87
2026-07-20,760199,2055-05-15,3856.32741227,0.00000000,3153-34-22
2026-07-20,760199,2060-08-15,3908.53609681,0.00000000,2381-30-56
2026-07-20,770100,2031-01-01,7585.47646651,0.00000000,1104-09-15
2026-07-20,950197,2027-01-01,45.88781204,0.00000000,3917185
2026-07-20,950197,2027-07-01,42.94767127,0.00000000,3917185
2026-07-20,950197,2028-01-01,40.08392991,0.00000000,3917185
2026-07-20,950197,2028-07-01,37.42948052,0.00000000,3917185
2026-07-20,950197,2029-01-01,34.91543602,0.00000000,3917185
2026-07-20,950197,2029-07-01,32.53939253,0.00000000,3484357
2026-07-20,950197,2030-01-01,30.32465921,0.00000000,3484357
2026-07-20,950197,2030-07-01,28.29174476,0.00000000,3484357
2026-07-20,950197,2031-01-01,26.30175714,0.00000000,3484357
2026-07-20,950197,2031-07-01,24.54919891,0.00000000,3314178
2026-07-20,950197,2032-01-01,22.77813414,0.00000000,3314178
2026-07-20,950197,2032-07-01,21.24487538,0.00000000,3314178
2026-07-20,950197,2033-01-01,19.74085877,0.00000000,3314178
2026-07-20,950197,2033-07-01,18.40663385,0.00000000,2923849
2026-07-20,950197,2034-01-01,17.10434114,0.00000000,2923849
2026-07-20,950197,2034-07-01,15.94363570,0.00000000,2923849
2026-07-20,950197,2035-01-01,14.87660014,0.00000000,2923849
2026-07-20,950197,2035-07-01,13.86540286,0.00000000,532002
2026-07-20,950197,2036-01-01,12.91440125,0.00000000,532002
2026-07-20,950197,2036-07-01,12.04120989,0.00000000,532002
2026-07-20,950197,2037-01-01,11.17627233,0.00000000,532002
2026-07-20,950198,2029-01-01,715.35051576,0.00000000,432828
2026-07-20,950198,2031-01-01,538.87270739,0.00000000,170179
2026-07-20,950198,2033-01-01,404.45244612,0.00000000,390329
2026-07-20,950198,2035-01-01,304.79308851,0.00000000,2391847
2026-07-20,950198,2037-01-01,228.98044777,0.00000000,532002
2026-07-20,950199,2027-01-01,986.04133052,0.00000000,118150405
2026-07-20,950199,2029-01-01,916.57588530,0.00000000,123791441
2026-07-20,950199,2031-01-01,857.38111245,0.00000000,217814132
2026-07-20,950199,2033-01-01,810.91444838,0.00000000,9348-07-59
2026-07-20,950199,2035-01-01,777.04270118,0.00000000,116742953
2026-07-20,950199,2037-01-01,750.49253934,0.00000000,4522-46-06
2026-07-21,210100,2026-09-01,19464.64531939,0.00000000,9022070
2026-07-21,210100,2027-03-01,19456.46426482,0.00000000,2916-06-35
2026-07-21,210100,2027-09-01,19447.61096106,0.00000000,2850-63-91
2026-07-21,210100,2028-03-01,19436.04760589,0.00000000,1736-53-80
2026-07-21,210100,2028-09-01,19421.37136545,0.00000000,2035-04-27
2026-07-21,210100,2029-03-01,19405.84062390,0.00000000,1867-24-05
2026-07-21,210100,2029-09-01,19386.23920736,0.00000000,1696-96-86
2026-07-21,210100,2030-03-01,19368.95250728,0.00000000,1399-79-20
2026-07-21,210100,2030-06-01,19359.16463124,0.00000000,1039-95-64
2026-07-21,210100,2030-09-01,19347.80692762,0.00000000,1141-66-10
2026-07-21,210100,2030-12-01,19340.65171077,0.00000000,7560428
2026-07-21,210100,2031-03-01,19329.49534498,0.00000000,1240-28-82
2026-07-21,210100,2031-06-01,19318.15713282,0.00000000,9904924
2026-07-21,210100,2031-09-01,19307.93069324,0.00000000,8479429
2026-07-21,210100,2031-12-01,19288.01467478,0.00000000,6973214
2026-07-21,210100,2032-03-01,19272.01190969,0.00000000,9175721
2026-07-21,210100,2032-06-01,19252.58493962,0.00000000,1555-74-46
2026-07-21,210100,2032-09-01,19236.70872467,0.00000000,2987261
2026-07-21,100000,2026-10-01,972.29802605,0.00000000,146686218
2026-07-21,100000,2027-01-01,940.32413834,0.00000000,6045834
2026-07-21,100000,2027-04-01,910.02972857,0.00000000,162146727
2026-07-21,100000,2027-07-01,879.12583859,0.00000000,131413181
2026-07-21,100000,2027-10-01,848.33481233,0.00000000,124730702
2026-07-21,100000,2028-01-01,819.56023162,0.00000000,103597985
2026-07-21,100000,2028-04-01,791.23972251,0.00000000,3650-69-83
2026-07-21,100000,2028-07-01,764.42565860,0.00000000,3132-35-99
2026-07-21,100000,2028-10-01,736.95229190,0.00000000,4999994
2026-07-21,100000,2029-01-01,712.26410700,0.00000000,252059135
2026-07-21,100000,2029-07-01,663.23058556,0.00000000,234027651
2026-07-21,100000,2030-01-01,617.67647330,0.00000000,168719956
2026-07-21,100000,2031-01-01,535.04756081,0.00000000,4906177
2026-07-21,100000,2032-01-01,462.89464429,0.00000000,194899220
2026-07-21,760197,2026-08-15,138.90905814,0.00000000,4047538
2026-07-21,760197,2026-11-15,135.75661574,0.00000000,4137615
2026-07-21,760197,2027-02-15,133.48121635,0.00000000,3528090
2026-07-21,760197,2027-05-15,131.16873557,0.00000000,4137615
2026-07-21,760197,2027-08-15,128.46391068,0.00000000,3528090
2026-07-21,760197,2027-11-15,125.75447460,0.00000000,4126558
2026-07-21,760197,2028-02-15,122.86243460,0.00000000,3528090
2026-07-21,760197,2028-05-15,120.28678716,0.00000000,4126558
2026-07-21,760197,2028-08-15,117.66761827,0.00000000,3528090
2026-07-21,760197,2028-11-15,115.39158087,0.00000000,4126558
2026-07-21,760197,2029-02-15,113.31528781,0.00000000,3195263
2026-07-21,760197,2029-05-15,111.17257302,0.00000000,4126558
2026-07-21,760197,2029-08-15,108.80885170,0.00000000,3195263
2026-07-21,760197,2029-11-15,106.51410302,0.00000000,3937498
2026-07-21,760197,2030-02-15,104.28361832,0.00000000,3195263
2026-07-21,760197,2030-05-15,102.22221687,0.00000000,3937498
2026-07-21,760197,2030-08-15,100.06824570,0.00000000,3195263
2026-07-21,760197,2030-11-15,98.04360410,0.00000000,3937498
2026-07-21,760197,2031-02-15,96.22573835,0.00000000,2754387
2026-07-21,760197,2031-05-15,94.50726608,0.00000000,3937498
2026-07-21,760197,2031-08-15,92.53292515,0.00000000,2754387
2026-07-21,760197,2031-11-15,90.53627166,0.00000000,3924702
2026-07-21,760197,2032-02-15,88.74989844,0.00000000,2754387
2026-07-21,760197,2032-05-15,86.92844060,0.00000000,3924702
2026-07-21,760197,2032-08-15,85.16308259,0.00000000,2754387
2026-07-21,760197,2032-11-15,83.53127142,0.00000000,3924702
2026-07-21,760197,2033-02-15,81.86688964,0.00000000,2459324
2026-07-21,760197,2033-05-15,80.35625711,0.00000000,3924702
2026-07-21,760197,2033-08-15,78.76725774,0.00000000,2459324
2026-07-21,760197,2033-11-15,77.23326238,0.00000000,3845955
2026-07-21,760197,2034-02-15,75.68323794,0.00000000,2459324
2026-07-21,760197,2034-05-15,74.32937436,0.00000000,3845955
2026-07-21,760197,2034-08-15,72.84641217,0.00000000,2459324
2026-07-21,760197,2034-11-15,71.44533657,0.00000000,3845955
2026-07-21,760197,2035-02-15,70.14580069,0.00000000,2459324
2026-07-21,760197,2035-05-15,68.86112686,0.00000000,3845955
2026-07-21,760197,2035-08-15,67.53322196,0.00000000,2459324
2026-07-21,760197,2035-11-15,66.28385555,0.00000000,2100843
2026-07-21,760197,2036-02-15,65.08766456,0.00000000,2459324
2026-07-21,760197,2036-05-15,63.97744372,0.00000000,2100843
2026-07-21,760197,2036-08-15,62.78297219,0.00000000,2459324
2026-07-21,760197,2036-11-15,61.59744798,0.00000000,2100843
2026-07-21,760197,2037-02-15,60.50562882,0.00000000,2459324
2026-07-21,760197,2037-05-15,59.48346162,0.00000000,2100843
2026-07-21,760197,2037-08-15,58.37784004,0.00000000,2459324
2026-07-21,760197,2037-11-15,57.34589989,0.00000000,2003895
2026-07-21,760197,2038-02-15,56.33529030,0.00000000,2459324
2026-07-21,760197,2038-05-15,55.36106051,0.00000000,2003895
2026-07-21,760197,2038-08-15,54.35954797,0.00000000,2459324
2026-07-21,760197,2038-11-15,53.40873214,0.00000000,2003895
2026-07-21,760197,2039-02-15,52.43162032,0.00000000,2459324
2026-07-21,760197,2039-05-15,51.54689320,0.00000000,2003895
2026-07-21,760197,2039-08-15,50.62069004,0.00000000,2459324
2026-07-21,760197,2039-11-15,49.72590839,0.00000000,2003895
2026-07-21,760197,2040-02-15,48.84725404,0.00000000,2459324
2026-07-21,760197,2040-05-15,47.99764262,0.00000000,2003895
2026-07-21,760197,2040-08-15,47.12231917,0.00000000,2459324
2026-07-21,760197,2040-11-15,46.28848761,0.00000000,2003895
2026-07-21,760197,2041-02-15,45.48161559,0.00000000,2103457
2026-07-21,760197,2041-05-15,44.72613740,0.00000000,2003895
2026-07-21,760197,2041-08-15,43.90745931,0.00000000,2103457
2026-07-21,760197,2041-11-15,43.09047402,0.00000000,2003895
2026-07-21,760197,2042-02-15,42.33582241,0.00000000,2103457
2026-07-21,760197,2042-05-15,41.64086255,0.00000000,2003895
2026-07-21,760197,2042-08-15,40.87440905,0.00000000,2103457
2026-07-21,760197,2042-11-15,40.10927815,0.00000000,2003895
2026-07-21,760197,2043-02-15,39.42493936,0.00000000,2103457
2026-07-21,760197,2043-05-15,38.73995146,0.00000000,2003895
2026-07-21,760197,2043-08-15,38.02175778,0.00000000,2103457
2026-07-21,760197,2043-11-15,37.34776265,0.00000000,2003895
2026-07-21,760197,2044-02-15,36.68436165,0.00000000,2103457
2026-07-21,760197,2044-05-15,36.04182057,0.00000000,2003895
2026-07-21,760197,2044-08-15,35.37832674,0.00000000,2103457
2026-07-21,760197,2044-11-15,34.73567031,0.00000000,2003895
2026-07-21,760197,2045-02-15,34.08331791,0.00000000,2103457
2026-07-21,760197,2045-05-15,33.51025346,0.00000000,2003895
2026-07-21,760197,2045-08-15,32.87778419,0.00000000,2103457
2026-07-21,760197,2045-11-15,32.27440951,0.00000000,141297
2026-07-21,760197,2046-02-15,31.70862266,0.00000000,2103457
2026-07-21,760197,2046-05-15,31.14230228,0.00000000,141297
2026-07-21,760197,2046-08-15,30.54876243,0.00000000,2103457
2026-07-21,760197,2046-11-15,29.98329426,0.00000000,141297
2026-07-21,760197,2047-02-15,29.43627202,0.00000000,2103457
2026-07-21,760197,2047-05-15,28.92448012,0.00000000,141297
2026-07-21,760197,2047-08-15,28.37057534,0.00000000,2103457
2026-07-21,760197,2047-11-15,27.81884897,0.00000000,141297
2026-07-21,760197,2048-02-15,27.31042085,0.00000000,2103457
2026-07-21,760197,2048-05-15,26.83549592,0.00000000,141297
2026-07-21,760197,2048-08-15,26.32235684,0.00000000,2103457
2026-07-21,760197,2048-11-15,25.84278119,0.00000000,141297
2026-07-21,760197,2049-02-15,25.37287862,0.00000000,2103457
2026-07-21,760197,2049-05-15,24.92001768,0.00000000,141297
2026-07-21,760197,2049-08-15,24.45499501,0.00000000,2103457
2026-07-21,760197,2049-11-15,24.01439391,0.00000000,141297
2026-07-21,760197,2050-02-15,23.56293877,0.00000000,2103457
2026-07-21,760197,2050-05-15,23.15572940,0.00000000,141297
2026-07-21,760197,2050-08-15,22.73145226,0.00000000,2103457
2026-07-21,760197,2050-11-15,22.32405041,0.00000000,141297
2026-07-21,760197,2051-02-15,21.92657060,0.00000000,1374451
2026-07-21,760197,2051-05-15,21.55680617,0.00000000,141297
2026-07-21,760197,2051-08-15,21.16542889,0.00000000,1374451
2026-07-21,760197,2051-11-15,20.79476707,0.00000000,141297
2026-07-21,760197,2052-02-15,20.43788982,0.00000000,1374451
2026-07-21,760197,2052-05-15,20.09959821,0.00000000,141297
2026-07-21,760197,2052-08-15,19.74054160,0.00000000,1374451
2026-07-21,760197,2052-11-15,19.38341315,0.00000000,141297
2026-07-21,760197,2053-02-15,19.05436292,0.00000000,1374451
2026-07-21,760197,2053-05-15,18.75185073,0.00000000,141297
2026-07-21,760197,2053-08-15,18.41855630,0.00000000,1374451
2026-07-21,760197,2053-11-15,18.08593083,0.00000000,141297
2026-07-21,760197,2054-02-15,17.78827151,0.00000000,1374451
2026-07-21,760197,2054-05-15,17.48995085,0.00000000,141297
2026-07-21,760197,2054-08-15,17.17650156,0.00000000,1374451
2026-07-21,760197,2054-11-15,16.88146430,0.00000000,141297
2026-07-21,760197,2055-02-15,16.58997836,0.00000000,1374451
2026-07-21,760197,2055-05-15,16.30638289,0.00000000,141297
2026-07-21,760197,2055-08-15,16.01232640,0.00000000,1374451
2026-07-21,760197,2056-02-15,15.44458648,0.00000000,1374451
2026-07-21,760197,2056-08-15,14.89593172,0.00000000,1374451
2026-07-21,760197,2057-02-15,14.36171190,0.00000000,1374451
2026-07-21,760197,2057-08-15,13.84594743,0.00000000,1374451
2026-07-21,760197,2058-02-15,13.34023965,0.00000000,1374451
2026-07-21,760197,2058-08-15,12.85259965,0.00000000,1374451
2026-07-21,760197,2059-02-15,12.37131421,0.00000000,1374451
2026-07-21,760197,2059-08-15,11.90792090,0.00000000,1374451
2026-07-21,760197,2060-02-15,11.44782882,0.00000000,1374451
2026-07-21,760197,2060-08-15,11.01249637,0.00000000,1374451
2026-07-21,760198,2026-08-15,4698.74544555,0.00000000,2958285
2026-07-21,760198,2027-05-15,4436.92086809,0.00000000,11057
2026-07-21,760198,2028-08-15,3980.23133139,0.00000000,332827
2026-07-21,760198,2029-05-15,3760.52957334,0.00000000,6899972
2026-07-21,760198,2030-08-15,3384.91398637,0.00000000,440876
2026-07-21,760198,2031-05-15,3196.80798367,0.00000000,12796
2026-07-21,760198,2032-08-15,2880.73111866,0.00000000,3622801
2026-07-21,760198,2033-05-15,2718.13517534,0.00000000,78747
2026-07-21,760198,2035-05-15,2329.30026706,0.00000000,8630515
2026-07-21,760198,2037-05-15,2012.09084627,0.00000000,96948
2026-07-21,760198,2040-08-15,1593.96216151,0.00000000,5048335
2026-07-21,760198,2045-05-15,1133.51967783,0.00000000,9219092
2026-07-21,760198,2050-08-15,768.91535503,0.00000000,5001305
2026-07-21,760198,2055-05-15,551.58060493,0.00000000,141297
2026-07-21,760198,2060-08-15,372.50930837,0.00000000,1374451
2026-07-21,760199,2026-08-15,4837.65450415,0.00000000,5035-10-96
2026-07-21,760199,2027-05-15,4704.58670266,0.00000000,3266-94-94
2026-07-21,760199,2028-08-15,4621.47602283,0.00000000,4779-63-95
2026-07-21,760199,2029-05-15,4501.21726470,0.00000000,1699-11-74
2026-07-21,760199,2030-08-15,4453.35832374,0.00000000,4956-11-87
2026-07-21,760199,2031-05-15,4340.15769901,0.00000000,5190704
2026-07-21,760199,2032-08-15,4313.84713808,0.00000000,2357-90-94
2026-07-21,760199,2033-05-15,4204.75139047,0.00000000,1960-75-69
2026-07-21,760199,2035-05-15,4113.02502440,0.00000000,5679-04-10
2026-07-21,760199,2037-05-15,4058.39408571,0.00000000,5466293
2026-07-21,760199,2040-08-15,4069.97573549,0.00000000,3225-36-27
2026-07-21,760199,2045-05-15,3935.54553577,0.00000000,4060-60-51
2026-07-21,760199,2050-08-15,3937.50804873,0.00000000,4765-23-81
2026-07-21,760199,2055-05-15,3858.00357870,0.00000000,3154-87-25
2026-07-21,760199,2060-08-15,3887.43814263,0.00000000,2382-25-87
2026-07-21,770100,2031-01-01,7587.86305158,0.00000000,1104-09-15
2026-07-21,950197,2027-01-01,45.89613982,0.00000000,3979766
2026-07-21,950197,2027-07-01,42.90912119,0.00000000,3979766
2026-07-21,950197,2028-01-01,40.00179241,0.00000000,3979766
2026-07-21,950197,2028-07-01,37.31073731,0.00000000,3979766
2026-07-21,950197,2029-01-01,34.76479196,0.00000000,3979766
2026-07-21,950197,2029-07-01,32.37152217,0.00000000,3546938
2026-07-21,950197,2030-01-01,30.14807833,0.00000000,3546938
2026-07-21,950197,2030-07-01,28.10625593,0.00000000,3546938
2026-07-21,950197,2031-01-01,26.11505614,0.00000000,3546938
2026-07-21,950197,2031-07-01,24.34416723,0.00000000,3370761
2026-07-21,950197,2032-01-01,22.59335526,0.00000000,3370761
2026-07-21,950197,2032-07-01,21.05592037,0.00000000,3370761
2026-07-21,950197,2033-01-01,19.56030952,0.00000000,3370761
2026-07-21,950197,2033-07-01,18.22469310,0.00000000,2980432
2026-07-21,950197,2034-01-01,16.95507979,0.00000000,2980432
2026-07-21,950197,2034-07-01,15.79474847,0.00000000,2980432
2026-07-21,950197,2035-01-01,14.71783058,0.00000000,2980432
2026-07-21,950197,2035-07-01,13.70837680,0.00000000,552002
2026-07-21,950197,2036-01-01,12.74927670,0.00000000,552002
2026-07-21,950197,2036-07-01,11.87897332,0.00000000,552002
2026-07-21,950197,2037-01-01,11.02751388,0.00000000,552002
2026-07-21,950198,2029-01-01,712.26410700,0.00000000,432828
2026-07-21,950198,2031-01-01,535.04756081,0.00000000,176177
2026-07-21,950198,2033-01-01,400.75333711,0.00000000,390329
2026-07-21,950198,2035-01-01,301.54020377,0.00000000,2428430
2026-07-21,950198,2037-01-01,225.93267156,0.00000000,552002
2026-07-21,950199,2027-01-01,986.22027863,0.00000000,118054088
2026-07-21,950199,2029-01-01,913.10751670,0.00000000,123791391
2026-07-21,950199,2031-01-01,852.45927970,0.00000000,218392694
2026-07-21,950199,2033-01-01,805.36592610,0.00000000,9345-98-39
2026-07-21,950199,2035-01-01,771.31382969,0.00000000,116704726
2026-07-21,950199,2037-01-01,744.34781612,0.00000000,4676-53-11
2026-07-22,210100,2026-09-01,19474.91533580,0.00000000,9022070
2026-07-22,210100,2027-03-01,19467.05429393,0.00000000,2915-99-11
2026-07-22,210100,2027-09-01,19457.89436369,0.00000000,2850-63-91
2026-07-22,210100,2028-03-01,19446.42627184,0.00000000,1736-43-38
2026-07-22,210100,2028-09-01,19431.69928030,0.00000000,2035-04-27
2026-07-22,210100,2029-03-01,19416.07739502,0.00000000,1867-14-80
2026-07-22,210100,2029-09-01,19396.70562802,0.00000000,1696-96-86
2026-07-22,210100,2030-03-01,19379.37364277,0.00000000,1399-79-20
2026-07-22,210100,2030-06-01,19369.44510357,0.00000000,1039-95-64
2026-07-22,210100,2030-09-01,19358.08551063,0.00000000,1141-66-10
2026-07-22,210100,2030-12-01,19350.92641588,0.00000000,7560428
2026-07-22,210100,2031-03-01,19339.85607577,0.00000000,1240-70-80
2026-07-22,210100,2031-06-01,19328.42678008,0.00000000,9904924
2026-07-22,210100,2031-09-01,19318.29470750,0.00000000,8479429
2026-07-22,210100,2031-12-01,19298.27915455,0.00000000,6973214
2026-07-22,210100,2032-03-01,19281.84458534,0.00000000,9175721
2026-07-22,210100,2032-06-01,19262.84353603,0.00000000,1555-74-46
2026-07-22,210100,2032-09-01,19246.96297798,0.00000000,2987261
2026-07-22,100000,2026-10-01,972.84593814,0.00000000,144138169
2026-07-22,100000,2027-01-01,941.01630198,0.00000000,6043589
2026-07-22,100000,2027-04-01,910.82345412,0.00000000,162146727
2026-07-22,100000,2027-07-01,879.89188335,0.00000000,131488181
2026-07-22,100000,2027-10-01,848.84193345,0.00000000,124730702
2026-07-22,100000,2028-01-01,819.95643400,0.00000000,103594064
2026-07-22,100000,2028-04-01,791.44005354,0.00000000,3650-69-83
2026-07-22,100000,2028-07-01,764.39565448,0.00000000,3132-35-99
2026-07-22,100000,2028-10-01,736.93893725,0.00000000,4999994
2026-07-22,100000,2029-01-01,711.98279591,0.00000000,252098395
2026-07-22,100000,2029-07-01,662.76027455,0.00000000,234027651
2026-07-22,100000,2030-01-01,617.01567128,0.00000000,168719956
2026-07-22,100000,2031-01-01,534.32474159,0.00000000,4904919
2026-07-22,100000,2032-01-01,461.96240807,0.00000000,194954784
2026-07-22,760197,2026-08-15,138.98007753,0.00000000,4047872
2026-07-22,760197,2026-11-15,135.81972390,0.00000000,4137615
2026-07-22,760197,2027-02-15,133.53778653,0.00000000,3528424
2026-07-22,760197,2027-05-15,131.21903224,0.00000000,4137615
2026-07-22,760197,2027-08-15,128.49671934,0.00000000,3528424
2026-07-22,760197,2027-11-15,125.74574765,0.00000000,4126558
2026-07-22,760197,2028-02-15,122.79116386,0.00000000,3528424
2026-07-22,760197,2028-05-15,120.15603774,0.00000000,4126558
2026-07-22,760197,2028-08-15,117.49183077,0.00000000,3528424
2026-07-22,760197,2028-11-15,115.19056140,0.00000000,4126558
2026-07-22,760197,2029-02-15,113.09065092,0.00000000,3195597
2026-07-22,760197,2029-05-15,110.93075295,0.00000000,4126558
2026-07-22,760197,2029-08-15,108.56854782,0.00000000,3195597
2026-07-22,760197,2029-11-15,106.29553001,0.00000000,3937498
2026-07-22,760197,2030-02-15,104.09613405,0.00000000,3195597
2026-07-22,760197,2030-05-15,102.06230676,0.00000000,3937498
2026-07-22,760197,2030-08-15,99.92172879,0.00000000,3195597
2026-07-22,760197,2030-11-15,97.88452543,0.00000000,3937498
2026-07-22,760197,2031-02-15,96.05047046,0.00000000,2754721
2026-07-22,760197,2031-05-15,94.33632978,0.00000000,3937498
2026-07-22,760197,2031-08-15,92.37136340,0.00000000,2754721
2026-07-22,760197,2031-11-15,90.36178866,0.00000000,3924702
2026-07-22,760197,2032-02-15,88.55586063,0.00000000,2754721
2026-07-22,760197,2032-05-15,86.71933196,0.00000000,3924702
2026-07-22,760197,2032-08-15,84.95968373,0.00000000,2754721
2026-07-22,760197,2032-11-15,83.39418163,0.00000000,3924702
2026-07-22,760197,2033-02-15,81.83988507,0.00000000,2459324
2026-07-22,760197,2033-05-15,80.38721670,0.00000000,3924702
2026-07-22,760197,2033-08-15,78.80534440,0.00000000,2459324
2026-07-22,760197,2033-11-15,77.27305188,0.00000000,3845955
2026-07-22,760197,2034-02-15,75.72077865,0.00000000,2459324
2026-07-22,760197,2034-05-15,74.36284213,0.00000000,3845955
2026-07-22,760197,2034-08-15,72.87465327,0.00000000,2459324
2026-07-22,760197,2034-11-15,71.46958171,0.00000000,3845955
2026-07-22,760197,2035-02-15,70.16889500,0.00000000,2459324
2026-07-22,760197,2035-05-15,68.88740567,0.00000000,3845955
2026-07-22,760197,2035-08-15,67.56735700,0.00000000,2459324
2026-07-22,760197,2035-11-15,66.32720678,0.00000000,2100843
2026-07-22,760197,2036-02-15,65.13974625,0.00000000,2459324
2026-07-22,760197,2036-05-15,64.03578745,0.00000000,2100843
2026-07-22,760197,2036-08-15,62.84387051,0.00000000,2459324
2026-07-22,760197,2036-11-15,61.65400077,0.00000000,2100843
2026-07-22,760197,2037-02-15,60.54957118,0.00000000,2459324
2026-07-22,760197,2037-05-15,59.50583488,0.00000000,2100843
2026-07-22,760197,2037-08-15,58.37030060,0.00000000,2459324
2026-07-22,760197,2037-11-15,57.30940813,0.00000000,2003895
2026-07-22,760197,2038-02-15,56.26977563,0.00000000,2459324
2026-07-22,760197,2038-05-15,55.26724952,0.00000000,2003895
2026-07-22,760197,2038-08-15,54.23667934,0.00000000,2459324
2026-07-22,760197,2038-11-15,53.25867655,0.00000000,2003895
2026-07-22,760197,2039-02-15,52.25445393,0.00000000,2459324
2026-07-22,760197,2039-05-15,51.34629772,0.00000000,2003895
2026-07-22,760197,2039-08-15,50.39714535,0.00000000,2459324
2026-07-22,760197,2039-11-15,49.48218043,0.00000000,2003895
2026-07-22,760197,2040-02-15,48.58607898,0.00000000,2459324
2026-07-22,760197,2040-05-15,47.72230011,0.00000000,2003895
2026-07-22,760197,2040-08-15,46.83567309,0.00000000,2459324
2026-07-22,760197,2040-11-15,45.99613037,0.00000000,2003895
2026-07-22,760197,2041-02-15,45.18977952,0.00000000,2103457
2026-07-22,760197,2041-05-15,44.43985710,0.00000000,2003895
2026-07-22,760197,2041-08-15,43.63232364,0.00000000,2103457
2026-07-22,760197,2041-11-15,42.83128348,0.00000000,2003895
2026-07-22,760197,2042-02-15,42.09514769,0.00000000,2103457
2026-07-22,760197,2042-05-15,41.42000818,0.00000000,2003895
2026-07-22,760197,2042-08-15,40.67794907,0.00000000,2103457
2026-07-22,760197,2042-11-15,39.93918839,0.00000000,2003895
2026-07-22,760197,2043-02-15,39.27955436,0.00000000,2103457
2026-07-22,760197,2043-05-15,38.61976369,0.00000000,2003895
2026-07-22,760197,2043-08-15,37.92781612,0.00000000,2103457
2026-07-22,760197,2043-11-15,37.27760997,0.00000000,2003895
2026-07-22,760197,2044-02-15,36.63613748,0.00000000,2103457
2026-07-22,760197,2044-05-15,36.01275049,0.00000000,2003895
2026-07-22,760197,2044-08-15,35.36613237,0.00000000,2103457
2026-07-22,760197,2044-11-15,34.73623910,0.00000000,2003895
2026-07-22,760197,2045-02-15,34.09240344,0.00000000,2103457
2026-07-22,760197,2045-05-15,33.52242693,0.00000000,2003895
2026-07-22,760197,2045-08-15,32.89109086,0.00000000,2103457
2026-07-22,760197,2045-11-15,32.28920025,0.00000000,141297
2026-07-22,760197,2046-02-15,31.72509649,0.00000000,2103457
2026-07-22,760197,2046-05-15,31.16067685,0.00000000,141297
2026-07-22,760197,2046-08-15,30.56928461,0.00000000,2103457
2026-07-22,760197,2046-11-15,30.00593203,0.00000000,141297
2026-07-22,760197,2047-02-15,29.46094321,0.00000000,2103457
2026-07-22,760197,2047-05-15,28.95097086,0.00000000,141297
2026-07-22,760197,2047-08-15,28.39886189,0.00000000,2103457
2026-07-22,760197,2047-11-15,27.84865162,0.00000000,141297
2026-07-22,760197,2048-02-15,27.34129034,0.00000000,2103457
2026-07-22,760197,2048-05-15,26.86699574,0.00000000,141297
2026-07-22,760197,2048-08-15,26.35404780,0.00000000,2103457
2026-07-22,760197,2048-11-15,25.87409804,0.00000000,141297
2026-07-22,760197,2049-02-15,25.40321614,0.00000000,2103457
2026-07-22,760197,2049-05-15,24.94874410,0.00000000,141297
2026-07-22,760197,2049-08-15,24.48128165,0.00000000,2103457
2026-07-22,760197,2049-11-15,24.03752976,0.00000000,141297
2026-07-22,760197,2050-02-15,23.58188202,0.00000000,2103457
2026-07-22,760197,2050-05-15,23.16994539,0.00000000,141297
2026-07-22,760197,2050-08-15,22.73966824,0.00000000,2103457
2026-07-22,760197,2050-11-15,22.32474239,0.00000000,141297
2026-07-22,760197,2051-02-15,21.91772093,0.00000000,1374451
2026-07-22,760197,2051-05-15,21.53727859,0.00000000,141297
2026-07-22,760197,2051-08-15,21.13289115,0.00000000,1374451
2026-07-22,760197,2051-11-15,20.74848598,0.00000000,141297
2026-07-22,760197,2052-02-15,20.37727572,0.00000000,1374451
2026-07-22,760197,2052-05-15,20.02460208,0.00000000,141297
2026-07-22,760197,2052-08-15,19.64967157,0.00000000,1374451
2026-07-22,760197,2052-11-15,19.27640204,0.00000000,141297
2026-07-22,760197,2053-02-15,18.93242800,0.00000000,1374451
2026-07-22,760197,2053-05-15,18.61637746,0.00000000,141297
2026-07-22,760197,2053-08-15,18.26863176,0.00000000,1374451
2026-07-22,760197,2053-11-15,17.92236402,0.00000000,141297
2026-07-22,760197,2054-02-15,17.61341909,0.00000000,1374451
2026-07-22,760197,2054-05-15,17.30491243,0.00000000,141297
2026-07-22,760197,2054-08-15,16.98224797,0.00000000,1374451
2026-07-22,760197,2054-11-15,16.68019216,0.00000000,141297
2026-07-22,760197,2055-02-15,16.38360115,0.00000000,1374451
2026-07-22,760197,2055-05-15,16.09701816,0.00000000,141297
2026-07-22,760197,2055-08-15,15.80183170,0.00000000,1374451
2026-07-22,760197,2056-02-15,15.23678908,0.00000000,1374451
2026-07-22,760197,2056-08-15,14.69667044,0.00000000,1374451
2026-07-22,760197,2057-02-15,14.17614304,0.00000000,1374451
2026-07-22,760197,2057-08-15,13.67841248,0.00000000,1374451
2026-07-22,760197,2058-02-15,13.19474935,0.00000000,1374451
2026-07-22,760197,2058-08-15,12.73222519,0.00000000,1374451
2026-07-22,760197,2059-02-15,12.27920204,0.00000000,1374451
2026-07-22,760197,2059-08-15,11.84603855,0.00000000,1374451
2026-07-22,760197,2060-02-15,11.41863531,0.00000000,1374451
2026-07-22,760197,2060-08-15,11.01643616,0.00000000,1374451
2026-07-22,760198,2026-08-15,4701.14775127,0.00000000,2956084
2026-07-22,760198,2027-05-15,4438.62220605,0.00000000,11057
2026-07-22,760198,2028-08-15,3974.28513376,0.00000000,332827
2026-07-22,760198,2029-05-15,3752.34975440,0.00000000,6897938
2026-07-22,760198,2030-08-15,3379.95789723,0.00000000,440876
2026-07-22,760198,2031-05-15,3191.02588292,0.00000000,12796
2026-07-22,760198,2032-08-15,2873.85093750,0.00000000,3647810
2026-07-22,760198,2033-05-15,2719.18241607,0.00000000,78747
2026-07-22,760198,2035-05-15,2330.18917542,0.00000000,8628795
2026-07-22,760198,2037-05-15,2012.84764568,0.00000000,96948
2026-07-22,760198,2040-08-15,1584.26605551,0.00000000,5053999
2026-07-22,760198,2045-05-15,1133.93145819,0.00000000,9216756
2026-07-22,760198,2050-08-15,769.19326933,0.00000000,5005445
2026-07-22,760198,2055-05-15,544.49862213,0.00000000,141297
2026-07-22,760198,2060-08-15,372.64257583,0.00000000,1374451
2026-07-22,760199,2026-08-15,4840.12782925,0.00000000,5035-07-67
2026-07-22,760199,2027-05-15,4706.39067713,0.00000000,3266-94-94
2026-07-22,760199,2028-08-15,4615.18163412,0.00000000,4761-99-26
2026-07-22,760199,2029-05-15,4492.30558792,0.00000000,1723-20-74
2026-07-22,760199,2030-08-15,4447.87697121,0.00000000,4976-11-74
2026-07-22,760199,2031-05-15,4333.56503439,0.00000000,5190704
2026-07-22,760199,2032-08-15,4305.69803581,0.00000000,2357-86-04
2026-07-22,760199,2033-05-15,4206.37139338,0.00000000,1981-62-28
2026-07-22,760199,2035-05-15,4114.59463841,0.00000000,5683-57-90
2026-07-22,760199,2037-05-15,4059.92055269,0.00000000,5587419
2026-07-22,760199,2040-08-15,4054.66775502,0.00000000,3218-08-91
2026-07-22,760199,2045-05-15,3936.97522457,0.00000000,4060-64-84
2026-07-22,760199,2050-08-15,3938.93120900,0.00000000,4765-23-56
2026-07-22,760199,2055-05-15,3837.36263888,0.00000000,3154-83-28
2026-07-22,760199,2060-08-15,3888.82889714,0.00000000,2382-30-76
2026-07-22,770100,2031-01-01,7590.25038754,0.00000000,1104-09-15
2026-07-22,950197,2027-01-01,45.92992353,0.00000000,3979766
2026-07-22,950197,2027-07-01,42.94651095,0.00000000,3979766
2026-07-22,950197,2028-01-01,40.02113059,0.00000000,3979766
2026-07-22,950197,2028-07-01,37.30927284,0.00000000,3979766
2026-07-22,950197,2029-01-01,34.75106149,0.00000000,3979766
2026-07-22,950197,2029-07-01,32.34856683,0.00000000,3546938
2026-07-22,950197,2030-01-01,30.11582535,0.00000000,3546938
2026-07-22,950197,2030-07-01,28.07922563,0.00000000,3546938
2026-07-22,950197,2031-01-01,26.07977616,0.00000000,3546938
2026-07-22,950197,2031-07-01,24.32173838,0.00000000,3370761
2026-07-22,950197,2032-01-01,22.54785388,0.00000000,3370761
2026-07-22,950197,2032-07-01,21.00860449,0.00000000,3370761
2026-07-22,950197,2033-01-01,19.51709253,0.00000000,3370761
2026-07-22,950197,2033-07-01,18.18056682,0.00000000,2980432
2026-07-22,950197,2034-01-01,16.91577902,0.00000000,2980432
2026-07-22,950197,2034-07-01,15.75512869,0.00000000,2980432
2026-07-22,950197,2035-01-01,14.66742784,0.00000000,2980432
2026-07-22,950197,2035-07-01,13.65824216,0.00000000,552002
2026-07-22,950197,2036-01-01,12.72034061,0.00000000,552002
2026-07-22,950197,2036-07-01,11.85026992,0.00000000,552002
2026-07-22,950197,2037-01-01,10.98431628,0.00000000,552002
2026-07-22,950198,2029-01-01,711.98279591,0.00000000,432828
2026-07-22,950198,2031-01-01,534.32474159,0.00000000,176177
2026-07-22,950198,2033-01-01,399.86790375,0.00000000,390329
2026-07-22,950198,2035-01-01,300.50754813,0.00000000,2428430
2026-07-22,950198,2037-01-01,225.04763534,0.00000000,552002
2026-07-22,950199,2027-01-01,986.94622592,0.00000000,117850980
2026-07-22,950199,2029-01-01,912.90113792,0.00000000,123791310
2026-07-22,950199,2031-01-01,851.69341245,0.00000000,218392488
2026-07-22,950199,2033-01-01,804.27892468,0.00000000,9345-96-98
2026-07-22,950199,2035-01-01,769.90574728,0.00000000,116703454
2026-07-22,950199,2037-01-01,742.93885919,0.00000000,4677-90-91
