data_captura,indice,indice_nome,codigo_ativo,nome_ativo,tipo_ativo,quantidade_teorica,participacao_pct,reducao_capital,segmento
2026-06-03,IBXL,IBrX 50,ALOS3,ALLOS,ON      NM,478558715,0.555,,
2026-06-03,IBXL,IBrX 50,ABEV3,AMBEV S/A,ON,4273841357,2.950,,
2026-06-03,IBXL,IBrX 50,ASAI3,ASSAI,ON      NM,1338623499,0.508,,
2026-06-03,IBXL,IBrX 50,AXIA3,AXIA ENERGIA,ON      N1,1863816444,4.095,,
2026-06-03,IBXL,IBrX 50,B3SA3,B3,ON      NM,4997059816,3.414,,
2026-06-03,IBXL,IBrX 50,BBSE3,BBSEGURIDADE,ON      NM,616248544,0.909,,
2026-06-03,IBXL,IBrX 50,BBDC3,BRADESCO,ON  EJ  N1,1464429403,0.948,,
2026-06-03,IBXL,IBrX 50,BBDC4,BRADESCO,PN  EJ  N1,5100889966,3.800,,
2026-06-03,IBXL,IBrX 50,BBAS3,BRASIL,ON  EJ  NM,2842496541,2.373,,
2026-06-03,IBXL,IBrX 50,BRAV3,BRAVA,ON      NM,462883017,0.399,,
2026-06-03,IBXL,IBrX 50,BPAC11,BTGP BANCO,UNT     N2,1194624560,2.670,,
2026-06-03,IBXL,IBrX 50,CMIG4,CEMIG,PN      N1,1904057894,0.879,,
2026-06-03,IBXL,IBrX 50,COGN3,COGNA ON,ON      NM,1915914094,0.200,,
2026-06-03,IBXL,IBrX 50,CPLE3,COPEL,ON      NM,2969406694,1.826,,
2026-06-03,IBXL,IBrX 50,CSAN3,COSAN,ON  ATZ NM,2242671999,0.365,,
2026-06-03,IBXL,IBrX 50,CYRE3,CYRELA REALT,ON      NM,281609283,0.264,,
2026-06-03,IBXL,IBrX 50,EMBJ3,EMBRAER,ON      NM,711833141,2.149,,
2026-06-03,IBXL,IBrX 50,ENGI11,ENERGISA,UNT     N2,325503046,0.663,,
2026-06-03,IBXL,IBrX 50,ENEV3,ENEVA,ON      NM,1913352180,2.035,,
2026-06-03,IBXL,IBrX 50,EQTL3,EQUATORIAL,ON  ATZ NM,1247728993,2.046,,
2026-06-03,IBXL,IBrX 50,GGBR4,GERDAU,PN      N1,1258208269,1.302,,
2026-06-03,IBXL,IBrX 50,HAPV3,HAPVIDA,ON      NM,271662290,0.139,,
2026-06-03,IBXL,IBrX 50,ITSA4,ITAUSA,PN  EJ  N1,5970738360,3.232,,
2026-06-03,IBXL,IBrX 50,ITUB4,ITAUUNIBANCO,PN  EJ  N1,5349695485,8.881,,
2026-06-03,IBXL,IBrX 50,KLBN11,KLABIN S/A,UNT     N2,804572623,0.571,,
2026-06-03,IBXL,IBrX 50,RENT3,LOCALIZA,ON      NM,978479038,1.718,,
2026-06-03,IBXL,IBrX 50,LREN3,LOJAS RENNER,ON      NM,982593716,0.640,,
2026-06-03,IBXL,IBrX 50,MGLU3,MAGAZ LUIZA,ON      NM,373155063,0.089,,
2026-06-03,IBXL,IBrX 50,POMO4,MARCOPOLO,PN      N2,728266241,0.182,,
2026-06-03,IBXL,IBrX 50,MBRF3,MARFRIG,ON      NM,761175338,0.506,,
2026-06-03,IBXL,IBrX 50,BEEF3,MINERVA,ON      NM,454804863,0.067,,
2026-06-03,IBXL,IBrX 50,MOTV3,MOTIVA SA,ON      NM,1002196725,0.595,,
2026-06-03,IBXL,IBrX 50,MULT3,MULTIPLAN,ON      N2,320022221,0.395,,
2026-06-03,IBXL,IBrX 50,NATU3,NATURA,ON      NM,838359453,0.347,,
2026-06-03,IBXL,IBrX 50,PETR3,PETROBRAS,ON  EJ  N2,3478483761,6.783,,
2026-06-03,IBXL,IBrX 50,PETR4,PETROBRAS,PN  EX  N2,4410960450,7.695,,
2026-06-03,IBXL,IBrX 50,PRIO3,PRIO,ON      NM,757265605,1.970,,
2026-06-03,IBXL,IBrX 50,RADL3,RAIADROGASIL,ON      NM,1313915830,0.998,,
2026-06-03,IBXL,IBrX 50,RDOR3,REDE D OR,ON      NM,1091469308,1.569,,
2026-06-03,IBXL,IBrX 50,RAIL3,RUMO S.A.,ON      NM,1221155293,0.727,,
2026-06-03,IBXL,IBrX 50,SBSP3,SABESP,ON      NM,3506733260,4.075,,
2026-06-03,IBXL,IBrX 50,SMFT3,SMART FIT,ON      NM,556651316,0.434,,
2026-06-03,IBXL,IBrX 50,SUZB3,SUZANO S.A.,ON      NM,612918471,1.040,,
2026-06-03,IBXL,IBrX 50,VIVT3,TELEF BRASIL,ON  ERJ,707125712,1.003,,
2026-06-03,IBXL,IBrX 50,TIMS3,TIM,ON      NM,777451080,0.718,,
2026-06-03,IBXL,IBrX 50,TOTS3,TOTVS,ON      NM,533997411,0.771,,
2026-06-03,IBXL,IBrX 50,UGPA3,ULTRAPAR,ON      NM,1067870496,1.152,,
2026-06-03,IBXL,IBrX 50,VALE3,VALE,ON      NM,4268646710,15.226,,
2026-06-03,IBXL,IBrX 50,VBBR3,VIBRA,ON      NM,1192004780,1.507,,
2026-06-03,IBXL,IBrX 50,WEGE3,WEG,ON      NM,1485954732,2.620,,
2026-06-04,IBXL,IBrX 50,ALOS3,ALLOS,ON      NM,478558715,0.560,,
2026-06-04,IBXL,IBrX 50,ABEV3,AMBEV S/A,ON,4273841357,2.949,,
2026-06-04,IBXL,IBrX 50,ASAI3,ASSAI,ON      NM,1338623499,0.505,,
2026-06-04,IBXL,IBrX 50,AXIA3,AXIA ENERGIA,ON      N1,1863816444,4.061,,
2026-06-04,IBXL,IBrX 50,B3SA3,B3,ON      NM,4997059816,3.329,,
2026-06-04,IBXL,IBrX 50,BBSE3,BBSEGURIDADE,ON      NM,616248544,0.927,,
2026-06-04,IBXL,IBrX 50,BBDC3,BRADESCO,ON  EJ  N1,1464429403,0.950,,
2026-06-04,IBXL,IBrX 50,BBDC4,BRADESCO,PN  EJ  N1,5100889966,3.804,,
2026-06-04,IBXL,IBrX 50,BBAS3,BRASIL,ON  EJ  NM,2842496541,2.383,,
2026-06-04,IBXL,IBrX 50,BRAV3,BRAVA,ON      NM,462883017,0.412,,
2026-06-04,IBXL,IBrX 50,BPAC11,BTGP BANCO,UNT     N2,1194624560,2.601,,
2026-06-04,IBXL,IBrX 50,CMIG4,CEMIG,PN      N1,1904057894,0.888,,
2026-06-04,IBXL,IBrX 50,COGN3,COGNA ON,ON      NM,1915914094,0.197,,
2026-06-04,IBXL,IBrX 50,CPLE3,COPEL,ON      NM,2969406694,1.837,,
2026-06-04,IBXL,IBrX 50,CSAN3,COSAN,ON  ATZ NM,2242671999,0.345,,
2026-06-04,IBXL,IBrX 50,CYRE3,CYRELA REALT,ON      NM,281609283,0.252,,
2026-06-04,IBXL,IBrX 50,EMBJ3,EMBRAER,ON      NM,711833141,2.129,,
2026-06-04,IBXL,IBrX 50,ENGI11,ENERGISA,UNT     N2,325503046,0.659,,
2026-06-04,IBXL,IBrX 50,ENEV3,ENEVA,ON      NM,1913352180,1.990,,
2026-06-04,IBXL,IBrX 50,EQTL3,EQUATORIAL,ON      NM,1247728993,2.132,,
2026-06-04,IBXL,IBrX 50,GGBR4,GERDAU,PN      N1,1258208269,1.303,,
2026-06-04,IBXL,IBrX 50,HAPV3,HAPVIDA,ON      NM,271662290,0.131,,
2026-06-04,IBXL,IBrX 50,ITSA4,ITAUSA,PN  EJ  N1,5970738360,3.230,,
2026-06-04,IBXL,IBrX 50,ITUB4,ITAUUNIBANCO,PN  EJ  N1,5349695485,8.893,,
2026-06-04,IBXL,IBrX 50,KLBN11,KLABIN S/A,UNT     N2,804572623,0.579,,
2026-06-04,IBXL,IBrX 50,RENT3,LOCALIZA,ON      NM,978479038,1.699,,
2026-06-04,IBXL,IBrX 50,LREN3,LOJAS RENNER,ON      NM,982593716,0.618,,
2026-06-04,IBXL,IBrX 50,MGLU3,MAGAZ LUIZA,ON      NM,373155063,0.085,,
2026-06-04,IBXL,IBrX 50,POMO4,MARCOPOLO,PN      N2,728266241,0.179,,
2026-06-04,IBXL,IBrX 50,MBRF3,MARFRIG,ON      NM,761175338,0.516,,
2026-06-04,IBXL,IBrX 50,BEEF3,MINERVA,ON      NM,454804863,0.070,,
2026-06-04,IBXL,IBrX 50,MOTV3,MOTIVA SA,ON      NM,1002196725,0.601,,
2026-06-04,IBXL,IBrX 50,MULT3,MULTIPLAN,ON      N2,320022221,0.394,,
2026-06-04,IBXL,IBrX 50,NATU3,NATURA,ON      NM,838359453,0.353,,
2026-06-04,IBXL,IBrX 50,PETR3,PETROBRAS,ON  EJ  N2,3478483761,6.862,,
2026-06-04,IBXL,IBrX 50,PETR4,PETROBRAS,PN  EX  N2,4410960450,7.811,,
2026-06-04,IBXL,IBrX 50,PRIO3,PRIO,ON      NM,757265605,2.035,,
2026-06-04,IBXL,IBrX 50,RADL3,RAIADROGASIL,ON      NM,1313915830,0.988,,
2026-06-04,IBXL,IBrX 50,RDOR3,REDE D OR,ON      NM,1091469308,1.551,,
2026-06-04,IBXL,IBrX 50,RAIL3,RUMO S.A.,ON      NM,1221155293,0.728,,
2026-06-04,IBXL,IBrX 50,SBSP3,SABESP,ON      NM,3506733260,4.099,,
2026-06-04,IBXL,IBrX 50,SMFT3,SMART FIT,ON  EJ  NM,556651316,0.434,,
2026-06-04,IBXL,IBrX 50,SUZB3,SUZANO S.A.,ON      NM,612918471,1.085,,
2026-06-04,IBXL,IBrX 50,VIVT3,TELEF BRASIL,ON  EJ,707125712,1.025,,
2026-06-04,IBXL,IBrX 50,TIMS3,TIM,ON      NM,777451080,0.746,,
2026-06-04,IBXL,IBrX 50,TOTS3,TOTVS,ON      NM,533997411,0.771,,
2026-06-04,IBXL,IBrX 50,UGPA3,ULTRAPAR,ON      NM,1067870496,1.142,,
2026-06-04,IBXL,IBrX 50,VALE3,VALE,ON      NM,4268646710,14.989,,
2026-06-04,IBXL,IBrX 50,VBBR3,VIBRA,ON      NM,1192004780,1.508,,
2026-06-04,IBXL,IBrX 50,WEGE3,WEG,ON      NM,1485954732,2.665,,
2026-06-05,IBXL,IBrX 50,ALOS3,ALLOS,ON      NM,478558715,0.560,,
2026-06-05,IBXL,IBrX 50,ABEV3,AMBEV S/A,ON,4273841357,2.949,,
2026-06-05,IBXL,IBrX 50,ASAI3,ASSAI,ON      NM,1338623499,0.505,,
2026-06-05,IBXL,IBrX 50,AXIA3,AXIA ENERGIA,ON      N1,1863816444,4.061,,
2026-06-05,IBXL,IBrX 50,B3SA3,B3,ON      NM,4997059816,3.329,,
2026-06-05,IBXL,IBrX 50,BBSE3,BBSEGURIDADE,ON      NM,616248544,0.927,,
2026-06-05,IBXL,IBrX 50,BBDC3,BRADESCO,ON  EJ  N1,1464429403,0.950,,
2026-06-05,IBXL,IBrX 50,BBDC4,BRADESCO,PN  EJ  N1,5100889966,3.804,,
2026-06-05,IBXL,IBrX 50,BBAS3,BRASIL,ON  EJ  NM,2842496541,2.383,,
2026-06-05,IBXL,IBrX 50,BRAV3,BRAVA,ON      NM,462883017,0.412,,
2026-06-05,IBXL,IBrX 50,BPAC11,BTGP BANCO,UNT     N2,1194624560,2.601,,
2026-06-05,IBXL,IBrX 50,CMIG4,CEMIG,PN      N1,1904057894,0.888,,
2026-06-05,IBXL,IBrX 50,COGN3,COGNA ON,ON      NM,1915914094,0.197,,
2026-06-05,IBXL,IBrX 50,CPLE3,COPEL,ON      NM,2969406694,1.837,,
2026-06-05,IBXL,IBrX 50,CSAN3,COSAN,ON  ATZ NM,2242671999,0.345,,
2026-06-05,IBXL,IBrX 50,CYRE3,CYRELA REALT,ON      NM,281609283,0.252,,
2026-06-05,IBXL,IBrX 50,EMBJ3,EMBRAER,ON      NM,711833141,2.129,,
2026-06-05,IBXL,IBrX 50,ENGI11,ENERGISA,UNT     N2,325503046,0.659,,
2026-06-05,IBXL,IBrX 50,ENEV3,ENEVA,ON      NM,1913352180,1.990,,
2026-06-05,IBXL,IBrX 50,EQTL3,EQUATORIAL,ON      NM,1247728993,2.132,,
2026-06-05,IBXL,IBrX 50,GGBR4,GERDAU,PN      N1,1258208269,1.303,,
2026-06-05,IBXL,IBrX 50,HAPV3,HAPVIDA,ON      NM,271662290,0.131,,
2026-06-05,IBXL,IBrX 50,ITSA4,ITAUSA,PN  EJ  N1,5970738360,3.230,,
2026-06-05,IBXL,IBrX 50,ITUB4,ITAUUNIBANCO,PN  EJ  N1,5349695485,8.893,,
2026-06-05,IBXL,IBrX 50,KLBN11,KLABIN S/A,UNT     N2,804572623,0.579,,
2026-06-05,IBXL,IBrX 50,RENT3,LOCALIZA,ON      NM,978479038,1.699,,
2026-06-05,IBXL,IBrX 50,LREN3,LOJAS RENNER,ON      NM,982593716,0.618,,
2026-06-05,IBXL,IBrX 50,MGLU3,MAGAZ LUIZA,ON      NM,373155063,0.085,,
2026-06-05,IBXL,IBrX 50,POMO4,MARCOPOLO,PN      N2,728266241,0.179,,
2026-06-05,IBXL,IBrX 50,MBRF3,MARFRIG,ON      NM,761175338,0.516,,
2026-06-05,IBXL,IBrX 50,BEEF3,MINERVA,ON      NM,454804863,0.070,,
2026-06-05,IBXL,IBrX 50,MOTV3,MOTIVA SA,ON      NM,1002196725,0.601,,
2026-06-05,IBXL,IBrX 50,MULT3,MULTIPLAN,ON      N2,320022221,0.394,,
2026-06-05,IBXL,IBrX 50,NATU3,NATURA,ON      NM,838359453,0.353,,
2026-06-05,IBXL,IBrX 50,PETR3,PETROBRAS,ON  EJ  N2,3478483761,6.862,,
2026-06-05,IBXL,IBrX 50,PETR4,PETROBRAS,PN  EX  N2,4410960450,7.811,,
2026-06-05,IBXL,IBrX 50,PRIO3,PRIO,ON      NM,757265605,2.035,,
2026-06-05,IBXL,IBrX 50,RADL3,RAIADROGASIL,ON      NM,1313915830,0.988,,
2026-06-05,IBXL,IBrX 50,RDOR3,REDE D OR,ON      NM,1091469308,1.551,,
2026-06-05,IBXL,IBrX 50,RAIL3,RUMO S.A.,ON      NM,1221155293,0.728,,
2026-06-05,IBXL,IBrX 50,SBSP3,SABESP,ON      NM,3506733260,4.099,,
2026-06-05,IBXL,IBrX 50,SMFT3,SMART FIT,ON  EJ  NM,556651316,0.434,,
2026-06-05,IBXL,IBrX 50,SUZB3,SUZANO S.A.,ON      NM,612918471,1.085,,
2026-06-05,IBXL,IBrX 50,VIVT3,TELEF BRASIL,ON  EJ,707125712,1.025,,
2026-06-05,IBXL,IBrX 50,TIMS3,TIM,ON      NM,777451080,0.746,,
2026-06-05,IBXL,IBrX 50,TOTS3,TOTVS,ON      NM,533997411,0.771,,
2026-06-05,IBXL,IBrX 50,UGPA3,ULTRAPAR,ON      NM,1067870496,1.142,,
2026-06-05,IBXL,IBrX 50,VALE3,VALE,ON      NM,4268646710,14.989,,
2026-06-05,IBXL,IBrX 50,VBBR3,VIBRA,ON      NM,1192004780,1.508,,
2026-06-05,IBXL,IBrX 50,WEGE3,WEG,ON      NM,1485954732,2.665,,
2026-06-06,IBXL,IBrX 50,ALOS3,ALLOS,ON      NM,478558715,0.558,,
2026-06-06,IBXL,IBrX 50,ABEV3,AMBEV S/A,ON,4273841357,2.990,,
2026-06-06,IBXL,IBrX 50,ASAI3,ASSAI,ON      NM,1338623499,0.499,,
2026-06-06,IBXL,IBrX 50,AXIA3,AXIA ENERGIA,ON      NM,1863816444,4.093,,
2026-06-06,IBXL,IBrX 50,B3SA3,B3,ON      NM,4997059816,3.332,,
2026-06-06,IBXL,IBrX 50,BBSE3,BBSEGURIDADE,ON      NM,616248544,0.944,,
2026-06-06,IBXL,IBrX 50,BBDC3,BRADESCO,ON  EJ  N1,1464429403,0.959,,
2026-06-06,IBXL,IBrX 50,BBDC4,BRADESCO,PN  EJ  N1,5100889966,3.856,,
2026-06-06,IBXL,IBrX 50,BBAS3,BRASIL,ON  EJ  NM,2842496541,2.358,,
2026-06-06,IBXL,IBrX 50,BRAV3,BRAVA,ON      NM,462883017,0.420,,
2026-06-06,IBXL,IBrX 50,BPAC11,BTGP BANCO,UNT     N2,1194624560,2.618,,
2026-06-06,IBXL,IBrX 50,CMIG4,CEMIG,PN      N1,1904057894,0.896,,
2026-06-06,IBXL,IBrX 50,COGN3,COGNA ON,ON      NM,1915914094,0.200,,
2026-06-06,IBXL,IBrX 50,CPLE3,COPEL,ON      NM,2969406694,1.855,,
2026-06-06,IBXL,IBrX 50,CSAN3,COSAN,ON  ATZ NM,2242671999,0.348,,
2026-06-06,IBXL,IBrX 50,CYRE3,CYRELA REALT,ON      NM,281609283,0.242,,
2026-06-06,IBXL,IBrX 50,EMBJ3,EMBRAER,ON      NM,711833141,2.228,,
2026-06-06,IBXL,IBrX 50,ENGI11,ENERGISA,UNT     N2,325503046,0.655,,
2026-06-06,IBXL,IBrX 50,ENEV3,ENEVA,ON      NM,1913352180,1.978,,
2026-06-06,IBXL,IBrX 50,EQTL3,EQUATORIAL,ON      NM,1247728993,2.101,,
2026-06-06,IBXL,IBrX 50,GGBR4,GERDAU,PN      N1,1258208269,1.278,,
2026-06-06,IBXL,IBrX 50,HAPV3,HAPVIDA,ON      NM,271662290,0.129,,
2026-06-06,IBXL,IBrX 50,ITSA4,ITAUSA,PN  EJ  N1,5970738360,3.239,,
2026-06-06,IBXL,IBrX 50,ITUB4,ITAUUNIBANCO,PN  EJ  N1,5349695485,8.988,,
2026-06-06,IBXL,IBrX 50,KLBN11,KLABIN S/A,UNT     N2,804572623,0.594,,
2026-06-06,IBXL,IBrX 50,RENT3,LOCALIZA,ON      NM,978479038,1.718,,
2026-06-06,IBXL,IBrX 50,LREN3,LOJAS RENNER,ON      NM,982593716,0.633,,
2026-06-06,IBXL,IBrX 50,MGLU3,MAGAZ LUIZA,ON      NM,373155063,0.088,,
2026-06-06,IBXL,IBrX 50,POMO4,MARCOPOLO,PN      N2,728266241,0.178,,
2026-06-06,IBXL,IBrX 50,MBRF3,MARFRIG,ON      NM,761175338,0.519,,
2026-06-06,IBXL,IBrX 50,BEEF3,MINERVA,ON      NM,454804863,0.072,,
2026-06-06,IBXL,IBrX 50,MOTV3,MOTIVA SA,ON      NM,1002196725,0.605,,
2026-06-06,IBXL,IBrX 50,MULT3,MULTIPLAN,ON      N2,320022221,0.393,,
2026-06-06,IBXL,IBrX 50,NATU3,NATURA,ON      NM,838359453,0.353,,
2026-06-06,IBXL,IBrX 50,PETR3,PETROBRAS,ON  EJ  N2,3478483761,6.879,,
2026-06-06,IBXL,IBrX 50,PETR4,PETROBRAS,PN  EX  N2,4410960450,7.804,,
2026-06-06,IBXL,IBrX 50,PRIO3,PRIO,ON      NM,757265605,2.003,,
2026-06-06,IBXL,IBrX 50,RADL3,RAIADROGASIL,ON      NM,1313915830,0.993,,
2026-06-06,IBXL,IBrX 50,RDOR3,REDE D OR,ON      NM,1091469308,1.547,,
2026-06-06,IBXL,IBrX 50,RAIL3,RUMO S.A.,ON      NM,1221155293,0.736,,
2026-06-06,IBXL,IBrX 50,SBSP3,SABESP,ON      NM,3506733260,4.148,,
2026-06-06,IBXL,IBrX 50,SMFT3,SMART FIT,ON  EJ  NM,556651316,0.445,,
2026-06-06,IBXL,IBrX 50,SUZB3,SUZANO S.A.,ON      NM,612918471,1.107,,
2026-06-06,IBXL,IBrX 50,VIVT3,TELEF BRASIL,ON  EJ,707125712,1.008,,
2026-06-06,IBXL,IBrX 50,TIMS3,TIM,ON      NM,777451080,0.740,,
2026-06-06,IBXL,IBrX 50,TOTS3,TOTVS,ON      NM,533997411,0.765,,
2026-06-06,IBXL,IBrX 50,UGPA3,ULTRAPAR,ON      NM,1067870496,1.153,,
2026-06-06,IBXL,IBrX 50,VALE3,VALE,ON      NM,4268646710,14.536,,
2026-06-06,IBXL,IBrX 50,VBBR3,VIBRA,ON      NM,1192004780,1.490,,
2026-06-06,IBXL,IBrX 50,WEGE3,WEG,ON      NM,1485954732,2.729,,
2026-06-08,IBXL,IBrX 50,ALOS3,ALLOS,ON      NM,478558715,0.558,,
2026-06-08,IBXL,IBrX 50,ABEV3,AMBEV S/A,ON,4273841357,2.990,,
2026-06-08,IBXL,IBrX 50,ASAI3,ASSAI,ON      NM,1338623499,0.499,,
2026-06-08,IBXL,IBrX 50,AXIA3,AXIA ENERGIA,ON      NM,1863816444,4.093,,
2026-06-08,IBXL,IBrX 50,B3SA3,B3,ON      NM,4997059816,3.332,,
2026-06-08,IBXL,IBrX 50,BBSE3,BBSEGURIDADE,ON      NM,616248544,0.944,,
2026-06-08,IBXL,IBrX 50,BBDC3,BRADESCO,ON  EJ  N1,1464429403,0.959,,
2026-06-08,IBXL,IBrX 50,BBDC4,BRADESCO,PN  EJ  N1,5100889966,3.856,,
2026-06-08,IBXL,IBrX 50,BBAS3,BRASIL,ON  EJ  NM,2842496541,2.358,,
2026-06-08,IBXL,IBrX 50,BRAV3,BRAVA,ON      NM,462883017,0.420,,
2026-06-08,IBXL,IBrX 50,BPAC11,BTGP BANCO,UNT     N2,1194624560,2.618,,
2026-06-08,IBXL,IBrX 50,CMIG4,CEMIG,PN      N1,1904057894,0.896,,
2026-06-08,IBXL,IBrX 50,COGN3,COGNA ON,ON      NM,1915914094,0.200,,
2026-06-08,IBXL,IBrX 50,CPLE3,COPEL,ON      NM,2969406694,1.855,,
2026-06-08,IBXL,IBrX 50,CSAN3,COSAN,ON  ATZ NM,2242671999,0.348,,
2026-06-08,IBXL,IBrX 50,CYRE3,CYRELA REALT,ON      NM,281609283,0.242,,
2026-06-08,IBXL,IBrX 50,EMBJ3,EMBRAER,ON      NM,711833141,2.228,,
2026-06-08,IBXL,IBrX 50,ENGI11,ENERGISA,UNT     N2,325503046,0.655,,
2026-06-08,IBXL,IBrX 50,ENEV3,ENEVA,ON      NM,1913352180,1.978,,
2026-06-08,IBXL,IBrX 50,EQTL3,EQUATORIAL,ON      NM,1247728993,2.101,,
2026-06-08,IBXL,IBrX 50,GGBR4,GERDAU,PN      N1,1258208269,1.278,,
2026-06-08,IBXL,IBrX 50,HAPV3,HAPVIDA,ON      NM,271662290,0.129,,
2026-06-08,IBXL,IBrX 50,ITSA4,ITAUSA,PN  EJ  N1,5970738360,3.239,,
2026-06-08,IBXL,IBrX 50,ITUB4,ITAUUNIBANCO,PN  EJ  N1,5349695485,8.988,,
2026-06-08,IBXL,IBrX 50,KLBN11,KLABIN S/A,UNT     N2,804572623,0.594,,
2026-06-08,IBXL,IBrX 50,RENT3,LOCALIZA,ON      NM,978479038,1.718,,
2026-06-08,IBXL,IBrX 50,LREN3,LOJAS RENNER,ON      NM,982593716,0.633,,
2026-06-08,IBXL,IBrX 50,MGLU3,MAGAZ LUIZA,ON      NM,373155063,0.088,,
2026-06-08,IBXL,IBrX 50,POMO4,MARCOPOLO,PN      N2,728266241,0.178,,
2026-06-08,IBXL,IBrX 50,MBRF3,MARFRIG,ON      NM,761175338,0.519,,
2026-06-08,IBXL,IBrX 50,BEEF3,MINERVA,ON      NM,454804863,0.072,,
2026-06-08,IBXL,IBrX 50,MOTV3,MOTIVA SA,ON      NM,1002196725,0.605,,
2026-06-08,IBXL,IBrX 50,MULT3,MULTIPLAN,ON      N2,320022221,0.393,,
2026-06-08,IBXL,IBrX 50,NATU3,NATURA,ON      NM,838359453,0.353,,
2026-06-08,IBXL,IBrX 50,PETR3,PETROBRAS,ON  EJ  N2,3478483761,6.879,,
2026-06-08,IBXL,IBrX 50,PETR4,PETROBRAS,PN  EX  N2,4410960450,7.804,,
2026-06-08,IBXL,IBrX 50,PRIO3,PRIO,ON      NM,757265605,2.003,,
2026-06-08,IBXL,IBrX 50,RADL3,RAIADROGASIL,ON      NM,1313915830,0.993,,
2026-06-08,IBXL,IBrX 50,RDOR3,REDE D OR,ON      NM,1091469308,1.547,,
2026-06-08,IBXL,IBrX 50,RAIL3,RUMO S.A.,ON      NM,1221155293,0.736,,
2026-06-08,IBXL,IBrX 50,SBSP3,SABESP,ON      NM,3506733260,4.148,,
2026-06-08,IBXL,IBrX 50,SMFT3,SMART FIT,ON  EJ  NM,556651316,0.445,,
2026-06-08,IBXL,IBrX 50,SUZB3,SUZANO S.A.,ON      NM,612918471,1.107,,
2026-06-08,IBXL,IBrX 50,VIVT3,TELEF BRASIL,ON  EJ,707125712,1.008,,
2026-06-08,IBXL,IBrX 50,TIMS3,TIM,ON      NM,777451080,0.740,,
2026-06-08,IBXL,IBrX 50,TOTS3,TOTVS,ON      NM,533997411,0.765,,
2026-06-08,IBXL,IBrX 50,UGPA3,ULTRAPAR,ON      NM,1067870496,1.153,,
2026-06-08,IBXL,IBrX 50,VALE3,VALE,ON      NM,4268646710,14.536,,
2026-06-08,IBXL,IBrX 50,VBBR3,VIBRA,ON      NM,1192004780,1.490,,
2026-06-08,IBXL,IBrX 50,WEGE3,WEG,ON      NM,1485954732,2.729,,
2026-06-09,IBXL,IBrX 50,ALOS3,ALLOS,ON      NM,478558715,0.557,,
2026-06-09,IBXL,IBrX 50,ABEV3,AMBEV S/A,ON,4273841357,2.979,,
2026-06-09,IBXL,IBrX 50,ASAI3,ASSAI,ON      NM,1338623499,0.490,,
2026-06-09,IBXL,IBrX 50,AXIA3,AXIA ENERGIA,ON      NM,1863816444,4.082,,
2026-06-09,IBXL,IBrX 50,B3SA3,B3,ON      NM,4997059816,3.297,,
2026-06-09,IBXL,IBrX 50,BBSE3,BBSEGURIDADE,ON      NM,616248544,0.958,,
2026-06-09,IBXL,IBrX 50,BBDC3,BRADESCO,ON  EJ  N1,1464429403,0.951,,
2026-06-09,IBXL,IBrX 50,BBDC4,BRADESCO,PN  EJ  N1,5100889966,3.803,,
2026-06-09,IBXL,IBrX 50,BBAS3,BRASIL,ON  EJ  NM,2842496541,2.354,,
2026-06-09,IBXL,IBrX 50,BRAV3,BRAVA,ON      NM,462883017,0.427,,
2026-06-09,IBXL,IBrX 50,BPAC11,BTGP BANCO,UNT     N2,1194624560,2.615,,
2026-06-09,IBXL,IBrX 50,CMIG4,CEMIG,PN      N1,1904057894,0.888,,
2026-06-09,IBXL,IBrX 50,COGN3,COGNA ON,ON      NM,1915914094,0.196,,
2026-06-09,IBXL,IBrX 50,CPLE3,COPEL,ON      NM,2969406694,1.854,,
2026-06-09,IBXL,IBrX 50,CSAN3,COSAN,ON      NM,2242671999,0.333,,
2026-06-09,IBXL,IBrX 50,CYRE3,CYRELA REALT,ON      NM,281609283,0.246,,
2026-06-09,IBXL,IBrX 50,EMBJ3,EMBRAER,ON      NM,711833141,2.266,,
2026-06-09,IBXL,IBrX 50,ENGI11,ENERGISA,UNT     N2,325503046,0.652,,
2026-06-09,IBXL,IBrX 50,ENEV3,ENEVA,ON      NM,1913352180,1.987,,
2026-06-09,IBXL,IBrX 50,EQTL3,EQUATORIAL,ON      NM,1247728993,2.088,,
2026-06-09,IBXL,IBrX 50,GGBR4,GERDAU,PN      N1,1258208269,1.292,,
2026-06-09,IBXL,IBrX 50,HAPV3,HAPVIDA,ON      NM,271662290,0.128,,
2026-06-09,IBXL,IBrX 50,ITSA4,ITAUSA,PN  EJ  N1,5970738360,3.215,,
2026-06-09,IBXL,IBrX 50,ITUB4,ITAUUNIBANCO,PN  EJ  N1,5349695485,8.933,,
2026-06-09,IBXL,IBrX 50,KLBN11,KLABIN S/A,UNT     N2,804572623,0.597,,
2026-06-09,IBXL,IBrX 50,RENT3,LOCALIZA,ON      NM,978479038,1.704,,
2026-06-09,IBXL,IBrX 50,LREN3,LOJAS RENNER,ON      NM,982593716,0.637,,
2026-06-09,IBXL,IBrX 50,MGLU3,MAGAZ LUIZA,ON      NM,373155063,0.086,,
2026-06-09,IBXL,IBrX 50,POMO4,MARCOPOLO,PN      N2,728266241,0.180,,
2026-06-09,IBXL,IBrX 50,MBRF3,MARFRIG,ON      NM,761175338,0.513,,
2026-06-09,IBXL,IBrX 50,BEEF3,MINERVA,ON      NM,454804863,0.072,,
2026-06-09,IBXL,IBrX 50,MOTV3,MOTIVA SA,ON      NM,1002196725,0.603,,
2026-06-09,IBXL,IBrX 50,MULT3,MULTIPLAN,ON      N2,320022221,0.391,,
2026-06-09,IBXL,IBrX 50,NATU3,NATURA,ON      NM,838359453,0.344,,
2026-06-09,IBXL,IBrX 50,PETR3,PETROBRAS,ON  EJ  N2,3478483761,6.942,,
2026-06-09,IBXL,IBrX 50,PETR4,PETROBRAS,PN  EJ  N2,4410960450,7.882,,
2026-06-09,IBXL,IBrX 50,PRIO3,PRIO,ON      NM,757265605,2.053,,
2026-06-09,IBXL,IBrX 50,RADL3,RAIADROGASIL,ON      NM,1313915830,1.016,,
2026-06-09,IBXL,IBrX 50,RDOR3,REDE D OR,ON      NM,1091469308,1.548,,
2026-06-09,IBXL,IBrX 50,RAIL3,RUMO S.A.,ON      NM,1221155293,0.716,,
2026-06-09,IBXL,IBrX 50,SBSP3,SABESP,ON      NM,3506733260,4.145,,
2026-06-09,IBXL,IBrX 50,SMFT3,SMART FIT,ON  EJ  NM,556651316,0.442,,
2026-06-09,IBXL,IBrX 50,SUZB3,SUZANO S.A.,ON      NM,612918471,1.115,,
2026-06-09,IBXL,IBrX 50,VIVT3,TELEF BRASIL,ON  EJ,707125712,1.022,,
2026-06-09,IBXL,IBrX 50,TIMS3,TIM,ON      NM,777451080,0.745,,
2026-06-09,IBXL,IBrX 50,TOTS3,TOTVS,ON      NM,533997411,0.749,,
2026-06-09,IBXL,IBrX 50,UGPA3,ULTRAPAR,ON      NM,1067870496,1.142,,
2026-06-09,IBXL,IBrX 50,VALE3,VALE,ON      NM,4268646710,14.447,,
2026-06-09,IBXL,IBrX 50,VBBR3,VIBRA,ON      NM,1192004780,1.484,,
2026-06-09,IBXL,IBrX 50,WEGE3,WEG,ON      NM,1485954732,2.834,,
2026-06-10,IBXL,IBrX 50,ALOS3,ALLOS,ON      NM,478558715,0.557,,
2026-06-10,IBXL,IBrX 50,ABEV3,AMBEV S/A,ON,4273841357,2.985,,
2026-06-10,IBXL,IBrX 50,ASAI3,ASSAI,ON      NM,1338623499,0.484,,
2026-06-10,IBXL,IBrX 50,AXIA3,AXIA ENERGIA,ON  ATZ NM,1863816444,4.052,,
2026-06-10,IBXL,IBrX 50,B3SA3,B3,ON      NM,4997059816,3.313,,
2026-06-10,IBXL,IBrX 50,BBSE3,BBSEGURIDADE,ON      NM,616248544,0.962,,
2026-06-10,IBXL,IBrX 50,BBDC3,BRADESCO,ON  EJ  N1,1464429403,0.955,,
2026-06-10,IBXL,IBrX 50,BBDC4,BRADESCO,PN  EJ  N1,5100889966,3.830,,
2026-06-10,IBXL,IBrX 50,BBAS3,BRASIL,ON  EJ  NM,2842496541,2.340,,
2026-06-10,IBXL,IBrX 50,BRAV3,BRAVA,ON      NM,462883017,0.424,,
2026-06-10,IBXL,IBrX 50,BPAC11,BTGP BANCO,UNT     N2,1194624560,2.617,,
2026-06-10,IBXL,IBrX 50,CMIG4,CEMIG,PN      N1,1904057894,0.887,,
2026-06-10,IBXL,IBrX 50,COGN3,COGNA ON,ON      NM,1915914094,0.197,,
2026-06-10,IBXL,IBrX 50,CPLE3,COPEL,ON      NM,2969406694,1.865,,
2026-06-10,IBXL,IBrX 50,CSAN3,COSAN,ON      NM,2242671999,0.329,,
2026-06-10,IBXL,IBrX 50,CYRE3,CYRELA REALT,ON      NM,281609283,0.252,,
2026-06-10,IBXL,IBrX 50,EMBJ3,EMBRAER,ON      NM,711833141,2.230,,
2026-06-10,IBXL,IBrX 50,ENGI11,ENERGISA,UNT     N2,325503046,0.655,,
2026-06-10,IBXL,IBrX 50,ENEV3,ENEVA,ON      NM,1913352180,2.036,,
2026-06-10,IBXL,IBrX 50,EQTL3,EQUATORIAL,ON      NM,1247728993,2.084,,
2026-06-10,IBXL,IBrX 50,GGBR4,GERDAU,PN      N1,1258208269,1.272,,
2026-06-10,IBXL,IBrX 50,HAPV3,HAPVIDA,ON      NM,271662290,0.133,,
2026-06-10,IBXL,IBrX 50,ITSA4,ITAUSA,PN  EJ  N1,5970738360,3.236,,
2026-06-10,IBXL,IBrX 50,ITUB4,ITAUUNIBANCO,PN  EJ  N1,5349695485,9.039,,
2026-06-10,IBXL,IBrX 50,KLBN11,KLABIN S/A,UNT     N2,804572623,0.591,,
2026-06-10,IBXL,IBrX 50,RENT3,LOCALIZA,ON      NM,978479038,1.722,,
2026-06-10,IBXL,IBrX 50,LREN3,LOJAS RENNER,ON      NM,982593716,0.635,,
2026-06-10,IBXL,IBrX 50,MGLU3,MAGAZ LUIZA,ON      NM,373155063,0.088,,
2026-06-10,IBXL,IBrX 50,POMO4,MARCOPOLO,PN      N2,728266241,0.182,,
2026-06-10,IBXL,IBrX 50,MBRF3,MARFRIG,ON      NM,761175338,0.508,,
2026-06-10,IBXL,IBrX 50,BEEF3,MINERVA,ON      NM,454804863,0.071,,
2026-06-10,IBXL,IBrX 50,MOTV3,MOTIVA SA,ON      NM,1002196725,0.606,,
2026-06-10,IBXL,IBrX 50,MULT3,MULTIPLAN,ON      N2,320022221,0.393,,
2026-06-10,IBXL,IBrX 50,NATU3,NATURA,ON      NM,838359453,0.332,,
2026-06-10,IBXL,IBrX 50,PETR3,PETROBRAS,ON  EJ  N2,3478483761,6.912,,
2026-06-10,IBXL,IBrX 50,PETR4,PETROBRAS,PN  EJ  N2,4410960450,7.824,,
2026-06-10,IBXL,IBrX 50,PRIO3,PRIO,ON      NM,757265605,2.016,,
2026-06-10,IBXL,IBrX 50,RADL3,RAIADROGASIL,ON      NM,1313915830,1.025,,
2026-06-10,IBXL,IBrX 50,RDOR3,REDE D OR,ON      NM,1091469308,1.568,,
2026-06-10,IBXL,IBrX 50,RAIL3,RUMO S.A.,ON      NM,1221155293,0.710,,
2026-06-10,IBXL,IBrX 50,SBSP3,SABESP,ON      NM,3506733260,4.183,,
2026-06-10,IBXL,IBrX 50,SMFT3,SMART FIT,ON  EJ  NM,556651316,0.451,,
2026-06-10,IBXL,IBrX 50,SUZB3,SUZANO S.A.,ON      NM,612918471,1.110,,
2026-06-10,IBXL,IBrX 50,VIVT3,TELEF BRASIL,ON,707125712,1.004,,
2026-06-10,IBXL,IBrX 50,TIMS3,TIM,ON      NM,777451080,0.743,,
2026-06-10,IBXL,IBrX 50,TOTS3,TOTVS,ON      NM,533997411,0.708,,
2026-06-10,IBXL,IBrX 50,UGPA3,ULTRAPAR,ON      NM,1067870496,1.163,,
2026-06-10,IBXL,IBrX 50,VALE3,VALE,ON      NM,4268646710,14.437,,
2026-06-10,IBXL,IBrX 50,VBBR3,VIBRA,ON      NM,1192004780,1.510,,
2026-06-10,IBXL,IBrX 50,WEGE3,WEG,ON      NM,1485954732,2.774,,
2026-06-11,IBXL,IBrX 50,ALOS3,ALLOS,ON      NM,478558715,0.554,,
2026-06-11,IBXL,IBrX 50,ABEV3,AMBEV S/A,ON,4273841357,3.017,,
2026-06-11,IBXL,IBrX 50,ASAI3,ASSAI,ON      NM,1338623499,0.476,,
2026-06-11,IBXL,IBrX 50,AXIA3,AXIA ENERGIA,ON  ATZ NM,1863816444,4.084,,
2026-06-11,IBXL,IBrX 50,B3SA3,B3,ON      NM,4997059816,3.277,,
2026-06-11,IBXL,IBrX 50,BBSE3,BBSEGURIDADE,ON      NM,616248544,0.979,,
2026-06-11,IBXL,IBrX 50,BBDC3,BRADESCO,ON  EJ  N1,1464429403,0.956,,
2026-06-11,IBXL,IBrX 50,BBDC4,BRADESCO,PN  EJ  N1,5100889966,3.819,,
2026-06-11,IBXL,IBrX 50,BBAS3,BRASIL,ON  EJ  NM,2842496541,2.342,,
2026-06-11,IBXL,IBrX 50,BRAV3,BRAVA,ON      NM,462883017,0.425,,
2026-06-11,IBXL,IBrX 50,BPAC11,BTGP BANCO,UNT     N2,1194624560,2.549,,
2026-06-11,IBXL,IBrX 50,CMIG4,CEMIG,PN      N1,1904057894,0.886,,
2026-06-11,IBXL,IBrX 50,COGN3,COGNA ON,ON      NM,1915914094,0.195,,
2026-06-11,IBXL,IBrX 50,CPLE3,COPEL,ON      NM,2969406694,1.839,,
2026-06-11,IBXL,IBrX 50,CSAN3,COSAN,ON      NM,2242671999,0.328,,
2026-06-11,IBXL,IBrX 50,CYRE3,CYRELA REALT,ON      NM,281609283,0.249,,
2026-06-11,IBXL,IBrX 50,EMBJ3,EMBRAER,ON      NM,711833141,2.150,,
2026-06-11,IBXL,IBrX 50,ENGI11,ENERGISA,UNT     N2,325503046,0.649,,
2026-06-11,IBXL,IBrX 50,ENEV3,ENEVA,ON      NM,1913352180,1.981,,
2026-06-11,IBXL,IBrX 50,EQTL3,EQUATORIAL,ON      NM,1247728993,2.078,,
2026-06-11,IBXL,IBrX 50,GGBR4,GERDAU,PN      N1,1258208269,1.278,,
2026-06-11,IBXL,IBrX 50,HAPV3,HAPVIDA,ON      NM,271662290,0.134,,
2026-06-11,IBXL,IBrX 50,ITSA4,ITAUSA,PN  EJ  N1,5970738360,3.261,,
2026-06-11,IBXL,IBrX 50,ITUB4,ITAUUNIBANCO,PN  EJ  N1,5349695485,9.132,,
2026-06-11,IBXL,IBrX 50,KLBN11,KLABIN S/A,UNT     N2,804572623,0.588,,
2026-06-11,IBXL,IBrX 50,RENT3,LOCALIZA,ON      NM,978479038,1.660,,
2026-06-11,IBXL,IBrX 50,LREN3,LOJAS RENNER,ON      NM,982593716,0.632,,
2026-06-11,IBXL,IBrX 50,MGLU3,MAGAZ LUIZA,ON      NM,373155063,0.083,,
2026-06-11,IBXL,IBrX 50,POMO4,MARCOPOLO,PN      N2,728266241,0.180,,
2026-06-11,IBXL,IBrX 50,MBRF3,MARFRIG,ON      NM,761175338,0.525,,
2026-06-11,IBXL,IBrX 50,BEEF3,MINERVA,ON      NM,454804863,0.072,,
2026-06-11,IBXL,IBrX 50,MOTV3,MOTIVA SA,ON      NM,1002196725,0.600,,
2026-06-11,IBXL,IBrX 50,MULT3,MULTIPLAN,ON      N2,320022221,0.389,,
2026-06-11,IBXL,IBrX 50,NATU3,NATURA,ON      NM,838359453,0.316,,
2026-06-11,IBXL,IBrX 50,PETR3,PETROBRAS,ON  EJ  N2,3478483761,7.061,,
2026-06-11,IBXL,IBrX 50,PETR4,PETROBRAS,PN  EJ  N2,4410960450,7.968,,
2026-06-11,IBXL,IBrX 50,PRIO3,PRIO,ON      NM,757265605,2.065,,
2026-06-11,IBXL,IBrX 50,RADL3,RAIADROGASIL,ON      NM,1313915830,1.012,,
2026-06-11,IBXL,IBrX 50,RDOR3,REDE D OR,ON      NM,1091469308,1.538,,
2026-06-11,IBXL,IBrX 50,RAIL3,RUMO S.A.,ON      NM,1221155293,0.704,,
2026-06-11,IBXL,IBrX 50,SBSP3,SABESP,ON      NM,3506733260,4.185,,
2026-06-11,IBXL,IBrX 50,SMFT3,SMART FIT,ON  EJ  NM,556651316,0.453,,
2026-06-11,IBXL,IBrX 50,SUZB3,SUZANO S.A.,ON  ATZ NM,612918471,1.102,,
2026-06-11,IBXL,IBrX 50,VIVT3,TELEF BRASIL,ON,707125712,1.020,,
2026-06-11,IBXL,IBrX 50,TIMS3,TIM,ON      NM,777451080,0.757,,
2026-06-11,IBXL,IBrX 50,TOTS3,TOTVS,ON      NM,533997411,0.663,,
2026-06-11,IBXL,IBrX 50,UGPA3,ULTRAPAR,ON      NM,1067870496,1.157,,
2026-06-11,IBXL,IBrX 50,VALE3,VALE,ON      NM,4268646710,14.384,,
2026-06-11,IBXL,IBrX 50,VBBR3,VIBRA,ON      NM,1192004780,1.516,,
2026-06-11,IBXL,IBrX 50,WEGE3,WEG,ON      NM,1485954732,2.732,,
2026-06-12,IBXL,IBrX 50,ALOS3,ALLOS,ON      NM,478558715,0.555,,
2026-06-12,IBXL,IBrX 50,ABEV3,AMBEV S/A,ON,4273841357,3.035,,
2026-06-12,IBXL,IBrX 50,ASAI3,ASSAI,ON      NM,1338623499,0.471,,
2026-06-12,IBXL,IBrX 50,AXIA3,AXIA ENERGIA,ON  ATZ NM,1863816444,4.157,,
2026-06-12,IBXL,IBrX 50,B3SA3,B3,ON      NM,4997059816,3.292,,
2026-06-12,IBXL,IBrX 50,BBSE3,BBSEGURIDADE,ON      NM,616248544,0.994,,
2026-06-12,IBXL,IBrX 50,BBDC3,BRADESCO,ON  EJ  N1,1464429403,0.964,,
2026-06-12,IBXL,IBrX 50,BBDC4,BRADESCO,PN  EJ  N1,5100889966,3.848,,
2026-06-12,IBXL,IBrX 50,BBAS3,BRASIL,ON  EJ  NM,2842496541,2.354,,
2026-06-12,IBXL,IBrX 50,BRAV3,BRAVA,ON      NM,462883017,0.416,,
2026-06-12,IBXL,IBrX 50,BPAC11,BTGP BANCO,UNT     N2,1194624560,2.573,,
2026-06-12,IBXL,IBrX 50,CMIG4,CEMIG,PN      N1,1904057894,0.878,,
2026-06-12,IBXL,IBrX 50,COGN3,COGNA ON,ON      NM,1915914094,0.200,,
2026-06-12,IBXL,IBrX 50,CPLE3,COPEL,ON      NM,2969406694,1.838,,
2026-06-12,IBXL,IBrX 50,CSAN3,COSAN,ON      NM,2242671999,0.323,,
2026-06-12,IBXL,IBrX 50,CYRE3,CYRELA REALT,ON      NM,281609283,0.254,,
2026-06-12,IBXL,IBrX 50,EMBJ3,EMBRAER,ON      NM,711833141,2.162,,
2026-06-12,IBXL,IBrX 50,ENGI11,ENERGISA,UNT     N2,325503046,0.654,,
2026-06-12,IBXL,IBrX 50,ENEV3,ENEVA,ON      NM,1913352180,1.992,,
2026-06-12,IBXL,IBrX 50,EQTL3,EQUATORIAL,ON      NM,1247728993,2.071,,
2026-06-12,IBXL,IBrX 50,GGBR4,GERDAU,PN      N1,1258208269,1.279,,
2026-06-12,IBXL,IBrX 50,HAPV3,HAPVIDA,ON      NM,271662290,0.134,,
2026-06-12,IBXL,IBrX 50,ITSA4,ITAUSA,PN      N1,5970738360,3.294,,
2026-06-12,IBXL,IBrX 50,ITUB4,ITAUUNIBANCO,PN      N1,5349695485,9.245,,
2026-06-12,IBXL,IBrX 50,KLBN11,KLABIN S/A,UNT     N2,804572623,0.576,,
2026-06-12,IBXL,IBrX 50,RENT3,LOCALIZA,ON      NM,978479038,1.704,,
2026-06-12,IBXL,IBrX 50,LREN3,LOJAS RENNER,ON      NM,982593716,0.645,,
2026-06-12,IBXL,IBrX 50,MGLU3,MAGAZ LUIZA,ON      NM,373155063,0.085,,
2026-06-12,IBXL,IBrX 50,POMO4,MARCOPOLO,PN      N2,728266241,0.180,,
2026-06-12,IBXL,IBrX 50,MBRF3,MARFRIG,ON      NM,761175338,0.520,,
2026-06-12,IBXL,IBrX 50,BEEF3,MINERVA,ON      NM,454804863,0.073,,
2026-06-12,IBXL,IBrX 50,MOTV3,MOTIVA SA,ON      NM,1002196725,0.603,,
2026-06-12,IBXL,IBrX 50,MULT3,MULTIPLAN,ON      N2,320022221,0.389,,
2026-06-12,IBXL,IBrX 50,NATU3,NATURA,ON      NM,838359453,0.305,,
2026-06-12,IBXL,IBrX 50,PETR3,PETROBRAS,ON  EJ  N2,3478483761,6.947,,
2026-06-12,IBXL,IBrX 50,PETR4,PETROBRAS,PN  EJ  N2,4410960450,7.860,,
2026-06-12,IBXL,IBrX 50,PRIO3,PRIO,ON      NM,757265605,2.005,,
2026-06-12,IBXL,IBrX 50,RADL3,RAIADROGASIL,ON      NM,1313915830,0.988,,
2026-06-12,IBXL,IBrX 50,RDOR3,REDE D OR,ON      NM,1091469308,1.585,,
2026-06-12,IBXL,IBrX 50,RAIL3,RUMO S.A.,ON      NM,1221155293,0.703,,
2026-06-12,IBXL,IBrX 50,SBSP3,SABESP,ON      NM,3506733260,4.167,,
2026-06-12,IBXL,IBrX 50,SMFT3,SMART FIT,ON  EJ  NM,556651316,0.460,,
2026-06-12,IBXL,IBrX 50,SUZB3,SUZANO S.A.,ON  ATZ NM,612918471,1.080,,
2026-06-12,IBXL,IBrX 50,VIVT3,TELEF BRASIL,ON,707125712,1.022,,
2026-06-12,IBXL,IBrX 50,TIMS3,TIM,ON      NM,777451080,0.757,,
2026-06-12,IBXL,IBrX 50,TOTS3,TOTVS,ON      NM,533997411,0.685,,
2026-06-12,IBXL,IBrX 50,UGPA3,ULTRAPAR,ON      NM,1067870496,1.138,,
2026-06-12,IBXL,IBrX 50,VALE3,VALE,ON      NM,4268646710,14.353,,
2026-06-12,IBXL,IBrX 50,VBBR3,VIBRA,ON      NM,1192004780,1.502,,
2026-06-12,IBXL,IBrX 50,WEGE3,WEG,ON      NM,1485954732,2.685,,
2026-06-13,IBXL,IBrX 50,ALOS3,ALLOS,ON      NM,478558715,0.554,,
2026-06-13,IBXL,IBrX 50,ABEV3,AMBEV S/A,ON,4273841357,3.036,,
2026-06-13,IBXL,IBrX 50,ASAI3,ASSAI,ON      NM,1338623499,0.464,,
2026-06-13,IBXL,IBrX 50,AXIA3,AXIA ENERGIA,ON  ATZ NM,1863816444,4.145,,
2026-06-13,IBXL,IBrX 50,B3SA3,B3,ON      NM,4997059816,3.255,,
2026-06-13,IBXL,IBrX 50,BBSE3,BBSEGURIDADE,ON      NM,616248544,0.999,,
2026-06-13,IBXL,IBrX 50,BBDC3,BRADESCO,ON      N1,1464429403,0.971,,
2026-06-13,IBXL,IBrX 50,BBDC4,BRADESCO,PN      N1,5100889966,3.884,,
2026-06-13,IBXL,IBrX 50,BBAS3,BRASIL,ON      NM,2842496541,2.366,,
2026-06-13,IBXL,IBrX 50,BRAV3,BRAVA,ON      NM,462883017,0.416,,
2026-06-13,IBXL,IBrX 50,BPAC11,BTGP BANCO,UNT     N2,1194624560,2.575,,
2026-06-13,IBXL,IBrX 50,CMIG4,CEMIG,PN      N1,1904057894,0.874,,
2026-06-13,IBXL,IBrX 50,COGN3,COGNA ON,ON      NM,1915914094,0.192,,
2026-06-13,IBXL,IBrX 50,CPLE3,COPEL,ON      NM,2969406694,1.855,,
2026-06-13,IBXL,IBrX 50,CSAN3,COSAN,ON      NM,2242671999,0.320,,
2026-06-13,IBXL,IBrX 50,CYRE3,CYRELA REALT,ON      NM,281609283,0.257,,
2026-06-13,IBXL,IBrX 50,EMBJ3,EMBRAER,ON      NM,711833141,2.218,,
2026-06-13,IBXL,IBrX 50,ENGI11,ENERGISA,UNT     N2,325503046,0.660,,
2026-06-13,IBXL,IBrX 50,ENEV3,ENEVA,ON      NM,1913352180,2.009,,
2026-06-13,IBXL,IBrX 50,EQTL3,EQUATORIAL,ON      NM,1247728993,2.069,,
2026-06-13,IBXL,IBrX 50,GGBR4,GERDAU,PN      N1,1258208269,1.285,,
2026-06-13,IBXL,IBrX 50,HAPV3,HAPVIDA,ON      NM,271662290,0.132,,
2026-06-13,IBXL,IBrX 50,ITSA4,ITAUSA,PN      N1,5970738360,3.295,,
2026-06-13,IBXL,IBrX 50,ITUB4,ITAUUNIBANCO,PN      N1,5349695485,9.290,,
2026-06-13,IBXL,IBrX 50,KLBN11,KLABIN S/A,UNT     N2,804572623,0.581,,
2026-06-13,IBXL,IBrX 50,RENT3,LOCALIZA,ON      NM,978479038,1.703,,
2026-06-13,IBXL,IBrX 50,LREN3,LOJAS RENNER,ON      NM,982593716,0.646,,
2026-06-13,IBXL,IBrX 50,MGLU3,MAGAZ LUIZA,ON      NM,373155063,0.084,,
2026-06-13,IBXL,IBrX 50,POMO4,MARCOPOLO,PN      N2,728266241,0.183,,
2026-06-13,IBXL,IBrX 50,MBRF3,MARFRIG,ON      NM,761175338,0.521,,
2026-06-13,IBXL,IBrX 50,BEEF3,MINERVA,ON      NM,454804863,0.073,,
2026-06-13,IBXL,IBrX 50,MOTV3,MOTIVA SA,ON      NM,1002196725,0.598,,
2026-06-13,IBXL,IBrX 50,MULT3,MULTIPLAN,ON      N2,320022221,0.389,,
2026-06-13,IBXL,IBrX 50,NATU3,NATURA,ON      NM,838359453,0.307,,
2026-06-13,IBXL,IBrX 50,PETR3,PETROBRAS,ON      N2,3478483761,6.872,,
2026-06-13,IBXL,IBrX 50,PETR4,PETROBRAS,PN      N2,4410960450,7.769,,
2026-06-13,IBXL,IBrX 50,PRIO3,PRIO,ON      NM,757265605,1.987,,
2026-06-13,IBXL,IBrX 50,RADL3,RAIADROGASIL,ON      NM,1313915830,0.981,,
2026-06-13,IBXL,IBrX 50,RDOR3,REDE D OR,ON      NM,1091469308,1.592,,
2026-06-13,IBXL,IBrX 50,RAIL3,RUMO S.A.,ON      NM,1221155293,0.698,,
2026-06-13,IBXL,IBrX 50,SBSP3,SABESP,ON      NM,3506733260,4.131,,
2026-06-13,IBXL,IBrX 50,SMFT3,SMART FIT,ON  EJ  NM,556651316,0.451,,
2026-06-13,IBXL,IBrX 50,SUZB3,SUZANO S.A.,ON  ATZ NM,612918471,1.088,,
2026-06-13,IBXL,IBrX 50,VIVT3,TELEF BRASIL,ON,707125712,1.014,,
2026-06-13,IBXL,IBrX 50,TIMS3,TIM,ON      NM,777451080,0.749,,
2026-06-13,IBXL,IBrX 50,TOTS3,TOTVS,ON      NM,533997411,0.681,,
2026-06-13,IBXL,IBrX 50,UGPA3,ULTRAPAR,ON      NM,1067870496,1.132,,
2026-06-13,IBXL,IBrX 50,VALE3,VALE,ON      NM,4268646710,14.455,,
2026-06-13,IBXL,IBrX 50,VBBR3,VIBRA,ON      NM,1192004780,1.486,,
2026-06-13,IBXL,IBrX 50,WEGE3,WEG,ON      NM,1485954732,2.708,,
2026-06-15,IBXL,IBrX 50,ALOS3,ALLOS,ON      NM,478558715,0.554,,
2026-06-15,IBXL,IBrX 50,ABEV3,AMBEV S/A,ON,4273841357,3.036,,
2026-06-15,IBXL,IBrX 50,ASAI3,ASSAI,ON      NM,1338623499,0.464,,
2026-06-15,IBXL,IBrX 50,AXIA3,AXIA ENERGIA,ON  ATZ NM,1863816444,4.145,,
2026-06-15,IBXL,IBrX 50,B3SA3,B3,ON      NM,4997059816,3.255,,
2026-06-15,IBXL,IBrX 50,BBSE3,BBSEGURIDADE,ON      NM,616248544,0.999,,
2026-06-15,IBXL,IBrX 50,BBDC3,BRADESCO,ON      N1,1464429403,0.971,,
2026-06-15,IBXL,IBrX 50,BBDC4,BRADESCO,PN      N1,5100889966,3.884,,
2026-06-15,IBXL,IBrX 50,BBAS3,BRASIL,ON      NM,2842496541,2.366,,
2026-06-15,IBXL,IBrX 50,BRAV3,BRAVA,ON      NM,462883017,0.416,,
2026-06-15,IBXL,IBrX 50,BPAC11,BTGP BANCO,UNT     N2,1194624560,2.575,,
2026-06-15,IBXL,IBrX 50,CMIG4,CEMIG,PN      N1,1904057894,0.874,,
2026-06-15,IBXL,IBrX 50,COGN3,COGNA ON,ON      NM,1915914094,0.192,,
2026-06-15,IBXL,IBrX 50,CPLE3,COPEL,ON      NM,2969406694,1.855,,
2026-06-15,IBXL,IBrX 50,CSAN3,COSAN,ON      NM,2242671999,0.320,,
2026-06-15,IBXL,IBrX 50,CYRE3,CYRELA REALT,ON      NM,281609283,0.257,,
2026-06-15,IBXL,IBrX 50,EMBJ3,EMBRAER,ON      NM,711833141,2.218,,
2026-06-15,IBXL,IBrX 50,ENGI11,ENERGISA,UNT     N2,325503046,0.660,,
2026-06-15,IBXL,IBrX 50,ENEV3,ENEVA,ON      NM,1913352180,2.009,,
2026-06-15,IBXL,IBrX 50,EQTL3,EQUATORIAL,ON      NM,1247728993,2.069,,
2026-06-15,IBXL,IBrX 50,GGBR4,GERDAU,PN      N1,1258208269,1.285,,
2026-06-15,IBXL,IBrX 50,HAPV3,HAPVIDA,ON      NM,271662290,0.132,,
2026-06-15,IBXL,IBrX 50,ITSA4,ITAUSA,PN      N1,5970738360,3.295,,
2026-06-15,IBXL,IBrX 50,ITUB4,ITAUUNIBANCO,PN      N1,5349695485,9.290,,
2026-06-15,IBXL,IBrX 50,KLBN11,KLABIN S/A,UNT     N2,804572623,0.581,,
2026-06-15,IBXL,IBrX 50,RENT3,LOCALIZA,ON      NM,978479038,1.703,,
2026-06-15,IBXL,IBrX 50,LREN3,LOJAS RENNER,ON      NM,982593716,0.646,,
2026-06-15,IBXL,IBrX 50,MGLU3,MAGAZ LUIZA,ON      NM,373155063,0.084,,
2026-06-15,IBXL,IBrX 50,POMO4,MARCOPOLO,PN      N2,728266241,0.183,,
2026-06-15,IBXL,IBrX 50,MBRF3,MARFRIG,ON      NM,761175338,0.521,,
2026-06-15,IBXL,IBrX 50,BEEF3,MINERVA,ON      NM,454804863,0.073,,
2026-06-15,IBXL,IBrX 50,MOTV3,MOTIVA SA,ON      NM,1002196725,0.598,,
2026-06-15,IBXL,IBrX 50,MULT3,MULTIPLAN,ON      N2,320022221,0.389,,
2026-06-15,IBXL,IBrX 50,NATU3,NATURA,ON      NM,838359453,0.307,,
2026-06-15,IBXL,IBrX 50,PETR3,PETROBRAS,ON      N2,3478483761,6.872,,
2026-06-15,IBXL,IBrX 50,PETR4,PETROBRAS,PN      N2,4410960450,7.769,,
2026-06-15,IBXL,IBrX 50,PRIO3,PRIO,ON      NM,757265605,1.987,,
2026-06-15,IBXL,IBrX 50,RADL3,RAIADROGASIL,ON      NM,1313915830,0.981,,
2026-06-15,IBXL,IBrX 50,RDOR3,REDE D OR,ON      NM,1091469308,1.592,,
2026-06-15,IBXL,IBrX 50,RAIL3,RUMO S.A.,ON      NM,1221155293,0.698,,
2026-06-15,IBXL,IBrX 50,SBSP3,SABESP,ON      NM,3506733260,4.131,,
2026-06-15,IBXL,IBrX 50,SMFT3,SMART FIT,ON  EJ  NM,556651316,0.451,,
2026-06-15,IBXL,IBrX 50,SUZB3,SUZANO S.A.,ON  ATZ NM,612918471,1.088,,
2026-06-15,IBXL,IBrX 50,VIVT3,TELEF BRASIL,ON,707125712,1.014,,
2026-06-15,IBXL,IBrX 50,TIMS3,TIM,ON      NM,777451080,0.749,,
2026-06-15,IBXL,IBrX 50,TOTS3,TOTVS,ON      NM,533997411,0.681,,
2026-06-15,IBXL,IBrX 50,UGPA3,ULTRAPAR,ON      NM,1067870496,1.132,,
2026-06-15,IBXL,IBrX 50,VALE3,VALE,ON      NM,4268646710,14.455,,
2026-06-15,IBXL,IBrX 50,VBBR3,VIBRA,ON      NM,1192004780,1.486,,
2026-06-15,IBXL,IBrX 50,WEGE3,WEG,ON      NM,1485954732,2.708,,
2026-06-16,IBXL,IBrX 50,ALOS3,ALLOS,ON      NM,478558715,0.547,,
2026-06-16,IBXL,IBrX 50,ABEV3,AMBEV S/A,ON,4273841357,3.044,,
2026-06-16,IBXL,IBrX 50,ASAI3,ASSAI,ON      NM,1338623499,0.459,,
2026-06-16,IBXL,IBrX 50,AXIA3,AXIA ENERGIA,ON  ATZ NM,1863816444,4.246,,
2026-06-16,IBXL,IBrX 50,B3SA3,B3,ON      NM,4997059816,3.252,,
2026-06-16,IBXL,IBrX 50,BBSE3,BBSEGURIDADE,ON      NM,616248544,1.001,,
2026-06-16,IBXL,IBrX 50,BBDC3,BRADESCO,ON      N1,1464429403,0.970,,
2026-06-16,IBXL,IBrX 50,BBDC4,BRADESCO,PN      N1,5100889966,3.870,,
2026-06-16,IBXL,IBrX 50,BBAS3,BRASIL,ON      NM,2842496541,2.369,,
2026-06-16,IBXL,IBrX 50,BRAV3,BRAVA,ON      NM,462883017,0.401,,
2026-06-16,IBXL,IBrX 50,BPAC11,BTGP BANCO,UNT     N2,1194624560,2.613,,
2026-06-16,IBXL,IBrX 50,CMIG4,CEMIG,PN      N1,1904057894,0.878,,
2026-06-16,IBXL,IBrX 50,COGN3,COGNA ON,ON      NM,1915914094,0.193,,
2026-06-16,IBXL,IBrX 50,CPLE3,COPEL,ON      NM,2969406694,1.883,,
2026-06-16,IBXL,IBrX 50,CSAN3,COSAN,ON      NM,2242671999,0.315,,
2026-06-16,IBXL,IBrX 50,CYRE3,CYRELA REALT,ON      NM,281609283,0.262,,
2026-06-16,IBXL,IBrX 50,EMBJ3,EMBRAER,ON      NM,711833141,2.386,,
2026-06-16,IBXL,IBrX 50,ENGI11,ENERGISA,UNT     N2,325503046,0.658,,
2026-06-16,IBXL,IBrX 50,ENEV3,ENEVA,ON      NM,1913352180,2.061,,
2026-06-16,IBXL,IBrX 50,EQTL3,EQUATORIAL,ON      NM,1247728993,2.060,,
2026-06-16,IBXL,IBrX 50,GGBR4,GERDAU,PN      N1,1258208269,1.263,,
2026-06-16,IBXL,IBrX 50,HAPV3,HAPVIDA,ON      NM,271662290,0.133,,
2026-06-16,IBXL,IBrX 50,ITSA4,ITAUSA,PN      N1,5970738360,3.283,,
2026-06-16,IBXL,IBrX 50,ITUB4,ITAUUNIBANCO,PN      N1,5349695485,9.290,,
2026-06-16,IBXL,IBrX 50,KLBN11,KLABIN S/A,UNT     N2,804572623,0.592,,
2026-06-16,IBXL,IBrX 50,RENT3,LOCALIZA,ON      NM,978479038,1.710,,
2026-06-16,IBXL,IBrX 50,LREN3,LOJAS RENNER,ON      NM,982593716,0.646,,
2026-06-16,IBXL,IBrX 50,MGLU3,MAGAZ LUIZA,ON      NM,373155063,0.086,,
2026-06-16,IBXL,IBrX 50,POMO4,MARCOPOLO,PN      N2,728266241,0.184,,
2026-06-16,IBXL,IBrX 50,MBRF3,MARFRIG,ON      NM,761175338,0.516,,
2026-06-16,IBXL,IBrX 50,BEEF3,MINERVA,ON      NM,454804863,0.075,,
2026-06-16,IBXL,IBrX 50,MOTV3,MOTIVA SA,ON      NM,1002196725,0.602,,
2026-06-16,IBXL,IBrX 50,MULT3,MULTIPLAN,ON      N2,320022221,0.389,,
2026-06-16,IBXL,IBrX 50,NATU3,NATURA,ON      NM,838359453,0.305,,
2026-06-16,IBXL,IBrX 50,PETR3,PETROBRAS,ON      N2,3478483761,6.540,,
2026-06-16,IBXL,IBrX 50,PETR4,PETROBRAS,PN      N2,4410960450,7.406,,
2026-06-16,IBXL,IBrX 50,PRIO3,PRIO,ON      NM,757265605,1.859,,
2026-06-16,IBXL,IBrX 50,RADL3,RAIADROGASIL,ON      NM,1313915830,0.976,,
2026-06-16,IBXL,IBrX 50,RDOR3,REDE D OR,ON      NM,1091469308,1.586,,
2026-06-16,IBXL,IBrX 50,RAIL3,RUMO S.A.,ON      NM,1221155293,0.696,,
2026-06-16,IBXL,IBrX 50,SBSP3,SABESP,ON      NM,3506733260,4.201,,
2026-06-16,IBXL,IBrX 50,SMFT3,SMART FIT,ON  EJ  NM,556651316,0.446,,
2026-06-16,IBXL,IBrX 50,SUZB3,SUZANO S.A.,ON  ATZ NM,612918471,1.122,,
2026-06-16,IBXL,IBrX 50,VIVT3,TELEF BRASIL,ON,707125712,1.007,,
2026-06-16,IBXL,IBrX 50,TIMS3,TIM,ON      NM,777451080,0.745,,
2026-06-16,IBXL,IBrX 50,TOTS3,TOTVS,ON  EJ  NM,533997411,0.672,,
2026-06-16,IBXL,IBrX 50,UGPA3,ULTRAPAR,ON      NM,1067870496,1.106,,
2026-06-16,IBXL,IBrX 50,VALE3,VALE,ON      NM,4268646710,14.891,,
2026-06-16,IBXL,IBrX 50,VBBR3,VIBRA,ON      NM,1192004780,1.473,,
2026-06-16,IBXL,IBrX 50,WEGE3,WEG,ON      NM,1485954732,2.732,,
2026-06-17,IBXL,IBrX 50,ALOS3,ALLOS,ON      NM,478558715,0.553,,
2026-06-17,IBXL,IBrX 50,ABEV3,AMBEV S/A,ON,4273841357,3.032,,
2026-06-17,IBXL,IBrX 50,ASAI3,ASSAI,ON      NM,1338623499,0.456,,
2026-06-17,IBXL,IBrX 50,AXIA3,AXIA ENERGIA,ON  ATZ NM,1863816444,4.276,,
2026-06-17,IBXL,IBrX 50,B3SA3,B3,ON      NM,4997059816,3.243,,
2026-06-17,IBXL,IBrX 50,BBSE3,BBSEGURIDADE,ON      NM,616248544,1.015,,
2026-06-17,IBXL,IBrX 50,BBDC3,BRADESCO,ON      N1,1464429403,0.967,,
2026-06-17,IBXL,IBrX 50,BBDC4,BRADESCO,PN      N1,5100889966,3.887,,
2026-06-17,IBXL,IBrX 50,BBAS3,BRASIL,ON      NM,2842496541,2.380,,
2026-06-17,IBXL,IBrX 50,BRAV3,BRAVA,ON      NM,462883017,0.392,,
2026-06-17,IBXL,IBrX 50,BPAC11,BTGP BANCO,UNT     N2,1194624560,2.614,,
2026-06-17,IBXL,IBrX 50,CMIG4,CEMIG,PN      N1,1904057894,0.881,,
2026-06-17,IBXL,IBrX 50,COGN3,COGNA ON,ON      NM,1915914094,0.190,,
2026-06-17,IBXL,IBrX 50,CPLE3,COPEL,ON      NM,2969406694,1.858,,
2026-06-17,IBXL,IBrX 50,CSAN3,COSAN,ON      NM,2242671999,0.316,,
2026-06-17,IBXL,IBrX 50,CYRE3,CYRELA REALT,ON      NM,281609283,0.262,,
2026-06-17,IBXL,IBrX 50,EMBJ3,EMBRAER,ON      NM,711833141,2.343,,
2026-06-17,IBXL,IBrX 50,ENGI11,ENERGISA,UNT     N2,325503046,0.648,,
2026-06-17,IBXL,IBrX 50,ENEV3,ENEVA,ON      NM,1913352180,2.018,,
2026-06-17,IBXL,IBrX 50,EQTL3,EQUATORIAL,ON      NM,1247728993,2.025,,
2026-06-17,IBXL,IBrX 50,GGBR4,GERDAU,PN      N1,1258208269,1.265,,
2026-06-17,IBXL,IBrX 50,HAPV3,HAPVIDA,ON      NM,271662290,0.131,,
2026-06-17,IBXL,IBrX 50,ITSA4,ITAUSA,PN      N1,5970738360,3.313,,
2026-06-17,IBXL,IBrX 50,ITUB4,ITAUUNIBANCO,PN      N1,5349695485,9.338,,
2026-06-17,IBXL,IBrX 50,KLBN11,KLABIN S/A,UNT     N2,804572623,0.593,,
2026-06-17,IBXL,IBrX 50,RENT3,LOCALIZA,ON  ATZ NM,978479038,1.730,,
2026-06-17,IBXL,IBrX 50,LREN3,LOJAS RENNER,ON      NM,982593716,0.631,,
2026-06-17,IBXL,IBrX 50,MGLU3,MAGAZ LUIZA,ON      NM,373155063,0.081,,
2026-06-17,IBXL,IBrX 50,POMO4,MARCOPOLO,PN      N2,728266241,0.182,,
2026-06-17,IBXL,IBrX 50,MBRF3,MARFRIG,ON      NM,761175338,0.524,,
2026-06-17,IBXL,IBrX 50,BEEF3,MINERVA,ON      NM,454804863,0.073,,
2026-06-17,IBXL,IBrX 50,MOTV3,MOTIVA SA,ON      NM,1002196725,0.606,,
2026-06-17,IBXL,IBrX 50,MULT3,MULTIPLAN,ON      N2,320022221,0.388,,
2026-06-17,IBXL,IBrX 50,NATU3,NATURA,ON      NM,838359453,0.310,,
2026-06-17,IBXL,IBrX 50,PETR3,PETROBRAS,ON      N2,3478483761,6.503,,
2026-06-17,IBXL,IBrX 50,PETR4,PETROBRAS,PN      N2,4410960450,7.336,,
2026-06-17,IBXL,IBrX 50,PRIO3,PRIO,ON      NM,757265605,1.858,,
2026-06-17,IBXL,IBrX 50,RADL3,RAIADROGASIL,ON      NM,1313915830,1.002,,
2026-06-17,IBXL,IBrX 50,RDOR3,REDE D OR,ON      NM,1091469308,1.605,,
2026-06-17,IBXL,IBrX 50,RAIL3,RUMO S.A.,ON      NM,1221155293,0.687,,
2026-06-17,IBXL,IBrX 50,SBSP3,SABESP,ON      NM,3506733260,4.207,,
2026-06-17,IBXL,IBrX 50,SMFT3,SMART FIT,ON      NM,556651316,0.447,,
2026-06-17,IBXL,IBrX 50,SUZB3,SUZANO S.A.,ON  ATZ NM,612918471,1.135,,
2026-06-17,IBXL,IBrX 50,VIVT3,TELEF BRASIL,ON,707125712,1.025,,
2026-06-17,IBXL,IBrX 50,TIMS3,TIM,ON      NM,777451080,0.730,,
2026-06-17,IBXL,IBrX 50,TOTS3,TOTVS,ON  EJ  NM,533997411,0.660,,
2026-06-17,IBXL,IBrX 50,UGPA3,ULTRAPAR,ON      NM,1067870496,1.100,,
2026-06-17,IBXL,IBrX 50,VALE3,VALE,ON      NM,4268646710,15.002,,
2026-06-17,IBXL,IBrX 50,VBBR3,VIBRA,ON      NM,1192004780,1.436,,
2026-06-17,IBXL,IBrX 50,WEGE3,WEG,ON      NM,1485954732,2.746,,
2026-06-18,IBXL,IBrX 50,ALOS3,ALLOS,ON      NM,478558715,0.550,,
2026-06-18,IBXL,IBrX 50,ABEV3,AMBEV S/A,ON,4273841357,3.006,,
2026-06-18,IBXL,IBrX 50,ASAI3,ASSAI,ON      NM,1338623499,0.454,,
2026-06-18,IBXL,IBrX 50,AXIA3,AXIA ENERGIA,ON  ATZ NM,1863816444,4.242,,
2026-06-18,IBXL,IBrX 50,B3SA3,B3,ON      NM,4997059816,3.172,,
2026-06-18,IBXL,IBrX 50,BBSE3,BBSEGURIDADE,ON      NM,616248544,1.052,,
2026-06-18,IBXL,IBrX 50,BBDC3,BRADESCO,ON      N1,1464429403,0.974,,
2026-06-18,IBXL,IBrX 50,BBDC4,BRADESCO,PN      N1,5100889966,3.889,,
2026-06-18,IBXL,IBrX 50,BBAS3,BRASIL,ON      NM,2842496541,2.397,,
2026-06-18,IBXL,IBrX 50,BRAV3,BRAVA,ON      NM,462883017,0.400,,
2026-06-18,IBXL,IBrX 50,BPAC11,BTGP BANCO,UNT     N2,1194624560,2.615,,
2026-06-18,IBXL,IBrX 50,CMIG4,CEMIG,PN      N1,1904057894,0.880,,
2026-06-18,IBXL,IBrX 50,COGN3,COGNA ON,ON      NM,1915914094,0.191,,
2026-06-18,IBXL,IBrX 50,CPLE3,COPEL,ON      NM,2969406694,1.845,,
2026-06-18,IBXL,IBrX 50,CSAN3,COSAN,ON      NM,2242671999,0.338,,
2026-06-18,IBXL,IBrX 50,CYRE3,CYRELA REALT,ON      NM,281609283,0.255,,
2026-06-18,IBXL,IBrX 50,EMBJ3,EMBRAER,ON      NM,711833141,2.435,,
2026-06-18,IBXL,IBrX 50,ENGI11,ENERGISA,UNT     N2,325503046,0.646,,
2026-06-18,IBXL,IBrX 50,ENEV3,ENEVA,ON      NM,1913352180,2.002,,
2026-06-18,IBXL,IBrX 50,EQTL3,EQUATORIAL,ON      NM,1247728993,2.011,,
2026-06-18,IBXL,IBrX 50,GGBR4,GERDAU,PN      N1,1258208269,1.247,,
2026-06-18,IBXL,IBrX 50,HAPV3,HAPVIDA,ON      NM,271662290,0.125,,
2026-06-18,IBXL,IBrX 50,ITSA4,ITAUSA,PN      N1,5970738360,3.380,,
2026-06-18,IBXL,IBrX 50,ITUB4,ITAUUNIBANCO,PN      N1,5349695485,9.482,,
2026-06-18,IBXL,IBrX 50,KLBN11,KLABIN S/A,UNT     N2,804572623,0.593,,
2026-06-18,IBXL,IBrX 50,RENT3,LOCALIZA,ON  ATZ NM,978479038,1.723,,
2026-06-18,IBXL,IBrX 50,LREN3,LOJAS RENNER,ON      NM,982593716,0.617,,
2026-06-18,IBXL,IBrX 50,MGLU3,MAGAZ LUIZA,ON      NM,373155063,0.077,,
2026-06-18,IBXL,IBrX 50,POMO4,MARCOPOLO,PN      N2,728266241,0.187,,
2026-06-18,IBXL,IBrX 50,MBRF3,MARFRIG,ON      NM,761175338,0.513,,
2026-06-18,IBXL,IBrX 50,BEEF3,MINERVA,ON      NM,454804863,0.074,,
2026-06-18,IBXL,IBrX 50,MOTV3,MOTIVA SA,ON      NM,1002196725,0.602,,
2026-06-18,IBXL,IBrX 50,MULT3,MULTIPLAN,ON      N2,320022221,0.388,,
2026-06-18,IBXL,IBrX 50,NATU3,NATURA,ON      NM,838359453,0.285,,
2026-06-18,IBXL,IBrX 50,PETR3,PETROBRAS,ON      N2,3478483761,6.509,,
2026-06-18,IBXL,IBrX 50,PETR4,PETROBRAS,PN      N2,4410960450,7.391,,
2026-06-18,IBXL,IBrX 50,PRIO3,PRIO,ON      NM,757265605,1.867,,
2026-06-18,IBXL,IBrX 50,RADL3,RAIADROGASIL,ON      NM,1313915830,1.000,,
2026-06-18,IBXL,IBrX 50,RDOR3,REDE D OR,ON      NM,1091469308,1.570,,
2026-06-18,IBXL,IBrX 50,RAIL3,RUMO S.A.,ON      NM,1221155293,0.660,,
2026-06-18,IBXL,IBrX 50,SBSP3,SABESP,ON      NM,3506733260,4.183,,
2026-06-18,IBXL,IBrX 50,SMFT3,SMART FIT,ON      NM,556651316,0.459,,
2026-06-18,IBXL,IBrX 50,SUZB3,SUZANO S.A.,ON  ATZ NM,612918471,1.124,,
2026-06-18,IBXL,IBrX 50,VIVT3,TELEF BRASIL,ON,707125712,1.009,,
2026-06-18,IBXL,IBrX 50,TIMS3,TIM,ON      NM,777451080,0.721,,
2026-06-18,IBXL,IBrX 50,TOTS3,TOTVS,ON  EJ  NM,533997411,0.648,,
2026-06-18,IBXL,IBrX 50,UGPA3,ULTRAPAR,ON      NM,1067870496,1.122,,
2026-06-18,IBXL,IBrX 50,VALE3,VALE,ON      NM,4268646710,14.795,,
2026-06-18,IBXL,IBrX 50,VBBR3,VIBRA,ON      NM,1192004780,1.467,,
2026-06-18,IBXL,IBrX 50,WEGE3,WEG,ON      NM,1485954732,2.828,,
2026-06-19,IBXL,IBrX 50,ALOS3,ALLOS,ON      NM,478558715,0.555,,
2026-06-19,IBXL,IBrX 50,ABEV3,AMBEV S/A,ON,4273841357,3.018,,
2026-06-19,IBXL,IBrX 50,ASAI3,ASSAI,ON      NM,1338623499,0.448,,
2026-06-19,IBXL,IBrX 50,AXIA3,AXIA ENERGIA,ON  ATZ NM,1863816444,4.179,,
2026-06-19,IBXL,IBrX 50,B3SA3,B3,ON      NM,4997059816,3.117,,
2026-06-19,IBXL,IBrX 50,BBSE3,BBSEGURIDADE,ON      NM,616248544,1.058,,
2026-06-19,IBXL,IBrX 50,BBDC3,BRADESCO,ON      N1,1464429403,0.973,,
2026-06-19,IBXL,IBrX 50,BBDC4,BRADESCO,PN      N1,5100889966,3.879,,
2026-06-19,IBXL,IBrX 50,BBAS3,BRASIL,ON      NM,2842496541,2.417,,
2026-06-19,IBXL,IBrX 50,BRAV3,BRAVA,ON      NM,462883017,0.388,,
2026-06-19,IBXL,IBrX 50,BPAC11,BTGP BANCO,UNT     N2,1194624560,2.644,,
2026-06-19,IBXL,IBrX 50,CMIG4,CEMIG,PN      N1,1904057894,0.889,,
2026-06-19,IBXL,IBrX 50,COGN3,COGNA ON,ON      NM,1915914094,0.194,,
2026-06-19,IBXL,IBrX 50,CPLE3,COPEL,ON      NM,2969406694,1.911,,
2026-06-19,IBXL,IBrX 50,CSAN3,COSAN,ON      NM,2242671999,0.332,,
2026-06-19,IBXL,IBrX 50,CYRE3,CYRELA REALT,ON      NM,281609283,0.259,,
2026-06-19,IBXL,IBrX 50,EMBJ3,EMBRAER,ON      NM,711833141,2.444,,
2026-06-19,IBXL,IBrX 50,ENGI11,ENERGISA,UNT     N2,325503046,0.645,,
2026-06-19,IBXL,IBrX 50,ENEV3,ENEVA,ON      NM,1913352180,2.007,,
2026-06-19,IBXL,IBrX 50,EQTL3,EQUATORIAL,ON      NM,1247728993,2.002,,
2026-06-19,IBXL,IBrX 50,GGBR4,GERDAU,PN      N1,1258208269,1.186,,
2026-06-19,IBXL,IBrX 50,HAPV3,HAPVIDA,ON      NM,271662290,0.125,,
2026-06-19,IBXL,IBrX 50,ITSA4,ITAUSA,PN  EJ  N1,5970738360,3.357,,
2026-06-19,IBXL,IBrX 50,ITUB4,ITAUUNIBANCO,PN  EJ  N1,5349695485,9.360,,
2026-06-19,IBXL,IBrX 50,KLBN11,KLABIN S/A,UNT     N2,804572623,0.603,,
2026-06-19,IBXL,IBrX 50,RENT3,LOCALIZA,ON  ATZ NM,978479038,1.708,,
2026-06-19,IBXL,IBrX 50,LREN3,LOJAS RENNER,ON      NM,982593716,0.598,,
2026-06-19,IBXL,IBrX 50,MGLU3,MAGAZ LUIZA,ON      NM,373155063,0.074,,
2026-06-19,IBXL,IBrX 50,POMO4,MARCOPOLO,PN      N2,728266241,0.190,,
2026-06-19,IBXL,IBrX 50,MBRF3,MARFRIG,ON      NM,761175338,0.512,,
2026-06-19,IBXL,IBrX 50,BEEF3,MINERVA,ON      NM,454804863,0.073,,
2026-06-19,IBXL,IBrX 50,MOTV3,MOTIVA SA,ON      NM,1002196725,0.600,,
2026-06-19,IBXL,IBrX 50,MULT3,MULTIPLAN,ON      N2,320022221,0.393,,
2026-06-19,IBXL,IBrX 50,NATU3,NATURA,ON      NM,838359453,0.271,,
2026-06-19,IBXL,IBrX 50,PETR3,PETROBRAS,ON      N2,3478483761,6.531,,
2026-06-19,IBXL,IBrX 50,PETR4,PETROBRAS,PN      N2,4410960450,7.460,,
2026-06-19,IBXL,IBrX 50,PRIO3,PRIO,ON      NM,757265605,1.878,,
2026-06-19,IBXL,IBrX 50,RADL3,RAIADROGASIL,ON      NM,1313915830,0.947,,
2026-06-19,IBXL,IBrX 50,RDOR3,REDE D OR,ON      NM,1091469308,1.580,,
2026-06-19,IBXL,IBrX 50,RAIL3,RUMO S.A.,ON      NM,1221155293,0.655,,
2026-06-19,IBXL,IBrX 50,SBSP3,SABESP,ON      NM,3506733260,4.106,,
2026-06-19,IBXL,IBrX 50,SMFT3,SMART FIT,ON      NM,556651316,0.455,,
2026-06-19,IBXL,IBrX 50,SUZB3,SUZANO S.A.,ON  ATZ NM,612918471,1.163,,
2026-06-19,IBXL,IBrX 50,VIVT3,TELEF BRASIL,ON,707125712,1.006,,
2026-06-19,IBXL,IBrX 50,TIMS3,TIM,ON      NM,777451080,0.723,,
2026-06-19,IBXL,IBrX 50,TOTS3,TOTVS,ON  EJ  NM,533997411,0.631,,
2026-06-19,IBXL,IBrX 50,UGPA3,ULTRAPAR,ON      NM,1067870496,1.154,,
2026-06-19,IBXL,IBrX 50,VALE3,VALE,ON      NM,4268646710,14.855,,
2026-06-19,IBXL,IBrX 50,VBBR3,VIBRA,ON      NM,1192004780,1.484,,
2026-06-19,IBXL,IBrX 50,WEGE3,WEG,ON      NM,1485954732,2.963,,
2026-06-20,IBXL,IBrX 50,ALOS3,ALLOS,ON      NM,478558715,0.553,,
2026-06-20,IBXL,IBrX 50,ABEV3,AMBEV S/A,ON,4273841357,2.985,,
2026-06-20,IBXL,IBrX 50,ASAI3,ASSAI,ON      NM,1338623499,0.446,,
2026-06-20,IBXL,IBrX 50,AXIA3,AXIA ENERGIA,ON      NM,1863816444,4.203,,
2026-06-20,IBXL,IBrX 50,B3SA3,B3,ON      NM,4997059816,3.134,,
2026-06-20,IBXL,IBrX 50,BBSE3,BBSEGURIDADE,ON      NM,616248544,1.043,,
2026-06-20,IBXL,IBrX 50,BBDC3,BRADESCO,ON      N1,1464429403,0.966,,
2026-06-20,IBXL,IBrX 50,BBDC4,BRADESCO,PN      N1,5100889966,3.878,,
2026-06-20,IBXL,IBrX 50,BBAS3,BRASIL,ON      NM,2842496541,2.402,,
2026-06-20,IBXL,IBrX 50,BRAV3,BRAVA,ON      NM,462883017,0.383,,
2026-06-20,IBXL,IBrX 50,BPAC11,BTGP BANCO,UNT     N2,1194624560,2.633,,
2026-06-20,IBXL,IBrX 50,CMIG4,CEMIG,PN      N1,1904057894,0.885,,
2026-06-20,IBXL,IBrX 50,COGN3,COGNA ON,ON      NM,1915914094,0.195,,
2026-06-20,IBXL,IBrX 50,CPLE3,COPEL,ON      NM,2969406694,1.882,,
2026-06-20,IBXL,IBrX 50,CSAN3,COSAN,ON      NM,2242671999,0.341,,
2026-06-20,IBXL,IBrX 50,CYRE3,CYRELA REALT,ON      NM,281609283,0.268,,
2026-06-20,IBXL,IBrX 50,EMBJ3,EMBRAER,ON      NM,711833141,2.453,,
2026-06-20,IBXL,IBrX 50,ENGI11,ENERGISA,UNT     N2,325503046,0.644,,
2026-06-20,IBXL,IBrX 50,ENEV3,ENEVA,ON      NM,1913352180,2.039,,
2026-06-20,IBXL,IBrX 50,EQTL3,EQUATORIAL,ON      NM,1247728993,2.012,,
2026-06-20,IBXL,IBrX 50,GGBR4,GERDAU,PN      N1,1258208269,1.186,,
2026-06-20,IBXL,IBrX 50,HAPV3,HAPVIDA,ON      NM,271662290,0.122,,
2026-06-20,IBXL,IBrX 50,ITSA4,ITAUSA,PN  EJ  N1,5970738360,3.324,,
2026-06-20,IBXL,IBrX 50,ITUB4,ITAUUNIBANCO,PN  EJ  N1,5349695485,9.283,,
2026-06-20,IBXL,IBrX 50,KLBN11,KLABIN S/A,UNT     N2,804572623,0.600,,
2026-06-20,IBXL,IBrX 50,RENT3,LOCALIZA,ON  ATZ NM,978479038,1.708,,
2026-06-20,IBXL,IBrX 50,LREN3,LOJAS RENNER,ON      NM,982593716,0.611,,
2026-06-20,IBXL,IBrX 50,MGLU3,MAGAZ LUIZA,ON      NM,373155063,0.075,,
2026-06-20,IBXL,IBrX 50,POMO4,MARCOPOLO,PN      N2,728266241,0.190,,
2026-06-20,IBXL,IBrX 50,MBRF3,MARFRIG,ON      NM,761175338,0.506,,
2026-06-20,IBXL,IBrX 50,BEEF3,MINERVA,ON      NM,454804863,0.070,,
2026-06-20,IBXL,IBrX 50,MOTV3,MOTIVA SA,ON      NM,1002196725,0.596,,
2026-06-20,IBXL,IBrX 50,MULT3,MULTIPLAN,ON      N2,320022221,0.390,,
2026-06-20,IBXL,IBrX 50,NATU3,NATURA,ON      NM,838359453,0.274,,
2026-06-20,IBXL,IBrX 50,PETR3,PETROBRAS,ON      N2,3478483761,6.561,,
2026-06-20,IBXL,IBrX 50,PETR4,PETROBRAS,PN      N2,4410960450,7.448,,
2026-06-20,IBXL,IBrX 50,PRIO3,PRIO,ON  ATZ NM,757265605,1.885,,
2026-06-20,IBXL,IBrX 50,RADL3,RAIADROGASIL,ON      NM,1313915830,0.930,,
2026-06-20,IBXL,IBrX 50,RDOR3,REDE D OR,ON      NM,1091469308,1.596,,
2026-06-20,IBXL,IBrX 50,RAIL3,RUMO S.A.,ON      NM,1221155293,0.662,,
2026-06-20,IBXL,IBrX 50,SBSP3,SABESP,ON      NM,3506733260,4.115,,
2026-06-20,IBXL,IBrX 50,SMFT3,SMART FIT,ON      NM,556651316,0.452,,
2026-06-20,IBXL,IBrX 50,SUZB3,SUZANO S.A.,ON  ATZ NM,612918471,1.153,,
2026-06-20,IBXL,IBrX 50,VIVT3,TELEF BRASIL,ON,707125712,0.999,,
2026-06-20,IBXL,IBrX 50,TIMS3,TIM,ON      NM,777451080,0.713,,
2026-06-20,IBXL,IBrX 50,TOTS3,TOTVS,ON  EJ  NM,533997411,0.630,,
2026-06-20,IBXL,IBrX 50,UGPA3,ULTRAPAR,ON      NM,1067870496,1.167,,
2026-06-20,IBXL,IBrX 50,VALE3,VALE,ON      NM,4268646710,15.001,,
2026-06-20,IBXL,IBrX 50,VBBR3,VIBRA,ON      NM,1192004780,1.494,,
2026-06-20,IBXL,IBrX 50,WEGE3,WEG,ON  EJ  NM,1485954732,2.914,,
2026-06-22,IBXL,IBrX 50,ALOS3,ALLOS,ON      NM,478558715,0.553,,
2026-06-22,IBXL,IBrX 50,ABEV3,AMBEV S/A,ON,4273841357,2.985,,
2026-06-22,IBXL,IBrX 50,ASAI3,ASSAI,ON      NM,1338623499,0.446,,
2026-06-22,IBXL,IBrX 50,AXIA3,AXIA ENERGIA,ON      NM,1863816444,4.203,,
2026-06-22,IBXL,IBrX 50,B3SA3,B3,ON      NM,4997059816,3.134,,
2026-06-22,IBXL,IBrX 50,BBSE3,BBSEGURIDADE,ON      NM,616248544,1.043,,
2026-06-22,IBXL,IBrX 50,BBDC3,BRADESCO,ON      N1,1464429403,0.966,,
2026-06-22,IBXL,IBrX 50,BBDC4,BRADESCO,PN      N1,5100889966,3.878,,
2026-06-22,IBXL,IBrX 50,BBAS3,BRASIL,ON      NM,2842496541,2.402,,
2026-06-22,IBXL,IBrX 50,BRAV3,BRAVA,ON      NM,462883017,0.383,,
2026-06-22,IBXL,IBrX 50,BPAC11,BTGP BANCO,UNT     N2,1194624560,2.633,,
2026-06-22,IBXL,IBrX 50,CMIG4,CEMIG,PN      N1,1904057894,0.885,,
2026-06-22,IBXL,IBrX 50,COGN3,COGNA ON,ON      NM,1915914094,0.195,,
2026-06-22,IBXL,IBrX 50,CPLE3,COPEL,ON      NM,2969406694,1.882,,
2026-06-22,IBXL,IBrX 50,CSAN3,COSAN,ON      NM,2242671999,0.341,,
2026-06-22,IBXL,IBrX 50,CYRE3,CYRELA REALT,ON      NM,281609283,0.268,,
2026-06-22,IBXL,IBrX 50,EMBJ3,EMBRAER,ON      NM,711833141,2.453,,
2026-06-22,IBXL,IBrX 50,ENGI11,ENERGISA,UNT     N2,325503046,0.644,,
2026-06-22,IBXL,IBrX 50,ENEV3,ENEVA,ON      NM,1913352180,2.039,,
2026-06-22,IBXL,IBrX 50,EQTL3,EQUATORIAL,ON      NM,1247728993,2.012,,
2026-06-22,IBXL,IBrX 50,GGBR4,GERDAU,PN      N1,1258208269,1.186,,
2026-06-22,IBXL,IBrX 50,HAPV3,HAPVIDA,ON      NM,271662290,0.122,,
2026-06-22,IBXL,IBrX 50,ITSA4,ITAUSA,PN  EJ  N1,5970738360,3.324,,
2026-06-22,IBXL,IBrX 50,ITUB4,ITAUUNIBANCO,PN  EJ  N1,5349695485,9.283,,
2026-06-22,IBXL,IBrX 50,KLBN11,KLABIN S/A,UNT     N2,804572623,0.600,,
2026-06-22,IBXL,IBrX 50,RENT3,LOCALIZA,ON  ATZ NM,978479038,1.708,,
2026-06-22,IBXL,IBrX 50,LREN3,LOJAS RENNER,ON      NM,982593716,0.611,,
2026-06-22,IBXL,IBrX 50,MGLU3,MAGAZ LUIZA,ON      NM,373155063,0.075,,
2026-06-22,IBXL,IBrX 50,POMO4,MARCOPOLO,PN      N2,728266241,0.190,,
2026-06-22,IBXL,IBrX 50,MBRF3,MARFRIG,ON      NM,761175338,0.506,,
2026-06-22,IBXL,IBrX 50,BEEF3,MINERVA,ON      NM,454804863,0.070,,
2026-06-22,IBXL,IBrX 50,MOTV3,MOTIVA SA,ON      NM,1002196725,0.596,,
2026-06-22,IBXL,IBrX 50,MULT3,MULTIPLAN,ON      N2,320022221,0.390,,
2026-06-22,IBXL,IBrX 50,NATU3,NATURA,ON      NM,838359453,0.274,,
2026-06-22,IBXL,IBrX 50,PETR3,PETROBRAS,ON      N2,3478483761,6.561,,
2026-06-22,IBXL,IBrX 50,PETR4,PETROBRAS,PN      N2,4410960450,7.448,,
2026-06-22,IBXL,IBrX 50,PRIO3,PRIO,ON  ATZ NM,757265605,1.885,,
2026-06-22,IBXL,IBrX 50,RADL3,RAIADROGASIL,ON      NM,1313915830,0.930,,
2026-06-22,IBXL,IBrX 50,RDOR3,REDE D OR,ON      NM,1091469308,1.596,,
2026-06-22,IBXL,IBrX 50,RAIL3,RUMO S.A.,ON      NM,1221155293,0.662,,
2026-06-22,IBXL,IBrX 50,SBSP3,SABESP,ON      NM,3506733260,4.115,,
2026-06-22,IBXL,IBrX 50,SMFT3,SMART FIT,ON      NM,556651316,0.452,,
2026-06-22,IBXL,IBrX 50,SUZB3,SUZANO S.A.,ON  ATZ NM,612918471,1.153,,
2026-06-22,IBXL,IBrX 50,VIVT3,TELEF BRASIL,ON,707125712,0.999,,
2026-06-22,IBXL,IBrX 50,TIMS3,TIM,ON      NM,777451080,0.713,,
2026-06-22,IBXL,IBrX 50,TOTS3,TOTVS,ON  EJ  NM,533997411,0.630,,
2026-06-22,IBXL,IBrX 50,UGPA3,ULTRAPAR,ON      NM,1067870496,1.167,,
2026-06-22,IBXL,IBrX 50,VALE3,VALE,ON      NM,4268646710,15.001,,
2026-06-22,IBXL,IBrX 50,VBBR3,VIBRA,ON      NM,1192004780,1.494,,
2026-06-22,IBXL,IBrX 50,WEGE3,WEG,ON  EJ  NM,1485954732,2.914,,
2026-06-23,IBXL,IBrX 50,ALOS3,ALLOS,ON  ED  NM,478558715,0.552,,
2026-06-23,IBXL,IBrX 50,ABEV3,AMBEV S/A,ON  EJ,4273841357,2.966,,
2026-06-23,IBXL,IBrX 50,ASAI3,ASSAI,ON      NM,1338623499,0.443,,
2026-06-23,IBXL,IBrX 50,AXIA3,AXIA ENERGIA,ON      NM,1863816444,4.237,,
2026-06-23,IBXL,IBrX 50,B3SA3,B3,ON      NM,4997059816,3.160,,
2026-06-23,IBXL,IBrX 50,BBSE3,BBSEGURIDADE,ON      NM,616248544,1.024,,
2026-06-23,IBXL,IBrX 50,BBDC3,BRADESCO,ON      N1,1464429403,0.972,,
2026-06-23,IBXL,IBrX 50,BBDC4,BRADESCO,PN      N1,5100889966,3.880,,
2026-06-23,IBXL,IBrX 50,BBAS3,BRASIL,ON      NM,2842496541,2.394,,
2026-06-23,IBXL,IBrX 50,BRAV3,BRAVA,ON      NM,462883017,0.374,,
2026-06-23,IBXL,IBrX 50,BPAC11,BTGP BANCO,UNT     N2,1194624560,2.683,,
2026-06-23,IBXL,IBrX 50,CMIG4,CEMIG,PN      N1,1904057894,0.896,,
2026-06-23,IBXL,IBrX 50,COGN3,COGNA ON,ON      NM,1915914094,0.194,,
2026-06-23,IBXL,IBrX 50,CPLE3,COPEL,ON      NM,2969406694,1.898,,
2026-06-23,IBXL,IBrX 50,CSAN3,COSAN,ON      NM,2242671999,0.352,,
2026-06-23,IBXL,IBrX 50,CYRE3,CYRELA REALT,ON      NM,281609283,0.262,,
2026-06-23,IBXL,IBrX 50,EMBJ3,EMBRAER,ON      NM,711833141,2.399,,
2026-06-23,IBXL,IBrX 50,ENGI11,ENERGISA,UNT     N2,325503046,0.645,,
2026-06-23,IBXL,IBrX 50,ENEV3,ENEVA,ON      NM,1913352180,2.027,,
2026-06-23,IBXL,IBrX 50,EQTL3,EQUATORIAL,ON      NM,1247728993,2.021,,
2026-06-23,IBXL,IBrX 50,GGBR4,GERDAU,PN      N1,1258208269,1.185,,
2026-06-23,IBXL,IBrX 50,HAPV3,HAPVIDA,ON      NM,271662290,0.124,,
2026-06-23,IBXL,IBrX 50,ITSA4,ITAUSA,PN  EJ  N1,5970738360,3.329,,
2026-06-23,IBXL,IBrX 50,ITUB4,ITAUUNIBANCO,PN  EJ  N1,5349695485,9.421,,
2026-06-23,IBXL,IBrX 50,KLBN11,KLABIN S/A,UNT     N2,804572623,0.586,,
2026-06-23,IBXL,IBrX 50,RENT3,LOCALIZA,ON  ATZ NM,978479038,1.718,,
2026-06-23,IBXL,IBrX 50,LREN3,LOJAS RENNER,ON      NM,982593716,0.608,,
2026-06-23,IBXL,IBrX 50,MGLU3,MAGAZ LUIZA,ON      NM,373155063,0.075,,
2026-06-23,IBXL,IBrX 50,POMO4,MARCOPOLO,PN      N2,728266241,0.185,,
2026-06-23,IBXL,IBrX 50,MBRF3,MARFRIG,ON      NM,761175338,0.501,,
2026-06-23,IBXL,IBrX 50,BEEF3,MINERVA,ON      NM,454804863,0.068,,
2026-06-23,IBXL,IBrX 50,MOTV3,MOTIVA SA,ON      NM,1002196725,0.600,,
2026-06-23,IBXL,IBrX 50,MULT3,MULTIPLAN,ON      N2,320022221,0.394,,
2026-06-23,IBXL,IBrX 50,NATU3,NATURA,ON      NM,838359453,0.277,,
2026-06-23,IBXL,IBrX 50,PETR3,PETROBRAS,ON      N2,3478483761,6.530,,
2026-06-23,IBXL,IBrX 50,PETR4,PETROBRAS,PN      N2,4410960450,7.432,,
2026-06-23,IBXL,IBrX 50,PRIO3,PRIO,ON  ATZ NM,757265605,1.846,,
2026-06-23,IBXL,IBrX 50,RADL3,RAIADROGASIL,ON      NM,1313915830,0.949,,
2026-06-23,IBXL,IBrX 50,RDOR3,REDE D OR,ON      NM,1091469308,1.588,,
2026-06-23,IBXL,IBrX 50,RAIL3,RUMO S.A.,ON      NM,1221155293,0.655,,
2026-06-23,IBXL,IBrX 50,SBSP3,SABESP,ON      NM,3506733260,4.210,,
2026-06-23,IBXL,IBrX 50,SMFT3,SMART FIT,ON      NM,556651316,0.454,,
2026-06-23,IBXL,IBrX 50,SUZB3,SUZANO S.A.,ON      NM,612918471,1.108,,
2026-06-23,IBXL,IBrX 50,VIVT3,TELEF BRASIL,ON,707125712,1.020,,
2026-06-23,IBXL,IBrX 50,TIMS3,TIM,ON  EJ  NM,777451080,0.736,,
2026-06-23,IBXL,IBrX 50,TOTS3,TOTVS,ON  EJ  NM,533997411,0.626,,
2026-06-23,IBXL,IBrX 50,UGPA3,ULTRAPAR,ON      NM,1067870496,1.158,,
2026-06-23,IBXL,IBrX 50,VALE3,VALE,ON      NM,4268646710,14.857,,
2026-06-23,IBXL,IBrX 50,VBBR3,VIBRA,ON  EJ  NM,1192004780,1.488,,
2026-06-23,IBXL,IBrX 50,WEGE3,WEG,ON  EJ  NM,1485954732,2.893,,
2026-06-24,IBXL,IBrX 50,ALOS3,ALLOS,ON  ED  NM,478558715,0.552,,
2026-06-24,IBXL,IBrX 50,ABEV3,AMBEV S/A,ON  EJ,4273841357,2.995,,
2026-06-24,IBXL,IBrX 50,ASAI3,ASSAI,ON      NM,1338623499,0.455,,
2026-06-24,IBXL,IBrX 50,AXIA3,AXIA ENERGIA,ON      NM,1863816444,4.327,,
2026-06-24,IBXL,IBrX 50,B3SA3,B3,ON      NM,4997059816,3.149,,
2026-06-24,IBXL,IBrX 50,BBSE3,BBSEGURIDADE,ON      NM,616248544,1.010,,
2026-06-24,IBXL,IBrX 50,BBDC3,BRADESCO,ON      N1,1464429403,0.974,,
2026-06-24,IBXL,IBrX 50,BBDC4,BRADESCO,PN      N1,5100889966,3.896,,
2026-06-24,IBXL,IBrX 50,BBAS3,BRASIL,ON      NM,2842496541,2.417,,
2026-06-24,IBXL,IBrX 50,BRAV3,BRAVA,ON      NM,462883017,0.376,,
2026-06-24,IBXL,IBrX 50,BPAC11,BTGP BANCO,UNT     N2,1194624560,2.701,,
2026-06-24,IBXL,IBrX 50,CMIG4,CEMIG,PN  EJ  N1,1904057894,0.881,,
2026-06-24,IBXL,IBrX 50,COGN3,COGNA ON,ON      NM,1915914094,0.188,,
2026-06-24,IBXL,IBrX 50,CPLE3,COPEL,ON      NM,2969406694,1.906,,
2026-06-24,IBXL,IBrX 50,CSAN3,COSAN,ON      NM,2242671999,0.360,,
2026-06-24,IBXL,IBrX 50,CYRE3,CYRELA REALT,ON      NM,281609283,0.260,,
2026-06-24,IBXL,IBrX 50,EMBJ3,EMBRAER,ON  EJ  NM,711833141,2.394,,
2026-06-24,IBXL,IBrX 50,ENGI11,ENERGISA,UNT     N2,325503046,0.650,,
2026-06-24,IBXL,IBrX 50,ENEV3,ENEVA,ON      NM,1913352180,2.064,,
2026-06-24,IBXL,IBrX 50,EQTL3,EQUATORIAL,ON      NM,1247728993,2.041,,
2026-06-24,IBXL,IBrX 50,GGBR4,GERDAU,PN      N1,1258208269,1.169,,
2026-06-24,IBXL,IBrX 50,HAPV3,HAPVIDA,ON      NM,271662290,0.120,,
2026-06-24,IBXL,IBrX 50,ITSA4,ITAUSA,PN  EJ  N1,5970738360,3.331,,
2026-06-24,IBXL,IBrX 50,ITUB4,ITAUUNIBANCO,PN  EJ  N1,5349695485,9.402,,
2026-06-24,IBXL,IBrX 50,KLBN11,KLABIN S/A,UNT     N2,804572623,0.579,,
2026-06-24,IBXL,IBrX 50,RENT3,LOCALIZA,ON  ATZ NM,978479038,1.750,,
2026-06-24,IBXL,IBrX 50,LREN3,LOJAS RENNER,ON  EJ  NM,982593716,0.604,,
2026-06-24,IBXL,IBrX 50,MGLU3,MAGAZ LUIZA,ON      NM,373155063,0.071,,
2026-06-24,IBXL,IBrX 50,POMO4,MARCOPOLO,PN      N2,728266241,0.181,,
2026-06-24,IBXL,IBrX 50,MBRF3,MARFRIG,ON      NM,761175338,0.547,,
2026-06-24,IBXL,IBrX 50,BEEF3,MINERVA,ON      NM,454804863,0.070,,
2026-06-24,IBXL,IBrX 50,MOTV3,MOTIVA SA,ON      NM,1002196725,0.610,,
2026-06-24,IBXL,IBrX 50,MULT3,MULTIPLAN,ON      N2,320022221,0.394,,
2026-06-24,IBXL,IBrX 50,NATU3,NATURA,ON      NM,838359453,0.277,,
2026-06-24,IBXL,IBrX 50,PETR3,PETROBRAS,ON      N2,3478483761,6.550,,
2026-06-24,IBXL,IBrX 50,PETR4,PETROBRAS,PN      N2,4410960450,7.427,,
2026-06-24,IBXL,IBrX 50,PRIO3,PRIO,ON  ATZ NM,757265605,1.819,,
2026-06-24,IBXL,IBrX 50,RADL3,RAIADROGASIL,ON      NM,1313915830,0.956,,
2026-06-24,IBXL,IBrX 50,RDOR3,REDE D OR,ON      NM,1091469308,1.605,,
2026-06-24,IBXL,IBrX 50,RAIL3,RUMO S.A.,ON      NM,1221155293,0.674,,
2026-06-24,IBXL,IBrX 50,SBSP3,SABESP,ON      NM,3506733260,4.228,,
2026-06-24,IBXL,IBrX 50,SMFT3,SMART FIT,ON      NM,556651316,0.449,,
2026-06-24,IBXL,IBrX 50,SUZB3,SUZANO S.A.,ON      NM,612918471,1.101,,
2026-06-24,IBXL,IBrX 50,VIVT3,TELEF BRASIL,ON,707125712,1.038,,
2026-06-24,IBXL,IBrX 50,TIMS3,TIM,ON  EJ  NM,777451080,0.742,,
2026-06-24,IBXL,IBrX 50,TOTS3,TOTVS,ON  EJ  NM,533997411,0.630,,
2026-06-24,IBXL,IBrX 50,UGPA3,ULTRAPAR,ON      NM,1067870496,1.165,,
2026-06-24,IBXL,IBrX 50,VALE3,VALE,ON      NM,4268646710,14.507,,
2026-06-24,IBXL,IBrX 50,VBBR3,VIBRA,ON  EJ  NM,1192004780,1.500,,
2026-06-24,IBXL,IBrX 50,WEGE3,WEG,ON  EJ  NM,1485954732,2.908,,
2026-06-25,IBXL,IBrX 50,ALOS3,ALLOS,ON  ED  NM,478558715,0.558,,
2026-06-25,IBXL,IBrX 50,ABEV3,AMBEV S/A,ON  EJ,4273841357,3.015,,
2026-06-25,IBXL,IBrX 50,ASAI3,ASSAI,ON      NM,1338623499,0.477,,
2026-06-25,IBXL,IBrX 50,AXIA3,AXIA ENERGIA,ON      NM,1863816444,4.349,,
2026-06-25,IBXL,IBrX 50,B3SA3,B3,ON  EJ  NM,4997059816,3.182,,
2026-06-25,IBXL,IBrX 50,BBSE3,BBSEGURIDADE,ON      NM,616248544,1.027,,
2026-06-25,IBXL,IBrX 50,BBDC3,BRADESCO,ON      N1,1464429403,0.970,,
2026-06-25,IBXL,IBrX 50,BBDC4,BRADESCO,PN      N1,5100889966,3.877,,
2026-06-25,IBXL,IBrX 50,BBAS3,BRASIL,ON      NM,2842496541,2.415,,
2026-06-25,IBXL,IBrX 50,BRAV3,BRAVA,ON      NM,462883017,0.379,,
2026-06-25,IBXL,IBrX 50,BPAC11,BTGP BANCO,UNT     N2,1194624560,2.761,,
2026-06-25,IBXL,IBrX 50,CMIG4,CEMIG,PN  EJ  N1,1904057894,0.879,,
2026-06-25,IBXL,IBrX 50,COGN3,COGNA ON,ON      NM,1915914094,0.188,,
2026-06-25,IBXL,IBrX 50,CPLE3,COPEL,ON      NM,2969406694,1.921,,
2026-06-25,IBXL,IBrX 50,CSAN3,COSAN,ON      NM,2242671999,0.357,,
2026-06-25,IBXL,IBrX 50,CYRE3,CYRELA REALT,ON      NM,281609283,0.273,,
2026-06-25,IBXL,IBrX 50,EMBJ3,EMBRAER,ON  EJ  NM,711833141,2.452,,
2026-06-25,IBXL,IBrX 50,ENGI11,ENERGISA,UNT     N2,325503046,0.650,,
2026-06-25,IBXL,IBrX 50,ENEV3,ENEVA,ON      NM,1913352180,2.138,,
2026-06-25,IBXL,IBrX 50,EQTL3,EQUATORIAL,ON      NM,1247728993,2.042,,
2026-06-25,IBXL,IBrX 50,GGBR4,GERDAU,PN      N1,1258208269,1.159,,
2026-06-25,IBXL,IBrX 50,HAPV3,HAPVIDA,ON      NM,271662290,0.119,,
2026-06-25,IBXL,IBrX 50,ITSA4,ITAUSA,PN  EJ  N1,5970738360,3.355,,
2026-06-25,IBXL,IBrX 50,ITUB4,ITAUUNIBANCO,PN  EJ  N1,5349695485,9.439,,
2026-06-25,IBXL,IBrX 50,KLBN11,KLABIN S/A,UNT     N2,804572623,0.584,,
2026-06-25,IBXL,IBrX 50,RENT3,LOCALIZA,ON  ATZ NM,978479038,1.760,,
2026-06-25,IBXL,IBrX 50,LREN3,LOJAS RENNER,ON  EJ  NM,982593716,0.614,,
2026-06-25,IBXL,IBrX 50,MGLU3,MAGAZ LUIZA,ON      NM,373155063,0.070,,
2026-06-25,IBXL,IBrX 50,POMO4,MARCOPOLO,PN      N2,728266241,0.183,,
2026-06-25,IBXL,IBrX 50,MBRF3,MARFRIG,ON      NM,761175338,0.529,,
2026-06-25,IBXL,IBrX 50,BEEF3,MINERVA,ON      NM,454804863,0.070,,
2026-06-25,IBXL,IBrX 50,MOTV3,MOTIVA SA,ON      NM,1002196725,0.615,,
2026-06-25,IBXL,IBrX 50,MULT3,MULTIPLAN,ON      N2,320022221,0.398,,
2026-06-25,IBXL,IBrX 50,NATU3,NATURA,ON  ATZ NM,838359453,0.282,,
2026-06-25,IBXL,IBrX 50,PETR3,PETROBRAS,ON      N2,3478483761,6.412,,
2026-06-25,IBXL,IBrX 50,PETR4,PETROBRAS,PN      N2,4410960450,7.274,,
2026-06-25,IBXL,IBrX 50,PRIO3,PRIO,ON  ATZ NM,757265605,1.764,,
2026-06-25,IBXL,IBrX 50,RADL3,RAIADROGASIL,ON      NM,1313915830,0.967,,
2026-06-25,IBXL,IBrX 50,RDOR3,REDE D OR,ON      NM,1091469308,1.603,,
2026-06-25,IBXL,IBrX 50,RAIL3,RUMO S.A.,ON      NM,1221155293,0.682,,
2026-06-25,IBXL,IBrX 50,SBSP3,SABESP,ON      NM,3506733260,4.300,,
2026-06-25,IBXL,IBrX 50,SMFT3,SMART FIT,ON      NM,556651316,0.450,,
2026-06-25,IBXL,IBrX 50,SUZB3,SUZANO S.A.,ON      NM,612918471,1.114,,
2026-06-25,IBXL,IBrX 50,VIVT3,TELEF BRASIL,ON,707125712,1.043,,
2026-06-25,IBXL,IBrX 50,TIMS3,TIM,ON  EJ  NM,777451080,0.743,,
2026-06-25,IBXL,IBrX 50,TOTS3,TOTVS,ON  EJ  NM,533997411,0.630,,
2026-06-25,IBXL,IBrX 50,UGPA3,ULTRAPAR,ON      NM,1067870496,1.164,,
2026-06-25,IBXL,IBrX 50,VALE3,VALE,ON      NM,4268646710,14.290,,
2026-06-25,IBXL,IBrX 50,VBBR3,VIBRA,ON  EJ  NM,1192004780,1.494,,
2026-06-25,IBXL,IBrX 50,WEGE3,WEG,ON  EJ  NM,1485954732,2.983,,
2026-06-26,IBXL,IBrX 50,ALOS3,ALLOS,ON  ED  NM,478558715,0.566,,
2026-06-26,IBXL,IBrX 50,ABEV3,AMBEV S/A,ON  EJ,4273841357,2.990,,
2026-06-26,IBXL,IBrX 50,ASAI3,ASSAI,ON      NM,1338623499,0.492,,
2026-06-26,IBXL,IBrX 50,AXIA3,AXIA ENERGIA,ON      NM,1863816444,4.381,,
2026-06-26,IBXL,IBrX 50,B3SA3,B3,ON  EJ  NM,4997059816,3.117,,
2026-06-26,IBXL,IBrX 50,BBSE3,BBSEGURIDADE,ON      NM,616248544,1.023,,
2026-06-26,IBXL,IBrX 50,BBDC3,BRADESCO,ON      N1,1464429403,0.960,,
2026-06-26,IBXL,IBrX 50,BBDC4,BRADESCO,PN      N1,5100889966,3.837,,
2026-06-26,IBXL,IBrX 50,BBAS3,BRASIL,ON      NM,2842496541,2.433,,
2026-06-26,IBXL,IBrX 50,BRAV3,BRAVA,ON      NM,462883017,0.380,,
2026-06-26,IBXL,IBrX 50,BPAC11,BTGP BANCO,UNT     N2,1194624560,2.769,,
2026-06-26,IBXL,IBrX 50,CMIG4,CEMIG,PN  EJ  N1,1904057894,0.877,,
2026-06-26,IBXL,IBrX 50,COGN3,COGNA ON,ON      NM,1915914094,0.186,,
2026-06-26,IBXL,IBrX 50,CPLE3,COPEL,ON      NM,2969406694,1.911,,
2026-06-26,IBXL,IBrX 50,CSAN3,COSAN,ON      NM,2242671999,0.355,,
2026-06-26,IBXL,IBrX 50,CYRE3,CYRELA REALT,ON      NM,281609283,0.276,,
2026-06-26,IBXL,IBrX 50,EMBJ3,EMBRAER,ON  EJ  NM,711833141,2.465,,
2026-06-26,IBXL,IBrX 50,ENGI11,ENERGISA,UNT     N2,325503046,0.652,,
2026-06-26,IBXL,IBrX 50,ENEV3,ENEVA,ON      NM,1913352180,2.133,,
2026-06-26,IBXL,IBrX 50,EQTL3,EQUATORIAL,ON      NM,1247728993,2.080,,
2026-06-26,IBXL,IBrX 50,GGBR4,GERDAU,PN      N1,1258208269,1.152,,
2026-06-26,IBXL,IBrX 50,HAPV3,HAPVIDA,ON      NM,271662290,0.117,,
2026-06-26,IBXL,IBrX 50,ITSA4,ITAUSA,PN  EJ  N1,5970738360,3.390,,
2026-06-26,IBXL,IBrX 50,ITUB4,ITAUUNIBANCO,PN  EJ  N1,5349695485,9.524,,
2026-06-26,IBXL,IBrX 50,KLBN11,KLABIN S/A,UNT     N2,804572623,0.586,,
2026-06-26,IBXL,IBrX 50,RENT3,LOCALIZA,ON  ATZ NM,978479038,1.769,,
2026-06-26,IBXL,IBrX 50,LREN3,LOJAS RENNER,ON  EJ  NM,982593716,0.609,,
2026-06-26,IBXL,IBrX 50,MGLU3,MAGAZ LUIZA,ON      NM,373155063,0.070,,
2026-06-26,IBXL,IBrX 50,POMO4,MARCOPOLO,PN      N2,728266241,0.179,,
2026-06-26,IBXL,IBrX 50,MBRF3,MARFRIG,ON      NM,761175338,0.541,,
2026-06-26,IBXL,IBrX 50,BEEF3,MINERVA,ON      NM,454804863,0.069,,
2026-06-26,IBXL,IBrX 50,MOTV3,MOTIVA SA,ON      NM,1002196725,0.615,,
2026-06-26,IBXL,IBrX 50,MULT3,MULTIPLAN,ON      N2,320022221,0.403,,
2026-06-26,IBXL,IBrX 50,NATU3,NATURA,ON  ATZ NM,838359453,0.280,,
2026-06-26,IBXL,IBrX 50,PETR3,PETROBRAS,ON      N2,3478483761,6.348,,
2026-06-26,IBXL,IBrX 50,PETR4,PETROBRAS,PN      N2,4410960450,7.241,,
2026-06-26,IBXL,IBrX 50,PRIO3,PRIO,ON  ATZ NM,757265605,1.744,,
2026-06-26,IBXL,IBrX 50,RADL3,RAIADROGASIL,ON      NM,1313915830,0.965,,
2026-06-26,IBXL,IBrX 50,RDOR3,REDE D OR,ON  EJ  NM,1091469308,1.603,,
2026-06-26,IBXL,IBrX 50,RAIL3,RUMO S.A.,ON      NM,1221155293,0.701,,
2026-06-26,IBXL,IBrX 50,SBSP3,SABESP,ON      NM,3506733260,4.327,,
2026-06-26,IBXL,IBrX 50,SMFT3,SMART FIT,ON      NM,556651316,0.454,,
2026-06-26,IBXL,IBrX 50,SUZB3,SUZANO S.A.,ON      NM,612918471,1.099,,
2026-06-26,IBXL,IBrX 50,VIVT3,TELEF BRASIL,ON,707125712,1.043,,
2026-06-26,IBXL,IBrX 50,TIMS3,TIM,ON  EJ  NM,777451080,0.748,,
2026-06-26,IBXL,IBrX 50,TOTS3,TOTVS,ON      NM,533997411,0.619,,
2026-06-26,IBXL,IBrX 50,UGPA3,ULTRAPAR,ON      NM,1067870496,1.151,,
2026-06-26,IBXL,IBrX 50,VALE3,VALE,ON  ATZ NM,4268646710,14.335,,
2026-06-26,IBXL,IBrX 50,VBBR3,VIBRA,ON  EJ  NM,1192004780,1.484,,
2026-06-26,IBXL,IBrX 50,WEGE3,WEG,ON  EJ  NM,1485954732,2.951,,
2026-06-27,IBXL,IBrX 50,ALOS3,ALLOS,ON  ED  NM,478558715,0.569,,
2026-06-27,IBXL,IBrX 50,ABEV3,AMBEV S/A,ON  EJ,4273841357,3.032,,
2026-06-27,IBXL,IBrX 50,ASAI3,ASSAI,ON      NM,1338623499,0.501,,
2026-06-27,IBXL,IBrX 50,AXIA3,AXIA ENERGIA,ON      NM,1863816444,4.395,,
2026-06-27,IBXL,IBrX 50,B3SA3,B3,ON  EJ  NM,4997059816,3.161,,
2026-06-27,IBXL,IBrX 50,BBSE3,BBSEGURIDADE,ON      NM,616248544,1.023,,
2026-06-27,IBXL,IBrX 50,BBDC3,BRADESCO,ON      N1,1464429403,0.971,,
2026-06-27,IBXL,IBrX 50,BBDC4,BRADESCO,PN      N1,5100889966,3.876,,
2026-06-27,IBXL,IBrX 50,BBAS3,BRASIL,ON      NM,2842496541,2.451,,
2026-06-27,IBXL,IBrX 50,BRAV3,BRAVA,ON      NM,462883017,0.377,,
2026-06-27,IBXL,IBrX 50,BPAC11,BTGP BANCO,UNT     N2,1194624560,2.769,,
2026-06-27,IBXL,IBrX 50,CMIG4,CEMIG,PN  EJ  N1,1904057894,0.885,,
2026-06-27,IBXL,IBrX 50,COGN3,COGNA ON,ON      NM,1915914094,0.187,,
2026-06-27,IBXL,IBrX 50,CPLE3,COPEL,ON      NM,2969406694,1.921,,
2026-06-27,IBXL,IBrX 50,CSAN3,COSAN,ON      NM,2242671999,0.358,,
2026-06-27,IBXL,IBrX 50,CYRE3,CYRELA REALT,ON      NM,281609283,0.278,,
2026-06-27,IBXL,IBrX 50,EMBJ3,EMBRAER,ON  EJ  NM,711833141,2.472,,
2026-06-27,IBXL,IBrX 50,ENGI11,ENERGISA,UNT     N2,325503046,0.657,,
2026-06-27,IBXL,IBrX 50,ENEV3,ENEVA,ON      NM,1913352180,2.175,,
2026-06-27,IBXL,IBrX 50,EQTL3,EQUATORIAL,ON      NM,1247728993,2.103,,
2026-06-27,IBXL,IBrX 50,GGBR4,GERDAU,PN      N1,1258208269,1.143,,
2026-06-27,IBXL,IBrX 50,HAPV3,HAPVIDA,ON      NM,271662290,0.118,,
2026-06-27,IBXL,IBrX 50,ITSA4,ITAUSA,PN  EJ  N1,5970738360,3.407,,
2026-06-27,IBXL,IBrX 50,ITUB4,ITAUUNIBANCO,PN  EJ  N1,5349695485,9.581,,
2026-06-27,IBXL,IBrX 50,KLBN11,KLABIN S/A,UNT     N2,804572623,0.579,,
2026-06-27,IBXL,IBrX 50,RENT3,LOCALIZA,ON  EJ  NM,978479038,1.769,,
2026-06-27,IBXL,IBrX 50,LREN3,LOJAS RENNER,ON  EJ  NM,982593716,0.624,,
2026-06-27,IBXL,IBrX 50,MGLU3,MAGAZ LUIZA,ON      NM,373155063,0.070,,
2026-06-27,IBXL,IBrX 50,POMO4,MARCOPOLO,PN      N2,728266241,0.181,,
2026-06-27,IBXL,IBrX 50,MBRF3,MARFRIG,ON      NM,761175338,0.552,,
2026-06-27,IBXL,IBrX 50,BEEF3,MINERVA,ON      NM,454804863,0.069,,
2026-06-27,IBXL,IBrX 50,MOTV3,MOTIVA SA,ON      NM,1002196725,0.615,,
2026-06-27,IBXL,IBrX 50,MULT3,MULTIPLAN,ON      N2,320022221,0.406,,
2026-06-27,IBXL,IBrX 50,NATU3,NATURA,ON  ATZ NM,838359453,0.284,,
2026-06-27,IBXL,IBrX 50,PETR3,PETROBRAS,ON      N2,3478483761,6.231,,
2026-06-27,IBXL,IBrX 50,PETR4,PETROBRAS,PN      N2,4410960450,7.118,,
2026-06-27,IBXL,IBrX 50,PRIO3,PRIO,ON  ATZ NM,757265605,1.711,,
2026-06-27,IBXL,IBrX 50,RADL3,RAIADROGASIL,ON      NM,1313915830,0.967,,
2026-06-27,IBXL,IBrX 50,RDOR3,REDE D OR,ON  EJ  NM,1091469308,1.606,,
2026-06-27,IBXL,IBrX 50,RAIL3,RUMO S.A.,ON      NM,1221155293,0.709,,
2026-06-27,IBXL,IBrX 50,SBSP3,SABESP,ON      NM,3506733260,4.401,,
2026-06-27,IBXL,IBrX 50,SMFT3,SMART FIT,ON      NM,556651316,0.458,,
2026-06-27,IBXL,IBrX 50,SUZB3,SUZANO S.A.,ON      NM,612918471,1.042,,
2026-06-27,IBXL,IBrX 50,VIVT3,TELEF BRASIL,ON  EJ,707125712,1.041,,
2026-06-27,IBXL,IBrX 50,TIMS3,TIM,ON  EJ  NM,777451080,0.749,,
2026-06-27,IBXL,IBrX 50,TOTS3,TOTVS,ON      NM,533997411,0.650,,
2026-06-27,IBXL,IBrX 50,UGPA3,ULTRAPAR,ON      NM,1067870496,1.159,,
2026-06-27,IBXL,IBrX 50,VALE3,VALE,ON  ATZ NM,4268646710,14.144,,
2026-06-27,IBXL,IBrX 50,VBBR3,VIBRA,ON  EJ  NM,1192004780,1.501,,
2026-06-27,IBXL,IBrX 50,WEGE3,WEG,ON  EJ  NM,1485954732,2.954,,
2026-06-28,IBXL,IBrX 50,ALOS3,ALLOS,ON  ED  NM,478558715,0.569,,
2026-06-28,IBXL,IBrX 50,ABEV3,AMBEV S/A,ON  EJ,4273841357,3.032,,
2026-06-28,IBXL,IBrX 50,ASAI3,ASSAI,ON      NM,1338623499,0.501,,
2026-06-28,IBXL,IBrX 50,AXIA3,AXIA ENERGIA,ON      NM,1863816444,4.395,,
2026-06-28,IBXL,IBrX 50,B3SA3,B3,ON  EJ  NM,4997059816,3.161,,
2026-06-28,IBXL,IBrX 50,BBSE3,BBSEGURIDADE,ON      NM,616248544,1.023,,
2026-06-28,IBXL,IBrX 50,BBDC3,BRADESCO,ON      N1,1464429403,0.971,,
2026-06-28,IBXL,IBrX 50,BBDC4,BRADESCO,PN      N1,5100889966,3.876,,
2026-06-28,IBXL,IBrX 50,BBAS3,BRASIL,ON      NM,2842496541,2.451,,
2026-06-28,IBXL,IBrX 50,BRAV3,BRAVA,ON      NM,462883017,0.377,,
2026-06-28,IBXL,IBrX 50,BPAC11,BTGP BANCO,UNT     N2,1194624560,2.769,,
2026-06-28,IBXL,IBrX 50,CMIG4,CEMIG,PN  EJ  N1,1904057894,0.885,,
2026-06-28,IBXL,IBrX 50,COGN3,COGNA ON,ON      NM,1915914094,0.187,,
2026-06-28,IBXL,IBrX 50,CPLE3,COPEL,ON      NM,2969406694,1.921,,
2026-06-28,IBXL,IBrX 50,CSAN3,COSAN,ON      NM,2242671999,0.358,,
2026-06-28,IBXL,IBrX 50,CYRE3,CYRELA REALT,ON      NM,281609283,0.278,,
2026-06-28,IBXL,IBrX 50,EMBJ3,EMBRAER,ON  EJ  NM,711833141,2.472,,
2026-06-28,IBXL,IBrX 50,ENGI11,ENERGISA,UNT     N2,325503046,0.657,,
2026-06-28,IBXL,IBrX 50,ENEV3,ENEVA,ON      NM,1913352180,2.175,,
2026-06-28,IBXL,IBrX 50,EQTL3,EQUATORIAL,ON      NM,1247728993,2.103,,
2026-06-28,IBXL,IBrX 50,GGBR4,GERDAU,PN      N1,1258208269,1.143,,
2026-06-28,IBXL,IBrX 50,HAPV3,HAPVIDA,ON      NM,271662290,0.118,,
2026-06-28,IBXL,IBrX 50,ITSA4,ITAUSA,PN  EJ  N1,5970738360,3.407,,
2026-06-28,IBXL,IBrX 50,ITUB4,ITAUUNIBANCO,PN  EJ  N1,5349695485,9.581,,
2026-06-28,IBXL,IBrX 50,KLBN11,KLABIN S/A,UNT     N2,804572623,0.579,,
2026-06-28,IBXL,IBrX 50,RENT3,LOCALIZA,ON  EJ  NM,978479038,1.769,,
2026-06-28,IBXL,IBrX 50,LREN3,LOJAS RENNER,ON  EJ  NM,982593716,0.624,,
2026-06-28,IBXL,IBrX 50,MGLU3,MAGAZ LUIZA,ON      NM,373155063,0.070,,
2026-06-28,IBXL,IBrX 50,POMO4,MARCOPOLO,PN      N2,728266241,0.181,,
2026-06-28,IBXL,IBrX 50,MBRF3,MARFRIG,ON      NM,761175338,0.552,,
2026-06-28,IBXL,IBrX 50,BEEF3,MINERVA,ON      NM,454804863,0.069,,
2026-06-28,IBXL,IBrX 50,MOTV3,MOTIVA SA,ON      NM,1002196725,0.615,,
2026-06-28,IBXL,IBrX 50,MULT3,MULTIPLAN,ON      N2,320022221,0.406,,
2026-06-28,IBXL,IBrX 50,NATU3,NATURA,ON  ATZ NM,838359453,0.284,,
2026-06-28,IBXL,IBrX 50,PETR3,PETROBRAS,ON      N2,3478483761,6.231,,
2026-06-28,IBXL,IBrX 50,PETR4,PETROBRAS,PN      N2,4410960450,7.118,,
2026-06-28,IBXL,IBrX 50,PRIO3,PRIO,ON  ATZ NM,757265605,1.711,,
2026-06-28,IBXL,IBrX 50,RADL3,RAIADROGASIL,ON      NM,1313915830,0.967,,
2026-06-28,IBXL,IBrX 50,RDOR3,REDE D OR,ON  EJ  NM,1091469308,1.606,,
2026-06-28,IBXL,IBrX 50,RAIL3,RUMO S.A.,ON      NM,1221155293,0.709,,
2026-06-28,IBXL,IBrX 50,SBSP3,SABESP,ON      NM,3506733260,4.401,,
2026-06-28,IBXL,IBrX 50,SMFT3,SMART FIT,ON      NM,556651316,0.458,,
2026-06-28,IBXL,IBrX 50,SUZB3,SUZANO S.A.,ON      NM,612918471,1.042,,
2026-06-28,IBXL,IBrX 50,VIVT3,TELEF BRASIL,ON  EJ,707125712,1.041,,
2026-06-28,IBXL,IBrX 50,TIMS3,TIM,ON  EJ  NM,777451080,0.749,,
2026-06-28,IBXL,IBrX 50,TOTS3,TOTVS,ON      NM,533997411,0.650,,
2026-06-28,IBXL,IBrX 50,UGPA3,ULTRAPAR,ON      NM,1067870496,1.159,,
2026-06-28,IBXL,IBrX 50,VALE3,VALE,ON  ATZ NM,4268646710,14.144,,
2026-06-28,IBXL,IBrX 50,VBBR3,VIBRA,ON  EJ  NM,1192004780,1.501,,
2026-06-28,IBXL,IBrX 50,WEGE3,WEG,ON  EJ  NM,1485954732,2.954,,
2026-06-29,IBXL,IBrX 50,ALOS3,ALLOS,ON  ED  NM,478558715,0.569,,
2026-06-29,IBXL,IBrX 50,ABEV3,AMBEV S/A,ON  EJ,4273841357,3.032,,
2026-06-29,IBXL,IBrX 50,ASAI3,ASSAI,ON      NM,1338623499,0.501,,
2026-06-29,IBXL,IBrX 50,AXIA3,AXIA ENERGIA,ON      NM,1863816444,4.395,,
2026-06-29,IBXL,IBrX 50,B3SA3,B3,ON  EJ  NM,4997059816,3.161,,
2026-06-29,IBXL,IBrX 50,BBSE3,BBSEGURIDADE,ON      NM,616248544,1.023,,
2026-06-29,IBXL,IBrX 50,BBDC3,BRADESCO,ON      N1,1464429403,0.971,,
2026-06-29,IBXL,IBrX 50,BBDC4,BRADESCO,PN      N1,5100889966,3.876,,
2026-06-29,IBXL,IBrX 50,BBAS3,BRASIL,ON      NM,2842496541,2.451,,
2026-06-29,IBXL,IBrX 50,BRAV3,BRAVA,ON      NM,462883017,0.377,,
2026-06-29,IBXL,IBrX 50,BPAC11,BTGP BANCO,UNT     N2,1194624560,2.769,,
2026-06-29,IBXL,IBrX 50,CMIG4,CEMIG,PN  EJ  N1,1904057894,0.885,,
2026-06-29,IBXL,IBrX 50,COGN3,COGNA ON,ON      NM,1915914094,0.187,,
2026-06-29,IBXL,IBrX 50,CPLE3,COPEL,ON      NM,2969406694,1.921,,
2026-06-29,IBXL,IBrX 50,CSAN3,COSAN,ON      NM,2242671999,0.358,,
2026-06-29,IBXL,IBrX 50,CYRE3,CYRELA REALT,ON      NM,281609283,0.278,,
2026-06-29,IBXL,IBrX 50,EMBJ3,EMBRAER,ON  EJ  NM,711833141,2.472,,
2026-06-29,IBXL,IBrX 50,ENGI11,ENERGISA,UNT     N2,325503046,0.657,,
2026-06-29,IBXL,IBrX 50,ENEV3,ENEVA,ON      NM,1913352180,2.175,,
2026-06-29,IBXL,IBrX 50,EQTL3,EQUATORIAL,ON      NM,1247728993,2.103,,
2026-06-29,IBXL,IBrX 50,GGBR4,GERDAU,PN      N1,1258208269,1.143,,
2026-06-29,IBXL,IBrX 50,HAPV3,HAPVIDA,ON      NM,271662290,0.118,,
2026-06-29,IBXL,IBrX 50,ITSA4,ITAUSA,PN  EJ  N1,5970738360,3.407,,
2026-06-29,IBXL,IBrX 50,ITUB4,ITAUUNIBANCO,PN  EJ  N1,5349695485,9.581,,
2026-06-29,IBXL,IBrX 50,KLBN11,KLABIN S/A,UNT     N2,804572623,0.579,,
2026-06-29,IBXL,IBrX 50,RENT3,LOCALIZA,ON  EJ  NM,978479038,1.769,,
2026-06-29,IBXL,IBrX 50,LREN3,LOJAS RENNER,ON  EJ  NM,982593716,0.624,,
2026-06-29,IBXL,IBrX 50,MGLU3,MAGAZ LUIZA,ON      NM,373155063,0.070,,
2026-06-29,IBXL,IBrX 50,POMO4,MARCOPOLO,PN      N2,728266241,0.181,,
2026-06-29,IBXL,IBrX 50,MBRF3,MARFRIG,ON      NM,761175338,0.552,,
2026-06-29,IBXL,IBrX 50,BEEF3,MINERVA,ON      NM,454804863,0.069,,
2026-06-29,IBXL,IBrX 50,MOTV3,MOTIVA SA,ON      NM,1002196725,0.615,,
2026-06-29,IBXL,IBrX 50,MULT3,MULTIPLAN,ON      N2,320022221,0.406,,
2026-06-29,IBXL,IBrX 50,NATU3,NATURA,ON  ATZ NM,838359453,0.284,,
2026-06-29,IBXL,IBrX 50,PETR3,PETROBRAS,ON      N2,3478483761,6.231,,
2026-06-29,IBXL,IBrX 50,PETR4,PETROBRAS,PN      N2,4410960450,7.118,,
2026-06-29,IBXL,IBrX 50,PRIO3,PRIO,ON  ATZ NM,757265605,1.711,,
2026-06-29,IBXL,IBrX 50,RADL3,RAIADROGASIL,ON      NM,1313915830,0.967,,
2026-06-29,IBXL,IBrX 50,RDOR3,REDE D OR,ON  EJ  NM,1091469308,1.606,,
2026-06-29,IBXL,IBrX 50,RAIL3,RUMO S.A.,ON      NM,1221155293,0.709,,
2026-06-29,IBXL,IBrX 50,SBSP3,SABESP,ON      NM,3506733260,4.401,,
2026-06-29,IBXL,IBrX 50,SMFT3,SMART FIT,ON      NM,556651316,0.458,,
2026-06-29,IBXL,IBrX 50,SUZB3,SUZANO S.A.,ON      NM,612918471,1.042,,
2026-06-29,IBXL,IBrX 50,VIVT3,TELEF BRASIL,ON  EJ,707125712,1.041,,
2026-06-29,IBXL,IBrX 50,TIMS3,TIM,ON  EJ  NM,777451080,0.749,,
2026-06-29,IBXL,IBrX 50,TOTS3,TOTVS,ON      NM,533997411,0.650,,
2026-06-29,IBXL,IBrX 50,UGPA3,ULTRAPAR,ON      NM,1067870496,1.159,,
2026-06-29,IBXL,IBrX 50,VALE3,VALE,ON  ATZ NM,4268646710,14.144,,
2026-06-29,IBXL,IBrX 50,VBBR3,VIBRA,ON  EJ  NM,1192004780,1.501,,
2026-06-29,IBXL,IBrX 50,WEGE3,WEG,ON  EJ  NM,1485954732,2.954,,
2026-06-30,IBXL,IBrX 50,ALOS3,ALLOS,ON  ED  NM,478558715,0.570,,
2026-06-30,IBXL,IBrX 50,ABEV3,AMBEV S/A,ON  EJ,4273841357,3.008,,
2026-06-30,IBXL,IBrX 50,ASAI3,ASSAI,ON      NM,1338623499,0.511,,
2026-06-30,IBXL,IBrX 50,AXIA3,AXIA ENERGIA,ON      NM,1863816444,4.356,,
2026-06-30,IBXL,IBrX 50,B3SA3,B3,ON  EJ  NM,4997059816,3.118,,
2026-06-30,IBXL,IBrX 50,BBSE3,BBSEGURIDADE,ON      NM,616248544,1.028,,
2026-06-30,IBXL,IBrX 50,BBDC3,BRADESCO,ON      N1,1464429403,0.982,,
2026-06-30,IBXL,IBrX 50,BBDC4,BRADESCO,PN      N1,5100889966,3.931,,
2026-06-30,IBXL,IBrX 50,BBAS3,BRASIL,ON      NM,2842496541,2.443,,
2026-06-30,IBXL,IBrX 50,BRAV3,BRAVA,ON      NM,462883017,0.374,,
2026-06-30,IBXL,IBrX 50,BPAC11,BTGP BANCO,UNT     N2,1194624560,2.762,,
2026-06-30,IBXL,IBrX 50,CMIG4,CEMIG,PN  EJ  N1,1904057894,0.884,,
2026-06-30,IBXL,IBrX 50,COGN3,COGNA ON,ON      NM,1915914094,0.186,,
2026-06-30,IBXL,IBrX 50,CPLE3,COPEL,ON      NM,2969406694,1.916,,
2026-06-30,IBXL,IBrX 50,CSAN3,COSAN,ON      NM,2242671999,0.353,,
2026-06-30,IBXL,IBrX 50,CYRE3,CYRELA REALT,ON      NM,281609283,0.278,,
2026-06-30,IBXL,IBrX 50,EMBJ3,EMBRAER,ON  EJ  NM,711833141,2.421,,
2026-06-30,IBXL,IBrX 50,ENGI11,ENERGISA,UNT     N2,325503046,0.662,,
2026-06-30,IBXL,IBrX 50,ENEV3,ENEVA,ON      NM,1913352180,2.168,,
2026-06-30,IBXL,IBrX 50,EQTL3,EQUATORIAL,ON      NM,1247728993,2.103,,
2026-06-30,IBXL,IBrX 50,GGBR4,GERDAU,PN      N1,1258208269,1.136,,
2026-06-30,IBXL,IBrX 50,HAPV3,HAPVIDA,ON  ATZ NM,271662290,0.119,,
2026-06-30,IBXL,IBrX 50,ITSA4,ITAUSA,PN  EJ  N1,5970738360,3.424,,
2026-06-30,IBXL,IBrX 50,ITUB4,ITAUUNIBANCO,PN  EJ  N1,5349695485,9.624,,
2026-06-30,IBXL,IBrX 50,KLBN11,KLABIN S/A,UNT     N2,804572623,0.576,,
2026-06-30,IBXL,IBrX 50,RENT3,LOCALIZA,ON  EJ  NM,978479038,1.754,,
2026-06-30,IBXL,IBrX 50,LREN3,LOJAS RENNER,ON  EJ  NM,982593716,0.625,,
2026-06-30,IBXL,IBrX 50,MGLU3,MAGAZ LUIZA,ON      NM,373155063,0.073,,
2026-06-30,IBXL,IBrX 50,POMO4,MARCOPOLO,PN      N2,728266241,0.182,,
2026-06-30,IBXL,IBrX 50,MBRF3,MARFRIG,ON      NM,761175338,0.572,,
2026-06-30,IBXL,IBrX 50,BEEF3,MINERVA,ON      NM,454804863,0.071,,
2026-06-30,IBXL,IBrX 50,MOTV3,MOTIVA SA,ON      NM,1002196725,0.625,,
2026-06-30,IBXL,IBrX 50,MULT3,MULTIPLAN,ON      N2,320022221,0.402,,
2026-06-30,IBXL,IBrX 50,NATU3,NATURA,ON  ATZ NM,838359453,0.295,,
2026-06-30,IBXL,IBrX 50,PETR3,PETROBRAS,ON      N2,3478483761,6.243,,
2026-06-30,IBXL,IBrX 50,PETR4,PETROBRAS,PN      N2,4410960450,7.136,,
2026-06-30,IBXL,IBrX 50,PRIO3,PRIO,ON  ATZ NM,757265605,1.707,,
2026-06-30,IBXL,IBrX 50,RADL3,RAIADROGASIL,ON      NM,1313915830,0.956,,
2026-06-30,IBXL,IBrX 50,RDOR3,REDE D OR,ON  EJ  NM,1091469308,1.606,,
2026-06-30,IBXL,IBrX 50,RAIL3,RUMO S.A.,ON      NM,1221155293,0.705,,
2026-06-30,IBXL,IBrX 50,SBSP3,SABESP,ON      NM,3506733260,4.410,,
2026-06-30,IBXL,IBrX 50,SMFT3,SMART FIT,ON      NM,556651316,0.460,,
2026-06-30,IBXL,IBrX 50,SUZB3,SUZANO S.A.,ON      NM,612918471,1.032,,
2026-06-30,IBXL,IBrX 50,VIVT3,TELEF BRASIL,ON  EJ,707125712,1.032,,
2026-06-30,IBXL,IBrX 50,TIMS3,TIM,ON  EJ  NM,777451080,0.735,,
2026-06-30,IBXL,IBrX 50,TOTS3,TOTVS,ON      NM,533997411,0.646,,
2026-06-30,IBXL,IBrX 50,UGPA3,ULTRAPAR,ON      NM,1067870496,1.192,,
2026-06-30,IBXL,IBrX 50,VALE3,VALE,ON  ATZ NM,4268646710,14.146,,
2026-06-30,IBXL,IBrX 50,VBBR3,VIBRA,ON  EJ  NM,1192004780,1.513,,
2026-06-30,IBXL,IBrX 50,WEGE3,WEG,ON  EJ  NM,1485954732,2.949,,
2026-07-01,IBXL,IBrX 50,ALOS3,ALLOS,ON  ED  NM,478558715,0.574,,
2026-07-01,IBXL,IBrX 50,ABEV3,AMBEV S/A,ON  EJ,4273841357,2.974,,
2026-07-01,IBXL,IBrX 50,ASAI3,ASSAI,ON      NM,1338623499,0.499,,
2026-07-01,IBXL,IBrX 50,AXIA3,AXIA ENERGIA,ON      NM,1863816444,4.329,,
2026-07-01,IBXL,IBrX 50,B3SA3,B3,ON  EJ  NM,4997059816,3.101,,
2026-07-01,IBXL,IBrX 50,BBSE3,BBSEGURIDADE,ON      NM,616248544,1.031,,
2026-07-01,IBXL,IBrX 50,BBDC3,BRADESCO,ON      N1,1464429403,0.986,,
2026-07-01,IBXL,IBrX 50,BBDC4,BRADESCO,PN      N1,5100889966,3.943,,
2026-07-01,IBXL,IBrX 50,BBAS3,BRASIL,ON      NM,2842496541,2.417,,
2026-07-01,IBXL,IBrX 50,BRAV3,BRAVA,ON      NM,462883017,0.382,,
2026-07-01,IBXL,IBrX 50,BPAC11,BTGP BANCO,UNT     N2,1194624560,2.760,,
2026-07-01,IBXL,IBrX 50,CMIG4,CEMIG,PN  EJ  N1,1904057894,0.884,,
2026-07-01,IBXL,IBrX 50,COGN3,COGNA ON,ON      NM,1915914094,0.184,,
2026-07-01,IBXL,IBrX 50,CPLE3,COPEL,ON      NM,2969406694,1.905,,
2026-07-01,IBXL,IBrX 50,CSAN3,COSAN,ON      NM,2242671999,0.354,,
2026-07-01,IBXL,IBrX 50,CYRE3,CYRELA REALT,ON      NM,281609283,0.277,,
2026-07-01,IBXL,IBrX 50,EMBJ3,EMBRAER,ON  EJ  NM,711833141,2.489,,
2026-07-01,IBXL,IBrX 50,ENGI11,ENERGISA,UNT     N2,325503046,0.667,,
2026-07-01,IBXL,IBrX 50,ENEV3,ENEVA,ON      NM,1913352180,2.184,,
2026-07-01,IBXL,IBrX 50,EQTL3,EQUATORIAL,ON      NM,1247728993,2.075,,
2026-07-01,IBXL,IBrX 50,GGBR4,GERDAU,PN      N1,1258208269,1.117,,
2026-07-01,IBXL,IBrX 50,HAPV3,HAPVIDA,ON  ATZ NM,271662290,0.118,,
2026-07-01,IBXL,IBrX 50,ITSA4,ITAUSA,PN      N1,5970738360,3.412,,
2026-07-01,IBXL,IBrX 50,ITUB4,ITAUUNIBANCO,PN  EJ  N1,5349695485,9.634,,
2026-07-01,IBXL,IBrX 50,KLBN11,KLABIN S/A,UNT     N2,804572623,0.575,,
2026-07-01,IBXL,IBrX 50,RENT3,LOCALIZA,ON  EJ  NM,978479038,1.737,,
2026-07-01,IBXL,IBrX 50,LREN3,LOJAS RENNER,ON  EJ  NM,982593716,0.619,,
2026-07-01,IBXL,IBrX 50,MGLU3,MAGAZ LUIZA,ON      NM,373155063,0.075,,
2026-07-01,IBXL,IBrX 50,POMO4,MARCOPOLO,PN      N2,728266241,0.186,,
2026-07-01,IBXL,IBrX 50,MBRF3,MARFRIG,ON      NM,761175338,0.586,,
2026-07-01,IBXL,IBrX 50,BEEF3,MINERVA,ON      NM,454804863,0.072,,
2026-07-01,IBXL,IBrX 50,MOTV3,MOTIVA SA,ON      NM,1002196725,0.626,,
2026-07-01,IBXL,IBrX 50,MULT3,MULTIPLAN,ON  EJ  N2,320022221,0.397,,
2026-07-01,IBXL,IBrX 50,NATU3,NATURA,ON  ATZ NM,838359453,0.313,,
2026-07-01,IBXL,IBrX 50,PETR3,PETROBRAS,ON      N2,3478483761,6.207,,
2026-07-01,IBXL,IBrX 50,PETR4,PETROBRAS,PN      N2,4410960450,7.121,,
2026-07-01,IBXL,IBrX 50,PRIO3,PRIO,ON  ATZ NM,757265605,1.687,,
2026-07-01,IBXL,IBrX 50,RADL3,RAIADROGASIL,ON      NM,1313915830,0.943,,
2026-07-01,IBXL,IBrX 50,RDOR3,REDE D OR,ON  EJ  NM,1091469308,1.618,,
2026-07-01,IBXL,IBrX 50,RAIL3,RUMO S.A.,ON      NM,1221155293,0.701,,
2026-07-01,IBXL,IBrX 50,SBSP3,SABESP,ON      NM,3506733260,4.439,,
2026-07-01,IBXL,IBrX 50,SMFT3,SMART FIT,ON      NM,556651316,0.468,,
2026-07-01,IBXL,IBrX 50,SUZB3,SUZANO S.A.,ON      NM,612918471,1.041,,
2026-07-01,IBXL,IBrX 50,VIVT3,TELEF BRASIL,ON  EJ,707125712,1.025,,
2026-07-01,IBXL,IBrX 50,TIMS3,TIM,ON  EJ  NM,777451080,0.726,,
2026-07-01,IBXL,IBrX 50,TOTS3,TOTVS,ON      NM,533997411,0.655,,
2026-07-01,IBXL,IBrX 50,UGPA3,ULTRAPAR,ON      NM,1067870496,1.189,,
2026-07-01,IBXL,IBrX 50,VALE3,VALE,ON  ATZ NM,4268646710,14.199,,
2026-07-01,IBXL,IBrX 50,VBBR3,VIBRA,ON  EJ  NM,1192004780,1.522,,
2026-07-01,IBXL,IBrX 50,WEGE3,WEG,ON  EJ  NM,1485954732,2.977,,
2026-07-02,IBXL,IBrX 50,ALOS3,ALLOS,ON  ED  NM,478558715,0.573,,
2026-07-02,IBXL,IBrX 50,ABEV3,AMBEV S/A,ON  EJ,4273841357,2.962,,
2026-07-02,IBXL,IBrX 50,ASAI3,ASSAI,ON      NM,1338623499,0.496,,
2026-07-02,IBXL,IBrX 50,AXIA3,AXIA ENERGIA,ON      NM,1863816444,4.304,,
2026-07-02,IBXL,IBrX 50,B3SA3,B3,ON  EJ  NM,4997059816,3.079,,
2026-07-02,IBXL,IBrX 50,BBSE3,BBSEGURIDADE,ON      NM,616248544,1.005,,
2026-07-02,IBXL,IBrX 50,BBDC3,BRADESCO,ON  EJ  N1,1464429403,0.986,,
2026-07-02,IBXL,IBrX 50,BBDC4,BRADESCO,PN  EJ  N1,5100889966,3.951,,
2026-07-02,IBXL,IBrX 50,BBAS3,BRASIL,ON      NM,2842496541,2.400,,
2026-07-02,IBXL,IBrX 50,BRAV3,BRAVA,ON      NM,462883017,0.366,,
2026-07-02,IBXL,IBrX 50,BPAC11,BTGP BANCO,UNT     N2,1194624560,2.760,,
2026-07-02,IBXL,IBrX 50,CMIG4,CEMIG,PN  EJ  N1,1904057894,0.881,,
2026-07-02,IBXL,IBrX 50,COGN3,COGNA ON,ON      NM,1915914094,0.188,,
2026-07-02,IBXL,IBrX 50,CPLE3,COPEL,ON      NM,2969406694,1.906,,
2026-07-02,IBXL,IBrX 50,CSAN3,COSAN,ON      NM,2242671999,0.355,,
2026-07-02,IBXL,IBrX 50,CYRE3,CYRELA REALT,ON      NM,281609283,0.275,,
2026-07-02,IBXL,IBrX 50,EMBJ3,EMBRAER,ON  EJ  NM,711833141,2.493,,
2026-07-02,IBXL,IBrX 50,ENGI11,ENERGISA,UNT     N2,325503046,0.660,,
2026-07-02,IBXL,IBrX 50,ENEV3,ENEVA,ON      NM,1913352180,2.149,,
2026-07-02,IBXL,IBrX 50,EQTL3,EQUATORIAL,ON      NM,1247728993,2.068,,
2026-07-02,IBXL,IBrX 50,GGBR4,GERDAU,PN      N1,1258208269,1.125,,
2026-07-02,IBXL,IBrX 50,HAPV3,HAPVIDA,ON  ATZ NM,271662290,0.123,,
2026-07-02,IBXL,IBrX 50,ITSA4,ITAUSA,PN      N1,5970738360,3.423,,
2026-07-02,IBXL,IBrX 50,ITUB4,ITAUUNIBANCO,PN  EJ  N1,5349695485,9.714,,
2026-07-02,IBXL,IBrX 50,KLBN11,KLABIN S/A,UNT     N2,804572623,0.582,,
2026-07-02,IBXL,IBrX 50,RENT3,LOCALIZA,ON  EJ  NM,978479038,1.720,,
2026-07-02,IBXL,IBrX 50,LREN3,LOJAS RENNER,ON  EJ  NM,982593716,0.625,,
2026-07-02,IBXL,IBrX 50,MGLU3,MAGAZ LUIZA,ON      NM,373155063,0.071,,
2026-07-02,IBXL,IBrX 50,POMO4,MARCOPOLO,PN      N2,728266241,0.185,,
2026-07-02,IBXL,IBrX 50,MBRF3,MARFRIG,ON      NM,761175338,0.586,,
2026-07-02,IBXL,IBrX 50,BEEF3,MINERVA,ON      NM,454804863,0.069,,
2026-07-02,IBXL,IBrX 50,MOTV3,MOTIVA SA,ON      NM,1002196725,0.618,,
2026-07-02,IBXL,IBrX 50,MULT3,MULTIPLAN,ON  EJ  N2,320022221,0.396,,
2026-07-02,IBXL,IBrX 50,NATU3,NATURA,ON  ATZ NM,838359453,0.308,,
2026-07-02,IBXL,IBrX 50,PETR3,PETROBRAS,ON      N2,3478483761,6.187,,
2026-07-02,IBXL,IBrX 50,PETR4,PETROBRAS,PN      N2,4410960450,7.140,,
2026-07-02,IBXL,IBrX 50,PRIO3,PRIO,ON      NM,757265605,1.698,,
2026-07-02,IBXL,IBrX 50,RADL3,RAIADROGASIL,ON      NM,1313915830,0.938,,
2026-07-02,IBXL,IBrX 50,RDOR3,REDE D OR,ON  EJ  NM,1091469308,1.635,,
2026-07-02,IBXL,IBrX 50,RAIL3,RUMO S.A.,ON      NM,1221155293,0.688,,
2026-07-02,IBXL,IBrX 50,SBSP3,SABESP,ON      NM,3506733260,4.479,,
2026-07-02,IBXL,IBrX 50,SMFT3,SMART FIT,ON      NM,556651316,0.473,,
2026-07-02,IBXL,IBrX 50,SUZB3,SUZANO S.A.,ON      NM,612918471,1.064,,
2026-07-02,IBXL,IBrX 50,VIVT3,TELEF BRASIL,ON  EJ,707125712,1.022,,
2026-07-02,IBXL,IBrX 50,TIMS3,TIM,ON  EJ  NM,777451080,0.736,,
2026-07-02,IBXL,IBrX 50,TOTS3,TOTVS,ON      NM,533997411,0.663,,
2026-07-02,IBXL,IBrX 50,UGPA3,ULTRAPAR,ON      NM,1067870496,1.190,,
2026-07-02,IBXL,IBrX 50,VALE3,VALE,ON  ATZ NM,4268646710,14.240,,
2026-07-02,IBXL,IBrX 50,VBBR3,VIBRA,ON  EJ  NM,1192004780,1.504,,
2026-07-02,IBXL,IBrX 50,WEGE3,WEG,ON      NM,1485954732,2.941,,
2026-07-03,IBXL,IBrX 50,ALOS3,ALLOS,ON      NM,478558715,0.572,,
2026-07-03,IBXL,IBrX 50,ABEV3,AMBEV S/A,ON,4273841357,2.962,,
2026-07-03,IBXL,IBrX 50,ASAI3,ASSAI,ON      NM,1338623499,0.495,,
2026-07-03,IBXL,IBrX 50,AXIA3,AXIA ENERGIA,ON      NM,1863816444,4.300,,
2026-07-03,IBXL,IBrX 50,B3SA3,B3,ON  EJ  NM,4997059816,3.104,,
2026-07-03,IBXL,IBrX 50,BBSE3,BBSEGURIDADE,ON      NM,616248544,1.013,,
2026-07-03,IBXL,IBrX 50,BBDC3,BRADESCO,ON  EJ  N1,1464429403,0.987,,
2026-07-03,IBXL,IBrX 50,BBDC4,BRADESCO,PN  EJ  N1,5100889966,3.939,,
2026-07-03,IBXL,IBrX 50,BBAS3,BRASIL,ON      NM,2842496541,2.417,,
2026-07-03,IBXL,IBrX 50,BRAV3,BRAVA,ON      NM,462883017,0.352,,
2026-07-03,IBXL,IBrX 50,BPAC11,BTGP BANCO,UNT     N2,1194624560,2.771,,
2026-07-03,IBXL,IBrX 50,CMIG4,CEMIG,PN  EJ  N1,1904057894,0.888,,
2026-07-03,IBXL,IBrX 50,COGN3,COGNA ON,ON      NM,1915914094,0.188,,
2026-07-03,IBXL,IBrX 50,CPLE3,COPEL,ON      NM,2969406694,1.903,,
2026-07-03,IBXL,IBrX 50,CSAN3,COSAN,ON      NM,2242671999,0.355,,
2026-07-03,IBXL,IBrX 50,CYRE3,CYRELA REALT,ON      NM,281609283,0.277,,
2026-07-03,IBXL,IBrX 50,EMBJ3,EMBRAER,ON  EJ  NM,711833141,2.515,,
2026-07-03,IBXL,IBrX 50,ENGI11,ENERGISA,UNT     N2,325503046,0.670,,
2026-07-03,IBXL,IBrX 50,ENEV3,ENEVA,ON      NM,1913352180,2.133,,
2026-07-03,IBXL,IBrX 50,EQTL3,EQUATORIAL,ON      NM,1247728993,2.085,,
2026-07-03,IBXL,IBrX 50,GGBR4,GERDAU,PN      N1,1258208269,1.132,,
2026-07-03,IBXL,IBrX 50,HAPV3,HAPVIDA,ON  ATZ NM,271662290,0.120,,
2026-07-03,IBXL,IBrX 50,ITSA4,ITAUSA,PN      N1,5970738360,3.428,,
2026-07-03,IBXL,IBrX 50,ITUB4,ITAUUNIBANCO,PN  EJ  N1,5349695485,9.661,,
2026-07-03,IBXL,IBrX 50,KLBN11,KLABIN S/A,UNT     N2,804572623,0.581,,
2026-07-03,IBXL,IBrX 50,RENT3,LOCALIZA,ON  EJ  NM,978479038,1.716,,
2026-07-03,IBXL,IBrX 50,LREN3,LOJAS RENNER,ON  EJ  NM,982593716,0.619,,
2026-07-03,IBXL,IBrX 50,MGLU3,MAGAZ LUIZA,ON      NM,373155063,0.068,,
2026-07-03,IBXL,IBrX 50,POMO4,MARCOPOLO,PN      N2,728266241,0.185,,
2026-07-03,IBXL,IBrX 50,MBRF3,MARFRIG,ON      NM,761175338,0.548,,
2026-07-03,IBXL,IBrX 50,BEEF3,MINERVA,ON      NM,454804863,0.068,,
2026-07-03,IBXL,IBrX 50,MOTV3,MOTIVA SA,ON      NM,1002196725,0.623,,
2026-07-03,IBXL,IBrX 50,MULT3,MULTIPLAN,ON  EJ  N2,320022221,0.398,,
2026-07-03,IBXL,IBrX 50,NATU3,NATURA,ON  ATZ NM,838359453,0.293,,
2026-07-03,IBXL,IBrX 50,PETR3,PETROBRAS,ON      N2,3478483761,6.227,,
2026-07-03,IBXL,IBrX 50,PETR4,PETROBRAS,PN      N2,4410960450,7.120,,
2026-07-03,IBXL,IBrX 50,PRIO3,PRIO,ON      NM,757265605,1.693,,
2026-07-03,IBXL,IBrX 50,RADL3,RAIADROGASIL,ON      NM,1313915830,0.943,,
2026-07-03,IBXL,IBrX 50,RDOR3,REDE D OR,ON  EJ  NM,1091469308,1.649,,
2026-07-03,IBXL,IBrX 50,RAIL3,RUMO S.A.,ON      NM,1221155293,0.698,,
2026-07-03,IBXL,IBrX 50,SBSP3,SABESP,ON      NM,3506733260,4.460,,
2026-07-03,IBXL,IBrX 50,SMFT3,SMART FIT,ON      NM,556651316,0.476,,
2026-07-03,IBXL,IBrX 50,SUZB3,SUZANO S.A.,ON      NM,612918471,1.063,,
2026-07-03,IBXL,IBrX 50,VIVT3,TELEF BRASIL,ON  EJ,707125712,1.041,,
2026-07-03,IBXL,IBrX 50,TIMS3,TIM,ON      NM,777451080,0.748,,
2026-07-03,IBXL,IBrX 50,TOTS3,TOTVS,ON      NM,533997411,0.671,,
2026-07-03,IBXL,IBrX 50,UGPA3,ULTRAPAR,ON      NM,1067870496,1.208,,
2026-07-03,IBXL,IBrX 50,VALE3,VALE,ON  ATZ NM,4268646710,14.202,,
2026-07-03,IBXL,IBrX 50,VBBR3,VIBRA,ON      NM,1192004780,1.512,,
2026-07-03,IBXL,IBrX 50,WEGE3,WEG,ON      NM,1485954732,2.923,,
2026-07-04,IBXL,IBrX 50,ALOS3,ALLOS,ON      NM,478558715,0.570,,
2026-07-04,IBXL,IBrX 50,ABEV3,AMBEV S/A,ON,4273841357,2.940,,
2026-07-04,IBXL,IBrX 50,ASAI3,ASSAI,ON      NM,1338623499,0.497,,
2026-07-04,IBXL,IBrX 50,AXIA3,AXIA ENERGIA,ON      NM,1863816444,4.248,,
2026-07-04,IBXL,IBrX 50,B3SA3,B3,ON  EJ  NM,4997059816,3.115,,
2026-07-04,IBXL,IBrX 50,BBSE3,BBSEGURIDADE,ON      NM,616248544,1.006,,
2026-07-04,IBXL,IBrX 50,BBDC3,BRADESCO,ON  EJ  N1,1464429403,0.966,,
2026-07-04,IBXL,IBrX 50,BBDC4,BRADESCO,PN  EJ  N1,5100889966,3.872,,
2026-07-04,IBXL,IBrX 50,BBAS3,BRASIL,ON      NM,2842496541,2.399,,
2026-07-04,IBXL,IBrX 50,BRAV3,BRAVA,ON      NM,462883017,0.350,,
2026-07-04,IBXL,IBrX 50,BPAC11,BTGP BANCO,UNT     N2,1194624560,2.817,,
2026-07-04,IBXL,IBrX 50,CMIG4,CEMIG,PN      N1,1904057894,0.887,,
2026-07-04,IBXL,IBrX 50,COGN3,COGNA ON,ON      NM,1915914094,0.187,,
2026-07-04,IBXL,IBrX 50,CPLE3,COPEL,ON      NM,2969406694,1.889,,
2026-07-04,IBXL,IBrX 50,CSAN3,COSAN,ON      NM,2242671999,0.358,,
2026-07-04,IBXL,IBrX 50,CYRE3,CYRELA REALT,ON      NM,281609283,0.278,,
2026-07-04,IBXL,IBrX 50,EMBJ3,EMBRAER,ON      NM,711833141,2.550,,
2026-07-04,IBXL,IBrX 50,ENGI11,ENERGISA,UNT     N2,325503046,0.668,,
2026-07-04,IBXL,IBrX 50,ENEV3,ENEVA,ON      NM,1913352180,2.152,,
2026-07-04,IBXL,IBrX 50,EQTL3,EQUATORIAL,ON      NM,1247728993,2.078,,
2026-07-04,IBXL,IBrX 50,GGBR4,GERDAU,PN      N1,1258208269,1.139,,
2026-07-04,IBXL,IBrX 50,HAPV3,HAPVIDA,ON  ATZ NM,271662290,0.122,,
2026-07-04,IBXL,IBrX 50,ITSA4,ITAUSA,PN      N1,5970738360,3.430,,
2026-07-04,IBXL,IBrX 50,ITUB4,ITAUUNIBANCO,PN  EJ  N1,5349695485,9.657,,
2026-07-04,IBXL,IBrX 50,KLBN11,KLABIN S/A,UNT     N2,804572623,0.581,,
2026-07-04,IBXL,IBrX 50,RENT3,LOCALIZA,ON  EJ  NM,978479038,1.713,,
2026-07-04,IBXL,IBrX 50,LREN3,LOJAS RENNER,ON      NM,982593716,0.614,,
2026-07-04,IBXL,IBrX 50,MGLU3,MAGAZ LUIZA,ON      NM,373155063,0.070,,
2026-07-04,IBXL,IBrX 50,POMO4,MARCOPOLO,PN      N2,728266241,0.183,,
2026-07-04,IBXL,IBrX 50,MBRF3,MARFRIG,ON      NM,761175338,0.539,,
2026-07-04,IBXL,IBrX 50,BEEF3,MINERVA,ON      NM,454804863,0.068,,
2026-07-04,IBXL,IBrX 50,MOTV3,MOTIVA SA,ON      NM,1002196725,0.628,,
2026-07-04,IBXL,IBrX 50,MULT3,MULTIPLAN,ON  EJ  N2,320022221,0.397,,
2026-07-04,IBXL,IBrX 50,NATU3,NATURA,ON  ATZ NM,838359453,0.297,,
2026-07-04,IBXL,IBrX 50,PETR3,PETROBRAS,ON      N2,3478483761,6.228,,
2026-07-04,IBXL,IBrX 50,PETR4,PETROBRAS,PN      N2,4410960450,7.126,,
2026-07-04,IBXL,IBrX 50,PRIO3,PRIO,ON      NM,757265605,1.694,,
2026-07-04,IBXL,IBrX 50,RADL3,RAIADROGASIL,ON  EDJ NM,1313915830,0.942,,
2026-07-04,IBXL,IBrX 50,RDOR3,REDE D OR,ON  EJ  NM,1091469308,1.648,,
2026-07-04,IBXL,IBrX 50,RAIL3,RUMO S.A.,ON      NM,1221155293,0.703,,
2026-07-04,IBXL,IBrX 50,SBSP3,SABESP,ON      NM,3506733260,4.498,,
2026-07-04,IBXL,IBrX 50,SMFT3,SMART FIT,ON      NM,556651316,0.474,,
2026-07-04,IBXL,IBrX 50,SUZB3,SUZANO S.A.,ON      NM,612918471,1.056,,
2026-07-04,IBXL,IBrX 50,VIVT3,TELEF BRASIL,ON  EJ,707125712,1.038,,
2026-07-04,IBXL,IBrX 50,TIMS3,TIM,ON      NM,777451080,0.749,,
2026-07-04,IBXL,IBrX 50,TOTS3,TOTVS,ON      NM,533997411,0.677,,
2026-07-04,IBXL,IBrX 50,UGPA3,ULTRAPAR,ON      NM,1067870496,1.242,,
2026-07-04,IBXL,IBrX 50,VALE3,VALE,ON  ATZ NM,4268646710,14.214,,
2026-07-04,IBXL,IBrX 50,VBBR3,VIBRA,ON      NM,1192004780,1.529,,
2026-07-04,IBXL,IBrX 50,WEGE3,WEG,ON      NM,1485954732,2.917,,
2026-07-06,IBXL,IBrX 50,ALOS3,ALLOS,ON      NM,478558715,0.570,,
2026-07-06,IBXL,IBrX 50,ABEV3,AMBEV S/A,ON,4273841357,2.940,,
2026-07-06,IBXL,IBrX 50,ASAI3,ASSAI,ON      NM,1338623499,0.497,,
2026-07-06,IBXL,IBrX 50,AXIA3,AXIA ENERGIA,ON      NM,1863816444,4.248,,
2026-07-06,IBXL,IBrX 50,B3SA3,B3,ON  EJ  NM,4997059816,3.115,,
2026-07-06,IBXL,IBrX 50,BBSE3,BBSEGURIDADE,ON      NM,616248544,1.006,,
2026-07-06,IBXL,IBrX 50,BBDC3,BRADESCO,ON  EJ  N1,1464429403,0.966,,
2026-07-06,IBXL,IBrX 50,BBDC4,BRADESCO,PN  EJ  N1,5100889966,3.872,,
2026-07-06,IBXL,IBrX 50,BBAS3,BRASIL,ON      NM,2842496541,2.399,,
2026-07-06,IBXL,IBrX 50,BRAV3,BRAVA,ON      NM,462883017,0.350,,
2026-07-06,IBXL,IBrX 50,BPAC11,BTGP BANCO,UNT     N2,1194624560,2.817,,
2026-07-06,IBXL,IBrX 50,CMIG4,CEMIG,PN      N1,1904057894,0.887,,
2026-07-06,IBXL,IBrX 50,COGN3,COGNA ON,ON      NM,1915914094,0.187,,
2026-07-06,IBXL,IBrX 50,CPLE3,COPEL,ON      NM,2969406694,1.889,,
2026-07-06,IBXL,IBrX 50,CSAN3,COSAN,ON      NM,2242671999,0.358,,
2026-07-06,IBXL,IBrX 50,CYRE3,CYRELA REALT,ON      NM,281609283,0.278,,
2026-07-06,IBXL,IBrX 50,EMBJ3,EMBRAER,ON      NM,711833141,2.550,,
2026-07-06,IBXL,IBrX 50,ENGI11,ENERGISA,UNT     N2,325503046,0.668,,
2026-07-06,IBXL,IBrX 50,ENEV3,ENEVA,ON      NM,1913352180,2.152,,
2026-07-06,IBXL,IBrX 50,EQTL3,EQUATORIAL,ON      NM,1247728993,2.078,,
2026-07-06,IBXL,IBrX 50,GGBR4,GERDAU,PN      N1,1258208269,1.139,,
2026-07-06,IBXL,IBrX 50,HAPV3,HAPVIDA,ON  ATZ NM,271662290,0.122,,
2026-07-06,IBXL,IBrX 50,ITSA4,ITAUSA,PN      N1,5970738360,3.430,,
2026-07-06,IBXL,IBrX 50,ITUB4,ITAUUNIBANCO,PN  EJ  N1,5349695485,9.657,,
2026-07-06,IBXL,IBrX 50,KLBN11,KLABIN S/A,UNT     N2,804572623,0.581,,
2026-07-06,IBXL,IBrX 50,RENT3,LOCALIZA,ON  EJ  NM,978479038,1.713,,
2026-07-06,IBXL,IBrX 50,LREN3,LOJAS RENNER,ON      NM,982593716,0.614,,
2026-07-06,IBXL,IBrX 50,MGLU3,MAGAZ LUIZA,ON      NM,373155063,0.070,,
2026-07-06,IBXL,IBrX 50,POMO4,MARCOPOLO,PN      N2,728266241,0.183,,
2026-07-06,IBXL,IBrX 50,MBRF3,MARFRIG,ON      NM,761175338,0.539,,
2026-07-06,IBXL,IBrX 50,BEEF3,MINERVA,ON      NM,454804863,0.068,,
2026-07-06,IBXL,IBrX 50,MOTV3,MOTIVA SA,ON      NM,1002196725,0.628,,
2026-07-06,IBXL,IBrX 50,MULT3,MULTIPLAN,ON  EJ  N2,320022221,0.397,,
2026-07-06,IBXL,IBrX 50,NATU3,NATURA,ON  ATZ NM,838359453,0.297,,
2026-07-06,IBXL,IBrX 50,PETR3,PETROBRAS,ON      N2,3478483761,6.228,,
2026-07-06,IBXL,IBrX 50,PETR4,PETROBRAS,PN      N2,4410960450,7.126,,
2026-07-06,IBXL,IBrX 50,PRIO3,PRIO,ON      NM,757265605,1.694,,
2026-07-06,IBXL,IBrX 50,RADL3,RAIADROGASIL,ON  EDJ NM,1313915830,0.942,,
2026-07-06,IBXL,IBrX 50,RDOR3,REDE D OR,ON  EJ  NM,1091469308,1.648,,
2026-07-06,IBXL,IBrX 50,RAIL3,RUMO S.A.,ON      NM,1221155293,0.703,,
2026-07-06,IBXL,IBrX 50,SBSP3,SABESP,ON      NM,3506733260,4.498,,
2026-07-06,IBXL,IBrX 50,SMFT3,SMART FIT,ON      NM,556651316,0.474,,
2026-07-06,IBXL,IBrX 50,SUZB3,SUZANO S.A.,ON      NM,612918471,1.056,,
2026-07-06,IBXL,IBrX 50,VIVT3,TELEF BRASIL,ON  EJ,707125712,1.038,,
2026-07-06,IBXL,IBrX 50,TIMS3,TIM,ON      NM,777451080,0.749,,
2026-07-06,IBXL,IBrX 50,TOTS3,TOTVS,ON      NM,533997411,0.677,,
2026-07-06,IBXL,IBrX 50,UGPA3,ULTRAPAR,ON      NM,1067870496,1.242,,
2026-07-06,IBXL,IBrX 50,VALE3,VALE,ON  ATZ NM,4268646710,14.214,,
2026-07-06,IBXL,IBrX 50,VBBR3,VIBRA,ON      NM,1192004780,1.529,,
2026-07-06,IBXL,IBrX 50,WEGE3,WEG,ON      NM,1485954732,2.917,,
2026-07-07,IBXL,IBrX 50,ALOS3,ALLOS,ON      NM,478558715,0.564,,
2026-07-07,IBXL,IBrX 50,ABEV3,AMBEV S/A,ON,4273841357,2.895,,
2026-07-07,IBXL,IBrX 50,ASAI3,ASSAI,ON      NM,1338623499,0.495,,
2026-07-07,IBXL,IBrX 50,AXIA3,AXIA ENERGIA,ON      NM,1863816444,4.256,,
2026-07-07,IBXL,IBrX 50,B3SA3,B3,ON      NM,4997059816,3.107,,
2026-07-07,IBXL,IBrX 50,BBSE3,BBSEGURIDADE,ON      NM,616248544,1.017,,
2026-07-07,IBXL,IBrX 50,BBDC3,BRADESCO,ON  EJ  N1,1464429403,0.971,,
2026-07-07,IBXL,IBrX 50,BBDC4,BRADESCO,PN  EJ  N1,5100889966,3.899,,
2026-07-07,IBXL,IBrX 50,BBAS3,BRASIL,ON      NM,2842496541,2.397,,
2026-07-07,IBXL,IBrX 50,BRAV3,BRAVA,ON      NM,462883017,0.365,,
2026-07-07,IBXL,IBrX 50,BPAC11,BTGP BANCO,UNT     N2,1194624560,2.822,,
2026-07-07,IBXL,IBrX 50,CMIG4,CEMIG,PN      N1,1904057894,0.884,,
2026-07-07,IBXL,IBrX 50,COGN3,COGNA ON,ON      NM,1915914094,0.184,,
2026-07-07,IBXL,IBrX 50,CPLE3,COPEL,ON      NM,2969406694,1.891,,
2026-07-07,IBXL,IBrX 50,CSAN3,COSAN,ON      NM,2242671999,0.367,,
2026-07-07,IBXL,IBrX 50,CYRE3,CYRELA REALT,ON  ATZ NM,281609283,0.271,,
2026-07-07,IBXL,IBrX 50,EMBJ3,EMBRAER,ON      NM,711833141,2.620,,
2026-07-07,IBXL,IBrX 50,ENGI11,ENERGISA,UNT     N2,325503046,0.663,,
2026-07-07,IBXL,IBrX 50,ENEV3,ENEVA,ON      NM,1913352180,2.130,,
2026-07-07,IBXL,IBrX 50,EQTL3,EQUATORIAL,ON      NM,1247728993,2.079,,
2026-07-07,IBXL,IBrX 50,GGBR4,GERDAU,PN      N1,1258208269,1.172,,
2026-07-07,IBXL,IBrX 50,HAPV3,HAPVIDA,ON  ATZ NM,271662290,0.120,,
2026-07-07,IBXL,IBrX 50,ITSA4,ITAUSA,PN      N1,5970738360,3.428,,
2026-07-07,IBXL,IBrX 50,ITUB4,ITAUUNIBANCO,PN  EJ  N1,5349695485,9.711,,
2026-07-07,IBXL,IBrX 50,KLBN11,KLABIN S/A,UNT     N2,804572623,0.583,,
2026-07-07,IBXL,IBrX 50,RENT3,LOCALIZA,ON  EJ  NM,978479038,1.683,,
2026-07-07,IBXL,IBrX 50,LREN3,LOJAS RENNER,ON      NM,982593716,0.591,,
2026-07-07,IBXL,IBrX 50,MGLU3,MAGAZ LUIZA,ON      NM,373155063,0.069,,
2026-07-07,IBXL,IBrX 50,POMO4,MARCOPOLO,PN      N2,728266241,0.178,,
2026-07-07,IBXL,IBrX 50,MBRF3,MARFRIG,ON      NM,761175338,0.533,,
2026-07-07,IBXL,IBrX 50,BEEF3,MINERVA,ON      NM,454804863,0.068,,
2026-07-07,IBXL,IBrX 50,MOTV3,MOTIVA SA,ON      NM,1002196725,0.627,,
2026-07-07,IBXL,IBrX 50,MULT3,MULTIPLAN,ON  EJ  N2,320022221,0.394,,
2026-07-07,IBXL,IBrX 50,NATU3,NATURA,ON      NM,838359453,0.297,,
2026-07-07,IBXL,IBrX 50,PETR3,PETROBRAS,ON      N2,3478483761,6.209,,
2026-07-07,IBXL,IBrX 50,PETR4,PETROBRAS,PN      N2,4410960450,7.106,,
2026-07-07,IBXL,IBrX 50,PRIO3,PRIO,ON      NM,757265605,1.730,,
2026-07-07,IBXL,IBrX 50,RADL3,RAIADROGASIL,ON  EDJ NM,1313915830,0.977,,
2026-07-07,IBXL,IBrX 50,RDOR3,REDE D OR,ON  EJ  NM,1091469308,1.629,,
2026-07-07,IBXL,IBrX 50,RAIL3,RUMO S.A.,ON      NM,1221155293,0.703,,
2026-07-07,IBXL,IBrX 50,SBSP3,SABESP,ON      NM,3506733260,4.444,,
2026-07-07,IBXL,IBrX 50,SMFT3,SMART FIT,ON      NM,556651316,0.472,,
2026-07-07,IBXL,IBrX 50,SUZB3,SUZANO S.A.,ON      NM,612918471,1.065,,
2026-07-07,IBXL,IBrX 50,VIVT3,TELEF BRASIL,ON  EJ,707125712,1.040,,
2026-07-07,IBXL,IBrX 50,TIMS3,TIM,ON      NM,777451080,0.746,,
2026-07-07,IBXL,IBrX 50,TOTS3,TOTVS,ON      NM,533997411,0.649,,
2026-07-07,IBXL,IBrX 50,UGPA3,ULTRAPAR,ON      NM,1067870496,1.273,,
2026-07-07,IBXL,IBrX 50,VALE3,VALE,ON  ATZ NM,4268646710,14.163,,
2026-07-07,IBXL,IBrX 50,VBBR3,VIBRA,ON      NM,1192004780,1.531,,
2026-07-07,IBXL,IBrX 50,WEGE3,WEG,ON      NM,1485954732,2.932,,
2026-07-08,IBXL,IBrX 50,ALOS3,ALLOS,ON      NM,478558715,0.556,,
2026-07-08,IBXL,IBrX 50,ABEV3,AMBEV S/A,ON,4273841357,2.853,,
2026-07-08,IBXL,IBrX 50,ASAI3,ASSAI,ON      NM,1338623499,0.488,,
2026-07-08,IBXL,IBrX 50,AXIA3,AXIA ENERGIA,ON      NM,1863816444,4.255,,
2026-07-08,IBXL,IBrX 50,B3SA3,B3,ON      NM,4997059816,3.105,,
2026-07-08,IBXL,IBrX 50,BBSE3,BBSEGURIDADE,ON      NM,616248544,1.016,,
2026-07-08,IBXL,IBrX 50,BBDC3,BRADESCO,ON  EJ  N1,1464429403,0.974,,
2026-07-08,IBXL,IBrX 50,BBDC4,BRADESCO,PN  EJ  N1,5100889966,3.887,,
2026-07-08,IBXL,IBrX 50,BBAS3,BRASIL,ON      NM,2842496541,2.398,,
2026-07-08,IBXL,IBrX 50,BRAV3,BRAVA,ON      NM,462883017,0.374,,
2026-07-08,IBXL,IBrX 50,BPAC11,BTGP BANCO,UNT     N2,1194624560,2.787,,
2026-07-08,IBXL,IBrX 50,CMIG4,CEMIG,PN      N1,1904057894,0.890,,
2026-07-08,IBXL,IBrX 50,COGN3,COGNA ON,ON      NM,1915914094,0.181,,
2026-07-08,IBXL,IBrX 50,CPLE3,COPEL,ON      NM,2969406694,1.893,,
2026-07-08,IBXL,IBrX 50,CSAN3,COSAN,ON      NM,2242671999,0.368,,
2026-07-08,IBXL,IBrX 50,CYRE3,CYRELA REALT,ON  ATZ NM,281609283,0.267,,
2026-07-08,IBXL,IBrX 50,EMBJ3,EMBRAER,ON      NM,711833141,2.597,,
2026-07-08,IBXL,IBrX 50,ENGI11,ENERGISA,UNT     N2,325503046,0.676,,
2026-07-08,IBXL,IBrX 50,ENEV3,ENEVA,ON      NM,1913352180,2.100,,
2026-07-08,IBXL,IBrX 50,EQTL3,EQUATORIAL,ON      NM,1247728993,2.088,,
2026-07-08,IBXL,IBrX 50,GGBR4,GERDAU,PN      N1,1258208269,1.176,,
2026-07-08,IBXL,IBrX 50,HAPV3,HAPVIDA,ON  ATZ NM,271662290,0.118,,
2026-07-08,IBXL,IBrX 50,ITSA4,ITAUSA,PN      N1,5970738360,3.444,,
2026-07-08,IBXL,IBrX 50,ITUB4,ITAUUNIBANCO,PN  EJ  N1,5349695485,9.706,,
2026-07-08,IBXL,IBrX 50,KLBN11,KLABIN S/A,UNT     N2,804572623,0.591,,
2026-07-08,IBXL,IBrX 50,RENT3,LOCALIZA,ON  EJ  NM,978479038,1.636,,
2026-07-08,IBXL,IBrX 50,LREN3,LOJAS RENNER,ON      NM,982593716,0.574,,
2026-07-08,IBXL,IBrX 50,MGLU3,MAGAZ LUIZA,ON  ATZ NM,373155063,0.071,,
2026-07-08,IBXL,IBrX 50,POMO4,MARCOPOLO,PN      N2,728266241,0.177,,
2026-07-08,IBXL,IBrX 50,MBRF3,MARFRIG,ON      NM,761175338,0.512,,
2026-07-08,IBXL,IBrX 50,BEEF3,MINERVA,ON      NM,454804863,0.067,,
2026-07-08,IBXL,IBrX 50,MOTV3,MOTIVA SA,ON      NM,1002196725,0.627,,
2026-07-08,IBXL,IBrX 50,MULT3,MULTIPLAN,ON  EJ  N2,320022221,0.392,,
2026-07-08,IBXL,IBrX 50,NATU3,NATURA,ON      NM,838359453,0.289,,
2026-07-08,IBXL,IBrX 50,PETR3,PETROBRAS,ON      N2,3478483761,6.390,,
2026-07-08,IBXL,IBrX 50,PETR4,PETROBRAS,PN      N2,4410960450,7.251,,
2026-07-08,IBXL,IBrX 50,PRIO3,PRIO,ON      NM,757265605,1.821,,
2026-07-08,IBXL,IBrX 50,RADL3,RAIADROGASIL,ON  EDJ NM,1313915830,0.989,,
2026-07-08,IBXL,IBrX 50,RDOR3,REDE D OR,ON      NM,1091469308,1.626,,
2026-07-08,IBXL,IBrX 50,RAIL3,RUMO S.A.,ON      NM,1221155293,0.705,,
2026-07-08,IBXL,IBrX 50,SBSP3,SABESP,ON      NM,3506733260,4.419,,
2026-07-08,IBXL,IBrX 50,SMFT3,SMART FIT,ON      NM,556651316,0.469,,
2026-07-08,IBXL,IBrX 50,SUZB3,SUZANO S.A.,ON      NM,612918471,1.072,,
2026-07-08,IBXL,IBrX 50,VIVT3,TELEF BRASIL,ON  EJ,707125712,1.037,,
2026-07-08,IBXL,IBrX 50,TIMS3,TIM,ON      NM,777451080,0.748,,
2026-07-08,IBXL,IBrX 50,TOTS3,TOTVS,ON      NM,533997411,0.655,,
2026-07-08,IBXL,IBrX 50,UGPA3,ULTRAPAR,ON      NM,1067870496,1.288,,
2026-07-08,IBXL,IBrX 50,VALE3,VALE,ON      NM,4268646710,13.909,,
2026-07-08,IBXL,IBrX 50,VBBR3,VIBRA,ON      NM,1192004780,1.573,,
2026-07-08,IBXL,IBrX 50,WEGE3,WEG,ON      NM,1485954732,2.915,,
2026-07-09,IBXL,IBrX 50,ALOS3,ALLOS,ON      NM,478558715,0.556,,
2026-07-09,IBXL,IBrX 50,ABEV3,AMBEV S/A,ON,4273841357,2.878,,
2026-07-09,IBXL,IBrX 50,ASAI3,ASSAI,ON      NM,1338623499,0.490,,
2026-07-09,IBXL,IBrX 50,AXIA3,AXIA ENERGIA,ON      NM,1863816444,4.263,,
2026-07-09,IBXL,IBrX 50,B3SA3,B3,ON      NM,4997059816,3.068,,
2026-07-09,IBXL,IBrX 50,BBSE3,BBSEGURIDADE,ON      NM,616248544,1.030,,
2026-07-09,IBXL,IBrX 50,BBDC3,BRADESCO,ON  EJ  N1,1464429403,0.978,,
2026-07-09,IBXL,IBrX 50,BBDC4,BRADESCO,PN  EJ  N1,5100889966,3.890,,
2026-07-09,IBXL,IBrX 50,BBAS3,BRASIL,ON      NM,2842496541,2.393,,
2026-07-09,IBXL,IBrX 50,BRAV3,BRAVA,ON      NM,462883017,0.377,,
2026-07-09,IBXL,IBrX 50,BPAC11,BTGP BANCO,UNT     N2,1194624560,2.779,,
2026-07-09,IBXL,IBrX 50,CMIG4,CEMIG,PN      N1,1904057894,0.887,,
2026-07-09,IBXL,IBrX 50,COGN3,COGNA ON,ON      NM,1915914094,0.180,,
2026-07-09,IBXL,IBrX 50,CPLE3,COPEL,ON      NM,2969406694,1.896,,
2026-07-09,IBXL,IBrX 50,CSAN3,COSAN,ON      NM,2242671999,0.363,,
2026-07-09,IBXL,IBrX 50,CYRE3,CYRELA REALT,ON  ATZ NM,281609283,0.259,,
2026-07-09,IBXL,IBrX 50,EMBJ3,EMBRAER,ON      NM,711833141,2.501,,
2026-07-09,IBXL,IBrX 50,ENGI11,ENERGISA,UNT     N2,325503046,0.682,,
2026-07-09,IBXL,IBrX 50,ENEV3,ENEVA,ON      NM,1913352180,2.103,,
2026-07-09,IBXL,IBrX 50,EQTL3,EQUATORIAL,ON      NM,1247728993,2.079,,
2026-07-09,IBXL,IBrX 50,GGBR4,GERDAU,PN      N1,1258208269,1.201,,
2026-07-09,IBXL,IBrX 50,HAPV3,HAPVIDA,ON  ATZ NM,271662290,0.117,,
2026-07-09,IBXL,IBrX 50,ITSA4,ITAUSA,PN      N1,5970738360,3.431,,
2026-07-09,IBXL,IBrX 50,ITUB4,ITAUUNIBANCO,PN  EJ  N1,5349695485,9.662,,
2026-07-09,IBXL,IBrX 50,KLBN11,KLABIN S/A,UNT     N2,804572623,0.595,,
2026-07-09,IBXL,IBrX 50,RENT3,LOCALIZA,ON      NM,978479038,1.638,,
2026-07-09,IBXL,IBrX 50,LREN3,LOJAS RENNER,ON      NM,982593716,0.581,,
2026-07-09,IBXL,IBrX 50,MGLU3,MAGAZ LUIZA,ON  ATZ NM,373155063,0.073,,
2026-07-09,IBXL,IBrX 50,POMO4,MARCOPOLO,PN      N2,728266241,0.175,,
2026-07-09,IBXL,IBrX 50,MBRF3,MARFRIG,ON      NM,761175338,0.505,,
2026-07-09,IBXL,IBrX 50,BEEF3,MINERVA,ON      NM,454804863,0.067,,
2026-07-09,IBXL,IBrX 50,MOTV3,MOTIVA SA,ON      NM,1002196725,0.625,,
2026-07-09,IBXL,IBrX 50,MULT3,MULTIPLAN,ON  EJ  N2,320022221,0.393,,
2026-07-09,IBXL,IBrX 50,NATU3,NATURA,ON      NM,838359453,0.307,,
2026-07-09,IBXL,IBrX 50,PETR3,PETROBRAS,ON      N2,3478483761,6.623,,
2026-07-09,IBXL,IBrX 50,PETR4,PETROBRAS,PN      N2,4410960450,7.540,,
2026-07-09,IBXL,IBrX 50,PRIO3,PRIO,ON      NM,757265605,1.842,,
2026-07-09,IBXL,IBrX 50,RADL3,RAIADROGASIL,ON  EDJ NM,1313915830,0.981,,
2026-07-09,IBXL,IBrX 50,RDOR3,REDE D OR,ON      NM,1091469308,1.604,,
2026-07-09,IBXL,IBrX 50,RAIL3,RUMO S.A.,ON      NM,1221155293,0.698,,
2026-07-09,IBXL,IBrX 50,SBSP3,SABESP,ON      NM,3506733260,4.422,,
2026-07-09,IBXL,IBrX 50,SMFT3,SMART FIT,ON      NM,556651316,0.467,,
2026-07-09,IBXL,IBrX 50,SUZB3,SUZANO S.A.,ON      NM,612918471,1.079,,
2026-07-09,IBXL,IBrX 50,VIVT3,TELEF BRASIL,ON,707125712,1.046,,
2026-07-09,IBXL,IBrX 50,TIMS3,TIM,ON      NM,777451080,0.747,,
2026-07-09,IBXL,IBrX 50,TOTS3,TOTVS,ON      NM,533997411,0.666,,
2026-07-09,IBXL,IBrX 50,UGPA3,ULTRAPAR,ON      NM,1067870496,1.352,,
2026-07-09,IBXL,IBrX 50,VALE3,VALE,ON      NM,4268646710,13.379,,
2026-07-09,IBXL,IBrX 50,VBBR3,VIBRA,ON      NM,1192004780,1.627,,
2026-07-09,IBXL,IBrX 50,WEGE3,WEG,ON      NM,1485954732,2.905,,
2026-07-10,IBXL,IBrX 50,ALOS3,ALLOS,ON      NM,478558715,0.565,,
2026-07-10,IBXL,IBrX 50,ABEV3,AMBEV S/A,ON,4273841357,2.865,,
2026-07-10,IBXL,IBrX 50,ASAI3,ASSAI,ON      NM,1338623499,0.483,,
2026-07-10,IBXL,IBrX 50,AXIA3,AXIA ENERGIA,ON      NM,1863816444,4.103,,
2026-07-10,IBXL,IBrX 50,B3SA3,B3,ON      NM,4997059816,3.151,,
2026-07-10,IBXL,IBrX 50,BBSE3,BBSEGURIDADE,ON      NM,616248544,1.032,,
2026-07-10,IBXL,IBrX 50,BBDC3,BRADESCO,ON  EJ  N1,1464429403,0.980,,
2026-07-10,IBXL,IBrX 50,BBDC4,BRADESCO,PN  EJ  N1,5100889966,3.915,,
2026-07-10,IBXL,IBrX 50,BBAS3,BRASIL,ON      NM,2842496541,2.424,,
2026-07-10,IBXL,IBrX 50,BRAV3,BRAVA,ON      NM,462883017,0.373,,
2026-07-10,IBXL,IBrX 50,BPAC11,BTGP BANCO,UNT     N2,1194624560,2.836,,
2026-07-10,IBXL,IBrX 50,CMIG4,CEMIG,PN      N1,1904057894,0.900,,
2026-07-10,IBXL,IBrX 50,COGN3,COGNA ON,ON      NM,1915914094,0.183,,
2026-07-10,IBXL,IBrX 50,CPLE3,COPEL,ON      NM,2969406694,1.905,,
2026-07-10,IBXL,IBrX 50,CSAN3,COSAN,ON      NM,2242671999,0.369,,
2026-07-10,IBXL,IBrX 50,CYRE3,CYRELA REALT,ON  ATZ NM,281609283,0.266,,
2026-07-10,IBXL,IBrX 50,EMBJ3,EMBRAER,ON      NM,711833141,2.545,,
2026-07-10,IBXL,IBrX 50,ENGI11,ENERGISA,UNT     N2,325503046,0.696,,
2026-07-10,IBXL,IBrX 50,ENEV3,ENEVA,ON      NM,1913352180,2.137,,
2026-07-10,IBXL,IBrX 50,EQTL3,EQUATORIAL,ON      NM,1247728993,2.102,,
2026-07-10,IBXL,IBrX 50,GGBR4,GERDAU,PN      N1,1258208269,1.206,,
2026-07-10,IBXL,IBrX 50,HAPV3,HAPVIDA,ON      NM,271662290,0.117,,
2026-07-10,IBXL,IBrX 50,ITSA4,ITAUSA,PN      N1,5970738360,3.460,,
2026-07-10,IBXL,IBrX 50,ITUB4,ITAUUNIBANCO,PN  EJ  N1,5349695485,9.715,,
2026-07-10,IBXL,IBrX 50,KLBN11,KLABIN S/A,UNT     N2,804572623,0.597,,
2026-07-10,IBXL,IBrX 50,RENT3,LOCALIZA,ON      NM,978479038,1.643,,
2026-07-10,IBXL,IBrX 50,LREN3,LOJAS RENNER,ON      NM,982593716,0.593,,
2026-07-10,IBXL,IBrX 50,MGLU3,MAGAZ LUIZA,ON  ATZ NM,373155063,0.077,,
2026-07-10,IBXL,IBrX 50,POMO4,MARCOPOLO,PN      N2,728266241,0.177,,
2026-07-10,IBXL,IBrX 50,MBRF3,MARFRIG,ON      NM,761175338,0.500,,
2026-07-10,IBXL,IBrX 50,BEEF3,MINERVA,ON      NM,454804863,0.070,,
2026-07-10,IBXL,IBrX 50,MOTV3,MOTIVA SA,ON      NM,1002196725,0.627,,
2026-07-10,IBXL,IBrX 50,MULT3,MULTIPLAN,ON  EJ  N2,320022221,0.395,,
2026-07-10,IBXL,IBrX 50,NATU3,NATURA,ON      NM,838359453,0.302,,
2026-07-10,IBXL,IBrX 50,PETR3,PETROBRAS,ON      N2,3478483761,6.456,,
2026-07-10,IBXL,IBrX 50,PETR4,PETROBRAS,PN      N2,4410960450,7.374,,
2026-07-10,IBXL,IBrX 50,PRIO3,PRIO,ON      NM,757265605,1.796,,
2026-07-10,IBXL,IBrX 50,RADL3,RAIADROGASIL,ON  EDJ NM,1313915830,1.016,,
2026-07-10,IBXL,IBrX 50,RDOR3,REDE D OR,ON      NM,1091469308,1.636,,
2026-07-10,IBXL,IBrX 50,RAIL3,RUMO S.A.,ON      NM,1221155293,0.716,,
2026-07-10,IBXL,IBrX 50,SBSP3,SABESP,ON      NM,3506733260,4.486,,
2026-07-10,IBXL,IBrX 50,SMFT3,SMART FIT,ON      NM,556651316,0.473,,
2026-07-10,IBXL,IBrX 50,SUZB3,SUZANO S.A.,ON      NM,612918471,1.072,,
2026-07-10,IBXL,IBrX 50,VIVT3,TELEF BRASIL,ON,707125712,1.040,,
2026-07-10,IBXL,IBrX 50,TIMS3,TIM,ON      NM,777451080,0.739,,
2026-07-10,IBXL,IBrX 50,TOTS3,TOTVS,ON      NM,533997411,0.674,,
2026-07-10,IBXL,IBrX 50,UGPA3,ULTRAPAR,ON      NM,1067870496,1.370,,
2026-07-10,IBXL,IBrX 50,VALE3,VALE,ON      NM,4268646710,13.314,,
2026-07-10,IBXL,IBrX 50,VBBR3,VIBRA,ON      NM,1192004780,1.631,,
2026-07-10,IBXL,IBrX 50,WEGE3,WEG,ON      NM,1485954732,2.898,,
2026-07-13,IBXL,IBrX 50,ALOS3,ALLOS,ON      NM,478558715,0.569,,
2026-07-13,IBXL,IBrX 50,ABEV3,AMBEV S/A,ON,4273841357,2.803,,
2026-07-13,IBXL,IBrX 50,ASAI3,ASSAI,ON      NM,1338623499,0.493,,
2026-07-13,IBXL,IBrX 50,AXIA3,AXIA ENERGIA,ON      NM,1863816444,4.175,,
2026-07-13,IBXL,IBrX 50,B3SA3,B3,ON      NM,4997059816,3.195,,
2026-07-13,IBXL,IBrX 50,BBSE3,BBSEGURIDADE,ON      NM,616248544,1.031,,
2026-07-13,IBXL,IBrX 50,BBDC3,BRADESCO,ON  EJ  N1,1464429403,0.999,,
2026-07-13,IBXL,IBrX 50,BBDC4,BRADESCO,PN  EJ  N1,5100889966,3.989,,
2026-07-13,IBXL,IBrX 50,BBAS3,BRASIL,ON      NM,2842496541,2.426,,
2026-07-13,IBXL,IBrX 50,BRAV3,BRAVA,ON      NM,462883017,0.364,,
2026-07-13,IBXL,IBrX 50,BPAC11,BTGP BANCO,UNT     N2,1194624560,2.909,,
2026-07-13,IBXL,IBrX 50,CMIG4,CEMIG,PN      N1,1904057894,0.898,,
2026-07-13,IBXL,IBrX 50,COGN3,COGNA ON,ON      NM,1915914094,0.191,,
2026-07-13,IBXL,IBrX 50,CPLE3,COPEL,ON      NM,2969406694,1.912,,
2026-07-13,IBXL,IBrX 50,CSAN3,COSAN,ON      NM,2242671999,0.378,,
2026-07-13,IBXL,IBrX 50,CYRE3,CYRELA REALT,ON  ATZ NM,281609283,0.269,,
2026-07-13,IBXL,IBrX 50,EMBJ3,EMBRAER,ON      NM,711833141,2.497,,
2026-07-13,IBXL,IBrX 50,ENGI11,ENERGISA,UNT     N2,325503046,0.703,,
2026-07-13,IBXL,IBrX 50,ENEV3,ENEVA,ON      NM,1913352180,2.186,,
2026-07-13,IBXL,IBrX 50,EQTL3,EQUATORIAL,ON      NM,1247728993,2.117,,
2026-07-13,IBXL,IBrX 50,GGBR4,GERDAU,PN      N1,1258208269,1.200,,
2026-07-13,IBXL,IBrX 50,HAPV3,HAPVIDA,ON      NM,271662290,0.119,,
2026-07-13,IBXL,IBrX 50,ITSA4,ITAUSA,PN      N1,5970738360,3.508,,
2026-07-13,IBXL,IBrX 50,ITUB4,ITAUUNIBANCO,PN      N1,5349695485,9.827,,
2026-07-13,IBXL,IBrX 50,KLBN11,KLABIN S/A,UNT     N2,804572623,0.585,,
2026-07-13,IBXL,IBrX 50,RENT3,LOCALIZA,ON      NM,978479038,1.667,,
2026-07-13,IBXL,IBrX 50,LREN3,LOJAS RENNER,ON      NM,982593716,0.596,,
2026-07-13,IBXL,IBrX 50,MGLU3,MAGAZ LUIZA,ON  ATZ NM,373155063,0.081,,
2026-07-13,IBXL,IBrX 50,POMO4,MARCOPOLO,PN      N2,728266241,0.175,,
2026-07-13,IBXL,IBrX 50,MBRF3,MARFRIG,ON      NM,761175338,0.491,,
2026-07-13,IBXL,IBrX 50,BEEF3,MINERVA,ON      NM,454804863,0.069,,
2026-07-13,IBXL,IBrX 50,MOTV3,MOTIVA SA,ON      NM,1002196725,0.630,,
2026-07-13,IBXL,IBrX 50,MULT3,MULTIPLAN,ON      N2,320022221,0.402,,
2026-07-13,IBXL,IBrX 50,NATU3,NATURA,ON      NM,838359453,0.302,,
2026-07-13,IBXL,IBrX 50,PETR3,PETROBRAS,ON      N2,3478483761,6.373,,
2026-07-13,IBXL,IBrX 50,PETR4,PETROBRAS,PN      N2,4410960450,7.252,,
2026-07-13,IBXL,IBrX 50,PRIO3,PRIO,ON      NM,757265605,1.741,,
2026-07-13,IBXL,IBrX 50,RADL3,RAIADROGASIL,ON  EDJ NM,1313915830,1.023,,
2026-07-13,IBXL,IBrX 50,RDOR3,REDE D OR,ON      NM,1091469308,1.630,,
2026-07-13,IBXL,IBrX 50,RAIL3,RUMO S.A.,ON      NM,1221155293,0.727,,
2026-07-13,IBXL,IBrX 50,SBSP3,SABESP,ON      NM,3506733260,4.523,,
2026-07-13,IBXL,IBrX 50,SMFT3,SMART FIT,ON      NM,556651316,0.489,,
2026-07-13,IBXL,IBrX 50,SUZB3,SUZANO S.A.,ON      NM,612918471,1.056,,
2026-07-13,IBXL,IBrX 50,VIVT3,TELEF BRASIL,ON,707125712,1.048,,
2026-07-13,IBXL,IBrX 50,TIMS3,TIM,ON      NM,777451080,0.734,,
2026-07-13,IBXL,IBrX 50,TOTS3,TOTVS,ON      NM,533997411,0.662,,
2026-07-13,IBXL,IBrX 50,UGPA3,ULTRAPAR,ON      NM,1067870496,1.360,,
2026-07-13,IBXL,IBrX 50,VALE3,VALE,ON      NM,4268646710,13.129,,
2026-07-13,IBXL,IBrX 50,VBBR3,VIBRA,ON      NM,1192004780,1.631,,
2026-07-13,IBXL,IBrX 50,WEGE3,WEG,ON      NM,1485954732,2.866,,
2026-07-14,IBXL,IBrX 50,ALOS3,ALLOS,ON      NM,478558715,0.564,,
2026-07-14,IBXL,IBrX 50,ABEV3,AMBEV S/A,ON,4273841357,2.836,,
2026-07-14,IBXL,IBrX 50,ASAI3,ASSAI,ON      NM,1338623499,0.489,,
2026-07-14,IBXL,IBrX 50,AXIA3,AXIA ENERGIA,ON      NM,1863816444,4.092,,
2026-07-14,IBXL,IBrX 50,B3SA3,B3,ON      NM,4997059816,3.167,,
2026-07-14,IBXL,IBrX 50,BBSE3,BBSEGURIDADE,ON      NM,616248544,1.040,,
2026-07-14,IBXL,IBrX 50,BBDC3,BRADESCO,ON  EJ  N1,1464429403,1.002,,
2026-07-14,IBXL,IBrX 50,BBDC4,BRADESCO,PN  EJ  N1,5100889966,4.013,,
2026-07-14,IBXL,IBrX 50,BBAS3,BRASIL,ON      NM,2842496541,2.412,,
2026-07-14,IBXL,IBrX 50,BRAV3,BRAVA,ON      NM,462883017,0.365,,
2026-07-14,IBXL,IBrX 50,BPAC11,BTGP BANCO,UNT ATZ N2,1194624560,2.880,,
2026-07-14,IBXL,IBrX 50,CMIG4,CEMIG,PN      N1,1904057894,0.884,,
2026-07-14,IBXL,IBrX 50,COGN3,COGNA ON,ON      NM,1915914094,0.188,,
2026-07-14,IBXL,IBrX 50,CPLE3,COPEL,ON      NM,2969406694,1.888,,
2026-07-14,IBXL,IBrX 50,CSAN3,COSAN,ON      NM,2242671999,0.367,,
2026-07-14,IBXL,IBrX 50,CYRE3,CYRELA REALT,ON  ATZ NM,281609283,0.265,,
2026-07-14,IBXL,IBrX 50,EMBJ3,EMBRAER,ON      NM,711833141,2.477,,
2026-07-14,IBXL,IBrX 50,ENGI11,ENERGISA,UNT     N2,325503046,0.695,,
2026-07-14,IBXL,IBrX 50,ENEV3,ENEVA,ON      NM,1913352180,2.156,,
2026-07-14,IBXL,IBrX 50,EQTL3,EQUATORIAL,ON      NM,1247728993,2.103,,
2026-07-14,IBXL,IBrX 50,GGBR4,GERDAU,PN      N1,1258208269,1.203,,
2026-07-14,IBXL,IBrX 50,HAPV3,HAPVIDA,ON      NM,271662290,0.119,,
2026-07-14,IBXL,IBrX 50,ITSA4,ITAUSA,PN      N1,5970738360,3.459,,
2026-07-14,IBXL,IBrX 50,ITUB4,ITAUUNIBANCO,PN      N1,5349695485,9.759,,
2026-07-14,IBXL,IBrX 50,KLBN11,KLABIN S/A,UNT     N2,804572623,0.590,,
2026-07-14,IBXL,IBrX 50,RENT3,LOCALIZA,ON      NM,978479038,1.649,,
2026-07-14,IBXL,IBrX 50,LREN3,LOJAS RENNER,ON      NM,982593716,0.582,,
2026-07-14,IBXL,IBrX 50,MGLU3,MAGAZ LUIZA,ON  ATZ NM,373155063,0.079,,
2026-07-14,IBXL,IBrX 50,POMO4,MARCOPOLO,PN      N2,728266241,0.172,,
2026-07-14,IBXL,IBrX 50,MBRF3,MARFRIG,ON      NM,761175338,0.502,,
2026-07-14,IBXL,IBrX 50,BEEF3,MINERVA,ON      NM,454804863,0.071,,
2026-07-14,IBXL,IBrX 50,MOTV3,MOTIVA SA,ON      NM,1002196725,0.629,,
2026-07-14,IBXL,IBrX 50,MULT3,MULTIPLAN,ON      N2,320022221,0.399,,
2026-07-14,IBXL,IBrX 50,NATU3,NATURA,ON      NM,838359453,0.302,,
2026-07-14,IBXL,IBrX 50,PETR3,PETROBRAS,ON      N2,3478483761,6.665,,
2026-07-14,IBXL,IBrX 50,PETR4,PETROBRAS,PN      N2,4410960450,7.518,,
2026-07-14,IBXL,IBrX 50,PRIO3,PRIO,ON      NM,757265605,1.815,,
2026-07-14,IBXL,IBrX 50,RADL3,RAIADROGASIL,ON  EDJ NM,1313915830,1.002,,
2026-07-14,IBXL,IBrX 50,RDOR3,REDE D OR,ON      NM,1091469308,1.627,,
2026-07-14,IBXL,IBrX 50,RAIL3,RUMO S.A.,ON      NM,1221155293,0.722,,
2026-07-14,IBXL,IBrX 50,SBSP3,SABESP,ON      NM,3506733260,4.464,,
2026-07-14,IBXL,IBrX 50,SMFT3,SMART FIT,ON      NM,556651316,0.487,,
2026-07-14,IBXL,IBrX 50,SUZB3,SUZANO S.A.,ON      NM,612918471,1.066,,
2026-07-14,IBXL,IBrX 50,VIVT3,TELEF BRASIL,ON,707125712,1.029,,
2026-07-14,IBXL,IBrX 50,TIMS3,TIM,ON      NM,777451080,0.732,,
2026-07-14,IBXL,IBrX 50,TOTS3,TOTVS,ON      NM,533997411,0.654,,
2026-07-14,IBXL,IBrX 50,UGPA3,ULTRAPAR,ON      NM,1067870496,1.384,,
2026-07-14,IBXL,IBrX 50,VALE3,VALE,ON      NM,4268646710,13.035,,
2026-07-14,IBXL,IBrX 50,VBBR3,VIBRA,ON      NM,1192004780,1.637,,
2026-07-14,IBXL,IBrX 50,WEGE3,WEG,ON      NM,1485954732,2.765,,
2026-07-15,IBXL,IBrX 50,ALOS3,ALLOS,ON      NM,478558715,0.563,,
2026-07-15,IBXL,IBrX 50,ABEV3,AMBEV S/A,ON,4273841357,2.817,,
2026-07-15,IBXL,IBrX 50,ASAI3,ASSAI,ON      NM,1338623499,0.483,,
2026-07-15,IBXL,IBrX 50,AXIA3,AXIA ENERGIA,ON      NM,1863816444,4.090,,
2026-07-15,IBXL,IBrX 50,B3SA3,B3,ON      NM,4997059816,3.194,,
2026-07-15,IBXL,IBrX 50,BBSE3,BBSEGURIDADE,ON      NM,616248544,1.038,,
2026-07-15,IBXL,IBrX 50,BBDC3,BRADESCO,ON  EJ  N1,1464429403,0.993,,
2026-07-15,IBXL,IBrX 50,BBDC4,BRADESCO,PN  EJ  N1,5100889966,3.962,,
2026-07-15,IBXL,IBrX 50,BBAS3,BRASIL,ON      NM,2842496541,2.440,,
2026-07-15,IBXL,IBrX 50,BRAV3,BRAVA,ON      NM,462883017,0.386,,
2026-07-15,IBXL,IBrX 50,BPAC11,BTGP BANCO,UNT ATZ N2,1194624560,2.887,,
2026-07-15,IBXL,IBrX 50,CMIG4,CEMIG,PN      N1,1904057894,0.889,,
2026-07-15,IBXL,IBrX 50,COGN3,COGNA ON,ON      NM,1915914094,0.186,,
2026-07-15,IBXL,IBrX 50,CPLE3,COPEL,ON      NM,2969406694,1.883,,
2026-07-15,IBXL,IBrX 50,CSAN3,COSAN,ON      NM,2242671999,0.364,,
2026-07-15,IBXL,IBrX 50,CYRE3,CYRELA REALT,ON  ATZ NM,281609283,0.270,,
2026-07-15,IBXL,IBrX 50,EMBJ3,EMBRAER,ON      NM,711833141,2.448,,
2026-07-15,IBXL,IBrX 50,ENGI11,ENERGISA,UNT     N2,325503046,0.701,,
2026-07-15,IBXL,IBrX 50,ENEV3,ENEVA,ON      NM,1913352180,2.167,,
2026-07-15,IBXL,IBrX 50,EQTL3,EQUATORIAL,ON      NM,1247728993,2.130,,
2026-07-15,IBXL,IBrX 50,GGBR4,GERDAU,PN      N1,1258208269,1.223,,
2026-07-15,IBXL,IBrX 50,HAPV3,HAPVIDA,ON      NM,271662290,0.127,,
2026-07-15,IBXL,IBrX 50,ITSA4,ITAUSA,PN      N1,5970738360,3.460,,
2026-07-15,IBXL,IBrX 50,ITUB4,ITAUUNIBANCO,PN      N1,5349695485,9.731,,
2026-07-15,IBXL,IBrX 50,KLBN11,KLABIN S/A,UNT     N2,804572623,0.581,,
2026-07-15,IBXL,IBrX 50,RENT3,LOCALIZA,ON      NM,978479038,1.654,,
2026-07-15,IBXL,IBrX 50,LREN3,LOJAS RENNER,ON      NM,982593716,0.585,,
2026-07-15,IBXL,IBrX 50,MGLU3,MAGAZ LUIZA,ON  ATZ NM,373155063,0.079,,
2026-07-15,IBXL,IBrX 50,POMO4,MARCOPOLO,PN      N2,728266241,0.171,,
2026-07-15,IBXL,IBrX 50,MBRF3,MARFRIG,ON      NM,761175338,0.511,,
2026-07-15,IBXL,IBrX 50,BEEF3,MINERVA,ON      NM,454804863,0.070,,
2026-07-15,IBXL,IBrX 50,MOTV3,MOTIVA SA,ON      NM,1002196725,0.633,,
2026-07-15,IBXL,IBrX 50,MULT3,MULTIPLAN,ON      N2,320022221,0.395,,
2026-07-15,IBXL,IBrX 50,NATU3,NATURA,ON      NM,838359453,0.299,,
2026-07-15,IBXL,IBrX 50,PETR3,PETROBRAS,ON      N2,3478483761,6.596,,
2026-07-15,IBXL,IBrX 50,PETR4,PETROBRAS,PN      N2,4410960450,7.477,,
2026-07-15,IBXL,IBrX 50,PRIO3,PRIO,ON      NM,757265605,1.818,,
2026-07-15,IBXL,IBrX 50,RADL3,RAIADROGASIL,ON  EDJ NM,1313915830,1.019,,
2026-07-15,IBXL,IBrX 50,RDOR3,REDE D OR,ON      NM,1091469308,1.640,,
2026-07-15,IBXL,IBrX 50,RAIL3,RUMO S.A.,ON      NM,1221155293,0.719,,
2026-07-15,IBXL,IBrX 50,SBSP3,SABESP,ON      NM,3506733260,4.436,,
2026-07-15,IBXL,IBrX 50,SMFT3,SMART FIT,ON      NM,556651316,0.494,,
2026-07-15,IBXL,IBrX 50,SUZB3,SUZANO S.A.,ON      NM,612918471,1.051,,
2026-07-15,IBXL,IBrX 50,VIVT3,TELEF BRASIL,ON,707125712,1.047,,
2026-07-15,IBXL,IBrX 50,TIMS3,TIM,ON      NM,777451080,0.748,,
2026-07-15,IBXL,IBrX 50,TOTS3,TOTVS,ON      NM,533997411,0.640,,
2026-07-15,IBXL,IBrX 50,UGPA3,ULTRAPAR,ON      NM,1067870496,1.341,,
2026-07-15,IBXL,IBrX 50,VALE3,VALE,ON      NM,4268646710,13.171,,
2026-07-15,IBXL,IBrX 50,VBBR3,VIBRA,ON      NM,1192004780,1.655,,
2026-07-15,IBXL,IBrX 50,WEGE3,WEG,ON      NM,1485954732,2.738,,
2026-07-16,IBXL,IBrX 50,ALOS3,ALLOS,ON      NM,478558715,0.565,,
2026-07-16,IBXL,IBrX 50,ABEV3,AMBEV S/A,ON,4273841357,2.782,,
2026-07-16,IBXL,IBrX 50,ASAI3,ASSAI,ON      NM,1338623499,0.485,,
2026-07-16,IBXL,IBrX 50,AXIA3,AXIA ENERGIA,ON      NM,1863816444,3.928,,
2026-07-16,IBXL,IBrX 50,B3SA3,B3,ON      NM,4997059816,3.278,,
2026-07-16,IBXL,IBrX 50,BBSE3,BBSEGURIDADE,ON      NM,616248544,1.049,,
2026-07-16,IBXL,IBrX 50,BBDC3,BRADESCO,ON      N1,1464429403,0.999,,
2026-07-16,IBXL,IBrX 50,BBDC4,BRADESCO,PN      N1,5100889966,3.966,,
2026-07-16,IBXL,IBrX 50,BBAS3,BRASIL,ON      NM,2842496541,2.442,,
2026-07-16,IBXL,IBrX 50,BRAV3,BRAVA,ON      NM,462883017,0.388,,
2026-07-16,IBXL,IBrX 50,BPAC11,BTGP BANCO,UNT ATZ N2,1194624560,2.849,,
2026-07-16,IBXL,IBrX 50,CMIG4,CEMIG,PN      N1,1904057894,0.888,,
2026-07-16,IBXL,IBrX 50,COGN3,COGNA ON,ON      NM,1915914094,0.180,,
2026-07-16,IBXL,IBrX 50,CPLE3,COPEL,ON      NM,2969406694,1.864,,
2026-07-16,IBXL,IBrX 50,CSAN3,COSAN,ON  ATZ NM,2242671999,0.368,,
2026-07-16,IBXL,IBrX 50,CYRE3,CYRELA REALT,ON  ATZ NM,281609283,0.265,,
2026-07-16,IBXL,IBrX 50,EMBJ3,EMBRAER,ON      NM,711833141,2.451,,
2026-07-16,IBXL,IBrX 50,ENGI11,ENERGISA,UNT     N2,325503046,0.693,,
2026-07-16,IBXL,IBrX 50,ENEV3,ENEVA,ON      NM,1913352180,2.156,,
2026-07-16,IBXL,IBrX 50,EQTL3,EQUATORIAL,ON      NM,1247728993,2.104,,
2026-07-16,IBXL,IBrX 50,GGBR4,GERDAU,PN      N1,1258208269,1.273,,
2026-07-16,IBXL,IBrX 50,HAPV3,HAPVIDA,ON      NM,271662290,0.124,,
2026-07-16,IBXL,IBrX 50,ITSA4,ITAUSA,PN      N1,5970738360,3.477,,
2026-07-16,IBXL,IBrX 50,ITUB4,ITAUUNIBANCO,PN      N1,5349695485,9.648,,
2026-07-16,IBXL,IBrX 50,KLBN11,KLABIN S/A,UNT     N2,804572623,0.585,,
2026-07-16,IBXL,IBrX 50,RENT3,LOCALIZA,ON      NM,978479038,1.651,,
2026-07-16,IBXL,IBrX 50,LREN3,LOJAS RENNER,ON      NM,982593716,0.579,,
2026-07-16,IBXL,IBrX 50,MGLU3,MAGAZ LUIZA,ON  ATZ NM,373155063,0.078,,
2026-07-16,IBXL,IBrX 50,POMO4,MARCOPOLO,PN      N2,728266241,0.165,,
2026-07-16,IBXL,IBrX 50,MBRF3,MARFRIG,ON      NM,761175338,0.490,,
2026-07-16,IBXL,IBrX 50,BEEF3,MINERVA,ON      NM,454804863,0.071,,
2026-07-16,IBXL,IBrX 50,MOTV3,MOTIVA SA,ON      NM,1002196725,0.627,,
2026-07-16,IBXL,IBrX 50,MULT3,MULTIPLAN,ON      N2,320022221,0.398,,
2026-07-16,IBXL,IBrX 50,NATU3,NATURA,ON      NM,838359453,0.304,,
2026-07-16,IBXL,IBrX 50,PETR3,PETROBRAS,ON      N2,3478483761,6.621,,
2026-07-16,IBXL,IBrX 50,PETR4,PETROBRAS,PN      N2,4410960450,7.485,,
2026-07-16,IBXL,IBrX 50,PRIO3,PRIO,ON      NM,757265605,1.820,,
2026-07-16,IBXL,IBrX 50,RADL3,RAIADROGASIL,ON      NM,1313915830,1.026,,
2026-07-16,IBXL,IBrX 50,RDOR3,REDE D OR,ON      NM,1091469308,1.643,,
2026-07-16,IBXL,IBrX 50,RAIL3,RUMO S.A.,ON      NM,1221155293,0.718,,
2026-07-16,IBXL,IBrX 50,SBSP3,SABESP,ON      NM,3506733260,4.395,,
2026-07-16,IBXL,IBrX 50,SMFT3,SMART FIT,ON      NM,556651316,0.488,,
2026-07-16,IBXL,IBrX 50,SUZB3,SUZANO S.A.,ON      NM,612918471,1.063,,
2026-07-16,IBXL,IBrX 50,VIVT3,TELEF BRASIL,ON,707125712,1.049,,
2026-07-16,IBXL,IBrX 50,TIMS3,TIM,ON      NM,777451080,0.738,,
2026-07-16,IBXL,IBrX 50,TOTS3,TOTVS,ON      NM,533997411,0.668,,
2026-07-16,IBXL,IBrX 50,UGPA3,ULTRAPAR,ON      NM,1067870496,1.388,,
2026-07-16,IBXL,IBrX 50,VALE3,VALE,ON      NM,4268646710,13.297,,
2026-07-16,IBXL,IBrX 50,VBBR3,VIBRA,ON      NM,1192004780,1.682,,
2026-07-16,IBXL,IBrX 50,WEGE3,WEG,ON      NM,1485954732,2.749,,
2026-07-17,IBXL,IBrX 50,ALOS3,ALLOS,ON      NM,478558715,0.564,,
2026-07-17,IBXL,IBrX 50,ABEV3,AMBEV S/A,ON,4273841357,2.825,,
2026-07-17,IBXL,IBrX 50,ASAI3,ASSAI,ON      NM,1338623499,0.485,,
2026-07-17,IBXL,IBrX 50,AXIA3,AXIA ENERGIA,ON      NM,1863816444,3.927,,
2026-07-17,IBXL,IBrX 50,B3SA3,B3,ON      NM,4997059816,3.258,,
2026-07-17,IBXL,IBrX 50,BBSE3,BBSEGURIDADE,ON      NM,616248544,1.075,,
2026-07-17,IBXL,IBrX 50,BBDC3,BRADESCO,ON      N1,1464429403,0.992,,
2026-07-17,IBXL,IBrX 50,BBDC4,BRADESCO,PN      N1,5100889966,3.979,,
2026-07-17,IBXL,IBrX 50,BBAS3,BRASIL,ON      NM,2842496541,2.500,,
2026-07-17,IBXL,IBrX 50,BRAV3,BRAVA,ON      NM,462883017,0.385,,
2026-07-17,IBXL,IBrX 50,BPAC11,BTGP BANCO,UNT ATZ N2,1194624560,2.864,,
2026-07-17,IBXL,IBrX 50,CMIG4,CEMIG,PN      N1,1904057894,0.895,,
2026-07-17,IBXL,IBrX 50,COGN3,COGNA ON,ON      NM,1915914094,0.185,,
2026-07-17,IBXL,IBrX 50,CPLE3,COPEL,ON      NM,2969406694,1.837,,
2026-07-17,IBXL,IBrX 50,CSAN3,COSAN,ON  ATZ NM,2242671999,0.369,,
2026-07-17,IBXL,IBrX 50,CYRE3,CYRELA REALT,ON      NM,281609283,0.260,,
2026-07-17,IBXL,IBrX 50,EMBJ3,EMBRAER,ON      NM,711833141,2.466,,
2026-07-17,IBXL,IBrX 50,ENGI11,ENERGISA,UNT     N2,325503046,0.691,,
2026-07-17,IBXL,IBrX 50,ENEV3,ENEVA,ON      NM,1913352180,2.104,,
2026-07-17,IBXL,IBrX 50,EQTL3,EQUATORIAL,ON      NM,1247728993,2.107,,
2026-07-17,IBXL,IBrX 50,GGBR4,GERDAU,PN      N1,1258208269,1.275,,
2026-07-17,IBXL,IBrX 50,HAPV3,HAPVIDA,ON      NM,271662290,0.126,,
2026-07-17,IBXL,IBrX 50,ITSA4,ITAUSA,PN      N1,5970738360,3.489,,
2026-07-17,IBXL,IBrX 50,ITUB4,ITAUUNIBANCO,PN      N1,5349695485,9.645,,
2026-07-17,IBXL,IBrX 50,KLBN11,KLABIN S/A,UNT     N2,804572623,0.592,,
2026-07-17,IBXL,IBrX 50,RENT3,LOCALIZA,ON      NM,978479038,1.611,,
2026-07-17,IBXL,IBrX 50,LREN3,LOJAS RENNER,ON      NM,982593716,0.568,,
2026-07-17,IBXL,IBrX 50,MGLU3,MAGAZ LUIZA,ON  ATZ NM,373155063,0.078,,
2026-07-17,IBXL,IBrX 50,POMO4,MARCOPOLO,PN      N2,728266241,0.163,,
2026-07-17,IBXL,IBrX 50,MBRF3,MARFRIG,ON      NM,761175338,0.493,,
2026-07-17,IBXL,IBrX 50,BEEF3,MINERVA,ON      NM,454804863,0.071,,
2026-07-17,IBXL,IBrX 50,MOTV3,MOTIVA SA,ON      NM,1002196725,0.629,,
2026-07-17,IBXL,IBrX 50,MULT3,MULTIPLAN,ON      N2,320022221,0.396,,
2026-07-17,IBXL,IBrX 50,NATU3,NATURA,ON      NM,838359453,0.304,,
2026-07-17,IBXL,IBrX 50,PETR3,PETROBRAS,ON      N2,3478483761,6.579,,
2026-07-17,IBXL,IBrX 50,PETR4,PETROBRAS,PN      N2,4410960450,7.455,,
2026-07-17,IBXL,IBrX 50,PRIO3,PRIO,ON      NM,757265605,1.822,,
2026-07-17,IBXL,IBrX 50,RADL3,RAIADROGASIL,ON      NM,1313915830,1.031,,
2026-07-17,IBXL,IBrX 50,RDOR3,REDE D OR,ON      NM,1091469308,1.659,,
2026-07-17,IBXL,IBrX 50,RAIL3,RUMO S.A.,ON      NM,1221155293,0.721,,
2026-07-17,IBXL,IBrX 50,SBSP3,SABESP,ON      NM,3506733260,4.353,,
2026-07-17,IBXL,IBrX 50,SMFT3,SMART FIT,ON      NM,556651316,0.491,,
2026-07-17,IBXL,IBrX 50,SUZB3,SUZANO S.A.,ON      NM,612918471,1.083,,
2026-07-17,IBXL,IBrX 50,VIVT3,TELEF BRASIL,ON,707125712,1.063,,
2026-07-17,IBXL,IBrX 50,TIMS3,TIM,ON      NM,777451080,0.739,,
2026-07-17,IBXL,IBrX 50,TOTS3,TOTVS,ON      NM,533997411,0.676,,
2026-07-17,IBXL,IBrX 50,UGPA3,ULTRAPAR,ON      NM,1067870496,1.447,,
2026-07-17,IBXL,IBrX 50,VALE3,VALE,ON      NM,4268646710,13.199,,
2026-07-17,IBXL,IBrX 50,VBBR3,VIBRA,ON      NM,1192004780,1.736,,
2026-07-17,IBXL,IBrX 50,WEGE3,WEG,ON      NM,1485954732,2.738,,
2026-07-20,IBXL,IBrX 50,ALOS3,ALLOS,ON      NM,478558715,0.554,,
2026-07-20,IBXL,IBrX 50,ABEV3,AMBEV S/A,ON,4273841357,2.829,,
2026-07-20,IBXL,IBrX 50,ASAI3,ASSAI,ON      NM,1338623499,0.482,,
2026-07-20,IBXL,IBrX 50,AXIA3,AXIA ENERGIA,ON      NM,1863816444,3.963,,
2026-07-20,IBXL,IBrX 50,B3SA3,B3,ON      NM,4997059816,3.217,,
2026-07-20,IBXL,IBrX 50,BBSE3,BBSEGURIDADE,ON      NM,616248544,1.073,,
2026-07-20,IBXL,IBrX 50,BBDC3,BRADESCO,ON      N1,1464429403,0.989,,
2026-07-20,IBXL,IBrX 50,BBDC4,BRADESCO,PN      N1,5100889966,3.952,,
2026-07-20,IBXL,IBrX 50,BBAS3,BRASIL,ON      NM,2842496541,2.467,,
2026-07-20,IBXL,IBrX 50,BRAV3,BRAVA,ON      NM,462883017,0.384,,
2026-07-20,IBXL,IBrX 50,BPAC11,BTGP BANCO,UNT ATZ N2,1194624560,2.843,,
2026-07-20,IBXL,IBrX 50,CMIG4,CEMIG,PN      N1,1904057894,0.897,,
2026-07-20,IBXL,IBrX 50,COGN3,COGNA ON,ON      NM,1915914094,0.181,,
2026-07-20,IBXL,IBrX 50,CPLE3,COPEL,ON      NM,2969406694,1.861,,
2026-07-20,IBXL,IBrX 50,CSAN3,COSAN,ON  ATZ NM,2242671999,0.365,,
2026-07-20,IBXL,IBrX 50,CYRE3,CYRELA REALT,ON      NM,281609283,0.258,,
2026-07-20,IBXL,IBrX 50,EMBJ3,EMBRAER,ON      NM,711833141,2.465,,
2026-07-20,IBXL,IBrX 50,ENGI11,ENERGISA,UNT     N2,325503046,0.679,,
2026-07-20,IBXL,IBrX 50,ENEV3,ENEVA,ON      NM,1913352180,2.081,,
2026-07-20,IBXL,IBrX 50,EQTL3,EQUATORIAL,ON      NM,1247728993,2.087,,
2026-07-20,IBXL,IBrX 50,GGBR4,GERDAU,PN      N1,1258208269,1.281,,
2026-07-20,IBXL,IBrX 50,HAPV3,HAPVIDA,ON      NM,271662290,0.131,,
2026-07-20,IBXL,IBrX 50,ITSA4,ITAUSA,PN      N1,5970738360,3.442,,
2026-07-20,IBXL,IBrX 50,ITUB4,ITAUUNIBANCO,PN      N1,5349695485,9.508,,
2026-07-20,IBXL,IBrX 50,KLBN11,KLABIN S/A,UNT     N2,804572623,0.599,,
2026-07-20,IBXL,IBrX 50,RENT3,LOCALIZA,ON      NM,978479038,1.584,,
2026-07-20,IBXL,IBrX 50,LREN3,LOJAS RENNER,ON      NM,982593716,0.559,,
2026-07-20,IBXL,IBrX 50,MGLU3,MAGAZ LUIZA,ON      NM,373155063,0.078,,
2026-07-20,IBXL,IBrX 50,POMO4,MARCOPOLO,PN      N2,728266241,0.162,,
2026-07-20,IBXL,IBrX 50,MBRF3,MARFRIG,ON      NM,761175338,0.484,,
2026-07-20,IBXL,IBrX 50,BEEF3,MINERVA,ON      NM,454804863,0.069,,
2026-07-20,IBXL,IBrX 50,MOTV3,MOTIVA SA,ON      NM,1002196725,0.620,,
2026-07-20,IBXL,IBrX 50,MULT3,MULTIPLAN,ON      N2,320022221,0.387,,
2026-07-20,IBXL,IBrX 50,NATU3,NATURA,ON      NM,838359453,0.304,,
2026-07-20,IBXL,IBrX 50,PETR3,PETROBRAS,ON      N2,3478483761,6.749,,
2026-07-20,IBXL,IBrX 50,PETR4,PETROBRAS,PN      N2,4410960450,7.641,,
2026-07-20,IBXL,IBrX 50,PRIO3,PRIO,ON      NM,757265605,1.856,,
2026-07-20,IBXL,IBrX 50,RADL3,RAIADROGASIL,ON      NM,1313915830,1.032,,
2026-07-20,IBXL,IBrX 50,RDOR3,REDE D OR,ON      NM,1091469308,1.654,,
2026-07-20,IBXL,IBrX 50,RAIL3,RUMO S.A.,ON      NM,1221155293,0.709,,
2026-07-20,IBXL,IBrX 50,SBSP3,SABESP,ON      NM,3506733260,4.340,,
2026-07-20,IBXL,IBrX 50,SMFT3,SMART FIT,ON      NM,556651316,0.480,,
2026-07-20,IBXL,IBrX 50,SUZB3,SUZANO S.A.,ON      NM,612918471,1.089,,
2026-07-20,IBXL,IBrX 50,VIVT3,TELEF BRASIL,ON,707125712,1.064,,
2026-07-20,IBXL,IBrX 50,TIMS3,TIM,ON      NM,777451080,0.744,,
2026-07-20,IBXL,IBrX 50,TOTS3,TOTVS,ON      NM,533997411,0.660,,
2026-07-20,IBXL,IBrX 50,UGPA3,ULTRAPAR,ON      NM,1067870496,1.451,,
2026-07-20,IBXL,IBrX 50,VALE3,VALE,ON      NM,4268646710,13.188,,
2026-07-20,IBXL,IBrX 50,VBBR3,VIBRA,ON      NM,1192004780,1.763,,
2026-07-20,IBXL,IBrX 50,WEGE3,WEG,ON      NM,1485954732,2.745,,
2026-07-21,IBXL,IBrX 50,ALOS3,ALLOS,ON      NM,478558715,0.554,,
2026-07-21,IBXL,IBrX 50,ABEV3,AMBEV S/A,ON,4273841357,2.864,,
2026-07-21,IBXL,IBrX 50,ASAI3,ASSAI,ON      NM,1338623499,0.462,,
2026-07-21,IBXL,IBrX 50,AXIA3,AXIA ENERGIA,ON      NM,1863816444,3.984,,
2026-07-21,IBXL,IBrX 50,B3SA3,B3,ON      NM,4997059816,3.236,,
2026-07-21,IBXL,IBrX 50,BBSE3,BBSEGURIDADE,ON      NM,616248544,1.074,,
2026-07-21,IBXL,IBrX 50,BBDC3,BRADESCO,ON      N1,1464429403,0.998,,
2026-07-21,IBXL,IBrX 50,BBDC4,BRADESCO,PN      N1,5100889966,3.985,,
2026-07-21,IBXL,IBrX 50,BBAS3,BRASIL,ON      NM,2842496541,2.433,,
2026-07-21,IBXL,IBrX 50,BRAV3,BRAVA,ON      NM,462883017,0.393,,
2026-07-21,IBXL,IBrX 50,BPAC11,BTGP BANCO,UNT ATZ N2,1194624560,2.831,,
2026-07-21,IBXL,IBrX 50,CMIG4,CEMIG,PN      N1,1904057894,0.891,,
2026-07-21,IBXL,IBrX 50,COGN3,COGNA ON,ON      NM,1915914094,0.177,,
2026-07-21,IBXL,IBrX 50,CPLE3,COPEL,ON      NM,2969406694,1.879,,
2026-07-21,IBXL,IBrX 50,CSAN3,COSAN,ON  ATZ NM,2242671999,0.364,,
2026-07-21,IBXL,IBrX 50,CYRE3,CYRELA REALT,ON      NM,281609283,0.252,,
2026-07-21,IBXL,IBrX 50,EMBJ3,EMBRAER,ON      NM,711833141,2.516,,
2026-07-21,IBXL,IBrX 50,ENGI11,ENERGISA,UNT     N2,325503046,0.684,,
2026-07-21,IBXL,IBrX 50,ENEV3,ENEVA,ON      NM,1913352180,2.083,,
2026-07-21,IBXL,IBrX 50,EQTL3,EQUATORIAL,ON      NM,1247728993,2.081,,
2026-07-21,IBXL,IBrX 50,GGBR4,GERDAU,PN      N1,1258208269,1.261,,
2026-07-21,IBXL,IBrX 50,HAPV3,HAPVIDA,ON      NM,271662290,0.133,,
2026-07-21,IBXL,IBrX 50,ITSA4,ITAUSA,PN      N1,5970738360,3.454,,
2026-07-21,IBXL,IBrX 50,ITUB4,ITAUUNIBANCO,PN      N1,5349695485,9.604,,
2026-07-21,IBXL,IBrX 50,KLBN11,KLABIN S/A,UNT     N2,804572623,0.597,,
2026-07-21,IBXL,IBrX 50,RENT3,LOCALIZA,ON      NM,978479038,1.557,,
2026-07-21,IBXL,IBrX 50,LREN3,LOJAS RENNER,ON      NM,982593716,0.555,,
2026-07-21,IBXL,IBrX 50,MGLU3,MAGAZ LUIZA,ON      NM,373155063,0.077,,
2026-07-21,IBXL,IBrX 50,POMO4,MARCOPOLO,PN      N2,728266241,0.158,,
2026-07-21,IBXL,IBrX 50,MBRF3,MARFRIG,ON      NM,761175338,0.469,,
2026-07-21,IBXL,IBrX 50,BEEF3,MINERVA,ON      NM,454804863,0.069,,
2026-07-21,IBXL,IBrX 50,MOTV3,MOTIVA SA,ON      NM,1002196725,0.619,,
2026-07-21,IBXL,IBrX 50,MULT3,MULTIPLAN,ON      N2,320022221,0.385,,
2026-07-21,IBXL,IBrX 50,NATU3,NATURA,ON      NM,838359453,0.307,,
2026-07-21,IBXL,IBrX 50,PETR3,PETROBRAS,ON      N2,3478483761,6.809,,
2026-07-21,IBXL,IBrX 50,PETR4,PETROBRAS,PN      N2,4410960450,7.703,,
2026-07-21,IBXL,IBrX 50,PRIO3,PRIO,ON      NM,757265605,1.854,,
2026-07-21,IBXL,IBrX 50,RADL3,RAIADROGASIL,ON      NM,1313915830,1.042,,
2026-07-21,IBXL,IBrX 50,RDOR3,REDE D OR,ON      NM,1091469308,1.642,,
2026-07-21,IBXL,IBrX 50,RAIL3,RUMO S.A.,ON      NM,1221155293,0.703,,
2026-07-21,IBXL,IBrX 50,SBSP3,SABESP,ON      NM,3506733260,4.313,,
2026-07-21,IBXL,IBrX 50,SMFT3,SMART FIT,ON      NM,556651316,0.476,,
2026-07-21,IBXL,IBrX 50,SUZB3,SUZANO S.A.,ON      NM,612918471,1.090,,
2026-07-21,IBXL,IBrX 50,VIVT3,TELEF BRASIL,ON,707125712,1.070,,
2026-07-21,IBXL,IBrX 50,TIMS3,TIM,ON      NM,777451080,0.746,,
2026-07-21,IBXL,IBrX 50,TOTS3,TOTVS,ON      NM,533997411,0.653,,
2026-07-21,IBXL,IBrX 50,UGPA3,ULTRAPAR,ON      NM,1067870496,1.437,,
2026-07-21,IBXL,IBrX 50,VALE3,VALE,ON      NM,4268646710,13.031,,
2026-07-21,IBXL,IBrX 50,VBBR3,VIBRA,ON      NM,1192004780,1.726,,
2026-07-21,IBXL,IBrX 50,WEGE3,WEG,ON      NM,1485954732,2.719,,
2026-07-22,IBXL,IBrX 50,ALOS3,ALLOS,ON      NM,478558715,0.550,,
2026-07-22,IBXL,IBrX 50,ABEV3,AMBEV S/A,ON,4273841357,2.865,,
2026-07-22,IBXL,IBrX 50,ASAI3,ASSAI,ON      NM,1338623499,0.469,,
2026-07-22,IBXL,IBrX 50,AXIA3,AXIA ENERGIA,ON      NM,1863816444,3.990,,
2026-07-22,IBXL,IBrX 50,B3SA3,B3,ON      NM,4997059816,3.216,,
2026-07-22,IBXL,IBrX 50,BBSE3,BBSEGURIDADE,ON      NM,616248544,1.086,,
2026-07-22,IBXL,IBrX 50,BBDC3,BRADESCO,ON      N1,1464429403,1.003,,
2026-07-22,IBXL,IBrX 50,BBDC4,BRADESCO,PN      N1,5100889966,4.014,,
2026-07-22,IBXL,IBrX 50,BBAS3,BRASIL,ON      NM,2842496541,2.518,,
2026-07-22,IBXL,IBrX 50,BRAV3,BRAVA,ON      NM,462883017,0.396,,
2026-07-22,IBXL,IBrX 50,BPAC11,BTGP BANCO,UNT ATZ N2,1194624560,2.806,,
2026-07-22,IBXL,IBrX 50,CMIG4,CEMIG,PN      N1,1904057894,0.890,,
2026-07-22,IBXL,IBrX 50,COGN3,COGNA ON,ON      NM,1915914094,0.174,,
2026-07-22,IBXL,IBrX 50,CPLE3,COPEL,ON      NM,2969406694,1.828,,
2026-07-22,IBXL,IBrX 50,CSAN3,COSAN,ON  ATZ NM,2242671999,0.360,,
2026-07-22,IBXL,IBrX 50,CYRE3,CYRELA REALT,ON      NM,281609283,0.253,,
2026-07-22,IBXL,IBrX 50,EMBJ3,EMBRAER,ON      NM,711833141,2.496,,
2026-07-22,IBXL,IBrX 50,ENGI11,ENERGISA,UNT     N2,325503046,0.677,,
2026-07-22,IBXL,IBrX 50,ENEV3,ENEVA,ON      NM,1913352180,2.063,,
2026-07-22,IBXL,IBrX 50,EQTL3,EQUATORIAL,ON      NM,1247728993,2.056,,
2026-07-22,IBXL,IBrX 50,GGBR4,GERDAU,PN      N1,1258208269,1.254,,
2026-07-22,IBXL,IBrX 50,HAPV3,HAPVIDA,ON      NM,271662290,0.130,,
2026-07-22,IBXL,IBrX 50,ITSA4,ITAUSA,PN      N1,5970738360,3.450,,
2026-07-22,IBXL,IBrX 50,ITUB4,ITAUUNIBANCO,PN      N1,5349695485,9.653,,
2026-07-22,IBXL,IBrX 50,KLBN11,KLABIN S/A,UNT     N2,804572623,0.600,,
2026-07-22,IBXL,IBrX 50,RENT3,LOCALIZA,ON      NM,978479038,1.517,,
2026-07-22,IBXL,IBrX 50,LREN3,LOJAS RENNER,ON      NM,982593716,0.553,,
2026-07-22,IBXL,IBrX 50,MGLU3,MAGAZ LUIZA,ON      NM,373155063,0.076,,
2026-07-22,IBXL,IBrX 50,POMO4,MARCOPOLO,PN      N2,728266241,0.158,,
2026-07-22,IBXL,IBrX 50,MBRF3,MARFRIG,ON      NM,761175338,0.488,,
2026-07-22,IBXL,IBrX 50,BEEF3,MINERVA,ON      NM,454804863,0.068,,
2026-07-22,IBXL,IBrX 50,MOTV3,MOTIVA SA,ON      NM,1002196725,0.615,,
2026-07-22,IBXL,IBrX 50,MULT3,MULTIPLAN,ON      N2,320022221,0.385,,
2026-07-22,IBXL,IBrX 50,NATU3,NATURA,ON      NM,838359453,0.310,,
2026-07-22,IBXL,IBrX 50,PETR3,PETROBRAS,ON      N2,3478483761,6.904,,
2026-07-22,IBXL,IBrX 50,PETR4,PETROBRAS,PN      N2,4410960450,7.796,,
2026-07-22,IBXL,IBrX 50,PRIO3,PRIO,ON      NM,757265605,1.869,,
2026-07-22,IBXL,IBrX 50,RADL3,RAIADROGASIL,ON      NM,1313915830,1.011,,
2026-07-22,IBXL,IBrX 50,RDOR3,REDE D OR,ON      NM,1091469308,1.570,,
2026-07-22,IBXL,IBrX 50,RAIL3,RUMO S.A.,ON      NM,1221155293,0.686,,
2026-07-22,IBXL,IBrX 50,SBSP3,SABESP,ON      NM,3506733260,4.255,,
2026-07-22,IBXL,IBrX 50,SMFT3,SMART FIT,ON      NM,556651316,0.472,,
2026-07-22,IBXL,IBrX 50,SUZB3,SUZANO S.A.,ON      NM,612918471,1.083,,
2026-07-22,IBXL,IBrX 50,VIVT3,TELEF BRASIL,ON,707125712,1.074,,
2026-07-22,IBXL,IBrX 50,TIMS3,TIM,ON      NM,777451080,0.747,,
2026-07-22,IBXL,IBrX 50,TOTS3,TOTVS,ON      NM,533997411,0.647,,
2026-07-22,IBXL,IBrX 50,UGPA3,ULTRAPAR,ON      NM,1067870496,1.442,,
2026-07-22,IBXL,IBrX 50,VALE3,VALE,ON      NM,4268646710,13.083,,
2026-07-22,IBXL,IBrX 50,VBBR3,VIBRA,ON      NM,1192004780,1.717,,
2026-07-22,IBXL,IBrX 50,WEGE3,WEG,ON      NM,1485954732,2.677,,
2026-07-23,IBXL,IBrX 50,ALOS3,ALLOS,ON      NM,478558715,0.544,,
2026-07-23,IBXL,IBrX 50,ABEV3,AMBEV S/A,ON,4273841357,2.853,,
2026-07-23,IBXL,IBrX 50,ASAI3,ASSAI,ON      NM,1338623499,0.465,,
2026-07-23,IBXL,IBrX 50,AXIA3,AXIA ENERGIA,ON      NM,1863816444,3.986,,
2026-07-23,IBXL,IBrX 50,B3SA3,B3,ON      NM,4997059816,3.288,,
2026-07-23,IBXL,IBrX 50,BBSE3,BBSEGURIDADE,ON      NM,616248544,1.086,,
2026-07-23,IBXL,IBrX 50,BBDC3,BRADESCO,ON      N1,1464429403,1.002,,
2026-07-23,IBXL,IBrX 50,BBDC4,BRADESCO,PN      N1,5100889966,4.005,,
2026-07-23,IBXL,IBrX 50,BBAS3,BRASIL,ON      NM,2842496541,2.481,,
2026-07-23,IBXL,IBrX 50,BRAV3,BRAVA,ON      NM,462883017,0.390,,
2026-07-23,IBXL,IBrX 50,BPAC11,BTGP BANCO,UNT ATZ N2,1194624560,2.819,,
2026-07-23,IBXL,IBrX 50,CMIG4,CEMIG,PN      N1,1904057894,0.883,,
2026-07-23,IBXL,IBrX 50,COGN3,COGNA ON,ON      NM,1915914094,0.172,,
2026-07-23,IBXL,IBrX 50,CPLE3,COPEL,ON      NM,2969406694,1.837,,
2026-07-23,IBXL,IBrX 50,CSAN3,COSAN,ON  ATZ NM,2242671999,0.364,,
2026-07-23,IBXL,IBrX 50,CYRE3,CYRELA REALT,ON      NM,281609283,0.248,,
2026-07-23,IBXL,IBrX 50,EMBJ3,EMBRAER,ON      NM,711833141,2.468,,
2026-07-23,IBXL,IBrX 50,ENGI11,ENERGISA,UNT     N2,325503046,0.677,,
2026-07-23,IBXL,IBrX 50,ENEV3,ENEVA,ON      NM,1913352180,2.057,,
2026-07-23,IBXL,IBrX 50,EQTL3,EQUATORIAL,ON      NM,1247728993,2.032,,
2026-07-23,IBXL,IBrX 50,GGBR4,GERDAU,PN      N1,1258208269,1.253,,
2026-07-23,IBXL,IBrX 50,HAPV3,HAPVIDA,ON      NM,271662290,0.128,,
2026-07-23,IBXL,IBrX 50,ITSA4,ITAUSA,PN      N1,5970738360,3.415,,
2026-07-23,IBXL,IBrX 50,ITUB4,ITAUUNIBANCO,PN      N1,5349695485,9.498,,
2026-07-23,IBXL,IBrX 50,KLBN11,KLABIN S/A,UNT     N2,804572623,0.597,,
2026-07-23,IBXL,IBrX 50,RENT3,LOCALIZA,ON      NM,978479038,1.504,,
2026-07-23,IBXL,IBrX 50,LREN3,LOJAS RENNER,ON      NM,982593716,0.551,,
2026-07-23,IBXL,IBrX 50,MGLU3,MAGAZ LUIZA,ON      NM,373155063,0.076,,
2026-07-23,IBXL,IBrX 50,POMO4,MARCOPOLO,PN      N2,728266241,0.158,,
2026-07-23,IBXL,IBrX 50,MBRF3,MARFRIG,ON      NM,761175338,0.505,,
2026-07-23,IBXL,IBrX 50,BEEF3,MINERVA,ON      NM,454804863,0.068,,
2026-07-23,IBXL,IBrX 50,MOTV3,MOTIVA SA,ON      NM,1002196725,0.610,,
2026-07-23,IBXL,IBrX 50,MULT3,MULTIPLAN,ON      N2,320022221,0.384,,
2026-07-23,IBXL,IBrX 50,NATU3,NATURA,ON      NM,838359453,0.301,,
2026-07-23,IBXL,IBrX 50,PETR3,PETROBRAS,ON      N2,3478483761,6.896,,
2026-07-23,IBXL,IBrX 50,PETR4,PETROBRAS,PN  ATZ N2,4410960450,7.773,,
2026-07-23,IBXL,IBrX 50,PRIO3,PRIO,ON      NM,757265605,1.873,,
2026-07-23,IBXL,IBrX 50,RADL3,RAIADROGASIL,ON      NM,1313915830,0.995,,
2026-07-23,IBXL,IBrX 50,RDOR3,REDE D OR,ON      NM,1091469308,1.557,,
2026-07-23,IBXL,IBrX 50,RAIL3,RUMO S.A.,ON      NM,1221155293,0.689,,
2026-07-23,IBXL,IBrX 50,SBSP3,SABESP,ON      NM,3506733260,4.251,,
2026-07-23,IBXL,IBrX 50,SMFT3,SMART FIT,ON      NM,556651316,0.475,,
2026-07-23,IBXL,IBrX 50,SUZB3,SUZANO S.A.,ON      NM,612918471,1.082,,
2026-07-23,IBXL,IBrX 50,VIVT3,TELEF BRASIL,ON,707125712,1.035,,
2026-07-23,IBXL,IBrX 50,TIMS3,TIM,ON      NM,777451080,0.712,,
2026-07-23,IBXL,IBrX 50,TOTS3,TOTVS,ON      NM,533997411,0.638,,
2026-07-23,IBXL,IBrX 50,UGPA3,ULTRAPAR,ON      NM,1067870496,1.451,,
2026-07-23,IBXL,IBrX 50,VALE3,VALE,ON      NM,4268646710,13.267,,
2026-07-23,IBXL,IBrX 50,VBBR3,VIBRA,ON      NM,1192004780,1.726,,
2026-07-23,IBXL,IBrX 50,WEGE3,WEG,ON      NM,1485954732,2.875,,
2026-07-24,IBXL,IBrX 50,ALOS3,ALLOS,ON  ED  NM,478558715,0.530,,
2026-07-24,IBXL,IBrX 50,ABEV3,AMBEV S/A,ON,4273841357,2.827,,
2026-07-24,IBXL,IBrX 50,ASAI3,ASSAI,ON      NM,1338623499,0.446,,
2026-07-24,IBXL,IBrX 50,AXIA3,AXIA ENERGIA,ON      NM,1863816444,3.979,,
2026-07-24,IBXL,IBrX 50,B3SA3,B3,ON      NM,4997059816,3.249,,
2026-07-24,IBXL,IBrX 50,BBSE3,BBSEGURIDADE,ON      NM,616248544,1.085,,
2026-07-24,IBXL,IBrX 50,BBDC3,BRADESCO,ON      N1,1464429403,0.993,,
2026-07-24,IBXL,IBrX 50,BBDC4,BRADESCO,PN      N1,5100889966,3.967,,
2026-07-24,IBXL,IBrX 50,BBAS3,BRASIL,ON      NM,2842496541,2.472,,
2026-07-24,IBXL,IBrX 50,BRAV3,BRAVA,ON      NM,462883017,0.396,,
2026-07-24,IBXL,IBrX 50,BPAC11,BTGP BANCO,UNT     N2,1194624560,2.794,,
2026-07-24,IBXL,IBrX 50,CMIG4,CEMIG,PN      N1,1904057894,0.885,,
2026-07-24,IBXL,IBrX 50,COGN3,COGNA ON,ON      NM,1915914094,0.168,,
2026-07-24,IBXL,IBrX 50,CPLE3,COPEL,ON      NM,2969406694,1.836,,
2026-07-24,IBXL,IBrX 50,CSAN3,COSAN,ON  ATZ NM,2242671999,0.363,,
2026-07-24,IBXL,IBrX 50,CYRE3,CYRELA REALT,ON      NM,281609283,0.242,,
2026-07-24,IBXL,IBrX 50,EMBJ3,EMBRAER,ON      NM,711833141,2.466,,
2026-07-24,IBXL,IBrX 50,ENGI11,ENERGISA,UNT     N2,325503046,0.676,,
2026-07-24,IBXL,IBrX 50,ENEV3,ENEVA,ON      NM,1913352180,2.043,,
2026-07-24,IBXL,IBrX 50,EQTL3,EQUATORIAL,ON      NM,1247728993,2.023,,
2026-07-24,IBXL,IBrX 50,GGBR4,GERDAU,PN      N1,1258208269,1.258,,
2026-07-24,IBXL,IBrX 50,HAPV3,HAPVIDA,ON      NM,271662290,0.118,,
2026-07-24,IBXL,IBrX 50,ITSA4,ITAUSA,PN      N1,5970738360,3.406,,
2026-07-24,IBXL,IBrX 50,ITUB4,ITAUUNIBANCO,PN      N1,5349695485,9.459,,
2026-07-24,IBXL,IBrX 50,KLBN11,KLABIN S/A,UNT     N2,804572623,0.590,,
2026-07-24,IBXL,IBrX 50,RENT3,LOCALIZA,ON      NM,978479038,1.510,,
2026-07-24,IBXL,IBrX 50,LREN3,LOJAS RENNER,ON      NM,982593716,0.546,,
2026-07-24,IBXL,IBrX 50,MGLU3,MAGAZ LUIZA,ON      NM,373155063,0.073,,
2026-07-24,IBXL,IBrX 50,POMO4,MARCOPOLO,PN      N2,728266241,0.159,,
2026-07-24,IBXL,IBrX 50,MBRF3,MARFRIG,ON      NM,761175338,0.493,,
2026-07-24,IBXL,IBrX 50,BEEF3,MINERVA,ON      NM,454804863,0.067,,
2026-07-24,IBXL,IBrX 50,MOTV3,MOTIVA SA,ON      NM,1002196725,0.604,,
2026-07-24,IBXL,IBrX 50,MULT3,MULTIPLAN,ON      N2,320022221,0.378,,
2026-07-24,IBXL,IBrX 50,NATU3,NATURA,ON      NM,838359453,0.298,,
2026-07-24,IBXL,IBrX 50,PETR3,PETROBRAS,ON      N2,3478483761,7.038,,
2026-07-24,IBXL,IBrX 50,PETR4,PETROBRAS,PN  ATZ N2,4410960450,7.870,,
2026-07-24,IBXL,IBrX 50,PRIO3,PRIO,ON      NM,757265605,1.905,,
2026-07-24,IBXL,IBrX 50,RADL3,RAIADROGASIL,ON      NM,1313915830,0.993,,
2026-07-24,IBXL,IBrX 50,RDOR3,REDE D OR,ON      NM,1091469308,1.527,,
2026-07-24,IBXL,IBrX 50,RAIL3,RUMO S.A.,ON      NM,1221155293,0.708,,
2026-07-24,IBXL,IBrX 50,SBSP3,SABESP,ON      NM,3506733260,4.225,,
2026-07-24,IBXL,IBrX 50,SMFT3,SMART FIT,ON      NM,556651316,0.465,,
2026-07-24,IBXL,IBrX 50,SUZB3,SUZANO S.A.,ON      NM,612918471,1.080,,
2026-07-24,IBXL,IBrX 50,VIVT3,TELEF BRASIL,ON,707125712,1.019,,
2026-07-24,IBXL,IBrX 50,TIMS3,TIM,ON      NM,777451080,0.686,,
2026-07-24,IBXL,IBrX 50,TOTS3,TOTVS,ON      NM,533997411,0.600,,
2026-07-24,IBXL,IBrX 50,UGPA3,ULTRAPAR,ON      NM,1067870496,1.482,,
2026-07-24,IBXL,IBrX 50,VALE3,VALE,ON      NM,4268646710,13.421,,
2026-07-24,IBXL,IBrX 50,VBBR3,VIBRA,ON      NM,1192004780,1.763,,
2026-07-24,IBXL,IBrX 50,WEGE3,WEG,ON      NM,1485954732,2.819,,
2026-07-27,IBXL,IBrX 50,ALOS3,ALLOS,ON  ED  NM,478558715,0.528,,
2026-07-27,IBXL,IBrX 50,ABEV3,AMBEV S/A,ON,4273841357,2.818,,
2026-07-27,IBXL,IBrX 50,ASAI3,ASSAI,ON      NM,1338623499,0.443,,
2026-07-27,IBXL,IBrX 50,AXIA3,AXIA ENERGIA,ON      NM,1863816444,3.950,,
2026-07-27,IBXL,IBrX 50,B3SA3,B3,ON      NM,4997059816,3.253,,
2026-07-27,IBXL,IBrX 50,BBSE3,BBSEGURIDADE,ON      NM,616248544,1.078,,
2026-07-27,IBXL,IBrX 50,BBDC3,BRADESCO,ON      N1,1464429403,0.993,,
2026-07-27,IBXL,IBrX 50,BBDC4,BRADESCO,PN      N1,5100889966,3.974,,
2026-07-27,IBXL,IBrX 50,BBAS3,BRASIL,ON      NM,2842496541,2.439,,
2026-07-27,IBXL,IBrX 50,BRAV3,BRAVA,ON      NM,462883017,0.403,,
2026-07-27,IBXL,IBrX 50,BPAC11,BTGP BANCO,UNT     N2,1194624560,2.754,,
2026-07-27,IBXL,IBrX 50,CMIG4,CEMIG,PN      N1,1904057894,0.881,,
2026-07-27,IBXL,IBrX 50,COGN3,COGNA ON,ON      NM,1915914094,0.168,,
2026-07-27,IBXL,IBrX 50,CPLE3,COPEL,ON      NM,2969406694,1.821,,
2026-07-27,IBXL,IBrX 50,CSAN3,COSAN,ON  ATZ NM,2242671999,0.359,,
2026-07-27,IBXL,IBrX 50,CYRE3,CYRELA REALT,ON      NM,281609283,0.246,,
2026-07-27,IBXL,IBrX 50,EMBJ3,EMBRAER,ON      NM,711833141,2.476,,
2026-07-27,IBXL,IBrX 50,ENGI11,ENERGISA,UNT     N2,325503046,0.672,,
2026-07-27,IBXL,IBrX 50,ENEV3,ENEVA,ON      NM,1913352180,2.009,,
2026-07-27,IBXL,IBrX 50,EQTL3,EQUATORIAL,ON      NM,1247728993,2.017,,
2026-07-27,IBXL,IBrX 50,GGBR4,GERDAU,PN      N1,1258208269,1.287,,
2026-07-27,IBXL,IBrX 50,HAPV3,HAPVIDA,ON      NM,271662290,0.114,,
2026-07-27,IBXL,IBrX 50,ITSA4,ITAUSA,PN      N1,5970738360,3.386,,
2026-07-27,IBXL,IBrX 50,ITUB4,ITAUUNIBANCO,PN      N1,5349695485,9.496,,
2026-07-27,IBXL,IBrX 50,KLBN11,KLABIN S/A,UNT     N2,804572623,0.594,,
2026-07-27,IBXL,IBrX 50,RENT3,LOCALIZA,ON      NM,978479038,1.522,,
2026-07-27,IBXL,IBrX 50,LREN3,LOJAS RENNER,ON      NM,982593716,0.550,,
2026-07-27,IBXL,IBrX 50,MGLU3,MAGAZ LUIZA,ON      NM,373155063,0.073,,
2026-07-27,IBXL,IBrX 50,POMO4,MARCOPOLO,PN      N2,728266241,0.161,,
2026-07-27,IBXL,IBrX 50,MBRF3,MARFRIG,ON      NM,761175338,0.476,,
2026-07-27,IBXL,IBrX 50,BEEF3,MINERVA,ON      NM,454804863,0.065,,
2026-07-27,IBXL,IBrX 50,MOTV3,MOTIVA SA,ON      NM,1002196725,0.610,,
2026-07-27,IBXL,IBrX 50,MULT3,MULTIPLAN,ON      N2,320022221,0.378,,
2026-07-27,IBXL,IBrX 50,NATU3,NATURA,ON      NM,838359453,0.296,,
2026-07-27,IBXL,IBrX 50,PETR3,PETROBRAS,ON      N2,3478483761,6.974,,
2026-07-27,IBXL,IBrX 50,PETR4,PETROBRAS,PN  ATZ N2,4410960450,7.850,,
2026-07-27,IBXL,IBrX 50,PRIO3,PRIO,ON      NM,757265605,1.878,,
2026-07-27,IBXL,IBrX 50,RADL3,RAIADROGASIL,ON      NM,1313915830,0.996,,
2026-07-27,IBXL,IBrX 50,RDOR3,REDE D OR,ON      NM,1091469308,1.536,,
2026-07-27,IBXL,IBrX 50,RAIL3,RUMO S.A.,ON      NM,1221155293,0.699,,
2026-07-27,IBXL,IBrX 50,SBSP3,SABESP,ON  ATZ NM,3506733260,4.196,,
2026-07-27,IBXL,IBrX 50,SMFT3,SMART FIT,ON      NM,556651316,0.461,,
2026-07-27,IBXL,IBrX 50,SUZB3,SUZANO S.A.,ON      NM,612918471,1.081,,
2026-07-27,IBXL,IBrX 50,VIVT3,TELEF BRASIL,ON,707125712,1.057,,
2026-07-27,IBXL,IBrX 50,TIMS3,TIM,ON      NM,777451080,0.704,,
2026-07-27,IBXL,IBrX 50,TOTS3,TOTVS,ON      NM,533997411,0.618,,
2026-07-27,IBXL,IBrX 50,UGPA3,ULTRAPAR,ON      NM,1067870496,1.473,,
2026-07-27,IBXL,IBrX 50,VALE3,VALE,ON      NM,4268646710,13.541,,
2026-07-27,IBXL,IBrX 50,VBBR3,VIBRA,ON      NM,1192004780,1.764,,
2026-07-27,IBXL,IBrX 50,WEGE3,WEG,ON      NM,1485954732,2.882,,
2026-07-28,IBXL,IBrX 50,ALOS3,ALLOS,ON  ED  NM,478558715,0.537,,
2026-07-28,IBXL,IBrX 50,ABEV3,AMBEV S/A,ON,4273841357,2.841,,
2026-07-28,IBXL,IBrX 50,ASAI3,ASSAI,ON      NM,1338623499,0.455,,
2026-07-28,IBXL,IBrX 50,AXIA3,AXIA ENERGIA,ON      NM,1863816444,4.005,,
2026-07-28,IBXL,IBrX 50,B3SA3,B3,ON      NM,4997059816,3.292,,
2026-07-28,IBXL,IBrX 50,BBSE3,BBSEGURIDADE,ON      NM,616248544,1.047,,
2026-07-28,IBXL,IBrX 50,BBDC3,BRADESCO,ON      N1,1464429403,0.999,,
2026-07-28,IBXL,IBrX 50,BBDC4,BRADESCO,PN      N1,5100889966,4.000,,
2026-07-28,IBXL,IBrX 50,BBAS3,BRASIL,ON      NM,2842496541,2.442,,
2026-07-28,IBXL,IBrX 50,BRAV3,BRAVA,ON      NM,462883017,0.408,,
2026-07-28,IBXL,IBrX 50,BPAC11,BTGP BANCO,UNT     N2,1194624560,2.781,,
2026-07-28,IBXL,IBrX 50,CMIG4,CEMIG,PN      N1,1904057894,0.891,,
2026-07-28,IBXL,IBrX 50,COGN3,COGNA ON,ON      NM,1915914094,0.173,,
2026-07-28,IBXL,IBrX 50,CPLE3,COPEL,ON      NM,2969406694,1.839,,
2026-07-28,IBXL,IBrX 50,CSAN3,COSAN,ON      NM,2242671999,0.371,,
2026-07-28,IBXL,IBrX 50,CYRE3,CYRELA REALT,ON      NM,281609283,0.251,,
2026-07-28,IBXL,IBrX 50,EMBJ3,EMBRAER,ON      NM,711833141,2.593,,
2026-07-28,IBXL,IBrX 50,ENGI11,ENERGISA,UNT     N2,325503046,0.677,,
2026-07-28,IBXL,IBrX 50,ENEV3,ENEVA,ON      NM,1913352180,2.042,,
2026-07-28,IBXL,IBrX 50,EQTL3,EQUATORIAL,ON      NM,1247728993,2.029,,
2026-07-28,IBXL,IBrX 50,GGBR4,GERDAU,PN      N1,1258208269,1.291,,
2026-07-28,IBXL,IBrX 50,HAPV3,HAPVIDA,ON      NM,271662290,0.116,,
2026-07-28,IBXL,IBrX 50,ITSA4,ITAUSA,PN      N1,5970738360,3.433,,
2026-07-28,IBXL,IBrX 50,ITUB4,ITAUUNIBANCO,PN      N1,5349695485,9.572,,
2026-07-28,IBXL,IBrX 50,KLBN11,KLABIN S/A,UNT     N2,804572623,0.596,,
2026-07-28,IBXL,IBrX 50,RENT3,LOCALIZA,ON      NM,978479038,1.547,,
2026-07-28,IBXL,IBrX 50,LREN3,LOJAS RENNER,ON      NM,982593716,0.565,,
2026-07-28,IBXL,IBrX 50,MGLU3,MAGAZ LUIZA,ON      NM,373155063,0.076,,
2026-07-28,IBXL,IBrX 50,POMO4,MARCOPOLO,PN      N2,728266241,0.161,,
2026-07-28,IBXL,IBrX 50,MBRF3,MARFRIG,ON      NM,761175338,0.507,,
2026-07-28,IBXL,IBrX 50,BEEF3,MINERVA,ON      NM,454804863,0.066,,
2026-07-28,IBXL,IBrX 50,MOTV3,MOTIVA SA,ON      NM,1002196725,0.614,,
2026-07-28,IBXL,IBrX 50,MULT3,MULTIPLAN,ON      N2,320022221,0.383,,
2026-07-28,IBXL,IBrX 50,NATU3,NATURA,ON      NM,838359453,0.298,,
2026-07-28,IBXL,IBrX 50,PETR3,PETROBRAS,ON      N2,3478483761,6.713,,
2026-07-28,IBXL,IBrX 50,PETR4,PETROBRAS,PN  ATZ N2,4410960450,7.581,,
2026-07-28,IBXL,IBrX 50,PRIO3,PRIO,ON      NM,757265605,1.768,,
2026-07-28,IBXL,IBrX 50,RADL3,RAIADROGASIL,ON      NM,1313915830,1.001,,
2026-07-28,IBXL,IBrX 50,RDOR3,REDE D OR,ON      NM,1091469308,1.537,,
2026-07-28,IBXL,IBrX 50,RAIL3,RUMO S.A.,ON      NM,1221155293,0.706,,
2026-07-28,IBXL,IBrX 50,SBSP3,SABESP,ON  ATZ NM,3506733260,4.243,,
2026-07-28,IBXL,IBrX 50,SMFT3,SMART FIT,ON      NM,556651316,0.461,,
2026-07-28,IBXL,IBrX 50,SUZB3,SUZANO S.A.,ON      NM,612918471,1.076,,
2026-07-28,IBXL,IBrX 50,VIVT3,TELEF BRASIL,ON  EJ,707125712,1.066,,
2026-07-28,IBXL,IBrX 50,TIMS3,TIM,ON      NM,777451080,0.701,,
2026-07-28,IBXL,IBrX 50,TOTS3,TOTVS,ON      NM,533997411,0.658,,
2026-07-28,IBXL,IBrX 50,UGPA3,ULTRAPAR,ON      NM,1067870496,1.436,,
2026-07-28,IBXL,IBrX 50,VALE3,VALE,ON      NM,4268646710,13.541,,
2026-07-28,IBXL,IBrX 50,VBBR3,VIBRA,ON      NM,1192004780,1.724,,
2026-07-28,IBXL,IBrX 50,WEGE3,WEG,ON      NM,1485954732,2.890,,
2026-07-29,IBXL,IBrX 50,ALOS3,ALLOS,ON  ED  NM,478558715,0.541,,
2026-07-29,IBXL,IBrX 50,ABEV3,AMBEV S/A,ON,4273841357,2.865,,
2026-07-29,IBXL,IBrX 50,ASAI3,ASSAI,ON      NM,1338623499,0.459,,
2026-07-29,IBXL,IBrX 50,AXIA3,AXIA ENERGIA,ON      NM,1863816444,4.056,,
2026-07-29,IBXL,IBrX 50,B3SA3,B3,ON      NM,4997059816,3.330,,
2026-07-29,IBXL,IBrX 50,BBSE3,BBSEGURIDADE,ON      NM,616248544,1.058,,
2026-07-29,IBXL,IBrX 50,BBDC3,BRADESCO,ON      N1,1464429403,1.001,,
2026-07-29,IBXL,IBrX 50,BBDC4,BRADESCO,PN      N1,5100889966,3.987,,
2026-07-29,IBXL,IBrX 50,BBAS3,BRASIL,ON      NM,2842496541,2.466,,
2026-07-29,IBXL,IBrX 50,BRAV3,BRAVA,ON      NM,462883017,0.402,,
2026-07-29,IBXL,IBrX 50,BPAC11,BTGP BANCO,UNT     N2,1194624560,2.778,,
2026-07-29,IBXL,IBrX 50,CMIG4,CEMIG,PN      N1,1904057894,0.887,,
2026-07-29,IBXL,IBrX 50,COGN3,COGNA ON,ON      NM,1915914094,0.172,,
2026-07-29,IBXL,IBrX 50,CPLE3,COPEL,ON      NM,2969406694,1.846,,
2026-07-29,IBXL,IBrX 50,CSAN3,COSAN,ON      NM,2242671999,0.374,,
2026-07-29,IBXL,IBrX 50,CYRE3,CYRELA REALT,ON      NM,281609283,0.250,,
2026-07-29,IBXL,IBrX 50,EMBJ3,EMBRAER,ON      NM,711833141,2.634,,
2026-07-29,IBXL,IBrX 50,ENGI11,ENERGISA,UNT     N2,325503046,0.675,,
2026-07-29,IBXL,IBrX 50,ENEV3,ENEVA,ON      NM,1913352180,2.060,,
2026-07-29,IBXL,IBrX 50,EQTL3,EQUATORIAL,ON      NM,1247728993,2.018,,
2026-07-29,IBXL,IBrX 50,GGBR4,GERDAU,PN      N1,1258208269,1.317,,
2026-07-29,IBXL,IBrX 50,HAPV3,HAPVIDA,ON      NM,271662290,0.120,,
2026-07-29,IBXL,IBrX 50,ITSA4,ITAUSA,PN      N1,5970738360,3.421,,
2026-07-29,IBXL,IBrX 50,ITUB4,ITAUUNIBANCO,PN      N1,5349695485,9.548,,
2026-07-29,IBXL,IBrX 50,KLBN11,KLABIN S/A,UNT     N2,804572623,0.604,,
2026-07-29,IBXL,IBrX 50,RENT3,LOCALIZA,ON      NM,978479038,1.563,,
2026-07-29,IBXL,IBrX 50,LREN3,LOJAS RENNER,ON      NM,982593716,0.569,,
2026-07-29,IBXL,IBrX 50,MGLU3,MAGAZ LUIZA,ON      NM,373155063,0.075,,
2026-07-29,IBXL,IBrX 50,POMO4,MARCOPOLO,PN      N2,728266241,0.163,,
2026-07-29,IBXL,IBrX 50,MBRF3,MARFRIG,ON      NM,761175338,0.517,,
2026-07-29,IBXL,IBrX 50,BEEF3,MINERVA,ON      NM,454804863,0.065,,
2026-07-29,IBXL,IBrX 50,MOTV3,MOTIVA SA,ON      NM,1002196725,0.613,,
2026-07-29,IBXL,IBrX 50,MULT3,MULTIPLAN,ON      N2,320022221,0.384,,
2026-07-29,IBXL,IBrX 50,NATU3,NATURA,ON      NM,838359453,0.291,,
2026-07-29,IBXL,IBrX 50,PETR3,PETROBRAS,ON      N2,3478483761,6.724,,
2026-07-29,IBXL,IBrX 50,PETR4,PETROBRAS,PN  ATZ N2,4410960450,7.570,,
2026-07-29,IBXL,IBrX 50,PRIO3,PRIO,ON      NM,757265605,1.790,,
2026-07-29,IBXL,IBrX 50,RADL3,RAIADROGASIL,ON      NM,1313915830,0.996,,
2026-07-29,IBXL,IBrX 50,RDOR3,REDE D OR,ON      NM,1091469308,1.560,,
2026-07-29,IBXL,IBrX 50,RAIL3,RUMO S.A.,ON      NM,1221155293,0.716,,
2026-07-29,IBXL,IBrX 50,SBSP3,SABESP,ON  ATZ NM,3506733260,4.128,,
2026-07-29,IBXL,IBrX 50,SMFT3,SMART FIT,ON      NM,556651316,0.463,,
2026-07-29,IBXL,IBrX 50,SUZB3,SUZANO S.A.,ON      NM,612918471,1.100,,
2026-07-29,IBXL,IBrX 50,VIVT3,TELEF BRASIL,ON  EJ,707125712,0.996,,
2026-07-29,IBXL,IBrX 50,TIMS3,TIM,ON      NM,777451080,0.656,,
2026-07-29,IBXL,IBrX 50,TOTS3,TOTVS,ON      NM,533997411,0.660,,
2026-07-29,IBXL,IBrX 50,UGPA3,ULTRAPAR,ON      NM,1067870496,1.443,,
2026-07-29,IBXL,IBrX 50,VALE3,VALE,ON      NM,4268646710,13.455,,
2026-07-29,IBXL,IBrX 50,VBBR3,VIBRA,ON      NM,1192004780,1.744,,
2026-07-29,IBXL,IBrX 50,WEGE3,WEG,ON      NM,1485954732,2.890,,
2026-07-30,IBXL,IBrX 50,ALOS3,ALLOS,ON  ED  NM,478558715,0.537,,
2026-07-30,IBXL,IBrX 50,ABEV3,AMBEV S/A,ON,4273841357,2.869,,
2026-07-30,IBXL,IBrX 50,ASAI3,ASSAI,ON      NM,1338623499,0.469,,
2026-07-30,IBXL,IBrX 50,AXIA3,AXIA ENERGIA,ON      NM,1863816444,4.023,,
2026-07-30,IBXL,IBrX 50,B3SA3,B3,ON      NM,4997059816,3.232,,
2026-07-30,IBXL,IBrX 50,BBSE3,BBSEGURIDADE,ON      NM,616248544,1.065,,
2026-07-30,IBXL,IBrX 50,BBDC3,BRADESCO,ON      N1,1464429403,0.992,,
2026-07-30,IBXL,IBrX 50,BBDC4,BRADESCO,PN      N1,5100889966,3.952,,
2026-07-30,IBXL,IBrX 50,BBAS3,BRASIL,ON      NM,2842496541,2.494,,
2026-07-30,IBXL,IBrX 50,BRAV3,BRAVA,ON      NM,462883017,0.407,,
2026-07-30,IBXL,IBrX 50,BPAC11,BTGP BANCO,UNT     N2,1194624560,2.757,,
2026-07-30,IBXL,IBrX 50,CMIG4,CEMIG,PN      N1,1904057894,0.884,,
2026-07-30,IBXL,IBrX 50,COGN3,COGNA ON,ON      NM,1915914094,0.177,,
2026-07-30,IBXL,IBrX 50,CPLE3,COPEL,ON      NM,2969406694,1.822,,
2026-07-30,IBXL,IBrX 50,CSAN3,COSAN,ON      NM,2242671999,0.368,,
2026-07-30,IBXL,IBrX 50,CYRE3,CYRELA REALT,ON      NM,281609283,0.247,,
2026-07-30,IBXL,IBrX 50,EMBJ3,EMBRAER,ON      NM,711833141,2.587,,
2026-07-30,IBXL,IBrX 50,ENGI11,ENERGISA,UNT     N2,325503046,0.666,,
2026-07-30,IBXL,IBrX 50,ENEV3,ENEVA,ON      NM,1913352180,2.090,,
2026-07-30,IBXL,IBrX 50,EQTL3,EQUATORIAL,ON      NM,1247728993,1.992,,
2026-07-30,IBXL,IBrX 50,GGBR4,GERDAU,PN      N1,1258208269,1.317,,
2026-07-30,IBXL,IBrX 50,HAPV3,HAPVIDA,ON      NM,271662290,0.121,,
2026-07-30,IBXL,IBrX 50,ITSA4,ITAUSA,PN      N1,5970738360,3.400,,
2026-07-30,IBXL,IBrX 50,ITUB4,ITAUUNIBANCO,PN      N1,5349695485,9.445,,
2026-07-30,IBXL,IBrX 50,KLBN11,KLABIN S/A,UNT     N2,804572623,0.612,,
2026-07-30,IBXL,IBrX 50,RENT3,LOCALIZA,ON      NM,978479038,1.547,,
2026-07-30,IBXL,IBrX 50,LREN3,LOJAS RENNER,ON      NM,982593716,0.554,,
2026-07-30,IBXL,IBrX 50,MGLU3,MAGAZ LUIZA,ON      NM,373155063,0.075,,
2026-07-30,IBXL,IBrX 50,POMO4,MARCOPOLO,PN      N2,728266241,0.163,,
2026-07-30,IBXL,IBrX 50,MBRF3,MARFRIG,ON      NM,761175338,0.535,,
2026-07-30,IBXL,IBrX 50,BEEF3,MINERVA,ON      NM,454804863,0.067,,
2026-07-30,IBXL,IBrX 50,MOTV3,MOTIVA SA,ON      NM,1002196725,0.599,,
2026-07-30,IBXL,IBrX 50,MULT3,MULTIPLAN,ON      N2,320022221,0.372,,
2026-07-30,IBXL,IBrX 50,NATU3,NATURA,ON      NM,838359453,0.293,,
2026-07-30,IBXL,IBrX 50,PETR3,PETROBRAS,ON      N2,3478483761,6.977,,
2026-07-30,IBXL,IBrX 50,PETR4,PETROBRAS,PN  ATZ N2,4410960450,7.821,,
2026-07-30,IBXL,IBrX 50,PRIO3,PRIO,ON      NM,757265605,1.867,,
2026-07-30,IBXL,IBrX 50,RADL3,RAIADROGASIL,ON      NM,1313915830,0.985,,
2026-07-30,IBXL,IBrX 50,RDOR3,REDE D OR,ON      NM,1091469308,1.560,,
2026-07-30,IBXL,IBrX 50,RAIL3,RUMO S.A.,ON      NM,1221155293,0.719,,
2026-07-30,IBXL,IBrX 50,SBSP3,SABESP,ON  ATZ NM,3506733260,3.940,,
2026-07-30,IBXL,IBrX 50,SMFT3,SMART FIT,ON      NM,556651316,0.460,,
2026-07-30,IBXL,IBrX 50,SUZB3,SUZANO S.A.,ON      NM,612918471,1.095,,
2026-07-30,IBXL,IBrX 50,VIVT3,TELEF BRASIL,ON  EJ,707125712,0.971,,
2026-07-30,IBXL,IBrX 50,TIMS3,TIM,ON      NM,777451080,0.639,,
2026-07-30,IBXL,IBrX 50,TOTS3,TOTVS,ON      NM,533997411,0.664,,
2026-07-30,IBXL,IBrX 50,UGPA3,ULTRAPAR,ON      NM,1067870496,1.443,,
2026-07-30,IBXL,IBrX 50,VALE3,VALE,ON      NM,4268646710,13.525,,
2026-07-30,IBXL,IBrX 50,VBBR3,VIBRA,ON      NM,1192004780,1.741,,
2026-07-30,IBXL,IBrX 50,WEGE3,WEG,ON      NM,1485954732,2.863,,
2026-07-31,IBXL,IBrX 50,ALOS3,ALLOS,ON  ED  NM,478558715,0.539,,
2026-07-31,IBXL,IBrX 50,ABEV3,AMBEV S/A,ON,4273841357,2.825,,
2026-07-31,IBXL,IBrX 50,ASAI3,ASSAI,ON      NM,1338623499,0.466,,
2026-07-31,IBXL,IBrX 50,AXIA3,AXIA ENERGIA,ON      NM,1863816444,4.087,,
2026-07-31,IBXL,IBrX 50,B3SA3,B3,ON      NM,4997059816,3.234,,
2026-07-31,IBXL,IBrX 50,BBSE3,BBSEGURIDADE,ON      NM,616248544,1.043,,
2026-07-31,IBXL,IBrX 50,BBDC3,BRADESCO,ON      N1,1464429403,0.970,,
2026-07-31,IBXL,IBrX 50,BBDC4,BRADESCO,PN      N1,5100889966,3.885,,
2026-07-31,IBXL,IBrX 50,BBAS3,BRASIL,ON      NM,2842496541,2.494,,
2026-07-31,IBXL,IBrX 50,BRAV3,BRAVA,ON      NM,462883017,0.391,,
2026-07-31,IBXL,IBrX 50,BPAC11,BTGP BANCO,UNT     N2,1194624560,2.801,,
2026-07-31,IBXL,IBrX 50,CMIG4,CEMIG,PN      N1,1904057894,0.885,,
2026-07-31,IBXL,IBrX 50,COGN3,COGNA ON,ON      NM,1915914094,0.183,,
2026-07-31,IBXL,IBrX 50,CPLE3,COPEL,ON      NM,2969406694,1.831,,
2026-07-31,IBXL,IBrX 50,CSAN3,COSAN,ON      NM,2242671999,0.371,,
2026-07-31,IBXL,IBrX 50,CYRE3,CYRELA REALT,ON      NM,281609283,0.251,,
2026-07-31,IBXL,IBrX 50,EMBJ3,EMBRAER,ON      NM,711833141,2.539,,
2026-07-31,IBXL,IBrX 50,ENGI11,ENERGISA,UNT     N2,325503046,0.669,,
2026-07-31,IBXL,IBrX 50,ENEV3,ENEVA,ON      NM,1913352180,2.072,,
2026-07-31,IBXL,IBrX 50,EQTL3,EQUATORIAL,ON      NM,1247728993,1.998,,
2026-07-31,IBXL,IBrX 50,GGBR4,GERDAU,PN      N1,1258208269,1.302,,
2026-07-31,IBXL,IBrX 50,HAPV3,HAPVIDA,ON      NM,271662290,0.123,,
2026-07-31,IBXL,IBrX 50,ITSA4,ITAUSA,PN      N1,5970738360,3.412,,
2026-07-31,IBXL,IBrX 50,ITUB4,ITAUUNIBANCO,PN      N1,5349695485,9.468,,
2026-07-31,IBXL,IBrX 50,KLBN11,KLABIN S/A,UNT     N2,804572623,0.601,,
2026-07-31,IBXL,IBrX 50,RENT3,LOCALIZA,ON      NM,978479038,1.550,,
2026-07-31,IBXL,IBrX 50,LREN3,LOJAS RENNER,ON      NM,982593716,0.550,,
2026-07-31,IBXL,IBrX 50,MGLU3,MAGAZ LUIZA,ON      NM,373155063,0.078,,
2026-07-31,IBXL,IBrX 50,POMO4,MARCOPOLO,PN      N2,728266241,0.161,,
2026-07-31,IBXL,IBrX 50,MBRF3,MARFRIG,ON      NM,761175338,0.566,,
2026-07-31,IBXL,IBrX 50,BEEF3,MINERVA,ON      NM,454804863,0.068,,
2026-07-31,IBXL,IBrX 50,MOTV3,MOTIVA SA,ON      NM,1002196725,0.618,,
2026-07-31,IBXL,IBrX 50,MULT3,MULTIPLAN,ON      N2,320022221,0.374,,
2026-07-31,IBXL,IBrX 50,NATU3,NATURA,ON      NM,838359453,0.289,,
2026-07-31,IBXL,IBrX 50,PETR3,PETROBRAS,ON      N2,3478483761,6.994,,
2026-07-31,IBXL,IBrX 50,PETR4,PETROBRAS,PN  ATZ N2,4410960450,7.825,,
2026-07-31,IBXL,IBrX 50,PRIO3,PRIO,ON      NM,757265605,1.880,,
2026-07-31,IBXL,IBrX 50,RADL3,RAIADROGASIL,ON      NM,1313915830,0.993,,
2026-07-31,IBXL,IBrX 50,RDOR3,REDE D OR,ON      NM,1091469308,1.556,,
2026-07-31,IBXL,IBrX 50,RAIL3,RUMO S.A.,ON      NM,1221155293,0.722,,
2026-07-31,IBXL,IBrX 50,SBSP3,SABESP,ON  ATZ NM,3506733260,3.980,,
2026-07-31,IBXL,IBrX 50,SMFT3,SMART FIT,ON      NM,556651316,0.460,,
2026-07-31,IBXL,IBrX 50,SUZB3,SUZANO S.A.,ON      NM,612918471,1.085,,
2026-07-31,IBXL,IBrX 50,VIVT3,TELEF BRASIL,ON  EJ,707125712,0.955,,
2026-07-31,IBXL,IBrX 50,TIMS3,TIM,ON      NM,777451080,0.621,,
2026-07-31,IBXL,IBrX 50,TOTS3,TOTVS,ON      NM,533997411,0.689,,
2026-07-31,IBXL,IBrX 50,UGPA3,ULTRAPAR,ON      NM,1067870496,1.456,,
2026-07-31,IBXL,IBrX 50,VALE3,VALE,ON      NM,4268646710,13.450,,
2026-07-31,IBXL,IBrX 50,VBBR3,VIBRA,ON      NM,1192004780,1.759,,
2026-07-31,IBXL,IBrX 50,WEGE3,WEG,ON      NM,1485954732,2.881,,
2026-08-03,IBXL,IBrX 50,ALOS3,ALLOS,ON  ED  NM,478558715,0.534,,
2026-08-03,IBXL,IBrX 50,ABEV3,AMBEV S/A,ON,4273841357,2.817,,
2026-08-03,IBXL,IBrX 50,ASAI3,ASSAI,ON      NM,1338623499,0.469,,
2026-08-03,IBXL,IBrX 50,AXIA3,AXIA ENERGIA,ON      NM,1863816444,4.058,,
2026-08-03,IBXL,IBrX 50,B3SA3,B3,ON      NM,4997059816,3.240,,
2026-08-03,IBXL,IBrX 50,BBSE3,BBSEGURIDADE,ON      NM,616248544,1.048,,
2026-08-03,IBXL,IBrX 50,BBDC3,BRADESCO,ON      N1,1464429403,0.965,,
2026-08-03,IBXL,IBrX 50,BBDC4,BRADESCO,PN      N1,5100889966,3.875,,
2026-08-03,IBXL,IBrX 50,BBAS3,BRASIL,ON      NM,2842496541,2.501,,
2026-08-03,IBXL,IBrX 50,BRAV3,BRAVA,ON      NM,462883017,0.378,,
2026-08-03,IBXL,IBrX 50,BPAC11,BTGP BANCO,UNT     N2,1194624560,2.796,,
2026-08-03,IBXL,IBrX 50,CMIG4,CEMIG,PN      N1,1904057894,0.890,,
2026-08-03,IBXL,IBrX 50,COGN3,COGNA ON,ON      NM,1915914094,0.180,,
2026-08-03,IBXL,IBrX 50,CPLE3,COPEL,ON      NM,2969406694,1.815,,
2026-08-03,IBXL,IBrX 50,CSAN3,COSAN,ON      NM,2242671999,0.376,,
2026-08-03,IBXL,IBrX 50,CYRE3,CYRELA REALT,ON      NM,281609283,0.248,,
2026-08-03,IBXL,IBrX 50,EMBJ3,EMBRAER,ON      NM,711833141,2.549,,
2026-08-03,IBXL,IBrX 50,ENGI11,ENERGISA,UNT     N2,325503046,0.668,,
2026-08-03,IBXL,IBrX 50,ENEV3,ENEVA,ON      NM,1913352180,2.075,,
2026-08-03,IBXL,IBrX 50,EQTL3,EQUATORIAL,ON      NM,1247728993,1.988,,
2026-08-03,IBXL,IBrX 50,GGBR4,GERDAU,PN      N1,1258208269,1.296,,
2026-08-03,IBXL,IBrX 50,HAPV3,HAPVIDA,ON      NM,271662290,0.126,,
2026-08-03,IBXL,IBrX 50,ITSA4,ITAUSA,PN      N1,5970738360,3.401,,
2026-08-03,IBXL,IBrX 50,ITUB4,ITAUUNIBANCO,PN  EJ  N1,5349695485,9.454,,
2026-08-03,IBXL,IBrX 50,KLBN11,KLABIN S/A,UNT     N2,804572623,0.605,,
2026-08-03,IBXL,IBrX 50,RENT3,LOCALIZA,ON      NM,978479038,1.517,,
2026-08-03,IBXL,IBrX 50,LREN3,LOJAS RENNER,ON      NM,982593716,0.551,,
2026-08-03,IBXL,IBrX 50,MGLU3,MAGAZ LUIZA,ON      NM,373155063,0.077,,
2026-08-03,IBXL,IBrX 50,POMO4,MARCOPOLO,PN      N2,728266241,0.159,,
2026-08-03,IBXL,IBrX 50,MBRF3,MARFRIG,ON      NM,761175338,0.550,,
2026-08-03,IBXL,IBrX 50,BEEF3,MINERVA,ON      NM,454804863,0.069,,
2026-08-03,IBXL,IBrX 50,MOTV3,MOTIVA SA,ON      NM,1002196725,0.610,,
2026-08-03,IBXL,IBrX 50,MULT3,MULTIPLAN,ON      N2,320022221,0.371,,
2026-08-03,IBXL,IBrX 50,NATU3,NATURA,ON      NM,838359453,0.290,,
2026-08-03,IBXL,IBrX 50,PETR3,PETROBRAS,ON      N2,3478483761,7.031,,
2026-08-03,IBXL,IBrX 50,PETR4,PETROBRAS,PN  ATZ N2,4410960450,7.894,,
2026-08-03,IBXL,IBrX 50,PRIO3,PRIO,ON      NM,757265605,1.899,,
2026-08-03,IBXL,IBrX 50,RADL3,RAIADROGASIL,ON      NM,1313915830,1.001,,
2026-08-03,IBXL,IBrX 50,RDOR3,REDE D OR,ON      NM,1091469308,1.558,,
2026-08-03,IBXL,IBrX 50,RAIL3,RUMO S.A.,ON      NM,1221155293,0.727,,
2026-08-03,IBXL,IBrX 50,SBSP3,SABESP,ON  ATZ NM,3506733260,4.004,,
2026-08-03,IBXL,IBrX 50,SMFT3,SMART FIT,ON      NM,556651316,0.452,,
2026-08-03,IBXL,IBrX 50,SUZB3,SUZANO S.A.,ON      NM,612918471,1.094,,
2026-08-03,IBXL,IBrX 50,VIVT3,TELEF BRASIL,ON  EJ,707125712,0.951,,
2026-08-03,IBXL,IBrX 50,TIMS3,TIM,ON      NM,777451080,0.623,,
2026-08-03,IBXL,IBrX 50,TOTS3,TOTVS,ON      NM,533997411,0.683,,
2026-08-03,IBXL,IBrX 50,UGPA3,ULTRAPAR,ON      NM,1067870496,1.455,,
2026-08-03,IBXL,IBrX 50,VALE3,VALE,ON      NM,4268646710,13.421,,
2026-08-03,IBXL,IBrX 50,VBBR3,VIBRA,ON      NM,1192004780,1.771,,
2026-08-03,IBXL,IBrX 50,WEGE3,WEG,ON      NM,1485954732,2.890,,
2026-08-04,IBXL,IBrX 50,ALOS3,ALLOS,ON  ED  NM,478558715,0.541,,
2026-08-04,IBXL,IBrX 50,ABEV3,AMBEV S/A,ON,4273841357,2.781,,
2026-08-04,IBXL,IBrX 50,ASAI3,ASSAI,ON      NM,1338623499,0.472,,
2026-08-04,IBXL,IBrX 50,AXIA3,AXIA ENERGIA,ON      NM,1863816444,4.119,,
2026-08-04,IBXL,IBrX 50,B3SA3,B3,ON      NM,4997059816,3.221,,
2026-08-04,IBXL,IBrX 50,BBSE3,BBSEGURIDADE,ON      NM,616248544,1.052,,
2026-08-04,IBXL,IBrX 50,BBDC3,BRADESCO,ON  EJ  N1,1464429403,0.976,,
2026-08-04,IBXL,IBrX 50,BBDC4,BRADESCO,PN  EJ  N1,5100889966,3.901,,
2026-08-04,IBXL,IBrX 50,BBAS3,BRASIL,ON      NM,2842496541,2.495,,
2026-08-04,IBXL,IBrX 50,BRAV3,BRAVA,ON      NM,462883017,0.379,,
2026-08-04,IBXL,IBrX 50,BPAC11,BTGP BANCO,UNT     N2,1194624560,2.816,,
2026-08-04,IBXL,IBrX 50,CMIG4,CEMIG,PN      N1,1904057894,0.886,,
2026-08-04,IBXL,IBrX 50,COGN3,COGNA ON,ON      NM,1915914094,0.184,,
2026-08-04,IBXL,IBrX 50,CPLE3,COPEL,ON      NM,2969406694,1.822,,
2026-08-04,IBXL,IBrX 50,CSAN3,COSAN,ON      NM,2242671999,0.379,,
2026-08-04,IBXL,IBrX 50,CYRE3,CYRELA REALT,ON      NM,281609283,0.250,,
2026-08-04,IBXL,IBrX 50,EMBJ3,EMBRAER,ON      NM,711833141,2.632,,
2026-08-04,IBXL,IBrX 50,ENGI11,ENERGISA,UNT     N2,325503046,0.674,,
2026-08-04,IBXL,IBrX 50,ENEV3,ENEVA,ON      NM,1913352180,2.112,,
2026-08-04,IBXL,IBrX 50,EQTL3,EQUATORIAL,ON      NM,1247728993,2.002,,
2026-08-04,IBXL,IBrX 50,GGBR4,GERDAU,PN      N1,1258208269,1.331,,
2026-08-04,IBXL,IBrX 50,HAPV3,HAPVIDA,ON      NM,271662290,0.133,,
2026-08-04,IBXL,IBrX 50,ITSA4,ITAUSA,PN      N1,5970738360,3.419,,
2026-08-04,IBXL,IBrX 50,ITUB4,ITAUUNIBANCO,PN  EJ  N1,5349695485,9.529,,
2026-08-04,IBXL,IBrX 50,KLBN11,KLABIN S/A,UNT     N2,804572623,0.606,,
2026-08-04,IBXL,IBrX 50,RENT3,LOCALIZA,ON      NM,978479038,1.538,,
2026-08-04,IBXL,IBrX 50,LREN3,LOJAS RENNER,ON      NM,982593716,0.562,,
2026-08-04,IBXL,IBrX 50,MGLU3,MAGAZ LUIZA,ON      NM,373155063,0.079,,
2026-08-04,IBXL,IBrX 50,POMO4,MARCOPOLO,PN      N2,728266241,0.161,,
2026-08-04,IBXL,IBrX 50,MBRF3,MARFRIG,ON      NM,761175338,0.556,,
2026-08-04,IBXL,IBrX 50,BEEF3,MINERVA,ON      NM,454804863,0.068,,
2026-08-04,IBXL,IBrX 50,MOTV3,MOTIVA SA,ON      NM,1002196725,0.613,,
2026-08-04,IBXL,IBrX 50,MULT3,MULTIPLAN,ON      N2,320022221,0.379,,
2026-08-04,IBXL,IBrX 50,NATU3,NATURA,ON      NM,838359453,0.294,,
2026-08-04,IBXL,IBrX 50,PETR3,PETROBRAS,ON      N2,3478483761,6.979,,
2026-08-04,IBXL,IBrX 50,PETR4,PETROBRAS,PN      N2,4410960450,7.835,,
2026-08-04,IBXL,IBrX 50,PRIO3,PRIO,ON      NM,757265605,1.828,,
2026-08-04,IBXL,IBrX 50,RADL3,RAIADROGASIL,ON      NM,1313915830,1.022,,
2026-08-04,IBXL,IBrX 50,RDOR3,REDE D OR,ON      NM,1091469308,1.534,,
2026-08-04,IBXL,IBrX 50,RAIL3,RUMO S.A.,ON      NM,1221155293,0.713,,
2026-08-04,IBXL,IBrX 50,SBSP3,SABESP,ON  ATZ NM,3506733260,3.989,,
2026-08-04,IBXL,IBrX 50,SMFT3,SMART FIT,ON      NM,556651316,0.451,,
2026-08-04,IBXL,IBrX 50,SUZB3,SUZANO S.A.,ON      NM,612918471,1.090,,
2026-08-04,IBXL,IBrX 50,VIVT3,TELEF BRASIL,ON  EJ,707125712,0.942,,
2026-08-04,IBXL,IBrX 50,TIMS3,TIM,ON      NM,777451080,0.618,,
2026-08-04,IBXL,IBrX 50,TOTS3,TOTVS,ON      NM,533997411,0.700,,
2026-08-04,IBXL,IBrX 50,UGPA3,ULTRAPAR,ON      NM,1067870496,1.458,,
2026-08-04,IBXL,IBrX 50,VALE3,VALE,ON      NM,4268646710,13.146,,
2026-08-04,IBXL,IBrX 50,VBBR3,VIBRA,ON      NM,1192004780,1.777,,
2026-08-04,IBXL,IBrX 50,WEGE3,WEG,ON      NM,1485954732,2.956,,
2026-08-05,IBXL,IBrX 50,ALOS3,ALLOS,ON      NM,478558715,0.543,,
2026-08-05,IBXL,IBrX 50,ABEV3,AMBEV S/A,ON,4273841357,2.793,,
2026-08-05,IBXL,IBrX 50,ASAI3,ASSAI,ON      NM,1338623499,0.477,,
2026-08-05,IBXL,IBrX 50,AXIA3,AXIA ENERGIA,ON      NM,1863816444,4.123,,
2026-08-05,IBXL,IBrX 50,B3SA3,B3,ON      NM,4997059816,3.231,,
2026-08-05,IBXL,IBrX 50,BBSE3,BBSEGURIDADE,ON      NM,616248544,1.068,,
2026-08-05,IBXL,IBrX 50,BBDC3,BRADESCO,ON  EJS N1,1548223583,1.015,,
2026-08-05,IBXL,IBrX 50,BBDC4,BRADESCO,PN  EJS N1,5392761254,4.040,,
2026-08-05,IBXL,IBrX 50,BBAS3,BRASIL,ON      NM,2842496541,2.457,,
2026-08-05,IBXL,IBrX 50,BRAV3,BRAVA,ON      NM,462883017,0.361,,
2026-08-05,IBXL,IBrX 50,BPAC11,BTGP BANCO,UNT     N2,1194624560,2.792,,
2026-08-05,IBXL,IBrX 50,CMIG4,CEMIG,PN      N1,1904057894,0.885,,
2026-08-05,IBXL,IBrX 50,COGN3,COGNA ON,ON      NM,1915914094,0.178,,
2026-08-05,IBXL,IBrX 50,CPLE3,COPEL,ON      NM,2969406694,1.826,,
2026-08-05,IBXL,IBrX 50,CSAN3,COSAN,ON      NM,2242671999,0.374,,
2026-08-05,IBXL,IBrX 50,CYRE3,CYRELA REALT,ON      NM,281609283,0.248,,
2026-08-05,IBXL,IBrX 50,EMBJ3,EMBRAER,ON      NM,711833141,2.653,,
2026-08-05,IBXL,IBrX 50,ENGI11,ENERGISA,UNT     N2,325503046,0.675,,
2026-08-05,IBXL,IBrX 50,ENEV3,ENEVA,ON      NM,1913352180,2.140,,
2026-08-05,IBXL,IBrX 50,EQTL3,EQUATORIAL,ON      NM,1247728993,2.015,,
2026-08-05,IBXL,IBrX 50,GGBR4,GERDAU,PN      N1,1258208269,1.341,,
2026-08-05,IBXL,IBrX 50,HAPV3,HAPVIDA,ON      NM,271662290,0.132,,
2026-08-05,IBXL,IBrX 50,ITSA4,ITAUSA,PN      N1,5970738360,3.356,,
2026-08-05,IBXL,IBrX 50,ITUB4,ITAUUNIBANCO,PN  EJ  N1,5349695485,9.275,,
2026-08-05,IBXL,IBrX 50,KLBN11,KLABIN S/A,UNT     N2,804572623,0.605,,
2026-08-05,IBXL,IBrX 50,RENT3,LOCALIZA,ON      NM,978479038,1.575,,
2026-08-05,IBXL,IBrX 50,LREN3,LOJAS RENNER,ON      NM,982593716,0.553,,
2026-08-05,IBXL,IBrX 50,MGLU3,MAGAZ LUIZA,ON      NM,373155063,0.076,,
2026-08-05,IBXL,IBrX 50,POMO4,MARCOPOLO,PN      N2,728266241,0.144,,
2026-08-05,IBXL,IBrX 50,MBRF3,MARFRIG,ON      NM,761175338,0.531,,
2026-08-05,IBXL,IBrX 50,BEEF3,MINERVA,ON      NM,454804863,0.068,,
2026-08-05,IBXL,IBrX 50,MOTV3,MOTIVA SA,ON      NM,1002196725,0.617,,
2026-08-05,IBXL,IBrX 50,MULT3,MULTIPLAN,ON      N2,320022221,0.383,,
2026-08-05,IBXL,IBrX 50,NATU3,NATURA,ON      NM,838359453,0.291,,
2026-08-05,IBXL,IBrX 50,PETR3,PETROBRAS,ON      N2,3478483761,6.898,,
2026-08-05,IBXL,IBrX 50,PETR4,PETROBRAS,PN      N2,4410960450,7.720,,
2026-08-05,IBXL,IBrX 50,PRIO3,PRIO,ON      NM,757265605,1.823,,
2026-08-05,IBXL,IBrX 50,RADL3,RAIADROGASIL,ON      NM,1313915830,1.050,,
2026-08-05,IBXL,IBrX 50,RDOR3,REDE D OR,ON      NM,1091469308,1.546,,
2026-08-05,IBXL,IBrX 50,RAIL3,RUMO S.A.,ON      NM,1221155293,0.710,,
2026-08-05,IBXL,IBrX 50,SBSP3,SABESP,ON  ATZ NM,3506733260,4.045,,
2026-08-05,IBXL,IBrX 50,SMFT3,SMART FIT,ON      NM,556651316,0.459,,
2026-08-05,IBXL,IBrX 50,SUZB3,SUZANO S.A.,ON      NM,612918471,1.086,,
2026-08-05,IBXL,IBrX 50,VIVT3,TELEF BRASIL,ON  EJ,707125712,0.922,,
2026-08-05,IBXL,IBrX 50,TIMS3,TIM,ON      NM,777451080,0.603,,
2026-08-05,IBXL,IBrX 50,TOTS3,TOTVS,ON      NM,533997411,0.699,,
2026-08-05,IBXL,IBrX 50,UGPA3,ULTRAPAR,ON      NM,1067870496,1.434,,
2026-08-05,IBXL,IBrX 50,VALE3,VALE,ON      NM,4268646710,13.415,,
2026-08-05,IBXL,IBrX 50,VBBR3,VIBRA,ON      NM,1192004780,1.740,,
2026-08-05,IBXL,IBrX 50,WEGE3,WEG,ON      NM,1485954732,3.009,,
2026-08-06,IBXL,IBrX 50,ALOS3,ALLOS,ON      NM,478558715,0.543,,
2026-08-06,IBXL,IBrX 50,ABEV3,AMBEV S/A,ON,4273841357,2.794,,
2026-08-06,IBXL,IBrX 50,ASAI3,ASSAI,ON      NM,1338623499,0.488,,
2026-08-06,IBXL,IBrX 50,AXIA3,AXIA ENERGIA,ON      NM,1863816444,4.132,,
2026-08-06,IBXL,IBrX 50,B3SA3,B3,ON      NM,4997059816,3.208,,
2026-08-06,IBXL,IBrX 50,BBSE3,BBSEGURIDADE,ON      NM,616248544,1.060,,
2026-08-06,IBXL,IBrX 50,BBDC3,BRADESCO,ON  EJS N1,1548223583,1.007,,
2026-08-06,IBXL,IBrX 50,BBDC4,BRADESCO,PN  EJS N1,5392761254,4.018,,
2026-08-06,IBXL,IBrX 50,BBAS3,BRASIL,ON      NM,2842496541,2.470,,
2026-08-06,IBXL,IBrX 50,BRAV3,BRAVA,ON      NM,346772300,0.278,,
2026-08-06,IBXL,IBrX 50,BPAC11,BTGP BANCO,UNT     N2,1194624560,2.801,,
2026-08-06,IBXL,IBrX 50,CMIG4,CEMIG,PN      N1,1904057894,0.884,,
2026-08-06,IBXL,IBrX 50,COGN3,COGNA ON,ON  ATZ NM,1915914094,0.176,,
2026-08-06,IBXL,IBrX 50,CPLE3,COPEL,ON      NM,2969406694,1.821,,
2026-08-06,IBXL,IBrX 50,CSAN3,COSAN,ON      NM,2242671999,0.362,,
2026-08-06,IBXL,IBrX 50,CYRE3,CYRELA REALT,ON      NM,281609283,0.251,,
2026-08-06,IBXL,IBrX 50,EMBJ3,EMBRAER,ON      NM,711833141,2.733,,
2026-08-06,IBXL,IBrX 50,ENGI11,ENERGISA,UNT     N2,325503046,0.675,,
2026-08-06,IBXL,IBrX 50,ENEV3,ENEVA,ON      NM,1913352180,2.131,,
2026-08-06,IBXL,IBrX 50,EQTL3,EQUATORIAL,ON      NM,1247728993,2.018,,
2026-08-06,IBXL,IBrX 50,GGBR4,GERDAU,PN      N1,1258208269,1.366,,
2026-08-06,IBXL,IBrX 50,HAPV3,HAPVIDA,ON      NM,271662290,0.125,,
2026-08-06,IBXL,IBrX 50,ITSA4,ITAUSA,PN      N1,5970738360,3.384,,
2026-08-06,IBXL,IBrX 50,ITUB4,ITAUUNIBANCO,PN  EJ  N1,5349695485,9.359,,
2026-08-06,IBXL,IBrX 50,KLBN11,KLABIN S/A,UNT     N2,804572623,0.619,,
2026-08-06,IBXL,IBrX 50,RENT3,LOCALIZA,ON      NM,978479038,1.583,,
2026-08-06,IBXL,IBrX 50,LREN3,LOJAS RENNER,ON      NM,982593716,0.554,,
2026-08-06,IBXL,IBrX 50,MGLU3,MAGAZ LUIZA,ON      NM,373155063,0.074,,
2026-08-06,IBXL,IBrX 50,POMO4,MARCOPOLO,PN      N2,728266241,0.140,,
2026-08-06,IBXL,IBrX 50,MBRF3,MARFRIG,ON  ATZ NM,761175338,0.527,,
2026-08-06,IBXL,IBrX 50,BEEF3,MINERVA,ON      NM,454804863,0.068,,
2026-08-06,IBXL,IBrX 50,MOTV3,MOTIVA SA,ON      NM,1002196725,0.619,,
2026-08-06,IBXL,IBrX 50,MULT3,MULTIPLAN,ON      N2,320022221,0.379,,
2026-08-06,IBXL,IBrX 50,NATU3,NATURA,ON      NM,838359453,0.287,,
2026-08-06,IBXL,IBrX 50,PETR3,PETROBRAS,ON      N2,3478483761,6.770,,
2026-08-06,IBXL,IBrX 50,PETR4,PETROBRAS,PN      N2,4410960450,7.635,,
2026-08-06,IBXL,IBrX 50,PRIO3,PRIO,ON      NM,757265605,1.851,,
2026-08-06,IBXL,IBrX 50,RADL3,RAIADROGASIL,ON      NM,1313915830,1.115,,
2026-08-06,IBXL,IBrX 50,RDOR3,REDE D OR,ON      NM,1091469308,1.552,,
2026-08-06,IBXL,IBrX 50,RAIL3,RUMO S.A.,ON      NM,1221155293,0.705,,
2026-08-06,IBXL,IBrX 50,SBSP3,SABESP,ON      NM,3506733260,4.011,,
2026-08-06,IBXL,IBrX 50,SMFT3,SMART FIT,ON      NM,556651316,0.458,,
2026-08-06,IBXL,IBrX 50,SUZB3,SUZANO S.A.,ON      NM,612918471,1.084,,
2026-08-06,IBXL,IBrX 50,VIVT3,TELEF BRASIL,ON  EJ,707125712,0.911,,
2026-08-06,IBXL,IBrX 50,TIMS3,TIM,ON      NM,777451080,0.600,,
2026-08-06,IBXL,IBrX 50,TOTS3,TOTVS,ON      NM,533997411,0.717,,
2026-08-06,IBXL,IBrX 50,UGPA3,ULTRAPAR,ON      NM,1067870496,1.429,,
2026-08-06,IBXL,IBrX 50,VALE3,VALE,ON      NM,4268646710,13.508,,
2026-08-06,IBXL,IBrX 50,VBBR3,VIBRA,ON      NM,1192004780,1.727,,
2026-08-06,IBXL,IBrX 50,WEGE3,WEG,ON      NM,1485954732,2.993,,
2026-08-07,IBXL,IBrX 50,ALOS3,ALLOS,ON      NM,478558715,0.540,,
2026-08-07,IBXL,IBrX 50,ABEV3,AMBEV S/A,ON,4273841357,2.798,,
2026-08-07,IBXL,IBrX 50,ASAI3,ASSAI,ON      NM,1338623499,0.475,,
2026-08-07,IBXL,IBrX 50,AXIA3,AXIA ENERGIA,ON      NM,1863816444,4.143,,
2026-08-07,IBXL,IBrX 50,B3SA3,B3,ON      NM,4997059816,3.209,,
2026-08-07,IBXL,IBrX 50,BBSE3,BBSEGURIDADE,ON  ED  NM,616248544,1.004,,
2026-08-07,IBXL,IBrX 50,BBDC3,BRADESCO,ON  EJS N1,1548223583,1.000,,
2026-08-07,IBXL,IBrX 50,BBDC4,BRADESCO,PN  EJS N1,5392761254,3.991,,
2026-08-07,IBXL,IBrX 50,BBAS3,BRASIL,ON      NM,2842496541,2.410,,
2026-08-07,IBXL,IBrX 50,BRAV3,BRAVA,ON      NM,346772300,0.269,,
2026-08-07,IBXL,IBrX 50,BPAC11,BTGP BANCO,UNT     N2,1194624560,2.807,,
2026-08-07,IBXL,IBrX 50,CMIG4,CEMIG,PN      N1,1904057894,0.884,,
2026-08-07,IBXL,IBrX 50,COGN3,COGNA ON,ON  ATZ NM,1915914094,0.176,,
2026-08-07,IBXL,IBrX 50,CPLE3,COPEL,ON      NM,2969406694,1.850,,
2026-08-07,IBXL,IBrX 50,CSAN3,COSAN,ON      NM,2242671999,0.355,,
2026-08-07,IBXL,IBrX 50,CYRE3,CYRELA REALT,ON      NM,281609283,0.257,,
2026-08-07,IBXL,IBrX 50,EMBJ3,EMBRAER,ON      NM,711833141,2.728,,
2026-08-07,IBXL,IBrX 50,ENGI11,ENERGISA,UNT     N2,325503046,0.673,,
2026-08-07,IBXL,IBrX 50,ENEV3,ENEVA,ON      NM,1913352180,2.128,,
2026-08-07,IBXL,IBrX 50,EQTL3,EQUATORIAL,ON      NM,1247728993,2.005,,
2026-08-07,IBXL,IBrX 50,GGBR4,GERDAU,PN      N1,1258208269,1.349,,
2026-08-07,IBXL,IBrX 50,HAPV3,HAPVIDA,ON      NM,271662290,0.126,,
2026-08-07,IBXL,IBrX 50,ITSA4,ITAUSA,PN      N1,5970738360,3.372,,
2026-08-07,IBXL,IBrX 50,ITUB4,ITAUUNIBANCO,PN  EJ  N1,5349695485,9.356,,
2026-08-07,IBXL,IBrX 50,KLBN11,KLABIN S/A,UNT     N2,804572623,0.606,,
2026-08-07,IBXL,IBrX 50,RENT3,LOCALIZA,ON      NM,978479038,1.561,,
2026-08-07,IBXL,IBrX 50,LREN3,LOJAS RENNER,ON      NM,982593716,0.554,,
2026-08-07,IBXL,IBrX 50,MGLU3,MAGAZ LUIZA,ON      NM,373155063,0.071,,
2026-08-07,IBXL,IBrX 50,POMO4,MARCOPOLO,PN      N2,728266241,0.139,,
2026-08-07,IBXL,IBrX 50,MBRF3,MARFRIG,ON  ATZ NM,761175338,0.524,,
2026-08-07,IBXL,IBrX 50,BEEF3,MINERVA,ON      NM,454804863,0.067,,
2026-08-07,IBXL,IBrX 50,MOTV3,MOTIVA SA,ON      NM,1002196725,0.613,,
2026-08-07,IBXL,IBrX 50,MULT3,MULTIPLAN,ON      N2,320022221,0.373,,
2026-08-07,IBXL,IBrX 50,NATU3,NATURA,ON      NM,838359453,0.287,,
2026-08-07,IBXL,IBrX 50,PETR3,PETROBRAS,ON      N2,3478483761,6.880,,
2026-08-07,IBXL,IBrX 50,PETR4,PETROBRAS,PN      N2,4410960450,7.769,,
2026-08-07,IBXL,IBrX 50,PRIO3,PRIO,ON      NM,757265605,1.856,,
2026-08-07,IBXL,IBrX 50,RADL3,RAIADROGASIL,ON      NM,1313915830,1.105,,
2026-08-07,IBXL,IBrX 50,RDOR3,REDE D OR,ON      NM,1091469308,1.554,,
2026-08-07,IBXL,IBrX 50,RAIL3,RUMO S.A.,ON      NM,1221155293,0.700,,
2026-08-07,IBXL,IBrX 50,SBSP3,SABESP,ON      NM,3506733260,4.016,,
2026-08-07,IBXL,IBrX 50,SMFT3,SMART FIT,ON      NM,556651316,0.428,,
2026-08-07,IBXL,IBrX 50,SUZB3,SUZANO S.A.,ON      NM,612918471,1.075,,
2026-08-07,IBXL,IBrX 50,VIVT3,TELEF BRASIL,ON,707125712,0.913,,
2026-08-07,IBXL,IBrX 50,TIMS3,TIM,ON      NM,777451080,0.614,,
2026-08-07,IBXL,IBrX 50,TOTS3,TOTVS,ON      NM,533997411,0.719,,
2026-08-07,IBXL,IBrX 50,UGPA3,ULTRAPAR,ON      NM,1067870496,1.463,,
2026-08-07,IBXL,IBrX 50,VALE3,VALE,ON      NM,4268646710,13.454,,
2026-08-07,IBXL,IBrX 50,VBBR3,VIBRA,ON      NM,1192004780,1.747,,
2026-08-07,IBXL,IBrX 50,WEGE3,WEG,ON      NM,1485954732,3.007,,
2026-08-08,IBXL,IBrX 50,ALOS3,ALLOS,ON      NM,478558715,0.549,,
2026-08-08,IBXL,IBrX 50,ABEV3,AMBEV S/A,ON,4273841357,2.817,,
2026-08-08,IBXL,IBrX 50,ASAI3,ASSAI,ON      NM,1338623499,0.470,,
2026-08-08,IBXL,IBrX 50,AXIA3,AXIA ENERGIA,ON      NM,1863816444,4.210,,
2026-08-08,IBXL,IBrX 50,B3SA3,B3,ON      NM,4997059816,3.181,,
2026-08-08,IBXL,IBrX 50,BBSE3,BBSEGURIDADE,ON  ED  NM,616248544,1.007,,
2026-08-08,IBXL,IBrX 50,BBDC3,BRADESCO,ON  EJS N1,1548223583,0.999,,
2026-08-08,IBXL,IBrX 50,BBDC4,BRADESCO,PN  EJS N1,5392761254,3.974,,
2026-08-08,IBXL,IBrX 50,BBAS3,BRASIL,ON      NM,2842496541,2.428,,
2026-08-08,IBXL,IBrX 50,BRAV3,BRAVA,ON      NM,346772300,0.270,,
2026-08-08,IBXL,IBrX 50,BPAC11,BTGP BANCO,UNT     N2,1194624560,2.742,,
2026-08-08,IBXL,IBrX 50,CMIG4,CEMIG,PN      N1,1904057894,0.885,,
2026-08-08,IBXL,IBrX 50,COGN3,COGNA ON,ON  ATZ NM,1915914094,0.181,,
2026-08-08,IBXL,IBrX 50,CPLE3,COPEL,ON      NM,2969406694,1.855,,
2026-08-08,IBXL,IBrX 50,CSAN3,COSAN,ON      NM,2242671999,0.350,,
2026-08-08,IBXL,IBrX 50,CYRE3,CYRELA REALT,ON      NM,281609283,0.260,,
2026-08-08,IBXL,IBrX 50,EMBJ3,EMBRAER,ON      NM,711833141,2.804,,
2026-08-08,IBXL,IBrX 50,ENGI11,ENERGISA,UNT     N2,325503046,0.650,,
2026-08-08,IBXL,IBrX 50,ENEV3,ENEVA,ON      NM,1913352180,2.133,,
2026-08-08,IBXL,IBrX 50,EQTL3,EQUATORIAL,ON      NM,1247728993,1.981,,
2026-08-08,IBXL,IBrX 50,GGBR4,GERDAU,PN      N1,1258208269,1.342,,
2026-08-08,IBXL,IBrX 50,HAPV3,HAPVIDA,ON      NM,271662290,0.124,,
2026-08-08,IBXL,IBrX 50,ITSA4,ITAUSA,PN      N1,5970738360,3.358,,
2026-08-08,IBXL,IBrX 50,ITUB4,ITAUUNIBANCO,PN  EJ  N1,5349695485,9.282,,
2026-08-08,IBXL,IBrX 50,KLBN11,KLABIN S/A,UNT     N2,804572623,0.617,,
2026-08-08,IBXL,IBrX 50,RENT3,LOCALIZA,ON      NM,978479038,1.576,,
2026-08-08,IBXL,IBrX 50,LREN3,LOJAS RENNER,ON      NM,982593716,0.518,,
2026-08-08,IBXL,IBrX 50,MGLU3,MAGAZ LUIZA,ON      NM,373155063,0.070,,
2026-08-08,IBXL,IBrX 50,POMO4,MARCOPOLO,PN      N2,728266241,0.140,,
2026-08-08,IBXL,IBrX 50,MBRF3,MARFRIG,ON  ATZ NM,761175338,0.521,,
2026-08-08,IBXL,IBrX 50,BEEF3,MINERVA,ON      NM,454804863,0.067,,
2026-08-08,IBXL,IBrX 50,MOTV3,MOTIVA SA,ON      NM,1002196725,0.618,,
2026-08-08,IBXL,IBrX 50,MULT3,MULTIPLAN,ON      N2,320022221,0.379,,
2026-08-08,IBXL,IBrX 50,NATU3,NATURA,ON      NM,838359453,0.296,,
2026-08-08,IBXL,IBrX 50,PETR3,PETROBRAS,ON      N2,3478483761,6.767,,
2026-08-08,IBXL,IBrX 50,PETR4,PETROBRAS,PN      N2,4410960450,7.676,,
2026-08-08,IBXL,IBrX 50,PRIO3,PRIO,ON      NM,757265605,1.852,,
2026-08-08,IBXL,IBrX 50,RADL3,RAIADROGASIL,ON      NM,1313915830,1.131,,
2026-08-08,IBXL,IBrX 50,RDOR3,REDE D OR,ON      NM,1091469308,1.576,,
2026-08-08,IBXL,IBrX 50,RAIL3,RUMO S.A.,ON      NM,1221155293,0.707,,
2026-08-08,IBXL,IBrX 50,SBSP3,SABESP,ON      NM,3506733260,4.015,,
2026-08-08,IBXL,IBrX 50,SMFT3,SMART FIT,ON      NM,556651316,0.430,,
2026-08-08,IBXL,IBrX 50,SUZB3,SUZANO S.A.,ON      NM,612918471,1.088,,
2026-08-08,IBXL,IBrX 50,VIVT3,TELEF BRASIL,ON,707125712,0.921,,
2026-08-08,IBXL,IBrX 50,TIMS3,TIM,ON      NM,777451080,0.621,,
2026-08-08,IBXL,IBrX 50,TOTS3,TOTVS,ON      NM,533997411,0.732,,
2026-08-08,IBXL,IBrX 50,UGPA3,ULTRAPAR,ON      NM,1067870496,1.422,,
2026-08-08,IBXL,IBrX 50,VALE3,VALE,ON      NM,4268646710,13.626,,
2026-08-08,IBXL,IBrX 50,VBBR3,VIBRA,ON      NM,1192004780,1.737,,
2026-08-08,IBXL,IBrX 50,WEGE3,WEG,ON      NM,1485954732,3.045,,
2026-08-10,IBXL,IBrX 50,ALOS3,ALLOS,ON      NM,478558715,0.549,,
2026-08-10,IBXL,IBrX 50,ABEV3,AMBEV S/A,ON,4273841357,2.817,,
2026-08-10,IBXL,IBrX 50,ASAI3,ASSAI,ON      NM,1338623499,0.470,,
2026-08-10,IBXL,IBrX 50,AXIA3,AXIA ENERGIA,ON      NM,1863816444,4.210,,
2026-08-10,IBXL,IBrX 50,B3SA3,B3,ON      NM,4997059816,3.181,,
2026-08-10,IBXL,IBrX 50,BBSE3,BBSEGURIDADE,ON  ED  NM,616248544,1.007,,
2026-08-10,IBXL,IBrX 50,BBDC3,BRADESCO,ON  EJS N1,1548223583,0.999,,
2026-08-10,IBXL,IBrX 50,BBDC4,BRADESCO,PN  EJS N1,5392761254,3.974,,
2026-08-10,IBXL,IBrX 50,BBAS3,BRASIL,ON      NM,2842496541,2.428,,
2026-08-10,IBXL,IBrX 50,BRAV3,BRAVA,ON      NM,346772300,0.270,,
2026-08-10,IBXL,IBrX 50,BPAC11,BTGP BANCO,UNT     N2,1194624560,2.742,,
2026-08-10,IBXL,IBrX 50,CMIG4,CEMIG,PN      N1,1904057894,0.885,,
2026-08-10,IBXL,IBrX 50,COGN3,COGNA ON,ON  ATZ NM,1915914094,0.181,,
2026-08-10,IBXL,IBrX 50,CPLE3,COPEL,ON      NM,2969406694,1.855,,
2026-08-10,IBXL,IBrX 50,CSAN3,COSAN,ON      NM,2242671999,0.350,,
2026-08-10,IBXL,IBrX 50,CYRE3,CYRELA REALT,ON      NM,281609283,0.260,,
2026-08-10,IBXL,IBrX 50,EMBJ3,EMBRAER,ON      NM,711833141,2.804,,
2026-08-10,IBXL,IBrX 50,ENGI11,ENERGISA,UNT     N2,325503046,0.650,,
2026-08-10,IBXL,IBrX 50,ENEV3,ENEVA,ON      NM,1913352180,2.133,,
2026-08-10,IBXL,IBrX 50,EQTL3,EQUATORIAL,ON      NM,1247728993,1.981,,
2026-08-10,IBXL,IBrX 50,GGBR4,GERDAU,PN      N1,1258208269,1.342,,
2026-08-10,IBXL,IBrX 50,HAPV3,HAPVIDA,ON      NM,271662290,0.124,,
2026-08-10,IBXL,IBrX 50,ITSA4,ITAUSA,PN      N1,5970738360,3.358,,
2026-08-10,IBXL,IBrX 50,ITUB4,ITAUUNIBANCO,PN  EJ  N1,5349695485,9.282,,
2026-08-10,IBXL,IBrX 50,KLBN11,KLABIN S/A,UNT     N2,804572623,0.617,,
2026-08-10,IBXL,IBrX 50,RENT3,LOCALIZA,ON      NM,978479038,1.576,,
2026-08-10,IBXL,IBrX 50,LREN3,LOJAS RENNER,ON      NM,982593716,0.518,,
2026-08-10,IBXL,IBrX 50,MGLU3,MAGAZ LUIZA,ON      NM,373155063,0.070,,
2026-08-10,IBXL,IBrX 50,POMO4,MARCOPOLO,PN      N2,728266241,0.140,,
2026-08-10,IBXL,IBrX 50,MBRF3,MARFRIG,ON  ATZ NM,761175338,0.521,,
2026-08-10,IBXL,IBrX 50,BEEF3,MINERVA,ON      NM,454804863,0.067,,
2026-08-10,IBXL,IBrX 50,MOTV3,MOTIVA SA,ON      NM,1002196725,0.618,,
2026-08-10,IBXL,IBrX 50,MULT3,MULTIPLAN,ON      N2,320022221,0.379,,
2026-08-10,IBXL,IBrX 50,NATU3,NATURA,ON      NM,838359453,0.296,,
2026-08-10,IBXL,IBrX 50,PETR3,PETROBRAS,ON      N2,3478483761,6.767,,
2026-08-10,IBXL,IBrX 50,PETR4,PETROBRAS,PN      N2,4410960450,7.676,,
2026-08-10,IBXL,IBrX 50,PRIO3,PRIO,ON      NM,757265605,1.852,,
2026-08-10,IBXL,IBrX 50,RADL3,RAIADROGASIL,ON      NM,1313915830,1.131,,
2026-08-10,IBXL,IBrX 50,RDOR3,REDE D OR,ON      NM,1091469308,1.576,,
2026-08-10,IBXL,IBrX 50,RAIL3,RUMO S.A.,ON      NM,1221155293,0.707,,
2026-08-10,IBXL,IBrX 50,SBSP3,SABESP,ON      NM,3506733260,4.015,,
2026-08-10,IBXL,IBrX 50,SMFT3,SMART FIT,ON      NM,556651316,0.430,,
2026-08-10,IBXL,IBrX 50,SUZB3,SUZANO S.A.,ON      NM,612918471,1.088,,
2026-08-10,IBXL,IBrX 50,VIVT3,TELEF BRASIL,ON,707125712,0.921,,
2026-08-10,IBXL,IBrX 50,TIMS3,TIM,ON      NM,777451080,0.621,,
2026-08-10,IBXL,IBrX 50,TOTS3,TOTVS,ON      NM,533997411,0.732,,
2026-08-10,IBXL,IBrX 50,UGPA3,ULTRAPAR,ON      NM,1067870496,1.422,,
2026-08-10,IBXL,IBrX 50,VALE3,VALE,ON      NM,4268646710,13.626,,
2026-08-10,IBXL,IBrX 50,VBBR3,VIBRA,ON      NM,1192004780,1.737,,
2026-08-10,IBXL,IBrX 50,WEGE3,WEG,ON      NM,1485954732,3.045,,
