data_captura,data_referencia,tipo_ativo,codigo,isin,limite_quantidade
2025-01-01,2025-06-01,Ações_BDRs_ETFs_Units,A1AP34,BRA1APBDR001,12453000.0
2025-01-01,2025-06-01,Ações_BDRs_ETFs_Units,A1CR34,BRA1CRBDR003,3858000.0
2025-01-01,2025-06-01,Ações_BDRs_ETFs_Units,A1DC34,BRA1DCBDR003,3802000.0
2025-01-01,2025-06-01,Ações_BDRs_ETFs_Units,A1DI34,BRA1DIBDR000,367000.0
2025-01-01,2025-06-01,Ações_BDRs_ETFs_Units,A1DM34,BRA1DMBDR002,734000.0
2025-01-01,2025-06-01,Ações_BDRs_ETFs_Units,A1EE34,BRA1EEBDR007,731000.0
2025-01-01,2025-06-01,Ações_BDRs_ETFs_Units,A1EG34,BRA1EGBDR002,4498000.0
2025-01-01,2025-06-01,Ações_BDRs_ETFs_Units,A1EN34,BRA1ENBDR008,556000.0
2025-01-01,2025-06-01,Ações_BDRs_ETFs_Units,A1EP34,BRA1EPBDR003,694000.0
2025-01-01,2025-06-01,Ações_BDRs_ETFs_Units,A1ES34,BRA1ESBDR007,3647000.0
2025-01-01,2025-06-01,Ações_BDRs_ETFs_Units,A1FL34,BRA1FLBDR009,343000.0
2025-01-01,2025-06-01,Ações_BDRs_ETFs_Units,A1GI34,BRA1GIBDR003,651000.0
2025-01-01,2025-06-01,Ações_BDRs_ETFs_Units,A1GN34,BRA1GNBDR003,521000.0
2025-01-01,2025-06-01,Ações_BDRs_ETFs_Units,A1HR34,BRA1HRBDR002,2150000.0
2025-01-01,2025-06-01,Ações_BDRs_ETFs_Units,A1JG34,BRA1JGBDR001,204000.0
2025-01-01,2025-06-01,Ações_BDRs_ETFs_Units,A1KA34,BRA1KABDR002,5479000.0
2025-01-01,2025-06-01,Ações_BDRs_ETFs_Units,A1LB34,BRA1LBBDR008,14815000.0
2025-01-01,2025-06-01,Ações_BDRs_ETFs_Units,A1LG34,BRA1LGBDR007,764000.0
2025-01-01,2025-06-01,Ações_BDRs_ETFs_Units,A1LK34,BRA1LKBDR009,689000.0
2025-01-01,2025-06-01,Ações_BDRs_ETFs_Units,A1LL34,BRA1LLBDR007,1746000.0
2025-01-01,2025-06-01,Ações_BDRs_ETFs_Units,A1LN34,BRA1LNBDR003,2427000.0
2025-01-01,2025-06-01,Ações_BDRs_ETFs_Units,A1MD34,BRA1MDBDR002,2523000.0
2025-01-01,2025-06-01,Ações_BDRs_ETFs_Units,A1ME34,BRA1MEBDR000,4739000.0
2025-01-01,2025-06-01,Ações_BDRs_ETFs_Units,A1MP34,BRA1MPBDR006,273000.0
2025-01-01,2025-06-01,Ações_BDRs_ETFs_Units,A1MT34,BRA1MTBDR008,2077000.0
2025-01-01,2025-06-01,Ações_BDRs_ETFs_Units,A1NE34,BRA1NEBDR008,1521000.0
2025-01-01,2025-06-01,Ações_BDRs_ETFs_Units,A1NS34,BRA1NSBDR008,423000.0
2025-01-01,2025-06-01,Ações_BDRs_ETFs_Units,A1ON34,BRA1ONBDR007,394000.0
2025-01-01,2025-06-01,Ações_BDRs_ETFs_Units,A1OS34,BRA1OSBDR006,547000.0
2025-01-01,2025-06-01,Ações_BDRs_ETFs_Units,A1PA34,BRA1PABDR001,2033000.0
2025-01-01,2025-06-01,Ações_BDRs_ETFs_Units,A1PD34,BRA1PDBDR005,509000.0
2025-01-01,2025-06-01,Ações_BDRs_ETFs_Units,A1PH34,BRA1PHBDR006,799000.0
2025-01-01,2025-06-01,Ações_BDRs_ETFs_Units,A1PL34,BRA1PLBDR008,5027000.0
2025-01-01,2025-06-01,Ações_BDRs_ETFs_Units,A1PO34,BRA1POBDR002,3956000.0
2025-01-01,2025-06-01,Ações_BDRs_ETFs_Units,A1PP34,BRA1PPBDR009,4067000.0
2025-01-01,2025-06-01,Ações_BDRs_ETFs_Units,A1RE34,BRA1REBDR009,2014000.0
2025-01-01,2025-06-01,Ações_BDRs_ETFs_Units,A1RG34,BRA1RGBDR004,1515000.0
2025-01-01,2025-06-01,Ações_BDRs_ETFs_Units,A1SN34,BRA1SNBDR008,3134000.0
2025-01-01,2025-06-01,Ações_BDRs_ETFs_Units,A1SU34,BRA1SUBDR003,720000.0
2025-01-01,2025-06-01,Ações_BDRs_ETFs_Units,A1TH34,BRA1THBDR008,2593000.0
2025-01-01,2025-06-01,Ações_BDRs_ETFs_Units,A1TM34,BRA1TMBDR008,450000.0
2025-01-01,2025-06-01,Ações_BDRs_ETFs_Units,A1TT34,BRA1TTBDR003,4091000.0
2025-01-01,2025-06-01,Ações_BDRs_ETFs_Units,A1UT34,BRA1UTBDR001,468000.0
2025-01-01,2025-06-01,Ações_BDRs_ETFs_Units,A1VB34,BRA1VBBDR007,694000.0
2025-01-01,2025-06-01,Ações_BDRs_ETFs_Units,A1VY34,BRA1VYBDR009,377000.0
2025-01-01,2025-06-01,Ações_BDRs_ETFs_Units,A1WK34,BRA1WKBDR006,997000.0
2025-01-01,2025-06-01,Ações_BDRs_ETFs_Units,A1ZN34,BRA1ZNBDR003,2913000.0
2025-01-01,2025-06-01,Ações_BDRs_ETFs_Units,A2LC34,BRA2LCBDR004,3633000.0
2025-01-01,2025-06-01,Ações_BDRs_ETFs_Units,A2MB34,BRA2MBBDR004,7941000.0
2025-01-01,2025-06-01,Ações_BDRs_ETFs_Units,A2RE34,BRA2REBDR007,2138000.0
2025-01-01,2025-06-01,Ações_BDRs_ETFs_Units,A2RR34,BRA2RRBDR009,6193000.0
2025-01-01,2025-06-01,Ações_BDRs_ETFs_Units,A2RW34,BRA2RWBDR009,3755000.0
2025-01-01,2025-06-01,Ações_BDRs_ETFs_Units,A2SO34,BRA2SOBDR004,3250000.0
2025-01-01,2025-06-01,Ações_BDRs_ETFs_Units,A2XO34,BRA2XOBDR004,838000.0
2025-01-01,2025-06-01,Ações_BDRs_ETFs_Units,A2ZT34,BRA2ZTBDR008,3242000.0
2025-01-01,2025-06-01,Ações_BDRs_ETFs_Units,AAGO34,BRAAGOBDR007,5929000.0
2025-01-01,2025-06-01,Ações_BDRs_ETFs_Units,AALL34,BRAALLBDR003,3064000.0
2025-01-01,2025-06-01,Ações_BDRs_ETFs_Units,AAPL34,BRAAPLBDR004,4390000.0
2025-01-01,2025-06-01,Ações_BDRs_ETFs_Units,ABAM34,BRABAMBDR002,970000.0
2025-01-01,2025-06-01,Ações_BDRs_ETFs_Units,ABBV34,BRABBVBDR001,3033000.0
2025-01-01,2025-06-01,Ações_BDRs_ETFs_Units,ABCB4,BRABCBACNPR4,1475000.0
2025-01-01,2025-06-01,Ações_BDRs_ETFs_Units,ABEV3,BRABEVACNOR1,82385000.0
2025-01-01,2025-06-01,Ações_BDRs_ETFs_Units,ABTT34,BRABTTBDR007,3174000.0
2025-01-01,2025-06-01,Ações_BDRs_ETFs_Units,ABUD34,BRABUDBDR009,3026000.0
2025-01-01,2025-06-01,Ações_BDRs_ETFs_Units,ACNB34,BRACNBBDR006,111000.0
2025-01-01,2025-06-01,Ações_BDRs_ETFs_Units,ACWI11,BRACWICTF001,14640000.0
2025-01-01,2025-06-01,Ações_BDRs_ETFs_Units,ADBE34,BRADBEBDR003,4227000.0
2025-01-01,2025-06-01,Ações_BDRs_ETFs_Units,ADPR34,BRADPRBDR005,2627000.0
2025-01-01,2025-06-01,Ações_BDRs_ETFs_Units,AIGB34,BRAIGBBDR007,422000.0
2025-01-01,2025-06-01,Ações_BDRs_ETFs_Units,AIRB34,BRAIRBBDR004,5474000.0
2025-01-01,2025-06-01,Ações_BDRs_ETFs_Units,AKZA34,BRAKZABDR005,1866000.0
2025-01-01,2025-06-01,Ações_BDRs_ETFs_Units,ALOS3,BRALOSACNOR5,10568000.0
2025-01-01,2025-06-01,Ações_BDRs_ETFs_Units,ALPA4,BRALPAACNPR7,5884000.0
2025-01-01,2025-06-01,Ações_BDRs_ETFs_Units,ALUG11,BRALUGCTF000,4871000.0
2025-01-01,2025-06-01,Ações_BDRs_ETFs_Units,ALUP11,BRALUPCDAM15,2360000.0
2025-01-01,2025-06-01,Ações_BDRs_ETFs_Units,AMGN34,BRAMGNBDR004,3518000.0
2025-01-01,2025-06-01,Ações_BDRs_ETFs_Units,AMZO34,BRAMZOBDR002,4469000.0
2025-01-01,2025-06-01,Ações_BDRs_ETFs_Units,ANGV39,BRANGVBDR005,1025000.0
2025-01-01,2025-06-01,Ações_BDRs_ETFs_Units,ANIM3,BRANIMACNOR6,29968000.0
2025-01-01,2025-06-01,Ações_BDRs_ETFs_Units,APTV34,BRAPTVBDR003,1035000.0
2025-01-01,2025-06-01,Ações_BDRs_ETFs_Units,ARMT34,BRARMTBDR008,1793000.0
2025-01-01,2025-06-01,Ações_BDRs_ETFs_Units,ARNC34,BRARNCBDR002,208000.0
2025-01-01,2025-06-01,Ações_BDRs_ETFs_Units,ASAI3,BRASAIACNOR0,41444000.0
2025-01-01,2025-06-01,Ações_BDRs_ETFs_Units,ASML34,BRASMLBDR003,2613000.0
2025-01-01,2025-06-01,Ações_BDRs_ETFs_Units,ATTB34,BRATTBBDR007,3843000.0
2025-01-01,2025-06-01,Ações_BDRs_ETFs_Units,AURA33,BRAURABDR001,665000.0
2025-01-01,2025-06-01,Ações_BDRs_ETFs_Units,AURE3,BRAUREACNOR9,15605000.0
2025-01-01,2025-06-01,Ações_BDRs_ETFs_Units,AVGO34,BRAVGOBDR003,10805000.0
2025-01-01,2025-06-01,Ações_BDRs_ETFs_Units,AWII34,BRAWIIBDR009,136000.0
2025-01-01,2025-06-01,Ações_BDRs_ETFs_Units,AXPB34,BRAXPBBDR007,1039000.0
2025-01-01,2025-06-01,Ações_BDRs_ETFs_Units,AZOI34,BRAZOIBDR000,2046000.0
2025-01-01,2025-06-01,Ações_BDRs_ETFs_Units,AZZA3,BRAZZAACNOR9,5654000.0
2025-01-01,2025-06-01,Ações_BDRs_ETFs_Units,B1AM34,BRB1AMBDR007,2439000.0
2025-01-01,2025-06-01,Ações_BDRs_ETFs_Units,B1AX34,BRB1AXBDR004,2230000.0
2025-01-01,2025-06-01,Ações_BDRs_ETFs_Units,B1BT34,BRB1BTBDR000,864000.0
2025-01-01,2025-06-01,Ações_BDRs_ETFs_Units,B1BW34,BRB1BWBDR012,4543000.0
2025-01-01,2025-06-01,Ações_BDRs_ETFs_Units,B1CS34,BRB1CSBDR000,1972000.0
2025-01-01,2025-06-01,Ações_BDRs_ETFs_Units,B1DX34,BRB1DXBDR008,1011000.0
2025-01-01,2025-06-01,Ações_BDRs_ETFs_Units,B1FC34,BRB1FCBDR007,995000.0
2025-01-01,2025-06-01,Ações_BDRs_ETFs_Units,B1IL34,BRB1ILBDR002,9188000.0
2025-01-01,2025-06-01,Ações_BDRs_ETFs_Units,B1KR34,BRB1KRBDR005,949000.0
2025-01-01,2025-06-01,Ações_BDRs_ETFs_Units,B1LL34,BRB1LLBDR006,1374000.0
2025-01-01,2025-06-01,Ações_BDRs_ETFs_Units,B1ME34,BRB1MEBDR009,3813000.0
2025-01-01,2025-06-01,Ações_BDRs_ETFs_Units,B1MR34,BRB1MRBDR001,1214000.0
2025-01-01,2025-06-01,Ações_BDRs_ETFs_Units,B1NT34,BRB1NTBDR005,5714000.0
2025-01-01,2025-06-01,Ações_BDRs_ETFs_Units,B1PP34,BRB1PPBDR008,4855000.0
2025-01-01,2025-06-01,Ações_BDRs_ETFs_Units,B1RF34,BRB1RFBDR005,767000.0
2025-01-01,2025-06-01,Ações_BDRs_ETFs_Units,B1SX34,BRB1SXBDR006,335000.0
2025-01-01,2025-06-01,Ações_BDRs_ETFs_Units,B1TI34,BRB1TIBDR005,3851000.0
2025-01-01,2025-06-01,Ações_BDRs_ETFs_Units,B1WA34,BRB1WABDR006,1102000.0
2025-01-01,2025-06-01,Ações_BDRs_ETFs_Units,B2AH34,BRB2AHBDR005,2731000.0
2025-01-01,2025-06-01,Ações_BDRs_ETFs_Units,B2AP34,BRB2APBDR008,1574000.0
2025-01-01,2025-06-01,Ações_BDRs_ETFs_Units,B2HI34,BRB2HIBDR008,138895000.0
2025-01-01,2025-06-01,Ações_BDRs_ETFs_Units,B2LN34,BRB2LNBDR000,3728000.0
2025-01-01,2025-06-01,Ações_BDRs_ETFs_Units,B2MB34,BRB2MBBDR003,9115000.0
2025-01-01,2025-06-01,Ações_BDRs_ETFs_Units,B2RK34,BRB2RKBDR003,9337000.0
2025-01-01,2025-06-01,Ações_BDRs_ETFs_Units,B2UR34,BRB2URBDR002,4376000.0
2025-01-01,2025-06-01,Ações_BDRs_ETFs_Units,B3BR11,BRB3BRCTF009,26205000.0
2025-01-01,2025-06-01,Ações_BDRs_ETFs_Units,B5MBETF11,BRB5MBCTF005,3058000.0
2025-01-01,2025-06-01,Ações_BDRs_ETFs_Units,B5P2ETF11,BRB5P2CTF001,13500000.0
2025-01-01,2025-06-01,Ações_BDRs_ETFs_Units,BAAX39,BRBAAXBDR009,2181000.0
2025-01-01,2025-06-01,Ações_BDRs_ETFs_Units,BABA34,BRBABABDR005,9449000.0
2025-01-01,2025-06-01,Ações_BDRs_ETFs_Units,BACW39,BRBACWBDR007,2849000.0
2025-01-01,2025-06-01,Ações_BDRs_ETFs_Units,BAER39,BRBAERBDR003,4012000.0
2025-01-01,2025-06-01,Ações_BDRs_ETFs_Units,BARR34,BRBARRBDR005,3102000.0
2025-01-01,2025-06-01,Ações_BDRs_ETFs_Units,BBAS3,BRBBASACNOR3,46319000.0
2025-01-01,2025-06-01,Ações_BDRs_ETFs_Units,BBCN39,BRBBCNBDR004,737000.0
2025-01-01,2025-06-01,Ações_BDRs_ETFs_Units,BBDC3,BRBBDCACNOR1,21531000.0
2025-01-01,2025-06-01,Ações_BDRs_ETFs_Units,BBDC4,BRBBDCACNPR8,100300000.0
2025-01-01,2025-06-01,Ações_BDRs_ETFs_Units,BBER39,BRBBERBDR001,719000.0
2025-01-01,2025-06-01,Ações_BDRs_ETFs_Units,BBJP39,BRBBJPBDR004,2905000.0
2025-01-01,2025-06-01,Ações_BDRs_ETFs_Units,BBOV11,BRBBOVCTF001,45611000.0
2025-01-01,2025-06-01,Ações_BDRs_ETFs_Units,BBSE3,BRBBSEACNOR5,12000000.0
2025-01-01,2025-06-01,Ações_BDRs_ETFs_Units,BBUS39,BRBBUSBDR005,882000.0
2025-01-01,2025-06-01,Ações_BDRs_ETFs_Units,BBYY34,BRBBYYBDR005,477000.0
2025-01-01,2025-06-01,Ações_BDRs_ETFs_Units,BCHI39,BRBCHIBDR001,5266000.0
2025-01-01,2025-06-01,Ações_BDRs_ETFs_Units,BCIR39,BRBCIRBDR000,2292000.0
2025-01-01,2025-06-01,Ações_BDRs_ETFs_Units,BCPX39,BRBCPXBDR003,3006000.0
2025-01-01,2025-06-01,Ações_BDRs_ETFs_Units,BCSA34,BRBCSABDR005,2110000.0
2025-01-01,2025-06-01,Ações_BDRs_ETFs_Units,BDEF11,BRBDEFCTF001,6495000.0
2025-01-01,2025-06-01,Ações_BDRs_ETFs_Units,BDVY39,BRBDVYBDR007,1815000.0
2025-01-01,2025-06-01,Ações_BDRs_ETFs_Units,BEEF3,BRBEEFACNOR6,29213000.0
2025-01-01,2025-06-01,Ações_BDRs_ETFs_Units,BEEM39,BRBEEMBDR006,4598000.0
2025-01-01,2025-06-01,Ações_BDRs_ETFs_Units,BEFA39,BRBEFABDR008,3175000.0
2025-01-01,2025-06-01,Ações_BDRs_ETFs_Units,BEFG39,BRBEFGBDR005,2995000.0
2025-01-01,2025-06-01,Ações_BDRs_ETFs_Units,BEFV39,BRBEFVBDR004,3327000.0
2025-01-01,2025-06-01,Ações_BDRs_ETFs_Units,BEGD39,BRBEGDBDR000,1659000.0
2025-01-01,2025-06-01,Ações_BDRs_ETFs_Units,BEGE39,BRBEGEBDR008,1100000.0
2025-01-01,2025-06-01,Ações_BDRs_ETFs_Units,BEGU39,BRBEGUBDR004,2559000.0
2025-01-01,2025-06-01,Ações_BDRs_ETFs_Units,BEMC39,BRBEMCBDR000,2927000.0
2025-01-01,2025-06-01,Ações_BDRs_ETFs_Units,BEMV39,BRBEMVBDR000,741000.0
2025-01-01,2025-06-01,Ações_BDRs_ETFs_Units,BERK34,BRBERKBDR002,1487000.0
2025-01-01,2025-06-01,Ações_BDRs_ETFs_Units,BEWA39,BRBEWABDR003,2464000.0
2025-01-01,2025-06-01,Ações_BDRs_ETFs_Units,BEWC39,BRBEWCBDR009,3145000.0
2025-01-01,2025-06-01,Ações_BDRs_ETFs_Units,BEWG39,BRBEWGBDR000,2520000.0
2025-01-01,2025-06-01,Ações_BDRs_ETFs_Units,BEWH39,BRBEWHBDR008,5098000.0
2025-01-01,2025-06-01,Ações_BDRs_ETFs_Units,BEWJ39,BRBEWJBDR004,3827000.0
2025-01-01,2025-06-01,Ações_BDRs_ETFs_Units,BEWL39,BRBEWLBDR000,979000.0
2025-01-01,2025-06-01,Ações_BDRs_ETFs_Units,BEWT39,BRBEWTBDR003,3948000.0
2025-01-01,2025-06-01,Ações_BDRs_ETFs_Units,BEWU39,BRBEWUBDR001,1897000.0
2025-01-01,2025-06-01,Ações_BDRs_ETFs_Units,BEWW39,BRBEWWBDR007,2313000.0
2025-01-01,2025-06-01,Ações_BDRs_ETFs_Units,BEWY39,BRBEWYBDR003,4624000.0
2025-01-01,2025-06-01,Ações_BDRs_ETFs_Units,BEWZ39,BRBEWZBDR000,3795000.0
2025-01-01,2025-06-01,Ações_BDRs_ETFs_Units,BEZU39,BRBEZUBDR004,2390000.0
2025-01-01,2025-06-01,Ações_BDRs_ETFs_Units,BFAV39,BRBFAVBDR002,1600000.0
2025-01-01,2025-06-01,Ações_BDRs_ETFs_Units,BFDA39,BRBFDABDR000,2602000.0
2025-01-01,2025-06-01,Ações_BDRs_ETFs_Units,BFDL39,BRBFDLBDR007,1619000.0
2025-01-01,2025-06-01,Ações_BDRs_ETFs_Units,BFDN39,BRBFDNBDR003,4612000.0
2025-01-01,2025-06-01,Ações_BDRs_ETFs_Units,BFTS39,BRBFTSBDR008,1035000.0
2025-01-01,2025-06-01,Ações_BDRs_ETFs_Units,BFVD39,BRBFVDBDR006,1159000.0
2025-01-01,2025-06-01,Ações_BDRs_ETFs_Units,BFXI39,BRBFXIBDR001,4963000.0
2025-01-01,2025-06-01,Ações_BDRs_ETFs_Units,BGOV39,BRBGOVBDR001,4640000.0
2025-01-01,2025-06-01,Ações_BDRs_ETFs_Units,BGRI39,BRBGRIBDR001,683000.0
2025-01-01,2025-06-01,Ações_BDRs_ETFs_Units,BGRT39,BRBGRTBDR008,897000.0
2025-01-01,2025-06-01,Ações_BDRs_ETFs_Units,BGWH39,BRBGWHBDR003,2837000.0
2025-01-01,2025-06-01,Ações_BDRs_ETFs_Units,BHDV39,BRBHDVBDR002,1948000.0
2025-01-01,2025-06-01,Ações_BDRs_ETFs_Units,BHEF39,BRBHEFBDR003,2236000.0
2025-01-01,2025-06-01,Ações_BDRs_ETFs_Units,BHVN34,BRBHVNBDR001,2340000.0
2025-01-01,2025-06-01,Ações_BDRs_ETFs_Units,BIBB39,BRBIBBBDR006,4323000.0
2025-01-01,2025-06-01,Ações_BDRs_ETFs_Units,BICL39,BRBICLBDR003,1842000.0
2025-01-01,2025-06-01,Ações_BDRs_ETFs_Units,BIDU34,BRBIDUBDR002,5888000.0
2025-01-01,2025-06-01,Ações_BDRs_ETFs_Units,BIEF39,BRBIEFBDR001,3415000.0
2025-01-01,2025-06-01,Ações_BDRs_ETFs_Units,BIEI39,BRBIEIBDR005,3588000.0
2025-01-01,2025-06-01,Ações_BDRs_ETFs_Units,BIEM39,BRBIEMBDR007,3697000.0
2025-01-01,2025-06-01,Ações_BDRs_ETFs_Units,BIET39,BRBIETBDR002,10319000.0
2025-01-01,2025-06-01,Ações_BDRs_ETFs_Units,BIEU39,BRBIEUBDR000,1790000.0
2025-01-01,2025-06-01,Ações_BDRs_ETFs_Units,BIGF39,BRBIGFBDR006,1137000.0
2025-01-01,2025-06-01,Ações_BDRs_ETFs_Units,BIHI39,BRBIHIBDR008,11874000.0
2025-01-01,2025-06-01,Ações_BDRs_ETFs_Units,BIIB34,BRBIIBBDR001,1646000.0
2025-01-01,2025-06-01,Ações_BDRs_ETFs_Units,BIJH39,BRBIJHBDR006,11627000.0
2025-01-01,2025-06-01,Ações_BDRs_ETFs_Units,BIJR39,BRBIJRBDR005,2670000.0
2025-01-01,2025-06-01,Ações_BDRs_ETFs_Units,BIJS39,BRBIJSBDR003,1052000.0
2025-01-01,2025-06-01,Ações_BDRs_ETFs_Units,BILB34,BRBILBBDR005,847000.0
2025-01-01,2025-06-01,Ações_BDRs_ETFs_Units,BILF39,BRBILFBDR006,1703000.0
2025-01-01,2025-06-01,Ações_BDRs_ETFs_Units,BITB39,BRBITBBDR008,3229000.0
2025-01-01,2025-06-01,Ações_BDRs_ETFs_Units,BITO39,BRBITOBDR001,2743000.0
2025-01-01,2025-06-01,Ações_BDRs_ETFs_Units,BIVB39,BRBIVBBDR004,2418000.0
2025-01-01,2025-06-01,Ações_BDRs_ETFs_Units,BIVE39,BRBIVEBDR008,2803000.0
2025-01-01,2025-06-01,Ações_BDRs_ETFs_Units,BIVW39,BRBIVWBDR000,2703000.0
2025-01-01,2025-06-01,Ações_BDRs_ETFs_Units,BIWF39,BRBIWFBDR003,2194000.0
2025-01-01,2025-06-01,Ações_BDRs_ETFs_Units,BIWM39,BRBIWMBDR009,3434000.0
2025-01-01,2025-06-01,Ações_BDRs_ETFs_Units,BIXC39,BRBIXCBDR008,831000.0
2025-01-01,2025-06-01,Ações_BDRs_ETFs_Units,BIXU39,BRBIXUBDR000,2792000.0
2025-01-01,2025-06-01,Ações_BDRs_ETFs_Units,BIYF39,BRBIYFBDR009,1888000.0
2025-01-01,2025-06-01,Ações_BDRs_ETFs_Units,BIYP39,BRBIYPBDR008,4679000.0
2025-01-01,2025-06-01,Ações_BDRs_ETFs_Units,BIYT39,BRBIYTBDR000,3756000.0
2025-01-01,2025-06-01,Ações_BDRs_ETFs_Units,BIYW39,BRBIYWBDR004,7731000.0
2025-01-01,2025-06-01,Ações_BDRs_ETFs_Units,BIZD11,BRBIZDCTF000,450000.0
2025-01-01,2025-06-01,Ações_BDRs_ETFs_Units,BJQU39,BRBJQUBDR002,1146000.0
2025-01-01,2025-06-01,Ações_BDRs_ETFs_Units,BKNG34,BRBKNGBDR006,1136000.0
2025-01-01,2025-06-01,Ações_BDRs_ETFs_Units,BKSA39,BRBKSABDR008,929000.0
2025-01-01,2025-06-01,Ações_BDRs_ETFs_Units,BKWB39,BRBKWBBDR008,1061000.0
2025-01-01,2025-06-01,Ações_BDRs_ETFs_Units,BKYY39,BRBKYYBDR006,932000.0
2025-01-01,2025-06-01,Ações_BDRs_ETFs_Units,BLAK34,BRBLAKBDR003,2345000.0
2025-01-01,2025-06-01,Ações_BDRs_ETFs_Units,BLPX39,BRBLPXBDR004,842000.0
2025-01-01,2025-06-01,Ações_BDRs_ETFs_Units,BMTU39,BRBMTUBDR000,3042000.0
2025-01-01,2025-06-01,Ações_BDRs_ETFs_Units,BMYB34,BRBMYBBDR000,756000.0
2025-01-01,2025-06-01,Ações_BDRs_ETFs_Units,BNDA39,BRBNDABDR004,2590000.0
2025-01-01,2025-06-01,Ações_BDRs_ETFs_Units,BNSB34,BRBNSBBDR000,3316000.0
2025-01-01,2025-06-01,Ações_BDRs_ETFs_Units,BOAC34,BRBOACBDR004,3262000.0
2025-01-01,2025-06-01,Ações_BDRs_ETFs_Units,BOEF39,BRBOEFBDR009,2467000.0
2025-01-01,2025-06-01,Ações_BDRs_ETFs_Units,BOEI34,BRBOEIBDR003,174000.0
2025-01-01,2025-06-01,Ações_BDRs_ETFs_Units,BONY34,BRBONYBDR001,393000.0
2025-01-01,2025-06-01,Ações_BDRs_ETFs_Units,BOTZ39,BRBOTZBDR005,1065000.0
2025-01-01,2025-06-01,Ações_BDRs_ETFs_Units,BOVA11,BRBOVACTF003,24383000.0
2025-01-01,2025-06-01,Ações_BDRs_ETFs_Units,BOVB11,BRBOVBCTF001,23332000.0
2025-01-01,2025-06-01,Ações_BDRs_ETFs_Units,BOVS11,BRBOVSCTF005,30819000.0
2025-01-01,2025-06-01,Ações_BDRs_ETFs_Units,BOVV11,BRBOVVCTF009,23216000.0
2025-01-01,2025-06-01,Ações_BDRs_ETFs_Units,BOVX11,BRBOVXCTF005,233804000.0
2025-01-01,2025-06-01,Ações_BDRs_ETFs_Units,BOXP34,BRBOXPBDR008,5186000.0
2025-01-01,2025-06-01,Ações_BDRs_ETFs_Units,BPAC11,BRBPACUNT006,20437000.0
2025-01-01,2025-06-01,Ações_BDRs_ETFs_Units,BPAN4,BRBPANACNPR1,2993000.0
2025-01-01,2025-06-01,Ações_BDRs_ETFs_Units,BPVE39,BRBPVEBDR003,1554000.0
2025-01-01,2025-06-01,Ações_BDRs_ETFs_Units,BQTC39,BRBQTCBDR009,1665000.0
2025-01-01,2025-06-01,Ações_BDRs_ETFs_Units,BQUA39,BRBQUABDR001,2987000.0
2025-01-01,2025-06-01,Ações_BDRs_ETFs_Units,BQYL39,BRBQYLBDR000,6430000.0
2025-01-01,2025-06-01,Ações_BDRs_ETFs_Units,BRAP4,BRBRAPACNPR2,10005000.0
2025-01-01,2025-06-01,Ações_BDRs_ETFs_Units,BRAV3,BRBRAVACNOR3,21082000.0
2025-01-01,2025-06-01,Ações_BDRs_ETFs_Units,BRAX11,BRBRAXCTF002,135277000.0
2025-01-01,2025-06-01,Ações_BDRs_ETFs_Units,BRAZ11,BRBRAZCTF007,130973000.0
2025-01-01,2025-06-01,Ações_BDRs_ETFs_Units,BRFS3,BRBRFSACNOR8,20545000.0
2025-01-01,2025-06-01,Ações_BDRs_ETFs_Units,BRKM5,BRBRKMACNPA4,8522000.0
2025-01-01,2025-06-01,Ações_BDRs_ETFs_Units,BRSR6,BRBRSRACNPB4,3705000.0
2025-01-01,2025-06-01,Ações_BDRs_ETFs_Units,BSCZ39,BRBSCZBDR002,3536000.0
2025-01-01,2025-06-01,Ações_BDRs_ETFs_Units,BSDY39,BRBSDYBDR003,3308000.0
2025-01-01,2025-06-01,Ações_BDRs_ETFs_Units,BSHV39,BRBSHVBDR000,3196000.0
2025-01-01,2025-06-01,Ações_BDRs_ETFs_Units,BSHY39,BRBSHYBDR004,3416000.0
2025-01-01,2025-06-01,Ações_BDRs_ETFs_Units,BSIL39,BRBSILBDR009,2227000.0
2025-01-01,2025-06-01,Ações_BDRs_ETFs_Units,BSOX39,BRBSOXBDR002,6763000.0
2025-01-01,2025-06-01,Ações_BDRs_ETFs_Units,BTLH39,BRBTLHBDR009,3523000.0
2025-01-01,2025-06-01,Ações_BDRs_ETFs_Units,BTLT39,BRBTLTBDR004,6172000.0
2025-01-01,2025-06-01,Ações_BDRs_ETFs_Units,BUFF39,BRBUFFBDR003,3003000.0
2025-01-01,2025-06-01,Ações_BDRs_ETFs_Units,BURA39,BRBURABDR009,2958000.0
2025-01-01,2025-06-01,Ações_BDRs_ETFs_Units,BURT39,BRBURTBDR009,2418000.0
2025-01-01,2025-06-01,Ações_BDRs_ETFs_Units,BUSM39,BRBUSMBDR002,3050000.0
2025-01-01,2025-06-01,Ações_BDRs_ETFs_Units,BVLU39,BRBVLUBDR008,2079000.0
2025-01-01,2025-06-01,Ações_BDRs_ETFs_Units,C1AB34,BRC1ABBDR009,23803000.0
2025-01-01,2025-06-01,Ações_BDRs_ETFs_Units,C1AG34,BRC1AGBDR008,1566000.0
2025-01-01,2025-06-01,Ações_BDRs_ETFs_Units,C1AH34,BRC1AHBDR006,239000.0
2025-01-01,2025-06-01,Ações_BDRs_ETFs_Units,C1BL34,BRC1BLBDR006,487000.0
2025-01-01,2025-06-01,Ações_BDRs_ETFs_Units,C1BO34,BRC1BOBDR000,312000.0
2025-01-01,2025-06-01,Ações_BDRs_ETFs_Units,C1BR34,BRC1BRBDR003,283000.0
2025-01-01,2025-06-01,Ações_BDRs_ETFs_Units,C1BS34,BRC1BSBDR001,2892000.0
2025-01-01,2025-06-01,Ações_BDRs_ETFs_Units,C1CI34,BRC1CIBDR000,1406000.0
2025-01-01,2025-06-01,Ações_BDRs_ETFs_Units,C1CJ34,BRC1CJBDR008,3999000.0
2025-01-01,2025-06-01,Ações_BDRs_ETFs_Units,C1CL34,BRC1CLBDR004,1578000.0
2025-01-01,2025-06-01,Ações_BDRs_ETFs_Units,C1CO34,BRC1COBDR008,242000.0
2025-01-01,2025-06-01,Ações_BDRs_ETFs_Units,C1DN34,BRC1DNBDR008,227000.0
2025-01-01,2025-06-01,Ações_BDRs_ETFs_Units,C1DP34,BRC1DPBDR003,1979000.0
2025-01-01,2025-06-01,Ações_BDRs_ETFs_Units,C1DW34,BRC1DWBDR009,3804000.0
2025-01-01,2025-06-01,Ações_BDRs_ETFs_Units,C1FG34,BRC1FGBDR007,857000.0
2025-01-01,2025-06-01,Ações_BDRs_ETFs_Units,C1FI34,BRC1FIBDR003,390000.0
2025-01-01,2025-06-01,Ações_BDRs_ETFs_Units,C1GP34,BRC1GPBDR006,47961000.0
2025-01-01,2025-06-01,Ações_BDRs_ETFs_Units,C1HK34,BRC1HKBDR005,318000.0
2025-01-01,2025-06-01,Ações_BDRs_ETFs_Units,C1HR34,BRC1HRBDR000,7382000.0
2025-01-01,2025-06-01,Ações_BDRs_ETFs_Units,C1IC34,BRC1ICBDR000,445000.0
2025-01-01,2025-06-01,Ações_BDRs_ETFs_Units,C1MA34,BRC1MABDR006,1296000.0
2025-01-01,2025-06-01,Ações_BDRs_ETFs_Units,C1MG34,BRC1MGBDR003,13996000.0
2025-01-01,2025-06-01,Ações_BDRs_ETFs_Units,C1MI34,BRC1MIBDR009,465000.0
2025-01-01,2025-06-01,Ações_BDRs_ETFs_Units,C1MS34,BRC1MSBDR008,1128000.0
2025-01-01,2025-06-01,Ações_BDRs_ETFs_Units,C1NC34,BRC1NCBDR000,613000.0
2025-01-01,2025-06-01,Ações_BDRs_ETFs_Units,C1NP34,BRC1NPBDR002,960000.0
2025-01-01,2025-06-01,Ações_BDRs_ETFs_Units,C1NS34,BRC1NSBDR006,1302000.0
2025-01-01,2025-06-01,Ações_BDRs_ETFs_Units,C1OG34,BRC1OGBDR009,1455000.0
2025-01-01,2025-06-01,Ações_BDRs_ETFs_Units,C1OO34,BRC1OOBDR003,4162000.0
2025-01-01,2025-06-01,Ações_BDRs_ETFs_Units,C1PB34,BRC1PBBDR007,1049000.0
2025-01-01,2025-06-01,Ações_BDRs_ETFs_Units,C1PR34,BRC1PRBDR003,1344000.0
2025-01-01,2025-06-01,Ações_BDRs_ETFs_Units,C1RH34,BRC1RHBDR000,2270000.0
2025-01-01,2025-06-01,Ações_BDRs_ETFs_Units,C1RR34,BRC1RRBDR009,2021000.0
2025-01-01,2025-06-01,Ações_BDRs_ETFs_Units,C1TA34,BRC1TABDR001,855000.0
2025-01-01,2025-06-01,Ações_BDRs_ETFs_Units,C1TV34,BRC1TVBDR007,2000000.0
2025-01-01,2025-06-01,Ações_BDRs_ETFs_Units,C2AC34,BRC2ACBDR005,61349000.0
2025-01-01,2025-06-01,Ações_BDRs_ETFs_Units,C2CA34,BRC2CABDR005,456000.0
2025-01-01,2025-06-01,Ações_BDRs_ETFs_Units,C2EM34,BRC2EMBDR006,5133000.0
2025-01-01,2025-06-01,Ações_BDRs_ETFs_Units,C2GN34,BRC2GNBDR009,6915000.0
2025-01-01,2025-06-01,Ações_BDRs_ETFs_Units,C2HD34,BRC2HDBDR008,6022000.0
2025-01-01,2025-06-01,Ações_BDRs_ETFs_Units,C2HP34,BRC2HPBDR002,24330000.0
2025-01-01,2025-06-01,Ações_BDRs_ETFs_Units,C2OU34,BRC2OUBDR008,1548000.0
2025-01-01,2025-06-01,Ações_BDRs_ETFs_Units,C2PR34,BRC2PRBDR001,2869000.0
2025-01-01,2025-06-01,Ações_BDRs_ETFs_Units,C2PT34,BRC2PTBDR007,4334000.0
2025-01-01,2025-06-01,Ações_BDRs_ETFs_Units,C2RS34,BRC2RSBDR005,7465000.0
2025-01-01,2025-06-01,Ações_BDRs_ETFs_Units,C2RW34,BRC2RWBDR007,1651000.0
2025-01-01,2025-06-01,Ações_BDRs_ETFs_Units,C2SW34,BRC2SWBDR005,3803000.0
2025-01-01,2025-06-01,Ações_BDRs_ETFs_Units,C2ZR34,BRC2ZRBDR000,12610000.0
2025-01-01,2025-06-01,Ações_BDRs_ETFs_Units,CAML3,BRCAMLACNOR3,4685000.0
2025-01-01,2025-06-01,Ações_BDRs_ETFs_Units,CAON34,BRCAONBDR009,810000.0
2025-01-01,2025-06-01,Ações_BDRs_ETFs_Units,CAPE11,BRCAPECTF020,42239000.0
2025-01-01,2025-06-01,Ações_BDRs_ETFs_Units,CAPH34,BRCAPHBDR008,1673000.0
2025-01-01,2025-06-01,Ações_BDRs_ETFs_Units,CATP34,BRCATPBDR003,1614000.0
2025-01-01,2025-06-01,Ações_BDRs_ETFs_Units,CBAV3,BRCBAVACNOR5,12544000.0
2025-01-01,2025-06-01,Ações_BDRs_ETFs_Units,CEAB3,BRCEABACNOR1,9830000.0
2025-01-01,2025-06-01,Ações_BDRs_ETFs_Units,CHCM34,BRCHCMBDR001,4988000.0
2025-01-01,2025-06-01,Ações_BDRs_ETFs_Units,CHDC34,BRCHDCBDR000,372000.0
2025-01-01,2025-06-01,Ações_BDRs_ETFs_Units,CHIP11,BRCHIPCTF000,151000.0
2025-01-01,2025-06-01,Ações_BDRs_ETFs_Units,CHME34,BRCHMEBDR007,489000.0
2025-01-01,2025-06-01,Ações_BDRs_ETFs_Units,CHVX34,BRCHVXBDR008,2602000.0
2025-01-01,2025-06-01,Ações_BDRs_ETFs_Units,CINF34,BRCINFBDR000,538000.0
2025-01-01,2025-06-01,Ações_BDRs_ETFs_Units,CLOV34,BRCLOVBDR009,3128000.0
2025-01-01,2025-06-01,Ações_BDRs_ETFs_Units,CLXC34,BRCLXCBDR000,1084000.0
2025-01-01,2025-06-01,Ações_BDRs_ETFs_Units,CMCS34,BRCMCSBDR008,5070000.0
2025-01-01,2025-06-01,Ações_BDRs_ETFs_Units,CMIG4,BRCMIGACNPR3,37164000.0
2025-01-01,2025-06-01,Ações_BDRs_ETFs_Units,CMIN3,BRCMINACNOR2,19365000.0
2025-01-01,2025-06-01,Ações_BDRs_ETFs_Units,CNIC34,BRCNICBDR007,8032000.0
2025-01-01,2025-06-01,Ações_BDRs_ETFs_Units,COCA34,BRCOCABDR002,3016000.0
2025-01-01,2025-06-01,Ações_BDRs_ETFs_Units,COGN3,BRCOGNACNOR2,148373000.0
2025-01-01,2025-06-01,Ações_BDRs_ETFs_Units,COLG34,BRCOLGBDR000,2668000.0
2025-01-01,2025-06-01,Ações_BDRs_ETFs_Units,COPH34,BRCOPHBDR009,5024000.0
2025-01-01,2025-06-01,Ações_BDRs_ETFs_Units,COTY34,BRCOTYBDR006,8143000.0
2025-01-01,2025-06-01,Ações_BDRs_ETFs_Units,COWC34,BRCOWCBDR006,1402000.0
2025-01-01,2025-06-01,Ações_BDRs_ETFs_Units,CPAY34,BRCPAYBDR003,510000.0
2025-01-01,2025-06-01,Ações_BDRs_ETFs_Units,CPFE3,BRCPFEACNOR0,4812000.0
2025-01-01,2025-06-01,Ações_BDRs_ETFs_Units,CPLE3,BRCPLEACNOR8,14171000.0
2025-01-01,2025-06-01,Ações_BDRs_ETFs_Units,CPLE6,BRCPLEACNPB9,41177000.0
2025-01-01,2025-06-01,Ações_BDRs_ETFs_Units,CPRL34,BRCPRLBDR004,1907000.0
2025-01-01,2025-06-01,Ações_BDRs_ETFs_Units,CRDA34,BRCRDABDR003,409000.0
2025-01-01,2025-06-01,Ações_BDRs_ETFs_Units,CRIN34,BRCRINBDR005,1662000.0
2025-01-01,2025-06-01,Ações_BDRs_ETFs_Units,CRIP34,BRCRIPBDR000,558000.0
2025-01-01,2025-06-01,Ações_BDRs_ETFs_Units,CSAN3,BRCSANACNOR6,51357000.0
2025-01-01,2025-06-01,Ações_BDRs_ETFs_Units,CSCO34,BRCSCOBDR004,2669000.0
2025-01-01,2025-06-01,Ações_BDRs_ETFs_Units,CSMG3,BRCSMGACNOR5,4516000.0
2025-01-01,2025-06-01,Ações_BDRs_ETFs_Units,CSNA3,BRCSNAACNOR6,32037000.0
2025-01-01,2025-06-01,Ações_BDRs_ETFs_Units,CSXC34,BRCSXCBDR005,2324000.0
2025-01-01,2025-06-01,Ações_BDRs_ETFs_Units,CTGP34,BRCTGPBDR000,2826000.0
2025-01-01,2025-06-01,Ações_BDRs_ETFs_Units,CTSH34,BRCTSHBDR002,439000.0
2025-01-01,2025-06-01,Ações_BDRs_ETFs_Units,CURY3,BRCURYACNOR3,5430000.0
2025-01-01,2025-06-01,Ações_BDRs_ETFs_Units,CVCB3,BRCVCBACNOR1,51142000.0
2025-01-01,2025-06-01,Ações_BDRs_ETFs_Units,CVSH34,BRCVSHBDR008,5625000.0
2025-01-01,2025-06-01,Ações_BDRs_ETFs_Units,CXSE3,BRCXSEACNOR7,11818000.0
2025-01-01,2025-06-01,Ações_BDRs_ETFs_Units,CYRE3,BRCYREACNOR7,15031000.0
2025-01-01,2025-06-01,Ações_BDRs_ETFs_Units,D1DG34,BRD1DGBDR001,3076000.0
2025-01-01,2025-06-01,Ações_BDRs_ETFs_Units,D1EL34,BRD1ELBDR009,308000.0
2025-01-01,2025-06-01,Ações_BDRs_ETFs_Units,D1EX34,BRD1EXBDR004,20811000.0
2025-01-01,2025-06-01,Ações_BDRs_ETFs_Units,D1HI34,BRD1HIBDR008,280000.0
2025-01-01,2025-06-01,Ações_BDRs_ETFs_Units,D1LR34,BRD1LRBDR001,834000.0
2025-01-01,2025-06-01,Ações_BDRs_ETFs_Units,D1OC34,BRD1OCBDR007,8130000.0
2025-01-01,2025-06-01,Ações_BDRs_ETFs_Units,D1OM34,BRD1OMBDR006,1252000.0
2025-01-01,2025-06-01,Ações_BDRs_ETFs_Units,D1OV34,BRD1OVBDR007,427000.0
2025-01-01,2025-06-01,Ações_BDRs_ETFs_Units,D1OW34,BRD1OWBDR005,5007000.0
2025-01-01,2025-06-01,Ações_BDRs_ETFs_Units,D1RI34,BRD1RIBDR007,665000.0
2025-01-01,2025-06-01,Ações_BDRs_ETFs_Units,D1TE34,BRD1TEBDR002,1062000.0
2025-01-01,2025-06-01,Ações_BDRs_ETFs_Units,D1VN34,BRD1VNBDR009,1130000.0
2025-01-01,2025-06-01,Ações_BDRs_ETFs_Units,D1XC34,BRD1XCBDR008,737000.0
2025-01-01,2025-06-01,Ações_BDRs_ETFs_Units,D2AR34,BRD2ARBDR002,6775000.0
2025-01-01,2025-06-01,Ações_BDRs_ETFs_Units,D2AS34,BRD2ASBDR000,2539000.0
2025-01-01,2025-06-01,Ações_BDRs_ETFs_Units,D2KN34,BRD2KNBDR000,6013000.0
2025-01-01,2025-06-01,Ações_BDRs_ETFs_Units,D2KS34,BRD2KSBDR009,1994000.0
2025-01-01,2025-06-01,Ações_BDRs_ETFs_Units,D2NL34,BRD2NLBDR008,3318000.0
2025-01-01,2025-06-01,Ações_BDRs_ETFs_Units,D2OC34,BRD2OCBDR005,4045000.0
2025-01-01,2025-06-01,Ações_BDRs_ETFs_Units,D2OX34,BRD2OXBDR001,2684000.0
2025-01-01,2025-06-01,Ações_BDRs_ETFs_Units,D2PZ34,BRD2PZBDR003,3616000.0
2025-01-01,2025-06-01,Ações_BDRs_ETFs_Units,D2TC34,BRD2TCBDR004,5261000.0
2025-01-01,2025-06-01,Ações_BDRs_ETFs_Units,DBAG34,BRDBAGBDR008,1271000.0
2025-01-01,2025-06-01,Ações_BDRs_ETFs_Units,DDNB34,BRDDNBBDR008,514000.0
2025-01-01,2025-06-01,Ações_BDRs_ETFs_Units,DEAI34,BRDEAIBDR008,721000.0
2025-01-01,2025-06-01,Ações_BDRs_ETFs_Units,DEEC34,BRDEECBDR003,2072000.0
2025-01-01,2025-06-01,Ações_BDRs_ETFs_Units,DEOP34,BRDEOPBDR004,5487000.0
2025-01-01,2025-06-01,Ações_BDRs_ETFs_Units,DGCO34,BRDGCOBDR007,8330000.0
2025-01-01,2025-06-01,Ações_BDRs_ETFs_Units,DHER34,BRDHERBDR004,5421000.0
2025-01-01,2025-06-01,Ações_BDRs_ETFs_Units,DIRR3,BRDIRRACNOR0,5059000.0
2025-01-01,2025-06-01,Ações_BDRs_ETFs_Units,DISB34,BRDISBBDR006,4836000.0
2025-01-01,2025-06-01,Ações_BDRs_ETFs_Units,DLTR34,BRDLTRBDR004,783000.0
2025-01-01,2025-06-01,Ações_BDRs_ETFs_Units,DOLL39,BRDOLLBDR008,3456000.0
2025-01-01,2025-06-01,Ações_BDRs_ETFs_Units,DUKB34,BRDUKBBDR008,300000.0
2025-01-01,2025-06-01,Ações_BDRs_ETFs_Units,DUOL34,BRDUOLBDR009,2949000.0
2025-01-01,2025-06-01,Ações_BDRs_ETFs_Units,DVAI34,BRDVAIBDR002,255000.0
2025-01-01,2025-06-01,Ações_BDRs_ETFs_Units,DXCO3,BRDXCOACNOR8,6387000.0
2025-01-01,2025-06-01,Ações_BDRs_ETFs_Units,E1CL34,BRE1CLBDR002,551000.0
2025-01-01,2025-06-01,Ações_BDRs_ETFs_Units,E1CO34,BRE1COBDR006,2674000.0
2025-01-01,2025-06-01,Ações_BDRs_ETFs_Units,E1DI34,BRE1DIBDR006,635000.0
2025-01-01,2025-06-01,Ações_BDRs_ETFs_Units,E1DU34,BRE1DUBDR001,10433000.0
2025-01-01,2025-06-01,Ações_BDRs_ETFs_Units,E1IX34,BRE1IXBDR004,1242000.0
2025-01-01,2025-06-01,Ações_BDRs_ETFs_Units,E1LV34,BRE1LVBDR002,459000.0
2025-01-01,2025-06-01,Ações_BDRs_ETFs_Units,E1MN34,BRE1MNBDR007,935000.0
2025-01-01,2025-06-01,Ações_BDRs_ETFs_Units,E1MR34,BRE1MRBDR008,300000.0
2025-01-01,2025-06-01,Ações_BDRs_ETFs_Units,E1OG34,BRE1OGBDR007,631000.0
2025-01-01,2025-06-01,Ações_BDRs_ETFs_Units,E1QN34,BRE1QNBDR008,2916000.0
2025-01-01,2025-06-01,Ações_BDRs_ETFs_Units,E1QR34,BRE1QRBDR009,1043000.0
2025-01-01,2025-06-01,Ações_BDRs_ETFs_Units,E1RI34,BRE1RIBDR006,8250000.0
2025-01-01,2025-06-01,Ações_BDRs_ETFs_Units,E1SE34,BRE1SEBDR003,1232000.0
2025-01-01,2025-06-01,Ações_BDRs_ETFs_Units,E1SS34,BRE1SSBDR003,1320000.0
2025-01-01,2025-06-01,Ações_BDRs_ETFs_Units,E1TN34,BRE1TNBDR002,1551000.0
2025-01-01,2025-06-01,Ações_BDRs_ETFs_Units,E1TR34,BRE1TRBDR003,857000.0
2025-01-01,2025-06-01,Ações_BDRs_ETFs_Units,E1VE34,BRE1VEBDR007,388000.0
2025-01-01,2025-06-01,Ações_BDRs_ETFs_Units,E1VR34,BRE1VRBDR009,1043000.0
2025-01-01,2025-06-01,Ações_BDRs_ETFs_Units,E1WL34,BRE1WLBDR000,1833000.0
2025-01-01,2025-06-01,Ações_BDRs_ETFs_Units,E1XC34,BRE1XCBDR007,806000.0
2025-01-01,2025-06-01,Ações_BDRs_ETFs_Units,E1XP34,BRE1XPBDR009,612000.0
2025-01-01,2025-06-01,Ações_BDRs_ETFs_Units,E1XR34,BRE1XRBDR005,955000.0
2025-01-01,2025-06-01,Ações_BDRs_ETFs_Units,E2AG34,BRE2AGBDR004,2551000.0
2025-01-01,2025-06-01,Ações_BDRs_ETFs_Units,E2EF34,BRE2EFBDR008,32987000.0
2025-01-01,2025-06-01,Ações_BDRs_ETFs_Units,E2LS34,BRE2LSBDR006,5415000.0
2025-01-01,2025-06-01,Ações_BDRs_ETFs_Units,E2NO34,BRE2NOBDR001,1542000.0
2025-01-01,2025-06-01,Ações_BDRs_ETFs_Units,E2NP34,BRE2NPBDR008,22347000.0
2025-01-01,2025-06-01,Ações_BDRs_ETFs_Units,E2NT34,BRE2NTBDR000,8156000.0
2025-01-01,2025-06-01,Ações_BDRs_ETFs_Units,E2PA34,BRE2PABDR005,11702000.0
2025-01-01,2025-06-01,Ações_BDRs_ETFs_Units,E2ST34,BRE2STBDR009,4494000.0
2025-01-01,2025-06-01,Ações_BDRs_ETFs_Units,E2TS34,BRE2TSBDR009,11363000.0
2025-01-01,2025-06-01,Ações_BDRs_ETFs_Units,E2XA34,BRE2XABDR009,6309000.0
2025-01-01,2025-06-01,Ações_BDRs_ETFs_Units,E2XE34,BRE2XEBDR001,1636000.0
2025-01-01,2025-06-01,Ações_BDRs_ETFs_Units,EAIN34,BREAINBDR007,478000.0
2025-01-01,2025-06-01,Ações_BDRs_ETFs_Units,EBAY34,BREBAYBDR009,935000.0
2025-01-01,2025-06-01,Ações_BDRs_ETFs_Units,ECOR3,BRECORACNOR8,12417000.0
2025-01-01,2025-06-01,Ações_BDRs_ETFs_Units,EFXB31,BREFXBBDR000,208000.0
2025-01-01,2025-06-01,Ações_BDRs_ETFs_Units,EGIE3,BREGIEACNOR9,4119000.0
2025-01-01,2025-06-01,Ações_BDRs_ETFs_Units,ELCI34,BRELCIBDR007,12801000.0
2025-01-01,2025-06-01,Ações_BDRs_ETFs_Units,ELET3,BRELETACNOR6,20602000.0
2025-01-01,2025-06-01,Ações_BDRs_ETFs_Units,ELET6,BRELETACNPB7,3594000.0
2025-01-01,2025-06-01,Ações_BDRs_ETFs_Units,EMBR3,BREMBRACNOR4,14468000.0
2025-01-01,2025-06-01,Ações_BDRs_ETFs_Units,ENEV3,BRENEVACNOR8,21267000.0
2025-01-01,2025-06-01,Ações_BDRs_ETFs_Units,ENGI11,BRENGICDAM16,6929000.0
2025-01-01,2025-06-01,Ações_BDRs_ETFs_Units,EQIX34,BREQIXBDR002,3156000.0
2025-01-01,2025-06-01,Ações_BDRs_ETFs_Units,EQTL3,BREQTLACNOR0,20998000.0
2025-01-01,2025-06-01,Ações_BDRs_ETFs_Units,EVEN3,BREVENACNOR8,2922000.0
2025-01-01,2025-06-01,Ações_BDRs_ETFs_Units,EWBZ11,BREWBZCTF009,54421000.0
2025-01-01,2025-06-01,Ações_BDRs_ETFs_Units,EXGR34,BREXGRBDR004,417000.0
2025-01-01,2025-06-01,Ações_BDRs_ETFs_Units,EXPB31,BREXPBBDR009,550000.0
2025-01-01,2025-06-01,Ações_BDRs_ETFs_Units,EXXO34,BREXXOBDR006,2803000.0
2025-01-01,2025-06-01,Ações_BDRs_ETFs_Units,EZTC3,BREZTCACNOR0,5574000.0
2025-01-01,2025-06-01,Ações_BDRs_ETFs_Units,F1AN34,BRF1ANBDR001,503000.0
2025-01-01,2025-06-01,Ações_BDRs_ETFs_Units,F1BH34,BRF1BHBDR001,677000.0
2025-01-01,2025-06-01,Ações_BDRs_ETFs_Units,F1EC34,BRF1ECBDR006,874000.0
2025-01-01,2025-06-01,Ações_BDRs_ETFs_Units,F1FI34,BRF1FIBDR000,551000.0
2025-01-01,2025-06-01,Ações_BDRs_ETFs_Units,F1IS34,BRF1ISBDR003,439000.0
2025-01-01,2025-06-01,Ações_BDRs_ETFs_Units,F1LS34,BRF1LSBDR007,732000.0
2025-01-01,2025-06-01,Ações_BDRs_ETFs_Units,F1MC34,BRF1MCBDR009,1788000.0
2025-01-01,2025-06-01,Ações_BDRs_ETFs_Units,F1NI34,BRF1NIBDR004,7238000.0
2025-01-01,2025-06-01,Ações_BDRs_ETFs_Units,F1RA34,BRF1RABDR002,1629000.0
2025-01-01,2025-06-01,Ações_BDRs_ETFs_Units,F1SL34,BRF1SLBDR007,13096000.0
2025-01-01,2025-06-01,Ações_BDRs_ETFs_Units,F1TN34,BRF1TNBDR001,665000.0
2025-01-01,2025-06-01,Ações_BDRs_ETFs_Units,F1TV34,BRF1TVBDR004,971000.0
2025-01-01,2025-06-01,Ações_BDRs_ETFs_Units,F1UN34,BRF1UNBDR009,4223000.0
2025-01-01,2025-06-01,Ações_BDRs_ETFs_Units,F2IC34,BRF2ICBDR005,975000.0
2025-01-01,2025-06-01,Ações_BDRs_ETFs_Units,F2IV34,BRF2IVBDR005,13234000.0
2025-01-01,2025-06-01,Ações_BDRs_ETFs_Units,F2NV34,BRF2NVBDR005,37807000.0
2025-01-01,2025-06-01,Ações_BDRs_ETFs_Units,F2RS34,BRF2RSBDR002,4556000.0
2025-01-01,2025-06-01,Ações_BDRs_ETFs_Units,F2RT34,BRF2RTBDR000,5305000.0
2025-01-01,2025-06-01,Ações_BDRs_ETFs_Units,F2VR34,BRF2VRBDR006,4773000.0
2025-01-01,2025-06-01,Ações_BDRs_ETFs_Units,FASL34,BRFASLBDR007,858000.0
2025-01-01,2025-06-01,Ações_BDRs_ETFs_Units,FCXO34,BRFCXOBDR007,2738000.0
2025-01-01,2025-06-01,Ações_BDRs_ETFs_Units,FDMO34,BRFDMOBDR008,3362000.0
2025-01-01,2025-06-01,Ações_BDRs_ETFs_Units,FDXB34,BRFDXBBDR002,163000.0
2025-01-01,2025-06-01,Ações_BDRs_ETFs_Units,FFTD34,BRFFTDBDR001,951000.0
2025-01-01,2025-06-01,Ações_BDRs_ETFs_Units,FLRY3,BRFLRYACNOR5,8891000.0
2025-01-01,2025-06-01,Ações_BDRs_ETFs_Units,FMXB34,BRFMXBBDR003,266000.0
2025-01-01,2025-06-01,Ações_BDRs_ETFs_Units,FOXC34,BRFOXCBDR007,624000.0
2025-01-01,2025-06-01,Ações_BDRs_ETFs_Units,FSLR34,BRFSLRBDR001,449000.0
2025-01-01,2025-06-01,Ações_BDRs_ETFs_Units,G1AR34,BRG1ARBDR001,350000.0
2025-01-01,2025-06-01,Ações_BDRs_ETFs_Units,G1DS34,BRG1DSBDR003,14180000.0
2025-01-01,2025-06-01,Ações_BDRs_ETFs_Units,G1FI34,BRG1FIBDR009,3095000.0
2025-01-01,2025-06-01,Ações_BDRs_ETFs_Units,G1LL34,BRG1LLBDR001,5847000.0
2025-01-01,2025-06-01,Ações_BDRs_ETFs_Units,G1LO34,BRG1LOBDR005,7002000.0
2025-01-01,2025-06-01,Ações_BDRs_ETFs_Units,G1LW34,BRG1LWBDR008,738000.0
2025-01-01,2025-06-01,Ações_BDRs_ETFs_Units,G1MI34,BRG1MIBDR005,663000.0
2025-01-01,2025-06-01,Ações_BDRs_ETFs_Units,G1PC34,BRG1PCBDR001,532000.0
2025-01-01,2025-06-01,Ações_BDRs_ETFs_Units,G1PI34,BRG1PIBDR008,1859000.0
2025-01-01,2025-06-01,Ações_BDRs_ETFs_Units,G1RM34,BRG1RMBDR006,355000.0
2025-01-01,2025-06-01,Ações_BDRs_ETFs_Units,G1SK34,BRG1SKBDR008,4452000.0
2025-01-01,2025-06-01,Ações_BDRs_ETFs_Units,G1WW34,BRG1WWBDR005,1308000.0
2025-01-01,2025-06-01,Ações_BDRs_ETFs_Units,G2DD34,BRG2DDBDR003,1892000.0
2025-01-01,2025-06-01,Ações_BDRs_ETFs_Units,G2EV34,BRG2EVBDR003,1485000.0
2025-01-01,2025-06-01,Ações_BDRs_ETFs_Units,G2ME34,BRG2MEBDR002,4752000.0
2025-01-01,2025-06-01,Ações_BDRs_ETFs_Units,G2NT34,BRG2NTBDR008,3184000.0
2025-01-01,2025-06-01,Ações_BDRs_ETFs_Units,G2WR34,BRG2WRBDR003,2095000.0
2025-01-01,2025-06-01,Ações_BDRs_ETFs_Units,GDBR34,BRGDBRBDR002,129000.0
2025-01-01,2025-06-01,Ações_BDRs_ETFs_Units,GDXB39,BRGDXBBDR000,2101000.0
2025-01-01,2025-06-01,Ações_BDRs_ETFs_Units,GEHC34,BRGEHCBDR009,3857000.0
2025-01-01,2025-06-01,Ações_BDRs_ETFs_Units,GEOO34,BRGEOOBDR000,143000.0
2025-01-01,2025-06-01,Ações_BDRs_ETFs_Units,GGBR4,BRGGBRACNPR8,29118000.0
2025-01-01,2025-06-01,Ações_BDRs_ETFs_Units,GGPS3,BRGGPSACNOR9,6898000.0
2025-01-01,2025-06-01,Ações_BDRs_ETFs_Units,GILD34,BRGILDBDR000,654000.0
2025-01-01,2025-06-01,Ações_BDRs_ETFs_Units,GLDX11,BRGLDXCTF016,115000.0
2025-01-01,2025-06-01,Ações_BDRs_ETFs_Units,GLEN34,BRGLENBDR008,4704000.0
2025-01-01,2025-06-01,Ações_BDRs_ETFs_Units,GMAT3,BRGMATACNOR7,9894000.0
2025-01-01,2025-06-01,Ações_BDRs_ETFs_Units,GMCO34,BRGMCOBDR008,2944000.0
2025-01-01,2025-06-01,Ações_BDRs_ETFs_Units,GOAT11,BRGOATCTF006,4900000.0
2025-01-01,2025-06-01,Ações_BDRs_ETFs_Units,GOAU4,BRGOAUACNPR8,23972000.0
2025-01-01,2025-06-01,Ações_BDRs_ETFs_Units,GOGL34,BRGOGLBDR001,3024000.0
2025-01-01,2025-06-01,Ações_BDRs_ETFs_Units,GOGL35,BRGOGLBDR019,2445000.0
2025-01-01,2025-06-01,Ações_BDRs_ETFs_Units,GPUS11,BRGPUSCTF003,270000.0
2025-01-01,2025-06-01,Ações_BDRs_ETFs_Units,GRND3,BRGRNDACNOR3,4100000.0
2025-01-01,2025-06-01,Ações_BDRs_ETFs_Units,GSGI34,BRGSGIBDR008,1752000.0
2025-01-01,2025-06-01,Ações_BDRs_ETFs_Units,GUAR3,BRGUARACNOR4,3514000.0
2025-01-01,2025-06-01,Ações_BDRs_ETFs_Units,H1AS34,BRH1ASBDR008,1062000.0
2025-01-01,2025-06-01,Ações_BDRs_ETFs_Units,H1BA34,BRH1BABDR004,2334000.0
2025-01-01,2025-06-01,Ações_BDRs_ETFs_Units,H1BI34,BRH1BIBDR007,3121000.0
2025-01-01,2025-06-01,Ações_BDRs_ETFs_Units,H1CA34,BRH1CABDR002,1942000.0
2025-01-01,2025-06-01,Ações_BDRs_ETFs_Units,H1DB34,BRH1DBBDR008,2369000.0
2025-01-01,2025-06-01,Ações_BDRs_ETFs_Units,H1EI34,BRH1EIBDR001,1187000.0
2025-01-01,2025-06-01,Ações_BDRs_ETFs_Units,H1ES34,BRH1ESBDR000,531000.0
2025-01-01,2025-06-01,Ações_BDRs_ETFs_Units,H1FC34,BRH1FCBDR001,981000.0
2025-01-01,2025-06-01,Ações_BDRs_ETFs_Units,H1HH34,BRH1HHBDR006,1300000.0
2025-01-01,2025-06-01,Ações_BDRs_ETFs_Units,H1IG34,BRH1IGBDR006,390000.0
2025-01-01,2025-06-01,Ações_BDRs_ETFs_Units,H1II34,BRH1IIBDR002,12171000.0
2025-01-01,2025-06-01,Ações_BDRs_ETFs_Units,H1LT34,BRH1LTBDR003,3471000.0
2025-01-01,2025-06-01,Ações_BDRs_ETFs_Units,H1OG34,BRH1OGBDR004,1050000.0
2025-01-01,2025-06-01,Ações_BDRs_ETFs_Units,H1OL34,BRH1OLBDR004,447000.0
2025-01-01,2025-06-01,Ações_BDRs_ETFs_Units,H1PE34,BRH1PEBDR006,2000000.0
2025-01-01,2025-06-01,Ações_BDRs_ETFs_Units,H1RB34,BRH1RBBDR008,613000.0
2025-01-01,2025-06-01,Ações_BDRs_ETFs_Units,H1RL34,BRH1RLBDR007,1159000.0
2025-01-01,2025-06-01,Ações_BDRs_ETFs_Units,H1SB34,BRH1SBBDR006,2409000.0
2025-01-01,2025-06-01,Ações_BDRs_ETFs_Units,H1SI34,BRH1SIBDR001,1048000.0
2025-01-01,2025-06-01,Ações_BDRs_ETFs_Units,H1ST34,BRH1STBDR008,2380000.0
2025-01-01,2025-06-01,Ações_BDRs_ETFs_Units,H1TH34,BRH1THBDR001,3732000.0
2025-01-01,2025-06-01,Ações_BDRs_ETFs_Units,H1UM34,BRH1UMBDR009,6915000.0
2025-01-01,2025-06-01,Ações_BDRs_ETFs_Units,H2TA34,BRH2TABDR004,5500000.0
2025-01-01,2025-06-01,Ações_BDRs_ETFs_Units,H2UB34,BRH2UBBDR000,2840000.0
2025-01-01,2025-06-01,Ações_BDRs_ETFs_Units,HALI34,BRHALIBDR004,1768000.0
2025-01-01,2025-06-01,Ações_BDRs_ETFs_Units,HAPV3,BRHAPVACNOR4,15549800.0
2025-01-01,2025-06-01,Ações_BDRs_ETFs_Units,HBSA3,BRHBSAACNOR0,8067000.0
2025-01-01,2025-06-01,Ações_BDRs_ETFs_Units,HEIA34,BRHEIABDR009,2714000.0
2025-01-01,2025-06-01,Ações_BDRs_ETFs_Units,HIGH11,BRHIGHCTF008,16200000.0
2025-01-01,2025-06-01,Ações_BDRs_ETFs_Units,HOME34,BRHOMEBDR002,2567000.0
2025-01-01,2025-06-01,Ações_BDRs_ETFs_Units,HONB34,BRHONBBDR006,174000.0
2025-01-01,2025-06-01,Ações_BDRs_ETFs_Units,HOND34,BRHONDBDR002,516000.0
2025-01-01,2025-06-01,Ações_BDRs_ETFs_Units,HPQB34,BRHPQBBDR006,1290000.0
2025-01-01,2025-06-01,Ações_BDRs_ETFs_Units,HSHY34,BRHSHYBDR001,1126000.0
2025-01-01,2025-06-01,Ações_BDRs_ETFs_Units,HTEK11,BRHTEKCTF004,3131000.0
2025-01-01,2025-06-01,Ações_BDRs_ETFs_Units,HYPE3,BRHYPEACNOR0,9444000.0
2025-01-01,2025-06-01,Ações_BDRs_ETFs_Units,I1AC34,BRI1ACBDR001,12389000.0
2025-01-01,2025-06-01,Ações_BDRs_ETFs_Units,I1BN34,BRI1BNBDR006,1014000.0
2025-01-01,2025-06-01,Ações_BDRs_ETFs_Units,I1CE34,BRI1CEBDR003,393000.0
2025-01-01,2025-06-01,Ações_BDRs_ETFs_Units,I1DX34,BRI1DXBDR001,339000.0
2025-01-01,2025-06-01,Ações_BDRs_ETFs_Units,I1EX34,BRI1EXBDR009,3895000.0
2025-01-01,2025-06-01,Ações_BDRs_ETFs_Units,I1FF34,BRI1FFBDR003,945000.0
2025-01-01,2025-06-01,Ações_BDRs_ETFs_Units,I1FO34,BRI1FOBDR005,3915000.0
2025-01-01,2025-06-01,Ações_BDRs_ETFs_Units,I1HG34,BRI1HGBDR007,1023000.0
2025-01-01,2025-06-01,Ações_BDRs_ETFs_Units,I1LM34,BRI1LMBDR007,2157000.0
2025-01-01,2025-06-01,Ações_BDRs_ETFs_Units,I1NC34,BRI1NCBDR004,1167000.0
2025-01-01,2025-06-01,Ações_BDRs_ETFs_Units,I1PC34,BRI1PCBDR009,729000.0
2025-01-01,2025-06-01,Ações_BDRs_ETFs_Units,I1PG34,BRI1PGBDR000,281000.0
2025-01-01,2025-06-01,Ações_BDRs_ETFs_Units,I1PH34,BRI1PHBDR008,1379000.0
2025-01-01,2025-06-01,Ações_BDRs_ETFs_Units,I1QV34,BRI1QVBDR007,931000.0
2025-01-01,2025-06-01,Ações_BDRs_ETFs_Units,I1QY34,BRI1QYBDR001,43480000.0
2025-01-01,2025-06-01,Ações_BDRs_ETFs_Units,I1RM34,BRI1RMBDR004,371000.0
2025-01-01,2025-06-01,Ações_BDRs_ETFs_Units,I1RP34,BRI1RPBDR007,167000.0
2025-01-01,2025-06-01,Ações_BDRs_ETFs_Units,I1SR34,BRI1SRBDR001,1265000.0
2025-01-01,2025-06-01,Ações_BDRs_ETFs_Units,I1TW34,BRI1TWBDR009,564000.0
2025-01-01,2025-06-01,Ações_BDRs_ETFs_Units,I1VZ34,BRI1VZBDR008,2418000.0
2025-01-01,2025-06-01,Ações_BDRs_ETFs_Units,I2NG34,BRI2NGBDR003,1820000.0
2025-01-01,2025-06-01,Ações_BDRs_ETFs_Units,I2NV34,BRI2NVBDR002,5241000.0
2025-01-01,2025-06-01,Ações_BDRs_ETFs_Units,I2RS34,BRI2RSBDR009,2515000.0
2025-01-01,2025-06-01,Ações_BDRs_ETFs_Units,IB5METF11,BRIB5MCTF008,2338000.0
2025-01-01,2025-06-01,Ações_BDRs_ETFs_Units,IBKR34,BRIBKRBDR003,2805000.0
2025-01-01,2025-06-01,Ações_BDRs_ETFs_Units,IBMB34,BRIBMBBDR003,134000.0
2025-01-01,2025-06-01,Ações_BDRs_ETFs_Units,IBOB11,BRIBOBCTF008,28990000.0
2025-01-01,2025-06-01,Ações_BDRs_ETFs_Units,ICLR34,BRICLRBDR009,4854000.0
2025-01-01,2025-06-01,Ações_BDRs_ETFs_Units,IDKAETF11,BRIDKACTF004,1185000.0
2025-01-01,2025-06-01,Ações_BDRs_ETFs_Units,IGTI11,BRIGTICDAM16,7176000.0
2025-01-01,2025-06-01,Ações_BDRs_ETFs_Units,IMABETF11,BRIMABCTF004,6075000.0
2025-01-01,2025-06-01,Ações_BDRs_ETFs_Units,IMBBETF11,BRIMBBCTF002,3060000.0
2025-01-01,2025-06-01,Ações_BDRs_ETFs_Units,INBR32,BRINBRBDR007,6051000.0
2025-01-01,2025-06-01,Ações_BDRs_ETFs_Units,INGG34,BRINGGBDR009,1133000.0
2025-01-01,2025-06-01,Ações_BDRs_ETFs_Units,INTB3,BRINTBACNOR9,5683000.0
2025-01-01,2025-06-01,Ações_BDRs_ETFs_Units,INTU34,BRINTUBDR003,2367000.0
2025-01-01,2025-06-01,Ações_BDRs_ETFs_Units,IRBR3,BRIRBRACNOR4,3346000.0
2025-01-01,2025-06-01,Ações_BDRs_ETFs_Units,IRFMETF11,BRIRFMCTF009,3727000.0
2025-01-01,2025-06-01,Ações_BDRs_ETFs_Units,ISAE4,BRISAEACNPR9,5791000.0
2025-01-01,2025-06-01,Ações_BDRs_ETFs_Units,ITLC34,BRITLCBDR005,10626000.0
2025-01-01,2025-06-01,Ações_BDRs_ETFs_Units,ITSA4,BRITSAACNPR7,80573000.0
2025-01-01,2025-06-01,Ações_BDRs_ETFs_Units,ITUB3,BRITUBACNOR4,1647000.0
2025-01-01,2025-06-01,Ações_BDRs_ETFs_Units,ITUB4,BRITUBACNPR1,66744000.0
2025-01-01,2025-06-01,Ações_BDRs_ETFs_Units,IVVB11,BRIVVBCTF001,1298000.0
2025-01-01,2025-06-01,Ações_BDRs_ETFs_Units,IWMI11,BRIWMICTF003,115000.0
2025-01-01,2025-06-01,Ações_BDRs_ETFs_Units,J1BH34,BRJ1BHBDR007,8613000.0
2025-01-01,2025-06-01,Ações_BDRs_ETFs_Units,J1CI34,BRJ1CIBDR003,360000.0
2025-01-01,2025-06-01,Ações_BDRs_ETFs_Units,J1EF34,BRJ1EFBDR005,699000.0
2025-01-01,2025-06-01,Ações_BDRs_ETFs_Units,J1EG34,BRJ1EGBDR003,604000.0
2025-01-01,2025-06-01,Ações_BDRs_ETFs_Units,J1KH34,BRJ1KHBDR008,789000.0
2025-01-01,2025-06-01,Ações_BDRs_ETFs_Units,J1NP34,BRJ1NPBDR005,971000.0
2025-01-01,2025-06-01,Ações_BDRs_ETFs_Units,J2AZ34,BRJ2AZBDR009,5001000.0
2025-01-01,2025-06-01,Ações_BDRs_ETFs_Units,J2BL34,BRJ2BLBDR007,1765000.0
2025-01-01,2025-06-01,Ações_BDRs_ETFs_Units,J2WA34,BRJ2WABDR006,913000.0
2025-01-01,2025-06-01,Ações_BDRs_ETFs_Units,JBSS32,BRJBSSBDR002,23716000.0
2025-01-01,2025-06-01,Ações_BDRs_ETFs_Units,JDCO34,BRJDCOBDR001,6763000.0
2025-01-01,2025-06-01,Ações_BDRs_ETFs_Units,JHSF3,BRJHSFACNOR2,9140000.0
2025-01-01,2025-06-01,Ações_BDRs_ETFs_Units,JNJB34,BRJNJBBDR002,3470000.0
2025-01-01,2025-06-01,Ações_BDRs_ETFs_Units,JOGO11,BRJOGOCTF008,53000.0
2025-01-01,2025-06-01,Ações_BDRs_ETFs_Units,JPMC34,BRJPMCBDR009,1398000.0
2025-01-01,2025-06-01,Ações_BDRs_ETFs_Units,K1EL34,BRK1ELBDR000,847000.0
2025-01-01,2025-06-01,Ações_BDRs_ETFs_Units,K1EY34,BRK1EYBDR003,2316000.0
2025-01-01,2025-06-01,Ações_BDRs_ETFs_Units,K1IM34,BRK1IMBDR009,1718000.0
2025-01-01,2025-06-01,Ações_BDRs_ETFs_Units,K1LA34,BRK1LABDR008,177000.0
2025-01-01,2025-06-01,Ações_BDRs_ETFs_Units,K1MX34,BRK1MXBDR008,1018000.0
2025-01-01,2025-06-01,Ações_BDRs_ETFs_Units,K1RC34,BRK1RCBDR001,520000.0
2025-01-01,2025-06-01,Ações_BDRs_ETFs_Units,K1RG34,BRK1RGBDR002,2729000.0
2025-01-01,2025-06-01,Ações_BDRs_ETFs_Units,K1SG34,BRK1SGBDR000,444000.0
2025-01-01,2025-06-01,Ações_BDRs_ETFs_Units,K1SS34,BRK1SSBDR005,4544000.0
2025-01-01,2025-06-01,Ações_BDRs_ETFs_Units,K1TC34,BRK1TCBDR007,684000.0
2025-01-01,2025-06-01,Ações_BDRs_ETFs_Units,K2RC34,BRK2RCBDR009,6318000.0
2025-01-01,2025-06-01,Ações_BDRs_ETFs_Units,KEPL3,BRKEPLACNOR1,4172000.0
2025-01-01,2025-06-01,Ações_BDRs_ETFs_Units,KHCB34,BRKHCBBDR007,5285000.0
2025-01-01,2025-06-01,Ações_BDRs_ETFs_Units,KLBN11,BRKLBNCDAM18,12315000.0
2025-01-01,2025-06-01,Ações_BDRs_ETFs_Units,KLBN4,BRKLBNACNPR9,4680000.0
2025-01-01,2025-06-01,Ações_BDRs_ETFs_Units,KMBB34,BRKMBBBDR009,248000.0
2025-01-01,2025-06-01,Ações_BDRs_ETFs_Units,KMIC34,BRKMICBDR002,1252000.0
2025-01-01,2025-06-01,Ações_BDRs_ETFs_Units,KMPR34,BRKMPRBDR005,365000.0
2025-01-01,2025-06-01,Ações_BDRs_ETFs_Units,L1AM34,BRL1AMBDR005,4431000.0
2025-01-01,2025-06-01,Ações_BDRs_ETFs_Units,L1CA34,BRL1CABDR006,554000.0
2025-01-01,2025-06-01,Ações_BDRs_ETFs_Units,L1DO34,BRL1DOBDR005,2380000.0
2025-01-01,2025-06-01,Ações_BDRs_ETFs_Units,L1EG34,BRL1EGBDR009,1340000.0
2025-01-01,2025-06-01,Ações_BDRs_ETFs_Units,L1EN34,BRL1ENBDR005,331000.0
2025-01-01,2025-06-01,Ações_BDRs_ETFs_Units,L1HX34,BRL1HXBDR007,591000.0
2025-01-01,2025-06-01,Ações_BDRs_ETFs_Units,L1KQ34,BRL1KQBDR005,806000.0
2025-01-01,2025-06-01,Ações_BDRs_ETFs_Units,L1MN34,BRL1MNBDR008,6467000.0
2025-01-01,2025-06-01,Ações_BDRs_ETFs_Units,L1NC34,BRL1NCBDR009,959000.0
2025-01-01,2025-06-01,Ações_BDRs_ETFs_Units,L1NE34,BRL1NEBDR005,4271000.0
2025-01-01,2025-06-01,Ações_BDRs_ETFs_Units,L1OE34,BRL1OEBDR003,348000.0
2025-01-01,2025-06-01,Ações_BDRs_ETFs_Units,L1RC34,BRL1RCBDR000,18581000.0
2025-01-01,2025-06-01,Ações_BDRs_ETFs_Units,L1UL34,BRL1ULBDR005,441000.0
2025-01-01,2025-06-01,Ações_BDRs_ETFs_Units,L1VS34,BRL1VSBDR008,4424000.0
2025-01-01,2025-06-01,Ações_BDRs_ETFs_Units,L1WH34,BRL1WHBDR009,1246000.0
2025-01-01,2025-06-01,Ações_BDRs_ETFs_Units,L1YB34,BRL1YBBDR008,1224000.0
2025-01-01,2025-06-01,Ações_BDRs_ETFs_Units,L1YG34,BRL1YGBDR007,8398000.0
2025-01-01,2025-06-01,Ações_BDRs_ETFs_Units,L1YV34,BRL1YVBDR006,1242000.0
2025-01-01,2025-06-01,Ações_BDRs_ETFs_Units,L2PL34,BRL2PLBDR003,1644000.0
2025-01-01,2025-06-01,Ações_BDRs_ETFs_Units,L2RN34,BRL2RNBDR005,929000.0
2025-01-01,2025-06-01,Ações_BDRs_ETFs_Units,L2SC34,BRL2SCBDR006,6097000.0
2025-01-01,2025-06-01,Ações_BDRs_ETFs_Units,LBRD34,BRLBRDBDR002,4334000.0
2025-01-01,2025-06-01,Ações_BDRs_ETFs_Units,LEVE3,BRLEVEACNOR2,815000.0
2025-01-01,2025-06-01,Ações_BDRs_ETFs_Units,LFTBETF11,BRLFTBCTF002,2603000.0
2025-01-01,2025-06-01,Ações_BDRs_ETFs_Units,LFTSETF11,BRLFTSCTF006,3723000.0
2025-01-01,2025-06-01,Ações_BDRs_ETFs_Units,LILY34,BRLILYBDR006,1516000.0
2025-01-01,2025-06-01,Ações_BDRs_ETFs_Units,LJQQ3,BRLJQQACNOR5,8931000.0
2025-01-01,2025-06-01,Ações_BDRs_ETFs_Units,LLFTETF11,BRLLFTCTF001,490000.0
2025-01-01,2025-06-01,Ações_BDRs_ETFs_Units,LMTB34,BRLMTBBDR009,73000.0
2025-01-01,2025-06-01,Ações_BDRs_ETFs_Units,LOGG3,BRLOGGACNOR7,688000.0
2025-01-01,2025-06-01,Ações_BDRs_ETFs_Units,LOWC34,BRLOWCBDR007,3103000.0
2025-01-01,2025-06-01,Ações_BDRs_ETFs_Units,LREN3,BRLRENACNOR1,42976000.0
2025-01-01,2025-06-01,Ações_BDRs_ETFs_Units,LSEG34,BRLSEGBDR007,2300000.0
2025-01-01,2025-06-01,Ações_BDRs_ETFs_Units,LVOL11,BRLVOLCTF009,30955000.0
2025-01-01,2025-06-01,Ações_BDRs_ETFs_Units,LWSA3,BRLWSAACNOR8,24559000.0
2025-01-01,2025-06-01,Ações_BDRs_ETFs_Units,M1AA34,BRM1AABDR009,874000.0
2025-01-01,2025-06-01,Ações_BDRs_ETFs_Units,M1AS34,BRM1ASBDR001,545000.0
2025-01-01,2025-06-01,Ações_BDRs_ETFs_Units,M1CB34,BRM1CBBDR003,609000.0
2025-01-01,2025-06-01,Ações_BDRs_ETFs_Units,M1CH34,BRM1CHBDR000,1211000.0
2025-01-01,2025-06-01,Ações_BDRs_ETFs_Units,M1CK34,BRM1CKBDR004,196000.0
2025-01-01,2025-06-01,Ações_BDRs_ETFs_Units,M1DB34,BRM1DBBDR001,3728000.0
2025-01-01,2025-06-01,Ações_BDRs_ETFs_Units,M1GM34,BRM1GMBDR019,1126000.0
2025-01-01,2025-06-01,Ações_BDRs_ETFs_Units,M1HK34,BRM1HKBDR003,8908000.0
2025-01-01,2025-06-01,Ações_BDRs_ETFs_Units,M1KC34,BRM1KCBDR004,1810000.0
2025-01-01,2025-06-01,Ações_BDRs_ETFs_Units,M1KT34,BRM1KTBDR008,8166000.0
2025-01-01,2025-06-01,Ações_BDRs_ETFs_Units,M1LC34,BRM1LCBDR002,3437000.0
2025-01-01,2025-06-01,Ações_BDRs_ETFs_Units,M1LM34,BRM1LMBDR001,318000.0
2025-01-01,2025-06-01,Ações_BDRs_ETFs_Units,M1MC34,BRM1MCBDR000,306000.0
2025-01-01,2025-06-01,Ações_BDRs_ETFs_Units,M1NS34,BRM1NSBDR004,4386000.0
2025-01-01,2025-06-01,Ações_BDRs_ETFs_Units,M1PC34,BRM1PCBDR003,223000.0
2025-01-01,2025-06-01,Ações_BDRs_ETFs_Units,M1RN34,BRM1RNBDR006,25963000.0
2025-01-01,2025-06-01,Ações_BDRs_ETFs_Units,M1SC34,BRM1SCBDR007,2747000.0
2025-01-01,2025-06-01,Ações_BDRs_ETFs_Units,M1SI34,BRM1SIBDR004,335000.0
2025-01-01,2025-06-01,Ações_BDRs_ETFs_Units,M1TA34,BRM1TABDR009,1911000.0
2025-01-01,2025-06-01,Ações_BDRs_ETFs_Units,M1TB34,BRM1TBBDR007,764000.0
2025-01-01,2025-06-01,Ações_BDRs_ETFs_Units,M1TC34,BRM1TCBDR005,23121000.0
2025-01-01,2025-06-01,Ações_BDRs_ETFs_Units,M1TD34,BRM1TDBDR003,302000.0
2025-01-01,2025-06-01,Ações_BDRs_ETFs_Units,M1TT34,BRM1TTBDR009,531000.0
2025-01-01,2025-06-01,Ações_BDRs_ETFs_Units,M1UF34,BRM1UFBDR006,2564000.0
2025-01-01,2025-06-01,Ações_BDRs_ETFs_Units,M2AS34,BRM2ASBDR009,6201000.0
2025-01-01,2025-06-01,Ações_BDRs_ETFs_Units,M2KS34,BRM2KSBDR008,10145000.0
2025-01-01,2025-06-01,Ações_BDRs_ETFs_Units,M2PM34,BRM2PMBDR000,8822000.0
2025-01-01,2025-06-01,Ações_BDRs_ETFs_Units,M2PR34,BRM2PRBDR009,3115000.0
2025-01-01,2025-06-01,Ações_BDRs_ETFs_Units,M2PW34,BRM2PWBDR009,10337000.0
2025-01-01,2025-06-01,Ações_BDRs_ETFs_Units,M2RV34,BRM2RVBDR007,5381000.0
2025-01-01,2025-06-01,Ações_BDRs_ETFs_Units,MACY34,BRMACYBDR000,2934000.0
2025-01-01,2025-06-01,Ações_BDRs_ETFs_Units,MARGETF11,BRMARGCTF012,980000.0
2025-01-01,2025-06-01,Ações_BDRs_ETFs_Units,MCDC34,BRMCDCBDR000,2247000.0
2025-01-01,2025-06-01,Ações_BDRs_ETFs_Units,MCOR34,BRMCORBDR005,293000.0
2025-01-01,2025-06-01,Ações_BDRs_ETFs_Units,MDIA3,BRMDIAACNOR7,1699000.0
2025-01-01,2025-06-01,Ações_BDRs_ETFs_Units,MDLZ34,BRMDLZBDR002,1050000.0
2025-01-01,2025-06-01,Ações_BDRs_ETFs_Units,MDNE3,BRMDNEACNOR9,1463000.0
2025-01-01,2025-06-01,Ações_BDRs_ETFs_Units,MDTC34,BRMDTCBDR004,867000.0
2025-01-01,2025-06-01,Ações_BDRs_ETFs_Units,MELI34,BRMELIBDR006,2572000.0
2025-01-01,2025-06-01,Ações_BDRs_ETFs_Units,METB34,BRMETBBDR004,450000.0
2025-01-01,2025-06-01,Ações_BDRs_ETFs_Units,MGLU3,BRMGLUACNOR2,82113000.0
2025-01-01,2025-06-01,Ações_BDRs_ETFs_Units,MILL11,BRMILLCTF018,2472000.0
2025-01-01,2025-06-01,Ações_BDRs_ETFs_Units,MKLC34,BRMKLCBDR006,371000.0
2025-01-01,2025-06-01,Ações_BDRs_ETFs_Units,MMMC34,BRMMMCBDR000,939000.0
2025-01-01,2025-06-01,Ações_BDRs_ETFs_Units,MOOO34,BRMOOOBDR007,593000.0
2025-01-01,2025-06-01,Ações_BDRs_ETFs_Units,MOSC34,BRMOSCBDR003,5848000.0
2025-01-01,2025-06-01,Ações_BDRs_ETFs_Units,MOTB39,BRMOTBBDR003,3164000.0
2025-01-01,2025-06-01,Ações_BDRs_ETFs_Units,MOTV3,BRMOTVACNOR7,258250000.0
2025-01-01,2025-06-01,Ações_BDRs_ETFs_Units,MOVI3,BRMOVIACNOR0,16715000.0
2025-01-01,2025-06-01,Ações_BDRs_ETFs_Units,MRCK34,BRMRCKBDR003,3652000.0
2025-01-01,2025-06-01,Ações_BDRs_ETFs_Units,MRFG3,BRMRFGACNOR0,18382000.0
2025-01-01,2025-06-01,Ações_BDRs_ETFs_Units,MRVE3,BRMRVEACNOR2,29873000.0
2025-01-01,2025-06-01,Ações_BDRs_ETFs_Units,MSBR34,BRMSBRBDR008,1367000.0
2025-01-01,2025-06-01,Ações_BDRs_ETFs_Units,MSCD34,BRMSCDBDR006,1917000.0
2025-01-01,2025-06-01,Ações_BDRs_ETFs_Units,MSFT34,BRMSFTBDR005,2297000.0
2025-01-01,2025-06-01,Ações_BDRs_ETFs_Units,MULT3,BRMULTACNOR5,11938000.0
2025-01-01,2025-06-01,Ações_BDRs_ETFs_Units,MUTC34,BRMUTCBDR008,2188000.0
2025-01-01,2025-06-01,Ações_BDRs_ETFs_Units,MYPK3,BRMYPKACNOR7,2422000.0
2025-01-01,2025-06-01,Ações_BDRs_ETFs_Units,N1BI34,BRN1BIBDR009,5858000.0
2025-01-01,2025-06-01,Ações_BDRs_ETFs_Units,N1CL34,BRN1CLBDR001,2028000.0
2025-01-01,2025-06-01,Ações_BDRs_ETFs_Units,N1DA34,BRN1DABDR002,850000.0
2025-01-01,2025-06-01,Ações_BDRs_ETFs_Units,N1EM34,BRN1EMBDR005,667000.0
2025-01-01,2025-06-01,Ações_BDRs_ETFs_Units,N1GG34,BRN1GGBDR002,1720000.0
2025-01-01,2025-06-01,Ações_BDRs_ETFs_Units,N1IC34,BRN1ICBDR007,5417000.0
2025-01-01,2025-06-01,Ações_BDRs_ETFs_Units,N1IS34,BRN1ISBDR003,895000.0
2025-01-01,2025-06-01,Ações_BDRs_ETFs_Units,N1MR34,BRN1MRBDR007,1088000.0
2025-01-01,2025-06-01,Ações_BDRs_ETFs_Units,N1OV34,BRN1OVBDR005,2217000.0
2025-01-01,2025-06-01,Ações_BDRs_ETFs_Units,N1OW34,BRN1OWBDR003,1734000.0
2025-01-01,2025-06-01,Ações_BDRs_ETFs_Units,N1RG34,BRN1RGBDR009,225000.0
2025-01-01,2025-06-01,Ações_BDRs_ETFs_Units,N1SC34,BRN1SCBDR006,550000.0
2025-01-01,2025-06-01,Ações_BDRs_ETFs_Units,N1TA34,BRN1TABDR008,356000.0
2025-01-01,2025-06-01,Ações_BDRs_ETFs_Units,N1TR34,BRN1TRBDR002,833000.0
2025-01-01,2025-06-01,Ações_BDRs_ETFs_Units,N1UE34,BRN1UEBDR008,3887000.0
2025-01-01,2025-06-01,Ações_BDRs_ETFs_Units,N1VO34,BRN1VOBDR005,3982000.0
2025-01-01,2025-06-01,Ações_BDRs_ETFs_Units,N1VR34,BRN1VRBDR008,238000.0
2025-01-01,2025-06-01,Ações_BDRs_ETFs_Units,N1VS34,BRN1VSBDR006,3112000.0
2025-01-01,2025-06-01,Ações_BDRs_ETFs_Units,N1WL34,BRN1WLBDR009,5092000.0
2025-01-01,2025-06-01,Ações_BDRs_ETFs_Units,N1WS34,BRN1WSBDR004,1382000.0
2025-01-01,2025-06-01,Ações_BDRs_ETFs_Units,N1WS35,BRN1WSBDR012,729000.0
2025-01-01,2025-06-01,Ações_BDRs_ETFs_Units,N1XP34,BRN1XPBDR008,357000.0
2025-01-01,2025-06-01,Ações_BDRs_ETFs_Units,N2ET34,BRN2ETBDR008,3930000.0
2025-01-01,2025-06-01,Ações_BDRs_ETFs_Units,N2LY34,BRN2LYBDR003,1841000.0
2025-01-01,2025-06-01,Ações_BDRs_ETFs_Units,N2TN34,BRN2TNBDR009,1714000.0
2025-01-01,2025-06-01,Ações_BDRs_ETFs_Units,N2VC34,BRN2VCBDR008,4689000.0
2025-01-01,2025-06-01,Ações_BDRs_ETFs_Units,NASD11,BRNASDCTF007,16730000.0
2025-01-01,2025-06-01,Ações_BDRs_ETFs_Units,NBOV11,BRNBOVCTF006,27197000.0
2025-01-01,2025-06-01,Ações_BDRs_ETFs_Units,NDIV11,BRNDIVCTF004,13905000.0
2025-01-01,2025-06-01,Ações_BDRs_ETFs_Units,NEOE3,BRNEOEACNOR3,2806000.0
2025-01-01,2025-06-01,Ações_BDRs_ETFs_Units,NETE34,BRNETEBDR006,2857000.0
2025-01-01,2025-06-01,Ações_BDRs_ETFs_Units,NEXT34,BRNEXTBDR006,2052000.0
2025-01-01,2025-06-01,Ações_BDRs_ETFs_Units,NFLX34,BRNFLXBDR000,1564000.0
2025-01-01,2025-06-01,Ações_BDRs_ETFs_Units,NIKE34,BRNIKEBDR006,5739000.0
2025-01-01,2025-06-01,Ações_BDRs_ETFs_Units,NOCG34,BRNOCGBDR006,370000.0
2025-01-01,2025-06-01,Ações_BDRs_ETFs_Units,NOKI34,BRNOKIBDR005,6561000.0
2025-01-01,2025-06-01,Ações_BDRs_ETFs_Units,NSAT34,BRNSATBDR004,1360000.0
2025-01-01,2025-06-01,Ações_BDRs_ETFs_Units,NSDV11,BRNSDVCTF003,12355000.0
2025-01-01,2025-06-01,Ações_BDRs_ETFs_Units,NTCO3,BRNTCOACNOR5,27062000.0
2025-01-01,2025-06-01,Ações_BDRs_ETFs_Units,NTNSETF11,BRNTNSCTF006,889000.0
2025-01-01,2025-06-01,Ações_BDRs_ETFs_Units,NTST34,BRNTSTBDR004,818000.0
2025-01-01,2025-06-01,Ações_BDRs_ETFs_Units,NUCL11,BRNUCLCTF002,3159000.0
2025-01-01,2025-06-01,Ações_BDRs_ETFs_Units,NVDC34,BRNVDCBDR008,36954000.0
2025-01-01,2025-06-01,Ações_BDRs_ETFs_Units,O1DF34,BRO1DFBDR000,4357000.0
2025-01-01,2025-06-01,Ações_BDRs_ETFs_Units,O1KE34,BRO1KEBDR008,859000.0
2025-01-01,2025-06-01,Ações_BDRs_ETFs_Units,O1KT34,BRO1KTBDR006,6605000.0
2025-01-01,2025-06-01,Ações_BDRs_ETFs_Units,O1MC34,BRO1MCBDR008,932000.0
2025-01-01,2025-06-01,Ações_BDRs_ETFs_Units,O1TI34,BRO1TIBDR000,3712000.0
2025-01-01,2025-06-01,Ações_BDRs_ETFs_Units,O1UT34,BRO1UTBDR005,1535000.0
2025-01-01,2025-06-01,Ações_BDRs_ETFs_Units,O2HI34,BRO2HIBDR003,2916000.0
2025-01-01,2025-06-01,Ações_BDRs_ETFs_Units,O2LE34,BRO2LEBDR004,4324000.0
2025-01-01,2025-06-01,Ações_BDRs_ETFs_Units,O2NS34,BRO2NSBDR000,6793000.0
2025-01-01,2025-06-01,Ações_BDRs_ETFs_Units,ODPV3,BRODPVACNOR4,3681000.0
2025-01-01,2025-06-01,Ações_BDRs_ETFs_Units,ONCO3,BRONCOACNOR6,10591000.0
2025-01-01,2025-06-01,Ações_BDRs_ETFs_Units,ORCL34,BRORCLBDR007,1293000.0
2025-01-01,2025-06-01,Ações_BDRs_ETFs_Units,ORLY34,BRORLYBDR001,120375000.0
2025-01-01,2025-06-01,Ações_BDRs_ETFs_Units,ORVR3,BRORVRACNOR0,1026000.0
2025-01-01,2025-06-01,Ações_BDRs_ETFs_Units,OXYP34,BROXYPBDR000,4894000.0
2025-01-01,2025-06-01,Ações_BDRs_ETFs_Units,P1AC34,BRP1ACBDR002,737000.0
2025-01-01,2025-06-01,Ações_BDRs_ETFs_Units,P1AY34,BRP1AYBDR006,460000.0
2025-01-01,2025-06-01,Ações_BDRs_ETFs_Units,P1DD34,BRP1DDBDR004,3644000.0
2025-01-01,2025-06-01,Ações_BDRs_ETFs_Units,P1DT34,BRP1DTBDR000,692000.0
2025-01-01,2025-06-01,Ações_BDRs_ETFs_Units,P1EA34,BRP1EABDR008,2087000.0
2025-01-01,2025-06-01,Ações_BDRs_ETFs_Units,P1EG34,BRP1EGBDR005,415000.0
2025-01-01,2025-06-01,Ações_BDRs_ETFs_Units,P1FG34,BRP1FGBDR002,620000.0
2025-01-01,2025-06-01,Ações_BDRs_ETFs_Units,P1GR34,BRP1GRBDR007,253000.0
2025-01-01,2025-06-01,Ações_BDRs_ETFs_Units,P1HC34,BRP1HCBDR007,217000.0
2025-01-01,2025-06-01,Ações_BDRs_ETFs_Units,P1HM34,BRP1HMBDR006,336000.0
2025-01-01,2025-06-01,Ações_BDRs_ETFs_Units,P1KG34,BRP1KGBDR002,378000.0
2025-01-01,2025-06-01,Ações_BDRs_ETFs_Units,P1LD34,BRP1LDBDR007,3896000.0
2025-01-01,2025-06-01,Ações_BDRs_ETFs_Units,P1NR34,BRP1NRBDR003,360000.0
2025-01-01,2025-06-01,Ações_BDRs_ETFs_Units,P1NW34,BRP1NWBDR003,747000.0
2025-01-01,2025-06-01,Ações_BDRs_ETFs_Units,P1PG34,BRP1PGBDR001,643000.0
2025-01-01,2025-06-01,Ações_BDRs_ETFs_Units,P1PL34,BRP1PLBDR001,1046000.0
2025-01-01,2025-06-01,Ações_BDRs_ETFs_Units,P1RG34,BRP1RGBDR007,710000.0
2025-01-01,2025-06-01,Ações_BDRs_ETFs_Units,P1SA34,BRP1SABDR008,581000.0
2025-01-01,2025-06-01,Ações_BDRs_ETFs_Units,P1SX34,BRP1SXBDR000,620000.0
2025-01-01,2025-06-01,Ações_BDRs_ETFs_Units,P1UK34,BRP1UKBDR003,1605000.0
2025-01-01,2025-06-01,Ações_BDRs_ETFs_Units,P1VH34,BRP1VHBDR007,978000.0
2025-01-01,2025-06-01,Ações_BDRs_ETFs_Units,P1YC34,BRP1YCBDR002,4036000.0
2025-01-01,2025-06-01,Ações_BDRs_ETFs_Units,P2AN34,BRP2ANBDR007,10986000.0
2025-01-01,2025-06-01,Ações_BDRs_ETFs_Units,P2AT34,BRP2ATBDR004,21787000.0
2025-01-01,2025-06-01,Ações_BDRs_ETFs_Units,P2CF34,BRP2CFBDR009,5169000.0
2025-01-01,2025-06-01,Ações_BDRs_ETFs_Units,P2CO34,BRP2COBDR001,4897000.0
2025-01-01,2025-06-01,Ações_BDRs_ETFs_Units,P2CY34,BRP2CYBDR000,5359000.0
2025-01-01,2025-06-01,Ações_BDRs_ETFs_Units,P2EG34,BRP2EGBDR003,8742000.0
2025-01-01,2025-06-01,Ações_BDRs_ETFs_Units,P2EN34,BRP2ENBDR009,19809000.0
2025-01-01,2025-06-01,Ações_BDRs_ETFs_Units,P2IN34,BRP2INBDR000,6711000.0
2025-01-01,2025-06-01,Ações_BDRs_ETFs_Units,P2LN34,BRP2LNBDR004,2921000.0
2025-01-01,2025-06-01,Ações_BDRs_ETFs_Units,P2LT34,BRP2LTBDR001,930000.0
2025-01-01,2025-06-01,Ações_BDRs_ETFs_Units,P2NB34,BRP2NBBDR005,3952000.0
2025-01-01,2025-06-01,Ações_BDRs_ETFs_Units,P2OD34,BRP2ODBDR009,3252000.0
2025-01-01,2025-06-01,Ações_BDRs_ETFs_Units,P2OS34,BRP2OSBDR007,2393000.0
2025-01-01,2025-06-01,Ações_BDRs_ETFs_Units,P2ST34,BRP2STBDR006,3363000.0
2025-01-01,2025-06-01,Ações_BDRs_ETFs_Units,P2TC34,BRP2TCBDR000,3665000.0
2025-01-01,2025-06-01,Ações_BDRs_ETFs_Units,PACBETF11,BRPACBCTF000,8881000.0
2025-01-01,2025-06-01,Ações_BDRs_ETFs_Units,PACCETF11,BRPACCCTF008,120000.0
2025-01-01,2025-06-01,Ações_BDRs_ETFs_Units,PACGETF11,BRPACGCTF009,1573000.0
2025-01-01,2025-06-01,Ações_BDRs_ETFs_Units,PAGS34,BRPAGSBDR006,10820000.0
2025-01-01,2025-06-01,Ações_BDRs_ETFs_Units,PCAR3,BRPCARACNOR3,27583000.0
2025-01-01,2025-06-01,Ações_BDRs_ETFs_Units,PEPB34,BRPEPBBDR005,4003000.0
2025-01-01,2025-06-01,Ações_BDRs_ETFs_Units,PETR3,BRPETRACNOR9,25823000.0
2025-01-01,2025-06-01,Ações_BDRs_ETFs_Units,PETR4,BRPETRACNPR6,87859000.0
2025-01-01,2025-06-01,Ações_BDRs_ETFs_Units,PETZ3,BRPETZACNOR2,16825000.0
2025-01-01,2025-06-01,Ações_BDRs_ETFs_Units,PFIZ34,BRPFIZBDR006,6096000.0
2025-01-01,2025-06-01,Ações_BDRs_ETFs_Units,PGCO34,BRPGCOBDR001,2920000.0
2025-01-01,2025-06-01,Ações_BDRs_ETFs_Units,PHGN34,BRPHGNBDR002,438000.0
2025-01-01,2025-06-01,Ações_BDRs_ETFs_Units,PHIPETF11,BRPHIPCTF002,80000.0
2025-01-01,2025-06-01,Ações_BDRs_ETFs_Units,PHMO34,BRPHMOBDR008,393000.0
2025-01-01,2025-06-01,Ações_BDRs_ETFs_Units,PIBB11,BRPIBBCTF005,64024000.0
2025-01-01,2025-06-01,Ações_BDRs_ETFs_Units,PLPL3,BRPLPLACNOR5,2544000.0
2025-01-01,2025-06-01,Ações_BDRs_ETFs_Units,PNCS34,BRPNCSBDR008,426000.0
2025-01-01,2025-06-01,Ações_BDRs_ETFs_Units,POMO4,BRPOMOACNPR7,35767000.0
2025-01-01,2025-06-01,Ações_BDRs_ETFs_Units,PORT3,BRPORTACNOR8,1803000.0
2025-01-01,2025-06-01,Ações_BDRs_ETFs_Units,PRIO3,BRPRIOACNOR1,21748000.0
2025-01-01,2025-06-01,Ações_BDRs_ETFs_Units,PSSA3,BRPSSAACNOR7,4953000.0
2025-01-01,2025-06-01,Ações_BDRs_ETFs_Units,PYPL34,BRPYPLBDR002,9929000.0
2025-01-01,2025-06-01,Ações_BDRs_ETFs_Units,Q1RV34,BRQ1RVBDR005,899000.0
2025-01-01,2025-06-01,Ações_BDRs_ETFs_Units,Q1UA34,BRQ1UABDR003,1254000.0
2025-01-01,2025-06-01,Ações_BDRs_ETFs_Units,Q1UE34,BRQ1UEBDR005,420000.0
2025-01-01,2025-06-01,Ações_BDRs_ETFs_Units,Q2SC34,BRQ2SCBDR001,16875000.0
2025-01-01,2025-06-01,Ações_BDRs_ETFs_Units,QCOM34,BRQCOMBDR007,2821000.0
2025-01-01,2025-06-01,Ações_BDRs_ETFs_Units,QQQI11,BRQQQICTF009,517000.0
2025-01-01,2025-06-01,Ações_BDRs_ETFs_Units,R1CL34,BRR1CLBDR007,278000.0
2025-01-01,2025-06-01,Ações_BDRs_ETFs_Units,R1DY34,BRR1DYBDR008,4958000.0
2025-01-01,2025-06-01,Ações_BDRs_ETFs_Units,R1EG34,BRR1EGBDR003,952000.0
2025-01-01,2025-06-01,Ações_BDRs_ETFs_Units,R1EL34,BRR1ELBDR003,1249000.0
2025-01-01,2025-06-01,Ações_BDRs_ETFs_Units,R1FC34,BRR1FCBDR009,1645000.0
2025-01-01,2025-06-01,Ações_BDRs_ETFs_Units,R1HI34,BRR1HIBDR002,735000.0
2025-01-01,2025-06-01,Ações_BDRs_ETFs_Units,R1HP34,BRR1HPBDR007,4352000.0
2025-01-01,2025-06-01,Ações_BDRs_ETFs_Units,R1IN34,BRR1INBDR000,1250000.0
2025-01-01,2025-06-01,Ações_BDRs_ETFs_Units,R1JF34,BRR1JFBDR004,544000.0
2025-01-01,2025-06-01,Ações_BDRs_ETFs_Units,R1KU34,BRR1KUBDR001,9514000.0
2025-01-01,2025-06-01,Ações_BDRs_ETFs_Units,R1LC34,BRR1LCBDR007,249000.0
2025-01-01,2025-06-01,Ações_BDRs_ETFs_Units,R1MD34,BRR1MDBDR003,567000.0
2025-01-01,2025-06-01,Ações_BDRs_ETFs_Units,R1OK34,BRR1OKBDR004,577000.0
2025-01-01,2025-06-01,Ações_BDRs_ETFs_Units,R1OL34,BRR1OLBDR002,629000.0
2025-01-01,2025-06-01,Ações_BDRs_ETFs_Units,R1OP34,BRR1OPBDR003,601000.0
2025-01-01,2025-06-01,Ações_BDRs_ETFs_Units,R1SG34,BRR1SGBDR003,280000.0
2025-01-01,2025-06-01,Ações_BDRs_ETFs_Units,R1VT34,BRR1VTBDR000,11049000.0
2025-01-01,2025-06-01,Ações_BDRs_ETFs_Units,R1YA34,BRR1YABDR004,4847000.0
2025-01-01,2025-06-01,Ações_BDRs_ETFs_Units,R2AR34,BRR2ARBDR006,4117000.0
2025-01-01,2025-06-01,Ações_BDRs_ETFs_Units,R2BL34,BRR2BLBDR007,4144000.0
2025-01-01,2025-06-01,Ações_BDRs_ETFs_Units,R2DF34,BRR2DFBDR005,17735000.0
2025-01-01,2025-06-01,Ações_BDRs_ETFs_Units,R2GE34,BRR2GEBDR001,7883000.0
2025-01-01,2025-06-01,Ações_BDRs_ETFs_Units,R2HH34,BRR2HHBDR002,9784000.0
2025-01-01,2025-06-01,Ações_BDRs_ETFs_Units,R2NG34,BRR2NGBDR002,16878000.0
2025-01-01,2025-06-01,Ações_BDRs_ETFs_Units,R2PD34,BRR2PDBDR004,4051000.0
2025-01-01,2025-06-01,Ações_BDRs_ETFs_Units,R2RX34,BRR2RXBDR008,6422000.0
2025-01-01,2025-06-01,Ações_BDRs_ETFs_Units,RADL3,BRRADLACNOR0,24088000.0
2025-01-01,2025-06-01,Ações_BDRs_ETFs_Units,RAIL3,BRRAILACNOR9,30895000.0
2025-01-01,2025-06-01,Ações_BDRs_ETFs_Units,RAIZ4,BRRAIZACNPR6,41970000.0
2025-01-01,2025-06-01,Ações_BDRs_ETFs_Units,RAPT4,BRRAPTACNPR4,7895000.0
2025-01-01,2025-06-01,Ações_BDRs_ETFs_Units,RDOR3,BRRDORACNOR8,12474000.0
2025-01-01,2025-06-01,Ações_BDRs_ETFs_Units,RECV3,BRRECVACNOR3,7607000.0
2025-01-01,2025-06-01,Ações_BDRs_ETFs_Units,REGN34,BRREGNBDR005,3528000.0
2025-01-01,2025-06-01,Ações_BDRs_ETFs_Units,RENT3,BRRENTACNOR4,24848000.0
2025-01-01,2025-06-01,Ações_BDRs_ETFs_Units,REVE11,BRREVECTF002,902000.0
2025-01-01,2025-06-01,Ações_BDRs_ETFs_Units,RGTI34,BRRGTIBDR003,3755000.0
2025-01-01,2025-06-01,Ações_BDRs_ETFs_Units,RIGG34,BRRIGGBDR000,13990000.0
2025-01-01,2025-06-01,Ações_BDRs_ETFs_Units,RIOT34,BRRIOTBDR007,586000.0
2025-01-01,2025-06-01,Ações_BDRs_ETFs_Units,ROST34,BRROSTBDR006,499000.0
2025-01-01,2025-06-01,Ações_BDRs_ETFs_Units,ROXO34,BRROXOBDR007,23268000.0
2025-01-01,2025-06-01,Ações_BDRs_ETFs_Units,RYBD34,BRRYBDBDR005,2822000.0
2025-01-01,2025-06-01,Ações_BDRs_ETFs_Units,RYTT34,BRRYTTBDR003,1583000.0
2025-01-01,2025-06-01,Ações_BDRs_ETFs_Units,S1BA34,BRS1BABDR001,808000.0
2025-01-01,2025-06-01,Ações_BDRs_ETFs_Units,S1BS34,BRS1BSBDR003,5810000.0
2025-01-01,2025-06-01,Ações_BDRs_ETFs_Units,S1EA34,BRS1EABDR005,784000.0
2025-01-01,2025-06-01,Ações_BDRs_ETFs_Units,S1HW34,BRS1HWBDR002,990000.0
2025-01-01,2025-06-01,Ações_BDRs_ETFs_Units,S1JM34,BRS1JMBDR009,601000.0
2025-01-01,2025-06-01,Ações_BDRs_ETFs_Units,S1KT34,BRS1KTBDR002,1816000.0
2025-01-01,2025-06-01,Ações_BDRs_ETFs_Units,S1LG34,BRS1LGBDR007,809000.0
2025-01-01,2025-06-01,Ações_BDRs_ETFs_Units,S1MF34,BRS1MFBDR007,842000.0
2025-01-01,2025-06-01,Ações_BDRs_ETFs_Units,S1NA34,BRS1NABDR006,451000.0
2025-01-01,2025-06-01,Ações_BDRs_ETFs_Units,S1NN34,BRS1NNBDR009,1714000.0
2025-01-01,2025-06-01,Ações_BDRs_ETFs_Units,S1NP34,BRS1NPBDR004,297000.0
2025-01-01,2025-06-01,Ações_BDRs_ETFs_Units,S1OU34,BRS1OUBDR002,1131000.0
2025-01-01,2025-06-01,Ações_BDRs_ETFs_Units,S1PO34,BRS1POBDR002,213000.0
2025-01-01,2025-06-01,Ações_BDRs_ETFs_Units,S1RE34,BRS1REBDR009,1823000.0
2025-01-01,2025-06-01,Ações_BDRs_ETFs_Units,S1RP34,BRS1RPBDR005,11614000.0
2025-01-01,2025-06-01,Ações_BDRs_ETFs_Units,S1SL34,BRS1SLBDR002,987000.0
2025-01-01,2025-06-01,Ações_BDRs_ETFs_Units,S1SN34,BRS1SNBDR008,2826000.0
2025-01-01,2025-06-01,Ações_BDRs_ETFs_Units,S1TE34,BRS1TEBDR005,3095000.0
2025-01-01,2025-06-01,Ações_BDRs_ETFs_Units,S1TT34,BRS1TTBDR003,368000.0
2025-01-01,2025-06-01,Ações_BDRs_ETFs_Units,S1TX34,BRS1TXBDR005,318000.0
2025-01-01,2025-06-01,Ações_BDRs_ETFs_Units,S1WK34,BRS1WKBDR006,2157000.0
2025-01-01,2025-06-01,Ações_BDRs_ETFs_Units,S1YF34,BRS1YFBDR002,601000.0
2025-01-01,2025-06-01,Ações_BDRs_ETFs_Units,S1YK34,BRS1YKBDR002,1836000.0
2025-01-01,2025-06-01,Ações_BDRs_ETFs_Units,S1YM34,BRS1YMBDR008,1297000.0
2025-01-01,2025-06-01,Ações_BDRs_ETFs_Units,S1YY34,BRS1YYBDR003,968000.0
2025-01-01,2025-06-01,Ações_BDRs_ETFs_Units,S2CH34,BRS2CHBDR002,3341000.0
2025-01-01,2025-06-01,Ações_BDRs_ETFs_Units,S2EA34,BRS2EABDR003,5343000.0
2025-01-01,2025-06-01,Ações_BDRs_ETFs_Units,S2ED34,BRS2EDBDR007,51041000.0
2025-01-01,2025-06-01,Ações_BDRs_ETFs_Units,S2EI34,BRS2EIBDR006,3072000.0
2025-01-01,2025-06-01,Ações_BDRs_ETFs_Units,S2FM34,BRS2FMBDR005,624000.0
2025-01-01,2025-06-01,Ações_BDRs_ETFs_Units,S2GI34,BRS2GIBDR001,2151000.0
2025-01-01,2025-06-01,Ações_BDRs_ETFs_Units,S2HO34,BRS2HOBDR007,39197000.0
2025-01-01,2025-06-01,Ações_BDRs_ETFs_Units,S2LA34,BRS2LABDR008,4990000.0
2025-01-01,2025-06-01,Ações_BDRs_ETFs_Units,S2MP34,BRS2MPBDR004,1321000.0
2025-01-01,2025-06-01,Ações_BDRs_ETFs_Units,S2NA34,BRS2NABDR004,24970000.0
2025-01-01,2025-06-01,Ações_BDRs_ETFs_Units,S2NW34,BRS2NWBDR008,6839000.0
2025-01-01,2025-06-01,Ações_BDRs_ETFs_Units,S2TA34,BRS2TABDR001,3507000.0
2025-01-01,2025-06-01,Ações_BDRs_ETFs_Units,S2TW34,BRS2TWBDR005,3201000.0
2025-01-01,2025-06-01,Ações_BDRs_ETFs_Units,S2UI34,BRS2UIBDR002,5792000.0
2025-01-01,2025-06-01,Ações_BDRs_ETFs_Units,S2YN34,BRS2YNBDR004,6767000.0
2025-01-01,2025-06-01,Ações_BDRs_ETFs_Units,SANB11,BRSANBCDAM13,6742000.0
2025-01-01,2025-06-01,Ações_BDRs_ETFs_Units,SAPP34,BRSAPPBDR007,117000.0
2025-01-01,2025-06-01,Ações_BDRs_ETFs_Units,SAPR11,BRSAPRCDAM13,2602000.0
2025-01-01,2025-06-01,Ações_BDRs_ETFs_Units,SAPR4,BRSAPRACNPR6,3832000.0
2025-01-01,2025-06-01,Ações_BDRs_ETFs_Units,SBFG3,BRSBFGACNOR1,4751000.0
2025-01-01,2025-06-01,Ações_BDRs_ETFs_Units,SBSP3,BRSBSPACNOR5,8218000.0
2025-01-01,2025-06-01,Ações_BDRs_ETFs_Units,SBUB34,BRSBUBBDR005,406000.0
2025-01-01,2025-06-01,Ações_BDRs_ETFs_Units,SCHW34,BRSCHWBDR006,3057000.0
2025-01-01,2025-06-01,Ações_BDRs_ETFs_Units,SCVB11,BRSCVBCTF000,2823000.0
2025-01-01,2025-06-01,Ações_BDRs_ETFs_Units,SIMH3,BRSIMHACNOR0,16101000.0
2025-01-01,2025-06-01,Ações_BDRs_ETFs_Units,SIMN34,BRSIMNBDR002,873000.0
2025-01-01,2025-06-01,Ações_BDRs_ETFs_Units,SLBG34,BRSLBGBDR003,2082000.0
2025-01-01,2025-06-01,Ações_BDRs_ETFs_Units,SLCE3,BRSLCEACNOR2,7122000.0
2025-01-01,2025-06-01,Ações_BDRs_ETFs_Units,SMAL11,BRSMALCTF002,3514000.0
2025-01-01,2025-06-01,Ações_BDRs_ETFs_Units,SMFT3,BRSMFTACNOR1,8728000.0
2025-01-01,2025-06-01,Ações_BDRs_ETFs_Units,SMTO3,BRSMTOACNOR3,4058000.0
2025-01-01,2025-06-01,Ações_BDRs_ETFs_Units,SNEC34,BRSNECBDR002,1283000.0
2025-01-01,2025-06-01,Ações_BDRs_ETFs_Units,SOJA3,BRSOJAACNOR9,1594000.0
2025-01-01,2025-06-01,Ações_BDRs_ETFs_Units,SPGI34,BRSPGIBDR009,2457000.0
2025-01-01,2025-06-01,Ações_BDRs_ETFs_Units,SPUB11,BRSPUBCTF004,147000.0
2025-01-01,2025-06-01,Ações_BDRs_ETFs_Units,SPVT11,BRSPVTCTF004,3338000.0
2025-01-01,2025-06-01,Ações_BDRs_ETFs_Units,SPXB11,BRSPXBCTF008,14680000.0
2025-01-01,2025-06-01,Ações_BDRs_ETFs_Units,SPXI11,BRSPXICTF003,772000.0
2025-01-01,2025-06-01,Ações_BDRs_ETFs_Units,SPXR11,BRSPXRCTF004,19035000.0
2025-01-01,2025-06-01,Ações_BDRs_ETFs_Units,SPYI11,BRSPYICTF001,176000.0
2025-01-01,2025-06-01,Ações_BDRs_ETFs_Units,SRNA3,BRSRNAACNOR4,10204000.0
2025-01-01,2025-06-01,Ações_BDRs_ETFs_Units,SSFO34,BRSSFOBDR003,2773000.0
2025-01-01,2025-06-01,Ações_BDRs_ETFs_Units,STBP3,BRSTBPACNOR3,11745000.0
2025-01-01,2025-06-01,Ações_BDRs_ETFs_Units,STCH34,BRSTCHBDR002,1127000.0
2025-01-01,2025-06-01,Ações_BDRs_ETFs_Units,STMN34,BRSTMNBDR009,1430000.0
2025-01-01,2025-06-01,Ações_BDRs_ETFs_Units,STZB34,BRSTZBBDR006,769000.0
2025-01-01,2025-06-01,Ações_BDRs_ETFs_Units,SUZB3,BRSUZBACNOR0,13917000.0
2025-01-01,2025-06-01,Ações_BDRs_ETFs_Units,SVAL11,BRSVALCTF003,168000.0
2025-01-01,2025-06-01,Ações_BDRs_ETFs_Units,T1AL34,BRT1ALBDR009,32372000.0
2025-01-01,2025-06-01,Ações_BDRs_ETFs_Units,T1AM34,BRT1AMBDR007,3297000.0
2025-01-01,2025-06-01,Ações_BDRs_ETFs_Units,T1CH34,BRT1CHBDR003,21786000.0
2025-01-01,2025-06-01,Ações_BDRs_ETFs_Units,T1DG34,BRT1DGBDR003,1193000.0
2025-01-01,2025-06-01,Ações_BDRs_ETFs_Units,T1EC34,BRT1ECBDR000,1157000.0
2025-01-01,2025-06-01,Ações_BDRs_ETFs_Units,T1EL34,BRT1ELBDR001,687000.0
2025-01-01,2025-06-01,Ações_BDRs_ETFs_Units,T1EV34,BRT1EVBDR000,3976000.0
2025-01-01,2025-06-01,Ações_BDRs_ETFs_Units,T1FX34,BRT1FXBDR003,2898000.0
2025-01-01,2025-06-01,Ações_BDRs_ETFs_Units,T1MU34,BRT1MUBDR005,292000.0
2025-01-01,2025-06-01,Ações_BDRs_ETFs_Units,T1OW34,BRT1OWBDR007,3869000.0
2025-01-01,2025-06-01,Ações_BDRs_ETFs_Units,T1RI34,BRT1RIBDR009,1378000.0
2025-01-01,2025-06-01,Ações_BDRs_ETFs_Units,T1RO34,BRT1ROBDR007,717000.0
2025-01-01,2025-06-01,Ações_BDRs_ETFs_Units,T1SC34,BRT1SCBDR000,12936000.0
2025-01-01,2025-06-01,Ações_BDRs_ETFs_Units,T1SO34,BRT1SOBDR005,390000.0
2025-01-01,2025-06-01,Ações_BDRs_ETFs_Units,T1SS34,BRT1SSBDR006,1674000.0
2025-01-01,2025-06-01,Ações_BDRs_ETFs_Units,T1TW34,BRT1TWBDR006,611000.0
2025-01-01,2025-06-01,Ações_BDRs_ETFs_Units,T1WL34,BRT1WLBDR003,7468000.0
2025-01-01,2025-06-01,Ações_BDRs_ETFs_Units,T1XT34,BRT1XTBDR004,557000.0
2025-01-01,2025-06-01,Ações_BDRs_ETFs_Units,T2DH34,BRT2DHBDR009,97014000.0
2025-01-01,2025-06-01,Ações_BDRs_ETFs_Units,T2ER34,BRT2ERBDR006,7857000.0
2025-01-01,2025-06-01,Ações_BDRs_ETFs_Units,T2ND34,BRT2NDBDR007,10708000.0
2025-01-01,2025-06-01,Ações_BDRs_ETFs_Units,T2RE34,BRT2REBDR006,9560000.0
2025-01-01,2025-06-01,Ações_BDRs_ETFs_Units,T2RM34,BRT2RMBDR009,6761000.0
2025-01-01,2025-06-01,Ações_BDRs_ETFs_Units,T2TD34,BRT2TDBDR004,47411000.0
2025-01-01,2025-06-01,Ações_BDRs_ETFs_Units,T2YL34,BRT2YLBDR007,3741000.0
2025-01-01,2025-06-01,Ações_BDRs_ETFs_Units,TAEE11,BRTAEECDAM10,4589000.0
2025-01-01,2025-06-01,Ações_BDRs_ETFs_Units,TAKP34,BRTAKPBDR006,847000.0
2025-01-01,2025-06-01,Ações_BDRs_ETFs_Units,TCCO34,BRTCCOBDR002,3418000.0
2025-01-01,2025-06-01,Ações_BDRs_ETFs_Units,TECK11,BRTECKCTF005,2842000.0
2025-01-01,2025-06-01,Ações_BDRs_ETFs_Units,TEND3,BRTENDACNOR4,6195000.0
2025-01-01,2025-06-01,Ações_BDRs_ETFs_Units,TEXA34,BRTEXABDR003,2809000.0
2025-01-01,2025-06-01,Ações_BDRs_ETFs_Units,TGTB34,BRTGTBBDR004,362000.0
2025-01-01,2025-06-01,Ações_BDRs_ETFs_Units,THGI34,BRTHGIBDR004,251000.0
2025-01-01,2025-06-01,Ações_BDRs_ETFs_Units,THRE34,BRTHREBDR000,1794000.0
2025-01-01,2025-06-01,Ações_BDRs_ETFs_Units,TIMS3,BRTIMSACNOR5,19631000.0
2025-01-01,2025-06-01,Ações_BDRs_ETFs_Units,TIRB11,BRTIRBCTF003,8767000.0
2025-01-01,2025-06-01,Ações_BDRs_ETFs_Units,TJXC34,BRTJXCBDR008,280000.0
2025-01-01,2025-06-01,Ações_BDRs_ETFs_Units,TMCO34,BRTMCOBDR001,2778000.0
2025-01-01,2025-06-01,Ações_BDRs_ETFs_Units,TMOS34,BRTMOSBDR007,4268000.0
2025-01-01,2025-06-01,Ações_BDRs_ETFs_Units,TOTS3,BRTOTSACNOR8,9455000.0
2025-01-01,2025-06-01,Ações_BDRs_ETFs_Units,TPRY34,BRTPRYBDR001,436000.0
2025-01-01,2025-06-01,Ações_BDRs_ETFs_Units,TRVC34,BRTRVCBDR005,4123000.0
2025-01-01,2025-06-01,Ações_BDRs_ETFs_Units,TSLA34,BRTSLABDR008,9015000.0
2025-01-01,2025-06-01,Ações_BDRs_ETFs_Units,TSMC34,BRTSMCBDR002,1537000.0
2025-01-01,2025-06-01,Ações_BDRs_ETFs_Units,TSNF34,BRTSNFBDR003,646000.0
2025-01-01,2025-06-01,Ações_BDRs_ETFs_Units,TTEN3,BRTTENACNOR0,3569000.0
2025-01-01,2025-06-01,Ações_BDRs_ETFs_Units,TUPY3,BRTUPYACNOR1,1623000.0
2025-01-01,2025-06-01,Ações_BDRs_ETFs_Units,U1AI34,BRU1AIBDR002,2116000.0
2025-01-01,2025-06-01,Ações_BDRs_ETFs_Units,U1AL34,BRU1ALBDR006,909000.0
2025-01-01,2025-06-01,Ações_BDRs_ETFs_Units,U1BE34,BRU1BEBDR009,1610000.0
2025-01-01,2025-06-01,Ações_BDRs_ETFs_Units,U1DR34,BRU1DRBDR007,890000.0
2025-01-01,2025-06-01,Ações_BDRs_ETFs_Units,U1HS34,BRU1HSBDR006,789000.0
2025-01-01,2025-06-01,Ações_BDRs_ETFs_Units,U1LT34,BRU1LTBDR006,1668000.0
2025-01-01,2025-06-01,Ações_BDRs_ETFs_Units,U1NM34,BRU1NMBDR007,428000.0
2025-01-01,2025-06-01,Ações_BDRs_ETFs_Units,U1RI34,BRU1RIBDR006,1398000.0
2025-01-01,2025-06-01,Ações_BDRs_ETFs_Units,U2PS34,BRU2PSBDR007,13809000.0
2025-01-01,2025-06-01,Ações_BDRs_ETFs_Units,U2PW34,BRU2PWBDR009,4597000.0
2025-01-01,2025-06-01,Ações_BDRs_ETFs_Units,U2ST34,BRU2STBDR009,28216000.0
2025-01-01,2025-06-01,Ações_BDRs_ETFs_Units,U2TH34,BRU2THBDR002,1951000.0
2025-01-01,2025-06-01,Ações_BDRs_ETFs_Units,UBSG34,BRUBSGBDR004,1108000.0
2025-01-01,2025-06-01,Ações_BDRs_ETFs_Units,UGPA3,BRUGPAACNOR8,17333000.0
2025-01-01,2025-06-01,Ações_BDRs_ETFs_Units,ULEV34,BRULEVBDR002,555000.0
2025-01-01,2025-06-01,Ações_BDRs_ETFs_Units,UNHH34,BRUNHHBDR000,8332000.0
2025-01-01,2025-06-01,Ações_BDRs_ETFs_Units,UPAC34,BRUPACBDR001,635000.0
2025-01-01,2025-06-01,Ações_BDRs_ETFs_Units,UPSS34,BRUPSSBDR009,5789000.0
2025-01-01,2025-06-01,Ações_BDRs_ETFs_Units,USAL11,BRUSALCTF005,15484000.0
2025-01-01,2025-06-01,Ações_BDRs_ETFs_Units,USBC34,BRUSBCBDR003,3204000.0
2025-01-01,2025-06-01,Ações_BDRs_ETFs_Units,USIM5,BRUSIMACNPA6,30919000.0
2025-01-01,2025-06-01,Ações_BDRs_ETFs_Units,USTK11,BRUSTKCTF007,14347000.0
2025-01-01,2025-06-01,Ações_BDRs_ETFs_Units,UTEC11,BRUTECCTF004,11098000.0
2025-01-01,2025-06-01,Ações_BDRs_ETFs_Units,V1IP34,BRV1IPBDR009,3877000.0
2025-01-01,2025-06-01,Ações_BDRs_ETFs_Units,V1MC34,BRV1MCBDR009,7852000.0
2025-01-01,2025-06-01,Ações_BDRs_ETFs_Units,V1NO34,BRV1NOBDR002,580000.0
2025-01-01,2025-06-01,Ações_BDRs_ETFs_Units,V1OD34,BRV1ODBDR003,6801000.0
2025-01-01,2025-06-01,Ações_BDRs_ETFs_Units,V1RS34,BRV1RSBDR004,8654000.0
2025-01-01,2025-06-01,Ações_BDRs_ETFs_Units,V1RT34,BRV1RTBDR002,4046000.0
2025-01-01,2025-06-01,Ações_BDRs_ETFs_Units,V1ST34,BRV1STBDR000,3889000.0
2025-01-01,2025-06-01,Ações_BDRs_ETFs_Units,V1TA34,BRV1TABDR008,1087000.0
2025-01-01,2025-06-01,Ações_BDRs_ETFs_Units,V2EE34,BRV2EEBDR000,4468000.0
2025-01-01,2025-06-01,Ações_BDRs_ETFs_Units,V2RN34,BRV2RNBDR003,3929000.0
2025-01-01,2025-06-01,Ações_BDRs_ETFs_Units,VALE3,BRVALEACNOR0,56580000.0
2025-01-01,2025-06-01,Ações_BDRs_ETFs_Units,VAMO3,BRVAMOACNOR7,28006000.0
2025-01-01,2025-06-01,Ações_BDRs_ETFs_Units,VBBR3,BRVBBRACNOR1,27229000.0
2025-01-01,2025-06-01,Ações_BDRs_ETFs_Units,VERZ34,BRVERZBDR008,4902000.0
2025-01-01,2025-06-01,Ações_BDRs_ETFs_Units,VFCO34,BRVFCOBDR001,4730000.0
2025-01-01,2025-06-01,Ações_BDRs_ETFs_Units,VISA34,BRVISABDR000,1977000.0
2025-01-01,2025-06-01,Ações_BDRs_ETFs_Units,VIVA3,BRVIVAACNOR0,10895000.0
2025-01-01,2025-06-01,Ações_BDRs_ETFs_Units,VIVT3,BRVIVTACNOR0,12185000.0
2025-01-01,2025-06-01,Ações_BDRs_ETFs_Units,VLID3,BRVLIDACNOR5,920000.0
2025-01-01,2025-06-01,Ações_BDRs_ETFs_Units,VLOE34,BRVLOEBDR005,542000.0
2025-01-01,2025-06-01,Ações_BDRs_ETFs_Units,VLYB34,BRVLYBBDR000,4008000.0
2025-01-01,2025-06-01,Ações_BDRs_ETFs_Units,VRSN34,BRVRSNBDR004,524000.0
2025-01-01,2025-06-01,Ações_BDRs_ETFs_Units,VRTX34,BRVRTXBDR001,316000.0
2025-01-01,2025-06-01,Ações_BDRs_ETFs_Units,VULC3,BRVULCACNOR2,1759000.0
2025-01-01,2025-06-01,Ações_BDRs_ETFs_Units,W1AB34,BRW1ABBDR005,348000.0
2025-01-01,2025-06-01,Ações_BDRs_ETFs_Units,W1BD34,BRW1BDBDR009,3077000.0
2025-01-01,2025-06-01,Ações_BDRs_ETFs_Units,W1BO34,BRW1BOBDR006,2906000.0
2025-01-01,2025-06-01,Ações_BDRs_ETFs_Units,W1DA34,BRW1DABDR001,2336000.0
2025-01-01,2025-06-01,Ações_BDRs_ETFs_Units,W1DC34,BRW1DCBDR007,1093000.0
2025-01-01,2025-06-01,Ações_BDRs_ETFs_Units,W1EC34,BRW1ECBDR005,668000.0
2025-01-01,2025-06-01,Ações_BDRs_ETFs_Units,W1EL34,BRW1ELBDR006,465000.0
2025-01-01,2025-06-01,Ações_BDRs_ETFs_Units,W1HR34,BRW1HRBDR006,1783000.0
2025-01-01,2025-06-01,Ações_BDRs_ETFs_Units,W1IX34,BRW1IXBDR002,6823000.0
2025-01-01,2025-06-01,Ações_BDRs_ETFs_Units,W1LT34,BRW1LTBDR004,604000.0
2025-01-01,2025-06-01,Ações_BDRs_ETFs_Units,W1MB34,BRW1MBBDR000,579000.0
2025-01-01,2025-06-01,Ações_BDRs_ETFs_Units,W1MC34,BRW1MCBDR008,295000.0
2025-01-01,2025-06-01,Ações_BDRs_ETFs_Units,W1MG34,BRW1MGBDR009,3630000.0
2025-01-01,2025-06-01,Ações_BDRs_ETFs_Units,W1RB34,BRW1RBBDR009,4868000.0
2025-01-01,2025-06-01,Ações_BDRs_ETFs_Units,W1SO34,BRW1SOBDR000,1868000.0
2025-01-01,2025-06-01,Ações_BDRs_ETFs_Units,W1YC34,BRW1YCBDR003,1389000.0
2025-01-01,2025-06-01,Ações_BDRs_ETFs_Units,W1YN34,BRW1YNBDR000,834000.0
2025-01-01,2025-06-01,Ações_BDRs_ETFs_Units,W2EX34,BRW2EXBDR009,3959000.0
2025-01-01,2025-06-01,Ações_BDRs_ETFs_Units,W2OL34,BRW2OLBDR003,344872000.0
2025-01-01,2025-06-01,Ações_BDRs_ETFs_Units,W2ST34,BRW2STBDR007,5917000.0
2025-01-01,2025-06-01,Ações_BDRs_ETFs_Units,W2YF34,BRW2YFBDR004,33726000.0
2025-01-01,2025-06-01,Ações_BDRs_ETFs_Units,WABC34,BRWABCBDR007,543000.0
2025-01-01,2025-06-01,Ações_BDRs_ETFs_Units,WALM34,BRWALMBDR005,5930000.0
2025-01-01,2025-06-01,Ações_BDRs_ETFs_Units,WATC34,BRWATCBDR009,373000.0
2025-01-01,2025-06-01,Ações_BDRs_ETFs_Units,WEGE3,BRWEGEACNOR0,19588000.0
2025-01-01,2025-06-01,Ações_BDRs_ETFs_Units,WFCO34,BRWFCOBDR009,1916000.0
2025-01-01,2025-06-01,Ações_BDRs_ETFs_Units,WRLD11,BRWRLDCTF007,1762000.0
2025-01-01,2025-06-01,Ações_BDRs_ETFs_Units,WUNI34,BRWUNIBDR007,3377000.0
2025-01-01,2025-06-01,Ações_BDRs_ETFs_Units,X1EL34,BRX1ELBDR005,1016000.0
2025-01-01,2025-06-01,Ações_BDRs_ETFs_Units,X1YL34,BRX1YLBDR003,560000.0
2025-01-01,2025-06-01,Ações_BDRs_ETFs_Units,XBOV11,BRXBOVCTF005,24273000.0
2025-01-01,2025-06-01,Ações_BDRs_ETFs_Units,XINA11,BRXINACTF006,28113000.0
2025-01-01,2025-06-01,Ações_BDRs_ETFs_Units,XPBR31,BRXPBRBDR001,3039000.0
2025-01-01,2025-06-01,Ações_BDRs_ETFs_Units,XRAY34,BRXRAYBDR005,864000.0
2025-01-01,2025-06-01,Ações_BDRs_ETFs_Units,XRXB34,BRXRXBBDR005,2346000.0
2025-01-01,2025-06-01,Ações_BDRs_ETFs_Units,Y2PF34,BRY2PFBDR000,810000.0
2025-01-01,2025-06-01,Ações_BDRs_ETFs_Units,YDRO11,BRYDROCTF007,164000.0
2025-01-01,2025-06-01,Ações_BDRs_ETFs_Units,YDUQ3,BRYDUQACNOR3,13572000.0
2025-01-01,2025-06-01,Ações_BDRs_ETFs_Units,YUMR34,BRYUMRBDR006,491000.0
2025-01-01,2025-06-01,Ações_BDRs_ETFs_Units,Z1BH34,BRZ1BHBDR007,1518000.0
2025-01-01,2025-06-01,Ações_BDRs_ETFs_Units,Z1BR34,BRZ1BRBDR006,3746000.0
2025-01-01,2025-06-01,Ações_BDRs_ETFs_Units,Z1IO34,BRZ1IOBDR008,774000.0
2025-01-01,2025-06-01,Ações_BDRs_ETFs_Units,Z1OM34,BRZ1OMBDR000,11038000.0
2025-01-01,2025-06-01,Ações_BDRs_ETFs_Units,Z1TO34,BRZ1TOBDR005,5103000.0
2025-01-01,2025-06-01,Ações_BDRs_ETFs_Units,Z1TS34,BRZ1TSBDR006,3409000.0
2025-01-01,2025-06-01,Ações_BDRs_ETFs_Units,Z2DV34,BRZ2DVBDR002,4567000.0
2025-01-01,2025-06-01,Ações_BDRs_ETFs_Units,Z2IT34,BRZ2ITBDR005,27816000.0
2025-01-01,2025-06-01,Ações_BDRs_ETFs_Units,Z2LL34,BRZ2LLBDR006,6205000.0
2025-01-01,2025-06-01,Ações_BDRs_ETFs_Units,Z2LL35,BRZ2LLBDR014,1818000.0
2025-01-01,2025-06-01,Ações_BDRs_ETFs_Units,Z2SC34,BRZ2SCBDR000,4121000.0
2025-01-01,2025-06-01,ADR,ELET3 BZ,US15234Q2075,4045000.0
2025-01-01,2025-06-01,ADR,GGBR4 BZ,US3737371050,23875000.0
2025-01-01,2025-06-01,ADR,PETR4 BZ,US71654V1017,13891000.0
2025-01-01,2025-06-01,ADR,GFSA3 BZ,US3626073015,1000.0
2025-01-01,2025-06-01,ADR,BBDC4 BZ,US0594603039,91115000.0
2025-01-01,2025-06-01,ADR,ABEV3 BZ,US02319V1035,96420000.0
2025-01-01,2025-06-01,ADR,ITUB4 BZ,US4655621062,68954000.0
2025-01-01,2025-06-01,ADR,VALE3 BZ,US91912E1055,72376000.0
2025-01-01,2025-06-01,ADR,BBDC3 BZ,US0594604029,72000.0
2025-01-01,2025-06-01,ADR,SANB11 BZ,US05967A1079,1074000.0
2025-01-01,2025-06-01,ADR,BRKM5 BZ,US1055321053,2497000.0
2025-01-01,2025-06-01,ADR,BRFS3 BZ,US10552T1079,6832000.0
2025-01-01,2025-06-01,ADR,ELET6 BZ,US15234Q1085,42000.0
2025-01-01,2025-06-01,ADR,SBSP3 BZ,US20441A1025,3468000.0
2025-01-01,2025-06-01,ADR,CMIG4 BZ,US2044096012,5172000.0
2025-01-01,2025-06-01,ADR,CPLE6 BZ,US20441B4077,722000.0
2025-01-01,2025-06-01,ADR,CSNA3 BZ,US20440W1053,7464000.0
2025-01-01,2025-06-01,ADR,EMBR3 BZ,US29082A1079,3085000.0
2025-01-01,2025-06-01,ADR,PETR3 BZ,US71654V4086,46048000.0
2025-01-01,2025-06-01,ADR,UGPA3 BZ,US90400P1012,4258000.0
2025-01-01,2025-06-01,ADR,TIMS3 BZ,US88706T1088,1763000.0
2025-01-01,2025-06-01,ADR,VIVT3 BZ,US87936R2058,2459000.0
2025-01-01,2025-06-01,DEB,ALGAA2,BRALGTDBS0G4,36800.0
2025-01-01,2025-06-01,DEB,ALGAB1,BRALGTDBS0F6,15000.0
2025-01-01,2025-06-01,DEB,ALGTA4,BRALGTDBS0K6,35000.0
2025-01-01,2025-06-01,DEB,CSAN18,BRCSANDBS0D4,62500.0
2025-01-01,2025-06-01,DEB,CSAN23,BRCSANDBS040,45000.0
2025-01-01,2025-06-01,DEB,CSAN24,BRCSANDBS073,55100.0
2025-01-01,2025-06-01,DEB,EGIEA1,BREGIEDBS0C1,54300.0
2025-01-01,2025-06-01,DEB,ELPLA7,BRELPLDBS126,40000.0
2025-01-01,2025-06-01,DEB,ENGIB9,BRENGIDBS127,57700.0
2025-01-01,2025-06-01,DEB,KLBNA2,BRKLBNDBS004,5000.0
2025-01-01,2025-06-01,DEB,LCAMC2,BRLCAMDBS0Q4,20100.0
2025-01-01,2025-06-01,DEB,TIMS12,BRTIMSDBS007,80000.0
2025-01-01,2025-06-01,DEB,SUZBA0,BRSUZBDBS077,95200.0
2025-01-01,2025-06-01,DEB,SBSPC1,BRSBSPDBS1Y7,35000.0
2025-01-01,2025-06-01,DEB,RDORD9,BRRDORDBS0K9,50000.0
2025-01-01,2025-06-01,DEB,RDORC9,BRRDORDBS0C6,75000.0
2025-01-01,2025-06-01,DEB,RDORC3,BRRDORDBS0F9,31300.0
2025-01-01,2025-06-01,DEB,RDORB9,BRRDORDBS0A0,93300.0
2025-01-01,2025-06-01,DEB,RDORB3,BRRDORDBS0E2,42500.0
2025-01-01,2025-06-01,DEB,PETR26,BRPETRDBS092,76200.0
2025-01-01,2025-06-01,DEB,PASS12,BRPASSDBS017,86900.0
2025-01-01,2025-06-01,DEB,TRPLA4,BRISAEDBS046,39200.0
2025-01-01,2025-06-01,DEB,TRPLB4,BRISAEDBS053,55900.0
2025-01-01,2025-06-01,DEB,LCAMC3,BRRENTDBS147,34300.0
2025-01-01,2025-06-01,DEB,LCAMD1,BRRENTDBS162,55000.0
2025-01-01,2025-06-01,DEB,LORTA7,BRRENTDBS0K7,60100.0
2025-01-01,2025-06-01,DEB,LORTB9,BRRENTDBS0N1,77500.0
2025-01-01,2025-06-01,DEB,CSANB0,BRCSANDBS0I3,36300.0
2025-01-01,2025-06-01,DEB,ENGIA6,BRENGIDBS0U2,15500.0
2025-01-01,2025-06-01,DEB,ENGIB0,BRENGIDBS150,32400.0
2025-01-01,2025-06-01,DEB,ENGIC0,BRENGIDBS168,39700.0
2025-01-01,2025-06-01,DEB,EQTL25,BREQTLDBS069,15000.0
2025-01-01,2025-06-01,DEB,LORTB2,BRRENTDBS0P6,92300.0
2025-01-01,2025-06-01,DEB,MRFGA1,BRMRFGDBS051,37500.0
2025-01-01,2025-06-01,DEB,RDORD3,BRRDORDBS0Q6,96600.0
2025-01-01,2025-06-01,DEB,RENTC8,BRRENTDBS188,94900.0
2025-01-01,2025-06-01,DEB,PALFB3,BRPALFDBS0I5,27600.0
2025-01-01,2025-06-01,DEB,RENTD1,BRRENTDBS1D0,35000.0
2025-01-01,2025-06-01,DEB,RDORC7,BRRDORDBS034,50100.0
2025-01-01,2025-06-01,DEB,RENTA5,BRRENTDBS0S0,75000.0
2025-01-01,2025-06-01,DEB,SBSPB1,BRSBSPDBS1X9,86800.0
2025-01-01,2025-06-01,DEB,KLBNA5,BRKLBNDBS087,75000.0
2025-01-01,2025-06-01,DEB,SBSPE3,BRSBSPDBS213,70000.0
2025-01-01,2025-06-01,DEB,SBSPF3,BRSBSPDBS221,65100.0
2025-01-01,2025-06-01,DEB,ALGAA1,BRALGTDBS0E9,20100.0
2025-01-01,2025-06-01,DEB,VALEA0,BRVALEDBS002,97500.0
2025-01-01,2025-06-01,DEB,BRMLB1,BRBRMLDBS0C6,93000.0
2025-01-01,2025-06-01,DEB,RESA14,BRRESADBS039,45000.0
2025-01-01,2025-06-01,DEB,VALEB0,BRVALEDBS0B3,90000.0
2025-01-01,2025-06-01,DEB,VALEC0,BRVALEDBS0C1,60000.0
2025-01-01,2025-06-01,DEB,EGIEB4,BREGIEDBS0N8,50100.0
2025-01-01,2025-06-01,DEB,EQTL17,BREQTLDBS0B9,75000.0
2025-01-01,2025-06-01,DEB,ENGIA1,BRENGIDBS0L1,25000.0
2025-01-01,2025-06-01,DEB,LORTA9,BRRENTDBS0M3,47500.0
2025-01-01,2025-06-01,DEB,RAIZ13,BRRAIZDBS019,43600.0
2025-01-01,2025-06-01,DEB,RDORC4,BRRDORDBS0R4,97200.0
2025-01-01,2025-06-01,DEB,RESA27,BRRESADBS088,21500.0
2025-01-01,2025-06-01,DEB,ENMTA8,BRENMTDBS0K2,23100.0
2025-01-01,2025-06-01,DEB,RDORD4,BRRDORDBS0S2,75000.0
2025-01-01,2025-06-01,DEB,PETR36,BRPETRDBS0A6,50400.0
2025-01-01,2025-06-01,DEB,ALUP18,BRALUPDBS0C9,42500.0
2025-01-01,2025-06-01,DEB,RDORE4,BRRDORDBS0T0,82500.0
2025-01-01,2025-06-01,DEB,TRPLB7,BRISAEDBS0C1,37500.0
2025-01-01,2025-07-01,Ações_BDRs_ETFs_Units,A1AP34,BRA1APBDR001,12106000.0
2025-01-01,2025-07-01,Ações_BDRs_ETFs_Units,A1CR34,BRA1CRBDR003,3937000.0
2025-01-01,2025-07-01,Ações_BDRs_ETFs_Units,A1DC34,BRA1DCBDR003,3935000.0
2025-01-01,2025-07-01,Ações_BDRs_ETFs_Units,A1DI34,BRA1DIBDR000,315000.0
2025-01-01,2025-07-01,Ações_BDRs_ETFs_Units,A1DM34,BRA1DMBDR002,688000.0
2025-01-01,2025-07-01,Ações_BDRs_ETFs_Units,A1EE34,BRA1EEBDR007,740000.0
2025-01-01,2025-07-01,Ações_BDRs_ETFs_Units,A1EG34,BRA1EGBDR002,5376000.0
2025-01-01,2025-07-01,Ações_BDRs_ETFs_Units,A1EN34,BRA1ENBDR008,556000.0
2025-01-01,2025-07-01,Ações_BDRs_ETFs_Units,A1EP34,BRA1EPBDR003,720000.0
2025-01-01,2025-07-01,Ações_BDRs_ETFs_Units,A1ES34,BRA1ESBDR007,3535000.0
2025-01-01,2025-07-01,Ações_BDRs_ETFs_Units,A1FL34,BRA1FLBDR009,349000.0
2025-01-01,2025-07-01,Ações_BDRs_ETFs_Units,A1GI34,BRA1GIBDR003,622000.0
2025-01-01,2025-07-01,Ações_BDRs_ETFs_Units,A1GN34,BRA1GNBDR003,522000.0
2025-01-01,2025-07-01,Ações_BDRs_ETFs_Units,A1HR34,BRA1HRBDR002,2313000.0
2025-01-01,2025-07-01,Ações_BDRs_ETFs_Units,A1JG34,BRA1JGBDR001,221000.0
2025-01-01,2025-07-01,Ações_BDRs_ETFs_Units,A1KA34,BRA1KABDR002,5449000.0
2025-01-01,2025-07-01,Ações_BDRs_ETFs_Units,A1LB34,BRA1LBBDR008,14524000.0
2025-01-01,2025-07-01,Ações_BDRs_ETFs_Units,A1LG34,BRA1LGBDR007,791000.0
2025-01-01,2025-07-01,Ações_BDRs_ETFs_Units,A1LK34,BRA1LKBDR009,749000.0
2025-01-01,2025-07-01,Ações_BDRs_ETFs_Units,A1LL34,BRA1LLBDR007,1581000.0
2025-01-01,2025-07-01,Ações_BDRs_ETFs_Units,A1LN34,BRA1LNBDR003,2332000.0
2025-01-01,2025-07-01,Ações_BDRs_ETFs_Units,A1MD34,BRA1MDBDR002,2129000.0
2025-01-01,2025-07-01,Ações_BDRs_ETFs_Units,A1ME34,BRA1MEBDR000,4885000.0
2025-01-01,2025-07-01,Ações_BDRs_ETFs_Units,A1MP34,BRA1MPBDR006,276000.0
2025-01-01,2025-07-01,Ações_BDRs_ETFs_Units,A1MT34,BRA1MTBDR008,2025000.0
2025-01-01,2025-07-01,Ações_BDRs_ETFs_Units,A1NE34,BRA1NEBDR008,1522000.0
2025-01-01,2025-07-01,Ações_BDRs_ETFs_Units,A1NS34,BRA1NSBDR008,423000.0
2025-01-01,2025-07-01,Ações_BDRs_ETFs_Units,A1ON34,BRA1ONBDR007,408000.0
2025-01-01,2025-07-01,Ações_BDRs_ETFs_Units,A1OS34,BRA1OSBDR006,571000.0
2025-01-01,2025-07-01,Ações_BDRs_ETFs_Units,A1PA34,BRA1PABDR001,1930000.0
2025-01-01,2025-07-01,Ações_BDRs_ETFs_Units,A1PD34,BRA1PDBDR005,509000.0
2025-01-01,2025-07-01,Ações_BDRs_ETFs_Units,A1PH34,BRA1PHBDR006,768000.0
2025-01-01,2025-07-01,Ações_BDRs_ETFs_Units,A1PL34,BRA1PLBDR008,3704000.0
2025-01-01,2025-07-01,Ações_BDRs_ETFs_Units,A1PO34,BRA1POBDR002,3956000.0
2025-01-01,2025-07-01,Ações_BDRs_ETFs_Units,A1PP34,BRA1PPBDR009,4067000.0
2025-01-01,2025-07-01,Ações_BDRs_ETFs_Units,A1RE34,BRA1REBDR009,1949000.0
2025-01-01,2025-07-01,Ações_BDRs_ETFs_Units,A1RG34,BRA1RGBDR004,1590000.0
2025-01-01,2025-07-01,Ações_BDRs_ETFs_Units,A1SN34,BRA1SNBDR008,2945000.0
2025-01-01,2025-07-01,Ações_BDRs_ETFs_Units,A1SU34,BRA1SUBDR003,723000.0
2025-01-01,2025-07-01,Ações_BDRs_ETFs_Units,A1TM34,BRA1TMBDR008,450000.0
2025-01-01,2025-07-01,Ações_BDRs_ETFs_Units,A1TT34,BRA1TTBDR003,4352000.0
2025-01-01,2025-07-01,Ações_BDRs_ETFs_Units,A1UT34,BRA1UTBDR001,476000.0
2025-01-01,2025-07-01,Ações_BDRs_ETFs_Units,A1VB34,BRA1VBBDR007,700000.0
2025-01-01,2025-07-01,Ações_BDRs_ETFs_Units,A1VY34,BRA1VYBDR009,378000.0
2025-01-01,2025-07-01,Ações_BDRs_ETFs_Units,A1WK34,BRA1WKBDR006,1021000.0
2025-01-01,2025-07-01,Ações_BDRs_ETFs_Units,A1ZN34,BRA1ZNBDR003,3086000.0
2025-01-01,2025-07-01,Ações_BDRs_ETFs_Units,A2LC34,BRA2LCBDR004,3633000.0
2025-01-01,2025-07-01,Ações_BDRs_ETFs_Units,A2MB34,BRA2MBBDR004,9505000.0
2025-01-01,2025-07-01,Ações_BDRs_ETFs_Units,A2RE34,BRA2REBDR007,2140000.0
2025-01-01,2025-07-01,Ações_BDRs_ETFs_Units,A2RR34,BRA2RRBDR009,5591000.0
2025-01-01,2025-07-01,Ações_BDRs_ETFs_Units,A2RW34,BRA2RWBDR009,3505000.0
2025-01-01,2025-07-01,Ações_BDRs_ETFs_Units,A2SO34,BRA2SOBDR004,3012000.0
2025-01-01,2025-07-01,Ações_BDRs_ETFs_Units,A2XO34,BRA2XOBDR004,815000.0
2025-01-01,2025-07-01,Ações_BDRs_ETFs_Units,A2ZT34,BRA2ZTBDR008,4976000.0
2025-01-01,2025-07-01,Ações_BDRs_ETFs_Units,AAGO34,BRAAGOBDR007,6568000.0
2025-01-01,2025-07-01,Ações_BDRs_ETFs_Units,AALL34,BRAALLBDR003,3189000.0
2025-01-01,2025-07-01,Ações_BDRs_ETFs_Units,AAPL34,BRAAPLBDR004,4410000.0
2025-01-01,2025-07-01,Ações_BDRs_ETFs_Units,ABAM34,BRABAMBDR002,757000.0
2025-01-01,2025-07-01,Ações_BDRs_ETFs_Units,ABBV34,BRABBVBDR001,3113000.0
2025-01-01,2025-07-01,Ações_BDRs_ETFs_Units,ABCB4,BRABCBACNPR4,1286000.0
2025-01-01,2025-07-01,Ações_BDRs_ETFs_Units,ABEV3,BRABEVACNOR1,78979000.0
2025-01-01,2025-07-01,Ações_BDRs_ETFs_Units,ABTT34,BRABTTBDR007,3144000.0
2025-01-01,2025-07-01,Ações_BDRs_ETFs_Units,ABUD34,BRABUDBDR009,3082000.0
2025-01-01,2025-07-01,Ações_BDRs_ETFs_Units,ACNB34,BRACNBBDR006,121000.0
2025-01-01,2025-07-01,Ações_BDRs_ETFs_Units,ACWI11,BRACWICTF001,13812000.0
2025-01-01,2025-07-01,Ações_BDRs_ETFs_Units,ADBE34,BRADBEBDR003,4781000.0
2025-01-01,2025-07-01,Ações_BDRs_ETFs_Units,ADPR34,BRADPRBDR005,2849000.0
2025-01-01,2025-07-01,Ações_BDRs_ETFs_Units,AIGB34,BRAIGBBDR007,429000.0
2025-01-01,2025-07-01,Ações_BDRs_ETFs_Units,AIRB34,BRAIRBBDR004,5503000.0
2025-01-01,2025-07-01,Ações_BDRs_ETFs_Units,AKZA34,BRAKZABDR005,1770000.0
2025-01-01,2025-07-01,Ações_BDRs_ETFs_Units,ALOS3,BRALOSACNOR5,10821000.0
2025-01-01,2025-07-01,Ações_BDRs_ETFs_Units,ALPA4,BRALPAACNPR7,6499000.0
2025-01-01,2025-07-01,Ações_BDRs_ETFs_Units,ALUG11,BRALUGCTF000,4776000.0
2025-01-01,2025-07-01,Ações_BDRs_ETFs_Units,ALUP11,BRALUPCDAM15,2560000.0
2025-01-01,2025-07-01,Ações_BDRs_ETFs_Units,AMGN34,BRAMGNBDR004,3628000.0
2025-01-01,2025-07-01,Ações_BDRs_ETFs_Units,AMZO34,BRAMZOBDR002,4382000.0
2025-01-01,2025-07-01,Ações_BDRs_ETFs_Units,ANGV39,BRANGVBDR005,983000.0
2025-01-01,2025-07-01,Ações_BDRs_ETFs_Units,ANIM3,BRANIMACNOR6,29215000.0
2025-01-01,2025-07-01,Ações_BDRs_ETFs_Units,APTV34,BRAPTVBDR003,1035000.0
2025-01-01,2025-07-01,Ações_BDRs_ETFs_Units,ARMT34,BRARMTBDR008,1550000.0
2025-01-01,2025-07-01,Ações_BDRs_ETFs_Units,ARNC34,BRARNCBDR002,203000.0
2025-01-01,2025-07-01,Ações_BDRs_ETFs_Units,ASAI3,BRASAIACNOR0,39269000.0
2025-01-01,2025-07-01,Ações_BDRs_ETFs_Units,ASML34,BRASMLBDR003,2477000.0
2025-01-01,2025-07-01,Ações_BDRs_ETFs_Units,ATTB34,BRATTBBDR007,3866000.0
2025-01-01,2025-07-01,Ações_BDRs_ETFs_Units,AURA33,BRAURABDR001,747000.0
2025-01-01,2025-07-01,Ações_BDRs_ETFs_Units,AURE3,BRAUREACNOR9,15652000.0
2025-01-01,2025-07-01,Ações_BDRs_ETFs_Units,AVGO34,BRAVGOBDR003,10023000.0
2025-01-01,2025-07-01,Ações_BDRs_ETFs_Units,AWII34,BRAWIIBDR009,135000.0
2025-01-01,2025-07-01,Ações_BDRs_ETFs_Units,AXPB34,BRAXPBBDR007,1178000.0
2025-01-01,2025-07-01,Ações_BDRs_ETFs_Units,AZOI34,BRAZOIBDR000,2215000.0
2025-01-01,2025-07-01,Ações_BDRs_ETFs_Units,AZZA3,BRAZZAACNOR9,6453000.0
2025-01-01,2025-07-01,Ações_BDRs_ETFs_Units,B1AM34,BRB1AMBDR007,2364000.0
2025-01-01,2025-07-01,Ações_BDRs_ETFs_Units,B1AX34,BRB1AXBDR004,2446000.0
2025-01-01,2025-07-01,Ações_BDRs_ETFs_Units,B1BT34,BRB1BTBDR000,904000.0
2025-01-01,2025-07-01,Ações_BDRs_ETFs_Units,B1BW34,BRB1BWBDR012,5081000.0
2025-01-01,2025-07-01,Ações_BDRs_ETFs_Units,B1CS34,BRB1CSBDR000,1992000.0
2025-01-01,2025-07-01,Ações_BDRs_ETFs_Units,B1DX34,BRB1DXBDR008,1071000.0
2025-01-01,2025-07-01,Ações_BDRs_ETFs_Units,B1FC34,BRB1FCBDR007,1379000.0
2025-01-01,2025-07-01,Ações_BDRs_ETFs_Units,B1IL34,BRB1ILBDR002,8775000.0
2025-01-01,2025-07-01,Ações_BDRs_ETFs_Units,B1KR34,BRB1KRBDR005,935000.0
2025-01-01,2025-07-01,Ações_BDRs_ETFs_Units,B1LL34,BRB1LLBDR006,1291000.0
2025-01-01,2025-07-01,Ações_BDRs_ETFs_Units,B1ME34,BRB1MEBDR009,3240000.0
2025-01-01,2025-07-01,Ações_BDRs_ETFs_Units,B1MR34,BRB1MRBDR001,1314000.0
2025-01-01,2025-07-01,Ações_BDRs_ETFs_Units,B1NT34,BRB1NTBDR005,5533000.0
2025-01-01,2025-07-01,Ações_BDRs_ETFs_Units,B1PP34,BRB1PPBDR008,4861000.0
2025-01-01,2025-07-01,Ações_BDRs_ETFs_Units,B1RF34,BRB1RFBDR005,770000.0
2025-01-01,2025-07-01,Ações_BDRs_ETFs_Units,B1SX34,BRB1SXBDR006,348000.0
2025-01-01,2025-07-01,Ações_BDRs_ETFs_Units,B1TI34,BRB1TIBDR005,3749000.0
2025-01-01,2025-07-01,Ações_BDRs_ETFs_Units,B1WA34,BRB1WABDR006,1115000.0
2025-01-01,2025-07-01,Ações_BDRs_ETFs_Units,B2AH34,BRB2AHBDR005,2739000.0
2025-01-01,2025-07-01,Ações_BDRs_ETFs_Units,B2AP34,BRB2APBDR008,1616000.0
2025-01-01,2025-07-01,Ações_BDRs_ETFs_Units,B2HI34,BRB2HIBDR008,145991000.0
2025-01-01,2025-07-01,Ações_BDRs_ETFs_Units,B2LN34,BRB2LNBDR000,3711000.0
2025-01-01,2025-07-01,Ações_BDRs_ETFs_Units,B2MB34,BRB2MBBDR003,6450000.0
2025-01-01,2025-07-01,Ações_BDRs_ETFs_Units,B2RK34,BRB2RKBDR003,9389000.0
2025-01-01,2025-07-01,Ações_BDRs_ETFs_Units,B2UR34,BRB2URBDR002,4755000.0
2025-01-01,2025-07-01,Ações_BDRs_ETFs_Units,B3BR11,BRB3BRCTF009,28917000.0
2025-01-01,2025-07-01,Ações_BDRs_ETFs_Units,B5MBETF11,BRB5MBCTF005,3058000.0
2025-01-01,2025-07-01,Ações_BDRs_ETFs_Units,B5P2ETF11,BRB5P2CTF001,13771000.0
2025-01-01,2025-07-01,Ações_BDRs_ETFs_Units,BAAX39,BRBAAXBDR009,2064000.0
2025-01-01,2025-07-01,Ações_BDRs_ETFs_Units,BABA34,BRBABABDR005,9576000.0
2025-01-01,2025-07-01,Ações_BDRs_ETFs_Units,BACW39,BRBACWBDR007,2862000.0
2025-01-01,2025-07-01,Ações_BDRs_ETFs_Units,BAER39,BRBAERBDR003,3968000.0
2025-01-01,2025-07-01,Ações_BDRs_ETFs_Units,BARR34,BRBARRBDR005,2895000.0
2025-01-01,2025-07-01,Ações_BDRs_ETFs_Units,BBAS3,BRBBASACNOR3,53591000.0
2025-01-01,2025-07-01,Ações_BDRs_ETFs_Units,BBCN39,BRBBCNBDR004,671000.0
2025-01-01,2025-07-01,Ações_BDRs_ETFs_Units,BBDC3,BRBBDCACNOR1,22440000.0
2025-01-01,2025-07-01,Ações_BDRs_ETFs_Units,BBDC4,BRBBDCACNPR8,94853000.0
2025-01-01,2025-07-01,Ações_BDRs_ETFs_Units,BBER39,BRBBERBDR001,890000.0
2025-01-01,2025-07-01,Ações_BDRs_ETFs_Units,BBJP39,BRBBJPBDR004,2813000.0
2025-01-01,2025-07-01,Ações_BDRs_ETFs_Units,BBOV11,BRBBOVCTF001,44878000.0
2025-01-01,2025-07-01,Ações_BDRs_ETFs_Units,BBSE3,BRBBSEACNOR5,13043000.0
2025-01-01,2025-07-01,Ações_BDRs_ETFs_Units,BBUS39,BRBBUSBDR005,859000.0
2025-01-01,2025-07-01,Ações_BDRs_ETFs_Units,BBYY34,BRBBYYBDR005,535000.0
2025-01-01,2025-07-01,Ações_BDRs_ETFs_Units,BCHI39,BRBCHIBDR001,5233000.0
2025-01-01,2025-07-01,Ações_BDRs_ETFs_Units,BCIR39,BRBCIRBDR000,2112000.0
2025-01-01,2025-07-01,Ações_BDRs_ETFs_Units,BCPX39,BRBCPXBDR003,2909000.0
2025-01-01,2025-07-01,Ações_BDRs_ETFs_Units,BCSA34,BRBCSABDR005,2233000.0
2025-01-01,2025-07-01,Ações_BDRs_ETFs_Units,BDEF11,BRBDEFCTF001,6495000.0
2025-01-01,2025-07-01,Ações_BDRs_ETFs_Units,BDVY39,BRBDVYBDR007,1803000.0
2025-01-01,2025-07-01,Ações_BDRs_ETFs_Units,BEEF3,BRBEEFACNOR6,43928000.0
2025-01-01,2025-07-01,Ações_BDRs_ETFs_Units,BEEM39,BRBEEMBDR006,4525000.0
2025-01-01,2025-07-01,Ações_BDRs_ETFs_Units,BEFA39,BRBEFABDR008,3350000.0
2025-01-01,2025-07-01,Ações_BDRs_ETFs_Units,BEFG39,BRBEFGBDR005,3275000.0
2025-01-01,2025-07-01,Ações_BDRs_ETFs_Units,BEFV39,BRBEFVBDR004,3483000.0
2025-01-01,2025-07-01,Ações_BDRs_ETFs_Units,BEGD39,BRBEGDBDR000,1724000.0
2025-01-01,2025-07-01,Ações_BDRs_ETFs_Units,BEGE39,BRBEGEBDR008,1099000.0
2025-01-01,2025-07-01,Ações_BDRs_ETFs_Units,BEGU39,BRBEGUBDR004,2432000.0
2025-01-01,2025-07-01,Ações_BDRs_ETFs_Units,BEMC39,BRBEMCBDR000,2906000.0
2025-01-01,2025-07-01,Ações_BDRs_ETFs_Units,BEMV39,BRBEMVBDR000,829000.0
2025-01-01,2025-07-01,Ações_BDRs_ETFs_Units,BERK34,BRBERKBDR002,1562000.0
2025-01-01,2025-07-01,Ações_BDRs_ETFs_Units,BEWA39,BRBEWABDR003,2437000.0
2025-01-01,2025-07-01,Ações_BDRs_ETFs_Units,BEWC39,BRBEWCBDR009,3198000.0
2025-01-01,2025-07-01,Ações_BDRs_ETFs_Units,BEWG39,BRBEWGBDR000,2628000.0
2025-01-01,2025-07-01,Ações_BDRs_ETFs_Units,BEWH39,BRBEWHBDR008,4775000.0
2025-01-01,2025-07-01,Ações_BDRs_ETFs_Units,BEWJ39,BRBEWJBDR004,4009000.0
2025-01-01,2025-07-01,Ações_BDRs_ETFs_Units,BEWL39,BRBEWLBDR000,1073000.0
2025-01-01,2025-07-01,Ações_BDRs_ETFs_Units,BEWT39,BRBEWTBDR003,3964000.0
2025-01-01,2025-07-01,Ações_BDRs_ETFs_Units,BEWU39,BRBEWUBDR001,1912000.0
2025-01-01,2025-07-01,Ações_BDRs_ETFs_Units,BEWW39,BRBEWWBDR007,2500000.0
2025-01-01,2025-07-01,Ações_BDRs_ETFs_Units,BEWY39,BRBEWYBDR003,3983000.0
2025-01-01,2025-07-01,Ações_BDRs_ETFs_Units,BEWZ39,BRBEWZBDR000,3873000.0
2025-01-01,2025-07-01,Ações_BDRs_ETFs_Units,BEZU39,BRBEZUBDR004,2476000.0
2025-01-01,2025-07-01,Ações_BDRs_ETFs_Units,BFAV39,BRBFAVBDR002,1718000.0
2025-01-01,2025-07-01,Ações_BDRs_ETFs_Units,BFDA39,BRBFDABDR000,2517000.0
2025-01-01,2025-07-01,Ações_BDRs_ETFs_Units,BFDL39,BRBFDLBDR007,1615000.0
2025-01-01,2025-07-01,Ações_BDRs_ETFs_Units,BFDN39,BRBFDNBDR003,4612000.0
2025-01-01,2025-07-01,Ações_BDRs_ETFs_Units,BFTS39,BRBFTSBDR008,880000.0
2025-01-01,2025-07-01,Ações_BDRs_ETFs_Units,BFVD39,BRBFVDBDR006,1195000.0
2025-01-01,2025-07-01,Ações_BDRs_ETFs_Units,BFXI39,BRBFXIBDR001,4870000.0
2025-01-01,2025-07-01,Ações_BDRs_ETFs_Units,BGOV39,BRBGOVBDR001,4768000.0
2025-01-01,2025-07-01,Ações_BDRs_ETFs_Units,BGRI39,BRBGRIBDR001,579000.0
2025-01-01,2025-07-01,Ações_BDRs_ETFs_Units,BGRT39,BRBGRTBDR008,915000.0
2025-01-01,2025-07-01,Ações_BDRs_ETFs_Units,BGWH39,BRBGWHBDR003,2855000.0
2025-01-01,2025-07-01,Ações_BDRs_ETFs_Units,BHDV39,BRBHDVBDR002,1912000.0
2025-01-01,2025-07-01,Ações_BDRs_ETFs_Units,BHEF39,BRBHEFBDR003,2276000.0
2025-01-01,2025-07-01,Ações_BDRs_ETFs_Units,BHVN34,BRBHVNBDR001,2340000.0
2025-01-01,2025-07-01,Ações_BDRs_ETFs_Units,BIBB39,BRBIBBBDR006,4269000.0
2025-01-01,2025-07-01,Ações_BDRs_ETFs_Units,BICL39,BRBICLBDR003,1750000.0
2025-01-01,2025-07-01,Ações_BDRs_ETFs_Units,BIDU34,BRBIDUBDR002,5849000.0
2025-01-01,2025-07-01,Ações_BDRs_ETFs_Units,BIEF39,BRBIEFBDR001,3557000.0
2025-01-01,2025-07-01,Ações_BDRs_ETFs_Units,BIEI39,BRBIEIBDR005,3676000.0
2025-01-01,2025-07-01,Ações_BDRs_ETFs_Units,BIEM39,BRBIEMBDR007,3647000.0
2025-01-01,2025-07-01,Ações_BDRs_ETFs_Units,BIET39,BRBIETBDR002,10319000.0
2025-01-01,2025-07-01,Ações_BDRs_ETFs_Units,BIEU39,BRBIEUBDR000,2200000.0
2025-01-01,2025-07-01,Ações_BDRs_ETFs_Units,BIGF39,BRBIGFBDR006,1198000.0
2025-01-01,2025-07-01,Ações_BDRs_ETFs_Units,BIHI39,BRBIHIBDR008,11482000.0
2025-01-01,2025-07-01,Ações_BDRs_ETFs_Units,BIIB34,BRBIIBBDR001,1608000.0
2025-01-01,2025-07-01,Ações_BDRs_ETFs_Units,BIJH39,BRBIJHBDR006,11940000.0
2025-01-01,2025-07-01,Ações_BDRs_ETFs_Units,BIJR39,BRBIJRBDR005,2670000.0
2025-01-01,2025-07-01,Ações_BDRs_ETFs_Units,BIJS39,BRBIJSBDR003,1177000.0
2025-01-01,2025-07-01,Ações_BDRs_ETFs_Units,BILB34,BRBILBBDR005,853000.0
2025-01-01,2025-07-01,Ações_BDRs_ETFs_Units,BILF39,BRBILFBDR006,1929000.0
2025-01-01,2025-07-01,Ações_BDRs_ETFs_Units,BITB39,BRBITBBDR008,3235000.0
2025-01-01,2025-07-01,Ações_BDRs_ETFs_Units,BITO39,BRBITOBDR001,2735000.0
2025-01-01,2025-07-01,Ações_BDRs_ETFs_Units,BIVB39,BRBIVBBDR004,2404000.0
2025-01-01,2025-07-01,Ações_BDRs_ETFs_Units,BIVE39,BRBIVEBDR008,2819000.0
2025-01-01,2025-07-01,Ações_BDRs_ETFs_Units,BIVW39,BRBIVWBDR000,2700000.0
2025-01-01,2025-07-01,Ações_BDRs_ETFs_Units,BIWF39,BRBIWFBDR003,2185000.0
2025-01-01,2025-07-01,Ações_BDRs_ETFs_Units,BIWM39,BRBIWMBDR009,3421000.0
2025-01-01,2025-07-01,Ações_BDRs_ETFs_Units,BIXC39,BRBIXCBDR008,727000.0
2025-01-01,2025-07-01,Ações_BDRs_ETFs_Units,BIXU39,BRBIXUBDR000,2848000.0
2025-01-01,2025-07-01,Ações_BDRs_ETFs_Units,BIYF39,BRBIYFBDR009,2245000.0
2025-01-01,2025-07-01,Ações_BDRs_ETFs_Units,BIYP39,BRBIYPBDR008,3919000.0
2025-01-01,2025-07-01,Ações_BDRs_ETFs_Units,BIYT39,BRBIYTBDR000,3809000.0
2025-01-01,2025-07-01,Ações_BDRs_ETFs_Units,BIYW39,BRBIYWBDR004,7502000.0
2025-01-01,2025-07-01,Ações_BDRs_ETFs_Units,BIZD11,BRBIZDCTF000,450000.0
2025-01-01,2025-07-01,Ações_BDRs_ETFs_Units,BJQU39,BRBJQUBDR002,1092000.0
2025-01-01,2025-07-01,Ações_BDRs_ETFs_Units,BKNG34,BRBKNGBDR006,1166000.0
2025-01-01,2025-07-01,Ações_BDRs_ETFs_Units,BKSA39,BRBKSABDR008,1140000.0
2025-01-01,2025-07-01,Ações_BDRs_ETFs_Units,BKWB39,BRBKWBBDR008,1176000.0
2025-01-01,2025-07-01,Ações_BDRs_ETFs_Units,BKYY39,BRBKYYBDR006,770000.0
2025-01-01,2025-07-01,Ações_BDRs_ETFs_Units,BLAK34,BRBLAKBDR003,2398000.0
2025-01-01,2025-07-01,Ações_BDRs_ETFs_Units,BLPX39,BRBLPXBDR004,602000.0
2025-01-01,2025-07-01,Ações_BDRs_ETFs_Units,BMTU39,BRBMTUBDR000,3111000.0
2025-01-01,2025-07-01,Ações_BDRs_ETFs_Units,BMYB34,BRBMYBBDR000,770000.0
2025-01-01,2025-07-01,Ações_BDRs_ETFs_Units,BNDA39,BRBNDABDR004,2662000.0
2025-01-01,2025-07-01,Ações_BDRs_ETFs_Units,BNSB34,BRBNSBBDR000,3317000.0
2025-01-01,2025-07-01,Ações_BDRs_ETFs_Units,BOAC34,BRBOACBDR004,3184000.0
2025-01-01,2025-07-01,Ações_BDRs_ETFs_Units,BOEF39,BRBOEFBDR009,2433000.0
2025-01-01,2025-07-01,Ações_BDRs_ETFs_Units,BOEI34,BRBOEIBDR003,180000.0
2025-01-01,2025-07-01,Ações_BDRs_ETFs_Units,BONY34,BRBONYBDR001,398000.0
2025-01-01,2025-07-01,Ações_BDRs_ETFs_Units,BOTZ39,BRBOTZBDR005,1068000.0
2025-01-01,2025-07-01,Ações_BDRs_ETFs_Units,BOVA11,BRBOVACTF003,23991000.0
2025-01-01,2025-07-01,Ações_BDRs_ETFs_Units,BOVB11,BRBOVBCTF001,22957000.0
2025-01-01,2025-07-01,Ações_BDRs_ETFs_Units,BOVS11,BRBOVSCTF005,30323000.0
2025-01-01,2025-07-01,Ações_BDRs_ETFs_Units,BOVV11,BRBOVVCTF009,22843000.0
2025-01-01,2025-07-01,Ações_BDRs_ETFs_Units,BOVX11,BRBOVXCTF005,230046000.0
2025-01-01,2025-07-01,Ações_BDRs_ETFs_Units,BOXP34,BRBOXPBDR008,5117000.0
2025-01-01,2025-07-01,Ações_BDRs_ETFs_Units,BPAC11,BRBPACUNT006,19884000.0
2025-01-01,2025-07-01,Ações_BDRs_ETFs_Units,BPAN4,BRBPANACNPR1,3030000.0
2025-01-01,2025-07-01,Ações_BDRs_ETFs_Units,BPVE39,BRBPVEBDR003,1273000.0
2025-01-01,2025-07-01,Ações_BDRs_ETFs_Units,BQTC39,BRBQTCBDR009,1396000.0
2025-01-01,2025-07-01,Ações_BDRs_ETFs_Units,BQUA39,BRBQUABDR001,3030000.0
2025-01-01,2025-07-01,Ações_BDRs_ETFs_Units,BQYL39,BRBQYLBDR000,6561000.0
2025-01-01,2025-07-01,Ações_BDRs_ETFs_Units,BRAP4,BRBRAPACNPR2,11850000.0
2025-01-01,2025-07-01,Ações_BDRs_ETFs_Units,BRAV3,BRBRAVACNOR3,23829000.0
2025-01-01,2025-07-01,Ações_BDRs_ETFs_Units,BRAX11,BRBRAXCTF002,139187000.0
2025-01-01,2025-07-01,Ações_BDRs_ETFs_Units,BRAZ11,BRBRAZCTF007,144253000.0
2025-01-01,2025-07-01,Ações_BDRs_ETFs_Units,BRFS3,BRBRFSACNOR8,23748000.0
2025-01-01,2025-07-01,Ações_BDRs_ETFs_Units,BRKM5,BRBRKMACNPA4,9075000.0
2025-01-01,2025-07-01,Ações_BDRs_ETFs_Units,BRSR6,BRBRSRACNPB4,3260000.0
2025-01-01,2025-07-01,Ações_BDRs_ETFs_Units,BSCZ39,BRBSCZBDR002,3768000.0
2025-01-01,2025-07-01,Ações_BDRs_ETFs_Units,BSDY39,BRBSDYBDR003,2645000.0
2025-01-01,2025-07-01,Ações_BDRs_ETFs_Units,BSHV39,BRBSHVBDR000,3308000.0
2025-01-01,2025-07-01,Ações_BDRs_ETFs_Units,BSHY39,BRBSHYBDR004,3509000.0
2025-01-01,2025-07-01,Ações_BDRs_ETFs_Units,BSIL39,BRBSILBDR009,2656000.0
2025-01-01,2025-07-01,Ações_BDRs_ETFs_Units,BSOX39,BRBSOXBDR002,6188000.0
2025-01-01,2025-07-01,Ações_BDRs_ETFs_Units,BTLH39,BRBTLHBDR009,3532000.0
2025-01-01,2025-07-01,Ações_BDRs_ETFs_Units,BTLT39,BRBTLTBDR004,6256000.0
2025-01-01,2025-07-01,Ações_BDRs_ETFs_Units,BUFF39,BRBUFFBDR003,2840000.0
2025-01-01,2025-07-01,Ações_BDRs_ETFs_Units,BURA39,BRBURABDR009,2806000.0
2025-01-01,2025-07-01,Ações_BDRs_ETFs_Units,BURT39,BRBURTBDR009,2425000.0
2025-01-01,2025-07-01,Ações_BDRs_ETFs_Units,BUSM39,BRBUSMBDR002,3151000.0
2025-01-01,2025-07-01,Ações_BDRs_ETFs_Units,BVLU39,BRBVLUBDR008,2133000.0
2025-01-01,2025-07-01,Ações_BDRs_ETFs_Units,C1AB34,BRC1ABBDR009,27365000.0
2025-01-01,2025-07-01,Ações_BDRs_ETFs_Units,C1AG34,BRC1AGBDR008,1683000.0
2025-01-01,2025-07-01,Ações_BDRs_ETFs_Units,C1AH34,BRC1AHBDR006,239000.0
2025-01-01,2025-07-01,Ações_BDRs_ETFs_Units,C1BL34,BRC1BLBDR006,506000.0
2025-01-01,2025-07-01,Ações_BDRs_ETFs_Units,C1BO34,BRC1BOBDR000,319000.0
2025-01-01,2025-07-01,Ações_BDRs_ETFs_Units,C1BR34,BRC1BRBDR003,259000.0
2025-01-01,2025-07-01,Ações_BDRs_ETFs_Units,C1BS34,BRC1BSBDR001,2942000.0
2025-01-01,2025-07-01,Ações_BDRs_ETFs_Units,C1CI34,BRC1CIBDR000,1465000.0
2025-01-01,2025-07-01,Ações_BDRs_ETFs_Units,C1CJ34,BRC1CJBDR008,3999000.0
2025-01-01,2025-07-01,Ações_BDRs_ETFs_Units,C1CL34,BRC1CLBDR004,1398000.0
2025-01-01,2025-07-01,Ações_BDRs_ETFs_Units,C1CO34,BRC1COBDR008,253000.0
2025-01-01,2025-07-01,Ações_BDRs_ETFs_Units,C1DN34,BRC1DNBDR008,245000.0
2025-01-01,2025-07-01,Ações_BDRs_ETFs_Units,C1DP34,BRC1DPBDR003,1811000.0
2025-01-01,2025-07-01,Ações_BDRs_ETFs_Units,C1DW34,BRC1DWBDR009,3804000.0
2025-01-01,2025-07-01,Ações_BDRs_ETFs_Units,C1FG34,BRC1FGBDR007,877000.0
2025-01-01,2025-07-01,Ações_BDRs_ETFs_Units,C1FI34,BRC1FIBDR003,384000.0
2025-01-01,2025-07-01,Ações_BDRs_ETFs_Units,C1GP34,BRC1GPBDR006,45248000.0
2025-01-01,2025-07-01,Ações_BDRs_ETFs_Units,C1HK34,BRC1HKBDR005,326000.0
2025-01-01,2025-07-01,Ações_BDRs_ETFs_Units,C1HR34,BRC1HRBDR000,7331000.0
2025-01-01,2025-07-01,Ações_BDRs_ETFs_Units,C1IC34,BRC1ICBDR000,447000.0
2025-01-01,2025-07-01,Ações_BDRs_ETFs_Units,C1MA34,BRC1MABDR006,1307000.0
2025-01-01,2025-07-01,Ações_BDRs_ETFs_Units,C1MG34,BRC1MGBDR003,13219000.0
2025-01-01,2025-07-01,Ações_BDRs_ETFs_Units,C1MI34,BRC1MIBDR009,448000.0
2025-01-01,2025-07-01,Ações_BDRs_ETFs_Units,C1MS34,BRC1MSBDR008,1128000.0
2025-01-01,2025-07-01,Ações_BDRs_ETFs_Units,C1NC34,BRC1NCBDR000,667000.0
2025-01-01,2025-07-01,Ações_BDRs_ETFs_Units,C1NP34,BRC1NPBDR002,960000.0
2025-01-01,2025-07-01,Ações_BDRs_ETFs_Units,C1NS34,BRC1NSBDR006,1299000.0
2025-01-01,2025-07-01,Ações_BDRs_ETFs_Units,C1OG34,BRC1OGBDR009,1343000.0
2025-01-01,2025-07-01,Ações_BDRs_ETFs_Units,C1OO34,BRC1OOBDR003,5224000.0
2025-01-01,2025-07-01,Ações_BDRs_ETFs_Units,C1PB34,BRC1PBBDR007,1129000.0
2025-01-01,2025-07-01,Ações_BDRs_ETFs_Units,C1PR34,BRC1PRBDR003,1521000.0
2025-01-01,2025-07-01,Ações_BDRs_ETFs_Units,C1RH34,BRC1RHBDR000,2376000.0
2025-01-01,2025-07-01,Ações_BDRs_ETFs_Units,C1RR34,BRC1RRBDR009,2010000.0
2025-01-01,2025-07-01,Ações_BDRs_ETFs_Units,C1TA34,BRC1TABDR001,805000.0
2025-01-01,2025-07-01,Ações_BDRs_ETFs_Units,C1TV34,BRC1TVBDR007,1967000.0
2025-01-01,2025-07-01,Ações_BDRs_ETFs_Units,C2AC34,BRC2ACBDR005,61919000.0
2025-01-01,2025-07-01,Ações_BDRs_ETFs_Units,C2CA34,BRC2CABDR005,555000.0
2025-01-01,2025-07-01,Ações_BDRs_ETFs_Units,C2EM34,BRC2EMBDR006,5241000.0
2025-01-01,2025-07-01,Ações_BDRs_ETFs_Units,C2GN34,BRC2GNBDR009,6474000.0
2025-01-01,2025-07-01,Ações_BDRs_ETFs_Units,C2HD34,BRC2HDBDR008,7432000.0
2025-01-01,2025-07-01,Ações_BDRs_ETFs_Units,C2OU34,BRC2OUBDR008,1566000.0
2025-01-01,2025-07-01,Ações_BDRs_ETFs_Units,C2PR34,BRC2PRBDR001,2799000.0
2025-01-01,2025-07-01,Ações_BDRs_ETFs_Units,C2PT34,BRC2PTBDR007,4334000.0
2025-01-01,2025-07-01,Ações_BDRs_ETFs_Units,C2RS34,BRC2RSBDR005,6768000.0
2025-01-01,2025-07-01,Ações_BDRs_ETFs_Units,C2RW34,BRC2RWBDR007,1656000.0
2025-01-01,2025-07-01,Ações_BDRs_ETFs_Units,C2SW34,BRC2SWBDR005,3275000.0
2025-01-01,2025-07-01,Ações_BDRs_ETFs_Units,C2ZR34,BRC2ZRBDR000,12307000.0
2025-01-01,2025-07-01,Ações_BDRs_ETFs_Units,CAML3,BRCAMLACNOR3,4767000.0
2025-01-01,2025-07-01,Ações_BDRs_ETFs_Units,CAON34,BRCAONBDR009,362000.0
2025-01-01,2025-07-01,Ações_BDRs_ETFs_Units,CAPE11,BRCAPECTF020,42239000.0
2025-01-01,2025-07-01,Ações_BDRs_ETFs_Units,CAPH34,BRCAPHBDR008,1409000.0
2025-01-01,2025-07-01,Ações_BDRs_ETFs_Units,CATP34,BRCATPBDR003,1565000.0
2025-01-01,2025-07-01,Ações_BDRs_ETFs_Units,CBAV3,BRCBAVACNOR5,13816000.0
2025-01-01,2025-07-01,Ações_BDRs_ETFs_Units,CEAB3,BRCEABACNOR1,9287000.0
2025-01-01,2025-07-01,Ações_BDRs_ETFs_Units,CHCM34,BRCHCMBDR001,5433000.0
2025-01-01,2025-07-01,Ações_BDRs_ETFs_Units,CHDC34,BRCHDCBDR000,358000.0
2025-01-01,2025-07-01,Ações_BDRs_ETFs_Units,CHIP11,BRCHIPCTF000,126000.0
2025-01-01,2025-07-01,Ações_BDRs_ETFs_Units,CHME34,BRCHMEBDR007,534000.0
2025-01-01,2025-07-01,Ações_BDRs_ETFs_Units,CHVX34,BRCHVXBDR008,2547000.0
2025-01-01,2025-07-01,Ações_BDRs_ETFs_Units,CINF34,BRCINFBDR000,541000.0
2025-01-01,2025-07-01,Ações_BDRs_ETFs_Units,CLOV34,BRCLOVBDR009,3417000.0
2025-01-01,2025-07-01,Ações_BDRs_ETFs_Units,CLXC34,BRCLXCBDR000,1182000.0
2025-01-01,2025-07-01,Ações_BDRs_ETFs_Units,CMCS34,BRCMCSBDR008,5170000.0
2025-01-01,2025-07-01,Ações_BDRs_ETFs_Units,CMIG4,BRCMIGACNPR3,40183000.0
2025-01-01,2025-07-01,Ações_BDRs_ETFs_Units,CMIN3,BRCMINACNOR2,20254000.0
2025-01-01,2025-07-01,Ações_BDRs_ETFs_Units,CNIC34,BRCNICBDR007,8503000.0
2025-01-01,2025-07-01,Ações_BDRs_ETFs_Units,COCA34,BRCOCABDR002,3188000.0
2025-01-01,2025-07-01,Ações_BDRs_ETFs_Units,COGN3,BRCOGNACNOR2,148097000.0
2025-01-01,2025-07-01,Ações_BDRs_ETFs_Units,COLG34,BRCOLGBDR000,2887000.0
2025-01-01,2025-07-01,Ações_BDRs_ETFs_Units,COPH34,BRCOPHBDR009,4896000.0
2025-01-01,2025-07-01,Ações_BDRs_ETFs_Units,COTY34,BRCOTYBDR006,8264000.0
2025-01-01,2025-07-01,Ações_BDRs_ETFs_Units,COWC34,BRCOWCBDR006,1462000.0
2025-01-01,2025-07-01,Ações_BDRs_ETFs_Units,CPAY34,BRCPAYBDR003,510000.0
2025-01-01,2025-07-01,Ações_BDRs_ETFs_Units,CPFE3,BRCPFEACNOR0,4180000.0
2025-01-01,2025-07-01,Ações_BDRs_ETFs_Units,CPLE3,BRCPLEACNOR8,15086000.0
2025-01-01,2025-07-01,Ações_BDRs_ETFs_Units,CPLE6,BRCPLEACNPB9,39565000.0
2025-01-01,2025-07-01,Ações_BDRs_ETFs_Units,CPRL34,BRCPRLBDR004,1814000.0
2025-01-01,2025-07-01,Ações_BDRs_ETFs_Units,CRDA34,BRCRDABDR003,500000.0
2025-01-01,2025-07-01,Ações_BDRs_ETFs_Units,CRIN34,BRCRINBDR005,1749000.0
2025-01-01,2025-07-01,Ações_BDRs_ETFs_Units,CRIP34,BRCRIPBDR000,620000.0
2025-01-01,2025-07-01,Ações_BDRs_ETFs_Units,CSAN3,BRCSANACNOR6,47828000.0
2025-01-01,2025-07-01,Ações_BDRs_ETFs_Units,CSCO34,BRCSCOBDR004,2678000.0
2025-01-01,2025-07-01,Ações_BDRs_ETFs_Units,CSMG3,BRCSMGACNOR5,5343000.0
2025-01-01,2025-07-01,Ações_BDRs_ETFs_Units,CSNA3,BRCSNAACNOR6,27482000.0
2025-01-01,2025-07-01,Ações_BDRs_ETFs_Units,CSXC34,BRCSXCBDR005,2235000.0
2025-01-01,2025-07-01,Ações_BDRs_ETFs_Units,CTGP34,BRCTGPBDR000,2693000.0
2025-01-01,2025-07-01,Ações_BDRs_ETFs_Units,CTSH34,BRCTSHBDR002,449000.0
2025-01-01,2025-07-01,Ações_BDRs_ETFs_Units,CURY3,BRCURYACNOR3,5893000.0
2025-01-01,2025-07-01,Ações_BDRs_ETFs_Units,CVCB3,BRCVCBACNOR1,48144000.0
2025-01-01,2025-07-01,Ações_BDRs_ETFs_Units,CVSH34,BRCVSHBDR008,5360000.0
2025-01-01,2025-07-01,Ações_BDRs_ETFs_Units,CXSE3,BRCXSEACNOR7,13157000.0
2025-01-01,2025-07-01,Ações_BDRs_ETFs_Units,CYRE3,BRCYREACNOR7,14752000.0
2025-01-01,2025-07-01,Ações_BDRs_ETFs_Units,D1DG34,BRD1DGBDR001,2824000.0
2025-01-01,2025-07-01,Ações_BDRs_ETFs_Units,D1EL34,BRD1ELBDR009,299000.0
2025-01-01,2025-07-01,Ações_BDRs_ETFs_Units,D1EX34,BRD1EXBDR004,22988000.0
2025-01-01,2025-07-01,Ações_BDRs_ETFs_Units,D1HI34,BRD1HIBDR008,277000.0
2025-01-01,2025-07-01,Ações_BDRs_ETFs_Units,D1LR34,BRD1LRBDR001,817000.0
2025-01-01,2025-07-01,Ações_BDRs_ETFs_Units,D1OC34,BRD1OCBDR007,9601000.0
2025-01-01,2025-07-01,Ações_BDRs_ETFs_Units,D1OM34,BRD1OMBDR006,1235000.0
2025-01-01,2025-07-01,Ações_BDRs_ETFs_Units,D1OV34,BRD1OVBDR007,427000.0
2025-01-01,2025-07-01,Ações_BDRs_ETFs_Units,D1OW34,BRD1OWBDR005,5241000.0
2025-01-01,2025-07-01,Ações_BDRs_ETFs_Units,D1RI34,BRD1RIBDR007,666000.0
2025-01-01,2025-07-01,Ações_BDRs_ETFs_Units,D1TE34,BRD1TEBDR002,1068000.0
2025-01-01,2025-07-01,Ações_BDRs_ETFs_Units,D1VN34,BRD1VNBDR009,1105000.0
2025-01-01,2025-07-01,Ações_BDRs_ETFs_Units,D1XC34,BRD1XCBDR008,845000.0
2025-01-01,2025-07-01,Ações_BDRs_ETFs_Units,D2AR34,BRD2ARBDR002,6558000.0
2025-01-01,2025-07-01,Ações_BDRs_ETFs_Units,D2AS34,BRD2ASBDR000,2298000.0
2025-01-01,2025-07-01,Ações_BDRs_ETFs_Units,D2KN34,BRD2KNBDR000,5116000.0
2025-01-01,2025-07-01,Ações_BDRs_ETFs_Units,D2KS34,BRD2KSBDR009,2077000.0
2025-01-01,2025-07-01,Ações_BDRs_ETFs_Units,D2NL34,BRD2NLBDR008,3340000.0
2025-01-01,2025-07-01,Ações_BDRs_ETFs_Units,D2OC34,BRD2OCBDR005,3700000.0
2025-01-01,2025-07-01,Ações_BDRs_ETFs_Units,D2OX34,BRD2OXBDR001,2461000.0
2025-01-01,2025-07-01,Ações_BDRs_ETFs_Units,D2PZ34,BRD2PZBDR003,4024000.0
2025-01-01,2025-07-01,Ações_BDRs_ETFs_Units,D2TC34,BRD2TCBDR004,5261000.0
2025-01-01,2025-07-01,Ações_BDRs_ETFs_Units,DBAG34,BRDBAGBDR008,1237000.0
2025-01-01,2025-07-01,Ações_BDRs_ETFs_Units,DDNB34,BRDDNBBDR008,527000.0
2025-01-01,2025-07-01,Ações_BDRs_ETFs_Units,DEAI34,BRDEAIBDR008,758000.0
2025-01-01,2025-07-01,Ações_BDRs_ETFs_Units,DEEC34,BRDEECBDR003,2132000.0
2025-01-01,2025-07-01,Ações_BDRs_ETFs_Units,DEOP34,BRDEOPBDR004,6469000.0
2025-01-01,2025-07-01,Ações_BDRs_ETFs_Units,DGCO34,BRDGCOBDR007,7693000.0
2025-01-01,2025-07-01,Ações_BDRs_ETFs_Units,DHER34,BRDHERBDR004,5153000.0
2025-01-01,2025-07-01,Ações_BDRs_ETFs_Units,DIRR3,BRDIRRACNOR0,5134000.0
2025-01-01,2025-07-01,Ações_BDRs_ETFs_Units,DISB34,BRDISBBDR006,4638000.0
2025-01-01,2025-07-01,Ações_BDRs_ETFs_Units,DLTR34,BRDLTRBDR004,735000.0
2025-01-01,2025-07-01,Ações_BDRs_ETFs_Units,DOLL39,BRDOLLBDR008,3456000.0
2025-01-01,2025-07-01,Ações_BDRs_ETFs_Units,DUKB34,BRDUKBBDR008,311000.0
2025-01-01,2025-07-01,Ações_BDRs_ETFs_Units,DUOL34,BRDUOLBDR009,2949000.0
2025-01-01,2025-07-01,Ações_BDRs_ETFs_Units,DVAI34,BRDVAIBDR002,266000.0
2025-01-01,2025-07-01,Ações_BDRs_ETFs_Units,DXCO3,BRDXCOACNOR8,6537000.0
2025-01-01,2025-07-01,Ações_BDRs_ETFs_Units,E1CL34,BRE1CLBDR002,552000.0
2025-01-01,2025-07-01,Ações_BDRs_ETFs_Units,E1CO34,BRE1COBDR006,2325000.0
2025-01-01,2025-07-01,Ações_BDRs_ETFs_Units,E1DI34,BRE1DIBDR006,635000.0
2025-01-01,2025-07-01,Ações_BDRs_ETFs_Units,E1DU34,BRE1DUBDR001,6687000.0
2025-01-01,2025-07-01,Ações_BDRs_ETFs_Units,E1IX34,BRE1IXBDR004,1492000.0
2025-01-01,2025-07-01,Ações_BDRs_ETFs_Units,E1LV34,BRE1LVBDR002,476000.0
2025-01-01,2025-07-01,Ações_BDRs_ETFs_Units,E1MN34,BRE1MNBDR007,942000.0
2025-01-01,2025-07-01,Ações_BDRs_ETFs_Units,E1MR34,BRE1MRBDR008,283000.0
2025-01-01,2025-07-01,Ações_BDRs_ETFs_Units,E1OG34,BRE1OGBDR007,631000.0
2025-01-01,2025-07-01,Ações_BDRs_ETFs_Units,E1QN34,BRE1QNBDR008,2887000.0
2025-01-01,2025-07-01,Ações_BDRs_ETFs_Units,E1QR34,BRE1QRBDR009,1063000.0
2025-01-01,2025-07-01,Ações_BDRs_ETFs_Units,E1RI34,BRE1RIBDR006,8688000.0
2025-01-01,2025-07-01,Ações_BDRs_ETFs_Units,E1SE34,BRE1SEBDR003,1157000.0
2025-01-01,2025-07-01,Ações_BDRs_ETFs_Units,E1SS34,BRE1SSBDR003,1260000.0
2025-01-01,2025-07-01,Ações_BDRs_ETFs_Units,E1TN34,BRE1TNBDR002,1482000.0
2025-01-01,2025-07-01,Ações_BDRs_ETFs_Units,E1TR34,BRE1TRBDR003,904000.0
2025-01-01,2025-07-01,Ações_BDRs_ETFs_Units,E1VE34,BRE1VEBDR007,388000.0
2025-01-01,2025-07-01,Ações_BDRs_ETFs_Units,E1VR34,BRE1VRBDR009,1055000.0
2025-01-01,2025-07-01,Ações_BDRs_ETFs_Units,E1WL34,BRE1WLBDR000,1916000.0
2025-01-01,2025-07-01,Ações_BDRs_ETFs_Units,E1XC34,BRE1XCBDR007,841000.0
2025-01-01,2025-07-01,Ações_BDRs_ETFs_Units,E1XP34,BRE1XPBDR009,614000.0
2025-01-01,2025-07-01,Ações_BDRs_ETFs_Units,E1XR34,BRE1XRBDR005,964000.0
2025-01-01,2025-07-01,Ações_BDRs_ETFs_Units,E2AG34,BRE2AGBDR004,2814000.0
2025-01-01,2025-07-01,Ações_BDRs_ETFs_Units,E2EF34,BRE2EFBDR008,34701000.0
2025-01-01,2025-07-01,Ações_BDRs_ETFs_Units,E2LS34,BRE2LSBDR006,5772000.0
2025-01-01,2025-07-01,Ações_BDRs_ETFs_Units,E2NO34,BRE2NOBDR001,1815000.0
2025-01-01,2025-07-01,Ações_BDRs_ETFs_Units,E2NP34,BRE2NPBDR008,24156000.0
2025-01-01,2025-07-01,Ações_BDRs_ETFs_Units,E2NT34,BRE2NTBDR000,8156000.0
2025-01-01,2025-07-01,Ações_BDRs_ETFs_Units,E2PA34,BRE2PABDR005,13114000.0
2025-01-01,2025-07-01,Ações_BDRs_ETFs_Units,E2ST34,BRE2STBDR009,5305000.0
2025-01-01,2025-07-01,Ações_BDRs_ETFs_Units,E2TS34,BRE2TSBDR009,11363000.0
2025-01-01,2025-07-01,Ações_BDRs_ETFs_Units,E2XA34,BRE2XABDR009,6309000.0
2025-01-01,2025-07-01,Ações_BDRs_ETFs_Units,E2XE34,BRE2XEBDR001,1815000.0
2025-01-01,2025-07-01,Ações_BDRs_ETFs_Units,EAIN34,BREAINBDR007,462000.0
2025-01-01,2025-07-01,Ações_BDRs_ETFs_Units,EBAY34,BREBAYBDR009,962000.0
2025-01-01,2025-07-01,Ações_BDRs_ETFs_Units,ECOR3,BRECORACNOR8,13314000.0
2025-01-01,2025-07-01,Ações_BDRs_ETFs_Units,EFXB31,BREFXBBDR000,208000.0
2025-01-01,2025-07-01,Ações_BDRs_ETFs_Units,EGIE3,BREGIEACNOR9,4037000.0
2025-01-01,2025-07-01,Ações_BDRs_ETFs_Units,ELCI34,BRELCIBDR007,11351000.0
2025-01-01,2025-07-01,Ações_BDRs_ETFs_Units,ELET3,BRELETACNOR6,20777000.0
2025-01-01,2025-07-01,Ações_BDRs_ETFs_Units,ELET6,BRELETACNPB7,3816000.0
2025-01-01,2025-07-01,Ações_BDRs_ETFs_Units,EMBR3,BREMBRACNOR4,13953000.0
2025-01-01,2025-07-01,Ações_BDRs_ETFs_Units,ENEV3,BRENEVACNOR8,22051000.0
2025-01-01,2025-07-01,Ações_BDRs_ETFs_Units,ENGI11,BRENGICDAM16,6849000.0
2025-01-01,2025-07-01,Ações_BDRs_ETFs_Units,EQIX34,BREQIXBDR002,3206000.0
2025-01-01,2025-07-01,Ações_BDRs_ETFs_Units,EQTL3,BREQTLACNOR0,20833000.0
2025-01-01,2025-07-01,Ações_BDRs_ETFs_Units,EWBZ11,BREWBZCTF009,54421000.0
2025-01-01,2025-07-01,Ações_BDRs_ETFs_Units,EXGR34,BREXGRBDR004,429000.0
2025-01-01,2025-07-01,Ações_BDRs_ETFs_Units,EXPB31,BREXPBBDR009,550000.0
2025-01-01,2025-07-01,Ações_BDRs_ETFs_Units,EXXO34,BREXXOBDR006,2719000.0
2025-01-01,2025-07-01,Ações_BDRs_ETFs_Units,EZTC3,BREZTCACNOR0,5273000.0
2025-01-01,2025-07-01,Ações_BDRs_ETFs_Units,F1AN34,BRF1ANBDR001,518000.0
2025-01-01,2025-07-01,Ações_BDRs_ETFs_Units,F1BH34,BRF1BHBDR001,677000.0
2025-01-01,2025-07-01,Ações_BDRs_ETFs_Units,F1EC34,BRF1ECBDR006,874000.0
2025-01-01,2025-07-01,Ações_BDRs_ETFs_Units,F1FI34,BRF1FIBDR000,551000.0
2025-01-01,2025-07-01,Ações_BDRs_ETFs_Units,F1IS34,BRF1ISBDR003,408000.0
2025-01-01,2025-07-01,Ações_BDRs_ETFs_Units,F1LS34,BRF1LSBDR007,732000.0
2025-01-01,2025-07-01,Ações_BDRs_ETFs_Units,F1MC34,BRF1MCBDR009,1704000.0
2025-01-01,2025-07-01,Ações_BDRs_ETFs_Units,F1NI34,BRF1NIBDR004,7246000.0
2025-01-01,2025-07-01,Ações_BDRs_ETFs_Units,F1RA34,BRF1RABDR002,1587000.0
2025-01-01,2025-07-01,Ações_BDRs_ETFs_Units,F1SL34,BRF1SLBDR007,11486000.0
2025-01-01,2025-07-01,Ações_BDRs_ETFs_Units,F1TN34,BRF1TNBDR001,704000.0
2025-01-01,2025-07-01,Ações_BDRs_ETFs_Units,F1TV34,BRF1TVBDR004,485500.0
2025-01-01,2025-07-01,Ações_BDRs_ETFs_Units,F1UN34,BRF1UNBDR009,5641000.0
2025-01-01,2025-07-01,Ações_BDRs_ETFs_Units,F2IC34,BRF2ICBDR005,858000.0
2025-01-01,2025-07-01,Ações_BDRs_ETFs_Units,F2IV34,BRF2IVBDR005,11564000.0
2025-01-01,2025-07-01,Ações_BDRs_ETFs_Units,F2NV34,BRF2NVBDR005,39920000.0
2025-01-01,2025-07-01,Ações_BDRs_ETFs_Units,F2RS34,BRF2RSBDR002,4069000.0
2025-01-01,2025-07-01,Ações_BDRs_ETFs_Units,F2RT34,BRF2RTBDR000,5140000.0
2025-01-01,2025-07-01,Ações_BDRs_ETFs_Units,F2VR34,BRF2VRBDR006,4848000.0
2025-01-01,2025-07-01,Ações_BDRs_ETFs_Units,FASL34,BRFASLBDR007,858000.0
2025-01-01,2025-07-01,Ações_BDRs_ETFs_Units,FCXO34,BRFCXOBDR007,2623000.0
2025-01-01,2025-07-01,Ações_BDRs_ETFs_Units,FDMO34,BRFDMOBDR008,3389000.0
2025-01-01,2025-07-01,Ações_BDRs_ETFs_Units,FDXB34,BRFDXBBDR002,158000.0
2025-01-01,2025-07-01,Ações_BDRs_ETFs_Units,FFTD34,BRFFTDBDR001,928000.0
2025-01-01,2025-07-01,Ações_BDRs_ETFs_Units,FLRY3,BRFLRYACNOR5,8694000.0
2025-01-01,2025-07-01,Ações_BDRs_ETFs_Units,FMXB34,BRFMXBBDR003,252000.0
2025-01-01,2025-07-01,Ações_BDRs_ETFs_Units,FOXC34,BRFOXCBDR007,660000.0
2025-01-01,2025-07-01,Ações_BDRs_ETFs_Units,FSLR34,BRFSLRBDR001,476000.0
2025-01-01,2025-07-01,Ações_BDRs_ETFs_Units,G1AR34,BRG1ARBDR001,368000.0
2025-01-01,2025-07-01,Ações_BDRs_ETFs_Units,G1DS34,BRG1DSBDR003,10895000.0
2025-01-01,2025-07-01,Ações_BDRs_ETFs_Units,G1FI34,BRG1FIBDR009,3052000.0
2025-01-01,2025-07-01,Ações_BDRs_ETFs_Units,G1LL34,BRG1LLBDR001,5847000.0
2025-01-01,2025-07-01,Ações_BDRs_ETFs_Units,G1LO34,BRG1LOBDR005,8230000.0
2025-01-01,2025-07-01,Ações_BDRs_ETFs_Units,G1LW34,BRG1LWBDR008,700000.0
2025-01-01,2025-07-01,Ações_BDRs_ETFs_Units,G1MI34,BRG1MIBDR005,678000.0
2025-01-01,2025-07-01,Ações_BDRs_ETFs_Units,G1PC34,BRG1PCBDR001,535000.0
2025-01-01,2025-07-01,Ações_BDRs_ETFs_Units,G1PI34,BRG1PIBDR008,1895000.0
2025-01-01,2025-07-01,Ações_BDRs_ETFs_Units,G1RM34,BRG1RMBDR006,348000.0
2025-01-01,2025-07-01,Ações_BDRs_ETFs_Units,G1SK34,BRG1SKBDR008,4766000.0
2025-01-01,2025-07-01,Ações_BDRs_ETFs_Units,G1WW34,BRG1WWBDR005,1384000.0
2025-01-01,2025-07-01,Ações_BDRs_ETFs_Units,G2DD34,BRG2DDBDR003,2057000.0
2025-01-01,2025-07-01,Ações_BDRs_ETFs_Units,G2EV34,BRG2EVBDR003,1436000.0
2025-01-01,2025-07-01,Ações_BDRs_ETFs_Units,G2ME34,BRG2MEBDR002,4916000.0
2025-01-01,2025-07-01,Ações_BDRs_ETFs_Units,G2NT34,BRG2NTBDR008,3005000.0
2025-01-01,2025-07-01,Ações_BDRs_ETFs_Units,G2WR34,BRG2WRBDR003,2095000.0
2025-01-01,2025-07-01,Ações_BDRs_ETFs_Units,GDBR34,BRGDBRBDR002,130000.0
2025-01-01,2025-07-01,Ações_BDRs_ETFs_Units,GDXB39,BRGDXBBDR000,2107000.0
2025-01-01,2025-07-01,Ações_BDRs_ETFs_Units,GEHC34,BRGEHCBDR009,3972000.0
2025-01-01,2025-07-01,Ações_BDRs_ETFs_Units,GEOO34,BRGEOOBDR000,146000.0
2025-01-01,2025-07-01,Ações_BDRs_ETFs_Units,GGBR4,BRGGBRACNPR8,30192000.0
2025-01-01,2025-07-01,Ações_BDRs_ETFs_Units,GGPS3,BRGGPSACNOR9,6543000.0
2025-01-01,2025-07-01,Ações_BDRs_ETFs_Units,GILD34,BRGILDBDR000,681000.0
2025-01-01,2025-07-01,Ações_BDRs_ETFs_Units,GLDX11,BRGLDXCTF016,115000.0
2025-01-01,2025-07-01,Ações_BDRs_ETFs_Units,GLEN34,BRGLENBDR008,4819000.0
2025-01-01,2025-07-01,Ações_BDRs_ETFs_Units,GMAT3,BRGMATACNOR7,9167000.0
2025-01-01,2025-07-01,Ações_BDRs_ETFs_Units,GMCO34,BRGMCOBDR008,2971000.0
2025-01-01,2025-07-01,Ações_BDRs_ETFs_Units,GOAT11,BRGOATCTF006,4900000.0
2025-01-01,2025-07-01,Ações_BDRs_ETFs_Units,GOAU4,BRGOAUACNPR8,24091000.0
2025-01-01,2025-07-01,Ações_BDRs_ETFs_Units,GOGL34,BRGOGLBDR001,3243000.0
2025-01-01,2025-07-01,Ações_BDRs_ETFs_Units,GOGL35,BRGOGLBDR019,2592000.0
2025-01-01,2025-07-01,Ações_BDRs_ETFs_Units,GOLD11,BRGOLDCTF015,14351000.0
2025-01-01,2025-07-01,Ações_BDRs_ETFs_Units,GPUS11,BRGPUSCTF003,270000.0
2025-01-01,2025-07-01,Ações_BDRs_ETFs_Units,GRND3,BRGRNDACNOR3,4844000.0
2025-01-01,2025-07-01,Ações_BDRs_ETFs_Units,GSGI34,BRGSGIBDR008,1655000.0
2025-01-01,2025-07-01,Ações_BDRs_ETFs_Units,GUAR3,BRGUARACNOR4,3540000.0
2025-01-01,2025-07-01,Ações_BDRs_ETFs_Units,H1AS34,BRH1ASBDR008,1070000.0
2025-01-01,2025-07-01,Ações_BDRs_ETFs_Units,H1BA34,BRH1BABDR004,2270000.0
2025-01-01,2025-07-01,Ações_BDRs_ETFs_Units,H1BI34,BRH1BIBDR007,3341000.0
2025-01-01,2025-07-01,Ações_BDRs_ETFs_Units,H1CA34,BRH1CABDR002,1980000.0
2025-01-01,2025-07-01,Ações_BDRs_ETFs_Units,H1DB34,BRH1DBBDR008,2461000.0
2025-01-01,2025-07-01,Ações_BDRs_ETFs_Units,H1EI34,BRH1EIBDR001,1134000.0
2025-01-01,2025-07-01,Ações_BDRs_ETFs_Units,H1ES34,BRH1ESBDR000,532000.0
2025-01-01,2025-07-01,Ações_BDRs_ETFs_Units,H1FC34,BRH1FCBDR001,981000.0
2025-01-01,2025-07-01,Ações_BDRs_ETFs_Units,H1HH34,BRH1HHBDR006,1614000.0
2025-01-01,2025-07-01,Ações_BDRs_ETFs_Units,H1IG34,BRH1IGBDR006,391000.0
2025-01-01,2025-07-01,Ações_BDRs_ETFs_Units,H1II34,BRH1IIBDR002,11820000.0
2025-01-01,2025-07-01,Ações_BDRs_ETFs_Units,H1LT34,BRH1LTBDR003,3535000.0
2025-01-01,2025-07-01,Ações_BDRs_ETFs_Units,H1OG34,BRH1OGBDR004,935000.0
2025-01-01,2025-07-01,Ações_BDRs_ETFs_Units,H1OL34,BRH1OLBDR004,447000.0
2025-01-01,2025-07-01,Ações_BDRs_ETFs_Units,H1PE34,BRH1PEBDR006,2010000.0
2025-01-01,2025-07-01,Ações_BDRs_ETFs_Units,H1RB34,BRH1RBBDR008,616000.0
2025-01-01,2025-07-01,Ações_BDRs_ETFs_Units,H1RL34,BRH1RLBDR007,1168000.0
2025-01-01,2025-07-01,Ações_BDRs_ETFs_Units,H1SB34,BRH1SBBDR006,2378000.0
2025-01-01,2025-07-01,Ações_BDRs_ETFs_Units,H1SI34,BRH1SIBDR001,1048000.0
2025-01-01,2025-07-01,Ações_BDRs_ETFs_Units,H1ST34,BRH1STBDR008,2336000.0
2025-01-01,2025-07-01,Ações_BDRs_ETFs_Units,H1TH34,BRH1THBDR001,3457000.0
2025-01-01,2025-07-01,Ações_BDRs_ETFs_Units,H1UM34,BRH1UMBDR009,6856000.0
2025-01-01,2025-07-01,Ações_BDRs_ETFs_Units,H2TA34,BRH2TABDR004,5450000.0
2025-01-01,2025-07-01,Ações_BDRs_ETFs_Units,H2UB34,BRH2UBBDR000,3277000.0
2025-01-01,2025-07-01,Ações_BDRs_ETFs_Units,HALI34,BRHALIBDR004,1670000.0
2025-01-01,2025-07-01,Ações_BDRs_ETFs_Units,HAPV3,BRHAPVACNOR4,14230000.0
2025-01-01,2025-07-01,Ações_BDRs_ETFs_Units,HBSA3,BRHBSAACNOR0,8899000.0
2025-01-01,2025-07-01,Ações_BDRs_ETFs_Units,HEIA34,BRHEIABDR009,2851000.0
2025-01-01,2025-07-01,Ações_BDRs_ETFs_Units,HIGH11,BRHIGHCTF008,22229000.0
2025-01-01,2025-07-01,Ações_BDRs_ETFs_Units,HOME34,BRHOMEBDR002,2820000.0
2025-01-01,2025-07-01,Ações_BDRs_ETFs_Units,HONB34,BRHONBBDR006,161000.0
2025-01-01,2025-07-01,Ações_BDRs_ETFs_Units,HOND34,BRHONDBDR002,464000.0
2025-01-01,2025-07-01,Ações_BDRs_ETFs_Units,HPQB34,BRHPQBBDR006,1477000.0
2025-01-01,2025-07-01,Ações_BDRs_ETFs_Units,HSHY34,BRHSHYBDR001,1046000.0
2025-01-01,2025-07-01,Ações_BDRs_ETFs_Units,HTEK11,BRHTEKCTF004,3128000.0
2025-01-01,2025-07-01,Ações_BDRs_ETFs_Units,HYPE3,BRHYPEACNOR0,9214000.0
2025-01-01,2025-07-01,Ações_BDRs_ETFs_Units,I1AC34,BRI1ACBDR001,11857000.0
2025-01-01,2025-07-01,Ações_BDRs_ETFs_Units,I1BN34,BRI1BNBDR006,1099000.0
2025-01-01,2025-07-01,Ações_BDRs_ETFs_Units,I1CE34,BRI1CEBDR003,401000.0
2025-01-01,2025-07-01,Ações_BDRs_ETFs_Units,I1DX34,BRI1DXBDR001,348000.0
2025-01-01,2025-07-01,Ações_BDRs_ETFs_Units,I1EX34,BRI1EXBDR009,4164000.0
2025-01-01,2025-07-01,Ações_BDRs_ETFs_Units,I1FF34,BRI1FFBDR003,949000.0
2025-01-01,2025-07-01,Ações_BDRs_ETFs_Units,I1FO34,BRI1FOBDR005,4031000.0
2025-01-01,2025-07-01,Ações_BDRs_ETFs_Units,I1HG34,BRI1HGBDR007,1032000.0
2025-01-01,2025-07-01,Ações_BDRs_ETFs_Units,I1LM34,BRI1LMBDR007,2002000.0
2025-01-01,2025-07-01,Ações_BDRs_ETFs_Units,I1NC34,BRI1NCBDR004,1054000.0
2025-01-01,2025-07-01,Ações_BDRs_ETFs_Units,I1PC34,BRI1PCBDR009,791000.0
2025-01-01,2025-07-01,Ações_BDRs_ETFs_Units,I1PG34,BRI1PGBDR000,270000.0
2025-01-01,2025-07-01,Ações_BDRs_ETFs_Units,I1PH34,BRI1PHBDR008,1391000.0
2025-01-01,2025-07-01,Ações_BDRs_ETFs_Units,I1QV34,BRI1QVBDR007,943000.0
2025-01-01,2025-07-01,Ações_BDRs_ETFs_Units,I1QY34,BRI1QYBDR001,31625000.0
2025-01-01,2025-07-01,Ações_BDRs_ETFs_Units,I1RM34,BRI1RMBDR004,362000.0
2025-01-01,2025-07-01,Ações_BDRs_ETFs_Units,I1RP34,BRI1RPBDR007,166000.0
2025-01-01,2025-07-01,Ações_BDRs_ETFs_Units,I1SR34,BRI1SRBDR001,1420000.0
2025-01-01,2025-07-01,Ações_BDRs_ETFs_Units,I1TW34,BRI1TWBDR009,564000.0
2025-01-01,2025-07-01,Ações_BDRs_ETFs_Units,I1VZ34,BRI1VZBDR008,2458000.0
2025-01-01,2025-07-01,Ações_BDRs_ETFs_Units,I2NG34,BRI2NGBDR003,1784000.0
2025-01-01,2025-07-01,Ações_BDRs_ETFs_Units,I2NV34,BRI2NVBDR002,5503000.0
2025-01-01,2025-07-01,Ações_BDRs_ETFs_Units,I2RS34,BRI2RSBDR009,2703000.0
2025-01-01,2025-07-01,Ações_BDRs_ETFs_Units,IB5METF11,BRIB5MCTF008,2680000.0
2025-01-01,2025-07-01,Ações_BDRs_ETFs_Units,IBKR34,BRIBKRBDR003,2805000.0
2025-01-01,2025-07-01,Ações_BDRs_ETFs_Units,IBMB34,BRIBMBBDR003,123000.0
2025-01-01,2025-07-01,Ações_BDRs_ETFs_Units,IBOB11,BRIBOBCTF008,28524000.0
2025-01-01,2025-07-01,Ações_BDRs_ETFs_Units,ICLR34,BRICLRBDR009,4854000.0
2025-01-01,2025-07-01,Ações_BDRs_ETFs_Units,IDKAETF11,BRIDKACTF004,1185000.0
2025-01-01,2025-07-01,Ações_BDRs_ETFs_Units,IGTI11,BRIGTICDAM16,7345000.0
2025-01-01,2025-07-01,Ações_BDRs_ETFs_Units,IMABETF11,BRIMABCTF004,6075000.0
2025-01-01,2025-07-01,Ações_BDRs_ETFs_Units,IMBBETF11,BRIMBBCTF002,3073000.0
2025-01-01,2025-07-01,Ações_BDRs_ETFs_Units,INBR32,BRINBRBDR007,6069000.0
2025-01-01,2025-07-01,Ações_BDRs_ETFs_Units,INGG34,BRINGGBDR009,1214000.0
2025-01-01,2025-07-01,Ações_BDRs_ETFs_Units,INTB3,BRINTBACNOR9,6658000.0
2025-01-01,2025-07-01,Ações_BDRs_ETFs_Units,INTU34,BRINTUBDR003,2094000.0
2025-01-01,2025-07-01,Ações_BDRs_ETFs_Units,IRBR3,BRIRBRACNOR4,2869000.0
2025-01-01,2025-07-01,Ações_BDRs_ETFs_Units,IRFMETF11,BRIRFMCTF009,3885000.0
2025-01-01,2025-07-01,Ações_BDRs_ETFs_Units,ISAE4,BRISAEACNPR9,5372000.0
2025-01-01,2025-07-01,Ações_BDRs_ETFs_Units,ITLC34,BRITLCBDR005,10056000.0
2025-01-01,2025-07-01,Ações_BDRs_ETFs_Units,ITSA4,BRITSAACNPR7,83204000.0
2025-01-01,2025-07-01,Ações_BDRs_ETFs_Units,ITUB3,BRITUBACNOR4,1695000.0
2025-01-01,2025-07-01,Ações_BDRs_ETFs_Units,ITUB4,BRITUBACNPR1,63445000.0
2025-01-01,2025-07-01,Ações_BDRs_ETFs_Units,IVVB11,BRIVVBCTF001,1066000.0
2025-01-01,2025-07-01,Ações_BDRs_ETFs_Units,IWMI11,BRIWMICTF003,80000.0
2025-01-01,2025-07-01,Ações_BDRs_ETFs_Units,J1BH34,BRJ1BHBDR007,8695000.0
2025-01-01,2025-07-01,Ações_BDRs_ETFs_Units,J1CI34,BRJ1CIBDR003,352000.0
2025-01-01,2025-07-01,Ações_BDRs_ETFs_Units,J1EF34,BRJ1EFBDR005,653000.0
2025-01-01,2025-07-01,Ações_BDRs_ETFs_Units,J1EG34,BRJ1EGBDR003,604000.0
2025-01-01,2025-07-01,Ações_BDRs_ETFs_Units,J1KH34,BRJ1KHBDR008,787000.0
2025-01-01,2025-07-01,Ações_BDRs_ETFs_Units,J2AZ34,BRJ2AZBDR009,5001000.0
2025-01-01,2025-07-01,Ações_BDRs_ETFs_Units,J2BL34,BRJ2BLBDR007,1374000.0
2025-01-01,2025-07-01,Ações_BDRs_ETFs_Units,J2WA34,BRJ2WABDR006,968000.0
2025-01-01,2025-07-01,Ações_BDRs_ETFs_Units,JBSS32,BRJBSSBDR002,23716000.0
2025-01-01,2025-07-01,Ações_BDRs_ETFs_Units,JDCO34,BRJDCOBDR001,6692000.0
2025-01-01,2025-07-01,Ações_BDRs_ETFs_Units,JHSF3,BRJHSFACNOR2,10924000.0
2025-01-01,2025-07-01,Ações_BDRs_ETFs_Units,JNJB34,BRJNJBBDR002,3589000.0
2025-01-01,2025-07-01,Ações_BDRs_ETFs_Units,JOGO11,BRJOGOCTF008,54000.0
2025-01-01,2025-07-01,Ações_BDRs_ETFs_Units,JPMC34,BRJPMCBDR009,1340000.0
2025-01-01,2025-07-01,Ações_BDRs_ETFs_Units,K1EL34,BRK1ELBDR000,921000.0
2025-01-01,2025-07-01,Ações_BDRs_ETFs_Units,K1EY34,BRK1EYBDR003,2316000.0
2025-01-01,2025-07-01,Ações_BDRs_ETFs_Units,K1IM34,BRK1IMBDR009,1713000.0
2025-01-01,2025-07-01,Ações_BDRs_ETFs_Units,K1LA34,BRK1LABDR008,163000.0
2025-01-01,2025-07-01,Ações_BDRs_ETFs_Units,K1MX34,BRK1MXBDR008,1120000.0
2025-01-01,2025-07-01,Ações_BDRs_ETFs_Units,K1RC34,BRK1RCBDR001,496000.0
2025-01-01,2025-07-01,Ações_BDRs_ETFs_Units,K1RG34,BRK1RGBDR002,2591000.0
2025-01-01,2025-07-01,Ações_BDRs_ETFs_Units,K1SG34,BRK1SGBDR000,444000.0
2025-01-01,2025-07-01,Ações_BDRs_ETFs_Units,K1SS34,BRK1SSBDR005,4347000.0
2025-01-01,2025-07-01,Ações_BDRs_ETFs_Units,K1TC34,BRK1TCBDR007,657000.0
2025-01-01,2025-07-01,Ações_BDRs_ETFs_Units,K2RC34,BRK2RCBDR009,4977000.0
2025-01-01,2025-07-01,Ações_BDRs_ETFs_Units,KEPL3,BRKEPLACNOR1,4491000.0
2025-01-01,2025-07-01,Ações_BDRs_ETFs_Units,KHCB34,BRKHCBBDR007,5560000.0
2025-01-01,2025-07-01,Ações_BDRs_ETFs_Units,KLBN11,BRKLBNCDAM18,14009000.0
2025-01-01,2025-07-01,Ações_BDRs_ETFs_Units,KLBN4,BRKLBNACNPR9,5838000.0
2025-01-01,2025-07-01,Ações_BDRs_ETFs_Units,KMBB34,BRKMBBBDR009,278000.0
2025-01-01,2025-07-01,Ações_BDRs_ETFs_Units,KMIC34,BRKMICBDR002,1289000.0
2025-01-01,2025-07-01,Ações_BDRs_ETFs_Units,KMPR34,BRKMPRBDR005,390000.0
2025-01-01,2025-07-01,Ações_BDRs_ETFs_Units,L1AM34,BRL1AMBDR005,4239000.0
2025-01-01,2025-07-01,Ações_BDRs_ETFs_Units,L1CA34,BRL1CABDR006,555000.0
2025-01-01,2025-07-01,Ações_BDRs_ETFs_Units,L1DO34,BRL1DOBDR005,2482000.0
2025-01-01,2025-07-01,Ações_BDRs_ETFs_Units,L1EG34,BRL1EGBDR009,1039000.0
2025-01-01,2025-07-01,Ações_BDRs_ETFs_Units,L1EN34,BRL1ENBDR005,341000.0
2025-01-01,2025-07-01,Ações_BDRs_ETFs_Units,L1HX34,BRL1HXBDR007,591000.0
2025-01-01,2025-07-01,Ações_BDRs_ETFs_Units,L1KQ34,BRL1KQBDR005,806000.0
2025-01-01,2025-07-01,Ações_BDRs_ETFs_Units,L1MN34,BRL1MNBDR008,5289000.0
2025-01-01,2025-07-01,Ações_BDRs_ETFs_Units,L1NC34,BRL1NCBDR009,905000.0
2025-01-01,2025-07-01,Ações_BDRs_ETFs_Units,L1NE34,BRL1NEBDR005,4238000.0
2025-01-01,2025-07-01,Ações_BDRs_ETFs_Units,L1OE34,BRL1OEBDR003,345000.0
2025-01-01,2025-07-01,Ações_BDRs_ETFs_Units,L1RC34,BRL1RCBDR000,16747000.0
2025-01-01,2025-07-01,Ações_BDRs_ETFs_Units,L1UL34,BRL1ULBDR005,620000.0
2025-01-01,2025-07-01,Ações_BDRs_ETFs_Units,L1VS34,BRL1VSBDR008,4379000.0
2025-01-01,2025-07-01,Ações_BDRs_ETFs_Units,L1WH34,BRL1WHBDR009,1246000.0
2025-01-01,2025-07-01,Ações_BDRs_ETFs_Units,L1YB34,BRL1YBBDR008,1241000.0
2025-01-01,2025-07-01,Ações_BDRs_ETFs_Units,L1YG34,BRL1YGBDR007,8626000.0
2025-01-01,2025-07-01,Ações_BDRs_ETFs_Units,L1YV34,BRL1YVBDR006,1224000.0
2025-01-01,2025-07-01,Ações_BDRs_ETFs_Units,L2PL34,BRL2PLBDR003,1820000.0
2025-01-01,2025-07-01,Ações_BDRs_ETFs_Units,L2RN34,BRL2RNBDR005,981000.0
2025-01-01,2025-07-01,Ações_BDRs_ETFs_Units,L2SC34,BRL2SCBDR006,5854000.0
2025-01-01,2025-07-01,Ações_BDRs_ETFs_Units,LAVV3,BRLAVVACNOR4,1663000.0
2025-01-01,2025-07-01,Ações_BDRs_ETFs_Units,LBRD34,BRLBRDBDR002,4749000.0
2025-01-01,2025-07-01,Ações_BDRs_ETFs_Units,LEVE3,BRLEVEACNOR2,903000.0
2025-01-01,2025-07-01,Ações_BDRs_ETFs_Units,LFTBETF11,BRLFTBCTF002,2603000.0
2025-01-01,2025-07-01,Ações_BDRs_ETFs_Units,LFTSETF11,BRLFTSCTF006,3814000.0
2025-01-01,2025-07-01,Ações_BDRs_ETFs_Units,LILY34,BRLILYBDR006,1446000.0
2025-01-01,2025-07-01,Ações_BDRs_ETFs_Units,LJQQ3,BRLJQQACNOR5,8816000.0
2025-01-01,2025-07-01,Ações_BDRs_ETFs_Units,LLFTETF11,BRLLFTCTF001,490000.0
2025-01-01,2025-07-01,Ações_BDRs_ETFs_Units,LMTB34,BRLMTBBDR009,79000.0
2025-01-01,2025-07-01,Ações_BDRs_ETFs_Units,LOGG3,BRLOGGACNOR7,668000.0
2025-01-01,2025-07-01,Ações_BDRs_ETFs_Units,LOWC34,BRLOWCBDR007,3320000.0
2025-01-01,2025-07-01,Ações_BDRs_ETFs_Units,LREN3,BRLRENACNOR1,41633000.0
2025-01-01,2025-07-01,Ações_BDRs_ETFs_Units,LSEG34,BRLSEGBDR007,2461000.0
2025-01-01,2025-07-01,Ações_BDRs_ETFs_Units,LTNBETF11,BRLTNBCTF006,25000.0
2025-01-01,2025-07-01,Ações_BDRs_ETFs_Units,LVOL11,BRLVOLCTF009,32935000.0
2025-01-01,2025-07-01,Ações_BDRs_ETFs_Units,LWSA3,BRLWSAACNOR8,22401000.0
2025-01-01,2025-07-01,Ações_BDRs_ETFs_Units,M1AA34,BRM1AABDR009,903000.0
2025-01-01,2025-07-01,Ações_BDRs_ETFs_Units,M1AS34,BRM1ASBDR001,545000.0
2025-01-01,2025-07-01,Ações_BDRs_ETFs_Units,M1CB34,BRM1CBBDR003,659000.0
2025-01-01,2025-07-01,Ações_BDRs_ETFs_Units,M1CH34,BRM1CHBDR000,1020000.0
2025-01-01,2025-07-01,Ações_BDRs_ETFs_Units,M1CK34,BRM1CKBDR004,202000.0
2025-01-01,2025-07-01,Ações_BDRs_ETFs_Units,M1DB34,BRM1DBBDR001,3561000.0
2025-01-01,2025-07-01,Ações_BDRs_ETFs_Units,M1GM34,BRM1GMBDR019,1105000.0
2025-01-01,2025-07-01,Ações_BDRs_ETFs_Units,M1HK34,BRM1HKBDR003,9049000.0
2025-01-01,2025-07-01,Ações_BDRs_ETFs_Units,M1KC34,BRM1KCBDR004,2000000.0
2025-01-01,2025-07-01,Ações_BDRs_ETFs_Units,M1KT34,BRM1KTBDR008,8203000.0
2025-01-01,2025-07-01,Ações_BDRs_ETFs_Units,M1LC34,BRM1LCBDR002,3013000.0
2025-01-01,2025-07-01,Ações_BDRs_ETFs_Units,M1LM34,BRM1LMBDR001,335000.0
2025-01-01,2025-07-01,Ações_BDRs_ETFs_Units,M1MC34,BRM1MCBDR000,330000.0
2025-01-01,2025-07-01,Ações_BDRs_ETFs_Units,M1NS34,BRM1NSBDR004,4549000.0
2025-01-01,2025-07-01,Ações_BDRs_ETFs_Units,M1PC34,BRM1PCBDR003,223000.0
2025-01-01,2025-07-01,Ações_BDRs_ETFs_Units,M1RN34,BRM1RNBDR006,26767000.0
2025-01-01,2025-07-01,Ações_BDRs_ETFs_Units,M1SC34,BRM1SCBDR007,2776000.0
2025-01-01,2025-07-01,Ações_BDRs_ETFs_Units,M1SI34,BRM1SIBDR004,356000.0
2025-01-01,2025-07-01,Ações_BDRs_ETFs_Units,M1TA34,BRM1TABDR009,1746000.0
2025-01-01,2025-07-01,Ações_BDRs_ETFs_Units,M1TB34,BRM1TBBDR007,802000.0
2025-01-01,2025-07-01,Ações_BDRs_ETFs_Units,M1TC34,BRM1TCBDR005,24096000.0
2025-01-01,2025-07-01,Ações_BDRs_ETFs_Units,M1TD34,BRM1TDBDR003,302000.0
2025-01-01,2025-07-01,Ações_BDRs_ETFs_Units,M1TT34,BRM1TTBDR009,539000.0
2025-01-01,2025-07-01,Ações_BDRs_ETFs_Units,M1UF34,BRM1UFBDR006,2645000.0
2025-01-01,2025-07-01,Ações_BDRs_ETFs_Units,M2AS34,BRM2ASBDR009,6666000.0
2025-01-01,2025-07-01,Ações_BDRs_ETFs_Units,M2KS34,BRM2KSBDR008,10145000.0
2025-01-01,2025-07-01,Ações_BDRs_ETFs_Units,M2PM34,BRM2PMBDR000,5057000.0
2025-01-01,2025-07-01,Ações_BDRs_ETFs_Units,M2PR34,BRM2PRBDR009,3177000.0
2025-01-01,2025-07-01,Ações_BDRs_ETFs_Units,M2PW34,BRM2PWBDR009,10429000.0
2025-01-01,2025-07-01,Ações_BDRs_ETFs_Units,M2RV34,BRM2RVBDR007,4825000.0
2025-01-01,2025-07-01,Ações_BDRs_ETFs_Units,MACY34,BRMACYBDR000,3332000.0
2025-01-01,2025-07-01,Ações_BDRs_ETFs_Units,MARGETF11,BRMARGCTF012,980000.0
2025-01-01,2025-07-01,Ações_BDRs_ETFs_Units,MCDC34,BRMCDCBDR000,2507000.0
2025-01-01,2025-07-01,Ações_BDRs_ETFs_Units,MCOR34,BRMCORBDR005,307000.0
2025-01-01,2025-07-01,Ações_BDRs_ETFs_Units,MDIA3,BRMDIAACNOR7,1499000.0
2025-01-01,2025-07-01,Ações_BDRs_ETFs_Units,MDLZ34,BRMDLZBDR002,1069000.0
2025-01-01,2025-07-01,Ações_BDRs_ETFs_Units,MDNE3,BRMDNEACNOR9,1769000.0
2025-01-01,2025-07-01,Ações_BDRs_ETFs_Units,MDTC34,BRMDTCBDR004,844000.0
2025-01-01,2025-07-01,Ações_BDRs_ETFs_Units,MELI34,BRMELIBDR006,2674000.0
2025-01-01,2025-07-01,Ações_BDRs_ETFs_Units,METB34,BRMETBBDR004,455000.0
2025-01-01,2025-07-01,Ações_BDRs_ETFs_Units,MGLU3,BRMGLUACNOR2,89764000.0
2025-01-01,2025-07-01,Ações_BDRs_ETFs_Units,MILL11,BRMILLCTF018,2472000.0
2025-01-01,2025-07-01,Ações_BDRs_ETFs_Units,MILS3,BRMILSACNOR2,1977000.0
2025-01-01,2025-07-01,Ações_BDRs_ETFs_Units,MKLC34,BRMKLCBDR006,369000.0
2025-01-01,2025-07-01,Ações_BDRs_ETFs_Units,MMMC34,BRMMMCBDR000,970000.0
2025-01-01,2025-07-01,Ações_BDRs_ETFs_Units,MOOO34,BRMOOOBDR007,603000.0
2025-01-01,2025-07-01,Ações_BDRs_ETFs_Units,MOSC34,BRMOSCBDR003,6133000.0
2025-01-01,2025-07-01,Ações_BDRs_ETFs_Units,MOTB39,BRMOTBBDR003,3164000.0
2025-01-01,2025-07-01,Ações_BDRs_ETFs_Units,MOTV3,BRMOTVACNOR7,258250000.0
2025-01-01,2025-07-01,Ações_BDRs_ETFs_Units,MOVI3,BRMOVIACNOR0,17367000.0
2025-01-01,2025-07-01,Ações_BDRs_ETFs_Units,MRCK34,BRMRCKBDR003,3629000.0
2025-01-01,2025-07-01,Ações_BDRs_ETFs_Units,MRFG3,BRMRFGACNOR0,17913000.0
2025-01-01,2025-07-01,Ações_BDRs_ETFs_Units,MRVE3,BRMRVEACNOR2,31077000.0
2025-01-01,2025-07-01,Ações_BDRs_ETFs_Units,MSBR34,BRMSBRBDR008,1336000.0
2025-01-01,2025-07-01,Ações_BDRs_ETFs_Units,MSCD34,BRMSCDBDR006,2027000.0
2025-01-01,2025-07-01,Ações_BDRs_ETFs_Units,MSFT34,BRMSFTBDR005,2147000.0
2025-01-01,2025-07-01,Ações_BDRs_ETFs_Units,MULT3,BRMULTACNOR5,11460000.0
2025-01-01,2025-07-01,Ações_BDRs_ETFs_Units,MUTC34,BRMUTCBDR008,1704000.0
2025-01-01,2025-07-01,Ações_BDRs_ETFs_Units,MYPK3,BRMYPKACNOR7,2282000.0
2025-01-01,2025-07-01,Ações_BDRs_ETFs_Units,N1BI34,BRN1BIBDR009,5762000.0
2025-01-01,2025-07-01,Ações_BDRs_ETFs_Units,N1CL34,BRN1CLBDR001,1905000.0
2025-01-01,2025-07-01,Ações_BDRs_ETFs_Units,N1DA34,BRN1DABDR002,824000.0
2025-01-01,2025-07-01,Ações_BDRs_ETFs_Units,N1EM34,BRN1EMBDR005,626000.0
2025-01-01,2025-07-01,Ações_BDRs_ETFs_Units,N1GG34,BRN1GGBDR002,2550000.0
2025-01-01,2025-07-01,Ações_BDRs_ETFs_Units,N1IC34,BRN1ICBDR007,5070000.0
2025-01-01,2025-07-01,Ações_BDRs_ETFs_Units,N1IS34,BRN1ISBDR003,893000.0
2025-01-01,2025-07-01,Ações_BDRs_ETFs_Units,N1MR34,BRN1MRBDR007,995000.0
2025-01-01,2025-07-01,Ações_BDRs_ETFs_Units,N1OV34,BRN1OVBDR005,2000000.0
2025-01-01,2025-07-01,Ações_BDRs_ETFs_Units,N1OW34,BRN1OWBDR003,1829000.0
2025-01-01,2025-07-01,Ações_BDRs_ETFs_Units,N1RG34,BRN1RGBDR009,238000.0
2025-01-01,2025-07-01,Ações_BDRs_ETFs_Units,N1SC34,BRN1SCBDR006,550000.0
2025-01-01,2025-07-01,Ações_BDRs_ETFs_Units,N1TA34,BRN1TABDR008,343000.0
2025-01-01,2025-07-01,Ações_BDRs_ETFs_Units,N1TR34,BRN1TRBDR002,838000.0
2025-01-01,2025-07-01,Ações_BDRs_ETFs_Units,N1UE34,BRN1UEBDR008,3509000.0
2025-01-01,2025-07-01,Ações_BDRs_ETFs_Units,N1VO34,BRN1VOBDR005,4103000.0
2025-01-01,2025-07-01,Ações_BDRs_ETFs_Units,N1VR34,BRN1VRBDR008,258000.0
2025-01-01,2025-07-01,Ações_BDRs_ETFs_Units,N1VS34,BRN1VSBDR006,3080000.0
2025-01-01,2025-07-01,Ações_BDRs_ETFs_Units,N1WL34,BRN1WLBDR009,5061000.0
2025-01-01,2025-07-01,Ações_BDRs_ETFs_Units,N1WS34,BRN1WSBDR004,1293000.0
2025-01-01,2025-07-01,Ações_BDRs_ETFs_Units,N1WS35,BRN1WSBDR012,613000.0
2025-01-01,2025-07-01,Ações_BDRs_ETFs_Units,N1XP34,BRN1XPBDR008,337000.0
2025-01-01,2025-07-01,Ações_BDRs_ETFs_Units,N2ET34,BRN2ETBDR008,3478000.0
2025-01-01,2025-07-01,Ações_BDRs_ETFs_Units,N2LY34,BRN2LYBDR003,1863000.0
2025-01-01,2025-07-01,Ações_BDRs_ETFs_Units,N2TN34,BRN2TNBDR009,1945000.0
2025-01-01,2025-07-01,Ações_BDRs_ETFs_Units,N2VC34,BRN2VCBDR008,5215000.0
2025-01-01,2025-07-01,Ações_BDRs_ETFs_Units,NASD11,BRNASDCTF007,14205000.0
2025-01-01,2025-07-01,Ações_BDRs_ETFs_Units,NATU3,BRNATUACNOR6,27062000.0
2025-01-01,2025-07-01,Ações_BDRs_ETFs_Units,NBOV11,BRNBOVCTF006,29473000.0
2025-01-01,2025-07-01,Ações_BDRs_ETFs_Units,NDIV11,BRNDIVCTF004,15180000.0
2025-01-01,2025-07-01,Ações_BDRs_ETFs_Units,NEOE3,BRNEOEACNOR3,2778000.0
2025-01-01,2025-07-01,Ações_BDRs_ETFs_Units,NETE34,BRNETEBDR006,2717000.0
2025-01-01,2025-07-01,Ações_BDRs_ETFs_Units,NEXT34,BRNEXTBDR006,2042000.0
2025-01-01,2025-07-01,Ações_BDRs_ETFs_Units,NFLX34,BRNFLXBDR000,1521000.0
2025-01-01,2025-07-01,Ações_BDRs_ETFs_Units,NIKE34,BRNIKEBDR006,6034000.0
2025-01-01,2025-07-01,Ações_BDRs_ETFs_Units,NOCG34,BRNOCGBDR006,376000.0
2025-01-01,2025-07-01,Ações_BDRs_ETFs_Units,NOKI34,BRNOKIBDR005,6937000.0
2025-01-01,2025-07-01,Ações_BDRs_ETFs_Units,NSAT34,BRNSATBDR004,1855000.0
2025-01-01,2025-07-01,Ações_BDRs_ETFs_Units,NSDV11,BRNSDVCTF003,13224000.0
2025-01-01,2025-07-01,Ações_BDRs_ETFs_Units,NTNSETF11,BRNTNSCTF006,934000.0
2025-01-01,2025-07-01,Ações_BDRs_ETFs_Units,NTST34,BRNTSTBDR004,871000.0
2025-01-01,2025-07-01,Ações_BDRs_ETFs_Units,NUCL11,BRNUCLCTF002,3159000.0
2025-01-01,2025-07-01,Ações_BDRs_ETFs_Units,NVDC34,BRNVDCBDR008,32722000.0
2025-01-01,2025-07-01,Ações_BDRs_ETFs_Units,O1DF34,BRO1DFBDR000,4638000.0
2025-01-01,2025-07-01,Ações_BDRs_ETFs_Units,O1KE34,BRO1KEBDR008,859000.0
2025-01-01,2025-07-01,Ações_BDRs_ETFs_Units,O1KT34,BRO1KTBDR006,7262000.0
2025-01-01,2025-07-01,Ações_BDRs_ETFs_Units,O1MC34,BRO1MCBDR008,938000.0
2025-01-01,2025-07-01,Ações_BDRs_ETFs_Units,O1TI34,BRO1TIBDR000,3786000.0
2025-01-01,2025-07-01,Ações_BDRs_ETFs_Units,O1UT34,BRO1UTBDR005,1536000.0
2025-01-01,2025-07-01,Ações_BDRs_ETFs_Units,O2HI34,BRO2HIBDR003,2915000.0
2025-01-01,2025-07-01,Ações_BDRs_ETFs_Units,O2LE34,BRO2LEBDR004,4255000.0
2025-01-01,2025-07-01,Ações_BDRs_ETFs_Units,O2NS34,BRO2NSBDR000,5468000.0
2025-01-01,2025-07-01,Ações_BDRs_ETFs_Units,ODPV3,BRODPVACNOR4,4277000.0
2025-01-01,2025-07-01,Ações_BDRs_ETFs_Units,ONCO3,BRONCOACNOR6,5589000.0
2025-01-01,2025-07-01,Ações_BDRs_ETFs_Units,ORCL34,BRORCLBDR007,1014000.0
2025-01-01,2025-07-01,Ações_BDRs_ETFs_Units,ORLY34,BRORLYBDR001,126585000.0
2025-01-01,2025-07-01,Ações_BDRs_ETFs_Units,ORVR3,BRORVRACNOR0,1072000.0
2025-01-01,2025-07-01,Ações_BDRs_ETFs_Units,OXYP34,BROXYPBDR000,5148000.0
2025-01-01,2025-07-01,Ações_BDRs_ETFs_Units,P1AC34,BRP1ACBDR002,782000.0
2025-01-01,2025-07-01,Ações_BDRs_ETFs_Units,P1AY34,BRP1AYBDR006,460000.0
2025-01-01,2025-07-01,Ações_BDRs_ETFs_Units,P1DD34,BRP1DDBDR004,3433000.0
2025-01-01,2025-07-01,Ações_BDRs_ETFs_Units,P1DT34,BRP1DTBDR000,693000.0
2025-01-01,2025-07-01,Ações_BDRs_ETFs_Units,P1EA34,BRP1EABDR008,2088000.0
2025-01-01,2025-07-01,Ações_BDRs_ETFs_Units,P1EG34,BRP1EGBDR005,417000.0
2025-01-01,2025-07-01,Ações_BDRs_ETFs_Units,P1FG34,BRP1FGBDR002,626000.0
2025-01-01,2025-07-01,Ações_BDRs_ETFs_Units,P1GR34,BRP1GRBDR007,272000.0
2025-01-01,2025-07-01,Ações_BDRs_ETFs_Units,P1HC34,BRP1HCBDR007,213000.0
2025-01-01,2025-07-01,Ações_BDRs_ETFs_Units,P1HM34,BRP1HMBDR006,351000.0
2025-01-01,2025-07-01,Ações_BDRs_ETFs_Units,P1KG34,BRP1KGBDR002,367000.0
2025-01-01,2025-07-01,Ações_BDRs_ETFs_Units,P1LD34,BRP1LDBDR007,4026000.0
2025-01-01,2025-07-01,Ações_BDRs_ETFs_Units,P1NR34,BRP1NRBDR003,357000.0
2025-01-01,2025-07-01,Ações_BDRs_ETFs_Units,P1NW34,BRP1NWBDR003,747000.0
2025-01-01,2025-07-01,Ações_BDRs_ETFs_Units,P1PG34,BRP1PGBDR001,640000.0
2025-01-01,2025-07-01,Ações_BDRs_ETFs_Units,P1PL34,BRP1PLBDR001,1052000.0
2025-01-01,2025-07-01,Ações_BDRs_ETFs_Units,P1RG34,BRP1RGBDR007,663000.0
2025-01-01,2025-07-01,Ações_BDRs_ETFs_Units,P1SA34,BRP1SABDR008,613000.0
2025-01-01,2025-07-01,Ações_BDRs_ETFs_Units,P1SX34,BRP1SXBDR000,606000.0
2025-01-01,2025-07-01,Ações_BDRs_ETFs_Units,P1UK34,BRP1UKBDR003,1555000.0
2025-01-01,2025-07-01,Ações_BDRs_ETFs_Units,P1VH34,BRP1VHBDR007,1142000.0
2025-01-01,2025-07-01,Ações_BDRs_ETFs_Units,P1YC34,BRP1YCBDR002,4672000.0
2025-01-01,2025-07-01,Ações_BDRs_ETFs_Units,P2AN34,BRP2ANBDR007,10836000.0
2025-01-01,2025-07-01,Ações_BDRs_ETFs_Units,P2AT34,BRP2ATBDR004,23229000.0
2025-01-01,2025-07-01,Ações_BDRs_ETFs_Units,P2CF34,BRP2CFBDR009,6023000.0
2025-01-01,2025-07-01,Ações_BDRs_ETFs_Units,P2CO34,BRP2COBDR001,5405000.0
2025-01-01,2025-07-01,Ações_BDRs_ETFs_Units,P2CY34,BRP2CYBDR000,6116000.0
2025-01-01,2025-07-01,Ações_BDRs_ETFs_Units,P2EG34,BRP2EGBDR003,8144000.0
2025-01-01,2025-07-01,Ações_BDRs_ETFs_Units,P2EN34,BRP2ENBDR009,18683000.0
2025-01-01,2025-07-01,Ações_BDRs_ETFs_Units,P2IN34,BRP2INBDR000,6361000.0
2025-01-01,2025-07-01,Ações_BDRs_ETFs_Units,P2LN34,BRP2LNBDR004,2708000.0
2025-01-01,2025-07-01,Ações_BDRs_ETFs_Units,P2LT34,BRP2LTBDR001,822000.0
2025-01-01,2025-07-01,Ações_BDRs_ETFs_Units,P2NB34,BRP2NBBDR005,3984000.0
2025-01-01,2025-07-01,Ações_BDRs_ETFs_Units,P2OD34,BRP2ODBDR009,3616000.0
2025-01-01,2025-07-01,Ações_BDRs_ETFs_Units,P2OS34,BRP2OSBDR007,2338000.0
2025-01-01,2025-07-01,Ações_BDRs_ETFs_Units,P2ST34,BRP2STBDR006,2653000.0
2025-01-01,2025-07-01,Ações_BDRs_ETFs_Units,P2TC34,BRP2TCBDR000,3665000.0
2025-01-01,2025-07-01,Ações_BDRs_ETFs_Units,PACBETF11,BRPACBCTF000,10487000.0
2025-01-01,2025-07-01,Ações_BDRs_ETFs_Units,PACCETF11,BRPACCCTF008,267000.0
2025-01-01,2025-07-01,Ações_BDRs_ETFs_Units,PACGETF11,BRPACGCTF009,3396000.0
2025-01-01,2025-07-01,Ações_BDRs_ETFs_Units,PAGS34,BRPAGSBDR006,11999000.0
2025-01-01,2025-07-01,Ações_BDRs_ETFs_Units,PCAR3,BRPCARACNOR3,25236000.0
2025-01-01,2025-07-01,Ações_BDRs_ETFs_Units,PEPB34,BRPEPBBDR005,4142000.0
2025-01-01,2025-07-01,Ações_BDRs_ETFs_Units,PETR3,BRPETRACNOR9,29818000.0
2025-01-01,2025-07-01,Ações_BDRs_ETFs_Units,PETR4,BRPETRACNPR6,120426000.0
2025-01-01,2025-07-01,Ações_BDRs_ETFs_Units,PETZ3,BRPETZACNOR2,16050000.0
2025-01-01,2025-07-01,Ações_BDRs_ETFs_Units,PFIZ34,BRPFIZBDR006,6004000.0
2025-01-01,2025-07-01,Ações_BDRs_ETFs_Units,PGCO34,BRPGCOBDR001,3187000.0
2025-01-01,2025-07-01,Ações_BDRs_ETFs_Units,PHGN34,BRPHGNBDR002,481000.0
2025-01-01,2025-07-01,Ações_BDRs_ETFs_Units,PHIPETF11,BRPHIPCTF002,80000.0
2025-01-01,2025-07-01,Ações_BDRs_ETFs_Units,PHMO34,BRPHMOBDR008,394000.0
2025-01-01,2025-07-01,Ações_BDRs_ETFs_Units,PIBB11,BRPIBBCTF005,57773000.0
2025-01-01,2025-07-01,Ações_BDRs_ETFs_Units,PLPL3,BRPLPLACNOR5,2434000.0
2025-01-01,2025-07-01,Ações_BDRs_ETFs_Units,PNCS34,BRPNCSBDR008,418000.0
2025-01-01,2025-07-01,Ações_BDRs_ETFs_Units,POMO4,BRPOMOACNPR7,36326000.0
2025-01-01,2025-07-01,Ações_BDRs_ETFs_Units,PORT3,BRPORTACNOR8,1974000.0
2025-01-01,2025-07-01,Ações_BDRs_ETFs_Units,PRIO3,BRPRIOACNOR1,28364000.0
2025-01-01,2025-07-01,Ações_BDRs_ETFs_Units,PSSA3,BRPSSAACNOR7,4901000.0
2025-01-01,2025-07-01,Ações_BDRs_ETFs_Units,PYPL34,BRPYPLBDR002,9892000.0
2025-01-01,2025-07-01,Ações_BDRs_ETFs_Units,Q1RV34,BRQ1RVBDR005,886000.0
2025-01-01,2025-07-01,Ações_BDRs_ETFs_Units,Q1UA34,BRQ1UABDR003,1190000.0
2025-01-01,2025-07-01,Ações_BDRs_ETFs_Units,Q1UE34,BRQ1UEBDR005,420000.0
2025-01-01,2025-07-01,Ações_BDRs_ETFs_Units,Q2SC34,BRQ2SCBDR001,14450000.0
2025-01-01,2025-07-01,Ações_BDRs_ETFs_Units,QCOM34,BRQCOMBDR007,2807000.0
2025-01-01,2025-07-01,Ações_BDRs_ETFs_Units,QQQI11,BRQQQICTF009,1212000.0
2025-01-01,2025-07-01,Ações_BDRs_ETFs_Units,R1CL34,BRR1CLBDR007,259000.0
2025-01-01,2025-07-01,Ações_BDRs_ETFs_Units,R1DY34,BRR1DYBDR008,4815000.0
2025-01-01,2025-07-01,Ações_BDRs_ETFs_Units,R1EG34,BRR1EGBDR003,1006000.0
2025-01-01,2025-07-01,Ações_BDRs_ETFs_Units,R1EL34,BRR1ELBDR003,1367000.0
2025-01-01,2025-07-01,Ações_BDRs_ETFs_Units,R1FC34,BRR1FCBDR009,1658000.0
2025-01-01,2025-07-01,Ações_BDRs_ETFs_Units,R1HI34,BRR1HIBDR002,719000.0
2025-01-01,2025-07-01,Ações_BDRs_ETFs_Units,R1HP34,BRR1HPBDR007,4297000.0
2025-01-01,2025-07-01,Ações_BDRs_ETFs_Units,R1IN34,BRR1INBDR000,1253000.0
2025-01-01,2025-07-01,Ações_BDRs_ETFs_Units,R1JF34,BRR1JFBDR004,487000.0
2025-01-01,2025-07-01,Ações_BDRs_ETFs_Units,R1KU34,BRR1KUBDR001,8818000.0
2025-01-01,2025-07-01,Ações_BDRs_ETFs_Units,R1LC34,BRR1LCBDR007,275000.0
2025-01-01,2025-07-01,Ações_BDRs_ETFs_Units,R1MD34,BRR1MDBDR003,576000.0
2025-01-01,2025-07-01,Ações_BDRs_ETFs_Units,R1OK34,BRR1OKBDR004,577000.0
2025-01-01,2025-07-01,Ações_BDRs_ETFs_Units,R1OL34,BRR1OLBDR002,634000.0
2025-01-01,2025-07-01,Ações_BDRs_ETFs_Units,R1OP34,BRR1OPBDR003,601000.0
2025-01-01,2025-07-01,Ações_BDRs_ETFs_Units,R1SG34,BRR1SGBDR003,291000.0
2025-01-01,2025-07-01,Ações_BDRs_ETFs_Units,R1VT34,BRR1VTBDR000,10554000.0
2025-01-01,2025-07-01,Ações_BDRs_ETFs_Units,R1YA34,BRR1YABDR004,5112000.0
2025-01-01,2025-07-01,Ações_BDRs_ETFs_Units,R2AR34,BRR2ARBDR006,4529000.0
2025-01-01,2025-07-01,Ações_BDRs_ETFs_Units,R2BL34,BRR2BLBDR007,3487000.0
2025-01-01,2025-07-01,Ações_BDRs_ETFs_Units,R2GE34,BRR2GEBDR001,7883000.0
2025-01-01,2025-07-01,Ações_BDRs_ETFs_Units,R2HH34,BRR2HHBDR002,11299000.0
2025-01-01,2025-07-01,Ações_BDRs_ETFs_Units,R2NG34,BRR2NGBDR002,13651000.0
2025-01-01,2025-07-01,Ações_BDRs_ETFs_Units,R2PD34,BRR2PDBDR004,5255000.0
2025-01-01,2025-07-01,Ações_BDRs_ETFs_Units,R2RX34,BRR2RXBDR008,6422000.0
2025-01-01,2025-07-01,Ações_BDRs_ETFs_Units,RADL3,BRRADLACNOR0,29447000.0
2025-01-01,2025-07-01,Ações_BDRs_ETFs_Units,RAIL3,BRRAILACNOR9,31997000.0
2025-01-01,2025-07-01,Ações_BDRs_ETFs_Units,RAIZ4,BRRAIZACNPR6,39958000.0
2025-01-01,2025-07-01,Ações_BDRs_ETFs_Units,RAPT4,BRRAPTACNPR4,8142000.0
2025-01-01,2025-07-01,Ações_BDRs_ETFs_Units,RDOR3,BRRDORACNOR8,12657000.0
2025-01-01,2025-07-01,Ações_BDRs_ETFs_Units,RECV3,BRRECVACNOR3,9074000.0
2025-01-01,2025-07-01,Ações_BDRs_ETFs_Units,REGN34,BRREGNBDR005,4146000.0
2025-01-01,2025-07-01,Ações_BDRs_ETFs_Units,RENT3,BRRENTACNOR4,24062000.0
2025-01-01,2025-07-01,Ações_BDRs_ETFs_Units,REVE11,BRREVECTF002,902000.0
2025-01-01,2025-07-01,Ações_BDRs_ETFs_Units,RGTI34,BRRGTIBDR003,3755000.0
2025-01-01,2025-07-01,Ações_BDRs_ETFs_Units,RIGG34,BRRIGGBDR000,13196000.0
2025-01-01,2025-07-01,Ações_BDRs_ETFs_Units,RIOT34,BRRIOTBDR007,635000.0
2025-01-01,2025-07-01,Ações_BDRs_ETFs_Units,ROST34,BRROSTBDR006,563000.0
2025-01-01,2025-07-01,Ações_BDRs_ETFs_Units,ROXO34,BRROXOBDR007,22780000.0
2025-01-01,2025-07-01,Ações_BDRs_ETFs_Units,RYBD34,BRRYBDBDR005,2812000.0
2025-01-01,2025-07-01,Ações_BDRs_ETFs_Units,RYTT34,BRRYTTBDR003,1525000.0
2025-01-01,2025-07-01,Ações_BDRs_ETFs_Units,S1BA34,BRS1BABDR001,808000.0
2025-01-01,2025-07-01,Ações_BDRs_ETFs_Units,S1BS34,BRS1BSBDR003,6906000.0
2025-01-01,2025-07-01,Ações_BDRs_ETFs_Units,S1EA34,BRS1EABDR005,694000.0
2025-01-01,2025-07-01,Ações_BDRs_ETFs_Units,S1HW34,BRS1HWBDR002,1048000.0
2025-01-01,2025-07-01,Ações_BDRs_ETFs_Units,S1JM34,BRS1JMBDR009,772000.0
2025-01-01,2025-07-01,Ações_BDRs_ETFs_Units,S1KT34,BRS1KTBDR002,1926000.0
2025-01-01,2025-07-01,Ações_BDRs_ETFs_Units,S1LG34,BRS1LGBDR007,825000.0
2025-01-01,2025-07-01,Ações_BDRs_ETFs_Units,S1MF34,BRS1MFBDR007,803000.0
2025-01-01,2025-07-01,Ações_BDRs_ETFs_Units,S1NA34,BRS1NABDR006,476000.0
2025-01-01,2025-07-01,Ações_BDRs_ETFs_Units,S1NN34,BRS1NNBDR009,1931000.0
2025-01-01,2025-07-01,Ações_BDRs_ETFs_Units,S1NP34,BRS1NPBDR004,304000.0
2025-01-01,2025-07-01,Ações_BDRs_ETFs_Units,S1OU34,BRS1OUBDR002,1151000.0
2025-01-01,2025-07-01,Ações_BDRs_ETFs_Units,S1PO34,BRS1POBDR002,194000.0
2025-01-01,2025-07-01,Ações_BDRs_ETFs_Units,S1RE34,BRS1REBDR009,1920000.0
2025-01-01,2025-07-01,Ações_BDRs_ETFs_Units,S1RP34,BRS1RPBDR005,38610000.0
2025-01-01,2025-07-01,Ações_BDRs_ETFs_Units,S1SL34,BRS1SLBDR002,972000.0
2025-01-01,2025-07-01,Ações_BDRs_ETFs_Units,S1SN34,BRS1SNBDR008,2833000.0
2025-01-01,2025-07-01,Ações_BDRs_ETFs_Units,S1TE34,BRS1TEBDR005,3101000.0
2025-01-01,2025-07-01,Ações_BDRs_ETFs_Units,S1TT34,BRS1TTBDR003,368000.0
2025-01-01,2025-07-01,Ações_BDRs_ETFs_Units,S1TX34,BRS1TXBDR005,275000.0
2025-01-01,2025-07-01,Ações_BDRs_ETFs_Units,S1WK34,BRS1WKBDR006,2228000.0
2025-01-01,2025-07-01,Ações_BDRs_ETFs_Units,S1YF34,BRS1YFBDR002,588000.0
2025-01-01,2025-07-01,Ações_BDRs_ETFs_Units,S1YK34,BRS1YKBDR002,1924000.0
2025-01-01,2025-07-01,Ações_BDRs_ETFs_Units,S1YM34,BRS1YMBDR008,1297000.0
2025-01-01,2025-07-01,Ações_BDRs_ETFs_Units,S1YY34,BRS1YYBDR003,955000.0
2025-01-01,2025-07-01,Ações_BDRs_ETFs_Units,S2CH34,BRS2CHBDR002,3547000.0
2025-01-01,2025-07-01,Ações_BDRs_ETFs_Units,S2EA34,BRS2EABDR003,5794000.0
2025-01-01,2025-07-01,Ações_BDRs_ETFs_Units,S2ED34,BRS2EDBDR007,53797000.0
2025-01-01,2025-07-01,Ações_BDRs_ETFs_Units,S2EI34,BRS2EIBDR006,3428000.0
2025-01-01,2025-07-01,Ações_BDRs_ETFs_Units,S2FM34,BRS2FMBDR005,627000.0
2025-01-01,2025-07-01,Ações_BDRs_ETFs_Units,S2GI34,BRS2GIBDR001,2168000.0
2025-01-01,2025-07-01,Ações_BDRs_ETFs_Units,S2HO34,BRS2HOBDR007,37922000.0
2025-01-01,2025-07-01,Ações_BDRs_ETFs_Units,S2LA34,BRS2LABDR008,4511000.0
2025-01-01,2025-07-01,Ações_BDRs_ETFs_Units,S2MP34,BRS2MPBDR004,1312000.0
2025-01-01,2025-07-01,Ações_BDRs_ETFs_Units,S2NA34,BRS2NABDR004,26179000.0
2025-01-01,2025-07-01,Ações_BDRs_ETFs_Units,S2NW34,BRS2NWBDR008,6503000.0
2025-01-01,2025-07-01,Ações_BDRs_ETFs_Units,S2TA34,BRS2TABDR001,3644000.0
2025-01-01,2025-07-01,Ações_BDRs_ETFs_Units,S2TW34,BRS2TWBDR005,3451000.0
2025-01-01,2025-07-01,Ações_BDRs_ETFs_Units,S2UI34,BRS2UIBDR002,5669000.0
2025-01-01,2025-07-01,Ações_BDRs_ETFs_Units,S2YN34,BRS2YNBDR004,6178000.0
2025-01-01,2025-07-01,Ações_BDRs_ETFs_Units,SANB11,BRSANBCDAM13,6632000.0
2025-01-01,2025-07-01,Ações_BDRs_ETFs_Units,SAPP34,BRSAPPBDR007,122000.0
2025-01-01,2025-07-01,Ações_BDRs_ETFs_Units,SAPR11,BRSAPRCDAM13,2763000.0
2025-01-01,2025-07-01,Ações_BDRs_ETFs_Units,SAPR4,BRSAPRACNPR6,3772000.0
2025-01-01,2025-07-01,Ações_BDRs_ETFs_Units,SBFG3,BRSBFGACNOR1,4525000.0
2025-01-01,2025-07-01,Ações_BDRs_ETFs_Units,SBSP3,BRSBSPACNOR5,8606000.0
2025-01-01,2025-07-01,Ações_BDRs_ETFs_Units,SBUB34,BRSBUBBDR005,397000.0
2025-01-01,2025-07-01,Ações_BDRs_ETFs_Units,SCHW34,BRSCHWBDR006,3231000.0
2025-01-01,2025-07-01,Ações_BDRs_ETFs_Units,SCVB11,BRSCVBCTF000,3327000.0
2025-01-01,2025-07-01,Ações_BDRs_ETFs_Units,SIMH3,BRSIMHACNOR0,16927000.0
2025-01-01,2025-07-01,Ações_BDRs_ETFs_Units,SIMN34,BRSIMNBDR002,905000.0
2025-01-01,2025-07-01,Ações_BDRs_ETFs_Units,SLBG34,BRSLBGBDR003,2159000.0
2025-01-01,2025-07-01,Ações_BDRs_ETFs_Units,SLCE3,BRSLCEACNOR2,6908000.0
2025-01-01,2025-07-01,Ações_BDRs_ETFs_Units,SMAL11,BRSMALCTF002,3964000.0
2025-01-01,2025-07-01,Ações_BDRs_ETFs_Units,SMFT3,BRSMFTACNOR1,10006000.0
2025-01-01,2025-07-01,Ações_BDRs_ETFs_Units,SMTO3,BRSMTOACNOR3,4223000.0
2025-01-01,2025-07-01,Ações_BDRs_ETFs_Units,SNEC34,BRSNECBDR002,1444000.0
2025-01-01,2025-07-01,Ações_BDRs_ETFs_Units,SOJA3,BRSOJAACNOR9,1704000.0
2025-01-01,2025-07-01,Ações_BDRs_ETFs_Units,SPGI34,BRSPGIBDR009,2566000.0
2025-01-01,2025-07-01,Ações_BDRs_ETFs_Units,SPUB11,BRSPUBCTF004,147000.0
2025-01-01,2025-07-01,Ações_BDRs_ETFs_Units,SPVT11,BRSPVTCTF004,3338000.0
2025-01-01,2025-07-01,Ações_BDRs_ETFs_Units,SPXB11,BRSPXBCTF008,13625000.0
2025-01-01,2025-07-01,Ações_BDRs_ETFs_Units,SPXI11,BRSPXICTF003,772000.0
2025-01-01,2025-07-01,Ações_BDRs_ETFs_Units,SPXR11,BRSPXRCTF004,19035000.0
2025-01-01,2025-07-01,Ações_BDRs_ETFs_Units,SPYI11,BRSPYICTF001,171000.0
2025-01-01,2025-07-01,Ações_BDRs_ETFs_Units,SRNA3,BRSRNAACNOR4,14379000.0
2025-01-01,2025-07-01,Ações_BDRs_ETFs_Units,SSFO34,BRSSFOBDR003,2965000.0
2025-01-01,2025-07-01,Ações_BDRs_ETFs_Units,STBP3,BRSTBPACNOR3,10750000.0
2025-01-01,2025-07-01,Ações_BDRs_ETFs_Units,STCH34,BRSTCHBDR002,1107000.0
2025-01-01,2025-07-01,Ações_BDRs_ETFs_Units,STMN34,BRSTMNBDR009,1213000.0
2025-01-01,2025-07-01,Ações_BDRs_ETFs_Units,STZB34,BRSTZBBDR006,888000.0
2025-01-01,2025-07-01,Ações_BDRs_ETFs_Units,SUZB3,BRSUZBACNOR0,14466000.0
2025-01-01,2025-07-01,Ações_BDRs_ETFs_Units,SVAL11,BRSVALCTF003,132000.0
2025-01-01,2025-07-01,Ações_BDRs_ETFs_Units,T1AL34,BRT1ALBDR009,32657000.0
2025-01-01,2025-07-01,Ações_BDRs_ETFs_Units,T1AM34,BRT1AMBDR007,3745000.0
2025-01-01,2025-07-01,Ações_BDRs_ETFs_Units,T1CH34,BRT1CHBDR003,22075000.0
2025-01-01,2025-07-01,Ações_BDRs_ETFs_Units,T1DG34,BRT1DGBDR003,1243000.0
2025-01-01,2025-07-01,Ações_BDRs_ETFs_Units,T1EC34,BRT1ECBDR000,1053000.0
2025-01-01,2025-07-01,Ações_BDRs_ETFs_Units,T1EL34,BRT1ELBDR001,687000.0
2025-01-01,2025-07-01,Ações_BDRs_ETFs_Units,T1EV34,BRT1EVBDR000,4273000.0
2025-01-01,2025-07-01,Ações_BDRs_ETFs_Units,T1FX34,BRT1FXBDR003,3005000.0
2025-01-01,2025-07-01,Ações_BDRs_ETFs_Units,T1MU34,BRT1MUBDR005,316000.0
2025-01-01,2025-07-01,Ações_BDRs_ETFs_Units,T1OW34,BRT1OWBDR007,3899000.0
2025-01-01,2025-07-01,Ações_BDRs_ETFs_Units,T1RI34,BRT1RIBDR009,1398000.0
2025-01-01,2025-07-01,Ações_BDRs_ETFs_Units,T1RO34,BRT1ROBDR007,760000.0
2025-01-01,2025-07-01,Ações_BDRs_ETFs_Units,T1SC34,BRT1SCBDR000,12706000.0
2025-01-01,2025-07-01,Ações_BDRs_ETFs_Units,T1SO34,BRT1SOBDR005,390000.0
2025-01-01,2025-07-01,Ações_BDRs_ETFs_Units,T1SS34,BRT1SSBDR006,1426000.0
2025-01-01,2025-07-01,Ações_BDRs_ETFs_Units,T1TW34,BRT1TWBDR006,599000.0
2025-01-01,2025-07-01,Ações_BDRs_ETFs_Units,T1WL34,BRT1WLBDR003,7469000.0
2025-01-01,2025-07-01,Ações_BDRs_ETFs_Units,T1XT34,BRT1XTBDR004,557000.0
2025-01-01,2025-07-01,Ações_BDRs_ETFs_Units,T2DH34,BRT2DHBDR009,71546000.0
2025-01-01,2025-07-01,Ações_BDRs_ETFs_Units,T2ER34,BRT2ERBDR006,7590000.0
2025-01-01,2025-07-01,Ações_BDRs_ETFs_Units,T2ND34,BRT2NDBDR007,11280000.0
2025-01-01,2025-07-01,Ações_BDRs_ETFs_Units,T2RE34,BRT2REBDR006,9560000.0
2025-01-01,2025-07-01,Ações_BDRs_ETFs_Units,T2RM34,BRT2RMBDR009,6761000.0
2025-01-01,2025-07-01,Ações_BDRs_ETFs_Units,T2TD34,BRT2TDBDR004,50017000.0
2025-01-01,2025-07-01,Ações_BDRs_ETFs_Units,T2YL34,BRT2YLBDR007,3741000.0
2025-01-01,2025-07-01,Ações_BDRs_ETFs_Units,TAEE11,BRTAEECDAM10,4587000.0
2025-01-01,2025-07-01,Ações_BDRs_ETFs_Units,TAKP34,BRTAKPBDR006,884000.0
2025-01-01,2025-07-01,Ações_BDRs_ETFs_Units,TCCO34,BRTCCOBDR002,3275000.0
2025-01-01,2025-07-01,Ações_BDRs_ETFs_Units,TECK11,BRTECKCTF005,2835000.0
2025-01-01,2025-07-01,Ações_BDRs_ETFs_Units,TEND3,BRTENDACNOR4,5289000.0
2025-01-01,2025-07-01,Ações_BDRs_ETFs_Units,TEXA34,BRTEXABDR003,2638000.0
2025-01-01,2025-07-01,Ações_BDRs_ETFs_Units,TGTB34,BRTGTBBDR004,373000.0
2025-01-01,2025-07-01,Ações_BDRs_ETFs_Units,THGI34,BRTHGIBDR004,242000.0
2025-01-01,2025-07-01,Ações_BDRs_ETFs_Units,THRE34,BRTHREBDR000,1842000.0
2025-01-01,2025-07-01,Ações_BDRs_ETFs_Units,TIMS3,BRTIMSACNOR5,19023000.0
2025-01-01,2025-07-01,Ações_BDRs_ETFs_Units,TIRB11,BRTIRBCTF003,8767000.0
2025-01-01,2025-07-01,Ações_BDRs_ETFs_Units,TJXC34,BRTJXCBDR008,290000.0
2025-01-01,2025-07-01,Ações_BDRs_ETFs_Units,TMCO34,BRTMCOBDR001,3312000.0
2025-01-01,2025-07-01,Ações_BDRs_ETFs_Units,TMOS34,BRTMOSBDR007,4324000.0
2025-01-01,2025-07-01,Ações_BDRs_ETFs_Units,TOTS3,BRTOTSACNOR8,9218000.0
2025-01-01,2025-07-01,Ações_BDRs_ETFs_Units,TPRY34,BRTPRYBDR001,453000.0
2025-01-01,2025-07-01,Ações_BDRs_ETFs_Units,TRVC34,BRTRVCBDR005,4222000.0
2025-01-01,2025-07-01,Ações_BDRs_ETFs_Units,TSLA34,BRTSLABDR008,10046000.0
2025-01-01,2025-07-01,Ações_BDRs_ETFs_Units,TSMC34,BRTSMCBDR002,1400000.0
2025-01-01,2025-07-01,Ações_BDRs_ETFs_Units,TSNF34,BRTSNFBDR003,658000.0
2025-01-01,2025-07-01,Ações_BDRs_ETFs_Units,TTEN3,BRTTENACNOR0,3757000.0
2025-01-01,2025-07-01,Ações_BDRs_ETFs_Units,TUPY3,BRTUPYACNOR1,1807000.0
2025-01-01,2025-07-01,Ações_BDRs_ETFs_Units,U1AI34,BRU1AIBDR002,1738000.0
2025-01-01,2025-07-01,Ações_BDRs_ETFs_Units,U1AL34,BRU1ALBDR006,919000.0
2025-01-01,2025-07-01,Ações_BDRs_ETFs_Units,U1BE34,BRU1BEBDR009,1592000.0
2025-01-01,2025-07-01,Ações_BDRs_ETFs_Units,U1DR34,BRU1DRBDR007,890000.0
2025-01-01,2025-07-01,Ações_BDRs_ETFs_Units,U1HS34,BRU1HSBDR006,843000.0
2025-01-01,2025-07-01,Ações_BDRs_ETFs_Units,U1LT34,BRU1LTBDR006,1557000.0
2025-01-01,2025-07-01,Ações_BDRs_ETFs_Units,U1NM34,BRU1NMBDR007,465000.0
2025-01-01,2025-07-01,Ações_BDRs_ETFs_Units,U1RI34,BRU1RIBDR006,1365000.0
2025-01-01,2025-07-01,Ações_BDRs_ETFs_Units,U2PS34,BRU2PSBDR007,11343000.0
2025-01-01,2025-07-01,Ações_BDRs_ETFs_Units,U2PW34,BRU2PWBDR009,4974000.0
2025-01-01,2025-07-01,Ações_BDRs_ETFs_Units,U2ST34,BRU2STBDR009,30216000.0
2025-01-01,2025-07-01,Ações_BDRs_ETFs_Units,U2TH34,BRU2THBDR002,2507000.0
2025-01-01,2025-07-01,Ações_BDRs_ETFs_Units,UBSG34,BRUBSGBDR004,1152000.0
2025-01-01,2025-07-01,Ações_BDRs_ETFs_Units,UGPA3,BRUGPAACNOR8,16015000.0
2025-01-01,2025-07-01,Ações_BDRs_ETFs_Units,ULEV34,BRULEVBDR002,583000.0
2025-01-01,2025-07-01,Ações_BDRs_ETFs_Units,UNHH34,BRUNHHBDR000,8458000.0
2025-01-01,2025-07-01,Ações_BDRs_ETFs_Units,UPAC34,BRUPACBDR001,641000.0
2025-01-01,2025-07-01,Ações_BDRs_ETFs_Units,UPSS34,BRUPSSBDR009,5747000.0
2025-01-01,2025-07-01,Ações_BDRs_ETFs_Units,USAL11,BRUSALCTF005,14439000.0
2025-01-01,2025-07-01,Ações_BDRs_ETFs_Units,USBC34,BRUSBCBDR003,3258000.0
2025-01-01,2025-07-01,Ações_BDRs_ETFs_Units,USIM5,BRUSIMACNPA6,29886000.0
2025-01-01,2025-07-01,Ações_BDRs_ETFs_Units,USTK11,BRUSTKCTF007,12492000.0
2025-01-01,2025-07-01,Ações_BDRs_ETFs_Units,UTEC11,BRUTECCTF004,9655000.0
2025-01-01,2025-07-01,Ações_BDRs_ETFs_Units,V1IP34,BRV1IPBDR009,3531000.0
2025-01-01,2025-07-01,Ações_BDRs_ETFs_Units,V1MC34,BRV1MCBDR009,8503000.0
2025-01-01,2025-07-01,Ações_BDRs_ETFs_Units,V1NO34,BRV1NOBDR002,599000.0
2025-01-01,2025-07-01,Ações_BDRs_ETFs_Units,V1OD34,BRV1ODBDR003,6952000.0
2025-01-01,2025-07-01,Ações_BDRs_ETFs_Units,V1RS34,BRV1RSBDR004,8896000.0
2025-01-01,2025-07-01,Ações_BDRs_ETFs_Units,V1RT34,BRV1RTBDR002,4046000.0
2025-01-01,2025-07-01,Ações_BDRs_ETFs_Units,V1ST34,BRV1STBDR000,3889000.0
2025-01-01,2025-07-01,Ações_BDRs_ETFs_Units,V1TA34,BRV1TABDR008,1137000.0
2025-01-01,2025-07-01,Ações_BDRs_ETFs_Units,V2EE34,BRV2EEBDR000,3866000.0
2025-01-01,2025-07-01,Ações_BDRs_ETFs_Units,V2RN34,BRV2RNBDR003,3348000.0
2025-01-01,2025-07-01,Ações_BDRs_ETFs_Units,VALE3,BRVALEACNOR0,50152000.0
2025-01-01,2025-07-01,Ações_BDRs_ETFs_Units,VAMO3,BRVAMOACNOR7,37010000.0
2025-01-01,2025-07-01,Ações_BDRs_ETFs_Units,VBBR3,BRVBBRACNOR1,25569000.0
2025-01-01,2025-07-01,Ações_BDRs_ETFs_Units,VERZ34,BRVERZBDR008,5126000.0
2025-01-01,2025-07-01,Ações_BDRs_ETFs_Units,VFCO34,BRVFCOBDR001,6472000.0
2025-01-01,2025-07-01,Ações_BDRs_ETFs_Units,VISA34,BRVISABDR000,2087000.0
2025-01-01,2025-07-01,Ações_BDRs_ETFs_Units,VIVA3,BRVIVAACNOR0,10895000.0
2025-01-01,2025-07-01,Ações_BDRs_ETFs_Units,VIVT3,BRVIVTACNOR0,14381000.0
2025-01-01,2025-07-01,Ações_BDRs_ETFs_Units,VLID3,BRVLIDACNOR5,870000.0
2025-01-01,2025-07-01,Ações_BDRs_ETFs_Units,VLOE34,BRVLOEBDR005,514000.0
2025-01-01,2025-07-01,Ações_BDRs_ETFs_Units,VLYB34,BRVLYBBDR000,4192000.0
2025-01-01,2025-07-01,Ações_BDRs_ETFs_Units,VRSN34,BRVRSNBDR004,510000.0
2025-01-01,2025-07-01,Ações_BDRs_ETFs_Units,VRTX34,BRVRTXBDR001,322000.0
2025-01-01,2025-07-01,Ações_BDRs_ETFs_Units,VULC3,BRVULCACNOR2,1872000.0
2025-01-01,2025-07-01,Ações_BDRs_ETFs_Units,W1AB34,BRW1ABBDR005,353000.0
2025-01-01,2025-07-01,Ações_BDRs_ETFs_Units,W1BD34,BRW1BDBDR009,3366000.0
2025-01-01,2025-07-01,Ações_BDRs_ETFs_Units,W1BO34,BRW1BOBDR006,2458000.0
2025-01-01,2025-07-01,Ações_BDRs_ETFs_Units,W1DA34,BRW1DABDR001,2415000.0
2025-01-01,2025-07-01,Ações_BDRs_ETFs_Units,W1DC34,BRW1DCBDR007,589000.0
2025-01-01,2025-07-01,Ações_BDRs_ETFs_Units,W1EC34,BRW1ECBDR005,675000.0
2025-01-01,2025-07-01,Ações_BDRs_ETFs_Units,W1EL34,BRW1ELBDR006,468000.0
2025-01-01,2025-07-01,Ações_BDRs_ETFs_Units,W1HR34,BRW1HRBDR006,1561000.0
2025-01-01,2025-07-01,Ações_BDRs_ETFs_Units,W1IX34,BRW1IXBDR002,6980000.0
2025-01-01,2025-07-01,Ações_BDRs_ETFs_Units,W1LT34,BRW1LTBDR004,604000.0
2025-01-01,2025-07-01,Ações_BDRs_ETFs_Units,W1MB34,BRW1MBBDR000,598000.0
2025-01-01,2025-07-01,Ações_BDRs_ETFs_Units,W1MC34,BRW1MCBDR008,308000.0
2025-01-01,2025-07-01,Ações_BDRs_ETFs_Units,W1MG34,BRW1MGBDR009,3211000.0
2025-01-01,2025-07-01,Ações_BDRs_ETFs_Units,W1RB34,BRW1RBBDR009,5184000.0
2025-01-01,2025-07-01,Ações_BDRs_ETFs_Units,W1SO34,BRW1SOBDR000,1868000.0
2025-01-01,2025-07-01,Ações_BDRs_ETFs_Units,W1YC34,BRW1YCBDR003,1351000.0
2025-01-01,2025-07-01,Ações_BDRs_ETFs_Units,W1YN34,BRW1YNBDR000,834000.0
2025-01-01,2025-07-01,Ações_BDRs_ETFs_Units,W2EX34,BRW2EXBDR009,3959000.0
2025-01-01,2025-07-01,Ações_BDRs_ETFs_Units,W2ST34,BRW2STBDR007,5968000.0
2025-01-01,2025-07-01,Ações_BDRs_ETFs_Units,W2YF34,BRW2YFBDR004,24906000.0
2025-01-01,2025-07-01,Ações_BDRs_ETFs_Units,WABC34,BRWABCBDR007,511000.0
2025-01-01,2025-07-01,Ações_BDRs_ETFs_Units,WALM34,BRWALMBDR005,6076000.0
2025-01-01,2025-07-01,Ações_BDRs_ETFs_Units,WATC34,BRWATCBDR009,373000.0
2025-01-01,2025-07-01,Ações_BDRs_ETFs_Units,WEGE3,BRWEGEACNOR0,19536000.0
2025-01-01,2025-07-01,Ações_BDRs_ETFs_Units,WFCO34,BRWFCOBDR009,1868000.0
2025-01-01,2025-07-01,Ações_BDRs_ETFs_Units,WRLD11,BRWRLDCTF007,1658000.0
2025-01-01,2025-07-01,Ações_BDRs_ETFs_Units,WUNI34,BRWUNIBDR007,3772000.0
2025-01-01,2025-07-01,Ações_BDRs_ETFs_Units,X1EL34,BRX1ELBDR005,1021000.0
2025-01-01,2025-07-01,Ações_BDRs_ETFs_Units,X1YL34,BRX1YLBDR003,560000.0
2025-01-01,2025-07-01,Ações_BDRs_ETFs_Units,XBOV11,BRXBOVCTF005,23883000.0
2025-01-01,2025-07-01,Ações_BDRs_ETFs_Units,XINA11,BRXINACTF006,26288000.0
2025-01-01,2025-07-01,Ações_BDRs_ETFs_Units,XPBR31,BRXPBRBDR001,3316000.0
2025-01-01,2025-07-01,Ações_BDRs_ETFs_Units,XRAY34,BRXRAYBDR005,1331000.0
2025-01-01,2025-07-01,Ações_BDRs_ETFs_Units,XRXB34,BRXRXBBDR005,1984000.0
2025-01-01,2025-07-01,Ações_BDRs_ETFs_Units,Y2PF34,BRY2PFBDR000,876000.0
2025-01-01,2025-07-01,Ações_BDRs_ETFs_Units,YDRO11,BRYDROCTF007,158000.0
2025-01-01,2025-07-01,Ações_BDRs_ETFs_Units,YDUQ3,BRYDUQACNOR3,12675000.0
2025-01-01,2025-07-01,Ações_BDRs_ETFs_Units,YUMR34,BRYUMRBDR006,515000.0
2025-01-01,2025-07-01,Ações_BDRs_ETFs_Units,Z1BH34,BRZ1BHBDR007,1552000.0
2025-01-01,2025-07-01,Ações_BDRs_ETFs_Units,Z1BR34,BRZ1BRBDR006,3619000.0
2025-01-01,2025-07-01,Ações_BDRs_ETFs_Units,Z1IO34,BRZ1IOBDR008,774000.0
2025-01-01,2025-07-01,Ações_BDRs_ETFs_Units,Z1OM34,BRZ1OMBDR000,11807000.0
2025-01-01,2025-07-01,Ações_BDRs_ETFs_Units,Z1TO34,BRZ1TOBDR005,4776000.0
2025-01-01,2025-07-01,Ações_BDRs_ETFs_Units,Z1TS34,BRZ1TSBDR006,3673000.0
2025-01-01,2025-07-01,Ações_BDRs_ETFs_Units,Z2DV34,BRZ2DVBDR002,4309000.0
2025-01-01,2025-07-01,Ações_BDRs_ETFs_Units,Z2IT34,BRZ2ITBDR005,28011000.0
2025-01-01,2025-07-01,Ações_BDRs_ETFs_Units,Z2LL34,BRZ2LLBDR006,6205000.0
2025-01-01,2025-07-01,Ações_BDRs_ETFs_Units,Z2LL35,BRZ2LLBDR014,1528000.0
2025-01-01,2025-07-01,Ações_BDRs_ETFs_Units,Z2SC34,BRZ2SCBDR000,3555000.0
2025-01-01,2025-07-01,ADR,ELET3 BZ,US15234Q2075,4043000.0
2025-01-01,2025-07-01,ADR,GGBR4 BZ,US3737371050,23875000.0
2025-01-01,2025-07-01,ADR,PETR4 BZ,US71654V1017,13892000.0
2025-01-01,2025-07-01,ADR,GFSA3 BZ,US3626073015,1000.0
2025-01-01,2025-07-01,ADR,BBDC4 BZ,US0594603039,91108000.0
2025-01-01,2025-07-01,ADR,ABEV3 BZ,US02319V1035,96430000.0
2025-01-01,2025-07-01,ADR,ITUB4 BZ,US4655621062,68961000.0
2025-01-01,2025-07-01,ADR,VALE3 BZ,US91912E1055,72342000.0
2025-01-01,2025-07-01,ADR,BBDC3 BZ,US0594604029,72000.0
2025-01-01,2025-07-01,ADR,SANB11 BZ,US05967A1079,1082000.0
2025-01-01,2025-07-01,ADR,BRKM5 BZ,US1055321053,2497000.0
2025-01-01,2025-07-01,ADR,BRFS3 BZ,US10552T1079,6833000.0
2025-01-01,2025-07-01,ADR,ELET6 BZ,US15234Q1085,42000.0
2025-01-01,2025-07-01,ADR,SBSP3 BZ,US20441A1025,3468000.0
2025-01-01,2025-07-01,ADR,CMIG4 BZ,US2044096012,5175000.0
2025-01-01,2025-07-01,ADR,CPLE6 BZ,US20441B4077,731000.0
2025-01-01,2025-07-01,ADR,CSNA3 BZ,US20440W1053,7462000.0
2025-01-01,2025-07-01,ADR,EMBR3 BZ,US29082A1079,3085000.0
2025-01-01,2025-07-01,ADR,PETR3 BZ,US71654V4086,46059000.0
2025-01-01,2025-07-01,ADR,UGPA3 BZ,US90400P1012,4257000.0
2025-01-01,2025-07-01,ADR,TIMS3 BZ,US88706T1088,1763000.0
2025-01-01,2025-07-01,ADR,VIVT3 BZ,US87936R2058,2469000.0
2025-01-01,2025-07-01,DEB,ALGAA2,BRALGTDBS0G4,36800.0
2025-01-01,2025-07-01,DEB,ALGAB1,BRALGTDBS0F6,15100.0
2025-01-01,2025-07-01,DEB,ALGTA4,BRALGTDBS0K6,35000.0
2025-01-01,2025-07-01,DEB,CSAN18,BRCSANDBS0D4,62500.0
2025-01-01,2025-07-01,DEB,CSAN23,BRCSANDBS040,45100.0
2025-01-01,2025-07-01,DEB,CSAN24,BRCSANDBS073,55000.0
2025-01-01,2025-07-01,DEB,EGIEA1,BREGIEDBS0C1,54300.0
2025-01-01,2025-07-01,DEB,ELPLA7,BRELPLDBS126,40100.0
2025-01-01,2025-07-01,DEB,ENGIB9,BRENGIDBS127,57700.0
2025-01-01,2025-07-01,DEB,KLBNA2,BRKLBNDBS004,5000.0
2025-01-01,2025-07-01,DEB,LCAMC2,BRLCAMDBS0Q4,20100.0
2025-01-01,2025-07-01,DEB,TIMS12,BRTIMSDBS007,80000.0
2025-01-01,2025-07-01,DEB,SUZBA0,BRSUZBDBS077,95100.0
2025-01-01,2025-07-01,DEB,SBSPC1,BRSBSPDBS1Y7,35000.0
2025-01-01,2025-07-01,DEB,RDORD9,BRRDORDBS0K9,50000.0
2025-01-01,2025-07-01,DEB,RDORC9,BRRDORDBS0C6,75000.0
2025-01-01,2025-07-01,DEB,RDORC3,BRRDORDBS0F9,31300.0
2025-01-01,2025-07-01,DEB,RDORB9,BRRDORDBS0A0,92000.0
2025-01-01,2025-07-01,DEB,RDORB3,BRRDORDBS0E2,42500.0
2025-01-01,2025-07-01,DEB,PETR26,BRPETRDBS092,75400.0
2025-01-01,2025-07-01,DEB,TRPLA4,BRISAEDBS046,39200.0
2025-01-01,2025-07-01,DEB,TRPLB4,BRISAEDBS053,55900.0
2025-01-01,2025-07-01,DEB,LCAMC3,BRRENTDBS147,34300.0
2025-01-01,2025-07-01,DEB,LCAMD1,BRRENTDBS162,55000.0
2025-01-01,2025-07-01,DEB,LORTA7,BRRENTDBS0K7,60000.0
2025-01-01,2025-07-01,DEB,LORTB9,BRRENTDBS0N1,77500.0
2025-01-01,2025-07-01,DEB,CSANB0,BRCSANDBS0I3,36300.0
2025-01-01,2025-07-01,DEB,ENGIA6,BRENGIDBS0U2,15500.0
2025-01-01,2025-07-01,DEB,ENGIB0,BRENGIDBS150,32400.0
2025-01-01,2025-07-01,DEB,ENGIC0,BRENGIDBS168,39700.0
2025-01-01,2025-07-01,DEB,EQTL25,BREQTLDBS069,15100.0
2025-01-01,2025-07-01,DEB,LORTB2,BRRENTDBS0P6,97600.0
2025-01-01,2025-07-01,DEB,MRFGA1,BRMRFGDBS051,37500.0
2025-01-01,2025-07-01,DEB,RDORD3,BRRDORDBS0Q6,95000.0
2025-01-01,2025-07-01,DEB,RENTC8,BRRENTDBS188,93900.0
2025-01-01,2025-07-01,DEB,PALFB3,BRPALFDBS0I5,27600.0
2025-01-01,2025-07-01,DEB,RENTD1,BRRENTDBS1D0,35000.0
2025-01-01,2025-07-01,DEB,RDORC7,BRRDORDBS034,50000.0
2025-01-01,2025-07-01,DEB,RENTA5,BRRENTDBS0S0,75100.0
2025-01-01,2025-07-01,DEB,SBSPB1,BRSBSPDBS1X9,86800.0
2025-01-01,2025-07-01,DEB,KLBNA5,BRKLBNDBS087,75000.0
2025-01-01,2025-07-01,DEB,SBSPE3,BRSBSPDBS213,70000.0
2025-01-01,2025-07-01,DEB,SBSPF3,BRSBSPDBS221,65000.0
2025-01-01,2025-07-01,DEB,ALGAA1,BRALGTDBS0E9,20000.0
2025-01-01,2025-07-01,DEB,PETR16,BRPETRDBS001,45000.0
2025-01-01,2025-07-01,DEB,VALEA0,BRVALEDBS002,95900.0
2025-01-01,2025-07-01,DEB,BRMLB1,BRBRMLDBS0C6,93000.0
2025-01-01,2025-07-01,DEB,RESA14,BRRESADBS039,45100.0
2025-01-01,2025-07-01,DEB,VALEB0,BRVALEDBS0B3,90100.0
2025-01-01,2025-07-01,DEB,VALEC0,BRVALEDBS0C1,60100.0
2025-01-01,2025-07-01,DEB,EGIEB4,BREGIEDBS0N8,50000.0
2025-01-01,2025-07-01,DEB,EQTL17,BREQTLDBS0B9,75000.0
2025-01-01,2025-07-01,DEB,ENGIA1,BRENGIDBS0L1,25000.0
2025-01-01,2025-07-01,DEB,LORTA9,BRRENTDBS0M3,47500.0
2025-01-01,2025-07-01,DEB,RAIZ13,BRRAIZDBS019,43600.0
2025-01-01,2025-07-01,DEB,RDORC4,BRRDORDBS0R4,96100.0
2025-01-01,2025-07-01,DEB,RESA27,BRRESADBS088,21500.0
2025-01-01,2025-07-01,DEB,ENGIB1,BRENGIDBS184,43900.0
2025-01-01,2025-07-01,DEB,ENMTA8,BRENMTDBS0K2,23000.0
2025-01-01,2025-07-01,DEB,RDORD4,BRRDORDBS0S2,75000.0
2025-01-01,2025-07-01,DEB,PETR36,BRPETRDBS0A6,50400.0
2025-01-01,2025-07-01,DEB,ALUP18,BRALUPDBS0C9,42600.0
2025-01-01,2025-07-01,DEB,RDORE4,BRRDORDBS0T0,82600.0
2025-01-01,2025-07-01,DEB,TRPLB7,BRISAEDBS0C1,37500.0
2025-01-01,2025-07-01,DEB,RDORA5,BRRDORDBS0G7,22600.0
2025-01-01,2025-07-01,DEB,EGIE19,BREGIEDBS076,28900.0
2025-01-01,2025-07-01,DEB,RESA17,BRRESADBS070,38500.0
2025-01-01,2025-07-01,DEB,VBBR15,BRVBBRDBS037,75000.0
2025-01-01,2025-07-01,DEB,VBBR24,BRVBBRDBS029,39600.0
2025-01-01,2026-01-01,Ações_BDRs_ETFs_Units,A1AP34,BRA1APBDR001,14461000.0
2025-01-01,2026-01-01,Ações_BDRs_ETFs_Units,A1CR34,BRA1CRBDR003,868600.0
2025-01-01,2026-01-01,Ações_BDRs_ETFs_Units,A1DC34,BRA1DCBDR003,4000000.0
2025-01-01,2026-01-01,Ações_BDRs_ETFs_Units,A1DI34,BRA1DIBDR000,262000.0
2025-01-01,2026-01-01,Ações_BDRs_ETFs_Units,A1DM34,BRA1DMBDR002,619000.0
2025-01-01,2026-01-01,Ações_BDRs_ETFs_Units,A1EE34,BRA1EEBDR007,748000.0
2025-01-01,2026-01-01,Ações_BDRs_ETFs_Units,A1EG34,BRA1EGBDR002,2251000.0
2025-01-01,2026-01-01,Ações_BDRs_ETFs_Units,A1EN34,BRA1ENBDR008,561000.0
2025-01-01,2026-01-01,Ações_BDRs_ETFs_Units,A1EP34,BRA1EPBDR003,626000.0
2025-01-01,2026-01-01,Ações_BDRs_ETFs_Units,A1ES34,BRA1ESBDR007,2585000.0
2025-01-01,2026-01-01,Ações_BDRs_ETFs_Units,A1FL34,BRA1FLBDR009,332000.0
2025-01-01,2026-01-01,Ações_BDRs_ETFs_Units,A1GI34,BRA1GIBDR003,519000.0
2025-01-01,2026-01-01,Ações_BDRs_ETFs_Units,A1GN34,BRA1GNBDR003,525000.0
2025-01-01,2026-01-01,Ações_BDRs_ETFs_Units,A1HR34,BRA1HRBDR002,2138000.0
2025-01-01,2026-01-01,Ações_BDRs_ETFs_Units,A1JG34,BRA1JGBDR001,293000.0
2025-01-01,2026-01-01,Ações_BDRs_ETFs_Units,A1KA34,BRA1KABDR002,4812000.0
2025-01-01,2026-01-01,Ações_BDRs_ETFs_Units,A1LB34,BRA1LBBDR008,5862000.0
2025-01-01,2026-01-01,Ações_BDRs_ETFs_Units,A1LG34,BRA1LGBDR007,912000.0
2025-01-01,2026-01-01,Ações_BDRs_ETFs_Units,A1LK34,BRA1LKBDR009,692000.0
2025-01-01,2026-01-01,Ações_BDRs_ETFs_Units,A1LL34,BRA1LLBDR007,1228000.0
2025-01-01,2026-01-01,Ações_BDRs_ETFs_Units,A1LN34,BRA1LNBDR003,1762000.0
2025-01-01,2026-01-01,Ações_BDRs_ETFs_Units,A1MD34,BRA1MDBDR002,1533000.0
2025-01-01,2026-01-01,Ações_BDRs_ETFs_Units,A1ME34,BRA1MEBDR000,4138000.0
2025-01-01,2026-01-01,Ações_BDRs_ETFs_Units,A1MP34,BRA1MPBDR006,289000.0
2025-01-01,2026-01-01,Ações_BDRs_ETFs_Units,A1MT34,BRA1MTBDR008,1400000.0
2025-01-01,2026-01-01,Ações_BDRs_ETFs_Units,A1NE34,BRA1NEBDR008,1104000.0
2025-01-01,2026-01-01,Ações_BDRs_ETFs_Units,A1ON34,BRA1ONBDR007,428000.0
2025-01-01,2026-01-01,Ações_BDRs_ETFs_Units,A1OS34,BRA1OSBDR006,517000.0
2025-01-01,2026-01-01,Ações_BDRs_ETFs_Units,A1PA34,BRA1PABDR001,1510000.0
2025-01-01,2026-01-01,Ações_BDRs_ETFs_Units,A1PD34,BRA1PDBDR005,610000.0
2025-01-01,2026-01-01,Ações_BDRs_ETFs_Units,A1PH34,BRA1PHBDR006,535000.0
2025-01-01,2026-01-01,Ações_BDRs_ETFs_Units,A1PL34,BRA1PLBDR008,1395000.0
2025-01-01,2026-01-01,Ações_BDRs_ETFs_Units,A1PO34,BRA1POBDR002,3644000.0
2025-01-01,2026-01-01,Ações_BDRs_ETFs_Units,A1PP34,BRA1PPBDR009,1593000.0
2025-01-01,2026-01-01,Ações_BDRs_ETFs_Units,A1RE34,BRA1REBDR009,3000000.0
2025-01-01,2026-01-01,Ações_BDRs_ETFs_Units,A1RG34,BRA1RGBDR004,1051000.0
2025-01-01,2026-01-01,Ações_BDRs_ETFs_Units,A1SN34,BRA1SNBDR008,2666000.0
2025-01-01,2026-01-01,Ações_BDRs_ETFs_Units,A1SU34,BRA1SUBDR003,599000.0
2025-01-01,2026-01-01,Ações_BDRs_ETFs_Units,A1TM34,BRA1TMBDR008,429000.0
2025-01-01,2026-01-01,Ações_BDRs_ETFs_Units,A1TT34,BRA1TTBDR003,4222000.0
2025-01-01,2026-01-01,Ações_BDRs_ETFs_Units,A1UT34,BRA1UTBDR001,486000.0
2025-01-01,2026-01-01,Ações_BDRs_ETFs_Units,A1VB34,BRA1VBBDR007,797000.0
2025-01-01,2026-01-01,Ações_BDRs_ETFs_Units,A1VY34,BRA1VYBDR009,411000.0
2025-01-01,2026-01-01,Ações_BDRs_ETFs_Units,A1WK34,BRA1WKBDR006,1089000.0
2025-01-01,2026-01-01,Ações_BDRs_ETFs_Units,A1ZN34,BRA1ZNBDR003,2356000.0
2025-01-01,2026-01-01,Ações_BDRs_ETFs_Units,A2LC34,BRA2LCBDR004,4444000.0
2025-01-01,2026-01-01,Ações_BDRs_ETFs_Units,A2MB34,BRA2MBBDR004,9303000.0
2025-01-01,2026-01-01,Ações_BDRs_ETFs_Units,A2RE34,BRA2REBDR007,2334000.0
2025-01-01,2026-01-01,Ações_BDRs_ETFs_Units,A2RR34,BRA2RRBDR009,4137000.0
2025-01-01,2026-01-01,Ações_BDRs_ETFs_Units,A2RW34,BRA2RWBDR009,3845000.0
2025-01-01,2026-01-01,Ações_BDRs_ETFs_Units,A2SO34,BRA2SOBDR004,2696000.0
2025-01-01,2026-01-01,Ações_BDRs_ETFs_Units,A2XO34,BRA2XOBDR004,1105000.0
2025-01-01,2026-01-01,Ações_BDRs_ETFs_Units,A2ZT34,BRA2ZTBDR008,2842000.0
2025-01-01,2026-01-01,Ações_BDRs_ETFs_Units,AALL34,BRAALLBDR003,2314000.0
2025-01-01,2026-01-01,Ações_BDRs_ETFs_Units,AAPL34,BRAAPLBDR004,3322000.0
2025-01-01,2026-01-01,Ações_BDRs_ETFs_Units,ABBV34,BRABBVBDR001,2528000.0
2025-01-01,2026-01-01,Ações_BDRs_ETFs_Units,ABCB4,BRABCBACNPR4,1067000.0
2025-01-01,2026-01-01,Ações_BDRs_ETFs_Units,ABEV3,BRABEVACNOR1,74854000.0
2025-01-01,2026-01-01,Ações_BDRs_ETFs_Units,ABTT34,BRABTTBDR007,3493000.0
2025-01-01,2026-01-01,Ações_BDRs_ETFs_Units,ABUD34,BRABUDBDR009,3363000.0
2025-01-01,2026-01-01,Ações_BDRs_ETFs_Units,ACNB34,BRACNBBDR006,133000.0
2025-01-01,2026-01-01,Ações_BDRs_ETFs_Units,ACWI11,BRACWICTF001,12612000.0
2025-01-01,2026-01-01,Ações_BDRs_ETFs_Units,ADBE34,BRADBEBDR003,5160000.0
2025-01-01,2026-01-01,Ações_BDRs_ETFs_Units,ADPR34,BRADPRBDR005,3361000.0
2025-01-01,2026-01-01,Ações_BDRs_ETFs_Units,AIGB34,BRAIGBBDR007,416000.0
2025-01-01,2026-01-01,Ações_BDRs_ETFs_Units,AIRB34,BRAIRBBDR004,5330000.0
2025-01-01,2026-01-01,Ações_BDRs_ETFs_Units,ALOS3,BRALOSACNOR5,9395000.0
2025-01-01,2026-01-01,Ações_BDRs_ETFs_Units,ALPA4,BRALPAACNPR7,4955000.0
2025-01-01,2026-01-01,Ações_BDRs_ETFs_Units,ALUG11,BRALUGCTF000,4944000.0
2025-01-01,2026-01-01,Ações_BDRs_ETFs_Units,ALUP11,BRALUPCDAM15,1757000.0
2025-01-01,2026-01-01,Ações_BDRs_ETFs_Units,AMGN34,BRAMGNBDR004,3027000.0
2025-01-01,2026-01-01,Ações_BDRs_ETFs_Units,AMLG34,BRAMLGBDR008,431000.0
2025-01-01,2026-01-01,Ações_BDRs_ETFs_Units,AMZO34,BRAMZOBDR002,4063000.0
2025-01-01,2026-01-01,Ações_BDRs_ETFs_Units,ANIM3,BRANIMACNOR6,15753000.0
2025-01-01,2026-01-01,Ações_BDRs_ETFs_Units,APTV34,BRAPTVBDR003,938000.0
2025-01-01,2026-01-01,Ações_BDRs_ETFs_Units,AREAETF11,BRAREACTF004,145900.0
2025-01-01,2026-01-01,Ações_BDRs_ETFs_Units,ARMT34,BRARMTBDR008,1014000.0
2025-01-01,2026-01-01,Ações_BDRs_ETFs_Units,ARNC34,BRARNCBDR002,171000.0
2025-01-01,2026-01-01,Ações_BDRs_ETFs_Units,ASAI3,BRASAIACNOR0,44801000.0
2025-01-01,2026-01-01,Ações_BDRs_ETFs_Units,ASML34,BRASMLBDR003,1911000.0
2025-01-01,2026-01-01,Ações_BDRs_ETFs_Units,ATTB34,BRATTBBDR007,4460000.0
2025-01-01,2026-01-01,Ações_BDRs_ETFs_Units,AUAU3,BRAUAUACNOR1,11593000.0
2025-01-01,2026-01-01,Ações_BDRs_ETFs_Units,AUPOETF11,BRAUPOCTF005,317200.0
2025-01-01,2026-01-01,Ações_BDRs_ETFs_Units,AURA33,BRAURABDR001,1433000.0
2025-01-01,2026-01-01,Ações_BDRs_ETFs_Units,AURE3,BRAUREACNOR9,11655000.0
2025-01-01,2026-01-01,Ações_BDRs_ETFs_Units,AVGO34,BRAVGOBDR003,7997000.0
2025-01-01,2026-01-01,Ações_BDRs_ETFs_Units,AWII34,BRAWIIBDR009,154000.0
2025-01-01,2026-01-01,Ações_BDRs_ETFs_Units,AXIA3,BRAXIAACNOR0,26323000.0
2025-01-01,2026-01-01,Ações_BDRs_ETFs_Units,AXIA6,BRAXIAACNPB1,5253000.0
2025-01-01,2026-01-01,Ações_BDRs_ETFs_Units,AXIA7,BRAXIAACNPC9,7897000.0
2025-01-01,2026-01-01,Ações_BDRs_ETFs_Units,AXPB34,BRAXPBBDR007,948000.0
2025-01-01,2026-01-01,Ações_BDRs_ETFs_Units,AZOI34,BRAZOIBDR000,2291000.0
2025-01-01,2026-01-01,Ações_BDRs_ETFs_Units,AZZA3,BRAZZAACNOR9,6186000.0
2025-01-01,2026-01-01,Ações_BDRs_ETFs_Units,B1AM34,BRB1AMBDR007,3126000.0
2025-01-01,2026-01-01,Ações_BDRs_ETFs_Units,B1AX34,BRB1AXBDR004,3842000.0
2025-01-01,2026-01-01,Ações_BDRs_ETFs_Units,B1BT34,BRB1BTBDR000,844000.0
2025-01-01,2026-01-01,Ações_BDRs_ETFs_Units,B1BW34,BRB1BWBDR012,7558000.0
2025-01-01,2026-01-01,Ações_BDRs_ETFs_Units,B1CS34,BRB1CSBDR000,1424000.0
2025-01-01,2026-01-01,Ações_BDRs_ETFs_Units,B1DX34,BRB1DXBDR008,915000.0
2025-01-01,2026-01-01,Ações_BDRs_ETFs_Units,B1FC34,BRB1FCBDR007,1346000.0
2025-01-01,2026-01-01,Ações_BDRs_ETFs_Units,B1IL34,BRB1ILBDR002,5886000.0
2025-01-01,2026-01-01,Ações_BDRs_ETFs_Units,B1KR34,BRB1KRBDR005,823000.0
2025-01-01,2026-01-01,Ações_BDRs_ETFs_Units,B1LL34,BRB1LLBDR006,1516000.0
2025-01-01,2026-01-01,Ações_BDRs_ETFs_Units,B1ME34,BRB1MEBDR009,2857000.0
2025-01-01,2026-01-01,Ações_BDRs_ETFs_Units,B1MR34,BRB1MRBDR001,1182000.0
2025-01-01,2026-01-01,Ações_BDRs_ETFs_Units,B1NT34,BRB1NTBDR005,6164000.0
2025-01-01,2026-01-01,Ações_BDRs_ETFs_Units,B1PP34,BRB1PPBDR008,4176000.0
2025-01-01,2026-01-01,Ações_BDRs_ETFs_Units,B1RF34,BRB1RFBDR005,629000.0
2025-01-01,2026-01-01,Ações_BDRs_ETFs_Units,B1SX34,BRB1SXBDR006,375000.0
2025-01-01,2026-01-01,Ações_BDRs_ETFs_Units,B1TI34,BRB1TIBDR005,3189000.0
2025-01-01,2026-01-01,Ações_BDRs_ETFs_Units,B1WA34,BRB1WABDR006,824000.0
2025-01-01,2026-01-01,Ações_BDRs_ETFs_Units,B2AH34,BRB2AHBDR005,3980000.0
2025-01-01,2026-01-01,Ações_BDRs_ETFs_Units,B2AP34,BRB2APBDR008,1500000.0
2025-01-01,2026-01-01,Ações_BDRs_ETFs_Units,B2HI34,BRB2HIBDR008,117660000.0
2025-01-01,2026-01-01,Ações_BDRs_ETFs_Units,B2LN34,BRB2LNBDR000,3770000.0
2025-01-01,2026-01-01,Ações_BDRs_ETFs_Units,B2MB34,BRB2MBBDR003,8985000.0
2025-01-01,2026-01-01,Ações_BDRs_ETFs_Units,B2RK34,BRB2RKBDR003,8064000.0
2025-01-01,2026-01-01,Ações_BDRs_ETFs_Units,B2UR34,BRB2URBDR002,4043000.0
2025-01-01,2026-01-01,Ações_BDRs_ETFs_Units,B2YN34,BRB2YNBDR003,30507000.0
2025-01-01,2026-01-01,Ações_BDRs_ETFs_Units,B3BR11,BRB3BRCTF009,15027000.0
2025-01-01,2026-01-01,Ações_BDRs_ETFs_Units,B5MBETF11,BRB5MBCTF005,4032800.0
2025-01-01,2026-01-01,Ações_BDRs_ETFs_Units,B5P2ETF11,BRB5P2CTF001,14459300.0
2025-01-01,2026-01-01,Ações_BDRs_ETFs_Units,BAAX39,BRBAAXBDR009,2290000.0
2025-01-01,2026-01-01,Ações_BDRs_ETFs_Units,BABA34,BRBABABDR005,7688000.0
2025-01-01,2026-01-01,Ações_BDRs_ETFs_Units,BACW39,BRBACWBDR007,2570000.0
2025-01-01,2026-01-01,Ações_BDRs_ETFs_Units,BAER39,BRBAERBDR003,3285000.0
2025-01-01,2026-01-01,Ações_BDRs_ETFs_Units,BAIR39,BRBAIRBDR004,1697000.0
2025-01-01,2026-01-01,Ações_BDRs_ETFs_Units,BARY39,BRBARYBDR001,499000.0
2025-01-01,2026-01-01,Ações_BDRs_ETFs_Units,BBAS3,BRBBASACNOR3,68050000.0
2025-01-01,2026-01-01,Ações_BDRs_ETFs_Units,BBCN39,BRBBCNBDR004,551000.0
2025-01-01,2026-01-01,Ações_BDRs_ETFs_Units,BBDC3,BRBBDCACNOR1,15960000.0
2025-01-01,2026-01-01,Ações_BDRs_ETFs_Units,BBDC4,BRBBDCACNPR8,79382000.0
2025-01-01,2026-01-01,Ações_BDRs_ETFs_Units,BBER39,BRBBERBDR001,993000.0
2025-01-01,2026-01-01,Ações_BDRs_ETFs_Units,BBJP39,BRBBJPBDR004,2683000.0
2025-01-01,2026-01-01,Ações_BDRs_ETFs_Units,BBOV11,BRBBOVCTF001,43310000.0
2025-01-01,2026-01-01,Ações_BDRs_ETFs_Units,BBSD11,BRBBSDCTF000,5700000.0
2025-01-01,2026-01-01,Ações_BDRs_ETFs_Units,BBSE3,BRBBSEACNOR5,12430000.0
2025-01-01,2026-01-01,Ações_BDRs_ETFs_Units,BBUS39,BRBBUSBDR005,1165000.0
2025-01-01,2026-01-01,Ações_BDRs_ETFs_Units,BBYY34,BRBBYYBDR005,519000.0
2025-01-01,2026-01-01,Ações_BDRs_ETFs_Units,BCHI39,BRBCHIBDR001,4783000.0
2025-01-01,2026-01-01,Ações_BDRs_ETFs_Units,BCIR39,BRBCIRBDR000,1870000.0
2025-01-01,2026-01-01,Ações_BDRs_ETFs_Units,BCPX39,BRBCPXBDR003,4753000.0
2025-01-01,2026-01-01,Ações_BDRs_ETFs_Units,BCSA34,BRBCSABDR005,1321000.0
2025-01-01,2026-01-01,Ações_BDRs_ETFs_Units,BDEF11,BRBDEFCTF001,7754000.0
2025-01-01,2026-01-01,Ações_BDRs_ETFs_Units,BDOM11,BRBDOMCTF006,29026000.0
2025-01-01,2026-01-01,Ações_BDRs_ETFs_Units,BDVY39,BRBDVYBDR007,1698000.0
2025-01-01,2026-01-01,Ações_BDRs_ETFs_Units,BEEF3,BRBEEFACNOR6,30854000.0
2025-01-01,2026-01-01,Ações_BDRs_ETFs_Units,BEEM39,BRBEEMBDR006,3998000.0
2025-01-01,2026-01-01,Ações_BDRs_ETFs_Units,BEFA39,BRBEFABDR008,2989000.0
2025-01-01,2026-01-01,Ações_BDRs_ETFs_Units,BEFG39,BRBEFGBDR005,3150000.0
2025-01-01,2026-01-01,Ações_BDRs_ETFs_Units,BEFV39,BRBEFVBDR004,3024000.0
2025-01-01,2026-01-01,Ações_BDRs_ETFs_Units,BEGD39,BRBEGDBDR000,877000.0
2025-01-01,2026-01-01,Ações_BDRs_ETFs_Units,BEGE39,BRBEGEBDR008,838000.0
2025-01-01,2026-01-01,Ações_BDRs_ETFs_Units,BEGU39,BRBEGUBDR004,2444000.0
2025-01-01,2026-01-01,Ações_BDRs_ETFs_Units,BEMC39,BRBEMCBDR000,2597000.0
2025-01-01,2026-01-01,Ações_BDRs_ETFs_Units,BEMV39,BRBEMVBDR000,842000.0
2025-01-01,2026-01-01,Ações_BDRs_ETFs_Units,BERK34,BRBERKBDR002,1529000.0
2025-01-01,2026-01-01,Ações_BDRs_ETFs_Units,BEST11,BRBESTCTF000,11699000.0
2025-01-01,2026-01-01,Ações_BDRs_ETFs_Units,BEUF39,BRBEUFBDR006,850000.0
2025-01-01,2026-01-01,Ações_BDRs_ETFs_Units,BEWA39,BRBEWABDR003,4076000.0
2025-01-01,2026-01-01,Ações_BDRs_ETFs_Units,BEWC39,BRBEWCBDR009,2615000.0
2025-01-01,2026-01-01,Ações_BDRs_ETFs_Units,BEWG39,BRBEWGBDR000,2556000.0
2025-01-01,2026-01-01,Ações_BDRs_ETFs_Units,BEWH39,BRBEWHBDR008,4041000.0
2025-01-01,2026-01-01,Ações_BDRs_ETFs_Units,BEWJ39,BRBEWJBDR004,3560000.0
2025-01-01,2026-01-01,Ações_BDRs_ETFs_Units,BEWL39,BRBEWLBDR000,824000.0
2025-01-01,2026-01-01,Ações_BDRs_ETFs_Units,BEWT39,BRBEWTBDR003,3468000.0
2025-01-01,2026-01-01,Ações_BDRs_ETFs_Units,BEWU39,BRBEWUBDR001,2465000.0
2025-01-01,2026-01-01,Ações_BDRs_ETFs_Units,BEWW39,BRBEWWBDR007,2096000.0
2025-01-01,2026-01-01,Ações_BDRs_ETFs_Units,BEWY39,BRBEWYBDR003,3097000.0
2025-01-01,2026-01-01,Ações_BDRs_ETFs_Units,BEWZ39,BRBEWZBDR000,3419000.0
2025-01-01,2026-01-01,Ações_BDRs_ETFs_Units,BEZU39,BRBEZUBDR004,2319000.0
2025-01-01,2026-01-01,Ações_BDRs_ETFs_Units,BFAV39,BRBFAVBDR002,1396000.0
2025-01-01,2026-01-01,Ações_BDRs_ETFs_Units,BFDA39,BRBFDABDR000,2848000.0
2025-01-01,2026-01-01,Ações_BDRs_ETFs_Units,BFDL39,BRBFDLBDR007,1458000.0
2025-01-01,2026-01-01,Ações_BDRs_ETFs_Units,BFDN39,BRBFDNBDR003,4007000.0
2025-01-01,2026-01-01,Ações_BDRs_ETFs_Units,BFTS39,BRBFTSBDR008,1516000.0
2025-01-01,2026-01-01,Ações_BDRs_ETFs_Units,BFVD39,BRBFVDBDR006,1237000.0
2025-01-01,2026-01-01,Ações_BDRs_ETFs_Units,BFXI39,BRBFXIBDR001,4683000.0
2025-01-01,2026-01-01,Ações_BDRs_ETFs_Units,BGLC39,BRBGLCBDR007,615000.0
2025-01-01,2026-01-01,Ações_BDRs_ETFs_Units,BGOV39,BRBGOVBDR001,4719000.0
2025-01-01,2026-01-01,Ações_BDRs_ETFs_Units,BGRI39,BRBGRIBDR001,1767000.0
2025-01-01,2026-01-01,Ações_BDRs_ETFs_Units,BGWH39,BRBGWHBDR003,2595000.0
2025-01-01,2026-01-01,Ações_BDRs_ETFs_Units,BHDV39,BRBHDVBDR002,2433000.0
2025-01-01,2026-01-01,Ações_BDRs_ETFs_Units,BHEF39,BRBHEFBDR003,924000.0
2025-01-01,2026-01-01,Ações_BDRs_ETFs_Units,BHVN34,BRBHVNBDR001,5372000.0
2025-01-01,2026-01-01,Ações_BDRs_ETFs_Units,BIAI39,BRBIAIBDR003,644000.0
2025-01-01,2026-01-01,Ações_BDRs_ETFs_Units,BIAT39,BRBIATBDR000,594000.0
2025-01-01,2026-01-01,Ações_BDRs_ETFs_Units,BIBB39,BRBIBBBDR006,3148000.0
2025-01-01,2026-01-01,Ações_BDRs_ETFs_Units,BICL39,BRBICLBDR003,3002000.0
2025-01-01,2026-01-01,Ações_BDRs_ETFs_Units,BIDU34,BRBIDUBDR002,4129000.0
2025-01-01,2026-01-01,Ações_BDRs_ETFs_Units,BIDV39,BRBIDVBDR000,1089000.0
2025-01-01,2026-01-01,Ações_BDRs_ETFs_Units,BIEF39,BRBIEFBDR001,3216000.0
2025-01-01,2026-01-01,Ações_BDRs_ETFs_Units,BIEI39,BRBIEIBDR005,3632000.0
2025-01-01,2026-01-01,Ações_BDRs_ETFs_Units,BIEM39,BRBIEMBDR007,3241000.0
2025-01-01,2026-01-01,Ações_BDRs_ETFs_Units,BIET39,BRBIETBDR002,9708000.0
2025-01-01,2026-01-01,Ações_BDRs_ETFs_Units,BIEU39,BRBIEUBDR000,1899000.0
2025-01-01,2026-01-01,Ações_BDRs_ETFs_Units,BIGF39,BRBIGFBDR006,1331000.0
2025-01-01,2026-01-01,Ações_BDRs_ETFs_Units,BIHI39,BRBIHIBDR008,18482000.0
2025-01-01,2026-01-01,Ações_BDRs_ETFs_Units,BIIB34,BRBIIBBDR001,1235000.0
2025-01-01,2026-01-01,Ações_BDRs_ETFs_Units,BIJH39,BRBIJHBDR006,10930000.0
2025-01-01,2026-01-01,Ações_BDRs_ETFs_Units,BIJR39,BRBIJRBDR005,2351000.0
2025-01-01,2026-01-01,Ações_BDRs_ETFs_Units,BIJS39,BRBIJSBDR003,697000.0
2025-01-01,2026-01-01,Ações_BDRs_ETFs_Units,BIJT39,BRBIJTBDR001,632000.0
2025-01-01,2026-01-01,Ações_BDRs_ETFs_Units,BILB34,BRBILBBDR005,510000.0
2025-01-01,2026-01-01,Ações_BDRs_ETFs_Units,BILF39,BRBILFBDR006,2769000.0
2025-01-01,2026-01-01,Ações_BDRs_ETFs_Units,BITB39,BRBITBBDR008,3250000.0
2025-01-01,2026-01-01,Ações_BDRs_ETFs_Units,BITO39,BRBITOBDR001,2406000.0
2025-01-01,2026-01-01,Ações_BDRs_ETFs_Units,BIVB39,BRBIVBBDR004,2117000.0
2025-01-01,2026-01-01,Ações_BDRs_ETFs_Units,BIVE39,BRBIVEBDR008,2545000.0
2025-01-01,2026-01-01,Ações_BDRs_ETFs_Units,BIVW39,BRBIVWBDR000,2336000.0
2025-01-01,2026-01-01,Ações_BDRs_ETFs_Units,BIWD39,BRBIWDBDR008,3726000.0
2025-01-01,2026-01-01,Ações_BDRs_ETFs_Units,BIWF39,BRBIWFBDR003,1909000.0
2025-01-01,2026-01-01,Ações_BDRs_ETFs_Units,BIWM39,BRBIWMBDR009,2865000.0
2025-01-01,2026-01-01,Ações_BDRs_ETFs_Units,BIXJ39,BRBIXJBDR003,578000.0
2025-01-01,2026-01-01,Ações_BDRs_ETFs_Units,BIXN39,BRBIXNBDR005,2444000.0
2025-01-01,2026-01-01,Ações_BDRs_ETFs_Units,BIXU39,BRBIXUBDR000,2552000.0
2025-01-01,2026-01-01,Ações_BDRs_ETFs_Units,BIYE39,BRBIYEBDR002,1189000.0
2025-01-01,2026-01-01,Ações_BDRs_ETFs_Units,BIYF39,BRBIYFBDR009,2032000.0
2025-01-01,2026-01-01,Ações_BDRs_ETFs_Units,BIYK39,BRBIYKBDR009,1936000.0
2025-01-01,2026-01-01,Ações_BDRs_ETFs_Units,BIYP39,BRBIYPBDR008,5393000.0
2025-01-01,2026-01-01,Ações_BDRs_ETFs_Units,BIYT39,BRBIYTBDR000,3763000.0
2025-01-01,2026-01-01,Ações_BDRs_ETFs_Units,BIYW39,BRBIYWBDR004,6260000.0
2025-01-01,2026-01-01,Ações_BDRs_ETFs_Units,BIYZ39,BRBIYZBDR007,1289000.0
2025-01-01,2026-01-01,Ações_BDRs_ETFs_Units,BIZD11,BRBIZDCTF000,1175000.0
2025-01-01,2026-01-01,Ações_BDRs_ETFs_Units,BJQU39,BRBJQUBDR002,1048000.0
2025-01-01,2026-01-01,Ações_BDRs_ETFs_Units,BKNG34,BRBKNGBDR006,1173000.0
2025-01-01,2026-01-01,Ações_BDRs_ETFs_Units,BKSA39,BRBKSABDR008,1285000.0
2025-01-01,2026-01-01,Ações_BDRs_ETFs_Units,BKWB39,BRBKWBBDR008,1045000.0
2025-01-01,2026-01-01,Ações_BDRs_ETFs_Units,BKYY39,BRBKYYBDR006,702000.0
2025-01-01,2026-01-01,Ações_BDRs_ETFs_Units,BLAK34,BRBLAKBDR003,2224000.0
2025-01-01,2026-01-01,Ações_BDRs_ETFs_Units,BLFTETF11,BRBLFTCTF002,11541700.0
2025-01-01,2026-01-01,Ações_BDRs_ETFs_Units,BLPX39,BRBLPXBDR004,1109000.0
2025-01-01,2026-01-01,Ações_BDRs_ETFs_Units,BMMT11,BRBMMTCTF006,9138000.0
2025-01-01,2026-01-01,Ações_BDRs_ETFs_Units,BMOB3,BRBMOBACNOR7,1007000.0
2025-01-01,2026-01-01,Ações_BDRs_ETFs_Units,BMTU39,BRBMTUBDR000,2826000.0
2025-01-01,2026-01-01,Ações_BDRs_ETFs_Units,BMYB34,BRBMYBBDR000,666000.0
2025-01-01,2026-01-01,Ações_BDRs_ETFs_Units,BNDA39,BRBNDABDR004,2666000.0
2025-01-01,2026-01-01,Ações_BDRs_ETFs_Units,BOAC34,BRBOACBDR004,2616000.0
2025-01-01,2026-01-01,Ações_BDRs_ETFs_Units,BOEF39,BRBOEFBDR009,2171000.0
2025-01-01,2026-01-01,Ações_BDRs_ETFs_Units,BOEI34,BRBOEIBDR003,166000.0
2025-01-01,2026-01-01,Ações_BDRs_ETFs_Units,BOL5ETF11,BRBOL5CTF001,1738700.0
2025-01-01,2026-01-01,Ações_BDRs_ETFs_Units,BONY34,BRBONYBDR001,306000.0
2025-01-01,2026-01-01,Ações_BDRs_ETFs_Units,BOTZ39,BRBOTZBDR005,1241000.0
2025-01-01,2026-01-01,Ações_BDRs_ETFs_Units,BOVA11,BRBOVACTF003,23147000.0
2025-01-01,2026-01-01,Ações_BDRs_ETFs_Units,BOVB11,BRBOVBCTF001,22209000.0
2025-01-01,2026-01-01,Ações_BDRs_ETFs_Units,BOVS11,BRBOVSCTF005,29390000.0
2025-01-01,2026-01-01,Ações_BDRs_ETFs_Units,BOVV11,BRBOVVCTF009,22092000.0
2025-01-01,2026-01-01,Ações_BDRs_ETFs_Units,BOVX11,BRBOVXCTF005,221931000.0
2025-01-01,2026-01-01,Ações_BDRs_ETFs_Units,BOXP34,BRBOXPBDR008,5219000.0
2025-01-01,2026-01-01,Ações_BDRs_ETFs_Units,BPAC11,BRBPACUNT006,20480000.0
2025-01-01,2026-01-01,Ações_BDRs_ETFs_Units,BPREETF11,BRBPRECTF018,710500.0
2025-01-01,2026-01-01,Ações_BDRs_ETFs_Units,BPVE39,BRBPVEBDR003,2286000.0
2025-01-01,2026-01-01,Ações_BDRs_ETFs_Units,BQTC39,BRBQTCBDR009,807000.0
2025-01-01,2026-01-01,Ações_BDRs_ETFs_Units,BQUA39,BRBQUABDR001,2703000.0
2025-01-01,2026-01-01,Ações_BDRs_ETFs_Units,BQYL39,BRBQYLBDR000,6137000.0
2025-01-01,2026-01-01,Ações_BDRs_ETFs_Units,BRAP4,BRBRAPACNPR2,8212000.0
2025-01-01,2026-01-01,Ações_BDRs_ETFs_Units,BRAV3,BRBRAVACNOR3,21497000.0
2025-01-01,2026-01-01,Ações_BDRs_ETFs_Units,BRAX11,BRBRAXCTF002,152525000.0
2025-01-01,2026-01-01,Ações_BDRs_ETFs_Units,BRAZ11,BRBRAZCTF007,74056000.0
2025-01-01,2026-01-01,Ações_BDRs_ETFs_Units,BREW11,BRBREWCTF006,7662000.0
2025-01-01,2026-01-01,Ações_BDRs_ETFs_Units,BRKM5,BRBRKMACNPA4,9424000.0
2025-01-01,2026-01-01,Ações_BDRs_ETFs_Units,BRSR6,BRBRSRACNPB4,3173000.0
2025-01-01,2026-01-01,Ações_BDRs_ETFs_Units,BSCZ39,BRBSCZBDR002,3544000.0
2025-01-01,2026-01-01,Ações_BDRs_ETFs_Units,BSDY39,BRBSDYBDR003,2467000.0
2025-01-01,2026-01-01,Ações_BDRs_ETFs_Units,BSHV39,BRBSHVBDR000,3283000.0
2025-01-01,2026-01-01,Ações_BDRs_ETFs_Units,BSHY39,BRBSHYBDR004,3469000.0
2025-01-01,2026-01-01,Ações_BDRs_ETFs_Units,BSIL39,BRBSILBDR009,3700000.0
2025-01-01,2026-01-01,Ações_BDRs_ETFs_Units,BSOX39,BRBSOXBDR002,4732000.0
2025-01-01,2026-01-01,Ações_BDRs_ETFs_Units,BTLH39,BRBTLHBDR009,3534000.0
2025-01-01,2026-01-01,Ações_BDRs_ETFs_Units,BTLT39,BRBTLTBDR004,6223000.0
2025-01-01,2026-01-01,Ações_BDRs_ETFs_Units,BUFF39,BRBUFFBDR003,2347000.0
2025-01-01,2026-01-01,Ações_BDRs_ETFs_Units,BURA39,BRBURABDR009,4680000.0
2025-01-01,2026-01-01,Ações_BDRs_ETFs_Units,BURT39,BRBURTBDR009,2007000.0
2025-01-01,2026-01-01,Ações_BDRs_ETFs_Units,BUSM39,BRBUSMBDR002,3086000.0
2025-01-01,2026-01-01,Ações_BDRs_ETFs_Units,BVBR11,BRBVBRCTF004,283362000.0
2025-01-01,2026-01-01,Ações_BDRs_ETFs_Units,BVLU39,BRBVLUBDR008,1863000.0
2025-01-01,2026-01-01,Ações_BDRs_ETFs_Units,BXPO11,BRBXPOCTF007,13929000.0
2025-01-01,2026-01-01,Ações_BDRs_ETFs_Units,C1AB34,BRC1ABBDR009,12890000.0
2025-01-01,2026-01-01,Ações_BDRs_ETFs_Units,C1AG34,BRC1AGBDR008,2093000.0
2025-01-01,2026-01-01,Ações_BDRs_ETFs_Units,C1AH34,BRC1AHBDR006,173000.0
2025-01-01,2026-01-01,Ações_BDRs_ETFs_Units,C1BL34,BRC1BLBDR006,464000.0
2025-01-01,2026-01-01,Ações_BDRs_ETFs_Units,C1BO34,BRC1BOBDR000,285000.0
2025-01-01,2026-01-01,Ações_BDRs_ETFs_Units,C1BR34,BRC1BRBDR003,221000.0
2025-01-01,2026-01-01,Ações_BDRs_ETFs_Units,C1CI34,BRC1CIBDR000,1663000.0
2025-01-01,2026-01-01,Ações_BDRs_ETFs_Units,C1CJ34,BRC1CJBDR008,1932000.0
2025-01-01,2026-01-01,Ações_BDRs_ETFs_Units,C1CL34,BRC1CLBDR004,1132000.0
2025-01-01,2026-01-01,Ações_BDRs_ETFs_Units,C1CO34,BRC1COBDR008,211000.0
2025-01-01,2026-01-01,Ações_BDRs_ETFs_Units,C1DN34,BRC1DNBDR008,228000.0
2025-01-01,2026-01-01,Ações_BDRs_ETFs_Units,C1DP34,BRC1DPBDR003,1764000.0
2025-01-01,2026-01-01,Ações_BDRs_ETFs_Units,C1DW34,BRC1DWBDR009,5714000.0
2025-01-01,2026-01-01,Ações_BDRs_ETFs_Units,C1FG34,BRC1FGBDR007,616000.0
2025-01-01,2026-01-01,Ações_BDRs_ETFs_Units,C1FI34,BRC1FIBDR003,472000.0
2025-01-01,2026-01-01,Ações_BDRs_ETFs_Units,C1GP34,BRC1GPBDR006,54495000.0
2025-01-01,2026-01-01,Ações_BDRs_ETFs_Units,C1HK34,BRC1HKBDR005,385000.0
2025-01-01,2026-01-01,Ações_BDRs_ETFs_Units,C1HR34,BRC1HRBDR000,4381000.0
2025-01-01,2026-01-01,Ações_BDRs_ETFs_Units,C1IC34,BRC1ICBDR000,521000.0
2025-01-01,2026-01-01,Ações_BDRs_ETFs_Units,C1MA34,BRC1MABDR006,1067000.0
2025-01-01,2026-01-01,Ações_BDRs_ETFs_Units,C1MG34,BRC1MGBDR003,19380000.0
2025-01-01,2026-01-01,Ações_BDRs_ETFs_Units,C1MI34,BRC1MIBDR009,354000.0
2025-01-01,2026-01-01,Ações_BDRs_ETFs_Units,C1MS34,BRC1MSBDR008,1026000.0
2025-01-01,2026-01-01,Ações_BDRs_ETFs_Units,C1NC34,BRC1NCBDR000,900000.0
2025-01-01,2026-01-01,Ações_BDRs_ETFs_Units,C1NP34,BRC1NPBDR002,979000.0
2025-01-01,2026-01-01,Ações_BDRs_ETFs_Units,C1NS34,BRC1NSBDR006,1723000.0
2025-01-01,2026-01-01,Ações_BDRs_ETFs_Units,C1OG34,BRC1OGBDR009,1581000.0
2025-01-01,2026-01-01,Ações_BDRs_ETFs_Units,C1OO34,BRC1OOBDR003,4537000.0
2025-01-01,2026-01-01,Ações_BDRs_ETFs_Units,C1PB34,BRC1PBBDR007,1299000.0
2025-01-01,2026-01-01,Ações_BDRs_ETFs_Units,C1PR34,BRC1PRBDR003,1846000.0
2025-01-01,2026-01-01,Ações_BDRs_ETFs_Units,C1RH34,BRC1RHBDR000,1711000.0
2025-01-01,2026-01-01,Ações_BDRs_ETFs_Units,C1RR34,BRC1RRBDR009,2739000.0
2025-01-01,2026-01-01,Ações_BDRs_ETFs_Units,C1TA34,BRC1TABDR001,969000.0
2025-01-01,2026-01-01,Ações_BDRs_ETFs_Units,C1TV34,BRC1TVBDR007,2168000.0
2025-01-01,2026-01-01,Ações_BDRs_ETFs_Units,C2AC34,BRC2ACBDR005,51413000.0
2025-01-01,2026-01-01,Ações_BDRs_ETFs_Units,C2CA34,BRC2CABDR005,413000.0
2025-01-01,2026-01-01,Ações_BDRs_ETFs_Units,C2EM34,BRC2EMBDR006,3384000.0
2025-01-01,2026-01-01,Ações_BDRs_ETFs_Units,C2GN34,BRC2GNBDR009,7435000.0
2025-01-01,2026-01-01,Ações_BDRs_ETFs_Units,C2HD34,BRC2HDBDR008,5865000.0
2025-01-01,2026-01-01,Ações_BDRs_ETFs_Units,C2OU34,BRC2OUBDR008,3083000.0
2025-01-01,2026-01-01,Ações_BDRs_ETFs_Units,C2PR34,BRC2PRBDR001,2868000.0
2025-01-01,2026-01-01,Ações_BDRs_ETFs_Units,C2PT34,BRC2PTBDR007,5128000.0
2025-01-01,2026-01-01,Ações_BDRs_ETFs_Units,C2RS34,BRC2RSBDR005,5104000.0
2025-01-01,2026-01-01,Ações_BDRs_ETFs_Units,C2RW34,BRC2RWBDR007,1685000.0
2025-01-01,2026-01-01,Ações_BDRs_ETFs_Units,C2SW34,BRC2SWBDR005,2883000.0
2025-01-01,2026-01-01,Ações_BDRs_ETFs_Units,C2ZR34,BRC2ZRBDR000,14461000.0
2025-01-01,2026-01-01,Ações_BDRs_ETFs_Units,CAON34,BRCAONBDR009,306000.0
2025-01-01,2026-01-01,Ações_BDRs_ETFs_Units,CAPE11,BRCAPECTF020,40681000.0
2025-01-01,2026-01-01,Ações_BDRs_ETFs_Units,CAPH34,BRCAPHBDR008,984000.0
2025-01-01,2026-01-01,Ações_BDRs_ETFs_Units,CATP34,BRCATPBDR003,1015000.0
2025-01-01,2026-01-01,Ações_BDRs_ETFs_Units,CBAV3,BRCBAVACNOR5,16136000.0
2025-01-01,2026-01-01,Ações_BDRs_ETFs_Units,CEAB3,BRCEABACNOR1,11579000.0
2025-01-01,2026-01-01,Ações_BDRs_ETFs_Units,CHCM34,BRCHCMBDR001,10577000.0
2025-01-01,2026-01-01,Ações_BDRs_ETFs_Units,CHDC34,BRCHDCBDR000,417000.0
2025-01-01,2026-01-01,Ações_BDRs_ETFs_Units,CHIP11,BRCHIPCTF000,8152000.0
2025-01-01,2026-01-01,Ações_BDRs_ETFs_Units,CHME34,BRCHMEBDR007,526000.0
2025-01-01,2026-01-01,Ações_BDRs_ETFs_Units,CHVX34,BRCHVXBDR008,2415000.0
2025-01-01,2026-01-01,Ações_BDRs_ETFs_Units,CINF34,BRCINFBDR000,545000.0
2025-01-01,2026-01-01,Ações_BDRs_ETFs_Units,CLOV34,BRCLOVBDR009,2954000.0
2025-01-01,2026-01-01,Ações_BDRs_ETFs_Units,CLXC34,BRCLXCBDR000,1480000.0
2025-01-01,2026-01-01,Ações_BDRs_ETFs_Units,CMCS34,BRCMCSBDR008,6182000.0
2025-01-01,2026-01-01,Ações_BDRs_ETFs_Units,CMIG4,BRCMIGACNPR3,27228000.0
2025-01-01,2026-01-01,Ações_BDRs_ETFs_Units,CMIN3,BRCMINACNOR2,15225000.0
2025-01-01,2026-01-01,Ações_BDRs_ETFs_Units,CNIC34,BRCNICBDR007,8818000.0
2025-01-01,2026-01-01,Ações_BDRs_ETFs_Units,COCA34,BRCOCABDR002,3235000.0
2025-01-01,2026-01-01,Ações_BDRs_ETFs_Units,COGN3,BRCOGNACNOR2,77655000.0
2025-01-01,2026-01-01,Ações_BDRs_ETFs_Units,COLD34,BRCOLDBDR007,8818000.0
2025-01-01,2026-01-01,Ações_BDRs_ETFs_Units,COLG34,BRCOLGBDR000,3167000.0
2025-01-01,2026-01-01,Ações_BDRs_ETFs_Units,COPH34,BRCOPHBDR009,4667000.0
2025-01-01,2026-01-01,Ações_BDRs_ETFs_Units,COTY34,BRCOTYBDR006,7238000.0
2025-01-01,2026-01-01,Ações_BDRs_ETFs_Units,COWC34,BRCOWCBDR006,1701000.0
2025-01-01,2026-01-01,Ações_BDRs_ETFs_Units,CPAY34,BRCPAYBDR003,524000.0
2025-01-01,2026-01-01,Ações_BDRs_ETFs_Units,CPFE3,BRCPFEACNOR0,4441000.0
2025-01-01,2026-01-01,Ações_BDRs_ETFs_Units,CPLE3,BRCPLEACNOR8,29701200.0
2025-01-01,2026-01-01,Ações_BDRs_ETFs_Units,CPRL34,BRCPRLBDR004,1962000.0
2025-01-01,2026-01-01,Ações_BDRs_ETFs_Units,CRDA34,BRCRDABDR003,576000.0
2025-01-01,2026-01-01,Ações_BDRs_ETFs_Units,CRIN34,BRCRINBDR005,1083000.0
2025-01-01,2026-01-01,Ações_BDRs_ETFs_Units,CRIP34,BRCRIPBDR000,497000.0
2025-01-01,2026-01-01,Ações_BDRs_ETFs_Units,CSAN3,BRCSANACNOR6,85007000.0
2025-01-01,2026-01-01,Ações_BDRs_ETFs_Units,CSCO34,BRCSCOBDR004,2334000.0
2025-01-01,2026-01-01,Ações_BDRs_ETFs_Units,CSMG3,BRCSMGACNOR5,5731000.0
2025-01-01,2026-01-01,Ações_BDRs_ETFs_Units,CSNA3,BRCSNAACNOR6,21801000.0
2025-01-01,2026-01-01,Ações_BDRs_ETFs_Units,CSXC34,BRCSXCBDR005,1966000.0
2025-01-01,2026-01-01,Ações_BDRs_ETFs_Units,CTGP34,BRCTGPBDR000,1830000.0
2025-01-01,2026-01-01,Ações_BDRs_ETFs_Units,CTSH34,BRCTSHBDR002,423000.0
2025-01-01,2026-01-01,Ações_BDRs_ETFs_Units,CURY3,BRCURYACNOR3,6035000.0
2025-01-01,2026-01-01,Ações_BDRs_ETFs_Units,CVCB3,BRCVCBACNOR1,28331000.0
2025-01-01,2026-01-01,Ações_BDRs_ETFs_Units,CVSH34,BRCVSHBDR008,4644000.0
2025-01-01,2026-01-01,Ações_BDRs_ETFs_Units,CXSE3,BRCXSEACNOR7,10616000.0
2025-01-01,2026-01-01,Ações_BDRs_ETFs_Units,CYRE3,BRCYREACNOR7,13175000.0
2025-01-01,2026-01-01,Ações_BDRs_ETFs_Units,D1DG34,BRD1DGBDR001,2564000.0
2025-01-01,2026-01-01,Ações_BDRs_ETFs_Units,D1EL34,BRD1ELBDR009,284000.0
2025-01-01,2026-01-01,Ações_BDRs_ETFs_Units,D1EX34,BRD1EXBDR004,26455000.0
2025-01-01,2026-01-01,Ações_BDRs_ETFs_Units,D1HI34,BRD1HIBDR008,238000.0
2025-01-01,2026-01-01,Ações_BDRs_ETFs_Units,D1LR34,BRD1LRBDR001,931000.0
2025-01-01,2026-01-01,Ações_BDRs_ETFs_Units,D1OC34,BRD1OCBDR007,10157000.0
2025-01-01,2026-01-01,Ações_BDRs_ETFs_Units,D1OM34,BRD1OMBDR006,1268000.0
2025-01-01,2026-01-01,Ações_BDRs_ETFs_Units,D1OV34,BRD1OVBDR007,395000.0
2025-01-01,2026-01-01,Ações_BDRs_ETFs_Units,D1OW34,BRD1OWBDR005,6307000.0
2025-01-01,2026-01-01,Ações_BDRs_ETFs_Units,D1RI34,BRD1RIBDR007,818000.0
2025-01-01,2026-01-01,Ações_BDRs_ETFs_Units,D1TE34,BRD1TEBDR002,1135000.0
2025-01-01,2026-01-01,Ações_BDRs_ETFs_Units,D1VN34,BRD1VNBDR009,986000.0
2025-01-01,2026-01-01,Ações_BDRs_ETFs_Units,D1XC34,BRD1XCBDR008,858000.0
2025-01-01,2026-01-01,Ações_BDRs_ETFs_Units,D2AR34,BRD2ARBDR002,8382000.0
2025-01-01,2026-01-01,Ações_BDRs_ETFs_Units,D2AS34,BRD2ASBDR000,2340000.0
2025-01-01,2026-01-01,Ações_BDRs_ETFs_Units,D2KN34,BRD2KNBDR000,6140000.0
2025-01-01,2026-01-01,Ações_BDRs_ETFs_Units,D2KS34,BRD2KSBDR009,1670000.0
2025-01-01,2026-01-01,Ações_BDRs_ETFs_Units,D2NL34,BRD2NLBDR008,3388000.0
2025-01-01,2026-01-01,Ações_BDRs_ETFs_Units,D2OC34,BRD2OCBDR005,4939000.0
2025-01-01,2026-01-01,Ações_BDRs_ETFs_Units,D2OX34,BRD2OXBDR001,4032000.0
2025-01-01,2026-01-01,Ações_BDRs_ETFs_Units,D2PZ34,BRD2PZBDR003,4233000.0
2025-01-01,2026-01-01,Ações_BDRs_ETFs_Units,D2TC34,BRD2TCBDR004,6568000.0
2025-01-01,2026-01-01,Ações_BDRs_ETFs_Units,DBAG34,BRDBAGBDR008,920000.0
2025-01-01,2026-01-01,Ações_BDRs_ETFs_Units,DDNB34,BRDDNBBDR008,875000.0
2025-01-01,2026-01-01,Ações_BDRs_ETFs_Units,DEAI34,BRDEAIBDR008,511000.0
2025-01-01,2026-01-01,Ações_BDRs_ETFs_Units,DEEC34,BRDEECBDR003,2326000.0
2025-01-01,2026-01-01,Ações_BDRs_ETFs_Units,DEOP34,BRDEOPBDR004,7597000.0
2025-01-01,2026-01-01,Ações_BDRs_ETFs_Units,DGCO34,BRDGCOBDR007,6475000.0
2025-01-01,2026-01-01,Ações_BDRs_ETFs_Units,DHER34,BRDHERBDR004,4410000.0
2025-01-01,2026-01-01,Ações_BDRs_ETFs_Units,DIRR3,BRDIRRACNOR0,12919000.0
2025-01-01,2026-01-01,Ações_BDRs_ETFs_Units,DISB34,BRDISBBDR006,4832000.0
2025-01-01,2026-01-01,Ações_BDRs_ETFs_Units,DLTR34,BRDLTRBDR004,745000.0
2025-01-01,2026-01-01,Ações_BDRs_ETFs_Units,DOLL39,BRDOLLBDR008,3591000.0
2025-01-01,2026-01-01,Ações_BDRs_ETFs_Units,DUKB34,BRDUKBBDR008,309000.0
2025-01-01,2026-01-01,Ações_BDRs_ETFs_Units,DUOL34,BRDUOLBDR009,6436000.0
2025-01-01,2026-01-01,Ações_BDRs_ETFs_Units,DVAI34,BRDVAIBDR002,307000.0
2025-01-01,2026-01-01,Ações_BDRs_ETFs_Units,DXCO3,BRDXCOACNOR8,5358000.0
2025-01-01,2026-01-01,Ações_BDRs_ETFs_Units,E1CL34,BRE1CLBDR002,536000.0
2025-01-01,2026-01-01,Ações_BDRs_ETFs_Units,E1CO34,BRE1COBDR006,1874000.0
2025-01-01,2026-01-01,Ações_BDRs_ETFs_Units,E1DI34,BRE1DIBDR006,770000.0
2025-01-01,2026-01-01,Ações_BDRs_ETFs_Units,E1DU34,BRE1DUBDR001,5831000.0
2025-01-01,2026-01-01,Ações_BDRs_ETFs_Units,E1IX34,BRE1IXBDR004,1205000.0
2025-01-01,2026-01-01,Ações_BDRs_ETFs_Units,E1LV34,BRE1LVBDR002,525000.0
2025-01-01,2026-01-01,Ações_BDRs_ETFs_Units,E1MN34,BRE1MNBDR007,1233000.0
2025-01-01,2026-01-01,Ações_BDRs_ETFs_Units,E1MR34,BRE1MRBDR008,268000.0
2025-01-01,2026-01-01,Ações_BDRs_ETFs_Units,E1OG34,BRE1OGBDR007,704000.0
2025-01-01,2026-01-01,Ações_BDRs_ETFs_Units,E1QN34,BRE1QNBDR008,3136000.0
2025-01-01,2026-01-01,Ações_BDRs_ETFs_Units,E1QR34,BRE1QRBDR009,1167000.0
2025-01-01,2026-01-01,Ações_BDRs_ETFs_Units,E1RI34,BRE1RIBDR006,7407000.0
2025-01-01,2026-01-01,Ações_BDRs_ETFs_Units,E1SE34,BRE1SEBDR003,1027000.0
2025-01-01,2026-01-01,Ações_BDRs_ETFs_Units,E1SS34,BRE1SSBDR003,1393000.0
2025-01-01,2026-01-01,Ações_BDRs_ETFs_Units,E1TN34,BRE1TNBDR002,1564000.0
2025-01-01,2026-01-01,Ações_BDRs_ETFs_Units,E1TR34,BRE1TRBDR003,801000.0
2025-01-01,2026-01-01,Ações_BDRs_ETFs_Units,E1VE34,BRE1VEBDR007,392000.0
2025-01-01,2026-01-01,Ações_BDRs_ETFs_Units,E1VR34,BRE1VRBDR009,993000.0
2025-01-01,2026-01-01,Ações_BDRs_ETFs_Units,E1WL34,BRE1WLBDR000,1678000.0
2025-01-01,2026-01-01,Ações_BDRs_ETFs_Units,E1XC34,BRE1XCBDR007,828000.0
2025-01-01,2026-01-01,Ações_BDRs_ETFs_Units,E1XP34,BRE1XPBDR009,628000.0
2025-01-01,2026-01-01,Ações_BDRs_ETFs_Units,E1XR34,BRE1XRBDR005,1106000.0
2025-01-01,2026-01-01,Ações_BDRs_ETFs_Units,E2AG34,BRE2AGBDR004,2590000.0
2025-01-01,2026-01-01,Ações_BDRs_ETFs_Units,E2EF34,BRE2EFBDR008,62080000.0
2025-01-01,2026-01-01,Ações_BDRs_ETFs_Units,E2LS34,BRE2LSBDR006,5979000.0
2025-01-01,2026-01-01,Ações_BDRs_ETFs_Units,E2NO34,BRE2NOBDR001,1721000.0
2025-01-01,2026-01-01,Ações_BDRs_ETFs_Units,E2NP34,BRE2NPBDR008,28296000.0
2025-01-01,2026-01-01,Ações_BDRs_ETFs_Units,E2NT34,BRE2NTBDR000,7601000.0
2025-01-01,2026-01-01,Ações_BDRs_ETFs_Units,E2PA34,BRE2PABDR005,10678000.0
2025-01-01,2026-01-01,Ações_BDRs_ETFs_Units,E2ST34,BRE2STBDR009,5683000.0
2025-01-01,2026-01-01,Ações_BDRs_ETFs_Units,E2TS34,BRE2TSBDR009,10025000.0
2025-01-01,2026-01-01,Ações_BDRs_ETFs_Units,E2XA34,BRE2XABDR009,5386000.0
2025-01-01,2026-01-01,Ações_BDRs_ETFs_Units,E2XE34,BRE2XEBDR001,1665000.0
2025-01-01,2026-01-01,Ações_BDRs_ETFs_Units,EAIN34,BREAINBDR007,351000.0
2025-01-01,2026-01-01,Ações_BDRs_ETFs_Units,EBAY34,BREBAYBDR009,879000.0
2025-01-01,2026-01-01,Ações_BDRs_ETFs_Units,ECOR3,BRECORACNOR8,11864000.0
2025-01-01,2026-01-01,Ações_BDRs_ETFs_Units,EFXB31,BREFXBBDR000,209000.0
2025-01-01,2026-01-01,Ações_BDRs_ETFs_Units,EGIE3,BREGIEACNOR9,3716000.0
2025-01-01,2026-01-01,Ações_BDRs_ETFs_Units,ELAS11,BRELASCTF009,92314000.0
2025-01-01,2026-01-01,Ações_BDRs_ETFs_Units,ELCI34,BRELCIBDR007,8016000.0
2025-01-01,2026-01-01,Ações_BDRs_ETFs_Units,EMBJ3,BREMBJACNOR1,12753000.0
2025-01-01,2026-01-01,Ações_BDRs_ETFs_Units,ENEV3,BRENEVACNOR8,21947000.0
2025-01-01,2026-01-01,Ações_BDRs_ETFs_Units,ENGI11,BRENGICDAM16,6744000.0
2025-01-01,2026-01-01,Ações_BDRs_ETFs_Units,EQIX34,BREQIXBDR002,3808000.0
2025-01-01,2026-01-01,Ações_BDRs_ETFs_Units,EQTL3,BREQTLACNOR0,19021000.0
2025-01-01,2026-01-01,Ações_BDRs_ETFs_Units,EVTC31,BREVTCBDR003,216000.0
2025-01-01,2026-01-01,Ações_BDRs_ETFs_Units,EWBZ11,BREWBZCTF009,40967000.0
2025-01-01,2026-01-01,Ações_BDRs_ETFs_Units,EXGR34,BREXGRBDR004,260000.0
2025-01-01,2026-01-01,Ações_BDRs_ETFs_Units,EXPB31,BREXPBBDR009,821000.0
2025-01-01,2026-01-01,Ações_BDRs_ETFs_Units,EXXO34,BREXXOBDR006,2457000.0
2025-01-01,2026-01-01,Ações_BDRs_ETFs_Units,EZTC3,BREZTCACNOR0,3829000.0
2025-01-01,2026-01-01,Ações_BDRs_ETFs_Units,F1AN34,BRF1ANBDR001,475000.0
2025-01-01,2026-01-01,Ações_BDRs_ETFs_Units,F1BH34,BRF1BHBDR001,680000.0
2025-01-01,2026-01-01,Ações_BDRs_ETFs_Units,F1EC34,BRF1ECBDR006,812000.0
2025-01-01,2026-01-01,Ações_BDRs_ETFs_Units,F1FI34,BRF1FIBDR000,638000.0
2025-01-01,2026-01-01,Ações_BDRs_ETFs_Units,F1IS34,BRF1ISBDR003,1066000.0
2025-01-01,2026-01-01,Ações_BDRs_ETFs_Units,F1LS34,BRF1LSBDR007,655000.0
2025-01-01,2026-01-01,Ações_BDRs_ETFs_Units,F1MC34,BRF1MCBDR009,5153000.0
2025-01-01,2026-01-01,Ações_BDRs_ETFs_Units,F1NI34,BRF1NIBDR004,8620000.0
2025-01-01,2026-01-01,Ações_BDRs_ETFs_Units,F1RA34,BRF1RABDR002,1476000.0
2025-01-01,2026-01-01,Ações_BDRs_ETFs_Units,F1SL34,BRF1SLBDR007,13986000.0
2025-01-01,2026-01-01,Ações_BDRs_ETFs_Units,F1TN34,BRF1TNBDR001,882000.0
2025-01-01,2026-01-01,Ações_BDRs_ETFs_Units,F1TV34,BRF1TVBDR004,1559000.0
2025-01-01,2026-01-01,Ações_BDRs_ETFs_Units,F1UN34,BRF1UNBDR009,12383000.0
2025-01-01,2026-01-01,Ações_BDRs_ETFs_Units,F2IC34,BRF2ICBDR005,947000.0
2025-01-01,2026-01-01,Ações_BDRs_ETFs_Units,F2IV34,BRF2IVBDR005,15227000.0
2025-01-01,2026-01-01,Ações_BDRs_ETFs_Units,F2NV34,BRF2NVBDR005,29456000.0
2025-01-01,2026-01-01,Ações_BDRs_ETFs_Units,F2RS34,BRF2RSBDR002,5325000.0
2025-01-01,2026-01-01,Ações_BDRs_ETFs_Units,F2RT34,BRF2RTBDR000,3792000.0
2025-01-01,2026-01-01,Ações_BDRs_ETFs_Units,F2VR34,BRF2VRBDR006,7185000.0
2025-01-01,2026-01-01,Ações_BDRs_ETFs_Units,FASL34,BRFASLBDR007,901000.0
2025-01-01,2026-01-01,Ações_BDRs_ETFs_Units,FCXO34,BRFCXOBDR007,2091000.0
2025-01-01,2026-01-01,Ações_BDRs_ETFs_Units,FDMO34,BRFDMOBDR008,2706000.0
2025-01-01,2026-01-01,Ações_BDRs_ETFs_Units,FDXB34,BRFDXBBDR002,123000.0
2025-01-01,2026-01-01,Ações_BDRs_ETFs_Units,FFTD34,BRFFTDBDR001,874000.0
2025-01-01,2026-01-01,Ações_BDRs_ETFs_Units,FLRY3,BRFLRYACNOR5,8788000.0
2025-01-01,2026-01-01,Ações_BDRs_ETFs_Units,FMXB34,BRFMXBBDR003,226000.0
2025-01-01,2026-01-01,Ações_BDRs_ETFs_Units,FOXC34,BRFOXCBDR007,520000.0
2025-01-01,2026-01-01,Ações_BDRs_ETFs_Units,FSLR34,BRFSLRBDR001,270000.0
2025-01-01,2026-01-01,Ações_BDRs_ETFs_Units,G1AR34,BRG1ARBDR001,579000.0
2025-01-01,2026-01-01,Ações_BDRs_ETFs_Units,G1DS34,BRG1DSBDR003,8638000.0
2025-01-01,2026-01-01,Ações_BDRs_ETFs_Units,G1FI34,BRG1FIBDR009,1621000.0
2025-01-01,2026-01-01,Ações_BDRs_ETFs_Units,G1LL34,BRG1LLBDR001,5347000.0
2025-01-01,2026-01-01,Ações_BDRs_ETFs_Units,G1LO34,BRG1LOBDR005,10695000.0
2025-01-01,2026-01-01,Ações_BDRs_ETFs_Units,G1LW34,BRG1LWBDR008,403000.0
2025-01-01,2026-01-01,Ações_BDRs_ETFs_Units,G1MI34,BRG1MIBDR005,770000.0
2025-01-01,2026-01-01,Ações_BDRs_ETFs_Units,G1PC34,BRG1PCBDR001,589000.0
2025-01-01,2026-01-01,Ações_BDRs_ETFs_Units,G1PI34,BRG1PIBDR008,1755000.0
2025-01-01,2026-01-01,Ações_BDRs_ETFs_Units,G1RM34,BRG1RMBDR006,379000.0
2025-01-01,2026-01-01,Ações_BDRs_ETFs_Units,G1SK34,BRG1SKBDR008,3683000.0
2025-01-01,2026-01-01,Ações_BDRs_ETFs_Units,G1WW34,BRG1WWBDR005,1439000.0
2025-01-01,2026-01-01,Ações_BDRs_ETFs_Units,G2DD34,BRG2DDBDR003,2874000.0
2025-01-01,2026-01-01,Ações_BDRs_ETFs_Units,G2EV34,BRG2EVBDR003,1094000.0
2025-01-01,2026-01-01,Ações_BDRs_ETFs_Units,G2ME34,BRG2MEBDR002,3195000.0
2025-01-01,2026-01-01,Ações_BDRs_ETFs_Units,G2NT34,BRG2NTBDR008,4643000.0
2025-01-01,2026-01-01,Ações_BDRs_ETFs_Units,G2WR34,BRG2WRBDR003,2114000.0
2025-01-01,2026-01-01,Ações_BDRs_ETFs_Units,GDBR34,BRGDBRBDR002,108000.0
2025-01-01,2026-01-01,Ações_BDRs_ETFs_Units,GDXB39,BRGDXBBDR000,1205000.0
2025-01-01,2026-01-01,Ações_BDRs_ETFs_Units,GEHC34,BRGEHCBDR009,3999000.0
2025-01-01,2026-01-01,Ações_BDRs_ETFs_Units,GENB11,BRGENBCTF008,87020000.0
2025-01-01,2026-01-01,Ações_BDRs_ETFs_Units,GEOO34,BRGEOOBDR000,110000.0
2025-01-01,2026-01-01,Ações_BDRs_ETFs_Units,GGBR4,BRGGBRACNPR8,27235000.0
2025-01-01,2026-01-01,Ações_BDRs_ETFs_Units,GGPS3,BRGGPSACNOR9,6324000.0
2025-01-01,2026-01-01,Ações_BDRs_ETFs_Units,GILD34,BRGILDBDR000,571000.0
2025-01-01,2026-01-01,Ações_BDRs_ETFs_Units,GLDI11,BRGLDICTF009,21020000.0
2025-01-01,2026-01-01,Ações_BDRs_ETFs_Units,GLDX11,BRGLDXCTF016,836000.0
2025-01-01,2026-01-01,Ações_BDRs_ETFs_Units,GLFTETF11,BRGLFTCTF001,145200.0
2025-01-01,2026-01-01,Ações_BDRs_ETFs_Units,GMAT3,BRGMATACNOR7,13895000.0
2025-01-01,2026-01-01,Ações_BDRs_ETFs_Units,GMCO34,BRGMCOBDR008,1748000.0
2025-01-01,2026-01-01,Ações_BDRs_ETFs_Units,GOAT11,BRGOATCTF006,2851000.0
2025-01-01,2026-01-01,Ações_BDRs_ETFs_Units,GOAU4,BRGOAUACNPR8,16164000.0
2025-01-01,2026-01-01,Ações_BDRs_ETFs_Units,GOGL34,BRGOGLBDR001,1878000.0
2025-01-01,2026-01-01,Ações_BDRs_ETFs_Units,GOGL35,BRGOGLBDR019,1386000.0
2025-01-01,2026-01-01,Ações_BDRs_ETFs_Units,GOLB11,BRGOLBCTF001,5260000.0
2025-01-01,2026-01-01,Ações_BDRs_ETFs_Units,GOLD11,BRGOLDCTF015,17388000.0
2025-01-01,2026-01-01,Ações_BDRs_ETFs_Units,GOLX11,BRGOLXCTF005,110000.0
2025-01-01,2026-01-01,Ações_BDRs_ETFs_Units,GPSI34,BRGPSIBDR009,1314000.0
2025-01-01,2026-01-01,Ações_BDRs_ETFs_Units,GPUS11,BRGPUSCTF003,290000.0
2025-01-01,2026-01-01,Ações_BDRs_ETFs_Units,GRND3,BRGRNDACNOR3,6472000.0
2025-01-01,2026-01-01,Ações_BDRs_ETFs_Units,GSGI34,BRGSGIBDR008,1208000.0
2025-01-01,2026-01-01,Ações_BDRs_ETFs_Units,GUAR3,BRGUARACNOR4,3193000.0
2025-01-01,2026-01-01,Ações_BDRs_ETFs_Units,GXUS11,BRGXUSCTF007,1889000.0
2025-01-01,2026-01-01,Ações_BDRs_ETFs_Units,H1AS34,BRH1ASBDR008,914000.0
2025-01-01,2026-01-01,Ações_BDRs_ETFs_Units,H1BA34,BRH1BABDR004,2183000.0
2025-01-01,2026-01-01,Ações_BDRs_ETFs_Units,H1CA34,BRH1CABDR002,1509000.0
2025-01-01,2026-01-01,Ações_BDRs_ETFs_Units,H1DB34,BRH1DBBDR008,4982000.0
2025-01-01,2026-01-01,Ações_BDRs_ETFs_Units,H1EI34,BRH1EIBDR001,1066000.0
2025-01-01,2026-01-01,Ações_BDRs_ETFs_Units,H1FC34,BRH1FCBDR001,697000.0
2025-01-01,2026-01-01,Ações_BDRs_ETFs_Units,H1HH34,BRH1HHBDR006,1372000.0
2025-01-01,2026-01-01,Ações_BDRs_ETFs_Units,H1IG34,BRH1IGBDR006,394000.0
2025-01-01,2026-01-01,Ações_BDRs_ETFs_Units,H1II34,BRH1IIBDR002,7733000.0
2025-01-01,2026-01-01,Ações_BDRs_ETFs_Units,H1LT34,BRH1LTBDR003,2965000.0
2025-01-01,2026-01-01,Ações_BDRs_ETFs_Units,H1OG34,BRH1OGBDR004,1121000.0
2025-01-01,2026-01-01,Ações_BDRs_ETFs_Units,H1PE34,BRH1PEBDR006,1446000.0
2025-01-01,2026-01-01,Ações_BDRs_ETFs_Units,H1RB34,BRH1RBBDR008,688000.0
2025-01-01,2026-01-01,Ações_BDRs_ETFs_Units,H1RL34,BRH1RLBDR007,1546000.0
2025-01-01,2026-01-01,Ações_BDRs_ETFs_Units,H1SB34,BRH1SBBDR006,1828000.0
2025-01-01,2026-01-01,Ações_BDRs_ETFs_Units,H1SI34,BRH1SIBDR001,1048000.0
2025-01-01,2026-01-01,Ações_BDRs_ETFs_Units,H1ST34,BRH1STBDR008,1910000.0
2025-01-01,2026-01-01,Ações_BDRs_ETFs_Units,H1TH34,BRH1THBDR001,2624000.0
2025-01-01,2026-01-01,Ações_BDRs_ETFs_Units,H1UM34,BRH1UMBDR009,6228000.0
2025-01-01,2026-01-01,Ações_BDRs_ETFs_Units,H2TA34,BRH2TABDR004,7023000.0
2025-01-01,2026-01-01,Ações_BDRs_ETFs_Units,H2UB34,BRH2UBBDR000,5105000.0
2025-01-01,2026-01-01,Ações_BDRs_ETFs_Units,HALI34,BRHALIBDR004,1285000.0
2025-01-01,2026-01-01,Ações_BDRs_ETFs_Units,HAPV3,BRHAPVACNOR4,12311000.0
2025-01-01,2026-01-01,Ações_BDRs_ETFs_Units,HBSA3,BRHBSAACNOR0,7228000.0
2025-01-01,2026-01-01,Ações_BDRs_ETFs_Units,HIGH11,BRHIGHCTF008,11582000.0
2025-01-01,2026-01-01,Ações_BDRs_ETFs_Units,HOME34,BRHOMEBDR002,2936000.0
2025-01-01,2026-01-01,Ações_BDRs_ETFs_Units,HONB34,BRHONBBDR006,185000.0
2025-01-01,2026-01-01,Ações_BDRs_ETFs_Units,HOND34,BRHONDBDR002,453000.0
2025-01-01,2026-01-01,Ações_BDRs_ETFs_Units,HPQB34,BRHPQBBDR006,1579000.0
2025-01-01,2026-01-01,Ações_BDRs_ETFs_Units,HSHY34,BRHSHYBDR001,982000.0
2025-01-01,2026-01-01,Ações_BDRs_ETFs_Units,HTEK11,BRHTEKCTF004,2572000.0
2025-01-01,2026-01-01,Ações_BDRs_ETFs_Units,HYPE3,BRHYPEACNOR0,6326000.0
2025-01-01,2026-01-01,Ações_BDRs_ETFs_Units,I1AC34,BRI1ACBDR001,9898000.0
2025-01-01,2026-01-01,Ações_BDRs_ETFs_Units,I1BN34,BRI1BNBDR006,1210000.0
2025-01-01,2026-01-01,Ações_BDRs_ETFs_Units,I1CE34,BRI1CEBDR003,445000.0
2025-01-01,2026-01-01,Ações_BDRs_ETFs_Units,I1DX34,BRI1DXBDR001,264000.0
2025-01-01,2026-01-01,Ações_BDRs_ETFs_Units,I1EX34,BRI1EXBDR009,3996000.0
2025-01-01,2026-01-01,Ações_BDRs_ETFs_Units,I1FF34,BRI1FFBDR003,1087000.0
2025-01-01,2026-01-01,Ações_BDRs_ETFs_Units,I1FO34,BRI1FOBDR005,3903000.0
2025-01-01,2026-01-01,Ações_BDRs_ETFs_Units,I1HG34,BRI1HGBDR007,427000.0
2025-01-01,2026-01-01,Ações_BDRs_ETFs_Units,I1LM34,BRI1LMBDR007,1346000.0
2025-01-01,2026-01-01,Ações_BDRs_ETFs_Units,I1NC34,BRI1NCBDR004,713000.0
2025-01-01,2026-01-01,Ações_BDRs_ETFs_Units,I1PC34,BRI1PCBDR009,938000.0
2025-01-01,2026-01-01,Ações_BDRs_ETFs_Units,I1PG34,BRI1PGBDR000,236000.0
2025-01-01,2026-01-01,Ações_BDRs_ETFs_Units,I1QV34,BRI1QVBDR007,652000.0
2025-01-01,2026-01-01,Ações_BDRs_ETFs_Units,I1QY34,BRI1QYBDR001,12828000.0
2025-01-01,2026-01-01,Ações_BDRs_ETFs_Units,I1RM34,BRI1RMBDR004,452000.0
2025-01-01,2026-01-01,Ações_BDRs_ETFs_Units,I1RP34,BRI1RPBDR007,183000.0
2025-01-01,2026-01-01,Ações_BDRs_ETFs_Units,I1SR34,BRI1SRBDR001,1251000.0
2025-01-01,2026-01-01,Ações_BDRs_ETFs_Units,I1TW34,BRI1TWBDR009,569000.0
2025-01-01,2026-01-01,Ações_BDRs_ETFs_Units,I1VZ34,BRI1VZBDR008,1329000.0
2025-01-01,2026-01-01,Ações_BDRs_ETFs_Units,I2ND34,BRI2NDBDR000,1323000.0
2025-01-01,2026-01-01,Ações_BDRs_ETFs_Units,I2NG34,BRI2NGBDR003,2635000.0
2025-01-01,2026-01-01,Ações_BDRs_ETFs_Units,I2NV34,BRI2NVBDR002,6752000.0
2025-01-01,2026-01-01,Ações_BDRs_ETFs_Units,I2RS34,BRI2RSBDR009,2773000.0
2025-01-01,2026-01-01,Ações_BDRs_ETFs_Units,IB5METF11,BRIB5MCTF008,2791800.0
2025-01-01,2026-01-01,Ações_BDRs_ETFs_Units,IBKR34,BRIBKRBDR003,8741000.0
2025-01-01,2026-01-01,Ações_BDRs_ETFs_Units,IBMB34,BRIBMBBDR003,118000.0
2025-01-01,2026-01-01,Ações_BDRs_ETFs_Units,IBOB11,BRIBOBCTF008,27596000.0
2025-01-01,2026-01-01,Ações_BDRs_ETFs_Units,ICLR34,BRICLRBDR009,3949000.0
2025-01-01,2026-01-01,Ações_BDRs_ETFs_Units,IDKAETF11,BRIDKACTF004,6161400.0
2025-01-01,2026-01-01,Ações_BDRs_ETFs_Units,IGTI11,BRIGTICDAM16,5922000.0
2025-01-01,2026-01-01,Ações_BDRs_ETFs_Units,IMABETF11,BRIMABCTF004,13616300.0
2025-01-01,2026-01-01,Ações_BDRs_ETFs_Units,IMBBETF11,BRIMBBCTF002,3826200.0
2025-01-01,2026-01-01,Ações_BDRs_ETFs_Units,INBR32,BRINBRBDR007,6028000.0
2025-01-01,2026-01-01,Ações_BDRs_ETFs_Units,INGG34,BRINGGBDR009,789000.0
2025-01-01,2026-01-01,Ações_BDRs_ETFs_Units,INTB3,BRINTBACNOR9,5243000.0
2025-01-01,2026-01-01,Ações_BDRs_ETFs_Units,INTU34,BRINTUBDR003,2355000.0
2025-01-01,2026-01-01,Ações_BDRs_ETFs_Units,IRBR3,BRIRBRACNOR4,1819000.0
2025-01-01,2026-01-01,Ações_BDRs_ETFs_Units,IRFMETF11,BRIRFMCTF009,4211100.0
2025-01-01,2026-01-01,Ações_BDRs_ETFs_Units,ISAE4,BRISAEACNPR9,4323000.0
2025-01-01,2026-01-01,Ações_BDRs_ETFs_Units,ITLC34,BRITLCBDR005,6619000.0
2025-01-01,2026-01-01,Ações_BDRs_ETFs_Units,ITSA4,BRITSAACNPR7,56835000.0
2025-01-01,2026-01-01,Ações_BDRs_ETFs_Units,ITUB3,BRITUBACNOR4,1797000.0
2025-01-01,2026-01-01,Ações_BDRs_ETFs_Units,ITUB4,BRITUBACNPR1,52203000.0
2025-01-01,2026-01-01,Ações_BDRs_ETFs_Units,IVVB11,BRIVVBCTF001,1521000.0
2025-01-01,2026-01-01,Ações_BDRs_ETFs_Units,J1BH34,BRJ1BHBDR007,6877000.0
2025-01-01,2026-01-01,Ações_BDRs_ETFs_Units,J1CI34,BRJ1CIBDR003,297000.0
2025-01-01,2026-01-01,Ações_BDRs_ETFs_Units,J1EF34,BRJ1EFBDR005,595000.0
2025-01-01,2026-01-01,Ações_BDRs_ETFs_Units,J1EG34,BRJ1EGBDR003,606000.0
2025-01-01,2026-01-01,Ações_BDRs_ETFs_Units,J1KH34,BRJ1KHBDR008,862000.0
2025-01-01,2026-01-01,Ações_BDRs_ETFs_Units,J2AZ34,BRJ2AZBDR009,3225000.0
2025-01-01,2026-01-01,Ações_BDRs_ETFs_Units,J2BL34,BRJ2BLBDR007,1231000.0
2025-01-01,2026-01-01,Ações_BDRs_ETFs_Units,J2WA34,BRJ2WABDR006,1289000.0
2025-01-01,2026-01-01,Ações_BDRs_ETFs_Units,JBSS32,BRJBSSBDR002,6103000.0
2025-01-01,2026-01-01,Ações_BDRs_ETFs_Units,JDCO34,BRJDCOBDR001,7510000.0
2025-01-01,2026-01-01,Ações_BDRs_ETFs_Units,JHSF3,BRJHSFACNOR2,8842000.0
2025-01-01,2026-01-01,Ações_BDRs_ETFs_Units,JNJB34,BRJNJBBDR002,2655000.0
2025-01-01,2026-01-01,Ações_BDRs_ETFs_Units,JOGO11,BRJOGOCTF008,89000.0
2025-01-01,2026-01-01,Ações_BDRs_ETFs_Units,JPMC34,BRJPMCBDR009,1161000.0
2025-01-01,2026-01-01,Ações_BDRs_ETFs_Units,K1EY34,BRK1EYBDR003,1736000.0
2025-01-01,2026-01-01,Ações_BDRs_ETFs_Units,K1IM34,BRK1IMBDR009,1832000.0
2025-01-01,2026-01-01,Ações_BDRs_ETFs_Units,K1LA34,BRK1LABDR008,114000.0
2025-01-01,2026-01-01,Ações_BDRs_ETFs_Units,K1MX34,BRK1MXBDR008,1761000.0
2025-01-01,2026-01-01,Ações_BDRs_ETFs_Units,K1RC34,BRK1RCBDR001,580000.0
2025-01-01,2026-01-01,Ações_BDRs_ETFs_Units,K1RG34,BRK1RGBDR002,2901000.0
2025-01-01,2026-01-01,Ações_BDRs_ETFs_Units,K1SG34,BRK1SGBDR000,435000.0
2025-01-01,2026-01-01,Ações_BDRs_ETFs_Units,K1SS34,BRK1SSBDR005,1665000.0
2025-01-01,2026-01-01,Ações_BDRs_ETFs_Units,K1TC34,BRK1TCBDR007,718000.0
2025-01-01,2026-01-01,Ações_BDRs_ETFs_Units,K2RC34,BRK2RCBDR009,5727000.0
2025-01-01,2026-01-01,Ações_BDRs_ETFs_Units,KEPL3,BRKEPLACNOR1,4428000.0
2025-01-01,2026-01-01,Ações_BDRs_ETFs_Units,KHCB34,BRKHCBBDR007,6094000.0
2025-01-01,2026-01-01,Ações_BDRs_ETFs_Units,KLBN11,BRKLBNCDAM18,13640000.0
2025-01-01,2026-01-01,Ações_BDRs_ETFs_Units,KLBN4,BRKLBNACNPR9,10368000.0
2025-01-01,2026-01-01,Ações_BDRs_ETFs_Units,KMBB34,BRKMBBBDR009,359000.0
2025-01-01,2026-01-01,Ações_BDRs_ETFs_Units,KMIC34,BRKMICBDR002,1330000.0
2025-01-01,2026-01-01,Ações_BDRs_ETFs_Units,KMPR34,BRKMPRBDR005,530000.0
2025-01-01,2026-01-01,Ações_BDRs_ETFs_Units,L1AM34,BRL1AMBDR005,3407000.0
2025-01-01,2026-01-01,Ações_BDRs_ETFs_Units,L1CA34,BRL1CABDR006,558000.0
2025-01-01,2026-01-01,Ações_BDRs_ETFs_Units,L1DO34,BRL1DOBDR005,1988000.0
2025-01-01,2026-01-01,Ações_BDRs_ETFs_Units,L1EG34,BRL1EGBDR009,701000.0
2025-01-01,2026-01-01,Ações_BDRs_ETFs_Units,L1EN34,BRL1ENBDR005,343000.0
2025-01-01,2026-01-01,Ações_BDRs_ETFs_Units,L1HX34,BRL1HXBDR007,489000.0
2025-01-01,2026-01-01,Ações_BDRs_ETFs_Units,L1KQ34,BRL1KQBDR005,1197000.0
2025-01-01,2026-01-01,Ações_BDRs_ETFs_Units,L1MN34,BRL1MNBDR008,4718000.0
2025-01-01,2026-01-01,Ações_BDRs_ETFs_Units,L1NC34,BRL1NCBDR009,707000.0
2025-01-01,2026-01-01,Ações_BDRs_ETFs_Units,L1NE34,BRL1NEBDR005,5256000.0
2025-01-01,2026-01-01,Ações_BDRs_ETFs_Units,L1OE34,BRL1OEBDR003,401000.0
2025-01-01,2026-01-01,Ações_BDRs_ETFs_Units,L1RC34,BRL1RCBDR000,9099000.0
2025-01-01,2026-01-01,Ações_BDRs_ETFs_Units,L1UL34,BRL1ULBDR005,680000.0
2025-01-01,2026-01-01,Ações_BDRs_ETFs_Units,L1VS34,BRL1VSBDR008,2728000.0
2025-01-01,2026-01-01,Ações_BDRs_ETFs_Units,L1WH34,BRL1WHBDR009,1741000.0
2025-01-01,2026-01-01,Ações_BDRs_ETFs_Units,L1YB34,BRL1YBBDR008,1691000.0
2025-01-01,2026-01-01,Ações_BDRs_ETFs_Units,L1YG34,BRL1YGBDR007,3168000.0
2025-01-01,2026-01-01,Ações_BDRs_ETFs_Units,L1YV34,BRL1YVBDR006,1265000.0
2025-01-01,2026-01-01,Ações_BDRs_ETFs_Units,L2IV34,BRL2IVBDR007,780000.0
2025-01-01,2026-01-01,Ações_BDRs_ETFs_Units,L2PL34,BRL2PLBDR003,1734000.0
2025-01-01,2026-01-01,Ações_BDRs_ETFs_Units,L2RN34,BRL2RNBDR005,2195000.0
2025-01-01,2026-01-01,Ações_BDRs_ETFs_Units,L2SC34,BRL2SCBDR006,4655000.0
2025-01-01,2026-01-01,Ações_BDRs_ETFs_Units,LAVV3,BRLAVVACNOR4,1492000.0
2025-01-01,2026-01-01,Ações_BDRs_ETFs_Units,LBRD34,BRLBRDBDR002,7446000.0
2025-01-01,2026-01-01,Ações_BDRs_ETFs_Units,LEVE3,BRLEVEACNOR2,831000.0
2025-01-01,2026-01-01,Ações_BDRs_ETFs_Units,LFTBETF11,BRLFTBCTF002,8704100.0
2025-01-01,2026-01-01,Ações_BDRs_ETFs_Units,LFTIETF11,BRLFTICTF007,5372800.0
2025-01-01,2026-01-01,Ações_BDRs_ETFs_Units,LFTSETF11,BRLFTSCTF006,6242500.0
2025-01-01,2026-01-01,Ações_BDRs_ETFs_Units,LILY34,BRLILYBDR006,1055000.0
2025-01-01,2026-01-01,Ações_BDRs_ETFs_Units,LLFTETF11,BRLLFTCTF001,10108300.0
2025-01-01,2026-01-01,Ações_BDRs_ETFs_Units,LMTB34,BRLMTBBDR009,74000.0
2025-01-01,2026-01-01,Ações_BDRs_ETFs_Units,LOGG3,BRLOGGACNOR7,910000.0
2025-01-01,2026-01-01,Ações_BDRs_ETFs_Units,LOWC34,BRLOWCBDR007,2992000.0
2025-01-01,2026-01-01,Ações_BDRs_ETFs_Units,LREN3,BRLRENACNOR1,38279000.0
2025-01-01,2026-01-01,Ações_BDRs_ETFs_Units,LTNBETF11,BRLTNBCTF006,712600.0
2025-01-01,2026-01-01,Ações_BDRs_ETFs_Units,LVOL11,BRLVOLCTF009,18453000.0
2025-01-01,2026-01-01,Ações_BDRs_ETFs_Units,LWSA3,BRLWSAACNOR8,8719000.0
2025-01-01,2026-01-01,Ações_BDRs_ETFs_Units,M1AA34,BRM1AABDR009,1124000.0
2025-01-01,2026-01-01,Ações_BDRs_ETFs_Units,M1AS34,BRM1ASBDR001,548000.0
2025-01-01,2026-01-01,Ações_BDRs_ETFs_Units,M1CB34,BRM1CBBDR003,819000.0
2025-01-01,2026-01-01,Ações_BDRs_ETFs_Units,M1CH34,BRM1CHBDR000,1103000.0
2025-01-01,2026-01-01,Ações_BDRs_ETFs_Units,M1CK34,BRM1CKBDR004,175000.0
2025-01-01,2026-01-01,Ações_BDRs_ETFs_Units,M1DB34,BRM1DBBDR001,1656000.0
2025-01-01,2026-01-01,Ações_BDRs_ETFs_Units,M1GM34,BRM1GMBDR019,975000.0
2025-01-01,2026-01-01,Ações_BDRs_ETFs_Units,M1HK34,BRM1HKBDR003,8568000.0
2025-01-01,2026-01-01,Ações_BDRs_ETFs_Units,M1KC34,BRM1KCBDR004,2087000.0
2025-01-01,2026-01-01,Ações_BDRs_ETFs_Units,M1KT34,BRM1KTBDR008,10020000.0
2025-01-01,2026-01-01,Ações_BDRs_ETFs_Units,M1LC34,BRM1LCBDR002,2441000.0
2025-01-01,2026-01-01,Ações_BDRs_ETFs_Units,M1LM34,BRM1LMBDR001,298000.0
2025-01-01,2026-01-01,Ações_BDRs_ETFs_Units,M1MC34,BRM1MCBDR000,387000.0
2025-01-01,2026-01-01,Ações_BDRs_ETFs_Units,M1NS34,BRM1NSBDR004,3700000.0
2025-01-01,2026-01-01,Ações_BDRs_ETFs_Units,M1PC34,BRM1PCBDR003,214000.0
2025-01-01,2026-01-01,Ações_BDRs_ETFs_Units,M1RN34,BRM1RNBDR006,23028000.0
2025-01-01,2026-01-01,Ações_BDRs_ETFs_Units,M1SC34,BRM1SCBDR007,2715000.0
2025-01-01,2026-01-01,Ações_BDRs_ETFs_Units,M1SI34,BRM1SIBDR004,386000.0
2025-01-01,2026-01-01,Ações_BDRs_ETFs_Units,M1TA34,BRM1TABDR009,1854000.0
2025-01-01,2026-01-01,Ações_BDRs_ETFs_Units,M1TB34,BRM1TBBDR007,700000.0
2025-01-01,2026-01-01,Ações_BDRs_ETFs_Units,M1TC34,BRM1TCBDR005,21978000.0
2025-01-01,2026-01-01,Ações_BDRs_ETFs_Units,M1TD34,BRM1TDBDR003,250000.0
2025-01-01,2026-01-01,Ações_BDRs_ETFs_Units,M1TT34,BRM1TTBDR009,458000.0
2025-01-01,2026-01-01,Ações_BDRs_ETFs_Units,M1UF34,BRM1UFBDR006,1465000.0
2025-01-01,2026-01-01,Ações_BDRs_ETFs_Units,M2AS34,BRM2ASBDR009,8216000.0
2025-01-01,2026-01-01,Ações_BDRs_ETFs_Units,M2KS34,BRM2KSBDR008,4819000.0
2025-01-01,2026-01-01,Ações_BDRs_ETFs_Units,M2PM34,BRM2PMBDR000,3345000.0
2025-01-01,2026-01-01,Ações_BDRs_ETFs_Units,M2PR34,BRM2PRBDR009,2293000.0
2025-01-01,2026-01-01,Ações_BDRs_ETFs_Units,M2PW34,BRM2PWBDR009,7195000.0
2025-01-01,2026-01-01,Ações_BDRs_ETFs_Units,M2RV34,BRM2RVBDR007,4148000.0
2025-01-01,2026-01-01,Ações_BDRs_ETFs_Units,MACY34,BRMACYBDR000,1592000.0
2025-01-01,2026-01-01,Ações_BDRs_ETFs_Units,MARGETF11,BRMARGCTF012,2087700.0
2025-01-01,2026-01-01,Ações_BDRs_ETFs_Units,MBRF3,BRMBRFACNOR1,32012000.0
2025-01-01,2026-01-01,Ações_BDRs_ETFs_Units,MCDC34,BRMCDCBDR000,2352000.0
2025-01-01,2026-01-01,Ações_BDRs_ETFs_Units,MCOR34,BRMCORBDR005,281000.0
2025-01-01,2026-01-01,Ações_BDRs_ETFs_Units,MDIA3,BRMDIAACNOR7,1423000.0
2025-01-01,2026-01-01,Ações_BDRs_ETFs_Units,MDLZ34,BRMDLZBDR002,1338000.0
2025-01-01,2026-01-01,Ações_BDRs_ETFs_Units,MDNE3,BRMDNEACNOR9,2127000.0
2025-01-01,2026-01-01,Ações_BDRs_ETFs_Units,MDTC34,BRMDTCBDR004,737000.0
2025-01-01,2026-01-01,Ações_BDRs_ETFs_Units,MELI34,BRMELIBDR006,3763000.0
2025-01-01,2026-01-01,Ações_BDRs_ETFs_Units,METB34,BRMETBBDR004,455000.0
2025-01-01,2026-01-01,Ações_BDRs_ETFs_Units,MGLU3,BRMGLUACNOR2,57735000.0
2025-01-01,2026-01-01,Ações_BDRs_ETFs_Units,MILL11,BRMILLCTF018,1427000.0
2025-01-01,2026-01-01,Ações_BDRs_ETFs_Units,MILS3,BRMILSACNOR2,2871000.0
2025-01-01,2026-01-01,Ações_BDRs_ETFs_Units,MKLC34,BRMKLCBDR006,330000.0
2025-01-01,2026-01-01,Ações_BDRs_ETFs_Units,MMMC34,BRMMMCBDR000,902000.0
2025-01-01,2026-01-01,Ações_BDRs_ETFs_Units,MNDY34,BRMNDYBDR001,4961000.0
2025-01-01,2026-01-01,Ações_BDRs_ETFs_Units,MOOO34,BRMOOOBDR007,622000.0
2025-01-01,2026-01-01,Ações_BDRs_ETFs_Units,MOSC34,BRMOSCBDR003,8889000.0
2025-01-01,2026-01-01,Ações_BDRs_ETFs_Units,MOTB39,BRMOTBBDR003,2894000.0
2025-01-01,2026-01-01,Ações_BDRs_ETFs_Units,MOTV3,BRMOTVACNOR7,24018000.0
2025-01-01,2026-01-01,Ações_BDRs_ETFs_Units,MOVI3,BRMOVIACNOR0,10018000.0
2025-01-01,2026-01-01,Ações_BDRs_ETFs_Units,MRCK34,BRMRCKBDR003,2768000.0
2025-01-01,2026-01-01,Ações_BDRs_ETFs_Units,MRVE3,BRMRVEACNOR2,19374000.0
2025-01-01,2026-01-01,Ações_BDRs_ETFs_Units,MSBR34,BRMSBRBDR008,1007000.0
2025-01-01,2026-01-01,Ações_BDRs_ETFs_Units,MSCD34,BRMSCDBDR006,1971000.0
2025-01-01,2026-01-01,Ações_BDRs_ETFs_Units,MSFT34,BRMSFTBDR005,2189000.0
2025-01-01,2026-01-01,Ações_BDRs_ETFs_Units,MULT3,BRMULTACNOR5,8974000.0
2025-01-01,2026-01-01,Ações_BDRs_ETFs_Units,MUTC34,BRMUTCBDR008,813000.0
2025-01-01,2026-01-01,Ações_BDRs_ETFs_Units,MYPK3,BRMYPKACNOR7,3621000.0
2025-01-01,2026-01-01,Ações_BDRs_ETFs_Units,N1BI34,BRN1BIBDR009,5025000.0
2025-01-01,2026-01-01,Ações_BDRs_ETFs_Units,N1CL34,BRN1CLBDR001,1572000.0
2025-01-01,2026-01-01,Ações_BDRs_ETFs_Units,N1DA34,BRN1DABDR002,735000.0
2025-01-01,2026-01-01,Ações_BDRs_ETFs_Units,N1EM34,BRN1EMBDR005,349000.0
2025-01-01,2026-01-01,Ações_BDRs_ETFs_Units,N1GG34,BRN1GGBDR002,1772000.0
2025-01-01,2026-01-01,Ações_BDRs_ETFs_Units,N1IC34,BRN1ICBDR007,8583000.0
2025-01-01,2026-01-01,Ações_BDRs_ETFs_Units,N1IS34,BRN1ISBDR003,863000.0
2025-01-01,2026-01-01,Ações_BDRs_ETFs_Units,N1MR34,BRN1MRBDR007,1157000.0
2025-01-01,2026-01-01,Ações_BDRs_ETFs_Units,N1OV34,BRN1OVBDR005,1670000.0
2025-01-01,2026-01-01,Ações_BDRs_ETFs_Units,N1OW34,BRN1OWBDR003,11850000.0
2025-01-01,2026-01-01,Ações_BDRs_ETFs_Units,N1RG34,BRN1RGBDR009,228000.0
2025-01-01,2026-01-01,Ações_BDRs_ETFs_Units,N1SC34,BRN1SCBDR006,525000.0
2025-01-01,2026-01-01,Ações_BDRs_ETFs_Units,N1TA34,BRN1TABDR008,329000.0
2025-01-01,2026-01-01,Ações_BDRs_ETFs_Units,N1TR34,BRN1TRBDR002,583000.0
2025-01-01,2026-01-01,Ações_BDRs_ETFs_Units,N1UE34,BRN1UEBDR008,2631000.0
2025-01-01,2026-01-01,Ações_BDRs_ETFs_Units,N1VO34,BRN1VOBDR005,5675000.0
2025-01-01,2026-01-01,Ações_BDRs_ETFs_Units,N1VR34,BRN1VRBDR008,247000.0
2025-01-01,2026-01-01,Ações_BDRs_ETFs_Units,N1VS34,BRN1VSBDR006,2590000.0
2025-01-01,2026-01-01,Ações_BDRs_ETFs_Units,N1WL34,BRN1WLBDR009,4583000.0
2025-01-01,2026-01-01,Ações_BDRs_ETFs_Units,N1WS34,BRN1WSBDR004,1437000.0
2025-01-01,2026-01-01,Ações_BDRs_ETFs_Units,N1WS35,BRN1WSBDR012,879000.0
2025-01-01,2026-01-01,Ações_BDRs_ETFs_Units,N1XP34,BRN1XPBDR008,312000.0
2025-01-01,2026-01-01,Ações_BDRs_ETFs_Units,N2ET34,BRN2ETBDR008,3231000.0
2025-01-01,2026-01-01,Ações_BDRs_ETFs_Units,N2LY34,BRN2LYBDR003,1568000.0
2025-01-01,2026-01-01,Ações_BDRs_ETFs_Units,N2TN34,BRN2TNBDR009,2744000.0
2025-01-01,2026-01-01,Ações_BDRs_ETFs_Units,N2VC34,BRN2VCBDR008,6641000.0
2025-01-01,2026-01-01,Ações_BDRs_ETFs_Units,NASD11,BRNASDCTF007,13980000.0
2025-01-01,2026-01-01,Ações_BDRs_ETFs_Units,NATU3,BRNATUACNOR6,23362000.0
2025-01-01,2026-01-01,Ações_BDRs_ETFs_Units,NBOV11,BRNBOVCTF006,7436000.0
2025-01-01,2026-01-01,Ações_BDRs_ETFs_Units,NCDIETF11,BRNCDICTF004,171500.0
2025-01-01,2026-01-01,Ações_BDRs_ETFs_Units,NDIV11,BRNDIVCTF004,8257000.0
2025-01-01,2026-01-01,Ações_BDRs_ETFs_Units,NEOE3,BRNEOEACNOR3,4650000.0
2025-01-01,2026-01-01,Ações_BDRs_ETFs_Units,NETE34,BRNETEBDR006,2596000.0
2025-01-01,2026-01-01,Ações_BDRs_ETFs_Units,NEXT34,BRNEXTBDR006,1805000.0
2025-01-01,2026-01-01,Ações_BDRs_ETFs_Units,NFLX34,BRNFLXBDR000,21339000.0
2025-01-01,2026-01-01,Ações_BDRs_ETFs_Units,NIKE34,BRNIKEBDR006,6276000.0
2025-01-01,2026-01-01,Ações_BDRs_ETFs_Units,NOCG34,BRNOCGBDR006,311000.0
2025-01-01,2026-01-01,Ações_BDRs_ETFs_Units,NOKI34,BRNOKIBDR005,5549000.0
2025-01-01,2026-01-01,Ações_BDRs_ETFs_Units,NSAT34,BRNSATBDR004,2352000.0
2025-01-01,2026-01-01,Ações_BDRs_ETFs_Units,NSDV11,BRNSDVCTF003,6967000.0
2025-01-01,2026-01-01,Ações_BDRs_ETFs_Units,NTNSETF11,BRNTNSCTF006,930300.0
2025-01-01,2026-01-01,Ações_BDRs_ETFs_Units,NTST34,BRNTSTBDR004,1072000.0
2025-01-01,2026-01-01,Ações_BDRs_ETFs_Units,NUCL11,BRNUCLCTF002,2317000.0
2025-01-01,2026-01-01,Ações_BDRs_ETFs_Units,NVDC34,BRNVDCBDR008,21762000.0
2025-01-01,2026-01-01,Ações_BDRs_ETFs_Units,O1DF34,BRO1DFBDR000,4566000.0
2025-01-01,2026-01-01,Ações_BDRs_ETFs_Units,O1KE34,BRO1KEBDR008,1003000.0
2025-01-01,2026-01-01,Ações_BDRs_ETFs_Units,O1KT34,BRO1KTBDR006,8097000.0
2025-01-01,2026-01-01,Ações_BDRs_ETFs_Units,O1MC34,BRO1MCBDR008,885000.0
2025-01-01,2026-01-01,Ações_BDRs_ETFs_Units,O1TI34,BRO1TIBDR000,4077000.0
2025-01-01,2026-01-01,Ações_BDRs_ETFs_Units,O1UT34,BRO1UTBDR005,1397000.0
2025-01-01,2026-01-01,Ações_BDRs_ETFs_Units,O2HI34,BRO2HIBDR003,2464000.0
2025-01-01,2026-01-01,Ações_BDRs_ETFs_Units,O2LE34,BRO2LEBDR004,5316000.0
2025-01-01,2026-01-01,Ações_BDRs_ETFs_Units,O2NS34,BRO2NSBDR000,5204000.0
2025-01-01,2026-01-01,Ações_BDRs_ETFs_Units,ODPV3,BRODPVACNOR4,4082000.0
2025-01-01,2026-01-01,Ações_BDRs_ETFs_Units,ONCO3,BRONCOACNOR6,11238000.0
2025-01-01,2026-01-01,Ações_BDRs_ETFs_Units,ORCL34,BRORCLBDR007,1235000.0
2025-01-01,2026-01-01,Ações_BDRs_ETFs_Units,ORLY34,BRORLYBDR001,121967000.0
2025-01-01,2026-01-01,Ações_BDRs_ETFs_Units,ORVR3,BRORVRACNOR0,1223000.0
2025-01-01,2026-01-01,Ações_BDRs_ETFs_Units,OURO11,BROUROCTF002,22000.0
2025-01-01,2026-01-01,Ações_BDRs_ETFs_Units,OXYP34,BROXYPBDR000,5415000.0
2025-01-01,2026-01-01,Ações_BDRs_ETFs_Units,P1AC34,BRP1ACBDR002,665000.0
2025-01-01,2026-01-01,Ações_BDRs_ETFs_Units,P1AY34,BRP1AYBDR006,649000.0
2025-01-01,2026-01-01,Ações_BDRs_ETFs_Units,P1DD34,BRP1DDBDR004,3308000.0
2025-01-01,2026-01-01,Ações_BDRs_ETFs_Units,P1DT34,BRP1DTBDR000,629000.0
2025-01-01,2026-01-01,Ações_BDRs_ETFs_Units,P1EA34,BRP1EABDR008,2276000.0
2025-01-01,2026-01-01,Ações_BDRs_ETFs_Units,P1EG34,BRP1EGBDR005,462000.0
2025-01-01,2026-01-01,Ações_BDRs_ETFs_Units,P1FG34,BRP1FGBDR002,637000.0
2025-01-01,2026-01-01,Ações_BDRs_ETFs_Units,P1GR34,BRP1GRBDR007,317000.0
2025-01-01,2026-01-01,Ações_BDRs_ETFs_Units,P1HC34,BRP1HCBDR007,167000.0
2025-01-01,2026-01-01,Ações_BDRs_ETFs_Units,P1HM34,BRP1HMBDR006,300000.0
2025-01-01,2026-01-01,Ações_BDRs_ETFs_Units,P1KG34,BRP1KGBDR002,355000.0
2025-01-01,2026-01-01,Ações_BDRs_ETFs_Units,P1LD34,BRP1LDBDR007,3387000.0
2025-01-01,2026-01-01,Ações_BDRs_ETFs_Units,P1NR34,BRP1NRBDR003,336000.0
2025-01-01,2026-01-01,Ações_BDRs_ETFs_Units,P1NW34,BRP1NWBDR003,757000.0
2025-01-01,2026-01-01,Ações_BDRs_ETFs_Units,P1PG34,BRP1PGBDR001,700000.0
2025-01-01,2026-01-01,Ações_BDRs_ETFs_Units,P1PL34,BRP1PLBDR001,1028000.0
2025-01-01,2026-01-01,Ações_BDRs_ETFs_Units,P1RG34,BRP1RGBDR007,1557000.0
2025-01-01,2026-01-01,Ações_BDRs_ETFs_Units,P1SA34,BRP1SABDR008,698000.0
2025-01-01,2026-01-01,Ações_BDRs_ETFs_Units,P1SX34,BRP1SXBDR000,562000.0
2025-01-01,2026-01-01,Ações_BDRs_ETFs_Units,P1UK34,BRP1UKBDR003,1439000.0
2025-01-01,2026-01-01,Ações_BDRs_ETFs_Units,P1VH34,BRP1VHBDR007,849000.0
2025-01-01,2026-01-01,Ações_BDRs_ETFs_Units,P1YC34,BRP1YCBDR002,6786000.0
2025-01-01,2026-01-01,Ações_BDRs_ETFs_Units,P2AN34,BRP2ANBDR007,11858000.0
2025-01-01,2026-01-01,Ações_BDRs_ETFs_Units,P2AT34,BRP2ATBDR004,18355000.0
2025-01-01,2026-01-01,Ações_BDRs_ETFs_Units,P2CF34,BRP2CFBDR009,4736000.0
2025-01-01,2026-01-01,Ações_BDRs_ETFs_Units,P2CO34,BRP2COBDR001,4725000.0
2025-01-01,2026-01-01,Ações_BDRs_ETFs_Units,P2CY34,BRP2CYBDR000,6816000.0
2025-01-01,2026-01-01,Ações_BDRs_ETFs_Units,P2EG34,BRP2EGBDR003,6094000.0
2025-01-01,2026-01-01,Ações_BDRs_ETFs_Units,P2EN34,BRP2ENBDR009,18413000.0
2025-01-01,2026-01-01,Ações_BDRs_ETFs_Units,P2IN34,BRP2INBDR000,8403000.0
2025-01-01,2026-01-01,Ações_BDRs_ETFs_Units,P2LN34,BRP2LNBDR004,2982000.0
2025-01-01,2026-01-01,Ações_BDRs_ETFs_Units,P2LT34,BRP2LTBDR001,651000.0
2025-01-01,2026-01-01,Ações_BDRs_ETFs_Units,P2NB34,BRP2NBBDR005,3477000.0
2025-01-01,2026-01-01,Ações_BDRs_ETFs_Units,P2OD34,BRP2ODBDR009,3600000.0
2025-01-01,2026-01-01,Ações_BDRs_ETFs_Units,P2OS34,BRP2OSBDR007,2616000.0
2025-01-01,2026-01-01,Ações_BDRs_ETFs_Units,P2ST34,BRP2STBDR006,2072000.0
2025-01-01,2026-01-01,Ações_BDRs_ETFs_Units,P2TC34,BRP2TCBDR000,3129000.0
2025-01-01,2026-01-01,Ações_BDRs_ETFs_Units,PACBETF11,BRPACBCTF000,19761500.0
2025-01-01,2026-01-01,Ações_BDRs_ETFs_Units,PACCETF11,BRPACCCTF008,318400.0
2025-01-01,2026-01-01,Ações_BDRs_ETFs_Units,PACGETF11,BRPACGCTF009,4198700.0
2025-01-01,2026-01-01,Ações_BDRs_ETFs_Units,PACLETF11,BRPACLCTF009,1674900.0
2025-01-01,2026-01-01,Ações_BDRs_ETFs_Units,PAGS34,BRPAGSBDR006,10899000.0
2025-01-01,2026-01-01,Ações_BDRs_ETFs_Units,PCAR3,BRPCARACNOR3,31924000.0
2025-01-01,2026-01-01,Ações_BDRs_ETFs_Units,PEPB34,BRPEPBBDR005,3778000.0
2025-01-01,2026-01-01,Ações_BDRs_ETFs_Units,PETR3,BRPETRACNOR9,28734000.0
2025-01-01,2026-01-01,Ações_BDRs_ETFs_Units,PETR4,BRPETRACNPR6,81324000.0
2025-01-01,2026-01-01,Ações_BDRs_ETFs_Units,PEVC11,BRPEVCCTF000,408000.0
2025-01-01,2026-01-01,Ações_BDRs_ETFs_Units,PFIZ34,BRPFIZBDR006,5846000.0
2025-01-01,2026-01-01,Ações_BDRs_ETFs_Units,PGCO34,BRPGCOBDR001,3541000.0
2025-01-01,2026-01-01,Ações_BDRs_ETFs_Units,PHGN34,BRPHGNBDR002,319000.0
2025-01-01,2026-01-01,Ações_BDRs_ETFs_Units,PHIPETF11,BRPHIPCTF002,2592800.0
2025-01-01,2026-01-01,Ações_BDRs_ETFs_Units,PHMO34,BRPHMOBDR008,432000.0
2025-01-01,2026-01-01,Ações_BDRs_ETFs_Units,PIBB11,BRPIBBCTF005,64782000.0
2025-01-01,2026-01-01,Ações_BDRs_ETFs_Units,PLPL3,BRPLPLACNOR5,3363000.0
2025-01-01,2026-01-01,Ações_BDRs_ETFs_Units,PNCS34,BRPNCSBDR008,363000.0
2025-01-01,2026-01-01,Ações_BDRs_ETFs_Units,POMO4,BRPOMOACNPR7,29073000.0
2025-01-01,2026-01-01,Ações_BDRs_ETFs_Units,PRIO3,BRPRIOACNOR1,20507000.0
2025-01-01,2026-01-01,Ações_BDRs_ETFs_Units,PSKY34,BRPSKYBDR008,2721000.0
2025-01-01,2026-01-01,Ações_BDRs_ETFs_Units,PSSA3,BRPSSAACNOR7,4644000.0
2025-01-01,2026-01-01,Ações_BDRs_ETFs_Units,PYPL34,BRPYPLBDR002,12287000.0
2025-01-01,2026-01-01,Ações_BDRs_ETFs_Units,Q1RV34,BRQ1RVBDR005,833000.0
2025-01-01,2026-01-01,Ações_BDRs_ETFs_Units,Q1UA34,BRQ1UABDR003,993000.0
2025-01-01,2026-01-01,Ações_BDRs_ETFs_Units,Q1UE34,BRQ1UEBDR005,416000.0
2025-01-01,2026-01-01,Ações_BDRs_ETFs_Units,Q2SC34,BRQ2SCBDR001,9640000.0
2025-01-01,2026-01-01,Ações_BDRs_ETFs_Units,QCOM34,BRQCOMBDR007,2490000.0
2025-01-01,2026-01-01,Ações_BDRs_ETFs_Units,QQQI11,BRQQQICTF009,2009000.0
2025-01-01,2026-01-01,Ações_BDRs_ETFs_Units,R1CL34,BRR1CLBDR007,212000.0
2025-01-01,2026-01-01,Ações_BDRs_ETFs_Units,R1DY34,BRR1DYBDR008,3093000.0
2025-01-01,2026-01-01,Ações_BDRs_ETFs_Units,R1EG34,BRR1EGBDR003,1053000.0
2025-01-01,2026-01-01,Ações_BDRs_ETFs_Units,R1EL34,BRR1ELBDR003,3222000.0
2025-01-01,2026-01-01,Ações_BDRs_ETFs_Units,R1FC34,BRR1FCBDR009,1526000.0
2025-01-01,2026-01-01,Ações_BDRs_ETFs_Units,R1HI34,BRR1HIBDR002,1005000.0
2025-01-01,2026-01-01,Ações_BDRs_ETFs_Units,R1HP34,BRR1HPBDR007,3253000.0
2025-01-01,2026-01-01,Ações_BDRs_ETFs_Units,R1IN34,BRR1INBDR000,1290000.0
2025-01-01,2026-01-01,Ações_BDRs_ETFs_Units,R1JF34,BRR1JFBDR004,449000.0
2025-01-01,2026-01-01,Ações_BDRs_ETFs_Units,R1KU34,BRR1KUBDR001,6592000.0
2025-01-01,2026-01-01,Ações_BDRs_ETFs_Units,R1LC34,BRR1LCBDR007,199000.0
2025-01-01,2026-01-01,Ações_BDRs_ETFs_Units,R1MD34,BRR1MDBDR003,598000.0
2025-01-01,2026-01-01,Ações_BDRs_ETFs_Units,R1OK34,BRR1OKBDR004,366000.0
2025-01-01,2026-01-01,Ações_BDRs_ETFs_Units,R1OL34,BRR1OLBDR002,616000.0
2025-01-01,2026-01-01,Ações_BDRs_ETFs_Units,R1OP34,BRR1OPBDR003,830000.0
2025-01-01,2026-01-01,Ações_BDRs_ETFs_Units,R1SG34,BRR1SGBDR003,338000.0
2025-01-01,2026-01-01,Ações_BDRs_ETFs_Units,R1VT34,BRR1VTBDR000,10695000.0
2025-01-01,2026-01-01,Ações_BDRs_ETFs_Units,R1YA34,BRR1YABDR004,3257000.0
2025-01-01,2026-01-01,Ações_BDRs_ETFs_Units,R2AR34,BRR2ARBDR006,5919000.0
2025-01-01,2026-01-01,Ações_BDRs_ETFs_Units,R2BL34,BRR2BLBDR007,4469000.0
2025-01-01,2026-01-01,Ações_BDRs_ETFs_Units,R2GE34,BRR2GEBDR001,9380000.0
2025-01-01,2026-01-01,Ações_BDRs_ETFs_Units,R2HH34,BRR2HHBDR002,12674000.0
2025-01-01,2026-01-01,Ações_BDRs_ETFs_Units,R2NG34,BRR2NGBDR002,16065000.0
2025-01-01,2026-01-01,Ações_BDRs_ETFs_Units,R2PD34,BRR2PDBDR004,6010000.0
2025-01-01,2026-01-01,Ações_BDRs_ETFs_Units,R2RX34,BRR2RXBDR008,4255000.0
2025-01-01,2026-01-01,Ações_BDRs_ETFs_Units,RADL3,BRRADLACNOR0,24855000.0
2025-01-01,2026-01-01,Ações_BDRs_ETFs_Units,RAIL3,BRRAILACNOR9,33284000.0
2025-01-01,2026-01-01,Ações_BDRs_ETFs_Units,RAPT4,BRRAPTACNPR4,9672000.0
2025-01-01,2026-01-01,Ações_BDRs_ETFs_Units,RDOR3,BRRDORACNOR8,10842000.0
2025-01-01,2026-01-01,Ações_BDRs_ETFs_Units,RECV3,BRRECVACNOR3,7046000.0
2025-01-01,2026-01-01,Ações_BDRs_ETFs_Units,REGN34,BRREGNBDR005,2766000.0
2025-01-01,2026-01-01,Ações_BDRs_ETFs_Units,RENT3,BRRENTACNOR4,19390000.0
2025-01-01,2026-01-01,Ações_BDRs_ETFs_Units,REVE11,BRREVECTF002,261000.0
2025-01-01,2026-01-01,Ações_BDRs_ETFs_Units,RGTI34,BRRGTIBDR003,1452000.0
2025-01-01,2026-01-01,Ações_BDRs_ETFs_Units,RIGG34,BRRIGGBDR000,9126000.0
2025-01-01,2026-01-01,Ações_BDRs_ETFs_Units,RIOT34,BRRIOTBDR007,446000.0
2025-01-01,2026-01-01,Ações_BDRs_ETFs_Units,ROST34,BRROSTBDR006,394000.0
2025-01-01,2026-01-01,Ações_BDRs_ETFs_Units,ROXO34,BRROXOBDR007,18739000.0
2025-01-01,2026-01-01,Ações_BDRs_ETFs_Units,RYTT34,BRRYTTBDR003,1172000.0
2025-01-01,2026-01-01,Ações_BDRs_ETFs_Units,S1AK34,BRS1AKBDR002,4283000.0
2025-01-01,2026-01-01,Ações_BDRs_ETFs_Units,S1BA34,BRS1BABDR001,970000.0
2025-01-01,2026-01-01,Ações_BDRs_ETFs_Units,S1BS34,BRS1BSBDR003,4709000.0
2025-01-01,2026-01-01,Ações_BDRs_ETFs_Units,S1EA34,BRS1EABDR005,774000.0
2025-01-01,2026-01-01,Ações_BDRs_ETFs_Units,S1HW34,BRS1HWBDR002,1127000.0
2025-01-01,2026-01-01,Ações_BDRs_ETFs_Units,S1JM34,BRS1JMBDR009,756000.0
2025-01-01,2026-01-01,Ações_BDRs_ETFs_Units,S1KT34,BRS1KTBDR002,1629000.0
2025-01-01,2026-01-01,Ações_BDRs_ETFs_Units,S1LG34,BRS1LGBDR007,1231000.0
2025-01-01,2026-01-01,Ações_BDRs_ETFs_Units,S1MF34,BRS1MFBDR007,838000.0
2025-01-01,2026-01-01,Ações_BDRs_ETFs_Units,S1NA34,BRS1NABDR006,481000.0
2025-01-01,2026-01-01,Ações_BDRs_ETFs_Units,S1NN34,BRS1NNBDR009,1391000.0
2025-01-01,2026-01-01,Ações_BDRs_ETFs_Units,S1NP34,BRS1NPBDR004,305000.0
2025-01-01,2026-01-01,Ações_BDRs_ETFs_Units,S1OU34,BRS1OUBDR002,1092000.0
2025-01-01,2026-01-01,Ações_BDRs_ETFs_Units,S1PO34,BRS1POBDR002,250000.0
2025-01-01,2026-01-01,Ações_BDRs_ETFs_Units,S1RE34,BRS1REBDR009,1626000.0
2025-01-01,2026-01-01,Ações_BDRs_ETFs_Units,S1RP34,BRS1RPBDR005,33065000.0
2025-01-01,2026-01-01,Ações_BDRs_ETFs_Units,S1SL34,BRS1SLBDR002,1169000.0
2025-01-01,2026-01-01,Ações_BDRs_ETFs_Units,S1SN34,BRS1SNBDR008,2846000.0
2025-01-01,2026-01-01,Ações_BDRs_ETFs_Units,S1TE34,BRS1TEBDR005,3113000.0
2025-01-01,2026-01-01,Ações_BDRs_ETFs_Units,S1TT34,BRS1TTBDR003,320000.0
2025-01-01,2026-01-01,Ações_BDRs_ETFs_Units,S1TX34,BRS1TXBDR005,125000.0
2025-01-01,2026-01-01,Ações_BDRs_ETFs_Units,S1WK34,BRS1WKBDR006,1974000.0
2025-01-01,2026-01-01,Ações_BDRs_ETFs_Units,S1YF34,BRS1YFBDR002,434000.0
2025-01-01,2026-01-01,Ações_BDRs_ETFs_Units,S1YK34,BRS1YKBDR002,2026000.0
2025-01-01,2026-01-01,Ações_BDRs_ETFs_Units,S1YM34,BRS1YMBDR008,1244000.0
2025-01-01,2026-01-01,Ações_BDRs_ETFs_Units,S1YY34,BRS1YYBDR003,974000.0
2025-01-01,2026-01-01,Ações_BDRs_ETFs_Units,S2CH34,BRS2CHBDR002,2588000.0
2025-01-01,2026-01-01,Ações_BDRs_ETFs_Units,S2EA34,BRS2EABDR003,7193000.0
2025-01-01,2026-01-01,Ações_BDRs_ETFs_Units,S2ED34,BRS2EDBDR007,41363000.0
2025-01-01,2026-01-01,Ações_BDRs_ETFs_Units,S2EI34,BRS2EIBDR006,1912000.0
2025-01-01,2026-01-01,Ações_BDRs_ETFs_Units,S2FM34,BRS2FMBDR005,1391000.0
2025-01-01,2026-01-01,Ações_BDRs_ETFs_Units,S2GI34,BRS2GIBDR001,1577000.0
2025-01-01,2026-01-01,Ações_BDRs_ETFs_Units,S2HO34,BRS2HOBDR007,25714000.0
2025-01-01,2026-01-01,Ações_BDRs_ETFs_Units,S2LA34,BRS2LABDR008,2762000.0
2025-01-01,2026-01-01,Ações_BDRs_ETFs_Units,S2MP34,BRS2MPBDR004,1441000.0
2025-01-01,2026-01-01,Ações_BDRs_ETFs_Units,S2NA34,BRS2NABDR004,27174000.0
2025-01-01,2026-01-01,Ações_BDRs_ETFs_Units,S2NW34,BRS2NWBDR008,6419000.0
2025-01-01,2026-01-01,Ações_BDRs_ETFs_Units,S2TA34,BRS2TABDR001,3350000.0
2025-01-01,2026-01-01,Ações_BDRs_ETFs_Units,S2TW34,BRS2TWBDR005,4623000.0
2025-01-01,2026-01-01,Ações_BDRs_ETFs_Units,S2UI34,BRS2UIBDR002,5858000.0
2025-01-01,2026-01-01,Ações_BDRs_ETFs_Units,S2YN34,BRS2YNBDR004,5103000.0
2025-01-01,2026-01-01,Ações_BDRs_ETFs_Units,SANB11,BRSANBCDAM13,7604000.0
2025-01-01,2026-01-01,Ações_BDRs_ETFs_Units,SAPP34,BRSAPPBDR007,147000.0
2025-01-01,2026-01-01,Ações_BDRs_ETFs_Units,SAPR11,BRSAPRCDAM13,3388000.0
2025-01-01,2026-01-01,Ações_BDRs_ETFs_Units,SAPR4,BRSAPRACNPR6,3051000.0
2025-01-01,2026-01-01,Ações_BDRs_ETFs_Units,SBFG3,BRSBFGACNOR1,4756000.0
2025-01-01,2026-01-01,Ações_BDRs_ETFs_Units,SBSP3,BRSBSPACNOR5,7192000.0
2025-01-01,2026-01-01,Ações_BDRs_ETFs_Units,SBUB34,BRSBUBBDR005,432000.0
2025-01-01,2026-01-01,Ações_BDRs_ETFs_Units,SCHW34,BRSCHWBDR006,2867000.0
2025-01-01,2026-01-01,Ações_BDRs_ETFs_Units,SFIXETF11,BRSFIXCTF012,58600.0
2025-01-01,2026-01-01,Ações_BDRs_ETFs_Units,SIMH3,BRSIMHACNOR0,13593000.0
2025-01-01,2026-01-01,Ações_BDRs_ETFs_Units,SIMN34,BRSIMNBDR002,775000.0
2025-01-01,2026-01-01,Ações_BDRs_ETFs_Units,SLBG34,BRSLBGBDR003,1893000.0
2025-01-01,2026-01-01,Ações_BDRs_ETFs_Units,SLCE3,BRSLCEACNOR2,5112000.0
2025-01-01,2026-01-01,Ações_BDRs_ETFs_Units,SMAL11,BRSMALCTF002,7197000.0
2025-01-01,2026-01-01,Ações_BDRs_ETFs_Units,SMFT3,BRSMFTACNOR1,10047000.0
2025-01-01,2026-01-01,Ações_BDRs_ETFs_Units,SMTO3,BRSMTOACNOR3,6260000.0
2025-01-01,2026-01-01,Ações_BDRs_ETFs_Units,SNEC34,BRSNECBDR002,1403000.0
2025-01-01,2026-01-01,Ações_BDRs_ETFs_Units,SPBZ11,BRSPBZCTF003,2090000.0
2025-01-01,2026-01-01,Ações_BDRs_ETFs_Units,SPGI34,BRSPGIBDR009,2480000.0
2025-01-01,2026-01-01,Ações_BDRs_ETFs_Units,SPVT11,BRSPVTCTF004,299299000.0
2025-01-01,2026-01-01,Ações_BDRs_ETFs_Units,SPXB11,BRSPXBCTF008,12490000.0
2025-01-01,2026-01-01,Ações_BDRs_ETFs_Units,SPXH11,BRSPXHCTF005,76000.0
2025-01-01,2026-01-01,Ações_BDRs_ETFs_Units,SPXI11,BRSPXICTF003,3832000.0
2025-01-01,2026-01-01,Ações_BDRs_ETFs_Units,SPXR11,BRSPXRCTF004,250060000.0
2025-01-01,2026-01-01,Ações_BDRs_ETFs_Units,SPYI11,BRSPYICTF001,1868000.0
2025-01-01,2026-01-01,Ações_BDRs_ETFs_Units,SPYR11,BRSPYRCTF002,380000.0
2025-01-01,2026-01-01,Ações_BDRs_ETFs_Units,SSFO34,BRSSFOBDR003,3042000.0
2025-01-01,2026-01-01,Ações_BDRs_ETFs_Units,STMN34,BRSTMNBDR009,1672000.0
2025-01-01,2026-01-01,Ações_BDRs_ETFs_Units,STOC34,BRSTOCBDR024,2642000.0
2025-01-01,2026-01-01,Ações_BDRs_ETFs_Units,STZB34,BRSTZBBDR006,1042000.0
2025-01-01,2026-01-01,Ações_BDRs_ETFs_Units,SUZB3,BRSUZBACNOR0,14053000.0
2025-01-01,2026-01-01,Ações_BDRs_ETFs_Units,SVAL11,BRSVALCTF003,96000.0
2025-01-01,2026-01-01,Ações_BDRs_ETFs_Units,T1AL34,BRT1ALBDR009,17661000.0
2025-01-01,2026-01-01,Ações_BDRs_ETFs_Units,T1AM34,BRT1AMBDR007,4448000.0
2025-01-01,2026-01-01,Ações_BDRs_ETFs_Units,T1CH34,BRT1CHBDR003,19047000.0
2025-01-01,2026-01-01,Ações_BDRs_ETFs_Units,T1DG34,BRT1DGBDR003,1434000.0
2025-01-01,2026-01-01,Ações_BDRs_ETFs_Units,T1EC34,BRT1ECBDR000,821000.0
2025-01-01,2026-01-01,Ações_BDRs_ETFs_Units,T1EL34,BRT1ELBDR001,321000.0
2025-01-01,2026-01-01,Ações_BDRs_ETFs_Units,T1EV34,BRT1EVBDR000,2367000.0
2025-01-01,2026-01-01,Ações_BDRs_ETFs_Units,T1FX34,BRT1FXBDR003,2749000.0
2025-01-01,2026-01-01,Ações_BDRs_ETFs_Units,T1MU34,BRT1MUBDR005,366000.0
2025-01-01,2026-01-01,Ações_BDRs_ETFs_Units,T1OW34,BRT1OWBDR007,4958000.0
2025-01-01,2026-01-01,Ações_BDRs_ETFs_Units,T1RI34,BRT1RIBDR009,1171000.0
2025-01-01,2026-01-01,Ações_BDRs_ETFs_Units,T1RO34,BRT1ROBDR007,693000.0
2025-01-01,2026-01-01,Ações_BDRs_ETFs_Units,T1SC34,BRT1SCBDR000,12690000.0
2025-01-01,2026-01-01,Ações_BDRs_ETFs_Units,T1SO34,BRT1SOBDR005,420000.0
2025-01-01,2026-01-01,Ações_BDRs_ETFs_Units,T1SS34,BRT1SSBDR006,1190000.0
2025-01-01,2026-01-01,Ações_BDRs_ETFs_Units,T1TW34,BRT1TWBDR006,580000.0
2025-01-01,2026-01-01,Ações_BDRs_ETFs_Units,T1WL34,BRT1WLBDR003,6447000.0
2025-01-01,2026-01-01,Ações_BDRs_ETFs_Units,T1XT34,BRT1XTBDR004,558000.0
2025-01-01,2026-01-01,Ações_BDRs_ETFs_Units,T2DH34,BRT2DHBDR009,90730000.0
2025-01-01,2026-01-01,Ações_BDRs_ETFs_Units,T2ER34,BRT2ERBDR006,3273000.0
2025-01-01,2026-01-01,Ações_BDRs_ETFs_Units,T2ND34,BRT2NDBDR007,9264000.0
2025-01-01,2026-01-01,Ações_BDRs_ETFs_Units,T2RE34,BRT2REBDR006,17809000.0
2025-01-01,2026-01-01,Ações_BDRs_ETFs_Units,T2RM34,BRT2RMBDR009,4459000.0
2025-01-01,2026-01-01,Ações_BDRs_ETFs_Units,T2TD34,BRT2TDBDR004,97141000.0
2025-01-01,2026-01-01,Ações_BDRs_ETFs_Units,T2YL34,BRT2YLBDR007,4920000.0
2025-01-01,2026-01-01,Ações_BDRs_ETFs_Units,TAEE11,BRTAEECDAM10,5024000.0
2025-01-01,2026-01-01,Ações_BDRs_ETFs_Units,TAKP34,BRTAKPBDR006,1344000.0
2025-01-01,2026-01-01,Ações_BDRs_ETFs_Units,TBIL39,BRTBILBDR007,845000.0
2025-01-01,2026-01-01,Ações_BDRs_ETFs_Units,TECK11,BRTECKCTF005,2443000.0
2025-01-01,2026-01-01,Ações_BDRs_ETFs_Units,TEND3,BRTENDACNOR4,5235000.0
2025-01-01,2026-01-01,Ações_BDRs_ETFs_Units,TEXA34,BRTEXABDR003,3065000.0
2025-01-01,2026-01-01,Ações_BDRs_ETFs_Units,TFCO4,BRTFCOACNPR8,2012000.0
2025-01-01,2026-01-01,Ações_BDRs_ETFs_Units,TGTB34,BRTGTBBDR004,381000.0
2025-01-01,2026-01-01,Ações_BDRs_ETFs_Units,THGI34,BRTHGIBDR004,230000.0
2025-01-01,2026-01-01,Ações_BDRs_ETFs_Units,TIMS3,BRTIMSACNOR5,16731000.0
2025-01-01,2026-01-01,Ações_BDRs_ETFs_Units,TIRB11,BRTIRBCTF003,132408000.0
2025-01-01,2026-01-01,Ações_BDRs_ETFs_Units,TJXC34,BRTJXCBDR008,228000.0
2025-01-01,2026-01-01,Ações_BDRs_ETFs_Units,TMCO34,BRTMCOBDR001,2013000.0
2025-01-01,2026-01-01,Ações_BDRs_ETFs_Units,TMOS34,BRTMOSBDR007,3000000.0
2025-01-01,2026-01-01,Ações_BDRs_ETFs_Units,TOPB39,BRTOPBBDR006,679000.0
2025-01-01,2026-01-01,Ações_BDRs_ETFs_Units,TOST34,BRTOSTBDR002,4329000.0
2025-01-01,2026-01-01,Ações_BDRs_ETFs_Units,TOTS3,BRTOTSACNOR8,6626000.0
2025-01-01,2026-01-01,Ações_BDRs_ETFs_Units,TPRY34,BRTPRYBDR001,356000.0
2025-01-01,2026-01-01,Ações_BDRs_ETFs_Units,TRVC34,BRTRVCBDR005,3906000.0
2025-01-01,2026-01-01,Ações_BDRs_ETFs_Units,TSLA34,BRTSLABDR008,6695000.0
2025-01-01,2026-01-01,Ações_BDRs_ETFs_Units,TSMC34,BRTSMCBDR002,1127000.0
2025-01-01,2026-01-01,Ações_BDRs_ETFs_Units,TSNF34,BRTSNFBDR003,654000.0
2025-01-01,2026-01-01,Ações_BDRs_ETFs_Units,TTEN3,BRTTENACNOR0,2788000.0
2025-01-01,2026-01-01,Ações_BDRs_ETFs_Units,TUPY3,BRTUPYACNOR1,2353000.0
2025-01-01,2026-01-01,Ações_BDRs_ETFs_Units,U1AI34,BRU1AIBDR002,2369000.0
2025-01-01,2026-01-01,Ações_BDRs_ETFs_Units,U1AL34,BRU1ALBDR006,637000.0
2025-01-01,2026-01-01,Ações_BDRs_ETFs_Units,U1BE34,BRU1BEBDR009,1815000.0
2025-01-01,2026-01-01,Ações_BDRs_ETFs_Units,U1DR34,BRU1DRBDR007,1034000.0
2025-01-01,2026-01-01,Ações_BDRs_ETFs_Units,U1HS34,BRU1HSBDR006,640000.0
2025-01-01,2026-01-01,Ações_BDRs_ETFs_Units,U1LT34,BRU1LTBDR006,1196000.0
2025-01-01,2026-01-01,Ações_BDRs_ETFs_Units,U1NM34,BRU1NMBDR007,452000.0
2025-01-01,2026-01-01,Ações_BDRs_ETFs_Units,U1RI34,BRU1RIBDR006,1231000.0
2025-01-01,2026-01-01,Ações_BDRs_ETFs_Units,U2NF34,BRU2NFBDR009,2274000.0
2025-01-01,2026-01-01,Ações_BDRs_ETFs_Units,U2PS34,BRU2PSBDR007,14680000.0
2025-01-01,2026-01-01,Ações_BDRs_ETFs_Units,U2PW34,BRU2PWBDR009,6077000.0
2025-01-01,2026-01-01,Ações_BDRs_ETFs_Units,U2ST34,BRU2STBDR009,16217000.0
2025-01-01,2026-01-01,Ações_BDRs_ETFs_Units,U2TH34,BRU2THBDR002,1403000.0
2025-01-01,2026-01-01,Ações_BDRs_ETFs_Units,UBSG34,BRUBSGBDR004,738000.0
2025-01-01,2026-01-01,Ações_BDRs_ETFs_Units,UGPA3,BRUGPAACNOR8,17512000.0
2025-01-01,2026-01-01,Ações_BDRs_ETFs_Units,ULEV34,BRULEVBDR002,549000.0
2025-01-01,2026-01-01,Ações_BDRs_ETFs_Units,UNHH34,BRUNHHBDR000,7955000.0
2025-01-01,2026-01-01,Ações_BDRs_ETFs_Units,UPAC34,BRUPACBDR001,615000.0
2025-01-01,2026-01-01,Ações_BDRs_ETFs_Units,UPSS34,BRUPSSBDR009,5764000.0
2025-01-01,2026-01-01,Ações_BDRs_ETFs_Units,USAL11,BRUSALCTF005,13397000.0
2025-01-01,2026-01-01,Ações_BDRs_ETFs_Units,USBC34,BRUSBCBDR003,2651000.0
2025-01-01,2026-01-01,Ações_BDRs_ETFs_Units,USIM5,BRUSIMACNPA6,30476000.0
2025-01-01,2026-01-01,Ações_BDRs_ETFs_Units,USTK11,BRUSTKCTF007,10712000.0
2025-01-01,2026-01-01,Ações_BDRs_ETFs_Units,UTEC11,BRUTECCTF004,8672000.0
2025-01-01,2026-01-01,Ações_BDRs_ETFs_Units,UTLL11,BRUTLLCTF000,37742000.0
2025-01-01,2026-01-01,Ações_BDRs_ETFs_Units,V1IP34,BRV1IPBDR009,2499000.0
2025-01-01,2026-01-01,Ações_BDRs_ETFs_Units,V1MC34,BRV1MCBDR009,7550000.0
2025-01-01,2026-01-01,Ações_BDRs_ETFs_Units,V1NO34,BRV1NOBDR002,749000.0
2025-01-01,2026-01-01,Ações_BDRs_ETFs_Units,V1OD34,BRV1ODBDR003,4186000.0
2025-01-01,2026-01-01,Ações_BDRs_ETFs_Units,V1RS34,BRV1RSBDR004,12500000.0
2025-01-01,2026-01-01,Ações_BDRs_ETFs_Units,V1RT34,BRV1RTBDR002,2147000.0
2025-01-01,2026-01-01,Ações_BDRs_ETFs_Units,V1ST34,BRV1STBDR000,3147000.0
2025-01-01,2026-01-01,Ações_BDRs_ETFs_Units,V1TA34,BRV1TABDR008,910000.0
2025-01-01,2026-01-01,Ações_BDRs_ETFs_Units,V2EE34,BRV2EEBDR000,4859000.0
2025-01-01,2026-01-01,Ações_BDRs_ETFs_Units,V2RN34,BRV2RNBDR003,6434000.0
2025-01-01,2026-01-01,Ações_BDRs_ETFs_Units,VALE3,BRVALEACNOR0,53028000.0
2025-01-01,2026-01-01,Ações_BDRs_ETFs_Units,VAMO3,BRVAMOACNOR7,41121000.0
2025-01-01,2026-01-01,Ações_BDRs_ETFs_Units,VBBR3,BRVBBRACNOR1,22937000.0
2025-01-01,2026-01-01,Ações_BDRs_ETFs_Units,VERZ34,BRVERZBDR008,5456000.0
2025-01-01,2026-01-01,Ações_BDRs_ETFs_Units,VFCO34,BRVFCOBDR001,3750000.0
2025-01-01,2026-01-01,Ações_BDRs_ETFs_Units,VISA34,BRVISABDR000,2081000.0
2025-01-01,2026-01-01,Ações_BDRs_ETFs_Units,VIVA3,BRVIVAACNOR0,6833000.0
2025-01-01,2026-01-01,Ações_BDRs_ETFs_Units,VIVT3,BRVIVTACNOR0,9992000.0
2025-01-01,2026-01-01,Ações_BDRs_ETFs_Units,VLOE34,BRVLOEBDR005,447000.0
2025-01-01,2026-01-01,Ações_BDRs_ETFs_Units,VLYB34,BRVLYBBDR000,3247000.0
2025-01-01,2026-01-01,Ações_BDRs_ETFs_Units,VRSN34,BRVRSNBDR004,610000.0
2025-01-01,2026-01-01,Ações_BDRs_ETFs_Units,VRTX34,BRVRTXBDR001,314000.0
2025-01-01,2026-01-01,Ações_BDRs_ETFs_Units,VULC3,BRVULCACNOR2,3201000.0
2025-01-01,2026-01-01,Ações_BDRs_ETFs_Units,VWRA11,BRVWRACTF002,326000.0
2025-01-01,2026-01-01,Ações_BDRs_ETFs_Units,W1AB34,BRW1ABBDR005,360000.0
2025-01-01,2026-01-01,Ações_BDRs_ETFs_Units,W1BD34,BRW1BDBDR009,1242000.0
2025-01-01,2026-01-01,Ações_BDRs_ETFs_Units,W1DA34,BRW1DABDR001,2682000.0
2025-01-01,2026-01-01,Ações_BDRs_ETFs_Units,W1DC34,BRW1DCBDR007,203000.0
2025-01-01,2026-01-01,Ações_BDRs_ETFs_Units,W1EC34,BRW1ECBDR005,665000.0
2025-01-01,2026-01-01,Ações_BDRs_ETFs_Units,W1EL34,BRW1ELBDR006,385000.0
2025-01-01,2026-01-01,Ações_BDRs_ETFs_Units,W1HR34,BRW1HRBDR006,1924000.0
2025-01-01,2026-01-01,Ações_BDRs_ETFs_Units,W1IX34,BRW1IXBDR002,10320000.0
2025-01-01,2026-01-01,Ações_BDRs_ETFs_Units,W1LT34,BRW1LTBDR004,608000.0
2025-01-01,2026-01-01,Ações_BDRs_ETFs_Units,W1MB34,BRW1MBBDR000,612000.0
2025-01-01,2026-01-01,Ações_BDRs_ETFs_Units,W1MC34,BRW1MCBDR008,327000.0
2025-01-01,2026-01-01,Ações_BDRs_ETFs_Units,W1MG34,BRW1MGBDR009,4102000.0
2025-01-01,2026-01-01,Ações_BDRs_ETFs_Units,W1RB34,BRW1RBBDR009,5438000.0
2025-01-01,2026-01-01,Ações_BDRs_ETFs_Units,W1SO34,BRW1SOBDR000,2612000.0
2025-01-01,2026-01-01,Ações_BDRs_ETFs_Units,W1YC34,BRW1YCBDR003,1530000.0
2025-01-01,2026-01-01,Ações_BDRs_ETFs_Units,W1YN34,BRW1YNBDR000,616000.0
2025-01-01,2026-01-01,Ações_BDRs_ETFs_Units,W2EX34,BRW2EXBDR009,2679000.0
2025-01-01,2026-01-01,Ações_BDRs_ETFs_Units,W2ST34,BRW2STBDR007,4909000.0
2025-01-01,2026-01-01,Ações_BDRs_ETFs_Units,W2YF34,BRW2YFBDR004,12581000.0
2025-01-01,2026-01-01,Ações_BDRs_ETFs_Units,WABC34,BRWABCBDR007,460000.0
2025-01-01,2026-01-01,Ações_BDRs_ETFs_Units,WALM34,BRWALMBDR005,5323000.0
2025-01-01,2026-01-01,Ações_BDRs_ETFs_Units,WATC34,BRWATCBDR009,370000.0
2025-01-01,2026-01-01,Ações_BDRs_ETFs_Units,WEGE3,BRWEGEACNOR0,24367000.0
2025-01-01,2026-01-01,Ações_BDRs_ETFs_Units,WEJRETF11,BRWEJRCTF009,477800.0
2025-01-01,2026-01-01,Ações_BDRs_ETFs_Units,WFCO34,BRWFCOBDR009,1541000.0
2025-01-01,2026-01-01,Ações_BDRs_ETFs_Units,WRLD11,BRWRLDCTF007,1766000.0
2025-01-01,2026-01-01,Ações_BDRs_ETFs_Units,WUNI34,BRWUNIBDR007,3840000.0
2025-01-01,2026-01-01,Ações_BDRs_ETFs_Units,X1EL34,BRX1ELBDR005,942000.0
2025-01-01,2026-01-01,Ações_BDRs_ETFs_Units,X1YL34,BRX1YLBDR003,549000.0
2025-01-01,2026-01-01,Ações_BDRs_ETFs_Units,X1YZ34,BRX1YZBDR003,13860000.0
2025-01-01,2026-01-01,Ações_BDRs_ETFs_Units,XB35ETF11,BRXB35CTF006,222100.0
2025-01-01,2026-01-01,Ações_BDRs_ETFs_Units,XB50ETF11,BRXB50CTF005,222400.0
2025-01-01,2026-01-01,Ações_BDRs_ETFs_Units,XBOV11,BRXBOVCTF005,23241000.0
2025-01-01,2026-01-01,Ações_BDRs_ETFs_Units,XINA11,BRXINACTF006,24795000.0
2025-01-01,2026-01-01,Ações_BDRs_ETFs_Units,XPBR31,BRXPBRBDR001,3805000.0
2025-01-01,2026-01-01,Ações_BDRs_ETFs_Units,XRAY34,BRXRAYBDR005,1758000.0
2025-01-01,2026-01-01,Ações_BDRs_ETFs_Units,XRXB34,BRXRXBBDR005,2541000.0
2025-01-01,2026-01-01,Ações_BDRs_ETFs_Units,Y2PF34,BRY2PFBDR000,947000.0
2025-01-01,2026-01-01,Ações_BDRs_ETFs_Units,YDUQ3,BRYDUQACNOR3,8616000.0
2025-01-01,2026-01-01,Ações_BDRs_ETFs_Units,YUMR34,BRYUMRBDR006,482000.0
2025-01-01,2026-01-01,Ações_BDRs_ETFs_Units,Z1BH34,BRZ1BHBDR007,1613000.0
2025-01-01,2026-01-01,Ações_BDRs_ETFs_Units,Z1BR34,BRZ1BRBDR006,4139000.0
2025-01-01,2026-01-01,Ações_BDRs_ETFs_Units,Z1IO34,BRZ1IOBDR008,621000.0
2025-01-01,2026-01-01,Ações_BDRs_ETFs_Units,Z1OM34,BRZ1OMBDR000,10326000.0
2025-01-01,2026-01-01,Ações_BDRs_ETFs_Units,Z1TA34,BRZ1TABDR004,4073000.0
2025-01-01,2026-01-01,Ações_BDRs_ETFs_Units,Z1TO34,BRZ1TOBDR005,2984000.0
2025-01-01,2026-01-01,Ações_BDRs_ETFs_Units,Z1TS34,BRZ1TSBDR006,4669000.0
2025-01-01,2026-01-01,Ações_BDRs_ETFs_Units,Z2DV34,BRZ2DVBDR002,4053000.0
2025-01-01,2026-01-01,Ações_BDRs_ETFs_Units,Z2IT34,BRZ2ITBDR005,15749000.0
2025-01-01,2026-01-01,Ações_BDRs_ETFs_Units,Z2LL34,BRZ2LLBDR006,5899000.0
2025-01-01,2026-01-01,Ações_BDRs_ETFs_Units,Z2LL35,BRZ2LLBDR014,2003000.0
2025-01-01,2026-01-01,Ações_BDRs_ETFs_Units,Z2SC34,BRZ2SCBDR000,4700000.0
2025-01-01,2026-01-01,ADR,ELET3 BZ,US15234Q2075,4467000.0
2025-01-01,2026-01-01,ADR,GGBR4 BZ,US3737371050,41682000.0
2025-01-01,2026-01-01,ADR,PETR4 BZ,US71654V1017,18888000.0
2025-01-01,2026-01-01,ADR,BBDC4 BZ,US0594603039,117171000.0
2025-01-01,2026-01-01,ADR,ABEV3 BZ,US02319V1035,113790000.0
2025-01-01,2026-01-01,ADR,ITUB4 BZ,US4655621062,72290000.0
2025-01-01,2026-01-01,ADR,VALE3 BZ,US91912E1055,85565000.0
2025-01-01,2026-01-01,ADR,BBDC3 BZ,US0594604029,92000.0
2025-01-01,2026-01-01,ADR,SANB11 BZ,US05967A1079,1711000.0
2025-01-01,2026-01-01,ADR,BRKM5 BZ,US1055321053,2581000.0
2025-01-01,2026-01-01,ADR,BRFS3 BZ,US10552T1079,4108000.0
2025-01-01,2026-01-01,ADR,ELET6 BZ,US15234Q1085,31000.0
2025-01-01,2026-01-01,ADR,SBSP3 BZ,US20441A1025,2954000.0
2025-01-01,2026-01-01,ADR,CMIG4 BZ,US2044096012,8058000.0
2025-01-01,2026-01-01,ADR,CPLE6 BZ,US20441B4077,608000.0
2025-01-01,2026-01-01,ADR,CSNA3 BZ,US20440W1053,6643000.0
2025-01-01,2026-01-01,ADR,EMBR3 BZ,US29082A1079,4428000.0
2025-01-01,2026-01-01,ADR,PETR3 BZ,US71654V4086,58947000.0
2025-01-01,2026-01-01,ADR,UGPA3 BZ,US90400P1012,5176000.0
2025-01-01,2026-01-01,ADR,TIMS3 BZ,US88706T1088,935000.0
2025-01-01,2026-01-01,ADR,VIVT3 BZ,US87936R2058,2111000.0
2025-01-01,2026-01-01,ADR,TSLA,US88160R1014,815000.0
2025-01-01,2026-01-01,ADR,NVDA,US67066G1040,2040000.0
2025-01-01,2026-01-01,ADR,AAPL,US0378331005,1431000.0
2025-01-01,2026-01-01,ADR,MSFT,US5949181045,708000.0
2025-01-01,2026-01-01,ADR,AMZN,US0231351067,1639000.0
2025-01-01,2026-01-01,ADR,GOOGL,US02079K1079,1461000.0
2025-01-01,2026-01-01,ADR,META,US30303M1027,475000.0
2025-01-01,2026-01-01,ADR,AXIA7 BZ,US15236F1003,1340100.0
2025-01-01,2026-01-01,DEB,ALGAA2,BRALGTDBS0G4,36800.0
2025-01-01,2026-01-01,DEB,ALGAB1,BRALGTDBS0F6,15100.0
2025-01-01,2026-01-01,DEB,CEEBA6,BRCEEBDBS0R0,20000.0
2025-01-01,2026-01-01,DEB,ALGTA4,BRALGTDBS0K6,35000.0
2025-01-01,2026-01-01,DEB,CSAN18,BRCSANDBS0D4,62500.0
2025-01-01,2026-01-01,DEB,CSAN23,BRCSANDBS040,45000.0
2025-01-01,2026-01-01,DEB,CSAN24,BRCSANDBS073,55000.0
2025-01-01,2026-01-01,DEB,EGIEA1,BREGIEDBS0C1,54300.0
2025-01-01,2026-01-01,DEB,ELPLA7,BRELPLDBS126,40000.0
2025-01-01,2026-01-01,DEB,ELPLB4,BRELPLDBS0Y0,40000.0
2025-01-01,2026-01-01,DEB,ENGIB9,BRENGIDBS127,57700.0
2025-01-01,2026-01-01,DEB,LCAMC2,BRLCAMDBS0Q4,20100.0
2025-01-01,2026-01-01,DEB,TIMS12,BRTIMSDBS007,80000.0
2025-01-01,2026-01-01,DEB,RDORC9,BRRDORDBS0C6,75000.0
2025-01-01,2026-01-01,DEB,RDORC3,BRRDORDBS0F9,31300.0
2025-01-01,2026-01-01,DEB,RDORB9,BRRDORDBS0A0,90700.0
2025-01-01,2026-01-01,DEB,RDORB3,BRRDORDBS0E2,42600.0
2025-01-01,2026-01-01,DEB,PETR26,BRPETRDBS092,77000.0
2025-01-01,2026-01-01,DEB,TRPLA4,BRISAEDBS046,39200.0
2025-01-01,2026-01-01,DEB,TRPLB4,BRISAEDBS053,55900.0
2025-01-01,2026-01-01,DEB,LCAMD1,BRRENTDBS162,55100.0
2025-01-01,2026-01-01,DEB,LORTA7,BRRENTDBS0K7,60100.0
2025-01-01,2026-01-01,DEB,LORTB9,BRRENTDBS0N1,77600.0
2025-01-01,2026-01-01,DEB,CSANB0,BRCSANDBS0I3,36300.0
2025-01-01,2026-01-01,DEB,ENGIB0,BRENGIDBS150,32400.0
2025-01-01,2026-01-01,DEB,ENGIC0,BRENGIDBS168,39700.0
2025-01-01,2026-01-01,DEB,RDORD3,BRRDORDBS0Q6,93400.0
2025-01-01,2026-01-01,DEB,RENTD1,BRRENTDBS1D0,35000.0
2025-01-01,2026-01-01,DEB,RDORC7,BRRDORDBS034,50000.0
2025-01-01,2026-01-01,DEB,RENTA5,BRRENTDBS0S0,75100.0
2025-01-01,2026-01-01,DEB,KLBNA5,BRKLBNDBS087,75100.0
2025-01-01,2026-01-01,DEB,SBSPE3,BRSBSPDBS213,70000.0
2025-01-01,2026-01-01,DEB,SBSPF3,BRSBSPDBS221,65000.0
2025-01-01,2026-01-01,DEB,PETR16,BRPETRDBS001,45000.0
2025-01-01,2026-01-01,DEB,VALEA0,BRVALEDBS002,96700.0
2025-01-01,2026-01-01,DEB,ENGIC3,BRENGIDBS1B0,29000.0
2025-01-01,2026-01-01,DEB,PFOR15,BRPFORDBS009,40000.0
2025-01-01,2026-01-01,DEB,PALFB6,BRPALFDBS0M7,39700.0
2025-01-01,2026-01-01,DEB,BRMLB1,BRBRMLDBS0C6,93000.0
2025-01-01,2026-01-01,DEB,RESA14,BRRESADBS039,45000.0
2025-01-01,2026-01-01,DEB,VALEB0,BRVALEDBS0B3,90100.0
2025-01-01,2026-01-01,DEB,VALEC0,BRVALEDBS0C1,60100.0
2025-01-01,2026-01-01,DEB,EGIEA4,BREGIEDBS0M0,50100.0
2025-01-01,2026-01-01,DEB,EGIEB4,BREGIEDBS0N8,50000.0
2025-01-01,2026-01-01,DEB,CPGTC0,BRCPGTDBS0G8,50100.0
2025-01-01,2026-01-01,DEB,GASC18,BRGASCDBS0C5,21800.0
2025-01-01,2026-01-01,DEB,GASC28,BRGASCDBS0D3,68300.0
2025-01-01,2026-01-01,DEB,EQTL17,BREQTLDBS0B9,75000.0
2025-01-01,2026-01-01,DEB,ISAEA8,BRISAEDBS0H0,25100.0
2025-01-01,2026-01-01,DEB,ISAEB8,BRISAEDBS0K4,45000.0
2025-01-01,2026-01-01,DEB,EGIEA3,BREGIEDBS0L2,75000.0
2025-01-01,2026-01-01,DEB,ENGIA1,BRENGIDBS0L1,25000.0
2025-01-01,2026-01-01,DEB,RAIZ13,BRRAIZDBS019,43600.0
2025-01-01,2026-01-01,DEB,RDORC4,BRRDORDBS0R4,94600.0
2025-01-01,2026-01-01,DEB,RESA27,BRRESADBS088,21500.0
2025-01-01,2026-01-01,DEB,RDORD4,BRRDORDBS0S2,75000.0
2025-01-01,2026-01-01,DEB,EKTRA5,BREKTRDBS0V7,35000.0
2025-01-01,2026-01-01,DEB,IOCHA4,BRMYPKDBS0D0,37500.0
2025-01-01,2026-01-01,DEB,CEPEA6,BRCEPEDBS0R4,35000.0
2025-01-01,2026-01-01,DEB,ALUP18,BRALUPDBS0C9,42500.0
2025-01-01,2026-01-01,DEB,AESLA9,BRAESLDBS0U8,54500.0
2025-01-01,2026-01-01,DEB,CPLD29,BRCPLDDBS0F1,75000.0
2025-01-01,2026-01-01,DEB,RDORE4,BRRDORDBS0T0,82500.0
2025-01-01,2026-01-01,DEB,TRPLB7,BRISAEDBS0C1,37500.0
2025-01-01,2026-01-01,DEB,VALEB1,BRVALEDBS0D9,100000.0
2025-01-01,2026-01-01,DEB,VALEC1,BRVALEDBS0E7,100000.0
2025-01-01,2026-01-01,DEB,VALED1,BRVALEDBS0F4,100100.0
2025-01-01,2026-01-01,DEB,ISAEA9,BRISAEDBS0L2,29000.0
2025-01-01,2026-01-01,DEB,PASS14,BRPASSDBS041,98200.0
2025-01-01,2026-01-01,DEB,PETR28,BRPETRDBS0F5,41200.0
2025-01-01,2026-01-01,DEB,CPLDC0,BRCPLDDBS0I5,60000.0
2025-01-01,2026-01-01,DEB,EGIEA5,BREGIEDBS0O6,37500.0
2025-01-01,2026-01-01,DEB,EGIEB5,BREGIEDBS0P3,72600.0
2025-01-01,2026-01-01,DEB,RESA17,BRRESADBS070,38500.0
2025-01-01,2026-01-01,DEB,VBBR15,BRVBBRDBS037,75000.0
2025-01-01,2026-01-01,DEB,VBBR24,BRVBBRDBS029,39600.0
2025-01-01,2026-01-01,DEB,VBBR18,BRVBBRDBS078,98600.0
2025-01-01,2026-01-01,DEB,PFOR16,BRPFORDBS025,98700.0
2025-01-01,2026-01-01,DEB,PFOR26,BRPFORDBS033,50000.0
2025-01-01,2026-01-01,DEB,ENERC7,BRENERDBS107,18000.0
2025-01-01,2026-01-01,DEB,ENGIC4,BRENGIDBS1D6,100000.0
2025-01-01,2026-01-01,DEB,LCAMD3,BRRENTDBS154,25800.0
2025-01-01,2026-01-01,DEB,ENGIA8,BRENGIDBS0Z1,56500.0
2025-01-01,2026-01-01,DEB,CEPEC2,BRCEPEDBS0K9,20000.0
2025-01-01,2026-01-01,DEB,SBSPH0,BRSBSPDBS1V3,25000.0
2025-01-01,2026-01-01,DEB,MNRVA1,BRBEEFDBS057,20000.0
2025-01-01,2026-01-01,DEB,CPGT17,BRCPGTDBS073,56700.0
2025-01-01,2026-01-01,DEB,CPGT27,BRCPGTDBS081,18400.0
2025-01-01,2026-01-01,DEB,ENGIB2,BRENGIDBS192,36500.0
2025-01-01,2026-01-01,DEB,RAIZ23,BRRAIZDBS027,31500.0
2025-01-01,2026-01-01,DEB,GASC25,BRGASCDBS077,33400.0
2025-01-01,2026-01-01,DEB,VBBR26,BRVBBRDBS052,37200.0
2025-01-01,2026-01-01,DEB,TRPLA7,BRISAEDBS0B3,52500.0
2025-01-01,2026-02-01,Ações_BDRs_ETFs_Units,A1AP34,BRA1APBDR001,12461000.0
2025-01-01,2026-02-01,Ações_BDRs_ETFs_Units,A1CR34,BRA1CRBDR003,857000.0
2025-01-01,2026-02-01,Ações_BDRs_ETFs_Units,A1DC34,BRA1DCBDR003,4235000.0
2025-01-01,2026-02-01,Ações_BDRs_ETFs_Units,A1DI34,BRA1DIBDR000,249000.0
2025-01-01,2026-02-01,Ações_BDRs_ETFs_Units,A1DM34,BRA1DMBDR002,561000.0
2025-01-01,2026-02-01,Ações_BDRs_ETFs_Units,A1EE34,BRA1EEBDR007,719000.0
2025-01-01,2026-02-01,Ações_BDRs_ETFs_Units,A1EG34,BRA1EGBDR002,2181000.0
2025-01-01,2026-02-01,Ações_BDRs_ETFs_Units,A1EN34,BRA1ENBDR008,576000.0
2025-01-01,2026-02-01,Ações_BDRs_ETFs_Units,A1EP34,BRA1EPBDR003,651000.0
2025-01-01,2026-02-01,Ações_BDRs_ETFs_Units,A1ES34,BRA1ESBDR007,2588000.0
2025-01-01,2026-02-01,Ações_BDRs_ETFs_Units,A1FL34,BRA1FLBDR009,345000.0
2025-01-01,2026-02-01,Ações_BDRs_ETFs_Units,A1GI34,BRA1GIBDR003,567000.0
2025-01-01,2026-02-01,Ações_BDRs_ETFs_Units,A1GN34,BRA1GNBDR003,456000.0
2025-01-01,2026-02-01,Ações_BDRs_ETFs_Units,A1HR34,BRA1HRBDR002,2534000.0
2025-01-01,2026-02-01,Ações_BDRs_ETFs_Units,A1JG34,BRA1JGBDR001,320000.0
2025-01-01,2026-02-01,Ações_BDRs_ETFs_Units,A1KA34,BRA1KABDR002,4476000.0
2025-01-01,2026-02-01,Ações_BDRs_ETFs_Units,A1LB34,BRA1LBBDR008,4716000.0
2025-01-01,2026-02-01,Ações_BDRs_ETFs_Units,A1LG34,BRA1LGBDR007,865000.0
2025-01-01,2026-02-01,Ações_BDRs_ETFs_Units,A1LK34,BRA1LKBDR009,710000.0
2025-01-01,2026-02-01,Ações_BDRs_ETFs_Units,A1LL34,BRA1LLBDR007,1421000.0
2025-01-01,2026-02-01,Ações_BDRs_ETFs_Units,A1LN34,BRA1LNBDR003,2070000.0
2025-01-01,2026-02-01,Ações_BDRs_ETFs_Units,A1MD34,BRA1MDBDR002,1429000.0
2025-01-01,2026-02-01,Ações_BDRs_ETFs_Units,A1ME34,BRA1MEBDR000,4053000.0
2025-01-01,2026-02-01,Ações_BDRs_ETFs_Units,A1MP34,BRA1MPBDR006,307000.0
2025-01-01,2026-02-01,Ações_BDRs_ETFs_Units,A1MT34,BRA1MTBDR008,1163000.0
2025-01-01,2026-02-01,Ações_BDRs_ETFs_Units,A1NE34,BRA1NEBDR008,1059000.0
2025-01-01,2026-02-01,Ações_BDRs_ETFs_Units,A1ON34,BRA1ONBDR007,428000.0
2025-01-01,2026-02-01,Ações_BDRs_ETFs_Units,A1OS34,BRA1OSBDR006,517000.0
2025-01-01,2026-02-01,Ações_BDRs_ETFs_Units,A1PA34,BRA1PABDR001,1409000.0
2025-01-01,2026-02-01,Ações_BDRs_ETFs_Units,A1PD34,BRA1PDBDR005,574000.0
2025-01-01,2026-02-01,Ações_BDRs_ETFs_Units,A1PH34,BRA1PHBDR006,471000.0
2025-01-01,2026-02-01,Ações_BDRs_ETFs_Units,A1PL34,BRA1PLBDR008,925000.0
2025-01-01,2026-02-01,Ações_BDRs_ETFs_Units,A1PO34,BRA1POBDR002,4392000.0
2025-01-01,2026-02-01,Ações_BDRs_ETFs_Units,A1PP34,BRA1PPBDR009,2272000.0
2025-01-01,2026-02-01,Ações_BDRs_ETFs_Units,A1RE34,BRA1REBDR009,2674000.0
2025-01-01,2026-02-01,Ações_BDRs_ETFs_Units,A1RG34,BRA1RGBDR004,1129000.0
2025-01-01,2026-02-01,Ações_BDRs_ETFs_Units,A1SN34,BRA1SNBDR008,2623000.0
2025-01-01,2026-02-01,Ações_BDRs_ETFs_Units,A1SU34,BRA1SUBDR003,570000.0
2025-01-01,2026-02-01,Ações_BDRs_ETFs_Units,A1TM34,BRA1TMBDR008,446000.0
2025-01-01,2026-02-01,Ações_BDRs_ETFs_Units,A1TT34,BRA1TTBDR003,4746000.0
2025-01-01,2026-02-01,Ações_BDRs_ETFs_Units,A1UT34,BRA1UTBDR001,573000.0
2025-01-01,2026-02-01,Ações_BDRs_ETFs_Units,A1VB34,BRA1VBBDR007,839000.0
2025-01-01,2026-02-01,Ações_BDRs_ETFs_Units,A1VY34,BRA1VYBDR009,411000.0
2025-01-01,2026-02-01,Ações_BDRs_ETFs_Units,A1WK34,BRA1WKBDR006,1176000.0
2025-01-01,2026-02-01,Ações_BDRs_ETFs_Units,A1ZN34,BRA1ZNBDR003,1177000.0
2025-01-01,2026-02-01,Ações_BDRs_ETFs_Units,A2LC34,BRA2LCBDR004,4744000.0
2025-01-01,2026-02-01,Ações_BDRs_ETFs_Units,A2MB34,BRA2MBBDR004,9682000.0
2025-01-01,2026-02-01,Ações_BDRs_ETFs_Units,A2RE34,BRA2REBDR007,2590000.0
2025-01-01,2026-02-01,Ações_BDRs_ETFs_Units,A2RR34,BRA2RRBDR009,4391000.0
2025-01-01,2026-02-01,Ações_BDRs_ETFs_Units,A2RW34,BRA2RWBDR009,3613000.0
2025-01-01,2026-02-01,Ações_BDRs_ETFs_Units,A2SO34,BRA2SOBDR004,2840000.0
2025-01-01,2026-02-01,Ações_BDRs_ETFs_Units,A2XO34,BRA2XOBDR004,1135000.0
2025-01-01,2026-02-01,Ações_BDRs_ETFs_Units,A2ZT34,BRA2ZTBDR008,2714000.0
2025-01-01,2026-02-01,Ações_BDRs_ETFs_Units,AALL34,BRAALLBDR003,2874000.0
2025-01-01,2026-02-01,Ações_BDRs_ETFs_Units,AAPL34,BRAAPLBDR004,3728000.0
2025-01-01,2026-02-01,Ações_BDRs_ETFs_Units,ABBV34,BRABBVBDR001,2755000.0
2025-01-01,2026-02-01,Ações_BDRs_ETFs_Units,ABCB4,BRABCBACNPR4,1203000.0
2025-01-01,2026-02-01,Ações_BDRs_ETFs_Units,ABEV3,BRABEVACNOR1,71095000.0
2025-01-01,2026-02-01,Ações_BDRs_ETFs_Units,ABTT34,BRABTTBDR007,4277000.0
2025-01-01,2026-02-01,Ações_BDRs_ETFs_Units,ABUD34,BRABUDBDR009,3281000.0
2025-01-01,2026-02-01,Ações_BDRs_ETFs_Units,ACNB34,BRACNBBDR006,132000.0
2025-01-01,2026-02-01,Ações_BDRs_ETFs_Units,ACWI11,BRACWICTF001,13118000.0
2025-01-01,2026-02-01,Ações_BDRs_ETFs_Units,ADBE34,BRADBEBDR003,6479000.0
2025-01-01,2026-02-01,Ações_BDRs_ETFs_Units,ADPR34,BRADPRBDR005,3501000.0
2025-01-01,2026-02-01,Ações_BDRs_ETFs_Units,AIGB34,BRAIGBBDR007,517000.0
2025-01-01,2026-02-01,Ações_BDRs_ETFs_Units,AIRB34,BRAIRBBDR004,5827000.0
2025-01-01,2026-02-01,Ações_BDRs_ETFs_Units,ALOS3,BRALOSACNOR5,10732000.0
2025-01-01,2026-02-01,Ações_BDRs_ETFs_Units,ALPA4,BRALPAACNPR7,5143000.0
2025-01-01,2026-02-01,Ações_BDRs_ETFs_Units,ALUG11,BRALUGCTF000,5150000.0
2025-01-01,2026-02-01,Ações_BDRs_ETFs_Units,ALUP11,BRALUPCDAM15,1838000.0
2025-01-01,2026-02-01,Ações_BDRs_ETFs_Units,AMGN34,BRAMGNBDR004,3079000.0
2025-01-01,2026-02-01,Ações_BDRs_ETFs_Units,AMLG34,BRAMLGBDR008,447000.0
2025-01-01,2026-02-01,Ações_BDRs_ETFs_Units,AMZO34,BRAMZOBDR002,4301000.0
2025-01-01,2026-02-01,Ações_BDRs_ETFs_Units,ANIM3,BRANIMACNOR6,17748000.0
2025-01-01,2026-02-01,Ações_BDRs_ETFs_Units,APTV34,BRAPTVBDR003,985000.0
2025-01-01,2026-02-01,Ações_BDRs_ETFs_Units,AREAETF11,BRAREACTF004,158400.0
2025-01-01,2026-02-01,Ações_BDRs_ETFs_Units,ARMT34,BRARMTBDR008,972000.0
2025-01-01,2026-02-01,Ações_BDRs_ETFs_Units,ARNC34,BRARNCBDR002,176000.0
2025-01-01,2026-02-01,Ações_BDRs_ETFs_Units,ASAI3,BRASAIACNOR0,47173000.0
2025-01-01,2026-02-01,Ações_BDRs_ETFs_Units,ASML34,BRASMLBDR003,1439000.0
2025-01-01,2026-02-01,Ações_BDRs_ETFs_Units,ATTB34,BRATTBBDR007,5059000.0
2025-01-01,2026-02-01,Ações_BDRs_ETFs_Units,AUAU3,BRAUAUACNOR1,11113000.0
2025-01-01,2026-02-01,Ações_BDRs_ETFs_Units,AUPOETF11,BRAUPOCTF005,730800.0
2025-01-01,2026-02-01,Ações_BDRs_ETFs_Units,AURA33,BRAURABDR001,1641000.0
2025-01-01,2026-02-01,Ações_BDRs_ETFs_Units,AURE3,BRAUREACNOR9,11193000.0
2025-01-01,2026-02-01,Ações_BDRs_ETFs_Units,AVGO34,BRAVGOBDR003,8986000.0
2025-01-01,2026-02-01,Ações_BDRs_ETFs_Units,AWII34,BRAWIIBDR009,150000.0
2025-01-01,2026-02-01,Ações_BDRs_ETFs_Units,AXIA3,BRAXIAACNOR0,33513000.0
2025-01-01,2026-02-01,Ações_BDRs_ETFs_Units,AXIA6,BRAXIAACNPB1,4615000.0
2025-01-01,2026-02-01,Ações_BDRs_ETFs_Units,AXIA7,BRAXIAACNPC9,10054000.0
2025-01-01,2026-02-01,Ações_BDRs_ETFs_Units,AXPB34,BRAXPBBDR007,1074000.0
2025-01-01,2026-02-01,Ações_BDRs_ETFs_Units,AZOI34,BRAZOIBDR000,2209000.0
2025-01-01,2026-02-01,Ações_BDRs_ETFs_Units,AZZA3,BRAZZAACNOR9,7069000.0
2025-01-01,2026-02-01,Ações_BDRs_ETFs_Units,B1AM34,BRB1AMBDR007,3244000.0
2025-01-01,2026-02-01,Ações_BDRs_ETFs_Units,B1AX34,BRB1AXBDR004,3917000.0
2025-01-01,2026-02-01,Ações_BDRs_ETFs_Units,B1BT34,BRB1BTBDR000,844000.0
2025-01-01,2026-02-01,Ações_BDRs_ETFs_Units,B1BW34,BRB1BWBDR012,6761000.0
2025-01-01,2026-02-01,Ações_BDRs_ETFs_Units,B1CS34,BRB1CSBDR000,1421000.0
2025-01-01,2026-02-01,Ações_BDRs_ETFs_Units,B1DX34,BRB1DXBDR008,944000.0
2025-01-01,2026-02-01,Ações_BDRs_ETFs_Units,B1FC34,BRB1FCBDR007,1432000.0
2025-01-01,2026-02-01,Ações_BDRs_ETFs_Units,B1IL34,BRB1ILBDR002,4269000.0
2025-01-01,2026-02-01,Ações_BDRs_ETFs_Units,B1KR34,BRB1KRBDR005,676000.0
2025-01-01,2026-02-01,Ações_BDRs_ETFs_Units,B1LL34,BRB1LLBDR006,1355000.0
2025-01-01,2026-02-01,Ações_BDRs_ETFs_Units,B1ME34,BRB1MEBDR009,2637000.0
2025-01-01,2026-02-01,Ações_BDRs_ETFs_Units,B1MR34,BRB1MRBDR001,1343000.0
2025-01-01,2026-02-01,Ações_BDRs_ETFs_Units,B1NT34,BRB1NTBDR005,5182000.0
2025-01-01,2026-02-01,Ações_BDRs_ETFs_Units,B1PP34,BRB1PPBDR008,4075000.0
2025-01-01,2026-02-01,Ações_BDRs_ETFs_Units,B1RF34,BRB1RFBDR005,731000.0
2025-01-01,2026-02-01,Ações_BDRs_ETFs_Units,B1SX34,BRB1SXBDR006,410000.0
2025-01-01,2026-02-01,Ações_BDRs_ETFs_Units,B1TI34,BRB1TIBDR005,3196000.0
2025-01-01,2026-02-01,Ações_BDRs_ETFs_Units,B1WA34,BRB1WABDR006,795000.0
2025-01-01,2026-02-01,Ações_BDRs_ETFs_Units,B2AH34,BRB2AHBDR005,4222000.0
2025-01-01,2026-02-01,Ações_BDRs_ETFs_Units,B2AP34,BRB2APBDR008,1298000.0
2025-01-01,2026-02-01,Ações_BDRs_ETFs_Units,B2HI34,BRB2HIBDR008,147079000.0
2025-01-01,2026-02-01,Ações_BDRs_ETFs_Units,B2LN34,BRB2LNBDR000,4112000.0
2025-01-01,2026-02-01,Ações_BDRs_ETFs_Units,B2MB34,BRB2MBBDR003,7712000.0
2025-01-01,2026-02-01,Ações_BDRs_ETFs_Units,B2RK34,BRB2RKBDR003,7824000.0
2025-01-01,2026-02-01,Ações_BDRs_ETFs_Units,B2UR34,BRB2URBDR002,3660000.0
2025-01-01,2026-02-01,Ações_BDRs_ETFs_Units,B2YN34,BRB2YNBDR003,39543000.0
2025-01-01,2026-02-01,Ações_BDRs_ETFs_Units,B3BR11,BRB3BRCTF009,15571000.0
2025-01-01,2026-02-01,Ações_BDRs_ETFs_Units,B5MBETF11,BRB5MBCTF005,4176900.0
2025-01-01,2026-02-01,Ações_BDRs_ETFs_Units,B5P2ETF11,BRB5P2CTF001,14856100.0
2025-01-01,2026-02-01,Ações_BDRs_ETFs_Units,BAAX39,BRBAAXBDR009,2505000.0
2025-01-01,2026-02-01,Ações_BDRs_ETFs_Units,BABA34,BRBABABDR005,7216000.0
2025-01-01,2026-02-01,Ações_BDRs_ETFs_Units,BACW39,BRBACWBDR007,2651000.0
2025-01-01,2026-02-01,Ações_BDRs_ETFs_Units,BAER39,BRBAERBDR003,3238000.0
2025-01-01,2026-02-01,Ações_BDRs_ETFs_Units,BAIR39,BRBAIRBDR004,1728000.0
2025-01-01,2026-02-01,Ações_BDRs_ETFs_Units,BARY39,BRBARYBDR001,450000.0
2025-01-01,2026-02-01,Ações_BDRs_ETFs_Units,BBAS3,BRBBASACNOR3,56919000.0
2025-01-01,2026-02-01,Ações_BDRs_ETFs_Units,BBCN39,BRBBCNBDR004,561000.0
2025-01-01,2026-02-01,Ações_BDRs_ETFs_Units,BBDC3,BRBBDCACNOR1,14714000.0
2025-01-01,2026-02-01,Ações_BDRs_ETFs_Units,BBDC4,BRBBDCACNPR8,77729000.0
2025-01-01,2026-02-01,Ações_BDRs_ETFs_Units,BBER39,BRBBERBDR001,923000.0
2025-01-01,2026-02-01,Ações_BDRs_ETFs_Units,BBJP39,BRBBJPBDR004,2741000.0
2025-01-01,2026-02-01,Ações_BDRs_ETFs_Units,BBOV11,BRBBOVCTF001,43009000.0
2025-01-01,2026-02-01,Ações_BDRs_ETFs_Units,BBSD11,BRBBSDCTF000,5872000.0
2025-01-01,2026-02-01,Ações_BDRs_ETFs_Units,BBSE3,BRBBSEACNOR5,11833000.0
2025-01-01,2026-02-01,Ações_BDRs_ETFs_Units,BBUS39,BRBBUSBDR005,1145000.0
2025-01-01,2026-02-01,Ações_BDRs_ETFs_Units,BBYY34,BRBBYYBDR005,557000.0
2025-01-01,2026-02-01,Ações_BDRs_ETFs_Units,BCHI39,BRBCHIBDR001,4865000.0
2025-01-01,2026-02-01,Ações_BDRs_ETFs_Units,BCIR39,BRBCIRBDR000,2112000.0
2025-01-01,2026-02-01,Ações_BDRs_ETFs_Units,BCPX39,BRBCPXBDR003,4222000.0
2025-01-01,2026-02-01,Ações_BDRs_ETFs_Units,BCSA34,BRBCSABDR005,1285000.0
2025-01-01,2026-02-01,Ações_BDRs_ETFs_Units,BDEF11,BRBDEFCTF001,6713000.0
2025-01-01,2026-02-01,Ações_BDRs_ETFs_Units,BDOM11,BRBDOMCTF006,29570000.0
2025-01-01,2026-02-01,Ações_BDRs_ETFs_Units,BDVY39,BRBDVYBDR007,1999000.0
2025-01-01,2026-02-01,Ações_BDRs_ETFs_Units,BEEF3,BRBEEFACNOR6,31893000.0
2025-01-01,2026-02-01,Ações_BDRs_ETFs_Units,BEEM39,BRBEEMBDR006,3794000.0
2025-01-01,2026-02-01,Ações_BDRs_ETFs_Units,BEFA39,BRBEFABDR008,3015000.0
2025-01-01,2026-02-01,Ações_BDRs_ETFs_Units,BEFG39,BRBEFGBDR005,3111000.0
2025-01-01,2026-02-01,Ações_BDRs_ETFs_Units,BEFV39,BRBEFVBDR004,3088000.0
2025-01-01,2026-02-01,Ações_BDRs_ETFs_Units,BEGD39,BRBEGDBDR000,920000.0
2025-01-01,2026-02-01,Ações_BDRs_ETFs_Units,BEGE39,BRBEGEBDR008,882000.0
2025-01-01,2026-02-01,Ações_BDRs_ETFs_Units,BEGU39,BRBEGUBDR004,2503000.0
2025-01-01,2026-02-01,Ações_BDRs_ETFs_Units,BEMC39,BRBEMCBDR000,2356000.0
2025-01-01,2026-02-01,Ações_BDRs_ETFs_Units,BEMV39,BRBEMVBDR000,944000.0
2025-01-01,2026-02-01,Ações_BDRs_ETFs_Units,BERK34,BRBERKBDR002,1711000.0
2025-01-01,2026-02-01,Ações_BDRs_ETFs_Units,BEST11,BRBESTCTF000,12094000.0
2025-01-01,2026-02-01,Ações_BDRs_ETFs_Units,BEUF39,BRBEUFBDR006,854000.0
2025-01-01,2026-02-01,Ações_BDRs_ETFs_Units,BEWA39,BRBEWABDR003,4136000.0
2025-01-01,2026-02-01,Ações_BDRs_ETFs_Units,BEWC39,BRBEWCBDR009,2731000.0
2025-01-01,2026-02-01,Ações_BDRs_ETFs_Units,BEWG39,BRBEWGBDR000,2618000.0
2025-01-01,2026-02-01,Ações_BDRs_ETFs_Units,BEWH39,BRBEWHBDR008,3898000.0
2025-01-01,2026-02-01,Ações_BDRs_ETFs_Units,BEWJ39,BRBEWJBDR004,3592000.0
2025-01-01,2026-02-01,Ações_BDRs_ETFs_Units,BEWL39,BRBEWLBDR000,997000.0
2025-01-01,2026-02-01,Ações_BDRs_ETFs_Units,BEWT39,BRBEWTBDR003,3278000.0
2025-01-01,2026-02-01,Ações_BDRs_ETFs_Units,BEWU39,BRBEWUBDR001,2484000.0
2025-01-01,2026-02-01,Ações_BDRs_ETFs_Units,BEWW39,BRBEWWBDR007,1978000.0
2025-01-01,2026-02-01,Ações_BDRs_ETFs_Units,BEWY39,BRBEWYBDR003,2525000.0
2025-01-01,2026-02-01,Ações_BDRs_ETFs_Units,BEWZ39,BRBEWZBDR000,3046000.0
2025-01-01,2026-02-01,Ações_BDRs_ETFs_Units,BEZU39,BRBEZUBDR004,2263000.0
2025-01-01,2026-02-01,Ações_BDRs_ETFs_Units,BFAV39,BRBFAVBDR002,1525000.0
2025-01-01,2026-02-01,Ações_BDRs_ETFs_Units,BFCG39,BRBFCGBDR009,712000.0
2025-01-01,2026-02-01,Ações_BDRs_ETFs_Units,BFDA39,BRBFDABDR000,2848000.0
2025-01-01,2026-02-01,Ações_BDRs_ETFs_Units,BFDL39,BRBFDLBDR007,1494000.0
2025-01-01,2026-02-01,Ações_BDRs_ETFs_Units,BFDN39,BRBFDNBDR003,4347000.0
2025-01-01,2026-02-01,Ações_BDRs_ETFs_Units,BFTS39,BRBFTSBDR008,1583000.0
2025-01-01,2026-02-01,Ações_BDRs_ETFs_Units,BFVD39,BRBFVDBDR006,1393000.0
2025-01-01,2026-02-01,Ações_BDRs_ETFs_Units,BFXI39,BRBFXIBDR001,4809000.0
2025-01-01,2026-02-01,Ações_BDRs_ETFs_Units,BGLC39,BRBGLCBDR007,607000.0
2025-01-01,2026-02-01,Ações_BDRs_ETFs_Units,BGOV39,BRBGOVBDR001,5018000.0
2025-01-01,2026-02-01,Ações_BDRs_ETFs_Units,BGRI39,BRBGRIBDR001,1823000.0
2025-01-01,2026-02-01,Ações_BDRs_ETFs_Units,BGWH39,BRBGWHBDR003,2682000.0
2025-01-01,2026-02-01,Ações_BDRs_ETFs_Units,BHDV39,BRBHDVBDR002,2547000.0
2025-01-01,2026-02-01,Ações_BDRs_ETFs_Units,BHEF39,BRBHEFBDR003,918000.0
2025-01-01,2026-02-01,Ações_BDRs_ETFs_Units,BHVN34,BRBHVNBDR001,3699000.0
2025-01-01,2026-02-01,Ações_BDRs_ETFs_Units,BIAI39,BRBIAIBDR003,606000.0
2025-01-01,2026-02-01,Ações_BDRs_ETFs_Units,BIAT39,BRBIATBDR000,563000.0
2025-01-01,2026-02-01,Ações_BDRs_ETFs_Units,BIBB39,BRBIBBBDR006,3233000.0
2025-01-01,2026-02-01,Ações_BDRs_ETFs_Units,BICL39,BRBICLBDR003,2982000.0
2025-01-01,2026-02-01,Ações_BDRs_ETFs_Units,BIDU34,BRBIDUBDR002,3361000.0
2025-01-01,2026-02-01,Ações_BDRs_ETFs_Units,BIDV39,BRBIDVBDR000,1048000.0
2025-01-01,2026-02-01,Ações_BDRs_ETFs_Units,BIEF39,BRBIEFBDR001,3231000.0
2025-01-01,2026-02-01,Ações_BDRs_ETFs_Units,BIEI39,BRBIEIBDR005,3862000.0
2025-01-01,2026-02-01,Ações_BDRs_ETFs_Units,BIEM39,BRBIEMBDR007,3124000.0
2025-01-01,2026-02-01,Ações_BDRs_ETFs_Units,BIET39,BRBIETBDR002,9680000.0
2025-01-01,2026-02-01,Ações_BDRs_ETFs_Units,BIEU39,BRBIEUBDR000,2069000.0
2025-01-01,2026-02-01,Ações_BDRs_ETFs_Units,BIGF39,BRBIGFBDR006,1267000.0
2025-01-01,2026-02-01,Ações_BDRs_ETFs_Units,BIHI39,BRBIHIBDR008,20987000.0
2025-01-01,2026-02-01,Ações_BDRs_ETFs_Units,BIIB34,BRBIIBBDR001,1332000.0
2025-01-01,2026-02-01,Ações_BDRs_ETFs_Units,BIJH39,BRBIJHBDR006,11037000.0
2025-01-01,2026-02-01,Ações_BDRs_ETFs_Units,BIJR39,BRBIJRBDR005,2406000.0
2025-01-01,2026-02-01,Ações_BDRs_ETFs_Units,BIJS39,BRBIJSBDR003,687000.0
2025-01-01,2026-02-01,Ações_BDRs_ETFs_Units,BIJT39,BRBIJTBDR001,590000.0
2025-01-01,2026-02-01,Ações_BDRs_ETFs_Units,BILB34,BRBILBBDR005,527000.0
2025-01-01,2026-02-01,Ações_BDRs_ETFs_Units,BILF39,BRBILFBDR006,3093000.0
2025-01-01,2026-02-01,Ações_BDRs_ETFs_Units,BITB39,BRBITBBDR008,2181000.0
2025-01-01,2026-02-01,Ações_BDRs_ETFs_Units,BITO39,BRBITOBDR001,2530000.0
2025-01-01,2026-02-01,Ações_BDRs_ETFs_Units,BIVB39,BRBIVBBDR004,2224000.0
2025-01-01,2026-02-01,Ações_BDRs_ETFs_Units,BIVE39,BRBIVEBDR008,2669000.0
2025-01-01,2026-02-01,Ações_BDRs_ETFs_Units,BIVW39,BRBIVWBDR000,2446000.0
2025-01-01,2026-02-01,Ações_BDRs_ETFs_Units,BIWD39,BRBIWDBDR008,3726000.0
2025-01-01,2026-02-01,Ações_BDRs_ETFs_Units,BIWF39,BRBIWFBDR003,2024000.0
2025-01-01,2026-02-01,Ações_BDRs_ETFs_Units,BIWM39,BRBIWMBDR009,2914000.0
2025-01-01,2026-02-01,Ações_BDRs_ETFs_Units,BIXC39,BRBIXCBDR008,604000.0
2025-01-01,2026-02-01,Ações_BDRs_ETFs_Units,BIXJ39,BRBIXJBDR003,605000.0
2025-01-01,2026-02-01,Ações_BDRs_ETFs_Units,BIXN39,BRBIXNBDR005,3147000.0
2025-01-01,2026-02-01,Ações_BDRs_ETFs_Units,BIXU39,BRBIXUBDR000,2537000.0
2025-01-01,2026-02-01,Ações_BDRs_ETFs_Units,BIYE39,BRBIYEBDR002,1260000.0
2025-01-01,2026-02-01,Ações_BDRs_ETFs_Units,BIYF39,BRBIYFBDR009,2288000.0
2025-01-01,2026-02-01,Ações_BDRs_ETFs_Units,BIYK39,BRBIYKBDR009,1999000.0
2025-01-01,2026-02-01,Ações_BDRs_ETFs_Units,BIYP39,BRBIYPBDR008,5548000.0
2025-01-01,2026-02-01,Ações_BDRs_ETFs_Units,BIYT39,BRBIYTBDR000,3965000.0
2025-01-01,2026-02-01,Ações_BDRs_ETFs_Units,BIYW39,BRBIYWBDR004,6581000.0
2025-01-01,2026-02-01,Ações_BDRs_ETFs_Units,BIYZ39,BRBIYZBDR007,1406000.0
2025-01-01,2026-02-01,Ações_BDRs_ETFs_Units,BIZD11,BRBIZDCTF000,1153000.0
2025-01-01,2026-02-01,Ações_BDRs_ETFs_Units,BJQU39,BRBJQUBDR002,994000.0
2025-01-01,2026-02-01,Ações_BDRs_ETFs_Units,BKNG34,BRBKNGBDR006,1319000.0
2025-01-01,2026-02-01,Ações_BDRs_ETFs_Units,BKSA39,BRBKSABDR008,1171000.0
2025-01-01,2026-02-01,Ações_BDRs_ETFs_Units,BKWB39,BRBKWBBDR008,1055000.0
2025-01-01,2026-02-01,Ações_BDRs_ETFs_Units,BKYY39,BRBKYYBDR006,696000.0
2025-01-01,2026-02-01,Ações_BDRs_ETFs_Units,BLAK34,BRBLAKBDR003,2314000.0
2025-01-01,2026-02-01,Ações_BDRs_ETFs_Units,BLFTETF11,BRBLFTCTF002,14401200.0
2025-01-01,2026-02-01,Ações_BDRs_ETFs_Units,BLPX39,BRBLPXBDR004,1270000.0
2025-01-01,2026-02-01,Ações_BDRs_ETFs_Units,BMMT11,BRBMMTCTF006,8795000.0
2025-01-01,2026-02-01,Ações_BDRs_ETFs_Units,BMOB3,BRBMOBACNOR7,1028000.0
2025-01-01,2026-02-01,Ações_BDRs_ETFs_Units,BMTU39,BRBMTUBDR000,2963000.0
2025-01-01,2026-02-01,Ações_BDRs_ETFs_Units,BMYB34,BRBMYBBDR000,693000.0
2025-01-01,2026-02-01,Ações_BDRs_ETFs_Units,BNDA39,BRBNDABDR004,2986000.0
2025-01-01,2026-02-01,Ações_BDRs_ETFs_Units,BOAC34,BRBOACBDR004,2984000.0
2025-01-01,2026-02-01,Ações_BDRs_ETFs_Units,BOEF39,BRBOEFBDR009,2227000.0
2025-01-01,2026-02-01,Ações_BDRs_ETFs_Units,BOEI34,BRBOEIBDR003,158000.0
2025-01-01,2026-02-01,Ações_BDRs_ETFs_Units,BOL5ETF11,BRBOL5CTF001,1755500.0
2025-01-01,2026-02-01,Ações_BDRs_ETFs_Units,BONY34,BRBONYBDR001,318000.0
2025-01-01,2026-02-01,Ações_BDRs_ETFs_Units,BOTZ39,BRBOTZBDR005,1419000.0
2025-01-01,2026-02-01,Ações_BDRs_ETFs_Units,BOVA11,BRBOVACTF003,23033000.0
2025-01-01,2026-02-01,Ações_BDRs_ETFs_Units,BOVB11,BRBOVBCTF001,22083000.0
2025-01-01,2026-02-01,Ações_BDRs_ETFs_Units,BOVS11,BRBOVSCTF005,29239000.0
2025-01-01,2026-02-01,Ações_BDRs_ETFs_Units,BOVV11,BRBOVVCTF009,21935000.0
2025-01-01,2026-02-01,Ações_BDRs_ETFs_Units,BOVX11,BRBOVXCTF005,220709000.0
2025-01-01,2026-02-01,Ações_BDRs_ETFs_Units,BOXP34,BRBOXPBDR008,5702000.0
2025-01-01,2026-02-01,Ações_BDRs_ETFs_Units,BPAC11,BRBPACUNT006,19457000.0
2025-01-01,2026-02-01,Ações_BDRs_ETFs_Units,BPIC39,BRBPICBDR004,673000.0
2025-01-01,2026-02-01,Ações_BDRs_ETFs_Units,BPREETF11,BRBPRECTF018,720400.0
2025-01-01,2026-02-01,Ações_BDRs_ETFs_Units,BPVE39,BRBPVEBDR003,2447000.0
2025-01-01,2026-02-01,Ações_BDRs_ETFs_Units,BQTC39,BRBQTCBDR009,969000.0
2025-01-01,2026-02-01,Ações_BDRs_ETFs_Units,BQUA39,BRBQUABDR001,2819000.0
2025-01-01,2026-02-01,Ações_BDRs_ETFs_Units,BQYL39,BRBQYLBDR000,6468000.0
2025-01-01,2026-02-01,Ações_BDRs_ETFs_Units,BRAP4,BRBRAPACNPR2,8622000.0
2025-01-01,2026-02-01,Ações_BDRs_ETFs_Units,BRAV3,BRBRAVACNOR3,24615000.0
2025-01-01,2026-02-01,Ações_BDRs_ETFs_Units,BRAX11,BRBRAXCTF002,135123000.0
2025-01-01,2026-02-01,Ações_BDRs_ETFs_Units,BRAZ11,BRBRAZCTF007,77548000.0
2025-01-01,2026-02-01,Ações_BDRs_ETFs_Units,BREW11,BRBREWCTF006,6577000.0
2025-01-01,2026-02-01,Ações_BDRs_ETFs_Units,BRKM5,BRBRKMACNPA4,10436000.0
2025-01-01,2026-02-01,Ações_BDRs_ETFs_Units,BRSR6,BRBRSRACNPB4,3266000.0
2025-01-01,2026-02-01,Ações_BDRs_ETFs_Units,BRXC11,BRBRXCCTF008,28087000.0
2025-01-01,2026-02-01,Ações_BDRs_ETFs_Units,BSCZ39,BRBSCZBDR002,3423000.0
2025-01-01,2026-02-01,Ações_BDRs_ETFs_Units,BSDY39,BRBSDYBDR003,2529000.0
2025-01-01,2026-02-01,Ações_BDRs_ETFs_Units,BSHV39,BRBSHVBDR000,3488000.0
2025-01-01,2026-02-01,Ações_BDRs_ETFs_Units,BSHY39,BRBSHYBDR004,3679000.0
2025-01-01,2026-02-01,Ações_BDRs_ETFs_Units,BSIL39,BRBSILBDR009,3433000.0
2025-01-01,2026-02-01,Ações_BDRs_ETFs_Units,BSOX39,BRBSOXBDR002,4370000.0
2025-01-01,2026-02-01,Ações_BDRs_ETFs_Units,BTLH39,BRBTLHBDR009,3625000.0
2025-01-01,2026-02-01,Ações_BDRs_ETFs_Units,BTLT39,BRBTLTBDR004,6603000.0
2025-01-01,2026-02-01,Ações_BDRs_ETFs_Units,BUFF39,BRBUFFBDR003,2345000.0
2025-01-01,2026-02-01,Ações_BDRs_ETFs_Units,BURA39,BRBURABDR009,4024000.0
2025-01-01,2026-02-01,Ações_BDRs_ETFs_Units,BURT39,BRBURTBDR009,2326000.0
2025-01-01,2026-02-01,Ações_BDRs_ETFs_Units,BUSM39,BRBUSMBDR002,3154000.0
2025-01-01,2026-02-01,Ações_BDRs_ETFs_Units,BVBR11,BRBVBRCTF004,238975000.0
2025-01-01,2026-02-01,Ações_BDRs_ETFs_Units,BVLU39,BRBVLUBDR008,2093000.0
2025-01-01,2026-02-01,Ações_BDRs_ETFs_Units,BXPO11,BRBXPOCTF007,15322000.0
2025-01-01,2026-02-01,Ações_BDRs_ETFs_Units,C1AB34,BRC1ABBDR009,20425000.0
2025-01-01,2026-02-01,Ações_BDRs_ETFs_Units,C1AG34,BRC1AGBDR008,2171000.0
2025-01-01,2026-02-01,Ações_BDRs_ETFs_Units,C1AH34,BRC1AHBDR006,179000.0
2025-01-01,2026-02-01,Ações_BDRs_ETFs_Units,C1BL34,BRC1BLBDR006,510000.0
2025-01-01,2026-02-01,Ações_BDRs_ETFs_Units,C1BO34,BRC1BOBDR000,268000.0
2025-01-01,2026-02-01,Ações_BDRs_ETFs_Units,C1BR34,BRC1BRBDR003,226000.0
2025-01-01,2026-02-01,Ações_BDRs_ETFs_Units,C1CI34,BRC1CIBDR000,1769000.0
2025-01-01,2026-02-01,Ações_BDRs_ETFs_Units,C1CJ34,BRC1CJBDR008,1508000.0
2025-01-01,2026-02-01,Ações_BDRs_ETFs_Units,C1CL34,BRC1CLBDR004,1350000.0
2025-01-01,2026-02-01,Ações_BDRs_ETFs_Units,C1CO34,BRC1COBDR008,216000.0
2025-01-01,2026-02-01,Ações_BDRs_ETFs_Units,C1DN34,BRC1DNBDR008,243000.0
2025-01-01,2026-02-01,Ações_BDRs_ETFs_Units,C1DP34,BRC1DPBDR003,1581000.0
2025-01-01,2026-02-01,Ações_BDRs_ETFs_Units,C1DW34,BRC1DWBDR009,6011000.0
2025-01-01,2026-02-01,Ações_BDRs_ETFs_Units,C1FG34,BRC1FGBDR007,616000.0
2025-01-01,2026-02-01,Ações_BDRs_ETFs_Units,C1FI34,BRC1FIBDR003,474000.0
2025-01-01,2026-02-01,Ações_BDRs_ETFs_Units,C1GP34,BRC1GPBDR006,57471000.0
2025-01-01,2026-02-01,Ações_BDRs_ETFs_Units,C1HK34,BRC1HKBDR005,416000.0
2025-01-01,2026-02-01,Ações_BDRs_ETFs_Units,C1HR34,BRC1HRBDR000,4268000.0
2025-01-01,2026-02-01,Ações_BDRs_ETFs_Units,C1IC34,BRC1ICBDR000,561000.0
2025-01-01,2026-02-01,Ações_BDRs_ETFs_Units,C1MG34,BRC1MGBDR003,19455000.0
2025-01-01,2026-02-01,Ações_BDRs_ETFs_Units,C1MI34,BRC1MIBDR009,354000.0
2025-01-01,2026-02-01,Ações_BDRs_ETFs_Units,C1MS34,BRC1MSBDR008,1044000.0
2025-01-01,2026-02-01,Ações_BDRs_ETFs_Units,C1NC34,BRC1NCBDR000,815000.0
2025-01-01,2026-02-01,Ações_BDRs_ETFs_Units,C1NP34,BRC1NPBDR002,955000.0
2025-01-01,2026-02-01,Ações_BDRs_ETFs_Units,C1NS34,BRC1NSBDR006,1628000.0
2025-01-01,2026-02-01,Ações_BDRs_ETFs_Units,C1OG34,BRC1OGBDR009,1581000.0
2025-01-01,2026-02-01,Ações_BDRs_ETFs_Units,C1OO34,BRC1OOBDR003,4576000.0
2025-01-01,2026-02-01,Ações_BDRs_ETFs_Units,C1PB34,BRC1PBBDR007,1400000.0
2025-01-01,2026-02-01,Ações_BDRs_ETFs_Units,C1PR34,BRC1PRBDR003,1826000.0
2025-01-01,2026-02-01,Ações_BDRs_ETFs_Units,C1RH34,BRC1RHBDR000,1868000.0
2025-01-01,2026-02-01,Ações_BDRs_ETFs_Units,C1RR34,BRC1RRBDR009,2648000.0
2025-01-01,2026-02-01,Ações_BDRs_ETFs_Units,C1TA34,BRC1TABDR001,1006000.0
2025-01-01,2026-02-01,Ações_BDRs_ETFs_Units,C1TV34,BRC1TVBDR007,2106000.0
2025-01-01,2026-02-01,Ações_BDRs_ETFs_Units,C2AC34,BRC2ACBDR005,46189000.0
2025-01-01,2026-02-01,Ações_BDRs_ETFs_Units,C2CA34,BRC2CABDR005,355000.0
2025-01-01,2026-02-01,Ações_BDRs_ETFs_Units,C2EM34,BRC2EMBDR006,3268000.0
2025-01-01,2026-02-01,Ações_BDRs_ETFs_Units,C2GN34,BRC2GNBDR009,6244000.0
2025-01-01,2026-02-01,Ações_BDRs_ETFs_Units,C2HD34,BRC2HDBDR008,6603000.0
2025-01-01,2026-02-01,Ações_BDRs_ETFs_Units,C2OU34,BRC2OUBDR008,3293000.0
2025-01-01,2026-02-01,Ações_BDRs_ETFs_Units,C2PR34,BRC2PRBDR001,2340000.0
2025-01-01,2026-02-01,Ações_BDRs_ETFs_Units,C2PT34,BRC2PTBDR007,5128000.0
2025-01-01,2026-02-01,Ações_BDRs_ETFs_Units,C2RS34,BRC2RSBDR005,5714000.0
2025-01-01,2026-02-01,Ações_BDRs_ETFs_Units,C2RW34,BRC2RWBDR007,1779000.0
2025-01-01,2026-02-01,Ações_BDRs_ETFs_Units,C2SW34,BRC2SWBDR005,2455000.0
2025-01-01,2026-02-01,Ações_BDRs_ETFs_Units,C2ZR34,BRC2ZRBDR000,15948000.0
2025-01-01,2026-02-01,Ações_BDRs_ETFs_Units,CAON34,BRCAONBDR009,355000.0
2025-01-01,2026-02-01,Ações_BDRs_ETFs_Units,CAPE11,BRCAPECTF020,42948000.0
2025-01-01,2026-02-01,Ações_BDRs_ETFs_Units,CAPH34,BRCAPHBDR008,961000.0
2025-01-01,2026-02-01,Ações_BDRs_ETFs_Units,CATP34,BRCATPBDR003,971000.0
2025-01-01,2026-02-01,Ações_BDRs_ETFs_Units,CBAV3,BRCBAVACNOR5,16136000.0
2025-01-01,2026-02-01,Ações_BDRs_ETFs_Units,CEAB3,BRCEABACNOR1,13303000.0
2025-01-01,2026-02-01,Ações_BDRs_ETFs_Units,CHCM34,BRCHCMBDR001,12651000.0
2025-01-01,2026-02-01,Ações_BDRs_ETFs_Units,CHDC34,BRCHDCBDR000,436000.0
2025-01-01,2026-02-01,Ações_BDRs_ETFs_Units,CHIP11,BRCHIPCTF000,7749000.0
2025-01-01,2026-02-01,Ações_BDRs_ETFs_Units,CHME34,BRCHMEBDR007,535000.0
2025-01-01,2026-02-01,Ações_BDRs_ETFs_Units,CHVX34,BRCHVXBDR008,2299000.0
2025-01-01,2026-02-01,Ações_BDRs_ETFs_Units,CINF34,BRCINFBDR000,545000.0
2025-01-01,2026-02-01,Ações_BDRs_ETFs_Units,CLOV34,BRCLOVBDR009,3260000.0
2025-01-01,2026-02-01,Ações_BDRs_ETFs_Units,CLXC34,BRCLXCBDR000,1290000.0
2025-01-01,2026-02-01,Ações_BDRs_ETFs_Units,CMCS34,BRCMCSBDR008,6737000.0
2025-01-01,2026-02-01,Ações_BDRs_ETFs_Units,CMIG4,BRCMIGACNPR3,28971000.0
2025-01-01,2026-02-01,Ações_BDRs_ETFs_Units,CMIN3,BRCMINACNOR2,17298000.0
2025-01-01,2026-02-01,Ações_BDRs_ETFs_Units,CNIC34,BRCNICBDR007,8984000.0
2025-01-01,2026-02-01,Ações_BDRs_ETFs_Units,COCA34,BRCOCABDR002,3256000.0
2025-01-01,2026-02-01,Ações_BDRs_ETFs_Units,COGN3,BRCOGNACNOR2,76707000.0
2025-01-01,2026-02-01,Ações_BDRs_ETFs_Units,COLD34,BRCOLDBDR007,8552000.0
2025-01-01,2026-02-01,Ações_BDRs_ETFs_Units,COLG34,BRCOLGBDR000,3137000.0
2025-01-01,2026-02-01,Ações_BDRs_ETFs_Units,COPH34,BRCOPHBDR009,4636000.0
2025-01-01,2026-02-01,Ações_BDRs_ETFs_Units,COTY34,BRCOTYBDR006,6622000.0
2025-01-01,2026-02-01,Ações_BDRs_ETFs_Units,COWC34,BRCOWCBDR006,1595000.0
2025-01-01,2026-02-01,Ações_BDRs_ETFs_Units,CPAY34,BRCPAYBDR003,524000.0
2025-01-01,2026-02-01,Ações_BDRs_ETFs_Units,CPFE3,BRCPFEACNOR0,5003000.0
2025-01-01,2026-02-01,Ações_BDRs_ETFs_Units,CPLE3,BRCPLEACNOR8,55215000.0
2025-01-01,2026-02-01,Ações_BDRs_ETFs_Units,CPRL34,BRCPRLBDR004,2132000.0
2025-01-01,2026-02-01,Ações_BDRs_ETFs_Units,CRDA34,BRCRDABDR003,592000.0
2025-01-01,2026-02-01,Ações_BDRs_ETFs_Units,CRIN34,BRCRINBDR005,1042000.0
2025-01-01,2026-02-01,Ações_BDRs_ETFs_Units,CRIP34,BRCRIPBDR000,614000.0
2025-01-01,2026-02-01,Ações_BDRs_ETFs_Units,CSAN3,BRCSANACNOR6,91188000.0
2025-01-01,2026-02-01,Ações_BDRs_ETFs_Units,CSCO34,BRCSCOBDR004,2443000.0
2025-01-01,2026-02-01,Ações_BDRs_ETFs_Units,CSMG3,BRCSMGACNOR5,5328000.0
2025-01-01,2026-02-01,Ações_BDRs_ETFs_Units,CSNA3,BRCSNAACNOR6,23210000.0
2025-01-01,2026-02-01,Ações_BDRs_ETFs_Units,CSXC34,BRCSXCBDR005,2065000.0
2025-01-01,2026-02-01,Ações_BDRs_ETFs_Units,CTGP34,BRCTGPBDR000,2056000.0
2025-01-01,2026-02-01,Ações_BDRs_ETFs_Units,CTSH34,BRCTSHBDR002,441000.0
2025-01-01,2026-02-01,Ações_BDRs_ETFs_Units,CURY3,BRCURYACNOR3,6370000.0
2025-01-01,2026-02-01,Ações_BDRs_ETFs_Units,CVCB3,BRCVCBACNOR1,31071000.0
2025-01-01,2026-02-01,Ações_BDRs_ETFs_Units,CVSH34,BRCVSHBDR008,5367000.0
2025-01-01,2026-02-01,Ações_BDRs_ETFs_Units,CXSE3,BRCXSEACNOR7,9832000.0
2025-01-01,2026-02-01,Ações_BDRs_ETFs_Units,CYRE3,BRCYREACNOR7,13314000.0
2025-01-01,2026-02-01,Ações_BDRs_ETFs_Units,CYRE4,BRCYREACNPR4,2530000.0
2025-01-01,2026-02-01,Ações_BDRs_ETFs_Units,D1DG34,BRD1DGBDR001,2783000.0
2025-01-01,2026-02-01,Ações_BDRs_ETFs_Units,D1EL34,BRD1ELBDR009,338000.0
2025-01-01,2026-02-01,Ações_BDRs_ETFs_Units,D1EX34,BRD1EXBDR004,25740000.0
2025-01-01,2026-02-01,Ações_BDRs_ETFs_Units,D1HI34,BRD1HIBDR008,243000.0
2025-01-01,2026-02-01,Ações_BDRs_ETFs_Units,D1LR34,BRD1LRBDR001,940000.0
2025-01-01,2026-02-01,Ações_BDRs_ETFs_Units,D1OC34,BRD1OCBDR007,13889000.0
2025-01-01,2026-02-01,Ações_BDRs_ETFs_Units,D1OM34,BRD1OMBDR006,1279000.0
2025-01-01,2026-02-01,Ações_BDRs_ETFs_Units,D1OV34,BRD1OVBDR007,384000.0
2025-01-01,2026-02-01,Ações_BDRs_ETFs_Units,D1OW34,BRD1OWBDR005,5525000.0
2025-01-01,2026-02-01,Ações_BDRs_ETFs_Units,D1RI34,BRD1RIBDR007,749000.0
2025-01-01,2026-02-01,Ações_BDRs_ETFs_Units,D1TE34,BRD1TEBDR002,1135000.0
2025-01-01,2026-02-01,Ações_BDRs_ETFs_Units,D1VN34,BRD1VNBDR009,983000.0
2025-01-01,2026-02-01,Ações_BDRs_ETFs_Units,D1XC34,BRD1XCBDR008,802000.0
2025-01-01,2026-02-01,Ações_BDRs_ETFs_Units,D2AR34,BRD2ARBDR002,6891000.0
2025-01-01,2026-02-01,Ações_BDRs_ETFs_Units,D2AS34,BRD2ASBDR000,2767000.0
2025-01-01,2026-02-01,Ações_BDRs_ETFs_Units,D2KN34,BRD2KNBDR000,7642000.0
2025-01-01,2026-02-01,Ações_BDRs_ETFs_Units,D2KS34,BRD2KSBDR009,1670000.0
2025-01-01,2026-02-01,Ações_BDRs_ETFs_Units,D2NL34,BRD2NLBDR008,3094000.0
2025-01-01,2026-02-01,Ações_BDRs_ETFs_Units,D2OC34,BRD2OCBDR005,5745000.0
2025-01-01,2026-02-01,Ações_BDRs_ETFs_Units,D2OX34,BRD2OXBDR001,3567000.0
2025-01-01,2026-02-01,Ações_BDRs_ETFs_Units,D2PZ34,BRD2PZBDR003,4594000.0
2025-01-01,2026-02-01,Ações_BDRs_ETFs_Units,D2TC34,BRD2TCBDR004,7530000.0
2025-01-01,2026-02-01,Ações_BDRs_ETFs_Units,DASA3,BRDASAACNOR1,6699000.0
2025-01-01,2026-02-01,Ações_BDRs_ETFs_Units,DBAG34,BRDBAGBDR008,957000.0
2025-01-01,2026-02-01,Ações_BDRs_ETFs_Units,DDNB34,BRDDNBBDR008,855000.0
2025-01-01,2026-02-01,Ações_BDRs_ETFs_Units,DEAI34,BRDEAIBDR008,582000.0
2025-01-01,2026-02-01,Ações_BDRs_ETFs_Units,DEEC34,BRDEECBDR003,2225000.0
2025-01-01,2026-02-01,Ações_BDRs_ETFs_Units,DEOP34,BRDEOPBDR004,7829000.0
2025-01-01,2026-02-01,Ações_BDRs_ETFs_Units,DESK3,BRDESKACNOR2,2648000.0
2025-01-01,2026-02-01,Ações_BDRs_ETFs_Units,DGCO34,BRDGCOBDR007,6236000.0
2025-01-01,2026-02-01,Ações_BDRs_ETFs_Units,DHER34,BRDHERBDR004,4584000.0
2025-01-01,2026-02-01,Ações_BDRs_ETFs_Units,DIRR3,BRDIRRACNOR0,15121000.0
2025-01-01,2026-02-01,Ações_BDRs_ETFs_Units,DISB34,BRDISBBDR006,5334000.0
2025-01-01,2026-02-01,Ações_BDRs_ETFs_Units,DLTR34,BRDLTRBDR004,567000.0
2025-01-01,2026-02-01,Ações_BDRs_ETFs_Units,DOLL39,BRDOLLBDR008,3760000.0
2025-01-01,2026-02-01,Ações_BDRs_ETFs_Units,DUKB34,BRDUKBBDR008,314000.0
2025-01-01,2026-02-01,Ações_BDRs_ETFs_Units,DUOL34,BRDUOLBDR009,8440000.0
2025-01-01,2026-02-01,Ações_BDRs_ETFs_Units,DVAI34,BRDVAIBDR002,363000.0
2025-01-01,2026-02-01,Ações_BDRs_ETFs_Units,DXCO3,BRDXCOACNOR8,5502000.0
2025-01-01,2026-02-01,Ações_BDRs_ETFs_Units,E1CL34,BRE1CLBDR002,544000.0
2025-01-01,2026-02-01,Ações_BDRs_ETFs_Units,E1CO34,BRE1COBDR006,1591000.0
2025-01-01,2026-02-01,Ações_BDRs_ETFs_Units,E1DI34,BRE1DIBDR006,770000.0
2025-01-01,2026-02-01,Ações_BDRs_ETFs_Units,E1DU34,BRE1DUBDR001,5519000.0
2025-01-01,2026-02-01,Ações_BDRs_ETFs_Units,E1IX34,BRE1IXBDR004,1241000.0
2025-01-01,2026-02-01,Ações_BDRs_ETFs_Units,E1LV34,BRE1LVBDR002,569000.0
2025-01-01,2026-02-01,Ações_BDRs_ETFs_Units,E1MN34,BRE1MNBDR007,1101000.0
2025-01-01,2026-02-01,Ações_BDRs_ETFs_Units,E1MR34,BRE1MRBDR008,254000.0
2025-01-01,2026-02-01,Ações_BDRs_ETFs_Units,E1OG34,BRE1OGBDR007,705000.0
2025-01-01,2026-02-01,Ações_BDRs_ETFs_Units,E1QN34,BRE1QNBDR008,2939000.0
2025-01-01,2026-02-01,Ações_BDRs_ETFs_Units,E1QR34,BRE1QRBDR009,1166000.0
2025-01-01,2026-02-01,Ações_BDRs_ETFs_Units,E1RI34,BRE1RIBDR006,7235000.0
2025-01-01,2026-02-01,Ações_BDRs_ETFs_Units,E1SE34,BRE1SEBDR003,1027000.0
2025-01-01,2026-02-01,Ações_BDRs_ETFs_Units,E1SS34,BRE1SSBDR003,1402000.0
2025-01-01,2026-02-01,Ações_BDRs_ETFs_Units,E1TN34,BRE1TNBDR002,1578000.0
2025-01-01,2026-02-01,Ações_BDRs_ETFs_Units,E1TR34,BRE1TRBDR003,790000.0
2025-01-01,2026-02-01,Ações_BDRs_ETFs_Units,E1VE34,BRE1VEBDR007,392000.0
2025-01-01,2026-02-01,Ações_BDRs_ETFs_Units,E1VR34,BRE1VRBDR009,1023000.0
2025-01-01,2026-02-01,Ações_BDRs_ETFs_Units,E1WL34,BRE1WLBDR000,1838000.0
2025-01-01,2026-02-01,Ações_BDRs_ETFs_Units,E1XC34,BRE1XCBDR007,843000.0
2025-01-01,2026-02-01,Ações_BDRs_ETFs_Units,E1XP34,BRE1XPBDR009,628000.0
2025-01-01,2026-02-01,Ações_BDRs_ETFs_Units,E1XR34,BRE1XRBDR005,1086000.0
2025-01-01,2026-02-01,Ações_BDRs_ETFs_Units,E2AG34,BRE2AGBDR004,2693000.0
2025-01-01,2026-02-01,Ações_BDRs_ETFs_Units,E2EF34,BRE2EFBDR008,61599000.0
2025-01-01,2026-02-01,Ações_BDRs_ETFs_Units,E2LS34,BRE2LSBDR006,6203000.0
2025-01-01,2026-02-01,Ações_BDRs_ETFs_Units,E2NO34,BRE2NOBDR001,1533000.0
2025-01-01,2026-02-01,Ações_BDRs_ETFs_Units,E2NP34,BRE2NPBDR008,24102000.0
2025-01-01,2026-02-01,Ações_BDRs_ETFs_Units,E2NT34,BRE2NTBDR000,6891000.0
2025-01-01,2026-02-01,Ações_BDRs_ETFs_Units,E2PA34,BRE2PABDR005,10357000.0
2025-01-01,2026-02-01,Ações_BDRs_ETFs_Units,E2ST34,BRE2STBDR009,6265000.0
2025-01-01,2026-02-01,Ações_BDRs_ETFs_Units,E2TS34,BRE2TSBDR009,9881000.0
2025-01-01,2026-02-01,Ações_BDRs_ETFs_Units,E2XA34,BRE2XABDR009,5386000.0
2025-01-01,2026-02-01,Ações_BDRs_ETFs_Units,E2XE34,BRE2XEBDR001,1696000.0
2025-01-01,2026-02-01,Ações_BDRs_ETFs_Units,EAIN34,BREAINBDR007,371000.0
2025-01-01,2026-02-01,Ações_BDRs_ETFs_Units,EBAY34,BREBAYBDR009,808000.0
2025-01-01,2026-02-01,Ações_BDRs_ETFs_Units,ECOR3,BRECORACNOR8,11806000.0
2025-01-01,2026-02-01,Ações_BDRs_ETFs_Units,EFXB31,BREFXBBDR000,209000.0
2025-01-01,2026-02-01,Ações_BDRs_ETFs_Units,EGIE3,BREGIEACNOR9,3943000.0
2025-01-01,2026-02-01,Ações_BDRs_ETFs_Units,ELCI34,BRELCIBDR007,7899000.0
2025-01-01,2026-02-01,Ações_BDRs_ETFs_Units,EMBJ3,BREMBJACNOR1,12110000.0
2025-01-01,2026-02-01,Ações_BDRs_ETFs_Units,ENEV3,BRENEVACNOR8,21424000.0
2025-01-01,2026-02-01,Ações_BDRs_ETFs_Units,ENGI11,BRENGICDAM16,6222000.0
2025-01-01,2026-02-01,Ações_BDRs_ETFs_Units,EQIX34,BREQIXBDR002,3790000.0
2025-01-01,2026-02-01,Ações_BDRs_ETFs_Units,EQTL3,BREQTLACNOR0,17895000.0
2025-01-01,2026-02-01,Ações_BDRs_ETFs_Units,EVTC31,BREVTCBDR003,217000.0
2025-01-01,2026-02-01,Ações_BDRs_ETFs_Units,EWBZ11,BREWBZCTF009,29939000.0
2025-01-01,2026-02-01,Ações_BDRs_ETFs_Units,EXGR34,BREXGRBDR004,281000.0
2025-01-01,2026-02-01,Ações_BDRs_ETFs_Units,EXPB31,BREXPBBDR009,824000.0
2025-01-01,2026-02-01,Ações_BDRs_ETFs_Units,EXXO34,BREXXOBDR006,2307000.0
2025-01-01,2026-02-01,Ações_BDRs_ETFs_Units,EZTC3,BREZTCACNOR0,4306000.0
2025-01-01,2026-02-01,Ações_BDRs_ETFs_Units,F1AN34,BRF1ANBDR001,492000.0
2025-01-01,2026-02-01,Ações_BDRs_ETFs_Units,F1BH34,BRF1BHBDR001,680000.0
2025-01-01,2026-02-01,Ações_BDRs_ETFs_Units,F1EC34,BRF1ECBDR006,807000.0
2025-01-01,2026-02-01,Ações_BDRs_ETFs_Units,F1FI34,BRF1FIBDR000,555000.0
2025-01-01,2026-02-01,Ações_BDRs_ETFs_Units,F1IS34,BRF1ISBDR003,1163000.0
2025-01-01,2026-02-01,Ações_BDRs_ETFs_Units,F1LS34,BRF1LSBDR007,655000.0
2025-01-01,2026-02-01,Ações_BDRs_ETFs_Units,F1MC34,BRF1MCBDR009,3927000.0
2025-01-01,2026-02-01,Ações_BDRs_ETFs_Units,F1NI34,BRF1NIBDR004,10256000.0
2025-01-01,2026-02-01,Ações_BDRs_ETFs_Units,F1RA34,BRF1RABDR002,1494000.0
2025-01-01,2026-02-01,Ações_BDRs_ETFs_Units,F1SL34,BRF1SLBDR007,14552000.0
2025-01-01,2026-02-01,Ações_BDRs_ETFs_Units,F1TN34,BRF1TNBDR001,942000.0
2025-01-01,2026-02-01,Ações_BDRs_ETFs_Units,F1TV34,BRF1TVBDR004,1559000.0
2025-01-01,2026-02-01,Ações_BDRs_ETFs_Units,F1UN34,BRF1UNBDR009,9738000.0
2025-01-01,2026-02-01,Ações_BDRs_ETFs_Units,F2IC34,BRF2ICBDR005,1128000.0
2025-01-01,2026-02-01,Ações_BDRs_ETFs_Units,F2IV34,BRF2IVBDR005,16012000.0
2025-01-01,2026-02-01,Ações_BDRs_ETFs_Units,F2NV34,BRF2NVBDR005,26669000.0
2025-01-01,2026-02-01,Ações_BDRs_ETFs_Units,F2RS34,BRF2RSBDR002,5277000.0
2025-01-01,2026-02-01,Ações_BDRs_ETFs_Units,F2RT34,BRF2RTBDR000,3639000.0
2025-01-01,2026-02-01,Ações_BDRs_ETFs_Units,F2VR34,BRF2VRBDR006,9137000.0
2025-01-01,2026-02-01,Ações_BDRs_ETFs_Units,FASL34,BRFASLBDR007,860000.0
2025-01-01,2026-02-01,Ações_BDRs_ETFs_Units,FCXO34,BRFCXOBDR007,1863000.0
2025-01-01,2026-02-01,Ações_BDRs_ETFs_Units,FDMO34,BRFDMOBDR008,2768000.0
2025-01-01,2026-02-01,Ações_BDRs_ETFs_Units,FDXB34,BRFDXBBDR002,124000.0
2025-01-01,2026-02-01,Ações_BDRs_ETFs_Units,FFTD34,BRFFTDBDR001,880000.0
2025-01-01,2026-02-01,Ações_BDRs_ETFs_Units,FLRY3,BRFLRYACNOR5,8322000.0
2025-01-01,2026-02-01,Ações_BDRs_ETFs_Units,FMXB34,BRFMXBBDR003,180000.0
2025-01-01,2026-02-01,Ações_BDRs_ETFs_Units,FOXC34,BRFOXCBDR007,525000.0
2025-01-01,2026-02-01,Ações_BDRs_ETFs_Units,FSLR34,BRFSLRBDR001,324000.0
2025-01-01,2026-02-01,Ações_BDRs_ETFs_Units,G1AR34,BRG1ARBDR001,625000.0
2025-01-01,2026-02-01,Ações_BDRs_ETFs_Units,G1DS34,BRG1DSBDR003,5929000.0
2025-01-01,2026-02-01,Ações_BDRs_ETFs_Units,G1FI34,BRG1FIBDR009,1376000.0
2025-01-01,2026-02-01,Ações_BDRs_ETFs_Units,G1LL34,BRG1LLBDR001,5189000.0
2025-01-01,2026-02-01,Ações_BDRs_ETFs_Units,G1LO34,BRG1LOBDR005,11235000.0
2025-01-01,2026-02-01,Ações_BDRs_ETFs_Units,G1LW34,BRG1LWBDR008,350000.0
2025-01-01,2026-02-01,Ações_BDRs_ETFs_Units,G1MI34,BRG1MIBDR005,861000.0
2025-01-01,2026-02-01,Ações_BDRs_ETFs_Units,G1PC34,BRG1PCBDR001,589000.0
2025-01-01,2026-02-01,Ações_BDRs_ETFs_Units,G1PI34,BRG1PIBDR008,1868000.0
2025-01-01,2026-02-01,Ações_BDRs_ETFs_Units,G1RM34,BRG1RMBDR006,367000.0
2025-01-01,2026-02-01,Ações_BDRs_ETFs_Units,G1SK34,BRG1SKBDR008,3796000.0
2025-01-01,2026-02-01,Ações_BDRs_ETFs_Units,G1WW34,BRG1WWBDR005,1460000.0
2025-01-01,2026-02-01,Ações_BDRs_ETFs_Units,G2DD34,BRG2DDBDR003,3620000.0
2025-01-01,2026-02-01,Ações_BDRs_ETFs_Units,G2EV34,BRG2EVBDR003,1123000.0
2025-01-01,2026-02-01,Ações_BDRs_ETFs_Units,G2ME34,BRG2MEBDR002,3213000.0
2025-01-01,2026-02-01,Ações_BDRs_ETFs_Units,G2NT34,BRG2NTBDR008,4475000.0
2025-01-01,2026-02-01,Ações_BDRs_ETFs_Units,G2WR34,BRG2WRBDR003,2134000.0
2025-01-01,2026-02-01,Ações_BDRs_ETFs_Units,GDBR34,BRGDBRBDR002,104000.0
2025-01-01,2026-02-01,Ações_BDRs_ETFs_Units,GDXB39,BRGDXBBDR000,1067000.0
2025-01-01,2026-02-01,Ações_BDRs_ETFs_Units,GEHC34,BRGEHCBDR009,4000000.0
2025-01-01,2026-02-01,Ações_BDRs_ETFs_Units,GENB11,BRGENBCTF008,94300000.0
2025-01-01,2026-02-01,Ações_BDRs_ETFs_Units,GEOO34,BRGEOOBDR000,129000.0
2025-01-01,2026-02-01,Ações_BDRs_ETFs_Units,GGBR4,BRGGBRACNPR8,27115000.0
2025-01-01,2026-02-01,Ações_BDRs_ETFs_Units,GGPS3,BRGGPSACNOR9,7002000.0
2025-01-01,2026-02-01,Ações_BDRs_ETFs_Units,GILD34,BRGILDBDR000,547000.0
2025-01-01,2026-02-01,Ações_BDRs_ETFs_Units,GLDI11,BRGLDICTF009,2087000.0
2025-01-01,2026-02-01,Ações_BDRs_ETFs_Units,GLDX11,BRGLDXCTF016,892000.0
2025-01-01,2026-02-01,Ações_BDRs_ETFs_Units,GLFTETF11,BRGLFTCTF001,156900.0
2025-01-01,2026-02-01,Ações_BDRs_ETFs_Units,GMAT3,BRGMATACNOR7,17937000.0
2025-01-01,2026-02-01,Ações_BDRs_ETFs_Units,GMCO34,BRGMCOBDR008,1783000.0
2025-01-01,2026-02-01,Ações_BDRs_ETFs_Units,GOAT11,BRGOATCTF006,2888000.0
2025-01-01,2026-02-01,Ações_BDRs_ETFs_Units,GOAU4,BRGOAUACNPR8,17213000.0
2025-01-01,2026-02-01,Ações_BDRs_ETFs_Units,GOGL34,BRGOGLBDR001,1936000.0
2025-01-01,2026-02-01,Ações_BDRs_ETFs_Units,GOGL35,BRGOGLBDR019,1393000.0
2025-01-01,2026-02-01,Ações_BDRs_ETFs_Units,GOLB11,BRGOLBCTF001,665000.0
2025-01-01,2026-02-01,Ações_BDRs_ETFs_Units,GOLD11,BRGOLDCTF015,17860000.0
2025-01-01,2026-02-01,Ações_BDRs_ETFs_Units,GOLX11,BRGOLXCTF005,273000.0
2025-01-01,2026-02-01,Ações_BDRs_ETFs_Units,GPSI34,BRGPSIBDR009,1405000.0
2025-01-01,2026-02-01,Ações_BDRs_ETFs_Units,GPUS11,BRGPUSCTF003,305000.0
2025-01-01,2026-02-01,Ações_BDRs_ETFs_Units,GRND3,BRGRNDACNOR3,8795000.0
2025-01-01,2026-02-01,Ações_BDRs_ETFs_Units,GSGI34,BRGSGIBDR008,1252000.0
2025-01-01,2026-02-01,Ações_BDRs_ETFs_Units,GXUS11,BRGXUSCTF007,1876000.0
2025-01-01,2026-02-01,Ações_BDRs_ETFs_Units,H1AS34,BRH1ASBDR008,933000.0
2025-01-01,2026-02-01,Ações_BDRs_ETFs_Units,H1BA34,BRH1BABDR004,2183000.0
2025-01-01,2026-02-01,Ações_BDRs_ETFs_Units,H1CA34,BRH1CABDR002,1455000.0
2025-01-01,2026-02-01,Ações_BDRs_ETFs_Units,H1DB34,BRH1DBBDR008,5689000.0
2025-01-01,2026-02-01,Ações_BDRs_ETFs_Units,H1EI34,BRH1EIBDR001,1127000.0
2025-01-01,2026-02-01,Ações_BDRs_ETFs_Units,H1FC34,BRH1FCBDR001,785000.0
2025-01-01,2026-02-01,Ações_BDRs_ETFs_Units,H1HH34,BRH1HHBDR006,1301000.0
2025-01-01,2026-02-01,Ações_BDRs_ETFs_Units,H1IG34,BRH1IGBDR006,394000.0
2025-01-01,2026-02-01,Ações_BDRs_ETFs_Units,H1II34,BRH1IIBDR002,6788000.0
2025-01-01,2026-02-01,Ações_BDRs_ETFs_Units,H1LT34,BRH1LTBDR003,3085000.0
2025-01-01,2026-02-01,Ações_BDRs_ETFs_Units,H1OG34,BRH1OGBDR004,1258000.0
2025-01-01,2026-02-01,Ações_BDRs_ETFs_Units,H1PE34,BRH1PEBDR006,1777000.0
2025-01-01,2026-02-01,Ações_BDRs_ETFs_Units,H1RB34,BRH1RBBDR008,617000.0
2025-01-01,2026-02-01,Ações_BDRs_ETFs_Units,H1RL34,BRH1RLBDR007,1633000.0
2025-01-01,2026-02-01,Ações_BDRs_ETFs_Units,H1SB34,BRH1SBBDR006,1742000.0
2025-01-01,2026-02-01,Ações_BDRs_ETFs_Units,H1SI34,BRH1SIBDR001,1048000.0
2025-01-01,2026-02-01,Ações_BDRs_ETFs_Units,H1ST34,BRH1STBDR008,2000000.0
2025-01-01,2026-02-01,Ações_BDRs_ETFs_Units,H1TH34,BRH1THBDR001,2539000.0
2025-01-01,2026-02-01,Ações_BDRs_ETFs_Units,H1UM34,BRH1UMBDR009,8368000.0
2025-01-01,2026-02-01,Ações_BDRs_ETFs_Units,H2TA34,BRH2TABDR004,5989000.0
2025-01-01,2026-02-01,Ações_BDRs_ETFs_Units,H2UB34,BRH2UBBDR000,5989000.0
2025-01-01,2026-02-01,Ações_BDRs_ETFs_Units,HALI34,BRHALIBDR004,1101000.0
2025-01-01,2026-02-01,Ações_BDRs_ETFs_Units,HAPV3,BRHAPVACNOR4,16299000.0
2025-01-01,2026-02-01,Ações_BDRs_ETFs_Units,HBSA3,BRHBSAACNOR0,6666000.0
2025-01-01,2026-02-01,Ações_BDRs_ETFs_Units,HIGH11,BRHIGHCTF008,15170000.0
2025-01-01,2026-02-01,Ações_BDRs_ETFs_Units,HOME34,BRHOMEBDR002,2835000.0
2025-01-01,2026-02-01,Ações_BDRs_ETFs_Units,HONB34,BRHONBBDR006,171000.0
2025-01-01,2026-02-01,Ações_BDRs_ETFs_Units,HOND34,BRHONDBDR002,502000.0
2025-01-01,2026-02-01,Ações_BDRs_ETFs_Units,HPQB34,BRHPQBBDR006,1986000.0
2025-01-01,2026-02-01,Ações_BDRs_ETFs_Units,HSHY34,BRHSHYBDR001,1008000.0
2025-01-01,2026-02-01,Ações_BDRs_ETFs_Units,HTEK11,BRHTEKCTF004,2413000.0
2025-01-01,2026-02-01,Ações_BDRs_ETFs_Units,HYPE3,BRHYPEACNOR0,6520000.0
2025-01-01,2026-02-01,Ações_BDRs_ETFs_Units,I1AC34,BRI1ACBDR001,8686000.0
2025-01-01,2026-02-01,Ações_BDRs_ETFs_Units,I1BN34,BRI1BNBDR006,1197000.0
2025-01-01,2026-02-01,Ações_BDRs_ETFs_Units,I1CE34,BRI1CEBDR003,441000.0
2025-01-01,2026-02-01,Ações_BDRs_ETFs_Units,I1DX34,BRI1DXBDR001,274000.0
2025-01-01,2026-02-01,Ações_BDRs_ETFs_Units,I1EX34,BRI1EXBDR009,3937000.0
2025-01-01,2026-02-01,Ações_BDRs_ETFs_Units,I1FF34,BRI1FFBDR003,1087000.0
2025-01-01,2026-02-01,Ações_BDRs_ETFs_Units,I1FO34,BRI1FOBDR005,4079000.0
2025-01-01,2026-02-01,Ações_BDRs_ETFs_Units,I1HG34,BRI1HGBDR007,458000.0
2025-01-01,2026-02-01,Ações_BDRs_ETFs_Units,I1LM34,BRI1LMBDR007,1255000.0
2025-01-01,2026-02-01,Ações_BDRs_ETFs_Units,I1NC34,BRI1NCBDR004,742000.0
2025-01-01,2026-02-01,Ações_BDRs_ETFs_Units,I1PC34,BRI1PCBDR009,904000.0
2025-01-01,2026-02-01,Ações_BDRs_ETFs_Units,I1PG34,BRI1PGBDR000,225000.0
2025-01-01,2026-02-01,Ações_BDRs_ETFs_Units,I1QV34,BRI1QVBDR007,633000.0
2025-01-01,2026-02-01,Ações_BDRs_ETFs_Units,I1QY34,BRI1QYBDR001,9926000.0
2025-01-01,2026-02-01,Ações_BDRs_ETFs_Units,I1RM34,BRI1RMBDR004,401000.0
2025-01-01,2026-02-01,Ações_BDRs_ETFs_Units,I1RP34,BRI1RPBDR007,196000.0
2025-01-01,2026-02-01,Ações_BDRs_ETFs_Units,I1SR34,BRI1SRBDR001,1465000.0
2025-01-01,2026-02-01,Ações_BDRs_ETFs_Units,I1TW34,BRI1TWBDR009,592000.0
2025-01-01,2026-02-01,Ações_BDRs_ETFs_Units,I1VZ34,BRI1VZBDR008,1374000.0
2025-01-01,2026-02-01,Ações_BDRs_ETFs_Units,I2ND34,BRI2NDBDR000,1180000.0
2025-01-01,2026-02-01,Ações_BDRs_ETFs_Units,I2NG34,BRI2NGBDR003,2175000.0
2025-01-01,2026-02-01,Ações_BDRs_ETFs_Units,I2NV34,BRI2NVBDR002,6944000.0
2025-01-01,2026-02-01,Ações_BDRs_ETFs_Units,I2RS34,BRI2RSBDR009,2677000.0
2025-01-01,2026-02-01,Ações_BDRs_ETFs_Units,IB5METF11,BRIB5MCTF008,3201000.0
2025-01-01,2026-02-01,Ações_BDRs_ETFs_Units,IBKR34,BRIBKRBDR003,8143000.0
2025-01-01,2026-02-01,Ações_BDRs_ETFs_Units,IBMB34,BRIBMBBDR003,130000.0
2025-01-01,2026-02-01,Ações_BDRs_ETFs_Units,IBOB11,BRIBOBCTF008,27377000.0
2025-01-01,2026-02-01,Ações_BDRs_ETFs_Units,ICLR34,BRICLRBDR009,4112000.0
2025-01-01,2026-02-01,Ações_BDRs_ETFs_Units,IDKAETF11,BRIDKACTF004,7362300.0
2025-01-01,2026-02-01,Ações_BDRs_ETFs_Units,IGTI11,BRIGTICDAM16,5683000.0
2025-01-01,2026-02-01,Ações_BDRs_ETFs_Units,IMABETF11,BRIMABCTF004,13641700.0
2025-01-01,2026-02-01,Ações_BDRs_ETFs_Units,IMBBETF11,BRIMBBCTF002,3868000.0
2025-01-01,2026-02-01,Ações_BDRs_ETFs_Units,INBR32,BRINBRBDR007,5323000.0
2025-01-01,2026-02-01,Ações_BDRs_ETFs_Units,INGG34,BRINGGBDR009,747000.0
2025-01-01,2026-02-01,Ações_BDRs_ETFs_Units,INTB3,BRINTBACNOR9,4802000.0
2025-01-01,2026-02-01,Ações_BDRs_ETFs_Units,INTU34,BRINTUBDR003,3115000.0
2025-01-01,2026-02-01,Ações_BDRs_ETFs_Units,IRBR3,BRIRBRACNOR4,1995000.0
2025-01-01,2026-02-01,Ações_BDRs_ETFs_Units,IRFMETF11,BRIRFMCTF009,4523900.0
2025-01-01,2026-02-01,Ações_BDRs_ETFs_Units,ISAE4,BRISAEACNPR9,4443000.0
2025-01-01,2026-02-01,Ações_BDRs_ETFs_Units,ITLC34,BRITLCBDR005,5937000.0
2025-01-01,2026-02-01,Ações_BDRs_ETFs_Units,ITSA4,BRITSAACNPR7,59542000.0
2025-01-01,2026-02-01,Ações_BDRs_ETFs_Units,ITUB3,BRITUBACNOR4,2131000.0
2025-01-01,2026-02-01,Ações_BDRs_ETFs_Units,ITUB4,BRITUBACNPR1,52303000.0
2025-01-01,2026-02-01,Ações_BDRs_ETFs_Units,IVVB11,BRIVVBCTF001,1598000.0
2025-01-01,2026-02-01,Ações_BDRs_ETFs_Units,J1BH34,BRJ1BHBDR007,6265000.0
2025-01-01,2026-02-01,Ações_BDRs_ETFs_Units,J1CI34,BRJ1CIBDR003,330000.0
2025-01-01,2026-02-01,Ações_BDRs_ETFs_Units,J1EF34,BRJ1EFBDR005,614000.0
2025-01-01,2026-02-01,Ações_BDRs_ETFs_Units,J1EG34,BRJ1EGBDR003,606000.0
2025-01-01,2026-02-01,Ações_BDRs_ETFs_Units,J1KH34,BRJ1KHBDR008,862000.0
2025-01-01,2026-02-01,Ações_BDRs_ETFs_Units,J2AZ34,BRJ2AZBDR009,3407000.0
2025-01-01,2026-02-01,Ações_BDRs_ETFs_Units,J2BL34,BRJ2BLBDR007,1265000.0
2025-01-01,2026-02-01,Ações_BDRs_ETFs_Units,J2WA34,BRJ2WABDR006,1262000.0
2025-01-01,2026-02-01,Ações_BDRs_ETFs_Units,JBSS32,BRJBSSBDR002,5420000.0
2025-01-01,2026-02-01,Ações_BDRs_ETFs_Units,JDCO34,BRJDCOBDR001,7854000.0
2025-01-01,2026-02-01,Ações_BDRs_ETFs_Units,JHSF3,BRJHSFACNOR2,9367000.0
2025-01-01,2026-02-01,Ações_BDRs_ETFs_Units,JNJB34,BRJNJBBDR002,2598000.0
2025-01-01,2026-02-01,Ações_BDRs_ETFs_Units,JOGO11,BRJOGOCTF008,84000.0
2025-01-01,2026-02-01,Ações_BDRs_ETFs_Units,JPMC34,BRJPMCBDR009,1359000.0
2025-01-01,2026-02-01,Ações_BDRs_ETFs_Units,K1EY34,BRK1EYBDR003,1765000.0
2025-01-01,2026-02-01,Ações_BDRs_ETFs_Units,K1IM34,BRK1IMBDR009,1832000.0
2025-01-01,2026-02-01,Ações_BDRs_ETFs_Units,K1LA34,BRK1LABDR008,95000.0
2025-01-01,2026-02-01,Ações_BDRs_ETFs_Units,K1MX34,BRK1MXBDR008,1564000.0
2025-01-01,2026-02-01,Ações_BDRs_ETFs_Units,K1RC34,BRK1RCBDR001,590000.0
2025-01-01,2026-02-01,Ações_BDRs_ETFs_Units,K1RG34,BRK1RGBDR002,2758000.0
2025-01-01,2026-02-01,Ações_BDRs_ETFs_Units,K1SG34,BRK1SGBDR000,353000.0
2025-01-01,2026-02-01,Ações_BDRs_ETFs_Units,K1SS34,BRK1SSBDR005,1938000.0
2025-01-01,2026-02-01,Ações_BDRs_ETFs_Units,K1TC34,BRK1TCBDR007,684000.0
2025-01-01,2026-02-01,Ações_BDRs_ETFs_Units,K2RC34,BRK2RCBDR009,6358000.0
2025-01-01,2026-02-01,Ações_BDRs_ETFs_Units,KEPL3,BRKEPLACNOR1,4828000.0
2025-01-01,2026-02-01,Ações_BDRs_ETFs_Units,KHCB34,BRKHCBBDR007,6518000.0
2025-01-01,2026-02-01,Ações_BDRs_ETFs_Units,KLBN11,BRKLBNCDAM18,13336000.0
2025-01-01,2026-02-01,Ações_BDRs_ETFs_Units,KLBN4,BRKLBNACNPR9,10351000.0
2025-01-01,2026-02-01,Ações_BDRs_ETFs_Units,KMBB34,BRKMBBBDR009,384000.0
2025-01-01,2026-02-01,Ações_BDRs_ETFs_Units,KMIC34,BRKMICBDR002,1299000.0
2025-01-01,2026-02-01,Ações_BDRs_ETFs_Units,KMPR34,BRKMPRBDR005,444000.0
2025-01-01,2026-02-01,Ações_BDRs_ETFs_Units,L1AM34,BRL1AMBDR005,3048000.0
2025-01-01,2026-02-01,Ações_BDRs_ETFs_Units,L1CA34,BRL1CABDR006,558000.0
2025-01-01,2026-02-01,Ações_BDRs_ETFs_Units,L1DO34,BRL1DOBDR005,2042000.0
2025-01-01,2026-02-01,Ações_BDRs_ETFs_Units,L1EG34,BRL1EGBDR009,612000.0
2025-01-01,2026-02-01,Ações_BDRs_ETFs_Units,L1EN34,BRL1ENBDR005,350000.0
2025-01-01,2026-02-01,Ações_BDRs_ETFs_Units,L1HX34,BRL1HXBDR007,428000.0
2025-01-01,2026-02-01,Ações_BDRs_ETFs_Units,L1KQ34,BRL1KQBDR005,1111000.0
2025-01-01,2026-02-01,Ações_BDRs_ETFs_Units,L1MN34,BRL1MNBDR008,4178000.0
2025-01-01,2026-02-01,Ações_BDRs_ETFs_Units,L1NC34,BRL1NCBDR009,758000.0
2025-01-01,2026-02-01,Ações_BDRs_ETFs_Units,L1NE34,BRL1NEBDR005,4925000.0
2025-01-01,2026-02-01,Ações_BDRs_ETFs_Units,L1OE34,BRL1OEBDR003,394000.0
2025-01-01,2026-02-01,Ações_BDRs_ETFs_Units,L1RC34,BRL1RCBDR000,7141000.0
2025-01-01,2026-02-01,Ações_BDRs_ETFs_Units,L1UL34,BRL1ULBDR005,822000.0
2025-01-01,2026-02-01,Ações_BDRs_ETFs_Units,L1VS34,BRL1VSBDR008,2749000.0
2025-01-01,2026-02-01,Ações_BDRs_ETFs_Units,L1WH34,BRL1WHBDR009,1724000.0
2025-01-01,2026-02-01,Ações_BDRs_ETFs_Units,L1YB34,BRL1YBBDR008,1520000.0
2025-01-01,2026-02-01,Ações_BDRs_ETFs_Units,L1YG34,BRL1YGBDR007,3027000.0
2025-01-01,2026-02-01,Ações_BDRs_ETFs_Units,L1YV34,BRL1YVBDR006,1282000.0
2025-01-01,2026-02-01,Ações_BDRs_ETFs_Units,L2IV34,BRL2IVBDR007,744000.0
2025-01-01,2026-02-01,Ações_BDRs_ETFs_Units,L2PL34,BRL2PLBDR003,1885000.0
2025-01-01,2026-02-01,Ações_BDRs_ETFs_Units,L2RN34,BRL2RNBDR005,2145000.0
2025-01-01,2026-02-01,Ações_BDRs_ETFs_Units,L2SC34,BRL2SCBDR006,4655000.0
2025-01-01,2026-02-01,Ações_BDRs_ETFs_Units,LAVV3,BRLAVVACNOR4,1533000.0
2025-01-01,2026-02-01,Ações_BDRs_ETFs_Units,LBRD34,BRLBRDBDR002,8415000.0
2025-01-01,2026-02-01,Ações_BDRs_ETFs_Units,LEVE3,BRLEVEACNOR2,864000.0
2025-01-01,2026-02-01,Ações_BDRs_ETFs_Units,LFTBETF11,BRLFTBCTF002,10416700.0
2025-01-01,2026-02-01,Ações_BDRs_ETFs_Units,LFTIETF11,BRLFTICTF007,29818700.0
2025-01-01,2026-02-01,Ações_BDRs_ETFs_Units,LFTSETF11,BRLFTSCTF006,6382300.0
2025-01-01,2026-02-01,Ações_BDRs_ETFs_Units,LILY34,BRLILYBDR006,1158000.0
2025-01-01,2026-02-01,Ações_BDRs_ETFs_Units,LLFTETF11,BRLLFTCTF001,18109200.0
2025-01-01,2026-02-01,Ações_BDRs_ETFs_Units,LMTB34,BRLMTBBDR009,64000.0
2025-01-01,2026-02-01,Ações_BDRs_ETFs_Units,LOGG3,BRLOGGACNOR7,918000.0
2025-01-01,2026-02-01,Ações_BDRs_ETFs_Units,LOWC34,BRLOWCBDR007,2709000.0
2025-01-01,2026-02-01,Ações_BDRs_ETFs_Units,LREN3,BRLRENACNOR1,38279000.0
2025-01-01,2026-02-01,Ações_BDRs_ETFs_Units,LTNBETF11,BRLTNBCTF006,822900.0
2025-01-01,2026-02-01,Ações_BDRs_ETFs_Units,LVOL11,BRLVOLCTF009,15361000.0
2025-01-01,2026-02-01,Ações_BDRs_ETFs_Units,LWSA3,BRLWSAACNOR8,8587000.0
2025-01-01,2026-02-01,Ações_BDRs_ETFs_Units,M1AA34,BRM1AABDR009,1120000.0
2025-01-01,2026-02-01,Ações_BDRs_ETFs_Units,M1AS34,BRM1ASBDR001,548000.0
2025-01-01,2026-02-01,Ações_BDRs_ETFs_Units,M1CB34,BRM1CBBDR003,819000.0
2025-01-01,2026-02-01,Ações_BDRs_ETFs_Units,M1CH34,BRM1CHBDR000,1020000.0
2025-01-01,2026-02-01,Ações_BDRs_ETFs_Units,M1CK34,BRM1CKBDR004,184000.0
2025-01-01,2026-02-01,Ações_BDRs_ETFs_Units,M1DB34,BRM1DBBDR001,1868000.0
2025-01-01,2026-02-01,Ações_BDRs_ETFs_Units,M1GM34,BRM1GMBDR019,970000.0
2025-01-01,2026-02-01,Ações_BDRs_ETFs_Units,M1HK34,BRM1HKBDR003,8136000.0
2025-01-01,2026-02-01,Ações_BDRs_ETFs_Units,M1KC34,BRM1KCBDR004,2495000.0
2025-01-01,2026-02-01,Ações_BDRs_ETFs_Units,M1KT34,BRM1KTBDR008,11025000.0
2025-01-01,2026-02-01,Ações_BDRs_ETFs_Units,M1LC34,BRM1LCBDR002,2660000.0
2025-01-01,2026-02-01,Ações_BDRs_ETFs_Units,M1LM34,BRM1LMBDR001,298000.0
2025-01-01,2026-02-01,Ações_BDRs_ETFs_Units,M1MC34,BRM1MCBDR000,415000.0
2025-01-01,2026-02-01,Ações_BDRs_ETFs_Units,M1NS34,BRM1NSBDR004,3776000.0
2025-01-01,2026-02-01,Ações_BDRs_ETFs_Units,M1PC34,BRM1PCBDR003,219000.0
2025-01-01,2026-02-01,Ações_BDRs_ETFs_Units,M1RN34,BRM1RNBDR006,17121000.0
2025-01-01,2026-02-01,Ações_BDRs_ETFs_Units,M1SC34,BRM1SCBDR007,2886000.0
2025-01-01,2026-02-01,Ações_BDRs_ETFs_Units,M1SI34,BRM1SIBDR004,378000.0
2025-01-01,2026-02-01,Ações_BDRs_ETFs_Units,M1TA34,BRM1TABDR009,2015000.0
2025-01-01,2026-02-01,Ações_BDRs_ETFs_Units,M1TB34,BRM1TBBDR007,700000.0
2025-01-01,2026-02-01,Ações_BDRs_ETFs_Units,M1TC34,BRM1TCBDR005,23529000.0
2025-01-01,2026-02-01,Ações_BDRs_ETFs_Units,M1TD34,BRM1TDBDR003,251000.0
2025-01-01,2026-02-01,Ações_BDRs_ETFs_Units,M1TT34,BRM1TTBDR009,488000.0
2025-01-01,2026-02-01,Ações_BDRs_ETFs_Units,M1UF34,BRM1UFBDR006,1260000.0
2025-01-01,2026-02-01,Ações_BDRs_ETFs_Units,M2AS34,BRM2ASBDR009,8216000.0
2025-01-01,2026-02-01,Ações_BDRs_ETFs_Units,M2KS34,BRM2KSBDR008,2991000.0
2025-01-01,2026-02-01,Ações_BDRs_ETFs_Units,M2PM34,BRM2PMBDR000,2893000.0
2025-01-01,2026-02-01,Ações_BDRs_ETFs_Units,M2PR34,BRM2PRBDR009,2075000.0
2025-01-01,2026-02-01,Ações_BDRs_ETFs_Units,M2PT34,BRM2PTBDR005,7195000.0
2025-01-01,2026-02-01,Ações_BDRs_ETFs_Units,M2RV34,BRM2RVBDR007,4679000.0
2025-01-01,2026-02-01,Ações_BDRs_ETFs_Units,MACY34,BRMACYBDR000,1782000.0
2025-01-01,2026-02-01,Ações_BDRs_ETFs_Units,MARGETF11,BRMARGCTF012,1969500.0
2025-01-01,2026-02-01,Ações_BDRs_ETFs_Units,MBRF3,BRMBRFACNOR1,30525000.0
2025-01-01,2026-02-01,Ações_BDRs_ETFs_Units,MCDC34,BRMCDCBDR000,2470000.0
2025-01-01,2026-02-01,Ações_BDRs_ETFs_Units,MCOR34,BRMCORBDR005,292000.0
2025-01-01,2026-02-01,Ações_BDRs_ETFs_Units,MDIA3,BRMDIAACNOR7,1275000.0
2025-01-01,2026-02-01,Ações_BDRs_ETFs_Units,MDLZ34,BRMDLZBDR002,1307000.0
2025-01-01,2026-02-01,Ações_BDRs_ETFs_Units,MDNE3,BRMDNEACNOR9,2281000.0
2025-01-01,2026-02-01,Ações_BDRs_ETFs_Units,MDTC34,BRMDTCBDR004,746000.0
2025-01-01,2026-02-01,Ações_BDRs_ETFs_Units,MELI34,BRMELIBDR006,3665000.0
2025-01-01,2026-02-01,Ações_BDRs_ETFs_Units,METB34,BRMETBBDR004,490000.0
2025-01-01,2026-02-01,Ações_BDRs_ETFs_Units,MGLU3,BRMGLUACNOR2,54838000.0
2025-01-01,2026-02-01,Ações_BDRs_ETFs_Units,MILL11,BRMILLCTF018,1061000.0
2025-01-01,2026-02-01,Ações_BDRs_ETFs_Units,MILS3,BRMILSACNOR2,2705000.0
2025-01-01,2026-02-01,Ações_BDRs_ETFs_Units,MKLC34,BRMKLCBDR006,376000.0
2025-01-01,2026-02-01,Ações_BDRs_ETFs_Units,MMMC34,BRMMMCBDR000,976000.0
2025-01-01,2026-02-01,Ações_BDRs_ETFs_Units,MNDY34,BRMNDYBDR001,6205000.0
2025-01-01,2026-02-01,Ações_BDRs_ETFs_Units,MOOO34,BRMOOOBDR007,618000.0
2025-01-01,2026-02-01,Ações_BDRs_ETFs_Units,MOSC34,BRMOSCBDR003,8170000.0
2025-01-01,2026-02-01,Ações_BDRs_ETFs_Units,MOTB39,BRMOTBBDR003,2921000.0
2025-01-01,2026-02-01,Ações_BDRs_ETFs_Units,MOTV3,BRMOTVACNOR7,23448000.0
2025-01-01,2026-02-01,Ações_BDRs_ETFs_Units,MOVI3,BRMOVIACNOR0,10963000.0
2025-01-01,2026-02-01,Ações_BDRs_ETFs_Units,MRCK34,BRMRCKBDR003,2859000.0
2025-01-01,2026-02-01,Ações_BDRs_ETFs_Units,MRVE3,BRMRVEACNOR2,19059000.0
2025-01-01,2026-02-01,Ações_BDRs_ETFs_Units,MSBR34,BRMSBRBDR008,1058000.0
2025-01-01,2026-02-01,Ações_BDRs_ETFs_Units,MSCD34,BRMSCDBDR006,2333000.0
2025-01-01,2026-02-01,Ações_BDRs_ETFs_Units,MSFT34,BRMSFTBDR005,2443000.0
2025-01-01,2026-02-01,Ações_BDRs_ETFs_Units,MULT3,BRMULTACNOR5,9090000.0
2025-01-01,2026-02-01,Ações_BDRs_ETFs_Units,MUTC34,BRMUTCBDR008,589000.0
2025-01-01,2026-02-01,Ações_BDRs_ETFs_Units,MYPK3,BRMYPKACNOR7,4013000.0
2025-01-01,2026-02-01,Ações_BDRs_ETFs_Units,N1BI34,BRN1BIBDR009,5644000.0
2025-01-01,2026-02-01,Ações_BDRs_ETFs_Units,N1CL34,BRN1CLBDR001,1534000.0
2025-01-01,2026-02-01,Ações_BDRs_ETFs_Units,N1DA34,BRN1DABDR002,781000.0
2025-01-01,2026-02-01,Ações_BDRs_ETFs_Units,N1EM34,BRN1EMBDR005,296000.0
2025-01-01,2026-02-01,Ações_BDRs_ETFs_Units,N1GG34,BRN1GGBDR002,1792000.0
2025-01-01,2026-02-01,Ações_BDRs_ETFs_Units,N1IC34,BRN1ICBDR007,8093000.0
2025-01-01,2026-02-01,Ações_BDRs_ETFs_Units,N1IS34,BRN1ISBDR003,868000.0
2025-01-01,2026-02-01,Ações_BDRs_ETFs_Units,N1MR34,BRN1MRBDR007,1012000.0
2025-01-01,2026-02-01,Ações_BDRs_ETFs_Units,N1OV34,BRN1OVBDR005,1840000.0
2025-01-01,2026-02-01,Ações_BDRs_ETFs_Units,N1OW34,BRN1OWBDR003,14627000.0
2025-01-01,2026-02-01,Ações_BDRs_ETFs_Units,N1RG34,BRN1RGBDR009,252000.0
2025-01-01,2026-02-01,Ações_BDRs_ETFs_Units,N1SC34,BRN1SCBDR006,521000.0
2025-01-01,2026-02-01,Ações_BDRs_ETFs_Units,N1TA34,BRN1TABDR008,385000.0
2025-01-01,2026-02-01,Ações_BDRs_ETFs_Units,N1TR34,BRN1TRBDR002,583000.0
2025-01-01,2026-02-01,Ações_BDRs_ETFs_Units,N1UE34,BRN1UEBDR008,2546000.0
2025-01-01,2026-02-01,Ações_BDRs_ETFs_Units,N1VO34,BRN1VOBDR005,4952000.0
2025-01-01,2026-02-01,Ações_BDRs_ETFs_Units,N1VR34,BRN1VRBDR008,251000.0
2025-01-01,2026-02-01,Ações_BDRs_ETFs_Units,N1VS34,BRN1VSBDR006,2531000.0
2025-01-01,2026-02-01,Ações_BDRs_ETFs_Units,N1WL34,BRN1WLBDR009,3334000.0
2025-01-01,2026-02-01,Ações_BDRs_ETFs_Units,N1WS34,BRN1WSBDR004,1397000.0
2025-01-01,2026-02-01,Ações_BDRs_ETFs_Units,N1WS35,BRN1WSBDR012,776000.0
2025-01-01,2026-02-01,Ações_BDRs_ETFs_Units,N1XP34,BRN1XPBDR008,313000.0
2025-01-01,2026-02-01,Ações_BDRs_ETFs_Units,N2ET34,BRN2ETBDR008,3367000.0
2025-01-01,2026-02-01,Ações_BDRs_ETFs_Units,N2LY34,BRN2LYBDR003,1589000.0
2025-01-01,2026-02-01,Ações_BDRs_ETFs_Units,N2TN34,BRN2TNBDR009,3716000.0
2025-01-01,2026-02-01,Ações_BDRs_ETFs_Units,N2VC34,BRN2VCBDR008,6692000.0
2025-01-01,2026-02-01,Ações_BDRs_ETFs_Units,NASD11,BRNASDCTF007,14786000.0
2025-01-01,2026-02-01,Ações_BDRs_ETFs_Units,NATU3,BRNATUACNOR6,22518000.0
2025-01-01,2026-02-01,Ações_BDRs_ETFs_Units,NBOV11,BRNBOVCTF006,7825000.0
2025-01-01,2026-02-01,Ações_BDRs_ETFs_Units,NCDIETF11,BRNCDICTF004,173400.0
2025-01-01,2026-02-01,Ações_BDRs_ETFs_Units,NDIV11,BRNDIVCTF004,7534000.0
2025-01-01,2026-02-01,Ações_BDRs_ETFs_Units,NEOE3,BRNEOEACNOR3,4436000.0
2025-01-01,2026-02-01,Ações_BDRs_ETFs_Units,NETE34,BRNETEBDR006,2915000.0
2025-01-01,2026-02-01,Ações_BDRs_ETFs_Units,NEXT34,BRNEXTBDR006,1755000.0
2025-01-01,2026-02-01,Ações_BDRs_ETFs_Units,NFLX34,BRNFLXBDR000,26050000.0
2025-01-01,2026-02-01,Ações_BDRs_ETFs_Units,NIKE34,BRNIKEBDR006,6205000.0
2025-01-01,2026-02-01,Ações_BDRs_ETFs_Units,NOCG34,BRNOCGBDR006,282000.0
2025-01-01,2026-02-01,Ações_BDRs_ETFs_Units,NOKI34,BRNOKIBDR005,5496000.0
2025-01-01,2026-02-01,Ações_BDRs_ETFs_Units,NSAT34,BRNSATBDR004,2115000.0
2025-01-01,2026-02-01,Ações_BDRs_ETFs_Units,NSDV11,BRNSDVCTF003,6207000.0
2025-01-01,2026-02-01,Ações_BDRs_ETFs_Units,NTNSETF11,BRNTNSCTF006,938800.0
2025-01-01,2026-02-01,Ações_BDRs_ETFs_Units,NTST34,BRNTSTBDR004,1008000.0
2025-01-01,2026-02-01,Ações_BDRs_ETFs_Units,NUCL11,BRNUCLCTF002,2053000.0
2025-01-01,2026-02-01,Ações_BDRs_ETFs_Units,NVDC34,BRNVDCBDR008,22942000.0
2025-01-01,2026-02-01,Ações_BDRs_ETFs_Units,O1DF34,BRO1DFBDR000,4366000.0
2025-01-01,2026-02-01,Ações_BDRs_ETFs_Units,O1KE34,BRO1KEBDR008,977000.0
2025-01-01,2026-02-01,Ações_BDRs_ETFs_Units,O1KT34,BRO1KTBDR006,8375000.0
2025-01-01,2026-02-01,Ações_BDRs_ETFs_Units,O1MC34,BRO1MCBDR008,951000.0
2025-01-01,2026-02-01,Ações_BDRs_ETFs_Units,O1TI34,BRO1TIBDR000,4182000.0
2025-01-01,2026-02-01,Ações_BDRs_ETFs_Units,O1UT34,BRO1UTBDR005,1348000.0
2025-01-01,2026-02-01,Ações_BDRs_ETFs_Units,O2HI34,BRO2HIBDR003,2381000.0
2025-01-01,2026-02-01,Ações_BDRs_ETFs_Units,O2LE34,BRO2LEBDR004,4895000.0
2025-01-01,2026-02-01,Ações_BDRs_ETFs_Units,O2NS34,BRO2NSBDR000,4952000.0
2025-01-01,2026-02-01,Ações_BDRs_ETFs_Units,ODPV3,BRODPVACNOR4,4345000.0
2025-01-01,2026-02-01,Ações_BDRs_ETFs_Units,ONCO3,BRONCOACNOR6,11801000.0
2025-01-01,2026-02-01,Ações_BDRs_ETFs_Units,ORCL34,BRORCLBDR007,1457000.0
2025-01-01,2026-02-01,Ações_BDRs_ETFs_Units,ORLY34,BRORLYBDR001,117665000.0
2025-01-01,2026-02-01,Ações_BDRs_ETFs_Units,ORVR3,BRORVRACNOR0,1293000.0
2025-01-01,2026-02-01,Ações_BDRs_ETFs_Units,OURO11,BROUROCTF002,86000.0
2025-01-01,2026-02-01,Ações_BDRs_ETFs_Units,OXYP34,BROXYPBDR000,5211000.0
2025-01-01,2026-02-01,Ações_BDRs_ETFs_Units,P1AC34,BRP1ACBDR002,619000.0
2025-01-01,2026-02-01,Ações_BDRs_ETFs_Units,P1AY34,BRP1AYBDR006,699000.0
2025-01-01,2026-02-01,Ações_BDRs_ETFs_Units,P1DD34,BRP1DDBDR004,3649000.0
2025-01-01,2026-02-01,Ações_BDRs_ETFs_Units,P1DT34,BRP1DTBDR000,625000.0
2025-01-01,2026-02-01,Ações_BDRs_ETFs_Units,P1EA34,BRP1EABDR008,2121000.0
2025-01-01,2026-02-01,Ações_BDRs_ETFs_Units,P1EG34,BRP1EGBDR005,462000.0
2025-01-01,2026-02-01,Ações_BDRs_ETFs_Units,P1FG34,BRP1FGBDR002,637000.0
2025-01-01,2026-02-01,Ações_BDRs_ETFs_Units,P1GR34,BRP1GRBDR007,368000.0
2025-01-01,2026-02-01,Ações_BDRs_ETFs_Units,P1HC34,BRP1HCBDR007,164000.0
2025-01-01,2026-02-01,Ações_BDRs_ETFs_Units,P1HM34,BRP1HMBDR006,303000.0
2025-01-01,2026-02-01,Ações_BDRs_ETFs_Units,P1KG34,BRP1KGBDR002,347000.0
2025-01-01,2026-02-01,Ações_BDRs_ETFs_Units,P1LD34,BRP1LDBDR007,3599000.0
2025-01-01,2026-02-01,Ações_BDRs_ETFs_Units,P1NR34,BRP1NRBDR003,337000.0
2025-01-01,2026-02-01,Ações_BDRs_ETFs_Units,P1NW34,BRP1NWBDR003,823000.0
2025-01-01,2026-02-01,Ações_BDRs_ETFs_Units,P1PG34,BRP1PGBDR001,691000.0
2025-01-01,2026-02-01,Ações_BDRs_ETFs_Units,P1PL34,BRP1PLBDR001,1040000.0
2025-01-01,2026-02-01,Ações_BDRs_ETFs_Units,P1RG34,BRP1RGBDR007,1458000.0
2025-01-01,2026-02-01,Ações_BDRs_ETFs_Units,P1SA34,BRP1SABDR008,684000.0
2025-01-01,2026-02-01,Ações_BDRs_ETFs_Units,P1SX34,BRP1SXBDR000,546000.0
2025-01-01,2026-02-01,Ações_BDRs_ETFs_Units,P1UK34,BRP1UKBDR003,1377000.0
2025-01-01,2026-02-01,Ações_BDRs_ETFs_Units,P1VH34,BRP1VHBDR007,704000.0
2025-01-01,2026-02-01,Ações_BDRs_ETFs_Units,P1YC34,BRP1YCBDR002,7984000.0
2025-01-01,2026-02-01,Ações_BDRs_ETFs_Units,P2AN34,BRP2ANBDR007,12611000.0
2025-01-01,2026-02-01,Ações_BDRs_ETFs_Units,P2AT34,BRP2ATBDR004,21629000.0
2025-01-01,2026-02-01,Ações_BDRs_ETFs_Units,P2CF34,BRP2CFBDR009,4754000.0
2025-01-01,2026-02-01,Ações_BDRs_ETFs_Units,P2CO34,BRP2COBDR001,4725000.0
2025-01-01,2026-02-01,Ações_BDRs_ETFs_Units,P2CY34,BRP2CYBDR000,7674000.0
2025-01-01,2026-02-01,Ações_BDRs_ETFs_Units,P2EG34,BRP2EGBDR003,8040000.0
2025-01-01,2026-02-01,Ações_BDRs_ETFs_Units,P2EN34,BRP2ENBDR009,17161000.0
2025-01-01,2026-02-01,Ações_BDRs_ETFs_Units,P2IN34,BRP2INBDR000,9852000.0
2025-01-01,2026-02-01,Ações_BDRs_ETFs_Units,P2LN34,BRP2LNBDR004,3052000.0
2025-01-01,2026-02-01,Ações_BDRs_ETFs_Units,P2LT34,BRP2LTBDR001,802000.0
2025-01-01,2026-02-01,Ações_BDRs_ETFs_Units,P2NB34,BRP2NBBDR005,3177000.0
2025-01-01,2026-02-01,Ações_BDRs_ETFs_Units,P2OD34,BRP2ODBDR009,4061000.0
2025-01-01,2026-02-01,Ações_BDRs_ETFs_Units,P2OS34,BRP2OSBDR007,2393000.0
2025-01-01,2026-02-01,Ações_BDRs_ETFs_Units,P2ST34,BRP2STBDR006,2115000.0
2025-01-01,2026-02-01,Ações_BDRs_ETFs_Units,P2TC34,BRP2TCBDR000,3376000.0
2025-01-01,2026-02-01,Ações_BDRs_ETFs_Units,PACBETF11,BRPACBCTF000,35745600.0
2025-01-01,2026-02-01,Ações_BDRs_ETFs_Units,PACCETF11,BRPACCCTF008,375500.0
2025-01-01,2026-02-01,Ações_BDRs_ETFs_Units,PACGETF11,BRPACGCTF009,5240800.0
2025-01-01,2026-02-01,Ações_BDRs_ETFs_Units,PACLETF11,BRPACLCTF009,1674200.0
2025-01-01,2026-02-01,Ações_BDRs_ETFs_Units,PAGS34,BRPAGSBDR006,8139000.0
2025-01-01,2026-02-01,Ações_BDRs_ETFs_Units,PCAR3,BRPCARACNOR3,29063000.0
2025-01-01,2026-02-01,Ações_BDRs_ETFs_Units,PEPB34,BRPEPBBDR005,3897000.0
2025-01-01,2026-02-01,Ações_BDRs_ETFs_Units,PETR3,BRPETRACNOR9,29830000.0
2025-01-01,2026-02-01,Ações_BDRs_ETFs_Units,PETR4,BRPETRACNPR6,83248000.0
2025-01-01,2026-02-01,Ações_BDRs_ETFs_Units,PEVC11,BRPEVCCTF000,419000.0
2025-01-01,2026-02-01,Ações_BDRs_ETFs_Units,PFIZ34,BRPFIZBDR006,5873000.0
2025-01-01,2026-02-01,Ações_BDRs_ETFs_Units,PGCO34,BRPGCOBDR001,3646000.0
2025-01-01,2026-02-01,Ações_BDRs_ETFs_Units,PGMN3,BRPGMNACNOR8,8837000.0
2025-01-01,2026-02-01,Ações_BDRs_ETFs_Units,PHGN34,BRPHGNBDR002,297000.0
2025-01-01,2026-02-01,Ações_BDRs_ETFs_Units,PHIPETF11,BRPHIPCTF002,2654400.0
2025-01-01,2026-02-01,Ações_BDRs_ETFs_Units,PHMO34,BRPHMOBDR008,444000.0
2025-01-01,2026-02-01,Ações_BDRs_ETFs_Units,PIBB11,BRPIBBCTF005,57794000.0
2025-01-01,2026-02-01,Ações_BDRs_ETFs_Units,PLPL3,BRPLPLACNOR5,3528000.0
2025-01-01,2026-02-01,Ações_BDRs_ETFs_Units,PNCS34,BRPNCSBDR008,334000.0
2025-01-01,2026-02-01,Ações_BDRs_ETFs_Units,POMO4,BRPOMOACNPR7,31326000.0
2025-01-01,2026-02-01,Ações_BDRs_ETFs_Units,PRIO3,BRPRIOACNOR1,22355000.0
2025-01-01,2026-02-01,Ações_BDRs_ETFs_Units,PSKY34,BRPSKYBDR008,3129000.0
2025-01-01,2026-02-01,Ações_BDRs_ETFs_Units,PSSA3,BRPSSAACNOR7,4504000.0
2025-01-01,2026-02-01,Ações_BDRs_ETFs_Units,PYPL34,BRPYPLBDR002,13878000.0
2025-01-01,2026-02-01,Ações_BDRs_ETFs_Units,Q1RV34,BRQ1RVBDR005,914000.0
2025-01-01,2026-02-01,Ações_BDRs_ETFs_Units,Q1UA34,BRQ1UABDR003,963000.0
2025-01-01,2026-02-01,Ações_BDRs_ETFs_Units,Q1UE34,BRQ1UEBDR005,418000.0
2025-01-01,2026-02-01,Ações_BDRs_ETFs_Units,Q2SC34,BRQ2SCBDR001,11576000.0
2025-01-01,2026-02-01,Ações_BDRs_ETFs_Units,QCOM34,BRQCOMBDR007,3045000.0
2025-01-01,2026-02-01,Ações_BDRs_ETFs_Units,QQQI11,BRQQQICTF009,2179000.0
2025-01-01,2026-02-01,Ações_BDRs_ETFs_Units,R1CL34,BRR1CLBDR007,265000.0
2025-01-01,2026-02-01,Ações_BDRs_ETFs_Units,R1DY34,BRR1DYBDR008,3137000.0
2025-01-01,2026-02-01,Ações_BDRs_ETFs_Units,R1EG34,BRR1EGBDR003,1023000.0
2025-01-01,2026-02-01,Ações_BDRs_ETFs_Units,R1EL34,BRR1ELBDR003,3494000.0
2025-01-01,2026-02-01,Ações_BDRs_ETFs_Units,R1FC34,BRR1FCBDR009,1526000.0
2025-01-01,2026-02-01,Ações_BDRs_ETFs_Units,R1HI34,BRR1HIBDR002,1018000.0
2025-01-01,2026-02-01,Ações_BDRs_ETFs_Units,R1HP34,BRR1HPBDR007,2761000.0
2025-01-01,2026-02-01,Ações_BDRs_ETFs_Units,R1IN34,BRR1INBDR000,1266000.0
2025-01-01,2026-02-01,Ações_BDRs_ETFs_Units,R1JF34,BRR1JFBDR004,476000.0
2025-01-01,2026-02-01,Ações_BDRs_ETFs_Units,R1KU34,BRR1KUBDR001,7374000.0
2025-01-01,2026-02-01,Ações_BDRs_ETFs_Units,R1LC34,BRR1LCBDR007,205000.0
2025-01-01,2026-02-01,Ações_BDRs_ETFs_Units,R1MD34,BRR1MDBDR003,599000.0
2025-01-01,2026-02-01,Ações_BDRs_ETFs_Units,R1OK34,BRR1OKBDR004,366000.0
2025-01-01,2026-02-01,Ações_BDRs_ETFs_Units,R1OL34,BRR1OLBDR002,604000.0
2025-01-01,2026-02-01,Ações_BDRs_ETFs_Units,R1OP34,BRR1OPBDR003,925000.0
2025-01-01,2026-02-01,Ações_BDRs_ETFs_Units,R1SG34,BRR1SGBDR003,347000.0
2025-01-01,2026-02-01,Ações_BDRs_ETFs_Units,R1VT34,BRR1VTBDR000,9025000.0
2025-01-01,2026-02-01,Ações_BDRs_ETFs_Units,R1YA34,BRR1YABDR004,3707000.0
2025-01-01,2026-02-01,Ações_BDRs_ETFs_Units,R2AR34,BRR2ARBDR006,6106000.0
2025-01-01,2026-02-01,Ações_BDRs_ETFs_Units,R2BL34,BRR2BLBDR007,5288000.0
2025-01-01,2026-02-01,Ações_BDRs_ETFs_Units,R2GE34,BRR2GEBDR001,9380000.0
2025-01-01,2026-02-01,Ações_BDRs_ETFs_Units,R2HH34,BRR2HHBDR002,9465000.0
2025-01-01,2026-02-01,Ações_BDRs_ETFs_Units,R2NG34,BRR2NGBDR002,15912000.0
2025-01-01,2026-02-01,Ações_BDRs_ETFs_Units,R2PD34,BRR2PDBDR004,7026000.0
2025-01-01,2026-02-01,Ações_BDRs_ETFs_Units,R2RX34,BRR2RXBDR008,4261000.0
2025-01-01,2026-02-01,Ações_BDRs_ETFs_Units,RADL3,BRRADLACNOR0,22305000.0
2025-01-01,2026-02-01,Ações_BDRs_ETFs_Units,RAIL3,BRRAILACNOR9,32134000.0
2025-01-01,2026-02-01,Ações_BDRs_ETFs_Units,RAPT4,BRRAPTACNPR4,10160000.0
2025-01-01,2026-02-01,Ações_BDRs_ETFs_Units,RDOR3,BRRDORACNOR8,11858000.0
2025-01-01,2026-02-01,Ações_BDRs_ETFs_Units,RECV3,BRRECVACNOR3,8776000.0
2025-01-01,2026-02-01,Ações_BDRs_ETFs_Units,REGN34,BRREGNBDR005,2992000.0
2025-01-01,2026-02-01,Ações_BDRs_ETFs_Units,RENT3,BRRENTACNOR4,19911000.0
2025-01-01,2026-02-01,Ações_BDRs_ETFs_Units,RENT4,BRRENTACNPR1,796000.0
2025-01-01,2026-02-01,Ações_BDRs_ETFs_Units,REVE11,BRREVECTF002,281000.0
2025-01-01,2026-02-01,Ações_BDRs_ETFs_Units,RGTI34,BRRGTIBDR003,1770000.0
2025-01-01,2026-02-01,Ações_BDRs_ETFs_Units,RIAA3,BRRIAAACNOR2,4384000.0
2025-01-01,2026-02-01,Ações_BDRs_ETFs_Units,RIGG34,BRRIGGBDR000,7730000.0
2025-01-01,2026-02-01,Ações_BDRs_ETFs_Units,RIOT34,BRRIOTBDR007,416000.0
2025-01-01,2026-02-01,Ações_BDRs_ETFs_Units,ROST34,BRROSTBDR006,404000.0
2025-01-01,2026-02-01,Ações_BDRs_ETFs_Units,ROXO34,BRROXOBDR007,19350000.0
2025-01-01,2026-02-01,Ações_BDRs_ETFs_Units,RYTT34,BRRYTTBDR003,1145000.0
2025-01-01,2026-02-01,Ações_BDRs_ETFs_Units,S1AK34,BRS1AKBDR002,4428000.0
2025-01-01,2026-02-01,Ações_BDRs_ETFs_Units,S1BA34,BRS1BABDR001,1014000.0
2025-01-01,2026-02-01,Ações_BDRs_ETFs_Units,S1BS34,BRS1BSBDR003,3825000.0
2025-01-01,2026-02-01,Ações_BDRs_ETFs_Units,S1EA34,BRS1EABDR005,888000.0
2025-01-01,2026-02-01,Ações_BDRs_ETFs_Units,S1HW34,BRS1HWBDR002,1112000.0
2025-01-01,2026-02-01,Ações_BDRs_ETFs_Units,S1JM34,BRS1JMBDR009,749000.0
2025-01-01,2026-02-01,Ações_BDRs_ETFs_Units,S1KT34,BRS1KTBDR002,1619000.0
2025-01-01,2026-02-01,Ações_BDRs_ETFs_Units,S1LG34,BRS1LGBDR007,1229000.0
2025-01-01,2026-02-01,Ações_BDRs_ETFs_Units,S1MF34,BRS1MFBDR007,812000.0
2025-01-01,2026-02-01,Ações_BDRs_ETFs_Units,S1NA34,BRS1NABDR006,416000.0
2025-01-01,2026-02-01,Ações_BDRs_ETFs_Units,S1NN34,BRS1NNBDR009,1400000.0
2025-01-01,2026-02-01,Ações_BDRs_ETFs_Units,S1NP34,BRS1NPBDR004,306000.0
2025-01-01,2026-02-01,Ações_BDRs_ETFs_Units,S1OU34,BRS1OUBDR002,928000.0
2025-01-01,2026-02-01,Ações_BDRs_ETFs_Units,S1PO34,BRS1POBDR002,303000.0
2025-01-01,2026-02-01,Ações_BDRs_ETFs_Units,S1RE34,BRS1REBDR009,1762000.0
2025-01-01,2026-02-01,Ações_BDRs_ETFs_Units,S1RP34,BRS1RPBDR005,34728000.0
2025-01-01,2026-02-01,Ações_BDRs_ETFs_Units,S1SL34,BRS1SLBDR002,1169000.0
2025-01-01,2026-02-01,Ações_BDRs_ETFs_Units,S1SN34,BRS1SNBDR008,2846000.0
2025-01-01,2026-02-01,Ações_BDRs_ETFs_Units,S1TE34,BRS1TEBDR005,3113000.0
2025-01-01,2026-02-01,Ações_BDRs_ETFs_Units,S1TT34,BRS1TTBDR003,321000.0
2025-01-01,2026-02-01,Ações_BDRs_ETFs_Units,S1TX34,BRS1TXBDR005,103000.0
2025-01-01,2026-02-01,Ações_BDRs_ETFs_Units,S1WK34,BRS1WKBDR006,1864000.0
2025-01-01,2026-02-01,Ações_BDRs_ETFs_Units,S1YF34,BRS1YFBDR002,489000.0
2025-01-01,2026-02-01,Ações_BDRs_ETFs_Units,S1YK34,BRS1YKBDR002,2164000.0
2025-01-01,2026-02-01,Ações_BDRs_ETFs_Units,S1YM34,BRS1YMBDR008,1244000.0
2025-01-01,2026-02-01,Ações_BDRs_ETFs_Units,S1YY34,BRS1YYBDR003,924000.0
2025-01-01,2026-02-01,Ações_BDRs_ETFs_Units,S2CH34,BRS2CHBDR002,2723000.0
2025-01-01,2026-02-01,Ações_BDRs_ETFs_Units,S2EA34,BRS2EABDR003,7669000.0
2025-01-01,2026-02-01,Ações_BDRs_ETFs_Units,S2ED34,BRS2EDBDR007,38718000.0
2025-01-01,2026-02-01,Ações_BDRs_ETFs_Units,S2EI34,BRS2EIBDR006,1644000.0
2025-01-01,2026-02-01,Ações_BDRs_ETFs_Units,S2FM34,BRS2FMBDR005,1650000.0
2025-01-01,2026-02-01,Ações_BDRs_ETFs_Units,S2GI34,BRS2GIBDR001,1577000.0
2025-01-01,2026-02-01,Ações_BDRs_ETFs_Units,S2HO34,BRS2HOBDR007,33564000.0
2025-01-01,2026-02-01,Ações_BDRs_ETFs_Units,S2LA34,BRS2LABDR008,2832000.0
2025-01-01,2026-02-01,Ações_BDRs_ETFs_Units,S2MP34,BRS2MPBDR004,2711000.0
2025-01-01,2026-02-01,Ações_BDRs_ETFs_Units,S2NA34,BRS2NABDR004,29498000.0
2025-01-01,2026-02-01,Ações_BDRs_ETFs_Units,S2NW34,BRS2NWBDR008,7260000.0
2025-01-01,2026-02-01,Ações_BDRs_ETFs_Units,S2TA34,BRS2TABDR001,3407000.0
2025-01-01,2026-02-01,Ações_BDRs_ETFs_Units,S2TW34,BRS2TWBDR005,4959000.0
2025-01-01,2026-02-01,Ações_BDRs_ETFs_Units,S2UI34,BRS2UIBDR002,5968000.0
2025-01-01,2026-02-01,Ações_BDRs_ETFs_Units,S2YN34,BRS2YNBDR004,5444000.0
2025-01-01,2026-02-01,Ações_BDRs_ETFs_Units,SANB11,BRSANBCDAM13,7634000.0
2025-01-01,2026-02-01,Ações_BDRs_ETFs_Units,SAPP34,BRSAPPBDR007,164000.0
2025-01-01,2026-02-01,Ações_BDRs_ETFs_Units,SAPR11,BRSAPRCDAM13,3619000.0
2025-01-01,2026-02-01,Ações_BDRs_ETFs_Units,SAPR4,BRSAPRACNPR6,3163000.0
2025-01-01,2026-02-01,Ações_BDRs_ETFs_Units,SBFG3,BRSBFGACNOR1,4440000.0
2025-01-01,2026-02-01,Ações_BDRs_ETFs_Units,SBSP3,BRSBSPACNOR5,7739000.0
2025-01-01,2026-02-01,Ações_BDRs_ETFs_Units,SBUB34,BRSBUBBDR005,402000.0
2025-01-01,2026-02-01,Ações_BDRs_ETFs_Units,SCHW34,BRSCHWBDR006,2982000.0
2025-01-01,2026-02-01,Ações_BDRs_ETFs_Units,SEER3,BRSEERACNOR5,2575000.0
2025-01-01,2026-02-01,Ações_BDRs_ETFs_Units,SFIXETF11,BRSFIXCTF012,71000.0
2025-01-01,2026-02-01,Ações_BDRs_ETFs_Units,SIMH3,BRSIMHACNOR0,14011000.0
2025-01-01,2026-02-01,Ações_BDRs_ETFs_Units,SIMN34,BRSIMNBDR002,836000.0
2025-01-01,2026-02-01,Ações_BDRs_ETFs_Units,SLBG34,BRSLBGBDR003,1525000.0
2025-01-01,2026-02-01,Ações_BDRs_ETFs_Units,SLCE3,BRSLCEACNOR2,5183000.0
2025-01-01,2026-02-01,Ações_BDRs_ETFs_Units,SMAL11,BRSMALCTF002,7204000.0
2025-01-01,2026-02-01,Ações_BDRs_ETFs_Units,SMFT3,BRSMFTACNOR1,10691000.0
2025-01-01,2026-02-01,Ações_BDRs_ETFs_Units,SMTO3,BRSMTOACNOR3,7034000.0
2025-01-01,2026-02-01,Ações_BDRs_ETFs_Units,SNEC34,BRSNECBDR002,1707000.0
2025-01-01,2026-02-01,Ações_BDRs_ETFs_Units,SPBZ11,BRSPBZCTF003,4529000.0
2025-01-01,2026-02-01,Ações_BDRs_ETFs_Units,SPGI34,BRSPGIBDR009,2634000.0
2025-01-01,2026-02-01,Ações_BDRs_ETFs_Units,SPVT11,BRSPVTCTF004,294885000.0
2025-01-01,2026-02-01,Ações_BDRs_ETFs_Units,SPXB11,BRSPXBCTF008,13171000.0
2025-01-01,2026-02-01,Ações_BDRs_ETFs_Units,SPXH11,BRSPXHCTF005,19000.0
2025-01-01,2026-02-01,Ações_BDRs_ETFs_Units,SPXI11,BRSPXICTF003,4036000.0
2025-01-01,2026-02-01,Ações_BDRs_ETFs_Units,SPXR11,BRSPXRCTF004,26113000.0
2025-01-01,2026-02-01,Ações_BDRs_ETFs_Units,SPYI11,BRSPYICTF001,2005000.0
2025-01-01,2026-02-01,Ações_BDRs_ETFs_Units,SPYR11,BRSPYRCTF002,375000.0
2025-01-01,2026-02-01,Ações_BDRs_ETFs_Units,SSFO34,BRSSFOBDR003,3752000.0
2025-01-01,2026-02-01,Ações_BDRs_ETFs_Units,STMN34,BRSTMNBDR009,1321000.0
2025-01-01,2026-02-01,Ações_BDRs_ETFs_Units,STOC34,BRSTOCBDR024,2546000.0
2025-01-01,2026-02-01,Ações_BDRs_ETFs_Units,STZB34,BRSTZBBDR006,843000.0
2025-01-01,2026-02-01,Ações_BDRs_ETFs_Units,SUZB3,BRSUZBACNOR0,13992000.0
2025-01-01,2026-02-01,Ações_BDRs_ETFs_Units,SVAL11,BRSVALCTF003,96000.0
2025-01-01,2026-02-01,Ações_BDRs_ETFs_Units,T1AL34,BRT1ALBDR009,17851000.0
2025-01-01,2026-02-01,Ações_BDRs_ETFs_Units,T1AM34,BRT1AMBDR007,5762000.0
2025-01-01,2026-02-01,Ações_BDRs_ETFs_Units,T1CH34,BRT1CHBDR003,16680000.0
2025-01-01,2026-02-01,Ações_BDRs_ETFs_Units,T1DG34,BRT1DGBDR003,1335000.0
2025-01-01,2026-02-01,Ações_BDRs_ETFs_Units,T1EC34,BRT1ECBDR000,690000.0
2025-01-01,2026-02-01,Ações_BDRs_ETFs_Units,T1EL34,BRT1ELBDR001,331000.0
2025-01-01,2026-02-01,Ações_BDRs_ETFs_Units,T1EV34,BRT1EVBDR000,2380000.0
2025-01-01,2026-02-01,Ações_BDRs_ETFs_Units,T1FX34,BRT1FXBDR003,3304000.0
2025-01-01,2026-02-01,Ações_BDRs_ETFs_Units,T1MU34,BRT1MUBDR005,414000.0
2025-01-01,2026-02-01,Ações_BDRs_ETFs_Units,T1OW34,BRT1OWBDR007,5136000.0
2025-01-01,2026-02-01,Ações_BDRs_ETFs_Units,T1RI34,BRT1RIBDR009,1177000.0
2025-01-01,2026-02-01,Ações_BDRs_ETFs_Units,T1RO34,BRT1ROBDR007,699000.0
2025-01-01,2026-02-01,Ações_BDRs_ETFs_Units,T1SC34,BRT1SCBDR000,12406000.0
2025-01-01,2026-02-01,Ações_BDRs_ETFs_Units,T1SO34,BRT1SOBDR005,432000.0
2025-01-01,2026-02-01,Ações_BDRs_ETFs_Units,T1SS34,BRT1SSBDR006,1081000.0
2025-01-01,2026-02-01,Ações_BDRs_ETFs_Units,T1TW34,BRT1TWBDR006,625000.0
2025-01-01,2026-02-01,Ações_BDRs_ETFs_Units,T1WL34,BRT1WLBDR003,7007000.0
2025-01-01,2026-02-01,Ações_BDRs_ETFs_Units,T1XT34,BRT1XTBDR004,558000.0
2025-01-01,2026-02-01,Ações_BDRs_ETFs_Units,T2DH34,BRT2DHBDR009,118789000.0
2025-01-01,2026-02-01,Ações_BDRs_ETFs_Units,T2ER34,BRT2ERBDR006,2913000.0
2025-01-01,2026-02-01,Ações_BDRs_ETFs_Units,T2ND34,BRT2NDBDR007,10517000.0
2025-01-01,2026-02-01,Ações_BDRs_ETFs_Units,T2RE34,BRT2REBDR006,17809000.0
2025-01-01,2026-02-01,Ações_BDRs_ETFs_Units,T2RM34,BRT2RMBDR009,5464000.0
2025-01-01,2026-02-01,Ações_BDRs_ETFs_Units,T2TD34,BRT2TDBDR004,119126000.0
2025-01-01,2026-02-01,Ações_BDRs_ETFs_Units,T2YL34,BRT2YLBDR007,5142000.0
2025-01-01,2026-02-01,Ações_BDRs_ETFs_Units,TAEE11,BRTAEECDAM10,5394000.0
2025-01-01,2026-02-01,Ações_BDRs_ETFs_Units,TAKP34,BRTAKPBDR006,1164000.0
2025-01-01,2026-02-01,Ações_BDRs_ETFs_Units,TBIL39,BRTBILBDR007,943000.0
2025-01-01,2026-02-01,Ações_BDRs_ETFs_Units,TECK11,BRTECKCTF005,2645000.0
2025-01-01,2026-02-01,Ações_BDRs_ETFs_Units,TEND3,BRTENDACNOR4,5370000.0
2025-01-01,2026-02-01,Ações_BDRs_ETFs_Units,TEXA34,BRTEXABDR003,2927000.0
2025-01-01,2026-02-01,Ações_BDRs_ETFs_Units,TFCO4,BRTFCOACNPR8,1996000.0
2025-01-01,2026-02-01,Ações_BDRs_ETFs_Units,TGTB34,BRTGTBBDR004,350000.0
2025-01-01,2026-02-01,Ações_BDRs_ETFs_Units,THGI34,BRTHGIBDR004,233000.0
2025-01-01,2026-02-01,Ações_BDRs_ETFs_Units,TIMS3,BRTIMSACNOR5,17721000.0
2025-01-01,2026-02-01,Ações_BDRs_ETFs_Units,TIRB11,BRTIRBCTF003,121826000.0
2025-01-01,2026-02-01,Ações_BDRs_ETFs_Units,TJXC34,BRTJXCBDR008,260000.0
2025-01-01,2026-02-01,Ações_BDRs_ETFs_Units,TMCO34,BRTMCOBDR001,2213000.0
2025-01-01,2026-02-01,Ações_BDRs_ETFs_Units,TMOS34,BRTMOSBDR007,2959000.0
2025-01-01,2026-02-01,Ações_BDRs_ETFs_Units,TOPB39,BRTOPBBDR006,769000.0
2025-01-01,2026-02-01,Ações_BDRs_ETFs_Units,TOST34,BRTOSTBDR002,4329000.0
2025-01-01,2026-02-01,Ações_BDRs_ETFs_Units,TOTS3,BRTOTSACNOR8,6678000.0
2025-01-01,2026-02-01,Ações_BDRs_ETFs_Units,TPRY34,BRTPRYBDR001,288000.0
2025-01-01,2026-02-01,Ações_BDRs_ETFs_Units,TRVC34,BRTRVCBDR005,4420000.0
2025-01-01,2026-02-01,Ações_BDRs_ETFs_Units,TSLA34,BRTSLABDR008,7937000.0
2025-01-01,2026-02-01,Ações_BDRs_ETFs_Units,TSMC34,BRTSMCBDR002,1087000.0
2025-01-01,2026-02-01,Ações_BDRs_ETFs_Units,TSNF34,BRTSNFBDR003,586000.0
2025-01-01,2026-02-01,Ações_BDRs_ETFs_Units,TTEN3,BRTTENACNOR0,3092000.0
2025-01-01,2026-02-01,Ações_BDRs_ETFs_Units,TUPY3,BRTUPYACNOR1,2773000.0
2025-01-01,2026-02-01,Ações_BDRs_ETFs_Units,U1AI34,BRU1AIBDR002,1700000.0
2025-01-01,2026-02-01,Ações_BDRs_ETFs_Units,U1AL34,BRU1ALBDR006,734000.0
2025-01-01,2026-02-01,Ações_BDRs_ETFs_Units,U1BE34,BRU1BEBDR009,1924000.0
2025-01-01,2026-02-01,Ações_BDRs_ETFs_Units,U1DR34,BRU1DRBDR007,1005000.0
2025-01-01,2026-02-01,Ações_BDRs_ETFs_Units,U1HS34,BRU1HSBDR006,733000.0
2025-01-01,2026-02-01,Ações_BDRs_ETFs_Units,U1LT34,BRU1LTBDR006,1177000.0
2025-01-01,2026-02-01,Ações_BDRs_ETFs_Units,U1NM34,BRU1NMBDR007,493000.0
2025-01-01,2026-02-01,Ações_BDRs_ETFs_Units,U1RI34,BRU1RIBDR006,1182000.0
2025-01-01,2026-02-01,Ações_BDRs_ETFs_Units,U2NF34,BRU2NFBDR009,2173000.0
2025-01-01,2026-02-01,Ações_BDRs_ETFs_Units,U2PS34,BRU2PSBDR007,17268000.0
2025-01-01,2026-02-01,Ações_BDRs_ETFs_Units,U2PW34,BRU2PWBDR009,5296000.0
2025-01-01,2026-02-01,Ações_BDRs_ETFs_Units,U2ST34,BRU2STBDR009,18685000.0
2025-01-01,2026-02-01,Ações_BDRs_ETFs_Units,U2TH34,BRU2THBDR002,1589000.0
2025-01-01,2026-02-01,Ações_BDRs_ETFs_Units,UBSG34,BRUBSGBDR004,778000.0
2025-01-01,2026-02-01,Ações_BDRs_ETFs_Units,UGPA3,BRUGPAACNOR8,16492000.0
2025-01-01,2026-02-01,Ações_BDRs_ETFs_Units,ULEV34,BRULEVBDR002,567000.0
2025-01-01,2026-02-01,Ações_BDRs_ETFs_Units,UNHH34,BRUNHHBDR000,9594000.0
2025-01-01,2026-02-01,Ações_BDRs_ETFs_Units,UPAC34,BRUPACBDR001,660000.0
2025-01-01,2026-02-01,Ações_BDRs_ETFs_Units,UPSS34,BRUPSSBDR009,5575000.0
2025-01-01,2026-02-01,Ações_BDRs_ETFs_Units,USAL11,BRUSALCTF005,14713000.0
2025-01-01,2026-02-01,Ações_BDRs_ETFs_Units,USBC34,BRUSBCBDR003,2699000.0
2025-01-01,2026-02-01,Ações_BDRs_ETFs_Units,USIM5,BRUSIMACNPA6,31214000.0
2025-01-01,2026-02-01,Ações_BDRs_ETFs_Units,USTK11,BRUSTKCTF007,11338000.0
2025-01-01,2026-02-01,Ações_BDRs_ETFs_Units,UTEC11,BRUTECCTF004,9177000.0
2025-01-01,2026-02-01,Ações_BDRs_ETFs_Units,UTLL11,BRUTLLCTF000,26092000.0
2025-01-01,2026-02-01,Ações_BDRs_ETFs_Units,V1IP34,BRV1IPBDR009,2563000.0
2025-01-01,2026-02-01,Ações_BDRs_ETFs_Units,V1MC34,BRV1MCBDR009,7677000.0
2025-01-01,2026-02-01,Ações_BDRs_ETFs_Units,V1NO34,BRV1NOBDR002,633000.0
2025-01-01,2026-02-01,Ações_BDRs_ETFs_Units,V1OD34,BRV1ODBDR003,3949000.0
2025-01-01,2026-02-01,Ações_BDRs_ETFs_Units,V1RS34,BRV1RSBDR004,13577000.0
2025-01-01,2026-02-01,Ações_BDRs_ETFs_Units,V1RT34,BRV1RTBDR002,2035000.0
2025-01-01,2026-02-01,Ações_BDRs_ETFs_Units,V1ST34,BRV1STBDR000,3284000.0
2025-01-01,2026-02-01,Ações_BDRs_ETFs_Units,V1TA34,BRV1TABDR008,1013000.0
2025-01-01,2026-02-01,Ações_BDRs_ETFs_Units,V2EE34,BRV2EEBDR000,5128000.0
2025-01-01,2026-02-01,Ações_BDRs_ETFs_Units,V2RN34,BRV2RNBDR003,5787000.0
2025-01-01,2026-02-01,Ações_BDRs_ETFs_Units,VALE3,BRVALEACNOR0,58402000.0
2025-01-01,2026-02-01,Ações_BDRs_ETFs_Units,VAMO3,BRVAMOACNOR7,41614000.0
2025-01-01,2026-02-01,Ações_BDRs_ETFs_Units,VBBR3,BRVBBRACNOR1,22800000.0
2025-01-01,2026-02-01,Ações_BDRs_ETFs_Units,VERZ34,BRVERZBDR008,5908000.0
2025-01-01,2026-02-01,Ações_BDRs_ETFs_Units,VFCO34,BRVFCOBDR001,3828000.0
2025-01-01,2026-02-01,Ações_BDRs_ETFs_Units,VISA34,BRVISABDR000,2372000.0
2025-01-01,2026-02-01,Ações_BDRs_ETFs_Units,VIVA3,BRVIVAACNOR0,7593000.0
2025-01-01,2026-02-01,Ações_BDRs_ETFs_Units,VIVT3,BRVIVTACNOR0,10212000.0
2025-01-01,2026-02-01,Ações_BDRs_ETFs_Units,VLOE34,BRVLOEBDR005,415000.0
2025-01-01,2026-02-01,Ações_BDRs_ETFs_Units,VLYB34,BRVLYBBDR000,3247000.0
2025-01-01,2026-02-01,Ações_BDRs_ETFs_Units,VRSN34,BRVRSNBDR004,600000.0
2025-01-01,2026-02-01,Ações_BDRs_ETFs_Units,VRTX34,BRVRTXBDR001,324000.0
2025-01-01,2026-02-01,Ações_BDRs_ETFs_Units,VULC3,BRVULCACNOR2,3050000.0
2025-01-01,2026-02-01,Ações_BDRs_ETFs_Units,VWRA11,BRVWRACTF002,363000.0
2025-01-01,2026-02-01,Ações_BDRs_ETFs_Units,W1AB34,BRW1ABBDR005,326000.0
2025-01-01,2026-02-01,Ações_BDRs_ETFs_Units,W1BD34,BRW1BDBDR009,1359000.0
2025-01-01,2026-02-01,Ações_BDRs_ETFs_Units,W1DA34,BRW1DABDR001,3277000.0
2025-01-01,2026-02-01,Ações_BDRs_ETFs_Units,W1DC34,BRW1DCBDR007,153000.0
2025-01-01,2026-02-01,Ações_BDRs_ETFs_Units,W1EC34,BRW1ECBDR005,697000.0
2025-01-01,2026-02-01,Ações_BDRs_ETFs_Units,W1EL34,BRW1ELBDR006,419000.0
2025-01-01,2026-02-01,Ações_BDRs_ETFs_Units,W1HR34,BRW1HRBDR006,1822000.0
2025-01-01,2026-02-01,Ações_BDRs_ETFs_Units,W1IX34,BRW1IXBDR002,13072000.0
2025-01-01,2026-02-01,Ações_BDRs_ETFs_Units,W1LT34,BRW1LTBDR004,457000.0
2025-01-01,2026-02-01,Ações_BDRs_ETFs_Units,W1MB34,BRW1MBBDR000,583000.0
2025-01-01,2026-02-01,Ações_BDRs_ETFs_Units,W1MC34,BRW1MCBDR008,333000.0
2025-01-01,2026-02-01,Ações_BDRs_ETFs_Units,W1MG34,BRW1MGBDR009,3784000.0
2025-01-01,2026-02-01,Ações_BDRs_ETFs_Units,W1RB34,BRW1RBBDR009,5370000.0
2025-01-01,2026-02-01,Ações_BDRs_ETFs_Units,W1SO34,BRW1SOBDR000,2472000.0
2025-01-01,2026-02-01,Ações_BDRs_ETFs_Units,W1YC34,BRW1YCBDR003,1418000.0
2025-01-01,2026-02-01,Ações_BDRs_ETFs_Units,W1YN34,BRW1YNBDR000,616000.0
2025-01-01,2026-02-01,Ações_BDRs_ETFs_Units,W2EX34,BRW2EXBDR009,2444000.0
2025-01-01,2026-02-01,Ações_BDRs_ETFs_Units,W2ST34,BRW2STBDR007,5651000.0
2025-01-01,2026-02-01,Ações_BDRs_ETFs_Units,W2YF34,BRW2YFBDR004,11753000.0
2025-01-01,2026-02-01,Ações_BDRs_ETFs_Units,WABC34,BRWABCBDR007,418000.0
2025-01-01,2026-02-01,Ações_BDRs_ETFs_Units,WALM34,BRWALMBDR005,5376000.0
2025-01-01,2026-02-01,Ações_BDRs_ETFs_Units,WATC34,BRWATCBDR009,388000.0
2025-01-01,2026-02-01,Ações_BDRs_ETFs_Units,WEGE3,BRWEGEACNOR0,22985000.0
2025-01-01,2026-02-01,Ações_BDRs_ETFs_Units,WEJRETF11,BRWEJRCTF009,1107400.0
2025-01-01,2026-02-01,Ações_BDRs_ETFs_Units,WFCO34,BRWFCOBDR009,1746000.0
2025-01-01,2026-02-01,Ações_BDRs_ETFs_Units,WRLD11,BRWRLDCTF007,1831000.0
2025-01-01,2026-02-01,Ações_BDRs_ETFs_Units,WUNI34,BRWUNIBDR007,3749000.0
2025-01-01,2026-02-01,Ações_BDRs_ETFs_Units,X1EL34,BRX1ELBDR005,989000.0
2025-01-01,2026-02-01,Ações_BDRs_ETFs_Units,X1YL34,BRX1YLBDR003,549000.0
2025-01-01,2026-02-01,Ações_BDRs_ETFs_Units,X1YZ34,BRX1YZBDR003,14859000.0
2025-01-01,2026-02-01,Ações_BDRs_ETFs_Units,XB35ETF11,BRXB35CTF006,220400.0
2025-01-01,2026-02-01,Ações_BDRs_ETFs_Units,XB50ETF11,BRXB50CTF005,719400.0
2025-01-01,2026-02-01,Ações_BDRs_ETFs_Units,XBOV11,BRXBOVCTF005,23139000.0
2025-01-01,2026-02-01,Ações_BDRs_ETFs_Units,XINA11,BRXINACTF006,25453000.0
2025-01-01,2026-02-01,Ações_BDRs_ETFs_Units,XPBR31,BRXPBRBDR001,3234000.0
2025-01-01,2026-02-01,Ações_BDRs_ETFs_Units,XRAY34,BRXRAYBDR005,1704000.0
2025-01-01,2026-02-01,Ações_BDRs_ETFs_Units,XRXB34,BRXRXBBDR005,2276000.0
2025-01-01,2026-02-01,Ações_BDRs_ETFs_Units,Y2PF34,BRY2PFBDR000,804000.0
2025-01-01,2026-02-01,Ações_BDRs_ETFs_Units,YDUQ3,BRYDUQACNOR3,8121000.0
2025-01-01,2026-02-01,Ações_BDRs_ETFs_Units,YUMR34,BRYUMRBDR006,495000.0
2025-01-01,2026-02-01,Ações_BDRs_ETFs_Units,Z1BH34,BRZ1BHBDR007,1718000.0
2025-01-01,2026-02-01,Ações_BDRs_ETFs_Units,Z1BR34,BRZ1BRBDR006,4796000.0
2025-01-01,2026-02-01,Ações_BDRs_ETFs_Units,Z1IO34,BRZ1IOBDR008,621000.0
2025-01-01,2026-02-01,Ações_BDRs_ETFs_Units,Z1OM34,BRZ1OMBDR000,10174000.0
2025-01-01,2026-02-01,Ações_BDRs_ETFs_Units,Z1TA34,BRZ1TABDR004,3580000.0
2025-01-01,2026-02-01,Ações_BDRs_ETFs_Units,Z1TO34,BRZ1TOBDR005,2816000.0
2025-01-01,2026-02-01,Ações_BDRs_ETFs_Units,Z1TS34,BRZ1TSBDR006,4904000.0
2025-01-01,2026-02-01,Ações_BDRs_ETFs_Units,Z2DV34,BRZ2DVBDR002,4020000.0
2025-01-01,2026-02-01,Ações_BDRs_ETFs_Units,Z2IT34,BRZ2ITBDR005,18727000.0
2025-01-01,2026-02-01,Ações_BDRs_ETFs_Units,Z2LL34,BRZ2LLBDR006,6527000.0
2025-01-01,2026-02-01,Ações_BDRs_ETFs_Units,Z2LL35,BRZ2LLBDR014,1899000.0
2025-01-01,2026-02-01,Ações_BDRs_ETFs_Units,Z2SC34,BRZ2SCBDR000,5236000.0
2025-01-01,2026-02-01,ADR,ELET3 BZ,US15234Q2075,5345000.0
2025-01-01,2026-02-01,ADR,GGBR4 BZ,US3737371050,44623000.0
2025-01-01,2026-02-01,ADR,PETR4 BZ,US71654V1017,19321000.0
2025-01-01,2026-02-01,ADR,BBDC4 BZ,US0594603039,111519000.0
2025-01-01,2026-02-01,ADR,ABEV3 BZ,US02319V1035,90375000.0
2025-01-01,2026-02-01,ADR,ITUB4 BZ,US4655621062,65431000.0
2025-01-01,2026-02-01,ADR,VALE3 BZ,US91912E1055,93028000.0
2025-01-01,2026-02-01,ADR,BBDC3 BZ,US0594604029,110000.0
2025-01-01,2026-02-01,ADR,SANB11 BZ,US05967A1079,1617000.0
2025-01-01,2026-02-01,ADR,BRKM5 BZ,US1055321053,2905000.0
2025-01-01,2026-02-01,ADR,BRFS3 BZ,US10552T1079,6433000.0
2025-01-01,2026-02-01,ADR,ELET6 BZ,US15234Q1085,43000.0
2025-01-01,2026-02-01,ADR,SBSP3 BZ,US20441A1025,3116000.0
2025-01-01,2026-02-01,ADR,CMIG4 BZ,US2044096012,8468000.0
2025-01-01,2026-02-01,ADR,CPLE6 BZ,US20441B4077,724000.0
2025-01-01,2026-02-01,ADR,CSNA3 BZ,US20440W1053,7276000.0
2025-01-01,2026-02-01,ADR,EMBR3 BZ,US29082A1079,2568000.0
2025-01-01,2026-02-01,ADR,PETR3 BZ,US71654V4086,58947000.0
2025-01-01,2026-02-01,ADR,UGPA3 BZ,US90400P1012,5013000.0
2025-01-01,2026-02-01,ADR,TIMS3 BZ,US88706T1088,985000.0
2025-01-01,2026-02-01,ADR,VIVT3 BZ,US87936R2058,2205000.0
2025-01-01,2026-02-01,ADR,TSLA,US88160R1014,887179.196002726
2025-01-01,2026-02-01,ADR,NVDA,US67066G1040,2070576.42570057
2025-01-01,2026-02-01,ADR,AAPL,US0378331005,1511688.60303193
2025-01-01,2026-02-01,ADR,MSFT,US5949181045,821001.076168211
2025-01-01,2026-02-01,ADR,AMZN,US0231351067,1619412.74264066
2025-01-01,2026-02-01,ADR,GOOGL,US02079K1079,1158556.0406301
2025-01-01,2026-02-01,ADR,META,US30303M1027,574246.513921688
2025-01-01,2026-02-01,ADR,AXIA7 BZ,US15236F1003,1604000.0
2025-01-01,2026-02-01,DEB,ALGAA2,BRALGTDBS0G4,36200.0
2025-01-01,2026-02-01,DEB,ALGAB1,BRALGTDBS0F6,15100.0
2025-01-01,2026-02-01,DEB,ALGTA4,BRALGTDBS0K6,33800.0
2025-01-01,2026-02-01,DEB,CSAN18,BRCSANDBS0D4,62500.0
2025-01-01,2026-02-01,DEB,CSAN23,BRCSANDBS040,45000.0
2025-01-01,2026-02-01,DEB,CSAN24,BRCSANDBS073,55000.0
2025-01-01,2026-02-01,DEB,ELPLA7,BRELPLDBS126,40000.0
2025-01-01,2026-02-01,DEB,ELPLB4,BRELPLDBS0Y0,40000.0
2025-01-01,2026-02-01,DEB,ENGIB9,BRENGIDBS127,57700.0
2025-01-01,2026-02-01,DEB,LCAMC2,BRLCAMDBS0Q4,20100.0
2025-01-01,2026-02-01,DEB,TIMS12,BRTIMSDBS007,80000.0
2025-01-01,2026-02-01,DEB,RDORC9,BRRDORDBS0C6,75000.0
2025-01-01,2026-02-01,DEB,RDORB9,BRRDORDBS0A0,90700.0
2025-01-01,2026-02-01,DEB,RDORB3,BRRDORDBS0E2,42600.0
2025-01-01,2026-02-01,DEB,PETR26,BRPETRDBS092,77000.0
2025-01-01,2026-02-01,DEB,TRPLA4,BRISAEDBS046,39200.0
2025-01-01,2026-02-01,DEB,TRPLB4,BRISAEDBS053,55900.0
2025-01-01,2026-02-01,DEB,LCAMD1,BRRENTDBS162,55100.0
2025-01-01,2026-02-01,DEB,LORTA7,BRRENTDBS0K7,60100.0
2025-01-01,2026-02-01,DEB,LORTB9,BRRENTDBS0N1,77600.0
2025-01-01,2026-02-01,DEB,CSANB0,BRCSANDBS0I3,36300.0
2025-01-01,2026-02-01,DEB,ENGIB0,BRENGIDBS150,32400.0
2025-01-01,2026-02-01,DEB,ENGIC0,BRENGIDBS168,39700.0
2025-01-01,2026-02-01,DEB,RDORD3,BRRDORDBS0Q6,93400.0
2025-01-01,2026-02-01,DEB,RENTC8,BRRENTDBS188,92100.0
2025-01-01,2026-02-01,DEB,RENTD1,BRRENTDBS1D0,35000.0
2025-01-01,2026-02-01,DEB,RDORC7,BRRDORDBS034,50000.0
2025-01-01,2026-02-01,DEB,RENTA5,BRRENTDBS0S0,75100.0
2025-01-01,2026-02-01,DEB,KLBNA5,BRKLBNDBS087,75100.0
2025-01-01,2026-02-01,DEB,SBSPE3,BRSBSPDBS213,70000.0
2025-01-01,2026-02-01,DEB,SBSPF3,BRSBSPDBS221,65000.0
2025-01-01,2026-02-01,DEB,VALEA0,BRVALEDBS002,96700.0
2025-01-01,2026-02-01,DEB,PFOR15,BRPFORDBS009,37600.0
2025-01-01,2026-02-01,DEB,PALFB6,BRPALFDBS0M7,39700.0
2025-01-01,2026-02-01,DEB,RESA14,BRRESADBS039,45000.0
2025-01-01,2026-02-01,DEB,VALEB0,BRVALEDBS0B3,90100.0
2025-01-01,2026-02-01,DEB,VALEC0,BRVALEDBS0C1,60100.0
2025-01-01,2026-02-01,DEB,EGIEA4,BREGIEDBS0M0,50100.0
2025-01-01,2026-02-01,DEB,EGIEB4,BREGIEDBS0N8,50000.0
2025-01-01,2026-02-01,DEB,CPGTC0,BRCPGTDBS0G8,44700.0
2025-01-01,2026-02-01,DEB,GASC18,BRGASCDBS0C5,19900.0
2025-01-01,2026-02-01,DEB,GASC28,BRGASCDBS0D3,60000.0
2025-01-01,2026-02-01,DEB,EQTL17,BREQTLDBS0B9,75000.0
2025-01-01,2026-02-01,DEB,ISAEA8,BRISAEDBS0H0,25100.0
2025-01-01,2026-02-01,DEB,ISAEB8,BRISAEDBS0K4,45000.0
2025-01-01,2026-02-01,DEB,EGIEA3,BREGIEDBS0L2,71000.0
2025-01-01,2026-02-01,DEB,ENGIA1,BRENGIDBS0L1,25000.0
2025-01-01,2026-02-01,DEB,RESA27,BRRESADBS088,21500.0
2025-01-01,2026-02-01,DEB,EKTRA5,BREKTRDBS0V7,35000.0
2025-01-01,2026-02-01,DEB,IOCHA4,BRMYPKDBS0D0,37500.0
2025-01-01,2026-02-01,DEB,CEPEA6,BRCEPEDBS0R4,35000.0
2025-01-01,2026-02-01,DEB,ALUP18,BRALUPDBS0C9,42500.0
2025-01-01,2026-02-01,DEB,AESLA9,BRAESLDBS0U8,54500.0
2025-01-01,2026-02-01,DEB,CPLD29,BRCPLDDBS0F1,72100.0
2025-01-01,2026-02-01,DEB,RDORE4,BRRDORDBS0T0,82500.0
2025-01-01,2026-02-01,DEB,TRPLB7,BRISAEDBS0C1,37500.0
2025-01-01,2026-02-01,DEB,VALEB1,BRVALEDBS0D9,100000.0
2025-01-01,2026-02-01,DEB,VALEC1,BRVALEDBS0E7,100000.0
2025-01-01,2026-02-01,DEB,VALED1,BRVALEDBS0F4,100100.0
2025-01-01,2026-02-01,DEB,ISAEA9,BRISAEDBS0L2,27300.0
2025-01-01,2026-02-01,DEB,PASS14,BRPASSDBS041,97700.0
2025-01-01,2026-02-01,DEB,PETR28,BRPETRDBS0F5,41200.0
2025-01-01,2026-02-01,DEB,CPLDC0,BRCPLDDBS0I5,58000.0
2025-01-01,2026-02-01,DEB,EGIEA5,BREGIEDBS0O6,34800.0
2025-01-01,2026-02-01,DEB,EGIEB5,BREGIEDBS0P3,72600.0
2025-01-01,2026-02-01,DEB,VBBR15,BRVBBRDBS037,75000.0
2025-01-01,2026-02-01,DEB,VBBR24,BRVBBRDBS029,39600.0
2025-01-01,2026-02-01,DEB,VBBR18,BRVBBRDBS078,98600.0
2025-01-01,2026-02-01,DEB,PFOR16,BRPFORDBS025,99000.0
2025-01-01,2026-02-01,DEB,PFOR26,BRPFORDBS033,49600.0
2025-01-01,2026-02-01,DEB,RENTE4,BRRENTDBS1H1,83000.0
2025-01-01,2026-02-01,DEB,ENERC7,BRENERDBS107,16800.0
2025-01-01,2026-02-01,DEB,ENGIC4,BRENGIDBS1D6,94500.0
2025-01-01,2026-02-01,DEB,LCAMD3,BRRENTDBS154,25800.0
2025-01-01,2026-02-01,DEB,CEPEC2,BRCEPEDBS0K9,20000.0
2025-01-01,2026-02-01,DEB,SBSPH0,BRSBSPDBS1V3,25000.0
2025-01-01,2026-02-01,DEB,CPGT17,BRCPGTDBS073,100000.0
2025-01-01,2026-02-01,DEB,CPGT27,BRCPGTDBS081,15200.0
2025-01-01,2026-02-01,DEB,ENGIB2,BRENGIDBS192,33800.0
2025-01-01,2026-02-01,DEB,RAIZ23,BRRAIZDBS027,48600.0
2025-01-01,2026-02-01,DEB,GASC25,BRGASCDBS077,32200.0
2025-01-01,2026-02-01,DEB,VBBR26,BRVBBRDBS052,35400.0
2025-01-01,2026-02-01,DEB,TRPLA7,BRISAEDBS0B3,45100.0
2026-07-01,2026-06-01,Ações_BDRs_ETFs_FIIs_Units,I1AC34,BRI1ACBDR001,10387000
2026-07-01,2026-05-01,Ações_BDRs_ETFs_FIIs_Units,5PREETF11,BR5PRECTF008,1024300
2026-07-01,2026-05-01,Ações_BDRs_ETFs_FIIs_Units,A1AP34,BRA1APBDR001,10911000
2026-07-01,2026-05-01,Ações_BDRs_ETFs_FIIs_Units,A1CR34,BRA1CRBDR003,994000
2026-07-01,2026-05-01,Ações_BDRs_ETFs_FIIs_Units,A1DC34,BRA1DCBDR003,4166000
2026-07-01,2026-05-01,Ações_BDRs_ETFs_FIIs_Units,A1DI34,BRA1DIBDR000,197000
2026-07-01,2026-05-01,Ações_BDRs_ETFs_FIIs_Units,A1DM34,BRA1DMBDR002,571000
2026-07-01,2026-05-01,Ações_BDRs_ETFs_FIIs_Units,A1EE34,BRA1EEBDR007,722000
2026-07-01,2026-05-01,Ações_BDRs_ETFs_FIIs_Units,A1EG34,BRA1EGBDR002,2794000
2026-07-01,2026-05-01,Ações_BDRs_ETFs_FIIs_Units,A1EN34,BRA1ENBDR008,551000
2026-07-01,2026-05-01,Ações_BDRs_ETFs_FIIs_Units,A1EP34,BRA1EPBDR003,595000
2026-07-01,2026-05-01,Ações_BDRs_ETFs_FIIs_Units,A1ES34,BRA1ESBDR007,2768000
2026-07-01,2026-05-01,Ações_BDRs_ETFs_FIIs_Units,A1FL34,BRA1FLBDR009,353000
2026-07-01,2026-05-01,Ações_BDRs_ETFs_FIIs_Units,A1GI34,BRA1GIBDR003,705000
2026-07-01,2026-05-01,Ações_BDRs_ETFs_FIIs_Units,A1GN34,BRA1GNBDR003,521000
2026-07-01,2026-05-01,Ações_BDRs_ETFs_FIIs_Units,A1HR34,BRA1HRBDR002,2395000
2026-07-01,2026-05-01,Ações_BDRs_ETFs_FIIs_Units,A1JG34,BRA1JGBDR001,357000
2026-07-01,2026-05-01,Ações_BDRs_ETFs_FIIs_Units,A1KA34,BRA1KABDR002,4995000
2026-07-01,2026-05-01,Ações_BDRs_ETFs_FIIs_Units,A1LB34,BRA1LBBDR008,5017000
2026-07-01,2026-05-01,Ações_BDRs_ETFs_FIIs_Units,A1LG34,BRA1LGBDR007,826000
2026-07-01,2026-05-01,Ações_BDRs_ETFs_FIIs_Units,A1LK34,BRA1LKBDR009,904000
2026-07-01,2026-05-01,Ações_BDRs_ETFs_FIIs_Units,A1LL34,BRA1LLBDR007,1120000
2026-07-01,2026-05-01,Ações_BDRs_ETFs_FIIs_Units,A1LN34,BRA1LNBDR003,2572000
2026-07-01,2026-05-01,Ações_BDRs_ETFs_FIIs_Units,A1MD34,BRA1MDBDR002,1160000
2026-07-01,2026-05-01,Ações_BDRs_ETFs_FIIs_Units,A1ME34,BRA1MEBDR000,4080000
2026-07-01,2026-05-01,Ações_BDRs_ETFs_FIIs_Units,A1MP34,BRA1MPBDR006,346000
2026-07-01,2026-05-01,Ações_BDRs_ETFs_FIIs_Units,A1MT34,BRA1MTBDR008,991000
2026-07-01,2026-05-01,Ações_BDRs_ETFs_FIIs_Units,A1NE34,BRA1NEBDR008,925000
2026-07-01,2026-05-01,Ações_BDRs_ETFs_FIIs_Units,A1ON34,BRA1ONBDR007,481000
2026-07-01,2026-05-01,Ações_BDRs_ETFs_FIIs_Units,A1OS34,BRA1OSBDR006,634000
2026-07-01,2026-05-01,Ações_BDRs_ETFs_FIIs_Units,A1PA34,BRA1PABDR001,1031000
2026-07-01,2026-05-01,Ações_BDRs_ETFs_FIIs_Units,A1PD34,BRA1PDBDR005,542000
2026-07-01,2026-05-01,Ações_BDRs_ETFs_FIIs_Units,A1PH34,BRA1PHBDR006,531000
2026-07-01,2026-05-01,Ações_BDRs_ETFs_FIIs_Units,A1PL34,BRA1PLBDR008,1103000
2026-07-01,2026-05-01,Ações_BDRs_ETFs_FIIs_Units,A1PO34,BRA1POBDR002,4835000
2026-07-01,2026-05-01,Ações_BDRs_ETFs_FIIs_Units,A1PP34,BRA1PPBDR009,2819000
2026-07-01,2026-05-01,Ações_BDRs_ETFs_FIIs_Units,A1RE34,BRA1REBDR009,3433000
2026-07-01,2026-05-01,Ações_BDRs_ETFs_FIIs_Units,A1RG34,BRA1RGBDR004,1272000
2026-07-01,2026-05-01,Ações_BDRs_ETFs_FIIs_Units,A1SN34,BRA1SNBDR008,2629000
2026-07-01,2026-05-01,Ações_BDRs_ETFs_FIIs_Units,A1SU34,BRA1SUBDR003,648000
2026-07-01,2026-05-01,Ações_BDRs_ETFs_FIIs_Units,A1TM34,BRA1TMBDR008,435000
2026-07-01,2026-05-01,Ações_BDRs_ETFs_FIIs_Units,A1TT34,BRA1TTBDR003,4509000
2026-07-01,2026-05-01,Ações_BDRs_ETFs_FIIs_Units,A1UT34,BRA1UTBDR001,690000
2026-07-01,2026-05-01,Ações_BDRs_ETFs_FIIs_Units,A1VB34,BRA1VBBDR007,933000
2026-07-01,2026-05-01,Ações_BDRs_ETFs_FIIs_Units,A1VY34,BRA1VYBDR009,403000
2026-07-01,2026-05-01,Ações_BDRs_ETFs_FIIs_Units,A1WK34,BRA1WKBDR006,1213000
2026-07-01,2026-05-01,Ações_BDRs_ETFs_FIIs_Units,A1ZN34,BRA1ZNBDR003,1236000
2026-07-01,2026-05-01,Ações_BDRs_ETFs_FIIs_Units,A2LC34,BRA2LCBDR004,4975000
2026-07-01,2026-05-01,Ações_BDRs_ETFs_FIIs_Units,A2MB34,BRA2MBBDR004,9114000
2026-07-01,2026-05-01,Ações_BDRs_ETFs_FIIs_Units,A2RE34,BRA2REBDR007,3330000
2026-07-01,2026-05-01,Ações_BDRs_ETFs_FIIs_Units,A2RR34,BRA2RRBDR009,4273000
2026-07-01,2026-05-01,Ações_BDRs_ETFs_FIIs_Units,A2RW34,BRA2RWBDR009,3626000
2026-07-01,2026-05-01,Ações_BDRs_ETFs_FIIs_Units,A2SO34,BRA2SOBDR004,2456000
2026-07-01,2026-05-01,Ações_BDRs_ETFs_FIIs_Units,A2XO34,BRA2XOBDR004,1846000
2026-07-01,2026-05-01,Ações_BDRs_ETFs_FIIs_Units,A2ZT34,BRA2ZTBDR008,5022000
2026-07-01,2026-05-01,Ações_BDRs_ETFs_FIIs_Units,AALL34,BRAALLBDR003,3430000
2026-07-01,2026-05-01,Ações_BDRs_ETFs_FIIs_Units,AAPL34,BRAAPLBDR004,3641000
2026-07-01,2026-05-01,Ações_BDRs_ETFs_FIIs_Units,ABBV34,BRABBVBDR001,3166000
2026-07-01,2026-05-01,Ações_BDRs_ETFs_FIIs_Units,ABCB4,BRABCBACNPR4,1853000
2026-07-01,2026-05-01,Ações_BDRs_ETFs_FIIs_Units,ABEV3,BRABEVACNOR1,69440000
2026-07-01,2026-05-01,Ações_BDRs_ETFs_FIIs_Units,ABGD39,BRABGDBDR008,1726000
2026-07-01,2026-05-01,Ações_BDRs_ETFs_FIIs_Units,ABTT34,BRABTTBDR007,5301000
2026-07-01,2026-05-01,Ações_BDRs_ETFs_FIIs_Units,ABUD34,BRABUDBDR009,3336000
2026-07-01,2026-05-01,Ações_BDRs_ETFs_FIIs_Units,ACNB34,BRACNBBDR006,225000
2026-07-01,2026-05-01,Ações_BDRs_ETFs_FIIs_Units,ACWI11,BRACWICTF001,13701000
2026-07-01,2026-05-01,Ações_BDRs_ETFs_FIIs_Units,ADBE34,BRADBEBDR003,8436000
2026-07-01,2026-05-01,Ações_BDRs_ETFs_FIIs_Units,ADPR34,BRADPRBDR005,4749000
2026-07-01,2026-05-01,Ações_BDRs_ETFs_FIIs_Units,AIGB34,BRAIGBBDR007,521000
2026-07-01,2026-05-01,Ações_BDRs_ETFs_FIIs_Units,AIRB34,BRAIRBBDR004,5664000
2026-07-01,2026-05-01,Ações_BDRs_ETFs_FIIs_Units,ALOS3,BRALOSACNOR5,13861000
2026-07-01,2026-05-01,Ações_BDRs_ETFs_FIIs_Units,ALPA4,BRALPAACNPR7,6351000
2026-07-01,2026-05-01,Ações_BDRs_ETFs_FIIs_Units,ALUG11,BRALUGCTF000,5030000
2026-07-01,2026-05-01,Ações_BDRs_ETFs_FIIs_Units,ALUP11,BRALUPCDAM15,2391000
2026-07-01,2026-05-01,Ações_BDRs_ETFs_FIIs_Units,AMGN34,BRAMGNBDR004,3199000
2026-07-01,2026-05-01,Ações_BDRs_ETFs_FIIs_Units,AMLG34,BRAMLGBDR008,687000
2026-07-01,2026-05-01,Ações_BDRs_ETFs_FIIs_Units,AMZO34,BRAMZOBDR002,4779000
2026-07-01,2026-05-01,Ações_BDRs_ETFs_FIIs_Units,ANIM3,BRANIMACNOR6,21347000
2026-07-01,2026-05-01,Ações_BDRs_ETFs_FIIs_Units,APTV34,BRAPTVBDR003,1321000
2026-07-01,2026-05-01,Ações_BDRs_ETFs_FIIs_Units,AREAETF11,BRAREACTF004,254600
2026-07-01,2026-05-01,Ações_BDRs_ETFs_FIIs_Units,ARMT34,BRARMTBDR008,1354000
2026-07-01,2026-05-01,Ações_BDRs_ETFs_FIIs_Units,ARNC34,BRARNCBDR002,170000
2026-07-01,2026-05-01,Ações_BDRs_ETFs_FIIs_Units,ASAI3,BRASAIACNOR0,41761000
2026-07-01,2026-05-01,Ações_BDRs_ETFs_FIIs_Units,ASML34,BRASMLBDR003,1592000
2026-07-01,2026-05-01,Ações_BDRs_ETFs_FIIs_Units,ATTB34,BRATTBBDR007,4519000
2026-07-01,2026-05-01,Ações_BDRs_ETFs_FIIs_Units,AUAU3,BRAUAUACNOR1,10670000
2026-07-01,2026-05-01,Ações_BDRs_ETFs_FIIs_Units,AUPOETF11,BRAUPOCTF005,2288100
2026-07-01,2026-05-01,Ações_BDRs_ETFs_FIIs_Units,AURA33,BRAURABDR001,2415000
2026-07-01,2026-05-01,Ações_BDRs_ETFs_FIIs_Units,AURE3,BRAUREACNOR9,9692000
2026-07-01,2026-05-01,Ações_BDRs_ETFs_FIIs_Units,AUVP11,BRAUVPCTF000,84061000
2026-07-01,2026-05-01,Ações_BDRs_ETFs_FIIs_Units,AVGO34,BRAVGOBDR003,7323000
2026-07-01,2026-05-01,Ações_BDRs_ETFs_FIIs_Units,AWII34,BRAWIIBDR009,208000
2026-07-01,2026-05-01,Ações_BDRs_ETFs_FIIs_Units,AXIA3,BRAXIAACNOR0,29618000
2026-07-01,2026-05-01,Ações_BDRs_ETFs_FIIs_Units,AXIA6,BRAXIAACNPB1,4210000
2026-07-01,2026-05-01,Ações_BDRs_ETFs_FIIs_Units,AXIA7,BRAXIAACNPC9,8885400
2026-07-01,2026-05-01,Ações_BDRs_ETFs_FIIs_Units,AXPB34,BRAXPBBDR007,1267000
2026-07-01,2026-05-01,Ações_BDRs_ETFs_FIIs_Units,AZOI34,BRAZOIBDR000,2481000
2026-07-01,2026-05-01,Ações_BDRs_ETFs_FIIs_Units,AZZA3,BRAZZAACNOR9,9172000
2026-07-01,2026-05-01,Ações_BDRs_ETFs_FIIs_Units,B1AM34,BRB1AMBDR007,3516000
2026-07-01,2026-05-01,Ações_BDRs_ETFs_FIIs_Units,B1AX34,BRB1AXBDR004,4409000
2026-07-01,2026-05-01,Ações_BDRs_ETFs_FIIs_Units,B1BT34,BRB1BTBDR000,812000
2026-07-01,2026-05-01,Ações_BDRs_ETFs_FIIs_Units,B1BW34,BRB1BWBDR012,7974000
2026-07-01,2026-05-01,Ações_BDRs_ETFs_FIIs_Units,B1CS34,BRB1CSBDR000,1723000
2026-07-01,2026-05-01,Ações_BDRs_ETFs_FIIs_Units,B1DX34,BRB1DXBDR008,1270000
2026-07-01,2026-05-01,Ações_BDRs_ETFs_FIIs_Units,B1FC34,BRB1FCBDR007,1410000
2026-07-01,2026-05-01,Ações_BDRs_ETFs_FIIs_Units,B1IL34,BRB1ILBDR002,6751000
2026-07-01,2026-05-01,Ações_BDRs_ETFs_FIIs_Units,B1KR34,BRB1KRBDR005,620000
2026-07-01,2026-05-01,Ações_BDRs_ETFs_FIIs_Units,B1LL34,BRB1LLBDR006,1292000
2026-07-01,2026-05-01,Ações_BDRs_ETFs_FIIs_Units,B1ME34,BRB1MEBDR009,2747000
2026-07-01,2026-05-01,Ações_BDRs_ETFs_FIIs_Units,B1MR34,BRB1MRBDR001,1505000
2026-07-01,2026-05-01,Ações_BDRs_ETFs_FIIs_Units,B1NT34,BRB1NTBDR005,5864000
2026-07-01,2026-05-01,Ações_BDRs_ETFs_FIIs_Units,B1PP34,BRB1PPBDR008,3450000
2026-07-01,2026-05-01,Ações_BDRs_ETFs_FIIs_Units,B1RF34,BRB1RFBDR005,986000
2026-07-01,2026-05-01,Ações_BDRs_ETFs_FIIs_Units,B1SX34,BRB1SXBDR006,606000
2026-07-01,2026-05-01,Ações_BDRs_ETFs_FIIs_Units,B1TI34,BRB1TIBDR005,3478000
2026-07-01,2026-05-01,Ações_BDRs_ETFs_FIIs_Units,B1WA34,BRB1WABDR006,754000
2026-07-01,2026-05-01,Ações_BDRs_ETFs_FIIs_Units,B1ZE34,BRB1ZEBDR001,2913000
2026-07-01,2026-05-01,Ações_BDRs_ETFs_FIIs_Units,B2AH34,BRB2AHBDR005,4545000
2026-07-01,2026-05-01,Ações_BDRs_ETFs_FIIs_Units,B2AP34,BRB2APBDR008,1480000
2026-07-01,2026-05-01,Ações_BDRs_ETFs_FIIs_Units,B2HI34,BRB2HIBDR008,192322000
2026-07-01,2026-05-01,Ações_BDRs_ETFs_FIIs_Units,B2LN34,BRB2LNBDR000,7581000
2026-07-01,2026-05-01,Ações_BDRs_ETFs_FIIs_Units,B2RK34,BRB2RKBDR003,9995000
2026-07-01,2026-05-01,Ações_BDRs_ETFs_FIIs_Units,B2UR34,BRB2URBDR002,3785000
2026-07-01,2026-05-01,Ações_BDRs_ETFs_FIIs_Units,B2YN34,BRB2YNBDR003,14380000
2026-07-01,2026-05-01,Ações_BDRs_ETFs_FIIs_Units,B3BR11,BRB3BRCTF009,22845000
2026-07-01,2026-05-01,Ações_BDRs_ETFs_FIIs_Units,B5MBETF11,BRB5MBCTF005,4633000
2026-07-01,2026-05-01,Ações_BDRs_ETFs_FIIs_Units,B5P2ETF11,BRB5P2CTF001,17051400
2026-07-01,2026-05-01,Ações_BDRs_ETFs_FIIs_Units,BAAX39,BRBAAXBDR009,3593000
2026-07-01,2026-05-01,Ações_BDRs_ETFs_FIIs_Units,BABA34,BRBABABDR005,9538000
2026-07-01,2026-05-01,Ações_BDRs_ETFs_FIIs_Units,BACW39,BRBACWBDR007,2697000
2026-07-01,2026-05-01,Ações_BDRs_ETFs_FIIs_Units,BAER39,BRBAERBDR003,3662000
2026-07-01,2026-05-01,Ações_BDRs_ETFs_FIIs_Units,BAIR39,BRBAIRBDR004,2578000
2026-07-01,2026-05-01,Ações_BDRs_ETFs_FIIs_Units,BARY39,BRBARYBDR001,407000
2026-07-01,2026-05-01,Ações_BDRs_ETFs_FIIs_Units,BBAS3,BRBBASACNOR3,60225000
2026-07-01,2026-05-01,Ações_BDRs_ETFs_FIIs_Units,BBCN39,BRBBCNBDR004,744000
2026-07-01,2026-05-01,Ações_BDRs_ETFs_FIIs_Units,BBDC3,BRBBDCACNOR1,17056000
2026-07-01,2026-05-01,Ações_BDRs_ETFs_FIIs_Units,BBDC4,BRBBDCACNPR8,83130000
2026-07-01,2026-05-01,Ações_BDRs_ETFs_FIIs_Units,BBER39,BRBBERBDR001,950000
2026-07-01,2026-05-01,Ações_BDRs_ETFs_FIIs_Units,BBJP39,BRBBJPBDR004,2749000
2026-07-01,2026-05-01,Ações_BDRs_ETFs_FIIs_Units,BBOV11,BRBBOVCTF001,40037000
2026-07-01,2026-05-01,Ações_BDRs_ETFs_FIIs_Units,BBSD11,BRBBSDCTF000,8900000
2026-07-01,2026-05-01,Ações_BDRs_ETFs_FIIs_Units,BBSE3,BRBBSEACNOR5,14253000
2026-07-01,2026-05-01,Ações_BDRs_ETFs_FIIs_Units,BBUG39,BRBBUGBDR000,1244000
2026-07-01,2026-05-01,Ações_BDRs_ETFs_FIIs_Units,BBUS39,BRBBUSBDR005,1259000
2026-07-01,2026-05-01,Ações_BDRs_ETFs_FIIs_Units,BBYY34,BRBBYYBDR005,653000
2026-07-01,2026-05-01,Ações_BDRs_ETFs_FIIs_Units,BCHI39,BRBCHIBDR001,5382000
2026-07-01,2026-05-01,Ações_BDRs_ETFs_FIIs_Units,BCIR39,BRBCIRBDR000,3033000
2026-07-01,2026-05-01,Ações_BDRs_ETFs_FIIs_Units,BCPX39,BRBCPXBDR003,4933000
2026-07-01,2026-05-01,Ações_BDRs_ETFs_FIIs_Units,BCSA34,BRBCSABDR005,3355000
2026-07-01,2026-05-01,Ações_BDRs_ETFs_FIIs_Units,BDEF11,BRBDEFCTF001,5132000
2026-07-01,2026-05-01,Ações_BDRs_ETFs_FIIs_Units,BDOM11,BRBDOMCTF006,43774000
2026-07-01,2026-05-01,Ações_BDRs_ETFs_FIIs_Units,BDVY39,BRBDVYBDR007,2132000
2026-07-01,2026-05-01,Ações_BDRs_ETFs_FIIs_Units,BEEF3,BRBEEFACNOR6,39385000
2026-07-01,2026-05-01,Ações_BDRs_ETFs_FIIs_Units,BEEM39,BRBEEMBDR006,3943000
2026-07-01,2026-05-01,Ações_BDRs_ETFs_FIIs_Units,BEFA39,BRBEFABDR008,3186000
2026-07-01,2026-05-01,Ações_BDRs_ETFs_FIIs_Units,BEFG39,BRBEFGBDR005,3364000
2026-07-01,2026-05-01,Ações_BDRs_ETFs_FIIs_Units,BEFV39,BRBEFVBDR004,3142000
2026-07-01,2026-05-01,Ações_BDRs_ETFs_FIIs_Units,BEGD39,BRBEGDBDR000,1190000
2026-07-01,2026-05-01,Ações_BDRs_ETFs_FIIs_Units,BEGE39,BRBEGEBDR008,2193000
2026-07-01,2026-05-01,Ações_BDRs_ETFs_FIIs_Units,BEGU39,BRBEGUBDR004,2555000
2026-07-01,2026-05-01,Ações_BDRs_ETFs_FIIs_Units,BEMC39,BRBEMCBDR000,2259000
2026-07-01,2026-05-01,Ações_BDRs_ETFs_FIIs_Units,BEMV39,BRBEMVBDR000,852000
2026-07-01,2026-05-01,Ações_BDRs_ETFs_FIIs_Units,BERK34,BRBERKBDR002,1811000
2026-07-01,2026-05-01,Ações_BDRs_ETFs_FIIs_Units,BEST11,BRBESTCTF000,14669000
2026-07-01,2026-05-01,Ações_BDRs_ETFs_FIIs_Units,BEUF39,BRBEUFBDR006,1180000
2026-07-01,2026-05-01,Ações_BDRs_ETFs_FIIs_Units,BEUR39,BRBEURBDR001,1186000
2026-07-01,2026-05-01,Ações_BDRs_ETFs_FIIs_Units,BEWA39,BRBEWABDR003,4098000
2026-07-01,2026-05-01,Ações_BDRs_ETFs_FIIs_Units,BEWC39,BRBEWCBDR009,2772000
2026-07-01,2026-05-01,Ações_BDRs_ETFs_FIIs_Units,BEWG39,BRBEWGBDR000,2879000
2026-07-01,2026-05-01,Ações_BDRs_ETFs_FIIs_Units,BEWH39,BRBEWHBDR008,5194000
2026-07-01,2026-05-01,Ações_BDRs_ETFs_FIIs_Units,BEWJ39,BRBEWJBDR004,3681000
2026-07-01,2026-05-01,Ações_BDRs_ETFs_FIIs_Units,BEWL39,BRBEWLBDR000,1472000
2026-07-01,2026-05-01,Ações_BDRs_ETFs_FIIs_Units,BEWT39,BRBEWTBDR003,2874000
2026-07-01,2026-05-01,Ações_BDRs_ETFs_FIIs_Units,BEWU39,BRBEWUBDR001,2497000
2026-07-01,2026-05-01,Ações_BDRs_ETFs_FIIs_Units,BEWW39,BRBEWWBDR007,2047000
2026-07-01,2026-05-01,Ações_BDRs_ETFs_FIIs_Units,BEWY39,BRBEWYBDR003,2149000
2026-07-01,2026-05-01,Ações_BDRs_ETFs_FIIs_Units,BEWZ39,BRBEWZBDR000,2985000
2026-07-01,2026-05-01,Ações_BDRs_ETFs_FIIs_Units,BEZU39,BRBEZUBDR004,2440000
2026-07-01,2026-05-01,Ações_BDRs_ETFs_FIIs_Units,BFAV39,BRBFAVBDR002,1809000
2026-07-01,2026-05-01,Ações_BDRs_ETFs_FIIs_Units,BFCG39,BRBFCGBDR009,879000
2026-07-01,2026-05-01,Ações_BDRs_ETFs_FIIs_Units,BFDA39,BRBFDABDR000,2764000
2026-07-01,2026-05-01,Ações_BDRs_ETFs_FIIs_Units,BFDL39,BRBFDLBDR007,2065000
2026-07-01,2026-05-01,Ações_BDRs_ETFs_FIIs_Units,BFDN39,BRBFDNBDR003,4556000
2026-07-01,2026-05-01,Ações_BDRs_ETFs_FIIs_Units,BFTS39,BRBFTSBDR008,1766000
2026-07-01,2026-05-01,Ações_BDRs_ETFs_FIIs_Units,BFVD39,BRBFVDBDR006,1517000
2026-07-01,2026-05-01,Ações_BDRs_ETFs_FIIs_Units,BFXI39,BRBFXIBDR001,5486000
2026-07-01,2026-05-01,Ações_BDRs_ETFs_FIIs_Units,BGAR39,BRBGARBDR008,572000
2026-07-01,2026-05-01,Ações_BDRs_ETFs_FIIs_Units,BGLC39,BRBGLCBDR007,528000
2026-07-01,2026-05-01,Ações_BDRs_ETFs_FIIs_Units,BGOV39,BRBGOVBDR001,5228000
2026-07-01,2026-05-01,Ações_BDRs_ETFs_FIIs_Units,BGRI39,BRBGRIBDR001,2554000
2026-07-01,2026-05-01,Ações_BDRs_ETFs_FIIs_Units,BGWH39,BRBGWHBDR003,2765000
2026-07-01,2026-05-01,Ações_BDRs_ETFs_FIIs_Units,BHDV39,BRBHDVBDR002,15085000
2026-07-01,2026-05-01,Ações_BDRs_ETFs_FIIs_Units,BHEF39,BRBHEFBDR003,1198000
2026-07-01,2026-05-01,Ações_BDRs_ETFs_FIIs_Units,BHVN34,BRBHVNBDR001,3289000
2026-07-01,2026-05-01,Ações_BDRs_ETFs_FIIs_Units,BIAI39,BRBIAIBDR003,775000
2026-07-01,2026-05-01,Ações_BDRs_ETFs_FIIs_Units,BIAT39,BRBIATBDR000,582000
2026-07-01,2026-05-01,Ações_BDRs_ETFs_FIIs_Units,BIAU39,BRBIAUBDR008,1963000
2026-07-01,2026-05-01,Ações_BDRs_ETFs_FIIs_Units,BIBB39,BRBIBBBDR006,3436000
2026-07-01,2026-05-01,Ações_BDRs_ETFs_FIIs_Units,BICL39,BRBICLBDR003,3976000
2026-07-01,2026-05-01,Ações_BDRs_ETFs_FIIs_Units,BIDU34,BRBIDUBDR002,4635000
2026-07-01,2026-05-01,Ações_BDRs_ETFs_FIIs_Units,BIDV39,BRBIDVBDR000,1890000
2026-07-01,2026-05-01,Ações_BDRs_ETFs_FIIs_Units,BIEF39,BRBIEFBDR001,3399000
2026-07-01,2026-05-01,Ações_BDRs_ETFs_FIIs_Units,BIEI39,BRBIEIBDR005,4072000
2026-07-01,2026-05-01,Ações_BDRs_ETFs_FIIs_Units,BIEM39,BRBIEMBDR007,3131000
2026-07-01,2026-05-01,Ações_BDRs_ETFs_FIIs_Units,BIET39,BRBIETBDR002,13368000
2026-07-01,2026-05-01,Ações_BDRs_ETFs_FIIs_Units,BIEU39,BRBIEUBDR000,3272000
2026-07-01,2026-05-01,Ações_BDRs_ETFs_FIIs_Units,BIFR39,BRBIFRBDR003,343000
2026-07-01,2026-05-01,Ações_BDRs_ETFs_FIIs_Units,BIGE39,BRBIGEBDR009,400000
2026-07-01,2026-05-01,Ações_BDRs_ETFs_FIIs_Units,BIGF39,BRBIGFBDR006,1651000
2026-07-01,2026-05-01,Ações_BDRs_ETFs_FIIs_Units,BIHI39,BRBIHIBDR008,26315000
2026-07-01,2026-05-01,Ações_BDRs_ETFs_FIIs_Units,BIIB34,BRBIIBBDR001,1288000
2026-07-01,2026-05-01,Ações_BDRs_ETFs_FIIs_Units,BIJH39,BRBIJHBDR006,11235000
2026-07-01,2026-05-01,Ações_BDRs_ETFs_FIIs_Units,BIJR39,BRBIJRBDR005,2359000
2026-07-01,2026-05-01,Ações_BDRs_ETFs_FIIs_Units,BIJS39,BRBIJSBDR003,934000
2026-07-01,2026-05-01,Ações_BDRs_ETFs_FIIs_Units,BIJT39,BRBIJTBDR001,744000
2026-07-01,2026-05-01,Ações_BDRs_ETFs_FIIs_Units,BILB34,BRBILBBDR005,927000
2026-07-01,2026-05-01,Ações_BDRs_ETFs_FIIs_Units,BILF39,BRBILFBDR006,3277000
2026-07-01,2026-05-01,Ações_BDRs_ETFs_FIIs_Units,BITB39,BRBITBBDR008,2414000
2026-07-01,2026-05-01,Ações_BDRs_ETFs_FIIs_Units,BITO39,BRBITOBDR001,2582000
2026-07-01,2026-05-01,Ações_BDRs_ETFs_FIIs_Units,BIVB39,BRBIVBBDR004,2277000
2026-07-01,2026-05-01,Ações_BDRs_ETFs_FIIs_Units,BIVE39,BRBIVEBDR008,2716000
2026-07-01,2026-05-01,Ações_BDRs_ETFs_FIIs_Units,BIVW39,BRBIVWBDR000,2517000
2026-07-01,2026-05-01,Ações_BDRs_ETFs_FIIs_Units,BIWD39,BRBIWDBDR008,3400000
2026-07-01,2026-05-01,Ações_BDRs_ETFs_FIIs_Units,BIWF39,BRBIWFBDR003,8716000
2026-07-01,2026-05-01,Ações_BDRs_ETFs_FIIs_Units,BIWM39,BRBIWMBDR009,2900000
2026-07-01,2026-05-01,Ações_BDRs_ETFs_FIIs_Units,BIXC39,BRBIXCBDR008,1011000
2026-07-01,2026-05-01,Ações_BDRs_ETFs_FIIs_Units,BIXJ39,BRBIXJBDR003,700000
2026-07-01,2026-05-01,Ações_BDRs_ETFs_FIIs_Units,BIXN39,BRBIXNBDR005,2728000
2026-07-01,2026-05-01,Ações_BDRs_ETFs_FIIs_Units,BIXU39,BRBIXUBDR000,2616000
2026-07-01,2026-05-01,Ações_BDRs_ETFs_FIIs_Units,BIYC39,BRBIYCBDR006,295000
2026-07-01,2026-05-01,Ações_BDRs_ETFs_FIIs_Units,BIYE39,BRBIYEBDR002,1981000
2026-07-01,2026-05-01,Ações_BDRs_ETFs_FIIs_Units,BIYF39,BRBIYFBDR009,2477000
2026-07-01,2026-05-01,Ações_BDRs_ETFs_FIIs_Units,BIYK39,BRBIYKBDR009,3206000
2026-07-01,2026-05-01,Ações_BDRs_ETFs_FIIs_Units,BIYM39,BRBIYMBDR005,585000
2026-07-01,2026-05-01,Ações_BDRs_ETFs_FIIs_Units,BIYP39,BRBIYPBDR008,6956000
2026-07-01,2026-05-01,Ações_BDRs_ETFs_FIIs_Units,BIYT39,BRBIYTBDR000,4175000
2026-07-01,2026-05-01,Ações_BDRs_ETFs_FIIs_Units,BIYW39,BRBIYWBDR004,6666000
2026-07-01,2026-05-01,Ações_BDRs_ETFs_FIIs_Units,BIYZ39,BRBIYZBDR007,1782000
2026-07-01,2026-05-01,Ações_BDRs_ETFs_FIIs_Units,BIZD11,BRBIZDCTF000,1744000
2026-07-01,2026-05-01,Ações_BDRs_ETFs_FIIs_Units,BJQU39,BRBJQUBDR002,1321000
2026-07-01,2026-05-01,Ações_BDRs_ETFs_FIIs_Units,BKNG34,BRBKNGBDR006,39710000
2026-07-01,2026-05-01,Ações_BDRs_ETFs_FIIs_Units,BKSA39,BRBKSABDR008,1477000
2026-07-01,2026-05-01,Ações_BDRs_ETFs_FIIs_Units,BKWB39,BRBKWBBDR008,1412000
2026-07-01,2026-05-01,Ações_BDRs_ETFs_FIIs_Units,BKYY39,BRBKYYBDR006,1014000
2026-07-01,2026-05-01,Ações_BDRs_ETFs_FIIs_Units,BLAK34,BRBLAKBDR003,2515000
2026-07-01,2026-05-01,Ações_BDRs_ETFs_FIIs_Units,BLFTETF11,BRBLFTCTF002,46120200
2026-07-01,2026-05-01,Ações_BDRs_ETFs_FIIs_Units,BLPA39,BRBLPABDR002,1023000
2026-07-01,2026-05-01,Ações_BDRs_ETFs_FIIs_Units,BLPX39,BRBLPXBDR004,1267000
2026-07-01,2026-05-01,Ações_BDRs_ETFs_FIIs_Units,BMMT11,BRBMMTCTF006,9843000
2026-07-01,2026-05-01,Ações_BDRs_ETFs_FIIs_Units,BMOB3,BRBMOBACNOR7,1190000
2026-07-01,2026-05-01,Ações_BDRs_ETFs_FIIs_Units,BMTU39,BRBMTUBDR000,2921000
2026-07-01,2026-05-01,Ações_BDRs_ETFs_FIIs_Units,BMYB34,BRBMYBBDR000,678000
2026-07-01,2026-05-01,Ações_BDRs_ETFs_FIIs_Units,BNDA39,BRBNDABDR004,3234000
2026-07-01,2026-05-01,Ações_BDRs_ETFs_FIIs_Units,BOAC34,BRBOACBDR004,3094000
2026-07-01,2026-05-01,Ações_BDRs_ETFs_FIIs_Units,BOEF39,BRBOEFBDR009,2375000
2026-07-01,2026-05-01,Ações_BDRs_ETFs_FIIs_Units,BOEI34,BRBOEIBDR003,172000
2026-07-01,2026-05-01,Ações_BDRs_ETFs_FIIs_Units,BOL5ETF11,BRBOL5CTF001,1962600
2026-07-01,2026-05-01,Ações_BDRs_ETFs_FIIs_Units,BONY34,BRBONYBDR001,293000
2026-07-01,2026-05-01,Ações_BDRs_ETFs_FIIs_Units,BOTZ39,BRBOTZBDR005,1707000
2026-07-01,2026-05-01,Ações_BDRs_ETFs_FIIs_Units,BOVA11,BRBOVACTF003,21388000
2026-07-01,2026-05-01,Ações_BDRs_ETFs_FIIs_Units,BOVB11,BRBOVBCTF001,20505000
2026-07-01,2026-05-01,Ações_BDRs_ETFs_FIIs_Units,BOVS11,BRBOVSCTF005,27181000
2026-07-01,2026-05-01,Ações_BDRs_ETFs_FIIs_Units,BOVV11,BRBOVVCTF009,20358000
2026-07-01,2026-05-01,Ações_BDRs_ETFs_FIIs_Units,BOVX11,BRBOVXCTF005,204692000
2026-07-01,2026-05-01,Ações_BDRs_ETFs_FIIs_Units,BOXP34,BRBOXPBDR008,6894000
2026-07-01,2026-05-01,Ações_BDRs_ETFs_FIIs_Units,BPAC11,BRBPACUNT006,23035000
2026-07-01,2026-05-01,Ações_BDRs_ETFs_FIIs_Units,BPIC39,BRBPICBDR004,1233000
2026-07-01,2026-05-01,Ações_BDRs_ETFs_FIIs_Units,BPREETF11,BRBPRECTF018,826000
2026-07-01,2026-05-01,Ações_BDRs_ETFs_FIIs_Units,BPVE39,BRBPVEBDR003,4188000
2026-07-01,2026-05-01,Ações_BDRs_ETFs_FIIs_Units,BQTC39,BRBQTCBDR009,1564000
2026-07-01,2026-05-01,Ações_BDRs_ETFs_FIIs_Units,BQUA39,BRBQUABDR001,2934000
2026-07-01,2026-05-01,Ações_BDRs_ETFs_FIIs_Units,BQYL39,BRBQYLBDR000,6757000
2026-07-01,2026-05-01,Ações_BDRs_ETFs_FIIs_Units,BRAP4,BRBRAPACNPR2,7739000
2026-07-01,2026-05-01,Ações_BDRs_ETFs_FIIs_Units,BRAV3,BRBRAVACNOR3,30537000
2026-07-01,2026-05-01,Ações_BDRs_ETFs_FIIs_Units,BRAZ11,BRBRAZCTF007,113645000
2026-07-01,2026-05-01,Ações_BDRs_ETFs_FIIs_Units,BRCO11,BRBRCOCTF007,2100
2026-07-01,2026-05-01,Ações_BDRs_ETFs_FIIs_Units,BREW11,BRBREWCTF006,5891000
2026-07-01,2026-05-01,Ações_BDRs_ETFs_FIIs_Units,BRSR6,BRBRSRACNPB4,4263000
2026-07-01,2026-05-01,Ações_BDRs_ETFs_FIIs_Units,BRXC11,BRBRXCCTF008,37644000
2026-07-01,2026-05-01,Ações_BDRs_ETFs_FIIs_Units,BSCZ39,BRBSCZBDR002,3835000
2026-07-01,2026-05-01,Ações_BDRs_ETFs_FIIs_Units,BSDY39,BRBSDYBDR003,3285000
2026-07-01,2026-05-01,Ações_BDRs_ETFs_FIIs_Units,BSHV39,BRBSHVBDR000,3517000
2026-07-01,2026-05-01,Ações_BDRs_ETFs_FIIs_Units,BSHY39,BRBSHYBDR004,3887000
2026-07-01,2026-05-01,Ações_BDRs_ETFs_FIIs_Units,BSIL39,BRBSILBDR009,4461000
2026-07-01,2026-05-01,Ações_BDRs_ETFs_FIIs_Units,BSLV39,BRBSLVBDR002,2204000
2026-07-01,2026-05-01,Ações_BDRs_ETFs_FIIs_Units,BSOX39,BRBSOXBDR002,3610000
2026-07-01,2026-05-01,Ações_BDRs_ETFs_FIIs_Units,BTCI11,BRBTCICTF005,26500
2026-07-01,2026-05-01,Ações_BDRs_ETFs_FIIs_Units,BTHF11,BRBTHFCTF000,26700
2026-07-01,2026-05-01,Ações_BDRs_ETFs_FIIs_Units,BTLG11,BRBTLGCTF000,2400
2026-07-01,2026-05-01,Ações_BDRs_ETFs_FIIs_Units,BTLH39,BRBTLHBDR009,3988000
2026-07-01,2026-05-01,Ações_BDRs_ETFs_FIIs_Units,BTLT39,BRBTLTBDR004,6935000
2026-07-01,2026-05-01,Ações_BDRs_ETFs_FIIs_Units,BUFF39,BRBUFFBDR003,2281000
2026-07-01,2026-05-01,Ações_BDRs_ETFs_FIIs_Units,BURA39,BRBURABDR009,4378000
2026-07-01,2026-05-01,Ações_BDRs_ETFs_FIIs_Units,BURT39,BRBURTBDR009,3091000
2026-07-01,2026-05-01,Ações_BDRs_ETFs_FIIs_Units,BUSM39,BRBUSMBDR002,3432000
2026-07-01,2026-05-01,Ações_BDRs_ETFs_FIIs_Units,BVBR11,BRBVBRCTF004,400342000
2026-07-01,2026-05-01,Ações_BDRs_ETFs_FIIs_Units,BVLU39,BRBVLUBDR008,2507000
2026-07-01,2026-05-01,Ações_BDRs_ETFs_FIIs_Units,BWCL39,BRBWCLBDR004,1103000
2026-07-01,2026-05-01,Ações_BDRs_ETFs_FIIs_Units,BXPO11,BRBXPOCTF007,14811000
2026-07-01,2026-05-01,Ações_BDRs_ETFs_FIIs_Units,C1AB34,BRC1ABBDR009,11938000
2026-07-01,2026-05-01,Ações_BDRs_ETFs_FIIs_Units,C1AG34,BRC1AGBDR008,2814000
2026-07-01,2026-05-01,Ações_BDRs_ETFs_FIIs_Units,C1AH34,BRC1AHBDR006,195000
2026-07-01,2026-05-01,Ações_BDRs_ETFs_FIIs_Units,C1BL34,BRC1BLBDR006,482000
2026-07-01,2026-05-01,Ações_BDRs_ETFs_FIIs_Units,C1BO34,BRC1BOBDR000,269000
2026-07-01,2026-05-01,Ações_BDRs_ETFs_FIIs_Units,C1BR34,BRC1BRBDR003,269000
2026-07-01,2026-05-01,Ações_BDRs_ETFs_FIIs_Units,C1CI34,BRC1CIBDR000,1834000
2026-07-01,2026-05-01,Ações_BDRs_ETFs_FIIs_Units,C1CJ34,BRC1CJBDR008,1604000
2026-07-01,2026-05-01,Ações_BDRs_ETFs_FIIs_Units,C1CL34,BRC1CLBDR004,1517000
2026-07-01,2026-05-01,Ações_BDRs_ETFs_FIIs_Units,C1CO34,BRC1COBDR008,262000
2026-07-01,2026-05-01,Ações_BDRs_ETFs_FIIs_Units,C1DN34,BRC1DNBDR008,254000
2026-07-01,2026-05-01,Ações_BDRs_ETFs_FIIs_Units,C1DP34,BRC1DPBDR003,2110000
2026-07-01,2026-05-01,Ações_BDRs_ETFs_FIIs_Units,C1DW34,BRC1DWBDR009,5964000
2026-07-01,2026-05-01,Ações_BDRs_ETFs_FIIs_Units,C1FG34,BRC1FGBDR007,619000
2026-07-01,2026-05-01,Ações_BDRs_ETFs_FIIs_Units,C1FI34,BRC1FIBDR003,337000
2026-07-01,2026-05-01,Ações_BDRs_ETFs_FIIs_Units,C1GP34,BRC1GPBDR006,106952000
2026-07-01,2026-05-01,Ações_BDRs_ETFs_FIIs_Units,C1HK34,BRC1HKBDR005,574000
2026-07-01,2026-05-01,Ações_BDRs_ETFs_FIIs_Units,C1HR34,BRC1HRBDR000,4395000
2026-07-01,2026-05-01,Ações_BDRs_ETFs_FIIs_Units,C1IC34,BRC1ICBDR000,576000
2026-07-01,2026-05-01,Ações_BDRs_ETFs_FIIs_Units,C1MG34,BRC1MGBDR003,23696000
2026-07-01,2026-05-01,Ações_BDRs_ETFs_FIIs_Units,C1MI34,BRC1MIBDR009,294000
2026-07-01,2026-05-01,Ações_BDRs_ETFs_FIIs_Units,C1MS34,BRC1MSBDR008,1047000
2026-07-01,2026-05-01,Ações_BDRs_ETFs_FIIs_Units,C1NC34,BRC1NCBDR000,1004000
2026-07-01,2026-05-01,Ações_BDRs_ETFs_FIIs_Units,C1NP34,BRC1NPBDR002,863000
2026-07-01,2026-05-01,Ações_BDRs_ETFs_FIIs_Units,C1NS34,BRC1NSBDR006,1229000
2026-07-01,2026-05-01,Ações_BDRs_ETFs_FIIs_Units,C1OO34,BRC1OOBDR003,5521000
2026-07-01,2026-05-01,Ações_BDRs_ETFs_FIIs_Units,C1PB34,BRC1PBBDR007,1930000
2026-07-01,2026-05-01,Ações_BDRs_ETFs_FIIs_Units,C1PR34,BRC1PRBDR003,2364000
2026-07-01,2026-05-01,Ações_BDRs_ETFs_FIIs_Units,C1RH34,BRC1RHBDR000,2057000
2026-07-01,2026-05-01,Ações_BDRs_ETFs_FIIs_Units,C1RR34,BRC1RRBDR009,2601000
2026-07-01,2026-05-01,Ações_BDRs_ETFs_FIIs_Units,C1TA34,BRC1TABDR001,1156000
2026-07-01,2026-05-01,Ações_BDRs_ETFs_FIIs_Units,C1TV34,BRC1TVBDR007,2004000
2026-07-01,2026-05-01,Ações_BDRs_ETFs_FIIs_Units,C2AC34,BRC2ACBDR005,58997000
2026-07-01,2026-05-01,Ações_BDRs_ETFs_FIIs_Units,C2CA34,BRC2CABDR005,391000
2026-07-01,2026-05-01,Ações_BDRs_ETFs_FIIs_Units,C2EM34,BRC2EMBDR006,3271000
2026-07-01,2026-05-01,Ações_BDRs_ETFs_FIIs_Units,C2GN34,BRC2GNBDR009,5677000
2026-07-01,2026-05-01,Ações_BDRs_ETFs_FIIs_Units,C2HD34,BRC2HDBDR008,8375000
2026-07-01,2026-05-01,Ações_BDRs_ETFs_FIIs_Units,C2OU34,BRC2OUBDR008,4084000
2026-07-01,2026-05-01,Ações_BDRs_ETFs_FIIs_Units,C2PR34,BRC2PRBDR001,3655000
2026-07-01,2026-05-01,Ações_BDRs_ETFs_FIIs_Units,C2PT34,BRC2PTBDR007,5988000
2026-07-01,2026-05-01,Ações_BDRs_ETFs_FIIs_Units,C2RS34,BRC2RSBDR005,5807000
2026-07-01,2026-05-01,Ações_BDRs_ETFs_FIIs_Units,C2RW34,BRC2RWBDR007,2015000
2026-07-01,2026-05-01,Ações_BDRs_ETFs_FIIs_Units,C2SW34,BRC2SWBDR005,2838000
2026-07-01,2026-05-01,Ações_BDRs_ETFs_FIIs_Units,C2ZR34,BRC2ZRBDR000,14513000
2026-07-01,2026-05-01,Ações_BDRs_ETFs_FIIs_Units,CAML3,BRCAMLACNOR3,2906000
2026-07-01,2026-05-01,Ações_BDRs_ETFs_FIIs_Units,CAON34,BRCAONBDR009,401000
2026-07-01,2026-05-01,Ações_BDRs_ETFs_FIIs_Units,CAPE11,BRCAPECTF020,73922000
2026-07-01,2026-05-01,Ações_BDRs_ETFs_FIIs_Units,CAPH34,BRCAPHBDR008,1313000
2026-07-01,2026-05-01,Ações_BDRs_ETFs_FIIs_Units,CATP34,BRCATPBDR003,769000
2026-07-01,2026-05-01,Ações_BDRs_ETFs_FIIs_Units,CBAV3,BRCBAVACNOR5,13180000
2026-07-01,2026-05-01,Ações_BDRs_ETFs_FIIs_Units,CEAB3,BRCEABACNOR1,25651000
2026-07-01,2026-05-01,Ações_BDRs_ETFs_FIIs_Units,CHCM34,BRCHCMBDR001,9882000
2026-07-01,2026-05-01,Ações_BDRs_ETFs_FIIs_Units,CHDC34,BRCHDCBDR000,414000
2026-07-01,2026-05-01,Ações_BDRs_ETFs_FIIs_Units,CHIP11,BRCHIPCTF000,6884000
2026-07-01,2026-05-01,Ações_BDRs_ETFs_FIIs_Units,CHME34,BRCHMEBDR007,556000
2026-07-01,2026-05-01,Ações_BDRs_ETFs_FIIs_Units,CHVX34,BRCHVXBDR008,2192000
2026-07-01,2026-05-01,Ações_BDRs_ETFs_FIIs_Units,CINF34,BRCINFBDR000,548000
2026-07-01,2026-05-01,Ações_BDRs_ETFs_FIIs_Units,CLXC34,BRCLXCBDR000,1655000
2026-07-01,2026-05-01,Ações_BDRs_ETFs_FIIs_Units,CMCS34,BRCMCSBDR008,6271000
2026-07-01,2026-05-01,Ações_BDRs_ETFs_FIIs_Units,CMIG4,BRCMIGACNPR3,34639000
2026-07-01,2026-05-01,Ações_BDRs_ETFs_FIIs_Units,CMIN3,BRCMINACNOR2,23345000
2026-07-01,2026-05-01,Ações_BDRs_ETFs_FIIs_Units,CNIC34,BRCNICBDR007,8703000
2026-07-01,2026-05-01,Ações_BDRs_ETFs_FIIs_Units,COCA34,BRCOCABDR002,3246000
2026-07-01,2026-05-01,Ações_BDRs_ETFs_FIIs_Units,COGN3,BRCOGNACNOR2,85753000
2026-07-01,2026-05-01,Ações_BDRs_ETFs_FIIs_Units,COLD34,BRCOLDBDR007,6619000
2026-07-01,2026-05-01,Ações_BDRs_ETFs_FIIs_Units,COLG34,BRCOLGBDR000,3341000
2026-07-01,2026-05-01,Ações_BDRs_ETFs_FIIs_Units,COPH34,BRCOPHBDR009,3807000
2026-07-01,2026-05-01,Ações_BDRs_ETFs_FIIs_Units,COTY34,BRCOTYBDR006,7749000
2026-07-01,2026-05-01,Ações_BDRs_ETFs_FIIs_Units,COWC34,BRCOWCBDR006,1583000
2026-07-01,2026-05-01,Ações_BDRs_ETFs_FIIs_Units,CPAY34,BRCPAYBDR003,519000
2026-07-01,2026-05-01,Ações_BDRs_ETFs_FIIs_Units,CPFE3,BRCPFEACNOR0,5079000
2026-07-01,2026-05-01,Ações_BDRs_ETFs_FIIs_Units,CPLE3,BRCPLEACNOR8,52917000
2026-07-01,2026-05-01,Ações_BDRs_ETFs_FIIs_Units,CPRL34,BRCPRLBDR004,1960000
2026-07-01,2026-05-01,Ações_BDRs_ETFs_FIIs_Units,CPTS11,BRCPTSCTF004,31500
2026-07-01,2026-05-01,Ações_BDRs_ETFs_FIIs_Units,CRDA34,BRCRDABDR003,815000
2026-07-01,2026-05-01,Ações_BDRs_ETFs_FIIs_Units,CRIN34,BRCRINBDR005,1034000
2026-07-01,2026-05-01,Ações_BDRs_ETFs_FIIs_Units,CRIP34,BRCRIPBDR000,767000
2026-07-01,2026-05-01,Ações_BDRs_ETFs_FIIs_Units,CSAN3,BRCSANACNOR6,97720000
2026-07-01,2026-05-01,Ações_BDRs_ETFs_FIIs_Units,CSCO34,BRCSCOBDR004,2252000
2026-07-01,2026-05-01,Ações_BDRs_ETFs_FIIs_Units,CSMG3,BRCSMGACNOR5,8348000
2026-07-01,2026-05-01,Ações_BDRs_ETFs_FIIs_Units,CSNA3,BRCSNAACNOR6,36298000
2026-07-01,2026-05-01,Ações_BDRs_ETFs_FIIs_Units,CSXC34,BRCSXCBDR005,1746000
2026-07-01,2026-05-01,Ações_BDRs_ETFs_FIIs_Units,CTGP34,BRCTGPBDR000,1881000
2026-07-01,2026-05-01,Ações_BDRs_ETFs_FIIs_Units,CTSH34,BRCTSHBDR002,685000
2026-07-01,2026-05-01,Ações_BDRs_ETFs_FIIs_Units,CURY3,BRCURYACNOR3,9132000
2026-07-01,2026-05-01,Ações_BDRs_ETFs_FIIs_Units,CVCB3,BRCVCBACNOR1,48232000
2026-07-01,2026-05-01,Ações_BDRs_ETFs_FIIs_Units,CVSH34,BRCVSHBDR008,5051000
2026-07-01,2026-05-01,Ações_BDRs_ETFs_FIIs_Units,CXSE3,BRCXSEACNOR7,10772000
2026-07-01,2026-05-01,Ações_BDRs_ETFs_FIIs_Units,CYRE3,BRCYREACNOR7,16078000
2026-07-01,2026-05-01,Ações_BDRs_ETFs_FIIs_Units,CYRE4,BRCYREACNPR4,3054820
2026-07-01,2026-05-01,Ações_BDRs_ETFs_FIIs_Units,D1DG34,BRD1DGBDR001,3122000
2026-07-01,2026-05-01,Ações_BDRs_ETFs_FIIs_Units,D1EL34,BRD1ELBDR009,190000
2026-07-01,2026-05-01,Ações_BDRs_ETFs_FIIs_Units,D1EX34,BRD1EXBDR004,31645000
2026-07-01,2026-05-01,Ações_BDRs_ETFs_FIIs_Units,D1HI34,BRD1HIBDR008,266000
2026-07-01,2026-05-01,Ações_BDRs_ETFs_FIIs_Units,D1LR34,BRD1LRBDR001,798000
2026-07-01,2026-05-01,Ações_BDRs_ETFs_FIIs_Units,D1OC34,BRD1OCBDR007,17362000
2026-07-01,2026-05-01,Ações_BDRs_ETFs_FIIs_Units,D1OM34,BRD1OMBDR006,1279000
2026-07-01,2026-05-01,Ações_BDRs_ETFs_FIIs_Units,D1OV34,BRD1OVBDR007,385000
2026-07-01,2026-05-01,Ações_BDRs_ETFs_FIIs_Units,D1OW34,BRD1OWBDR005,4246000
2026-07-01,2026-05-01,Ações_BDRs_ETFs_FIIs_Units,D1RI34,BRD1RIBDR007,816000
2026-07-01,2026-05-01,Ações_BDRs_ETFs_FIIs_Units,D1TE34,BRD1TEBDR002,1093000
2026-07-01,2026-05-01,Ações_BDRs_ETFs_FIIs_Units,D1VN34,BRD1VNBDR009,861000
2026-07-01,2026-05-01,Ações_BDRs_ETFs_FIIs_Units,D1XC34,BRD1XCBDR008,1279000
2026-07-01,2026-05-01,Ações_BDRs_ETFs_FIIs_Units,D2AR34,BRD2ARBDR002,5336000
2026-07-01,2026-05-01,Ações_BDRs_ETFs_FIIs_Units,D2AS34,BRD2ASBDR000,3412000
2026-07-01,2026-05-01,Ações_BDRs_ETFs_FIIs_Units,D2KN34,BRD2KNBDR000,10172000
2026-07-01,2026-05-01,Ações_BDRs_ETFs_FIIs_Units,D2KS34,BRD2KSBDR009,1785000
2026-07-01,2026-05-01,Ações_BDRs_ETFs_FIIs_Units,D2NL34,BRD2NLBDR008,3518000
2026-07-01,2026-05-01,Ações_BDRs_ETFs_FIIs_Units,D2OC34,BRD2OCBDR005,9532000
2026-07-01,2026-05-01,Ações_BDRs_ETFs_FIIs_Units,D2OX34,BRD2OXBDR001,4798000
2026-07-01,2026-05-01,Ações_BDRs_ETFs_FIIs_Units,D2PZ34,BRD2PZBDR003,5367000
2026-07-01,2026-05-01,Ações_BDRs_ETFs_FIIs_Units,D2TC34,BRD2TCBDR004,9268000
2026-07-01,2026-05-01,Ações_BDRs_ETFs_FIIs_Units,DBAG34,BRDBAGBDR008,1268000
2026-07-01,2026-05-01,Ações_BDRs_ETFs_FIIs_Units,DDNB34,BRDDNBBDR008,876000
2026-07-01,2026-05-01,Ações_BDRs_ETFs_FIIs_Units,DEAI34,BRDEAIBDR008,586000
2026-07-01,2026-05-01,Ações_BDRs_ETFs_FIIs_Units,DEEC34,BRDEECBDR003,2020000
2026-07-01,2026-05-01,Ações_BDRs_ETFs_FIIs_Units,DEOP34,BRDEOPBDR004,9056000
2026-07-01,2026-05-01,Ações_BDRs_ETFs_FIIs_Units,DESK3,BRDESKACNOR2,2991000
2026-07-01,2026-05-01,Ações_BDRs_ETFs_FIIs_Units,DGCO34,BRDGCOBDR007,7965000
2026-07-01,2026-05-01,Ações_BDRs_ETFs_FIIs_Units,DHER34,BRDHERBDR004,6222000
2026-07-01,2026-05-01,Ações_BDRs_ETFs_FIIs_Units,DIRR3,BRDIRRACNOR0,20542000
2026-07-01,2026-05-01,Ações_BDRs_ETFs_FIIs_Units,DISB34,BRDISBBDR006,5955000
2026-07-01,2026-05-01,Ações_BDRs_ETFs_FIIs_Units,DLTR34,BRDLTRBDR004,748000
2026-07-01,2026-05-01,Ações_BDRs_ETFs_FIIs_Units,DOLL39,BRDOLLBDR008,3992000
2026-07-01,2026-05-01,Ações_BDRs_ETFs_FIIs_Units,DTCR39,BRDTCRBDR003,632000
2026-07-01,2026-05-01,Ações_BDRs_ETFs_FIIs_Units,DUKB34,BRDUKBBDR008,294000
2026-07-01,2026-05-01,Ações_BDRs_ETFs_FIIs_Units,DUOL34,BRDUOLBDR009,12779000
2026-07-01,2026-05-01,Ações_BDRs_ETFs_FIIs_Units,DVAI34,BRDVAIBDR002,256000
2026-07-01,2026-05-01,Ações_BDRs_ETFs_FIIs_Units,DXCO3,BRDXCOACNOR8,6910000
2026-07-01,2026-05-01,Ações_BDRs_ETFs_FIIs_Units,E1CL34,BRE1CLBDR002,576000
2026-07-01,2026-05-01,Ações_BDRs_ETFs_FIIs_Units,E1CO34,BRE1COBDR006,2767000
2026-07-01,2026-05-01,Ações_BDRs_ETFs_FIIs_Units,E1DI34,BRE1DIBDR006,728000
2026-07-01,2026-05-01,Ações_BDRs_ETFs_FIIs_Units,E1DU34,BRE1DUBDR001,6078000
2026-07-01,2026-05-01,Ações_BDRs_ETFs_FIIs_Units,E1IX34,BRE1IXBDR004,1151000
2026-07-01,2026-05-01,Ações_BDRs_ETFs_FIIs_Units,E1LV34,BRE1LVBDR002,590000
2026-07-01,2026-05-01,Ações_BDRs_ETFs_FIIs_Units,E1MN34,BRE1MNBDR007,1080000
2026-07-01,2026-05-01,Ações_BDRs_ETFs_FIIs_Units,E1MR34,BRE1MRBDR008,302000
2026-07-01,2026-05-01,Ações_BDRs_ETFs_FIIs_Units,E1OG34,BRE1OGBDR007,603000
2026-07-01,2026-05-01,Ações_BDRs_ETFs_FIIs_Units,E1QN34,BRE1QNBDR008,2076000
2026-07-01,2026-05-01,Ações_BDRs_ETFs_FIIs_Units,E1QR34,BRE1QRBDR009,1276000
2026-07-01,2026-05-01,Ações_BDRs_ETFs_FIIs_Units,E1RI34,BRE1RIBDR006,7142000
2026-07-01,2026-05-01,Ações_BDRs_ETFs_FIIs_Units,E1SE34,BRE1SEBDR003,1136000
2026-07-01,2026-05-01,Ações_BDRs_ETFs_FIIs_Units,E1SS34,BRE1SSBDR003,1599000
2026-07-01,2026-05-01,Ações_BDRs_ETFs_FIIs_Units,E1TN34,BRE1TNBDR002,1361000
2026-07-01,2026-05-01,Ações_BDRs_ETFs_FIIs_Units,E1TR34,BRE1TRBDR003,794000
2026-07-01,2026-05-01,Ações_BDRs_ETFs_FIIs_Units,E1VE34,BRE1VEBDR007,394000
2026-07-01,2026-05-01,Ações_BDRs_ETFs_FIIs_Units,E1VR34,BRE1VRBDR009,941000
2026-07-01,2026-05-01,Ações_BDRs_ETFs_FIIs_Units,E1WL34,BRE1WLBDR000,2005000
2026-07-01,2026-05-01,Ações_BDRs_ETFs_FIIs_Units,E1XC34,BRE1XCBDR007,827000
2026-07-01,2026-05-01,Ações_BDRs_ETFs_FIIs_Units,E1XP34,BRE1XPBDR009,628000
2026-07-01,2026-05-01,Ações_BDRs_ETFs_FIIs_Units,E1XR34,BRE1XRBDR005,1147000
2026-07-01,2026-05-01,Ações_BDRs_ETFs_FIIs_Units,E2AG34,BRE2AGBDR004,3103000
2026-07-01,2026-05-01,Ações_BDRs_ETFs_FIIs_Units,E2EF34,BRE2EFBDR008,43431000
2026-07-01,2026-05-01,Ações_BDRs_ETFs_FIIs_Units,E2LS34,BRE2LSBDR006,6013000
2026-07-01,2026-05-01,Ações_BDRs_ETFs_FIIs_Units,E2NO34,BRE2NOBDR001,1805000
2026-07-01,2026-05-01,Ações_BDRs_ETFs_FIIs_Units,E2NP34,BRE2NPBDR008,27362000
2026-07-01,2026-05-01,Ações_BDRs_ETFs_FIIs_Units,E2NT34,BRE2NTBDR000,4945000
2026-07-01,2026-05-01,Ações_BDRs_ETFs_FIIs_Units,E2PA34,BRE2PABDR005,20304000
2026-07-01,2026-05-01,Ações_BDRs_ETFs_FIIs_Units,E2ST34,BRE2STBDR009,10672000
2026-07-01,2026-05-01,Ações_BDRs_ETFs_FIIs_Units,E2TS34,BRE2TSBDR009,9066000
2026-07-01,2026-05-01,Ações_BDRs_ETFs_FIIs_Units,E2XE34,BRE2XEBDR001,1803000
2026-07-01,2026-05-01,Ações_BDRs_ETFs_FIIs_Units,EAIN34,BREAINBDR007,394000
2026-07-01,2026-05-01,Ações_BDRs_ETFs_FIIs_Units,EBAY34,BREBAYBDR009,779000
2026-07-01,2026-05-01,Ações_BDRs_ETFs_FIIs_Units,ECOR3,BRECORACNOR8,15832000
2026-07-01,2026-05-01,Ações_BDRs_ETFs_FIIs_Units,EFXB31,BREFXBBDR000,209000
2026-07-01,2026-05-01,Ações_BDRs_ETFs_FIIs_Units,EGIE3,BREGIEACNOR9,4766000
2026-07-01,2026-05-01,Ações_BDRs_ETFs_FIIs_Units,ELAS11,BRELASCTF009,105556000
2026-07-01,2026-05-01,Ações_BDRs_ETFs_FIIs_Units,ELCI34,BRELCIBDR007,12690000
2026-07-01,2026-05-01,Ações_BDRs_ETFs_FIIs_Units,EMBJ3,BREMBJACNOR1,12832000
2026-07-01,2026-05-01,Ações_BDRs_ETFs_FIIs_Units,ENEV3,BRENEVACNOR8,28321000
2026-07-01,2026-05-01,Ações_BDRs_ETFs_FIIs_Units,ENGI11,BRENGICDAM16,7894000
2026-07-01,2026-05-01,Ações_BDRs_ETFs_FIIs_Units,EQIX34,BREQIXBDR002,2889000
2026-07-01,2026-05-01,Ações_BDRs_ETFs_FIIs_Units,EQTL3,BREQTLACNOR0,18988000
2026-07-01,2026-05-01,Ações_BDRs_ETFs_FIIs_Units,EWBZ11,BREWBZCTF009,63418000
2026-07-01,2026-05-01,Ações_BDRs_ETFs_FIIs_Units,EXGR34,BREXGRBDR004,305000
2026-07-01,2026-05-01,Ações_BDRs_ETFs_FIIs_Units,EXPB31,BREXPBBDR009,836000
2026-07-01,2026-05-01,Ações_BDRs_ETFs_FIIs_Units,EXXO34,BREXXOBDR006,2179000
2026-07-01,2026-05-01,Ações_BDRs_ETFs_FIIs_Units,EZTC3,BREZTCACNOR0,5587000
2026-07-01,2026-05-01,Ações_BDRs_ETFs_FIIs_Units,F1AN34,BRF1ANBDR001,397000
2026-07-01,2026-05-01,Ações_BDRs_ETFs_FIIs_Units,F1BH34,BRF1BHBDR001,683000
2026-07-01,2026-05-01,Ações_BDRs_ETFs_FIIs_Units,F1EC34,BRF1ECBDR006,808000
2026-07-01,2026-05-01,Ações_BDRs_ETFs_FIIs_Units,F1FI34,BRF1FIBDR000,533000
2026-07-01,2026-05-01,Ações_BDRs_ETFs_FIIs_Units,F1IS34,BRF1ISBDR003,1282000
2026-07-01,2026-05-01,Ações_BDRs_ETFs_FIIs_Units,F1LS34,BRF1LSBDR007,474000
2026-07-01,2026-05-01,Ações_BDRs_ETFs_FIIs_Units,F1MC34,BRF1MCBDR009,3627000
2026-07-01,2026-05-01,Ações_BDRs_ETFs_FIIs_Units,F1NI34,BRF1NIBDR004,13157000
2026-07-01,2026-05-01,Ações_BDRs_ETFs_FIIs_Units,F1RA34,BRF1RABDR002,1571000
2026-07-01,2026-05-01,Ações_BDRs_ETFs_FIIs_Units,F1SL34,BRF1SLBDR007,16598000
2026-07-01,2026-05-01,Ações_BDRs_ETFs_FIIs_Units,F1TN34,BRF1TNBDR001,924000
2026-07-01,2026-05-01,Ações_BDRs_ETFs_FIIs_Units,F1TV34,BRF1TVBDR004,1336000
2026-07-01,2026-05-01,Ações_BDRs_ETFs_FIIs_Units,F1UN34,BRF1UNBDR009,4301000
2026-07-01,2026-05-01,Ações_BDRs_ETFs_FIIs_Units,F2IC34,BRF2ICBDR005,1801000
2026-07-01,2026-05-01,Ações_BDRs_ETFs_FIIs_Units,F2IV34,BRF2IVBDR005,16945000
2026-07-01,2026-05-01,Ações_BDRs_ETFs_FIIs_Units,F2NV34,BRF2NVBDR005,29854000
2026-07-01,2026-05-01,Ações_BDRs_ETFs_FIIs_Units,F2RS34,BRF2RSBDR002,8160000
2026-07-01,2026-05-01,Ações_BDRs_ETFs_FIIs_Units,F2RT34,BRF2RTBDR000,3866000
2026-07-01,2026-05-01,Ações_BDRs_ETFs_FIIs_Units,F2VR34,BRF2VRBDR006,15567000
2026-07-01,2026-05-01,Ações_BDRs_ETFs_FIIs_Units,FASL34,BRFASLBDR007,883000
2026-07-01,2026-05-01,Ações_BDRs_ETFs_FIIs_Units,FCXO34,BRFCXOBDR007,1997000
2026-07-01,2026-05-01,Ações_BDRs_ETFs_FIIs_Units,FDMO34,BRFDMOBDR008,3192000
2026-07-01,2026-05-01,Ações_BDRs_ETFs_FIIs_Units,FDXB34,BRFDXBBDR002,101000
2026-07-01,2026-05-01,Ações_BDRs_ETFs_FIIs_Units,FFTD34,BRFFTDBDR001,770000
2026-07-01,2026-05-01,Ações_BDRs_ETFs_FIIs_Units,FIXX11,BRFIXXCTF012,455000
2026-07-01,2026-05-01,Ações_BDRs_ETFs_FIIs_Units,FLRY3,BRFLRYACNOR5,7862000
2026-07-01,2026-05-01,Ações_BDRs_ETFs_FIIs_Units,FMXB34,BRFMXBBDR003,181000
2026-07-01,2026-05-01,Ações_BDRs_ETFs_FIIs_Units,FOXC34,BRFOXCBDR007,676000
2026-07-01,2026-05-01,Ações_BDRs_ETFs_FIIs_Units,FSLR34,BRFSLRBDR001,425000
2026-07-01,2026-05-01,Ações_BDRs_ETFs_FIIs_Units,G1AR34,BRG1ARBDR001,1100000
2026-07-01,2026-05-01,Ações_BDRs_ETFs_FIIs_Units,G1DS34,BRG1DSBDR003,8748000
2026-07-01,2026-05-01,Ações_BDRs_ETFs_FIIs_Units,G1FI34,BRG1FIBDR009,1836000
2026-07-01,2026-05-01,Ações_BDRs_ETFs_FIIs_Units,G1LL34,BRG1LLBDR001,4790000
2026-07-01,2026-05-01,Ações_BDRs_ETFs_FIIs_Units,G1LO34,BRG1LOBDR005,15820000
2026-07-01,2026-05-01,Ações_BDRs_ETFs_FIIs_Units,G1LW34,BRG1LWBDR008,235000
2026-07-01,2026-05-01,Ações_BDRs_ETFs_FIIs_Units,G1MI34,BRG1MIBDR005,1136000
2026-07-01,2026-05-01,Ações_BDRs_ETFs_FIIs_Units,G1PC34,BRG1PCBDR001,740000
2026-07-01,2026-05-01,Ações_BDRs_ETFs_FIIs_Units,G1PI34,BRG1PIBDR008,2386000
2026-07-01,2026-05-01,Ações_BDRs_ETFs_FIIs_Units,G1RM34,BRG1RMBDR006,303000
2026-07-01,2026-05-01,Ações_BDRs_ETFs_FIIs_Units,G1SK34,BRG1SKBDR008,3450000
2026-07-01,2026-05-01,Ações_BDRs_ETFs_FIIs_Units,G1WW34,BRG1WWBDR005,1354000
2026-07-01,2026-05-01,Ações_BDRs_ETFs_FIIs_Units,G2DD34,BRG2DDBDR003,4830000
2026-07-01,2026-05-01,Ações_BDRs_ETFs_FIIs_Units,G2EV34,BRG2EVBDR003,695000
2026-07-01,2026-05-01,Ações_BDRs_ETFs_FIIs_Units,G2ME34,BRG2MEBDR002,3418000
2026-07-01,2026-05-01,Ações_BDRs_ETFs_FIIs_Units,G2NT34,BRG2NTBDR008,3958000
2026-07-01,2026-05-01,Ações_BDRs_ETFs_FIIs_Units,G2WR34,BRG2WRBDR003,3432000
2026-07-01,2026-05-01,Ações_BDRs_ETFs_FIIs_Units,GARE11,BRGARECTF001,29900
2026-07-01,2026-05-01,Ações_BDRs_ETFs_FIIs_Units,GDBR34,BRGDBRBDR002,125000
2026-07-01,2026-05-01,Ações_BDRs_ETFs_FIIs_Units,GDXB39,BRGDXBBDR000,1316000
2026-07-01,2026-05-01,Ações_BDRs_ETFs_FIIs_Units,GEHC34,BRGEHCBDR009,4377000
2026-07-01,2026-05-01,Ações_BDRs_ETFs_FIIs_Units,GENB11,BRGENBCTF008,83583000
2026-07-01,2026-05-01,Ações_BDRs_ETFs_FIIs_Units,GEOO34,BRGEOOBDR000,142000
2026-07-01,2026-05-01,Ações_BDRs_ETFs_FIIs_Units,GGBR4,BRGGBRACNPR8,32745000
2026-07-01,2026-05-01,Ações_BDRs_ETFs_FIIs_Units,GGPS3,BRGGPSACNOR9,6753000
2026-07-01,2026-05-01,Ações_BDRs_ETFs_FIIs_Units,GGRC11,BRGGRCCTF002,24300
2026-07-01,2026-05-01,Ações_BDRs_ETFs_FIIs_Units,GILD34,BRGILDBDR000,578000
2026-07-01,2026-05-01,Ações_BDRs_ETFs_FIIs_Units,GLDI11,BRGLDICTF009,2793000
2026-07-01,2026-05-01,Ações_BDRs_ETFs_FIIs_Units,GLDX11,BRGLDXCTF016,1323000
2026-07-01,2026-05-01,Ações_BDRs_ETFs_FIIs_Units,GLFTETF11,BRGLFTCTF001,250200
2026-07-01,2026-05-01,Ações_BDRs_ETFs_FIIs_Units,GMAT3,BRGMATACNOR7,28808000
2026-07-01,2026-05-01,Ações_BDRs_ETFs_FIIs_Units,GMCO34,BRGMCOBDR008,2021000
2026-07-01,2026-05-01,Ações_BDRs_ETFs_FIIs_Units,GOAT11,BRGOATCTF006,2895000
2026-07-01,2026-05-01,Ações_BDRs_ETFs_FIIs_Units,GOAU4,BRGOAUACNPR8,25181000
2026-07-01,2026-05-01,Ações_BDRs_ETFs_FIIs_Units,GOGL34,BRGOGLBDR001,1970000
2026-07-01,2026-05-01,Ações_BDRs_ETFs_FIIs_Units,GOGL35,BRGOGLBDR019,1431000
2026-07-01,2026-05-01,Ações_BDRs_ETFs_FIIs_Units,GOLB11,BRGOLBCTF001,1161000
2026-07-01,2026-05-01,Ações_BDRs_ETFs_FIIs_Units,GOLD11,BRGOLDCTF015,21198000
2026-07-01,2026-05-01,Ações_BDRs_ETFs_FIIs_Units,GOLX11,BRGOLXCTF005,2779000
2026-07-01,2026-05-01,Ações_BDRs_ETFs_FIIs_Units,GPCAETF11,BRGPCACTF009,98000
2026-07-01,2026-05-01,Ações_BDRs_ETFs_FIIs_Units,GPSI34,BRGPSIBDR009,1604000
2026-07-01,2026-05-01,Ações_BDRs_ETFs_FIIs_Units,GPUS11,BRGPUSCTF003,336000
2026-07-01,2026-05-01,Ações_BDRs_ETFs_FIIs_Units,GRND3,BRGRNDACNOR3,10314000
2026-07-01,2026-05-01,Ações_BDRs_ETFs_FIIs_Units,GSGI34,BRGSGIBDR008,1305000
2026-07-01,2026-05-01,Ações_BDRs_ETFs_FIIs_Units,GXUS11,BRGXUSCTF007,1941000
2026-07-01,2026-05-01,Ações_BDRs_ETFs_FIIs_Units,H1AS34,BRH1ASBDR008,822000
2026-07-01,2026-05-01,Ações_BDRs_ETFs_FIIs_Units,H1BA34,BRH1BABDR004,2439000
2026-07-01,2026-05-01,Ações_BDRs_ETFs_FIIs_Units,H1CA34,BRH1CABDR002,1635000
2026-07-01,2026-05-01,Ações_BDRs_ETFs_FIIs_Units,H1DB34,BRH1DBBDR008,7677000
2026-07-01,2026-05-01,Ações_BDRs_ETFs_FIIs_Units,H1EI34,BRH1EIBDR001,1512000
2026-07-01,2026-05-01,Ações_BDRs_ETFs_FIIs_Units,H1FC34,BRH1FCBDR001,680000
2026-07-01,2026-05-01,Ações_BDRs_ETFs_FIIs_Units,H1HH34,BRH1HHBDR006,1767000
2026-07-01,2026-05-01,Ações_BDRs_ETFs_FIIs_Units,H1IG34,BRH1IGBDR006,275000
2026-07-01,2026-05-01,Ações_BDRs_ETFs_FIIs_Units,H1II34,BRH1IIBDR002,8196000
2026-07-01,2026-05-01,Ações_BDRs_ETFs_FIIs_Units,H1LT34,BRH1LTBDR003,2871000
2026-07-01,2026-05-01,Ações_BDRs_ETFs_FIIs_Units,H1OG34,BRH1OGBDR004,1399000
2026-07-01,2026-05-01,Ações_BDRs_ETFs_FIIs_Units,H1PE34,BRH1PEBDR006,1428000
2026-07-01,2026-05-01,Ações_BDRs_ETFs_FIIs_Units,H1RB34,BRH1RBBDR008,630000
2026-07-01,2026-05-01,Ações_BDRs_ETFs_FIIs_Units,H1RL34,BRH1RLBDR007,1824000
2026-07-01,2026-05-01,Ações_BDRs_ETFs_FIIs_Units,H1SB34,BRH1SBBDR006,1782000
2026-07-01,2026-05-01,Ações_BDRs_ETFs_FIIs_Units,H1SI34,BRH1SIBDR001,1048000
2026-07-01,2026-05-01,Ações_BDRs_ETFs_FIIs_Units,H1ST34,BRH1STBDR008,1951000
2026-07-01,2026-05-01,Ações_BDRs_ETFs_FIIs_Units,H1TH34,BRH1THBDR001,2943000
2026-07-01,2026-05-01,Ações_BDRs_ETFs_FIIs_Units,H1UM34,BRH1UMBDR009,8403000
2026-07-01,2026-05-01,Ações_BDRs_ETFs_FIIs_Units,H2TA34,BRH2TABDR004,6034000
2026-07-01,2026-05-01,Ações_BDRs_ETFs_FIIs_Units,H2UB34,BRH2UBBDR000,9460000
2026-07-01,2026-05-01,Ações_BDRs_ETFs_FIIs_Units,HALI34,BRHALIBDR004,1000000
2026-07-01,2026-05-01,Ações_BDRs_ETFs_FIIs_Units,HAPV3,BRHAPVACNOR4,27524000
2026-07-01,2026-05-01,Ações_BDRs_ETFs_FIIs_Units,HBSA3,BRHBSAACNOR0,5083000
2026-07-01,2026-05-01,Ações_BDRs_ETFs_FIIs_Units,HGBS11,BRHGBSCTF000,12100
2026-07-01,2026-05-01,Ações_BDRs_ETFs_FIIs_Units,HGLG11,BRHGLGCTF004,1600
2026-07-01,2026-05-01,Ações_BDRs_ETFs_FIIs_Units,HGRU11,BRHGRUCTF002,1900
2026-07-01,2026-05-01,Ações_BDRs_ETFs_FIIs_Units,HIGH11,BRHIGHCTF008,26634000
2026-07-01,2026-05-01,Ações_BDRs_ETFs_FIIs_Units,HOME34,BRHOMEBDR002,3311000
2026-07-01,2026-05-01,Ações_BDRs_ETFs_FIIs_Units,HONB34,BRHONBBDR006,182000
2026-07-01,2026-05-01,Ações_BDRs_ETFs_FIIs_Units,HOND34,BRHONDBDR002,778000
2026-07-01,2026-05-01,Ações_BDRs_ETFs_FIIs_Units,HPQB34,BRHPQBBDR006,1980000
2026-07-01,2026-05-01,Ações_BDRs_ETFs_FIIs_Units,HSHY34,BRHSHYBDR001,1050000
2026-07-01,2026-05-01,Ações_BDRs_ETFs_FIIs_Units,HTEK11,BRHTEKCTF004,3270000
2026-07-01,2026-05-01,Ações_BDRs_ETFs_FIIs_Units,HYPE3,BRHYPEACNOR0,7203000
2026-07-01,2026-05-01,Ações_BDRs_ETFs_FIIs_Units,I1AC34,BRI1ACBDR001,8953000
2026-07-01,2026-05-01,Ações_BDRs_ETFs_FIIs_Units,I1BN34,BRI1BNBDR006,1414000
2026-07-01,2026-05-01,Ações_BDRs_ETFs_FIIs_Units,I1CE34,BRI1CEBDR003,512000
2026-07-01,2026-05-01,Ações_BDRs_ETFs_FIIs_Units,I1DX34,BRI1DXBDR001,352000
2026-07-01,2026-05-01,Ações_BDRs_ETFs_FIIs_Units,I1EX34,BRI1EXBDR009,3837000
2026-07-01,2026-05-01,Ações_BDRs_ETFs_FIIs_Units,I1FF34,BRI1FFBDR003,1091000
2026-07-01,2026-05-01,Ações_BDRs_ETFs_FIIs_Units,I1FO34,BRI1FOBDR005,6289000
2026-07-01,2026-05-01,Ações_BDRs_ETFs_FIIs_Units,I1HG34,BRI1HGBDR007,638000
2026-07-01,2026-05-01,Ações_BDRs_ETFs_FIIs_Units,I1LM34,BRI1LMBDR007,1537000
2026-07-01,2026-05-01,Ações_BDRs_ETFs_FIIs_Units,I1NC34,BRI1NCBDR004,842000
2026-07-01,2026-05-01,Ações_BDRs_ETFs_FIIs_Units,I1PC34,BRI1PCBDR009,1074000
2026-07-01,2026-05-01,Ações_BDRs_ETFs_FIIs_Units,I1PG34,BRI1PGBDR000,354000
2026-07-01,2026-05-01,Ações_BDRs_ETFs_FIIs_Units,I1QV34,BRI1QVBDR007,915000
2026-07-01,2026-05-01,Ações_BDRs_ETFs_FIIs_Units,I1QY34,BRI1QYBDR001,12306000
2026-07-01,2026-05-01,Ações_BDRs_ETFs_FIIs_Units,I1RM34,BRI1RMBDR004,339000
2026-07-01,2026-05-01,Ações_BDRs_ETFs_FIIs_Units,I1RP34,BRI1RPBDR007,172000
2026-07-01,2026-05-01,Ações_BDRs_ETFs_FIIs_Units,I1SR34,BRI1SRBDR001,1674000
2026-07-01,2026-05-01,Ações_BDRs_ETFs_FIIs_Units,I1TW34,BRI1TWBDR009,594000
2026-07-01,2026-05-01,Ações_BDRs_ETFs_FIIs_Units,I1VZ34,BRI1VZBDR008,1681000
2026-07-01,2026-05-01,Ações_BDRs_ETFs_FIIs_Units,I2NG34,BRI2NGBDR003,2113000
2026-07-01,2026-05-01,Ações_BDRs_ETFs_FIIs_Units,I2NV34,BRI2NVBDR002,7374000
2026-07-01,2026-05-01,Ações_BDRs_ETFs_FIIs_Units,I2RS34,BRI2RSBDR009,2484000
2026-07-01,2026-05-01,Ações_BDRs_ETFs_FIIs_Units,IB5METF11,BRIB5MCTF008,3693100
2026-07-01,2026-05-01,Ações_BDRs_ETFs_FIIs_Units,IBKR34,BRIBKRBDR003,8449000
2026-07-01,2026-05-01,Ações_BDRs_ETFs_FIIs_Units,IBMB34,BRIBMBBDR003,172000
2026-07-01,2026-05-01,Ações_BDRs_ETFs_FIIs_Units,IBOB11,BRIBOBCTF008,25547000
2026-07-01,2026-05-01,Ações_BDRs_ETFs_FIIs_Units,ICLR34,BRICLRBDR009,6740000
2026-07-01,2026-05-01,Ações_BDRs_ETFs_FIIs_Units,IDKAETF11,BRIDKACTF004,7588300
2026-07-01,2026-05-01,Ações_BDRs_ETFs_FIIs_Units,IGTI11,BRIGTICDAM16,5967000
2026-07-01,2026-05-01,Ações_BDRs_ETFs_FIIs_Units,IMABETF11,BRIMABCTF004,15579800
2026-07-01,2026-05-01,Ações_BDRs_ETFs_FIIs_Units,IMBBETF11,BRIMBBCTF002,4164200
2026-07-01,2026-05-01,Ações_BDRs_ETFs_FIIs_Units,INBR32,BRINBRBDR007,7325000
2026-07-01,2026-05-01,Ações_BDRs_ETFs_FIIs_Units,INGG34,BRINGGBDR009,1301000
2026-07-01,2026-05-01,Ações_BDRs_ETFs_FIIs_Units,INTB3,BRINTBACNOR9,5816000
2026-07-01,2026-05-01,Ações_BDRs_ETFs_FIIs_Units,INTU34,BRINTUBDR003,4583000
2026-07-01,2026-05-01,Ações_BDRs_ETFs_FIIs_Units,IRBR3,BRIRBRACNOR4,1897000
2026-07-01,2026-05-01,Ações_BDRs_ETFs_FIIs_Units,IRFMETF11,BRIRFMCTF009,4813400
2026-07-01,2026-05-01,Ações_BDRs_ETFs_FIIs_Units,ISAE4,BRISAEACNPR9,6000000
2026-07-01,2026-05-01,Ações_BDRs_ETFs_FIIs_Units,ITLC34,BRITLCBDR005,3516000
2026-07-01,2026-05-01,Ações_BDRs_ETFs_FIIs_Units,ITSA4,BRITSAACNPR7,78342000
2026-07-01,2026-05-01,Ações_BDRs_ETFs_FIIs_Units,ITUB3,BRITUBACNOR4,3433000
2026-07-01,2026-05-01,Ações_BDRs_ETFs_FIIs_Units,ITUB4,BRITUBACNPR1,65529000
2026-07-01,2026-05-01,Ações_BDRs_ETFs_FIIs_Units,IVVB11,BRIVVBCTF001,1805000
2026-07-01,2026-05-01,Ações_BDRs_ETFs_FIIs_Units,IVWO11,BRIVWOCTF002,9888000
2026-07-01,2026-05-01,Ações_BDRs_ETFs_FIIs_Units,J1BH34,BRJ1BHBDR007,5938000
2026-07-01,2026-05-01,Ações_BDRs_ETFs_FIIs_Units,J1CI34,BRJ1CIBDR003,279000
2026-07-01,2026-05-01,Ações_BDRs_ETFs_FIIs_Units,J1EF34,BRJ1EFBDR005,830000
2026-07-01,2026-05-01,Ações_BDRs_ETFs_FIIs_Units,J1EG34,BRJ1EGBDR003,576000
2026-07-01,2026-05-01,Ações_BDRs_ETFs_FIIs_Units,J1KH34,BRJ1KHBDR008,1025000
2026-07-01,2026-05-01,Ações_BDRs_ETFs_FIIs_Units,J2AZ34,BRJ2AZBDR009,2998000
2026-07-01,2026-05-01,Ações_BDRs_ETFs_FIIs_Units,J2BL34,BRJ2BLBDR007,943000
2026-07-01,2026-05-01,Ações_BDRs_ETFs_FIIs_Units,J2WA34,BRJ2WABDR006,1034000
2026-07-01,2026-05-01,Ações_BDRs_ETFs_FIIs_Units,JBSS32,BRJBSSBDR002,4655000
2026-07-01,2026-05-01,Ações_BDRs_ETFs_FIIs_Units,JDCO34,BRJDCOBDR001,7997000
2026-07-01,2026-05-01,Ações_BDRs_ETFs_FIIs_Units,JHSF3,BRJHSFACNOR2,11140000
2026-07-01,2026-05-01,Ações_BDRs_ETFs_FIIs_Units,JNJB34,BRJNJBBDR002,2615000
2026-07-01,2026-05-01,Ações_BDRs_ETFs_FIIs_Units,JOGO11,BRJOGOCTF008,59000
2026-07-01,2026-05-01,Ações_BDRs_ETFs_FIIs_Units,JPMC34,BRJPMCBDR009,1392000
2026-07-01,2026-05-01,Ações_BDRs_ETFs_FIIs_Units,JSLG3,BRJSLGACNOR2,3561000
2026-07-01,2026-05-01,Ações_BDRs_ETFs_FIIs_Units,K1EY34,BRK1EYBDR003,1816000
2026-07-01,2026-05-01,Ações_BDRs_ETFs_FIIs_Units,K1IM34,BRK1IMBDR009,1702000
2026-07-01,2026-05-01,Ações_BDRs_ETFs_FIIs_Units,K1LA34,BRK1LABDR008,88000
2026-07-01,2026-05-01,Ações_BDRs_ETFs_FIIs_Units,K1MX34,BRK1MXBDR008,2026000
2026-07-01,2026-05-01,Ações_BDRs_ETFs_FIIs_Units,K1RC34,BRK1RCBDR001,588000
2026-07-01,2026-05-01,Ações_BDRs_ETFs_FIIs_Units,K1RG34,BRK1RGBDR002,2836000
2026-07-01,2026-05-01,Ações_BDRs_ETFs_FIIs_Units,K1SG34,BRK1SGBDR000,229000
2026-07-01,2026-05-01,Ações_BDRs_ETFs_FIIs_Units,K1SS34,BRK1SSBDR005,2130000
2026-07-01,2026-05-01,Ações_BDRs_ETFs_FIIs_Units,K1TC34,BRK1TCBDR007,788000
2026-07-01,2026-05-01,Ações_BDRs_ETFs_FIIs_Units,K1YS34,BRK1YSBDR003,3749000
2026-07-01,2026-05-01,Ações_BDRs_ETFs_FIIs_Units,K2RC34,BRK2RCBDR009,8189000
2026-07-01,2026-05-01,Ações_BDRs_ETFs_FIIs_Units,KEPL3,BRKEPLACNOR1,6685000
2026-07-01,2026-05-01,Ações_BDRs_ETFs_FIIs_Units,KHCB34,BRKHCBBDR007,7265000
2026-07-01,2026-05-01,Ações_BDRs_ETFs_FIIs_Units,KLBN11,BRKLBNCDAM18,14193000
2026-07-01,2026-05-01,Ações_BDRs_ETFs_FIIs_Units,KLBN4,BRKLBNACNPR9,9125000
2026-07-01,2026-05-01,Ações_BDRs_ETFs_FIIs_Units,KMBB34,BRKMBBBDR009,407000
2026-07-01,2026-05-01,Ações_BDRs_ETFs_FIIs_Units,KMIC34,BRKMICBDR002,1262000
2026-07-01,2026-05-01,Ações_BDRs_ETFs_FIIs_Units,KMPR34,BRKMPRBDR005,299000
2026-07-01,2026-05-01,Ações_BDRs_ETFs_FIIs_Units,KNCR11,BRKNCRCTF000,2400
2026-07-01,2026-05-01,Ações_BDRs_ETFs_FIIs_Units,KNHF11,BRKNHFCTF004,2500
2026-07-01,2026-05-01,Ações_BDRs_ETFs_FIIs_Units,KNIP11,BRKNIPCTF001,2700
2026-07-01,2026-05-01,Ações_BDRs_ETFs_FIIs_Units,KNSC11,BRKNSCCTF008,27400
2026-07-01,2026-05-01,Ações_BDRs_ETFs_FIIs_Units,L1AM34,BRL1AMBDR005,3495000
2026-07-01,2026-05-01,Ações_BDRs_ETFs_FIIs_Units,L1CA34,BRL1CABDR006,559000
2026-07-01,2026-05-01,Ações_BDRs_ETFs_FIIs_Units,L1DO34,BRL1DOBDR005,2718000
2026-07-01,2026-05-01,Ações_BDRs_ETFs_FIIs_Units,L1EG34,BRL1EGBDR009,678000
2026-07-01,2026-05-01,Ações_BDRs_ETFs_FIIs_Units,L1EN34,BRL1ENBDR005,454000
2026-07-01,2026-05-01,Ações_BDRs_ETFs_FIIs_Units,L1HX34,BRL1HXBDR007,459000
2026-07-01,2026-05-01,Ações_BDRs_ETFs_FIIs_Units,L1KQ34,BRL1KQBDR005,1184000
2026-07-01,2026-05-01,Ações_BDRs_ETFs_FIIs_Units,L1MN34,BRL1MNBDR008,4478000
2026-07-01,2026-05-01,Ações_BDRs_ETFs_FIIs_Units,L1NC34,BRL1NCBDR009,1027000
2026-07-01,2026-05-01,Ações_BDRs_ETFs_FIIs_Units,L1NE34,BRL1NEBDR005,4887000
2026-07-01,2026-05-01,Ações_BDRs_ETFs_FIIs_Units,L1OE34,BRL1OEBDR003,308000
2026-07-01,2026-05-01,Ações_BDRs_ETFs_FIIs_Units,L1RC34,BRL1RCBDR000,6942000
2026-07-01,2026-05-01,Ações_BDRs_ETFs_FIIs_Units,L1UL34,BRL1ULBDR005,1123000
2026-07-01,2026-05-01,Ações_BDRs_ETFs_FIIs_Units,L1VS34,BRL1VSBDR008,3527000
2026-07-01,2026-05-01,Ações_BDRs_ETFs_FIIs_Units,L1WH34,BRL1WHBDR009,1805000
2026-07-01,2026-05-01,Ações_BDRs_ETFs_FIIs_Units,L1YB34,BRL1YBBDR008,1158000
2026-07-01,2026-05-01,Ações_BDRs_ETFs_FIIs_Units,L1YG34,BRL1YGBDR007,7488000
2026-07-01,2026-05-01,Ações_BDRs_ETFs_FIIs_Units,L1YV34,BRL1YVBDR006,1316000
2026-07-01,2026-05-01,Ações_BDRs_ETFs_FIIs_Units,L2IV34,BRL2IVBDR007,925000
2026-07-01,2026-05-01,Ações_BDRs_ETFs_FIIs_Units,L2PL34,BRL2PLBDR003,2246000
2026-07-01,2026-05-01,Ações_BDRs_ETFs_FIIs_Units,L2RN34,BRL2RNBDR005,1292000
2026-07-01,2026-05-01,Ações_BDRs_ETFs_FIIs_Units,L2SC34,BRL2SCBDR006,2993000
2026-07-01,2026-05-01,Ações_BDRs_ETFs_FIIs_Units,LAVV3,BRLAVVACNOR4,1906000
2026-07-01,2026-05-01,Ações_BDRs_ETFs_FIIs_Units,LBRD34,BRLBRDBDR002,6069000
2026-07-01,2026-05-01,Ações_BDRs_ETFs_FIIs_Units,LEVE3,BRLEVEACNOR2,982000
2026-07-01,2026-05-01,Ações_BDRs_ETFs_FIIs_Units,LFTBETF11,BRLFTBCTF002,16743000
2026-07-01,2026-05-01,Ações_BDRs_ETFs_FIIs_Units,LFTIETF11,BRLFTICTF007,29218900
2026-07-01,2026-05-01,Ações_BDRs_ETFs_FIIs_Units,LFTSETF11,BRLFTSCTF006,10161900
2026-07-01,2026-05-01,Ações_BDRs_ETFs_FIIs_Units,LFTXETF11,BRLFTXCTF006,146900
2026-07-01,2026-05-01,Ações_BDRs_ETFs_FIIs_Units,LILY34,BRLILYBDR006,1341000
2026-07-01,2026-05-01,Ações_BDRs_ETFs_FIIs_Units,LJQQ3,BRLJQQACNOR5,8072000
2026-07-01,2026-05-01,Ações_BDRs_ETFs_FIIs_Units,LLFTETF11,BRLLFTCTF001,26391300
2026-07-01,2026-05-01,Ações_BDRs_ETFs_FIIs_Units,LMTB34,BRLMTBBDR009,75000
2026-07-01,2026-05-01,Ações_BDRs_ETFs_FIIs_Units,LOGG3,BRLOGGACNOR7,995000
2026-07-01,2026-05-01,Ações_BDRs_ETFs_FIIs_Units,LOWC34,BRLOWCBDR007,3203000
2026-07-01,2026-05-01,Ações_BDRs_ETFs_FIIs_Units,LREN3,BRLRENACNOR1,38525000
2026-07-01,2026-05-01,Ações_BDRs_ETFs_FIIs_Units,LTBXETF11,BRLTBXCTF005,416300
2026-07-01,2026-05-01,Ações_BDRs_ETFs_FIIs_Units,LTNBETF11,BRLTNBCTF006,894800
2026-07-01,2026-05-01,Ações_BDRs_ETFs_FIIs_Units,LVOL11,BRLVOLCTF009,19649000
2026-07-01,2026-05-01,Ações_BDRs_ETFs_FIIs_Units,LWSA3,BRLWSAACNOR8,12510000
2026-07-01,2026-05-01,Ações_BDRs_ETFs_FIIs_Units,M1AA34,BRM1AABDR009,1285000
2026-07-01,2026-05-01,Ações_BDRs_ETFs_FIIs_Units,M1AS34,BRM1ASBDR001,550000
2026-07-01,2026-05-01,Ações_BDRs_ETFs_FIIs_Units,M1CB34,BRM1CBBDR003,930000
2026-07-01,2026-05-01,Ações_BDRs_ETFs_FIIs_Units,M1CH34,BRM1CHBDR000,1044000
2026-07-01,2026-05-01,Ações_BDRs_ETFs_FIIs_Units,M1CK34,BRM1CKBDR004,191000
2026-07-01,2026-05-01,Ações_BDRs_ETFs_FIIs_Units,M1DB34,BRM1DBBDR001,3107000
2026-07-01,2026-05-01,Ações_BDRs_ETFs_FIIs_Units,M1GM34,BRM1GMBDR019,1046000
2026-07-01,2026-05-01,Ações_BDRs_ETFs_FIIs_Units,M1HK34,BRM1HKBDR003,9689000
2026-07-01,2026-05-01,Ações_BDRs_ETFs_FIIs_Units,M1KC34,BRM1KCBDR004,3017000
2026-07-01,2026-05-01,Ações_BDRs_ETFs_FIIs_Units,M1KT34,BRM1KTBDR008,12562000
2026-07-01,2026-05-01,Ações_BDRs_ETFs_FIIs_Units,M1LM34,BRM1LMBDR001,325000
2026-07-01,2026-05-01,Ações_BDRs_ETFs_FIIs_Units,M1MC34,BRM1MCBDR000,461000
2026-07-01,2026-05-01,Ações_BDRs_ETFs_FIIs_Units,M1NS34,BRM1NSBDR004,4246000
2026-07-01,2026-05-01,Ações_BDRs_ETFs_FIIs_Units,M1PC34,BRM1PCBDR003,177000
2026-07-01,2026-05-01,Ações_BDRs_ETFs_FIIs_Units,M1RN34,BRM1RNBDR006,15303000
2026-07-01,2026-05-01,Ações_BDRs_ETFs_FIIs_Units,M1SC34,BRM1SCBDR007,3139000
2026-07-01,2026-05-01,Ações_BDRs_ETFs_FIIs_Units,M1SI34,BRM1SIBDR004,365000
2026-07-01,2026-05-01,Ações_BDRs_ETFs_FIIs_Units,M1TA34,BRM1TABDR009,2145000
2026-07-01,2026-05-01,Ações_BDRs_ETFs_FIIs_Units,M1TB34,BRM1TBBDR007,712000
2026-07-01,2026-05-01,Ações_BDRs_ETFs_FIIs_Units,M1TC34,BRM1TCBDR005,23068000
2026-07-01,2026-05-01,Ações_BDRs_ETFs_FIIs_Units,M1TD34,BRM1TDBDR003,251000
2026-07-01,2026-05-01,Ações_BDRs_ETFs_FIIs_Units,M1TT34,BRM1TTBDR009,433000
2026-07-01,2026-05-01,Ações_BDRs_ETFs_FIIs_Units,M1UF34,BRM1UFBDR006,1805000
2026-07-01,2026-05-01,Ações_BDRs_ETFs_FIIs_Units,M2AS34,BRM2ASBDR009,6626000
2026-07-01,2026-05-01,Ações_BDRs_ETFs_FIIs_Units,M2KS34,BRM2KSBDR008,2605000
2026-07-01,2026-05-01,Ações_BDRs_ETFs_FIIs_Units,M2PM34,BRM2PMBDR000,2903000
2026-07-01,2026-05-01,Ações_BDRs_ETFs_FIIs_Units,M2PR34,BRM2PRBDR009,1514000
2026-07-01,2026-05-01,Ações_BDRs_ETFs_FIIs_Units,M2PT34,BRM2PTBDR005,5417000
2026-07-01,2026-05-01,Ações_BDRs_ETFs_FIIs_Units,M2RV34,BRM2RVBDR007,2417000
2026-07-01,2026-05-01,Ações_BDRs_ETFs_FIIs_Units,MACY34,BRMACYBDR000,2006000
2026-07-01,2026-05-01,Ações_BDRs_ETFs_FIIs_Units,MARGETF11,BRMARGCTF012,1680400
2026-07-01,2026-05-01,Ações_BDRs_ETFs_FIIs_Units,MBRF3,BRMBRFACNOR1,22574000
2026-07-01,2026-05-01,Ações_BDRs_ETFs_FIIs_Units,MCCI11,BRMCCICTF008,2600
2026-07-01,2026-05-01,Ações_BDRs_ETFs_FIIs_Units,MCDC34,BRMCDCBDR000,2628000
2026-07-01,2026-05-01,Ações_BDRs_ETFs_FIIs_Units,MCOR34,BRMCORBDR005,351000
2026-07-01,2026-05-01,Ações_BDRs_ETFs_FIIs_Units,MCRE11,BRMCRECTF013,25700
2026-07-01,2026-05-01,Ações_BDRs_ETFs_FIIs_Units,MDIA3,BRMDIAACNOR7,1274000
2026-07-01,2026-05-01,Ações_BDRs_ETFs_FIIs_Units,MDLZ34,BRMDLZBDR002,1403000
2026-07-01,2026-05-01,Ações_BDRs_ETFs_FIIs_Units,MDNE3,BRMDNEACNOR9,3310000
2026-07-01,2026-05-01,Ações_BDRs_ETFs_FIIs_Units,MDTC34,BRMDTCBDR004,959000
2026-07-01,2026-05-01,Ações_BDRs_ETFs_FIIs_Units,MELI34,BRMELIBDR006,5419000
2026-07-01,2026-05-01,Ações_BDRs_ETFs_FIIs_Units,METB34,BRMETBBDR004,514000
2026-07-01,2026-05-01,Ações_BDRs_ETFs_FIIs_Units,MGLU3,BRMGLUACNOR2,50763000
2026-07-01,2026-05-01,Ações_BDRs_ETFs_FIIs_Units,MIDBETF11,BRMIDBCTF008,2459700
2026-07-01,2026-05-01,Ações_BDRs_ETFs_FIIs_Units,MILL11,BRMILLCTF018,652000
2026-07-01,2026-05-01,Ações_BDRs_ETFs_FIIs_Units,MILS3,BRMILSACNOR2,2247000
2026-07-01,2026-05-01,Ações_BDRs_ETFs_FIIs_Units,MKLC34,BRMKLCBDR006,402000
2026-07-01,2026-05-01,Ações_BDRs_ETFs_FIIs_Units,MMMC34,BRMMMCBDR000,1104000
2026-07-01,2026-05-01,Ações_BDRs_ETFs_FIIs_Units,MNDY34,BRMNDYBDR001,11841000
2026-07-01,2026-05-01,Ações_BDRs_ETFs_FIIs_Units,MOOO34,BRMOOOBDR007,606000
2026-07-01,2026-05-01,Ações_BDRs_ETFs_FIIs_Units,MOSC34,BRMOSCBDR003,10006000
2026-07-01,2026-05-01,Ações_BDRs_ETFs_FIIs_Units,MOTB39,BRMOTBBDR003,2921000
2026-07-01,2026-05-01,Ações_BDRs_ETFs_FIIs_Units,MOTV3,BRMOTVACNOR7,24400000
2026-07-01,2026-05-01,Ações_BDRs_ETFs_FIIs_Units,MOVI3,BRMOVIACNOR0,13298000
2026-07-01,2026-05-01,Ações_BDRs_ETFs_FIIs_Units,MRCK34,BRMRCKBDR003,2782000
2026-07-01,2026-05-01,Ações_BDRs_ETFs_FIIs_Units,MRVE3,BRMRVEACNOR2,22734000
2026-07-01,2026-05-01,Ações_BDRs_ETFs_FIIs_Units,MSBR34,BRMSBRBDR008,1063000
2026-07-01,2026-05-01,Ações_BDRs_ETFs_FIIs_Units,MSCD34,BRMSCDBDR006,2499000
2026-07-01,2026-05-01,Ações_BDRs_ETFs_FIIs_Units,MSFT34,BRMSFTBDR005,3414000
2026-07-01,2026-05-01,Ações_BDRs_ETFs_FIIs_Units,MULT3,BRMULTACNOR5,11248000
2026-07-01,2026-05-01,Ações_BDRs_ETFs_FIIs_Units,MUTC34,BRMUTCBDR008,616000
2026-07-01,2026-05-01,Ações_BDRs_ETFs_FIIs_Units,MXRF11,BRMXRFCTF008,25500
2026-07-01,2026-05-01,Ações_BDRs_ETFs_FIIs_Units,MYPK3,BRMYPKACNOR7,3666000
2026-07-01,2026-05-01,Ações_BDRs_ETFs_FIIs_Units,N1BI34,BRN1BIBDR009,6077000
2026-07-01,2026-05-01,Ações_BDRs_ETFs_FIIs_Units,N1CL34,BRN1CLBDR001,2185000
2026-07-01,2026-05-01,Ações_BDRs_ETFs_FIIs_Units,N1DA34,BRN1DABDR002,910000
2026-07-01,2026-05-01,Ações_BDRs_ETFs_FIIs_Units,N1EM34,BRN1EMBDR005,369000
2026-07-01,2026-05-01,Ações_BDRs_ETFs_FIIs_Units,N1GG34,BRN1GGBDR002,2702000
2026-07-01,2026-05-01,Ações_BDRs_ETFs_FIIs_Units,N1IC34,BRN1ICBDR007,9671000
2026-07-01,2026-05-01,Ações_BDRs_ETFs_FIIs_Units,N1IS34,BRN1ISBDR003,828000
2026-07-01,2026-05-01,Ações_BDRs_ETFs_FIIs_Units,N1MR34,BRN1MRBDR007,1231000
2026-07-01,2026-05-01,Ações_BDRs_ETFs_FIIs_Units,N1OV34,BRN1OVBDR005,2079000
2026-07-01,2026-05-01,Ações_BDRs_ETFs_FIIs_Units,N1OW34,BRN1OWBDR003,23250000
2026-07-01,2026-05-01,Ações_BDRs_ETFs_FIIs_Units,N1RG34,BRN1RGBDR009,268000
2026-07-01,2026-05-01,Ações_BDRs_ETFs_FIIs_Units,N1SC34,BRN1SCBDR006,522000
2026-07-01,2026-05-01,Ações_BDRs_ETFs_FIIs_Units,N1TA34,BRN1TABDR008,365000
2026-07-01,2026-05-01,Ações_BDRs_ETFs_FIIs_Units,N1TR34,BRN1TRBDR002,585000
2026-07-01,2026-05-01,Ações_BDRs_ETFs_FIIs_Units,N1UE34,BRN1UEBDR008,2303000
2026-07-01,2026-05-01,Ações_BDRs_ETFs_FIIs_Units,N1VO34,BRN1VOBDR005,8435000
2026-07-01,2026-05-01,Ações_BDRs_ETFs_FIIs_Units,N1VR34,BRN1VRBDR008,307000
2026-07-01,2026-05-01,Ações_BDRs_ETFs_FIIs_Units,N1VS34,BRN1VSBDR006,2726000
2026-07-01,2026-05-01,Ações_BDRs_ETFs_FIIs_Units,N1WL34,BRN1WLBDR009,2380000
2026-07-01,2026-05-01,Ações_BDRs_ETFs_FIIs_Units,N1WS34,BRN1WSBDR004,1557000
2026-07-01,2026-05-01,Ações_BDRs_ETFs_FIIs_Units,N1WS35,BRN1WSBDR012,1125000
2026-07-01,2026-05-01,Ações_BDRs_ETFs_FIIs_Units,N1XP34,BRN1XPBDR008,332000
2026-07-01,2026-05-01,Ações_BDRs_ETFs_FIIs_Units,N2ET34,BRN2ETBDR008,3495000
2026-07-01,2026-05-01,Ações_BDRs_ETFs_FIIs_Units,N2LY34,BRN2LYBDR003,1813000
2026-07-01,2026-05-01,Ações_BDRs_ETFs_FIIs_Units,N2TN34,BRN2TNBDR009,3984000
2026-07-01,2026-05-01,Ações_BDRs_ETFs_FIIs_Units,N2VC34,BRN2VCBDR008,5682000
2026-07-01,2026-05-01,Ações_BDRs_ETFs_FIIs_Units,NASD11,BRNASDCTF007,14606000
2026-07-01,2026-05-01,Ações_BDRs_ETFs_FIIs_Units,NATU3,BRNATUACNOR6,22346000
2026-07-01,2026-05-01,Ações_BDRs_ETFs_FIIs_Units,NBOV11,BRNBOVCTF006,11476000
2026-07-01,2026-05-01,Ações_BDRs_ETFs_FIIs_Units,NCDIETF11,BRNCDICTF004,581700
2026-07-01,2026-05-01,Ações_BDRs_ETFs_FIIs_Units,NDIV11,BRNDIVCTF004,10460000
2026-07-01,2026-05-01,Ações_BDRs_ETFs_FIIs_Units,NETE34,BRNETEBDR006,3674000
2026-07-01,2026-05-01,Ações_BDRs_ETFs_FIIs_Units,NEXT34,BRNEXTBDR006,1664000
2026-07-01,2026-05-01,Ações_BDRs_ETFs_FIIs_Units,NFLX34,BRNFLXBDR000,26267000
2026-07-01,2026-05-01,Ações_BDRs_ETFs_FIIs_Units,NIKE34,BRNIKEBDR006,9156000
2026-07-01,2026-05-01,Ações_BDRs_ETFs_FIIs_Units,NMRH34,BRNMRHBDR006,841000
2026-07-01,2026-05-01,Ações_BDRs_ETFs_FIIs_Units,NOCG34,BRNOCGBDR006,338000
2026-07-01,2026-05-01,Ações_BDRs_ETFs_FIIs_Units,NOKI34,BRNOKIBDR005,3891000
2026-07-01,2026-05-01,Ações_BDRs_ETFs_FIIs_Units,NSAT34,BRNSATBDR004,2316000
2026-07-01,2026-05-01,Ações_BDRs_ETFs_FIIs_Units,NSDV11,BRNSDVCTF003,8524000
2026-07-01,2026-05-01,Ações_BDRs_ETFs_FIIs_Units,NTNSETF11,BRNTNSCTF006,1241700
2026-07-01,2026-05-01,Ações_BDRs_ETFs_FIIs_Units,NTST34,BRNTSTBDR004,1093000
2026-07-01,2026-05-01,Ações_BDRs_ETFs_FIIs_Units,NUCL11,BRNUCLCTF002,1955000
2026-07-01,2026-05-01,Ações_BDRs_ETFs_FIIs_Units,NVDC34,BRNVDCBDR008,21291000
2026-07-01,2026-05-01,Ações_BDRs_ETFs_FIIs_Units,O1DF34,BRO1DFBDR000,3888000
2026-07-01,2026-05-01,Ações_BDRs_ETFs_FIIs_Units,O1KE34,BRO1KEBDR008,932000
2026-07-01,2026-05-01,Ações_BDRs_ETFs_FIIs_Units,O1KT34,BRO1KTBDR006,10497000
2026-07-01,2026-05-01,Ações_BDRs_ETFs_FIIs_Units,O1MC34,BRO1MCBDR008,1019000
2026-07-01,2026-05-01,Ações_BDRs_ETFs_FIIs_Units,O1TI34,BRO1TIBDR000,5148000
2026-07-01,2026-05-01,Ações_BDRs_ETFs_FIIs_Units,O1UT34,BRO1UTBDR005,1735000
2026-07-01,2026-05-01,Ações_BDRs_ETFs_FIIs_Units,O2HI34,BRO2HIBDR003,2585000
2026-07-01,2026-05-01,Ações_BDRs_ETFs_FIIs_Units,O2LE34,BRO2LEBDR004,5998000
2026-07-01,2026-05-01,Ações_BDRs_ETFs_FIIs_Units,O2NS34,BRO2NSBDR000,3685000
2026-07-01,2026-05-01,Ações_BDRs_ETFs_FIIs_Units,ORCL34,BRORCLBDR007,1515000
2026-07-01,2026-05-01,Ações_BDRs_ETFs_FIIs_Units,ORLY34,BRORLYBDR001,132471000
2026-07-01,2026-05-01,Ações_BDRs_ETFs_FIIs_Units,ORVR3,BRORVRACNOR0,1799000
2026-07-01,2026-05-01,Ações_BDRs_ETFs_FIIs_Units,OURO11,BROUROCTF002,287000
2026-07-01,2026-05-01,Ações_BDRs_ETFs_FIIs_Units,OXYP34,BROXYPBDR000,4161000
2026-07-01,2026-05-01,Ações_BDRs_ETFs_FIIs_Units,P1AC34,BRP1ACBDR002,643000
2026-07-01,2026-05-01,Ações_BDRs_ETFs_FIIs_Units,P1AY34,BRP1AYBDR006,864000
2026-07-01,2026-05-01,Ações_BDRs_ETFs_FIIs_Units,P1DD34,BRP1DDBDR004,4138000
2026-07-01,2026-05-01,Ações_BDRs_ETFs_FIIs_Units,P1DT34,BRP1DTBDR000,852000
2026-07-01,2026-05-01,Ações_BDRs_ETFs_FIIs_Units,P1EA34,BRP1EABDR008,2396000
2026-07-01,2026-05-01,Ações_BDRs_ETFs_FIIs_Units,P1EG34,BRP1EGBDR005,490000
2026-07-01,2026-05-01,Ações_BDRs_ETFs_FIIs_Units,P1FG34,BRP1FGBDR002,642000
2026-07-01,2026-05-01,Ações_BDRs_ETFs_FIIs_Units,P1GR34,BRP1GRBDR007,388000
2026-07-01,2026-05-01,Ações_BDRs_ETFs_FIIs_Units,P1HC34,BRP1HCBDR007,168000
2026-07-01,2026-05-01,Ações_BDRs_ETFs_FIIs_Units,P1HM34,BRP1HMBDR006,330000
2026-07-01,2026-05-01,Ações_BDRs_ETFs_FIIs_Units,P1KG34,BRP1KGBDR002,366000
2026-07-01,2026-05-01,Ações_BDRs_ETFs_FIIs_Units,P1LD34,BRP1LDBDR007,3356000
2026-07-01,2026-05-01,Ações_BDRs_ETFs_FIIs_Units,P1NR34,BRP1NRBDR003,337000
2026-07-01,2026-05-01,Ações_BDRs_ETFs_FIIs_Units,P1NW34,BRP1NWBDR003,828000
2026-07-01,2026-05-01,Ações_BDRs_ETFs_FIIs_Units,P1PG34,BRP1PGBDR001,698000
2026-07-01,2026-05-01,Ações_BDRs_ETFs_FIIs_Units,P1PL34,BRP1PLBDR001,1045000
2026-07-01,2026-05-01,Ações_BDRs_ETFs_FIIs_Units,P1RG34,BRP1RGBDR007,1453000
2026-07-01,2026-05-01,Ações_BDRs_ETFs_FIIs_Units,P1SA34,BRP1SABDR008,648000
2026-07-01,2026-05-01,Ações_BDRs_ETFs_FIIs_Units,P1SX34,BRP1SXBDR000,490000
2026-07-01,2026-05-01,Ações_BDRs_ETFs_FIIs_Units,P1UK34,BRP1UKBDR003,1663000
2026-07-01,2026-05-01,Ações_BDRs_ETFs_FIIs_Units,P1VH34,BRP1VHBDR007,818000
2026-07-01,2026-05-01,Ações_BDRs_ETFs_FIIs_Units,P1YC34,BRP1YCBDR002,9813000
2026-07-01,2026-05-01,Ações_BDRs_ETFs_FIIs_Units,P2AN34,BRP2ANBDR007,14184000
2026-07-01,2026-05-01,Ações_BDRs_ETFs_FIIs_Units,P2AT34,BRP2ATBDR004,31702000
2026-07-01,2026-05-01,Ações_BDRs_ETFs_FIIs_Units,P2CF34,BRP2CFBDR009,6714000
2026-07-01,2026-05-01,Ações_BDRs_ETFs_FIIs_Units,P2CO34,BRP2COBDR001,6613000
2026-07-01,2026-05-01,Ações_BDRs_ETFs_FIIs_Units,P2CY34,BRP2CYBDR000,12217000
2026-07-01,2026-05-01,Ações_BDRs_ETFs_FIIs_Units,P2EG34,BRP2EGBDR003,12422000
2026-07-01,2026-05-01,Ações_BDRs_ETFs_FIIs_Units,P2EN34,BRP2ENBDR009,17521000
2026-07-01,2026-05-01,Ações_BDRs_ETFs_FIIs_Units,P2IN34,BRP2INBDR000,11716000
2026-07-01,2026-05-01,Ações_BDRs_ETFs_FIIs_Units,P2LN34,BRP2LNBDR004,4520000
2026-07-01,2026-05-01,Ações_BDRs_ETFs_FIIs_Units,P2LT34,BRP2LTBDR001,926000
2026-07-01,2026-05-01,Ações_BDRs_ETFs_FIIs_Units,P2NB34,BRP2NBBDR005,3480000
2026-07-01,2026-05-01,Ações_BDRs_ETFs_FIIs_Units,P2OD34,BRP2ODBDR009,5980000
2026-07-01,2026-05-01,Ações_BDRs_ETFs_FIIs_Units,P2OS34,BRP2OSBDR007,2071000
2026-07-01,2026-05-01,Ações_BDRs_ETFs_FIIs_Units,P2ST34,BRP2STBDR006,2661000
2026-07-01,2026-05-01,Ações_BDRs_ETFs_FIIs_Units,P2TC34,BRP2TCBDR000,4287000
2026-07-01,2026-05-01,Ações_BDRs_ETFs_FIIs_Units,PACBETF11,BRPACBCTF000,54391900
2026-07-01,2026-05-01,Ações_BDRs_ETFs_FIIs_Units,PACCETF11,BRPACCCTF008,3939900
2026-07-01,2026-05-01,Ações_BDRs_ETFs_FIIs_Units,PACGETF11,BRPACGCTF009,7184700
2026-07-01,2026-05-01,Ações_BDRs_ETFs_FIIs_Units,PACLETF11,BRPACLCTF009,1573500
2026-07-01,2026-05-01,Ações_BDRs_ETFs_FIIs_Units,PAGS34,BRPAGSBDR006,9472000
2026-07-01,2026-05-01,Ações_BDRs_ETFs_FIIs_Units,PEPB34,BRPEPBBDR005,3929000
2026-07-01,2026-05-01,Ações_BDRs_ETFs_FIIs_Units,PETR3,BRPETRACNOR9,38914000
2026-07-01,2026-05-01,Ações_BDRs_ETFs_FIIs_Units,PETR4,BRPETRACNPR6,125302000
2026-07-01,2026-05-01,Ações_BDRs_ETFs_FIIs_Units,PEVC11,BRPEVCCTF000,576000
2026-07-01,2026-05-01,Ações_BDRs_ETFs_FIIs_Units,PFIZ34,BRPFIZBDR006,6067000
2026-07-01,2026-05-01,Ações_BDRs_ETFs_FIIs_Units,PGCO34,BRPGCOBDR001,3853000
2026-07-01,2026-05-01,Ações_BDRs_ETFs_FIIs_Units,PGMN3,BRPGMNACNOR8,13562000
2026-07-01,2026-05-01,Ações_BDRs_ETFs_FIIs_Units,PHGN34,BRPHGNBDR002,444000
2026-07-01,2026-05-01,Ações_BDRs_ETFs_FIIs_Units,PHIPETF11,BRPHIPCTF002,2754000
2026-07-01,2026-05-01,Ações_BDRs_ETFs_FIIs_Units,PHMO34,BRPHMOBDR008,492000
2026-07-01,2026-05-01,Ações_BDRs_ETFs_FIIs_Units,PIBB11,BRPIBBCTF005,87282000
2026-07-01,2026-05-01,Ações_BDRs_ETFs_FIIs_Units,PIPE11,BRPIPECTF009,397000
2026-07-01,2026-05-01,Ações_BDRs_ETFs_FIIs_Units,PLPL3,BRPLPLACNOR5,6466000
2026-07-01,2026-05-01,Ações_BDRs_ETFs_FIIs_Units,PNCS34,BRPNCSBDR008,357000
2026-07-01,2026-05-01,Ações_BDRs_ETFs_FIIs_Units,PNVL3,BRPNVLACNOR9,2303000
2026-07-01,2026-05-01,Ações_BDRs_ETFs_FIIs_Units,POMO4,BRPOMOACNPR7,29948000
2026-07-01,2026-05-01,Ações_BDRs_ETFs_FIIs_Units,POSBETF11,BRPOSBCTF007,538200
2026-07-01,2026-05-01,Ações_BDRs_ETFs_FIIs_Units,PREXETF11,BRPREXCTF004,98000
2026-07-01,2026-05-01,Ações_BDRs_ETFs_FIIs_Units,PRIO3,BRPRIOACNOR1,35224000
2026-07-01,2026-05-01,Ações_BDRs_ETFs_FIIs_Units,PRNR3,BRPRNRACNOR4,1259000
2026-07-01,2026-05-01,Ações_BDRs_ETFs_FIIs_Units,PSKY34,BRPSKYBDR008,3612000
2026-07-01,2026-05-01,Ações_BDRs_ETFs_FIIs_Units,PSSA3,BRPSSAACNOR7,5158000
2026-07-01,2026-05-01,Ações_BDRs_ETFs_FIIs_Units,PVBI11,BRPVBICTF003,3300
2026-07-01,2026-05-01,Ações_BDRs_ETFs_FIIs_Units,PYPL34,BRPYPLBDR002,16392000
2026-07-01,2026-05-01,Ações_BDRs_ETFs_FIIs_Units,Q1RV34,BRQ1RVBDR005,955000
2026-07-01,2026-05-01,Ações_BDRs_ETFs_FIIs_Units,Q1UA34,BRQ1UABDR003,766000
2026-07-01,2026-05-01,Ações_BDRs_ETFs_FIIs_Units,Q1UE34,BRQ1UEBDR005,399000
2026-07-01,2026-05-01,Ações_BDRs_ETFs_FIIs_Units,Q2SC34,BRQ2SCBDR001,16204000
2026-07-01,2026-05-01,Ações_BDRs_ETFs_FIIs_Units,QCOM34,BRQCOMBDR007,3642000
2026-07-01,2026-05-01,Ações_BDRs_ETFs_FIIs_Units,QQQI11,BRQQQICTF009,2321000
2026-07-01,2026-05-01,Ações_BDRs_ETFs_FIIs_Units,QUAL3,BRQUALACNOR6,10096000
2026-07-01,2026-05-01,Ações_BDRs_ETFs_FIIs_Units,R1CL34,BRR1CLBDR007,305000
2026-07-01,2026-05-01,Ações_BDRs_ETFs_FIIs_Units,R1DY34,BRR1DYBDR008,5977000
2026-07-01,2026-05-01,Ações_BDRs_ETFs_FIIs_Units,R1EG34,BRR1EGBDR003,992000
2026-07-01,2026-05-01,Ações_BDRs_ETFs_FIIs_Units,R1EL34,BRR1ELBDR003,4504000
2026-07-01,2026-05-01,Ações_BDRs_ETFs_FIIs_Units,R1FC34,BRR1FCBDR009,1434000
2026-07-01,2026-05-01,Ações_BDRs_ETFs_FIIs_Units,R1HI34,BRR1HIBDR002,1319000
2026-07-01,2026-05-01,Ações_BDRs_ETFs_FIIs_Units,R1HP34,BRR1HPBDR007,2501000
2026-07-01,2026-05-01,Ações_BDRs_ETFs_FIIs_Units,R1IN34,BRR1INBDR000,1244000
2026-07-01,2026-05-01,Ações_BDRs_ETFs_FIIs_Units,R1JF34,BRR1JFBDR004,523000
2026-07-01,2026-05-01,Ações_BDRs_ETFs_FIIs_Units,R1KU34,BRR1KUBDR001,6946000
2026-07-01,2026-05-01,Ações_BDRs_ETFs_FIIs_Units,R1LC34,BRR1LCBDR007,212000
2026-07-01,2026-05-01,Ações_BDRs_ETFs_FIIs_Units,R1MD34,BRR1MDBDR003,724000
2026-07-01,2026-05-01,Ações_BDRs_ETFs_FIIs_Units,R1OK34,BRR1OKBDR004,400000
2026-07-01,2026-05-01,Ações_BDRs_ETFs_FIIs_Units,R1OL34,BRR1OLBDR002,708000
2026-07-01,2026-05-01,Ações_BDRs_ETFs_FIIs_Units,R1OP34,BRR1OPBDR003,1120000
2026-07-01,2026-05-01,Ações_BDRs_ETFs_FIIs_Units,R1SG34,BRR1SGBDR003,391000
2026-07-01,2026-05-01,Ações_BDRs_ETFs_FIIs_Units,R1VT34,BRR1VTBDR000,12894000
2026-07-01,2026-05-01,Ações_BDRs_ETFs_FIIs_Units,R1YA34,BRR1YABDR004,5161000
2026-07-01,2026-05-01,Ações_BDRs_ETFs_FIIs_Units,R2AR34,BRR2ARBDR006,9454000
2026-07-01,2026-05-01,Ações_BDRs_ETFs_FIIs_Units,R2BL34,BRR2BLBDR007,7259000
2026-07-01,2026-05-01,Ações_BDRs_ETFs_FIIs_Units,R2GE34,BRR2GEBDR001,9756000
2026-07-01,2026-05-01,Ações_BDRs_ETFs_FIIs_Units,R2HH34,BRR2HHBDR002,17590000
2026-07-01,2026-05-01,Ações_BDRs_ETFs_FIIs_Units,R2NG34,BRR2NGBDR002,17294000
2026-07-01,2026-05-01,Ações_BDRs_ETFs_FIIs_Units,R2PD34,BRR2PDBDR004,13207000
2026-07-01,2026-05-01,Ações_BDRs_ETFs_FIIs_Units,R2RX34,BRR2RXBDR008,3350000
2026-07-01,2026-05-01,Ações_BDRs_ETFs_FIIs_Units,RADL3,BRRADLACNOR0,24390000
2026-07-01,2026-05-01,Ações_BDRs_ETFs_FIIs_Units,RAIL3,BRRAILACNOR9,29612000
2026-07-01,2026-05-01,Ações_BDRs_ETFs_FIIs_Units,RAPT4,BRRAPTACNPR4,12709000
2026-07-01,2026-05-01,Ações_BDRs_ETFs_FIIs_Units,RBRR11,BRRBRRCTF008,3000
2026-07-01,2026-05-01,Ações_BDRs_ETFs_FIIs_Units,RBRX11,BRRBRXCTF006,28400
2026-07-01,2026-05-01,Ações_BDRs_ETFs_FIIs_Units,RBRY11,BRRBRYCTF004,2700
2026-07-01,2026-05-01,Ações_BDRs_ETFs_FIIs_Units,RDOR3,BRRDORACNOR8,16427000
2026-07-01,2026-05-01,Ações_BDRs_ETFs_FIIs_Units,RECV3,BRRECVACNOR3,11748000
2026-07-01,2026-05-01,Ações_BDRs_ETFs_FIIs_Units,REGN34,BRREGNBDR005,3122000
2026-07-01,2026-05-01,Ações_BDRs_ETFs_FIIs_Units,RENT3,BRRENTACNOR4,23032000
2026-07-01,2026-05-01,Ações_BDRs_ETFs_FIIs_Units,RENT4,BRRENTACNPR1,921280
2026-07-01,2026-05-01,Ações_BDRs_ETFs_FIIs_Units,REVE11,BRREVECTF002,305000
2026-07-01,2026-05-01,Ações_BDRs_ETFs_FIIs_Units,RGTI34,BRRGTIBDR003,2401000
2026-07-01,2026-05-01,Ações_BDRs_ETFs_FIIs_Units,RIAA3,BRRIAAACNOR2,4188000
2026-07-01,2026-05-01,Ações_BDRs_ETFs_FIIs_Units,RIGG34,BRRIGGBDR000,6641000
2026-07-01,2026-05-01,Ações_BDRs_ETFs_FIIs_Units,RIOT34,BRRIOTBDR007,411000
2026-07-01,2026-05-01,Ações_BDRs_ETFs_FIIs_Units,ROST34,BRROSTBDR006,351000
2026-07-01,2026-05-01,Ações_BDRs_ETFs_FIIs_Units,ROXO34,BRROXOBDR007,36040000
2026-07-01,2026-05-01,Ações_BDRs_ETFs_FIIs_Units,RYTT34,BRRYTTBDR003,1346000
2026-07-01,2026-05-01,Ações_BDRs_ETFs_FIIs_Units,S1AK34,BRS1AKBDR002,3853000
2026-07-01,2026-05-01,Ações_BDRs_ETFs_FIIs_Units,S1BA34,BRS1BABDR001,1000000
2026-07-01,2026-05-01,Ações_BDRs_ETFs_FIIs_Units,S1BS34,BRS1BSBDR003,6363000
2026-07-01,2026-05-01,Ações_BDRs_ETFs_FIIs_Units,S1HW34,BRS1HWBDR002,1162000
2026-07-01,2026-05-01,Ações_BDRs_ETFs_FIIs_Units,S1JM34,BRS1JMBDR009,851000
2026-07-01,2026-05-01,Ações_BDRs_ETFs_FIIs_Units,S1KM34,BRS1KMBDR007,2257000
2026-07-01,2026-05-01,Ações_BDRs_ETFs_FIIs_Units,S1KT34,BRS1KTBDR002,1656000
2026-07-01,2026-05-01,Ações_BDRs_ETFs_FIIs_Units,S1LG34,BRS1LGBDR007,1268000
2026-07-01,2026-05-01,Ações_BDRs_ETFs_FIIs_Units,S1MF34,BRS1MFBDR007,1012000
2026-07-01,2026-05-01,Ações_BDRs_ETFs_FIIs_Units,S1NA34,BRS1NABDR006,430000
2026-07-01,2026-05-01,Ações_BDRs_ETFs_FIIs_Units,S1NN34,BRS1NNBDR009,1979000
2026-07-01,2026-05-01,Ações_BDRs_ETFs_FIIs_Units,S1NP34,BRS1NPBDR004,350000
2026-07-01,2026-05-01,Ações_BDRs_ETFs_FIIs_Units,S1OU34,BRS1OUBDR002,1075000
2026-07-01,2026-05-01,Ações_BDRs_ETFs_FIIs_Units,S1PO34,BRS1POBDR002,312000
2026-07-01,2026-05-01,Ações_BDRs_ETFs_FIIs_Units,S1RE34,BRS1REBDR009,1690000
2026-07-01,2026-05-01,Ações_BDRs_ETFs_FIIs_Units,S1RP34,BRS1RPBDR005,24099000
2026-07-01,2026-05-01,Ações_BDRs_ETFs_FIIs_Units,S1SL34,BRS1SLBDR002,1392000
2026-07-01,2026-05-01,Ações_BDRs_ETFs_FIIs_Units,S1SN34,BRS1SNBDR008,3457000
2026-07-01,2026-05-01,Ações_BDRs_ETFs_FIIs_Units,S1TE34,BRS1TEBDR005,3516000
2026-07-01,2026-05-01,Ações_BDRs_ETFs_FIIs_Units,S1TT34,BRS1TTBDR003,320000
2026-07-01,2026-05-01,Ações_BDRs_ETFs_FIIs_Units,S1TX34,BRS1TXBDR005,68000
2026-07-01,2026-05-01,Ações_BDRs_ETFs_FIIs_Units,S1WK34,BRS1WKBDR006,2133000
2026-07-01,2026-05-01,Ações_BDRs_ETFs_FIIs_Units,S1YF34,BRS1YFBDR002,506000
2026-07-01,2026-05-01,Ações_BDRs_ETFs_FIIs_Units,S1YK34,BRS1YKBDR002,2355000
2026-07-01,2026-05-01,Ações_BDRs_ETFs_FIIs_Units,S1YM34,BRS1YMBDR008,1978000
2026-07-01,2026-05-01,Ações_BDRs_ETFs_FIIs_Units,S1YY34,BRS1YYBDR003,1066000
2026-07-01,2026-05-01,Ações_BDRs_ETFs_FIIs_Units,S2CH34,BRS2CHBDR002,2801000
2026-07-01,2026-05-01,Ações_BDRs_ETFs_FIIs_Units,S2EA34,BRS2EABDR003,11936000
2026-07-01,2026-05-01,Ações_BDRs_ETFs_FIIs_Units,S2ED34,BRS2EDBDR007,29964000
2026-07-01,2026-05-01,Ações_BDRs_ETFs_FIIs_Units,S2EI34,BRS2EIBDR006,1949000
2026-07-01,2026-05-01,Ações_BDRs_ETFs_FIIs_Units,S2FM34,BRS2FMBDR005,1685000
2026-07-01,2026-05-01,Ações_BDRs_ETFs_FIIs_Units,S2GI34,BRS2GIBDR001,1578000
2026-07-01,2026-05-01,Ações_BDRs_ETFs_FIIs_Units,S2HO34,BRS2HOBDR007,38828000
2026-07-01,2026-05-01,Ações_BDRs_ETFs_FIIs_Units,S2LA34,BRS2LABDR008,5782000
2026-07-01,2026-05-01,Ações_BDRs_ETFs_FIIs_Units,S2MP34,BRS2MPBDR004,5076000
2026-07-01,2026-05-01,Ações_BDRs_ETFs_FIIs_Units,S2NA34,BRS2NABDR004,42553000
2026-07-01,2026-05-01,Ações_BDRs_ETFs_FIIs_Units,S2NW34,BRS2NWBDR008,10898000
2026-07-01,2026-05-01,Ações_BDRs_ETFs_FIIs_Units,S2TA34,BRS2TABDR001,3079000
2026-07-01,2026-05-01,Ações_BDRs_ETFs_FIIs_Units,S2TW34,BRS2TWBDR005,4938000
2026-07-01,2026-05-01,Ações_BDRs_ETFs_FIIs_Units,S2UI34,BRS2UIBDR002,6273000
2026-07-01,2026-05-01,Ações_BDRs_ETFs_FIIs_Units,S2YN34,BRS2YNBDR004,10146000
2026-07-01,2026-05-01,Ações_BDRs_ETFs_FIIs_Units,SANB11,BRSANBCDAM13,8560000
2026-07-01,2026-05-01,Ações_BDRs_ETFs_FIIs_Units,SAPP34,BRSAPPBDR007,246000
2026-07-01,2026-05-01,Ações_BDRs_ETFs_FIIs_Units,SAPR11,BRSAPRCDAM13,4426000
2026-07-01,2026-05-01,Ações_BDRs_ETFs_FIIs_Units,SAPR4,BRSAPRACNPR6,3482000
2026-07-01,2026-05-01,Ações_BDRs_ETFs_FIIs_Units,SAUD3,BRSAUDACNOR9,7098000
2026-07-01,2026-05-01,Ações_BDRs_ETFs_FIIs_Units,SBFG3,BRSBFGACNOR1,5249000
2026-07-01,2026-05-01,Ações_BDRs_ETFs_FIIs_Units,SBSP3,BRSBSPACNOR5,41985000
2026-07-01,2026-05-01,Ações_BDRs_ETFs_FIIs_Units,SBUB34,BRSBUBBDR005,404000
2026-07-01,2026-05-01,Ações_BDRs_ETFs_FIIs_Units,SCHW34,BRSCHWBDR006,3635000
2026-07-01,2026-05-01,Ações_BDRs_ETFs_FIIs_Units,SCVB11,BRSCVBCTF000,2989000
2026-07-01,2026-05-01,Ações_BDRs_ETFs_FIIs_Units,SEER3,BRSEERACNOR5,3050000
2026-07-01,2026-05-01,Ações_BDRs_ETFs_FIIs_Units,SFIXETF11,BRSFIXCTF012,117300
2026-07-01,2026-05-01,Ações_BDRs_ETFs_FIIs_Units,SHLD39,BRSHLDBDR007,4867000
2026-07-01,2026-05-01,Ações_BDRs_ETFs_FIIs_Units,SIMH3,BRSIMHACNOR0,13886000
2026-07-01,2026-05-01,Ações_BDRs_ETFs_FIIs_Units,SIMN34,BRSIMNBDR002,787000
2026-07-01,2026-05-01,Ações_BDRs_ETFs_FIIs_Units,SIVR39,BRSIVRBDR004,1679000
2026-07-01,2026-05-01,Ações_BDRs_ETFs_FIIs_Units,SLBG34,BRSLBGBDR003,1456000
2026-07-01,2026-05-01,Ações_BDRs_ETFs_FIIs_Units,SLCE3,BRSLCEACNOR2,6811000
2026-07-01,2026-05-01,Ações_BDRs_ETFs_FIIs_Units,SLVR11,BRSLVRCTF007,4292000
2026-07-01,2026-05-01,Ações_BDRs_ETFs_FIIs_Units,SMAL11,BRSMALCTF002,6605000
2026-07-01,2026-05-01,Ações_BDRs_ETFs_FIIs_Units,SMFT3,BRSMFTACNOR1,17334000
2026-07-01,2026-05-01,Ações_BDRs_ETFs_FIIs_Units,SMTO3,BRSMTOACNOR3,8566000
2026-07-01,2026-05-01,Ações_BDRs_ETFs_FIIs_Units,SNEC34,BRSNECBDR002,1946000
2026-07-01,2026-05-01,Ações_BDRs_ETFs_FIIs_Units,SOJA3,BRSOJAACNOR9,2804000
2026-07-01,2026-05-01,Ações_BDRs_ETFs_FIIs_Units,SPBZ11,BRSPBZCTF003,1695000
2026-07-01,2026-05-01,Ações_BDRs_ETFs_FIIs_Units,SPGI34,BRSPGIBDR009,3261000
2026-07-01,2026-05-01,Ações_BDRs_ETFs_FIIs_Units,SPVT11,BRSPVTCTF004,367884000
2026-07-01,2026-05-01,Ações_BDRs_ETFs_FIIs_Units,SPXB11,BRSPXBCTF008,13413000
2026-07-01,2026-05-01,Ações_BDRs_ETFs_FIIs_Units,SPXH11,BRSPXHCTF005,627000
2026-07-01,2026-05-01,Ações_BDRs_ETFs_FIIs_Units,SPXI11,BRSPXICTF003,4115000
2026-07-01,2026-05-01,Ações_BDRs_ETFs_FIIs_Units,SPXR11,BRSPXRCTF004,27782000
2026-07-01,2026-05-01,Ações_BDRs_ETFs_FIIs_Units,SPYI11,BRSPYICTF001,2185000
2026-07-01,2026-05-01,Ações_BDRs_ETFs_FIIs_Units,SPYR11,BRSPYRCTF002,874000
2026-07-01,2026-05-01,Ações_BDRs_ETFs_FIIs_Units,SSFO34,BRSSFOBDR003,5109000
2026-07-01,2026-05-01,Ações_BDRs_ETFs_FIIs_Units,STMN34,BRSTMNBDR009,930000
2026-07-01,2026-05-01,Ações_BDRs_ETFs_FIIs_Units,STOC34,BRSTOCBDR024,3432000
2026-07-01,2026-05-01,Ações_BDRs_ETFs_FIIs_Units,STZB34,BRSTZBBDR006,1000000
2026-07-01,2026-05-01,Ações_BDRs_ETFs_FIIs_Units,SUZB3,BRSUZBACNOR0,15695000
2026-07-01,2026-05-01,Ações_BDRs_ETFs_FIIs_Units,SVAL11,BRSVALCTF003,115000
2026-07-01,2026-05-01,Ações_BDRs_ETFs_FIIs_Units,T1AL34,BRT1ALBDR009,18139000
2026-07-01,2026-05-01,Ações_BDRs_ETFs_FIIs_Units,T1AM34,BRT1AMBDR007,12085000
2026-07-01,2026-05-01,Ações_BDRs_ETFs_FIIs_Units,T1CH34,BRT1CHBDR003,23014000
2026-07-01,2026-05-01,Ações_BDRs_ETFs_FIIs_Units,T1DG34,BRT1DGBDR003,1709000
2026-07-01,2026-05-01,Ações_BDRs_ETFs_FIIs_Units,T1EC34,BRT1ECBDR000,560000
2026-07-01,2026-05-01,Ações_BDRs_ETFs_FIIs_Units,T1EL34,BRT1ELBDR001,364000
2026-07-01,2026-05-01,Ações_BDRs_ETFs_FIIs_Units,T1EV34,BRT1EVBDR000,2588000
2026-07-01,2026-05-01,Ações_BDRs_ETFs_FIIs_Units,T1FX34,BRT1FXBDR003,2952000
2026-07-01,2026-05-01,Ações_BDRs_ETFs_FIIs_Units,T1MU34,BRT1MUBDR005,408000
2026-07-01,2026-05-01,Ações_BDRs_ETFs_FIIs_Units,T1OW34,BRT1OWBDR007,5448000
2026-07-01,2026-05-01,Ações_BDRs_ETFs_FIIs_Units,T1RI34,BRT1RIBDR009,1545000
2026-07-01,2026-05-01,Ações_BDRs_ETFs_FIIs_Units,T1RO34,BRT1ROBDR007,838000
2026-07-01,2026-05-01,Ações_BDRs_ETFs_FIIs_Units,T1SC34,BRT1SCBDR000,18957000
2026-07-01,2026-05-01,Ações_BDRs_ETFs_FIIs_Units,T1SO34,BRT1SOBDR005,431000
2026-07-01,2026-05-01,Ações_BDRs_ETFs_FIIs_Units,T1SS34,BRT1SSBDR006,1211000
2026-07-01,2026-05-01,Ações_BDRs_ETFs_FIIs_Units,T1TW34,BRT1TWBDR006,728000
2026-07-01,2026-05-01,Ações_BDRs_ETFs_FIIs_Units,T1WL34,BRT1WLBDR003,6759000
2026-07-01,2026-05-01,Ações_BDRs_ETFs_FIIs_Units,T1XT34,BRT1XTBDR004,558000
2026-07-01,2026-05-01,Ações_BDRs_ETFs_FIIs_Units,T2DH34,BRT2DHBDR009,2591000
2026-07-01,2026-05-01,Ações_BDRs_ETFs_FIIs_Units,T2ER34,BRT2ERBDR006,1805000
2026-07-01,2026-05-01,Ações_BDRs_ETFs_FIIs_Units,T2ND34,BRT2NDBDR007,10641000
2026-07-01,2026-05-01,Ações_BDRs_ETFs_FIIs_Units,T2RE34,BRT2REBDR006,13315000
2026-07-01,2026-05-01,Ações_BDRs_ETFs_FIIs_Units,T2RM34,BRT2RMBDR009,5920000
2026-07-01,2026-05-01,Ações_BDRs_ETFs_FIIs_Units,T2TD34,BRT2TDBDR004,177125000
2026-07-01,2026-05-01,Ações_BDRs_ETFs_FIIs_Units,T2YL34,BRT2YLBDR007,6896000
2026-07-01,2026-05-01,Ações_BDRs_ETFs_FIIs_Units,TAEE11,BRTAEECDAM10,5379000
2026-07-01,2026-05-01,Ações_BDRs_ETFs_FIIs_Units,TAKP34,BRTAKPBDR006,1407000
2026-07-01,2026-05-01,Ações_BDRs_ETFs_FIIs_Units,TBIL39,BRTBILBDR007,1388000
2026-07-01,2026-05-01,Ações_BDRs_ETFs_FIIs_Units,TD35ETF11,BRTD35CTF000,5316500
2026-07-01,2026-05-01,Ações_BDRs_ETFs_FIIs_Units,TD50ETF11,BRTD50CTF009,3467400
2026-07-01,2026-05-01,Ações_BDRs_ETFs_FIIs_Units,TD60ETF11,BRTD60CTF008,586500
2026-07-01,2026-05-01,Ações_BDRs_ETFs_FIIs_Units,TECK11,BRTECKCTF005,2744000
2026-07-01,2026-05-01,Ações_BDRs_ETFs_FIIs_Units,TEND3,BRTENDACNOR4,5900000
2026-07-01,2026-05-01,Ações_BDRs_ETFs_FIIs_Units,TEXA34,BRTEXABDR003,2132000
2026-07-01,2026-05-01,Ações_BDRs_ETFs_FIIs_Units,TFCO4,BRTFCOACNPR8,1724000
2026-07-01,2026-05-01,Ações_BDRs_ETFs_FIIs_Units,TGAR11,BRTGARCTF009,3700
2026-07-01,2026-05-01,Ações_BDRs_ETFs_FIIs_Units,TGTB34,BRTGTBBDR004,310000
2026-07-01,2026-05-01,Ações_BDRs_ETFs_FIIs_Units,THGI34,BRTHGIBDR004,277000
2026-07-01,2026-05-01,Ações_BDRs_ETFs_FIIs_Units,TIMS3,BRTIMSACNOR5,16234000
2026-07-01,2026-05-01,Ações_BDRs_ETFs_FIIs_Units,TIRB11,BRTIRBCTF003,152924000
2026-07-01,2026-05-01,Ações_BDRs_ETFs_FIIs_Units,TJXC34,BRTJXCBDR008,253000
2026-07-01,2026-05-01,Ações_BDRs_ETFs_FIIs_Units,TMCO34,BRTMCOBDR001,2709000
2026-07-01,2026-05-01,Ações_BDRs_ETFs_FIIs_Units,TMOS34,BRTMOSBDR007,4182000
2026-07-01,2026-05-01,Ações_BDRs_ETFs_FIIs_Units,TOPB39,BRTOPBBDR006,578000
2026-07-01,2026-05-01,Ações_BDRs_ETFs_FIIs_Units,TOST34,BRTOSTBDR002,4329000
2026-07-01,2026-05-01,Ações_BDRs_ETFs_FIIs_Units,TOTS3,BRTOTSACNOR8,12559000
2026-07-01,2026-05-01,Ações_BDRs_ETFs_FIIs_Units,TPRY34,BRTPRYBDR001,252000
2026-07-01,2026-05-01,Ações_BDRs_ETFs_FIIs_Units,TRVC34,BRTRVCBDR005,4188000
2026-07-01,2026-05-01,Ações_BDRs_ETFs_FIIs_Units,TRXF11,BRTRXFCTF003,2800
2026-07-01,2026-05-01,Ações_BDRs_ETFs_FIIs_Units,TSLA34,BRTSLABDR008,7931000
2026-07-01,2026-05-01,Ações_BDRs_ETFs_FIIs_Units,TSMC34,BRTSMCBDR002,1023000
2026-07-01,2026-05-01,Ações_BDRs_ETFs_FIIs_Units,TSNF34,BRTSNFBDR003,627000
2026-07-01,2026-05-01,Ações_BDRs_ETFs_FIIs_Units,TTEN3,BRTTENACNOR0,3509000
2026-07-01,2026-05-01,Ações_BDRs_ETFs_FIIs_Units,TUPY3,BRTUPYACNOR1,3821000
2026-07-01,2026-05-01,Ações_BDRs_ETFs_FIIs_Units,U1AI34,BRU1AIBDR002,1634000
2026-07-01,2026-05-01,Ações_BDRs_ETFs_FIIs_Units,U1AL34,BRU1ALBDR006,885000
2026-07-01,2026-05-01,Ações_BDRs_ETFs_FIIs_Units,U1BE34,BRU1BEBDR009,2172000
2026-07-01,2026-05-01,Ações_BDRs_ETFs_FIIs_Units,U1DR34,BRU1DRBDR007,1183000
2026-07-01,2026-05-01,Ações_BDRs_ETFs_FIIs_Units,U1HS34,BRU1HSBDR006,889000
2026-07-01,2026-05-01,Ações_BDRs_ETFs_FIIs_Units,U1LT34,BRU1LTBDR006,1438000
2026-07-01,2026-05-01,Ações_BDRs_ETFs_FIIs_Units,U1NM34,BRU1NMBDR007,497000
2026-07-01,2026-05-01,Ações_BDRs_ETFs_FIIs_Units,U1RI34,BRU1RIBDR006,1136000
2026-07-01,2026-05-01,Ações_BDRs_ETFs_FIIs_Units,U2NF34,BRU2NFBDR009,1823000
2026-07-01,2026-05-01,Ações_BDRs_ETFs_FIIs_Units,U2PS34,BRU2PSBDR007,24368000
2026-07-01,2026-05-01,Ações_BDRs_ETFs_FIIs_Units,U2PW34,BRU2PWBDR009,10199000
2026-07-01,2026-05-01,Ações_BDRs_ETFs_FIIs_Units,U2ST34,BRU2STBDR009,33395000
2026-07-01,2026-05-01,Ações_BDRs_ETFs_FIIs_Units,U2TH34,BRU2THBDR002,1301000
2026-07-01,2026-05-01,Ações_BDRs_ETFs_FIIs_Units,UBSG34,BRUBSGBDR004,982000
2026-07-01,2026-05-01,Ações_BDRs_ETFs_FIIs_Units,UGPA3,BRUGPAACNOR8,16380000
2026-07-01,2026-05-01,Ações_BDRs_ETFs_FIIs_Units,ULEV34,BRULEVBDR002,694000
2026-07-01,2026-05-01,Ações_BDRs_ETFs_FIIs_Units,UNHH34,BRUNHHBDR000,8003000
2026-07-01,2026-05-01,Ações_BDRs_ETFs_FIIs_Units,UNIP6,BRUNIPACNPB8,788000
2026-07-01,2026-05-01,Ações_BDRs_ETFs_FIIs_Units,UPAC34,BRUPACBDR001,648000
2026-07-01,2026-05-01,Ações_BDRs_ETFs_FIIs_Units,UPSS34,BRUPSSBDR009,5963000
2026-07-01,2026-05-01,Ações_BDRs_ETFs_FIIs_Units,USAL11,BRUSALCTF005,15676000
2026-07-01,2026-05-01,Ações_BDRs_ETFs_FIIs_Units,USBC34,BRUSBCBDR003,2817000
2026-07-01,2026-05-01,Ações_BDRs_ETFs_FIIs_Units,USIM5,BRUSIMACNPA6,32803000
2026-07-01,2026-05-01,Ações_BDRs_ETFs_FIIs_Units,USTK11,BRUSTKCTF007,11149000
2026-07-01,2026-05-01,Ações_BDRs_ETFs_FIIs_Units,UTEC11,BRUTECCTF004,8986000
2026-07-01,2026-05-01,Ações_BDRs_ETFs_FIIs_Units,UTLL11,BRUTLLCTF000,48671000
2026-07-01,2026-05-01,Ações_BDRs_ETFs_FIIs_Units,V1IP34,BRV1IPBDR009,2247000
2026-07-01,2026-05-01,Ações_BDRs_ETFs_FIIs_Units,V1MC34,BRV1MCBDR009,8190000
2026-07-01,2026-05-01,Ações_BDRs_ETFs_FIIs_Units,V1NO34,BRV1NOBDR002,912000
2026-07-01,2026-05-01,Ações_BDRs_ETFs_FIIs_Units,V1OD34,BRV1ODBDR003,3769000
2026-07-01,2026-05-01,Ações_BDRs_ETFs_FIIs_Units,V1RS34,BRV1RSBDR004,17361000
2026-07-01,2026-05-01,Ações_BDRs_ETFs_FIIs_Units,V1RT34,BRV1RTBDR002,1259000
2026-07-01,2026-05-01,Ações_BDRs_ETFs_FIIs_Units,V1ST34,BRV1STBDR000,3589000
2026-07-01,2026-05-01,Ações_BDRs_ETFs_FIIs_Units,V1TA34,BRV1TABDR008,958000
2026-07-01,2026-05-01,Ações_BDRs_ETFs_FIIs_Units,V2EE34,BRV2EEBDR000,7347000
2026-07-01,2026-05-01,Ações_BDRs_ETFs_FIIs_Units,V2RN34,BRV2RNBDR003,6794000
2026-07-01,2026-05-01,Ações_BDRs_ETFs_FIIs_Units,VALE3,BRVALEACNOR0,65693000
2026-07-01,2026-05-01,Ações_BDRs_ETFs_FIIs_Units,VAMO3,BRVAMOACNOR7,47962000
2026-07-01,2026-05-01,Ações_BDRs_ETFs_FIIs_Units,VBBR3,BRVBBRACNOR1,22471000
2026-07-01,2026-05-01,Ações_BDRs_ETFs_FIIs_Units,VERZ34,BRVERZBDR008,5080000
2026-07-01,2026-05-01,Ações_BDRs_ETFs_FIIs_Units,VFCO34,BRVFCOBDR001,4121000
2026-07-01,2026-05-01,Ações_BDRs_ETFs_FIIs_Units,VGHF11,BRVGHFCTF005,37100
2026-07-01,2026-05-01,Ações_BDRs_ETFs_FIIs_Units,VGIR11,BRVGIRCTF008,25600
2026-07-01,2026-05-01,Ações_BDRs_ETFs_FIIs_Units,VISA34,BRVISABDR000,2637000
2026-07-01,2026-05-01,Ações_BDRs_ETFs_FIIs_Units,VISC11,BRVISCCTF005,2300
2026-07-01,2026-05-01,Ações_BDRs_ETFs_FIIs_Units,VIVA3,BRVIVAACNOR0,9477000
2026-07-01,2026-05-01,Ações_BDRs_ETFs_FIIs_Units,VIVT3,BRVIVTACNOR0,14017000
2026-07-01,2026-05-01,Ações_BDRs_ETFs_FIIs_Units,VLOE34,BRVLOEBDR005,350000
2026-07-01,2026-05-01,Ações_BDRs_ETFs_FIIs_Units,VLYB34,BRVLYBBDR000,3063000
2026-07-01,2026-05-01,Ações_BDRs_ETFs_FIIs_Units,VRSN34,BRVRSNBDR004,738000
2026-07-01,2026-05-01,Ações_BDRs_ETFs_FIIs_Units,VRTX34,BRVRTXBDR001,366000
2026-07-01,2026-05-01,Ações_BDRs_ETFs_FIIs_Units,VTRU3,BRVTRUACNOR3,1395000
2026-07-01,2026-05-01,Ações_BDRs_ETFs_FIIs_Units,VULC3,BRVULCACNOR2,4148000
2026-07-01,2026-05-01,Ações_BDRs_ETFs_FIIs_Units,VWRA11,BRVWRACTF002,551000
2026-07-01,2026-05-01,Ações_BDRs_ETFs_FIIs_Units,W1AB34,BRW1ABBDR005,312000
2026-07-01,2026-05-01,Ações_BDRs_ETFs_FIIs_Units,W1BD34,BRW1BDBDR009,1485000
2026-07-01,2026-05-01,Ações_BDRs_ETFs_FIIs_Units,W1DA34,BRW1DABDR001,5327000
2026-07-01,2026-05-01,Ações_BDRs_ETFs_FIIs_Units,W1DC34,BRW1DCBDR007,102000
2026-07-01,2026-05-01,Ações_BDRs_ETFs_FIIs_Units,W1EC34,BRW1ECBDR005,687000
2026-07-01,2026-05-01,Ações_BDRs_ETFs_FIIs_Units,W1EL34,BRW1ELBDR006,384000
2026-07-01,2026-05-01,Ações_BDRs_ETFs_FIIs_Units,W1HR34,BRW1HRBDR006,2973000
2026-07-01,2026-05-01,Ações_BDRs_ETFs_FIIs_Units,W1IX34,BRW1IXBDR002,16353000
2026-07-01,2026-05-01,Ações_BDRs_ETFs_FIIs_Units,W1LT34,BRW1LTBDR004,482000
2026-07-01,2026-05-01,Ações_BDRs_ETFs_FIIs_Units,W1MB34,BRW1MBBDR000,565000
2026-07-01,2026-05-01,Ações_BDRs_ETFs_FIIs_Units,W1MC34,BRW1MCBDR008,357000
2026-07-01,2026-05-01,Ações_BDRs_ETFs_FIIs_Units,W1MG34,BRW1MGBDR009,3635000
2026-07-01,2026-05-01,Ações_BDRs_ETFs_FIIs_Units,W1RB34,BRW1RBBDR009,5777000
2026-07-01,2026-05-01,Ações_BDRs_ETFs_FIIs_Units,W1SO34,BRW1SOBDR000,2514000
2026-07-01,2026-05-01,Ações_BDRs_ETFs_FIIs_Units,W1YC34,BRW1YCBDR003,1638000
2026-07-01,2026-05-01,Ações_BDRs_ETFs_FIIs_Units,W1YN34,BRW1YNBDR000,769000
2026-07-01,2026-05-01,Ações_BDRs_ETFs_FIIs_Units,W2EX34,BRW2EXBDR009,3045000
2026-07-01,2026-05-01,Ações_BDRs_ETFs_FIIs_Units,W2ST34,BRW2STBDR007,4541000
2026-07-01,2026-05-01,Ações_BDRs_ETFs_FIIs_Units,W2YF34,BRW2YFBDR004,18214000
2026-07-01,2026-05-01,Ações_BDRs_ETFs_FIIs_Units,WABC34,BRWABCBDR007,426000
2026-07-01,2026-05-01,Ações_BDRs_ETFs_FIIs_Units,WALM34,BRWALMBDR005,4917000
2026-07-01,2026-05-01,Ações_BDRs_ETFs_FIIs_Units,WATC34,BRWATCBDR009,483000
2026-07-01,2026-05-01,Ações_BDRs_ETFs_FIIs_Units,WEGE3,BRWEGEACNOR0,18907000
2026-07-01,2026-05-01,Ações_BDRs_ETFs_FIIs_Units,WEJRETF11,BRWEJRCTF009,2755600
2026-07-01,2026-05-01,Ações_BDRs_ETFs_FIIs_Units,WFCO34,BRWFCOBDR009,1997000
2026-07-01,2026-05-01,Ações_BDRs_ETFs_FIIs_Units,WRLD11,BRWRLDCTF007,1952000
2026-07-01,2026-05-01,Ações_BDRs_ETFs_FIIs_Units,WUNI34,BRWUNIBDR007,3831000
2026-07-01,2026-05-01,Ações_BDRs_ETFs_FIIs_Units,X1EL34,BRX1ELBDR005,992000
2026-07-01,2026-05-01,Ações_BDRs_ETFs_FIIs_Units,X1YL34,BRX1YLBDR003,618000
2026-07-01,2026-05-01,Ações_BDRs_ETFs_FIIs_Units,X1YZ34,BRX1YZBDR003,14184000
2026-07-01,2026-05-01,Ações_BDRs_ETFs_FIIs_Units,XB30ETF11,BRXB30CTF007,293600
2026-07-01,2026-05-01,Ações_BDRs_ETFs_FIIs_Units,XB35ETF11,BRXB35CTF006,512900
2026-07-01,2026-05-01,Ações_BDRs_ETFs_FIIs_Units,XB45ETF11,BRXB45CTF005,146800
2026-07-01,2026-05-01,Ações_BDRs_ETFs_FIIs_Units,XB50ETF11,BRXB50CTF005,465000
2026-07-01,2026-05-01,Ações_BDRs_ETFs_FIIs_Units,XB60ETF11,BRXB60CTF004,97800
2026-07-01,2026-05-01,Ações_BDRs_ETFs_FIIs_Units,XBOV11,BRXBOVCTF005,21522000
2026-07-01,2026-05-01,Ações_BDRs_ETFs_FIIs_Units,XINA11,BRXINACTF006,29059000
2026-07-01,2026-05-01,Ações_BDRs_ETFs_FIIs_Units,XPBR31,BRXPBRBDR001,4894000
2026-07-01,2026-05-01,Ações_BDRs_ETFs_FIIs_Units,XPLG11,BRXPLGCTF002,2500
2026-07-01,2026-05-01,Ações_BDRs_ETFs_FIIs_Units,XPML11,BRXPMLCTF000,2200
2026-07-01,2026-05-01,Ações_BDRs_ETFs_FIIs_Units,XRAY34,BRXRAYBDR005,2069000
2026-07-01,2026-05-01,Ações_BDRs_ETFs_FIIs_Units,Y2PF34,BRY2PFBDR000,769000
2026-07-01,2026-05-01,Ações_BDRs_ETFs_FIIs_Units,YDUQ3,BRYDUQACNOR3,9866000
2026-07-01,2026-05-01,Ações_BDRs_ETFs_FIIs_Units,YUMR34,BRYUMRBDR006,481000
2026-07-01,2026-05-01,Ações_BDRs_ETFs_FIIs_Units,Z1BH34,BRZ1BHBDR007,1668000
2026-07-01,2026-05-01,Ações_BDRs_ETFs_FIIs_Units,Z1BR34,BRZ1BRBDR006,5406000
2026-07-01,2026-05-01,Ações_BDRs_ETFs_FIIs_Units,Z1IO34,BRZ1IOBDR008,650000
2026-07-01,2026-05-01,Ações_BDRs_ETFs_FIIs_Units,Z1OM34,BRZ1OMBDR000,11063000
2026-07-01,2026-05-01,Ações_BDRs_ETFs_FIIs_Units,Z1TA34,BRZ1TABDR004,4657000
2026-07-01,2026-05-01,Ações_BDRs_ETFs_FIIs_Units,Z1TO34,BRZ1TOBDR005,3220000
2026-07-01,2026-05-01,Ações_BDRs_ETFs_FIIs_Units,Z1TS34,BRZ1TSBDR006,5578000
2026-07-01,2026-05-01,Ações_BDRs_ETFs_FIIs_Units,Z2DV34,BRZ2DVBDR002,3815000
2026-07-01,2026-05-01,Ações_BDRs_ETFs_FIIs_Units,Z2IT34,BRZ2ITBDR005,38964000
2026-07-01,2026-05-01,Ações_BDRs_ETFs_FIIs_Units,Z2LL34,BRZ2LLBDR006,11204000
2026-07-01,2026-05-01,Ações_BDRs_ETFs_FIIs_Units,Z2LL35,BRZ2LLBDR014,1927000
2026-07-01,2026-05-01,Ações_BDRs_ETFs_FIIs_Units,Z2SC34,BRZ2SCBDR000,8977000
2026-07-01,2026-05-01,ADR,ELET3 BZ,US15234Q2075,6687000
2026-07-01,2026-05-01,ADR,GGBR4 BZ,US3737371050,49449000
2026-07-01,2026-05-01,ADR,PETR4 BZ,US71654V1017,31339000
2026-07-01,2026-05-01,ADR,BBDC4 BZ,US0594603039,112211000
2026-07-01,2026-05-01,ADR,ABEV3 BZ,US02319V1035,72629000
2026-07-01,2026-05-01,ADR,ITUB4 BZ,US4655621062,72885000
2026-07-01,2026-05-01,ADR,VALE3 BZ,US91912E1055,92798000
2026-07-01,2026-05-01,ADR,BBDC3 BZ,US0594604029,156000
2026-07-01,2026-05-01,ADR,SANB11 BZ,US05967A1079,2594000
2026-07-01,2026-05-01,ADR,BRFS3 BZ,US10552T1079,6433000
2026-07-01,2026-05-01,ADR,ELET6 BZ,US15234Q1085,42000
2026-07-01,2026-05-01,ADR,SBSP3 BZ,US20441A1025,4058000
2026-07-01,2026-05-01,ADR,CMIG4 BZ,US2044096012,15547000
2026-07-01,2026-05-01,ADR,CSNA3 BZ,US20440W1053,14315000
2026-07-01,2026-05-01,ADR,EMBR3 BZ,US29082A1079,3171000
2026-07-01,2026-05-01,ADR,PETR3 BZ,US71654V4086,78767000
2026-07-01,2026-05-01,ADR,UGPA3 BZ,US90400P1012,6386000
2026-07-01,2026-05-01,ADR,TIMS3 BZ,US88706T1088,1143000
2026-07-01,2026-05-01,ADR,VIVT3 BZ,US87936R2058,2619000
2026-07-01,2026-05-01,ADR,TSLA,US88160R1014,1069000
2026-07-01,2026-05-01,ADR,NVDA,US67066G1040,1932000
2026-07-01,2026-05-01,ADR,AAPL,US0378331005,1485000
2026-07-01,2026-05-01,ADR,MSFT,US5949181045,948000
2026-07-01,2026-05-01,ADR,AMZN,US0231351067,1524000
2026-07-01,2026-05-01,ADR,GOOGL,US02079K1079,1168000
2026-07-01,2026-05-01,ADR,META,US30303M1027,596000
2026-07-01,2026-05-01,ADR,AXIA7 BZ,US15236F1003,2006100
2026-07-01,2026-05-01,DEB,TIMS12,BRTIMSDBS007,63000
2026-07-01,2026-05-01,DEB,SUZBA0,BRSUZBDBS077,94200
2026-07-01,2026-05-01,DEB,RDORD9,BRRDORDBS0K9,47600
2026-07-01,2026-05-01,DEB,RDORC9,BRRDORDBS0C6,72200
2026-07-01,2026-05-01,DEB,RDORC3,BRRDORDBS0F9,28800
2026-07-01,2026-05-01,DEB,RDORB9,BRRDORDBS0A0,100000
2026-07-01,2026-05-01,DEB,PETR26,BRPETRDBS092,61100
2026-07-01,2026-05-01,DEB,TRPLA4,BRISAEDBS046,36000
2026-07-01,2026-05-01,DEB,TRPLB4,BRISAEDBS053,51500
2026-07-01,2026-05-01,DEB,LCAMD1,BRRENTDBS162,47900
2026-07-01,2026-05-01,DEB,LORTA7,BRRENTDBS0K7,52300
2026-07-01,2026-05-01,DEB,LORTB2,BRRENTDBS0P6,100000
2026-07-01,2026-05-01,DEB,MRFGA1,BRMRFGDBS051,35300
2026-07-01,2026-05-01,DEB,RDORD3,BRRDORDBS0Q6,92300
2026-07-01,2026-05-01,DEB,CGASA2,BRCGASDBS0G6,27000
2026-07-01,2026-05-01,DEB,RENTD1,BRRENTDBS1D0,30900
2026-07-01,2026-05-01,DEB,RENTA5,BRRENTDBS0S0,71600
2026-07-01,2026-05-01,DEB,KLBNA5,BRKLBNDBS087,74800
2026-07-01,2026-05-01,DEB,SBSPE3,BRSBSPDBS213,62500
2026-07-01,2026-05-01,DEB,SBSPF3,BRSBSPDBS221,59600
2026-07-01,2026-05-01,DEB,VALEA0,BRVALEDBS002,100000
2026-07-01,2026-05-01,DEB,PFOR25,BRPFORDBS017,19900
2026-07-01,2026-05-01,DEB,PFOR15,BRPFORDBS009,39600
2026-07-01,2026-05-01,DEB,PALFB6,BRPALFDBS0M7,36500
2026-07-01,2026-05-01,DEB,VALEB0,BRVALEDBS0B3,81700
2026-07-01,2026-05-01,DEB,VALEC0,BRVALEDBS0C1,56700
2026-07-01,2026-05-01,DEB,EGIEA4,BREGIEDBS0M0,41600
2026-07-01,2026-05-01,DEB,EGIEB4,BREGIEDBS0N8,42600
2026-07-01,2026-05-01,DEB,ISAEA8,BRISAEDBS0H0,22700
2026-07-01,2026-05-01,DEB,ISAEB8,BRISAEDBS0K4,41200
2026-07-01,2026-05-01,DEB,RDORC4,BRRDORDBS0R4,100000
2026-07-01,2026-05-01,DEB,RDORD4,BRRDORDBS0S2,74400
2026-07-01,2026-05-01,DEB,IOCHA3,BRMYPKDBS0C2,34500
2026-07-01,2026-05-01,DEB,IOCHA4,BRMYPKDBS0D0,34900
2026-07-01,2026-05-01,DEB,CEPEA6,BRCEPEDBS0R4,32500
2026-07-01,2026-05-01,DEB,AURE13,BRAUREDBS027,100000
2026-07-01,2026-05-01,DEB,AURP12,BRAURPDBS023,90600
2026-07-01,2026-05-01,DEB,ALUP18,BRALUPDBS0C9,40000
2026-07-01,2026-05-01,DEB,CPLD29,BRCPLDDBS0F1,69900
2026-07-01,2026-05-01,DEB,SUZBB1,BRSUZBDBS093,100000
2026-07-01,2026-05-01,DEB,RDORE4,BRRDORDBS0T0,82100
2026-07-01,2026-05-01,DEB,TRPLB7,BRISAEDBS0C1,35200
2026-07-01,2026-05-01,DEB,VALEB1,BRVALEDBS0D9,92700
2026-07-01,2026-05-01,DEB,VALEC1,BRVALEDBS0E7,96700
2026-07-01,2026-05-01,DEB,VALED1,BRVALEDBS0F4,95600
2026-07-01,2026-05-01,DEB,ISAEA9,BRISAEDBS0L2,27100
2026-07-01,2026-05-01,DEB,PETR28,BRPETRDBS0F5,38400
2026-07-01,2026-05-01,DEB,EGIEB5,BREGIEDBS0P3,69300
2026-07-01,2026-05-01,DEB,VBBR15,BRVBBRDBS037,68900
2026-07-01,2026-05-01,DEB,VBBR24,BRVBBRDBS029,36700
2026-07-01,2026-05-01,DEB,VBBR18,BRVBBRDBS078,96800
2026-07-01,2026-05-01,DEB,TAEEB8,BRTAEEDBS134,18100
2026-07-01,2026-05-01,DEB,PFOR16,BRPFORDBS025,96900
2026-07-01,2026-05-01,DEB,PFOR26,BRPFORDBS033,48400
2026-07-01,2026-05-01,DEB,CGASB1,BRCGASDBS0F8,35400
2026-07-01,2026-05-01,DEB,RENTE4,BRRENTDBS1H1,88300
2026-07-01,2026-05-01,DEB,CEPEA7,BRCEPEDBS0S2,14800
2026-07-01,2026-05-01,DEB,LCAMD3,BRRENTDBS154,22100
2026-07-01,2026-05-01,DEB,EKTRB3,BREKTRDBS0T1,13900
2026-07-01,2026-05-01,DEB,SUZB19,BRSUZBDBS051,22000
2026-07-01,2026-05-01,DEB,CEEBD1,BRCEEBDBS120,100000
2026-07-01,2026-05-01,DEB,CEEBD2,BRCEEBDBS138,61800
2026-07-01,2026-05-01,DEB,VBBR26,BRVBBRDBS052,34500
2026-07-01,2026-05-01,DEB,TRPLA7,BRISAEDBS0B3,45200
2026-07-01,2026-05-01,DEB,NEOE16,BRNEOEDBS047,26500
2026-07-01,2026-05-01,DEB,PETR27,BRPETRDBS0C2,61400
2026-07-17,2026-07-01,Ações_BDRs_ETFs_FIIs_Units,TIRB11,BRTIRBCTF003,161535000
2026-07-22,2026-07-01,Ações_BDRs_ETFs_FIIs_Units,NSAT34,BRNSATBDR004,1760000
2026-07-28,2026-07-01,Ações_BDRs_ETFs_FIIs_Units,BBCN39,BRBBCNBDR004,783000
2026-07-28,2026-07-01,Ações_BDRs_ETFs_FIIs_Units,BBER39,BRBBERBDR001,1017000
2026-07-28,2026-07-01,Ações_BDRs_ETFs_FIIs_Units,BJQU39,BRBJQUBDR002,1158000
2026-08-03,2026-06-01,Ações_BDRs_ETFs_FIIs_Units,3PREETF11,BR3PRECTF003,98000
2026-08-03,2026-06-01,Ações_BDRs_ETFs_FIIs_Units,5PREETF11,BR5PRECTF008,1120700
2026-08-03,2026-06-01,Ações_BDRs_ETFs_FIIs_Units,A1AP34,BRA1APBDR001,11160000
2026-08-03,2026-06-01,Ações_BDRs_ETFs_FIIs_Units,A1CR34,BRA1CRBDR003,1036000
2026-08-03,2026-06-01,Ações_BDRs_ETFs_FIIs_Units,A1DC34,BRA1DCBDR003,4233000
2026-08-03,2026-06-01,Ações_BDRs_ETFs_FIIs_Units,A1DI34,BRA1DIBDR000,190000
2026-08-03,2026-06-01,Ações_BDRs_ETFs_FIIs_Units,A1DM34,BRA1DMBDR002,496000
2026-08-03,2026-06-01,Ações_BDRs_ETFs_FIIs_Units,A1EE34,BRA1EEBDR007,742000
2026-08-03,2026-06-01,Ações_BDRs_ETFs_FIIs_Units,A1EG34,BRA1EGBDR002,2529000
2026-08-03,2026-06-01,Ações_BDRs_ETFs_FIIs_Units,A1EN34,BRA1ENBDR008,554000
2026-08-03,2026-06-01,Ações_BDRs_ETFs_FIIs_Units,A1EP34,BRA1EPBDR003,615000
2026-08-03,2026-06-01,Ações_BDRs_ETFs_FIIs_Units,A1ES34,BRA1ESBDR007,2697000
2026-08-03,2026-06-01,Ações_BDRs_ETFs_FIIs_Units,A1FL34,BRA1FLBDR009,338000
2026-08-03,2026-06-01,Ações_BDRs_ETFs_FIIs_Units,A1GI34,BRA1GIBDR003,708000
2026-08-03,2026-06-01,Ações_BDRs_ETFs_FIIs_Units,A1GN34,BRA1GNBDR003,521000
2026-08-03,2026-06-01,Ações_BDRs_ETFs_FIIs_Units,A1HR34,BRA1HRBDR002,2348000
2026-08-03,2026-06-01,Ações_BDRs_ETFs_FIIs_Units,A1JG34,BRA1JGBDR001,357000
2026-08-03,2026-06-01,Ações_BDRs_ETFs_FIIs_Units,A1KA34,BRA1KABDR002,3304000
2026-08-03,2026-06-01,Ações_BDRs_ETFs_FIIs_Units,A1LB34,BRA1LBBDR008,5314000
2026-08-03,2026-06-01,Ações_BDRs_ETFs_FIIs_Units,A1LG34,BRA1LGBDR007,973000
2026-08-03,2026-06-01,Ações_BDRs_ETFs_FIIs_Units,A1LK34,BRA1LKBDR009,980000
2026-08-03,2026-06-01,Ações_BDRs_ETFs_FIIs_Units,A1LL34,BRA1LLBDR007,1095000
2026-08-03,2026-06-01,Ações_BDRs_ETFs_FIIs_Units,A1LN34,BRA1LNBDR003,2763000
2026-08-03,2026-06-01,Ações_BDRs_ETFs_FIIs_Units,A1MD34,BRA1MDBDR002,760000
2026-08-03,2026-06-01,Ações_BDRs_ETFs_FIIs_Units,A1ME34,BRA1MEBDR000,4189000
2026-08-03,2026-06-01,Ações_BDRs_ETFs_FIIs_Units,A1MP34,BRA1MPBDR006,356000
2026-08-03,2026-06-01,Ações_BDRs_ETFs_FIIs_Units,A1MT34,BRA1MTBDR008,886000
2026-08-03,2026-06-01,Ações_BDRs_ETFs_FIIs_Units,A1NE34,BRA1NEBDR008,1009000
2026-08-03,2026-06-01,Ações_BDRs_ETFs_FIIs_Units,A1ON34,BRA1ONBDR007,497000
2026-08-03,2026-06-01,Ações_BDRs_ETFs_FIIs_Units,A1OS34,BRA1OSBDR006,684000
2026-08-03,2026-06-01,Ações_BDRs_ETFs_FIIs_Units,A1PA34,BRA1PABDR001,965000
2026-08-03,2026-06-01,Ações_BDRs_ETFs_FIIs_Units,A1PD34,BRA1PDBDR005,555000
2026-08-03,2026-06-01,Ações_BDRs_ETFs_FIIs_Units,A1PH34,BRA1PHBDR006,558000
2026-08-03,2026-06-01,Ações_BDRs_ETFs_FIIs_Units,A1PL34,BRA1PLBDR008,812000
2026-08-03,2026-06-01,Ações_BDRs_ETFs_FIIs_Units,A1PO34,BRA1POBDR002,4561000
2026-08-03,2026-06-01,Ações_BDRs_ETFs_FIIs_Units,A1PP34,BRA1PPBDR009,2214000
2026-08-03,2026-06-01,Ações_BDRs_ETFs_FIIs_Units,A1RE34,BRA1REBDR009,3190000
2026-08-03,2026-06-01,Ações_BDRs_ETFs_FIIs_Units,A1RG34,BRA1RGBDR004,1195000
2026-08-03,2026-06-01,Ações_BDRs_ETFs_FIIs_Units,A1SN34,BRA1SNBDR008,2582000
2026-08-03,2026-06-01,Ações_BDRs_ETFs_FIIs_Units,A1SU34,BRA1SUBDR003,617000
2026-08-03,2026-06-01,Ações_BDRs_ETFs_FIIs_Units,A1TM34,BRA1TMBDR008,455000
2026-08-03,2026-06-01,Ações_BDRs_ETFs_FIIs_Units,A1TT34,BRA1TTBDR003,4545000
2026-08-03,2026-06-01,Ações_BDRs_ETFs_FIIs_Units,A1UT34,BRA1UTBDR001,664000
2026-08-03,2026-06-01,Ações_BDRs_ETFs_FIIs_Units,A1VB34,BRA1VBBDR007,839000
2026-08-03,2026-06-01,Ações_BDRs_ETFs_FIIs_Units,A1VY34,BRA1VYBDR009,493000
2026-08-03,2026-06-01,Ações_BDRs_ETFs_FIIs_Units,A1WK34,BRA1WKBDR006,1266000
2026-08-03,2026-06-01,Ações_BDRs_ETFs_FIIs_Units,A1ZN34,BRA1ZNBDR003,1277000
2026-08-03,2026-06-01,Ações_BDRs_ETFs_FIIs_Units,A2LC34,BRA2LCBDR004,5904000
2026-08-03,2026-06-01,Ações_BDRs_ETFs_FIIs_Units,A2MB34,BRA2MBBDR004,6362000
2026-08-03,2026-06-01,Ações_BDRs_ETFs_FIIs_Units,A2RE34,BRA2REBDR007,3377000
2026-08-03,2026-06-01,Ações_BDRs_ETFs_FIIs_Units,A2RR34,BRA2RRBDR009,4197000
2026-08-03,2026-06-01,Ações_BDRs_ETFs_FIIs_Units,A2RW34,BRA2RWBDR009,4073000
2026-08-03,2026-06-01,Ações_BDRs_ETFs_FIIs_Units,A2SO34,BRA2SOBDR004,2838000
2026-08-03,2026-06-01,Ações_BDRs_ETFs_FIIs_Units,A2XO34,BRA2XOBDR004,1848000
2026-08-03,2026-06-01,Ações_BDRs_ETFs_FIIs_Units,A2ZT34,BRA2ZTBDR008,5400000
2026-08-03,2026-06-01,Ações_BDRs_ETFs_FIIs_Units,AALL34,BRAALLBDR003,2657000
2026-08-03,2026-06-01,Ações_BDRs_ETFs_FIIs_Units,AAPL34,BRAAPLBDR004,3265000
2026-08-03,2026-06-01,Ações_BDRs_ETFs_FIIs_Units,ABBV34,BRABBVBDR001,2947000
2026-08-03,2026-06-01,Ações_BDRs_ETFs_FIIs_Units,ABCB4,BRABCBACNPR4,1883000
2026-08-03,2026-06-01,Ações_BDRs_ETFs_FIIs_Units,ABEV3,BRABEVACNOR1,69093000
2026-08-03,2026-06-01,Ações_BDRs_ETFs_FIIs_Units,ABGD39,BRABGDBDR008,1869000
2026-08-03,2026-06-01,Ações_BDRs_ETFs_FIIs_Units,ABTT34,BRABTTBDR007,5519000
2026-08-03,2026-06-01,Ações_BDRs_ETFs_FIIs_Units,ABUD34,BRABUDBDR009,2883000
2026-08-03,2026-06-01,Ações_BDRs_ETFs_FIIs_Units,ACNB34,BRACNBBDR006,222000
2026-08-03,2026-06-01,Ações_BDRs_ETFs_FIIs_Units,ACWI11,BRACWICTF001,13110000
2026-08-03,2026-06-01,Ações_BDRs_ETFs_FIIs_Units,ADBE34,BRADBEBDR003,8333000
2026-08-03,2026-06-01,Ações_BDRs_ETFs_FIIs_Units,ADPR34,BRADPRBDR005,4366000
2026-08-03,2026-06-01,Ações_BDRs_ETFs_FIIs_Units,AIGB34,BRAIGBBDR007,520000
2026-08-03,2026-06-01,Ações_BDRs_ETFs_FIIs_Units,AIRB34,BRAIRBBDR004,6000000
2026-08-03,2026-06-01,Ações_BDRs_ETFs_FIIs_Units,ALOS3,BRALOSACNOR5,13994000
2026-08-03,2026-06-01,Ações_BDRs_ETFs_FIIs_Units,ALPA4,BRALPAACNPR7,6269000
2026-08-03,2026-06-01,Ações_BDRs_ETFs_FIIs_Units,ALUG11,BRALUGCTF000,4984000
2026-08-03,2026-06-01,Ações_BDRs_ETFs_FIIs_Units,ALUP11,BRALUPCDAM15,2498000
2026-08-03,2026-06-01,Ações_BDRs_ETFs_FIIs_Units,AMGN34,BRAMGNBDR004,3251000
2026-08-03,2026-06-01,Ações_BDRs_ETFs_FIIs_Units,AMLG34,BRAMLGBDR008,60790000
2026-08-03,2026-06-01,Ações_BDRs_ETFs_FIIs_Units,AMZO34,BRAMZOBDR002,4611000
2026-08-03,2026-06-01,Ações_BDRs_ETFs_FIIs_Units,ANIM3,BRANIMACNOR6,20900000
2026-08-03,2026-06-01,Ações_BDRs_ETFs_FIIs_Units,APTV34,BRAPTVBDR003,1441000
2026-08-03,2026-06-01,Ações_BDRs_ETFs_FIIs_Units,AREAETF11,BRAREACTF004,280900
2026-08-03,2026-06-01,Ações_BDRs_ETFs_FIIs_Units,ARMT34,BRARMTBDR008,1157000
2026-08-03,2026-06-01,Ações_BDRs_ETFs_FIIs_Units,ARNC34,BRARNCBDR002,153000
2026-08-03,2026-06-01,Ações_BDRs_ETFs_FIIs_Units,ASAI3,BRASAIACNOR0,36661000
2026-08-03,2026-06-01,Ações_BDRs_ETFs_FIIs_Units,ASML34,BRASMLBDR003,1392000
2026-08-03,2026-06-01,Ações_BDRs_ETFs_FIIs_Units,ATTB34,BRATTBBDR007,4784000
2026-08-03,2026-06-01,Ações_BDRs_ETFs_FIIs_Units,AUAU3,BRAUAUACNOR1,10603000
2026-08-03,2026-06-01,Ações_BDRs_ETFs_FIIs_Units,AUPOETF11,BRAUPOCTF005,2615200
2026-08-03,2026-06-01,Ações_BDRs_ETFs_FIIs_Units,AURA33,BRAURABDR001,2876000
2026-08-03,2026-06-01,Ações_BDRs_ETFs_FIIs_Units,AURE3,BRAUREACNOR9,9731000
2026-08-03,2026-06-01,Ações_BDRs_ETFs_FIIs_Units,AUVP11,BRAUVPCTF000,88114000
2026-08-03,2026-06-01,Ações_BDRs_ETFs_FIIs_Units,AVGO34,BRAVGOBDR003,7114000
2026-08-03,2026-06-01,Ações_BDRs_ETFs_FIIs_Units,AWII34,BRAWIIBDR009,231000
2026-08-03,2026-06-01,Ações_BDRs_ETFs_FIIs_Units,AXIA3,BRAXIAACNOR0,27851000
2026-08-03,2026-06-01,Ações_BDRs_ETFs_FIIs_Units,AXIA7,BRAXIAACNPC9,8355300
2026-08-03,2026-06-01,Ações_BDRs_ETFs_FIIs_Units,AXPB34,BRAXPBBDR007,1266000
2026-08-03,2026-06-01,Ações_BDRs_ETFs_FIIs_Units,AZOI34,BRAZOIBDR000,2886000
2026-08-03,2026-06-01,Ações_BDRs_ETFs_FIIs_Units,AZZA3,BRAZZAACNOR9,8926000
2026-08-03,2026-06-01,Ações_BDRs_ETFs_FIIs_Units,B1AM34,BRB1AMBDR007,3451000
2026-08-03,2026-06-01,Ações_BDRs_ETFs_FIIs_Units,B1AX34,BRB1AXBDR004,4000000
2026-08-03,2026-06-01,Ações_BDRs_ETFs_FIIs_Units,B1BT34,BRB1BTBDR000,826000
2026-08-03,2026-06-01,Ações_BDRs_ETFs_FIIs_Units,B1BW34,BRB1BWBDR012,8025000
2026-08-03,2026-06-01,Ações_BDRs_ETFs_FIIs_Units,B1CS34,BRB1CSBDR000,1607000
2026-08-03,2026-06-01,Ações_BDRs_ETFs_FIIs_Units,B1DX34,BRB1DXBDR008,1400000
2026-08-03,2026-06-01,Ações_BDRs_ETFs_FIIs_Units,B1FC34,BRB1FCBDR007,1538000
2026-08-03,2026-06-01,Ações_BDRs_ETFs_FIIs_Units,B1IL34,BRB1ILBDR002,8271000
2026-08-03,2026-06-01,Ações_BDRs_ETFs_FIIs_Units,B1KR34,BRB1KRBDR005,600000
2026-08-03,2026-06-01,Ações_BDRs_ETFs_FIIs_Units,B1LL34,BRB1LLBDR006,1411000
2026-08-03,2026-06-01,Ações_BDRs_ETFs_FIIs_Units,B1ME34,BRB1MEBDR009,2690000
2026-08-03,2026-06-01,Ações_BDRs_ETFs_FIIs_Units,B1MR34,BRB1MRBDR001,1508000
2026-08-03,2026-06-01,Ações_BDRs_ETFs_FIIs_Units,B1NT34,BRB1NTBDR005,6468000
2026-08-03,2026-06-01,Ações_BDRs_ETFs_FIIs_Units,B1PP34,BRB1PPBDR008,3793000
2026-08-03,2026-06-01,Ações_BDRs_ETFs_FIIs_Units,B1RF34,BRB1RFBDR005,1049000
2026-08-03,2026-06-01,Ações_BDRs_ETFs_FIIs_Units,B1SA34,BRB1SABDR004,390000
2026-08-03,2026-06-01,Ações_BDRs_ETFs_FIIs_Units,B1SX34,BRB1SXBDR006,783000
2026-08-03,2026-06-01,Ações_BDRs_ETFs_FIIs_Units,B1TI34,BRB1TIBDR005,3083000
2026-08-03,2026-06-01,Ações_BDRs_ETFs_FIIs_Units,B1WA34,BRB1WABDR006,598000
2026-08-03,2026-06-01,Ações_BDRs_ETFs_FIIs_Units,B1ZE34,BRB1ZEBDR001,3180000
2026-08-03,2026-06-01,Ações_BDRs_ETFs_FIIs_Units,B2AH34,BRB2AHBDR005,4905000
2026-08-03,2026-06-01,Ações_BDRs_ETFs_FIIs_Units,B2AP34,BRB2APBDR008,1370000
2026-08-03,2026-06-01,Ações_BDRs_ETFs_FIIs_Units,B2HI34,BRB2HIBDR008,200016000
2026-08-03,2026-06-01,Ações_BDRs_ETFs_FIIs_Units,B2LN34,BRB2LNBDR000,9077000
2026-08-03,2026-06-01,Ações_BDRs_ETFs_FIIs_Units,B2RK34,BRB2RKBDR003,8900000
2026-08-03,2026-06-01,Ações_BDRs_ETFs_FIIs_Units,B2UR34,BRB2URBDR002,3956000
2026-08-03,2026-06-01,Ações_BDRs_ETFs_FIIs_Units,B2YN34,BRB2YNBDR003,15558000
2026-08-03,2026-06-01,Ações_BDRs_ETFs_FIIs_Units,B3BR11,BRB3BRCTF009,17749000
2026-08-03,2026-06-01,Ações_BDRs_ETFs_FIIs_Units,B5MBETF11,BRB5MBCTF005,4417200
2026-08-03,2026-06-01,Ações_BDRs_ETFs_FIIs_Units,B5P2ETF11,BRB5P2CTF001,16637100
2026-08-03,2026-06-01,Ações_BDRs_ETFs_FIIs_Units,BAAX39,BRBAAXBDR009,3355000
2026-08-03,2026-06-01,Ações_BDRs_ETFs_FIIs_Units,BABA34,BRBABABDR005,9484000
2026-08-03,2026-06-01,Ações_BDRs_ETFs_FIIs_Units,BACW39,BRBACWBDR007,2557000
2026-08-03,2026-06-01,Ações_BDRs_ETFs_FIIs_Units,BAER39,BRBAERBDR003,3434000
2026-08-03,2026-06-01,Ações_BDRs_ETFs_FIIs_Units,BAIR39,BRBAIRBDR004,2443000
2026-08-03,2026-06-01,Ações_BDRs_ETFs_FIIs_Units,BARY39,BRBARYBDR001,493000
2026-08-03,2026-06-01,Ações_BDRs_ETFs_FIIs_Units,BBAS3,BRBBASACNOR3,63197000
2026-08-03,2026-06-01,Ações_BDRs_ETFs_FIIs_Units,BBCN39,BRBBCNBDR004,798000
2026-08-03,2026-06-01,Ações_BDRs_ETFs_FIIs_Units,BBDC3,BRBBDCACNOR1,17304000
2026-08-03,2026-06-01,Ações_BDRs_ETFs_FIIs_Units,BBDC4,BRBBDCACNPR8,84477000
2026-08-03,2026-06-01,Ações_BDRs_ETFs_FIIs_Units,BBER39,BRBBERBDR001,1073000
2026-08-03,2026-06-01,Ações_BDRs_ETFs_FIIs_Units,BBJP39,BRBBJPBDR004,2687000
2026-08-03,2026-06-01,Ações_BDRs_ETFs_FIIs_Units,BBOV11,BRBBOVCTF001,39548000
2026-08-03,2026-06-01,Ações_BDRs_ETFs_FIIs_Units,BBSD11,BRBBSDCTF000,8841000
2026-08-03,2026-06-01,Ações_BDRs_ETFs_FIIs_Units,BBSE3,BRBBSEACNOR5,14131000
2026-08-03,2026-06-01,Ações_BDRs_ETFs_FIIs_Units,BBUG39,BRBBUGBDR000,1190000
2026-08-03,2026-06-01,Ações_BDRs_ETFs_FIIs_Units,BBUS39,BRBBUSBDR005,1243000
2026-08-03,2026-06-01,Ações_BDRs_ETFs_FIIs_Units,BBYY34,BRBBYYBDR005,616000
2026-08-03,2026-06-01,Ações_BDRs_ETFs_FIIs_Units,BCHI39,BRBCHIBDR001,5715000
2026-08-03,2026-06-01,Ações_BDRs_ETFs_FIIs_Units,BCIR39,BRBCIRBDR000,2431000
2026-08-03,2026-06-01,Ações_BDRs_ETFs_FIIs_Units,BCPX39,BRBCPXBDR003,4713000
2026-08-03,2026-06-01,Ações_BDRs_ETFs_FIIs_Units,BCSA34,BRBCSABDR005,3148000
2026-08-03,2026-06-01,Ações_BDRs_ETFs_FIIs_Units,BDEF11,BRBDEFCTF001,5443000
2026-08-03,2026-06-01,Ações_BDRs_ETFs_FIIs_Units,BDVY39,BRBDVYBDR007,1893000
2026-08-03,2026-06-01,Ações_BDRs_ETFs_FIIs_Units,BEEF3,BRBEEFACNOR6,43255000
2026-08-03,2026-06-01,Ações_BDRs_ETFs_FIIs_Units,BEEM39,BRBEEMBDR006,3573000
2026-08-03,2026-06-01,Ações_BDRs_ETFs_FIIs_Units,BEFA39,BRBEFABDR008,3020000
2026-08-03,2026-06-01,Ações_BDRs_ETFs_FIIs_Units,BEFG39,BRBEFGBDR005,3257000
2026-08-03,2026-06-01,Ações_BDRs_ETFs_FIIs_Units,BEFV39,BRBEFVBDR004,2992000
2026-08-03,2026-06-01,Ações_BDRs_ETFs_FIIs_Units,BEGD39,BRBEGDBDR000,1195000
2026-08-03,2026-06-01,Ações_BDRs_ETFs_FIIs_Units,BEGE39,BRBEGEBDR008,2277000
2026-08-03,2026-06-01,Ações_BDRs_ETFs_FIIs_Units,BEGU39,BRBEGUBDR004,2176000
2026-08-03,2026-06-01,Ações_BDRs_ETFs_FIIs_Units,BEMC39,BRBEMCBDR000,1975000
2026-08-03,2026-06-01,Ações_BDRs_ETFs_FIIs_Units,BEMV39,BRBEMVBDR000,697000
2026-08-03,2026-06-01,Ações_BDRs_ETFs_FIIs_Units,BERK34,BRBERKBDR002,1794000
2026-08-03,2026-06-01,Ações_BDRs_ETFs_FIIs_Units,BEST11,BRBESTCTF000,15944000
2026-08-03,2026-06-01,Ações_BDRs_ETFs_FIIs_Units,BEUF39,BRBEUFBDR006,1129000
2026-08-03,2026-06-01,Ações_BDRs_ETFs_FIIs_Units,BEUR39,BRBEURBDR001,1286000
2026-08-03,2026-06-01,Ações_BDRs_ETFs_FIIs_Units,BEWA39,BRBEWABDR003,4089000
2026-08-03,2026-06-01,Ações_BDRs_ETFs_FIIs_Units,BEWC39,BRBEWCBDR009,2708000
2026-08-03,2026-06-01,Ações_BDRs_ETFs_FIIs_Units,BEWG39,BRBEWGBDR000,2714000
2026-08-03,2026-06-01,Ações_BDRs_ETFs_FIIs_Units,BEWH39,BRBEWHBDR008,5070000
2026-08-03,2026-06-01,Ações_BDRs_ETFs_FIIs_Units,BEWJ39,BRBEWJBDR004,3432000
2026-08-03,2026-06-01,Ações_BDRs_ETFs_FIIs_Units,BEWL39,BRBEWLBDR000,1414000
2026-08-03,2026-06-01,Ações_BDRs_ETFs_FIIs_Units,BEWT39,BRBEWTBDR003,2292000
2026-08-03,2026-06-01,Ações_BDRs_ETFs_FIIs_Units,BEWU39,BRBEWUBDR001,2521000
2026-08-03,2026-06-01,Ações_BDRs_ETFs_FIIs_Units,BEWW39,BRBEWWBDR007,2000000
2026-08-03,2026-06-01,Ações_BDRs_ETFs_FIIs_Units,BEWY39,BRBEWYBDR003,1639000
2026-08-03,2026-06-01,Ações_BDRs_ETFs_FIIs_Units,BEWZ39,BRBEWZBDR000,3321000
2026-08-03,2026-06-01,Ações_BDRs_ETFs_FIIs_Units,BEZU39,BRBEZUBDR004,2386000
2026-08-03,2026-06-01,Ações_BDRs_ETFs_FIIs_Units,BFAV39,BRBFAVBDR002,1902000
2026-08-03,2026-06-01,Ações_BDRs_ETFs_FIIs_Units,BFCG39,BRBFCGBDR009,1028000
2026-08-03,2026-06-01,Ações_BDRs_ETFs_FIIs_Units,BFDA39,BRBFDABDR000,2764000
2026-08-03,2026-06-01,Ações_BDRs_ETFs_FIIs_Units,BFDL39,BRBFDLBDR007,1915000
2026-08-03,2026-06-01,Ações_BDRs_ETFs_FIIs_Units,BFDN39,BRBFDNBDR003,4357000
2026-08-03,2026-06-01,Ações_BDRs_ETFs_FIIs_Units,BFTS39,BRBFTSBDR008,1852000
2026-08-03,2026-06-01,Ações_BDRs_ETFs_FIIs_Units,BFVD39,BRBFVDBDR006,1619000
2026-08-03,2026-06-01,Ações_BDRs_ETFs_FIIs_Units,BFXI39,BRBFXIBDR001,5606000
2026-08-03,2026-06-01,Ações_BDRs_ETFs_FIIs_Units,BGAR39,BRBGARBDR008,575000
2026-08-03,2026-06-01,Ações_BDRs_ETFs_FIIs_Units,BGLC39,BRBGLCBDR007,568000
2026-08-03,2026-06-01,Ações_BDRs_ETFs_FIIs_Units,BGOV39,BRBGOVBDR001,5218000
2026-08-03,2026-06-01,Ações_BDRs_ETFs_FIIs_Units,BGRI39,BRBGRIBDR001,2443000
2026-08-03,2026-06-01,Ações_BDRs_ETFs_FIIs_Units,BGWH39,BRBGWHBDR003,2642000
2026-08-03,2026-06-01,Ações_BDRs_ETFs_FIIs_Units,BHDV39,BRBHDVBDR002,14206000
2026-08-03,2026-06-01,Ações_BDRs_ETFs_FIIs_Units,BHEF39,BRBHEFBDR003,1145000
2026-08-03,2026-06-01,Ações_BDRs_ETFs_FIIs_Units,BHVN34,BRBHVNBDR001,2778000
2026-08-03,2026-06-01,Ações_BDRs_ETFs_FIIs_Units,BIAI39,BRBIAIBDR003,665000
2026-08-03,2026-06-01,Ações_BDRs_ETFs_FIIs_Units,BIAT39,BRBIATBDR000,506000
2026-08-03,2026-06-01,Ações_BDRs_ETFs_FIIs_Units,BIAU39,BRBIAUBDR008,2069000
2026-08-03,2026-06-01,Ações_BDRs_ETFs_FIIs_Units,BIBB39,BRBIBBBDR006,3527000
2026-08-03,2026-06-01,Ações_BDRs_ETFs_FIIs_Units,BICL39,BRBICLBDR003,3408000
2026-08-03,2026-06-01,Ações_BDRs_ETFs_FIIs_Units,BIDU34,BRBIDUBDR002,4347000
2026-08-03,2026-06-01,Ações_BDRs_ETFs_FIIs_Units,BIDV39,BRBIDVBDR000,1840000
2026-08-03,2026-06-01,Ações_BDRs_ETFs_FIIs_Units,BIEF39,BRBIEFBDR001,3239000
2026-08-03,2026-06-01,Ações_BDRs_ETFs_FIIs_Units,BIEI39,BRBIEIBDR005,4044000
2026-08-03,2026-06-01,Ações_BDRs_ETFs_FIIs_Units,BIEM39,BRBIEMBDR007,2850000
2026-08-03,2026-06-01,Ações_BDRs_ETFs_FIIs_Units,BIEO39,BRBIEOBDR003,530000
2026-08-03,2026-06-01,Ações_BDRs_ETFs_FIIs_Units,BIET39,BRBIETBDR002,11864000
2026-08-03,2026-06-01,Ações_BDRs_ETFs_FIIs_Units,BIEU39,BRBIEUBDR000,2967000
2026-08-03,2026-06-01,Ações_BDRs_ETFs_FIIs_Units,BIFR39,BRBIFRBDR003,356000
2026-08-03,2026-06-01,Ações_BDRs_ETFs_FIIs_Units,BIGE39,BRBIGEBDR009,408000
2026-08-03,2026-06-01,Ações_BDRs_ETFs_FIIs_Units,BIGF39,BRBIGFBDR006,1609000
2026-08-03,2026-06-01,Ações_BDRs_ETFs_FIIs_Units,BIHI39,BRBIHIBDR008,28050000
2026-08-03,2026-06-01,Ações_BDRs_ETFs_FIIs_Units,BIIB34,BRBIIBBDR001,1233000
2026-08-03,2026-06-01,Ações_BDRs_ETFs_FIIs_Units,BIJH39,BRBIJHBDR006,11198000
2026-08-03,2026-06-01,Ações_BDRs_ETFs_FIIs_Units,BIJR39,BRBIJRBDR005,2254000
2026-08-03,2026-06-01,Ações_BDRs_ETFs_FIIs_Units,BIJS39,BRBIJSBDR003,937000
2026-08-03,2026-06-01,Ações_BDRs_ETFs_FIIs_Units,BIJT39,BRBIJTBDR001,777000
2026-08-03,2026-06-01,Ações_BDRs_ETFs_FIIs_Units,BILB34,BRBILBBDR005,827000
2026-08-03,2026-06-01,Ações_BDRs_ETFs_FIIs_Units,BILF39,BRBILFBDR006,3368000
2026-08-03,2026-06-01,Ações_BDRs_ETFs_FIIs_Units,BITB39,BRBITBBDR008,2631000
2026-08-03,2026-06-01,Ações_BDRs_ETFs_FIIs_Units,BITO39,BRBITOBDR001,2409000
2026-08-03,2026-06-01,Ações_BDRs_ETFs_FIIs_Units,BIVB39,BRBIVBBDR004,2165000
2026-08-03,2026-06-01,Ações_BDRs_ETFs_FIIs_Units,BIVE39,BRBIVEBDR008,2607000
2026-08-03,2026-06-01,Ações_BDRs_ETFs_FIIs_Units,BIVW39,BRBIVWBDR000,2281000
2026-08-03,2026-06-01,Ações_BDRs_ETFs_FIIs_Units,BIWD39,BRBIWDBDR008,3400000
2026-08-03,2026-06-01,Ações_BDRs_ETFs_FIIs_Units,BIWF39,BRBIWFBDR003,7898000
2026-08-03,2026-06-01,Ações_BDRs_ETFs_FIIs_Units,BIWM39,BRBIWMBDR009,2727000
2026-08-03,2026-06-01,Ações_BDRs_ETFs_FIIs_Units,BIXC39,BRBIXCBDR008,1528000
2026-08-03,2026-06-01,Ações_BDRs_ETFs_FIIs_Units,BIXJ39,BRBIXJBDR003,552000
2026-08-03,2026-06-01,Ações_BDRs_ETFs_FIIs_Units,BIXN39,BRBIXNBDR005,2627000
2026-08-03,2026-06-01,Ações_BDRs_ETFs_FIIs_Units,BIXU39,BRBIXUBDR000,2462000
2026-08-03,2026-06-01,Ações_BDRs_ETFs_FIIs_Units,BIYE39,BRBIYEBDR002,1958000
2026-08-03,2026-06-01,Ações_BDRs_ETFs_FIIs_Units,BIYF39,BRBIYFBDR009,2045000
2026-08-03,2026-06-01,Ações_BDRs_ETFs_FIIs_Units,BIYK39,BRBIYKBDR009,2930000
2026-08-03,2026-06-01,Ações_BDRs_ETFs_FIIs_Units,BIYM39,BRBIYMBDR005,590000
2026-08-03,2026-06-01,Ações_BDRs_ETFs_FIIs_Units,BIYP39,BRBIYPBDR008,7558000
2026-08-03,2026-06-01,Ações_BDRs_ETFs_FIIs_Units,BIYT39,BRBIYTBDR000,4191000
2026-08-03,2026-06-01,Ações_BDRs_ETFs_FIIs_Units,BIYW39,BRBIYWBDR004,5630000
2026-08-03,2026-06-01,Ações_BDRs_ETFs_FIIs_Units,BIYZ39,BRBIYZBDR007,2138000
2026-08-03,2026-06-01,Ações_BDRs_ETFs_FIIs_Units,BIZD11,BRBIZDCTF000,1781000
2026-08-03,2026-06-01,Ações_BDRs_ETFs_FIIs_Units,BJQU39,BRBJQUBDR002,1205000
2026-08-03,2026-06-01,Ações_BDRs_ETFs_FIIs_Units,BKNG34,BRBKNGBDR006,41427000
2026-08-03,2026-06-01,Ações_BDRs_ETFs_FIIs_Units,BKSA39,BRBKSABDR008,1204000
2026-08-03,2026-06-01,Ações_BDRs_ETFs_FIIs_Units,BKWB39,BRBKWBBDR008,1476000
2026-08-03,2026-06-01,Ações_BDRs_ETFs_FIIs_Units,BKYY39,BRBKYYBDR006,1082000
2026-08-03,2026-06-01,Ações_BDRs_ETFs_FIIs_Units,BLAK34,BRBLAKBDR003,2445000
2026-08-03,2026-06-01,Ações_BDRs_ETFs_FIIs_Units,BLFTETF11,BRBLFTCTF002,45236200
2026-08-03,2026-06-01,Ações_BDRs_ETFs_FIIs_Units,BLPA39,BRBLPABDR002,979000
2026-08-03,2026-06-01,Ações_BDRs_ETFs_FIIs_Units,BLPX39,BRBLPXBDR004,1332000
2026-08-03,2026-06-01,Ações_BDRs_ETFs_FIIs_Units,BMGB4,BRBMGBACNPR0,3599000
2026-08-03,2026-06-01,Ações_BDRs_ETFs_FIIs_Units,BMMT11,BRBMMTCTF006,11213000
2026-08-03,2026-06-01,Ações_BDRs_ETFs_FIIs_Units,BMOB3,BRBMOBACNOR7,1305000
2026-08-03,2026-06-01,Ações_BDRs_ETFs_FIIs_Units,BMTU39,BRBMTUBDR000,2642000
2026-08-03,2026-06-01,Ações_BDRs_ETFs_FIIs_Units,BMYB34,BRBMYBBDR000,684000
2026-08-03,2026-06-01,Ações_BDRs_ETFs_FIIs_Units,BNDA39,BRBNDABDR004,3251000
2026-08-03,2026-06-01,Ações_BDRs_ETFs_FIIs_Units,BOAC34,BRBOACBDR004,3150000
2026-08-03,2026-06-01,Ações_BDRs_ETFs_FIIs_Units,BOEF39,BRBOEFBDR009,2169000
2026-08-03,2026-06-01,Ações_BDRs_ETFs_FIIs_Units,BOEI34,BRBOEIBDR003,175000
2026-08-03,2026-06-01,Ações_BDRs_ETFs_FIIs_Units,BOL5ETF11,BRBOL5CTF001,1882800
2026-08-03,2026-06-01,Ações_BDRs_ETFs_FIIs_Units,BONY34,BRBONYBDR001,289000
2026-08-03,2026-06-01,Ações_BDRs_ETFs_FIIs_Units,BOTZ39,BRBOTZBDR005,1648000
2026-08-03,2026-06-01,Ações_BDRs_ETFs_FIIs_Units,BOVA11,BRBOVACTF003,21168000
2026-08-03,2026-06-01,Ações_BDRs_ETFs_FIIs_Units,BOVB11,BRBOVBCTF001,20303000
2026-08-03,2026-06-01,Ações_BDRs_ETFs_FIIs_Units,BOVS11,BRBOVSCTF005,26974000
2026-08-03,2026-06-01,Ações_BDRs_ETFs_FIIs_Units,BOVV11,BRBOVVCTF009,20160000
2026-08-03,2026-06-01,Ações_BDRs_ETFs_FIIs_Units,BOVX11,BRBOVXCTF005,202903000
2026-08-03,2026-06-01,Ações_BDRs_ETFs_FIIs_Units,BOXP34,BRBOXPBDR008,6497000
2026-08-03,2026-06-01,Ações_BDRs_ETFs_FIIs_Units,BPAC11,BRBPACUNT006,25292000
2026-08-03,2026-06-01,Ações_BDRs_ETFs_FIIs_Units,BPIC39,BRBPICBDR004,1123000
2026-08-03,2026-06-01,Ações_BDRs_ETFs_FIIs_Units,BPREETF11,BRBPRECTF018,808600
2026-08-03,2026-06-01,Ações_BDRs_ETFs_FIIs_Units,BPVE39,BRBPVEBDR003,4177000
2026-08-03,2026-06-01,Ações_BDRs_ETFs_FIIs_Units,BQTC39,BRBQTCBDR009,1158000
2026-08-03,2026-06-01,Ações_BDRs_ETFs_FIIs_Units,BQUA39,BRBQUABDR001,2755000
2026-08-03,2026-06-01,Ações_BDRs_ETFs_FIIs_Units,BQYL39,BRBQYLBDR000,6574000
2026-08-03,2026-06-01,Ações_BDRs_ETFs_FIIs_Units,BRAP4,BRBRAPACNPR2,7197000
2026-08-03,2026-06-01,Ações_BDRs_ETFs_FIIs_Units,BRAV3,BRBRAVACNOR3,26134000
2026-08-03,2026-06-01,Ações_BDRs_ETFs_FIIs_Units,BRAX11,BRBRAXCTF002,156791000
2026-08-03,2026-06-01,Ações_BDRs_ETFs_FIIs_Units,BRAZ11,BRBRAZCTF007,88714000
2026-08-03,2026-06-01,Ações_BDRs_ETFs_FIIs_Units,BRCO11,BRBRCOCTF007,2100
2026-08-03,2026-06-01,Ações_BDRs_ETFs_FIIs_Units,BREW11,BRBREWCTF006,6037000
2026-08-03,2026-06-01,Ações_BDRs_ETFs_FIIs_Units,BRSR6,BRBRSRACNPB4,4307000
2026-08-03,2026-06-01,Ações_BDRs_ETFs_FIIs_Units,BRXC11,BRBRXCCTF008,36332000
2026-08-03,2026-06-01,Ações_BDRs_ETFs_FIIs_Units,BSCZ39,BRBSCZBDR002,3718000
2026-08-03,2026-06-01,Ações_BDRs_ETFs_FIIs_Units,BSDY39,BRBSDYBDR003,3038000
2026-08-03,2026-06-01,Ações_BDRs_ETFs_FIIs_Units,BSHV39,BRBSHVBDR000,3587000
2026-08-03,2026-06-01,Ações_BDRs_ETFs_FIIs_Units,BSHY39,BRBSHYBDR004,3844000
2026-08-03,2026-06-01,Ações_BDRs_ETFs_FIIs_Units,BSIL39,BRBSILBDR009,4628000
2026-08-03,2026-06-01,Ações_BDRs_ETFs_FIIs_Units,BSLV39,BRBSLVBDR002,2152000
2026-08-03,2026-06-01,Ações_BDRs_ETFs_FIIs_Units,BSOX39,BRBSOXBDR002,2781000
2026-08-03,2026-06-01,Ações_BDRs_ETFs_FIIs_Units,BTCI11,BRBTCICTF005,27100
2026-08-03,2026-06-01,Ações_BDRs_ETFs_FIIs_Units,BTER11,BRBTERCTF002,50839000
2026-08-03,2026-06-01,Ações_BDRs_ETFs_FIIs_Units,BTHF11,BRBTHFCTF000,27100
2026-08-03,2026-06-01,Ações_BDRs_ETFs_FIIs_Units,BTLG11,BRBTLGCTF000,2400
2026-08-03,2026-06-01,Ações_BDRs_ETFs_FIIs_Units,BTLH39,BRBTLHBDR009,3998000
2026-08-03,2026-06-01,Ações_BDRs_ETFs_FIIs_Units,BTLT39,BRBTLTBDR004,6968000
2026-08-03,2026-06-01,Ações_BDRs_ETFs_FIIs_Units,BUFF39,BRBUFFBDR003,1946000
2026-08-03,2026-06-01,Ações_BDRs_ETFs_FIIs_Units,BURA39,BRBURABDR009,4831000
2026-08-03,2026-06-01,Ações_BDRs_ETFs_FIIs_Units,BURT39,BRBURTBDR009,2904000
2026-08-03,2026-06-01,Ações_BDRs_ETFs_FIIs_Units,BUSM39,BRBUSMBDR002,3284000
2026-08-03,2026-06-01,Ações_BDRs_ETFs_FIIs_Units,BVBR11,BRBVBRCTF004,399885000
2026-08-03,2026-06-01,Ações_BDRs_ETFs_FIIs_Units,BVLU39,BRBVLUBDR008,2024000
2026-08-03,2026-06-01,Ações_BDRs_ETFs_FIIs_Units,BWCL39,BRBWCLBDR004,1184000
2026-08-03,2026-06-01,Ações_BDRs_ETFs_FIIs_Units,BXPO11,BRBXPOCTF007,16280000
2026-08-03,2026-06-01,Ações_BDRs_ETFs_FIIs_Units,C1AB34,BRC1ABBDR009,24287000
2026-08-03,2026-06-01,Ações_BDRs_ETFs_FIIs_Units,C1AG34,BRC1AGBDR008,3003000
2026-08-03,2026-06-01,Ações_BDRs_ETFs_FIIs_Units,C1AH34,BRC1AHBDR006,198000
2026-08-03,2026-06-01,Ações_BDRs_ETFs_FIIs_Units,C1BL34,BRC1BLBDR006,490000
2026-08-03,2026-06-01,Ações_BDRs_ETFs_FIIs_Units,C1BO34,BRC1BOBDR000,226000
2026-08-03,2026-06-01,Ações_BDRs_ETFs_FIIs_Units,C1BR34,BRC1BRBDR003,303000
2026-08-03,2026-06-01,Ações_BDRs_ETFs_FIIs_Units,C1CI34,BRC1CIBDR000,1732000
2026-08-03,2026-06-01,Ações_BDRs_ETFs_FIIs_Units,C1CJ34,BRC1CJBDR008,1826000
2026-08-03,2026-06-01,Ações_BDRs_ETFs_FIIs_Units,C1CL34,BRC1CLBDR004,1427000
2026-08-03,2026-06-01,Ações_BDRs_ETFs_FIIs_Units,C1CO34,BRC1COBDR008,263000
2026-08-03,2026-06-01,Ações_BDRs_ETFs_FIIs_Units,C1DN34,BRC1DNBDR008,211000
2026-08-03,2026-06-01,Ações_BDRs_ETFs_FIIs_Units,C1DP34,BRC1DPBDR003,2070000
2026-08-03,2026-06-01,Ações_BDRs_ETFs_FIIs_Units,C1DW34,BRC1DWBDR009,8286000
2026-08-03,2026-06-01,Ações_BDRs_ETFs_FIIs_Units,C1FG34,BRC1FGBDR007,623000
2026-08-03,2026-06-01,Ações_BDRs_ETFs_FIIs_Units,C1FI34,BRC1FIBDR003,319000
2026-08-03,2026-06-01,Ações_BDRs_ETFs_FIIs_Units,C1GP34,BRC1GPBDR006,121212000
2026-08-03,2026-06-01,Ações_BDRs_ETFs_FIIs_Units,C1HK34,BRC1HKBDR005,602000
2026-08-03,2026-06-01,Ações_BDRs_ETFs_FIIs_Units,C1HR34,BRC1HRBDR000,4897000
2026-08-03,2026-06-01,Ações_BDRs_ETFs_FIIs_Units,C1IC34,BRC1ICBDR000,555000
2026-08-03,2026-06-01,Ações_BDRs_ETFs_FIIs_Units,C1MG34,BRC1MGBDR003,23952000
2026-08-03,2026-06-01,Ações_BDRs_ETFs_FIIs_Units,C1MI34,BRC1MIBDR009,236000
2026-08-03,2026-06-01,Ações_BDRs_ETFs_FIIs_Units,C1MS34,BRC1MSBDR008,1053000
2026-08-03,2026-06-01,Ações_BDRs_ETFs_FIIs_Units,C1NC34,BRC1NCBDR000,670000
2026-08-03,2026-06-01,Ações_BDRs_ETFs_FIIs_Units,C1NP34,BRC1NPBDR002,954000
2026-08-03,2026-06-01,Ações_BDRs_ETFs_FIIs_Units,C1NS34,BRC1NSBDR006,1508000
2026-08-03,2026-06-01,Ações_BDRs_ETFs_FIIs_Units,C1OO34,BRC1OOBDR003,6574000
2026-08-03,2026-06-01,Ações_BDRs_ETFs_FIIs_Units,C1PB34,BRC1PBBDR007,1966000
2026-08-03,2026-06-01,Ações_BDRs_ETFs_FIIs_Units,C1PR34,BRC1PRBDR003,2379000
2026-08-03,2026-06-01,Ações_BDRs_ETFs_FIIs_Units,C1RH34,BRC1RHBDR000,2224000
2026-08-03,2026-06-01,Ações_BDRs_ETFs_FIIs_Units,C1RR34,BRC1RRBDR009,2467000
2026-08-03,2026-06-01,Ações_BDRs_ETFs_FIIs_Units,C1TA34,BRC1TABDR001,1155000
2026-08-03,2026-06-01,Ações_BDRs_ETFs_FIIs_Units,C1TV34,BRC1TVBDR007,2011000
2026-08-03,2026-06-01,Ações_BDRs_ETFs_FIIs_Units,C2AC34,BRC2ACBDR005,60790000
2026-08-03,2026-06-01,Ações_BDRs_ETFs_FIIs_Units,C2CA34,BRC2CABDR005,358000
2026-08-03,2026-06-01,Ações_BDRs_ETFs_FIIs_Units,C2EM34,BRC2EMBDR006,3276000
2026-08-03,2026-06-01,Ações_BDRs_ETFs_FIIs_Units,C2GN34,BRC2GNBDR009,4651000
2026-08-03,2026-06-01,Ações_BDRs_ETFs_FIIs_Units,C2HD34,BRC2HDBDR008,8333000
2026-08-03,2026-06-01,Ações_BDRs_ETFs_FIIs_Units,C2OU34,BRC2OUBDR008,5919000
2026-08-03,2026-06-01,Ações_BDRs_ETFs_FIIs_Units,C2PR34,BRC2PRBDR001,3855000
2026-08-03,2026-06-01,Ações_BDRs_ETFs_FIIs_Units,C2PT34,BRC2PTBDR007,5830000
2026-08-03,2026-06-01,Ações_BDRs_ETFs_FIIs_Units,C2RS34,BRC2RSBDR005,6686000
2026-08-03,2026-06-01,Ações_BDRs_ETFs_FIIs_Units,C2RW34,BRC2RWBDR007,1368000
2026-08-03,2026-06-01,Ações_BDRs_ETFs_FIIs_Units,C2SW34,BRC2SWBDR005,3037000
2026-08-03,2026-06-01,Ações_BDRs_ETFs_FIIs_Units,C2ZR34,BRC2ZRBDR000,15026000
2026-08-03,2026-06-01,Ações_BDRs_ETFs_FIIs_Units,CAML3,BRCAMLACNOR3,3203000
2026-08-03,2026-06-01,Ações_BDRs_ETFs_FIIs_Units,CAON34,BRCAONBDR009,427000
2026-08-03,2026-06-01,Ações_BDRs_ETFs_FIIs_Units,CAPE11,BRCAPECTF020,56441000
2026-08-03,2026-06-01,Ações_BDRs_ETFs_FIIs_Units,CAPH34,BRCAPHBDR008,1515000
2026-08-03,2026-06-01,Ações_BDRs_ETFs_FIIs_Units,CATP34,BRCATPBDR003,697000
2026-08-03,2026-06-01,Ações_BDRs_ETFs_FIIs_Units,CBAV3,BRCBAVACNOR5,10351000
2026-08-03,2026-06-01,Ações_BDRs_ETFs_FIIs_Units,CDIBETF11,BRCDIBCTF009,49000
2026-08-03,2026-06-01,Ações_BDRs_ETFs_FIIs_Units,CEAB3,BRCEABACNOR1,25154000
2026-08-03,2026-06-01,Ações_BDRs_ETFs_FIIs_Units,CHCM34,BRCHCMBDR001,16107000
2026-08-03,2026-06-01,Ações_BDRs_ETFs_FIIs_Units,CHDC34,BRCHDCBDR000,409000
2026-08-03,2026-06-01,Ações_BDRs_ETFs_FIIs_Units,CHIP11,BRCHIPCTF000,5721000
2026-08-03,2026-06-01,Ações_BDRs_ETFs_FIIs_Units,CHME34,BRCHMEBDR007,564000
2026-08-03,2026-06-01,Ações_BDRs_ETFs_FIIs_Units,CHVX34,BRCHVXBDR008,2216000
2026-08-03,2026-06-01,Ações_BDRs_ETFs_FIIs_Units,CINF34,BRCINFBDR000,548000
2026-08-03,2026-06-01,Ações_BDRs_ETFs_FIIs_Units,CLOV34,BRCLOVBDR009,1862000
2026-08-03,2026-06-01,Ações_BDRs_ETFs_FIIs_Units,CLXC34,BRCLXCBDR000,1611000
2026-08-03,2026-06-01,Ações_BDRs_ETFs_FIIs_Units,CMCS34,BRCMCSBDR008,7815000
2026-08-03,2026-06-01,Ações_BDRs_ETFs_FIIs_Units,CMIG4,BRCMIGACNPR3,36132000
2026-08-03,2026-06-01,Ações_BDRs_ETFs_FIIs_Units,CMIN3,BRCMINACNOR2,25135000
2026-08-03,2026-06-01,Ações_BDRs_ETFs_FIIs_Units,CNIC34,BRCNICBDR007,8403000
2026-08-03,2026-06-01,Ações_BDRs_ETFs_FIIs_Units,COCA34,BRCOCABDR002,2994000
2026-08-03,2026-06-01,Ações_BDRs_ETFs_FIIs_Units,COGN3,BRCOGNACNOR2,89294000
2026-08-03,2026-06-01,Ações_BDRs_ETFs_FIIs_Units,COLD34,BRCOLDBDR007,6379000
2026-08-03,2026-06-01,Ações_BDRs_ETFs_FIIs_Units,COLG34,BRCOLGBDR000,3036000
2026-08-03,2026-06-01,Ações_BDRs_ETFs_FIIs_Units,COPH34,BRCOPHBDR009,4113000
2026-08-03,2026-06-01,Ações_BDRs_ETFs_FIIs_Units,COTY34,BRCOTYBDR006,7901000
2026-08-03,2026-06-01,Ações_BDRs_ETFs_FIIs_Units,COWC34,BRCOWCBDR006,1579000
2026-08-03,2026-06-01,Ações_BDRs_ETFs_FIIs_Units,CPAY34,BRCPAYBDR003,518000
2026-08-03,2026-06-01,Ações_BDRs_ETFs_FIIs_Units,CPFE3,BRCPFEACNOR0,5244000
2026-08-03,2026-06-01,Ações_BDRs_ETFs_FIIs_Units,CPLE3,BRCPLEACNOR8,55931000
2026-08-03,2026-06-01,Ações_BDRs_ETFs_FIIs_Units,CPRL34,BRCPRLBDR004,1833000
2026-08-03,2026-06-01,Ações_BDRs_ETFs_FIIs_Units,CPTS11,BRCPTSCTF004,32900
2026-08-03,2026-06-01,Ações_BDRs_ETFs_FIIs_Units,CRDA34,BRCRDABDR003,815000
2026-08-03,2026-06-01,Ações_BDRs_ETFs_FIIs_Units,CRIN34,BRCRINBDR005,1165000
2026-08-03,2026-06-01,Ações_BDRs_ETFs_FIIs_Units,CRIP34,BRCRIPBDR000,850000
2026-08-03,2026-06-01,Ações_BDRs_ETFs_FIIs_Units,CSAN3,BRCSANACNOR6,95975000
2026-08-03,2026-06-01,Ações_BDRs_ETFs_FIIs_Units,CSCO34,BRCSCOBDR004,1652000
2026-08-03,2026-06-01,Ações_BDRs_ETFs_FIIs_Units,CSMG3,BRCSMGACNOR5,9453000
2026-08-03,2026-06-01,Ações_BDRs_ETFs_FIIs_Units,CSNA3,BRCSNAACNOR6,36845000
2026-08-03,2026-06-01,Ações_BDRs_ETFs_FIIs_Units,CSXC34,BRCSXCBDR005,1778000
2026-08-03,2026-06-01,Ações_BDRs_ETFs_FIIs_Units,CTGP34,BRCTGPBDR000,1909000
2026-08-03,2026-06-01,Ações_BDRs_ETFs_FIIs_Units,CTSH34,BRCTSHBDR002,776000
2026-08-03,2026-06-01,Ações_BDRs_ETFs_FIIs_Units,CURY3,BRCURYACNOR3,9662000
2026-08-03,2026-06-01,Ações_BDRs_ETFs_FIIs_Units,CVCB3,BRCVCBACNOR1,47155000
2026-08-03,2026-06-01,Ações_BDRs_ETFs_FIIs_Units,CVSH34,BRCVSHBDR008,4255000
2026-08-03,2026-06-01,Ações_BDRs_ETFs_FIIs_Units,CXSE3,BRCXSEACNOR7,10976000
2026-08-03,2026-06-01,Ações_BDRs_ETFs_FIIs_Units,CYRE3,BRCYREACNOR7,16919000
2026-08-03,2026-06-01,Ações_BDRs_ETFs_FIIs_Units,CYRE4,BRCYREACNPR4,3214610
2026-08-03,2026-06-01,Ações_BDRs_ETFs_FIIs_Units,D1DG34,BRD1DGBDR001,1807000
2026-08-03,2026-06-01,Ações_BDRs_ETFs_FIIs_Units,D1EL34,BRD1ELBDR009,130000
2026-08-03,2026-06-01,Ações_BDRs_ETFs_FIIs_Units,D1EX34,BRD1EXBDR004,28129000
2026-08-03,2026-06-01,Ações_BDRs_ETFs_FIIs_Units,D1HI34,BRD1HIBDR008,247000
2026-08-03,2026-06-01,Ações_BDRs_ETFs_FIIs_Units,D1LR34,BRD1LRBDR001,820000
2026-08-03,2026-06-01,Ações_BDRs_ETFs_FIIs_Units,D1OC34,BRD1OCBDR007,16490000
2026-08-03,2026-06-01,Ações_BDRs_ETFs_FIIs_Units,D1OM34,BRD1OMBDR006,1192000
2026-08-03,2026-06-01,Ações_BDRs_ETFs_FIIs_Units,D1OV34,BRD1OVBDR007,381000
2026-08-03,2026-06-01,Ações_BDRs_ETFs_FIIs_Units,D1OW34,BRD1OWBDR005,4579000
2026-08-03,2026-06-01,Ações_BDRs_ETFs_FIIs_Units,D1RI34,BRD1RIBDR007,816000
2026-08-03,2026-06-01,Ações_BDRs_ETFs_FIIs_Units,D1TE34,BRD1TEBDR002,1082000
2026-08-03,2026-06-01,Ações_BDRs_ETFs_FIIs_Units,D1VN34,BRD1VNBDR009,870000
2026-08-03,2026-06-01,Ações_BDRs_ETFs_FIIs_Units,D1XC34,BRD1XCBDR008,2049000
2026-08-03,2026-06-01,Ações_BDRs_ETFs_FIIs_Units,D2AR34,BRD2ARBDR002,5161000
2026-08-03,2026-06-01,Ações_BDRs_ETFs_FIIs_Units,D2AS34,BRD2ASBDR000,3735000
2026-08-03,2026-06-01,Ações_BDRs_ETFs_FIIs_Units,D2KN34,BRD2KNBDR000,9420000
2026-08-03,2026-06-01,Ações_BDRs_ETFs_FIIs_Units,D2KS34,BRD2KSBDR009,1785000
2026-08-03,2026-06-01,Ações_BDRs_ETFs_FIIs_Units,D2NL34,BRD2NLBDR008,3935000
2026-08-03,2026-06-01,Ações_BDRs_ETFs_FIIs_Units,D2OC34,BRD2OCBDR005,11781000
2026-08-03,2026-06-01,Ações_BDRs_ETFs_FIIs_Units,D2OX34,BRD2OXBDR001,4804000
2026-08-03,2026-06-01,Ações_BDRs_ETFs_FIIs_Units,D2PZ34,BRD2PZBDR003,6217000
2026-08-03,2026-06-01,Ações_BDRs_ETFs_FIIs_Units,D2TC34,BRD2TCBDR004,8130000
2026-08-03,2026-06-01,Ações_BDRs_ETFs_FIIs_Units,DBAG34,BRDBAGBDR008,1228000
2026-08-03,2026-06-01,Ações_BDRs_ETFs_FIIs_Units,DDNB34,BRDDNBBDR008,268330
2026-08-03,2026-06-01,Ações_BDRs_ETFs_FIIs_Units,DEAI34,BRDEAIBDR008,477000
2026-08-03,2026-06-01,Ações_BDRs_ETFs_FIIs_Units,DEEC34,BRDEECBDR003,2256000
2026-08-03,2026-06-01,Ações_BDRs_ETFs_FIIs_Units,DEOP34,BRDEOPBDR004,8120000
2026-08-03,2026-06-01,Ações_BDRs_ETFs_FIIs_Units,DESK3,BRDESKACNOR2,2332000
2026-08-03,2026-06-01,Ações_BDRs_ETFs_FIIs_Units,DGCO34,BRDGCOBDR007,9066000
2026-08-03,2026-06-01,Ações_BDRs_ETFs_FIIs_Units,DHER34,BRDHERBDR004,6411000
2026-08-03,2026-06-01,Ações_BDRs_ETFs_FIIs_Units,DIRR3,BRDIRRACNOR0,20511000
2026-08-03,2026-06-01,Ações_BDRs_ETFs_FIIs_Units,DISB34,BRDISBBDR006,5752000
2026-08-03,2026-06-01,Ações_BDRs_ETFs_FIIs_Units,DIVO11,BRDIVOCTF002,14657000
2026-08-03,2026-06-01,Ações_BDRs_ETFs_FIIs_Units,DLTR34,BRDLTRBDR004,748000
2026-08-03,2026-06-01,Ações_BDRs_ETFs_FIIs_Units,DOLL39,BRDOLLBDR008,3923000
2026-08-03,2026-06-01,Ações_BDRs_ETFs_FIIs_Units,DTCR39,BRDTCRBDR003,703000
2026-08-03,2026-06-01,Ações_BDRs_ETFs_FIIs_Units,DUKB34,BRDUKBBDR008,322000
2026-08-03,2026-06-01,Ações_BDRs_ETFs_FIIs_Units,DUOL34,BRDUOLBDR009,11706000
2026-08-03,2026-06-01,Ações_BDRs_ETFs_FIIs_Units,DVAI34,BRDVAIBDR002,202000
2026-08-03,2026-06-01,Ações_BDRs_ETFs_FIIs_Units,DXCO3,BRDXCOACNOR8,6868000
2026-08-03,2026-06-01,Ações_BDRs_ETFs_FIIs_Units,E1CL34,BRE1CLBDR002,628000
2026-08-03,2026-06-01,Ações_BDRs_ETFs_FIIs_Units,E1CO34,BRE1COBDR006,2791000
2026-08-03,2026-06-01,Ações_BDRs_ETFs_FIIs_Units,E1DI34,BRE1DIBDR006,779000
2026-08-03,2026-06-01,Ações_BDRs_ETFs_FIIs_Units,E1DU34,BRE1DUBDR001,7194000
2026-08-03,2026-06-01,Ações_BDRs_ETFs_FIIs_Units,E1IX34,BRE1IXBDR004,1122000
2026-08-03,2026-06-01,Ações_BDRs_ETFs_FIIs_Units,E1LV34,BRE1LVBDR002,511000
2026-08-03,2026-06-01,Ações_BDRs_ETFs_FIIs_Units,E1MN34,BRE1MNBDR007,1080000
2026-08-03,2026-06-01,Ações_BDRs_ETFs_FIIs_Units,E1MR34,BRE1MRBDR008,282000
2026-08-03,2026-06-01,Ações_BDRs_ETFs_FIIs_Units,E1OG34,BRE1OGBDR007,574000
2026-08-03,2026-06-01,Ações_BDRs_ETFs_FIIs_Units,E1QN34,BRE1QNBDR008,2147000
2026-08-03,2026-06-01,Ações_BDRs_ETFs_FIIs_Units,E1QR34,BRE1QRBDR009,1182000
2026-08-03,2026-06-01,Ações_BDRs_ETFs_FIIs_Units,E1RI34,BRE1RIBDR006,6060000
2026-08-03,2026-06-01,Ações_BDRs_ETFs_FIIs_Units,E1SE34,BRE1SEBDR003,1138000
2026-08-03,2026-06-01,Ações_BDRs_ETFs_FIIs_Units,E1SS34,BRE1SSBDR003,1526000
2026-08-03,2026-06-01,Ações_BDRs_ETFs_FIIs_Units,E1TN34,BRE1TNBDR002,1369000
2026-08-03,2026-06-01,Ações_BDRs_ETFs_FIIs_Units,E1TR34,BRE1TRBDR003,798000
2026-08-03,2026-06-01,Ações_BDRs_ETFs_FIIs_Units,E1VE34,BRE1VEBDR007,394000
2026-08-03,2026-06-01,Ações_BDRs_ETFs_FIIs_Units,E1VR34,BRE1VRBDR009,946000
2026-08-03,2026-06-01,Ações_BDRs_ETFs_FIIs_Units,E1WL34,BRE1WLBDR000,1838000
2026-08-03,2026-06-01,Ações_BDRs_ETFs_FIIs_Units,E1XC34,BRE1XCBDR007,871000
2026-08-03,2026-06-01,Ações_BDRs_ETFs_FIIs_Units,E1XP34,BRE1XPBDR009,628000
2026-08-03,2026-06-01,Ações_BDRs_ETFs_FIIs_Units,E1XR34,BRE1XRBDR005,1086000
2026-08-03,2026-06-01,Ações_BDRs_ETFs_FIIs_Units,E2AG34,BRE2AGBDR004,2998000
2026-08-03,2026-06-01,Ações_BDRs_ETFs_FIIs_Units,E2EF34,BRE2EFBDR008,49678000
2026-08-03,2026-06-01,Ações_BDRs_ETFs_FIIs_Units,E2LS34,BRE2LSBDR006,6013000
2026-08-03,2026-06-01,Ações_BDRs_ETFs_FIIs_Units,E2NO34,BRE2NOBDR001,1725000
2026-08-03,2026-06-01,Ações_BDRs_ETFs_FIIs_Units,E2NP34,BRE2NPBDR008,13842000
2026-08-03,2026-06-01,Ações_BDRs_ETFs_FIIs_Units,E2NT34,BRE2NTBDR000,5363000
2026-08-03,2026-06-01,Ações_BDRs_ETFs_FIIs_Units,E2PA34,BRE2PABDR005,23310000
2026-08-03,2026-06-01,Ações_BDRs_ETFs_FIIs_Units,E2ST34,BRE2STBDR009,8779000
2026-08-03,2026-06-01,Ações_BDRs_ETFs_FIIs_Units,E2TS34,BRE2TSBDR009,9861000
2026-08-03,2026-06-01,Ações_BDRs_ETFs_FIIs_Units,E2XE34,BRE2XEBDR001,1635000
2026-08-03,2026-06-01,Ações_BDRs_ETFs_FIIs_Units,EAIN34,BREAINBDR007,394000
2026-08-03,2026-06-01,Ações_BDRs_ETFs_FIIs_Units,EBAY34,BREBAYBDR009,693000
2026-08-03,2026-06-01,Ações_BDRs_ETFs_FIIs_Units,ECOR3,BRECORACNOR8,16843000
2026-08-03,2026-06-01,Ações_BDRs_ETFs_FIIs_Units,EFXB31,BREFXBBDR000,209000
2026-08-03,2026-06-01,Ações_BDRs_ETFs_FIIs_Units,EGIE3,BREGIEACNOR9,5354000
2026-08-03,2026-06-01,Ações_BDRs_ETFs_FIIs_Units,ELAS11,BRELASCTF009,108917000
2026-08-03,2026-06-01,Ações_BDRs_ETFs_FIIs_Units,ELCI34,BRELCIBDR007,10045000
2026-08-03,2026-06-01,Ações_BDRs_ETFs_FIIs_Units,EMBJ3,BREMBJACNOR1,13409000
2026-08-03,2026-06-01,Ações_BDRs_ETFs_FIIs_Units,ENEV3,BRENEVACNOR8,30492000
2026-08-03,2026-06-01,Ações_BDRs_ETFs_FIIs_Units,ENGI11,BRENGICDAM16,7604000
2026-08-03,2026-06-01,Ações_BDRs_ETFs_FIIs_Units,EQIX34,BREQIXBDR002,2949000
2026-08-03,2026-06-01,Ações_BDRs_ETFs_FIIs_Units,EQTL3,BREQTLACNOR0,19758000
2026-08-03,2026-06-01,Ações_BDRs_ETFs_FIIs_Units,EVTC31,BREVTCBDR003,256000
2026-08-03,2026-06-01,Ações_BDRs_ETFs_FIIs_Units,EWBZ11,BREWBZCTF009,68735000
2026-08-03,2026-06-01,Ações_BDRs_ETFs_FIIs_Units,EXGR34,BREXGRBDR004,344000
2026-08-03,2026-06-01,Ações_BDRs_ETFs_FIIs_Units,EXPB31,BREXPBBDR009,836000
2026-08-03,2026-06-01,Ações_BDRs_ETFs_FIIs_Units,EXXO34,BREXXOBDR006,2175000
2026-08-03,2026-06-01,Ações_BDRs_ETFs_FIIs_Units,EZTC3,BREZTCACNOR0,5473000
2026-08-03,2026-06-01,Ações_BDRs_ETFs_FIIs_Units,F1AN34,BRF1ANBDR001,419000
2026-08-03,2026-06-01,Ações_BDRs_ETFs_FIIs_Units,F1BH34,BRF1BHBDR001,1028000
2026-08-03,2026-06-01,Ações_BDRs_ETFs_FIIs_Units,F1EC34,BRF1ECBDR006,813000
2026-08-03,2026-06-01,Ações_BDRs_ETFs_FIIs_Units,F1FI34,BRF1FIBDR000,417000
2026-08-03,2026-06-01,Ações_BDRs_ETFs_FIIs_Units,F1IS34,BRF1ISBDR003,1428000
2026-08-03,2026-06-01,Ações_BDRs_ETFs_FIIs_Units,F1LS34,BRF1LSBDR007,507000
2026-08-03,2026-06-01,Ações_BDRs_ETFs_FIIs_Units,F1MC34,BRF1MCBDR009,3519000
2026-08-03,2026-06-01,Ações_BDRs_ETFs_FIIs_Units,F1NI34,BRF1NIBDR004,15071000
2026-08-03,2026-06-01,Ações_BDRs_ETFs_FIIs_Units,F1RA34,BRF1RABDR002,1236000
2026-08-03,2026-06-01,Ações_BDRs_ETFs_FIIs_Units,F1SL34,BRF1SLBDR007,23046000
2026-08-03,2026-06-01,Ações_BDRs_ETFs_FIIs_Units,F1TN34,BRF1TNBDR001,619000
2026-08-03,2026-06-01,Ações_BDRs_ETFs_FIIs_Units,F1TV34,BRF1TVBDR004,1336000
2026-08-03,2026-06-01,Ações_BDRs_ETFs_FIIs_Units,F1UN34,BRF1UNBDR009,3546000
2026-08-03,2026-06-01,Ações_BDRs_ETFs_FIIs_Units,F2IC34,BRF2ICBDR005,1360000
2026-08-03,2026-06-01,Ações_BDRs_ETFs_FIIs_Units,F2IV34,BRF2IVBDR005,12479000
2026-08-03,2026-06-01,Ações_BDRs_ETFs_FIIs_Units,F2NV34,BRF2NVBDR005,31850000
2026-08-03,2026-06-01,Ações_BDRs_ETFs_FIIs_Units,F2RS34,BRF2RSBDR002,9139000
2026-08-03,2026-06-01,Ações_BDRs_ETFs_FIIs_Units,F2RT34,BRF2RTBDR000,3859000
2026-08-03,2026-06-01,Ações_BDRs_ETFs_FIIs_Units,FASL34,BRFASLBDR007,921000
2026-08-03,2026-06-01,Ações_BDRs_ETFs_FIIs_Units,FCXO34,BRFCXOBDR007,1914000
2026-08-03,2026-06-01,Ações_BDRs_ETFs_FIIs_Units,FDMO34,BRFDMOBDR008,2483000
2026-08-03,2026-06-01,Ações_BDRs_ETFs_FIIs_Units,FDXB34,BRFDXBBDR002,96000
2026-08-03,2026-06-01,Ações_BDRs_ETFs_FIIs_Units,FFTD34,BRFFTDBDR001,770000
2026-08-03,2026-06-01,Ações_BDRs_ETFs_FIIs_Units,FIXX11,BRFIXXCTF012,481000
2026-08-03,2026-06-01,Ações_BDRs_ETFs_FIIs_Units,FLRY3,BRFLRYACNOR5,7482000
2026-08-03,2026-06-01,Ações_BDRs_ETFs_FIIs_Units,FLTW39,BRFLTWBDR009,764000
2026-08-03,2026-06-01,Ações_BDRs_ETFs_FIIs_Units,FMSC34,BRFMSCBDR001,292000
2026-08-03,2026-06-01,Ações_BDRs_ETFs_FIIs_Units,FMXB34,BRFMXBBDR003,188000
2026-08-03,2026-06-01,Ações_BDRs_ETFs_FIIs_Units,FOXC34,BRFOXCBDR007,676000
2026-08-03,2026-06-01,Ações_BDRs_ETFs_FIIs_Units,FSLR34,BRFSLRBDR001,291000
2026-08-03,2026-06-01,Ações_BDRs_ETFs_FIIs_Units,FTIN39,BRFTINBDR004,659000
2026-08-03,2026-06-01,Ações_BDRs_ETFs_FIIs_Units,G1AR34,BRG1ARBDR001,1070000
2026-08-03,2026-06-01,Ações_BDRs_ETFs_FIIs_Units,G1DS34,BRG1DSBDR003,11093000
2026-08-03,2026-06-01,Ações_BDRs_ETFs_FIIs_Units,G1FI34,BRG1FIBDR009,1977000
2026-08-03,2026-06-01,Ações_BDRs_ETFs_FIIs_Units,G1LL34,BRG1LLBDR001,5082000
2026-08-03,2026-06-01,Ações_BDRs_ETFs_FIIs_Units,G1LO34,BRG1LOBDR005,16972000
2026-08-03,2026-06-01,Ações_BDRs_ETFs_FIIs_Units,G1LW34,BRG1LWBDR008,208000
2026-08-03,2026-06-01,Ações_BDRs_ETFs_FIIs_Units,G1MI34,BRG1MIBDR005,1174000
2026-08-03,2026-06-01,Ações_BDRs_ETFs_FIIs_Units,G1PC34,BRG1PCBDR001,800000
2026-08-03,2026-06-01,Ações_BDRs_ETFs_FIIs_Units,G1PI34,BRG1PIBDR008,2260000
2026-08-03,2026-06-01,Ações_BDRs_ETFs_FIIs_Units,G1RM34,BRG1RMBDR006,332000
2026-08-03,2026-06-01,Ações_BDRs_ETFs_FIIs_Units,G1SK34,BRG1SKBDR008,3910000
2026-08-03,2026-06-01,Ações_BDRs_ETFs_FIIs_Units,G1WW34,BRG1WWBDR005,1308000
2026-08-03,2026-06-01,Ações_BDRs_ETFs_FIIs_Units,G2DD34,BRG2DDBDR003,4520000
2026-08-03,2026-06-01,Ações_BDRs_ETFs_FIIs_Units,G2EV34,BRG2EVBDR003,759000
2026-08-03,2026-06-01,Ações_BDRs_ETFs_FIIs_Units,G2ME34,BRG2MEBDR002,3418000
2026-08-03,2026-06-01,Ações_BDRs_ETFs_FIIs_Units,G2NT34,BRG2NTBDR008,3948000
2026-08-03,2026-06-01,Ações_BDRs_ETFs_FIIs_Units,G2WR34,BRG2WRBDR003,3508000
2026-08-03,2026-06-01,Ações_BDRs_ETFs_FIIs_Units,GARE11,BRGARECTF001,30000
2026-08-03,2026-06-01,Ações_BDRs_ETFs_FIIs_Units,GDBR34,BRGDBRBDR002,115000
2026-08-03,2026-06-01,Ações_BDRs_ETFs_FIIs_Units,GDXB39,BRGDXBBDR000,1343000
2026-08-03,2026-06-01,Ações_BDRs_ETFs_FIIs_Units,GEHC34,BRGEHCBDR009,4998000
2026-08-03,2026-06-01,Ações_BDRs_ETFs_FIIs_Units,GENB11,BRGENBCTF008,69729000
2026-08-03,2026-06-01,Ações_BDRs_ETFs_FIIs_Units,GEOO34,BRGEOOBDR000,124000
2026-08-03,2026-06-01,Ações_BDRs_ETFs_FIIs_Units,GGBR4,BRGGBRACNPR8,32918000
2026-08-03,2026-06-01,Ações_BDRs_ETFs_FIIs_Units,GGPS3,BRGGPSACNOR9,7651000
2026-08-03,2026-06-01,Ações_BDRs_ETFs_FIIs_Units,GGRC11,BRGGRCCTF002,24800
2026-08-03,2026-06-01,Ações_BDRs_ETFs_FIIs_Units,GILD34,BRGILDBDR000,590000
2026-08-03,2026-06-01,Ações_BDRs_ETFs_FIIs_Units,GLDI11,BRGLDICTF009,2699000
2026-08-03,2026-06-01,Ações_BDRs_ETFs_FIIs_Units,GLDX11,BRGLDXCTF016,1258000
2026-08-03,2026-06-01,Ações_BDRs_ETFs_FIIs_Units,GLFTETF11,BRGLFTCTF001,269900
2026-08-03,2026-06-01,Ações_BDRs_ETFs_FIIs_Units,GMAT3,BRGMATACNOR7,26376000
2026-08-03,2026-06-01,Ações_BDRs_ETFs_FIIs_Units,GMCO34,BRGMCOBDR008,1880000
2026-08-03,2026-06-01,Ações_BDRs_ETFs_FIIs_Units,GOAT11,BRGOATCTF006,2895000
2026-08-03,2026-06-01,Ações_BDRs_ETFs_FIIs_Units,GOAU4,BRGOAUACNPR8,26807000
2026-08-03,2026-06-01,Ações_BDRs_ETFs_FIIs_Units,GOGL34,BRGOGLBDR001,1711000
2026-08-03,2026-06-01,Ações_BDRs_ETFs_FIIs_Units,GOGL35,BRGOGLBDR019,1240000
2026-08-03,2026-06-01,Ações_BDRs_ETFs_FIIs_Units,GOLB11,BRGOLBCTF001,1358000
2026-08-03,2026-06-01,Ações_BDRs_ETFs_FIIs_Units,GOLD11,BRGOLDCTF015,21035000
2026-08-03,2026-06-01,Ações_BDRs_ETFs_FIIs_Units,GOLX11,BRGOLXCTF005,3285000
2026-08-03,2026-06-01,Ações_BDRs_ETFs_FIIs_Units,GPCAETF11,BRGPCACTF009,146000
2026-08-03,2026-06-01,Ações_BDRs_ETFs_FIIs_Units,GPSI34,BRGPSIBDR009,1739000
2026-08-03,2026-06-01,Ações_BDRs_ETFs_FIIs_Units,GPUS11,BRGPUSCTF003,325000
2026-08-03,2026-06-01,Ações_BDRs_ETFs_FIIs_Units,GRND3,BRGRNDACNOR3,10233000
2026-08-03,2026-06-01,Ações_BDRs_ETFs_FIIs_Units,GSGI34,BRGSGIBDR008,1187000
2026-08-03,2026-06-01,Ações_BDRs_ETFs_FIIs_Units,GXUS11,BRGXUSCTF007,1908000
2026-08-03,2026-06-01,Ações_BDRs_ETFs_FIIs_Units,H1AS34,BRH1ASBDR008,909000
2026-08-03,2026-06-01,Ações_BDRs_ETFs_FIIs_Units,H1BA34,BRH1BABDR004,2598000
2026-08-03,2026-06-01,Ações_BDRs_ETFs_FIIs_Units,H1CA34,BRH1CABDR002,1988000
2026-08-03,2026-06-01,Ações_BDRs_ETFs_FIIs_Units,H1DB34,BRH1DBBDR008,8250000
2026-08-03,2026-06-01,Ações_BDRs_ETFs_FIIs_Units,H1EI34,BRH1EIBDR001,1265000
2026-08-03,2026-06-01,Ações_BDRs_ETFs_FIIs_Units,H1FC34,BRH1FCBDR001,572000
2026-08-03,2026-06-01,Ações_BDRs_ETFs_FIIs_Units,H1HH34,BRH1HHBDR006,1871000
2026-08-03,2026-06-01,Ações_BDRs_ETFs_FIIs_Units,H1IG34,BRH1IGBDR006,275000
2026-08-03,2026-06-01,Ações_BDRs_ETFs_FIIs_Units,H1II34,BRH1IIBDR002,9551000
2026-08-03,2026-06-01,Ações_BDRs_ETFs_FIIs_Units,H1LT34,BRH1LTBDR003,2949000
2026-08-03,2026-06-01,Ações_BDRs_ETFs_FIIs_Units,H1OG34,BRH1OGBDR004,1449000
2026-08-03,2026-06-01,Ações_BDRs_ETFs_FIIs_Units,H1PE34,BRH1PEBDR006,1061000
2026-08-03,2026-06-01,Ações_BDRs_ETFs_FIIs_Units,H1RB34,BRH1RBBDR008,1011000
2026-08-03,2026-06-01,Ações_BDRs_ETFs_FIIs_Units,H1RL34,BRH1RLBDR007,1945000
2026-08-03,2026-06-01,Ações_BDRs_ETFs_FIIs_Units,H1SB34,BRH1SBBDR006,1674000
2026-08-03,2026-06-01,Ações_BDRs_ETFs_FIIs_Units,H1SI34,BRH1SIBDR001,1048000
2026-08-03,2026-06-01,Ações_BDRs_ETFs_FIIs_Units,H1ST34,BRH1STBDR008,1910000
2026-08-03,2026-06-01,Ações_BDRs_ETFs_FIIs_Units,H1TH34,BRH1THBDR001,3268000
2026-08-03,2026-06-01,Ações_BDRs_ETFs_FIIs_Units,H1UM34,BRH1UMBDR009,5747000
2026-08-03,2026-06-01,Ações_BDRs_ETFs_FIIs_Units,H2TA34,BRH2TABDR004,5871000
2026-08-03,2026-06-01,Ações_BDRs_ETFs_FIIs_Units,H2UB34,BRH2UBBDR000,10020000
2026-08-03,2026-06-01,Ações_BDRs_ETFs_FIIs_Units,HALI34,BRHALIBDR004,988000
2026-08-03,2026-06-01,Ações_BDRs_ETFs_FIIs_Units,HAPV3,BRHAPVACNOR4,30146000
2026-08-03,2026-06-01,Ações_BDRs_ETFs_FIIs_Units,HBSA3,BRHBSAACNOR0,5259000
2026-08-03,2026-06-01,Ações_BDRs_ETFs_FIIs_Units,HGBS11,BRHGBSCTF000,12500
2026-08-03,2026-06-01,Ações_BDRs_ETFs_FIIs_Units,HGLG11,BRHGLGCTF004,1600
2026-08-03,2026-06-01,Ações_BDRs_ETFs_FIIs_Units,HIGH11,BRHIGHCTF008,32054000
2026-08-03,2026-06-01,Ações_BDRs_ETFs_FIIs_Units,HOME34,BRHOMEBDR002,3477000
2026-08-03,2026-06-01,Ações_BDRs_ETFs_FIIs_Units,HONB34,BRHONBBDR006,86500
2026-08-03,2026-06-01,Ações_BDRs_ETFs_FIIs_Units,HOND34,BRHONDBDR002,787000
2026-08-03,2026-06-01,Ações_BDRs_ETFs_FIIs_Units,HPQB34,BRHPQBBDR006,1576000
2026-08-03,2026-06-01,Ações_BDRs_ETFs_FIIs_Units,HSHY34,BRHSHYBDR001,991000
2026-08-03,2026-06-01,Ações_BDRs_ETFs_FIIs_Units,HTEK11,BRHTEKCTF004,3510000
2026-08-03,2026-06-01,Ações_BDRs_ETFs_FIIs_Units,HYPE3,BRHYPEACNOR0,7469000
2026-08-03,2026-06-01,Ações_BDRs_ETFs_FIIs_Units,I1BN34,BRI1BNBDR006,1529000
2026-08-03,2026-06-01,Ações_BDRs_ETFs_FIIs_Units,I1CE34,BRI1CEBDR003,526000
2026-08-03,2026-06-01,Ações_BDRs_ETFs_FIIs_Units,I1DX34,BRI1DXBDR001,357000
2026-08-03,2026-06-01,Ações_BDRs_ETFs_FIIs_Units,I1EX34,BRI1EXBDR009,3748000
2026-08-03,2026-06-01,Ações_BDRs_ETFs_FIIs_Units,I1FF34,BRI1FFBDR003,1050000
2026-08-03,2026-06-01,Ações_BDRs_ETFs_FIIs_Units,I1FO34,BRI1FOBDR005,6574000
2026-08-03,2026-06-01,Ações_BDRs_ETFs_FIIs_Units,I1HG34,BRI1HGBDR007,602000
2026-08-03,2026-06-01,Ações_BDRs_ETFs_FIIs_Units,I1LM34,BRI1LMBDR007,1315000
2026-08-03,2026-06-01,Ações_BDRs_ETFs_FIIs_Units,I1NC34,BRI1NCBDR004,820000
2026-08-03,2026-06-01,Ações_BDRs_ETFs_FIIs_Units,I1PC34,BRI1PCBDR009,1271000
2026-08-03,2026-06-01,Ações_BDRs_ETFs_FIIs_Units,I1PG34,BRI1PGBDR000,457000
2026-08-03,2026-06-01,Ações_BDRs_ETFs_FIIs_Units,I1QV34,BRI1QVBDR007,974000
2026-08-03,2026-06-01,Ações_BDRs_ETFs_FIIs_Units,I1RM34,BRI1RMBDR004,320000
2026-08-03,2026-06-01,Ações_BDRs_ETFs_FIIs_Units,I1RP34,BRI1RPBDR007,175000
2026-08-03,2026-06-01,Ações_BDRs_ETFs_FIIs_Units,I1SR34,BRI1SRBDR001,1852000
2026-08-03,2026-06-01,Ações_BDRs_ETFs_FIIs_Units,I1TW34,BRI1TWBDR009,594000
2026-08-03,2026-06-01,Ações_BDRs_ETFs_FIIs_Units,I1VZ34,BRI1VZBDR008,1460000
2026-08-03,2026-06-01,Ações_BDRs_ETFs_FIIs_Units,I2NG34,BRI2NGBDR003,2758000
2026-08-03,2026-06-01,Ações_BDRs_ETFs_FIIs_Units,I2NV34,BRI2NVBDR002,6673000
2026-08-03,2026-06-01,Ações_BDRs_ETFs_FIIs_Units,I2RS34,BRI2RSBDR009,3293000
2026-08-03,2026-06-01,Ações_BDRs_ETFs_FIIs_Units,IB5METF11,BRIB5MCTF008,3368600
2026-08-03,2026-06-01,Ações_BDRs_ETFs_FIIs_Units,IBKR34,BRIBKRBDR003,7818000
2026-08-03,2026-06-01,Ações_BDRs_ETFs_FIIs_Units,IBMB34,BRIBMBBDR003,153000
2026-08-03,2026-06-01,Ações_BDRs_ETFs_FIIs_Units,IBOB11,BRIBOBCTF008,25259000
2026-08-03,2026-06-01,Ações_BDRs_ETFs_FIIs_Units,ICLR34,BRICLRBDR009,6837000
2026-08-03,2026-06-01,Ações_BDRs_ETFs_FIIs_Units,IDKAETF11,BRIDKACTF004,8396400
2026-08-03,2026-06-01,Ações_BDRs_ETFs_FIIs_Units,IGTI11,BRIGTICDAM16,5772000
2026-08-03,2026-06-01,Ações_BDRs_ETFs_FIIs_Units,IMABETF11,BRIMABCTF004,15399700
2026-08-03,2026-06-01,Ações_BDRs_ETFs_FIIs_Units,IMBBETF11,BRIMBBCTF002,4073300
2026-08-03,2026-06-01,Ações_BDRs_ETFs_FIIs_Units,INBR32,BRINBRBDR007,10228000
2026-08-03,2026-06-01,Ações_BDRs_ETFs_FIIs_Units,INGG34,BRINGGBDR009,1204000
2026-08-03,2026-06-01,Ações_BDRs_ETFs_FIIs_Units,INTB3,BRINTBACNOR9,6028000
2026-08-03,2026-06-01,Ações_BDRs_ETFs_FIIs_Units,INTU34,BRINTUBDR003,5677000
2026-08-03,2026-06-01,Ações_BDRs_ETFs_FIIs_Units,IRBR3,BRIRBRACNOR4,1718000
2026-08-03,2026-06-01,Ações_BDRs_ETFs_FIIs_Units,IRFMETF11,BRIRFMCTF009,4708300
2026-08-03,2026-06-01,Ações_BDRs_ETFs_FIIs_Units,ISAE4,BRISAEACNPR9,6240000
2026-08-03,2026-06-01,Ações_BDRs_ETFs_FIIs_Units,ITLC34,BRITLCBDR005,2230000
2026-08-03,2026-06-01,Ações_BDRs_ETFs_FIIs_Units,ITSA4,BRITSAACNPR7,81797000
2026-08-03,2026-06-01,Ações_BDRs_ETFs_FIIs_Units,ITUB3,BRITUBACNOR4,3909000
2026-08-03,2026-06-01,Ações_BDRs_ETFs_FIIs_Units,ITUB4,BRITUBACNPR1,74904000
2026-08-03,2026-06-01,Ações_BDRs_ETFs_FIIs_Units,IVVB11,BRIVVBCTF001,1710000
2026-08-03,2026-06-01,Ações_BDRs_ETFs_FIIs_Units,IVWO11,BRIVWOCTF002,9663000
2026-08-03,2026-06-01,Ações_BDRs_ETFs_FIIs_Units,J1BH34,BRJ1BHBDR007,5946000
2026-08-03,2026-06-01,Ações_BDRs_ETFs_FIIs_Units,J1CI34,BRJ1CIBDR003,284000
2026-08-03,2026-06-01,Ações_BDRs_ETFs_FIIs_Units,J1EF34,BRJ1EFBDR005,785000
2026-08-03,2026-06-01,Ações_BDRs_ETFs_FIIs_Units,J1EG34,BRJ1EGBDR003,577000
2026-08-03,2026-06-01,Ações_BDRs_ETFs_FIIs_Units,J1KH34,BRJ1KHBDR008,1025000
2026-08-03,2026-06-01,Ações_BDRs_ETFs_FIIs_Units,J2AZ34,BRJ2AZBDR009,2484000
2026-08-03,2026-06-01,Ações_BDRs_ETFs_FIIs_Units,J2BL34,BRJ2BLBDR007,853000
2026-08-03,2026-06-01,Ações_BDRs_ETFs_FIIs_Units,J2WA34,BRJ2WABDR006,1015000
2026-08-03,2026-06-01,Ações_BDRs_ETFs_FIIs_Units,JBSS32,BRJBSSBDR002,6183000
2026-08-03,2026-06-01,Ações_BDRs_ETFs_FIIs_Units,JDCO34,BRJDCOBDR001,7940000
2026-08-03,2026-06-01,Ações_BDRs_ETFs_FIIs_Units,JHSF3,BRJHSFACNOR2,13599000
2026-08-03,2026-06-01,Ações_BDRs_ETFs_FIIs_Units,JNJB34,BRJNJBBDR002,2566000
2026-08-03,2026-06-01,Ações_BDRs_ETFs_FIIs_Units,JOGO11,BRJOGOCTF008,51000
2026-08-03,2026-06-01,Ações_BDRs_ETFs_FIIs_Units,JPMC34,BRJPMCBDR009,1427000
2026-08-03,2026-06-01,Ações_BDRs_ETFs_FIIs_Units,JSLG3,BRJSLGACNOR2,3278000
2026-08-03,2026-06-01,Ações_BDRs_ETFs_FIIs_Units,JTEK39,BRJTEKBDR001,1066000
2026-08-03,2026-06-01,Ações_BDRs_ETFs_FIIs_Units,K1EY34,BRK1EYBDR003,1853000
2026-08-03,2026-06-01,Ações_BDRs_ETFs_FIIs_Units,K1IM34,BRK1IMBDR009,1732000
2026-08-03,2026-06-01,Ações_BDRs_ETFs_FIIs_Units,K1LA34,BRK1LABDR008,81000
2026-08-03,2026-06-01,Ações_BDRs_ETFs_FIIs_Units,K1MX34,BRK1MXBDR008,2086000
2026-08-03,2026-06-01,Ações_BDRs_ETFs_FIIs_Units,K1RC34,BRK1RCBDR001,593000
2026-08-03,2026-06-01,Ações_BDRs_ETFs_FIIs_Units,K1RG34,BRK1RGBDR002,3014000
2026-08-03,2026-06-01,Ações_BDRs_ETFs_FIIs_Units,K1SG34,BRK1SGBDR000,226000
2026-08-03,2026-06-01,Ações_BDRs_ETFs_FIIs_Units,K1SS34,BRK1SSBDR005,2388000
2026-08-03,2026-06-01,Ações_BDRs_ETFs_FIIs_Units,K1TC34,BRK1TCBDR007,845000
2026-08-03,2026-06-01,Ações_BDRs_ETFs_FIIs_Units,K1YS34,BRK1YSBDR003,3761000
2026-08-03,2026-06-01,Ações_BDRs_ETFs_FIIs_Units,K2RC34,BRK2RCBDR009,7254000
2026-08-03,2026-06-01,Ações_BDRs_ETFs_FIIs_Units,KEPL3,BRKEPLACNOR1,5892000
2026-08-03,2026-06-01,Ações_BDRs_ETFs_FIIs_Units,KHCB34,BRKHCBBDR007,6533000
2026-08-03,2026-06-01,Ações_BDRs_ETFs_FIIs_Units,KLBN11,BRKLBNCDAM18,15175000
2026-08-03,2026-06-01,Ações_BDRs_ETFs_FIIs_Units,KLBN4,BRKLBNACNPR9,10884000
2026-08-03,2026-06-01,Ações_BDRs_ETFs_FIIs_Units,KMBB34,BRKMBBBDR009,402000
2026-08-03,2026-06-01,Ações_BDRs_ETFs_FIIs_Units,KMIC34,BRKMICBDR002,1212000
2026-08-03,2026-06-01,Ações_BDRs_ETFs_FIIs_Units,KMPR34,BRKMPRBDR005,316000
2026-08-03,2026-06-01,Ações_BDRs_ETFs_FIIs_Units,KNCR11,BRKNCRCTF000,2300
2026-08-03,2026-06-01,Ações_BDRs_ETFs_FIIs_Units,KNHF11,BRKNHFCTF004,2500
2026-08-03,2026-06-01,Ações_BDRs_ETFs_FIIs_Units,KNIP11,BRKNIPCTF001,2700
2026-08-03,2026-06-01,Ações_BDRs_ETFs_FIIs_Units,KNSC11,BRKNSCCTF008,27300
2026-08-03,2026-06-01,Ações_BDRs_ETFs_FIIs_Units,L1AM34,BRL1AMBDR005,4130000
2026-08-03,2026-06-01,Ações_BDRs_ETFs_FIIs_Units,L1CA34,BRL1CABDR006,642000
2026-08-03,2026-06-01,Ações_BDRs_ETFs_FIIs_Units,L1DO34,BRL1DOBDR005,3013000
2026-08-03,2026-06-01,Ações_BDRs_ETFs_FIIs_Units,L1EG34,BRL1EGBDR009,1150000
2026-08-03,2026-06-01,Ações_BDRs_ETFs_FIIs_Units,L1EN34,BRL1ENBDR005,446000
2026-08-03,2026-06-01,Ações_BDRs_ETFs_FIIs_Units,L1HX34,BRL1HXBDR007,512000
2026-08-03,2026-06-01,Ações_BDRs_ETFs_FIIs_Units,L1KQ34,BRL1KQBDR005,1566000
2026-08-03,2026-06-01,Ações_BDRs_ETFs_FIIs_Units,L1MN34,BRL1MNBDR008,3658000
2026-08-03,2026-06-01,Ações_BDRs_ETFs_FIIs_Units,L1NC34,BRL1NCBDR009,1040000
2026-08-03,2026-06-01,Ações_BDRs_ETFs_FIIs_Units,L1NE34,BRL1NEBDR005,4845000
2026-08-03,2026-06-01,Ações_BDRs_ETFs_FIIs_Units,L1OE34,BRL1OEBDR003,334000
2026-08-03,2026-06-01,Ações_BDRs_ETFs_FIIs_Units,L1RC34,BRL1RCBDR000,5468000
2026-08-03,2026-06-01,Ações_BDRs_ETFs_FIIs_Units,L1UL34,BRL1ULBDR005,1207000
2026-08-03,2026-06-01,Ações_BDRs_ETFs_FIIs_Units,L1VS34,BRL1VSBDR008,3984000
2026-08-03,2026-06-01,Ações_BDRs_ETFs_FIIs_Units,L1WH34,BRL1WHBDR009,1912000
2026-08-03,2026-06-01,Ações_BDRs_ETFs_FIIs_Units,L1YB34,BRL1YBBDR008,1162000
2026-08-03,2026-06-01,Ações_BDRs_ETFs_FIIs_Units,L1YG34,BRL1YGBDR007,7205000
2026-08-03,2026-06-01,Ações_BDRs_ETFs_FIIs_Units,L1YV34,BRL1YVBDR006,1277000
2026-08-03,2026-06-01,Ações_BDRs_ETFs_FIIs_Units,L2IV34,BRL2IVBDR007,1004000
2026-08-03,2026-06-01,Ações_BDRs_ETFs_FIIs_Units,L2PL34,BRL2PLBDR003,2512000
2026-08-03,2026-06-01,Ações_BDRs_ETFs_FIIs_Units,L2RN34,BRL2RNBDR005,1404000
2026-08-03,2026-06-01,Ações_BDRs_ETFs_FIIs_Units,L2SC34,BRL2SCBDR006,2137000
2026-08-03,2026-06-01,Ações_BDRs_ETFs_FIIs_Units,LAVV3,BRLAVVACNOR4,2048000
2026-08-03,2026-06-01,Ações_BDRs_ETFs_FIIs_Units,LBRD34,BRLBRDBDR002,10639000
2026-08-03,2026-06-01,Ações_BDRs_ETFs_FIIs_Units,LEVE3,BRLEVEACNOR2,986000
2026-08-03,2026-06-01,Ações_BDRs_ETFs_FIIs_Units,LFTBETF11,BRLFTBCTF002,17393800
2026-08-03,2026-06-01,Ações_BDRs_ETFs_FIIs_Units,LFTIETF11,BRLFTICTF007,28247100
2026-08-03,2026-06-01,Ações_BDRs_ETFs_FIIs_Units,LFTSETF11,BRLFTSCTF006,9051400
2026-08-03,2026-06-01,Ações_BDRs_ETFs_FIIs_Units,LFTXETF11,BRLFTXCTF006,195600
2026-08-03,2026-06-01,Ações_BDRs_ETFs_FIIs_Units,LILY34,BRLILYBDR006,1133000
2026-08-03,2026-06-01,Ações_BDRs_ETFs_FIIs_Units,LJQQ3,BRLJQQACNOR5,9879000
2026-08-03,2026-06-01,Ações_BDRs_ETFs_FIIs_Units,LKFT34,BRLKFTBDR004,29069000
2026-08-03,2026-06-01,Ações_BDRs_ETFs_FIIs_Units,LLFTETF11,BRLLFTCTF001,25227500
2026-08-03,2026-06-01,Ações_BDRs_ETFs_FIIs_Units,LMTB34,BRLMTBBDR009,75000
2026-08-03,2026-06-01,Ações_BDRs_ETFs_FIIs_Units,LOGG3,BRLOGGACNOR7,945000
2026-08-03,2026-06-01,Ações_BDRs_ETFs_FIIs_Units,LOWC34,BRLOWCBDR007,3669000
2026-08-03,2026-06-01,Ações_BDRs_ETFs_FIIs_Units,LREN3,BRLRENACNOR1,41285000
2026-08-03,2026-06-01,Ações_BDRs_ETFs_FIIs_Units,LTBXETF11,BRLTBXCTF005,1539200
2026-08-03,2026-06-01,Ações_BDRs_ETFs_FIIs_Units,LTNBETF11,BRLTNBCTF006,881200
2026-08-03,2026-06-01,Ações_BDRs_ETFs_FIIs_Units,LVOL11,BRLVOLCTF009,19670000
2026-08-03,2026-06-01,Ações_BDRs_ETFs_FIIs_Units,LWSA3,BRLWSAACNOR8,13124000
2026-08-03,2026-06-01,Ações_BDRs_ETFs_FIIs_Units,M1AA34,BRM1AABDR009,1279000
2026-08-03,2026-06-01,Ações_BDRs_ETFs_FIIs_Units,M1AS34,BRM1ASBDR001,551000
2026-08-03,2026-06-01,Ações_BDRs_ETFs_FIIs_Units,M1CB34,BRM1CBBDR003,1008000
2026-08-03,2026-06-01,Ações_BDRs_ETFs_FIIs_Units,M1CH34,BRM1CHBDR000,827000
2026-08-03,2026-06-01,Ações_BDRs_ETFs_FIIs_Units,M1CK34,BRM1CKBDR004,209000
2026-08-03,2026-06-01,Ações_BDRs_ETFs_FIIs_Units,M1DB34,BRM1DBBDR001,2669000
2026-08-03,2026-06-01,Ações_BDRs_ETFs_FIIs_Units,M1GM34,BRM1GMBDR019,1046000
2026-08-03,2026-06-01,Ações_BDRs_ETFs_FIIs_Units,M1HK34,BRM1HKBDR003,10010000
2026-08-03,2026-06-01,Ações_BDRs_ETFs_FIIs_Units,M1KC34,BRM1KCBDR004,3387000
2026-08-03,2026-06-01,Ações_BDRs_ETFs_FIIs_Units,M1KT34,BRM1KTBDR008,14216000
2026-08-03,2026-06-01,Ações_BDRs_ETFs_FIIs_Units,M1LM34,BRM1LMBDR001,325000
2026-08-03,2026-06-01,Ações_BDRs_ETFs_FIIs_Units,M1MC34,BRM1MCBDR000,489000
2026-08-03,2026-06-01,Ações_BDRs_ETFs_FIIs_Units,M1NS34,BRM1NSBDR004,3543000
2026-08-03,2026-06-01,Ações_BDRs_ETFs_FIIs_Units,M1PC34,BRM1PCBDR003,178000
2026-08-03,2026-06-01,Ações_BDRs_ETFs_FIIs_Units,M1RN34,BRM1RNBDR006,16921000
2026-08-03,2026-06-01,Ações_BDRs_ETFs_FIIs_Units,M1SC34,BRM1SCBDR007,3007000
2026-08-03,2026-06-01,Ações_BDRs_ETFs_FIIs_Units,M1SI34,BRM1SIBDR004,386000
2026-08-03,2026-06-01,Ações_BDRs_ETFs_FIIs_Units,M1TA34,BRM1TABDR009,2195000
2026-08-03,2026-06-01,Ações_BDRs_ETFs_FIIs_Units,M1TB34,BRM1TBBDR007,754000
2026-08-03,2026-06-01,Ações_BDRs_ETFs_FIIs_Units,M1TC34,BRM1TCBDR005,22573000
2026-08-03,2026-06-01,Ações_BDRs_ETFs_FIIs_Units,M1TD34,BRM1TDBDR003,251000
2026-08-03,2026-06-01,Ações_BDRs_ETFs_FIIs_Units,M1TT34,BRM1TTBDR009,411000
2026-08-03,2026-06-01,Ações_BDRs_ETFs_FIIs_Units,M1UF34,BRM1UFBDR006,1611000
2026-08-03,2026-06-01,Ações_BDRs_ETFs_FIIs_Units,M2KS34,BRM2KSBDR008,2204000
2026-08-03,2026-06-01,Ações_BDRs_ETFs_FIIs_Units,M2PM34,BRM2PMBDR000,3112000
2026-08-03,2026-06-01,Ações_BDRs_ETFs_FIIs_Units,M2PR34,BRM2PRBDR009,1472000
2026-08-03,2026-06-01,Ações_BDRs_ETFs_FIIs_Units,M2PT34,BRM2PTBDR005,5205000
2026-08-03,2026-06-01,Ações_BDRs_ETFs_FIIs_Units,M2RV34,BRM2RVBDR007,2011000
2026-08-03,2026-06-01,Ações_BDRs_ETFs_FIIs_Units,MACY34,BRMACYBDR000,1857000
2026-08-03,2026-06-01,Ações_BDRs_ETFs_FIIs_Units,MARGETF11,BRMARGCTF012,1620300
2026-08-03,2026-06-01,Ações_BDRs_ETFs_FIIs_Units,MBRF3,BRMBRFACNOR1,22631000
2026-08-03,2026-06-01,Ações_BDRs_ETFs_FIIs_Units,MCCI11,BRMCCICTF008,2600
2026-08-03,2026-06-01,Ações_BDRs_ETFs_FIIs_Units,MCDC34,BRMCDCBDR000,2817000
2026-08-03,2026-06-01,Ações_BDRs_ETFs_FIIs_Units,MCOR34,BRMCORBDR005,358000
2026-08-03,2026-06-01,Ações_BDRs_ETFs_FIIs_Units,MCRE11,BRMCRECTF013,27200
2026-08-03,2026-06-01,Ações_BDRs_ETFs_FIIs_Units,MDIA3,BRMDIAACNOR7,1413000
2026-08-03,2026-06-01,Ações_BDRs_ETFs_FIIs_Units,MDLZ34,BRMDLZBDR002,1271000
2026-08-03,2026-06-01,Ações_BDRs_ETFs_FIIs_Units,MDNE3,BRMDNEACNOR9,3236000
2026-08-03,2026-06-01,Ações_BDRs_ETFs_FIIs_Units,MDTC34,BRMDTCBDR004,1019000
2026-08-03,2026-06-01,Ações_BDRs_ETFs_FIIs_Units,MELI34,BRMELIBDR006,5488000
2026-08-03,2026-06-01,Ações_BDRs_ETFs_FIIs_Units,METB34,BRMETBBDR004,513000
2026-08-03,2026-06-01,Ações_BDRs_ETFs_FIIs_Units,MGLU3,BRMGLUACNOR2,52549000
2026-08-03,2026-06-01,Ações_BDRs_ETFs_FIIs_Units,MIDBETF11,BRMIDBCTF008,2466000
2026-08-03,2026-06-01,Ações_BDRs_ETFs_FIIs_Units,MILL11,BRMILLCTF018,557000
2026-08-03,2026-06-01,Ações_BDRs_ETFs_FIIs_Units,MILS3,BRMILSACNOR2,2157000
2026-08-03,2026-06-01,Ações_BDRs_ETFs_FIIs_Units,MKLC34,BRMKLCBDR006,427000
2026-08-03,2026-06-01,Ações_BDRs_ETFs_FIIs_Units,MMMC34,BRMMMCBDR000,1017000
2026-08-03,2026-06-01,Ações_BDRs_ETFs_FIIs_Units,MNDY34,BRMNDYBDR001,10351000
2026-08-03,2026-06-01,Ações_BDRs_ETFs_FIIs_Units,MOOO34,BRMOOOBDR007,552000
2026-08-03,2026-06-01,Ações_BDRs_ETFs_FIIs_Units,MOSC34,BRMOSCBDR003,10038000
2026-08-03,2026-06-01,Ações_BDRs_ETFs_FIIs_Units,MOTB39,BRMOTBBDR003,3092000
2026-08-03,2026-06-01,Ações_BDRs_ETFs_FIIs_Units,MOTV3,BRMOTVACNOR7,25141000
2026-08-03,2026-06-01,Ações_BDRs_ETFs_FIIs_Units,MOVI3,BRMOVIACNOR0,14870000
2026-08-03,2026-06-01,Ações_BDRs_ETFs_FIIs_Units,MRCK34,BRMRCKBDR003,2624000
2026-08-03,2026-06-01,Ações_BDRs_ETFs_FIIs_Units,MRVE3,BRMRVEACNOR2,24519000
2026-08-03,2026-06-01,Ações_BDRs_ETFs_FIIs_Units,MSBR34,BRMSBRBDR008,983000
2026-08-03,2026-06-01,Ações_BDRs_ETFs_FIIs_Units,MSCD34,BRMSCDBDR006,2503000
2026-08-03,2026-06-01,Ações_BDRs_ETFs_FIIs_Units,MSFT34,BRMSFTBDR005,3579000
2026-08-03,2026-06-01,Ações_BDRs_ETFs_FIIs_Units,MULT3,BRMULTACNOR5,10416000
2026-08-03,2026-06-01,Ações_BDRs_ETFs_FIIs_Units,MUTC34,BRMUTCBDR008,340000
2026-08-03,2026-06-01,Ações_BDRs_ETFs_FIIs_Units,MXRF11,BRMXRFCTF008,25100
2026-08-03,2026-06-01,Ações_BDRs_ETFs_FIIs_Units,MYPK3,BRMYPKACNOR7,3484000
2026-08-03,2026-06-01,Ações_BDRs_ETFs_FIIs_Units,N1BI34,BRN1BIBDR009,5020000
2026-08-03,2026-06-01,Ações_BDRs_ETFs_FIIs_Units,N1CL34,BRN1CLBDR001,2192000
2026-08-03,2026-06-01,Ações_BDRs_ETFs_FIIs_Units,N1DA34,BRN1DABDR002,876000
2026-08-03,2026-06-01,Ações_BDRs_ETFs_FIIs_Units,N1EM34,BRN1EMBDR005,368000
2026-08-03,2026-06-01,Ações_BDRs_ETFs_FIIs_Units,N1GG34,BRN1GGBDR002,2812000
2026-08-03,2026-06-01,Ações_BDRs_ETFs_FIIs_Units,N1IC34,BRN1ICBDR007,9619000
2026-08-03,2026-06-01,Ações_BDRs_ETFs_FIIs_Units,N1IS34,BRN1ISBDR003,847000
2026-08-03,2026-06-01,Ações_BDRs_ETFs_FIIs_Units,N1MR34,BRN1MRBDR007,1489000
2026-08-03,2026-06-01,Ações_BDRs_ETFs_FIIs_Units,N1OV34,BRN1OVBDR005,1944000
2026-08-03,2026-06-01,Ações_BDRs_ETFs_FIIs_Units,N1OW34,BRN1OWBDR003,19390000
2026-08-03,2026-06-01,Ações_BDRs_ETFs_FIIs_Units,N1RG34,BRN1RGBDR009,279000
2026-08-03,2026-06-01,Ações_BDRs_ETFs_FIIs_Units,N1SC34,BRN1SCBDR006,524000
2026-08-03,2026-06-01,Ações_BDRs_ETFs_FIIs_Units,N1TA34,BRN1TABDR008,276000
2026-08-03,2026-06-01,Ações_BDRs_ETFs_FIIs_Units,N1TR34,BRN1TRBDR002,585000
2026-08-03,2026-06-01,Ações_BDRs_ETFs_FIIs_Units,N1UE34,BRN1UEBDR008,1945000
2026-08-03,2026-06-01,Ações_BDRs_ETFs_FIIs_Units,N1VO34,BRN1VOBDR005,7103000
2026-08-03,2026-06-01,Ações_BDRs_ETFs_FIIs_Units,N1VR34,BRN1VRBDR008,338000
2026-08-03,2026-06-01,Ações_BDRs_ETFs_FIIs_Units,N1VS34,BRN1VSBDR006,2609000
2026-08-03,2026-06-01,Ações_BDRs_ETFs_FIIs_Units,N1WL34,BRN1WLBDR009,3050000
2026-08-03,2026-06-01,Ações_BDRs_ETFs_FIIs_Units,N1WS34,BRN1WSBDR004,1533000
2026-08-03,2026-06-01,Ações_BDRs_ETFs_FIIs_Units,N1WS35,BRN1WSBDR012,1249000
2026-08-03,2026-06-01,Ações_BDRs_ETFs_FIIs_Units,N1XP34,BRN1XPBDR008,240000
2026-08-03,2026-06-01,Ações_BDRs_ETFs_FIIs_Units,N2ET34,BRN2ETBDR008,3402000
2026-08-03,2026-06-01,Ações_BDRs_ETFs_FIIs_Units,N2LY34,BRN2LYBDR003,1827000
2026-08-03,2026-06-01,Ações_BDRs_ETFs_FIIs_Units,N2TN34,BRN2TNBDR009,3766000
2026-08-03,2026-06-01,Ações_BDRs_ETFs_FIIs_Units,N2VC34,BRN2VCBDR008,5041000
2026-08-03,2026-06-01,Ações_BDRs_ETFs_FIIs_Units,NASD11,BRNASDCTF007,13645000
2026-08-03,2026-06-01,Ações_BDRs_ETFs_FIIs_Units,NATU3,BRNATUACNOR6,22346000
2026-08-03,2026-06-01,Ações_BDRs_ETFs_FIIs_Units,NBOV11,BRNBOVCTF006,8936000
2026-08-03,2026-06-01,Ações_BDRs_ETFs_FIIs_Units,NCDIETF11,BRNCDICTF004,1320700
2026-08-03,2026-06-01,Ações_BDRs_ETFs_FIIs_Units,NDIV11,BRNDIVCTF004,8847000
2026-08-03,2026-06-01,Ações_BDRs_ETFs_FIIs_Units,NETE34,BRNETEBDR006,3142000
2026-08-03,2026-06-01,Ações_BDRs_ETFs_FIIs_Units,NEXT34,BRNEXTBDR006,1799000
2026-08-03,2026-06-01,Ações_BDRs_ETFs_FIIs_Units,NFLX34,BRNFLXBDR000,26686000
2026-08-03,2026-06-01,Ações_BDRs_ETFs_FIIs_Units,NIKE34,BRNIKEBDR006,8694000
2026-08-03,2026-06-01,Ações_BDRs_ETFs_FIIs_Units,NMRH34,BRNMRHBDR006,915000
2026-08-03,2026-06-01,Ações_BDRs_ETFs_FIIs_Units,NOCG34,BRNOCGBDR006,357000
2026-08-03,2026-06-01,Ações_BDRs_ETFs_FIIs_Units,NOKI34,BRNOKIBDR005,2519000
2026-08-03,2026-06-01,Ações_BDRs_ETFs_FIIs_Units,NSAT34,BRNSATBDR004,2110000
2026-08-03,2026-06-01,Ações_BDRs_ETFs_FIIs_Units,NSDV11,BRNSDVCTF003,7139000
2026-08-03,2026-06-01,Ações_BDRs_ETFs_FIIs_Units,NTNSETF11,BRNTNSCTF006,1313100
2026-08-03,2026-06-01,Ações_BDRs_ETFs_FIIs_Units,NTST34,BRNTSTBDR004,1279000
2026-08-03,2026-06-01,Ações_BDRs_ETFs_FIIs_Units,NUCL11,BRNUCLCTF002,2132000
2026-08-03,2026-06-01,Ações_BDRs_ETFs_FIIs_Units,NVDC34,BRNVDCBDR008,20844000
2026-08-03,2026-06-01,Ações_BDRs_ETFs_FIIs_Units,O1DF34,BRO1DFBDR000,4205000
2026-08-03,2026-06-01,Ações_BDRs_ETFs_FIIs_Units,O1KE34,BRO1KEBDR008,839000
2026-08-03,2026-06-01,Ações_BDRs_ETFs_FIIs_Units,O1KT34,BRO1KTBDR006,8790000
2026-08-03,2026-06-01,Ações_BDRs_ETFs_FIIs_Units,O1MC34,BRO1MCBDR008,1078000
2026-08-03,2026-06-01,Ações_BDRs_ETFs_FIIs_Units,O1TI34,BRO1TIBDR000,5460000
2026-08-03,2026-06-01,Ações_BDRs_ETFs_FIIs_Units,O1UT34,BRO1UTBDR005,1966000
2026-08-03,2026-06-01,Ações_BDRs_ETFs_FIIs_Units,O2HI34,BRO2HIBDR003,2504000
2026-08-03,2026-06-01,Ações_BDRs_ETFs_FIIs_Units,O2LE34,BRO2LEBDR004,6430000
2026-08-03,2026-06-01,Ações_BDRs_ETFs_FIIs_Units,O2NS34,BRO2NSBDR000,2541000
2026-08-03,2026-06-01,Ações_BDRs_ETFs_FIIs_Units,ORCL34,BRORCLBDR007,1433000
2026-08-03,2026-06-01,Ações_BDRs_ETFs_FIIs_Units,ORLY34,BRORLYBDR001,137010000
2026-08-03,2026-06-01,Ações_BDRs_ETFs_FIIs_Units,OROF11,BROROFCTF003,2002000
2026-08-03,2026-06-01,Ações_BDRs_ETFs_FIIs_Units,ORVR3,BRORVRACNOR0,1818000
2026-08-03,2026-06-01,Ações_BDRs_ETFs_FIIs_Units,OURO11,BROUROCTF002,419000
2026-08-03,2026-06-01,Ações_BDRs_ETFs_FIIs_Units,OXYP34,BROXYPBDR000,4182000
2026-08-03,2026-06-01,Ações_BDRs_ETFs_FIIs_Units,P1AC34,BRP1ACBDR002,722000
2026-08-03,2026-06-01,Ações_BDRs_ETFs_FIIs_Units,P1AY34,BRP1AYBDR006,826000
2026-08-03,2026-06-01,Ações_BDRs_ETFs_FIIs_Units,P1DD34,BRP1DDBDR004,4615000
2026-08-03,2026-06-01,Ações_BDRs_ETFs_FIIs_Units,P1DT34,BRP1DTBDR000,772000
2026-08-03,2026-06-01,Ações_BDRs_ETFs_FIIs_Units,P1EA34,BRP1EABDR008,1986000
2026-08-03,2026-06-01,Ações_BDRs_ETFs_FIIs_Units,P1EG34,BRP1EGBDR005,490000
2026-08-03,2026-06-01,Ações_BDRs_ETFs_FIIs_Units,P1FG34,BRP1FGBDR002,642000
2026-08-03,2026-06-01,Ações_BDRs_ETFs_FIIs_Units,P1GR34,BRP1GRBDR007,401000
2026-08-03,2026-06-01,Ações_BDRs_ETFs_FIIs_Units,P1HC34,BRP1HCBDR007,184000
2026-08-03,2026-06-01,Ações_BDRs_ETFs_FIIs_Units,P1HM34,BRP1HMBDR006,333000
2026-08-03,2026-06-01,Ações_BDRs_ETFs_FIIs_Units,P1KG34,BRP1KGBDR002,363000
2026-08-03,2026-06-01,Ações_BDRs_ETFs_FIIs_Units,P1LD34,BRP1LDBDR007,3236000
2026-08-03,2026-06-01,Ações_BDRs_ETFs_FIIs_Units,P1NR34,BRP1NRBDR003,337000
2026-08-03,2026-06-01,Ações_BDRs_ETFs_FIIs_Units,P1NW34,BRP1NWBDR003,833000
2026-08-03,2026-06-01,Ações_BDRs_ETFs_FIIs_Units,P1PG34,BRP1PGBDR001,700000
2026-08-03,2026-06-01,Ações_BDRs_ETFs_FIIs_Units,P1PL34,BRP1PLBDR001,1045000
2026-08-03,2026-06-01,Ações_BDRs_ETFs_FIIs_Units,P1RG34,BRP1RGBDR007,1395000
2026-08-03,2026-06-01,Ações_BDRs_ETFs_FIIs_Units,P1SA34,BRP1SABDR008,656000
2026-08-03,2026-06-01,Ações_BDRs_ETFs_FIIs_Units,P1SX34,BRP1SXBDR000,471000
2026-08-03,2026-06-01,Ações_BDRs_ETFs_FIIs_Units,P1UK34,BRP1UKBDR003,1705000
2026-08-03,2026-06-01,Ações_BDRs_ETFs_FIIs_Units,P1VH34,BRP1VHBDR007,896000
2026-08-03,2026-06-01,Ações_BDRs_ETFs_FIIs_Units,P1YC34,BRP1YCBDR002,8866000
2026-08-03,2026-06-01,Ações_BDRs_ETFs_FIIs_Units,P2AN34,BRP2ANBDR007,9773000
2026-08-03,2026-06-01,Ações_BDRs_ETFs_FIIs_Units,P2AT34,BRP2ATBDR004,28577000
2026-08-03,2026-06-01,Ações_BDRs_ETFs_FIIs_Units,P2CF34,BRP2CFBDR009,8604000
2026-08-03,2026-06-01,Ações_BDRs_ETFs_FIIs_Units,P2CO34,BRP2COBDR001,8688000
2026-08-03,2026-06-01,Ações_BDRs_ETFs_FIIs_Units,P2CY34,BRP2CYBDR000,10131000
2026-08-03,2026-06-01,Ações_BDRs_ETFs_FIIs_Units,P2EG34,BRP2EGBDR003,13812000
2026-08-03,2026-06-01,Ações_BDRs_ETFs_FIIs_Units,P2EN34,BRP2ENBDR009,18078000
2026-08-03,2026-06-01,Ações_BDRs_ETFs_FIIs_Units,P2IN34,BRP2INBDR000,12239000
2026-08-03,2026-06-01,Ações_BDRs_ETFs_FIIs_Units,P2LN34,BRP2LNBDR004,6441000
2026-08-03,2026-06-01,Ações_BDRs_ETFs_FIIs_Units,P2LT34,BRP2LTBDR001,945000
2026-08-03,2026-06-01,Ações_BDRs_ETFs_FIIs_Units,P2NB34,BRP2NBBDR005,3480000
2026-08-03,2026-06-01,Ações_BDRs_ETFs_FIIs_Units,P2OD34,BRP2ODBDR009,7751000
2026-08-03,2026-06-01,Ações_BDRs_ETFs_FIIs_Units,P2OS34,BRP2OSBDR007,2303000
2026-08-03,2026-06-01,Ações_BDRs_ETFs_FIIs_Units,P2ST34,BRP2STBDR006,1853000
2026-08-03,2026-06-01,Ações_BDRs_ETFs_FIIs_Units,P2TC34,BRP2TCBDR000,4258000
2026-08-03,2026-06-01,Ações_BDRs_ETFs_FIIs_Units,PACBETF11,BRPACBCTF000,54212100
2026-08-03,2026-06-01,Ações_BDRs_ETFs_FIIs_Units,PACCETF11,BRPACCCTF008,9562600
2026-08-03,2026-06-01,Ações_BDRs_ETFs_FIIs_Units,PACGETF11,BRPACGCTF009,7600100
2026-08-03,2026-06-01,Ações_BDRs_ETFs_FIIs_Units,PACLETF11,BRPACLCTF009,1498400
2026-08-03,2026-06-01,Ações_BDRs_ETFs_FIIs_Units,PAGS34,BRPAGSBDR006,10716000
2026-08-03,2026-06-01,Ações_BDRs_ETFs_FIIs_Units,PEPB34,BRPEPBBDR005,4012000
2026-08-03,2026-06-01,Ações_BDRs_ETFs_FIIs_Units,PETR3,BRPETRACNOR9,40498000
2026-08-03,2026-06-01,Ações_BDRs_ETFs_FIIs_Units,PETR4,BRPETRACNPR6,129681000
2026-08-03,2026-06-01,Ações_BDRs_ETFs_FIIs_Units,PEVC11,BRPEVCCTF000,609000
2026-08-03,2026-06-01,Ações_BDRs_ETFs_FIIs_Units,PFIZ34,BRPFIZBDR006,6077000
2026-08-03,2026-06-01,Ações_BDRs_ETFs_FIIs_Units,PFJRETF11,BRPFJRCTF000,2500
2026-08-03,2026-06-01,Ações_BDRs_ETFs_FIIs_Units,PGCO34,BRPGCOBDR001,3768000
2026-08-03,2026-06-01,Ações_BDRs_ETFs_FIIs_Units,PGMN3,BRPGMNACNOR8,13812000
2026-08-03,2026-06-01,Ações_BDRs_ETFs_FIIs_Units,PHGN34,BRPHGNBDR002,536000
2026-08-03,2026-06-01,Ações_BDRs_ETFs_FIIs_Units,PHIPETF11,BRPHIPCTF002,2635500
2026-08-03,2026-06-01,Ações_BDRs_ETFs_FIIs_Units,PHMO34,BRPHMOBDR008,420000
2026-08-03,2026-06-01,Ações_BDRs_ETFs_FIIs_Units,PIBB11,BRPIBBCTF005,88231000
2026-08-03,2026-06-01,Ações_BDRs_ETFs_FIIs_Units,PIPE11,BRPIPECTF009,436000
2026-08-03,2026-06-01,Ações_BDRs_ETFs_FIIs_Units,PLPL3,BRPLPLACNOR5,9026000
2026-08-03,2026-06-01,Ações_BDRs_ETFs_FIIs_Units,PNCS34,BRPNCSBDR008,359000
2026-08-03,2026-06-01,Ações_BDRs_ETFs_FIIs_Units,PNVL3,BRPNVLACNOR9,2412000
2026-08-03,2026-06-01,Ações_BDRs_ETFs_FIIs_Units,POMO4,BRPOMOACNPR7,29166000
2026-08-03,2026-06-01,Ações_BDRs_ETFs_FIIs_Units,POSBETF11,BRPOSBCTF007,781200
2026-08-03,2026-06-01,Ações_BDRs_ETFs_FIIs_Units,PPLI34,BRPPLIBDR005,10387000
2026-08-03,2026-06-01,Ações_BDRs_ETFs_FIIs_Units,PRAF11,BRPRAFCTF017,2002000
2026-08-03,2026-06-01,Ações_BDRs_ETFs_FIIs_Units,PREXETF11,BRPREXCTF004,48900
2026-08-03,2026-06-01,Ações_BDRs_ETFs_FIIs_Units,PRIO3,BRPRIOACNOR1,34976000
2026-08-03,2026-06-01,Ações_BDRs_ETFs_FIIs_Units,PRNR3,BRPRNRACNOR4,1409000
2026-08-03,2026-06-01,Ações_BDRs_ETFs_FIIs_Units,PSKY34,BRPSKYBDR008,3671000
2026-08-03,2026-06-01,Ações_BDRs_ETFs_FIIs_Units,PSSA3,BRPSSAACNOR7,5027000
2026-08-03,2026-06-01,Ações_BDRs_ETFs_FIIs_Units,PVBI11,BRPVBICTF003,3400
2026-08-03,2026-06-01,Ações_BDRs_ETFs_FIIs_Units,PYPL34,BRPYPLBDR002,18234000
2026-08-03,2026-06-01,Ações_BDRs_ETFs_FIIs_Units,Q1RV34,BRQ1RVBDR005,719000
2026-08-03,2026-06-01,Ações_BDRs_ETFs_FIIs_Units,Q1UA34,BRQ1UABDR003,640000
2026-08-03,2026-06-01,Ações_BDRs_ETFs_FIIs_Units,Q1UE34,BRQ1UEBDR005,399000
2026-08-03,2026-06-01,Ações_BDRs_ETFs_FIIs_Units,Q2SC34,BRQ2SCBDR001,13037000
2026-08-03,2026-06-01,Ações_BDRs_ETFs_FIIs_Units,QCOM34,BRQCOMBDR007,2026000
2026-08-03,2026-06-01,Ações_BDRs_ETFs_FIIs_Units,QQQI11,BRQQQICTF009,2188000
2026-08-03,2026-06-01,Ações_BDRs_ETFs_FIIs_Units,QUAL3,BRQUALACNOR6,11066000
2026-08-03,2026-06-01,Ações_BDRs_ETFs_FIIs_Units,R1CL34,BRR1CLBDR007,287000
2026-08-03,2026-06-01,Ações_BDRs_ETFs_FIIs_Units,R1DY34,BRR1DYBDR008,6589000
2026-08-03,2026-06-01,Ações_BDRs_ETFs_FIIs_Units,R1EG34,BRR1EGBDR003,956000
2026-08-03,2026-06-01,Ações_BDRs_ETFs_FIIs_Units,R1EL34,BRR1ELBDR003,4826000
2026-08-03,2026-06-01,Ações_BDRs_ETFs_FIIs_Units,R1FC34,BRR1FCBDR009,1408000
2026-08-03,2026-06-01,Ações_BDRs_ETFs_FIIs_Units,R1HI34,BRR1HIBDR002,1417000
2026-08-03,2026-06-01,Ações_BDRs_ETFs_FIIs_Units,R1HP34,BRR1HPBDR007,2808000
2026-08-03,2026-06-01,Ações_BDRs_ETFs_FIIs_Units,R1IN34,BRR1INBDR000,1257000
2026-08-03,2026-06-01,Ações_BDRs_ETFs_FIIs_Units,R1JF34,BRR1JFBDR004,517000
2026-08-03,2026-06-01,Ações_BDRs_ETFs_FIIs_Units,R1KU34,BRR1KUBDR001,5970000
2026-08-03,2026-06-01,Ações_BDRs_ETFs_FIIs_Units,R1LC34,BRR1LCBDR007,207000
2026-08-03,2026-06-01,Ações_BDRs_ETFs_FIIs_Units,R1MD34,BRR1MDBDR003,768000
2026-08-03,2026-06-01,Ações_BDRs_ETFs_FIIs_Units,R1OK34,BRR1OKBDR004,353000
2026-08-03,2026-06-01,Ações_BDRs_ETFs_FIIs_Units,R1OL34,BRR1OLBDR002,784000
2026-08-03,2026-06-01,Ações_BDRs_ETFs_FIIs_Units,R1OP34,BRR1OPBDR003,1197000
2026-08-03,2026-06-01,Ações_BDRs_ETFs_FIIs_Units,R1SG34,BRR1SGBDR003,402000
2026-08-03,2026-06-01,Ações_BDRs_ETFs_FIIs_Units,R1VT34,BRR1VTBDR000,11771000
2026-08-03,2026-06-01,Ações_BDRs_ETFs_FIIs_Units,R1YA34,BRR1YABDR004,5133000
2026-08-03,2026-06-01,Ações_BDRs_ETFs_FIIs_Units,R2AR34,BRR2ARBDR006,8743000
2026-08-03,2026-06-01,Ações_BDRs_ETFs_FIIs_Units,R2BL34,BRR2BLBDR007,8626000
2026-08-03,2026-06-01,Ações_BDRs_ETFs_FIIs_Units,R2GE34,BRR2GEBDR001,10781000
2026-08-03,2026-06-01,Ações_BDRs_ETFs_FIIs_Units,R2HH34,BRR2HHBDR002,20661000
2026-08-03,2026-06-01,Ações_BDRs_ETFs_FIIs_Units,R2NG34,BRR2NGBDR002,19899000
2026-08-03,2026-06-01,Ações_BDRs_ETFs_FIIs_Units,R2PD34,BRR2PDBDR004,11009000
2026-08-03,2026-06-01,Ações_BDRs_ETFs_FIIs_Units,R2RX34,BRR2RXBDR008,3478000
2026-08-03,2026-06-01,Ações_BDRs_ETFs_FIIs_Units,RADL3,BRRADLACNOR0,25813000
2026-08-03,2026-06-01,Ações_BDRs_ETFs_FIIs_Units,RAIL3,BRRAILACNOR9,30651000
2026-08-03,2026-06-01,Ações_BDRs_ETFs_FIIs_Units,RANI3,BRRANIACNOR5,2285000
2026-08-03,2026-06-01,Ações_BDRs_ETFs_FIIs_Units,RAPT4,BRRAPTACNPR4,12455000
2026-08-03,2026-06-01,Ações_BDRs_ETFs_FIIs_Units,RARA11,BRRARACTF006,10000000
2026-08-03,2026-06-01,Ações_BDRs_ETFs_FIIs_Units,RBRR11,BRRBRRCTF008,3000
2026-08-03,2026-06-01,Ações_BDRs_ETFs_FIIs_Units,RBRX11,BRRBRXCTF006,29900
2026-08-03,2026-06-01,Ações_BDRs_ETFs_FIIs_Units,RBRY11,BRRBRYCTF004,2700
2026-08-03,2026-06-01,Ações_BDRs_ETFs_FIIs_Units,RDOR3,BRRDORACNOR8,17395000
2026-08-03,2026-06-01,Ações_BDRs_ETFs_FIIs_Units,RECV3,BRRECVACNOR3,10589000
2026-08-03,2026-06-01,Ações_BDRs_ETFs_FIIs_Units,REGN34,BRREGNBDR005,3767000
2026-08-03,2026-06-01,Ações_BDRs_ETFs_FIIs_Units,RENT3,BRRENTACNOR4,23457000
2026-08-03,2026-06-01,Ações_BDRs_ETFs_FIIs_Units,RENT4,BRRENTACNPR1,938280
2026-08-03,2026-06-01,Ações_BDRs_ETFs_FIIs_Units,REVE11,BRREVECTF002,296000
2026-08-03,2026-06-01,Ações_BDRs_ETFs_FIIs_Units,RGTI34,BRRGTIBDR003,1605000
2026-08-03,2026-06-01,Ações_BDRs_ETFs_FIIs_Units,RIAA3,BRRIAAACNOR2,4954000
2026-08-03,2026-06-01,Ações_BDRs_ETFs_FIIs_Units,RIGG34,BRRIGGBDR000,6461000
2026-08-03,2026-06-01,Ações_BDRs_ETFs_FIIs_Units,RIOT34,BRRIOTBDR007,386000
2026-08-03,2026-06-01,Ações_BDRs_ETFs_FIIs_Units,ROST34,BRROSTBDR006,336000
2026-08-03,2026-06-01,Ações_BDRs_ETFs_FIIs_Units,ROXO34,BRROXOBDR007,42664000
2026-08-03,2026-06-01,Ações_BDRs_ETFs_FIIs_Units,RYTT34,BRRYTTBDR003,1336000
2026-08-03,2026-06-01,Ações_BDRs_ETFs_FIIs_Units,S1AK34,BRS1AKBDR002,6142000
2026-08-03,2026-06-01,Ações_BDRs_ETFs_FIIs_Units,S1BA34,BRS1BABDR001,1004000
2026-08-03,2026-06-01,Ações_BDRs_ETFs_FIIs_Units,S1BS34,BRS1BSBDR003,6233000
2026-08-03,2026-06-01,Ações_BDRs_ETFs_FIIs_Units,S1HW34,BRS1HWBDR002,1281000
2026-08-03,2026-06-01,Ações_BDRs_ETFs_FIIs_Units,S1JM34,BRS1JMBDR009,828000
2026-08-03,2026-06-01,Ações_BDRs_ETFs_FIIs_Units,S1KM34,BRS1KMBDR007,3208000
2026-08-03,2026-06-01,Ações_BDRs_ETFs_FIIs_Units,S1KT34,BRS1KTBDR002,1683000
2026-08-03,2026-06-01,Ações_BDRs_ETFs_FIIs_Units,S1LG34,BRS1LGBDR007,1119000
2026-08-03,2026-06-01,Ações_BDRs_ETFs_FIIs_Units,S1MF34,BRS1MFBDR007,994000
2026-08-03,2026-06-01,Ações_BDRs_ETFs_FIIs_Units,S1NA34,BRS1NABDR006,445000
2026-08-03,2026-06-01,Ações_BDRs_ETFs_FIIs_Units,S1NN34,BRS1NNBDR009,2201000
2026-08-03,2026-06-01,Ações_BDRs_ETFs_FIIs_Units,S1NP34,BRS1NPBDR004,301000
2026-08-03,2026-06-01,Ações_BDRs_ETFs_FIIs_Units,S1OU34,BRS1OUBDR002,906000
2026-08-03,2026-06-01,Ações_BDRs_ETFs_FIIs_Units,S1PO34,BRS1POBDR002,306000
2026-08-03,2026-06-01,Ações_BDRs_ETFs_FIIs_Units,S1RE34,BRS1REBDR009,1728000
2026-08-03,2026-06-01,Ações_BDRs_ETFs_FIIs_Units,S1RP34,BRS1RPBDR005,28263000
2026-08-03,2026-06-01,Ações_BDRs_ETFs_FIIs_Units,S1SL34,BRS1SLBDR002,1212000
2026-08-03,2026-06-01,Ações_BDRs_ETFs_FIIs_Units,S1SN34,BRS1SNBDR008,3723000
2026-08-03,2026-06-01,Ações_BDRs_ETFs_FIIs_Units,S1TE34,BRS1TEBDR005,3516000
2026-08-03,2026-06-01,Ações_BDRs_ETFs_FIIs_Units,S1TT34,BRS1TTBDR003,266000
2026-08-03,2026-06-01,Ações_BDRs_ETFs_FIIs_Units,S1TX34,BRS1TXBDR005,46000
2026-08-03,2026-06-01,Ações_BDRs_ETFs_FIIs_Units,S1WK34,BRS1WKBDR006,2030000
2026-08-03,2026-06-01,Ações_BDRs_ETFs_FIIs_Units,S1YF34,BRS1YFBDR002,559000
2026-08-03,2026-06-01,Ações_BDRs_ETFs_FIIs_Units,S1YK34,BRS1YKBDR002,2547000
2026-08-03,2026-06-01,Ações_BDRs_ETFs_FIIs_Units,S1YM34,BRS1YMBDR008,1598000
2026-08-03,2026-06-01,Ações_BDRs_ETFs_FIIs_Units,S1YY34,BRS1YYBDR003,1058000
2026-08-03,2026-06-01,Ações_BDRs_ETFs_FIIs_Units,S2CH34,BRS2CHBDR002,2994000
2026-08-03,2026-06-01,Ações_BDRs_ETFs_FIIs_Units,S2EA34,BRS2EABDR003,10743000
2026-08-03,2026-06-01,Ações_BDRs_ETFs_FIIs_Units,S2ED34,BRS2EDBDR007,19401000
2026-08-03,2026-06-01,Ações_BDRs_ETFs_FIIs_Units,S2EI34,BRS2EIBDR006,2247000
2026-08-03,2026-06-01,Ações_BDRs_ETFs_FIIs_Units,S2FM34,BRS2FMBDR005,1295000
2026-08-03,2026-06-01,Ações_BDRs_ETFs_FIIs_Units,S2GI34,BRS2GIBDR001,1580000
2026-08-03,2026-06-01,Ações_BDRs_ETFs_FIIs_Units,S2HO34,BRS2HOBDR007,44128000
2026-08-03,2026-06-01,Ações_BDRs_ETFs_FIIs_Units,S2LA34,BRS2LABDR008,6205000
2026-08-03,2026-06-01,Ações_BDRs_ETFs_FIIs_Units,S2MP34,BRS2MPBDR004,4221000
2026-08-03,2026-06-01,Ações_BDRs_ETFs_FIIs_Units,S2NA34,BRS2NABDR004,40324000
2026-08-03,2026-06-01,Ações_BDRs_ETFs_FIIs_Units,S2NW34,BRS2NWBDR008,9099000
2026-08-03,2026-06-01,Ações_BDRs_ETFs_FIIs_Units,S2TA34,BRS2TABDR001,2949000
2026-08-03,2026-06-01,Ações_BDRs_ETFs_FIIs_Units,S2TW34,BRS2TWBDR005,4647000
2026-08-03,2026-06-01,Ações_BDRs_ETFs_FIIs_Units,S2UI34,BRS2UIBDR002,6319000
2026-08-03,2026-06-01,Ações_BDRs_ETFs_FIIs_Units,S2YN34,BRS2YNBDR004,11421000
2026-08-03,2026-06-01,Ações_BDRs_ETFs_FIIs_Units,SANB11,BRSANBCDAM13,8484000
2026-08-03,2026-06-01,Ações_BDRs_ETFs_FIIs_Units,SAPP34,BRSAPPBDR007,228000
2026-08-03,2026-06-01,Ações_BDRs_ETFs_FIIs_Units,SAPR11,BRSAPRCDAM13,4228000
2026-08-03,2026-06-01,Ações_BDRs_ETFs_FIIs_Units,SAPR4,BRSAPRACNPR6,3750000
2026-08-03,2026-06-01,Ações_BDRs_ETFs_FIIs_Units,SAUD3,BRSAUDACNOR9,10399000
2026-08-03,2026-06-01,Ações_BDRs_ETFs_FIIs_Units,SBFG3,BRSBFGACNOR1,5632000
2026-08-03,2026-06-01,Ações_BDRs_ETFs_FIIs_Units,SBSP3,BRSBSPACNOR5,42572000
2026-08-03,2026-06-01,Ações_BDRs_ETFs_FIIs_Units,SBUB34,BRSBUBBDR005,389000
2026-08-03,2026-06-01,Ações_BDRs_ETFs_FIIs_Units,SCHW34,BRSCHWBDR006,3668000
2026-08-03,2026-06-01,Ações_BDRs_ETFs_FIIs_Units,SCVB11,BRSCVBCTF000,2918000
2026-08-03,2026-06-01,Ações_BDRs_ETFs_FIIs_Units,SDRH34,BRSDRHBDR004,5053000
2026-08-03,2026-06-01,Ações_BDRs_ETFs_FIIs_Units,SEER3,BRSEERACNOR5,3006000
2026-08-03,2026-06-01,Ações_BDRs_ETFs_FIIs_Units,SFIXETF11,BRSFIXCTF012,122300
2026-08-03,2026-06-01,Ações_BDRs_ETFs_FIIs_Units,SHLD39,BRSHLDBDR007,4867000
2026-08-03,2026-06-01,Ações_BDRs_ETFs_FIIs_Units,SIMH3,BRSIMHACNOR0,11393000
2026-08-03,2026-06-01,Ações_BDRs_ETFs_FIIs_Units,SIMN34,BRSIMNBDR002,759000
2026-08-03,2026-06-01,Ações_BDRs_ETFs_FIIs_Units,SIVR39,BRSIVRBDR004,1677000
2026-08-03,2026-06-01,Ações_BDRs_ETFs_FIIs_Units,SLBG34,BRSLBGBDR003,1408000
2026-08-03,2026-06-01,Ações_BDRs_ETFs_FIIs_Units,SLCE3,BRSLCEACNOR2,6768000
2026-08-03,2026-06-01,Ações_BDRs_ETFs_FIIs_Units,SLVR11,BRSLVRCTF007,4297000
2026-08-03,2026-06-01,Ações_BDRs_ETFs_FIIs_Units,SMAL11,BRSMALCTF002,6356000
2026-08-03,2026-06-01,Ações_BDRs_ETFs_FIIs_Units,SMFT3,BRSMFTACNOR1,18306000
2026-08-03,2026-06-01,Ações_BDRs_ETFs_FIIs_Units,SMTO3,BRSMTOACNOR3,8453000
2026-08-03,2026-06-01,Ações_BDRs_ETFs_FIIs_Units,SNEC34,BRSNECBDR002,1809000
2026-08-03,2026-06-01,Ações_BDRs_ETFs_FIIs_Units,SOJA3,BRSOJAACNOR9,2874000
2026-08-03,2026-06-01,Ações_BDRs_ETFs_FIIs_Units,SPBZ11,BRSPBZCTF003,1943000
2026-08-03,2026-06-01,Ações_BDRs_ETFs_FIIs_Units,SPCX34,BRSPCXBDR007,4317000
2026-08-03,2026-06-01,Ações_BDRs_ETFs_FIIs_Units,SPGI34,BRSPGIBDR009,3442000
2026-08-03,2026-06-01,Ações_BDRs_ETFs_FIIs_Units,SPVT11,BRSPVTCTF004,319134000
2026-08-03,2026-06-01,Ações_BDRs_ETFs_FIIs_Units,SPXB11,BRSPXBCTF008,12618000
2026-08-03,2026-06-01,Ações_BDRs_ETFs_FIIs_Units,SPXH11,BRSPXHCTF005,985000
2026-08-03,2026-06-01,Ações_BDRs_ETFs_FIIs_Units,SPXI11,BRSPXICTF003,3861000
2026-08-03,2026-06-01,Ações_BDRs_ETFs_FIIs_Units,SPXR11,BRSPXRCTF004,30182000
2026-08-03,2026-06-01,Ações_BDRs_ETFs_FIIs_Units,SPXU11,BRSPXUCTF008,11091000
2026-08-03,2026-06-01,Ações_BDRs_ETFs_FIIs_Units,SPYI11,BRSPYICTF001,2112000
2026-08-03,2026-06-01,Ações_BDRs_ETFs_FIIs_Units,SPYR11,BRSPYRCTF002,1127000
2026-08-03,2026-06-01,Ações_BDRs_ETFs_FIIs_Units,SSFO34,BRSSFOBDR003,4875000
2026-08-03,2026-06-01,Ações_BDRs_ETFs_FIIs_Units,STMN34,BRSTMNBDR009,583000
2026-08-03,2026-06-01,Ações_BDRs_ETFs_FIIs_Units,STOC34,BRSTOCBDR024,3972000
2026-08-03,2026-06-01,Ações_BDRs_ETFs_FIIs_Units,STZB34,BRSTZBBDR006,1087000
2026-08-03,2026-06-01,Ações_BDRs_ETFs_FIIs_Units,SUZB3,BRSUZBACNOR0,16585000
2026-08-03,2026-06-01,Ações_BDRs_ETFs_FIIs_Units,SVAL11,BRSVALCTF003,113000
2026-08-03,2026-06-01,Ações_BDRs_ETFs_FIIs_Units,T1AL34,BRT1ALBDR009,20000000
2026-08-03,2026-06-01,Ações_BDRs_ETFs_FIIs_Units,T1AM34,BRT1AMBDR007,8882000
2026-08-03,2026-06-01,Ações_BDRs_ETFs_FIIs_Units,T1CH34,BRT1CHBDR003,24783000
2026-08-03,2026-06-01,Ações_BDRs_ETFs_FIIs_Units,T1DG34,BRT1DGBDR003,1592000
2026-08-03,2026-06-01,Ações_BDRs_ETFs_FIIs_Units,T1EC34,BRT1ECBDR000,589000
2026-08-03,2026-06-01,Ações_BDRs_ETFs_FIIs_Units,T1EL34,BRT1ELBDR001,376000
2026-08-03,2026-06-01,Ações_BDRs_ETFs_FIIs_Units,T1EV34,BRT1EVBDR000,2314000
2026-08-03,2026-06-01,Ações_BDRs_ETFs_FIIs_Units,T1FX34,BRT1FXBDR003,3112000
2026-08-03,2026-06-01,Ações_BDRs_ETFs_FIIs_Units,T1LK34,BRT1LKBDR008,813000
2026-08-03,2026-06-01,Ações_BDRs_ETFs_FIIs_Units,T1MU34,BRT1MUBDR005,417000
2026-08-03,2026-06-01,Ações_BDRs_ETFs_FIIs_Units,T1OW34,BRT1OWBDR007,5086000
2026-08-03,2026-06-01,Ações_BDRs_ETFs_FIIs_Units,T1RI34,BRT1RIBDR009,1732000
2026-08-03,2026-06-01,Ações_BDRs_ETFs_FIIs_Units,T1RO34,BRT1ROBDR007,782000
2026-08-03,2026-06-01,Ações_BDRs_ETFs_FIIs_Units,T1SC34,BRT1SCBDR000,24570000
2026-08-03,2026-06-01,Ações_BDRs_ETFs_FIIs_Units,T1SO34,BRT1SOBDR005,450000
2026-08-03,2026-06-01,Ações_BDRs_ETFs_FIIs_Units,T1SS34,BRT1SSBDR006,1291000
2026-08-03,2026-06-01,Ações_BDRs_ETFs_FIIs_Units,T1TW34,BRT1TWBDR006,710000
2026-08-03,2026-06-01,Ações_BDRs_ETFs_FIIs_Units,T1WL34,BRT1WLBDR003,5306000
2026-08-03,2026-06-01,Ações_BDRs_ETFs_FIIs_Units,T1XT34,BRT1XTBDR004,558000
2026-08-03,2026-06-01,Ações_BDRs_ETFs_FIIs_Units,T2DH34,BRT2DHBDR009,2051000
2026-08-03,2026-06-01,Ações_BDRs_ETFs_FIIs_Units,T2ER34,BRT2ERBDR006,1861000
2026-08-03,2026-06-01,Ações_BDRs_ETFs_FIIs_Units,T2ND34,BRT2NDBDR007,17890000
2026-08-03,2026-06-01,Ações_BDRs_ETFs_FIIs_Units,T2RE34,BRT2REBDR006,13740000
2026-08-03,2026-06-01,Ações_BDRs_ETFs_FIIs_Units,T2RM34,BRT2RMBDR009,7262000
2026-08-03,2026-06-01,Ações_BDRs_ETFs_FIIs_Units,T2TD34,BRT2TDBDR004,175568000
2026-08-03,2026-06-01,Ações_BDRs_ETFs_FIIs_Units,T2YL34,BRT2YLBDR007,7440000
2026-08-03,2026-06-01,Ações_BDRs_ETFs_FIIs_Units,TAEE11,BRTAEECDAM10,5397000
2026-08-03,2026-06-01,Ações_BDRs_ETFs_FIIs_Units,TAKP34,BRTAKPBDR006,1629000
2026-08-03,2026-06-01,Ações_BDRs_ETFs_FIIs_Units,TBIL39,BRTBILBDR007,1276000
2026-08-03,2026-06-01,Ações_BDRs_ETFs_FIIs_Units,TD35ETF11,BRTD35CTF000,10156800
2026-08-03,2026-06-01,Ações_BDRs_ETFs_FIIs_Units,TD50ETF11,BRTD50CTF009,3851400
2026-08-03,2026-06-01,Ações_BDRs_ETFs_FIIs_Units,TD60ETF11,BRTD60CTF008,658400
2026-08-03,2026-06-01,Ações_BDRs_ETFs_FIIs_Units,TECK11,BRTECKCTF005,2628000
2026-08-03,2026-06-01,Ações_BDRs_ETFs_FIIs_Units,TEND3,BRTENDACNOR4,6320000
2026-08-03,2026-06-01,Ações_BDRs_ETFs_FIIs_Units,TEXA34,BRTEXABDR003,1870000
2026-08-03,2026-06-01,Ações_BDRs_ETFs_FIIs_Units,TFCO4,BRTFCOACNPR8,1703000
2026-08-03,2026-06-01,Ações_BDRs_ETFs_FIIs_Units,TGAR11,BRTGARCTF009,4200
2026-08-03,2026-06-01,Ações_BDRs_ETFs_FIIs_Units,TGTB34,BRTGTBBDR004,302000
2026-08-03,2026-06-01,Ações_BDRs_ETFs_FIIs_Units,THGI34,BRTHGIBDR004,282000
2026-08-03,2026-06-01,Ações_BDRs_ETFs_FIIs_Units,TIMS3,BRTIMSACNOR5,14833000
2026-08-03,2026-06-01,Ações_BDRs_ETFs_FIIs_Units,TIRB11,BRTIRBCTF003,158560000
2026-08-03,2026-06-01,Ações_BDRs_ETFs_FIIs_Units,TJXC34,BRTJXCBDR008,250000
2026-08-03,2026-06-01,Ações_BDRs_ETFs_FIIs_Units,TMCO34,BRTMCOBDR001,3008000
2026-08-03,2026-06-01,Ações_BDRs_ETFs_FIIs_Units,TMOS34,BRTMOSBDR007,4156000
2026-08-03,2026-06-01,Ações_BDRs_ETFs_FIIs_Units,TOST34,BRTOSTBDR002,4329000
2026-08-03,2026-06-01,Ações_BDRs_ETFs_FIIs_Units,TOTS3,BRTOTSACNOR8,14149000
2026-08-03,2026-06-01,Ações_BDRs_ETFs_FIIs_Units,TPRY34,BRTPRYBDR001,252000
2026-08-03,2026-06-01,Ações_BDRs_ETFs_FIIs_Units,TRVC34,BRTRVCBDR005,4296000
2026-08-03,2026-06-01,Ações_BDRs_ETFs_FIIs_Units,TRXF11,BRTRXFCTF003,2700
2026-08-03,2026-06-01,Ações_BDRs_ETFs_FIIs_Units,TSLA34,BRTSLABDR008,5928000
2026-08-03,2026-06-01,Ações_BDRs_ETFs_FIIs_Units,TSMC34,BRTSMCBDR002,928000
2026-08-03,2026-06-01,Ações_BDRs_ETFs_FIIs_Units,TSNF34,BRTSNFBDR003,596000
2026-08-03,2026-06-01,Ações_BDRs_ETFs_FIIs_Units,TTEN3,BRTTENACNOR0,3712000
2026-08-03,2026-06-01,Ações_BDRs_ETFs_FIIs_Units,TUPY3,BRTUPYACNOR1,3650000
2026-08-03,2026-06-01,Ações_BDRs_ETFs_FIIs_Units,U1AI34,BRU1AIBDR002,1511000
2026-08-03,2026-06-01,Ações_BDRs_ETFs_FIIs_Units,U1AL34,BRU1ALBDR006,703000
2026-08-03,2026-06-01,Ações_BDRs_ETFs_FIIs_Units,U1BE34,BRU1BEBDR009,2256000
2026-08-03,2026-06-01,Ações_BDRs_ETFs_FIIs_Units,U1DR34,BRU1DRBDR007,1183000
2026-08-03,2026-06-01,Ações_BDRs_ETFs_FIIs_Units,U1HS34,BRU1HSBDR006,1000000
2026-08-03,2026-06-01,Ações_BDRs_ETFs_FIIs_Units,U1LT34,BRU1LTBDR006,1525000
2026-08-03,2026-06-01,Ações_BDRs_ETFs_FIIs_Units,U1NM34,BRU1NMBDR007,497000
2026-08-03,2026-06-01,Ações_BDRs_ETFs_FIIs_Units,U1RI34,BRU1RIBDR006,1167000
2026-08-03,2026-06-01,Ações_BDRs_ETFs_FIIs_Units,U2NF34,BRU2NFBDR009,1062000
2026-08-03,2026-06-01,Ações_BDRs_ETFs_FIIs_Units,U2PS34,BRU2PSBDR007,25677000
2026-08-03,2026-06-01,Ações_BDRs_ETFs_FIIs_Units,U2PW34,BRU2PWBDR009,12801000
2026-08-03,2026-06-01,Ações_BDRs_ETFs_FIIs_Units,U2ST34,BRU2STBDR009,28210000
2026-08-03,2026-06-01,Ações_BDRs_ETFs_FIIs_Units,U2TH34,BRU2THBDR002,1420000
2026-08-03,2026-06-01,Ações_BDRs_ETFs_FIIs_Units,UBSG34,BRUBSGBDR004,841000
2026-08-03,2026-06-01,Ações_BDRs_ETFs_FIIs_Units,UGPA3,BRUGPAACNOR8,17751000
2026-08-03,2026-06-01,Ações_BDRs_ETFs_FIIs_Units,ULEV34,BRULEVBDR002,681000
2026-08-03,2026-06-01,Ações_BDRs_ETFs_FIIs_Units,UNHH34,BRUNHHBDR000,7310000
2026-08-03,2026-06-01,Ações_BDRs_ETFs_FIIs_Units,UNIP6,BRUNIPACNPB8,759000
2026-08-03,2026-06-01,Ações_BDRs_ETFs_FIIs_Units,UPAC34,BRUPACBDR001,597000
2026-08-03,2026-06-01,Ações_BDRs_ETFs_FIIs_Units,UPSS34,BRUPSSBDR009,6116000
2026-08-03,2026-06-01,Ações_BDRs_ETFs_FIIs_Units,USBC34,BRUSBCBDR003,2891000
2026-08-03,2026-06-01,Ações_BDRs_ETFs_FIIs_Units,USIM5,BRUSIMACNPA6,39571000
2026-08-03,2026-06-01,Ações_BDRs_ETFs_FIIs_Units,USTK11,BRUSTKCTF007,9654000
2026-08-03,2026-06-01,Ações_BDRs_ETFs_FIIs_Units,UTEC11,BRUTECCTF004,7965000
2026-08-03,2026-06-01,Ações_BDRs_ETFs_FIIs_Units,UTLL11,BRUTLLCTF000,48697000
2026-08-03,2026-06-01,Ações_BDRs_ETFs_FIIs_Units,V1IP34,BRV1IPBDR009,2112000
2026-08-03,2026-06-01,Ações_BDRs_ETFs_FIIs_Units,V1MC34,BRV1MCBDR009,8928000
2026-08-03,2026-06-01,Ações_BDRs_ETFs_FIIs_Units,V1NO34,BRV1NOBDR002,1003000
2026-08-03,2026-06-01,Ações_BDRs_ETFs_FIIs_Units,V1OD34,BRV1ODBDR003,3959000
2026-08-03,2026-06-01,Ações_BDRs_ETFs_FIIs_Units,V1RS34,BRV1RSBDR004,17543000
2026-08-03,2026-06-01,Ações_BDRs_ETFs_FIIs_Units,V1RT34,BRV1RTBDR002,1235000
2026-08-03,2026-06-01,Ações_BDRs_ETFs_FIIs_Units,V1ST34,BRV1STBDR000,3466000
2026-08-03,2026-06-01,Ações_BDRs_ETFs_FIIs_Units,V1TA34,BRV1TABDR008,897000
2026-08-03,2026-06-01,Ações_BDRs_ETFs_FIIs_Units,V2EE34,BRV2EEBDR000,7355000
2026-08-03,2026-06-01,Ações_BDRs_ETFs_FIIs_Units,V2RN34,BRV2RNBDR003,5314000
2026-08-03,2026-06-01,Ações_BDRs_ETFs_FIIs_Units,VALE3,BRVALEACNOR0,57819000
2026-08-03,2026-06-01,Ações_BDRs_ETFs_FIIs_Units,VAMO3,BRVAMOACNOR7,46658000
2026-08-03,2026-06-01,Ações_BDRs_ETFs_FIIs_Units,VBBR3,BRVBBRACNOR1,21990000
2026-08-03,2026-06-01,Ações_BDRs_ETFs_FIIs_Units,VERZ34,BRVERZBDR008,4922000
2026-08-03,2026-06-01,Ações_BDRs_ETFs_FIIs_Units,VFCO34,BRVFCOBDR001,4706000
2026-08-03,2026-06-01,Ações_BDRs_ETFs_FIIs_Units,VGHF11,BRVGHFCTF005,40000
2026-08-03,2026-06-01,Ações_BDRs_ETFs_FIIs_Units,VGIR11,BRVGIRCTF008,25800
2026-08-03,2026-06-01,Ações_BDRs_ETFs_FIIs_Units,VISA34,BRVISABDR000,2483000
2026-08-03,2026-06-01,Ações_BDRs_ETFs_FIIs_Units,VISC11,BRVISCCTF005,2300
2026-08-03,2026-06-01,Ações_BDRs_ETFs_FIIs_Units,VIVA3,BRVIVAACNOR0,9175000
2026-08-03,2026-06-01,Ações_BDRs_ETFs_FIIs_Units,VIVT3,BRVIVTACNOR0,13994000
2026-08-03,2026-06-01,Ações_BDRs_ETFs_FIIs_Units,VLOE34,BRVLOEBDR005,328000
2026-08-03,2026-06-01,Ações_BDRs_ETFs_FIIs_Units,VLYB34,BRVLYBBDR000,3098000
2026-08-03,2026-06-01,Ações_BDRs_ETFs_FIIs_Units,VRSN34,BRVRSNBDR004,590000
2026-08-03,2026-06-01,Ações_BDRs_ETFs_FIIs_Units,VRTX34,BRVRTXBDR001,359000
2026-08-03,2026-06-01,Ações_BDRs_ETFs_FIIs_Units,VTRU3,BRVTRUACNOR3,1577000
2026-08-03,2026-06-01,Ações_BDRs_ETFs_FIIs_Units,VULC3,BRVULCACNOR2,4293000
2026-08-03,2026-06-01,Ações_BDRs_ETFs_FIIs_Units,VWRA11,BRVWRACTF002,556000
2026-08-03,2026-06-01,Ações_BDRs_ETFs_FIIs_Units,W1AB34,BRW1ABBDR005,311000
2026-08-03,2026-06-01,Ações_BDRs_ETFs_FIIs_Units,W1BD34,BRW1BDBDR009,1478000
2026-08-03,2026-06-01,Ações_BDRs_ETFs_FIIs_Units,W1DA34,BRW1DABDR001,5006000
2026-08-03,2026-06-01,Ações_BDRs_ETFs_FIIs_Units,W1DC34,BRW1DCBDR007,78000
2026-08-03,2026-06-01,Ações_BDRs_ETFs_FIIs_Units,W1EC34,BRW1ECBDR005,711000
2026-08-03,2026-06-01,Ações_BDRs_ETFs_FIIs_Units,W1EL34,BRW1ELBDR006,367000
2026-08-03,2026-06-01,Ações_BDRs_ETFs_FIIs_Units,W1HR34,BRW1HRBDR006,3617000
2026-08-03,2026-06-01,Ações_BDRs_ETFs_FIIs_Units,W1IX34,BRW1IXBDR002,21669000
2026-08-03,2026-06-01,Ações_BDRs_ETFs_FIIs_Units,W1LT34,BRW1LTBDR004,666000
2026-08-03,2026-06-01,Ações_BDRs_ETFs_FIIs_Units,W1MB34,BRW1MBBDR000,530000
2026-08-03,2026-06-01,Ações_BDRs_ETFs_FIIs_Units,W1MC34,BRW1MCBDR008,367000
2026-08-03,2026-06-01,Ações_BDRs_ETFs_FIIs_Units,W1MG34,BRW1MGBDR009,3616000
2026-08-03,2026-06-01,Ações_BDRs_ETFs_FIIs_Units,W1RB34,BRW1RBBDR009,5858000
2026-08-03,2026-06-01,Ações_BDRs_ETFs_FIIs_Units,W1SO34,BRW1SOBDR000,2222000
2026-08-03,2026-06-01,Ações_BDRs_ETFs_FIIs_Units,W1YC34,BRW1YCBDR003,1638000
2026-08-03,2026-06-01,Ações_BDRs_ETFs_FIIs_Units,W1YN34,BRW1YNBDR000,770000
2026-08-03,2026-06-01,Ações_BDRs_ETFs_FIIs_Units,W2EX34,BRW2EXBDR009,3645000
2026-08-03,2026-06-01,Ações_BDRs_ETFs_FIIs_Units,W2ST34,BRW2STBDR007,4492000
2026-08-03,2026-06-01,Ações_BDRs_ETFs_FIIs_Units,W2YF34,BRW2YFBDR004,18231000
2026-08-03,2026-06-01,Ações_BDRs_ETFs_FIIs_Units,WABC34,BRWABCBDR007,427000
2026-08-03,2026-06-01,Ações_BDRs_ETFs_FIIs_Units,WALM34,BRWALMBDR005,5384000
2026-08-03,2026-06-01,Ações_BDRs_ETFs_FIIs_Units,WATC34,BRWATCBDR009,467000
2026-08-03,2026-06-01,Ações_BDRs_ETFs_FIIs_Units,WEGE3,BRWEGEACNOR0,19500000
2026-08-03,2026-06-01,Ações_BDRs_ETFs_FIIs_Units,WEJRETF11,BRWEJRCTF009,2719700
2026-08-03,2026-06-01,Ações_BDRs_ETFs_FIIs_Units,WFCO34,BRWFCOBDR009,2080000
2026-08-03,2026-06-01,Ações_BDRs_ETFs_FIIs_Units,WRLD11,BRWRLDCTF007,1900000
2026-08-03,2026-06-01,Ações_BDRs_ETFs_FIIs_Units,WUNI34,BRWUNIBDR007,4378000
2026-08-03,2026-06-01,Ações_BDRs_ETFs_FIIs_Units,X1EL34,BRX1ELBDR005,992000
2026-08-03,2026-06-01,Ações_BDRs_ETFs_FIIs_Units,X1YL34,BRX1YLBDR003,719000
2026-08-03,2026-06-01,Ações_BDRs_ETFs_FIIs_Units,X1YZ34,BRX1YZBDR003,14472000
2026-08-03,2026-06-01,Ações_BDRs_ETFs_FIIs_Units,XB30ETF11,BRXB30CTF007,391600
2026-08-03,2026-06-01,Ações_BDRs_ETFs_FIIs_Units,XB35ETF11,BRXB35CTF006,513500
2026-08-03,2026-06-01,Ações_BDRs_ETFs_FIIs_Units,XB45ETF11,BRXB45CTF005,146400
2026-08-03,2026-06-01,Ações_BDRs_ETFs_FIIs_Units,XB50ETF11,BRXB50CTF005,511200
2026-08-03,2026-06-01,Ações_BDRs_ETFs_FIIs_Units,XB60ETF11,BRXB60CTF004,218700
2026-08-03,2026-06-01,Ações_BDRs_ETFs_FIIs_Units,XBOV11,BRXBOVCTF005,21285000
2026-08-03,2026-06-01,Ações_BDRs_ETFs_FIIs_Units,XINA11,BRXINACTF006,29733000
2026-08-03,2026-06-01,Ações_BDRs_ETFs_FIIs_Units,XPBR31,BRXPBRBDR001,5702000
2026-08-03,2026-06-01,Ações_BDRs_ETFs_FIIs_Units,XPLG11,BRXPLGCTF002,2600
2026-08-03,2026-06-01,Ações_BDRs_ETFs_FIIs_Units,XPML11,BRXPMLCTF000,2300
2026-08-03,2026-06-01,Ações_BDRs_ETFs_FIIs_Units,XRAY34,BRXRAYBDR005,2309000
2026-08-03,2026-06-01,Ações_BDRs_ETFs_FIIs_Units,Y2PF34,BRY2PFBDR000,755000
2026-08-03,2026-06-01,Ações_BDRs_ETFs_FIIs_Units,YDUQ3,BRYDUQACNOR3,11802000
2026-08-03,2026-06-01,Ações_BDRs_ETFs_FIIs_Units,YUMR34,BRYUMRBDR006,525000
2026-08-03,2026-06-01,Ações_BDRs_ETFs_FIIs_Units,Z1BH34,BRZ1BHBDR007,1668000
2026-08-03,2026-06-01,Ações_BDRs_ETFs_FIIs_Units,Z1BR34,BRZ1BRBDR006,4878000
2026-08-03,2026-06-01,Ações_BDRs_ETFs_FIIs_Units,Z1IO34,BRZ1IOBDR008,653000
2026-08-03,2026-06-01,Ações_BDRs_ETFs_FIIs_Units,Z1OM34,BRZ1OMBDR000,9882000
2026-08-03,2026-06-01,Ações_BDRs_ETFs_FIIs_Units,Z1TA34,BRZ1TABDR004,4067000
2026-08-03,2026-06-01,Ações_BDRs_ETFs_FIIs_Units,Z1TO34,BRZ1TOBDR005,3287000
2026-08-03,2026-06-01,Ações_BDRs_ETFs_FIIs_Units,Z1TS34,BRZ1TSBDR006,7908000
2026-08-03,2026-06-01,Ações_BDRs_ETFs_FIIs_Units,Z2DV34,BRZ2DVBDR002,4287000
2026-08-03,2026-06-01,Ações_BDRs_ETFs_FIIs_Units,Z2IT34,BRZ2ITBDR005,66263000
2026-08-03,2026-06-01,Ações_BDRs_ETFs_FIIs_Units,Z2LL34,BRZ2LLBDR006,12391000
2026-08-03,2026-06-01,Ações_BDRs_ETFs_FIIs_Units,Z2LL35,BRZ2LLBDR014,1930000
2026-08-03,2026-06-01,Ações_BDRs_ETFs_FIIs_Units,Z2SC34,BRZ2SCBDR000,9247000
2026-08-03,2026-06-01,ADR,ELET3 BZ,US15234Q2075,6691000
2026-08-03,2026-06-01,ADR,GGBR4 BZ,US3737371050,53256000
2026-08-03,2026-06-01,ADR,PETR4 BZ,US71654V1017,33954000
2026-08-03,2026-06-01,ADR,BBDC4 BZ,US0594603039,114192000
2026-08-03,2026-06-01,ADR,ABEV3 BZ,US02319V1035,74777000
2026-08-03,2026-06-01,ADR,ITUB4 BZ,US4655621062,77842000
2026-08-03,2026-06-01,ADR,VALE3 BZ,US91912E1055,87160000
2026-08-03,2026-06-01,ADR,BBDC3 BZ,US0594604029,165000
2026-08-03,2026-06-01,ADR,SANB11 BZ,US05967A1079,2810000
2026-08-03,2026-06-01,ADR,BRFS3 BZ,US10552T1079,381000
2026-08-03,2026-06-01,ADR,ELET6 BZ,US15234Q1085,45000
2026-08-03,2026-06-01,ADR,SBSP3 BZ,US20441A1025,20100000
2026-08-03,2026-06-01,ADR,CMIG4 BZ,US2044096012,17818000
2026-08-03,2026-06-01,ADR,CSNA3 BZ,US20440W1053,13453000
2026-08-03,2026-06-01,ADR,EMBR3 BZ,US29082A1079,4075000
2026-08-03,2026-06-01,ADR,PETR3 BZ,US71654V4086,77453000
2026-08-03,2026-06-01,ADR,UGPA3 BZ,US90400P1012,7522000
2026-08-03,2026-06-01,ADR,TIMS3 BZ,US88706T1088,1082000
2026-08-03,2026-06-01,ADR,VIVT3 BZ,US87936R2058,2747000
2026-08-03,2026-06-01,ADR,TSLA,US88160R1014,939000
2026-08-03,2026-06-01,ADR,NVDA,US67066G1040,1858000
2026-08-03,2026-06-01,ADR,AAPL,US0378331005,1295000
2026-08-03,2026-06-01,ADR,MSFT,US5949181045,956000
2026-08-03,2026-06-01,ADR,AMZN,US0231351067,1502000
2026-08-03,2026-06-01,ADR,GOOGL,US02079K1079,1044000
2026-08-03,2026-06-01,ADR,META,US30303M1027,655000
2026-08-03,2026-06-01,ADR,AXIA7 BZ,US15236F1003,2007300
2026-08-03,2026-06-01,DEB,TIMS12,BRTIMSDBS007,61700
2026-08-03,2026-06-01,DEB,SUZBA0,BRSUZBDBS077,94800
2026-08-03,2026-06-01,DEB,RDORD9,BRRDORDBS0K9,47000
2026-08-03,2026-06-01,DEB,RDORC9,BRRDORDBS0C6,71100
2026-08-03,2026-06-01,DEB,RDORC3,BRRDORDBS0F9,28600
2026-08-03,2026-06-01,DEB,RDORB9,BRRDORDBS0A0,119000
2026-08-03,2026-06-01,DEB,PETR26,BRPETRDBS092,61300
2026-08-03,2026-06-01,DEB,TRPLA4,BRISAEDBS046,37100
2026-08-03,2026-06-01,DEB,TRPLB4,BRISAEDBS053,53700
2026-08-03,2026-06-01,DEB,LORTA7,BRRENTDBS0K7,52100
2026-08-03,2026-06-01,DEB,LORTB2,BRRENTDBS0P6,114200
2026-08-03,2026-06-01,DEB,MRFGA1,BRMRFGDBS051,34800
2026-08-03,2026-06-01,DEB,RDORD3,BRRDORDBS0Q6,91400
2026-08-03,2026-06-01,DEB,CGASA2,BRCGASDBS0G6,27300
2026-08-03,2026-06-01,DEB,RENTA5,BRRENTDBS0S0,70100
2026-08-03,2026-06-01,DEB,KLBNA5,BRKLBNDBS087,73600
2026-08-03,2026-06-01,DEB,SBSPE3,BRSBSPDBS213,63800
2026-08-03,2026-06-01,DEB,VALEA0,BRVALEDBS002,143300
2026-08-03,2026-06-01,DEB,PFOR25,BRPFORDBS017,19700
2026-08-03,2026-06-01,DEB,PFOR15,BRPFORDBS009,39100
2026-08-03,2026-06-01,DEB,PALFB6,BRPALFDBS0M7,36100
2026-08-03,2026-06-01,DEB,VALEB0,BRVALEDBS0B3,89400
2026-08-03,2026-06-01,DEB,VALEC0,BRVALEDBS0C1,57800
2026-08-03,2026-06-01,DEB,EGIEA4,BREGIEDBS0M0,41300
2026-08-03,2026-06-01,DEB,EGIEB4,BREGIEDBS0N8,42300
2026-08-03,2026-06-01,DEB,ISAEA8,BRISAEDBS0H0,23200
2026-08-03,2026-06-01,DEB,ISAEB8,BRISAEDBS0K4,42000
2026-08-03,2026-06-01,DEB,RDORD4,BRRDORDBS0S2,74000
2026-08-03,2026-06-01,DEB,IOCHA3,BRMYPKDBS0C2,37100
2026-08-03,2026-06-01,DEB,IOCHA4,BRMYPKDBS0D0,37300
2026-08-03,2026-06-01,DEB,AURE13,BRAUREDBS027,125800
2026-08-03,2026-06-01,DEB,AURP12,BRAURPDBS023,97500
2026-08-03,2026-06-01,DEB,ALUP18,BRALUPDBS0C9,41400
2026-08-03,2026-06-01,DEB,CPLD29,BRCPLDDBS0F1,71300
2026-08-03,2026-06-01,DEB,RDORE4,BRRDORDBS0T0,80900
2026-08-03,2026-06-01,DEB,TRPLB7,BRISAEDBS0C1,37400
2026-08-03,2026-06-01,DEB,VALEB1,BRVALEDBS0D9,93600
2026-08-03,2026-06-01,DEB,VALEC1,BRVALEDBS0E7,93700
2026-08-03,2026-06-01,DEB,VALED1,BRVALEDBS0F4,94900
2026-08-03,2026-06-01,DEB,ISAEA9,BRISAEDBS0L2,28000
2026-08-03,2026-06-01,DEB,PETR28,BRPETRDBS0F5,39300
2026-08-03,2026-06-01,DEB,EGIEA5,BREGIEDBS0O6,35600
2026-08-03,2026-06-01,DEB,EGIEB5,BREGIEDBS0P3,68200
2026-08-03,2026-06-01,DEB,VBBR15,BRVBBRDBS037,73600
2026-08-03,2026-06-01,DEB,VBBR24,BRVBBRDBS029,36100
2026-08-03,2026-06-01,DEB,VBBR18,BRVBBRDBS078,95600
2026-08-03,2026-06-01,DEB,TAEEB8,BRTAEEDBS134,18300
2026-08-03,2026-06-01,DEB,PFOR16,BRPFORDBS025,95800
2026-08-03,2026-06-01,DEB,PFOR26,BRPFORDBS033,48000
2026-08-03,2026-06-01,DEB,CGASB1,BRCGASDBS0F8,34900
2026-08-03,2026-06-01,DEB,RENTE4,BRRENTDBS1H1,87100
2026-08-03,2026-06-01,DEB,LCAMD3,BRRENTDBS154,23000
2026-08-03,2026-06-01,DEB,EKTRB3,BREKTRDBS0T1,14200
2026-08-03,2026-06-01,DEB,SBSPD7,BRSBSPDBS262,164500
2026-08-03,2026-06-01,DEB,SUZB19,BRSUZBDBS051,22000
2026-08-03,2026-06-01,DEB,CEEBD1,BRCEEBDBS120,109500
2026-08-03,2026-06-01,DEB,CEEBD2,BRCEEBDBS138,62300
2026-08-03,2026-06-01,DEB,VBBR26,BRVBBRDBS052,36600
2026-08-03,2026-06-01,DEB,TRPLA7,BRISAEDBS0B3,45800
2026-08-03,2026-06-01,DEB,NEOE16,BRNEOEDBS047,28500
2026-08-03,2026-06-01,DEB,PETR27,BRPETRDBS0C2,61500
2026-08-03,2026-06-01,DEB,SUZB29,BRSUZBDBS069,22700
2026-08-05,2026-08-01,Ações_BDRs_ETFs_FIIs_Units,EAIN34,BREAINBDR007,376000
2026-08-14,2026-08-01,Ações_BDRs_ETFs_FIIs_Units,A1VB34,BRA1VBBDR007,829000
2026-08-14,2026-08-01,Ações_BDRs_ETFs_FIIs_Units,JGRO39,BRJUSGBDR007,2551000
2026-08-14,2026-08-01,Ações_BDRs_ETFs_FIIs_Units,03BKETF11,BR03BKCTF019,49000
2026-08-14,2026-08-01,Ações_BDRs_ETFs_FIIs_Units,10BKETF11,BR10BKCTF006,49000
2026-08-14,2026-08-01,Ações_BDRs_ETFs_FIIs_Units,3PREETF11,BR3PRECTF003,147000
2026-08-14,2026-08-01,Ações_BDRs_ETFs_FIIs_Units,5PREETF11,BR5PRECTF008,1367100
2026-08-14,2026-08-01,Ações_BDRs_ETFs_FIIs_Units,A1AP34,BRA1APBDR001,10840000
2026-08-14,2026-08-01,Ações_BDRs_ETFs_FIIs_Units,A1CR34,BRA1CRBDR003,919000
2026-08-14,2026-08-01,Ações_BDRs_ETFs_FIIs_Units,A1DC34,BRA1DCBDR003,3917000
2026-08-14,2026-08-01,Ações_BDRs_ETFs_FIIs_Units,A1DI34,BRA1DIBDR000,4224000
2026-08-14,2026-08-01,Ações_BDRs_ETFs_FIIs_Units,A1DM34,BRA1DMBDR002,470000
2026-08-14,2026-08-01,Ações_BDRs_ETFs_FIIs_Units,A1EE34,BRA1EEBDR007,746000
2026-08-14,2026-08-01,Ações_BDRs_ETFs_FIIs_Units,A1EG34,BRA1EGBDR002,2301000
2026-08-14,2026-08-01,Ações_BDRs_ETFs_FIIs_Units,A1EN34,BRA1ENBDR008,554000
2026-08-14,2026-08-01,Ações_BDRs_ETFs_FIIs_Units,A1EP34,BRA1EPBDR003,606000
2026-08-14,2026-08-01,Ações_BDRs_ETFs_FIIs_Units,A1ES34,BRA1ESBDR007,2653000
2026-08-14,2026-08-01,Ações_BDRs_ETFs_FIIs_Units,A1FL34,BRA1FLBDR009,319000
2026-08-14,2026-08-01,Ações_BDRs_ETFs_FIIs_Units,A1GI34,BRA1GIBDR003,2985000
2026-08-14,2026-08-01,Ações_BDRs_ETFs_FIIs_Units,A1GN34,BRA1GNBDR003,576000
2026-08-14,2026-08-01,Ações_BDRs_ETFs_FIIs_Units,A1HR34,BRA1HRBDR002,2028000
2026-08-14,2026-08-01,Ações_BDRs_ETFs_FIIs_Units,A1JG34,BRA1JGBDR001,308000
2026-08-14,2026-08-01,Ações_BDRs_ETFs_FIIs_Units,A1KA34,BRA1KABDR002,4142000
2026-08-14,2026-08-01,Ações_BDRs_ETFs_FIIs_Units,A1LB34,BRA1LBBDR008,8135000
2026-08-14,2026-08-01,Ações_BDRs_ETFs_FIIs_Units,A1LG34,BRA1LGBDR007,880000
2026-08-14,2026-08-01,Ações_BDRs_ETFs_FIIs_Units,A1LK34,BRA1LKBDR009,923000
2026-08-14,2026-08-01,Ações_BDRs_ETFs_FIIs_Units,A1LL34,BRA1LLBDR007,1082000
2026-08-14,2026-08-01,Ações_BDRs_ETFs_FIIs_Units,A1LN34,BRA1LNBDR003,2890000
2026-08-14,2026-08-01,Ações_BDRs_ETFs_FIIs_Units,A1MD34,BRA1MDBDR002,852000
2026-08-14,2026-08-01,Ações_BDRs_ETFs_FIIs_Units,A1ME34,BRA1MEBDR000,3899000
2026-08-14,2026-08-01,Ações_BDRs_ETFs_FIIs_Units,A1MP34,BRA1MPBDR006,2990000
2026-08-14,2026-08-01,Ações_BDRs_ETFs_FIIs_Units,A1MT34,BRA1MTBDR008,772000
2026-08-14,2026-08-01,Ações_BDRs_ETFs_FIIs_Units,A1NE34,BRA1NEBDR008,922000
2026-08-14,2026-08-01,Ações_BDRs_ETFs_FIIs_Units,A1ON34,BRA1ONBDR007,447000
2026-08-14,2026-08-01,Ações_BDRs_ETFs_FIIs_Units,A1OS34,BRA1OSBDR006,684000
2026-08-14,2026-08-01,Ações_BDRs_ETFs_FIIs_Units,A1PA34,BRA1PABDR001,1101000
2026-08-14,2026-08-01,Ações_BDRs_ETFs_FIIs_Units,A1PD34,BRA1PDBDR005,3186000
2026-08-14,2026-08-01,Ações_BDRs_ETFs_FIIs_Units,A1PH34,BRA1PHBDR006,522000
2026-08-14,2026-08-01,Ações_BDRs_ETFs_FIIs_Units,A1PL34,BRA1PLBDR008,1488000
2026-08-14,2026-08-01,Ações_BDRs_ETFs_FIIs_Units,A1PO34,BRA1POBDR002,4733000
2026-08-14,2026-08-01,Ações_BDRs_ETFs_FIIs_Units,A1PP34,BRA1PPBDR009,2981000
2026-08-14,2026-08-01,Ações_BDRs_ETFs_FIIs_Units,A1RE34,BRA1REBDR009,3127000
2026-08-14,2026-08-01,Ações_BDRs_ETFs_FIIs_Units,A1RG34,BRA1RGBDR004,1129000
2026-08-14,2026-08-01,Ações_BDRs_ETFs_FIIs_Units,A1SN34,BRA1SNBDR008,2290000
2026-08-14,2026-08-01,Ações_BDRs_ETFs_FIIs_Units,A1SU34,BRA1SUBDR003,611000
2026-08-14,2026-08-01,Ações_BDRs_ETFs_FIIs_Units,A1TH34,BRA1THBDR008,2901000
2026-08-14,2026-08-01,Ações_BDRs_ETFs_FIIs_Units,A1TM34,BRA1TMBDR008,447000
2026-08-14,2026-08-01,Ações_BDRs_ETFs_FIIs_Units,A1TT34,BRA1TTBDR003,3589000
2026-08-14,2026-08-01,Ações_BDRs_ETFs_FIIs_Units,A1UT34,BRA1UTBDR001,3891000
2026-08-14,2026-08-01,Ações_BDRs_ETFs_FIIs_Units,A1VY34,BRA1VYBDR009,495000
2026-08-14,2026-08-01,Ações_BDRs_ETFs_FIIs_Units,A1WK34,BRA1WKBDR006,1157000
2026-08-14,2026-08-01,Ações_BDRs_ETFs_FIIs_Units,A1ZN34,BRA1ZNBDR003,1388000
2026-08-14,2026-08-01,Ações_BDRs_ETFs_FIIs_Units,A2LC34,BRA2LCBDR004,5868000
2026-08-14,2026-08-01,Ações_BDRs_ETFs_FIIs_Units,A2MB34,BRA2MBBDR004,13206000
2026-08-14,2026-08-01,Ações_BDRs_ETFs_FIIs_Units,A2RE34,BRA2REBDR007,3284000
2026-08-14,2026-08-01,Ações_BDRs_ETFs_FIIs_Units,A2RR34,BRA2RRBDR009,3605000
2026-08-14,2026-08-01,Ações_BDRs_ETFs_FIIs_Units,A2RW34,BRA2RWBDR009,2749000
2026-08-14,2026-08-01,Ações_BDRs_ETFs_FIIs_Units,A2SO34,BRA2SOBDR004,2807000
2026-08-14,2026-08-01,Ações_BDRs_ETFs_FIIs_Units,A2XO34,BRA2XOBDR004,1354000
2026-08-14,2026-08-01,Ações_BDRs_ETFs_FIIs_Units,A2ZT34,BRA2ZTBDR008,4261000
2026-08-14,2026-08-01,Ações_BDRs_ETFs_FIIs_Units,AALL34,BRAALLBDR003,2634000
2026-08-14,2026-08-01,Ações_BDRs_ETFs_FIIs_Units,AAPL34,BRAAPLBDR004,2920000
2026-08-14,2026-08-01,Ações_BDRs_ETFs_FIIs_Units,ABBV34,BRABBVBDR001,2432000
2026-08-14,2026-08-01,Ações_BDRs_ETFs_FIIs_Units,ABCB4,BRABCBACNPR4,1793000
2026-08-14,2026-08-01,Ações_BDRs_ETFs_FIIs_Units,ABEV3,BRABEVACNOR1,66639000
2026-08-14,2026-08-01,Ações_BDRs_ETFs_FIIs_Units,ABGD39,BRABGDBDR008,2002000
2026-08-14,2026-08-01,Ações_BDRs_ETFs_FIIs_Units,ABTT34,BRABTTBDR007,4496000
2026-08-14,2026-08-01,Ações_BDRs_ETFs_FIIs_Units,ABUD34,BRABUDBDR009,2909000
2026-08-14,2026-08-01,Ações_BDRs_ETFs_FIIs_Units,ACNB34,BRACNBBDR006,252000
2026-08-14,2026-08-01,Ações_BDRs_ETFs_FIIs_Units,ACWI11,BRACWICTF001,12890000
2026-08-14,2026-08-01,Ações_BDRs_ETFs_FIIs_Units,ADBE34,BRADBEBDR003,8290000
2026-08-14,2026-08-01,Ações_BDRs_ETFs_FIIs_Units,ADPR34,BRADPRBDR005,3642000
2026-08-14,2026-08-01,Ações_BDRs_ETFs_FIIs_Units,AIGB34,BRAIGBBDR007,490000
2026-08-14,2026-08-01,Ações_BDRs_ETFs_FIIs_Units,AIRB34,BRAIRBBDR004,5333000
2026-08-14,2026-08-01,Ações_BDRs_ETFs_FIIs_Units,ALOS3,BRALOSACNOR5,12023000
2026-08-14,2026-08-01,Ações_BDRs_ETFs_FIIs_Units,ALPA4,BRALPAACNPR7,4468000
2026-08-14,2026-08-01,Ações_BDRs_ETFs_FIIs_Units,ALUG11,BRALUGCTF000,4666000
2026-08-14,2026-08-01,Ações_BDRs_ETFs_FIIs_Units,ALUP11,BRALUPCDAM15,2343000
2026-08-14,2026-08-01,Ações_BDRs_ETFs_FIIs_Units,ALZR11,BRALZRCTF006,24900
2026-08-14,2026-08-01,Ações_BDRs_ETFs_FIIs_Units,AMGN34,BRAMGNBDR004,2883000
2026-08-14,2026-08-01,Ações_BDRs_ETFs_FIIs_Units,AMLG34,BRAMLGBDR008,80645000
2026-08-14,2026-08-01,Ações_BDRs_ETFs_FIIs_Units,AMZO34,BRAMZOBDR002,5292000
2026-08-14,2026-08-01,Ações_BDRs_ETFs_FIIs_Units,ANIM3,BRANIMACNOR6,18200000
2026-08-14,2026-08-01,Ações_BDRs_ETFs_FIIs_Units,APTV34,BRAPTVBDR003,1374000
2026-08-14,2026-08-01,Ações_BDRs_ETFs_FIIs_Units,AREAETF11,BRAREACTF004,306100
2026-08-14,2026-08-01,Ações_BDRs_ETFs_FIIs_Units,ARMT34,BRARMTBDR008,1170000
2026-08-14,2026-08-01,Ações_BDRs_ETFs_FIIs_Units,ARNC34,BRARNCBDR002,137000
2026-08-14,2026-08-01,Ações_BDRs_ETFs_FIIs_Units,ASAI3,BRASAIACNOR0,29895000
2026-08-14,2026-08-01,Ações_BDRs_ETFs_FIIs_Units,ASML34,BRASMLBDR003,1308000
2026-08-14,2026-08-01,Ações_BDRs_ETFs_FIIs_Units,ATTB34,BRATTBBDR007,4796000
2026-08-14,2026-08-01,Ações_BDRs_ETFs_FIIs_Units,AUAU3,BRAUAUACNOR1,7707000
2026-08-14,2026-08-01,Ações_BDRs_ETFs_FIIs_Units,AUPOETF11,BRAUPOCTF005,3279400
2026-08-14,2026-08-01,Ações_BDRs_ETFs_FIIs_Units,AURA33,BRAURABDR001,2822000
2026-08-14,2026-08-01,Ações_BDRs_ETFs_FIIs_Units,AURE3,BRAUREACNOR9,8090000
2026-08-14,2026-08-01,Ações_BDRs_ETFs_FIIs_Units,AUVP11,BRAUVPCTF000,97189000
2026-08-14,2026-08-01,Ações_BDRs_ETFs_FIIs_Units,AVGO34,BRAVGOBDR003,7794000
2026-08-14,2026-08-01,Ações_BDRs_ETFs_FIIs_Units,AWII34,BRAWIIBDR009,195000
2026-08-14,2026-08-01,Ações_BDRs_ETFs_FIIs_Units,AXIA3,BRAXIAACNOR0,24585000
2026-08-14,2026-08-01,Ações_BDRs_ETFs_FIIs_Units,AXIA7,BRAXIAACNPC9,7375500
2026-08-14,2026-08-01,Ações_BDRs_ETFs_FIIs_Units,AXPB34,BRAXPBBDR007,1167000
2026-08-14,2026-08-01,Ações_BDRs_ETFs_FIIs_Units,AZOI34,BRAZOIBDR000,2808000
2026-08-14,2026-08-01,Ações_BDRs_ETFs_FIIs_Units,AZZA3,BRAZZAACNOR9,7107000
2026-08-14,2026-08-01,Ações_BDRs_ETFs_FIIs_Units,B1AM34,BRB1AMBDR007,3710000
2026-08-14,2026-08-01,Ações_BDRs_ETFs_FIIs_Units,B1AX34,BRB1AXBDR004,3663000
2026-08-14,2026-08-01,Ações_BDRs_ETFs_FIIs_Units,B1BT34,BRB1BTBDR000,767000
2026-08-14,2026-08-01,Ações_BDRs_ETFs_FIIs_Units,B1BW34,BRB1BWBDR012,8193000
2026-08-14,2026-08-01,Ações_BDRs_ETFs_FIIs_Units,B1CS34,BRB1CSBDR000,1410000
2026-08-14,2026-08-01,Ações_BDRs_ETFs_FIIs_Units,B1DX34,BRB1DXBDR008,1435000
2026-08-14,2026-08-01,Ações_BDRs_ETFs_FIIs_Units,B1FC34,BRB1FCBDR007,1498000
2026-08-14,2026-08-01,Ações_BDRs_ETFs_FIIs_Units,B1IL34,BRB1ILBDR002,5994000
2026-08-14,2026-08-01,Ações_BDRs_ETFs_FIIs_Units,B1KR34,BRB1KRBDR005,643000
2026-08-14,2026-08-01,Ações_BDRs_ETFs_FIIs_Units,B1LL34,BRB1LLBDR006,1246000
2026-08-14,2026-08-01,Ações_BDRs_ETFs_FIIs_Units,B1ME34,BRB1MEBDR009,3050000
2026-08-14,2026-08-01,Ações_BDRs_ETFs_FIIs_Units,B1MR34,BRB1MRBDR001,1344000
2026-08-14,2026-08-01,Ações_BDRs_ETFs_FIIs_Units,B1NT34,BRB1NTBDR005,6650000
2026-08-14,2026-08-01,Ações_BDRs_ETFs_FIIs_Units,B1PP34,BRB1PPBDR008,3696000
2026-08-14,2026-08-01,Ações_BDRs_ETFs_FIIs_Units,B1RF34,BRB1RFBDR005,1067000
2026-08-14,2026-08-01,Ações_BDRs_ETFs_FIIs_Units,B1SA34,BRB1SABDR004,373000
2026-08-14,2026-08-01,Ações_BDRs_ETFs_FIIs_Units,B1SX34,BRB1SXBDR006,3398000
2026-08-14,2026-08-01,Ações_BDRs_ETFs_FIIs_Units,B1TI34,BRB1TIBDR005,3213000
2026-08-14,2026-08-01,Ações_BDRs_ETFs_FIIs_Units,B1WA34,BRB1WABDR006,617000
2026-08-14,2026-08-01,Ações_BDRs_ETFs_FIIs_Units,B1ZE34,BRB1ZEBDR001,3100000
2026-08-14,2026-08-01,Ações_BDRs_ETFs_FIIs_Units,B2AH34,BRB2AHBDR005,6150000
2026-08-14,2026-08-01,Ações_BDRs_ETFs_FIIs_Units,B2AP34,BRB2APBDR008,1223000
2026-08-14,2026-08-01,Ações_BDRs_ETFs_FIIs_Units,B2HI34,BRB2HIBDR008,157488000
2026-08-14,2026-08-01,Ações_BDRs_ETFs_FIIs_Units,B2LN34,BRB2LNBDR000,7052000
2026-08-14,2026-08-01,Ações_BDRs_ETFs_FIIs_Units,B2RK34,BRB2RKBDR003,6497000
2026-08-14,2026-08-01,Ações_BDRs_ETFs_FIIs_Units,B2UR34,BRB2URBDR002,3976000
2026-08-14,2026-08-01,Ações_BDRs_ETFs_FIIs_Units,B2YN34,BRB2YNBDR003,716500
2026-08-14,2026-08-01,Ações_BDRs_ETFs_FIIs_Units,B3BR11,BRB3BRCTF009,13528000
2026-08-14,2026-08-01,Ações_BDRs_ETFs_FIIs_Units,B5MBETF11,BRB5MBCTF005,4373000
2026-08-14,2026-08-01,Ações_BDRs_ETFs_FIIs_Units,B5P2ETF11,BRB5P2CTF001,17215100
2026-08-14,2026-08-01,Ações_BDRs_ETFs_FIIs_Units,BAAX39,BRBAAXBDR009,3062000
2026-08-14,2026-08-01,Ações_BDRs_ETFs_FIIs_Units,BABA34,BRBABABDR005,10154000
2026-08-14,2026-08-01,Ações_BDRs_ETFs_FIIs_Units,BACW39,BRBACWBDR007,2619000
2026-08-14,2026-08-01,Ações_BDRs_ETFs_FIIs_Units,BAER39,BRBAERBDR003,3209000
2026-08-14,2026-08-01,Ações_BDRs_ETFs_FIIs_Units,BAIQ39,BRBAIQBDR006,4052000
2026-08-14,2026-08-01,Ações_BDRs_ETFs_FIIs_Units,BAIR39,BRBAIRBDR004,2694000
2026-08-14,2026-08-01,Ações_BDRs_ETFs_FIIs_Units,BARY39,BRBARYBDR001,750000
2026-08-14,2026-08-01,Ações_BDRs_ETFs_FIIs_Units,BBAS3,BRBBASACNOR3,51584000
2026-08-14,2026-08-01,Ações_BDRs_ETFs_FIIs_Units,BBCA39,BRBBCABDR001,674000
2026-08-14,2026-08-01,Ações_BDRs_ETFs_FIIs_Units,BBDC3,BRBBDCACNOR1,14214000
2026-08-14,2026-08-01,Ações_BDRs_ETFs_FIIs_Units,BBDC4,BRBBDCACNPR8,71086000
2026-08-14,2026-08-01,Ações_BDRs_ETFs_FIIs_Units,BBEU39,BRBBEUBDR005,781000
2026-08-14,2026-08-01,Ações_BDRs_ETFs_FIIs_Units,BBJP39,BRBBJPBDR004,2668000
2026-08-14,2026-08-01,Ações_BDRs_ETFs_FIIs_Units,BBOV11,BRBBOVCTF001,32747000
2026-08-14,2026-08-01,Ações_BDRs_ETFs_FIIs_Units,BBSD11,BRBBSDCTF000,8991000
2026-08-14,2026-08-01,Ações_BDRs_ETFs_FIIs_Units,BBSE3,BRBBSEACNOR5,13112000
2026-08-14,2026-08-01,Ações_BDRs_ETFs_FIIs_Units,BBUG39,BRBBUGBDR000,1378000
2026-08-14,2026-08-01,Ações_BDRs_ETFs_FIIs_Units,BBUS39,BRBBUSBDR005,714000
2026-08-14,2026-08-01,Ações_BDRs_ETFs_FIIs_Units,BBYY34,BRBBYYBDR005,2646000
2026-08-14,2026-08-01,Ações_BDRs_ETFs_FIIs_Units,BCHI39,BRBCHIBDR001,5769000
2026-08-14,2026-08-01,Ações_BDRs_ETFs_FIIs_Units,BCIR39,BRBCIRBDR000,2236000
2026-08-14,2026-08-01,Ações_BDRs_ETFs_FIIs_Units,BCPX39,BRBCPXBDR003,5235000
2026-08-14,2026-08-01,Ações_BDRs_ETFs_FIIs_Units,BCSA34,BRBCSABDR005,2807000
2026-08-14,2026-08-01,Ações_BDRs_ETFs_FIIs_Units,BDEF11,BRBDEFCTF001,13124000
2026-08-14,2026-08-01,Ações_BDRs_ETFs_FIIs_Units,BDVY39,BRBDVYBDR007,1711000
2026-08-14,2026-08-01,Ações_BDRs_ETFs_FIIs_Units,BEEF3,BRBEEFACNOR6,38935000
2026-08-14,2026-08-01,Ações_BDRs_ETFs_FIIs_Units,BEEM39,BRBEEMBDR006,3752000
2026-08-14,2026-08-01,Ações_BDRs_ETFs_FIIs_Units,BEFA39,BRBEFABDR008,3041000
2026-08-14,2026-08-01,Ações_BDRs_ETFs_FIIs_Units,BEFG39,BRBEFGBDR005,3293000
2026-08-14,2026-08-01,Ações_BDRs_ETFs_FIIs_Units,BEFV39,BRBEFVBDR004,2946000
2026-08-14,2026-08-01,Ações_BDRs_ETFs_FIIs_Units,BEGD39,BRBEGDBDR000,1000000
2026-08-14,2026-08-01,Ações_BDRs_ETFs_FIIs_Units,BEGE39,BRBEGEBDR008,1492000
2026-08-14,2026-08-01,Ações_BDRs_ETFs_FIIs_Units,BEGU39,BRBEGUBDR004,1795000
2026-08-14,2026-08-01,Ações_BDRs_ETFs_FIIs_Units,BEMC39,BRBEMCBDR000,2147000
2026-08-14,2026-08-01,Ações_BDRs_ETFs_FIIs_Units,BEMV39,BRBEMVBDR000,650000
2026-08-14,2026-08-01,Ações_BDRs_ETFs_FIIs_Units,BERK34,BRBERKBDR002,1691000
2026-08-14,2026-08-01,Ações_BDRs_ETFs_FIIs_Units,BEST11,BRBESTCTF000,12383000
2026-08-14,2026-08-01,Ações_BDRs_ETFs_FIIs_Units,BEUF39,BRBEUFBDR006,932000
2026-08-14,2026-08-01,Ações_BDRs_ETFs_FIIs_Units,BEUR39,BRBEURBDR001,1495000
2026-08-14,2026-08-01,Ações_BDRs_ETFs_FIIs_Units,BEWA39,BRBEWABDR003,3272000
2026-08-14,2026-08-01,Ações_BDRs_ETFs_FIIs_Units,BEWC39,BRBEWCBDR009,2644000
2026-08-14,2026-08-01,Ações_BDRs_ETFs_FIIs_Units,BEWG39,BRBEWGBDR000,1811000
2026-08-14,2026-08-01,Ações_BDRs_ETFs_FIIs_Units,BEWH39,BRBEWHBDR008,4199000
2026-08-14,2026-08-01,Ações_BDRs_ETFs_FIIs_Units,BEWJ39,BRBEWJBDR004,3451000
2026-08-14,2026-08-01,Ações_BDRs_ETFs_FIIs_Units,BEWL39,BRBEWLBDR000,1031000
2026-08-14,2026-08-01,Ações_BDRs_ETFs_FIIs_Units,BEWT39,BRBEWTBDR003,2397000
2026-08-14,2026-08-01,Ações_BDRs_ETFs_FIIs_Units,BEWU39,BRBEWUBDR001,1873000
2026-08-14,2026-08-01,Ações_BDRs_ETFs_FIIs_Units,BEWW39,BRBEWWBDR007,2118000
2026-08-14,2026-08-01,Ações_BDRs_ETFs_FIIs_Units,BEWY39,BRBEWYBDR003,1997000
2026-08-14,2026-08-01,Ações_BDRs_ETFs_FIIs_Units,BEWZ39,BRBEWZBDR000,3278000
2026-08-14,2026-08-01,Ações_BDRs_ETFs_FIIs_Units,BEZU39,BRBEZUBDR004,2149000
2026-08-14,2026-08-01,Ações_BDRs_ETFs_FIIs_Units,BFAV39,BRBFAVBDR002,1695000
2026-08-14,2026-08-01,Ações_BDRs_ETFs_FIIs_Units,BFCG39,BRBFCGBDR009,841000
2026-08-14,2026-08-01,Ações_BDRs_ETFs_FIIs_Units,BFDA39,BRBFDABDR000,2458000
2026-08-14,2026-08-01,Ações_BDRs_ETFs_FIIs_Units,BFDL39,BRBFDLBDR007,1688000
2026-08-14,2026-08-01,Ações_BDRs_ETFs_FIIs_Units,BFDN39,BRBFDNBDR003,4536000
2026-08-14,2026-08-01,Ações_BDRs_ETFs_FIIs_Units,BFTS39,BRBFTSBDR008,2100000
2026-08-14,2026-08-01,Ações_BDRs_ETFs_FIIs_Units,BFVD39,BRBFVDBDR006,1139000
2026-08-14,2026-08-01,Ações_BDRs_ETFs_FIIs_Units,BFXI39,BRBFXIBDR001,5562000
2026-08-14,2026-08-01,Ações_BDRs_ETFs_FIIs_Units,BGAR39,BRBGARBDR008,742000
2026-08-14,2026-08-01,Ações_BDRs_ETFs_FIIs_Units,BGLC39,BRBGLCBDR007,655000
2026-08-14,2026-08-01,Ações_BDRs_ETFs_FIIs_Units,BGOV39,BRBGOVBDR001,5205000
2026-08-14,2026-08-01,Ações_BDRs_ETFs_FIIs_Units,BGRI39,BRBGRIBDR001,2628000
2026-08-14,2026-08-01,Ações_BDRs_ETFs_FIIs_Units,BGWH39,BRBGWHBDR003,2495000
2026-08-14,2026-08-01,Ações_BDRs_ETFs_FIIs_Units,BHDV39,BRBHDVBDR002,13717000
2026-08-14,2026-08-01,Ações_BDRs_ETFs_FIIs_Units,BHEF39,BRBHEFBDR003,933000
2026-08-14,2026-08-01,Ações_BDRs_ETFs_FIIs_Units,BHVN34,BRBHVNBDR001,2781000
2026-08-14,2026-08-01,Ações_BDRs_ETFs_FIIs_Units,BIAU39,BRBIAUBDR008,2124000
2026-08-14,2026-08-01,Ações_BDRs_ETFs_FIIs_Units,BIBB39,BRBIBBBDR006,3092000
2026-08-14,2026-08-01,Ações_BDRs_ETFs_FIIs_Units,BICL39,BRBICLBDR003,4424000
2026-08-14,2026-08-01,Ações_BDRs_ETFs_FIIs_Units,BIDU34,BRBIDUBDR002,5230000
2026-08-14,2026-08-01,Ações_BDRs_ETFs_FIIs_Units,BIDV39,BRBIDVBDR000,1402000
2026-08-14,2026-08-01,Ações_BDRs_ETFs_FIIs_Units,BIEF39,BRBIEFBDR001,3228000
2026-08-14,2026-08-01,Ações_BDRs_ETFs_FIIs_Units,BIEI39,BRBIEIBDR005,4037000
2026-08-14,2026-08-01,Ações_BDRs_ETFs_FIIs_Units,BIEM39,BRBIEMBDR007,3034000
2026-08-14,2026-08-01,Ações_BDRs_ETFs_FIIs_Units,BIET39,BRBIETBDR002,12048000
2026-08-14,2026-08-01,Ações_BDRs_ETFs_FIIs_Units,BIEU39,BRBIEUBDR000,2133000
2026-08-14,2026-08-01,Ações_BDRs_ETFs_FIIs_Units,BIFR39,BRBIFRBDR003,397000
2026-08-14,2026-08-01,Ações_BDRs_ETFs_FIIs_Units,BIGF39,BRBIGFBDR006,1402000
2026-08-14,2026-08-01,Ações_BDRs_ETFs_FIIs_Units,BIHI39,BRBIHIBDR008,27739000
2026-08-14,2026-08-01,Ações_BDRs_ETFs_FIIs_Units,BIIB34,BRBIIBBDR001,1174000
2026-08-14,2026-08-01,Ações_BDRs_ETFs_FIIs_Units,BIJH39,BRBIJHBDR006,10341000
2026-08-14,2026-08-01,Ações_BDRs_ETFs_FIIs_Units,BIJR39,BRBIJRBDR005,2156000
2026-08-14,2026-08-01,Ações_BDRs_ETFs_FIIs_Units,BIJS39,BRBIJSBDR003,939000
2026-08-14,2026-08-01,Ações_BDRs_ETFs_FIIs_Units,BIJT39,BRBIJTBDR001,816000
2026-08-14,2026-08-01,Ações_BDRs_ETFs_FIIs_Units,BILB34,BRBILBBDR005,604000
2026-08-14,2026-08-01,Ações_BDRs_ETFs_FIIs_Units,BILF39,BRBILFBDR006,3401000
2026-08-14,2026-08-01,Ações_BDRs_ETFs_FIIs_Units,BITB39,BRBITBBDR008,2484000
2026-08-14,2026-08-01,Ações_BDRs_ETFs_FIIs_Units,BITO39,BRBITOBDR001,2422000
2026-08-14,2026-08-01,Ações_BDRs_ETFs_FIIs_Units,BIVB39,BRBIVBBDR004,2143000
2026-08-14,2026-08-01,Ações_BDRs_ETFs_FIIs_Units,BIVE39,BRBIVEBDR008,2532000
2026-08-14,2026-08-01,Ações_BDRs_ETFs_FIIs_Units,BIVW39,BRBIVWBDR000,2373000
2026-08-14,2026-08-01,Ações_BDRs_ETFs_FIIs_Units,BIWD39,BRBIWDBDR008,3320000
2026-08-14,2026-08-01,Ações_BDRs_ETFs_FIIs_Units,BIWF39,BRBIWFBDR003,8382000
2026-08-14,2026-08-01,Ações_BDRs_ETFs_FIIs_Units,BIWM39,BRBIWMBDR009,2690000
2026-08-14,2026-08-01,Ações_BDRs_ETFs_FIIs_Units,BIXC39,BRBIXCBDR008,1830000
2026-08-14,2026-08-01,Ações_BDRs_ETFs_FIIs_Units,BIXN39,BRBIXNBDR005,4035000
2026-08-14,2026-08-01,Ações_BDRs_ETFs_FIIs_Units,BIXU39,BRBIXUBDR000,2519000
2026-08-14,2026-08-01,Ações_BDRs_ETFs_FIIs_Units,BIYE39,BRBIYEBDR002,1696000
2026-08-14,2026-08-01,Ações_BDRs_ETFs_FIIs_Units,BIYF39,BRBIYFBDR009,1078000
2026-08-14,2026-08-01,Ações_BDRs_ETFs_FIIs_Units,BIYK39,BRBIYKBDR009,1907000
2026-08-14,2026-08-01,Ações_BDRs_ETFs_FIIs_Units,BIYM39,BRBIYMBDR005,579000
2026-08-14,2026-08-01,Ações_BDRs_ETFs_FIIs_Units,BIYP39,BRBIYPBDR008,7740000
2026-08-14,2026-08-01,Ações_BDRs_ETFs_FIIs_Units,BIYT39,BRBIYTBDR000,4245000
2026-08-14,2026-08-01,Ações_BDRs_ETFs_FIIs_Units,BIYW39,BRBIYWBDR004,5823000
2026-08-14,2026-08-01,Ações_BDRs_ETFs_FIIs_Units,BIYZ39,BRBIYZBDR007,1771000
2026-08-14,2026-08-01,Ações_BDRs_ETFs_FIIs_Units,BIZD11,BRBIZDCTF000,1437000
2026-08-14,2026-08-01,Ações_BDRs_ETFs_FIIs_Units,BKNG34,BRBKNGBDR006,36804000
2026-08-14,2026-08-01,Ações_BDRs_ETFs_FIIs_Units,BKSA39,BRBKSABDR008,884000
2026-08-14,2026-08-01,Ações_BDRs_ETFs_FIIs_Units,BKWB39,BRBKWBBDR008,1450000
2026-08-14,2026-08-01,Ações_BDRs_ETFs_FIIs_Units,BKYY39,BRBKYYBDR006,1124000
2026-08-14,2026-08-01,Ações_BDRs_ETFs_FIIs_Units,BLAK34,BRBLAKBDR003,2435000
2026-08-14,2026-08-01,Ações_BDRs_ETFs_FIIs_Units,BLFTETF11,BRBLFTCTF002,58995200
2026-08-14,2026-08-01,Ações_BDRs_ETFs_FIIs_Units,BLPX39,BRBLPXBDR004,1661000
2026-08-14,2026-08-01,Ações_BDRs_ETFs_FIIs_Units,BMMT11,BRBMMTCTF006,13265000
2026-08-14,2026-08-01,Ações_BDRs_ETFs_FIIs_Units,BMOB3,BRBMOBACNOR7,1255000
2026-08-14,2026-08-01,Ações_BDRs_ETFs_FIIs_Units,BMTU39,BRBMTUBDR000,2588000
2026-08-14,2026-08-01,Ações_BDRs_ETFs_FIIs_Units,BMYB34,BRBMYBBDR000,643000
2026-08-14,2026-08-01,Ações_BDRs_ETFs_FIIs_Units,BNDA39,BRBNDABDR004,3197000
2026-08-14,2026-08-01,Ações_BDRs_ETFs_FIIs_Units,BOAC34,BRBOACBDR004,2543000
2026-08-14,2026-08-01,Ações_BDRs_ETFs_FIIs_Units,BOEF39,BRBOEFBDR009,2136000
2026-08-14,2026-08-01,Ações_BDRs_ETFs_FIIs_Units,BOEI34,BRBOEIBDR003,184000
2026-08-14,2026-08-01,Ações_BDRs_ETFs_FIIs_Units,BOL5ETF11,BRBOL5CTF001,2030300
2026-08-14,2026-08-01,Ações_BDRs_ETFs_FIIs_Units,BONY34,BRBONYBDR001,247000
2026-08-14,2026-08-01,Ações_BDRs_ETFs_FIIs_Units,BOTZ39,BRBOTZBDR005,1987000
2026-08-14,2026-08-01,Ações_BDRs_ETFs_FIIs_Units,BOVA11,BRBOVACTF003,17501000
2026-08-14,2026-08-01,Ações_BDRs_ETFs_FIIs_Units,BOVB11,BRBOVBCTF001,16824000
2026-08-14,2026-08-01,Ações_BDRs_ETFs_FIIs_Units,BOVS11,BRBOVSCTF005,22242000
2026-08-14,2026-08-01,Ações_BDRs_ETFs_FIIs_Units,BOVV11,BRBOVVCTF009,16733000
2026-08-14,2026-08-01,Ações_BDRs_ETFs_FIIs_Units,BOVX11,BRBOVXCTF005,168079000
2026-08-14,2026-08-01,Ações_BDRs_ETFs_FIIs_Units,BOXP34,BRBOXPBDR008,5787000
2026-08-14,2026-08-01,Ações_BDRs_ETFs_FIIs_Units,BPAC11,BRBPACUNT006,23538000
2026-08-14,2026-08-01,Ações_BDRs_ETFs_FIIs_Units,BPIC39,BRBPICBDR004,1269000
2026-08-14,2026-08-01,Ações_BDRs_ETFs_FIIs_Units,BPREETF11,BRBPRECTF018,880500
2026-08-14,2026-08-01,Ações_BDRs_ETFs_FIIs_Units,BPVE39,BRBPVEBDR003,4093000
2026-08-14,2026-08-01,Ações_BDRs_ETFs_FIIs_Units,BQTC39,BRBQTCBDR009,1301000
2026-08-14,2026-08-01,Ações_BDRs_ETFs_FIIs_Units,BQUA39,BRBQUABDR001,2710000
2026-08-14,2026-08-01,Ações_BDRs_ETFs_FIIs_Units,BQYL39,BRBQYLBDR000,6713000
2026-08-14,2026-08-01,Ações_BDRs_ETFs_FIIs_Units,BRAP4,BRBRAPACNPR2,5340000
2026-08-14,2026-08-01,Ações_BDRs_ETFs_FIIs_Units,BRAV3,BRBRAVACNOR3,21587000
2026-08-14,2026-08-01,Ações_BDRs_ETFs_FIIs_Units,BRAX11,BRBRAXCTF002,146690000
2026-08-14,2026-08-01,Ações_BDRs_ETFs_FIIs_Units,BRAZ11,BRBRAZCTF007,66534000
2026-08-14,2026-08-01,Ações_BDRs_ETFs_FIIs_Units,BREW11,BRBREWCTF006,14542000
2026-08-14,2026-08-01,Ações_BDRs_ETFs_FIIs_Units,BRSR6,BRBRSRACNPB4,4107000
2026-08-14,2026-08-01,Ações_BDRs_ETFs_FIIs_Units,BSCZ39,BRBSCZBDR002,3652000
2026-08-14,2026-08-01,Ações_BDRs_ETFs_FIIs_Units,BSDY39,BRBSDYBDR003,2470000
2026-08-14,2026-08-01,Ações_BDRs_ETFs_FIIs_Units,BSHV39,BRBSHVBDR000,3564000
2026-08-14,2026-08-01,Ações_BDRs_ETFs_FIIs_Units,BSHY39,BRBSHYBDR004,3833000
2026-08-14,2026-08-01,Ações_BDRs_ETFs_FIIs_Units,BSIL39,BRBSILBDR009,5309000
2026-08-14,2026-08-01,Ações_BDRs_ETFs_FIIs_Units,BSLV39,BRBSLVBDR002,2416000
2026-08-14,2026-08-01,Ações_BDRs_ETFs_FIIs_Units,BSOX39,BRBSOXBDR002,3045000
2026-08-14,2026-08-01,Ações_BDRs_ETFs_FIIs_Units,BTCI11,BRBTCICTF005,27400
2026-08-14,2026-08-01,Ações_BDRs_ETFs_FIIs_Units,BTER11,BRBTERCTF002,68685000
2026-08-14,2026-08-01,Ações_BDRs_ETFs_FIIs_Units,BTHF11,BRBTHFCTF000,28200
2026-08-14,2026-08-01,Ações_BDRs_ETFs_FIIs_Units,BTLG11,BRBTLGCTF000,2500
2026-08-14,2026-08-01,Ações_BDRs_ETFs_FIIs_Units,BTLH39,BRBTLHBDR009,4040000
2026-08-14,2026-08-01,Ações_BDRs_ETFs_FIIs_Units,BTLT39,BRBTLTBDR004,7003000
2026-08-14,2026-08-01,Ações_BDRs_ETFs_FIIs_Units,BUFF39,BRBUFFBDR003,1937000
2026-08-14,2026-08-01,Ações_BDRs_ETFs_FIIs_Units,BURA39,BRBURABDR009,5892000
2026-08-14,2026-08-01,Ações_BDRs_ETFs_FIIs_Units,BURT39,BRBURTBDR009,2930000
2026-08-14,2026-08-01,Ações_BDRs_ETFs_FIIs_Units,BUSM39,BRBUSMBDR002,3211000
2026-08-14,2026-08-01,Ações_BDRs_ETFs_FIIs_Units,BVBR11,BRBVBRCTF004,284635000
2026-08-14,2026-08-01,Ações_BDRs_ETFs_FIIs_Units,BVLU39,BRBVLUBDR008,2014000
2026-08-14,2026-08-01,Ações_BDRs_ETFs_FIIs_Units,BWCL39,BRBWCLBDR004,1209000
2026-08-14,2026-08-01,Ações_BDRs_ETFs_FIIs_Units,BXPO11,BRBXPOCTF007,16436000
2026-08-14,2026-08-01,Ações_BDRs_ETFs_FIIs_Units,C1AG34,BRC1AGBDR008,2568000
2026-08-14,2026-08-01,Ações_BDRs_ETFs_FIIs_Units,C1AH34,BRC1AHBDR006,170000
2026-08-14,2026-08-01,Ações_BDRs_ETFs_FIIs_Units,C1BL34,BRC1BLBDR006,2616000
2026-08-14,2026-08-01,Ações_BDRs_ETFs_FIIs_Units,C1BO34,BRC1BOBDR000,295000
2026-08-14,2026-08-01,Ações_BDRs_ETFs_FIIs_Units,C1BR34,BRC1BRBDR003,282000
2026-08-14,2026-08-01,Ações_BDRs_ETFs_FIIs_Units,C1CI34,BRC1CIBDR000,2094000
2026-08-14,2026-08-01,Ações_BDRs_ETFs_FIIs_Units,C1CJ34,BRC1CJBDR008,2231000
2026-08-14,2026-08-01,Ações_BDRs_ETFs_FIIs_Units,C1CL34,BRC1CLBDR004,1502000
2026-08-14,2026-08-01,Ações_BDRs_ETFs_FIIs_Units,C1CO34,BRC1COBDR008,282000
2026-08-14,2026-08-01,Ações_BDRs_ETFs_FIIs_Units,C1DN34,BRC1DNBDR008,231000
2026-08-14,2026-08-01,Ações_BDRs_ETFs_FIIs_Units,C1DP34,BRC1DPBDR003,1628000
2026-08-14,2026-08-01,Ações_BDRs_ETFs_FIIs_Units,C1DW34,BRC1DWBDR009,5633000
2026-08-14,2026-08-01,Ações_BDRs_ETFs_FIIs_Units,C1FG34,BRC1FGBDR007,557000
2026-08-14,2026-08-01,Ações_BDRs_ETFs_FIIs_Units,C1FI34,BRC1FIBDR003,312000
2026-08-14,2026-08-01,Ações_BDRs_ETFs_FIIs_Units,C1GP34,BRC1GPBDR006,131584000
2026-08-14,2026-08-01,Ações_BDRs_ETFs_FIIs_Units,C1HK34,BRC1HKBDR005,3516000
2026-08-14,2026-08-01,Ações_BDRs_ETFs_FIIs_Units,C1HR34,BRC1HRBDR000,4201000
2026-08-14,2026-08-01,Ações_BDRs_ETFs_FIIs_Units,C1IC34,BRC1ICBDR000,3318000
2026-08-14,2026-08-01,Ações_BDRs_ETFs_FIIs_Units,C1MG34,BRC1MGBDR003,23781000
2026-08-14,2026-08-01,Ações_BDRs_ETFs_FIIs_Units,C1MI34,BRC1MIBDR009,238000
2026-08-14,2026-08-01,Ações_BDRs_ETFs_FIIs_Units,C1MS34,BRC1MSBDR008,1004000
2026-08-14,2026-08-01,Ações_BDRs_ETFs_FIIs_Units,C1NC34,BRC1NCBDR000,573000
2026-08-14,2026-08-01,Ações_BDRs_ETFs_FIIs_Units,C1NP34,BRC1NPBDR002,954000
2026-08-14,2026-08-01,Ações_BDRs_ETFs_FIIs_Units,C1NS34,BRC1NSBDR006,1670000
2026-08-14,2026-08-01,Ações_BDRs_ETFs_FIIs_Units,C1OO34,BRC1OOBDR003,5359000
2026-08-14,2026-08-01,Ações_BDRs_ETFs_FIIs_Units,C1PB34,BRC1PBBDR007,1639000
2026-08-14,2026-08-01,Ações_BDRs_ETFs_FIIs_Units,C1PR34,BRC1PRBDR003,2619000
2026-08-14,2026-08-01,Ações_BDRs_ETFs_FIIs_Units,C1RH34,BRC1RHBDR000,2369000
2026-08-14,2026-08-01,Ações_BDRs_ETFs_FIIs_Units,C1RR34,BRC1RRBDR009,2324000
2026-08-14,2026-08-01,Ações_BDRs_ETFs_FIIs_Units,C1TA34,BRC1TABDR001,976000
2026-08-14,2026-08-01,Ações_BDRs_ETFs_FIIs_Units,C1TV34,BRC1TVBDR007,1774000
2026-08-14,2026-08-01,Ações_BDRs_ETFs_FIIs_Units,C2AC34,BRC2ACBDR005,61919000
2026-08-14,2026-08-01,Ações_BDRs_ETFs_FIIs_Units,C2CA34,BRC2CABDR005,326000
2026-08-14,2026-08-01,Ações_BDRs_ETFs_FIIs_Units,C2EM34,BRC2EMBDR006,2632000
2026-08-14,2026-08-01,Ações_BDRs_ETFs_FIIs_Units,C2GN34,BRC2GNBDR009,5117000
2026-08-14,2026-08-01,Ações_BDRs_ETFs_FIIs_Units,C2HD34,BRC2HDBDR008,8659000
2026-08-14,2026-08-01,Ações_BDRs_ETFs_FIIs_Units,C2OU34,BRC2OUBDR008,5821000
2026-08-14,2026-08-01,Ações_BDRs_ETFs_FIIs_Units,C2PR34,BRC2PRBDR001,2905000
2026-08-14,2026-08-01,Ações_BDRs_ETFs_FIIs_Units,C2PT34,BRC2PTBDR007,5246000
2026-08-14,2026-08-01,Ações_BDRs_ETFs_FIIs_Units,C2RS34,BRC2RSBDR005,6609000
2026-08-14,2026-08-01,Ações_BDRs_ETFs_FIIs_Units,C2RW34,BRC2RWBDR007,4843000
2026-08-14,2026-08-01,Ações_BDRs_ETFs_FIIs_Units,C2SW34,BRC2SWBDR005,2430000
2026-08-14,2026-08-01,Ações_BDRs_ETFs_FIIs_Units,C2ZR34,BRC2ZRBDR000,15026000
2026-08-14,2026-08-01,Ações_BDRs_ETFs_FIIs_Units,CAON34,BRCAONBDR009,389000
2026-08-14,2026-08-01,Ações_BDRs_ETFs_FIIs_Units,CAPE11,BRCAPECTF020,42519000
2026-08-14,2026-08-01,Ações_BDRs_ETFs_FIIs_Units,CAPH34,BRCAPHBDR008,1395000
2026-08-14,2026-08-01,Ações_BDRs_ETFs_FIIs_Units,CATP34,BRCATPBDR003,723000
2026-08-14,2026-08-01,Ações_BDRs_ETFs_FIIs_Units,CBAV3,BRCBAVACNOR5,6403000
2026-08-14,2026-08-01,Ações_BDRs_ETFs_FIIs_Units,CDIBETF11,BRCDIBCTF009,2812700
2026-08-14,2026-08-01,Ações_BDRs_ETFs_FIIs_Units,CEAB3,BRCEABACNOR1,21666000
2026-08-14,2026-08-01,Ações_BDRs_ETFs_FIIs_Units,CHCM34,BRCHCMBDR001,17976000
2026-08-14,2026-08-01,Ações_BDRs_ETFs_FIIs_Units,CHDC34,BRCHDCBDR000,409000
2026-08-14,2026-08-01,Ações_BDRs_ETFs_FIIs_Units,CHIP11,BRCHIPCTF000,6207000
2026-08-14,2026-08-01,Ações_BDRs_ETFs_FIIs_Units,CHME34,BRCHMEBDR007,3151000
2026-08-14,2026-08-01,Ações_BDRs_ETFs_FIIs_Units,CHVX34,BRCHVXBDR008,2082000
2026-08-14,2026-08-01,Ações_BDRs_ETFs_FIIs_Units,CINF34,BRCINFBDR000,550000
2026-08-14,2026-08-01,Ações_BDRs_ETFs_FIIs_Units,CLOV34,BRCLOVBDR009,2457000
2026-08-14,2026-08-01,Ações_BDRs_ETFs_FIIs_Units,CLXC34,BRCLXCBDR000,1619000
2026-08-14,2026-08-01,Ações_BDRs_ETFs_FIIs_Units,CMCS34,BRCMCSBDR008,8462000
2026-08-14,2026-08-01,Ações_BDRs_ETFs_FIIs_Units,CMIG4,BRCMIGACNPR3,33769000
2026-08-14,2026-08-01,Ações_BDRs_ETFs_FIIs_Units,CMIN3,BRCMINACNOR2,25757000
2026-08-14,2026-08-01,Ações_BDRs_ETFs_FIIs_Units,CNIC34,BRCNICBDR007,7393000
2026-08-14,2026-08-01,Ações_BDRs_ETFs_FIIs_Units,COCA34,BRCOCABDR002,2842000
2026-08-14,2026-08-01,Ações_BDRs_ETFs_FIIs_Units,COGN3,BRCOGNACNOR2,74798000
2026-08-14,2026-08-01,Ações_BDRs_ETFs_FIIs_Units,COLD34,BRCOLDBDR007,5115000
2026-08-14,2026-08-01,Ações_BDRs_ETFs_FIIs_Units,COLG34,BRCOLGBDR000,2995000
2026-08-14,2026-08-01,Ações_BDRs_ETFs_FIIs_Units,COPH34,BRCOPHBDR009,4055000
2026-08-14,2026-08-01,Ações_BDRs_ETFs_FIIs_Units,COTY34,BRCOTYBDR006,6595000
2026-08-14,2026-08-01,Ações_BDRs_ETFs_FIIs_Units,COWC34,BRCOWCBDR006,1650000
2026-08-14,2026-08-01,Ações_BDRs_ETFs_FIIs_Units,CPAY34,BRCPAYBDR003,518000
2026-08-14,2026-08-01,Ações_BDRs_ETFs_FIIs_Units,CPFE3,BRCPFEACNOR0,4754000
2026-08-14,2026-08-01,Ações_BDRs_ETFs_FIIs_Units,CPLE3,BRCPLEACNOR8,48547000
2026-08-14,2026-08-01,Ações_BDRs_ETFs_FIIs_Units,CPRL34,BRCPRLBDR004,1704000
2026-08-14,2026-08-01,Ações_BDRs_ETFs_FIIs_Units,CPTS11,BRCPTSCTF004,33200
2026-08-14,2026-08-01,Ações_BDRs_ETFs_FIIs_Units,CRDA34,BRCRDABDR003,815000
2026-08-14,2026-08-01,Ações_BDRs_ETFs_FIIs_Units,CRIN34,BRCRINBDR005,794000
2026-08-14,2026-08-01,Ações_BDRs_ETFs_FIIs_Units,CRIP34,BRCRIPBDR000,920000
2026-08-14,2026-08-01,Ações_BDRs_ETFs_FIIs_Units,CSAN3,BRCSANACNOR6,81753000
2026-08-14,2026-08-01,Ações_BDRs_ETFs_FIIs_Units,CSCO34,BRCSCOBDR004,1714000
2026-08-14,2026-08-01,Ações_BDRs_ETFs_FIIs_Units,CSMG3,BRCSMGACNOR5,10525000
2026-08-14,2026-08-01,Ações_BDRs_ETFs_FIIs_Units,CSNA3,BRCSNAACNOR6,35089000
2026-08-14,2026-08-01,Ações_BDRs_ETFs_FIIs_Units,CSXC34,BRCSXCBDR005,1489000
2026-08-14,2026-08-01,Ações_BDRs_ETFs_FIIs_Units,CTGP34,BRCTGPBDR000,1763000
2026-08-14,2026-08-01,Ações_BDRs_ETFs_FIIs_Units,CTSH34,BRCTSHBDR002,869000
2026-08-14,2026-08-01,Ações_BDRs_ETFs_FIIs_Units,CURY3,BRCURYACNOR3,10252000
2026-08-14,2026-08-01,Ações_BDRs_ETFs_FIIs_Units,CVCB3,BRCVCBACNOR1,32654000
2026-08-14,2026-08-01,Ações_BDRs_ETFs_FIIs_Units,CVSH34,BRCVSHBDR008,3637000
2026-08-14,2026-08-01,Ações_BDRs_ETFs_FIIs_Units,CXSE3,BRCXSEACNOR7,10958000
2026-08-14,2026-08-01,Ações_BDRs_ETFs_FIIs_Units,CYRE3,BRCYREACNOR7,19519000
2026-08-14,2026-08-01,Ações_BDRs_ETFs_FIIs_Units,CYRE4,BRCYREACNPR4,3708610
2026-08-14,2026-08-01,Ações_BDRs_ETFs_FIIs_Units,D1DG34,BRD1DGBDR001,1566000
2026-08-14,2026-08-01,Ações_BDRs_ETFs_FIIs_Units,D1EL34,BRD1ELBDR009,94000
2026-08-14,2026-08-01,Ações_BDRs_ETFs_FIIs_Units,D1EX34,BRD1EXBDR004,27894000
2026-08-14,2026-08-01,Ações_BDRs_ETFs_FIIs_Units,D1HI34,BRD1HIBDR008,283000
2026-08-14,2026-08-01,Ações_BDRs_ETFs_FIIs_Units,D1LR34,BRD1LRBDR001,3172000
2026-08-14,2026-08-01,Ações_BDRs_ETFs_FIIs_Units,D1OC34,BRD1OCBDR007,14925000
2026-08-14,2026-08-01,Ações_BDRs_ETFs_FIIs_Units,D1OM34,BRD1OMBDR006,3318000
2026-08-14,2026-08-01,Ações_BDRs_ETFs_FIIs_Units,D1OV34,BRD1OVBDR007,373000
2026-08-14,2026-08-01,Ações_BDRs_ETFs_FIIs_Units,D1OW34,BRD1OWBDR005,5464000
2026-08-14,2026-08-01,Ações_BDRs_ETFs_FIIs_Units,D1RI34,BRD1RIBDR007,756000
2026-08-14,2026-08-01,Ações_BDRs_ETFs_FIIs_Units,D1TE34,BRD1TEBDR002,1064000
2026-08-14,2026-08-01,Ações_BDRs_ETFs_FIIs_Units,D1VN34,BRD1VNBDR009,862000
2026-08-14,2026-08-01,Ações_BDRs_ETFs_FIIs_Units,D1XC34,BRD1XCBDR008,2136000
2026-08-14,2026-08-01,Ações_BDRs_ETFs_FIIs_Units,D2AR34,BRD2ARBDR002,5427000
2026-08-14,2026-08-01,Ações_BDRs_ETFs_FIIs_Units,D2AS34,BRD2ASBDR000,3251000
2026-08-14,2026-08-01,Ações_BDRs_ETFs_FIIs_Units,D2KN34,BRD2KNBDR000,9578000
2026-08-14,2026-08-01,Ações_BDRs_ETFs_FIIs_Units,D2KS34,BRD2KSBDR009,1627000
2026-08-14,2026-08-01,Ações_BDRs_ETFs_FIIs_Units,D2NL34,BRD2NLBDR008,3369000
2026-08-14,2026-08-01,Ações_BDRs_ETFs_FIIs_Units,D2OC34,BRD2OCBDR005,10524000
2026-08-14,2026-08-01,Ações_BDRs_ETFs_FIIs_Units,D2OX34,BRD2OXBDR001,5363000
2026-08-14,2026-08-01,Ações_BDRs_ETFs_FIIs_Units,D2PZ34,BRD2PZBDR003,5908000
2026-08-14,2026-08-01,Ações_BDRs_ETFs_FIIs_Units,D2TC34,BRD2TCBDR004,7160000
2026-08-14,2026-08-01,Ações_BDRs_ETFs_FIIs_Units,DBAG34,BRDBAGBDR008,1104000
2026-08-14,2026-08-01,Ações_BDRs_ETFs_FIIs_Units,DDNB34,BRDDNBBDR008,286000
2026-08-14,2026-08-01,Ações_BDRs_ETFs_FIIs_Units,DEAI34,BRDEAIBDR008,455000
2026-08-14,2026-08-01,Ações_BDRs_ETFs_FIIs_Units,DEEC34,BRDEECBDR003,1879000
2026-08-14,2026-08-01,Ações_BDRs_ETFs_FIIs_Units,DEOP34,BRDEOPBDR004,8237000
2026-08-14,2026-08-01,Ações_BDRs_ETFs_FIIs_Units,DGCO34,BRDGCOBDR007,8019000
2026-08-14,2026-08-01,Ações_BDRs_ETFs_FIIs_Units,DHER34,BRDHERBDR004,5617000
2026-08-14,2026-08-01,Ações_BDRs_ETFs_FIIs_Units,DIRR3,BRDIRRACNOR0,19760000
2026-08-14,2026-08-01,Ações_BDRs_ETFs_FIIs_Units,DISB34,BRDISBBDR006,6082000
2026-08-14,2026-08-01,Ações_BDRs_ETFs_FIIs_Units,DIVO11,BRDIVOCTF002,16658000
2026-08-14,2026-08-01,Ações_BDRs_ETFs_FIIs_Units,DLTR34,BRDLTRBDR004,665000
2026-08-14,2026-08-01,Ações_BDRs_ETFs_FIIs_Units,DOLL39,BRDOLLBDR008,3926000
2026-08-14,2026-08-01,Ações_BDRs_ETFs_FIIs_Units,DTCR39,BRDTCRBDR003,1138000
2026-08-14,2026-08-01,Ações_BDRs_ETFs_FIIs_Units,DUKB34,BRDUKBBDR008,309000
2026-08-14,2026-08-01,Ações_BDRs_ETFs_FIIs_Units,DUOL34,BRDUOLBDR009,10277000
2026-08-14,2026-08-01,Ações_BDRs_ETFs_FIIs_Units,DVAI34,BRDVAIBDR002,165000
2026-08-14,2026-08-01,Ações_BDRs_ETFs_FIIs_Units,DXCO3,BRDXCOACNOR8,5883000
2026-08-14,2026-08-01,Ações_BDRs_ETFs_FIIs_Units,E1CL34,BRE1CLBDR002,599000
2026-08-14,2026-08-01,Ações_BDRs_ETFs_FIIs_Units,E1CO34,BRE1COBDR006,2465000
2026-08-14,2026-08-01,Ações_BDRs_ETFs_FIIs_Units,E1DI34,BRE1DIBDR006,715000
2026-08-14,2026-08-01,Ações_BDRs_ETFs_FIIs_Units,E1DU34,BRE1DUBDR001,4404000
2026-08-14,2026-08-01,Ações_BDRs_ETFs_FIIs_Units,E1IX34,BRE1IXBDR004,1029000
2026-08-14,2026-08-01,Ações_BDRs_ETFs_FIIs_Units,E1LV34,BRE1LVBDR002,504000
2026-08-14,2026-08-01,Ações_BDRs_ETFs_FIIs_Units,E1MN34,BRE1MNBDR007,1153000
2026-08-14,2026-08-01,Ações_BDRs_ETFs_FIIs_Units,E1MR34,BRE1MRBDR008,3096000
2026-08-14,2026-08-01,Ações_BDRs_ETFs_FIIs_Units,E1OG34,BRE1OGBDR007,574000
2026-08-14,2026-08-01,Ações_BDRs_ETFs_FIIs_Units,E1QN34,BRE1QNBDR008,2020000
2026-08-14,2026-08-01,Ações_BDRs_ETFs_FIIs_Units,E1QR34,BRE1QRBDR009,3453000
2026-08-14,2026-08-01,Ações_BDRs_ETFs_FIIs_Units,E1RI34,BRE1RIBDR006,8064000
2026-08-14,2026-08-01,Ações_BDRs_ETFs_FIIs_Units,E1SE34,BRE1SEBDR003,1061000
2026-08-14,2026-08-01,Ações_BDRs_ETFs_FIIs_Units,E1SS34,BRE1SSBDR003,1321000
2026-08-14,2026-08-01,Ações_BDRs_ETFs_FIIs_Units,E1TN34,BRE1TNBDR002,1384000
2026-08-14,2026-08-01,Ações_BDRs_ETFs_FIIs_Units,E1TR34,BRE1TRBDR003,706000
2026-08-14,2026-08-01,Ações_BDRs_ETFs_FIIs_Units,E1VE34,BRE1VEBDR007,454000
2026-08-14,2026-08-01,Ações_BDRs_ETFs_FIIs_Units,E1VR34,BRE1VRBDR009,917000
2026-08-14,2026-08-01,Ações_BDRs_ETFs_FIIs_Units,E1WL34,BRE1WLBDR000,1892000
2026-08-14,2026-08-01,Ações_BDRs_ETFs_FIIs_Units,E1XC34,BRE1XCBDR007,835000
2026-08-14,2026-08-01,Ações_BDRs_ETFs_FIIs_Units,E1XP34,BRE1XPBDR009,443000
2026-08-14,2026-08-01,Ações_BDRs_ETFs_FIIs_Units,E1XR34,BRE1XRBDR005,1085000
2026-08-14,2026-08-01,Ações_BDRs_ETFs_FIIs_Units,E2AG34,BRE2AGBDR004,2990000
2026-08-14,2026-08-01,Ações_BDRs_ETFs_FIIs_Units,E2EF34,BRE2EFBDR008,44702000
2026-08-14,2026-08-01,Ações_BDRs_ETFs_FIIs_Units,E2LS34,BRE2LSBDR006,6110000
2026-08-14,2026-08-01,Ações_BDRs_ETFs_FIIs_Units,E2NO34,BRE2NOBDR001,1851000
2026-08-14,2026-08-01,Ações_BDRs_ETFs_FIIs_Units,E2NP34,BRE2NPBDR008,25882000
2026-08-14,2026-08-01,Ações_BDRs_ETFs_FIIs_Units,E2NT34,BRE2NTBDR000,5497000
2026-08-14,2026-08-01,Ações_BDRs_ETFs_FIIs_Units,E2PA34,BRE2PABDR005,24937000
2026-08-14,2026-08-01,Ações_BDRs_ETFs_FIIs_Units,E2ST34,BRE2STBDR009,7642000
2026-08-14,2026-08-01,Ações_BDRs_ETFs_FIIs_Units,E2TS34,BRE2TSBDR009,7532000
2026-08-14,2026-08-01,Ações_BDRs_ETFs_FIIs_Units,E2XE34,BRE2XEBDR001,1422000
2026-08-14,2026-08-01,Ações_BDRs_ETFs_FIIs_Units,EBAY34,BREBAYBDR009,732000
2026-08-14,2026-08-01,Ações_BDRs_ETFs_FIIs_Units,ECOR3,BRECORACNOR8,14767000
2026-08-14,2026-08-01,Ações_BDRs_ETFs_FIIs_Units,EFXB31,BREFXBBDR000,209000
2026-08-14,2026-08-01,Ações_BDRs_ETFs_FIIs_Units,EGIE3,BREGIEACNOR9,6154000
2026-08-14,2026-08-01,Ações_BDRs_ETFs_FIIs_Units,ELCI34,BRELCIBDR007,11520000
2026-08-14,2026-08-01,Ações_BDRs_ETFs_FIIs_Units,EMBJ3,BREMBJACNOR1,13312000
2026-08-14,2026-08-01,Ações_BDRs_ETFs_FIIs_Units,ENEV3,BRENEVACNOR8,21674000
2026-08-14,2026-08-01,Ações_BDRs_ETFs_FIIs_Units,ENGI11,BRENGICDAM16,6616000
2026-08-14,2026-08-01,Ações_BDRs_ETFs_FIIs_Units,EQIX34,BREQIXBDR002,2974000
2026-08-14,2026-08-01,Ações_BDRs_ETFs_FIIs_Units,EQTL3,BREQTLACNOR0,21441000
2026-08-14,2026-08-01,Ações_BDRs_ETFs_FIIs_Units,EVTC31,BREVTCBDR003,199000
2026-08-14,2026-08-01,Ações_BDRs_ETFs_FIIs_Units,EWBZ11,BREWBZCTF009,51229000
2026-08-14,2026-08-01,Ações_BDRs_ETFs_FIIs_Units,EXGR34,BREXGRBDR004,280000
2026-08-14,2026-08-01,Ações_BDRs_ETFs_FIIs_Units,EXPB31,BREXPBBDR009,844000
2026-08-14,2026-08-01,Ações_BDRs_ETFs_FIIs_Units,EXXO34,BREXXOBDR006,2051000
2026-08-14,2026-08-01,Ações_BDRs_ETFs_FIIs_Units,EZTC3,BREZTCACNOR0,4920000
2026-08-14,2026-08-01,Ações_BDRs_ETFs_FIIs_Units,F1AN34,BRF1ANBDR001,3352000
2026-08-14,2026-08-01,Ações_BDRs_ETFs_FIIs_Units,F1BH34,BRF1BHBDR001,909000
2026-08-14,2026-08-01,Ações_BDRs_ETFs_FIIs_Units,F1EC34,BRF1ECBDR006,813000
2026-08-14,2026-08-01,Ações_BDRs_ETFs_FIIs_Units,F1FI34,BRF1FIBDR000,390000
2026-08-14,2026-08-01,Ações_BDRs_ETFs_FIIs_Units,F1IS34,BRF1ISBDR003,1492000
2026-08-14,2026-08-01,Ações_BDRs_ETFs_FIIs_Units,F1LS34,BRF1LSBDR007,487000
2026-08-14,2026-08-01,Ações_BDRs_ETFs_FIIs_Units,F1MC34,BRF1MCBDR009,3527000
2026-08-14,2026-08-01,Ações_BDRs_ETFs_FIIs_Units,F1NI34,BRF1NIBDR004,14705000
2026-08-14,2026-08-01,Ações_BDRs_ETFs_FIIs_Units,F1RA34,BRF1RABDR002,1184000
2026-08-14,2026-08-01,Ações_BDRs_ETFs_FIIs_Units,F1SL34,BRF1SLBDR007,19945000
2026-08-14,2026-08-01,Ações_BDRs_ETFs_FIIs_Units,F1TN34,BRF1TNBDR001,3078000
2026-08-14,2026-08-01,Ações_BDRs_ETFs_FIIs_Units,F1TV34,BRF1TVBDR004,1303000
2026-08-14,2026-08-01,Ações_BDRs_ETFs_FIIs_Units,F1UN34,BRF1UNBDR009,4098000
2026-08-14,2026-08-01,Ações_BDRs_ETFs_FIIs_Units,F2IC34,BRF2ICBDR005,1370000
2026-08-14,2026-08-01,Ações_BDRs_ETFs_FIIs_Units,F2IV34,BRF2IVBDR005,14646000
2026-08-14,2026-08-01,Ações_BDRs_ETFs_FIIs_Units,F2NV34,BRF2NVBDR005,32787000
2026-08-14,2026-08-01,Ações_BDRs_ETFs_FIIs_Units,F2RS34,BRF2RSBDR002,10952000
2026-08-14,2026-08-01,Ações_BDRs_ETFs_FIIs_Units,F2RT34,BRF2RTBDR000,3535000
2026-08-14,2026-08-01,Ações_BDRs_ETFs_FIIs_Units,FASL34,BRFASLBDR007,863000
2026-08-14,2026-08-01,Ações_BDRs_ETFs_FIIs_Units,FCXO34,BRFCXOBDR007,1903000
2026-08-14,2026-08-01,Ações_BDRs_ETFs_FIIs_Units,FDMO34,BRFDMOBDR008,2675000
2026-08-14,2026-08-01,Ações_BDRs_ETFs_FIIs_Units,FDXB34,BRFDXBBDR002,125000
2026-08-14,2026-08-01,Ações_BDRs_ETFs_FIIs_Units,FFTD34,BRFFTDBDR001,774000
2026-08-14,2026-08-01,Ações_BDRs_ETFs_FIIs_Units,FIXX11,BRFIXXCTF012,723000
2026-08-14,2026-08-01,Ações_BDRs_ETFs_FIIs_Units,FLRY3,BRFLRYACNOR5,6125000
2026-08-14,2026-08-01,Ações_BDRs_ETFs_FIIs_Units,FMSC34,BRFMSCBDR001,261000
2026-08-14,2026-08-01,Ações_BDRs_ETFs_FIIs_Units,FMXB34,BRFMXBBDR003,218000
2026-08-14,2026-08-01,Ações_BDRs_ETFs_FIIs_Units,FOXC34,BRFOXCBDR007,709000
2026-08-14,2026-08-01,Ações_BDRs_ETFs_FIIs_Units,FSLR34,BRFSLRBDR001,3891000
2026-08-14,2026-08-01,Ações_BDRs_ETFs_FIIs_Units,G1AR34,BRG1ARBDR001,1085000
2026-08-14,2026-08-01,Ações_BDRs_ETFs_FIIs_Units,G1DS34,BRG1DSBDR003,10795000
2026-08-14,2026-08-01,Ações_BDRs_ETFs_FIIs_Units,G1FI34,BRG1FIBDR009,2400000
2026-08-14,2026-08-01,Ações_BDRs_ETFs_FIIs_Units,G1LL34,BRG1LLBDR001,4294000
2026-08-14,2026-08-01,Ações_BDRs_ETFs_FIIs_Units,G1LO34,BRG1LOBDR005,19383000
2026-08-14,2026-08-01,Ações_BDRs_ETFs_FIIs_Units,G1LW34,BRG1LWBDR008,277000
2026-08-14,2026-08-01,Ações_BDRs_ETFs_FIIs_Units,G1MI34,BRG1MIBDR005,3204000
2026-08-14,2026-08-01,Ações_BDRs_ETFs_FIIs_Units,G1PC34,BRG1PCBDR001,757000
2026-08-14,2026-08-01,Ações_BDRs_ETFs_FIIs_Units,G1PI34,BRG1PIBDR008,2424000
2026-08-14,2026-08-01,Ações_BDRs_ETFs_FIIs_Units,G1RM34,BRG1RMBDR006,323000
2026-08-14,2026-08-01,Ações_BDRs_ETFs_FIIs_Units,G1SK34,BRG1SKBDR008,3883000
2026-08-14,2026-08-01,Ações_BDRs_ETFs_FIIs_Units,G1WW34,BRG1WWBDR005,1146000
2026-08-14,2026-08-01,Ações_BDRs_ETFs_FIIs_Units,G2DD34,BRG2DDBDR003,4439000
2026-08-14,2026-08-01,Ações_BDRs_ETFs_FIIs_Units,G2EV34,BRG2EVBDR003,788000
2026-08-14,2026-08-01,Ações_BDRs_ETFs_FIIs_Units,G2ME34,BRG2MEBDR002,3418000
2026-08-14,2026-08-01,Ações_BDRs_ETFs_FIIs_Units,G2NT34,BRG2NTBDR008,4230000
2026-08-14,2026-08-01,Ações_BDRs_ETFs_FIIs_Units,G2WR34,BRG2WRBDR003,3447000
2026-08-14,2026-08-01,Ações_BDRs_ETFs_FIIs_Units,GARE11,BRGARECTF001,30700
2026-08-14,2026-08-01,Ações_BDRs_ETFs_FIIs_Units,GDBR34,BRGDBRBDR002,102000
2026-08-14,2026-08-01,Ações_BDRs_ETFs_FIIs_Units,GDXB39,BRGDXBBDR000,1607000
2026-08-14,2026-08-01,Ações_BDRs_ETFs_FIIs_Units,GEHC34,BRGEHCBDR009,5268000
2026-08-14,2026-08-01,Ações_BDRs_ETFs_FIIs_Units,GENB11,BRGENBCTF008,76762000
2026-08-14,2026-08-01,Ações_BDRs_ETFs_FIIs_Units,GEOO34,BRGEOOBDR000,2176000
2026-08-14,2026-08-01,Ações_BDRs_ETFs_FIIs_Units,GGAL34,BRGGALBDR000,2354000
2026-08-14,2026-08-01,Ações_BDRs_ETFs_FIIs_Units,GGBR4,BRGGBRACNPR8,28221000
2026-08-14,2026-08-01,Ações_BDRs_ETFs_FIIs_Units,GGPS3,BRGGPSACNOR9,8103000
2026-08-14,2026-08-01,Ações_BDRs_ETFs_FIIs_Units,GGRC11,BRGGRCCTF002,24900
2026-08-14,2026-08-01,Ações_BDRs_ETFs_FIIs_Units,GILD34,BRGILDBDR000,596000
2026-08-14,2026-08-01,Ações_BDRs_ETFs_FIIs_Units,GLDI11,BRGLDICTF009,2451000
2026-08-14,2026-08-01,Ações_BDRs_ETFs_FIIs_Units,GLDX11,BRGLDXCTF016,732000
2026-08-14,2026-08-01,Ações_BDRs_ETFs_FIIs_Units,GLFTETF11,BRGLFTCTF001,281800
2026-08-14,2026-08-01,Ações_BDRs_ETFs_FIIs_Units,GMAT3,BRGMATACNOR7,16852000
2026-08-14,2026-08-01,Ações_BDRs_ETFs_FIIs_Units,GMCO34,BRGMCOBDR008,1811000
2026-08-14,2026-08-01,Ações_BDRs_ETFs_FIIs_Units,GOAT11,BRGOATCTF006,2895000
2026-08-14,2026-08-01,Ações_BDRs_ETFs_FIIs_Units,GOAU4,BRGOAUACNPR8,21351000
2026-08-14,2026-08-01,Ações_BDRs_ETFs_FIIs_Units,GOGL34,BRGOGLBDR001,2086000
2026-08-14,2026-08-01,Ações_BDRs_ETFs_FIIs_Units,GOGL35,BRGOGLBDR019,1434000
2026-08-14,2026-08-01,Ações_BDRs_ETFs_FIIs_Units,GOLB11,BRGOLBCTF001,1743000
2026-08-14,2026-08-01,Ações_BDRs_ETFs_FIIs_Units,GOLD11,BRGOLDCTF015,17927000
2026-08-14,2026-08-01,Ações_BDRs_ETFs_FIIs_Units,GOLX11,BRGOLXCTF005,10856000
2026-08-14,2026-08-01,Ações_BDRs_ETFs_FIIs_Units,GPCAETF11,BRGPCACTF009,3134400
2026-08-14,2026-08-01,Ações_BDRs_ETFs_FIIs_Units,GPSI34,BRGPSIBDR009,1966000
2026-08-14,2026-08-01,Ações_BDRs_ETFs_FIIs_Units,GPUS11,BRGPUSCTF003,359000
2026-08-14,2026-08-01,Ações_BDRs_ETFs_FIIs_Units,GRND3,BRGRNDACNOR3,7498000
2026-08-14,2026-08-01,Ações_BDRs_ETFs_FIIs_Units,GSGI34,BRGSGIBDR008,1144000
2026-08-14,2026-08-01,Ações_BDRs_ETFs_FIIs_Units,GXUS11,BRGXUSCTF007,1860000
2026-08-14,2026-08-01,Ações_BDRs_ETFs_FIIs_Units,H1AS34,BRH1ASBDR008,1014000
2026-08-14,2026-08-01,Ações_BDRs_ETFs_FIIs_Units,H1BA34,BRH1BABDR004,2616000
2026-08-14,2026-08-01,Ações_BDRs_ETFs_FIIs_Units,H1CA34,BRH1CABDR002,2012000
2026-08-14,2026-08-01,Ações_BDRs_ETFs_FIIs_Units,H1DB34,BRH1DBBDR008,8438000
2026-08-14,2026-08-01,Ações_BDRs_ETFs_FIIs_Units,H1EI34,BRH1EIBDR001,1090000
2026-08-14,2026-08-01,Ações_BDRs_ETFs_FIIs_Units,H1FC34,BRH1FCBDR001,434000
2026-08-14,2026-08-01,Ações_BDRs_ETFs_FIIs_Units,H1HH34,BRH1HHBDR006,1641000
2026-08-14,2026-08-01,Ações_BDRs_ETFs_FIIs_Units,H1IG34,BRH1IGBDR006,276000
2026-08-14,2026-08-01,Ações_BDRs_ETFs_FIIs_Units,H1II34,BRH1IIBDR002,10162000
2026-08-14,2026-08-01,Ações_BDRs_ETFs_FIIs_Units,H1LT34,BRH1LTBDR003,2915000
2026-08-14,2026-08-01,Ações_BDRs_ETFs_FIIs_Units,H1OG34,BRH1OGBDR004,1143000
2026-08-14,2026-08-01,Ações_BDRs_ETFs_FIIs_Units,H1PE34,BRH1PEBDR006,819000
2026-08-14,2026-08-01,Ações_BDRs_ETFs_FIIs_Units,H1RB34,BRH1RBBDR008,1077000
2026-08-14,2026-08-01,Ações_BDRs_ETFs_FIIs_Units,H1RL34,BRH1RLBDR007,1561000
2026-08-14,2026-08-01,Ações_BDRs_ETFs_FIIs_Units,H1SB34,BRH1SBBDR006,1503000
2026-08-14,2026-08-01,Ações_BDRs_ETFs_FIIs_Units,H1SI34,BRH1SIBDR001,1048000
2026-08-14,2026-08-01,Ações_BDRs_ETFs_FIIs_Units,H1ST34,BRH1STBDR008,1620000
2026-08-14,2026-08-01,Ações_BDRs_ETFs_FIIs_Units,H1TH34,BRH1THBDR001,3613000
2026-08-14,2026-08-01,Ações_BDRs_ETFs_FIIs_Units,H1UM34,BRH1UMBDR009,4507000
2026-08-14,2026-08-01,Ações_BDRs_ETFs_FIIs_Units,H2TA34,BRH2TABDR004,6138000
2026-08-14,2026-08-01,Ações_BDRs_ETFs_FIIs_Units,H2UB34,BRH2UBBDR000,8952000
2026-08-14,2026-08-01,Ações_BDRs_ETFs_FIIs_Units,HALI34,BRHALIBDR004,1172000
2026-08-14,2026-08-01,Ações_BDRs_ETFs_FIIs_Units,HAPV3,BRHAPVACNOR4,18265000
2026-08-14,2026-08-01,Ações_BDRs_ETFs_FIIs_Units,HBSA3,BRHBSAACNOR0,5152000
2026-08-14,2026-08-01,Ações_BDRs_ETFs_FIIs_Units,HGBS11,BRHGBSCTF000,13200
2026-08-14,2026-08-01,Ações_BDRs_ETFs_FIIs_Units,HGLG11,BRHGLGCTF004,1700
2026-08-14,2026-08-01,Ações_BDRs_ETFs_FIIs_Units,HIGH11,BRHIGHCTF008,27018000
2026-08-14,2026-08-01,Ações_BDRs_ETFs_FIIs_Units,HOME34,BRHOMEBDR002,3246000
2026-08-14,2026-08-01,Ações_BDRs_ETFs_FIIs_Units,HONB34,BRHONBBDR006,161000
2026-08-14,2026-08-01,Ações_BDRs_ETFs_FIIs_Units,HOND34,BRHONDBDR002,755000
2026-08-14,2026-08-01,Ações_BDRs_ETFs_FIIs_Units,HPQB34,BRHPQBBDR006,1483000
2026-08-14,2026-08-01,Ações_BDRs_ETFs_FIIs_Units,HSHY34,BRHSHYBDR001,3463000
2026-08-14,2026-08-01,Ações_BDRs_ETFs_FIIs_Units,HTEK11,BRHTEKCTF004,1737000
2026-08-14,2026-08-01,Ações_BDRs_ETFs_FIIs_Units,HYPE3,BRHYPEACNOR0,7390000
2026-08-14,2026-08-01,Ações_BDRs_ETFs_FIIs_Units,I1BN34,BRI1BNBDR006,1337000
2026-08-14,2026-08-01,Ações_BDRs_ETFs_FIIs_Units,I1CE34,BRI1CEBDR003,535000
2026-08-14,2026-08-01,Ações_BDRs_ETFs_FIIs_Units,I1DX34,BRI1DXBDR001,348000
2026-08-14,2026-08-01,Ações_BDRs_ETFs_FIIs_Units,I1EX34,BRI1EXBDR009,3540000
2026-08-14,2026-08-01,Ações_BDRs_ETFs_FIIs_Units,I1FF34,BRI1FFBDR003,1003000
2026-08-14,2026-08-01,Ações_BDRs_ETFs_FIIs_Units,I1FO34,BRI1FOBDR005,7199000
2026-08-14,2026-08-01,Ações_BDRs_ETFs_FIIs_Units,I1HG34,BRI1HGBDR007,673000
2026-08-14,2026-08-01,Ações_BDRs_ETFs_FIIs_Units,I1LM34,BRI1LMBDR007,1027000
2026-08-14,2026-08-01,Ações_BDRs_ETFs_FIIs_Units,I1NC34,BRI1NCBDR004,677000
2026-08-14,2026-08-01,Ações_BDRs_ETFs_FIIs_Units,I1PC34,BRI1PCBDR009,1069000
2026-08-14,2026-08-01,Ações_BDRs_ETFs_FIIs_Units,I1PG34,BRI1PGBDR000,396000
2026-08-14,2026-08-01,Ações_BDRs_ETFs_FIIs_Units,I1QV34,BRI1QVBDR007,760000
2026-08-14,2026-08-01,Ações_BDRs_ETFs_FIIs_Units,I1RM34,BRI1RMBDR004,307000
2026-08-14,2026-08-01,Ações_BDRs_ETFs_FIIs_Units,I1RP34,BRI1RPBDR007,162000
2026-08-14,2026-08-01,Ações_BDRs_ETFs_FIIs_Units,I1SR34,BRI1SRBDR001,2153000
2026-08-14,2026-08-01,Ações_BDRs_ETFs_FIIs_Units,I1TW34,BRI1TWBDR009,579000
2026-08-14,2026-08-01,Ações_BDRs_ETFs_FIIs_Units,I1VZ34,BRI1VZBDR008,1313000
2026-08-14,2026-08-01,Ações_BDRs_ETFs_FIIs_Units,I2NG34,BRI2NGBDR003,2794000
2026-08-14,2026-08-01,Ações_BDRs_ETFs_FIIs_Units,I2NV34,BRI2NVBDR002,6574000
2026-08-14,2026-08-01,Ações_BDRs_ETFs_FIIs_Units,I2RS34,BRI2RSBDR009,2762000
2026-08-14,2026-08-01,Ações_BDRs_ETFs_FIIs_Units,IB5METF11,BRIB5MCTF008,3285900
2026-08-14,2026-08-01,Ações_BDRs_ETFs_FIIs_Units,IBKR34,BRIBKRBDR003,6673000
2026-08-14,2026-08-01,Ações_BDRs_ETFs_FIIs_Units,IBMB34,BRIBMBBDR003,179000
2026-08-14,2026-08-01,Ações_BDRs_ETFs_FIIs_Units,IBOB11,BRIBOBCTF008,20894000
2026-08-14,2026-08-01,Ações_BDRs_ETFs_FIIs_Units,ICLR34,BRICLRBDR009,4694000
2026-08-14,2026-08-01,Ações_BDRs_ETFs_FIIs_Units,IDKAETF11,BRIDKACTF004,8787200
2026-08-14,2026-08-01,Ações_BDRs_ETFs_FIIs_Units,IGTI11,BRIGTICDAM16,4721000
2026-08-14,2026-08-01,Ações_BDRs_ETFs_FIIs_Units,IMABETF11,BRIMABCTF004,15327700
2026-08-14,2026-08-01,Ações_BDRs_ETFs_FIIs_Units,IMBBETF11,BRIMBBCTF002,4179200
2026-08-14,2026-08-01,Ações_BDRs_ETFs_FIIs_Units,INBR32,BRINBRBDR007,9910000
2026-08-14,2026-08-01,Ações_BDRs_ETFs_FIIs_Units,INGG34,BRINGGBDR009,1176000
2026-08-14,2026-08-01,Ações_BDRs_ETFs_FIIs_Units,INTB3,BRINTBACNOR9,5337000
2026-08-14,2026-08-01,Ações_BDRs_ETFs_FIIs_Units,INTU34,BRINTUBDR003,5566000
2026-08-14,2026-08-01,Ações_BDRs_ETFs_FIIs_Units,IRBR3,BRIRBRACNOR4,1338000
2026-08-14,2026-08-01,Ações_BDRs_ETFs_FIIs_Units,IRFMETF11,BRIRFMCTF009,5228800
2026-08-14,2026-08-01,Ações_BDRs_ETFs_FIIs_Units,ISAE4,BRISAEACNPR9,7103000
2026-08-14,2026-08-01,Ações_BDRs_ETFs_FIIs_Units,ITLC34,BRITLCBDR005,3624000
2026-08-14,2026-08-01,Ações_BDRs_ETFs_FIIs_Units,ITSA4,BRITSAACNPR7,70057000
2026-08-14,2026-08-01,Ações_BDRs_ETFs_FIIs_Units,ITUB3,BRITUBACNOR4,5961000
2026-08-14,2026-08-01,Ações_BDRs_ETFs_FIIs_Units,ITUB4,BRITUBACNPR1,61193000
2026-08-14,2026-08-01,Ações_BDRs_ETFs_FIIs_Units,IVVB11,BRIVVBCTF001,1633000
2026-08-14,2026-08-01,Ações_BDRs_ETFs_FIIs_Units,IVWO11,BRIVWOCTF002,9672000
2026-08-14,2026-08-01,Ações_BDRs_ETFs_FIIs_Units,J1BH34,BRJ1BHBDR007,4582000
2026-08-14,2026-08-01,Ações_BDRs_ETFs_FIIs_Units,J1CI34,BRJ1CIBDR003,276000
2026-08-14,2026-08-01,Ações_BDRs_ETFs_FIIs_Units,J1EF34,BRJ1EFBDR005,743000
2026-08-14,2026-08-01,Ações_BDRs_ETFs_FIIs_Units,J1EG34,BRJ1EGBDR003,577000
2026-08-14,2026-08-01,Ações_BDRs_ETFs_FIIs_Units,J1KH34,BRJ1KHBDR008,1065000
2026-08-14,2026-08-01,Ações_BDRs_ETFs_FIIs_Units,J2AZ34,BRJ2AZBDR009,2302000
2026-08-14,2026-08-01,Ações_BDRs_ETFs_FIIs_Units,J2BL34,BRJ2BLBDR007,1008000
2026-08-14,2026-08-01,Ações_BDRs_ETFs_FIIs_Units,J2WA34,BRJ2WABDR006,927000
2026-08-14,2026-08-01,Ações_BDRs_ETFs_FIIs_Units,JBSS32,BRJBSSBDR002,5707000
2026-08-14,2026-08-01,Ações_BDRs_ETFs_FIIs_Units,JDCO34,BRJDCOBDR001,7630000
2026-08-14,2026-08-01,Ações_BDRs_ETFs_FIIs_Units,JUSG39,BRJUSGBDR007,2551000
2026-08-14,2026-08-01,Ações_BDRs_ETFs_FIIs_Units,JHSF3,BRJHSFACNOR2,13228000
2026-08-14,2026-08-01,Ações_BDRs_ETFs_FIIs_Units,JIVE39,BRJIVEBDR001,1433000
2026-08-14,2026-08-01,Ações_BDRs_ETFs_FIIs_Units,JNJB34,BRJNJBBDR002,2212000
2026-08-14,2026-08-01,Ações_BDRs_ETFs_FIIs_Units,JOGO11,BRJOGOCTF008,39000
2026-08-14,2026-08-01,Ações_BDRs_ETFs_FIIs_Units,JPMC34,BRJPMCBDR009,1159000
2026-08-14,2026-08-01,Ações_BDRs_ETFs_FIIs_Units,JQUA39,BRJQUABDR004,914000
2026-08-14,2026-08-01,Ações_BDRs_ETFs_FIIs_Units,JTEK39,BRJTEKBDR001,1362000
2026-08-14,2026-08-01,Ações_BDRs_ETFs_FIIs_Units,K1EY34,BRK1EYBDR003,1739000
2026-08-14,2026-08-01,Ações_BDRs_ETFs_FIIs_Units,K1IM34,BRK1IMBDR009,1523000
2026-08-14,2026-08-01,Ações_BDRs_ETFs_FIIs_Units,K1LA34,BRK1LABDR008,3890000
2026-08-14,2026-08-01,Ações_BDRs_ETFs_FIIs_Units,K1MX34,BRK1MXBDR008,1341000
2026-08-14,2026-08-01,Ações_BDRs_ETFs_FIIs_Units,K1RC34,BRK1RCBDR001,597000
2026-08-14,2026-08-01,Ações_BDRs_ETFs_FIIs_Units,K1RG34,BRK1RGBDR002,3488000
2026-08-14,2026-08-01,Ações_BDRs_ETFs_FIIs_Units,K1SG34,BRK1SGBDR000,252000
2026-08-14,2026-08-01,Ações_BDRs_ETFs_FIIs_Units,K1SS34,BRK1SSBDR005,1690000
2026-08-14,2026-08-01,Ações_BDRs_ETFs_FIIs_Units,K1TC34,BRK1TCBDR007,670000
2026-08-14,2026-08-01,Ações_BDRs_ETFs_FIIs_Units,K1YS34,BRK1YSBDR003,4464000
2026-08-14,2026-08-01,Ações_BDRs_ETFs_FIIs_Units,K2RC34,BRK2RCBDR009,5474000
2026-08-14,2026-08-01,Ações_BDRs_ETFs_FIIs_Units,KEPL3,BRKEPLACNOR1,2828000
2026-08-14,2026-08-01,Ações_BDRs_ETFs_FIIs_Units,KHCB34,BRKHCBBDR007,5975000
2026-08-14,2026-08-01,Ações_BDRs_ETFs_FIIs_Units,KLBN11,BRKLBNCDAM18,13839000
2026-08-14,2026-08-01,Ações_BDRs_ETFs_FIIs_Units,KLBN4,BRKLBNACNPR9,14427000
2026-08-14,2026-08-01,Ações_BDRs_ETFs_FIIs_Units,KMBB34,BRKMBBBDR009,352000
2026-08-14,2026-08-01,Ações_BDRs_ETFs_FIIs_Units,KMIC34,BRKMICBDR002,1214000
2026-08-14,2026-08-01,Ações_BDRs_ETFs_FIIs_Units,KMPR34,BRKMPRBDR005,334000
2026-08-14,2026-08-01,Ações_BDRs_ETFs_FIIs_Units,KNCR11,BRKNCRCTF000,2300
2026-08-14,2026-08-01,Ações_BDRs_ETFs_FIIs_Units,KNIP11,BRKNIPCTF001,2800
2026-08-14,2026-08-01,Ações_BDRs_ETFs_FIIs_Units,KNSC11,BRKNSCCTF008,27800
2026-08-14,2026-08-01,Ações_BDRs_ETFs_FIIs_Units,L1AM34,BRL1AMBDR005,4429000
2026-08-14,2026-08-01,Ações_BDRs_ETFs_FIIs_Units,L1CA34,BRL1CABDR006,545000
2026-08-14,2026-08-01,Ações_BDRs_ETFs_FIIs_Units,L1DO34,BRL1DOBDR005,3468000
2026-08-14,2026-08-01,Ações_BDRs_ETFs_FIIs_Units,L1EG34,BRL1EGBDR009,1225000
2026-08-14,2026-08-01,Ações_BDRs_ETFs_FIIs_Units,L1EN34,BRL1ENBDR005,426000
2026-08-14,2026-08-01,Ações_BDRs_ETFs_FIIs_Units,L1HX34,BRL1HXBDR007,547000
2026-08-14,2026-08-01,Ações_BDRs_ETFs_FIIs_Units,L1KQ34,BRL1KQBDR005,1444000
2026-08-14,2026-08-01,Ações_BDRs_ETFs_FIIs_Units,L1MN34,BRL1MNBDR008,6315000
2026-08-14,2026-08-01,Ações_BDRs_ETFs_FIIs_Units,L1NC34,BRL1NCBDR009,883000
2026-08-14,2026-08-01,Ações_BDRs_ETFs_FIIs_Units,L1NE34,BRL1NEBDR005,3684000
2026-08-14,2026-08-01,Ações_BDRs_ETFs_FIIs_Units,L1OE34,BRL1OEBDR003,335000
2026-08-14,2026-08-01,Ações_BDRs_ETFs_FIIs_Units,L1RC34,BRL1RCBDR000,5973000
2026-08-14,2026-08-01,Ações_BDRs_ETFs_FIIs_Units,L1UL34,BRL1ULBDR005,1327000
2026-08-14,2026-08-01,Ações_BDRs_ETFs_FIIs_Units,L1VS34,BRL1VSBDR008,4270000
2026-08-14,2026-08-01,Ações_BDRs_ETFs_FIIs_Units,L1WH34,BRL1WHBDR009,1409000
2026-08-14,2026-08-01,Ações_BDRs_ETFs_FIIs_Units,L1YB34,BRL1YBBDR008,1293000
2026-08-14,2026-08-01,Ações_BDRs_ETFs_FIIs_Units,L1YG34,BRL1YGBDR007,6367000
2026-08-14,2026-08-01,Ações_BDRs_ETFs_FIIs_Units,L1YV34,BRL1YVBDR006,1114000
2026-08-14,2026-08-01,Ações_BDRs_ETFs_FIIs_Units,L2IV34,BRL2IVBDR007,836000
2026-08-14,2026-08-01,Ações_BDRs_ETFs_FIIs_Units,L2PL34,BRL2PLBDR003,2165000
2026-08-14,2026-08-01,Ações_BDRs_ETFs_FIIs_Units,L2RN34,BRL2RNBDR005,1364000
2026-08-14,2026-08-01,Ações_BDRs_ETFs_FIIs_Units,L2SC34,BRL2SCBDR006,2206000
2026-08-14,2026-08-01,Ações_BDRs_ETFs_FIIs_Units,LAVV3,BRLAVVACNOR4,1738000
2026-08-14,2026-08-01,Ações_BDRs_ETFs_FIIs_Units,LBRD34,BRLBRDBDR002,10928000
2026-08-14,2026-08-01,Ações_BDRs_ETFs_FIIs_Units,LEVE3,BRLEVEACNOR2,669000
2026-08-14,2026-08-01,Ações_BDRs_ETFs_FIIs_Units,LFTBETF11,BRLFTBCTF002,19626400
2026-08-14,2026-08-01,Ações_BDRs_ETFs_FIIs_Units,LFTIETF11,BRLFTICTF007,28482200
2026-08-14,2026-08-01,Ações_BDRs_ETFs_FIIs_Units,LFTSETF11,BRLFTSCTF006,8261900
2026-08-14,2026-08-01,Ações_BDRs_ETFs_FIIs_Units,LFTXETF11,BRLFTXCTF006,440800
2026-08-14,2026-08-01,Ações_BDRs_ETFs_FIIs_Units,LILY34,BRLILYBDR006,1027000
2026-08-14,2026-08-01,Ações_BDRs_ETFs_FIIs_Units,LIQBETF11,BRLIQBCTF002,54100
2026-08-14,2026-08-01,Ações_BDRs_ETFs_FIIs_Units,LKFT34,BRLKFTBDR004,26420000
2026-08-14,2026-08-01,Ações_BDRs_ETFs_FIIs_Units,LLFTETF11,BRLLFTCTF001,24503200
2026-08-14,2026-08-01,Ações_BDRs_ETFs_FIIs_Units,LMTB34,BRLMTBBDR009,67000
2026-08-14,2026-08-01,Ações_BDRs_ETFs_FIIs_Units,LOGG3,BRLOGGACNOR7,977000
2026-08-14,2026-08-01,Ações_BDRs_ETFs_FIIs_Units,LOWC34,BRLOWCBDR007,3737000
2026-08-14,2026-08-01,Ações_BDRs_ETFs_FIIs_Units,LREN3,BRLRENACNOR1,36339000
2026-08-14,2026-08-01,Ações_BDRs_ETFs_FIIs_Units,LTBXETF11,BRLTBXCTF005,3449000
2026-08-14,2026-08-01,Ações_BDRs_ETFs_FIIs_Units,LTNBETF11,BRLTNBCTF006,879000
2026-08-14,2026-08-01,Ações_BDRs_ETFs_FIIs_Units,LVOL11,BRLVOLCTF009,20932000
2026-08-14,2026-08-01,Ações_BDRs_ETFs_FIIs_Units,LWSA3,BRLWSAACNOR8,10351000
2026-08-14,2026-08-01,Ações_BDRs_ETFs_FIIs_Units,M1AA34,BRM1AABDR009,3426000
2026-08-14,2026-08-01,Ações_BDRs_ETFs_FIIs_Units,M1AS34,BRM1ASBDR001,552000
2026-08-14,2026-08-01,Ações_BDRs_ETFs_FIIs_Units,M1CB34,BRM1CBBDR003,948000
2026-08-14,2026-08-01,Ações_BDRs_ETFs_FIIs_Units,M1CH34,BRM1CHBDR000,997000
2026-08-14,2026-08-01,Ações_BDRs_ETFs_FIIs_Units,M1CK34,BRM1CKBDR004,2895000
2026-08-14,2026-08-01,Ações_BDRs_ETFs_FIIs_Units,M1DB34,BRM1DBBDR001,2512000
2026-08-14,2026-08-01,Ações_BDRs_ETFs_FIIs_Units,M1GM34,BRM1GMBDR019,845000
2026-08-14,2026-08-01,Ações_BDRs_ETFs_FIIs_Units,M1HK34,BRM1HKBDR003,9233000
2026-08-14,2026-08-01,Ações_BDRs_ETFs_FIIs_Units,M1KC34,BRM1KCBDR004,3112000
2026-08-14,2026-08-01,Ações_BDRs_ETFs_FIIs_Units,M1KT34,BRM1KTBDR008,17145000
2026-08-14,2026-08-01,Ações_BDRs_ETFs_FIIs_Units,M1LM34,BRM1LMBDR001,333000
2026-08-14,2026-08-01,Ações_BDRs_ETFs_FIIs_Units,M1MC34,BRM1MCBDR000,3424000
2026-08-14,2026-08-01,Ações_BDRs_ETFs_FIIs_Units,M1NS34,BRM1NSBDR004,6570000
2026-08-14,2026-08-01,Ações_BDRs_ETFs_FIIs_Units,M1PC34,BRM1PCBDR003,2016000
2026-08-14,2026-08-01,Ações_BDRs_ETFs_FIIs_Units,M1RN34,BRM1RNBDR006,14538000
2026-08-14,2026-08-01,Ações_BDRs_ETFs_FIIs_Units,M1SC34,BRM1SCBDR007,3095000
2026-08-14,2026-08-01,Ações_BDRs_ETFs_FIIs_Units,M1SI34,BRM1SIBDR004,3123000
2026-08-14,2026-08-01,Ações_BDRs_ETFs_FIIs_Units,M1TA34,BRM1TABDR009,2391000
2026-08-14,2026-08-01,Ações_BDRs_ETFs_FIIs_Units,M1TB34,BRM1TBBDR007,629000
2026-08-14,2026-08-01,Ações_BDRs_ETFs_FIIs_Units,M1TC34,BRM1TCBDR005,20283000
2026-08-14,2026-08-01,Ações_BDRs_ETFs_FIIs_Units,M1TD34,BRM1TDBDR003,251000
2026-08-14,2026-08-01,Ações_BDRs_ETFs_FIIs_Units,M1TT34,BRM1TTBDR009,434000
2026-08-14,2026-08-01,Ações_BDRs_ETFs_FIIs_Units,M1UF34,BRM1UFBDR006,1326000
2026-08-14,2026-08-01,Ações_BDRs_ETFs_FIIs_Units,M2KS34,BRM2KSBDR008,2128000
2026-08-14,2026-08-01,Ações_BDRs_ETFs_FIIs_Units,M2PM34,BRM2PMBDR000,4562000
2026-08-14,2026-08-01,Ações_BDRs_ETFs_FIIs_Units,M2PR34,BRM2PRBDR009,1748000
2026-08-14,2026-08-01,Ações_BDRs_ETFs_FIIs_Units,M2PT34,BRM2PTBDR005,5398000
2026-08-14,2026-08-01,Ações_BDRs_ETFs_FIIs_Units,M2RV34,BRM2RVBDR007,2122000
2026-08-14,2026-08-01,Ações_BDRs_ETFs_FIIs_Units,MACY34,BRMACYBDR000,1685000
2026-08-14,2026-08-01,Ações_BDRs_ETFs_FIIs_Units,MARGETF11,BRMARGCTF012,1623700
2026-08-14,2026-08-01,Ações_BDRs_ETFs_FIIs_Units,MBRF3,BRMBRFACNOR1,20983000
2026-08-14,2026-08-01,Ações_BDRs_ETFs_FIIs_Units,MCDC34,BRMCDCBDR000,2878000
2026-08-14,2026-08-01,Ações_BDRs_ETFs_FIIs_Units,MCOR34,BRMCORBDR005,2582000
2026-08-14,2026-08-01,Ações_BDRs_ETFs_FIIs_Units,MCRE11,BRMCRECTF013,28900
2026-08-14,2026-08-01,Ações_BDRs_ETFs_FIIs_Units,MDIA3,BRMDIAACNOR7,1221000
2026-08-14,2026-08-01,Ações_BDRs_ETFs_FIIs_Units,MDLZ34,BRMDLZBDR002,3918000
2026-08-14,2026-08-01,Ações_BDRs_ETFs_FIIs_Units,MDNE3,BRMDNEACNOR9,2876000
2026-08-14,2026-08-01,Ações_BDRs_ETFs_FIIs_Units,MDTC34,BRMDTCBDR004,3811000
2026-08-14,2026-08-01,Ações_BDRs_ETFs_FIIs_Units,MELI34,BRMELIBDR006,4128000
2026-08-14,2026-08-01,Ações_BDRs_ETFs_FIIs_Units,METB34,BRMETBBDR004,426000
2026-08-14,2026-08-01,Ações_BDRs_ETFs_FIIs_Units,MGLU3,BRMGLUACNOR2,52982000
2026-08-14,2026-08-01,Ações_BDRs_ETFs_FIIs_Units,MIDBETF11,BRMIDBCTF008,3665000
2026-08-14,2026-08-01,Ações_BDRs_ETFs_FIIs_Units,MILL11,BRMILLCTF018,536000
2026-08-14,2026-08-01,Ações_BDRs_ETFs_FIIs_Units,MILS3,BRMILSACNOR2,2082000
2026-08-14,2026-08-01,Ações_BDRs_ETFs_FIIs_Units,MKLC34,BRMKLCBDR006,388000
2026-08-14,2026-08-01,Ações_BDRs_ETFs_FIIs_Units,MMMC34,BRMMMCBDR000,882000
2026-08-14,2026-08-01,Ações_BDRs_ETFs_FIIs_Units,MNDY34,BRMNDYBDR001,9009000
2026-08-14,2026-08-01,Ações_BDRs_ETFs_FIIs_Units,MOOO34,BRMOOOBDR007,2690000
2026-08-14,2026-08-01,Ações_BDRs_ETFs_FIIs_Units,MOSC34,BRMOSCBDR003,10540000
2026-08-14,2026-08-01,Ações_BDRs_ETFs_FIIs_Units,MOTB39,BRMOTBBDR003,3029000
2026-08-14,2026-08-01,Ações_BDRs_ETFs_FIIs_Units,MOTV3,BRMOTVACNOR7,23134000
2026-08-14,2026-08-01,Ações_BDRs_ETFs_FIIs_Units,MOVI3,BRMOVIACNOR0,14633000
2026-08-14,2026-08-01,Ações_BDRs_ETFs_FIIs_Units,MRCK34,BRMRCKBDR003,2393000
2026-08-14,2026-08-01,Ações_BDRs_ETFs_FIIs_Units,MRVE3,BRMRVEACNOR2,25920000
2026-08-14,2026-08-01,Ações_BDRs_ETFs_FIIs_Units,MSBR34,BRMSBRBDR008,916000
2026-08-14,2026-08-01,Ações_BDRs_ETFs_FIIs_Units,MSCD34,BRMSCDBDR006,2231000
2026-08-14,2026-08-01,Ações_BDRs_ETFs_FIIs_Units,MSFT34,BRMSFTBDR005,3634000
2026-08-14,2026-08-01,Ações_BDRs_ETFs_FIIs_Units,MULT3,BRMULTACNOR5,8650000
2026-08-14,2026-08-01,Ações_BDRs_ETFs_FIIs_Units,MUTC34,BRMUTCBDR008,603000
2026-08-14,2026-08-01,Ações_BDRs_ETFs_FIIs_Units,MXRF11,BRMXRFCTF008,26400
2026-08-14,2026-08-01,Ações_BDRs_ETFs_FIIs_Units,MYPK3,BRMYPKACNOR7,2565000
2026-08-14,2026-08-01,Ações_BDRs_ETFs_FIIs_Units,N1BI34,BRN1BIBDR009,4496000
2026-08-14,2026-08-01,Ações_BDRs_ETFs_FIIs_Units,N1CL34,BRN1CLBDR001,2107000
2026-08-14,2026-08-01,Ações_BDRs_ETFs_FIIs_Units,N1DA34,BRN1DABDR002,834000
2026-08-14,2026-08-01,Ações_BDRs_ETFs_FIIs_Units,N1EM34,BRN1EMBDR005,420000
2026-08-14,2026-08-01,Ações_BDRs_ETFs_FIIs_Units,N1GG34,BRN1GGBDR002,2731000
2026-08-14,2026-08-01,Ações_BDRs_ETFs_FIIs_Units,N1IC34,BRN1ICBDR007,8498000
2026-08-14,2026-08-01,Ações_BDRs_ETFs_FIIs_Units,N1IS34,BRN1ISBDR003,853000
2026-08-14,2026-08-01,Ações_BDRs_ETFs_FIIs_Units,N1MR34,BRN1MRBDR007,1214000
2026-08-14,2026-08-01,Ações_BDRs_ETFs_FIIs_Units,N1OV34,BRN1OVBDR005,1837000
2026-08-14,2026-08-01,Ações_BDRs_ETFs_FIIs_Units,N1OW34,BRN1OWBDR003,19158000
2026-08-14,2026-08-01,Ações_BDRs_ETFs_FIIs_Units,N1RG34,BRN1RGBDR009,2850000
2026-08-14,2026-08-01,Ações_BDRs_ETFs_FIIs_Units,N1SC34,BRN1SCBDR006,512000
2026-08-14,2026-08-01,Ações_BDRs_ETFs_FIIs_Units,N1TA34,BRN1TABDR008,229000
2026-08-14,2026-08-01,Ações_BDRs_ETFs_FIIs_Units,N1TR34,BRN1TRBDR002,442000
2026-08-14,2026-08-01,Ações_BDRs_ETFs_FIIs_Units,N1UE34,BRN1UEBDR008,1956000
2026-08-14,2026-08-01,Ações_BDRs_ETFs_FIIs_Units,N1VO34,BRN1VOBDR005,6394000
2026-08-14,2026-08-01,Ações_BDRs_ETFs_FIIs_Units,N1VR34,BRN1VRBDR008,304000
2026-08-14,2026-08-01,Ações_BDRs_ETFs_FIIs_Units,N1VS34,BRN1VSBDR006,2495000
2026-08-14,2026-08-01,Ações_BDRs_ETFs_FIIs_Units,N1WL34,BRN1WLBDR009,3108000
2026-08-14,2026-08-01,Ações_BDRs_ETFs_FIIs_Units,N1WS34,BRN1WSBDR004,1476000
2026-08-14,2026-08-01,Ações_BDRs_ETFs_FIIs_Units,N1WS35,BRN1WSBDR012,1305000
2026-08-14,2026-08-01,Ações_BDRs_ETFs_FIIs_Units,N1XP34,BRN1XPBDR008,2915000
2026-08-14,2026-08-01,Ações_BDRs_ETFs_FIIs_Units,N2ET34,BRN2ETBDR008,2664000
2026-08-14,2026-08-01,Ações_BDRs_ETFs_FIIs_Units,N2LY34,BRN2LYBDR003,1725000
2026-08-14,2026-08-01,Ações_BDRs_ETFs_FIIs_Units,N2TN34,BRN2TNBDR009,3766000
2026-08-14,2026-08-01,Ações_BDRs_ETFs_FIIs_Units,N2VC34,BRN2VCBDR008,6023000
2026-08-14,2026-08-01,Ações_BDRs_ETFs_FIIs_Units,NASD11,BRNASDCTF007,14633000
2026-08-14,2026-08-01,Ações_BDRs_ETFs_FIIs_Units,NATU3,BRNATUACNOR6,22637000
2026-08-14,2026-08-01,Ações_BDRs_ETFs_FIIs_Units,NB02ETF11,BRNB02CTF007,98200
2026-08-14,2026-08-01,Ações_BDRs_ETFs_FIIs_Units,NB05ETF11,BRNB05CTF000,48900
2026-08-14,2026-08-01,Ações_BDRs_ETFs_FIIs_Units,NB10ETF11,BRNB10CTF000,290700
2026-08-14,2026-08-01,Ações_BDRs_ETFs_FIIs_Units,NBOV11,BRNBOVCTF006,6657000
2026-08-14,2026-08-01,Ações_BDRs_ETFs_FIIs_Units,NCDIETF11,BRNCDICTF004,1934500
2026-08-14,2026-08-01,Ações_BDRs_ETFs_FIIs_Units,NDIV11,BRNDIVCTF004,9250000
2026-08-14,2026-08-01,Ações_BDRs_ETFs_FIIs_Units,NETE34,BRNETEBDR006,3284000
2026-08-14,2026-08-01,Ações_BDRs_ETFs_FIIs_Units,NEXT34,BRNEXTBDR006,1768000
2026-08-14,2026-08-01,Ações_BDRs_ETFs_FIIs_Units,NFLX34,BRNFLXBDR000,30456000
2026-08-14,2026-08-01,Ações_BDRs_ETFs_FIIs_Units,NIKE34,BRNIKEBDR006,9454000
2026-08-14,2026-08-01,Ações_BDRs_ETFs_FIIs_Units,NOCG34,BRNOCGBDR006,3535000
2026-08-14,2026-08-01,Ações_BDRs_ETFs_FIIs_Units,NOKI34,BRNOKIBDR005,4404000
2026-08-14,2026-08-01,Ações_BDRs_ETFs_FIIs_Units,NSDV11,BRNSDVCTF003,7432000
2026-08-14,2026-08-01,Ações_BDRs_ETFs_FIIs_Units,NTNFETF11,BRNTNFCTF003,9800
2026-08-14,2026-08-01,Ações_BDRs_ETFs_FIIs_Units,NTNSETF11,BRNTNSCTF006,1388500
2026-08-14,2026-08-01,Ações_BDRs_ETFs_FIIs_Units,NTST34,BRNTSTBDR004,1471000
2026-08-14,2026-08-01,Ações_BDRs_ETFs_FIIs_Units,NUCL11,BRNUCLCTF002,2148000
2026-08-14,2026-08-01,Ações_BDRs_ETFs_FIIs_Units,NVDC34,BRNVDCBDR008,23150000
2026-08-14,2026-08-01,Ações_BDRs_ETFs_FIIs_Units,O1DF34,BRO1DFBDR000,3429000
2026-08-14,2026-08-01,Ações_BDRs_ETFs_FIIs_Units,O1KE34,BRO1KEBDR008,869000
2026-08-14,2026-08-01,Ações_BDRs_ETFs_FIIs_Units,O1KT34,BRO1KTBDR006,5670000
2026-08-14,2026-08-01,Ações_BDRs_ETFs_FIIs_Units,O1MC34,BRO1MCBDR008,970000
2026-08-14,2026-08-01,Ações_BDRs_ETFs_FIIs_Units,O1TI34,BRO1TIBDR000,5633000
2026-08-14,2026-08-01,Ações_BDRs_ETFs_FIIs_Units,O1UT34,BRO1UTBDR005,1395000
2026-08-14,2026-08-01,Ações_BDRs_ETFs_FIIs_Units,O2HI34,BRO2HIBDR003,2276000
2026-08-14,2026-08-01,Ações_BDRs_ETFs_FIIs_Units,O2LE34,BRO2LEBDR004,6703000
2026-08-14,2026-08-01,Ações_BDRs_ETFs_FIIs_Units,O2NS34,BRO2NSBDR000,3592000
2026-08-14,2026-08-01,Ações_BDRs_ETFs_FIIs_Units,OLEO11,BROLEOCTF009,10000000
2026-08-14,2026-08-01,Ações_BDRs_ETFs_FIIs_Units,ORCL34,BRORCLBDR007,2353000
2026-08-14,2026-08-01,Ações_BDRs_ETFs_FIIs_Units,ORLY34,BRORLYBDR001,134251000
2026-08-14,2026-08-01,Ações_BDRs_ETFs_FIIs_Units,OROF11,BROROFCTF003,2122000
2026-08-14,2026-08-01,Ações_BDRs_ETFs_FIIs_Units,ORVR3,BRORVRACNOR0,7080000
2026-08-14,2026-08-01,Ações_BDRs_ETFs_FIIs_Units,OURO11,BROUROCTF002,483000
2026-08-14,2026-08-01,Ações_BDRs_ETFs_FIIs_Units,OXYP34,BROXYPBDR000,4288000
2026-08-14,2026-08-01,Ações_BDRs_ETFs_FIIs_Units,P1AC34,BRP1ACBDR002,594000
2026-08-14,2026-08-01,Ações_BDRs_ETFs_FIIs_Units,P1AY34,BRP1AYBDR006,713000
2026-08-14,2026-08-01,Ações_BDRs_ETFs_FIIs_Units,P1DD34,BRP1DDBDR004,4667000
2026-08-14,2026-08-01,Ações_BDRs_ETFs_FIIs_Units,P1DT34,BRP1DTBDR000,667000
2026-08-14,2026-08-01,Ações_BDRs_ETFs_FIIs_Units,P1EA34,BRP1EABDR008,1754000
2026-08-14,2026-08-01,Ações_BDRs_ETFs_FIIs_Units,P1EG34,BRP1EGBDR005,493000
2026-08-14,2026-08-01,Ações_BDRs_ETFs_FIIs_Units,P1FG34,BRP1FGBDR002,647000
2026-08-14,2026-08-01,Ações_BDRs_ETFs_FIIs_Units,P1GR34,BRP1GRBDR007,3643000
2026-08-14,2026-08-01,Ações_BDRs_ETFs_FIIs_Units,P1HC34,BRP1HCBDR007,3260000
2026-08-14,2026-08-01,Ações_BDRs_ETFs_FIIs_Units,P1HM34,BRP1HMBDR006,307000
2026-08-14,2026-08-01,Ações_BDRs_ETFs_FIIs_Units,P1KG34,BRP1KGBDR002,338000
2026-08-14,2026-08-01,Ações_BDRs_ETFs_FIIs_Units,P1KX34,BRP1KXBDR007,668000
2026-08-14,2026-08-01,Ações_BDRs_ETFs_FIIs_Units,P1LD34,BRP1LDBDR007,3196000
2026-08-14,2026-08-01,Ações_BDRs_ETFs_FIIs_Units,P1NR34,BRP1NRBDR003,528000
2026-08-14,2026-08-01,Ações_BDRs_ETFs_FIIs_Units,P1NW34,BRP1NWBDR003,833000
2026-08-14,2026-08-01,Ações_BDRs_ETFs_FIIs_Units,P1PG34,BRP1PGBDR001,666000
2026-08-14,2026-08-01,Ações_BDRs_ETFs_FIIs_Units,P1PL34,BRP1PLBDR001,1073000
2026-08-14,2026-08-01,Ações_BDRs_ETFs_FIIs_Units,P1RG34,BRP1RGBDR007,1427000
2026-08-14,2026-08-01,Ações_BDRs_ETFs_FIIs_Units,P1SA34,BRP1SABDR008,610000
2026-08-14,2026-08-01,Ações_BDRs_ETFs_FIIs_Units,P1SX34,BRP1SXBDR000,464000
2026-08-14,2026-08-01,Ações_BDRs_ETFs_FIIs_Units,P1UK34,BRP1UKBDR003,1803000
2026-08-14,2026-08-01,Ações_BDRs_ETFs_FIIs_Units,P1VH34,BRP1VHBDR007,1016000
2026-08-14,2026-08-01,Ações_BDRs_ETFs_FIIs_Units,P1YC34,BRP1YCBDR002,8453000
2026-08-14,2026-08-01,Ações_BDRs_ETFs_FIIs_Units,P2AN34,BRP2ANBDR007,8030000
2026-08-14,2026-08-01,Ações_BDRs_ETFs_FIIs_Units,P2AT34,BRP2ATBDR004,27067000
2026-08-14,2026-08-01,Ações_BDRs_ETFs_FIIs_Units,P2CF34,BRP2CFBDR009,9935000
2026-08-14,2026-08-01,Ações_BDRs_ETFs_FIIs_Units,P2CO34,BRP2COBDR001,9483000
2026-08-14,2026-08-01,Ações_BDRs_ETFs_FIIs_Units,P2CY34,BRP2CYBDR000,8759000
2026-08-14,2026-08-01,Ações_BDRs_ETFs_FIIs_Units,P2EG34,BRP2EGBDR003,14110000
2026-08-14,2026-08-01,Ações_BDRs_ETFs_FIIs_Units,P2EN34,BRP2ENBDR009,13192000
2026-08-14,2026-08-01,Ações_BDRs_ETFs_FIIs_Units,P2IN34,BRP2INBDR000,10905000
2026-08-14,2026-08-01,Ações_BDRs_ETFs_FIIs_Units,P2LN34,BRP2LNBDR004,6079000
2026-08-14,2026-08-01,Ações_BDRs_ETFs_FIIs_Units,P2LT34,BRP2LTBDR001,950000
2026-08-14,2026-08-01,Ações_BDRs_ETFs_FIIs_Units,P2NB34,BRP2NBBDR005,3480000
2026-08-14,2026-08-01,Ações_BDRs_ETFs_FIIs_Units,P2OD34,BRP2ODBDR009,7084000
2026-08-14,2026-08-01,Ações_BDRs_ETFs_FIIs_Units,P2OS34,BRP2OSBDR007,2560000
2026-08-14,2026-08-01,Ações_BDRs_ETFs_FIIs_Units,P2ST34,BRP2STBDR006,2127000
2026-08-14,2026-08-01,Ações_BDRs_ETFs_FIIs_Units,P2TC34,BRP2TCBDR000,5200000
2026-08-14,2026-08-01,Ações_BDRs_ETFs_FIIs_Units,PACBETF11,BRPACBCTF000,62948500
2026-08-14,2026-08-01,Ações_BDRs_ETFs_FIIs_Units,PACCETF11,BRPACCCTF008,12071100
2026-08-14,2026-08-01,Ações_BDRs_ETFs_FIIs_Units,PACGETF11,BRPACGCTF009,7692200
2026-08-14,2026-08-01,Ações_BDRs_ETFs_FIIs_Units,PACLETF11,BRPACLCTF009,1716700
2026-08-14,2026-08-01,Ações_BDRs_ETFs_FIIs_Units,PAGS34,BRPAGSBDR006,8227000
2026-08-14,2026-08-01,Ações_BDRs_ETFs_FIIs_Units,PEPB34,BRPEPBBDR005,4223000
2026-08-14,2026-08-01,Ações_BDRs_ETFs_FIIs_Units,PETR3,BRPETRACNOR9,32496000
2026-08-14,2026-08-01,Ações_BDRs_ETFs_FIIs_Units,PETR4,BRPETRACNPR6,100477000
2026-08-14,2026-08-01,Ações_BDRs_ETFs_FIIs_Units,PEVC11,BRPEVCCTF000,498000
2026-08-14,2026-08-01,Ações_BDRs_ETFs_FIIs_Units,PFIZ34,BRPFIZBDR006,6331000
2026-08-14,2026-08-01,Ações_BDRs_ETFs_FIIs_Units,PFJRETF11,BRPFJRCTF000,314500
2026-08-14,2026-08-01,Ações_BDRs_ETFs_FIIs_Units,PGCO34,BRPGCOBDR001,3737000
2026-08-14,2026-08-01,Ações_BDRs_ETFs_FIIs_Units,PGMN3,BRPGMNACNOR8,12497000
2026-08-14,2026-08-01,Ações_BDRs_ETFs_FIIs_Units,PHGN34,BRPHGNBDR002,524000
2026-08-14,2026-08-01,Ações_BDRs_ETFs_FIIs_Units,PHIPETF11,BRPHIPCTF002,2638700
2026-08-14,2026-08-01,Ações_BDRs_ETFs_FIIs_Units,PHMO34,BRPHMOBDR008,3289000
2026-08-14,2026-08-01,Ações_BDRs_ETFs_FIIs_Units,PIBB11,BRPIBBCTF005,61815000
2026-08-14,2026-08-01,Ações_BDRs_ETFs_FIIs_Units,PIPE11,BRPIPECTF009,481000
2026-08-14,2026-08-01,Ações_BDRs_ETFs_FIIs_Units,PLPL3,BRPLPLACNOR5,9940000
2026-08-14,2026-08-01,Ações_BDRs_ETFs_FIIs_Units,PNCS34,BRPNCSBDR008,311000
2026-08-14,2026-08-01,Ações_BDRs_ETFs_FIIs_Units,PNVL3,BRPNVLACNOR9,2228000
2026-08-14,2026-08-01,Ações_BDRs_ETFs_FIIs_Units,POMO4,BRPOMOACNPR7,22794000
2026-08-14,2026-08-01,Ações_BDRs_ETFs_FIIs_Units,POSBETF11,BRPOSBCTF007,1589900
2026-08-14,2026-08-01,Ações_BDRs_ETFs_FIIs_Units,PPLI34,BRPPLIBDR005,9335000
2026-08-14,2026-08-01,Ações_BDRs_ETFs_FIIs_Units,PRAF11,BRPRAFCTF017,2267000
2026-08-14,2026-08-01,Ações_BDRs_ETFs_FIIs_Units,PREXETF11,BRPREXCTF004,48900
2026-08-14,2026-08-01,Ações_BDRs_ETFs_FIIs_Units,PRIO3,BRPRIOACNOR1,25010000
2026-08-14,2026-08-01,Ações_BDRs_ETFs_FIIs_Units,PRNR3,BRPRNRACNOR4,1124000
2026-08-14,2026-08-01,Ações_BDRs_ETFs_FIIs_Units,PSKY34,BRPSKYBDR008,4761000
2026-08-14,2026-08-01,Ações_BDRs_ETFs_FIIs_Units,PSSA3,BRPSSAACNOR7,3968000
2026-08-14,2026-08-01,Ações_BDRs_ETFs_FIIs_Units,PVBI11,BRPVBICTF003,3600
2026-08-14,2026-08-01,Ações_BDRs_ETFs_FIIs_Units,PYPL34,BRPYPLBDR002,14040000
2026-08-14,2026-08-01,Ações_BDRs_ETFs_FIIs_Units,Q1RV34,BRQ1RVBDR005,941000
2026-08-14,2026-08-01,Ações_BDRs_ETFs_FIIs_Units,Q1UA34,BRQ1UABDR003,774000
2026-08-14,2026-08-01,Ações_BDRs_ETFs_FIIs_Units,Q1UE34,BRQ1UEBDR005,355000
2026-08-14,2026-08-01,Ações_BDRs_ETFs_FIIs_Units,Q2SC34,BRQ2SCBDR001,22916000
2026-08-14,2026-08-01,Ações_BDRs_ETFs_FIIs_Units,QCOM34,BRQCOMBDR007,2728000
2026-08-14,2026-08-01,Ações_BDRs_ETFs_FIIs_Units,QQQI11,BRQQQICTF009,2292000
2026-08-14,2026-08-01,Ações_BDRs_ETFs_FIIs_Units,R1CL34,BRR1CLBDR007,3878000
2026-08-14,2026-08-01,Ações_BDRs_ETFs_FIIs_Units,R1DY34,BRR1DYBDR008,6298000
2026-08-14,2026-08-01,Ações_BDRs_ETFs_FIIs_Units,R1EG34,BRR1EGBDR003,962000
2026-08-14,2026-08-01,Ações_BDRs_ETFs_FIIs_Units,R1EL34,BRR1ELBDR003,4819000
2026-08-14,2026-08-01,Ações_BDRs_ETFs_FIIs_Units,R1FC34,BRR1FCBDR009,1271000
2026-08-14,2026-08-01,Ações_BDRs_ETFs_FIIs_Units,R1HI34,BRR1HIBDR002,798000
2026-08-14,2026-08-01,Ações_BDRs_ETFs_FIIs_Units,R1HP34,BRR1HPBDR007,3082000
2026-08-14,2026-08-01,Ações_BDRs_ETFs_FIIs_Units,R1IN34,BRR1INBDR000,1192000
2026-08-14,2026-08-01,Ações_BDRs_ETFs_FIIs_Units,R1JF34,BRR1JFBDR004,449000
2026-08-14,2026-08-01,Ações_BDRs_ETFs_FIIs_Units,R1KU34,BRR1KUBDR001,5524000
2026-08-14,2026-08-01,Ações_BDRs_ETFs_FIIs_Units,R1LC34,BRR1LCBDR007,211000
2026-08-14,2026-08-01,Ações_BDRs_ETFs_FIIs_Units,R1MD34,BRR1MDBDR003,820000
2026-08-14,2026-08-01,Ações_BDRs_ETFs_FIIs_Units,R1OK34,BRR1OKBDR004,344000
2026-08-14,2026-08-01,Ações_BDRs_ETFs_FIIs_Units,R1OL34,BRR1OLBDR002,863000
2026-08-14,2026-08-01,Ações_BDRs_ETFs_FIIs_Units,R1OP34,BRR1OPBDR003,1093000
2026-08-14,2026-08-01,Ações_BDRs_ETFs_FIIs_Units,R1SG34,BRR1SGBDR003,352000
2026-08-14,2026-08-01,Ações_BDRs_ETFs_FIIs_Units,R1VT34,BRR1VTBDR000,10000000
2026-08-14,2026-08-01,Ações_BDRs_ETFs_FIIs_Units,R1YA34,BRR1YABDR004,5336000
2026-08-14,2026-08-01,Ações_BDRs_ETFs_FIIs_Units,R2AR34,BRR2ARBDR006,6955000
2026-08-14,2026-08-01,Ações_BDRs_ETFs_FIIs_Units,R2BL34,BRR2BLBDR007,8254000
2026-08-14,2026-08-01,Ações_BDRs_ETFs_FIIs_Units,R2GE34,BRR2GEBDR001,10781000
2026-08-14,2026-08-01,Ações_BDRs_ETFs_FIIs_Units,R2HH34,BRR2HHBDR002,14194000
2026-08-14,2026-08-01,Ações_BDRs_ETFs_FIIs_Units,R2NG34,BRR2NGBDR002,17829000
2026-08-14,2026-08-01,Ações_BDRs_ETFs_FIIs_Units,R2PD34,BRR2PDBDR004,8646000
2026-08-14,2026-08-01,Ações_BDRs_ETFs_FIIs_Units,R2RX34,BRR2RXBDR008,3224000
2026-08-14,2026-08-01,Ações_BDRs_ETFs_FIIs_Units,RADL3,BRRADLACNOR0,26615000
2026-08-14,2026-08-01,Ações_BDRs_ETFs_FIIs_Units,RAIL3,BRRAILACNOR9,28768000
2026-08-14,2026-08-01,Ações_BDRs_ETFs_FIIs_Units,RAPT4,BRRAPTACNPR4,7825000
2026-08-14,2026-08-01,Ações_BDRs_ETFs_FIIs_Units,RARA11,BRRARACTF006,12419000
2026-08-14,2026-08-01,Ações_BDRs_ETFs_FIIs_Units,RBRR11,BRRBRRCTF008,3300
2026-08-14,2026-08-01,Ações_BDRs_ETFs_FIIs_Units,RBRX11,BRRBRXCTF006,32700
2026-08-14,2026-08-01,Ações_BDRs_ETFs_FIIs_Units,RDOR3,BRRDORACNOR8,15130000
2026-08-14,2026-08-01,Ações_BDRs_ETFs_FIIs_Units,RECV3,BRRECVACNOR3,6806000
2026-08-14,2026-08-01,Ações_BDRs_ETFs_FIIs_Units,REGN34,BRREGNBDR005,3516000
2026-08-14,2026-08-01,Ações_BDRs_ETFs_FIIs_Units,RENT3,BRRENTACNOR4,19914000
2026-08-14,2026-08-01,Ações_BDRs_ETFs_FIIs_Units,REVE11,BRREVECTF002,267000
2026-08-14,2026-08-01,Ações_BDRs_ETFs_FIIs_Units,RGTI34,BRRGTIBDR003,2517000
2026-08-14,2026-08-01,Ações_BDRs_ETFs_FIIs_Units,RIAA3,BRRIAAACNOR2,3619000
2026-08-14,2026-08-01,Ações_BDRs_ETFs_FIIs_Units,RIGG34,BRRIGGBDR000,7444000
2026-08-14,2026-08-01,Ações_BDRs_ETFs_FIIs_Units,RIOT34,BRRIOTBDR007,433000
2026-08-14,2026-08-01,Ações_BDRs_ETFs_FIIs_Units,ROST34,BRROSTBDR006,2568000
2026-08-14,2026-08-01,Ações_BDRs_ETFs_FIIs_Units,ROXO34,BRROXOBDR007,32950000
2026-08-14,2026-08-01,Ações_BDRs_ETFs_FIIs_Units,RYTT34,BRRYTTBDR003,1073000
2026-08-14,2026-08-01,Ações_BDRs_ETFs_FIIs_Units,S1AK34,BRS1AKBDR002,6182000
2026-08-14,2026-08-01,Ações_BDRs_ETFs_FIIs_Units,S1BA34,BRS1BABDR001,1004000
2026-08-14,2026-08-01,Ações_BDRs_ETFs_FIIs_Units,S1BS34,BRS1BSBDR003,6367000
2026-08-14,2026-08-01,Ações_BDRs_ETFs_FIIs_Units,S1HW34,BRS1HWBDR002,1268000
2026-08-14,2026-08-01,Ações_BDRs_ETFs_FIIs_Units,S1JM34,BRS1JMBDR009,674000
2026-08-14,2026-08-01,Ações_BDRs_ETFs_FIIs_Units,S1KM34,BRS1KMBDR007,4472000
2026-08-14,2026-08-01,Ações_BDRs_ETFs_FIIs_Units,S1KT34,BRS1KTBDR002,1820000
2026-08-14,2026-08-01,Ações_BDRs_ETFs_FIIs_Units,S1LG34,BRS1LGBDR007,1814000
2026-08-14,2026-08-01,Ações_BDRs_ETFs_FIIs_Units,S1MF34,BRS1MFBDR007,811000
2026-08-14,2026-08-01,Ações_BDRs_ETFs_FIIs_Units,S1NA34,BRS1NABDR006,386000
2026-08-14,2026-08-01,Ações_BDRs_ETFs_FIIs_Units,S1NN34,BRS1NNBDR009,2994000
2026-08-14,2026-08-01,Ações_BDRs_ETFs_FIIs_Units,S1NP34,BRS1NPBDR004,4050000
2026-08-14,2026-08-01,Ações_BDRs_ETFs_FIIs_Units,S1OU34,BRS1OUBDR002,863000
2026-08-14,2026-08-01,Ações_BDRs_ETFs_FIIs_Units,S1PO34,BRS1POBDR002,317000
2026-08-14,2026-08-01,Ações_BDRs_ETFs_FIIs_Units,S1RE34,BRS1REBDR009,1678000
2026-08-14,2026-08-01,Ações_BDRs_ETFs_FIIs_Units,S1RP34,BRS1RPBDR005,32557000
2026-08-14,2026-08-01,Ações_BDRs_ETFs_FIIs_Units,S1SL34,BRS1SLBDR002,1375000
2026-08-14,2026-08-01,Ações_BDRs_ETFs_FIIs_Units,S1SN34,BRS1SNBDR008,3447000
2026-08-14,2026-08-01,Ações_BDRs_ETFs_FIIs_Units,S1TE34,BRS1TEBDR005,3844000
2026-08-14,2026-08-01,Ações_BDRs_ETFs_FIIs_Units,S1TT34,BRS1TTBDR003,212000
2026-08-14,2026-08-01,Ações_BDRs_ETFs_FIIs_Units,S1TX34,BRS1TXBDR005,49000
2026-08-14,2026-08-01,Ações_BDRs_ETFs_FIIs_Units,S1WK34,BRS1WKBDR006,1794000
2026-08-14,2026-08-01,Ações_BDRs_ETFs_FIIs_Units,S1YF34,BRS1YFBDR002,2904000
2026-08-14,2026-08-01,Ações_BDRs_ETFs_FIIs_Units,S1YK34,BRS1YKBDR002,2488000
2026-08-14,2026-08-01,Ações_BDRs_ETFs_FIIs_Units,S1YM34,BRS1YMBDR008,1455000
2026-08-14,2026-08-01,Ações_BDRs_ETFs_FIIs_Units,S1YY34,BRS1YYBDR003,933000
2026-08-14,2026-08-01,Ações_BDRs_ETFs_FIIs_Units,S2CH34,BRS2CHBDR002,3374000
2026-08-14,2026-08-01,Ações_BDRs_ETFs_FIIs_Units,S2EA34,BRS2EABDR003,9376000
2026-08-14,2026-08-01,Ações_BDRs_ETFs_FIIs_Units,S2ED34,BRS2EDBDR007,31894000
2026-08-14,2026-08-01,Ações_BDRs_ETFs_FIIs_Units,S2EI34,BRS2EIBDR006,2002000
2026-08-14,2026-08-01,Ações_BDRs_ETFs_FIIs_Units,S2FM34,BRS2FMBDR005,1444000
2026-08-14,2026-08-01,Ações_BDRs_ETFs_FIIs_Units,S2GI34,BRS2GIBDR001,1580000
2026-08-14,2026-08-01,Ações_BDRs_ETFs_FIIs_Units,S2HO34,BRS2HOBDR007,37085000
2026-08-14,2026-08-01,Ações_BDRs_ETFs_FIIs_Units,S2LA34,BRS2LABDR008,3956000
2026-08-14,2026-08-01,Ações_BDRs_ETFs_FIIs_Units,S2MP34,BRS2MPBDR004,4229000
2026-08-14,2026-08-01,Ações_BDRs_ETFs_FIIs_Units,S2NA34,BRS2NABDR004,52083000
2026-08-14,2026-08-01,Ações_BDRs_ETFs_FIIs_Units,S2NW34,BRS2NWBDR008,5807000
2026-08-14,2026-08-01,Ações_BDRs_ETFs_FIIs_Units,S2TA34,BRS2TABDR001,2970000
2026-08-14,2026-08-01,Ações_BDRs_ETFs_FIIs_Units,S2TW34,BRS2TWBDR005,4884000
2026-08-14,2026-08-01,Ações_BDRs_ETFs_FIIs_Units,S2UI34,BRS2UIBDR002,6435000
2026-08-14,2026-08-01,Ações_BDRs_ETFs_FIIs_Units,S2YN34,BRS2YNBDR004,10183000
2026-08-14,2026-08-01,Ações_BDRs_ETFs_FIIs_Units,SANB11,BRSANBCDAM13,7907000
2026-08-14,2026-08-01,Ações_BDRs_ETFs_FIIs_Units,SAPP34,BRSAPPBDR007,3196000
2026-08-14,2026-08-01,Ações_BDRs_ETFs_FIIs_Units,SAPR11,BRSAPRCDAM13,3532000
2026-08-14,2026-08-01,Ações_BDRs_ETFs_FIIs_Units,SAPR4,BRSAPRACNPR6,2943000
2026-08-14,2026-08-01,Ações_BDRs_ETFs_FIIs_Units,SAUD3,BRSAUDACNOR9,10938000
2026-08-14,2026-08-01,Ações_BDRs_ETFs_FIIs_Units,SBFG3,BRSBFGACNOR1,5089000
2026-08-14,2026-08-01,Ações_BDRs_ETFs_FIIs_Units,SBSP3,BRSBSPACNOR5,29873000
2026-08-14,2026-08-01,Ações_BDRs_ETFs_FIIs_Units,SBUB34,BRSBUBBDR005,375000
2026-08-14,2026-08-01,Ações_BDRs_ETFs_FIIs_Units,SCCO34,BRSCCOBDR004,67300
2026-08-14,2026-08-01,Ações_BDRs_ETFs_FIIs_Units,SCHW34,BRSCHWBDR006,3014000
2026-08-14,2026-08-01,Ações_BDRs_ETFs_FIIs_Units,SDRH34,BRSDRHBDR004,4993000
2026-08-14,2026-08-01,Ações_BDRs_ETFs_FIIs_Units,SEER3,BRSEERACNOR5,2234000
2026-08-14,2026-08-01,Ações_BDRs_ETFs_FIIs_Units,SFIXETF11,BRSFIXCTF012,146900
2026-08-14,2026-08-01,Ações_BDRs_ETFs_FIIs_Units,SHLD39,BRSHLDBDR007,4946000
2026-08-14,2026-08-01,Ações_BDRs_ETFs_FIIs_Units,SIMH3,BRSIMHACNOR0,8120000
2026-08-14,2026-08-01,Ações_BDRs_ETFs_FIIs_Units,SIMN34,BRSIMNBDR002,678000
2026-08-14,2026-08-01,Ações_BDRs_ETFs_FIIs_Units,SIVR39,BRSIVRBDR004,2141000
2026-08-14,2026-08-01,Ações_BDRs_ETFs_FIIs_Units,SKHY34,BRSKHYBDR005,4557000
2026-08-14,2026-08-01,Ações_BDRs_ETFs_FIIs_Units,SLBG34,BRSLBGBDR003,1498000
2026-08-14,2026-08-01,Ações_BDRs_ETFs_FIIs_Units,SLCE3,BRSLCEACNOR2,7362000
2026-08-14,2026-08-01,Ações_BDRs_ETFs_FIIs_Units,SLVR11,BRSLVRCTF007,5613000
2026-08-14,2026-08-01,Ações_BDRs_ETFs_FIIs_Units,SMAL11,BRSMALCTF002,4801000
2026-08-14,2026-08-01,Ações_BDRs_ETFs_FIIs_Units,SMFT3,BRSMFTACNOR1,16029000
2026-08-14,2026-08-01,Ações_BDRs_ETFs_FIIs_Units,SMTO3,BRSMTOACNOR3,6081000
2026-08-14,2026-08-01,Ações_BDRs_ETFs_FIIs_Units,SNEC34,BRSNECBDR002,1767000
2026-08-14,2026-08-01,Ações_BDRs_ETFs_FIIs_Units,SNEL11,BRSNELCTF010,30000
2026-08-14,2026-08-01,Ações_BDRs_ETFs_FIIs_Units,SPBZ11,BRSPBZCTF003,3785000
2026-08-14,2026-08-01,Ações_BDRs_ETFs_FIIs_Units,SPCX34,BRSPCXBDR007,4317000
2026-08-14,2026-08-01,Ações_BDRs_ETFs_FIIs_Units,SPGI34,BRSPGIBDR009,3217000
2026-08-14,2026-08-01,Ações_BDRs_ETFs_FIIs_Units,SPVT11,BRSPVTCTF004,257873000
2026-08-14,2026-08-01,Ações_BDRs_ETFs_FIIs_Units,SPXB11,BRSPXBCTF008,12543000
2026-08-14,2026-08-01,Ações_BDRs_ETFs_FIIs_Units,SPXH11,BRSPXHCTF005,3569000
2026-08-14,2026-08-01,Ações_BDRs_ETFs_FIIs_Units,SPXI11,BRSPXICTF003,3837000
2026-08-14,2026-08-01,Ações_BDRs_ETFs_FIIs_Units,SPXR11,BRSPXRCTF004,31608000
2026-08-14,2026-08-01,Ações_BDRs_ETFs_FIIs_Units,SPXU11,BRSPXUCTF008,6195000
2026-08-14,2026-08-01,Ações_BDRs_ETFs_FIIs_Units,SPYI11,BRSPYICTF001,2074000
2026-08-14,2026-08-01,Ações_BDRs_ETFs_FIIs_Units,SPYR11,BRSPYRCTF002,1176000
2026-08-14,2026-08-01,Ações_BDRs_ETFs_FIIs_Units,SSFO34,BRSSFOBDR003,4996000
2026-08-14,2026-08-01,Ações_BDRs_ETFs_FIIs_Units,STMN34,BRSTMNBDR009,738000
2026-08-14,2026-08-01,Ações_BDRs_ETFs_FIIs_Units,STOC34,BRSTOCBDR024,2866000
2026-08-14,2026-08-01,Ações_BDRs_ETFs_FIIs_Units,STZB34,BRSTZBBDR006,1200000
2026-08-14,2026-08-01,Ações_BDRs_ETFs_FIIs_Units,SUZB3,BRSUZBACNOR0,15065000
2026-08-14,2026-08-01,Ações_BDRs_ETFs_FIIs_Units,SVAL11,BRSVALCTF003,104000
2026-08-14,2026-08-01,Ações_BDRs_ETFs_FIIs_Units,T1AL34,BRT1ALBDR009,15262000
2026-08-14,2026-08-01,Ações_BDRs_ETFs_FIIs_Units,T1AM34,BRT1AMBDR007,8188000
2026-08-14,2026-08-01,Ações_BDRs_ETFs_FIIs_Units,T1CH34,BRT1CHBDR003,16528000
2026-08-14,2026-08-01,Ações_BDRs_ETFs_FIIs_Units,T1DG34,BRT1DGBDR003,1514000
2026-08-14,2026-08-01,Ações_BDRs_ETFs_FIIs_Units,T1EC34,BRT1ECBDR000,514000
2026-08-14,2026-08-01,Ações_BDRs_ETFs_FIIs_Units,T1EL34,BRT1ELBDR001,3040000
2026-08-14,2026-08-01,Ações_BDRs_ETFs_FIIs_Units,T1EV34,BRT1EVBDR000,2538000
2026-08-14,2026-08-01,Ações_BDRs_ETFs_FIIs_Units,T1FX34,BRT1FXBDR003,2866000
2026-08-14,2026-08-01,Ações_BDRs_ETFs_FIIs_Units,T1LK34,BRT1LKBDR008,903000
2026-08-14,2026-08-01,Ações_BDRs_ETFs_FIIs_Units,T1MU34,BRT1MUBDR005,2987000
2026-08-14,2026-08-01,Ações_BDRs_ETFs_FIIs_Units,T1OW34,BRT1OWBDR007,5661000
2026-08-14,2026-08-01,Ações_BDRs_ETFs_FIIs_Units,T1RI34,BRT1RIBDR009,1458000
2026-08-14,2026-08-01,Ações_BDRs_ETFs_FIIs_Units,T1RO34,BRT1ROBDR007,660000
2026-08-14,2026-08-01,Ações_BDRs_ETFs_FIIs_Units,T1SC34,BRT1SCBDR000,24154000
2026-08-14,2026-08-01,Ações_BDRs_ETFs_FIIs_Units,T1SO34,BRT1SOBDR005,402000
2026-08-14,2026-08-01,Ações_BDRs_ETFs_FIIs_Units,T1SS34,BRT1SSBDR006,1355000
2026-08-14,2026-08-01,Ações_BDRs_ETFs_FIIs_Units,T1TW34,BRT1TWBDR006,642000
2026-08-14,2026-08-01,Ações_BDRs_ETFs_FIIs_Units,T1WL34,BRT1WLBDR003,4941000
2026-08-14,2026-08-01,Ações_BDRs_ETFs_FIIs_Units,T1XT34,BRT1XTBDR004,558000
2026-08-14,2026-08-01,Ações_BDRs_ETFs_FIIs_Units,T2DH34,BRT2DHBDR009,1714000
2026-08-14,2026-08-01,Ações_BDRs_ETFs_FIIs_Units,T2ER34,BRT2ERBDR006,2104000
2026-08-14,2026-08-01,Ações_BDRs_ETFs_FIIs_Units,T2ND34,BRT2NDBDR007,14729000
2026-08-14,2026-08-01,Ações_BDRs_ETFs_FIIs_Units,T2RE34,BRT2REBDR006,12840000
2026-08-14,2026-08-01,Ações_BDRs_ETFs_FIIs_Units,T2RM34,BRT2RMBDR009,7446000
2026-08-14,2026-08-01,Ações_BDRs_ETFs_FIIs_Units,T2TD34,BRT2TDBDR004,217544000
2026-08-14,2026-08-01,Ações_BDRs_ETFs_FIIs_Units,T2YL34,BRT2YLBDR007,8343000
2026-08-14,2026-08-01,Ações_BDRs_ETFs_FIIs_Units,TAEE11,BRTAEECDAM10,4923000
2026-08-14,2026-08-01,Ações_BDRs_ETFs_FIIs_Units,TAKP34,BRTAKPBDR006,1616000
2026-08-14,2026-08-01,Ações_BDRs_ETFs_FIIs_Units,TBIL39,BRTBILBDR007,1172000
2026-08-14,2026-08-01,Ações_BDRs_ETFs_FIIs_Units,TD35ETF11,BRTD35CTF000,14465300
2026-08-14,2026-08-01,Ações_BDRs_ETFs_FIIs_Units,TD50ETF11,BRTD50CTF009,4145200
2026-08-14,2026-08-01,Ações_BDRs_ETFs_FIIs_Units,TD60ETF11,BRTD60CTF008,962700
2026-08-14,2026-08-01,Ações_BDRs_ETFs_FIIs_Units,TECK11,BRTECKCTF005,2564000
2026-08-14,2026-08-01,Ações_BDRs_ETFs_FIIs_Units,TEND3,BRTENDACNOR4,6749000
2026-08-14,2026-08-01,Ações_BDRs_ETFs_FIIs_Units,TEXA34,BRTEXABDR003,2108000
2026-08-14,2026-08-01,Ações_BDRs_ETFs_FIIs_Units,TFCO4,BRTFCOACNPR8,1510000
2026-08-14,2026-08-01,Ações_BDRs_ETFs_FIIs_Units,TGTB34,BRTGTBBDR004,287000
2026-08-14,2026-08-01,Ações_BDRs_ETFs_FIIs_Units,THGI34,BRTHGIBDR004,324000
2026-08-14,2026-08-01,Ações_BDRs_ETFs_FIIs_Units,TIMS3,BRTIMSACNOR5,13845000
2026-08-14,2026-08-01,Ações_BDRs_ETFs_FIIs_Units,TJXC34,BRTJXCBDR008,249000
2026-08-14,2026-08-01,Ações_BDRs_ETFs_FIIs_Units,TMCO34,BRTMCOBDR001,3440000
2026-08-14,2026-08-01,Ações_BDRs_ETFs_FIIs_Units,TMOS34,BRTMOSBDR007,3371000
2026-08-14,2026-08-01,Ações_BDRs_ETFs_FIIs_Units,TOST34,BRTOSTBDR002,4329000
2026-08-14,2026-08-01,Ações_BDRs_ETFs_FIIs_Units,TOTS3,BRTOTSACNOR8,13479000
2026-08-14,2026-08-01,Ações_BDRs_ETFs_FIIs_Units,TPRY34,BRTPRYBDR001,280000
2026-08-14,2026-08-01,Ações_BDRs_ETFs_FIIs_Units,TRVC34,BRTRVCBDR005,3226000
2026-08-14,2026-08-01,Ações_BDRs_ETFs_FIIs_Units,TRXF11,BRTRXFCTF003,2800
2026-08-14,2026-08-01,Ações_BDRs_ETFs_FIIs_Units,TSLA34,BRTSLABDR008,7882000
2026-08-14,2026-08-01,Ações_BDRs_ETFs_FIIs_Units,TSMC34,BRTSMCBDR002,1024000
2026-08-14,2026-08-01,Ações_BDRs_ETFs_FIIs_Units,TSNF34,BRTSNFBDR003,3410000
2026-08-14,2026-08-01,Ações_BDRs_ETFs_FIIs_Units,TTEN3,BRTTENACNOR0,3167000
2026-08-14,2026-08-01,Ações_BDRs_ETFs_FIIs_Units,TUPY3,BRTUPYACNOR1,2534000
2026-08-14,2026-08-01,Ações_BDRs_ETFs_FIIs_Units,TXSA34,BRTXSABDR003,168000
2026-08-14,2026-08-01,Ações_BDRs_ETFs_FIIs_Units,U1AI34,BRU1AIBDR002,1115000
2026-08-14,2026-08-01,Ações_BDRs_ETFs_FIIs_Units,U1AL34,BRU1ALBDR006,654000
2026-08-14,2026-08-01,Ações_BDRs_ETFs_FIIs_Units,U1BE34,BRU1BEBDR009,2312000
2026-08-14,2026-08-01,Ações_BDRs_ETFs_FIIs_Units,U1DR34,BRU1DRBDR007,1001000
2026-08-14,2026-08-01,Ações_BDRs_ETFs_FIIs_Units,U1HS34,BRU1HSBDR006,970000
2026-08-14,2026-08-01,Ações_BDRs_ETFs_FIIs_Units,U1LT34,BRU1LTBDR006,1652000
2026-08-14,2026-08-01,Ações_BDRs_ETFs_FIIs_Units,U1NM34,BRU1NMBDR007,3416000
2026-08-14,2026-08-01,Ações_BDRs_ETFs_FIIs_Units,U1RI34,BRU1RIBDR006,972000
2026-08-14,2026-08-01,Ações_BDRs_ETFs_FIIs_Units,U2NF34,BRU2NFBDR009,1090000
2026-08-14,2026-08-01,Ações_BDRs_ETFs_FIIs_Units,U2PS34,BRU2PSBDR007,28450000
2026-08-14,2026-08-01,Ações_BDRs_ETFs_FIIs_Units,U2PW34,BRU2PWBDR009,8278000
2026-08-14,2026-08-01,Ações_BDRs_ETFs_FIIs_Units,U2ST34,BRU2STBDR009,25583000
2026-08-14,2026-08-01,Ações_BDRs_ETFs_FIIs_Units,U2TH34,BRU2THBDR002,1515000
2026-08-14,2026-08-01,Ações_BDRs_ETFs_FIIs_Units,UBSG34,BRUBSGBDR004,2988000
2026-08-14,2026-08-01,Ações_BDRs_ETFs_FIIs_Units,UGPA3,BRUGPAACNOR8,16626000
2026-08-14,2026-08-01,Ações_BDRs_ETFs_FIIs_Units,ULEV34,BRULEVBDR002,632000
2026-08-14,2026-08-01,Ações_BDRs_ETFs_FIIs_Units,UNHH34,BRUNHHBDR000,6597000
2026-08-14,2026-08-01,Ações_BDRs_ETFs_FIIs_Units,UPAC34,BRUPACBDR001,3122000
2026-08-14,2026-08-01,Ações_BDRs_ETFs_FIIs_Units,UPSS34,BRUPSSBDR009,5531000
2026-08-14,2026-08-01,Ações_BDRs_ETFs_FIIs_Units,USBC34,BRUSBCBDR003,2468000
2026-08-14,2026-08-01,Ações_BDRs_ETFs_FIIs_Units,USIM5,BRUSIMACNPA6,38178000
2026-08-14,2026-08-01,Ações_BDRs_ETFs_FIIs_Units,USTK11,BRUSTKCTF007,9863000
2026-08-14,2026-08-01,Ações_BDRs_ETFs_FIIs_Units,UTEC11,BRUTECCTF004,8161000
2026-08-14,2026-08-01,Ações_BDRs_ETFs_FIIs_Units,UTLI11,BRUTLICTF006,89895000
2026-08-14,2026-08-01,Ações_BDRs_ETFs_FIIs_Units,UTLL11,BRUTLLCTF000,37269000
2026-08-14,2026-08-01,Ações_BDRs_ETFs_FIIs_Units,V1IP34,BRV1IPBDR009,2193000
2026-08-14,2026-08-01,Ações_BDRs_ETFs_FIIs_Units,V1MC34,BRV1MCBDR009,8539000
2026-08-14,2026-08-01,Ações_BDRs_ETFs_FIIs_Units,V1NO34,BRV1NOBDR002,746000
2026-08-14,2026-08-01,Ações_BDRs_ETFs_FIIs_Units,V1OD34,BRV1ODBDR003,3296000
2026-08-14,2026-08-01,Ações_BDRs_ETFs_FIIs_Units,V1RS34,BRV1RSBDR004,14265000
2026-08-14,2026-08-01,Ações_BDRs_ETFs_FIIs_Units,V1RT34,BRV1RTBDR002,1363000
2026-08-14,2026-08-01,Ações_BDRs_ETFs_FIIs_Units,V1ST34,BRV1STBDR000,3511000
2026-08-14,2026-08-01,Ações_BDRs_ETFs_FIIs_Units,V1TA34,BRV1TABDR008,778000
2026-08-14,2026-08-01,Ações_BDRs_ETFs_FIIs_Units,V2EE34,BRV2EEBDR000,6349000
2026-08-14,2026-08-01,Ações_BDRs_ETFs_FIIs_Units,V2RN34,BRV2RNBDR003,3886000
2026-08-14,2026-08-01,Ações_BDRs_ETFs_FIIs_Units,VALE3,BRVALEACNOR0,45081000
2026-08-14,2026-08-01,Ações_BDRs_ETFs_FIIs_Units,VAMO3,BRVAMOACNOR7,37300000
2026-08-14,2026-08-01,Ações_BDRs_ETFs_FIIs_Units,VBBR3,BRVBBRACNOR1,22253000
2026-08-14,2026-08-01,Ações_BDRs_ETFs_FIIs_Units,VERZ34,BRVERZBDR008,4964000
2026-08-14,2026-08-01,Ações_BDRs_ETFs_FIIs_Units,VFCO34,BRVFCOBDR001,4582000
2026-08-14,2026-08-01,Ações_BDRs_ETFs_FIIs_Units,VGHF11,BRVGHFCTF005,43100
2026-08-14,2026-08-01,Ações_BDRs_ETFs_FIIs_Units,VGIR11,BRVGIRCTF008,26400
2026-08-14,2026-08-01,Ações_BDRs_ETFs_FIIs_Units,VISA34,BRVISABDR000,2244000
2026-08-14,2026-08-01,Ações_BDRs_ETFs_FIIs_Units,VIVA3,BRVIVAACNOR0,7679000
2026-08-14,2026-08-01,Ações_BDRs_ETFs_FIIs_Units,VIVT3,BRVIVTACNOR0,12827000
2026-08-14,2026-08-01,Ações_BDRs_ETFs_FIIs_Units,VLOE34,BRVLOEBDR005,258000
2026-08-14,2026-08-01,Ações_BDRs_ETFs_FIIs_Units,VLYB34,BRVLYBBDR000,2721000
2026-08-14,2026-08-01,Ações_BDRs_ETFs_FIIs_Units,VRSN34,BRVRSNBDR004,605000
2026-08-14,2026-08-01,Ações_BDRs_ETFs_FIIs_Units,VRTX34,BRVRTXBDR001,2682000
2026-08-14,2026-08-01,Ações_BDRs_ETFs_FIIs_Units,VTRU3,BRVTRUACNOR3,1874000
2026-08-14,2026-08-01,Ações_BDRs_ETFs_FIIs_Units,VULC3,BRVULCACNOR2,3042000
2026-08-14,2026-08-01,Ações_BDRs_ETFs_FIIs_Units,VWRA11,BRVWRACTF002,676000
2026-08-14,2026-08-01,Ações_BDRs_ETFs_FIIs_Units,W1AB34,BRW1ABBDR005,270000
2026-08-14,2026-08-01,Ações_BDRs_ETFs_FIIs_Units,W1BD34,BRW1BDBDR009,1545000
2026-08-14,2026-08-01,Ações_BDRs_ETFs_FIIs_Units,W1DA34,BRW1DABDR001,4902000
2026-08-14,2026-08-01,Ações_BDRs_ETFs_FIIs_Units,W1DC34,BRW1DCBDR007,82000
2026-08-14,2026-08-01,Ações_BDRs_ETFs_FIIs_Units,W1EC34,BRW1ECBDR005,673000
2026-08-14,2026-08-01,Ações_BDRs_ETFs_FIIs_Units,W1EL34,BRW1ELBDR006,314000
2026-08-14,2026-08-01,Ações_BDRs_ETFs_FIIs_Units,W1HR34,BRW1HRBDR006,4115000
2026-08-14,2026-08-01,Ações_BDRs_ETFs_FIIs_Units,W1IX34,BRW1IXBDR002,20922000
2026-08-14,2026-08-01,Ações_BDRs_ETFs_FIIs_Units,W1LT34,BRW1LTBDR004,668000
2026-08-14,2026-08-01,Ações_BDRs_ETFs_FIIs_Units,W1MB34,BRW1MBBDR000,549000
2026-08-14,2026-08-01,Ações_BDRs_ETFs_FIIs_Units,W1MC34,BRW1MCBDR008,2597000
2026-08-14,2026-08-01,Ações_BDRs_ETFs_FIIs_Units,W1MG34,BRW1MGBDR009,4281000
2026-08-14,2026-08-01,Ações_BDRs_ETFs_FIIs_Units,W1RB34,BRW1RBBDR009,5370000
2026-08-14,2026-08-01,Ações_BDRs_ETFs_FIIs_Units,W1SO34,BRW1SOBDR000,2537000
2026-08-14,2026-08-01,Ações_BDRs_ETFs_FIIs_Units,W1YC34,BRW1YCBDR003,1648000
2026-08-14,2026-08-01,Ações_BDRs_ETFs_FIIs_Units,W1YN34,BRW1YNBDR000,811000
2026-08-14,2026-08-01,Ações_BDRs_ETFs_FIIs_Units,W2EX34,BRW2EXBDR009,3506000
2026-08-14,2026-08-01,Ações_BDRs_ETFs_FIIs_Units,W2ST34,BRW2STBDR007,3904000
2026-08-14,2026-08-01,Ações_BDRs_ETFs_FIIs_Units,W2YF34,BRW2YFBDR004,15151000
2026-08-14,2026-08-01,Ações_BDRs_ETFs_FIIs_Units,WABC34,BRWABCBDR007,460000
2026-08-14,2026-08-01,Ações_BDRs_ETFs_FIIs_Units,WALM34,BRWALMBDR005,5717000
2026-08-14,2026-08-01,Ações_BDRs_ETFs_FIIs_Units,WATC34,BRWATCBDR009,419000
2026-08-14,2026-08-01,Ações_BDRs_ETFs_FIIs_Units,WEGE3,BRWEGEACNOR0,19234000
2026-08-14,2026-08-01,Ações_BDRs_ETFs_FIIs_Units,WEJRETF11,BRWEJRCTF009,3954600
2026-08-14,2026-08-01,Ações_BDRs_ETFs_FIIs_Units,WFCO34,BRWFCOBDR009,1794000
2026-08-14,2026-08-01,Ações_BDRs_ETFs_FIIs_Units,WRLD11,BRWRLDCTF007,1907000
2026-08-14,2026-08-01,Ações_BDRs_ETFs_FIIs_Units,WUNI34,BRWUNIBDR007,3775000
2026-08-14,2026-08-01,Ações_BDRs_ETFs_FIIs_Units,X1EL34,BRX1ELBDR005,997000
2026-08-14,2026-08-01,Ações_BDRs_ETFs_FIIs_Units,X1YL34,BRX1YLBDR003,660000
2026-08-14,2026-08-01,Ações_BDRs_ETFs_FIIs_Units,X1YZ34,BRX1YZBDR003,12804000
2026-08-14,2026-08-01,Ações_BDRs_ETFs_FIIs_Units,XB30ETF11,BRXB30CTF007,391900
2026-08-14,2026-08-01,Ações_BDRs_ETFs_FIIs_Units,XB35ETF11,BRXB35CTF006,563100
2026-08-14,2026-08-01,Ações_BDRs_ETFs_FIIs_Units,XB45ETF11,BRXB45CTF005,244900
2026-08-14,2026-08-01,Ações_BDRs_ETFs_FIIs_Units,XB50ETF11,BRXB50CTF005,489900
2026-08-14,2026-08-01,Ações_BDRs_ETFs_FIIs_Units,XB60ETF11,BRXB60CTF004,244900
2026-08-14,2026-08-01,Ações_BDRs_ETFs_FIIs_Units,XBOV11,BRXBOVCTF005,17646000
2026-08-14,2026-08-01,Ações_BDRs_ETFs_FIIs_Units,XINA11,BRXINACTF006,29459000
2026-08-14,2026-08-01,Ações_BDRs_ETFs_FIIs_Units,XPBR31,BRXPBRBDR001,4415000
2026-08-14,2026-08-01,Ações_BDRs_ETFs_FIIs_Units,XPLG11,BRXPLGCTF002,2700
2026-08-14,2026-08-01,Ações_BDRs_ETFs_FIIs_Units,XPML11,BRXPMLCTF000,2400
2026-08-14,2026-08-01,Ações_BDRs_ETFs_FIIs_Units,XRAY34,BRXRAYBDR005,2288000
2026-08-14,2026-08-01,Ações_BDRs_ETFs_FIIs_Units,Y2PF34,BRY2PFBDR000,764000
2026-08-14,2026-08-01,Ações_BDRs_ETFs_FIIs_Units,YDUQ3,BRYDUQACNOR3,11119000
2026-08-14,2026-08-01,Ações_BDRs_ETFs_FIIs_Units,YUMR34,BRYUMRBDR006,527000
2026-08-14,2026-08-01,Ações_BDRs_ETFs_FIIs_Units,Z1BH34,BRZ1BHBDR007,1751000
2026-08-14,2026-08-01,Ações_BDRs_ETFs_FIIs_Units,Z1BR34,BRZ1BRBDR006,4550000
2026-08-14,2026-08-01,Ações_BDRs_ETFs_FIIs_Units,Z1IO34,BRZ1IOBDR008,574000
2026-08-14,2026-08-01,Ações_BDRs_ETFs_FIIs_Units,Z1OM34,BRZ1OMBDR000,10812000
2026-08-14,2026-08-01,Ações_BDRs_ETFs_FIIs_Units,Z1TA34,BRZ1TABDR004,3750000
2026-08-14,2026-08-01,Ações_BDRs_ETFs_FIIs_Units,Z1TO34,BRZ1TOBDR005,2728000
2026-08-14,2026-08-01,Ações_BDRs_ETFs_FIIs_Units,Z1TS34,BRZ1TSBDR006,8216000
2026-08-14,2026-08-01,Ações_BDRs_ETFs_FIIs_Units,Z2DV34,BRZ2DVBDR002,3721000
2026-08-14,2026-08-01,Ações_BDRs_ETFs_FIIs_Units,Z2IT34,BRZ2ITBDR005,46892000
2026-08-14,2026-08-01,Ações_BDRs_ETFs_FIIs_Units,Z2LL34,BRZ2LLBDR006,15290000
2026-08-14,2026-08-01,Ações_BDRs_ETFs_FIIs_Units,Z2LL35,BRZ2LLBDR014,1673000
2026-08-14,2026-08-01,Ações_BDRs_ETFs_FIIs_Units,Z2SC34,BRZ2SCBDR000,7949000
2026-08-14,2026-08-01,Ações_BDRs_ETFs_FIIs_Units,EUAT11,BREUATCTF008,2000000
2026-08-14,2026-08-01,ADR,ELET3 BZ,US15234Q2075,6385000
2026-08-14,2026-08-01,ADR,GGBR4 BZ,US3737371050,49299000
2026-08-14,2026-08-01,ADR,PETR4 BZ,US71654V1017,25116000
2026-08-14,2026-08-01,ADR,BBDC4 BZ,US0594603039,89095000
2026-08-14,2026-08-01,ADR,ABEV3 BZ,US02319V1035,75524000
2026-08-14,2026-08-01,ADR,ITUB4 BZ,US4655621062,66265000
2026-08-14,2026-08-01,ADR,VALE3 BZ,US91912E1055,65782000
2026-08-14,2026-08-01,ADR,BBDC3 BZ,US0594604029,178000
2026-08-14,2026-08-01,ADR,SANB11 BZ,US05967A1079,3264000
2026-08-14,2026-08-01,ADR,BRFS3 BZ,US10552T1079,405000
2026-08-14,2026-08-01,ADR,ELET6 BZ,US15234Q1085,54000
2026-08-14,2026-08-01,ADR,SBSP3 BZ,US20441A1025,17804000
2026-08-14,2026-08-01,ADR,CMIG4 BZ,US2044096012,18969000
2026-08-14,2026-08-01,ADR,CSNA3 BZ,US20440W1053,10081000
2026-08-14,2026-08-01,ADR,EMBR3 BZ,US29082A1079,3831000
2026-08-14,2026-08-01,ADR,PETR3 BZ,US71654V4086,46336000
2026-08-14,2026-08-01,ADR,UGPA3 BZ,US90400P1012,8968000
2026-08-14,2026-08-01,ADR,TIMS3 BZ,US88706T1088,985000
2026-08-14,2026-08-01,ADR,VIVT3 BZ,US87936R2058,2975000
2026-08-14,2026-08-01,ADR,TSLA,US88160R1014,1266000
2026-08-14,2026-08-01,ADR,NVDA,US67066G1040,1992000
2026-08-14,2026-08-01,ADR,AAPL,US0378331005,1162000
2026-08-14,2026-08-01,ADR,MSFT,US5949181045,1006000
2026-08-14,2026-08-01,ADR,AMZN,US0231351067,1691000
2026-08-14,2026-08-01,ADR,GOOGL,US02079K1079,1199000
2026-08-14,2026-08-01,ADR,META,US30303M1027,659000
2026-08-14,2026-08-01,ADR,AXIA7 BZ,US15236F1003,1915500
2026-08-14,2026-08-01,DEB,KLBNA2,BRKLBNDBS004,4700
2026-08-14,2026-08-01,DEB,LCAMC2,BRLCAMDBS0Q4,19200
2026-08-14,2026-08-01,DEB,TIMS12,BRTIMSDBS007,94200
2026-08-14,2026-08-01,DEB,SUZBA0,BRSUZBDBS077,95000
2026-08-14,2026-08-01,DEB,RDORC9,BRRDORDBS0C6,69100
2026-08-14,2026-08-01,DEB,RDORB9,BRRDORDBS0A0,115000
2026-08-14,2026-08-01,DEB,PETR26,BRPETRDBS092,59800
2026-08-14,2026-08-01,DEB,TRPLB4,BRISAEDBS053,53000
2026-08-14,2026-08-01,DEB,LCAMD1,BRRENTDBS162,46700
2026-08-14,2026-08-01,DEB,LORTA7,BRRENTDBS0K7,51300
2026-08-14,2026-08-01,DEB,LORTB2,BRRENTDBS0P6,119700
2026-08-14,2026-08-01,DEB,MRFGA1,BRMRFGDBS051,36500
2026-08-14,2026-08-01,DEB,RDORD3,BRRDORDBS0Q6,94900
2026-08-14,2026-08-01,DEB,CGASA2,BRCGASDBS0G6,29800
2026-08-14,2026-08-01,DEB,RENTA5,BRRENTDBS0S0,67800
2026-08-14,2026-08-01,DEB,SBSPB1,BRSBSPDBS1X9,81000
2026-08-14,2026-08-01,DEB,KLBNA5,BRKLBNDBS087,74600
2026-08-14,2026-08-01,DEB,SBSPE3,BRSBSPDBS213,63300
2026-08-14,2026-08-01,DEB,SBSPF3,BRSBSPDBS221,59500
2026-08-14,2026-08-01,DEB,VALEA0,BRVALEDBS002,145300
2026-08-14,2026-08-01,DEB,PALFB6,BRPALFDBS0M7,36700
2026-08-14,2026-08-01,DEB,VALEB0,BRVALEDBS0B3,86700
2026-08-14,2026-08-01,DEB,VALEC0,BRVALEDBS0C1,58300
2026-08-14,2026-08-01,DEB,EGIEA4,BREGIEDBS0M0,41400
2026-08-14,2026-08-01,DEB,EGIEB4,BREGIEDBS0N8,43300
2026-08-14,2026-08-01,DEB,ISAEA8,BRISAEDBS0H0,24100
2026-08-14,2026-08-01,DEB,ISAEB8,BRISAEDBS0K4,42300
2026-08-14,2026-08-01,DEB,RDORC4,BRRDORDBS0R4,131600
2026-08-14,2026-08-01,DEB,RDORD4,BRRDORDBS0S2,71400
2026-08-14,2026-08-01,DEB,IOCHA3,BRMYPKDBS0C2,36000
2026-08-14,2026-08-01,DEB,EKTRA5,BREKTRDBS0V7,35300
2026-08-14,2026-08-01,DEB,AURE13,BRAUREDBS027,122300
2026-08-14,2026-08-01,DEB,AURP12,BRAURPDBS023,97200
2026-08-14,2026-08-01,DEB,ALUP18,BRALUPDBS0C9,40700
2026-08-14,2026-08-01,DEB,CPLD29,BRCPLDDBS0F1,73400
2026-08-14,2026-08-01,DEB,SUZBB1,BRSUZBDBS093,191900
2026-08-14,2026-08-01,DEB,RDORE4,BRRDORDBS0T0,78300
2026-08-14,2026-08-01,DEB,TRPLB7,BRISAEDBS0C1,37000
2026-08-14,2026-08-01,DEB,VALEB1,BRVALEDBS0D9,94900
2026-08-14,2026-08-01,DEB,VALEC1,BRVALEDBS0E7,98200
2026-08-14,2026-08-01,DEB,VALED1,BRVALEDBS0F4,98900
2026-08-14,2026-08-01,DEB,ISAEA9,BRISAEDBS0L2,28000
2026-08-14,2026-08-01,DEB,PETR28,BRPETRDBS0F5,41000
2026-08-14,2026-08-01,DEB,CPLDC0,BRCPLDDBS0I5,58900
2026-08-14,2026-08-01,DEB,EGIEB5,BREGIEDBS0P3,68900
2026-08-14,2026-08-01,DEB,VBBR18,BRVBBRDBS078,92600
2026-08-14,2026-08-01,DEB,TAEEB8,BRTAEEDBS134,18900
2026-08-14,2026-08-01,DEB,PFOR16,BRPFORDBS025,93300
2026-08-14,2026-08-01,DEB,PFOR26,BRPFORDBS033,46500
2026-08-14,2026-08-01,DEB,RENTE4,BRRENTDBS1H1,84300
2026-08-14,2026-08-01,DEB,AESLA7,BRAESLDBS0R4,27300
2026-08-14,2026-08-01,DEB,EKTRA6,BREKTRDBS0W5,15000
2026-08-14,2026-08-01,DEB,CEPEA7,BRCEPEDBS0S2,15000
2026-08-14,2026-08-01,DEB,LCAMD3,BRRENTDBS154,22500
2026-08-14,2026-08-01,DEB,ASAIA1,BRASAIDBS0A9,136200
2026-08-14,2026-08-01,DEB,ISAEB0,BRISAEDBS0M0,51300
2026-08-14,2026-08-01,DEB,ISAEC0,BRISAEDBS0N8,51700
2026-08-14,2026-08-01,DEB,SBSPD7,BRSBSPDBS262,171000
2026-08-14,2026-08-01,DEB,SUZB19,BRSUZBDBS051,23000
2026-08-14,2026-08-01,DEB,CEEBD1,BRCEEBDBS120,114500
2026-08-14,2026-08-01,DEB,CEEBD2,BRCEEBDBS138,65100
2026-08-14,2026-08-01,DEB,RDORF8,BRRDORDBS0Z7,171600
2026-08-14,2026-08-01,DEB,VBBR26,BRVBBRDBS052,35500
2026-08-14,2026-08-01,DEB,ASAIA0,BRASAIDBS093,90900
2026-08-14,2026-08-01,DEB,TRPLA7,BRISAEDBS0B3,46900
2026-08-14,2026-08-01,DEB,ISAED1,BRISAEDBS0S7,107200
2026-08-14,2026-08-01,DEB,SBSPI8,BRSBSPDBS288,85900
2026-08-14,2026-08-01,DEB,SBSPK8,BRSBSPDBS2A5,68900
2026-08-14,2026-08-01,DEB,SBSPM8,BRSBSPDBS2C1,47700
2026-08-14,2026-08-01,DEB,NEOE16,BRNEOEDBS047,29500
2026-08-14,2026-08-01,DEB,EGIEA6,BREGIEDBS0Q1,106000
2026-08-14,2026-08-01,DEB,PETR27,BRPETRDBS0C2,62600
2026-08-14,2026-08-01,DEB,SUZB29,BRSUZBDBS069,23700
2026-08-14,2026-08-01,DEB,PETR17,BRPETRDBS0B4,58400
2026-08-14,2026-07-01,Ações_BDRs_ETFs_FIIs_Units,3PREETF11,BR3PRECTF003,97200
2026-08-14,2026-07-01,Ações_BDRs_ETFs_FIIs_Units,5PREETF11,BR5PRECTF008,1149400
2026-08-14,2026-07-01,Ações_BDRs_ETFs_FIIs_Units,A1AP34,BRA1APBDR001,10683000
2026-08-14,2026-07-01,Ações_BDRs_ETFs_FIIs_Units,A1CR34,BRA1CRBDR003,928000
2026-08-14,2026-07-01,Ações_BDRs_ETFs_FIIs_Units,A1DC34,BRA1DCBDR003,4184000
2026-08-14,2026-07-01,Ações_BDRs_ETFs_FIIs_Units,A1DI34,BRA1DIBDR000,3720000
2026-08-14,2026-07-01,Ações_BDRs_ETFs_FIIs_Units,A1DM34,BRA1DMBDR002,521000
2026-08-14,2026-07-01,Ações_BDRs_ETFs_FIIs_Units,A1EE34,BRA1EEBDR007,746000
2026-08-14,2026-07-01,Ações_BDRs_ETFs_FIIs_Units,A1EG34,BRA1EGBDR002,2483000
2026-08-14,2026-07-01,Ações_BDRs_ETFs_FIIs_Units,A1EN34,BRA1ENBDR008,554000
2026-08-14,2026-07-01,Ações_BDRs_ETFs_FIIs_Units,A1EP34,BRA1EPBDR003,591000
2026-08-14,2026-07-01,Ações_BDRs_ETFs_FIIs_Units,A1ES34,BRA1ESBDR007,2628000
2026-08-14,2026-07-01,Ações_BDRs_ETFs_FIIs_Units,A1FL34,BRA1FLBDR009,337000
2026-08-14,2026-07-01,Ações_BDRs_ETFs_FIIs_Units,A1GI34,BRA1GIBDR003,606000
2026-08-14,2026-07-01,Ações_BDRs_ETFs_FIIs_Units,A1GN34,BRA1GNBDR003,522000
2026-08-14,2026-07-01,Ações_BDRs_ETFs_FIIs_Units,A1HR34,BRA1HRBDR002,2302000
2026-08-14,2026-07-01,Ações_BDRs_ETFs_FIIs_Units,A1JG34,BRA1JGBDR001,349000
2026-08-14,2026-07-01,Ações_BDRs_ETFs_FIIs_Units,A1KA34,BRA1KABDR002,3877000
2026-08-14,2026-07-01,Ações_BDRs_ETFs_FIIs_Units,A1LB34,BRA1LBBDR008,6266000
2026-08-14,2026-07-01,Ações_BDRs_ETFs_FIIs_Units,A1LG34,BRA1LGBDR007,870000
2026-08-14,2026-07-01,Ações_BDRs_ETFs_FIIs_Units,A1LK34,BRA1LKBDR009,779000
2026-08-14,2026-07-01,Ações_BDRs_ETFs_FIIs_Units,A1LL34,BRA1LLBDR007,960000
2026-08-14,2026-07-01,Ações_BDRs_ETFs_FIIs_Units,A1LN34,BRA1LNBDR003,2784000
2026-08-14,2026-07-01,Ações_BDRs_ETFs_FIIs_Units,A1MD34,BRA1MDBDR002,720000
2026-08-14,2026-07-01,Ações_BDRs_ETFs_FIIs_Units,A1ME34,BRA1MEBDR000,4162000
2026-08-14,2026-07-01,Ações_BDRs_ETFs_FIIs_Units,A1MP34,BRA1MPBDR006,333000
2026-08-14,2026-07-01,Ações_BDRs_ETFs_FIIs_Units,A1MT34,BRA1MTBDR008,659000
2026-08-14,2026-07-01,Ações_BDRs_ETFs_FIIs_Units,A1NE34,BRA1NEBDR008,954000
2026-08-14,2026-07-01,Ações_BDRs_ETFs_FIIs_Units,A1ON34,BRA1ONBDR007,484000
2026-08-14,2026-07-01,Ações_BDRs_ETFs_FIIs_Units,A1OS34,BRA1OSBDR006,684000
2026-08-14,2026-07-01,Ações_BDRs_ETFs_FIIs_Units,A1PA34,BRA1PABDR001,1124000
2026-08-14,2026-07-01,Ações_BDRs_ETFs_FIIs_Units,A1PD34,BRA1PDBDR005,548000
2026-08-14,2026-07-01,Ações_BDRs_ETFs_FIIs_Units,A1PH34,BRA1PHBDR006,472000
2026-08-14,2026-07-01,Ações_BDRs_ETFs_FIIs_Units,A1PL34,BRA1PLBDR008,919000
2026-08-14,2026-07-01,Ações_BDRs_ETFs_FIIs_Units,A1PO34,BRA1POBDR002,4723000
2026-08-14,2026-07-01,Ações_BDRs_ETFs_FIIs_Units,A1PP34,BRA1PPBDR009,2357000
2026-08-14,2026-07-01,Ações_BDRs_ETFs_FIIs_Units,A1RE34,BRA1REBDR009,3001000
2026-08-14,2026-07-01,Ações_BDRs_ETFs_FIIs_Units,A1RG34,BRA1RGBDR004,1038000
2026-08-14,2026-07-01,Ações_BDRs_ETFs_FIIs_Units,A1SN34,BRA1SNBDR008,2582000
2026-08-14,2026-07-01,Ações_BDRs_ETFs_FIIs_Units,A1SU34,BRA1SUBDR003,611000
2026-08-14,2026-07-01,Ações_BDRs_ETFs_FIIs_Units,A1TM34,BRA1TMBDR008,457000
2026-08-14,2026-07-01,Ações_BDRs_ETFs_FIIs_Units,A1TT34,BRA1TTBDR003,3910000
2026-08-14,2026-07-01,Ações_BDRs_ETFs_FIIs_Units,A1UT34,BRA1UTBDR001,3980000
2026-08-14,2026-07-01,Ações_BDRs_ETFs_FIIs_Units,A1VB34,BRA1VBBDR007,873000
2026-08-14,2026-07-01,Ações_BDRs_ETFs_FIIs_Units,A1VY34,BRA1VYBDR009,495000
2026-08-14,2026-07-01,Ações_BDRs_ETFs_FIIs_Units,A1WK34,BRA1WKBDR006,1192000
2026-08-14,2026-07-01,Ações_BDRs_ETFs_FIIs_Units,A1ZN34,BRA1ZNBDR003,1257000
2026-08-14,2026-07-01,Ações_BDRs_ETFs_FIIs_Units,A2LC34,BRA2LCBDR004,5952000
2026-08-14,2026-07-01,Ações_BDRs_ETFs_FIIs_Units,A2MB34,BRA2MBBDR004,11835000
2026-08-14,2026-07-01,Ações_BDRs_ETFs_FIIs_Units,A2RE34,BRA2REBDR007,3033000
2026-08-14,2026-07-01,Ações_BDRs_ETFs_FIIs_Units,A2RR34,BRA2RRBDR009,3793000
2026-08-14,2026-07-01,Ações_BDRs_ETFs_FIIs_Units,A2RW34,BRA2RWBDR009,2585000
2026-08-14,2026-07-01,Ações_BDRs_ETFs_FIIs_Units,A2SO34,BRA2SOBDR004,2847000
2026-08-14,2026-07-01,Ações_BDRs_ETFs_FIIs_Units,A2XO34,BRA2XOBDR004,1504000
2026-08-14,2026-07-01,Ações_BDRs_ETFs_FIIs_Units,A2ZT34,BRA2ZTBDR008,5796000
2026-08-14,2026-07-01,Ações_BDRs_ETFs_FIIs_Units,AALL34,BRAALLBDR003,2201000
2026-08-14,2026-07-01,Ações_BDRs_ETFs_FIIs_Units,AAPL34,BRAAPLBDR004,3280000
2026-08-14,2026-07-01,Ações_BDRs_ETFs_FIIs_Units,ABBV34,BRABBVBDR001,2621000
2026-08-14,2026-07-01,Ações_BDRs_ETFs_FIIs_Units,ABCB4,BRABCBACNPR4,1853000
2026-08-14,2026-07-01,Ações_BDRs_ETFs_FIIs_Units,ABEV3,BRABEVACNOR1,68860000
2026-08-14,2026-07-01,Ações_BDRs_ETFs_FIIs_Units,ABGD39,BRABGDBDR008,2005000
2026-08-14,2026-07-01,Ações_BDRs_ETFs_FIIs_Units,ABTT34,BRABTTBDR007,5000000
2026-08-14,2026-07-01,Ações_BDRs_ETFs_FIIs_Units,ABUD34,BRABUDBDR009,2918000
2026-08-14,2026-07-01,Ações_BDRs_ETFs_FIIs_Units,ACNB34,BRACNBBDR006,292000
2026-08-14,2026-07-01,Ações_BDRs_ETFs_FIIs_Units,ACWI11,BRACWICTF001,12759000
2026-08-14,2026-07-01,Ações_BDRs_ETFs_FIIs_Units,ADBE34,BRADBEBDR003,9810000
2026-08-14,2026-07-01,Ações_BDRs_ETFs_FIIs_Units,ADPR34,BRADPRBDR005,4139000
2026-08-14,2026-07-01,Ações_BDRs_ETFs_FIIs_Units,AIGB34,BRAIGBBDR007,503000
2026-08-14,2026-07-01,Ações_BDRs_ETFs_FIIs_Units,AIRB34,BRAIRBBDR004,5287000
2026-08-14,2026-07-01,Ações_BDRs_ETFs_FIIs_Units,ALOS3,BRALOSACNOR5,14145000
2026-08-14,2026-07-01,Ações_BDRs_ETFs_FIIs_Units,ALPA4,BRALPAACNPR7,5599000
2026-08-14,2026-07-01,Ações_BDRs_ETFs_FIIs_Units,ALUG11,BRALUGCTF000,4757000
2026-08-14,2026-07-01,Ações_BDRs_ETFs_FIIs_Units,ALUP11,BRALUPCDAM15,2578000
2026-08-14,2026-07-01,Ações_BDRs_ETFs_FIIs_Units,ALZR11,BRALZRCTF006,25000
2026-08-14,2026-07-01,Ações_BDRs_ETFs_FIIs_Units,AMGN34,BRAMGNBDR004,3061000
2026-08-14,2026-07-01,Ações_BDRs_ETFs_FIIs_Units,AMLG34,BRAMLGBDR008,76045000
2026-08-14,2026-07-01,Ações_BDRs_ETFs_FIIs_Units,AMZO34,BRAMZOBDR002,4901000
2026-08-14,2026-07-01,Ações_BDRs_ETFs_FIIs_Units,ANIM3,BRANIMACNOR6,19506000
2026-08-14,2026-07-01,Ações_BDRs_ETFs_FIIs_Units,APTV34,BRAPTVBDR003,1211000
2026-08-14,2026-07-01,Ações_BDRs_ETFs_FIIs_Units,AREAETF11,BRAREACTF004,280800
2026-08-14,2026-07-01,Ações_BDRs_ETFs_FIIs_Units,ARMT34,BRARMTBDR008,1258000
2026-08-14,2026-07-01,Ações_BDRs_ETFs_FIIs_Units,ARNC34,BRARNCBDR002,139000
2026-08-14,2026-07-01,Ações_BDRs_ETFs_FIIs_Units,ASAI3,BRASAIACNOR0,33670000
2026-08-14,2026-07-01,Ações_BDRs_ETFs_FIIs_Units,ASML34,BRASMLBDR003,1248000
2026-08-14,2026-07-01,Ações_BDRs_ETFs_FIIs_Units,ATTB34,BRATTBBDR007,5184000
2026-08-14,2026-07-01,Ações_BDRs_ETFs_FIIs_Units,AUAU3,BRAUAUACNOR1,9565000
2026-08-14,2026-07-01,Ações_BDRs_ETFs_FIIs_Units,AUPOETF11,BRAUPOCTF005,2745400
2026-08-14,2026-07-01,Ações_BDRs_ETFs_FIIs_Units,AURA33,BRAURABDR001,3159000
2026-08-14,2026-07-01,Ações_BDRs_ETFs_FIIs_Units,AURE3,BRAUREACNOR9,9274000
2026-08-14,2026-07-01,Ações_BDRs_ETFs_FIIs_Units,AUVP11,BRAUVPCTF000,107394000
2026-08-14,2026-07-01,Ações_BDRs_ETFs_FIIs_Units,AVGO34,BRAVGOBDR003,7601000
2026-08-14,2026-07-01,Ações_BDRs_ETFs_FIIs_Units,AWII34,BRAWIIBDR009,222000
2026-08-14,2026-07-01,Ações_BDRs_ETFs_FIIs_Units,AXIA3,BRAXIAACNOR0,26332000
2026-08-14,2026-07-01,Ações_BDRs_ETFs_FIIs_Units,AXIA7,BRAXIAACNPC9,7899600
2026-08-14,2026-07-01,Ações_BDRs_ETFs_FIIs_Units,AXPB34,BRAXPBBDR007,1126000
2026-08-14,2026-07-01,Ações_BDRs_ETFs_FIIs_Units,AZOI34,BRAZOIBDR000,2715000
2026-08-14,2026-07-01,Ações_BDRs_ETFs_FIIs_Units,AZZA3,BRAZZAACNOR9,9067000
2026-08-14,2026-07-01,Ações_BDRs_ETFs_FIIs_Units,B1AM34,BRB1AMBDR007,3598000
2026-08-14,2026-07-01,Ações_BDRs_ETFs_FIIs_Units,B1AX34,BRB1AXBDR004,3906000
2026-08-14,2026-07-01,Ações_BDRs_ETFs_FIIs_Units,B1BT34,BRB1BTBDR000,826000
2026-08-14,2026-07-01,Ações_BDRs_ETFs_FIIs_Units,B1BW34,BRB1BWBDR012,7130000
2026-08-14,2026-07-01,Ações_BDRs_ETFs_FIIs_Units,B1CS34,BRB1CSBDR000,1437000
2026-08-14,2026-07-01,Ações_BDRs_ETFs_FIIs_Units,B1DX34,BRB1DXBDR008,1435000
2026-08-14,2026-07-01,Ações_BDRs_ETFs_FIIs_Units,B1FC34,BRB1FCBDR007,1457000
2026-08-14,2026-07-01,Ações_BDRs_ETFs_FIIs_Units,B1IL34,BRB1ILBDR002,8336000
2026-08-14,2026-07-01,Ações_BDRs_ETFs_FIIs_Units,B1KR34,BRB1KRBDR005,593000
2026-08-14,2026-07-01,Ações_BDRs_ETFs_FIIs_Units,B1LL34,BRB1LLBDR006,1362000
2026-08-14,2026-07-01,Ações_BDRs_ETFs_FIIs_Units,B1ME34,BRB1MEBDR009,3076000
2026-08-14,2026-07-01,Ações_BDRs_ETFs_FIIs_Units,B1MR34,BRB1MRBDR001,1419000
2026-08-14,2026-07-01,Ações_BDRs_ETFs_FIIs_Units,B1NT34,BRB1NTBDR005,6782000
2026-08-14,2026-07-01,Ações_BDRs_ETFs_FIIs_Units,B1PP34,BRB1PPBDR008,4079000
2026-08-14,2026-07-01,Ações_BDRs_ETFs_FIIs_Units,B1RF34,BRB1RFBDR005,1057000
2026-08-14,2026-07-01,Ações_BDRs_ETFs_FIIs_Units,B1SA34,BRB1SABDR004,414000
2026-08-14,2026-07-01,Ações_BDRs_ETFs_FIIs_Units,B1SX34,BRB1SXBDR006,3424000
2026-08-14,2026-07-01,Ações_BDRs_ETFs_FIIs_Units,B1TI34,BRB1TIBDR005,3129000
2026-08-14,2026-07-01,Ações_BDRs_ETFs_FIIs_Units,B1WA34,BRB1WABDR006,556000
2026-08-14,2026-07-01,Ações_BDRs_ETFs_FIIs_Units,B1ZE34,BRB1ZEBDR001,3180000
2026-08-14,2026-07-01,Ações_BDRs_ETFs_FIIs_Units,B2AH34,BRB2AHBDR005,4948000
2026-08-14,2026-07-01,Ações_BDRs_ETFs_FIIs_Units,B2AP34,BRB2APBDR008,1232000
2026-08-14,2026-07-01,Ações_BDRs_ETFs_FIIs_Units,B2HI34,BRB2HIBDR008,204093000
2026-08-14,2026-07-01,Ações_BDRs_ETFs_FIIs_Units,B2LN34,BRB2LNBDR000,8570000
2026-08-14,2026-07-01,Ações_BDRs_ETFs_FIIs_Units,B2RK34,BRB2RKBDR003,6894000
2026-08-14,2026-07-01,Ações_BDRs_ETFs_FIIs_Units,B2UR34,BRB2URBDR002,3976000
2026-08-14,2026-07-01,Ações_BDRs_ETFs_FIIs_Units,B2YN34,BRB2YNBDR003,18057000
2026-08-14,2026-07-01,Ações_BDRs_ETFs_FIIs_Units,B3BR11,BRB3BRCTF009,14586000
2026-08-14,2026-07-01,Ações_BDRs_ETFs_FIIs_Units,B5MBETF11,BRB5MBCTF005,4426800
2026-08-14,2026-07-01,Ações_BDRs_ETFs_FIIs_Units,B5P2ETF11,BRB5P2CTF001,16769100
2026-08-14,2026-07-01,Ações_BDRs_ETFs_FIIs_Units,BAAX39,BRBAAXBDR009,3328000
2026-08-14,2026-07-01,Ações_BDRs_ETFs_FIIs_Units,BABA34,BRBABABDR005,11710000
2026-08-14,2026-07-01,Ações_BDRs_ETFs_FIIs_Units,BACW39,BRBACWBDR007,2606000
2026-08-14,2026-07-01,Ações_BDRs_ETFs_FIIs_Units,BAER39,BRBAERBDR003,3267000
2026-08-14,2026-07-01,Ações_BDRs_ETFs_FIIs_Units,BAIQ39,BRBAIQBDR006,3658000
2026-08-14,2026-07-01,Ações_BDRs_ETFs_FIIs_Units,BAIR39,BRBAIRBDR004,2361000
2026-08-14,2026-07-01,Ações_BDRs_ETFs_FIIs_Units,BARY39,BRBARYBDR001,601000
2026-08-14,2026-07-01,Ações_BDRs_ETFs_FIIs_Units,BBAS3,BRBBASACNOR3,55010000
2026-08-14,2026-07-01,Ações_BDRs_ETFs_FIIs_Units,BBCA39,BRBBCABDR001,783000
2026-08-14,2026-07-01,Ações_BDRs_ETFs_FIIs_Units,BBDC3,BRBBDCACNOR1,15253000
2026-08-14,2026-07-01,Ações_BDRs_ETFs_FIIs_Units,BBDC4,BRBBDCACNPR8,79830000
2026-08-14,2026-07-01,Ações_BDRs_ETFs_FIIs_Units,BBEU39,BRBBEUBDR005,1017000
2026-08-14,2026-07-01,Ações_BDRs_ETFs_FIIs_Units,BBJP39,BRBBJPBDR004,2475000
2026-08-14,2026-07-01,Ações_BDRs_ETFs_FIIs_Units,BBOV11,BRBBOVCTF001,34362000
2026-08-14,2026-07-01,Ações_BDRs_ETFs_FIIs_Units,BBSD11,BRBBSDCTF000,8627000
2026-08-14,2026-07-01,Ações_BDRs_ETFs_FIIs_Units,BBSE3,BRBBSEACNOR5,14048000
2026-08-14,2026-07-01,Ações_BDRs_ETFs_FIIs_Units,BBUG39,BRBBUGBDR000,1290000
2026-08-14,2026-07-01,Ações_BDRs_ETFs_FIIs_Units,BBUS39,BRBBUSBDR005,1172000
2026-08-14,2026-07-01,Ações_BDRs_ETFs_FIIs_Units,BBYY34,BRBBYYBDR005,517000
2026-08-14,2026-07-01,Ações_BDRs_ETFs_FIIs_Units,BCHI39,BRBCHIBDR001,5976000
2026-08-14,2026-07-01,Ações_BDRs_ETFs_FIIs_Units,BCIR39,BRBCIRBDR000,2251000
2026-08-14,2026-07-01,Ações_BDRs_ETFs_FIIs_Units,BCPX39,BRBCPXBDR003,5159000
2026-08-14,2026-07-01,Ações_BDRs_ETFs_FIIs_Units,BCSA34,BRBCSABDR005,2894000
2026-08-14,2026-07-01,Ações_BDRs_ETFs_FIIs_Units,BDEF11,BRBDEFCTF001,5368000
2026-08-14,2026-07-01,Ações_BDRs_ETFs_FIIs_Units,BDVY39,BRBDVYBDR007,1852000
2026-08-14,2026-07-01,Ações_BDRs_ETFs_FIIs_Units,BEEF3,BRBEEFACNOR6,43255000
2026-08-14,2026-07-01,Ações_BDRs_ETFs_FIIs_Units,BEEM39,BRBEEMBDR006,3524000
2026-08-14,2026-07-01,Ações_BDRs_ETFs_FIIs_Units,BEFA39,BRBEFABDR008,2979000
2026-08-14,2026-07-01,Ações_BDRs_ETFs_FIIs_Units,BEFG39,BRBEFGBDR005,3171000
2026-08-14,2026-07-01,Ações_BDRs_ETFs_FIIs_Units,BEFV39,BRBEFVBDR004,3047000
2026-08-14,2026-07-01,Ações_BDRs_ETFs_FIIs_Units,BEGD39,BRBEGDBDR000,1219000
2026-08-14,2026-07-01,Ações_BDRs_ETFs_FIIs_Units,BEGE39,BRBEGEBDR008,2405000
2026-08-14,2026-07-01,Ações_BDRs_ETFs_FIIs_Units,BEGU39,BRBEGUBDR004,2196000
2026-08-14,2026-07-01,Ações_BDRs_ETFs_FIIs_Units,BEMC39,BRBEMCBDR000,1914000
2026-08-14,2026-07-01,Ações_BDRs_ETFs_FIIs_Units,BEMV39,BRBEMVBDR000,691000
2026-08-14,2026-07-01,Ações_BDRs_ETFs_FIIs_Units,BERK34,BRBERKBDR002,1674000
2026-08-14,2026-07-01,Ações_BDRs_ETFs_FIIs_Units,BEST11,BRBESTCTF000,14914000
2026-08-14,2026-07-01,Ações_BDRs_ETFs_FIIs_Units,BEUF39,BRBEUFBDR006,1016000
2026-08-14,2026-07-01,Ações_BDRs_ETFs_FIIs_Units,BEUR39,BRBEURBDR001,1439000
2026-08-14,2026-07-01,Ações_BDRs_ETFs_FIIs_Units,BEWA39,BRBEWABDR003,4115000
2026-08-14,2026-07-01,Ações_BDRs_ETFs_FIIs_Units,BEWC39,BRBEWCBDR009,2675000
2026-08-14,2026-07-01,Ações_BDRs_ETFs_FIIs_Units,BEWG39,BRBEWGBDR000,2775000
2026-08-14,2026-07-01,Ações_BDRs_ETFs_FIIs_Units,BEWH39,BRBEWHBDR008,5458000
2026-08-14,2026-07-01,Ações_BDRs_ETFs_FIIs_Units,BEWJ39,BRBEWJBDR004,3208000
2026-08-14,2026-07-01,Ações_BDRs_ETFs_FIIs_Units,BEWL39,BRBEWLBDR000,1449000
2026-08-14,2026-07-01,Ações_BDRs_ETFs_FIIs_Units,BEWT39,BRBEWTBDR003,2215000
2026-08-14,2026-07-01,Ações_BDRs_ETFs_FIIs_Units,BEWU39,BRBEWUBDR001,2535000
2026-08-14,2026-07-01,Ações_BDRs_ETFs_FIIs_Units,BEWW39,BRBEWWBDR007,2020000
2026-08-14,2026-07-01,Ações_BDRs_ETFs_FIIs_Units,BEWY39,BRBEWYBDR003,1601000
2026-08-14,2026-07-01,Ações_BDRs_ETFs_FIIs_Units,BEWZ39,BRBEWZBDR000,3401000
2026-08-14,2026-07-01,Ações_BDRs_ETFs_FIIs_Units,BEZU39,BRBEZUBDR004,2265000
2026-08-14,2026-07-01,Ações_BDRs_ETFs_FIIs_Units,BFAV39,BRBFAVBDR002,1841000
2026-08-14,2026-07-01,Ações_BDRs_ETFs_FIIs_Units,BFCG39,BRBFCGBDR009,1152000
2026-08-14,2026-07-01,Ações_BDRs_ETFs_FIIs_Units,BFDA39,BRBFDABDR000,2770000
2026-08-14,2026-07-01,Ações_BDRs_ETFs_FIIs_Units,BFDL39,BRBFDLBDR007,1798000
2026-08-14,2026-07-01,Ações_BDRs_ETFs_FIIs_Units,BFDN39,BRBFDNBDR003,4536000
2026-08-14,2026-07-01,Ações_BDRs_ETFs_FIIs_Units,BFTS39,BRBFTSBDR008,2186000
2026-08-14,2026-07-01,Ações_BDRs_ETFs_FIIs_Units,BFVD39,BRBFVDBDR006,1566000
2026-08-14,2026-07-01,Ações_BDRs_ETFs_FIIs_Units,BFXI39,BRBFXIBDR001,5948000
2026-08-14,2026-07-01,Ações_BDRs_ETFs_FIIs_Units,BGAR39,BRBGARBDR008,601000
2026-08-14,2026-07-01,Ações_BDRs_ETFs_FIIs_Units,BGLC39,BRBGLCBDR007,640000
2026-08-14,2026-07-01,Ações_BDRs_ETFs_FIIs_Units,BGOV39,BRBGOVBDR001,5051000
2026-08-14,2026-07-01,Ações_BDRs_ETFs_FIIs_Units,BGRI39,BRBGRIBDR001,2435000
2026-08-14,2026-07-01,Ações_BDRs_ETFs_FIIs_Units,BGWH39,BRBGWHBDR003,2588000
2026-08-14,2026-07-01,Ações_BDRs_ETFs_FIIs_Units,BHDV39,BRBHDVBDR002,13529000
2026-08-14,2026-07-01,Ações_BDRs_ETFs_FIIs_Units,BHEF39,BRBHEFBDR003,1037000
2026-08-14,2026-07-01,Ações_BDRs_ETFs_FIIs_Units,BHVN34,BRBHVNBDR001,2302000
2026-08-14,2026-07-01,Ações_BDRs_ETFs_FIIs_Units,BIAI39,BRBIAIBDR003,581000
2026-08-14,2026-07-01,Ações_BDRs_ETFs_FIIs_Units,BIAT39,BRBIATBDR000,479000
2026-08-14,2026-07-01,Ações_BDRs_ETFs_FIIs_Units,BIAU39,BRBIAUBDR008,2202000
2026-08-14,2026-07-01,Ações_BDRs_ETFs_FIIs_Units,BIBB39,BRBIBBBDR006,3300000
2026-08-14,2026-07-01,Ações_BDRs_ETFs_FIIs_Units,BICL39,BRBICLBDR003,3691000
2026-08-14,2026-07-01,Ações_BDRs_ETFs_FIIs_Units,BIDU34,BRBIDUBDR002,5073000
2026-08-14,2026-07-01,Ações_BDRs_ETFs_FIIs_Units,BIDV39,BRBIDVBDR000,1714000
2026-08-14,2026-07-01,Ações_BDRs_ETFs_FIIs_Units,BIEF39,BRBIEFBDR001,3224000
2026-08-14,2026-07-01,Ações_BDRs_ETFs_FIIs_Units,BIEI39,BRBIEIBDR005,3919000
2026-08-14,2026-07-01,Ações_BDRs_ETFs_FIIs_Units,BIEM39,BRBIEMBDR007,2840000
2026-08-14,2026-07-01,Ações_BDRs_ETFs_FIIs_Units,BIET39,BRBIETBDR002,12257000
2026-08-14,2026-07-01,Ações_BDRs_ETFs_FIIs_Units,BIEU39,BRBIEUBDR000,3000000
2026-08-14,2026-07-01,Ações_BDRs_ETFs_FIIs_Units,BIFR39,BRBIFRBDR003,371000
2026-08-14,2026-07-01,Ações_BDRs_ETFs_FIIs_Units,BIGF39,BRBIGFBDR006,1540000
2026-08-14,2026-07-01,Ações_BDRs_ETFs_FIIs_Units,BIHI39,BRBIHIBDR008,27700000
2026-08-14,2026-07-01,Ações_BDRs_ETFs_FIIs_Units,BIIB34,BRBIIBBDR001,1233000
2026-08-14,2026-07-01,Ações_BDRs_ETFs_FIIs_Units,BIJH39,BRBIJHBDR006,10183000
2026-08-14,2026-07-01,Ações_BDRs_ETFs_FIIs_Units,BIJR39,BRBIJRBDR005,2130000
2026-08-14,2026-07-01,Ações_BDRs_ETFs_FIIs_Units,BIJS39,BRBIJSBDR003,955000
2026-08-14,2026-07-01,Ações_BDRs_ETFs_FIIs_Units,BIJT39,BRBIJTBDR001,814000
2026-08-14,2026-07-01,Ações_BDRs_ETFs_FIIs_Units,BILB34,BRBILBBDR005,778000
2026-08-14,2026-07-01,Ações_BDRs_ETFs_FIIs_Units,BILF39,BRBILFBDR006,3469000
2026-08-14,2026-07-01,Ações_BDRs_ETFs_FIIs_Units,BITB39,BRBITBBDR008,2374000
2026-08-14,2026-07-01,Ações_BDRs_ETFs_FIIs_Units,BITO39,BRBITOBDR001,2394000
2026-08-14,2026-07-01,Ações_BDRs_ETFs_FIIs_Units,BIVB39,BRBIVBBDR004,2133000
2026-08-14,2026-07-01,Ações_BDRs_ETFs_FIIs_Units,BIVE39,BRBIVEBDR008,2545000
2026-08-14,2026-07-01,Ações_BDRs_ETFs_FIIs_Units,BIVW39,BRBIVWBDR000,2296000
2026-08-14,2026-07-01,Ações_BDRs_ETFs_FIIs_Units,BIWD39,BRBIWDBDR008,3320000
2026-08-14,2026-07-01,Ações_BDRs_ETFs_FIIs_Units,BIWF39,BRBIWFBDR003,8028000
2026-08-14,2026-07-01,Ações_BDRs_ETFs_FIIs_Units,BIWM39,BRBIWMBDR009,2608000
2026-08-14,2026-07-01,Ações_BDRs_ETFs_FIIs_Units,BIXC39,BRBIXCBDR008,2102000
2026-08-14,2026-07-01,Ações_BDRs_ETFs_FIIs_Units,BIXN39,BRBIXNBDR005,3139000
2026-08-14,2026-07-01,Ações_BDRs_ETFs_FIIs_Units,BIXU39,BRBIXUBDR000,2451000
2026-08-14,2026-07-01,Ações_BDRs_ETFs_FIIs_Units,BIYE39,BRBIYEBDR002,2035000
2026-08-14,2026-07-01,Ações_BDRs_ETFs_FIIs_Units,BIYF39,BRBIYFBDR009,1435000
2026-08-14,2026-07-01,Ações_BDRs_ETFs_FIIs_Units,BIYK39,BRBIYKBDR009,2827000
2026-08-14,2026-07-01,Ações_BDRs_ETFs_FIIs_Units,BIYM39,BRBIYMBDR005,598000
2026-08-14,2026-07-01,Ações_BDRs_ETFs_FIIs_Units,BIYP39,BRBIYPBDR008,7644000
2026-08-14,2026-07-01,Ações_BDRs_ETFs_FIIs_Units,BIYT39,BRBIYTBDR000,4053000
2026-08-14,2026-07-01,Ações_BDRs_ETFs_FIIs_Units,BIYW39,BRBIYWBDR004,5593000
2026-08-14,2026-07-01,Ações_BDRs_ETFs_FIIs_Units,BIYZ39,BRBIYZBDR007,1927000
2026-08-14,2026-07-01,Ações_BDRs_ETFs_FIIs_Units,BIZD11,BRBIZDCTF000,1716000
2026-08-14,2026-07-01,Ações_BDRs_ETFs_FIIs_Units,BKNG34,BRBKNGBDR006,37205000
2026-08-14,2026-07-01,Ações_BDRs_ETFs_FIIs_Units,BKSA39,BRBKSABDR008,1161000
2026-08-14,2026-07-01,Ações_BDRs_ETFs_FIIs_Units,BKWB39,BRBKWBBDR008,1562000
2026-08-14,2026-07-01,Ações_BDRs_ETFs_FIIs_Units,BKYY39,BRBKYYBDR006,1323000
2026-08-14,2026-07-01,Ações_BDRs_ETFs_FIIs_Units,BLAK34,BRBLAKBDR003,2587000
2026-08-14,2026-07-01,Ações_BDRs_ETFs_FIIs_Units,BLFTETF11,BRBLFTCTF002,58897400
2026-08-14,2026-07-01,Ações_BDRs_ETFs_FIIs_Units,BLPX39,BRBLPXBDR004,1618000
2026-08-14,2026-07-01,Ações_BDRs_ETFs_FIIs_Units,BMGB4,BRBMGBACNPR0,3628000
2026-08-14,2026-07-01,Ações_BDRs_ETFs_FIIs_Units,BMMT11,BRBMMTCTF006,10818000
2026-08-14,2026-07-01,Ações_BDRs_ETFs_FIIs_Units,BMOB3,BRBMOBACNOR7,1348000
2026-08-14,2026-07-01,Ações_BDRs_ETFs_FIIs_Units,BMTU39,BRBMTUBDR000,2359000
2026-08-14,2026-07-01,Ações_BDRs_ETFs_FIIs_Units,BMYB34,BRBMYBBDR000,694000
2026-08-14,2026-07-01,Ações_BDRs_ETFs_FIIs_Units,BNDA39,BRBNDABDR004,3096000
2026-08-14,2026-07-01,Ações_BDRs_ETFs_FIIs_Units,BOAC34,BRBOACBDR004,2715000
2026-08-14,2026-07-01,Ações_BDRs_ETFs_FIIs_Units,BOEF39,BRBOEFBDR009,2139000
2026-08-14,2026-07-01,Ações_BDRs_ETFs_FIIs_Units,BOEI34,BRBOEIBDR003,174000
2026-08-14,2026-07-01,Ações_BDRs_ETFs_FIIs_Units,BOL5ETF11,BRBOL5CTF001,1934500
2026-08-14,2026-07-01,Ações_BDRs_ETFs_FIIs_Units,BONY34,BRBONYBDR001,264000
2026-08-14,2026-07-01,Ações_BDRs_ETFs_FIIs_Units,BOTZ39,BRBOTZBDR005,1871000
2026-08-14,2026-07-01,Ações_BDRs_ETFs_FIIs_Units,BOVA11,BRBOVACTF003,18388000
2026-08-14,2026-07-01,Ações_BDRs_ETFs_FIIs_Units,BOVB11,BRBOVBCTF001,17643000
2026-08-14,2026-07-01,Ações_BDRs_ETFs_FIIs_Units,BOVS11,BRBOVSCTF005,23428000
2026-08-14,2026-07-01,Ações_BDRs_ETFs_FIIs_Units,BOVV11,BRBOVVCTF009,17513000
2026-08-14,2026-07-01,Ações_BDRs_ETFs_FIIs_Units,BOVX11,BRBOVXCTF005,176111000
2026-08-14,2026-07-01,Ações_BDRs_ETFs_FIIs_Units,BOXP34,BRBOXPBDR008,6178000
2026-08-14,2026-07-01,Ações_BDRs_ETFs_FIIs_Units,BPAC11,BRBPACUNT006,25149000
2026-08-14,2026-07-01,Ações_BDRs_ETFs_FIIs_Units,BPIC39,BRBPICBDR004,1257000
2026-08-14,2026-07-01,Ações_BDRs_ETFs_FIIs_Units,BPREETF11,BRBPRECTF018,808000
2026-08-14,2026-07-01,Ações_BDRs_ETFs_FIIs_Units,BPVE39,BRBPVEBDR003,3952000
2026-08-14,2026-07-01,Ações_BDRs_ETFs_FIIs_Units,BQTC39,BRBQTCBDR009,1183000
2026-08-14,2026-07-01,Ações_BDRs_ETFs_FIIs_Units,BQUA39,BRBQUABDR001,2703000
2026-08-14,2026-07-01,Ações_BDRs_ETFs_FIIs_Units,BQYL39,BRBQYLBDR000,6410000
2026-08-14,2026-07-01,Ações_BDRs_ETFs_FIIs_Units,BRAP4,BRBRAPACNPR2,6485000
2026-08-14,2026-07-01,Ações_BDRs_ETFs_FIIs_Units,BRAV3,BRBRAVACNOR3,24452000
2026-08-14,2026-07-01,Ações_BDRs_ETFs_FIIs_Units,BRAX11,BRBRAXCTF002,188179000
2026-08-14,2026-07-01,Ações_BDRs_ETFs_FIIs_Units,BRAZ11,BRBRAZCTF007,73194000
2026-08-14,2026-07-01,Ações_BDRs_ETFs_FIIs_Units,BRCO11,BRBRCOCTF007,2200
2026-08-14,2026-07-01,Ações_BDRs_ETFs_FIIs_Units,BREW11,BRBREWCTF006,6026000
2026-08-14,2026-07-01,Ações_BDRs_ETFs_FIIs_Units,BRSR6,BRBRSRACNPB4,4407000
2026-08-14,2026-07-01,Ações_BDRs_ETFs_FIIs_Units,BRXC11,BRBRXCCTF008,34089000
2026-08-14,2026-07-01,Ações_BDRs_ETFs_FIIs_Units,BSCZ39,BRBSCZBDR002,3741000
2026-08-14,2026-07-01,Ações_BDRs_ETFs_FIIs_Units,BSDY39,BRBSDYBDR003,2802000
2026-08-14,2026-07-01,Ações_BDRs_ETFs_FIIs_Units,BSHV39,BRBSHVBDR000,3503000
2026-08-14,2026-07-01,Ações_BDRs_ETFs_FIIs_Units,BSHY39,BRBSHYBDR004,3738000
2026-08-14,2026-07-01,Ações_BDRs_ETFs_FIIs_Units,BSIL39,BRBSILBDR009,5161000
2026-08-14,2026-07-01,Ações_BDRs_ETFs_FIIs_Units,BSLV39,BRBSLVBDR002,2512000
2026-08-14,2026-07-01,Ações_BDRs_ETFs_FIIs_Units,BSOX39,BRBSOXBDR002,2556000
2026-08-14,2026-07-01,Ações_BDRs_ETFs_FIIs_Units,BTCI11,BRBTCICTF005,27600
2026-08-14,2026-07-01,Ações_BDRs_ETFs_FIIs_Units,BTER11,BRBTERCTF002,50839000
2026-08-14,2026-07-01,Ações_BDRs_ETFs_FIIs_Units,BTHF11,BRBTHFCTF000,27500
2026-08-14,2026-07-01,Ações_BDRs_ETFs_FIIs_Units,BTLG11,BRBTLGCTF000,2400
2026-08-14,2026-07-01,Ações_BDRs_ETFs_FIIs_Units,BTLH39,BRBTLHBDR009,3910000
2026-08-14,2026-07-01,Ações_BDRs_ETFs_FIIs_Units,BTLT39,BRBTLTBDR004,6622000
2026-08-14,2026-07-01,Ações_BDRs_ETFs_FIIs_Units,BUFF39,BRBUFFBDR003,1892000
2026-08-14,2026-07-01,Ações_BDRs_ETFs_FIIs_Units,BURA39,BRBURABDR009,5310000
2026-08-14,2026-07-01,Ações_BDRs_ETFs_FIIs_Units,BURT39,BRBURTBDR009,2909000
2026-08-14,2026-07-01,Ações_BDRs_ETFs_FIIs_Units,BUSM39,BRBUSMBDR002,3245000
2026-08-14,2026-07-01,Ações_BDRs_ETFs_FIIs_Units,BVBR11,BRBVBRCTF004,368494000
2026-08-14,2026-07-01,Ações_BDRs_ETFs_FIIs_Units,BVLU39,BRBVLUBDR008,1960000
2026-08-14,2026-07-01,Ações_BDRs_ETFs_FIIs_Units,BWCL39,BRBWCLBDR004,1252000
2026-08-14,2026-07-01,Ações_BDRs_ETFs_FIIs_Units,BXPO11,BRBXPOCTF007,16760000
2026-08-14,2026-07-01,Ações_BDRs_ETFs_FIIs_Units,C1AG34,BRC1AGBDR008,2820000
2026-08-14,2026-07-01,Ações_BDRs_ETFs_FIIs_Units,C1AH34,BRC1AHBDR006,164000
2026-08-14,2026-07-01,Ações_BDRs_ETFs_FIIs_Units,C1BL34,BRC1BLBDR006,458000
2026-08-14,2026-07-01,Ações_BDRs_ETFs_FIIs_Units,C1BO34,BRC1BOBDR000,294000
2026-08-14,2026-07-01,Ações_BDRs_ETFs_FIIs_Units,C1BR34,BRC1BRBDR003,286000
2026-08-14,2026-07-01,Ações_BDRs_ETFs_FIIs_Units,C1CI34,BRC1CIBDR000,1859000
2026-08-14,2026-07-01,Ações_BDRs_ETFs_FIIs_Units,C1CJ34,BRC1CJBDR008,1817000
2026-08-14,2026-07-01,Ações_BDRs_ETFs_FIIs_Units,C1CL34,BRC1CLBDR004,1321000
2026-08-14,2026-07-01,Ações_BDRs_ETFs_FIIs_Units,C1CO34,BRC1COBDR008,282000
2026-08-14,2026-07-01,Ações_BDRs_ETFs_FIIs_Units,C1DN34,BRC1DNBDR008,206000
2026-08-14,2026-07-01,Ações_BDRs_ETFs_FIIs_Units,C1DP34,BRC1DPBDR003,2052000
2026-08-14,2026-07-01,Ações_BDRs_ETFs_FIIs_Units,C1DW34,BRC1DWBDR009,6055000
2026-08-14,2026-07-01,Ações_BDRs_ETFs_FIIs_Units,C1FG34,BRC1FGBDR007,576000
2026-08-14,2026-07-01,Ações_BDRs_ETFs_FIIs_Units,C1FI34,BRC1FIBDR003,374000
2026-08-14,2026-07-01,Ações_BDRs_ETFs_FIIs_Units,C1GP34,BRC1GPBDR006,126583000
2026-08-14,2026-07-01,Ações_BDRs_ETFs_FIIs_Units,C1HK34,BRC1HKBDR005,648000
2026-08-14,2026-07-01,Ações_BDRs_ETFs_FIIs_Units,C1HR34,BRC1HRBDR000,4909000
2026-08-14,2026-07-01,Ações_BDRs_ETFs_FIIs_Units,C1IC34,BRC1ICBDR000,557000
2026-08-14,2026-07-01,Ações_BDRs_ETFs_FIIs_Units,C1MG34,BRC1MGBDR003,24570000
2026-08-14,2026-07-01,Ações_BDRs_ETFs_FIIs_Units,C1MI34,BRC1MIBDR009,221000
2026-08-14,2026-07-01,Ações_BDRs_ETFs_FIIs_Units,C1MS34,BRC1MSBDR008,1047000
2026-08-14,2026-07-01,Ações_BDRs_ETFs_FIIs_Units,C1NC34,BRC1NCBDR000,645000
2026-08-14,2026-07-01,Ações_BDRs_ETFs_FIIs_Units,C1NP34,BRC1NPBDR002,954000
2026-08-14,2026-07-01,Ações_BDRs_ETFs_FIIs_Units,C1NS34,BRC1NSBDR006,1601000
2026-08-14,2026-07-01,Ações_BDRs_ETFs_FIIs_Units,C1OO34,BRC1OOBDR003,5733000
2026-08-14,2026-07-01,Ações_BDRs_ETFs_FIIs_Units,C1PB34,BRC1PBBDR007,1878000
2026-08-14,2026-07-01,Ações_BDRs_ETFs_FIIs_Units,C1PR34,BRC1PRBDR003,2604000
2026-08-14,2026-07-01,Ações_BDRs_ETFs_FIIs_Units,C1RH34,BRC1RHBDR000,2057000
2026-08-14,2026-07-01,Ações_BDRs_ETFs_FIIs_Units,C1RR34,BRC1RRBDR009,2080000
2026-08-14,2026-07-01,Ações_BDRs_ETFs_FIIs_Units,C1TA34,BRC1TABDR001,1149000
2026-08-14,2026-07-01,Ações_BDRs_ETFs_FIIs_Units,C1TV34,BRC1TVBDR007,1913000
2026-08-14,2026-07-01,Ações_BDRs_ETFs_FIIs_Units,C2AC34,BRC2ACBDR005,65573000
2026-08-14,2026-07-01,Ações_BDRs_ETFs_FIIs_Units,C2CA34,BRC2CABDR005,345000
2026-08-14,2026-07-01,Ações_BDRs_ETFs_FIIs_Units,C2EM34,BRC2EMBDR006,2775000
2026-08-14,2026-07-01,Ações_BDRs_ETFs_FIIs_Units,C2GN34,BRC2GNBDR009,4608000
2026-08-14,2026-07-01,Ações_BDRs_ETFs_FIIs_Units,C2HD34,BRC2HDBDR008,9057000
2026-08-14,2026-07-01,Ações_BDRs_ETFs_FIIs_Units,C2OU34,BRC2OUBDR008,6328000
2026-08-14,2026-07-01,Ações_BDRs_ETFs_FIIs_Units,C2PR34,BRC2PRBDR001,3253000
2026-08-14,2026-07-01,Ações_BDRs_ETFs_FIIs_Units,C2PT34,BRC2PTBDR007,5159000
2026-08-14,2026-07-01,Ações_BDRs_ETFs_FIIs_Units,C2RS34,BRC2RSBDR005,5675000
2026-08-14,2026-07-01,Ações_BDRs_ETFs_FIIs_Units,C2RW34,BRC2RWBDR007,5016000
2026-08-14,2026-07-01,Ações_BDRs_ETFs_FIIs_Units,C2SW34,BRC2SWBDR005,2963000
2026-08-14,2026-07-01,Ações_BDRs_ETFs_FIIs_Units,C2ZR34,BRC2ZRBDR000,15026000
2026-08-14,2026-07-01,Ações_BDRs_ETFs_FIIs_Units,CAON34,BRCAONBDR009,427000
2026-08-14,2026-07-01,Ações_BDRs_ETFs_FIIs_Units,CAPE11,BRCAPECTF020,46511000
2026-08-14,2026-07-01,Ações_BDRs_ETFs_FIIs_Units,CAPH34,BRCAPHBDR008,1252000
2026-08-14,2026-07-01,Ações_BDRs_ETFs_FIIs_Units,CATP34,BRCATPBDR003,617000
2026-08-14,2026-07-01,Ações_BDRs_ETFs_FIIs_Units,CBAV3,BRCBAVACNOR5,8330000
2026-08-14,2026-07-01,Ações_BDRs_ETFs_FIIs_Units,CDIBETF11,BRCDIBCTF009,537500
2026-08-14,2026-07-01,Ações_BDRs_ETFs_FIIs_Units,CEAB3,BRCEABACNOR1,23798000
2026-08-14,2026-07-01,Ações_BDRs_ETFs_FIIs_Units,CHCM34,BRCHCMBDR001,17750000
2026-08-14,2026-07-01,Ações_BDRs_ETFs_FIIs_Units,CHDC34,BRCHDCBDR000,409000
2026-08-14,2026-07-01,Ações_BDRs_ETFs_FIIs_Units,CHIP11,BRCHIPCTF000,5378000
2026-08-14,2026-07-01,Ações_BDRs_ETFs_FIIs_Units,CHME34,BRCHMEBDR007,3280000
2026-08-14,2026-07-01,Ações_BDRs_ETFs_FIIs_Units,CHVX34,BRCHVXBDR008,2279000
2026-08-14,2026-07-01,Ações_BDRs_ETFs_FIIs_Units,CINF34,BRCINFBDR000,550000
2026-08-14,2026-07-01,Ações_BDRs_ETFs_FIIs_Units,CLOV34,BRCLOVBDR009,1485000
2026-08-14,2026-07-01,Ações_BDRs_ETFs_FIIs_Units,CLXC34,BRCLXCBDR000,1606000
2026-08-14,2026-07-01,Ações_BDRs_ETFs_FIIs_Units,CMCS34,BRCMCSBDR008,8469000
2026-08-14,2026-07-01,Ações_BDRs_ETFs_FIIs_Units,CMIG4,BRCMIGACNPR3,36392000
2026-08-14,2026-07-01,Ações_BDRs_ETFs_FIIs_Units,CMIN3,BRCMINACNOR2,26471000
2026-08-14,2026-07-01,Ações_BDRs_ETFs_FIIs_Units,CNIC34,BRCNICBDR007,8183000
2026-08-14,2026-07-01,Ações_BDRs_ETFs_FIIs_Units,COCA34,BRCOCABDR002,2926000
2026-08-14,2026-07-01,Ações_BDRs_ETFs_FIIs_Units,COGN3,BRCOGNACNOR2,80959000
2026-08-14,2026-07-01,Ações_BDRs_ETFs_FIIs_Units,COLD34,BRCOLDBDR007,5454000
2026-08-14,2026-07-01,Ações_BDRs_ETFs_FIIs_Units,COLG34,BRCOLGBDR000,2931000
2026-08-14,2026-07-01,Ações_BDRs_ETFs_FIIs_Units,COPH34,BRCOPHBDR009,4303000
2026-08-14,2026-07-01,Ações_BDRs_ETFs_FIIs_Units,COTY34,BRCOTYBDR006,8643000
2026-08-14,2026-07-01,Ações_BDRs_ETFs_FIIs_Units,COWC34,BRCOWCBDR006,1607000
2026-08-14,2026-07-01,Ações_BDRs_ETFs_FIIs_Units,CPAY34,BRCPAYBDR003,518000
2026-08-14,2026-07-01,Ações_BDRs_ETFs_FIIs_Units,CPFE3,BRCPFEACNOR0,4987000
2026-08-14,2026-07-01,Ações_BDRs_ETFs_FIIs_Units,CPLE3,BRCPLEACNOR8,51659000
2026-08-14,2026-07-01,Ações_BDRs_ETFs_FIIs_Units,CPRL34,BRCPRLBDR004,1780000
2026-08-14,2026-07-01,Ações_BDRs_ETFs_FIIs_Units,CPTS11,BRCPTSCTF004,33200
2026-08-14,2026-07-01,Ações_BDRs_ETFs_FIIs_Units,CRDA34,BRCRDABDR003,815000
2026-08-14,2026-07-01,Ações_BDRs_ETFs_FIIs_Units,CRIN34,BRCRINBDR005,861000
2026-08-14,2026-07-01,Ações_BDRs_ETFs_FIIs_Units,CRIP34,BRCRIPBDR000,836000
2026-08-14,2026-07-01,Ações_BDRs_ETFs_FIIs_Units,CSAN3,BRCSANACNOR6,100014000
2026-08-14,2026-07-01,Ações_BDRs_ETFs_FIIs_Units,CSCO34,BRCSCOBDR004,1608000
2026-08-14,2026-07-01,Ações_BDRs_ETFs_FIIs_Units,CSMG3,BRCSMGACNOR5,10123000
2026-08-14,2026-07-01,Ações_BDRs_ETFs_FIIs_Units,CSNA3,BRCSNAACNOR6,38065000
2026-08-14,2026-07-01,Ações_BDRs_ETFs_FIIs_Units,CSXC34,BRCSXCBDR005,1673000
2026-08-14,2026-07-01,Ações_BDRs_ETFs_FIIs_Units,CTGP34,BRCTGPBDR000,1611000
2026-08-14,2026-07-01,Ações_BDRs_ETFs_FIIs_Units,CTSH34,BRCTSHBDR002,933000
2026-08-14,2026-07-01,Ações_BDRs_ETFs_FIIs_Units,CURY3,BRCURYACNOR3,10447000
2026-08-14,2026-07-01,Ações_BDRs_ETFs_FIIs_Units,CVCB3,BRCVCBACNOR1,34935000
2026-08-14,2026-07-01,Ações_BDRs_ETFs_FIIs_Units,CVSH34,BRCVSHBDR008,3835000
2026-08-14,2026-07-01,Ações_BDRs_ETFs_FIIs_Units,CXSE3,BRCXSEACNOR7,11226000
2026-08-14,2026-07-01,Ações_BDRs_ETFs_FIIs_Units,CYRE3,BRCYREACNOR7,19519000
2026-08-14,2026-07-01,Ações_BDRs_ETFs_FIIs_Units,CYRE4,BRCYREACNPR4,3708610
2026-08-14,2026-07-01,Ações_BDRs_ETFs_FIIs_Units,D1DG34,BRD1DGBDR001,1748000
2026-08-14,2026-07-01,Ações_BDRs_ETFs_FIIs_Units,D1EL34,BRD1ELBDR009,90000
2026-08-14,2026-07-01,Ações_BDRs_ETFs_FIIs_Units,D1EX34,BRD1EXBDR004,27472000
2026-08-14,2026-07-01,Ações_BDRs_ETFs_FIIs_Units,D1HI34,BRD1HIBDR008,247000
2026-08-14,2026-07-01,Ações_BDRs_ETFs_FIIs_Units,D1LR34,BRD1LRBDR001,3184000
2026-08-14,2026-07-01,Ações_BDRs_ETFs_FIIs_Units,D1OC34,BRD1OCBDR007,17332000
2026-08-14,2026-07-01,Ações_BDRs_ETFs_FIIs_Units,D1OM34,BRD1OMBDR006,1122000
2026-08-14,2026-07-01,Ações_BDRs_ETFs_FIIs_Units,D1OV34,BRD1OVBDR007,353000
2026-08-14,2026-07-01,Ações_BDRs_ETFs_FIIs_Units,D1OW34,BRD1OWBDR005,5313000
2026-08-14,2026-07-01,Ações_BDRs_ETFs_FIIs_Units,D1RI34,BRD1RIBDR007,752000
2026-08-14,2026-07-01,Ações_BDRs_ETFs_FIIs_Units,D1TE34,BRD1TEBDR002,1056000
2026-08-14,2026-07-01,Ações_BDRs_ETFs_FIIs_Units,D1VN34,BRD1VNBDR009,893000
2026-08-14,2026-07-01,Ações_BDRs_ETFs_FIIs_Units,D1XC34,BRD1XCBDR008,2318000
2026-08-14,2026-07-01,Ações_BDRs_ETFs_FIIs_Units,D2AR34,BRD2ARBDR002,5161000
2026-08-14,2026-07-01,Ações_BDRs_ETFs_FIIs_Units,D2AS34,BRD2ASBDR000,3330000
2026-08-14,2026-07-01,Ações_BDRs_ETFs_FIIs_Units,D2KN34,BRD2KNBDR000,9049000
2026-08-14,2026-07-01,Ações_BDRs_ETFs_FIIs_Units,D2KS34,BRD2KSBDR009,1627000
2026-08-14,2026-07-01,Ações_BDRs_ETFs_FIIs_Units,D2NL34,BRD2NLBDR008,4472000
2026-08-14,2026-07-01,Ações_BDRs_ETFs_FIIs_Units,D2OC34,BRD2OCBDR005,10590000
2026-08-14,2026-07-01,Ações_BDRs_ETFs_FIIs_Units,D2OX34,BRD2OXBDR001,5626000
2026-08-14,2026-07-01,Ações_BDRs_ETFs_FIIs_Units,D2PZ34,BRD2PZBDR003,6626000
2026-08-14,2026-07-01,Ações_BDRs_ETFs_FIIs_Units,D2TC34,BRD2TCBDR004,7584000
2026-08-14,2026-07-01,Ações_BDRs_ETFs_FIIs_Units,DBAG34,BRDBAGBDR008,1124000
2026-08-14,2026-07-01,Ações_BDRs_ETFs_FIIs_Units,DDNB34,BRDDNBBDR008,270000
2026-08-14,2026-07-01,Ações_BDRs_ETFs_FIIs_Units,DEAI34,BRDEAIBDR008,425000
2026-08-14,2026-07-01,Ações_BDRs_ETFs_FIIs_Units,DEEC34,BRDEECBDR003,1908000
2026-08-14,2026-07-01,Ações_BDRs_ETFs_FIIs_Units,DEOP34,BRDEOPBDR004,8324000
2026-08-14,2026-07-01,Ações_BDRs_ETFs_FIIs_Units,DESK3,BRDESKACNOR2,1519000
2026-08-14,2026-07-01,Ações_BDRs_ETFs_FIIs_Units,DGCO34,BRDGCOBDR007,7740000
2026-08-14,2026-07-01,Ações_BDRs_ETFs_FIIs_Units,DHER34,BRDHERBDR004,6115000
2026-08-14,2026-07-01,Ações_BDRs_ETFs_FIIs_Units,DIRR3,BRDIRRACNOR0,20226000
2026-08-14,2026-07-01,Ações_BDRs_ETFs_FIIs_Units,DISB34,BRDISBBDR006,5729000
2026-08-14,2026-07-01,Ações_BDRs_ETFs_FIIs_Units,DIVO11,BRDIVOCTF002,18219000
2026-08-14,2026-07-01,Ações_BDRs_ETFs_FIIs_Units,DLTR34,BRDLTRBDR004,698000
2026-08-14,2026-07-01,Ações_BDRs_ETFs_FIIs_Units,DOLL39,BRDOLLBDR008,3811000
2026-08-14,2026-07-01,Ações_BDRs_ETFs_FIIs_Units,DTCR39,BRDTCRBDR003,869000
2026-08-14,2026-07-01,Ações_BDRs_ETFs_FIIs_Units,DUKB34,BRDUKBBDR008,306000
2026-08-14,2026-07-01,Ações_BDRs_ETFs_FIIs_Units,DUOL34,BRDUOLBDR009,9251000
2026-08-14,2026-07-01,Ações_BDRs_ETFs_FIIs_Units,DVAI34,BRDVAIBDR002,183000
2026-08-14,2026-07-01,Ações_BDRs_ETFs_FIIs_Units,DXCO3,BRDXCOACNOR8,6501000
2026-08-14,2026-07-01,Ações_BDRs_ETFs_FIIs_Units,E1CL34,BRE1CLBDR002,585000
2026-08-14,2026-07-01,Ações_BDRs_ETFs_FIIs_Units,E1CO34,BRE1COBDR006,3052000
2026-08-14,2026-07-01,Ações_BDRs_ETFs_FIIs_Units,E1DI34,BRE1DIBDR006,729000
2026-08-14,2026-07-01,Ações_BDRs_ETFs_FIIs_Units,E1DU34,BRE1DUBDR001,5379000
2026-08-14,2026-07-01,Ações_BDRs_ETFs_FIIs_Units,E1IX34,BRE1IXBDR004,1047000
2026-08-14,2026-07-01,Ações_BDRs_ETFs_FIIs_Units,E1LV34,BRE1LVBDR002,475000
2026-08-14,2026-07-01,Ações_BDRs_ETFs_FIIs_Units,E1MN34,BRE1MNBDR007,1096000
2026-08-14,2026-07-01,Ações_BDRs_ETFs_FIIs_Units,E1MR34,BRE1MRBDR008,258000
2026-08-14,2026-07-01,Ações_BDRs_ETFs_FIIs_Units,E1OG34,BRE1OGBDR007,599000
2026-08-14,2026-07-01,Ações_BDRs_ETFs_FIIs_Units,E1QN34,BRE1QNBDR008,2428000
2026-08-14,2026-07-01,Ações_BDRs_ETFs_FIIs_Units,E1QR34,BRE1QRBDR009,1164000
2026-08-14,2026-07-01,Ações_BDRs_ETFs_FIIs_Units,E1RI34,BRE1RIBDR006,6901000
2026-08-14,2026-07-01,Ações_BDRs_ETFs_FIIs_Units,E1SE34,BRE1SEBDR003,1115000
2026-08-14,2026-07-01,Ações_BDRs_ETFs_FIIs_Units,E1SS34,BRE1SSBDR003,1361000
2026-08-14,2026-07-01,Ações_BDRs_ETFs_FIIs_Units,E1TN34,BRE1TNBDR002,1339000
2026-08-14,2026-07-01,Ações_BDRs_ETFs_FIIs_Units,E1TR34,BRE1TRBDR003,707000
2026-08-14,2026-07-01,Ações_BDRs_ETFs_FIIs_Units,E1VE34,BRE1VEBDR007,454000
2026-08-14,2026-07-01,Ações_BDRs_ETFs_FIIs_Units,E1VR34,BRE1VRBDR009,917000
2026-08-14,2026-07-01,Ações_BDRs_ETFs_FIIs_Units,E1WL34,BRE1WLBDR000,1795000
2026-08-14,2026-07-01,Ações_BDRs_ETFs_FIIs_Units,E1XC34,BRE1XCBDR007,830000
2026-08-14,2026-07-01,Ações_BDRs_ETFs_FIIs_Units,E1XP34,BRE1XPBDR009,631000
2026-08-14,2026-07-01,Ações_BDRs_ETFs_FIIs_Units,E1XR34,BRE1XRBDR005,1085000
2026-08-14,2026-07-01,Ações_BDRs_ETFs_FIIs_Units,E2AG34,BRE2AGBDR004,2717000
2026-08-14,2026-07-01,Ações_BDRs_ETFs_FIIs_Units,E2EF34,BRE2EFBDR008,52604000
2026-08-14,2026-07-01,Ações_BDRs_ETFs_FIIs_Units,E2LS34,BRE2LSBDR006,6238000
2026-08-14,2026-07-01,Ações_BDRs_ETFs_FIIs_Units,E2NO34,BRE2NOBDR001,1936000
2026-08-14,2026-07-01,Ações_BDRs_ETFs_FIIs_Units,E2NP34,BRE2NPBDR008,19631000
2026-08-14,2026-07-01,Ações_BDRs_ETFs_FIIs_Units,E2NT34,BRE2NTBDR000,3835000
2026-08-14,2026-07-01,Ações_BDRs_ETFs_FIIs_Units,E2PA34,BRE2PABDR005,29850000
2026-08-14,2026-07-01,Ações_BDRs_ETFs_FIIs_Units,E2ST34,BRE2STBDR009,8230000
2026-08-14,2026-07-01,Ações_BDRs_ETFs_FIIs_Units,E2TS34,BRE2TSBDR009,7984000
2026-08-14,2026-07-01,Ações_BDRs_ETFs_FIIs_Units,E2XE34,BRE2XEBDR001,1487000
2026-08-14,2026-07-01,Ações_BDRs_ETFs_FIIs_Units,EAIN34,BREAINBDR007,378000
2026-08-14,2026-07-01,Ações_BDRs_ETFs_FIIs_Units,EBAY34,BREBAYBDR009,708000
2026-08-14,2026-07-01,Ações_BDRs_ETFs_FIIs_Units,ECOR3,BRECORACNOR8,16921000
2026-08-14,2026-07-01,Ações_BDRs_ETFs_FIIs_Units,EFXB31,BREFXBBDR000,209000
2026-08-14,2026-07-01,Ações_BDRs_ETFs_FIIs_Units,EGIE3,BREGIEACNOR9,5427000
2026-08-14,2026-07-01,Ações_BDRs_ETFs_FIIs_Units,ELAS11,BRELASCTF009,86780000
2026-08-14,2026-07-01,Ações_BDRs_ETFs_FIIs_Units,ELCI34,BRELCIBDR007,11037000
2026-08-14,2026-07-01,Ações_BDRs_ETFs_FIIs_Units,EMBJ3,BREMBJACNOR1,14550000
2026-08-14,2026-07-01,Ações_BDRs_ETFs_FIIs_Units,ENEV3,BRENEVACNOR8,24814000
2026-08-14,2026-07-01,Ações_BDRs_ETFs_FIIs_Units,ENGI11,BRENGICDAM16,7171000
2026-08-14,2026-07-01,Ações_BDRs_ETFs_FIIs_Units,EQIX34,BREQIXBDR002,2805000
2026-08-14,2026-07-01,Ações_BDRs_ETFs_FIIs_Units,EQTL3,BREQTLACNOR0,21539000
2026-08-14,2026-07-01,Ações_BDRs_ETFs_FIIs_Units,EVTC31,BREVTCBDR003,251000
2026-08-14,2026-07-01,Ações_BDRs_ETFs_FIIs_Units,EWBZ11,BREWBZCTF009,58025000
2026-08-14,2026-07-01,Ações_BDRs_ETFs_FIIs_Units,EXGR34,BREXGRBDR004,294000
2026-08-14,2026-07-01,Ações_BDRs_ETFs_FIIs_Units,EXPB31,BREXPBBDR009,836000
2026-08-14,2026-07-01,Ações_BDRs_ETFs_FIIs_Units,EXXO34,BREXXOBDR006,2306000
2026-08-14,2026-07-01,Ações_BDRs_ETFs_FIIs_Units,EZTC3,BREZTCACNOR0,5364000
2026-08-14,2026-07-01,Ações_BDRs_ETFs_FIIs_Units,F1AN34,BRF1ANBDR001,419000
2026-08-14,2026-07-01,Ações_BDRs_ETFs_FIIs_Units,F1BH34,BRF1BHBDR001,909000
2026-08-14,2026-07-01,Ações_BDRs_ETFs_FIIs_Units,F1EC34,BRF1ECBDR006,813000
2026-08-14,2026-07-01,Ações_BDRs_ETFs_FIIs_Units,F1FI34,BRF1FIBDR000,417000
2026-08-14,2026-07-01,Ações_BDRs_ETFs_FIIs_Units,F1IS34,BRF1ISBDR003,1608000
2026-08-14,2026-07-01,Ações_BDRs_ETFs_FIIs_Units,F1LS34,BRF1LSBDR007,487000
2026-08-14,2026-07-01,Ações_BDRs_ETFs_FIIs_Units,F1MC34,BRF1MCBDR009,3754000
2026-08-14,2026-07-01,Ações_BDRs_ETFs_FIIs_Units,F1NI34,BRF1NIBDR004,16474000
2026-08-14,2026-07-01,Ações_BDRs_ETFs_FIIs_Units,F1RA34,BRF1RABDR002,1287000
2026-08-14,2026-07-01,Ações_BDRs_ETFs_FIIs_Units,F1SL34,BRF1SLBDR007,23048000
2026-08-14,2026-07-01,Ações_BDRs_ETFs_FIIs_Units,F1TN34,BRF1TNBDR001,527000
2026-08-14,2026-07-01,Ações_BDRs_ETFs_FIIs_Units,F1TV34,BRF1TVBDR004,1288000
2026-08-14,2026-07-01,Ações_BDRs_ETFs_FIIs_Units,F1UN34,BRF1UNBDR009,3713000
2026-08-14,2026-07-01,Ações_BDRs_ETFs_FIIs_Units,F2IC34,BRF2ICBDR005,1418000
2026-08-14,2026-07-01,Ações_BDRs_ETFs_FIIs_Units,F2IV34,BRF2IVBDR005,17155000
2026-08-14,2026-07-01,Ações_BDRs_ETFs_FIIs_Units,F2NV34,BRF2NVBDR005,33005000
2026-08-14,2026-07-01,Ações_BDRs_ETFs_FIIs_Units,F2RS34,BRF2RSBDR002,11558000
2026-08-14,2026-07-01,Ações_BDRs_ETFs_FIIs_Units,F2RT34,BRF2RTBDR000,3746000
2026-08-14,2026-07-01,Ações_BDRs_ETFs_FIIs_Units,FASL34,BRFASLBDR007,836000
2026-08-14,2026-07-01,Ações_BDRs_ETFs_FIIs_Units,FCXO34,BRFCXOBDR007,1911000
2026-08-14,2026-07-01,Ações_BDRs_ETFs_FIIs_Units,FDMO34,BRFDMOBDR008,2777000
2026-08-14,2026-07-01,Ações_BDRs_ETFs_FIIs_Units,FDXB34,BRFDXBBDR002,120000
2026-08-14,2026-07-01,Ações_BDRs_ETFs_FIIs_Units,FFTD34,BRFFTDBDR001,770000
2026-08-14,2026-07-01,Ações_BDRs_ETFs_FIIs_Units,FIXX11,BRFIXXCTF012,611000
2026-08-14,2026-07-01,Ações_BDRs_ETFs_FIIs_Units,FLRY3,BRFLRYACNOR5,7109000
2026-08-14,2026-07-01,Ações_BDRs_ETFs_FIIs_Units,FMSC34,BRFMSCBDR001,275000
2026-08-14,2026-07-01,Ações_BDRs_ETFs_FIIs_Units,FMXB34,BRFMXBBDR003,217000
2026-08-14,2026-07-01,Ações_BDRs_ETFs_FIIs_Units,FOXC34,BRFOXCBDR007,789000
2026-08-14,2026-07-01,Ações_BDRs_ETFs_FIIs_Units,FSLR34,BRFSLRBDR001,3120000
2026-08-14,2026-07-01,Ações_BDRs_ETFs_FIIs_Units,G1AR34,BRG1ARBDR001,1233000
2026-08-14,2026-07-01,Ações_BDRs_ETFs_FIIs_Units,G1DS34,BRG1DSBDR003,11595000
2026-08-14,2026-07-01,Ações_BDRs_ETFs_FIIs_Units,G1FI34,BRG1FIBDR009,2436000
2026-08-14,2026-07-01,Ações_BDRs_ETFs_FIIs_Units,G1LL34,BRG1LLBDR001,4358000
2026-08-14,2026-07-01,Ações_BDRs_ETFs_FIIs_Units,G1LO34,BRG1LOBDR005,20502000
2026-08-14,2026-07-01,Ações_BDRs_ETFs_FIIs_Units,G1LW34,BRG1LWBDR008,189000
2026-08-14,2026-07-01,Ações_BDRs_ETFs_FIIs_Units,G1MI34,BRG1MIBDR005,1101000
2026-08-14,2026-07-01,Ações_BDRs_ETFs_FIIs_Units,G1PC34,BRG1PCBDR001,757000
2026-08-14,2026-07-01,Ações_BDRs_ETFs_FIIs_Units,G1PI34,BRG1PIBDR008,2424000
2026-08-14,2026-07-01,Ações_BDRs_ETFs_FIIs_Units,G1RM34,BRG1RMBDR006,328000
2026-08-14,2026-07-01,Ações_BDRs_ETFs_FIIs_Units,G1SK34,BRG1SKBDR008,3734000
2026-08-14,2026-07-01,Ações_BDRs_ETFs_FIIs_Units,G1WW34,BRG1WWBDR005,1172000
2026-08-14,2026-07-01,Ações_BDRs_ETFs_FIIs_Units,G2DD34,BRG2DDBDR003,5144000
2026-08-14,2026-07-01,Ações_BDRs_ETFs_FIIs_Units,G2EV34,BRG2EVBDR003,736000
2026-08-14,2026-07-01,Ações_BDRs_ETFs_FIIs_Units,G2ME34,BRG2MEBDR002,3418000
2026-08-14,2026-07-01,Ações_BDRs_ETFs_FIIs_Units,G2NT34,BRG2NTBDR008,4353000
2026-08-14,2026-07-01,Ações_BDRs_ETFs_FIIs_Units,G2WR34,BRG2WRBDR003,3447000
2026-08-14,2026-07-01,Ações_BDRs_ETFs_FIIs_Units,GARE11,BRGARECTF001,30600
2026-08-14,2026-07-01,Ações_BDRs_ETFs_FIIs_Units,GDBR34,BRGDBRBDR002,111000
2026-08-14,2026-07-01,Ações_BDRs_ETFs_FIIs_Units,GDXB39,BRGDXBBDR000,1550000
2026-08-14,2026-07-01,Ações_BDRs_ETFs_FIIs_Units,GEHC34,BRGEHCBDR009,5102000
2026-08-14,2026-07-01,Ações_BDRs_ETFs_FIIs_Units,GENB11,BRGENBCTF008,76162000
2026-08-14,2026-07-01,Ações_BDRs_ETFs_FIIs_Units,GEOO34,BRGEOOBDR000,2100000
2026-08-14,2026-07-01,Ações_BDRs_ETFs_FIIs_Units,GGBR4,BRGGBRACNPR8,31518000
2026-08-14,2026-07-01,Ações_BDRs_ETFs_FIIs_Units,GGPS3,BRGGPSACNOR9,8410000
2026-08-14,2026-07-01,Ações_BDRs_ETFs_FIIs_Units,GGRC11,BRGGRCCTF002,25400
2026-08-14,2026-07-01,Ações_BDRs_ETFs_FIIs_Units,GILD34,BRGILDBDR000,613000
2026-08-14,2026-07-01,Ações_BDRs_ETFs_FIIs_Units,GLDI11,BRGLDICTF009,2765000
2026-08-14,2026-07-01,Ações_BDRs_ETFs_FIIs_Units,GLDX11,BRGLDXCTF016,1096000
2026-08-14,2026-07-01,Ações_BDRs_ETFs_FIIs_Units,GLFTETF11,BRGLFTCTF001,262100
2026-08-14,2026-07-01,Ações_BDRs_ETFs_FIIs_Units,GMAT3,BRGMATACNOR7,23600000
2026-08-14,2026-07-01,Ações_BDRs_ETFs_FIIs_Units,GMCO34,BRGMCOBDR008,1938000
2026-08-14,2026-07-01,Ações_BDRs_ETFs_FIIs_Units,GOAT11,BRGOATCTF006,2895000
2026-08-14,2026-07-01,Ações_BDRs_ETFs_FIIs_Units,GOAU4,BRGOAUACNPR8,26393000
2026-08-14,2026-07-01,Ações_BDRs_ETFs_FIIs_Units,GOGL34,BRGOGLBDR001,1906000
2026-08-14,2026-07-01,Ações_BDRs_ETFs_FIIs_Units,GOGL35,BRGOGLBDR019,1347000
2026-08-14,2026-07-01,Ações_BDRs_ETFs_FIIs_Units,GOLB11,BRGOLBCTF001,1424000
2026-08-14,2026-07-01,Ações_BDRs_ETFs_FIIs_Units,GOLD11,BRGOLDCTF015,20178000
2026-08-14,2026-07-01,Ações_BDRs_ETFs_FIIs_Units,GOLX11,BRGOLXCTF005,8433000
2026-08-14,2026-07-01,Ações_BDRs_ETFs_FIIs_Units,GPCAETF11,BRGPCACTF009,1613800
2026-08-14,2026-07-01,Ações_BDRs_ETFs_FIIs_Units,GPSI34,BRGPSIBDR009,1775000
2026-08-14,2026-07-01,Ações_BDRs_ETFs_FIIs_Units,GPUS11,BRGPUSCTF003,356000
2026-08-14,2026-07-01,Ações_BDRs_ETFs_FIIs_Units,GRND3,BRGRNDACNOR3,8886000
2026-08-14,2026-07-01,Ações_BDRs_ETFs_FIIs_Units,GSGI34,BRGSGIBDR008,1081000
2026-08-14,2026-07-01,Ações_BDRs_ETFs_FIIs_Units,GXUS11,BRGXUSCTF007,1811000
2026-08-14,2026-07-01,Ações_BDRs_ETFs_FIIs_Units,H1AS34,BRH1ASBDR008,939000
2026-08-14,2026-07-01,Ações_BDRs_ETFs_FIIs_Units,H1BA34,BRH1BABDR004,2616000
2026-08-14,2026-07-01,Ações_BDRs_ETFs_FIIs_Units,H1CA34,BRH1CABDR002,1962000
2026-08-14,2026-07-01,Ações_BDRs_ETFs_FIIs_Units,H1DB34,BRH1DBBDR008,7558000
2026-08-14,2026-07-01,Ações_BDRs_ETFs_FIIs_Units,H1EI34,BRH1EIBDR001,1148000
2026-08-14,2026-07-01,Ações_BDRs_ETFs_FIIs_Units,H1FC34,BRH1FCBDR001,572000
2026-08-14,2026-07-01,Ações_BDRs_ETFs_FIIs_Units,H1HH34,BRH1HHBDR006,1725000
2026-08-14,2026-07-01,Ações_BDRs_ETFs_FIIs_Units,H1IG34,BRH1IGBDR006,276000
2026-08-14,2026-07-01,Ações_BDRs_ETFs_FIIs_Units,H1II34,BRH1IIBDR002,10416000
2026-08-14,2026-07-01,Ações_BDRs_ETFs_FIIs_Units,H1LT34,BRH1LTBDR003,2647000
2026-08-14,2026-07-01,Ações_BDRs_ETFs_FIIs_Units,H1OG34,BRH1OGBDR004,1273000
2026-08-14,2026-07-01,Ações_BDRs_ETFs_FIIs_Units,H1PE34,BRH1PEBDR006,789000
2026-08-14,2026-07-01,Ações_BDRs_ETFs_FIIs_Units,H1RB34,BRH1RBBDR008,1097000
2026-08-14,2026-07-01,Ações_BDRs_ETFs_FIIs_Units,H1RL34,BRH1RLBDR007,1766000
2026-08-14,2026-07-01,Ações_BDRs_ETFs_FIIs_Units,H1SB34,BRH1SBBDR006,1601000
2026-08-14,2026-07-01,Ações_BDRs_ETFs_FIIs_Units,H1SI34,BRH1SIBDR001,1048000
2026-08-14,2026-07-01,Ações_BDRs_ETFs_FIIs_Units,H1ST34,BRH1STBDR008,1540000
2026-08-14,2026-07-01,Ações_BDRs_ETFs_FIIs_Units,H1TH34,BRH1THBDR001,3679000
2026-08-14,2026-07-01,Ações_BDRs_ETFs_FIIs_Units,H1UM34,BRH1UMBDR009,4838000
2026-08-14,2026-07-01,Ações_BDRs_ETFs_FIIs_Units,H2TA34,BRH2TABDR004,6401000
2026-08-14,2026-07-01,Ações_BDRs_ETFs_FIIs_Units,H2UB34,BRH2UBBDR000,11261000
2026-08-14,2026-07-01,Ações_BDRs_ETFs_FIIs_Units,HALI34,BRHALIBDR004,1125000
2026-08-14,2026-07-01,Ações_BDRs_ETFs_FIIs_Units,HAPV3,BRHAPVACNOR4,27443000
2026-08-14,2026-07-01,Ações_BDRs_ETFs_FIIs_Units,HBSA3,BRHBSAACNOR0,6037000
2026-08-14,2026-07-01,Ações_BDRs_ETFs_FIIs_Units,HGBS11,BRHGBSCTF000,12900
2026-08-14,2026-07-01,Ações_BDRs_ETFs_FIIs_Units,HGLG11,BRHGLGCTF004,1600
2026-08-14,2026-07-01,Ações_BDRs_ETFs_FIIs_Units,HIGH11,BRHIGHCTF008,30986000
2026-08-14,2026-07-01,Ações_BDRs_ETFs_FIIs_Units,HOME34,BRHOMEBDR002,3158000
2026-08-14,2026-07-01,Ações_BDRs_ETFs_FIIs_Units,HONB34,BRHONBBDR006,88000
2026-08-14,2026-07-01,Ações_BDRs_ETFs_FIIs_Units,HOND34,BRHONDBDR002,897000
2026-08-14,2026-07-01,Ações_BDRs_ETFs_FIIs_Units,HPQB34,BRHPQBBDR006,1680000
2026-08-14,2026-07-01,Ações_BDRs_ETFs_FIIs_Units,HSHY34,BRHSHYBDR001,3180000
2026-08-14,2026-07-01,Ações_BDRs_ETFs_FIIs_Units,HTEK11,BRHTEKCTF004,1835000
2026-08-14,2026-07-01,Ações_BDRs_ETFs_FIIs_Units,HYPE3,BRHYPEACNOR0,7668000
2026-08-14,2026-07-01,Ações_BDRs_ETFs_FIIs_Units,I1BN34,BRI1BNBDR006,1333000
2026-08-14,2026-07-01,Ações_BDRs_ETFs_FIIs_Units,I1CE34,BRI1CEBDR003,597000
2026-08-14,2026-07-01,Ações_BDRs_ETFs_FIIs_Units,I1DX34,BRI1DXBDR001,346000
2026-08-14,2026-07-01,Ações_BDRs_ETFs_FIIs_Units,I1EX34,BRI1EXBDR009,3479000
2026-08-14,2026-07-01,Ações_BDRs_ETFs_FIIs_Units,I1FF34,BRI1FFBDR003,1009000
2026-08-14,2026-07-01,Ações_BDRs_ETFs_FIIs_Units,I1FO34,BRI1FOBDR005,6419000
2026-08-14,2026-07-01,Ações_BDRs_ETFs_FIIs_Units,I1HG34,BRI1HGBDR007,559000
2026-08-14,2026-07-01,Ações_BDRs_ETFs_FIIs_Units,I1LM34,BRI1LMBDR007,1151000
2026-08-14,2026-07-01,Ações_BDRs_ETFs_FIIs_Units,I1NC34,BRI1NCBDR004,788000
2026-08-14,2026-07-01,Ações_BDRs_ETFs_FIIs_Units,I1PC34,BRI1PCBDR009,999000
2026-08-14,2026-07-01,Ações_BDRs_ETFs_FIIs_Units,I1PG34,BRI1PGBDR000,443000
2026-08-14,2026-07-01,Ações_BDRs_ETFs_FIIs_Units,I1QV34,BRI1QVBDR007,889000
2026-08-14,2026-07-01,Ações_BDRs_ETFs_FIIs_Units,I1RM34,BRI1RMBDR004,281000
2026-08-14,2026-07-01,Ações_BDRs_ETFs_FIIs_Units,I1RP34,BRI1RPBDR007,158000
2026-08-14,2026-07-01,Ações_BDRs_ETFs_FIIs_Units,I1SR34,BRI1SRBDR001,1810000
2026-08-14,2026-07-01,Ações_BDRs_ETFs_FIIs_Units,I1TW34,BRI1TWBDR009,606000
2026-08-14,2026-07-01,Ações_BDRs_ETFs_FIIs_Units,I1VZ34,BRI1VZBDR008,1449000
2026-08-14,2026-07-01,Ações_BDRs_ETFs_FIIs_Units,I2NG34,BRI2NGBDR003,2873000
2026-08-14,2026-07-01,Ações_BDRs_ETFs_FIIs_Units,I2NV34,BRI2NVBDR002,6768000
2026-08-14,2026-07-01,Ações_BDRs_ETFs_FIIs_Units,I2RS34,BRI2RSBDR009,3084000
2026-08-14,2026-07-01,Ações_BDRs_ETFs_FIIs_Units,IB5METF11,BRIB5MCTF008,3311100
2026-08-14,2026-07-01,Ações_BDRs_ETFs_FIIs_Units,IBKR34,BRIBKRBDR003,6640000
2026-08-14,2026-07-01,Ações_BDRs_ETFs_FIIs_Units,IBMB34,BRIBMBBDR003,146000
2026-08-14,2026-07-01,Ações_BDRs_ETFs_FIIs_Units,IBOB11,BRIBOBCTF008,21929000
2026-08-14,2026-07-01,Ações_BDRs_ETFs_FIIs_Units,ICLR34,BRICLRBDR009,5547000
2026-08-14,2026-07-01,Ações_BDRs_ETFs_FIIs_Units,IDKAETF11,BRIDKACTF004,8608700
2026-08-14,2026-07-01,Ações_BDRs_ETFs_FIIs_Units,IGTI11,BRIGTICDAM16,5674000
2026-08-14,2026-07-01,Ações_BDRs_ETFs_FIIs_Units,IMABETF11,BRIMABCTF004,15089500
2026-08-14,2026-07-01,Ações_BDRs_ETFs_FIIs_Units,IMBBETF11,BRIMBBCTF002,4186000
2026-08-14,2026-07-01,Ações_BDRs_ETFs_FIIs_Units,INBR32,BRINBRBDR007,11377000
2026-08-14,2026-07-01,Ações_BDRs_ETFs_FIIs_Units,INGG34,BRINGGBDR009,1233000
2026-08-14,2026-07-01,Ações_BDRs_ETFs_FIIs_Units,INTB3,BRINTBACNOR9,6769000
2026-08-14,2026-07-01,Ações_BDRs_ETFs_FIIs_Units,INTU34,BRINTUBDR003,5912000
2026-08-14,2026-07-01,Ações_BDRs_ETFs_FIIs_Units,IRBR3,BRIRBRACNOR4,1472000
2026-08-14,2026-07-01,Ações_BDRs_ETFs_FIIs_Units,IRFMETF11,BRIRFMCTF009,4696300
2026-08-14,2026-07-01,Ações_BDRs_ETFs_FIIs_Units,ISAE4,BRISAEACNPR9,6407000
2026-08-14,2026-07-01,Ações_BDRs_ETFs_FIIs_Units,ITLC34,BRITLCBDR005,2201000
2026-08-14,2026-07-01,Ações_BDRs_ETFs_FIIs_Units,ITSA4,BRITSAACNPR7,74779000
2026-08-14,2026-07-01,Ações_BDRs_ETFs_FIIs_Units,ITUB3,BRITUBACNOR4,5713000
2026-08-14,2026-07-01,Ações_BDRs_ETFs_FIIs_Units,ITUB4,BRITUBACNPR1,67509000
2026-08-14,2026-07-01,Ações_BDRs_ETFs_FIIs_Units,IVVB11,BRIVVBCTF001,1682000
2026-08-14,2026-07-01,Ações_BDRs_ETFs_FIIs_Units,IVWO11,BRIVWOCTF002,9358000
2026-08-14,2026-07-01,Ações_BDRs_ETFs_FIIs_Units,J1BH34,BRJ1BHBDR007,5946000
2026-08-14,2026-07-01,Ações_BDRs_ETFs_FIIs_Units,J1CI34,BRJ1CIBDR003,268000
2026-08-14,2026-07-01,Ações_BDRs_ETFs_FIIs_Units,J1EF34,BRJ1EFBDR005,736000
2026-08-14,2026-07-01,Ações_BDRs_ETFs_FIIs_Units,J1EG34,BRJ1EGBDR003,577000
2026-08-14,2026-07-01,Ações_BDRs_ETFs_FIIs_Units,J1KH34,BRJ1KHBDR008,1219000
2026-08-14,2026-07-01,Ações_BDRs_ETFs_FIIs_Units,J2AZ34,BRJ2AZBDR009,2507000
2026-08-14,2026-07-01,Ações_BDRs_ETFs_FIIs_Units,J2BL34,BRJ2BLBDR007,823000
2026-08-14,2026-07-01,Ações_BDRs_ETFs_FIIs_Units,J2WA34,BRJ2WABDR006,988000
2026-08-14,2026-07-01,Ações_BDRs_ETFs_FIIs_Units,JBSS32,BRJBSSBDR002,6825000
2026-08-14,2026-07-01,Ações_BDRs_ETFs_FIIs_Units,JDCO34,BRJDCOBDR001,9012000
2026-08-14,2026-07-01,Ações_BDRs_ETFs_FIIs_Units,JHSF3,BRJHSFACNOR2,14038000
2026-08-14,2026-07-01,Ações_BDRs_ETFs_FIIs_Units,JNJB34,BRJNJBBDR002,2425000
2026-08-14,2026-07-01,Ações_BDRs_ETFs_FIIs_Units,JOGO11,BRJOGOCTF008,47000
2026-08-14,2026-07-01,Ações_BDRs_ETFs_FIIs_Units,JPMC34,BRJPMCBDR009,1220000
2026-08-14,2026-07-01,Ações_BDRs_ETFs_FIIs_Units,JQUA39,BRJQUABDR004,1158000
2026-08-14,2026-07-01,Ações_BDRs_ETFs_FIIs_Units,JSLG3,BRJSLGACNOR2,2975000
2026-08-14,2026-07-01,Ações_BDRs_ETFs_FIIs_Units,JTEK39,BRJTEKBDR001,1130000
2026-08-14,2026-07-01,Ações_BDRs_ETFs_FIIs_Units,K1EY34,BRK1EYBDR003,1865000
2026-08-14,2026-07-01,Ações_BDRs_ETFs_FIIs_Units,K1IM34,BRK1IMBDR009,1515000
2026-08-14,2026-07-01,Ações_BDRs_ETFs_FIIs_Units,K1LA34,BRK1LABDR008,3240000
2026-08-14,2026-07-01,Ações_BDRs_ETFs_FIIs_Units,K1MX34,BRK1MXBDR008,2086000
2026-08-14,2026-07-01,Ações_BDRs_ETFs_FIIs_Units,K1RC34,BRK1RCBDR001,597000
2026-08-14,2026-07-01,Ações_BDRs_ETFs_FIIs_Units,K1RG34,BRK1RGBDR002,3284000
2026-08-14,2026-07-01,Ações_BDRs_ETFs_FIIs_Units,K1SG34,BRK1SGBDR000,219000
2026-08-14,2026-07-01,Ações_BDRs_ETFs_FIIs_Units,K1SS34,BRK1SSBDR005,1967000
2026-08-14,2026-07-01,Ações_BDRs_ETFs_FIIs_Units,K1TC34,BRK1TCBDR007,791000
2026-08-14,2026-07-01,Ações_BDRs_ETFs_FIIs_Units,K1YS34,BRK1YSBDR003,4149000
2026-08-14,2026-07-01,Ações_BDRs_ETFs_FIIs_Units,K2RC34,BRK2RCBDR009,6585000
2026-08-14,2026-07-01,Ações_BDRs_ETFs_FIIs_Units,KEPL3,BRKEPLACNOR1,4194000
2026-08-14,2026-07-01,Ações_BDRs_ETFs_FIIs_Units,KHCB34,BRKHCBBDR007,6702000
2026-08-14,2026-07-01,Ações_BDRs_ETFs_FIIs_Units,KLBN11,BRKLBNCDAM18,14405000
2026-08-14,2026-07-01,Ações_BDRs_ETFs_FIIs_Units,KLBN4,BRKLBNACNPR9,13429000
2026-08-14,2026-07-01,Ações_BDRs_ETFs_FIIs_Units,KMBB34,BRKMBBBDR009,376000
2026-08-14,2026-07-01,Ações_BDRs_ETFs_FIIs_Units,KMIC34,BRKMICBDR002,1182000
2026-08-14,2026-07-01,Ações_BDRs_ETFs_FIIs_Units,KMPR34,BRKMPRBDR005,321000
2026-08-14,2026-07-01,Ações_BDRs_ETFs_FIIs_Units,KNCR11,BRKNCRCTF000,2300
2026-08-14,2026-07-01,Ações_BDRs_ETFs_FIIs_Units,KNIP11,BRKNIPCTF001,2700
2026-08-14,2026-07-01,Ações_BDRs_ETFs_FIIs_Units,KNSC11,BRKNSCCTF008,27300
2026-08-14,2026-07-01,Ações_BDRs_ETFs_FIIs_Units,L1AM34,BRL1AMBDR005,4429000
2026-08-14,2026-07-01,Ações_BDRs_ETFs_FIIs_Units,L1CA34,BRL1CABDR006,642000
2026-08-14,2026-07-01,Ações_BDRs_ETFs_FIIs_Units,L1DO34,BRL1DOBDR005,3656000
2026-08-14,2026-07-01,Ações_BDRs_ETFs_FIIs_Units,L1EG34,BRL1EGBDR009,1072000
2026-08-14,2026-07-01,Ações_BDRs_ETFs_FIIs_Units,L1EN34,BRL1ENBDR005,424000
2026-08-14,2026-07-01,Ações_BDRs_ETFs_FIIs_Units,L1HX34,BRL1HXBDR007,532000
2026-08-14,2026-07-01,Ações_BDRs_ETFs_FIIs_Units,L1KQ34,BRL1KQBDR005,1553000
2026-08-14,2026-07-01,Ações_BDRs_ETFs_FIIs_Units,L1MN34,BRL1MNBDR008,4764000
2026-08-14,2026-07-01,Ações_BDRs_ETFs_FIIs_Units,L1NC34,BRL1NCBDR009,952000
2026-08-14,2026-07-01,Ações_BDRs_ETFs_FIIs_Units,L1NE34,BRL1NEBDR005,3530000
2026-08-14,2026-07-01,Ações_BDRs_ETFs_FIIs_Units,L1OE34,BRL1OEBDR003,353000
2026-08-14,2026-07-01,Ações_BDRs_ETFs_FIIs_Units,L1RC34,BRL1RCBDR000,4348000
2026-08-14,2026-07-01,Ações_BDRs_ETFs_FIIs_Units,L1UL34,BRL1ULBDR005,1356000
2026-08-14,2026-07-01,Ações_BDRs_ETFs_FIIs_Units,L1VS34,BRL1VSBDR008,3725000
2026-08-14,2026-07-01,Ações_BDRs_ETFs_FIIs_Units,L1WH34,BRL1WHBDR009,1663000
2026-08-14,2026-07-01,Ações_BDRs_ETFs_FIIs_Units,L1YB34,BRL1YBBDR008,1336000
2026-08-14,2026-07-01,Ações_BDRs_ETFs_FIIs_Units,L1YG34,BRL1YGBDR007,6971000
2026-08-14,2026-07-01,Ações_BDRs_ETFs_FIIs_Units,L1YV34,BRL1YVBDR006,1111000
2026-08-14,2026-07-01,Ações_BDRs_ETFs_FIIs_Units,L2IV34,BRL2IVBDR007,1106000
2026-08-14,2026-07-01,Ações_BDRs_ETFs_FIIs_Units,L2PL34,BRL2PLBDR003,2444000
2026-08-14,2026-07-01,Ações_BDRs_ETFs_FIIs_Units,L2RN34,BRL2RNBDR005,1225000
2026-08-14,2026-07-01,Ações_BDRs_ETFs_FIIs_Units,L2SC34,BRL2SCBDR006,2093000
2026-08-14,2026-07-01,Ações_BDRs_ETFs_FIIs_Units,LAVV3,BRLAVVACNOR4,1912000
2026-08-14,2026-07-01,Ações_BDRs_ETFs_FIIs_Units,LBRD34,BRLBRDBDR002,11412000
2026-08-14,2026-07-01,Ações_BDRs_ETFs_FIIs_Units,LEVE3,BRLEVEACNOR2,882000
2026-08-14,2026-07-01,Ações_BDRs_ETFs_FIIs_Units,LFTBETF11,BRLFTBCTF002,18974200
2026-08-14,2026-07-01,Ações_BDRs_ETFs_FIIs_Units,LFTIETF11,BRLFTICTF007,28248700
2026-08-14,2026-07-01,Ações_BDRs_ETFs_FIIs_Units,LFTSETF11,BRLFTSCTF006,8912500
2026-08-14,2026-07-01,Ações_BDRs_ETFs_FIIs_Units,LFTXETF11,BRLFTXCTF006,293900
2026-08-14,2026-07-01,Ações_BDRs_ETFs_FIIs_Units,LILY34,BRLILYBDR006,1076000
2026-08-14,2026-07-01,Ações_BDRs_ETFs_FIIs_Units,LIQBETF11,BRLIQBCTF002,2500
2026-08-14,2026-07-01,Ações_BDRs_ETFs_FIIs_Units,LKFT34,BRLKFTBDR004,26881000
2026-08-14,2026-07-01,Ações_BDRs_ETFs_FIIs_Units,LLFTETF11,BRLLFTCTF001,25046900
2026-08-14,2026-07-01,Ações_BDRs_ETFs_FIIs_Units,LMTB34,BRLMTBBDR009,77000
2026-08-14,2026-07-01,Ações_BDRs_ETFs_FIIs_Units,LOGG3,BRLOGGACNOR7,1092000
2026-08-14,2026-07-01,Ações_BDRs_ETFs_FIIs_Units,LOWC34,BRLOWCBDR007,3486000
2026-08-14,2026-07-01,Ações_BDRs_ETFs_FIIs_Units,LREN3,BRLRENACNOR1,40522000
2026-08-14,2026-07-01,Ações_BDRs_ETFs_FIIs_Units,LTBXETF11,BRLTBXCTF005,2569000
2026-08-14,2026-07-01,Ações_BDRs_ETFs_FIIs_Units,LTNBETF11,BRLTNBCTF006,872500
2026-08-14,2026-07-01,Ações_BDRs_ETFs_FIIs_Units,LVOL11,BRLVOLCTF009,21267000
2026-08-14,2026-07-01,Ações_BDRs_ETFs_FIIs_Units,LWSA3,BRLWSAACNOR8,12254000
2026-08-14,2026-07-01,Ações_BDRs_ETFs_FIIs_Units,M1AA34,BRM1AABDR009,1169000
2026-08-14,2026-07-01,Ações_BDRs_ETFs_FIIs_Units,M1AS34,BRM1ASBDR001,552000
2026-08-14,2026-07-01,Ações_BDRs_ETFs_FIIs_Units,M1CB34,BRM1CBBDR003,965000
2026-08-14,2026-07-01,Ações_BDRs_ETFs_FIIs_Units,M1CH34,BRM1CHBDR000,826000
2026-08-14,2026-07-01,Ações_BDRs_ETFs_FIIs_Units,M1CK34,BRM1CKBDR004,3168000
2026-08-14,2026-07-01,Ações_BDRs_ETFs_FIIs_Units,M1DB34,BRM1DBBDR001,2551000
2026-08-14,2026-07-01,Ações_BDRs_ETFs_FIIs_Units,M1GM34,BRM1GMBDR019,817000
2026-08-14,2026-07-01,Ações_BDRs_ETFs_FIIs_Units,M1HK34,BRM1HKBDR003,8695000
2026-08-14,2026-07-01,Ações_BDRs_ETFs_FIIs_Units,M1KC34,BRM1KCBDR004,3291000
2026-08-14,2026-07-01,Ações_BDRs_ETFs_FIIs_Units,M1KT34,BRM1KTBDR008,16583000
2026-08-14,2026-07-01,Ações_BDRs_ETFs_FIIs_Units,M1LM34,BRM1LMBDR001,333000
2026-08-14,2026-07-01,Ações_BDRs_ETFs_FIIs_Units,M1MC34,BRM1MCBDR000,471000
2026-08-14,2026-07-01,Ações_BDRs_ETFs_FIIs_Units,M1NS34,BRM1NSBDR004,3246000
2026-08-14,2026-07-01,Ações_BDRs_ETFs_FIIs_Units,M1PC34,BRM1PCBDR003,158000
2026-08-14,2026-07-01,Ações_BDRs_ETFs_FIIs_Units,M1RN34,BRM1RNBDR006,13151000
2026-08-14,2026-07-01,Ações_BDRs_ETFs_FIIs_Units,M1SC34,BRM1SCBDR007,2906000
2026-08-14,2026-07-01,Ações_BDRs_ETFs_FIIs_Units,M1SI34,BRM1SIBDR004,3120000
2026-08-14,2026-07-01,Ações_BDRs_ETFs_FIIs_Units,M1TA34,BRM1TABDR009,2433000
2026-08-14,2026-07-01,Ações_BDRs_ETFs_FIIs_Units,M1TB34,BRM1TBBDR007,757000
2026-08-14,2026-07-01,Ações_BDRs_ETFs_FIIs_Units,M1TC34,BRM1TCBDR005,22002000
2026-08-14,2026-07-01,Ações_BDRs_ETFs_FIIs_Units,M1TD34,BRM1TDBDR003,251000
2026-08-14,2026-07-01,Ações_BDRs_ETFs_FIIs_Units,M1TT34,BRM1TTBDR009,400000
2026-08-14,2026-07-01,Ações_BDRs_ETFs_FIIs_Units,M1UF34,BRM1UFBDR006,1495000
2026-08-14,2026-07-01,Ações_BDRs_ETFs_FIIs_Units,M2KS34,BRM2KSBDR008,1785000
2026-08-14,2026-07-01,Ações_BDRs_ETFs_FIIs_Units,M2PM34,BRM2PMBDR000,3432000
2026-08-14,2026-07-01,Ações_BDRs_ETFs_FIIs_Units,M2PR34,BRM2PRBDR009,1624000
2026-08-14,2026-07-01,Ações_BDRs_ETFs_FIIs_Units,M2PT34,BRM2PTBDR005,5949000
2026-08-14,2026-07-01,Ações_BDRs_ETFs_FIIs_Units,M2RV34,BRM2RVBDR007,1391000
2026-08-14,2026-07-01,Ações_BDRs_ETFs_FIIs_Units,MACY34,BRMACYBDR000,1520000
2026-08-14,2026-07-01,Ações_BDRs_ETFs_FIIs_Units,MARGETF11,BRMARGCTF012,1622700
2026-08-14,2026-07-01,Ações_BDRs_ETFs_FIIs_Units,MBRF3,BRMBRFACNOR1,23301000
2026-08-14,2026-07-01,Ações_BDRs_ETFs_FIIs_Units,MCCI11,BRMCCICTF008,2600
2026-08-14,2026-07-01,Ações_BDRs_ETFs_FIIs_Units,MCDC34,BRMCDCBDR000,2811000
2026-08-14,2026-07-01,Ações_BDRs_ETFs_FIIs_Units,MCOR34,BRMCORBDR005,2776000
2026-08-14,2026-07-01,Ações_BDRs_ETFs_FIIs_Units,MCRE11,BRMCRECTF013,27200
2026-08-14,2026-07-01,Ações_BDRs_ETFs_FIIs_Units,MDIA3,BRMDIAACNOR7,1528000
2026-08-14,2026-07-01,Ações_BDRs_ETFs_FIIs_Units,MDLZ34,BRMDLZBDR002,3723000
2026-08-14,2026-07-01,Ações_BDRs_ETFs_FIIs_Units,MDNE3,BRMDNEACNOR9,3045000
2026-08-14,2026-07-01,Ações_BDRs_ETFs_FIIs_Units,MDTC34,BRMDTCBDR004,3832000
2026-08-14,2026-07-01,Ações_BDRs_ETFs_FIIs_Units,MELI34,BRMELIBDR006,4609000
2026-08-14,2026-07-01,Ações_BDRs_ETFs_FIIs_Units,METB34,BRMETBBDR004,448000
2026-08-14,2026-07-01,Ações_BDRs_ETFs_FIIs_Units,MGLU3,BRMGLUACNOR2,53188000
2026-08-14,2026-07-01,Ações_BDRs_ETFs_FIIs_Units,MIDBETF11,BRMIDBCTF008,3502800
2026-08-14,2026-07-01,Ações_BDRs_ETFs_FIIs_Units,MILL11,BRMILLCTF018,550000
2026-08-14,2026-07-01,Ações_BDRs_ETFs_FIIs_Units,MILS3,BRMILSACNOR2,2208000
2026-08-14,2026-07-01,Ações_BDRs_ETFs_FIIs_Units,MKLC34,BRMKLCBDR006,402000
2026-08-14,2026-07-01,Ações_BDRs_ETFs_FIIs_Units,MMMC34,BRMMMCBDR000,930000
2026-08-14,2026-07-01,Ações_BDRs_ETFs_FIIs_Units,MNDY34,BRMNDYBDR001,10816000
2026-08-14,2026-07-01,Ações_BDRs_ETFs_FIIs_Units,MOOO34,BRMOOOBDR007,534000
2026-08-14,2026-07-01,Ações_BDRs_ETFs_FIIs_Units,MOSC34,BRMOSCBDR003,11047000
2026-08-14,2026-07-01,Ações_BDRs_ETFs_FIIs_Units,MOTB39,BRMOTBBDR003,3005000
2026-08-14,2026-07-01,Ações_BDRs_ETFs_FIIs_Units,MOTV3,BRMOTVACNOR7,25141000
2026-08-14,2026-07-01,Ações_BDRs_ETFs_FIIs_Units,MOVI3,BRMOVIACNOR0,16004000
2026-08-14,2026-07-01,Ações_BDRs_ETFs_FIIs_Units,MRCK34,BRMRCKBDR003,2549000
2026-08-14,2026-07-01,Ações_BDRs_ETFs_FIIs_Units,MRVE3,BRMRVEACNOR2,25451000
2026-08-14,2026-07-01,Ações_BDRs_ETFs_FIIs_Units,MSBR34,BRMSBRBDR008,849000
2026-08-14,2026-07-01,Ações_BDRs_ETFs_FIIs_Units,MSCD34,BRMSCDBDR006,2410000
2026-08-14,2026-07-01,Ações_BDRs_ETFs_FIIs_Units,MSFT34,BRMSFTBDR005,3830000
2026-08-14,2026-07-01,Ações_BDRs_ETFs_FIIs_Units,MULT3,BRMULTACNOR5,9214000
2026-08-14,2026-07-01,Ações_BDRs_ETFs_FIIs_Units,MUTC34,BRMUTCBDR008,326000
2026-08-14,2026-07-01,Ações_BDRs_ETFs_FIIs_Units,MXRF11,BRMXRFCTF008,25700
2026-08-14,2026-07-01,Ações_BDRs_ETFs_FIIs_Units,MYPK3,BRMYPKACNOR7,3340000
2026-08-14,2026-07-01,Ações_BDRs_ETFs_FIIs_Units,N1BI34,BRN1BIBDR009,4960000
2026-08-14,2026-07-01,Ações_BDRs_ETFs_FIIs_Units,N1CL34,BRN1CLBDR001,1826000
2026-08-14,2026-07-01,Ações_BDRs_ETFs_FIIs_Units,N1DA34,BRN1DABDR002,943000
2026-08-14,2026-07-01,Ações_BDRs_ETFs_FIIs_Units,N1EM34,BRN1EMBDR005,416000
2026-08-14,2026-07-01,Ações_BDRs_ETFs_FIIs_Units,N1GG34,BRN1GGBDR002,2823000
2026-08-14,2026-07-01,Ações_BDRs_ETFs_FIIs_Units,N1IC34,BRN1ICBDR007,8895000
2026-08-14,2026-07-01,Ações_BDRs_ETFs_FIIs_Units,N1IS34,BRN1ISBDR003,841000
2026-08-14,2026-07-01,Ações_BDRs_ETFs_FIIs_Units,N1MR34,BRN1MRBDR007,1452000
2026-08-14,2026-07-01,Ações_BDRs_ETFs_FIIs_Units,N1OV34,BRN1OVBDR005,1956000
2026-08-14,2026-07-01,Ações_BDRs_ETFs_FIIs_Units,N1OW34,BRN1OWBDR003,17815000
2026-08-14,2026-07-01,Ações_BDRs_ETFs_FIIs_Units,N1RG34,BRN1RGBDR009,276000
2026-08-14,2026-07-01,Ações_BDRs_ETFs_FIIs_Units,N1SC34,BRN1SCBDR006,512000
2026-08-14,2026-07-01,Ações_BDRs_ETFs_FIIs_Units,N1TA34,BRN1TABDR008,248000
2026-08-14,2026-07-01,Ações_BDRs_ETFs_FIIs_Units,N1TR34,BRN1TRBDR002,493000
2026-08-14,2026-07-01,Ações_BDRs_ETFs_FIIs_Units,N1UE34,BRN1UEBDR008,1904000
2026-08-14,2026-07-01,Ações_BDRs_ETFs_FIIs_Units,N1VO34,BRN1VOBDR005,6502000
2026-08-14,2026-07-01,Ações_BDRs_ETFs_FIIs_Units,N1VR34,BRN1VRBDR008,308000
2026-08-14,2026-07-01,Ações_BDRs_ETFs_FIIs_Units,N1VS34,BRN1VSBDR006,2487000
2026-08-14,2026-07-01,Ações_BDRs_ETFs_FIIs_Units,N1WL34,BRN1WLBDR009,2536000
2026-08-14,2026-07-01,Ações_BDRs_ETFs_FIIs_Units,N1WS34,BRN1WSBDR004,1533000
2026-08-14,2026-07-01,Ações_BDRs_ETFs_FIIs_Units,N1WS35,BRN1WSBDR012,1322000
2026-08-14,2026-07-01,Ações_BDRs_ETFs_FIIs_Units,N1XP34,BRN1XPBDR008,2410000
2026-08-14,2026-07-01,Ações_BDRs_ETFs_FIIs_Units,N2ET34,BRN2ETBDR008,3131000
2026-08-14,2026-07-01,Ações_BDRs_ETFs_FIIs_Units,N2LY34,BRN2LYBDR003,1711000
2026-08-14,2026-07-01,Ações_BDRs_ETFs_FIIs_Units,N2TN34,BRN2TNBDR009,3766000
2026-08-14,2026-07-01,Ações_BDRs_ETFs_FIIs_Units,N2VC34,BRN2VCBDR008,7443000
2026-08-14,2026-07-01,Ações_BDRs_ETFs_FIIs_Units,NASD11,BRNASDCTF007,13957000
2026-08-14,2026-07-01,Ações_BDRs_ETFs_FIIs_Units,NATU3,BRNATUACNOR6,24725000
2026-08-14,2026-07-01,Ações_BDRs_ETFs_FIIs_Units,NB02ETF11,BRNB02CTF007,49000
2026-08-14,2026-07-01,Ações_BDRs_ETFs_FIIs_Units,NB05ETF11,BRNB05CTF000,49000
2026-08-14,2026-07-01,Ações_BDRs_ETFs_FIIs_Units,NB10ETF11,BRNB10CTF000,49000
2026-08-14,2026-07-01,Ações_BDRs_ETFs_FIIs_Units,NBOV11,BRNBOVCTF006,7319000
2026-08-14,2026-07-01,Ações_BDRs_ETFs_FIIs_Units,NCDIETF11,BRNCDICTF004,1934100
2026-08-14,2026-07-01,Ações_BDRs_ETFs_FIIs_Units,NDIV11,BRNDIVCTF004,9143000
2026-08-14,2026-07-01,Ações_BDRs_ETFs_FIIs_Units,NETE34,BRNETEBDR006,3223000
2026-08-14,2026-07-01,Ações_BDRs_ETFs_FIIs_Units,NEXT34,BRNEXTBDR006,1763000
2026-08-14,2026-07-01,Ações_BDRs_ETFs_FIIs_Units,NFLX34,BRNFLXBDR000,30840000
2026-08-14,2026-07-01,Ações_BDRs_ETFs_FIIs_Units,NIKE34,BRNIKEBDR006,9279000
2026-08-14,2026-07-01,Ações_BDRs_ETFs_FIIs_Units,NMRH34,BRNMRHBDR006,812000
2026-08-14,2026-07-01,Ações_BDRs_ETFs_FIIs_Units,NOCG34,BRNOCGBDR006,3810000
2026-08-14,2026-07-01,Ações_BDRs_ETFs_FIIs_Units,NOKI34,BRNOKIBDR005,2803000
2026-08-14,2026-07-01,Ações_BDRs_ETFs_FIIs_Units,NSDV11,BRNSDVCTF003,7354000
2026-08-14,2026-07-01,Ações_BDRs_ETFs_FIIs_Units,NTNFETF11,BRNTNFCTF003,9800
2026-08-14,2026-07-01,Ações_BDRs_ETFs_FIIs_Units,NTNSETF11,BRNTNSCTF006,1315000
2026-08-14,2026-07-01,Ações_BDRs_ETFs_FIIs_Units,NTST34,BRNTSTBDR004,1343000
2026-08-14,2026-07-01,Ações_BDRs_ETFs_FIIs_Units,NUCL11,BRNUCLCTF002,2210000
2026-08-14,2026-07-01,Ações_BDRs_ETFs_FIIs_Units,NVDC34,BRNVDCBDR008,21427000
2026-08-14,2026-07-01,Ações_BDRs_ETFs_FIIs_Units,O1DF34,BRO1DFBDR000,3430000
2026-08-14,2026-07-01,Ações_BDRs_ETFs_FIIs_Units,O1KE34,BRO1KEBDR008,910000
2026-08-14,2026-07-01,Ações_BDRs_ETFs_FIIs_Units,O1KT34,BRO1KTBDR006,6445000
2026-08-14,2026-07-01,Ações_BDRs_ETFs_FIIs_Units,O1MC34,BRO1MCBDR008,1091000
2026-08-14,2026-07-01,Ações_BDRs_ETFs_FIIs_Units,O1TI34,BRO1TIBDR000,5256000
2026-08-14,2026-07-01,Ações_BDRs_ETFs_FIIs_Units,O1UT34,BRO1UTBDR005,1425000
2026-08-14,2026-07-01,Ações_BDRs_ETFs_FIIs_Units,O2HI34,BRO2HIBDR003,2596000
2026-08-14,2026-07-01,Ações_BDRs_ETFs_FIIs_Units,O2LE34,BRO2LEBDR004,6499000
2026-08-14,2026-07-01,Ações_BDRs_ETFs_FIIs_Units,O2NS34,BRO2NSBDR000,2702000
2026-08-14,2026-07-01,Ações_BDRs_ETFs_FIIs_Units,ORCL34,BRORCLBDR007,1709000
2026-08-14,2026-07-01,Ações_BDRs_ETFs_FIIs_Units,ORLY34,BRORLYBDR001,134250000
2026-08-14,2026-07-01,Ações_BDRs_ETFs_FIIs_Units,OROF11,BROROFCTF003,2062000
2026-08-14,2026-07-01,Ações_BDRs_ETFs_FIIs_Units,ORVR3,BRORVRACNOR0,1868000
2026-08-14,2026-07-01,Ações_BDRs_ETFs_FIIs_Units,OURO11,BROUROCTF002,462000
2026-08-14,2026-07-01,Ações_BDRs_ETFs_FIIs_Units,OXYP34,BROXYPBDR000,4532000
2026-08-14,2026-07-01,Ações_BDRs_ETFs_FIIs_Units,P1AC34,BRP1ACBDR002,657000
2026-08-14,2026-07-01,Ações_BDRs_ETFs_FIIs_Units,P1AY34,BRP1AYBDR006,826000
2026-08-14,2026-07-01,Ações_BDRs_ETFs_FIIs_Units,P1DD34,BRP1DDBDR004,5079000
2026-08-14,2026-07-01,Ações_BDRs_ETFs_FIIs_Units,P1DT34,BRP1DTBDR000,726000
2026-08-14,2026-07-01,Ações_BDRs_ETFs_FIIs_Units,P1EA34,BRP1EABDR008,1843000
2026-08-14,2026-07-01,Ações_BDRs_ETFs_FIIs_Units,P1EG34,BRP1EGBDR005,493000
2026-08-14,2026-07-01,Ações_BDRs_ETFs_FIIs_Units,P1FG34,BRP1FGBDR002,647000
2026-08-14,2026-07-01,Ações_BDRs_ETFs_FIIs_Units,P1GR34,BRP1GRBDR007,3540000
2026-08-14,2026-07-01,Ações_BDRs_ETFs_FIIs_Units,P1HC34,BRP1HCBDR007,160000
2026-08-14,2026-07-01,Ações_BDRs_ETFs_FIIs_Units,P1HM34,BRP1HMBDR006,313000
2026-08-14,2026-07-01,Ações_BDRs_ETFs_FIIs_Units,P1KG34,BRP1KGBDR002,324000
2026-08-14,2026-07-01,Ações_BDRs_ETFs_FIIs_Units,P1KX34,BRP1KXBDR007,460000
2026-08-14,2026-07-01,Ações_BDRs_ETFs_FIIs_Units,P1LD34,BRP1LDBDR007,3259000
2026-08-14,2026-07-01,Ações_BDRs_ETFs_FIIs_Units,P1NR34,BRP1NRBDR003,527000
2026-08-14,2026-07-01,Ações_BDRs_ETFs_FIIs_Units,P1NW34,BRP1NWBDR003,833000
2026-08-14,2026-07-01,Ações_BDRs_ETFs_FIIs_Units,P1PG34,BRP1PGBDR001,636000
2026-08-14,2026-07-01,Ações_BDRs_ETFs_FIIs_Units,P1PL34,BRP1PLBDR001,1073000
2026-08-14,2026-07-01,Ações_BDRs_ETFs_FIIs_Units,P1RG34,BRP1RGBDR007,1596000
2026-08-14,2026-07-01,Ações_BDRs_ETFs_FIIs_Units,P1SA34,BRP1SABDR008,626000
2026-08-14,2026-07-01,Ações_BDRs_ETFs_FIIs_Units,P1SX34,BRP1SXBDR000,464000
2026-08-14,2026-07-01,Ações_BDRs_ETFs_FIIs_Units,P1UK34,BRP1UKBDR003,2158000
2026-08-14,2026-07-01,Ações_BDRs_ETFs_FIIs_Units,P1VH34,BRP1VHBDR007,1000000
2026-08-14,2026-07-01,Ações_BDRs_ETFs_FIIs_Units,P1YC34,BRP1YCBDR002,9478000
2026-08-14,2026-07-01,Ações_BDRs_ETFs_FIIs_Units,P2AN34,BRP2ANBDR007,7764000
2026-08-14,2026-07-01,Ações_BDRs_ETFs_FIIs_Units,P2AT34,BRP2ATBDR004,29767000
2026-08-14,2026-07-01,Ações_BDRs_ETFs_FIIs_Units,P2CF34,BRP2CFBDR009,8392000
2026-08-14,2026-07-01,Ações_BDRs_ETFs_FIIs_Units,P2CO34,BRP2COBDR001,9881000
2026-08-14,2026-07-01,Ações_BDRs_ETFs_FIIs_Units,P2CY34,BRP2CYBDR000,11534000
2026-08-14,2026-07-01,Ações_BDRs_ETFs_FIIs_Units,P2EG34,BRP2EGBDR003,15720000
2026-08-14,2026-07-01,Ações_BDRs_ETFs_FIIs_Units,P2EN34,BRP2ENBDR009,13751000
2026-08-14,2026-07-01,Ações_BDRs_ETFs_FIIs_Units,P2IN34,BRP2INBDR000,11750000
2026-08-14,2026-07-01,Ações_BDRs_ETFs_FIIs_Units,P2LN34,BRP2LNBDR004,6191000
2026-08-14,2026-07-01,Ações_BDRs_ETFs_FIIs_Units,P2LT34,BRP2LTBDR001,1071000
2026-08-14,2026-07-01,Ações_BDRs_ETFs_FIIs_Units,P2NB34,BRP2NBBDR005,3480000
2026-08-14,2026-07-01,Ações_BDRs_ETFs_FIIs_Units,P2OD34,BRP2ODBDR009,7836000
2026-08-14,2026-07-01,Ações_BDRs_ETFs_FIIs_Units,P2OS34,BRP2OSBDR007,2360000
2026-08-14,2026-07-01,Ações_BDRs_ETFs_FIIs_Units,P2ST34,BRP2STBDR006,2032000
2026-08-14,2026-07-01,Ações_BDRs_ETFs_FIIs_Units,P2TC34,BRP2TCBDR000,5141000
2026-08-14,2026-07-01,Ações_BDRs_ETFs_FIIs_Units,PACBETF11,BRPACBCTF000,55605400
2026-08-14,2026-07-01,Ações_BDRs_ETFs_FIIs_Units,PACCETF11,BRPACCCTF008,10177300
2026-08-14,2026-07-01,Ações_BDRs_ETFs_FIIs_Units,PACGETF11,BRPACGCTF009,7702900
2026-08-14,2026-07-01,Ações_BDRs_ETFs_FIIs_Units,PACLETF11,BRPACLCTF009,1743900
2026-08-14,2026-07-01,Ações_BDRs_ETFs_FIIs_Units,PAGS34,BRPAGSBDR006,9281000
2026-08-14,2026-07-01,Ações_BDRs_ETFs_FIIs_Units,PEPB34,BRPEPBBDR005,4046000
2026-08-14,2026-07-01,Ações_BDRs_ETFs_FIIs_Units,PETR3,BRPETRACNOR9,37169000
2026-08-14,2026-07-01,Ações_BDRs_ETFs_FIIs_Units,PETR4,BRPETRACNPR6,127447000
2026-08-14,2026-07-01,Ações_BDRs_ETFs_FIIs_Units,PEVC11,BRPEVCCTF000,639000
2026-08-14,2026-07-01,Ações_BDRs_ETFs_FIIs_Units,PFIZ34,BRPFIZBDR006,6436000
2026-08-14,2026-07-01,Ações_BDRs_ETFs_FIIs_Units,PFJRETF11,BRPFJRCTF000,98700
2026-08-14,2026-07-01,Ações_BDRs_ETFs_FIIs_Units,PGCO34,BRPGCOBDR001,3553000
2026-08-14,2026-07-01,Ações_BDRs_ETFs_FIIs_Units,PGMN3,BRPGMNACNOR8,14108000
2026-08-14,2026-07-01,Ações_BDRs_ETFs_FIIs_Units,PHGN34,BRPHGNBDR002,522000
2026-08-14,2026-07-01,Ações_BDRs_ETFs_FIIs_Units,PHIPETF11,BRPHIPCTF002,2639400
2026-08-14,2026-07-01,Ações_BDRs_ETFs_FIIs_Units,PHMO34,BRPHMOBDR008,3432000
2026-08-14,2026-07-01,Ações_BDRs_ETFs_FIIs_Units,PIBB11,BRPIBBCTF005,79625000
2026-08-14,2026-07-01,Ações_BDRs_ETFs_FIIs_Units,PIPE11,BRPIPECTF009,468000
2026-08-14,2026-07-01,Ações_BDRs_ETFs_FIIs_Units,PLPL3,BRPLPLACNOR5,10364000
2026-08-14,2026-07-01,Ações_BDRs_ETFs_FIIs_Units,PNCS34,BRPNCSBDR008,320000
2026-08-14,2026-07-01,Ações_BDRs_ETFs_FIIs_Units,PNVL3,BRPNVLACNOR9,2386000
2026-08-14,2026-07-01,Ações_BDRs_ETFs_FIIs_Units,POMO4,BRPOMOACNPR7,25564000
2026-08-14,2026-07-01,Ações_BDRs_ETFs_FIIs_Units,POSBETF11,BRPOSBCTF007,1150000
2026-08-14,2026-07-01,Ações_BDRs_ETFs_FIIs_Units,PPLI34,BRPPLIBDR005,9701000
2026-08-14,2026-07-01,Ações_BDRs_ETFs_FIIs_Units,PRAF11,BRPRAFCTF017,2107000
2026-08-14,2026-07-01,Ações_BDRs_ETFs_FIIs_Units,PREXETF11,BRPREXCTF004,48900
2026-08-14,2026-07-01,Ações_BDRs_ETFs_FIIs_Units,PRIO3,BRPRIOACNOR1,29990000
2026-08-14,2026-07-01,Ações_BDRs_ETFs_FIIs_Units,PRNR3,BRPRNRACNOR4,1358000
2026-08-14,2026-07-01,Ações_BDRs_ETFs_FIIs_Units,PSKY34,BRPSKYBDR008,3960000
2026-08-14,2026-07-01,Ações_BDRs_ETFs_FIIs_Units,PSSA3,BRPSSAACNOR7,4468000
2026-08-14,2026-07-01,Ações_BDRs_ETFs_FIIs_Units,PVBI11,BRPVBICTF003,3500
2026-08-14,2026-07-01,Ações_BDRs_ETFs_FIIs_Units,PYPL34,BRPYPLBDR002,18548000
2026-08-14,2026-07-01,Ações_BDRs_ETFs_FIIs_Units,Q1RV34,BRQ1RVBDR005,789000
2026-08-14,2026-07-01,Ações_BDRs_ETFs_FIIs_Units,Q1UA34,BRQ1UABDR003,659000
2026-08-14,2026-07-01,Ações_BDRs_ETFs_FIIs_Units,Q1UE34,BRQ1UEBDR005,375000
2026-08-14,2026-07-01,Ações_BDRs_ETFs_FIIs_Units,Q2SC34,BRQ2SCBDR001,16321000
2026-08-14,2026-07-01,Ações_BDRs_ETFs_FIIs_Units,QCOM34,BRQCOMBDR007,2367000
2026-08-14,2026-07-01,Ações_BDRs_ETFs_FIIs_Units,QQQI11,BRQQQICTF009,2175000
2026-08-14,2026-07-01,Ações_BDRs_ETFs_FIIs_Units,QUAL3,BRQUALACNOR6,11185000
2026-08-14,2026-07-01,Ações_BDRs_ETFs_FIIs_Units,R1CL34,BRR1CLBDR007,3346000
2026-08-14,2026-07-01,Ações_BDRs_ETFs_FIIs_Units,R1DY34,BRR1DYBDR008,6174000
2026-08-14,2026-07-01,Ações_BDRs_ETFs_FIIs_Units,R1EG34,BRR1EGBDR003,1007000
2026-08-14,2026-07-01,Ações_BDRs_ETFs_FIIs_Units,R1EL34,BRR1ELBDR003,5025000
2026-08-14,2026-07-01,Ações_BDRs_ETFs_FIIs_Units,R1FC34,BRR1FCBDR009,1369000
2026-08-14,2026-07-01,Ações_BDRs_ETFs_FIIs_Units,R1HI34,BRR1HIBDR002,1003000
2026-08-14,2026-07-01,Ações_BDRs_ETFs_FIIs_Units,R1HP34,BRR1HPBDR007,2639000
2026-08-14,2026-07-01,Ações_BDRs_ETFs_FIIs_Units,R1IN34,BRR1INBDR000,1231000
2026-08-14,2026-07-01,Ações_BDRs_ETFs_FIIs_Units,R1JF34,BRR1JFBDR004,517000
2026-08-14,2026-07-01,Ações_BDRs_ETFs_FIIs_Units,R1KU34,BRR1KUBDR001,5624000
2026-08-14,2026-07-01,Ações_BDRs_ETFs_FIIs_Units,R1LC34,BRR1LCBDR007,201000
2026-08-14,2026-07-01,Ações_BDRs_ETFs_FIIs_Units,R1MD34,BRR1MDBDR003,814000
2026-08-14,2026-07-01,Ações_BDRs_ETFs_FIIs_Units,R1OK34,BRR1OKBDR004,338000
2026-08-14,2026-07-01,Ações_BDRs_ETFs_FIIs_Units,R1OL34,BRR1OLBDR002,831000
2026-08-14,2026-07-01,Ações_BDRs_ETFs_FIIs_Units,R1OP34,BRR1OPBDR003,1162000
2026-08-14,2026-07-01,Ações_BDRs_ETFs_FIIs_Units,R1SG34,BRR1SGBDR003,378000
2026-08-14,2026-07-01,Ações_BDRs_ETFs_FIIs_Units,R1VT34,BRR1VTBDR000,10303000
2026-08-14,2026-07-01,Ações_BDRs_ETFs_FIIs_Units,R1YA34,BRR1YABDR004,5464000
2026-08-14,2026-07-01,Ações_BDRs_ETFs_FIIs_Units,R2AR34,BRR2ARBDR006,8413000
2026-08-14,2026-07-01,Ações_BDRs_ETFs_FIIs_Units,R2BL34,BRR2BLBDR007,8331000
2026-08-14,2026-07-01,Ações_BDRs_ETFs_FIIs_Units,R2GE34,BRR2GEBDR001,10781000
2026-08-14,2026-07-01,Ações_BDRs_ETFs_FIIs_Units,R2HH34,BRR2HHBDR002,15797000
2026-08-14,2026-07-01,Ações_BDRs_ETFs_FIIs_Units,R2NG34,BRR2NGBDR002,19599000
2026-08-14,2026-07-01,Ações_BDRs_ETFs_FIIs_Units,R2PD34,BRR2PDBDR004,11467000
2026-08-14,2026-07-01,Ações_BDRs_ETFs_FIIs_Units,R2RX34,BRR2RXBDR008,3220000
2026-08-14,2026-07-01,Ações_BDRs_ETFs_FIIs_Units,RADL3,BRRADLACNOR0,26803000
2026-08-14,2026-07-01,Ações_BDRs_ETFs_FIIs_Units,RAIL3,BRRAILACNOR9,29845000
2026-08-14,2026-07-01,Ações_BDRs_ETFs_FIIs_Units,RANI3,BRRANIACNOR5,2297000
2026-08-14,2026-07-01,Ações_BDRs_ETFs_FIIs_Units,RAPT4,BRRAPTACNPR4,10696000
2026-08-14,2026-07-01,Ações_BDRs_ETFs_FIIs_Units,RARA11,BRRARACTF006,10000000
2026-08-14,2026-07-01,Ações_BDRs_ETFs_FIIs_Units,RBRR11,BRRBRRCTF008,3200
2026-08-14,2026-07-01,Ações_BDRs_ETFs_FIIs_Units,RBRX11,BRRBRXCTF006,30900
2026-08-14,2026-07-01,Ações_BDRs_ETFs_FIIs_Units,RBRY11,BRRBRYCTF004,2800
2026-08-14,2026-07-01,Ações_BDRs_ETFs_FIIs_Units,RDOR3,BRRDORACNOR8,18359000
2026-08-14,2026-07-01,Ações_BDRs_ETFs_FIIs_Units,RECV3,BRRECVACNOR3,8771000
2026-08-14,2026-07-01,Ações_BDRs_ETFs_FIIs_Units,REGN34,BRREGNBDR005,3643000
2026-08-14,2026-07-01,Ações_BDRs_ETFs_FIIs_Units,RENT3,BRRENTACNOR4,23283000
2026-08-14,2026-07-01,Ações_BDRs_ETFs_FIIs_Units,RENT4,BRRENTACNPR1,931320
2026-08-14,2026-07-01,Ações_BDRs_ETFs_FIIs_Units,REVE11,BRREVECTF002,307000
2026-08-14,2026-07-01,Ações_BDRs_ETFs_FIIs_Units,RGTI34,BRRGTIBDR003,1985000
2026-08-14,2026-07-01,Ações_BDRs_ETFs_FIIs_Units,RIAA3,BRRIAAACNOR2,4707000
2026-08-14,2026-07-01,Ações_BDRs_ETFs_FIIs_Units,RIGG34,BRRIGGBDR000,7628000
2026-08-14,2026-07-01,Ações_BDRs_ETFs_FIIs_Units,RIOT34,BRRIOTBDR007,425000
2026-08-14,2026-07-01,Ações_BDRs_ETFs_FIIs_Units,ROST34,BRROSTBDR006,329000
2026-08-14,2026-07-01,Ações_BDRs_ETFs_FIIs_Units,ROXO34,BRROXOBDR007,39771000
2026-08-14,2026-07-01,Ações_BDRs_ETFs_FIIs_Units,RYTT34,BRRYTTBDR003,1246000
2026-08-14,2026-07-01,Ações_BDRs_ETFs_FIIs_Units,S1AK34,BRS1AKBDR002,7020000
2026-08-14,2026-07-01,Ações_BDRs_ETFs_FIIs_Units,S1BA34,BRS1BABDR001,1004000
2026-08-14,2026-07-01,Ações_BDRs_ETFs_FIIs_Units,S1BS34,BRS1BSBDR003,7159000
2026-08-14,2026-07-01,Ações_BDRs_ETFs_FIIs_Units,S1HW34,BRS1HWBDR002,1193000
2026-08-14,2026-07-01,Ações_BDRs_ETFs_FIIs_Units,S1JM34,BRS1JMBDR009,828000
2026-08-14,2026-07-01,Ações_BDRs_ETFs_FIIs_Units,S1KM34,BRS1KMBDR007,4446000
2026-08-14,2026-07-01,Ações_BDRs_ETFs_FIIs_Units,S1KT34,BRS1KTBDR002,1720000
2026-08-14,2026-07-01,Ações_BDRs_ETFs_FIIs_Units,S1LG34,BRS1LGBDR007,985000
2026-08-14,2026-07-01,Ações_BDRs_ETFs_FIIs_Units,S1MF34,BRS1MFBDR007,905000
2026-08-14,2026-07-01,Ações_BDRs_ETFs_FIIs_Units,S1NA34,BRS1NABDR006,400000
2026-08-14,2026-07-01,Ações_BDRs_ETFs_FIIs_Units,S1NN34,BRS1NNBDR009,2416000
2026-08-14,2026-07-01,Ações_BDRs_ETFs_FIIs_Units,S1NP34,BRS1NPBDR004,3310000
2026-08-14,2026-07-01,Ações_BDRs_ETFs_FIIs_Units,S1OU34,BRS1OUBDR002,754000
2026-08-14,2026-07-01,Ações_BDRs_ETFs_FIIs_Units,S1PO34,BRS1POBDR002,339000
2026-08-14,2026-07-01,Ações_BDRs_ETFs_FIIs_Units,S1RE34,BRS1REBDR009,1706000
2026-08-14,2026-07-01,Ações_BDRs_ETFs_FIIs_Units,S1RP34,BRS1RPBDR005,27174000
2026-08-14,2026-07-01,Ações_BDRs_ETFs_FIIs_Units,S1SL34,BRS1SLBDR002,1132000
2026-08-14,2026-07-01,Ações_BDRs_ETFs_FIIs_Units,S1SN34,BRS1SNBDR008,3451000
2026-08-14,2026-07-01,Ações_BDRs_ETFs_FIIs_Units,S1TE34,BRS1TEBDR005,3844000
2026-08-14,2026-07-01,Ações_BDRs_ETFs_FIIs_Units,S1TT34,BRS1TTBDR003,223000
2026-08-14,2026-07-01,Ações_BDRs_ETFs_FIIs_Units,S1TX34,BRS1TXBDR005,40000
2026-08-14,2026-07-01,Ações_BDRs_ETFs_FIIs_Units,S1WK34,BRS1WKBDR006,1820000
2026-08-14,2026-07-01,Ações_BDRs_ETFs_FIIs_Units,S1YF34,BRS1YFBDR002,521000
2026-08-14,2026-07-01,Ações_BDRs_ETFs_FIIs_Units,S1YK34,BRS1YKBDR002,2569000
2026-08-14,2026-07-01,Ações_BDRs_ETFs_FIIs_Units,S1YM34,BRS1YMBDR008,1723000
2026-08-14,2026-07-01,Ações_BDRs_ETFs_FIIs_Units,S1YY34,BRS1YYBDR003,973000
2026-08-14,2026-07-01,Ações_BDRs_ETFs_FIIs_Units,S2CH34,BRS2CHBDR002,3055000
2026-08-14,2026-07-01,Ações_BDRs_ETFs_FIIs_Units,S2EA34,BRS2EABDR003,10412000
2026-08-14,2026-07-01,Ações_BDRs_ETFs_FIIs_Units,S2ED34,BRS2EDBDR007,25613000
2026-08-14,2026-07-01,Ações_BDRs_ETFs_FIIs_Units,S2EI34,BRS2EIBDR006,2072000
2026-08-14,2026-07-01,Ações_BDRs_ETFs_FIIs_Units,S2FM34,BRS2FMBDR005,1401000
2026-08-14,2026-07-01,Ações_BDRs_ETFs_FIIs_Units,S2GI34,BRS2GIBDR001,1580000
2026-08-14,2026-07-01,Ações_BDRs_ETFs_FIIs_Units,S2HO34,BRS2HOBDR007,40535000
2026-08-14,2026-07-01,Ações_BDRs_ETFs_FIIs_Units,S2LA34,BRS2LABDR008,3952000
2026-08-14,2026-07-01,Ações_BDRs_ETFs_FIIs_Units,S2MP34,BRS2MPBDR004,3397000
2026-08-14,2026-07-01,Ações_BDRs_ETFs_FIIs_Units,S2NA34,BRS2NABDR004,49875000
2026-08-14,2026-07-01,Ações_BDRs_ETFs_FIIs_Units,S2NW34,BRS2NWBDR008,6895000
2026-08-14,2026-07-01,Ações_BDRs_ETFs_FIIs_Units,S2TA34,BRS2TABDR001,2801000
2026-08-14,2026-07-01,Ações_BDRs_ETFs_FIIs_Units,S2TW34,BRS2TWBDR005,4800000
2026-08-14,2026-07-01,Ações_BDRs_ETFs_FIIs_Units,S2UI34,BRS2UIBDR002,6371000
2026-08-14,2026-07-01,Ações_BDRs_ETFs_FIIs_Units,S2YN34,BRS2YNBDR004,14079000
2026-08-14,2026-07-01,Ações_BDRs_ETFs_FIIs_Units,SANB11,BRSANBCDAM13,7919000
2026-08-14,2026-07-01,Ações_BDRs_ETFs_FIIs_Units,SAPP34,BRSAPPBDR007,3542000
2026-08-14,2026-07-01,Ações_BDRs_ETFs_FIIs_Units,SAPR11,BRSAPRCDAM13,4228000
2026-08-14,2026-07-01,Ações_BDRs_ETFs_FIIs_Units,SAPR4,BRSAPRACNPR6,3552000
2026-08-14,2026-07-01,Ações_BDRs_ETFs_FIIs_Units,SAUD3,BRSAUDACNOR9,11764200
2026-08-14,2026-07-01,Ações_BDRs_ETFs_FIIs_Units,SBFG3,BRSBFGACNOR1,5739000
2026-08-14,2026-07-01,Ações_BDRs_ETFs_FIIs_Units,SBSP3,BRSBSPACNOR5,44382000
2026-08-14,2026-07-01,Ações_BDRs_ETFs_FIIs_Units,SBUB34,BRSBUBBDR005,368000
2026-08-14,2026-07-01,Ações_BDRs_ETFs_FIIs_Units,SCHW34,BRSCHWBDR006,3360000
2026-08-14,2026-07-01,Ações_BDRs_ETFs_FIIs_Units,SDRH34,BRSDRHBDR004,4993000
2026-08-14,2026-07-01,Ações_BDRs_ETFs_FIIs_Units,SEER3,BRSEERACNOR5,2457000
2026-08-14,2026-07-01,Ações_BDRs_ETFs_FIIs_Units,SFIXETF11,BRSFIXCTF012,132100
2026-08-14,2026-07-01,Ações_BDRs_ETFs_FIIs_Units,SHLD39,BRSHLDBDR007,5188000
2026-08-14,2026-07-01,Ações_BDRs_ETFs_FIIs_Units,SIMH3,BRSIMHACNOR0,9888000
2026-08-14,2026-07-01,Ações_BDRs_ETFs_FIIs_Units,SIMN34,BRSIMNBDR002,698000
2026-08-14,2026-07-01,Ações_BDRs_ETFs_FIIs_Units,SIVR39,BRSIVRBDR004,2142000
2026-08-14,2026-07-01,Ações_BDRs_ETFs_FIIs_Units,SLBG34,BRSLBGBDR003,1638000
2026-08-14,2026-07-01,Ações_BDRs_ETFs_FIIs_Units,SLCE3,BRSLCEACNOR2,7206000
2026-08-14,2026-07-01,Ações_BDRs_ETFs_FIIs_Units,SLVR11,BRSLVRCTF007,5581000
2026-08-14,2026-07-01,Ações_BDRs_ETFs_FIIs_Units,SMAL11,BRSMALCTF002,6043000
2026-08-14,2026-07-01,Ações_BDRs_ETFs_FIIs_Units,SMFT3,BRSMFTACNOR1,18211000
2026-08-14,2026-07-01,Ações_BDRs_ETFs_FIIs_Units,SMTO3,BRSMTOACNOR3,7512000
2026-08-14,2026-07-01,Ações_BDRs_ETFs_FIIs_Units,SNEC34,BRSNECBDR002,1916000
2026-08-14,2026-07-01,Ações_BDRs_ETFs_FIIs_Units,SNEL11,BRSNELCTF010,30500
2026-08-14,2026-07-01,Ações_BDRs_ETFs_FIIs_Units,SOJA3,BRSOJAACNOR9,2883000
2026-08-14,2026-07-01,Ações_BDRs_ETFs_FIIs_Units,SPBZ11,BRSPBZCTF003,2801000
2026-08-14,2026-07-01,Ações_BDRs_ETFs_FIIs_Units,SPCX34,BRSPCXBDR007,4317000
2026-08-14,2026-07-01,Ações_BDRs_ETFs_FIIs_Units,SPGI34,BRSPGIBDR009,3473000
2026-08-14,2026-07-01,Ações_BDRs_ETFs_FIIs_Units,SPVT11,BRSPVTCTF004,325247000
2026-08-14,2026-07-01,Ações_BDRs_ETFs_FIIs_Units,SPXB11,BRSPXBCTF008,12438000
2026-08-14,2026-07-01,Ações_BDRs_ETFs_FIIs_Units,SPXH11,BRSPXHCTF005,1272000
2026-08-14,2026-07-01,Ações_BDRs_ETFs_FIIs_Units,SPXI11,BRSPXICTF003,3816000
2026-08-14,2026-07-01,Ações_BDRs_ETFs_FIIs_Units,SPXR11,BRSPXRCTF004,30925000
2026-08-14,2026-07-01,Ações_BDRs_ETFs_FIIs_Units,SPXU11,BRSPXUCTF008,10383000
2026-08-14,2026-07-01,Ações_BDRs_ETFs_FIIs_Units,SPYI11,BRSPYICTF001,2067000
2026-08-14,2026-07-01,Ações_BDRs_ETFs_FIIs_Units,SPYR11,BRSPYRCTF002,1179000
2026-08-14,2026-07-01,Ações_BDRs_ETFs_FIIs_Units,SSFO34,BRSSFOBDR003,5375000
2026-08-14,2026-07-01,Ações_BDRs_ETFs_FIIs_Units,STMN34,BRSTMNBDR009,544000
2026-08-14,2026-07-01,Ações_BDRs_ETFs_FIIs_Units,STOC34,BRSTOCBDR024,3630000
2026-08-14,2026-07-01,Ações_BDRs_ETFs_FIIs_Units,STZB34,BRSTZBBDR006,1073000
2026-08-14,2026-07-01,Ações_BDRs_ETFs_FIIs_Units,SUZB3,BRSUZBACNOR0,15772000
2026-08-14,2026-07-01,Ações_BDRs_ETFs_FIIs_Units,SVAL11,BRSVALCTF003,103000
2026-08-14,2026-07-01,Ações_BDRs_ETFs_FIIs_Units,T1AL34,BRT1ALBDR009,19014000
2026-08-14,2026-07-01,Ações_BDRs_ETFs_FIIs_Units,T1AM34,BRT1AMBDR007,9391000
2026-08-14,2026-07-01,Ações_BDRs_ETFs_FIIs_Units,T1CH34,BRT1CHBDR003,19474000
2026-08-14,2026-07-01,Ações_BDRs_ETFs_FIIs_Units,T1DG34,BRT1DGBDR003,1448000
2026-08-14,2026-07-01,Ações_BDRs_ETFs_FIIs_Units,T1EC34,BRT1ECBDR000,597000
2026-08-14,2026-07-01,Ações_BDRs_ETFs_FIIs_Units,T1EL34,BRT1ELBDR001,387000
2026-08-14,2026-07-01,Ações_BDRs_ETFs_FIIs_Units,T1EV34,BRT1EVBDR000,2325000
2026-08-14,2026-07-01,Ações_BDRs_ETFs_FIIs_Units,T1FX34,BRT1FXBDR003,3033000
2026-08-14,2026-07-01,Ações_BDRs_ETFs_FIIs_Units,T1LK34,BRT1LKBDR008,1060000
2026-08-14,2026-07-01,Ações_BDRs_ETFs_FIIs_Units,T1MU34,BRT1MUBDR005,2940000
2026-08-14,2026-07-01,Ações_BDRs_ETFs_FIIs_Units,T1OW34,BRT1OWBDR007,5297000
2026-08-14,2026-07-01,Ações_BDRs_ETFs_FIIs_Units,T1RI34,BRT1RIBDR009,1915000
2026-08-14,2026-07-01,Ações_BDRs_ETFs_FIIs_Units,T1RO34,BRT1ROBDR007,728000
2026-08-14,2026-07-01,Ações_BDRs_ETFs_FIIs_Units,T1SC34,BRT1SCBDR000,23255000
2026-08-14,2026-07-01,Ações_BDRs_ETFs_FIIs_Units,T1SO34,BRT1SOBDR005,402000
2026-08-14,2026-07-01,Ações_BDRs_ETFs_FIIs_Units,T1SS34,BRT1SSBDR006,1303000
2026-08-14,2026-07-01,Ações_BDRs_ETFs_FIIs_Units,T1TW34,BRT1TWBDR006,648000
2026-08-14,2026-07-01,Ações_BDRs_ETFs_FIIs_Units,T1WL34,BRT1WLBDR003,5417000
2026-08-14,2026-07-01,Ações_BDRs_ETFs_FIIs_Units,T1XT34,BRT1XTBDR004,558000
2026-08-14,2026-07-01,Ações_BDRs_ETFs_FIIs_Units,T2DH34,BRT2DHBDR009,1649000
2026-08-14,2026-07-01,Ações_BDRs_ETFs_FIIs_Units,T2ER34,BRT2ERBDR006,1636000
2026-08-14,2026-07-01,Ações_BDRs_ETFs_FIIs_Units,T2ND34,BRT2NDBDR007,20271000
2026-08-14,2026-07-01,Ações_BDRs_ETFs_FIIs_Units,T2RE34,BRT2REBDR006,14428000
2026-08-14,2026-07-01,Ações_BDRs_ETFs_FIIs_Units,T2RM34,BRT2RMBDR009,7818000
2026-08-14,2026-07-01,Ações_BDRs_ETFs_FIIs_Units,T2TD34,BRT2TDBDR004,215218000
2026-08-14,2026-07-01,Ações_BDRs_ETFs_FIIs_Units,T2YL34,BRT2YLBDR007,8503000
2026-08-14,2026-07-01,Ações_BDRs_ETFs_FIIs_Units,TAEE11,BRTAEECDAM10,5124000
2026-08-14,2026-07-01,Ações_BDRs_ETFs_FIIs_Units,TAKP34,BRTAKPBDR006,1715000
2026-08-14,2026-07-01,Ações_BDRs_ETFs_FIIs_Units,TBIL39,BRTBILBDR007,1278000
2026-08-14,2026-07-01,Ações_BDRs_ETFs_FIIs_Units,TD35ETF11,BRTD35CTF000,13737000
2026-08-14,2026-07-01,Ações_BDRs_ETFs_FIIs_Units,TD50ETF11,BRTD50CTF009,4101300
2026-08-14,2026-07-01,Ações_BDRs_ETFs_FIIs_Units,TD60ETF11,BRTD60CTF008,742200
2026-08-14,2026-07-01,Ações_BDRs_ETFs_FIIs_Units,TECK11,BRTECKCTF005,2666000
2026-08-14,2026-07-01,Ações_BDRs_ETFs_FIIs_Units,TEND3,BRTENDACNOR4,6379000
2026-08-14,2026-07-01,Ações_BDRs_ETFs_FIIs_Units,TEXA34,BRTEXABDR003,1900000
2026-08-14,2026-07-01,Ações_BDRs_ETFs_FIIs_Units,TFCO4,BRTFCOACNPR8,1655000
2026-08-14,2026-07-01,Ações_BDRs_ETFs_FIIs_Units,TGAR11,BRTGARCTF009,4600
2026-08-14,2026-07-01,Ações_BDRs_ETFs_FIIs_Units,TGTB34,BRTGTBBDR004,274000
2026-08-14,2026-07-01,Ações_BDRs_ETFs_FIIs_Units,THGI34,BRTHGIBDR004,298000
2026-08-14,2026-07-01,Ações_BDRs_ETFs_FIIs_Units,TIMS3,BRTIMSACNOR5,14496000
2026-08-14,2026-07-01,Ações_BDRs_ETFs_FIIs_Units,TJXC34,BRTJXCBDR008,234000
2026-08-14,2026-07-01,Ações_BDRs_ETFs_FIIs_Units,TMCO34,BRTMCOBDR001,3707000
2026-08-14,2026-07-01,Ações_BDRs_ETFs_FIIs_Units,TMOS34,BRTMOSBDR007,3757000
2026-08-14,2026-07-01,Ações_BDRs_ETFs_FIIs_Units,TOST34,BRTOSTBDR002,4329000
2026-08-14,2026-07-01,Ações_BDRs_ETFs_FIIs_Units,TOTS3,BRTOTSACNOR8,14452000
2026-08-14,2026-07-01,Ações_BDRs_ETFs_FIIs_Units,TPRY34,BRTPRYBDR001,265000
2026-08-14,2026-07-01,Ações_BDRs_ETFs_FIIs_Units,TRVC34,BRTRVCBDR005,4149000
2026-08-14,2026-07-01,Ações_BDRs_ETFs_FIIs_Units,TRXF11,BRTRXFCTF003,2700
2026-08-14,2026-07-01,Ações_BDRs_ETFs_FIIs_Units,TSLA34,BRTSLABDR008,6446000
2026-08-14,2026-07-01,Ações_BDRs_ETFs_FIIs_Units,TSMC34,BRTSMCBDR002,869000
2026-08-14,2026-07-01,Ações_BDRs_ETFs_FIIs_Units,TSNF34,BRTSNFBDR003,666000
2026-08-14,2026-07-01,Ações_BDRs_ETFs_FIIs_Units,TTEN3,BRTTENACNOR0,3688000
2026-08-14,2026-07-01,Ações_BDRs_ETFs_FIIs_Units,TUPY3,BRTUPYACNOR1,2955000
2026-08-14,2026-07-01,Ações_BDRs_ETFs_FIIs_Units,U1AI34,BRU1AIBDR002,1327000
2026-08-14,2026-07-01,Ações_BDRs_ETFs_FIIs_Units,U1AL34,BRU1ALBDR006,599000
2026-08-14,2026-07-01,Ações_BDRs_ETFs_FIIs_Units,U1BE34,BRU1BEBDR009,2104000
2026-08-14,2026-07-01,Ações_BDRs_ETFs_FIIs_Units,U1DR34,BRU1DRBDR007,1183000
2026-08-14,2026-07-01,Ações_BDRs_ETFs_FIIs_Units,U1HS34,BRU1HSBDR006,1052000
2026-08-14,2026-07-01,Ações_BDRs_ETFs_FIIs_Units,U1LT34,BRU1LTBDR006,1611000
2026-08-14,2026-07-01,Ações_BDRs_ETFs_FIIs_Units,U1NM34,BRU1NMBDR007,426000
2026-08-14,2026-07-01,Ações_BDRs_ETFs_FIIs_Units,U1RI34,BRU1RIBDR006,997000
2026-08-14,2026-07-01,Ações_BDRs_ETFs_FIIs_Units,U2NF34,BRU2NFBDR009,1081000
2026-08-14,2026-07-01,Ações_BDRs_ETFs_FIIs_Units,U2PS34,BRU2PSBDR007,23311000
2026-08-14,2026-07-01,Ações_BDRs_ETFs_FIIs_Units,U2PW34,BRU2PWBDR009,10630000
2026-08-14,2026-07-01,Ações_BDRs_ETFs_FIIs_Units,U2ST34,BRU2STBDR009,28310000
2026-08-14,2026-07-01,Ações_BDRs_ETFs_FIIs_Units,U2TH34,BRU2THBDR002,1454000
2026-08-14,2026-07-01,Ações_BDRs_ETFs_FIIs_Units,UBSG34,BRUBSGBDR004,3100000
2026-08-14,2026-07-01,Ações_BDRs_ETFs_FIIs_Units,UGPA3,BRUGPAACNOR8,17273000
2026-08-14,2026-07-01,Ações_BDRs_ETFs_FIIs_Units,ULEV34,BRULEVBDR002,637000
2026-08-14,2026-07-01,Ações_BDRs_ETFs_FIIs_Units,UNHH34,BRUNHHBDR000,6692000
2026-08-14,2026-07-01,Ações_BDRs_ETFs_FIIs_Units,UPAC34,BRUPACBDR001,3564000
2026-08-14,2026-07-01,Ações_BDRs_ETFs_FIIs_Units,UPSS34,BRUPSSBDR009,5848000
2026-08-14,2026-07-01,Ações_BDRs_ETFs_FIIs_Units,USBC34,BRUSBCBDR003,2548000
2026-08-14,2026-07-01,Ações_BDRs_ETFs_FIIs_Units,USIM5,BRUSIMACNPA6,39329000
2026-08-14,2026-07-01,Ações_BDRs_ETFs_FIIs_Units,USTK11,BRUSTKCTF007,9464000
2026-08-14,2026-07-01,Ações_BDRs_ETFs_FIIs_Units,UTEC11,BRUTECCTF004,7771000
2026-08-14,2026-07-01,Ações_BDRs_ETFs_FIIs_Units,UTLL11,BRUTLLCTF000,42182000
2026-08-14,2026-07-01,Ações_BDRs_ETFs_FIIs_Units,V1IP34,BRV1IPBDR009,2446000
2026-08-14,2026-07-01,Ações_BDRs_ETFs_FIIs_Units,V1MC34,BRV1MCBDR009,7499000
2026-08-14,2026-07-01,Ações_BDRs_ETFs_FIIs_Units,V1NO34,BRV1NOBDR002,767000
2026-08-14,2026-07-01,Ações_BDRs_ETFs_FIIs_Units,V1OD34,BRV1ODBDR003,3815000
2026-08-14,2026-07-01,Ações_BDRs_ETFs_FIIs_Units,V1RS34,BRV1RSBDR004,17406000
2026-08-14,2026-07-01,Ações_BDRs_ETFs_FIIs_Units,V1RT34,BRV1RTBDR002,1219000
2026-08-14,2026-07-01,Ações_BDRs_ETFs_FIIs_Units,V1ST34,BRV1STBDR000,3228000
2026-08-14,2026-07-01,Ações_BDRs_ETFs_FIIs_Units,V1TA34,BRV1TABDR008,879000
2026-08-14,2026-07-01,Ações_BDRs_ETFs_FIIs_Units,V2EE34,BRV2EEBDR000,7358000
2026-08-14,2026-07-01,Ações_BDRs_ETFs_FIIs_Units,V2RN34,BRV2RNBDR003,4728000
2026-08-14,2026-07-01,Ações_BDRs_ETFs_FIIs_Units,VALE3,BRVALEACNOR0,51018000
2026-08-14,2026-07-01,Ações_BDRs_ETFs_FIIs_Units,VAMO3,BRVAMOACNOR7,43606000
2026-08-14,2026-07-01,Ações_BDRs_ETFs_FIIs_Units,VBBR3,BRVBBRACNOR1,22632000
2026-08-14,2026-07-01,Ações_BDRs_ETFs_FIIs_Units,VERZ34,BRVERZBDR008,5059000
2026-08-14,2026-07-01,Ações_BDRs_ETFs_FIIs_Units,VFCO34,BRVFCOBDR001,4625000
2026-08-14,2026-07-01,Ações_BDRs_ETFs_FIIs_Units,VGHF11,BRVGHFCTF005,41400
2026-08-14,2026-07-01,Ações_BDRs_ETFs_FIIs_Units,VGIR11,BRVGIRCTF008,25900
2026-08-14,2026-07-01,Ações_BDRs_ETFs_FIIs_Units,VISA34,BRVISABDR000,2349000
2026-08-14,2026-07-01,Ações_BDRs_ETFs_FIIs_Units,VISC11,BRVISCCTF005,2400
2026-08-14,2026-07-01,Ações_BDRs_ETFs_FIIs_Units,VIVA3,BRVIVAACNOR0,8378000
2026-08-14,2026-07-01,Ações_BDRs_ETFs_FIIs_Units,VIVT3,BRVIVTACNOR0,13852000
2026-08-14,2026-07-01,Ações_BDRs_ETFs_FIIs_Units,VLOE34,BRVLOEBDR005,328000
2026-08-14,2026-07-01,Ações_BDRs_ETFs_FIIs_Units,VLYB34,BRVLYBBDR000,2692000
2026-08-14,2026-07-01,Ações_BDRs_ETFs_FIIs_Units,VRSN34,BRVRSNBDR004,536000
2026-08-14,2026-07-01,Ações_BDRs_ETFs_FIIs_Units,VRTX34,BRVRTXBDR001,2632000
2026-08-14,2026-07-01,Ações_BDRs_ETFs_FIIs_Units,VTRU3,BRVTRUACNOR3,1748000
2026-08-14,2026-07-01,Ações_BDRs_ETFs_FIIs_Units,VULC3,BRVULCACNOR2,3837000
2026-08-14,2026-07-01,Ações_BDRs_ETFs_FIIs_Units,VWRA11,BRVWRACTF002,651000
2026-08-14,2026-07-01,Ações_BDRs_ETFs_FIIs_Units,W1AB34,BRW1ABBDR005,311000
2026-08-14,2026-07-01,Ações_BDRs_ETFs_FIIs_Units,W1BD34,BRW1BDBDR009,1432000
2026-08-14,2026-07-01,Ações_BDRs_ETFs_FIIs_Units,W1DA34,BRW1DABDR001,5362000
2026-08-14,2026-07-01,Ações_BDRs_ETFs_FIIs_Units,W1DC34,BRW1DCBDR007,63000
2026-08-14,2026-07-01,Ações_BDRs_ETFs_FIIs_Units,W1EC34,BRW1ECBDR005,666000
2026-08-14,2026-07-01,Ações_BDRs_ETFs_FIIs_Units,W1EL34,BRW1ELBDR006,347000
2026-08-14,2026-07-01,Ações_BDRs_ETFs_FIIs_Units,W1HR34,BRW1HRBDR006,4136000
2026-08-14,2026-07-01,Ações_BDRs_ETFs_FIIs_Units,W1IX34,BRW1IXBDR002,27436000
2026-08-14,2026-07-01,Ações_BDRs_ETFs_FIIs_Units,W1LT34,BRW1LTBDR004,666000
2026-08-14,2026-07-01,Ações_BDRs_ETFs_FIIs_Units,W1MB34,BRW1MBBDR000,514000
2026-08-14,2026-07-01,Ações_BDRs_ETFs_FIIs_Units,W1MC34,BRW1MCBDR008,2728000
2026-08-14,2026-07-01,Ações_BDRs_ETFs_FIIs_Units,W1MG34,BRW1MGBDR009,4528000
2026-08-14,2026-07-01,Ações_BDRs_ETFs_FIIs_Units,W1RB34,BRW1RBBDR009,5952000
2026-08-14,2026-07-01,Ações_BDRs_ETFs_FIIs_Units,W1SO34,BRW1SOBDR000,2450000
2026-08-14,2026-07-01,Ações_BDRs_ETFs_FIIs_Units,W1YC34,BRW1YCBDR003,1648000
2026-08-14,2026-07-01,Ações_BDRs_ETFs_FIIs_Units,W1YN34,BRW1YNBDR000,770000
2026-08-14,2026-07-01,Ações_BDRs_ETFs_FIIs_Units,W2EX34,BRW2EXBDR009,4259000
2026-08-14,2026-07-01,Ações_BDRs_ETFs_FIIs_Units,W2ST34,BRW2STBDR007,4492000
2026-08-14,2026-07-01,Ações_BDRs_ETFs_FIIs_Units,W2YF34,BRW2YFBDR004,14577000
2026-08-14,2026-07-01,Ações_BDRs_ETFs_FIIs_Units,WABC34,BRWABCBDR007,480000
2026-08-14,2026-07-01,Ações_BDRs_ETFs_FIIs_Units,WALM34,BRWALMBDR005,5233000
2026-08-14,2026-07-01,Ações_BDRs_ETFs_FIIs_Units,WATC34,BRWATCBDR009,419000
2026-08-14,2026-07-01,Ações_BDRs_ETFs_FIIs_Units,WEGE3,BRWEGEACNOR0,19566000
2026-08-14,2026-07-01,Ações_BDRs_ETFs_FIIs_Units,WEJRETF11,BRWEJRCTF009,3340600
2026-08-14,2026-07-01,Ações_BDRs_ETFs_FIIs_Units,WFCO34,BRWFCOBDR009,1879000
2026-08-14,2026-07-01,Ações_BDRs_ETFs_FIIs_Units,WRLD11,BRWRLDCTF007,1871000
2026-08-14,2026-07-01,Ações_BDRs_ETFs_FIIs_Units,WUNI34,BRWUNIBDR007,4756000
2026-08-14,2026-07-01,Ações_BDRs_ETFs_FIIs_Units,X1EL34,BRX1ELBDR005,997000
2026-08-14,2026-07-01,Ações_BDRs_ETFs_FIIs_Units,X1YL34,BRX1YLBDR003,688000
2026-08-14,2026-07-01,Ações_BDRs_ETFs_FIIs_Units,X1YZ34,BRX1YZBDR003,12610000
2026-08-14,2026-07-01,Ações_BDRs_ETFs_FIIs_Units,XB30ETF11,BRXB30CTF007,391900
2026-08-14,2026-07-01,Ações_BDRs_ETFs_FIIs_Units,XB35ETF11,BRXB35CTF006,562900
2026-08-14,2026-07-01,Ações_BDRs_ETFs_FIIs_Units,XB45ETF11,BRXB45CTF005,171400
2026-08-14,2026-07-01,Ações_BDRs_ETFs_FIIs_Units,XB50ETF11,BRXB50CTF005,1958000
2026-08-14,2026-07-01,Ações_BDRs_ETFs_FIIs_Units,XB60ETF11,BRXB60CTF004,244200
2026-08-14,2026-07-01,Ações_BDRs_ETFs_FIIs_Units,XBOV11,BRXBOVCTF005,18526000
2026-08-14,2026-07-01,Ações_BDRs_ETFs_FIIs_Units,XINA11,BRXINACTF006,30657000
2026-08-14,2026-07-01,Ações_BDRs_ETFs_FIIs_Units,XPBR31,BRXPBRBDR001,5206000
2026-08-14,2026-07-01,Ações_BDRs_ETFs_FIIs_Units,XPLG11,BRXPLGCTF002,2700
2026-08-14,2026-07-01,Ações_BDRs_ETFs_FIIs_Units,XPML11,BRXPMLCTF000,2400
2026-08-14,2026-07-01,Ações_BDRs_ETFs_FIIs_Units,XRAY34,BRXRAYBDR005,2252000
2026-08-14,2026-07-01,Ações_BDRs_ETFs_FIIs_Units,Y2PF34,BRY2PFBDR000,835000
2026-08-14,2026-07-01,Ações_BDRs_ETFs_FIIs_Units,YDUQ3,BRYDUQACNOR3,11574000
2026-08-14,2026-07-01,Ações_BDRs_ETFs_FIIs_Units,YUMR34,BRYUMRBDR006,508000
2026-08-14,2026-07-01,Ações_BDRs_ETFs_FIIs_Units,Z1BH34,BRZ1BHBDR007,1794000
2026-08-14,2026-07-01,Ações_BDRs_ETFs_FIIs_Units,Z1BR34,BRZ1BRBDR006,4935000
2026-08-14,2026-07-01,Ações_BDRs_ETFs_FIIs_Units,Z1IO34,BRZ1IOBDR008,653000
2026-08-14,2026-07-01,Ações_BDRs_ETFs_FIIs_Units,Z1OM34,BRZ1OMBDR000,11262000
2026-08-14,2026-07-01,Ações_BDRs_ETFs_FIIs_Units,Z1TA34,BRZ1TABDR004,4085000
2026-08-14,2026-07-01,Ações_BDRs_ETFs_FIIs_Units,Z1TO34,BRZ1TOBDR005,3279000
2026-08-14,2026-07-01,Ações_BDRs_ETFs_FIIs_Units,Z1TS34,BRZ1TSBDR006,7912000
2026-08-14,2026-07-01,Ações_BDRs_ETFs_FIIs_Units,Z2DV34,BRZ2DVBDR002,4637000
2026-08-14,2026-07-01,Ações_BDRs_ETFs_FIIs_Units,Z2IT34,BRZ2ITBDR005,60654000
2026-08-14,2026-07-01,Ações_BDRs_ETFs_FIIs_Units,Z2LL34,BRZ2LLBDR006,15243000
2026-08-14,2026-07-01,Ações_BDRs_ETFs_FIIs_Units,Z2LL35,BRZ2LLBDR014,1891000
2026-08-14,2026-07-01,Ações_BDRs_ETFs_FIIs_Units,Z2SC34,BRZ2SCBDR000,8995000
2026-08-14,2026-07-01,ADR,ELET3 BZ,US15234Q2075,6889000
2026-08-14,2026-07-01,ADR,GGBR4 BZ,US3737371050,49189000
2026-08-14,2026-07-01,ADR,PETR4 BZ,US71654V1017,31092000
2026-08-14,2026-07-01,ADR,BBDC4 BZ,US0594603039,93061000
2026-08-14,2026-07-01,ADR,ABEV3 BZ,US02319V1035,76272000
2026-08-14,2026-07-01,ADR,ITUB4 BZ,US4655621062,70292000
2026-08-14,2026-07-01,ADR,VALE3 BZ,US91912E1055,73158000
2026-08-14,2026-07-01,ADR,BBDC3 BZ,US0594604029,192000
2026-08-14,2026-07-01,ADR,SANB11 BZ,US05967A1079,2922000
2026-08-14,2026-07-01,ADR,BRFS3 BZ,US10552T1079,509000
2026-08-14,2026-07-01,ADR,ELET6 BZ,US15234Q1085,50000
2026-08-14,2026-07-01,ADR,SBSP3 BZ,US20441A1025,19256000
2026-08-14,2026-07-01,ADR,CMIG4 BZ,US2044096012,19746000
2026-08-14,2026-07-01,ADR,CSNA3 BZ,US20440W1053,12522000
2026-08-14,2026-07-01,ADR,EMBR3 BZ,US29082A1079,4277000
2026-08-14,2026-07-01,ADR,PETR3 BZ,US71654V4086,59785000
2026-08-14,2026-07-01,ADR,UGPA3 BZ,US90400P1012,8615000
2026-08-14,2026-07-01,ADR,TIMS3 BZ,US88706T1088,985000
2026-08-14,2026-07-01,ADR,VIVT3 BZ,US87936R2058,2906000
2026-08-14,2026-07-01,ADR,TSLA,US88160R1014,1028000
2026-08-14,2026-07-01,ADR,NVDA,US67066G1040,1940000
2026-08-14,2026-07-01,ADR,AAPL,US0378331005,1317000
2026-08-14,2026-07-01,ADR,MSFT,US5949181045,1056000
2026-08-14,2026-07-01,ADR,AMZN,US0231351067,1648000
2026-08-14,2026-07-01,ADR,GOOGL,US02079K1079,1118000
2026-08-14,2026-07-01,ADR,META,US30303M1027,692000
2026-08-14,2026-07-01,ADR,AXIA7 BZ,US15236F1003,2066700
2026-08-14,2026-07-01,DEB,KLBNA2,BRKLBNDBS004,4700
2026-08-14,2026-07-01,DEB,LCAMC2,BRLCAMDBS0Q4,19400
2026-08-14,2026-07-01,DEB,TIMS12,BRTIMSDBS007,61000
2026-08-14,2026-07-01,DEB,SUZBA0,BRSUZBDBS077,94900
2026-08-14,2026-07-01,DEB,RDORD9,BRRDORDBS0K9,46300
2026-08-14,2026-07-01,DEB,RDORC9,BRRDORDBS0C6,70000
2026-08-14,2026-07-01,DEB,RDORB9,BRRDORDBS0A0,116400
2026-08-14,2026-07-01,DEB,PETR26,BRPETRDBS092,60200
2026-08-14,2026-07-01,DEB,TRPLB4,BRISAEDBS053,52700
2026-08-14,2026-07-01,DEB,LORTA7,BRRENTDBS0K7,51300
2026-08-14,2026-07-01,DEB,LORTB2,BRRENTDBS0P6,112800
2026-08-14,2026-07-01,DEB,MRFGA1,BRMRFGDBS051,36900
2026-08-14,2026-07-01,DEB,RDORD3,BRRDORDBS0Q6,96300
2026-08-14,2026-07-01,DEB,CGASA2,BRCGASDBS0G6,28500
2026-08-14,2026-07-01,DEB,RENTA5,BRRENTDBS0S0,68600
2026-08-14,2026-07-01,DEB,SBSPB1,BRSBSPDBS1X9,82000
2026-08-14,2026-07-01,DEB,KLBNA5,BRKLBNDBS087,73700
2026-08-14,2026-07-01,DEB,SBSPE3,BRSBSPDBS213,63500
2026-08-14,2026-07-01,DEB,VALEA0,BRVALEDBS002,144300
2026-08-14,2026-07-01,DEB,PALFB6,BRPALFDBS0M7,36500
2026-08-14,2026-07-01,DEB,VALEB0,BRVALEDBS0B3,85600
2026-08-14,2026-07-01,DEB,VALEC0,BRVALEDBS0C1,57700
2026-08-14,2026-07-01,DEB,EGIEB4,BREGIEDBS0N8,42100
2026-08-14,2026-07-01,DEB,ISAEA8,BRISAEDBS0H0,23000
2026-08-14,2026-07-01,DEB,ISAEB8,BRISAEDBS0K4,40900
2026-08-14,2026-07-01,DEB,RDORC4,BRRDORDBS0R4,133000
2026-08-14,2026-07-01,DEB,RDORD4,BRRDORDBS0S2,72700
2026-08-14,2026-07-01,DEB,IOCHA3,BRMYPKDBS0C2,36500
2026-08-14,2026-07-01,DEB,AURE13,BRAUREDBS027,123600
2026-08-14,2026-07-01,DEB,AURP12,BRAURPDBS023,96800
2026-08-14,2026-07-01,DEB,ALUP18,BRALUPDBS0C9,41100
2026-08-14,2026-07-01,DEB,CPLD29,BRCPLDDBS0F1,73900
2026-08-14,2026-07-01,DEB,SUZBB1,BRSUZBDBS093,194900
2026-08-14,2026-07-01,DEB,RDORE4,BRRDORDBS0T0,79300
2026-08-14,2026-07-01,DEB,TRPLB7,BRISAEDBS0C1,36300
2026-08-14,2026-07-01,DEB,VALEB1,BRVALEDBS0D9,96800
2026-08-14,2026-07-01,DEB,VALEC1,BRVALEDBS0E7,98200
2026-08-14,2026-07-01,DEB,VALED1,BRVALEDBS0F4,98100
2026-08-14,2026-07-01,DEB,ISAEA9,BRISAEDBS0L2,28100
2026-08-14,2026-07-01,DEB,PETR28,BRPETRDBS0F5,39400
2026-08-14,2026-07-01,DEB,EGIEB5,BREGIEDBS0P3,68500
2026-08-14,2026-07-01,DEB,VBBR18,BRVBBRDBS078,93800
2026-08-14,2026-07-01,DEB,TAEEB8,BRTAEEDBS134,18200
2026-08-14,2026-07-01,DEB,PFOR16,BRPFORDBS025,94300
2026-08-14,2026-07-01,DEB,PFOR26,BRPFORDBS033,47200
2026-08-14,2026-07-01,DEB,RENTE4,BRRENTDBS1H1,85600
2026-08-14,2026-07-01,DEB,AESLA7,BRAESLDBS0R4,27100
2026-08-14,2026-07-01,DEB,EKTRA6,BREKTRDBS0W5,14900
2026-08-14,2026-07-01,DEB,LCAMD3,BRRENTDBS154,22600
2026-08-14,2026-07-01,DEB,ASAIA1,BRASAIDBS0A9,138600
2026-08-14,2026-07-01,DEB,ISAEB0,BRISAEDBS0M0,51200
2026-08-14,2026-07-01,DEB,ISAEC0,BRISAEDBS0N8,51300
2026-08-14,2026-07-01,DEB,SBSPD7,BRSBSPDBS262,173200
2026-08-14,2026-07-01,DEB,SUZB19,BRSUZBDBS051,21900
2026-08-14,2026-07-01,DEB,CEEBD2,BRCEEBDBS138,63600
2026-08-14,2026-07-01,DEB,RDORF8,BRRDORDBS0Z7,174000
2026-08-14,2026-07-01,DEB,VBBR26,BRVBBRDBS052,36100
2026-08-14,2026-07-01,DEB,ASAIA0,BRASAIDBS093,85500
2026-08-14,2026-07-01,DEB,TRPLA7,BRISAEDBS0B3,46900
2026-08-14,2026-07-01,DEB,ISAED1,BRISAEDBS0S7,108400
2026-08-14,2026-07-01,DEB,SBSPI8,BRSBSPDBS288,85100
2026-08-14,2026-07-01,DEB,SBSPK8,BRSBSPDBS2A5,68500
2026-08-14,2026-07-01,DEB,SBSPM8,BRSBSPDBS2C1,48200
2026-08-14,2026-07-01,DEB,NEOE16,BRNEOEDBS047,28300
2026-08-14,2026-07-01,DEB,EGIEA6,BREGIEDBS0Q1,105500
2026-08-14,2026-07-01,DEB,PETR27,BRPETRDBS0C2,62700
2026-08-14,2026-07-01,DEB,SUZB29,BRSUZBDBS069,22700
2026-08-14,2026-07-01,DEB,PETR17,BRPETRDBS0B4,57700
