data_captura,serie_id,nome_serie,fonte,periodo_referencia,data_modificacao
2026-08-20,1737,"IPCA - Série histórica com número-índice, variação mensal e variações acumuladas em 3 meses, em 6 meses, no ano e em 12 meses (a partir de dezembro/1979)",IBGE - Índice Nacional de Preços ao Consumidor Amplo,dezembro de 1979,2008-07-10
2026-08-20,1737,"IPCA - Série histórica com número-índice, variação mensal e variações acumuladas em 3 meses, em 6 meses, no ano e em 12 meses (a partir de dezembro/1979)",IBGE - Índice Nacional de Preços ao Consumidor Amplo,janeiro de 1980,2008-07-10
2026-08-20,1737,"IPCA - Série histórica com número-índice, variação mensal e variações acumuladas em 3 meses, em 6 meses, no ano e em 12 meses (a partir de dezembro/1979)",IBGE - Índice Nacional de Preços ao Consumidor Amplo,fevereiro de 1980,2008-07-10
2026-08-20,1737,"IPCA - Série histórica com número-índice, variação mensal e variações acumuladas em 3 meses, em 6 meses, no ano e em 12 meses (a partir de dezembro/1979)",IBGE - Índice Nacional de Preços ao Consumidor Amplo,março de 1980,2008-07-10
2026-08-20,1737,"IPCA - Série histórica com número-índice, variação mensal e variações acumuladas em 3 meses, em 6 meses, no ano e em 12 meses (a partir de dezembro/1979)",IBGE - Índice Nacional de Preços ao Consumidor Amplo,abril de 1980,2008-07-10
2026-08-20,1737,"IPCA - Série histórica com número-índice, variação mensal e variações acumuladas em 3 meses, em 6 meses, no ano e em 12 meses (a partir de dezembro/1979)",IBGE - Índice Nacional de Preços ao Consumidor Amplo,maio de 1980,2008-07-10
2026-08-20,1737,"IPCA - Série histórica com número-índice, variação mensal e variações acumuladas em 3 meses, em 6 meses, no ano e em 12 meses (a partir de dezembro/1979)",IBGE - Índice Nacional de Preços ao Consumidor Amplo,junho de 1980,2008-07-10
2026-08-20,1737,"IPCA - Série histórica com número-índice, variação mensal e variações acumuladas em 3 meses, em 6 meses, no ano e em 12 meses (a partir de dezembro/1979)",IBGE - Índice Nacional de Preços ao Consumidor Amplo,julho de 1980,2008-07-10
2026-08-20,1737,"IPCA - Série histórica com número-índice, variação mensal e variações acumuladas em 3 meses, em 6 meses, no ano e em 12 meses (a partir de dezembro/1979)",IBGE - Índice Nacional de Preços ao Consumidor Amplo,agosto de 1980,2008-07-10
2026-08-20,1737,"IPCA - Série histórica com número-índice, variação mensal e variações acumuladas em 3 meses, em 6 meses, no ano e em 12 meses (a partir de dezembro/1979)",IBGE - Índice Nacional de Preços ao Consumidor Amplo,setembro de 1980,2008-07-10
2026-08-20,1737,"IPCA - Série histórica com número-índice, variação mensal e variações acumuladas em 3 meses, em 6 meses, no ano e em 12 meses (a partir de dezembro/1979)",IBGE - Índice Nacional de Preços ao Consumidor Amplo,outubro de 1980,2008-07-10
2026-08-20,1737,"IPCA - Série histórica com número-índice, variação mensal e variações acumuladas em 3 meses, em 6 meses, no ano e em 12 meses (a partir de dezembro/1979)",IBGE - Índice Nacional de Preços ao Consumidor Amplo,novembro de 1980,2008-07-10
2026-08-20,1737,"IPCA - Série histórica com número-índice, variação mensal e variações acumuladas em 3 meses, em 6 meses, no ano e em 12 meses (a partir de dezembro/1979)",IBGE - Índice Nacional de Preços ao Consumidor Amplo,dezembro de 1980,2008-07-10
2026-08-20,1737,"IPCA - Série histórica com número-índice, variação mensal e variações acumuladas em 3 meses, em 6 meses, no ano e em 12 meses (a partir de dezembro/1979)",IBGE - Índice Nacional de Preços ao Consumidor Amplo,janeiro de 1981,2008-07-10
2026-08-20,1737,"IPCA - Série histórica com número-índice, variação mensal e variações acumuladas em 3 meses, em 6 meses, no ano e em 12 meses (a partir de dezembro/1979)",IBGE - Índice Nacional de Preços ao Consumidor Amplo,fevereiro de 1981,2008-07-10
2026-08-20,1737,"IPCA - Série histórica com número-índice, variação mensal e variações acumuladas em 3 meses, em 6 meses, no ano e em 12 meses (a partir de dezembro/1979)",IBGE - Índice Nacional de Preços ao Consumidor Amplo,março de 1981,2008-07-10
2026-08-20,1737,"IPCA - Série histórica com número-índice, variação mensal e variações acumuladas em 3 meses, em 6 meses, no ano e em 12 meses (a partir de dezembro/1979)",IBGE - Índice Nacional de Preços ao Consumidor Amplo,abril de 1981,2008-07-10
2026-08-20,1737,"IPCA - Série histórica com número-índice, variação mensal e variações acumuladas em 3 meses, em 6 meses, no ano e em 12 meses (a partir de dezembro/1979)",IBGE - Índice Nacional de Preços ao Consumidor Amplo,maio de 1981,2008-07-10
2026-08-20,1737,"IPCA - Série histórica com número-índice, variação mensal e variações acumuladas em 3 meses, em 6 meses, no ano e em 12 meses (a partir de dezembro/1979)",IBGE - Índice Nacional de Preços ao Consumidor Amplo,junho de 1981,2008-07-10
2026-08-20,1737,"IPCA - Série histórica com número-índice, variação mensal e variações acumuladas em 3 meses, em 6 meses, no ano e em 12 meses (a partir de dezembro/1979)",IBGE - Índice Nacional de Preços ao Consumidor Amplo,julho de 1981,2008-07-10
2026-08-20,1737,"IPCA - Série histórica com número-índice, variação mensal e variações acumuladas em 3 meses, em 6 meses, no ano e em 12 meses (a partir de dezembro/1979)",IBGE - Índice Nacional de Preços ao Consumidor Amplo,agosto de 1981,2008-07-10
2026-08-20,1737,"IPCA - Série histórica com número-índice, variação mensal e variações acumuladas em 3 meses, em 6 meses, no ano e em 12 meses (a partir de dezembro/1979)",IBGE - Índice Nacional de Preços ao Consumidor Amplo,setembro de 1981,2008-07-10
2026-08-20,1737,"IPCA - Série histórica com número-índice, variação mensal e variações acumuladas em 3 meses, em 6 meses, no ano e em 12 meses (a partir de dezembro/1979)",IBGE - Índice Nacional de Preços ao Consumidor Amplo,outubro de 1981,2008-07-10
2026-08-20,1737,"IPCA - Série histórica com número-índice, variação mensal e variações acumuladas em 3 meses, em 6 meses, no ano e em 12 meses (a partir de dezembro/1979)",IBGE - Índice Nacional de Preços ao Consumidor Amplo,novembro de 1981,2008-07-10
2026-08-20,1737,"IPCA - Série histórica com número-índice, variação mensal e variações acumuladas em 3 meses, em 6 meses, no ano e em 12 meses (a partir de dezembro/1979)",IBGE - Índice Nacional de Preços ao Consumidor Amplo,dezembro de 1981,2008-07-10
2026-08-20,1737,"IPCA - Série histórica com número-índice, variação mensal e variações acumuladas em 3 meses, em 6 meses, no ano e em 12 meses (a partir de dezembro/1979)",IBGE - Índice Nacional de Preços ao Consumidor Amplo,janeiro de 1982,2008-07-10
2026-08-20,1737,"IPCA - Série histórica com número-índice, variação mensal e variações acumuladas em 3 meses, em 6 meses, no ano e em 12 meses (a partir de dezembro/1979)",IBGE - Índice Nacional de Preços ao Consumidor Amplo,fevereiro de 1982,2008-07-10
2026-08-20,1737,"IPCA - Série histórica com número-índice, variação mensal e variações acumuladas em 3 meses, em 6 meses, no ano e em 12 meses (a partir de dezembro/1979)",IBGE - Índice Nacional de Preços ao Consumidor Amplo,março de 1982,2008-07-10
2026-08-20,1737,"IPCA - Série histórica com número-índice, variação mensal e variações acumuladas em 3 meses, em 6 meses, no ano e em 12 meses (a partir de dezembro/1979)",IBGE - Índice Nacional de Preços ao Consumidor Amplo,abril de 1982,2008-07-10
2026-08-20,1737,"IPCA - Série histórica com número-índice, variação mensal e variações acumuladas em 3 meses, em 6 meses, no ano e em 12 meses (a partir de dezembro/1979)",IBGE - Índice Nacional de Preços ao Consumidor Amplo,maio de 1982,2008-07-10
2026-08-20,1737,"IPCA - Série histórica com número-índice, variação mensal e variações acumuladas em 3 meses, em 6 meses, no ano e em 12 meses (a partir de dezembro/1979)",IBGE - Índice Nacional de Preços ao Consumidor Amplo,junho de 1982,2008-07-10
2026-08-20,1737,"IPCA - Série histórica com número-índice, variação mensal e variações acumuladas em 3 meses, em 6 meses, no ano e em 12 meses (a partir de dezembro/1979)",IBGE - Índice Nacional de Preços ao Consumidor Amplo,julho de 1982,2008-07-10
2026-08-20,1737,"IPCA - Série histórica com número-índice, variação mensal e variações acumuladas em 3 meses, em 6 meses, no ano e em 12 meses (a partir de dezembro/1979)",IBGE - Índice Nacional de Preços ao Consumidor Amplo,agosto de 1982,2008-07-10
2026-08-20,1737,"IPCA - Série histórica com número-índice, variação mensal e variações acumuladas em 3 meses, em 6 meses, no ano e em 12 meses (a partir de dezembro/1979)",IBGE - Índice Nacional de Preços ao Consumidor Amplo,setembro de 1982,2008-07-10
2026-08-20,1737,"IPCA - Série histórica com número-índice, variação mensal e variações acumuladas em 3 meses, em 6 meses, no ano e em 12 meses (a partir de dezembro/1979)",IBGE - Índice Nacional de Preços ao Consumidor Amplo,outubro de 1982,2008-07-10
2026-08-20,1737,"IPCA - Série histórica com número-índice, variação mensal e variações acumuladas em 3 meses, em 6 meses, no ano e em 12 meses (a partir de dezembro/1979)",IBGE - Índice Nacional de Preços ao Consumidor Amplo,novembro de 1982,2008-07-10
2026-08-20,1737,"IPCA - Série histórica com número-índice, variação mensal e variações acumuladas em 3 meses, em 6 meses, no ano e em 12 meses (a partir de dezembro/1979)",IBGE - Índice Nacional de Preços ao Consumidor Amplo,dezembro de 1982,2008-07-10
2026-08-20,1737,"IPCA - Série histórica com número-índice, variação mensal e variações acumuladas em 3 meses, em 6 meses, no ano e em 12 meses (a partir de dezembro/1979)",IBGE - Índice Nacional de Preços ao Consumidor Amplo,janeiro de 1983,2008-07-10
2026-08-20,1737,"IPCA - Série histórica com número-índice, variação mensal e variações acumuladas em 3 meses, em 6 meses, no ano e em 12 meses (a partir de dezembro/1979)",IBGE - Índice Nacional de Preços ao Consumidor Amplo,fevereiro de 1983,2008-07-10
2026-08-20,1737,"IPCA - Série histórica com número-índice, variação mensal e variações acumuladas em 3 meses, em 6 meses, no ano e em 12 meses (a partir de dezembro/1979)",IBGE - Índice Nacional de Preços ao Consumidor Amplo,março de 1983,2008-07-10
2026-08-20,1737,"IPCA - Série histórica com número-índice, variação mensal e variações acumuladas em 3 meses, em 6 meses, no ano e em 12 meses (a partir de dezembro/1979)",IBGE - Índice Nacional de Preços ao Consumidor Amplo,abril de 1983,2008-07-10
2026-08-20,1737,"IPCA - Série histórica com número-índice, variação mensal e variações acumuladas em 3 meses, em 6 meses, no ano e em 12 meses (a partir de dezembro/1979)",IBGE - Índice Nacional de Preços ao Consumidor Amplo,maio de 1983,2008-07-10
2026-08-20,1737,"IPCA - Série histórica com número-índice, variação mensal e variações acumuladas em 3 meses, em 6 meses, no ano e em 12 meses (a partir de dezembro/1979)",IBGE - Índice Nacional de Preços ao Consumidor Amplo,junho de 1983,2008-07-10
2026-08-20,1737,"IPCA - Série histórica com número-índice, variação mensal e variações acumuladas em 3 meses, em 6 meses, no ano e em 12 meses (a partir de dezembro/1979)",IBGE - Índice Nacional de Preços ao Consumidor Amplo,julho de 1983,2008-07-10
2026-08-20,1737,"IPCA - Série histórica com número-índice, variação mensal e variações acumuladas em 3 meses, em 6 meses, no ano e em 12 meses (a partir de dezembro/1979)",IBGE - Índice Nacional de Preços ao Consumidor Amplo,agosto de 1983,2008-07-10
2026-08-20,1737,"IPCA - Série histórica com número-índice, variação mensal e variações acumuladas em 3 meses, em 6 meses, no ano e em 12 meses (a partir de dezembro/1979)",IBGE - Índice Nacional de Preços ao Consumidor Amplo,setembro de 1983,2008-07-10
2026-08-20,1737,"IPCA - Série histórica com número-índice, variação mensal e variações acumuladas em 3 meses, em 6 meses, no ano e em 12 meses (a partir de dezembro/1979)",IBGE - Índice Nacional de Preços ao Consumidor Amplo,outubro de 1983,2008-07-10
2026-08-20,1737,"IPCA - Série histórica com número-índice, variação mensal e variações acumuladas em 3 meses, em 6 meses, no ano e em 12 meses (a partir de dezembro/1979)",IBGE - Índice Nacional de Preços ao Consumidor Amplo,novembro de 1983,2008-07-10
2026-08-20,1737,"IPCA - Série histórica com número-índice, variação mensal e variações acumuladas em 3 meses, em 6 meses, no ano e em 12 meses (a partir de dezembro/1979)",IBGE - Índice Nacional de Preços ao Consumidor Amplo,dezembro de 1983,2008-07-10
2026-08-20,1737,"IPCA - Série histórica com número-índice, variação mensal e variações acumuladas em 3 meses, em 6 meses, no ano e em 12 meses (a partir de dezembro/1979)",IBGE - Índice Nacional de Preços ao Consumidor Amplo,janeiro de 1984,2008-07-10
2026-08-20,1737,"IPCA - Série histórica com número-índice, variação mensal e variações acumuladas em 3 meses, em 6 meses, no ano e em 12 meses (a partir de dezembro/1979)",IBGE - Índice Nacional de Preços ao Consumidor Amplo,fevereiro de 1984,2008-07-10
2026-08-20,1737,"IPCA - Série histórica com número-índice, variação mensal e variações acumuladas em 3 meses, em 6 meses, no ano e em 12 meses (a partir de dezembro/1979)",IBGE - Índice Nacional de Preços ao Consumidor Amplo,março de 1984,2008-07-10
2026-08-20,1737,"IPCA - Série histórica com número-índice, variação mensal e variações acumuladas em 3 meses, em 6 meses, no ano e em 12 meses (a partir de dezembro/1979)",IBGE - Índice Nacional de Preços ao Consumidor Amplo,abril de 1984,2008-07-10
2026-08-20,1737,"IPCA - Série histórica com número-índice, variação mensal e variações acumuladas em 3 meses, em 6 meses, no ano e em 12 meses (a partir de dezembro/1979)",IBGE - Índice Nacional de Preços ao Consumidor Amplo,maio de 1984,2008-07-10
2026-08-20,1737,"IPCA - Série histórica com número-índice, variação mensal e variações acumuladas em 3 meses, em 6 meses, no ano e em 12 meses (a partir de dezembro/1979)",IBGE - Índice Nacional de Preços ao Consumidor Amplo,junho de 1984,2008-07-10
2026-08-20,1737,"IPCA - Série histórica com número-índice, variação mensal e variações acumuladas em 3 meses, em 6 meses, no ano e em 12 meses (a partir de dezembro/1979)",IBGE - Índice Nacional de Preços ao Consumidor Amplo,julho de 1984,2008-07-10
2026-08-20,1737,"IPCA - Série histórica com número-índice, variação mensal e variações acumuladas em 3 meses, em 6 meses, no ano e em 12 meses (a partir de dezembro/1979)",IBGE - Índice Nacional de Preços ao Consumidor Amplo,agosto de 1984,2008-07-10
2026-08-20,1737,"IPCA - Série histórica com número-índice, variação mensal e variações acumuladas em 3 meses, em 6 meses, no ano e em 12 meses (a partir de dezembro/1979)",IBGE - Índice Nacional de Preços ao Consumidor Amplo,setembro de 1984,2008-07-10
2026-08-20,1737,"IPCA - Série histórica com número-índice, variação mensal e variações acumuladas em 3 meses, em 6 meses, no ano e em 12 meses (a partir de dezembro/1979)",IBGE - Índice Nacional de Preços ao Consumidor Amplo,outubro de 1984,2008-07-10
2026-08-20,1737,"IPCA - Série histórica com número-índice, variação mensal e variações acumuladas em 3 meses, em 6 meses, no ano e em 12 meses (a partir de dezembro/1979)",IBGE - Índice Nacional de Preços ao Consumidor Amplo,novembro de 1984,2008-07-10
2026-08-20,1737,"IPCA - Série histórica com número-índice, variação mensal e variações acumuladas em 3 meses, em 6 meses, no ano e em 12 meses (a partir de dezembro/1979)",IBGE - Índice Nacional de Preços ao Consumidor Amplo,dezembro de 1984,2008-07-10
2026-08-20,1737,"IPCA - Série histórica com número-índice, variação mensal e variações acumuladas em 3 meses, em 6 meses, no ano e em 12 meses (a partir de dezembro/1979)",IBGE - Índice Nacional de Preços ao Consumidor Amplo,janeiro de 1985,2008-07-10
2026-08-20,1737,"IPCA - Série histórica com número-índice, variação mensal e variações acumuladas em 3 meses, em 6 meses, no ano e em 12 meses (a partir de dezembro/1979)",IBGE - Índice Nacional de Preços ao Consumidor Amplo,fevereiro de 1985,2008-07-10
2026-08-20,1737,"IPCA - Série histórica com número-índice, variação mensal e variações acumuladas em 3 meses, em 6 meses, no ano e em 12 meses (a partir de dezembro/1979)",IBGE - Índice Nacional de Preços ao Consumidor Amplo,março de 1985,2008-07-10
2026-08-20,1737,"IPCA - Série histórica com número-índice, variação mensal e variações acumuladas em 3 meses, em 6 meses, no ano e em 12 meses (a partir de dezembro/1979)",IBGE - Índice Nacional de Preços ao Consumidor Amplo,abril de 1985,2008-07-10
2026-08-20,1737,"IPCA - Série histórica com número-índice, variação mensal e variações acumuladas em 3 meses, em 6 meses, no ano e em 12 meses (a partir de dezembro/1979)",IBGE - Índice Nacional de Preços ao Consumidor Amplo,maio de 1985,2008-07-10
2026-08-20,1737,"IPCA - Série histórica com número-índice, variação mensal e variações acumuladas em 3 meses, em 6 meses, no ano e em 12 meses (a partir de dezembro/1979)",IBGE - Índice Nacional de Preços ao Consumidor Amplo,junho de 1985,2008-07-10
2026-08-20,1737,"IPCA - Série histórica com número-índice, variação mensal e variações acumuladas em 3 meses, em 6 meses, no ano e em 12 meses (a partir de dezembro/1979)",IBGE - Índice Nacional de Preços ao Consumidor Amplo,julho de 1985,2008-07-10
2026-08-20,1737,"IPCA - Série histórica com número-índice, variação mensal e variações acumuladas em 3 meses, em 6 meses, no ano e em 12 meses (a partir de dezembro/1979)",IBGE - Índice Nacional de Preços ao Consumidor Amplo,agosto de 1985,2008-07-10
2026-08-20,1737,"IPCA - Série histórica com número-índice, variação mensal e variações acumuladas em 3 meses, em 6 meses, no ano e em 12 meses (a partir de dezembro/1979)",IBGE - Índice Nacional de Preços ao Consumidor Amplo,setembro de 1985,2008-07-10
2026-08-20,1737,"IPCA - Série histórica com número-índice, variação mensal e variações acumuladas em 3 meses, em 6 meses, no ano e em 12 meses (a partir de dezembro/1979)",IBGE - Índice Nacional de Preços ao Consumidor Amplo,outubro de 1985,2008-07-10
2026-08-20,1737,"IPCA - Série histórica com número-índice, variação mensal e variações acumuladas em 3 meses, em 6 meses, no ano e em 12 meses (a partir de dezembro/1979)",IBGE - Índice Nacional de Preços ao Consumidor Amplo,novembro de 1985,2008-07-10
2026-08-20,1737,"IPCA - Série histórica com número-índice, variação mensal e variações acumuladas em 3 meses, em 6 meses, no ano e em 12 meses (a partir de dezembro/1979)",IBGE - Índice Nacional de Preços ao Consumidor Amplo,dezembro de 1985,2008-07-10
2026-08-20,1737,"IPCA - Série histórica com número-índice, variação mensal e variações acumuladas em 3 meses, em 6 meses, no ano e em 12 meses (a partir de dezembro/1979)",IBGE - Índice Nacional de Preços ao Consumidor Amplo,janeiro de 1986,2008-07-10
2026-08-20,1737,"IPCA - Série histórica com número-índice, variação mensal e variações acumuladas em 3 meses, em 6 meses, no ano e em 12 meses (a partir de dezembro/1979)",IBGE - Índice Nacional de Preços ao Consumidor Amplo,fevereiro de 1986,2008-07-10
2026-08-20,1737,"IPCA - Série histórica com número-índice, variação mensal e variações acumuladas em 3 meses, em 6 meses, no ano e em 12 meses (a partir de dezembro/1979)",IBGE - Índice Nacional de Preços ao Consumidor Amplo,março de 1986,2008-07-10
2026-08-20,1737,"IPCA - Série histórica com número-índice, variação mensal e variações acumuladas em 3 meses, em 6 meses, no ano e em 12 meses (a partir de dezembro/1979)",IBGE - Índice Nacional de Preços ao Consumidor Amplo,abril de 1986,2008-07-10
2026-08-20,1737,"IPCA - Série histórica com número-índice, variação mensal e variações acumuladas em 3 meses, em 6 meses, no ano e em 12 meses (a partir de dezembro/1979)",IBGE - Índice Nacional de Preços ao Consumidor Amplo,maio de 1986,2008-07-10
2026-08-20,1737,"IPCA - Série histórica com número-índice, variação mensal e variações acumuladas em 3 meses, em 6 meses, no ano e em 12 meses (a partir de dezembro/1979)",IBGE - Índice Nacional de Preços ao Consumidor Amplo,junho de 1986,2008-07-10
2026-08-20,1737,"IPCA - Série histórica com número-índice, variação mensal e variações acumuladas em 3 meses, em 6 meses, no ano e em 12 meses (a partir de dezembro/1979)",IBGE - Índice Nacional de Preços ao Consumidor Amplo,julho de 1986,2008-07-10
2026-08-20,1737,"IPCA - Série histórica com número-índice, variação mensal e variações acumuladas em 3 meses, em 6 meses, no ano e em 12 meses (a partir de dezembro/1979)",IBGE - Índice Nacional de Preços ao Consumidor Amplo,agosto de 1986,2008-07-10
2026-08-20,1737,"IPCA - Série histórica com número-índice, variação mensal e variações acumuladas em 3 meses, em 6 meses, no ano e em 12 meses (a partir de dezembro/1979)",IBGE - Índice Nacional de Preços ao Consumidor Amplo,setembro de 1986,2008-07-10
2026-08-20,1737,"IPCA - Série histórica com número-índice, variação mensal e variações acumuladas em 3 meses, em 6 meses, no ano e em 12 meses (a partir de dezembro/1979)",IBGE - Índice Nacional de Preços ao Consumidor Amplo,outubro de 1986,2008-07-10
2026-08-20,1737,"IPCA - Série histórica com número-índice, variação mensal e variações acumuladas em 3 meses, em 6 meses, no ano e em 12 meses (a partir de dezembro/1979)",IBGE - Índice Nacional de Preços ao Consumidor Amplo,novembro de 1986,2008-07-10
2026-08-20,1737,"IPCA - Série histórica com número-índice, variação mensal e variações acumuladas em 3 meses, em 6 meses, no ano e em 12 meses (a partir de dezembro/1979)",IBGE - Índice Nacional de Preços ao Consumidor Amplo,dezembro de 1986,2008-07-10
2026-08-20,1737,"IPCA - Série histórica com número-índice, variação mensal e variações acumuladas em 3 meses, em 6 meses, no ano e em 12 meses (a partir de dezembro/1979)",IBGE - Índice Nacional de Preços ao Consumidor Amplo,janeiro de 1987,2008-07-10
2026-08-20,1737,"IPCA - Série histórica com número-índice, variação mensal e variações acumuladas em 3 meses, em 6 meses, no ano e em 12 meses (a partir de dezembro/1979)",IBGE - Índice Nacional de Preços ao Consumidor Amplo,fevereiro de 1987,2008-07-10
2026-08-20,1737,"IPCA - Série histórica com número-índice, variação mensal e variações acumuladas em 3 meses, em 6 meses, no ano e em 12 meses (a partir de dezembro/1979)",IBGE - Índice Nacional de Preços ao Consumidor Amplo,março de 1987,2008-07-10
2026-08-20,1737,"IPCA - Série histórica com número-índice, variação mensal e variações acumuladas em 3 meses, em 6 meses, no ano e em 12 meses (a partir de dezembro/1979)",IBGE - Índice Nacional de Preços ao Consumidor Amplo,abril de 1987,2008-07-10
2026-08-20,1737,"IPCA - Série histórica com número-índice, variação mensal e variações acumuladas em 3 meses, em 6 meses, no ano e em 12 meses (a partir de dezembro/1979)",IBGE - Índice Nacional de Preços ao Consumidor Amplo,maio de 1987,2008-07-10
2026-08-20,1737,"IPCA - Série histórica com número-índice, variação mensal e variações acumuladas em 3 meses, em 6 meses, no ano e em 12 meses (a partir de dezembro/1979)",IBGE - Índice Nacional de Preços ao Consumidor Amplo,junho de 1987,2008-07-10
2026-08-20,1737,"IPCA - Série histórica com número-índice, variação mensal e variações acumuladas em 3 meses, em 6 meses, no ano e em 12 meses (a partir de dezembro/1979)",IBGE - Índice Nacional de Preços ao Consumidor Amplo,julho de 1987,2008-07-10
2026-08-20,1737,"IPCA - Série histórica com número-índice, variação mensal e variações acumuladas em 3 meses, em 6 meses, no ano e em 12 meses (a partir de dezembro/1979)",IBGE - Índice Nacional de Preços ao Consumidor Amplo,agosto de 1987,2008-07-10
2026-08-20,1737,"IPCA - Série histórica com número-índice, variação mensal e variações acumuladas em 3 meses, em 6 meses, no ano e em 12 meses (a partir de dezembro/1979)",IBGE - Índice Nacional de Preços ao Consumidor Amplo,setembro de 1987,2008-07-10
2026-08-20,1737,"IPCA - Série histórica com número-índice, variação mensal e variações acumuladas em 3 meses, em 6 meses, no ano e em 12 meses (a partir de dezembro/1979)",IBGE - Índice Nacional de Preços ao Consumidor Amplo,outubro de 1987,2008-07-10
2026-08-20,1737,"IPCA - Série histórica com número-índice, variação mensal e variações acumuladas em 3 meses, em 6 meses, no ano e em 12 meses (a partir de dezembro/1979)",IBGE - Índice Nacional de Preços ao Consumidor Amplo,novembro de 1987,2008-07-10
2026-08-20,1737,"IPCA - Série histórica com número-índice, variação mensal e variações acumuladas em 3 meses, em 6 meses, no ano e em 12 meses (a partir de dezembro/1979)",IBGE - Índice Nacional de Preços ao Consumidor Amplo,dezembro de 1987,2008-07-10
2026-08-20,1737,"IPCA - Série histórica com número-índice, variação mensal e variações acumuladas em 3 meses, em 6 meses, no ano e em 12 meses (a partir de dezembro/1979)",IBGE - Índice Nacional de Preços ao Consumidor Amplo,janeiro de 1988,2008-07-10
2026-08-20,1737,"IPCA - Série histórica com número-índice, variação mensal e variações acumuladas em 3 meses, em 6 meses, no ano e em 12 meses (a partir de dezembro/1979)",IBGE - Índice Nacional de Preços ao Consumidor Amplo,fevereiro de 1988,2008-07-10
2026-08-20,1737,"IPCA - Série histórica com número-índice, variação mensal e variações acumuladas em 3 meses, em 6 meses, no ano e em 12 meses (a partir de dezembro/1979)",IBGE - Índice Nacional de Preços ao Consumidor Amplo,março de 1988,2008-07-10
2026-08-20,1737,"IPCA - Série histórica com número-índice, variação mensal e variações acumuladas em 3 meses, em 6 meses, no ano e em 12 meses (a partir de dezembro/1979)",IBGE - Índice Nacional de Preços ao Consumidor Amplo,abril de 1988,2008-07-10
2026-08-20,1737,"IPCA - Série histórica com número-índice, variação mensal e variações acumuladas em 3 meses, em 6 meses, no ano e em 12 meses (a partir de dezembro/1979)",IBGE - Índice Nacional de Preços ao Consumidor Amplo,maio de 1988,2008-07-10
2026-08-20,1737,"IPCA - Série histórica com número-índice, variação mensal e variações acumuladas em 3 meses, em 6 meses, no ano e em 12 meses (a partir de dezembro/1979)",IBGE - Índice Nacional de Preços ao Consumidor Amplo,junho de 1988,2008-07-10
2026-08-20,1737,"IPCA - Série histórica com número-índice, variação mensal e variações acumuladas em 3 meses, em 6 meses, no ano e em 12 meses (a partir de dezembro/1979)",IBGE - Índice Nacional de Preços ao Consumidor Amplo,julho de 1988,2008-07-10
2026-08-20,1737,"IPCA - Série histórica com número-índice, variação mensal e variações acumuladas em 3 meses, em 6 meses, no ano e em 12 meses (a partir de dezembro/1979)",IBGE - Índice Nacional de Preços ao Consumidor Amplo,agosto de 1988,2008-07-10
2026-08-20,1737,"IPCA - Série histórica com número-índice, variação mensal e variações acumuladas em 3 meses, em 6 meses, no ano e em 12 meses (a partir de dezembro/1979)",IBGE - Índice Nacional de Preços ao Consumidor Amplo,setembro de 1988,2008-07-10
2026-08-20,1737,"IPCA - Série histórica com número-índice, variação mensal e variações acumuladas em 3 meses, em 6 meses, no ano e em 12 meses (a partir de dezembro/1979)",IBGE - Índice Nacional de Preços ao Consumidor Amplo,outubro de 1988,2008-07-10
2026-08-20,1737,"IPCA - Série histórica com número-índice, variação mensal e variações acumuladas em 3 meses, em 6 meses, no ano e em 12 meses (a partir de dezembro/1979)",IBGE - Índice Nacional de Preços ao Consumidor Amplo,novembro de 1988,2008-07-10
2026-08-20,1737,"IPCA - Série histórica com número-índice, variação mensal e variações acumuladas em 3 meses, em 6 meses, no ano e em 12 meses (a partir de dezembro/1979)",IBGE - Índice Nacional de Preços ao Consumidor Amplo,dezembro de 1988,2008-07-10
2026-08-20,1737,"IPCA - Série histórica com número-índice, variação mensal e variações acumuladas em 3 meses, em 6 meses, no ano e em 12 meses (a partir de dezembro/1979)",IBGE - Índice Nacional de Preços ao Consumidor Amplo,janeiro de 1989,2008-07-10
2026-08-20,1737,"IPCA - Série histórica com número-índice, variação mensal e variações acumuladas em 3 meses, em 6 meses, no ano e em 12 meses (a partir de dezembro/1979)",IBGE - Índice Nacional de Preços ao Consumidor Amplo,fevereiro de 1989,2008-07-10
2026-08-20,1737,"IPCA - Série histórica com número-índice, variação mensal e variações acumuladas em 3 meses, em 6 meses, no ano e em 12 meses (a partir de dezembro/1979)",IBGE - Índice Nacional de Preços ao Consumidor Amplo,março de 1989,2008-07-10
2026-08-20,1737,"IPCA - Série histórica com número-índice, variação mensal e variações acumuladas em 3 meses, em 6 meses, no ano e em 12 meses (a partir de dezembro/1979)",IBGE - Índice Nacional de Preços ao Consumidor Amplo,abril de 1989,2008-07-10
2026-08-20,1737,"IPCA - Série histórica com número-índice, variação mensal e variações acumuladas em 3 meses, em 6 meses, no ano e em 12 meses (a partir de dezembro/1979)",IBGE - Índice Nacional de Preços ao Consumidor Amplo,maio de 1989,2008-07-10
2026-08-20,1737,"IPCA - Série histórica com número-índice, variação mensal e variações acumuladas em 3 meses, em 6 meses, no ano e em 12 meses (a partir de dezembro/1979)",IBGE - Índice Nacional de Preços ao Consumidor Amplo,junho de 1989,2008-07-10
2026-08-20,1737,"IPCA - Série histórica com número-índice, variação mensal e variações acumuladas em 3 meses, em 6 meses, no ano e em 12 meses (a partir de dezembro/1979)",IBGE - Índice Nacional de Preços ao Consumidor Amplo,julho de 1989,2008-07-10
2026-08-20,1737,"IPCA - Série histórica com número-índice, variação mensal e variações acumuladas em 3 meses, em 6 meses, no ano e em 12 meses (a partir de dezembro/1979)",IBGE - Índice Nacional de Preços ao Consumidor Amplo,agosto de 1989,2008-07-10
2026-08-20,1737,"IPCA - Série histórica com número-índice, variação mensal e variações acumuladas em 3 meses, em 6 meses, no ano e em 12 meses (a partir de dezembro/1979)",IBGE - Índice Nacional de Preços ao Consumidor Amplo,setembro de 1989,2008-07-10
2026-08-20,1737,"IPCA - Série histórica com número-índice, variação mensal e variações acumuladas em 3 meses, em 6 meses, no ano e em 12 meses (a partir de dezembro/1979)",IBGE - Índice Nacional de Preços ao Consumidor Amplo,outubro de 1989,2008-07-10
2026-08-20,1737,"IPCA - Série histórica com número-índice, variação mensal e variações acumuladas em 3 meses, em 6 meses, no ano e em 12 meses (a partir de dezembro/1979)",IBGE - Índice Nacional de Preços ao Consumidor Amplo,novembro de 1989,2008-07-10
2026-08-20,1737,"IPCA - Série histórica com número-índice, variação mensal e variações acumuladas em 3 meses, em 6 meses, no ano e em 12 meses (a partir de dezembro/1979)",IBGE - Índice Nacional de Preços ao Consumidor Amplo,dezembro de 1989,2008-07-10
2026-08-20,1737,"IPCA - Série histórica com número-índice, variação mensal e variações acumuladas em 3 meses, em 6 meses, no ano e em 12 meses (a partir de dezembro/1979)",IBGE - Índice Nacional de Preços ao Consumidor Amplo,janeiro de 1990,2008-07-10
2026-08-20,1737,"IPCA - Série histórica com número-índice, variação mensal e variações acumuladas em 3 meses, em 6 meses, no ano e em 12 meses (a partir de dezembro/1979)",IBGE - Índice Nacional de Preços ao Consumidor Amplo,fevereiro de 1990,2008-07-10
2026-08-20,1737,"IPCA - Série histórica com número-índice, variação mensal e variações acumuladas em 3 meses, em 6 meses, no ano e em 12 meses (a partir de dezembro/1979)",IBGE - Índice Nacional de Preços ao Consumidor Amplo,março de 1990,2008-07-10
2026-08-20,1737,"IPCA - Série histórica com número-índice, variação mensal e variações acumuladas em 3 meses, em 6 meses, no ano e em 12 meses (a partir de dezembro/1979)",IBGE - Índice Nacional de Preços ao Consumidor Amplo,abril de 1990,2008-07-10
2026-08-20,1737,"IPCA - Série histórica com número-índice, variação mensal e variações acumuladas em 3 meses, em 6 meses, no ano e em 12 meses (a partir de dezembro/1979)",IBGE - Índice Nacional de Preços ao Consumidor Amplo,maio de 1990,2008-07-10
2026-08-20,1737,"IPCA - Série histórica com número-índice, variação mensal e variações acumuladas em 3 meses, em 6 meses, no ano e em 12 meses (a partir de dezembro/1979)",IBGE - Índice Nacional de Preços ao Consumidor Amplo,junho de 1990,2008-07-10
2026-08-20,1737,"IPCA - Série histórica com número-índice, variação mensal e variações acumuladas em 3 meses, em 6 meses, no ano e em 12 meses (a partir de dezembro/1979)",IBGE - Índice Nacional de Preços ao Consumidor Amplo,julho de 1990,2008-07-10
2026-08-20,1737,"IPCA - Série histórica com número-índice, variação mensal e variações acumuladas em 3 meses, em 6 meses, no ano e em 12 meses (a partir de dezembro/1979)",IBGE - Índice Nacional de Preços ao Consumidor Amplo,agosto de 1990,2008-07-10
2026-08-20,1737,"IPCA - Série histórica com número-índice, variação mensal e variações acumuladas em 3 meses, em 6 meses, no ano e em 12 meses (a partir de dezembro/1979)",IBGE - Índice Nacional de Preços ao Consumidor Amplo,setembro de 1990,2008-07-10
2026-08-20,1737,"IPCA - Série histórica com número-índice, variação mensal e variações acumuladas em 3 meses, em 6 meses, no ano e em 12 meses (a partir de dezembro/1979)",IBGE - Índice Nacional de Preços ao Consumidor Amplo,outubro de 1990,2008-07-10
2026-08-20,1737,"IPCA - Série histórica com número-índice, variação mensal e variações acumuladas em 3 meses, em 6 meses, no ano e em 12 meses (a partir de dezembro/1979)",IBGE - Índice Nacional de Preços ao Consumidor Amplo,novembro de 1990,2008-07-10
2026-08-20,1737,"IPCA - Série histórica com número-índice, variação mensal e variações acumuladas em 3 meses, em 6 meses, no ano e em 12 meses (a partir de dezembro/1979)",IBGE - Índice Nacional de Preços ao Consumidor Amplo,dezembro de 1990,2008-07-10
2026-08-20,1737,"IPCA - Série histórica com número-índice, variação mensal e variações acumuladas em 3 meses, em 6 meses, no ano e em 12 meses (a partir de dezembro/1979)",IBGE - Índice Nacional de Preços ao Consumidor Amplo,janeiro de 1991,2008-07-10
2026-08-20,1737,"IPCA - Série histórica com número-índice, variação mensal e variações acumuladas em 3 meses, em 6 meses, no ano e em 12 meses (a partir de dezembro/1979)",IBGE - Índice Nacional de Preços ao Consumidor Amplo,fevereiro de 1991,2008-07-10
2026-08-20,1737,"IPCA - Série histórica com número-índice, variação mensal e variações acumuladas em 3 meses, em 6 meses, no ano e em 12 meses (a partir de dezembro/1979)",IBGE - Índice Nacional de Preços ao Consumidor Amplo,março de 1991,2008-07-10
2026-08-20,1737,"IPCA - Série histórica com número-índice, variação mensal e variações acumuladas em 3 meses, em 6 meses, no ano e em 12 meses (a partir de dezembro/1979)",IBGE - Índice Nacional de Preços ao Consumidor Amplo,abril de 1991,2008-07-10
2026-08-20,1737,"IPCA - Série histórica com número-índice, variação mensal e variações acumuladas em 3 meses, em 6 meses, no ano e em 12 meses (a partir de dezembro/1979)",IBGE - Índice Nacional de Preços ao Consumidor Amplo,maio de 1991,2008-07-10
2026-08-20,1737,"IPCA - Série histórica com número-índice, variação mensal e variações acumuladas em 3 meses, em 6 meses, no ano e em 12 meses (a partir de dezembro/1979)",IBGE - Índice Nacional de Preços ao Consumidor Amplo,junho de 1991,2008-07-10
2026-08-20,1737,"IPCA - Série histórica com número-índice, variação mensal e variações acumuladas em 3 meses, em 6 meses, no ano e em 12 meses (a partir de dezembro/1979)",IBGE - Índice Nacional de Preços ao Consumidor Amplo,julho de 1991,2008-07-10
2026-08-20,1737,"IPCA - Série histórica com número-índice, variação mensal e variações acumuladas em 3 meses, em 6 meses, no ano e em 12 meses (a partir de dezembro/1979)",IBGE - Índice Nacional de Preços ao Consumidor Amplo,agosto de 1991,2008-07-10
2026-08-20,1737,"IPCA - Série histórica com número-índice, variação mensal e variações acumuladas em 3 meses, em 6 meses, no ano e em 12 meses (a partir de dezembro/1979)",IBGE - Índice Nacional de Preços ao Consumidor Amplo,setembro de 1991,2008-07-10
2026-08-20,1737,"IPCA - Série histórica com número-índice, variação mensal e variações acumuladas em 3 meses, em 6 meses, no ano e em 12 meses (a partir de dezembro/1979)",IBGE - Índice Nacional de Preços ao Consumidor Amplo,outubro de 1991,2008-07-10
2026-08-20,1737,"IPCA - Série histórica com número-índice, variação mensal e variações acumuladas em 3 meses, em 6 meses, no ano e em 12 meses (a partir de dezembro/1979)",IBGE - Índice Nacional de Preços ao Consumidor Amplo,novembro de 1991,2008-07-10
2026-08-20,1737,"IPCA - Série histórica com número-índice, variação mensal e variações acumuladas em 3 meses, em 6 meses, no ano e em 12 meses (a partir de dezembro/1979)",IBGE - Índice Nacional de Preços ao Consumidor Amplo,dezembro de 1991,2008-07-10
2026-08-20,1737,"IPCA - Série histórica com número-índice, variação mensal e variações acumuladas em 3 meses, em 6 meses, no ano e em 12 meses (a partir de dezembro/1979)",IBGE - Índice Nacional de Preços ao Consumidor Amplo,janeiro de 1992,2008-07-10
2026-08-20,1737,"IPCA - Série histórica com número-índice, variação mensal e variações acumuladas em 3 meses, em 6 meses, no ano e em 12 meses (a partir de dezembro/1979)",IBGE - Índice Nacional de Preços ao Consumidor Amplo,fevereiro de 1992,2008-07-10
2026-08-20,1737,"IPCA - Série histórica com número-índice, variação mensal e variações acumuladas em 3 meses, em 6 meses, no ano e em 12 meses (a partir de dezembro/1979)",IBGE - Índice Nacional de Preços ao Consumidor Amplo,março de 1992,2008-07-10
2026-08-20,1737,"IPCA - Série histórica com número-índice, variação mensal e variações acumuladas em 3 meses, em 6 meses, no ano e em 12 meses (a partir de dezembro/1979)",IBGE - Índice Nacional de Preços ao Consumidor Amplo,abril de 1992,2008-07-10
2026-08-20,1737,"IPCA - Série histórica com número-índice, variação mensal e variações acumuladas em 3 meses, em 6 meses, no ano e em 12 meses (a partir de dezembro/1979)",IBGE - Índice Nacional de Preços ao Consumidor Amplo,maio de 1992,2008-07-10
2026-08-20,1737,"IPCA - Série histórica com número-índice, variação mensal e variações acumuladas em 3 meses, em 6 meses, no ano e em 12 meses (a partir de dezembro/1979)",IBGE - Índice Nacional de Preços ao Consumidor Amplo,junho de 1992,2008-07-10
2026-08-20,1737,"IPCA - Série histórica com número-índice, variação mensal e variações acumuladas em 3 meses, em 6 meses, no ano e em 12 meses (a partir de dezembro/1979)",IBGE - Índice Nacional de Preços ao Consumidor Amplo,julho de 1992,2008-07-10
2026-08-20,1737,"IPCA - Série histórica com número-índice, variação mensal e variações acumuladas em 3 meses, em 6 meses, no ano e em 12 meses (a partir de dezembro/1979)",IBGE - Índice Nacional de Preços ao Consumidor Amplo,agosto de 1992,2008-07-10
2026-08-20,1737,"IPCA - Série histórica com número-índice, variação mensal e variações acumuladas em 3 meses, em 6 meses, no ano e em 12 meses (a partir de dezembro/1979)",IBGE - Índice Nacional de Preços ao Consumidor Amplo,setembro de 1992,2008-07-10
2026-08-20,1737,"IPCA - Série histórica com número-índice, variação mensal e variações acumuladas em 3 meses, em 6 meses, no ano e em 12 meses (a partir de dezembro/1979)",IBGE - Índice Nacional de Preços ao Consumidor Amplo,outubro de 1992,2008-07-10
2026-08-20,1737,"IPCA - Série histórica com número-índice, variação mensal e variações acumuladas em 3 meses, em 6 meses, no ano e em 12 meses (a partir de dezembro/1979)",IBGE - Índice Nacional de Preços ao Consumidor Amplo,novembro de 1992,2008-07-10
2026-08-20,1737,"IPCA - Série histórica com número-índice, variação mensal e variações acumuladas em 3 meses, em 6 meses, no ano e em 12 meses (a partir de dezembro/1979)",IBGE - Índice Nacional de Preços ao Consumidor Amplo,dezembro de 1992,2008-07-10
2026-08-20,1737,"IPCA - Série histórica com número-índice, variação mensal e variações acumuladas em 3 meses, em 6 meses, no ano e em 12 meses (a partir de dezembro/1979)",IBGE - Índice Nacional de Preços ao Consumidor Amplo,janeiro de 1993,2008-07-10
2026-08-20,1737,"IPCA - Série histórica com número-índice, variação mensal e variações acumuladas em 3 meses, em 6 meses, no ano e em 12 meses (a partir de dezembro/1979)",IBGE - Índice Nacional de Preços ao Consumidor Amplo,fevereiro de 1993,2008-07-10
2026-08-20,1737,"IPCA - Série histórica com número-índice, variação mensal e variações acumuladas em 3 meses, em 6 meses, no ano e em 12 meses (a partir de dezembro/1979)",IBGE - Índice Nacional de Preços ao Consumidor Amplo,março de 1993,2008-07-10
2026-08-20,1737,"IPCA - Série histórica com número-índice, variação mensal e variações acumuladas em 3 meses, em 6 meses, no ano e em 12 meses (a partir de dezembro/1979)",IBGE - Índice Nacional de Preços ao Consumidor Amplo,abril de 1993,2008-07-10
2026-08-20,1737,"IPCA - Série histórica com número-índice, variação mensal e variações acumuladas em 3 meses, em 6 meses, no ano e em 12 meses (a partir de dezembro/1979)",IBGE - Índice Nacional de Preços ao Consumidor Amplo,maio de 1993,2008-07-10
2026-08-20,1737,"IPCA - Série histórica com número-índice, variação mensal e variações acumuladas em 3 meses, em 6 meses, no ano e em 12 meses (a partir de dezembro/1979)",IBGE - Índice Nacional de Preços ao Consumidor Amplo,junho de 1993,2008-07-10
2026-08-20,1737,"IPCA - Série histórica com número-índice, variação mensal e variações acumuladas em 3 meses, em 6 meses, no ano e em 12 meses (a partir de dezembro/1979)",IBGE - Índice Nacional de Preços ao Consumidor Amplo,julho de 1993,2008-07-10
2026-08-20,1737,"IPCA - Série histórica com número-índice, variação mensal e variações acumuladas em 3 meses, em 6 meses, no ano e em 12 meses (a partir de dezembro/1979)",IBGE - Índice Nacional de Preços ao Consumidor Amplo,agosto de 1993,2008-07-10
2026-08-20,1737,"IPCA - Série histórica com número-índice, variação mensal e variações acumuladas em 3 meses, em 6 meses, no ano e em 12 meses (a partir de dezembro/1979)",IBGE - Índice Nacional de Preços ao Consumidor Amplo,setembro de 1993,2008-07-10
2026-08-20,1737,"IPCA - Série histórica com número-índice, variação mensal e variações acumuladas em 3 meses, em 6 meses, no ano e em 12 meses (a partir de dezembro/1979)",IBGE - Índice Nacional de Preços ao Consumidor Amplo,outubro de 1993,2008-07-10
2026-08-20,1737,"IPCA - Série histórica com número-índice, variação mensal e variações acumuladas em 3 meses, em 6 meses, no ano e em 12 meses (a partir de dezembro/1979)",IBGE - Índice Nacional de Preços ao Consumidor Amplo,novembro de 1993,2008-07-10
2026-08-20,1737,"IPCA - Série histórica com número-índice, variação mensal e variações acumuladas em 3 meses, em 6 meses, no ano e em 12 meses (a partir de dezembro/1979)",IBGE - Índice Nacional de Preços ao Consumidor Amplo,dezembro de 1993,2008-07-10
2026-08-20,1737,"IPCA - Série histórica com número-índice, variação mensal e variações acumuladas em 3 meses, em 6 meses, no ano e em 12 meses (a partir de dezembro/1979)",IBGE - Índice Nacional de Preços ao Consumidor Amplo,janeiro de 1994,2008-07-10
2026-08-20,1737,"IPCA - Série histórica com número-índice, variação mensal e variações acumuladas em 3 meses, em 6 meses, no ano e em 12 meses (a partir de dezembro/1979)",IBGE - Índice Nacional de Preços ao Consumidor Amplo,fevereiro de 1994,2008-07-10
2026-08-20,1737,"IPCA - Série histórica com número-índice, variação mensal e variações acumuladas em 3 meses, em 6 meses, no ano e em 12 meses (a partir de dezembro/1979)",IBGE - Índice Nacional de Preços ao Consumidor Amplo,março de 1994,2008-07-10
2026-08-20,1737,"IPCA - Série histórica com número-índice, variação mensal e variações acumuladas em 3 meses, em 6 meses, no ano e em 12 meses (a partir de dezembro/1979)",IBGE - Índice Nacional de Preços ao Consumidor Amplo,abril de 1994,2008-07-10
2026-08-20,1737,"IPCA - Série histórica com número-índice, variação mensal e variações acumuladas em 3 meses, em 6 meses, no ano e em 12 meses (a partir de dezembro/1979)",IBGE - Índice Nacional de Preços ao Consumidor Amplo,maio de 1994,2008-07-10
2026-08-20,1737,"IPCA - Série histórica com número-índice, variação mensal e variações acumuladas em 3 meses, em 6 meses, no ano e em 12 meses (a partir de dezembro/1979)",IBGE - Índice Nacional de Preços ao Consumidor Amplo,junho de 1994,2008-07-10
2026-08-20,1737,"IPCA - Série histórica com número-índice, variação mensal e variações acumuladas em 3 meses, em 6 meses, no ano e em 12 meses (a partir de dezembro/1979)",IBGE - Índice Nacional de Preços ao Consumidor Amplo,julho de 1994,2008-07-10
2026-08-20,1737,"IPCA - Série histórica com número-índice, variação mensal e variações acumuladas em 3 meses, em 6 meses, no ano e em 12 meses (a partir de dezembro/1979)",IBGE - Índice Nacional de Preços ao Consumidor Amplo,agosto de 1994,2008-07-10
2026-08-20,1737,"IPCA - Série histórica com número-índice, variação mensal e variações acumuladas em 3 meses, em 6 meses, no ano e em 12 meses (a partir de dezembro/1979)",IBGE - Índice Nacional de Preços ao Consumidor Amplo,setembro de 1994,2008-07-10
2026-08-20,1737,"IPCA - Série histórica com número-índice, variação mensal e variações acumuladas em 3 meses, em 6 meses, no ano e em 12 meses (a partir de dezembro/1979)",IBGE - Índice Nacional de Preços ao Consumidor Amplo,outubro de 1994,2008-07-10
2026-08-20,1737,"IPCA - Série histórica com número-índice, variação mensal e variações acumuladas em 3 meses, em 6 meses, no ano e em 12 meses (a partir de dezembro/1979)",IBGE - Índice Nacional de Preços ao Consumidor Amplo,novembro de 1994,2008-07-10
2026-08-20,1737,"IPCA - Série histórica com número-índice, variação mensal e variações acumuladas em 3 meses, em 6 meses, no ano e em 12 meses (a partir de dezembro/1979)",IBGE - Índice Nacional de Preços ao Consumidor Amplo,dezembro de 1994,2008-07-10
2026-08-20,1737,"IPCA - Série histórica com número-índice, variação mensal e variações acumuladas em 3 meses, em 6 meses, no ano e em 12 meses (a partir de dezembro/1979)",IBGE - Índice Nacional de Preços ao Consumidor Amplo,janeiro de 1995,2008-07-10
2026-08-20,1737,"IPCA - Série histórica com número-índice, variação mensal e variações acumuladas em 3 meses, em 6 meses, no ano e em 12 meses (a partir de dezembro/1979)",IBGE - Índice Nacional de Preços ao Consumidor Amplo,fevereiro de 1995,2008-07-10
2026-08-20,1737,"IPCA - Série histórica com número-índice, variação mensal e variações acumuladas em 3 meses, em 6 meses, no ano e em 12 meses (a partir de dezembro/1979)",IBGE - Índice Nacional de Preços ao Consumidor Amplo,março de 1995,2008-07-10
2026-08-20,1737,"IPCA - Série histórica com número-índice, variação mensal e variações acumuladas em 3 meses, em 6 meses, no ano e em 12 meses (a partir de dezembro/1979)",IBGE - Índice Nacional de Preços ao Consumidor Amplo,abril de 1995,2008-07-10
2026-08-20,1737,"IPCA - Série histórica com número-índice, variação mensal e variações acumuladas em 3 meses, em 6 meses, no ano e em 12 meses (a partir de dezembro/1979)",IBGE - Índice Nacional de Preços ao Consumidor Amplo,maio de 1995,2008-07-10
2026-08-20,1737,"IPCA - Série histórica com número-índice, variação mensal e variações acumuladas em 3 meses, em 6 meses, no ano e em 12 meses (a partir de dezembro/1979)",IBGE - Índice Nacional de Preços ao Consumidor Amplo,junho de 1995,2008-07-10
2026-08-20,1737,"IPCA - Série histórica com número-índice, variação mensal e variações acumuladas em 3 meses, em 6 meses, no ano e em 12 meses (a partir de dezembro/1979)",IBGE - Índice Nacional de Preços ao Consumidor Amplo,julho de 1995,2008-07-10
2026-08-20,1737,"IPCA - Série histórica com número-índice, variação mensal e variações acumuladas em 3 meses, em 6 meses, no ano e em 12 meses (a partir de dezembro/1979)",IBGE - Índice Nacional de Preços ao Consumidor Amplo,agosto de 1995,2008-07-10
2026-08-20,1737,"IPCA - Série histórica com número-índice, variação mensal e variações acumuladas em 3 meses, em 6 meses, no ano e em 12 meses (a partir de dezembro/1979)",IBGE - Índice Nacional de Preços ao Consumidor Amplo,setembro de 1995,2008-07-10
2026-08-20,1737,"IPCA - Série histórica com número-índice, variação mensal e variações acumuladas em 3 meses, em 6 meses, no ano e em 12 meses (a partir de dezembro/1979)",IBGE - Índice Nacional de Preços ao Consumidor Amplo,outubro de 1995,2008-07-10
2026-08-20,1737,"IPCA - Série histórica com número-índice, variação mensal e variações acumuladas em 3 meses, em 6 meses, no ano e em 12 meses (a partir de dezembro/1979)",IBGE - Índice Nacional de Preços ao Consumidor Amplo,novembro de 1995,2008-07-10
2026-08-20,1737,"IPCA - Série histórica com número-índice, variação mensal e variações acumuladas em 3 meses, em 6 meses, no ano e em 12 meses (a partir de dezembro/1979)",IBGE - Índice Nacional de Preços ao Consumidor Amplo,dezembro de 1995,2008-07-10
2026-08-20,1737,"IPCA - Série histórica com número-índice, variação mensal e variações acumuladas em 3 meses, em 6 meses, no ano e em 12 meses (a partir de dezembro/1979)",IBGE - Índice Nacional de Preços ao Consumidor Amplo,janeiro de 1996,2008-07-10
2026-08-20,1737,"IPCA - Série histórica com número-índice, variação mensal e variações acumuladas em 3 meses, em 6 meses, no ano e em 12 meses (a partir de dezembro/1979)",IBGE - Índice Nacional de Preços ao Consumidor Amplo,fevereiro de 1996,2008-07-10
2026-08-20,1737,"IPCA - Série histórica com número-índice, variação mensal e variações acumuladas em 3 meses, em 6 meses, no ano e em 12 meses (a partir de dezembro/1979)",IBGE - Índice Nacional de Preços ao Consumidor Amplo,março de 1996,2008-07-10
2026-08-20,1737,"IPCA - Série histórica com número-índice, variação mensal e variações acumuladas em 3 meses, em 6 meses, no ano e em 12 meses (a partir de dezembro/1979)",IBGE - Índice Nacional de Preços ao Consumidor Amplo,abril de 1996,2008-07-10
2026-08-20,1737,"IPCA - Série histórica com número-índice, variação mensal e variações acumuladas em 3 meses, em 6 meses, no ano e em 12 meses (a partir de dezembro/1979)",IBGE - Índice Nacional de Preços ao Consumidor Amplo,maio de 1996,2008-07-10
2026-08-20,1737,"IPCA - Série histórica com número-índice, variação mensal e variações acumuladas em 3 meses, em 6 meses, no ano e em 12 meses (a partir de dezembro/1979)",IBGE - Índice Nacional de Preços ao Consumidor Amplo,junho de 1996,2008-07-10
2026-08-20,1737,"IPCA - Série histórica com número-índice, variação mensal e variações acumuladas em 3 meses, em 6 meses, no ano e em 12 meses (a partir de dezembro/1979)",IBGE - Índice Nacional de Preços ao Consumidor Amplo,julho de 1996,2008-07-10
2026-08-20,1737,"IPCA - Série histórica com número-índice, variação mensal e variações acumuladas em 3 meses, em 6 meses, no ano e em 12 meses (a partir de dezembro/1979)",IBGE - Índice Nacional de Preços ao Consumidor Amplo,agosto de 1996,2008-07-10
2026-08-20,1737,"IPCA - Série histórica com número-índice, variação mensal e variações acumuladas em 3 meses, em 6 meses, no ano e em 12 meses (a partir de dezembro/1979)",IBGE - Índice Nacional de Preços ao Consumidor Amplo,setembro de 1996,2008-07-10
2026-08-20,1737,"IPCA - Série histórica com número-índice, variação mensal e variações acumuladas em 3 meses, em 6 meses, no ano e em 12 meses (a partir de dezembro/1979)",IBGE - Índice Nacional de Preços ao Consumidor Amplo,outubro de 1996,2008-07-10
2026-08-20,1737,"IPCA - Série histórica com número-índice, variação mensal e variações acumuladas em 3 meses, em 6 meses, no ano e em 12 meses (a partir de dezembro/1979)",IBGE - Índice Nacional de Preços ao Consumidor Amplo,novembro de 1996,2008-07-10
2026-08-20,1737,"IPCA - Série histórica com número-índice, variação mensal e variações acumuladas em 3 meses, em 6 meses, no ano e em 12 meses (a partir de dezembro/1979)",IBGE - Índice Nacional de Preços ao Consumidor Amplo,dezembro de 1996,2008-07-10
2026-08-20,1737,"IPCA - Série histórica com número-índice, variação mensal e variações acumuladas em 3 meses, em 6 meses, no ano e em 12 meses (a partir de dezembro/1979)",IBGE - Índice Nacional de Preços ao Consumidor Amplo,janeiro de 1997,2008-07-10
2026-08-20,1737,"IPCA - Série histórica com número-índice, variação mensal e variações acumuladas em 3 meses, em 6 meses, no ano e em 12 meses (a partir de dezembro/1979)",IBGE - Índice Nacional de Preços ao Consumidor Amplo,fevereiro de 1997,2008-07-10
2026-08-20,1737,"IPCA - Série histórica com número-índice, variação mensal e variações acumuladas em 3 meses, em 6 meses, no ano e em 12 meses (a partir de dezembro/1979)",IBGE - Índice Nacional de Preços ao Consumidor Amplo,março de 1997,2008-07-10
2026-08-20,1737,"IPCA - Série histórica com número-índice, variação mensal e variações acumuladas em 3 meses, em 6 meses, no ano e em 12 meses (a partir de dezembro/1979)",IBGE - Índice Nacional de Preços ao Consumidor Amplo,abril de 1997,2008-07-10
2026-08-20,1737,"IPCA - Série histórica com número-índice, variação mensal e variações acumuladas em 3 meses, em 6 meses, no ano e em 12 meses (a partir de dezembro/1979)",IBGE - Índice Nacional de Preços ao Consumidor Amplo,maio de 1997,2008-07-10
2026-08-20,1737,"IPCA - Série histórica com número-índice, variação mensal e variações acumuladas em 3 meses, em 6 meses, no ano e em 12 meses (a partir de dezembro/1979)",IBGE - Índice Nacional de Preços ao Consumidor Amplo,junho de 1997,2008-07-10
2026-08-20,1737,"IPCA - Série histórica com número-índice, variação mensal e variações acumuladas em 3 meses, em 6 meses, no ano e em 12 meses (a partir de dezembro/1979)",IBGE - Índice Nacional de Preços ao Consumidor Amplo,julho de 1997,2008-07-10
2026-08-20,1737,"IPCA - Série histórica com número-índice, variação mensal e variações acumuladas em 3 meses, em 6 meses, no ano e em 12 meses (a partir de dezembro/1979)",IBGE - Índice Nacional de Preços ao Consumidor Amplo,agosto de 1997,2008-07-10
2026-08-20,1737,"IPCA - Série histórica com número-índice, variação mensal e variações acumuladas em 3 meses, em 6 meses, no ano e em 12 meses (a partir de dezembro/1979)",IBGE - Índice Nacional de Preços ao Consumidor Amplo,setembro de 1997,2008-07-10
2026-08-20,1737,"IPCA - Série histórica com número-índice, variação mensal e variações acumuladas em 3 meses, em 6 meses, no ano e em 12 meses (a partir de dezembro/1979)",IBGE - Índice Nacional de Preços ao Consumidor Amplo,outubro de 1997,2008-07-10
2026-08-20,1737,"IPCA - Série histórica com número-índice, variação mensal e variações acumuladas em 3 meses, em 6 meses, no ano e em 12 meses (a partir de dezembro/1979)",IBGE - Índice Nacional de Preços ao Consumidor Amplo,novembro de 1997,2008-07-10
2026-08-20,1737,"IPCA - Série histórica com número-índice, variação mensal e variações acumuladas em 3 meses, em 6 meses, no ano e em 12 meses (a partir de dezembro/1979)",IBGE - Índice Nacional de Preços ao Consumidor Amplo,dezembro de 1997,2008-07-10
2026-08-20,1737,"IPCA - Série histórica com número-índice, variação mensal e variações acumuladas em 3 meses, em 6 meses, no ano e em 12 meses (a partir de dezembro/1979)",IBGE - Índice Nacional de Preços ao Consumidor Amplo,janeiro de 1998,2008-07-10
2026-08-20,1737,"IPCA - Série histórica com número-índice, variação mensal e variações acumuladas em 3 meses, em 6 meses, no ano e em 12 meses (a partir de dezembro/1979)",IBGE - Índice Nacional de Preços ao Consumidor Amplo,fevereiro de 1998,2008-07-10
2026-08-20,1737,"IPCA - Série histórica com número-índice, variação mensal e variações acumuladas em 3 meses, em 6 meses, no ano e em 12 meses (a partir de dezembro/1979)",IBGE - Índice Nacional de Preços ao Consumidor Amplo,março de 1998,2008-07-10
2026-08-20,1737,"IPCA - Série histórica com número-índice, variação mensal e variações acumuladas em 3 meses, em 6 meses, no ano e em 12 meses (a partir de dezembro/1979)",IBGE - Índice Nacional de Preços ao Consumidor Amplo,abril de 1998,2008-07-10
2026-08-20,1737,"IPCA - Série histórica com número-índice, variação mensal e variações acumuladas em 3 meses, em 6 meses, no ano e em 12 meses (a partir de dezembro/1979)",IBGE - Índice Nacional de Preços ao Consumidor Amplo,maio de 1998,2008-07-10
2026-08-20,1737,"IPCA - Série histórica com número-índice, variação mensal e variações acumuladas em 3 meses, em 6 meses, no ano e em 12 meses (a partir de dezembro/1979)",IBGE - Índice Nacional de Preços ao Consumidor Amplo,junho de 1998,2008-07-10
2026-08-20,1737,"IPCA - Série histórica com número-índice, variação mensal e variações acumuladas em 3 meses, em 6 meses, no ano e em 12 meses (a partir de dezembro/1979)",IBGE - Índice Nacional de Preços ao Consumidor Amplo,julho de 1998,2008-07-10
2026-08-20,1737,"IPCA - Série histórica com número-índice, variação mensal e variações acumuladas em 3 meses, em 6 meses, no ano e em 12 meses (a partir de dezembro/1979)",IBGE - Índice Nacional de Preços ao Consumidor Amplo,agosto de 1998,2008-07-10
2026-08-20,1737,"IPCA - Série histórica com número-índice, variação mensal e variações acumuladas em 3 meses, em 6 meses, no ano e em 12 meses (a partir de dezembro/1979)",IBGE - Índice Nacional de Preços ao Consumidor Amplo,setembro de 1998,2008-07-10
2026-08-20,1737,"IPCA - Série histórica com número-índice, variação mensal e variações acumuladas em 3 meses, em 6 meses, no ano e em 12 meses (a partir de dezembro/1979)",IBGE - Índice Nacional de Preços ao Consumidor Amplo,outubro de 1998,2008-07-10
2026-08-20,1737,"IPCA - Série histórica com número-índice, variação mensal e variações acumuladas em 3 meses, em 6 meses, no ano e em 12 meses (a partir de dezembro/1979)",IBGE - Índice Nacional de Preços ao Consumidor Amplo,novembro de 1998,2008-07-10
2026-08-20,1737,"IPCA - Série histórica com número-índice, variação mensal e variações acumuladas em 3 meses, em 6 meses, no ano e em 12 meses (a partir de dezembro/1979)",IBGE - Índice Nacional de Preços ao Consumidor Amplo,dezembro de 1998,2008-07-10
2026-08-20,1737,"IPCA - Série histórica com número-índice, variação mensal e variações acumuladas em 3 meses, em 6 meses, no ano e em 12 meses (a partir de dezembro/1979)",IBGE - Índice Nacional de Preços ao Consumidor Amplo,janeiro de 1999,2008-07-10
2026-08-20,1737,"IPCA - Série histórica com número-índice, variação mensal e variações acumuladas em 3 meses, em 6 meses, no ano e em 12 meses (a partir de dezembro/1979)",IBGE - Índice Nacional de Preços ao Consumidor Amplo,fevereiro de 1999,2008-07-10
2026-08-20,1737,"IPCA - Série histórica com número-índice, variação mensal e variações acumuladas em 3 meses, em 6 meses, no ano e em 12 meses (a partir de dezembro/1979)",IBGE - Índice Nacional de Preços ao Consumidor Amplo,março de 1999,2008-07-10
2026-08-20,1737,"IPCA - Série histórica com número-índice, variação mensal e variações acumuladas em 3 meses, em 6 meses, no ano e em 12 meses (a partir de dezembro/1979)",IBGE - Índice Nacional de Preços ao Consumidor Amplo,abril de 1999,2008-07-10
2026-08-20,1737,"IPCA - Série histórica com número-índice, variação mensal e variações acumuladas em 3 meses, em 6 meses, no ano e em 12 meses (a partir de dezembro/1979)",IBGE - Índice Nacional de Preços ao Consumidor Amplo,maio de 1999,2008-07-10
2026-08-20,1737,"IPCA - Série histórica com número-índice, variação mensal e variações acumuladas em 3 meses, em 6 meses, no ano e em 12 meses (a partir de dezembro/1979)",IBGE - Índice Nacional de Preços ao Consumidor Amplo,junho de 1999,2008-07-10
2026-08-20,1737,"IPCA - Série histórica com número-índice, variação mensal e variações acumuladas em 3 meses, em 6 meses, no ano e em 12 meses (a partir de dezembro/1979)",IBGE - Índice Nacional de Preços ao Consumidor Amplo,julho de 1999,2008-07-10
2026-08-20,1737,"IPCA - Série histórica com número-índice, variação mensal e variações acumuladas em 3 meses, em 6 meses, no ano e em 12 meses (a partir de dezembro/1979)",IBGE - Índice Nacional de Preços ao Consumidor Amplo,agosto de 1999,2008-07-10
2026-08-20,1737,"IPCA - Série histórica com número-índice, variação mensal e variações acumuladas em 3 meses, em 6 meses, no ano e em 12 meses (a partir de dezembro/1979)",IBGE - Índice Nacional de Preços ao Consumidor Amplo,setembro de 1999,2008-07-10
2026-08-20,1737,"IPCA - Série histórica com número-índice, variação mensal e variações acumuladas em 3 meses, em 6 meses, no ano e em 12 meses (a partir de dezembro/1979)",IBGE - Índice Nacional de Preços ao Consumidor Amplo,outubro de 1999,2008-07-10
2026-08-20,1737,"IPCA - Série histórica com número-índice, variação mensal e variações acumuladas em 3 meses, em 6 meses, no ano e em 12 meses (a partir de dezembro/1979)",IBGE - Índice Nacional de Preços ao Consumidor Amplo,novembro de 1999,2008-07-10
2026-08-20,1737,"IPCA - Série histórica com número-índice, variação mensal e variações acumuladas em 3 meses, em 6 meses, no ano e em 12 meses (a partir de dezembro/1979)",IBGE - Índice Nacional de Preços ao Consumidor Amplo,dezembro de 1999,2008-07-10
2026-08-20,1737,"IPCA - Série histórica com número-índice, variação mensal e variações acumuladas em 3 meses, em 6 meses, no ano e em 12 meses (a partir de dezembro/1979)",IBGE - Índice Nacional de Preços ao Consumidor Amplo,janeiro de 2000,2008-07-10
2026-08-20,1737,"IPCA - Série histórica com número-índice, variação mensal e variações acumuladas em 3 meses, em 6 meses, no ano e em 12 meses (a partir de dezembro/1979)",IBGE - Índice Nacional de Preços ao Consumidor Amplo,fevereiro de 2000,2008-07-10
2026-08-20,1737,"IPCA - Série histórica com número-índice, variação mensal e variações acumuladas em 3 meses, em 6 meses, no ano e em 12 meses (a partir de dezembro/1979)",IBGE - Índice Nacional de Preços ao Consumidor Amplo,março de 2000,2008-07-10
2026-08-20,1737,"IPCA - Série histórica com número-índice, variação mensal e variações acumuladas em 3 meses, em 6 meses, no ano e em 12 meses (a partir de dezembro/1979)",IBGE - Índice Nacional de Preços ao Consumidor Amplo,abril de 2000,2008-07-10
2026-08-20,1737,"IPCA - Série histórica com número-índice, variação mensal e variações acumuladas em 3 meses, em 6 meses, no ano e em 12 meses (a partir de dezembro/1979)",IBGE - Índice Nacional de Preços ao Consumidor Amplo,maio de 2000,2008-07-10
2026-08-20,1737,"IPCA - Série histórica com número-índice, variação mensal e variações acumuladas em 3 meses, em 6 meses, no ano e em 12 meses (a partir de dezembro/1979)",IBGE - Índice Nacional de Preços ao Consumidor Amplo,junho de 2000,2008-07-10
2026-08-20,1737,"IPCA - Série histórica com número-índice, variação mensal e variações acumuladas em 3 meses, em 6 meses, no ano e em 12 meses (a partir de dezembro/1979)",IBGE - Índice Nacional de Preços ao Consumidor Amplo,julho de 2000,2008-07-10
2026-08-20,1737,"IPCA - Série histórica com número-índice, variação mensal e variações acumuladas em 3 meses, em 6 meses, no ano e em 12 meses (a partir de dezembro/1979)",IBGE - Índice Nacional de Preços ao Consumidor Amplo,agosto de 2000,2008-07-10
2026-08-20,1737,"IPCA - Série histórica com número-índice, variação mensal e variações acumuladas em 3 meses, em 6 meses, no ano e em 12 meses (a partir de dezembro/1979)",IBGE - Índice Nacional de Preços ao Consumidor Amplo,setembro de 2000,2008-07-10
2026-08-20,1737,"IPCA - Série histórica com número-índice, variação mensal e variações acumuladas em 3 meses, em 6 meses, no ano e em 12 meses (a partir de dezembro/1979)",IBGE - Índice Nacional de Preços ao Consumidor Amplo,outubro de 2000,2008-07-10
2026-08-20,1737,"IPCA - Série histórica com número-índice, variação mensal e variações acumuladas em 3 meses, em 6 meses, no ano e em 12 meses (a partir de dezembro/1979)",IBGE - Índice Nacional de Preços ao Consumidor Amplo,novembro de 2000,2008-07-10
2026-08-20,1737,"IPCA - Série histórica com número-índice, variação mensal e variações acumuladas em 3 meses, em 6 meses, no ano e em 12 meses (a partir de dezembro/1979)",IBGE - Índice Nacional de Preços ao Consumidor Amplo,dezembro de 2000,2008-07-10
2026-08-20,1737,"IPCA - Série histórica com número-índice, variação mensal e variações acumuladas em 3 meses, em 6 meses, no ano e em 12 meses (a partir de dezembro/1979)",IBGE - Índice Nacional de Preços ao Consumidor Amplo,janeiro de 2001,2008-07-10
2026-08-20,1737,"IPCA - Série histórica com número-índice, variação mensal e variações acumuladas em 3 meses, em 6 meses, no ano e em 12 meses (a partir de dezembro/1979)",IBGE - Índice Nacional de Preços ao Consumidor Amplo,fevereiro de 2001,2008-07-10
2026-08-20,1737,"IPCA - Série histórica com número-índice, variação mensal e variações acumuladas em 3 meses, em 6 meses, no ano e em 12 meses (a partir de dezembro/1979)",IBGE - Índice Nacional de Preços ao Consumidor Amplo,março de 2001,2008-07-10
2026-08-20,1737,"IPCA - Série histórica com número-índice, variação mensal e variações acumuladas em 3 meses, em 6 meses, no ano e em 12 meses (a partir de dezembro/1979)",IBGE - Índice Nacional de Preços ao Consumidor Amplo,abril de 2001,2008-07-10
2026-08-20,1737,"IPCA - Série histórica com número-índice, variação mensal e variações acumuladas em 3 meses, em 6 meses, no ano e em 12 meses (a partir de dezembro/1979)",IBGE - Índice Nacional de Preços ao Consumidor Amplo,maio de 2001,2008-07-10
2026-08-20,1737,"IPCA - Série histórica com número-índice, variação mensal e variações acumuladas em 3 meses, em 6 meses, no ano e em 12 meses (a partir de dezembro/1979)",IBGE - Índice Nacional de Preços ao Consumidor Amplo,junho de 2001,2008-07-10
2026-08-20,1737,"IPCA - Série histórica com número-índice, variação mensal e variações acumuladas em 3 meses, em 6 meses, no ano e em 12 meses (a partir de dezembro/1979)",IBGE - Índice Nacional de Preços ao Consumidor Amplo,julho de 2001,2008-07-10
2026-08-20,1737,"IPCA - Série histórica com número-índice, variação mensal e variações acumuladas em 3 meses, em 6 meses, no ano e em 12 meses (a partir de dezembro/1979)",IBGE - Índice Nacional de Preços ao Consumidor Amplo,agosto de 2001,2008-07-10
2026-08-20,1737,"IPCA - Série histórica com número-índice, variação mensal e variações acumuladas em 3 meses, em 6 meses, no ano e em 12 meses (a partir de dezembro/1979)",IBGE - Índice Nacional de Preços ao Consumidor Amplo,setembro de 2001,2008-07-10
2026-08-20,1737,"IPCA - Série histórica com número-índice, variação mensal e variações acumuladas em 3 meses, em 6 meses, no ano e em 12 meses (a partir de dezembro/1979)",IBGE - Índice Nacional de Preços ao Consumidor Amplo,outubro de 2001,2008-07-10
2026-08-20,1737,"IPCA - Série histórica com número-índice, variação mensal e variações acumuladas em 3 meses, em 6 meses, no ano e em 12 meses (a partir de dezembro/1979)",IBGE - Índice Nacional de Preços ao Consumidor Amplo,novembro de 2001,2008-07-10
2026-08-20,1737,"IPCA - Série histórica com número-índice, variação mensal e variações acumuladas em 3 meses, em 6 meses, no ano e em 12 meses (a partir de dezembro/1979)",IBGE - Índice Nacional de Preços ao Consumidor Amplo,dezembro de 2001,2008-07-10
2026-08-20,1737,"IPCA - Série histórica com número-índice, variação mensal e variações acumuladas em 3 meses, em 6 meses, no ano e em 12 meses (a partir de dezembro/1979)",IBGE - Índice Nacional de Preços ao Consumidor Amplo,janeiro de 2002,2008-07-10
2026-08-20,1737,"IPCA - Série histórica com número-índice, variação mensal e variações acumuladas em 3 meses, em 6 meses, no ano e em 12 meses (a partir de dezembro/1979)",IBGE - Índice Nacional de Preços ao Consumidor Amplo,fevereiro de 2002,2008-07-10
2026-08-20,1737,"IPCA - Série histórica com número-índice, variação mensal e variações acumuladas em 3 meses, em 6 meses, no ano e em 12 meses (a partir de dezembro/1979)",IBGE - Índice Nacional de Preços ao Consumidor Amplo,março de 2002,2008-07-10
2026-08-20,1737,"IPCA - Série histórica com número-índice, variação mensal e variações acumuladas em 3 meses, em 6 meses, no ano e em 12 meses (a partir de dezembro/1979)",IBGE - Índice Nacional de Preços ao Consumidor Amplo,abril de 2002,2008-07-10
2026-08-20,1737,"IPCA - Série histórica com número-índice, variação mensal e variações acumuladas em 3 meses, em 6 meses, no ano e em 12 meses (a partir de dezembro/1979)",IBGE - Índice Nacional de Preços ao Consumidor Amplo,maio de 2002,2008-07-10
2026-08-20,1737,"IPCA - Série histórica com número-índice, variação mensal e variações acumuladas em 3 meses, em 6 meses, no ano e em 12 meses (a partir de dezembro/1979)",IBGE - Índice Nacional de Preços ao Consumidor Amplo,junho de 2002,2008-07-10
2026-08-20,1737,"IPCA - Série histórica com número-índice, variação mensal e variações acumuladas em 3 meses, em 6 meses, no ano e em 12 meses (a partir de dezembro/1979)",IBGE - Índice Nacional de Preços ao Consumidor Amplo,julho de 2002,2008-07-10
2026-08-20,1737,"IPCA - Série histórica com número-índice, variação mensal e variações acumuladas em 3 meses, em 6 meses, no ano e em 12 meses (a partir de dezembro/1979)",IBGE - Índice Nacional de Preços ao Consumidor Amplo,agosto de 2002,2008-07-10
2026-08-20,1737,"IPCA - Série histórica com número-índice, variação mensal e variações acumuladas em 3 meses, em 6 meses, no ano e em 12 meses (a partir de dezembro/1979)",IBGE - Índice Nacional de Preços ao Consumidor Amplo,setembro de 2002,2008-07-10
2026-08-20,1737,"IPCA - Série histórica com número-índice, variação mensal e variações acumuladas em 3 meses, em 6 meses, no ano e em 12 meses (a partir de dezembro/1979)",IBGE - Índice Nacional de Preços ao Consumidor Amplo,outubro de 2002,2008-07-10
2026-08-20,1737,"IPCA - Série histórica com número-índice, variação mensal e variações acumuladas em 3 meses, em 6 meses, no ano e em 12 meses (a partir de dezembro/1979)",IBGE - Índice Nacional de Preços ao Consumidor Amplo,novembro de 2002,2008-07-10
2026-08-20,1737,"IPCA - Série histórica com número-índice, variação mensal e variações acumuladas em 3 meses, em 6 meses, no ano e em 12 meses (a partir de dezembro/1979)",IBGE - Índice Nacional de Preços ao Consumidor Amplo,dezembro de 2002,2008-07-10
2026-08-20,1737,"IPCA - Série histórica com número-índice, variação mensal e variações acumuladas em 3 meses, em 6 meses, no ano e em 12 meses (a partir de dezembro/1979)",IBGE - Índice Nacional de Preços ao Consumidor Amplo,janeiro de 2003,2008-07-10
2026-08-20,1737,"IPCA - Série histórica com número-índice, variação mensal e variações acumuladas em 3 meses, em 6 meses, no ano e em 12 meses (a partir de dezembro/1979)",IBGE - Índice Nacional de Preços ao Consumidor Amplo,fevereiro de 2003,2008-07-10
2026-08-20,1737,"IPCA - Série histórica com número-índice, variação mensal e variações acumuladas em 3 meses, em 6 meses, no ano e em 12 meses (a partir de dezembro/1979)",IBGE - Índice Nacional de Preços ao Consumidor Amplo,março de 2003,2008-07-10
2026-08-20,1737,"IPCA - Série histórica com número-índice, variação mensal e variações acumuladas em 3 meses, em 6 meses, no ano e em 12 meses (a partir de dezembro/1979)",IBGE - Índice Nacional de Preços ao Consumidor Amplo,abril de 2003,2008-07-10
2026-08-20,1737,"IPCA - Série histórica com número-índice, variação mensal e variações acumuladas em 3 meses, em 6 meses, no ano e em 12 meses (a partir de dezembro/1979)",IBGE - Índice Nacional de Preços ao Consumidor Amplo,maio de 2003,2008-07-10
2026-08-20,1737,"IPCA - Série histórica com número-índice, variação mensal e variações acumuladas em 3 meses, em 6 meses, no ano e em 12 meses (a partir de dezembro/1979)",IBGE - Índice Nacional de Preços ao Consumidor Amplo,junho de 2003,2008-07-10
2026-08-20,1737,"IPCA - Série histórica com número-índice, variação mensal e variações acumuladas em 3 meses, em 6 meses, no ano e em 12 meses (a partir de dezembro/1979)",IBGE - Índice Nacional de Preços ao Consumidor Amplo,julho de 2003,2008-07-10
2026-08-20,1737,"IPCA - Série histórica com número-índice, variação mensal e variações acumuladas em 3 meses, em 6 meses, no ano e em 12 meses (a partir de dezembro/1979)",IBGE - Índice Nacional de Preços ao Consumidor Amplo,agosto de 2003,2008-07-10
2026-08-20,1737,"IPCA - Série histórica com número-índice, variação mensal e variações acumuladas em 3 meses, em 6 meses, no ano e em 12 meses (a partir de dezembro/1979)",IBGE - Índice Nacional de Preços ao Consumidor Amplo,setembro de 2003,2008-07-10
2026-08-20,1737,"IPCA - Série histórica com número-índice, variação mensal e variações acumuladas em 3 meses, em 6 meses, no ano e em 12 meses (a partir de dezembro/1979)",IBGE - Índice Nacional de Preços ao Consumidor Amplo,outubro de 2003,2008-07-10
2026-08-20,1737,"IPCA - Série histórica com número-índice, variação mensal e variações acumuladas em 3 meses, em 6 meses, no ano e em 12 meses (a partir de dezembro/1979)",IBGE - Índice Nacional de Preços ao Consumidor Amplo,novembro de 2003,2008-07-10
2026-08-20,1737,"IPCA - Série histórica com número-índice, variação mensal e variações acumuladas em 3 meses, em 6 meses, no ano e em 12 meses (a partir de dezembro/1979)",IBGE - Índice Nacional de Preços ao Consumidor Amplo,dezembro de 2003,2008-07-10
2026-08-20,1737,"IPCA - Série histórica com número-índice, variação mensal e variações acumuladas em 3 meses, em 6 meses, no ano e em 12 meses (a partir de dezembro/1979)",IBGE - Índice Nacional de Preços ao Consumidor Amplo,janeiro de 2004,2008-07-10
2026-08-20,1737,"IPCA - Série histórica com número-índice, variação mensal e variações acumuladas em 3 meses, em 6 meses, no ano e em 12 meses (a partir de dezembro/1979)",IBGE - Índice Nacional de Preços ao Consumidor Amplo,fevereiro de 2004,2008-07-10
2026-08-20,1737,"IPCA - Série histórica com número-índice, variação mensal e variações acumuladas em 3 meses, em 6 meses, no ano e em 12 meses (a partir de dezembro/1979)",IBGE - Índice Nacional de Preços ao Consumidor Amplo,março de 2004,2008-07-10
2026-08-20,1737,"IPCA - Série histórica com número-índice, variação mensal e variações acumuladas em 3 meses, em 6 meses, no ano e em 12 meses (a partir de dezembro/1979)",IBGE - Índice Nacional de Preços ao Consumidor Amplo,abril de 2004,2008-07-10
2026-08-20,1737,"IPCA - Série histórica com número-índice, variação mensal e variações acumuladas em 3 meses, em 6 meses, no ano e em 12 meses (a partir de dezembro/1979)",IBGE - Índice Nacional de Preços ao Consumidor Amplo,maio de 2004,2008-07-10
2026-08-20,1737,"IPCA - Série histórica com número-índice, variação mensal e variações acumuladas em 3 meses, em 6 meses, no ano e em 12 meses (a partir de dezembro/1979)",IBGE - Índice Nacional de Preços ao Consumidor Amplo,junho de 2004,2008-07-10
2026-08-20,1737,"IPCA - Série histórica com número-índice, variação mensal e variações acumuladas em 3 meses, em 6 meses, no ano e em 12 meses (a partir de dezembro/1979)",IBGE - Índice Nacional de Preços ao Consumidor Amplo,julho de 2004,2008-07-10
2026-08-20,1737,"IPCA - Série histórica com número-índice, variação mensal e variações acumuladas em 3 meses, em 6 meses, no ano e em 12 meses (a partir de dezembro/1979)",IBGE - Índice Nacional de Preços ao Consumidor Amplo,agosto de 2004,2008-07-10
2026-08-20,1737,"IPCA - Série histórica com número-índice, variação mensal e variações acumuladas em 3 meses, em 6 meses, no ano e em 12 meses (a partir de dezembro/1979)",IBGE - Índice Nacional de Preços ao Consumidor Amplo,setembro de 2004,2008-07-10
2026-08-20,1737,"IPCA - Série histórica com número-índice, variação mensal e variações acumuladas em 3 meses, em 6 meses, no ano e em 12 meses (a partir de dezembro/1979)",IBGE - Índice Nacional de Preços ao Consumidor Amplo,outubro de 2004,2008-07-10
2026-08-20,1737,"IPCA - Série histórica com número-índice, variação mensal e variações acumuladas em 3 meses, em 6 meses, no ano e em 12 meses (a partir de dezembro/1979)",IBGE - Índice Nacional de Preços ao Consumidor Amplo,novembro de 2004,2008-07-10
2026-08-20,1737,"IPCA - Série histórica com número-índice, variação mensal e variações acumuladas em 3 meses, em 6 meses, no ano e em 12 meses (a partir de dezembro/1979)",IBGE - Índice Nacional de Preços ao Consumidor Amplo,dezembro de 2004,2008-07-10
2026-08-20,1737,"IPCA - Série histórica com número-índice, variação mensal e variações acumuladas em 3 meses, em 6 meses, no ano e em 12 meses (a partir de dezembro/1979)",IBGE - Índice Nacional de Preços ao Consumidor Amplo,janeiro de 2005,2008-07-10
2026-08-20,1737,"IPCA - Série histórica com número-índice, variação mensal e variações acumuladas em 3 meses, em 6 meses, no ano e em 12 meses (a partir de dezembro/1979)",IBGE - Índice Nacional de Preços ao Consumidor Amplo,fevereiro de 2005,2008-07-10
2026-08-20,1737,"IPCA - Série histórica com número-índice, variação mensal e variações acumuladas em 3 meses, em 6 meses, no ano e em 12 meses (a partir de dezembro/1979)",IBGE - Índice Nacional de Preços ao Consumidor Amplo,março de 2005,2008-07-10
2026-08-20,1737,"IPCA - Série histórica com número-índice, variação mensal e variações acumuladas em 3 meses, em 6 meses, no ano e em 12 meses (a partir de dezembro/1979)",IBGE - Índice Nacional de Preços ao Consumidor Amplo,abril de 2005,2008-07-10
2026-08-20,1737,"IPCA - Série histórica com número-índice, variação mensal e variações acumuladas em 3 meses, em 6 meses, no ano e em 12 meses (a partir de dezembro/1979)",IBGE - Índice Nacional de Preços ao Consumidor Amplo,maio de 2005,2008-07-10
2026-08-20,1737,"IPCA - Série histórica com número-índice, variação mensal e variações acumuladas em 3 meses, em 6 meses, no ano e em 12 meses (a partir de dezembro/1979)",IBGE - Índice Nacional de Preços ao Consumidor Amplo,junho de 2005,2008-07-10
2026-08-20,1737,"IPCA - Série histórica com número-índice, variação mensal e variações acumuladas em 3 meses, em 6 meses, no ano e em 12 meses (a partir de dezembro/1979)",IBGE - Índice Nacional de Preços ao Consumidor Amplo,julho de 2005,2008-07-10
2026-08-20,1737,"IPCA - Série histórica com número-índice, variação mensal e variações acumuladas em 3 meses, em 6 meses, no ano e em 12 meses (a partir de dezembro/1979)",IBGE - Índice Nacional de Preços ao Consumidor Amplo,agosto de 2005,2008-07-10
2026-08-20,1737,"IPCA - Série histórica com número-índice, variação mensal e variações acumuladas em 3 meses, em 6 meses, no ano e em 12 meses (a partir de dezembro/1979)",IBGE - Índice Nacional de Preços ao Consumidor Amplo,setembro de 2005,2008-07-10
2026-08-20,1737,"IPCA - Série histórica com número-índice, variação mensal e variações acumuladas em 3 meses, em 6 meses, no ano e em 12 meses (a partir de dezembro/1979)",IBGE - Índice Nacional de Preços ao Consumidor Amplo,outubro de 2005,2008-07-10
2026-08-20,1737,"IPCA - Série histórica com número-índice, variação mensal e variações acumuladas em 3 meses, em 6 meses, no ano e em 12 meses (a partir de dezembro/1979)",IBGE - Índice Nacional de Preços ao Consumidor Amplo,novembro de 2005,2008-07-10
2026-08-20,1737,"IPCA - Série histórica com número-índice, variação mensal e variações acumuladas em 3 meses, em 6 meses, no ano e em 12 meses (a partir de dezembro/1979)",IBGE - Índice Nacional de Preços ao Consumidor Amplo,dezembro de 2005,2008-07-10
2026-08-20,1737,"IPCA - Série histórica com número-índice, variação mensal e variações acumuladas em 3 meses, em 6 meses, no ano e em 12 meses (a partir de dezembro/1979)",IBGE - Índice Nacional de Preços ao Consumidor Amplo,janeiro de 2006,2008-07-10
2026-08-20,1737,"IPCA - Série histórica com número-índice, variação mensal e variações acumuladas em 3 meses, em 6 meses, no ano e em 12 meses (a partir de dezembro/1979)",IBGE - Índice Nacional de Preços ao Consumidor Amplo,fevereiro de 2006,2008-07-10
2026-08-20,1737,"IPCA - Série histórica com número-índice, variação mensal e variações acumuladas em 3 meses, em 6 meses, no ano e em 12 meses (a partir de dezembro/1979)",IBGE - Índice Nacional de Preços ao Consumidor Amplo,março de 2006,2008-07-10
2026-08-20,1737,"IPCA - Série histórica com número-índice, variação mensal e variações acumuladas em 3 meses, em 6 meses, no ano e em 12 meses (a partir de dezembro/1979)",IBGE - Índice Nacional de Preços ao Consumidor Amplo,abril de 2006,2008-07-10
2026-08-20,1737,"IPCA - Série histórica com número-índice, variação mensal e variações acumuladas em 3 meses, em 6 meses, no ano e em 12 meses (a partir de dezembro/1979)",IBGE - Índice Nacional de Preços ao Consumidor Amplo,maio de 2006,2008-07-10
2026-08-20,1737,"IPCA - Série histórica com número-índice, variação mensal e variações acumuladas em 3 meses, em 6 meses, no ano e em 12 meses (a partir de dezembro/1979)",IBGE - Índice Nacional de Preços ao Consumidor Amplo,junho de 2006,2008-07-10
2026-08-20,1737,"IPCA - Série histórica com número-índice, variação mensal e variações acumuladas em 3 meses, em 6 meses, no ano e em 12 meses (a partir de dezembro/1979)",IBGE - Índice Nacional de Preços ao Consumidor Amplo,julho de 2006,2008-07-10
2026-08-20,1737,"IPCA - Série histórica com número-índice, variação mensal e variações acumuladas em 3 meses, em 6 meses, no ano e em 12 meses (a partir de dezembro/1979)",IBGE - Índice Nacional de Preços ao Consumidor Amplo,agosto de 2006,2008-07-10
2026-08-20,1737,"IPCA - Série histórica com número-índice, variação mensal e variações acumuladas em 3 meses, em 6 meses, no ano e em 12 meses (a partir de dezembro/1979)",IBGE - Índice Nacional de Preços ao Consumidor Amplo,setembro de 2006,2008-07-10
2026-08-20,1737,"IPCA - Série histórica com número-índice, variação mensal e variações acumuladas em 3 meses, em 6 meses, no ano e em 12 meses (a partir de dezembro/1979)",IBGE - Índice Nacional de Preços ao Consumidor Amplo,outubro de 2006,2008-07-10
2026-08-20,1737,"IPCA - Série histórica com número-índice, variação mensal e variações acumuladas em 3 meses, em 6 meses, no ano e em 12 meses (a partir de dezembro/1979)",IBGE - Índice Nacional de Preços ao Consumidor Amplo,novembro de 2006,2008-07-10
2026-08-20,1737,"IPCA - Série histórica com número-índice, variação mensal e variações acumuladas em 3 meses, em 6 meses, no ano e em 12 meses (a partir de dezembro/1979)",IBGE - Índice Nacional de Preços ao Consumidor Amplo,dezembro de 2006,2008-07-10
2026-08-20,1737,"IPCA - Série histórica com número-índice, variação mensal e variações acumuladas em 3 meses, em 6 meses, no ano e em 12 meses (a partir de dezembro/1979)",IBGE - Índice Nacional de Preços ao Consumidor Amplo,janeiro de 2007,2008-07-10
2026-08-20,1737,"IPCA - Série histórica com número-índice, variação mensal e variações acumuladas em 3 meses, em 6 meses, no ano e em 12 meses (a partir de dezembro/1979)",IBGE - Índice Nacional de Preços ao Consumidor Amplo,fevereiro de 2007,2008-07-10
2026-08-20,1737,"IPCA - Série histórica com número-índice, variação mensal e variações acumuladas em 3 meses, em 6 meses, no ano e em 12 meses (a partir de dezembro/1979)",IBGE - Índice Nacional de Preços ao Consumidor Amplo,março de 2007,2008-07-10
2026-08-20,1737,"IPCA - Série histórica com número-índice, variação mensal e variações acumuladas em 3 meses, em 6 meses, no ano e em 12 meses (a partir de dezembro/1979)",IBGE - Índice Nacional de Preços ao Consumidor Amplo,abril de 2007,2008-07-10
2026-08-20,1737,"IPCA - Série histórica com número-índice, variação mensal e variações acumuladas em 3 meses, em 6 meses, no ano e em 12 meses (a partir de dezembro/1979)",IBGE - Índice Nacional de Preços ao Consumidor Amplo,maio de 2007,2008-07-10
2026-08-20,1737,"IPCA - Série histórica com número-índice, variação mensal e variações acumuladas em 3 meses, em 6 meses, no ano e em 12 meses (a partir de dezembro/1979)",IBGE - Índice Nacional de Preços ao Consumidor Amplo,junho de 2007,2008-07-10
2026-08-20,1737,"IPCA - Série histórica com número-índice, variação mensal e variações acumuladas em 3 meses, em 6 meses, no ano e em 12 meses (a partir de dezembro/1979)",IBGE - Índice Nacional de Preços ao Consumidor Amplo,julho de 2007,2008-07-10
2026-08-20,1737,"IPCA - Série histórica com número-índice, variação mensal e variações acumuladas em 3 meses, em 6 meses, no ano e em 12 meses (a partir de dezembro/1979)",IBGE - Índice Nacional de Preços ao Consumidor Amplo,agosto de 2007,2008-07-10
2026-08-20,1737,"IPCA - Série histórica com número-índice, variação mensal e variações acumuladas em 3 meses, em 6 meses, no ano e em 12 meses (a partir de dezembro/1979)",IBGE - Índice Nacional de Preços ao Consumidor Amplo,setembro de 2007,2008-07-10
2026-08-20,1737,"IPCA - Série histórica com número-índice, variação mensal e variações acumuladas em 3 meses, em 6 meses, no ano e em 12 meses (a partir de dezembro/1979)",IBGE - Índice Nacional de Preços ao Consumidor Amplo,outubro de 2007,2008-07-10
2026-08-20,1737,"IPCA - Série histórica com número-índice, variação mensal e variações acumuladas em 3 meses, em 6 meses, no ano e em 12 meses (a partir de dezembro/1979)",IBGE - Índice Nacional de Preços ao Consumidor Amplo,novembro de 2007,2008-07-10
2026-08-20,1737,"IPCA - Série histórica com número-índice, variação mensal e variações acumuladas em 3 meses, em 6 meses, no ano e em 12 meses (a partir de dezembro/1979)",IBGE - Índice Nacional de Preços ao Consumidor Amplo,dezembro de 2007,2008-07-10
2026-08-20,1737,"IPCA - Série histórica com número-índice, variação mensal e variações acumuladas em 3 meses, em 6 meses, no ano e em 12 meses (a partir de dezembro/1979)",IBGE - Índice Nacional de Preços ao Consumidor Amplo,janeiro de 2008,2008-07-10
2026-08-20,1737,"IPCA - Série histórica com número-índice, variação mensal e variações acumuladas em 3 meses, em 6 meses, no ano e em 12 meses (a partir de dezembro/1979)",IBGE - Índice Nacional de Preços ao Consumidor Amplo,fevereiro de 2008,2008-07-10
2026-08-20,1737,"IPCA - Série histórica com número-índice, variação mensal e variações acumuladas em 3 meses, em 6 meses, no ano e em 12 meses (a partir de dezembro/1979)",IBGE - Índice Nacional de Preços ao Consumidor Amplo,março de 2008,2008-07-10
2026-08-20,1737,"IPCA - Série histórica com número-índice, variação mensal e variações acumuladas em 3 meses, em 6 meses, no ano e em 12 meses (a partir de dezembro/1979)",IBGE - Índice Nacional de Preços ao Consumidor Amplo,abril de 2008,2008-07-10
2026-08-20,1737,"IPCA - Série histórica com número-índice, variação mensal e variações acumuladas em 3 meses, em 6 meses, no ano e em 12 meses (a partir de dezembro/1979)",IBGE - Índice Nacional de Preços ao Consumidor Amplo,maio de 2008,2008-07-10
2026-08-20,1737,"IPCA - Série histórica com número-índice, variação mensal e variações acumuladas em 3 meses, em 6 meses, no ano e em 12 meses (a partir de dezembro/1979)",IBGE - Índice Nacional de Preços ao Consumidor Amplo,junho de 2008,2008-07-11
2026-08-20,1737,"IPCA - Série histórica com número-índice, variação mensal e variações acumuladas em 3 meses, em 6 meses, no ano e em 12 meses (a partir de dezembro/1979)",IBGE - Índice Nacional de Preços ao Consumidor Amplo,julho de 2008,2008-08-08
2026-08-20,1737,"IPCA - Série histórica com número-índice, variação mensal e variações acumuladas em 3 meses, em 6 meses, no ano e em 12 meses (a partir de dezembro/1979)",IBGE - Índice Nacional de Preços ao Consumidor Amplo,agosto de 2008,2008-09-05
2026-08-20,1737,"IPCA - Série histórica com número-índice, variação mensal e variações acumuladas em 3 meses, em 6 meses, no ano e em 12 meses (a partir de dezembro/1979)",IBGE - Índice Nacional de Preços ao Consumidor Amplo,setembro de 2008,2008-10-08
2026-08-20,1737,"IPCA - Série histórica com número-índice, variação mensal e variações acumuladas em 3 meses, em 6 meses, no ano e em 12 meses (a partir de dezembro/1979)",IBGE - Índice Nacional de Preços ao Consumidor Amplo,outubro de 2008,2008-11-07
2026-08-20,1737,"IPCA - Série histórica com número-índice, variação mensal e variações acumuladas em 3 meses, em 6 meses, no ano e em 12 meses (a partir de dezembro/1979)",IBGE - Índice Nacional de Preços ao Consumidor Amplo,novembro de 2008,2009-01-09
2026-08-20,1737,"IPCA - Série histórica com número-índice, variação mensal e variações acumuladas em 3 meses, em 6 meses, no ano e em 12 meses (a partir de dezembro/1979)",IBGE - Índice Nacional de Preços ao Consumidor Amplo,dezembro de 2008,2009-01-09
2026-08-20,1737,"IPCA - Série histórica com número-índice, variação mensal e variações acumuladas em 3 meses, em 6 meses, no ano e em 12 meses (a partir de dezembro/1979)",IBGE - Índice Nacional de Preços ao Consumidor Amplo,janeiro de 2009,2009-02-06
2026-08-20,1737,"IPCA - Série histórica com número-índice, variação mensal e variações acumuladas em 3 meses, em 6 meses, no ano e em 12 meses (a partir de dezembro/1979)",IBGE - Índice Nacional de Preços ao Consumidor Amplo,fevereiro de 2009,2010-05-07
2026-08-20,1737,"IPCA - Série histórica com número-índice, variação mensal e variações acumuladas em 3 meses, em 6 meses, no ano e em 12 meses (a partir de dezembro/1979)",IBGE - Índice Nacional de Preços ao Consumidor Amplo,março de 2009,2009-04-08
2026-08-20,1737,"IPCA - Série histórica com número-índice, variação mensal e variações acumuladas em 3 meses, em 6 meses, no ano e em 12 meses (a partir de dezembro/1979)",IBGE - Índice Nacional de Preços ao Consumidor Amplo,abril de 2009,2009-05-08
2026-08-20,1737,"IPCA - Série histórica com número-índice, variação mensal e variações acumuladas em 3 meses, em 6 meses, no ano e em 12 meses (a partir de dezembro/1979)",IBGE - Índice Nacional de Preços ao Consumidor Amplo,maio de 2009,2009-06-10
2026-08-20,1737,"IPCA - Série histórica com número-índice, variação mensal e variações acumuladas em 3 meses, em 6 meses, no ano e em 12 meses (a partir de dezembro/1979)",IBGE - Índice Nacional de Preços ao Consumidor Amplo,junho de 2009,2009-07-08
2026-08-20,1737,"IPCA - Série histórica com número-índice, variação mensal e variações acumuladas em 3 meses, em 6 meses, no ano e em 12 meses (a partir de dezembro/1979)",IBGE - Índice Nacional de Preços ao Consumidor Amplo,julho de 2009,2009-08-07
2026-08-20,1737,"IPCA - Série histórica com número-índice, variação mensal e variações acumuladas em 3 meses, em 6 meses, no ano e em 12 meses (a partir de dezembro/1979)",IBGE - Índice Nacional de Preços ao Consumidor Amplo,agosto de 2009,2009-09-10
2026-08-20,1737,"IPCA - Série histórica com número-índice, variação mensal e variações acumuladas em 3 meses, em 6 meses, no ano e em 12 meses (a partir de dezembro/1979)",IBGE - Índice Nacional de Preços ao Consumidor Amplo,setembro de 2009,2009-10-08
2026-08-20,1737,"IPCA - Série histórica com número-índice, variação mensal e variações acumuladas em 3 meses, em 6 meses, no ano e em 12 meses (a partir de dezembro/1979)",IBGE - Índice Nacional de Preços ao Consumidor Amplo,outubro de 2009,2009-11-11
2026-08-20,1737,"IPCA - Série histórica com número-índice, variação mensal e variações acumuladas em 3 meses, em 6 meses, no ano e em 12 meses (a partir de dezembro/1979)",IBGE - Índice Nacional de Preços ao Consumidor Amplo,novembro de 2009,2009-12-09
2026-08-20,1737,"IPCA - Série histórica com número-índice, variação mensal e variações acumuladas em 3 meses, em 6 meses, no ano e em 12 meses (a partir de dezembro/1979)",IBGE - Índice Nacional de Preços ao Consumidor Amplo,dezembro de 2009,2010-01-13
2026-08-20,1737,"IPCA - Série histórica com número-índice, variação mensal e variações acumuladas em 3 meses, em 6 meses, no ano e em 12 meses (a partir de dezembro/1979)",IBGE - Índice Nacional de Preços ao Consumidor Amplo,janeiro de 2010,2010-02-05
2026-08-20,1737,"IPCA - Série histórica com número-índice, variação mensal e variações acumuladas em 3 meses, em 6 meses, no ano e em 12 meses (a partir de dezembro/1979)",IBGE - Índice Nacional de Preços ao Consumidor Amplo,fevereiro de 2010,2010-03-05
2026-08-20,1737,"IPCA - Série histórica com número-índice, variação mensal e variações acumuladas em 3 meses, em 6 meses, no ano e em 12 meses (a partir de dezembro/1979)",IBGE - Índice Nacional de Preços ao Consumidor Amplo,março de 2010,2010-04-08
2026-08-20,1737,"IPCA - Série histórica com número-índice, variação mensal e variações acumuladas em 3 meses, em 6 meses, no ano e em 12 meses (a partir de dezembro/1979)",IBGE - Índice Nacional de Preços ao Consumidor Amplo,abril de 2010,2010-05-07
2026-08-20,1737,"IPCA - Série histórica com número-índice, variação mensal e variações acumuladas em 3 meses, em 6 meses, no ano e em 12 meses (a partir de dezembro/1979)",IBGE - Índice Nacional de Preços ao Consumidor Amplo,maio de 2010,2010-06-09
2026-08-20,1737,"IPCA - Série histórica com número-índice, variação mensal e variações acumuladas em 3 meses, em 6 meses, no ano e em 12 meses (a partir de dezembro/1979)",IBGE - Índice Nacional de Preços ao Consumidor Amplo,junho de 2010,2010-07-07
2026-08-20,1737,"IPCA - Série histórica com número-índice, variação mensal e variações acumuladas em 3 meses, em 6 meses, no ano e em 12 meses (a partir de dezembro/1979)",IBGE - Índice Nacional de Preços ao Consumidor Amplo,julho de 2010,2010-08-06
2026-08-20,1737,"IPCA - Série histórica com número-índice, variação mensal e variações acumuladas em 3 meses, em 6 meses, no ano e em 12 meses (a partir de dezembro/1979)",IBGE - Índice Nacional de Preços ao Consumidor Amplo,agosto de 2010,2010-09-09
2026-08-20,1737,"IPCA - Série histórica com número-índice, variação mensal e variações acumuladas em 3 meses, em 6 meses, no ano e em 12 meses (a partir de dezembro/1979)",IBGE - Índice Nacional de Preços ao Consumidor Amplo,setembro de 2010,2010-10-07
2026-08-20,1737,"IPCA - Série histórica com número-índice, variação mensal e variações acumuladas em 3 meses, em 6 meses, no ano e em 12 meses (a partir de dezembro/1979)",IBGE - Índice Nacional de Preços ao Consumidor Amplo,outubro de 2010,2010-11-09
2026-08-20,1737,"IPCA - Série histórica com número-índice, variação mensal e variações acumuladas em 3 meses, em 6 meses, no ano e em 12 meses (a partir de dezembro/1979)",IBGE - Índice Nacional de Preços ao Consumidor Amplo,novembro de 2010,2010-12-08
2026-08-20,1737,"IPCA - Série histórica com número-índice, variação mensal e variações acumuladas em 3 meses, em 6 meses, no ano e em 12 meses (a partir de dezembro/1979)",IBGE - Índice Nacional de Preços ao Consumidor Amplo,dezembro de 2010,2011-01-07
2026-08-20,1737,"IPCA - Série histórica com número-índice, variação mensal e variações acumuladas em 3 meses, em 6 meses, no ano e em 12 meses (a partir de dezembro/1979)",IBGE - Índice Nacional de Preços ao Consumidor Amplo,janeiro de 2011,2011-02-08
2026-08-20,1737,"IPCA - Série histórica com número-índice, variação mensal e variações acumuladas em 3 meses, em 6 meses, no ano e em 12 meses (a partir de dezembro/1979)",IBGE - Índice Nacional de Preços ao Consumidor Amplo,fevereiro de 2011,2011-03-04
2026-08-20,1737,"IPCA - Série histórica com número-índice, variação mensal e variações acumuladas em 3 meses, em 6 meses, no ano e em 12 meses (a partir de dezembro/1979)",IBGE - Índice Nacional de Preços ao Consumidor Amplo,março de 2011,2011-04-07
2026-08-20,1737,"IPCA - Série histórica com número-índice, variação mensal e variações acumuladas em 3 meses, em 6 meses, no ano e em 12 meses (a partir de dezembro/1979)",IBGE - Índice Nacional de Preços ao Consumidor Amplo,abril de 2011,2011-05-06
2026-08-20,1737,"IPCA - Série histórica com número-índice, variação mensal e variações acumuladas em 3 meses, em 6 meses, no ano e em 12 meses (a partir de dezembro/1979)",IBGE - Índice Nacional de Preços ao Consumidor Amplo,maio de 2011,2011-06-07
2026-08-20,1737,"IPCA - Série histórica com número-índice, variação mensal e variações acumuladas em 3 meses, em 6 meses, no ano e em 12 meses (a partir de dezembro/1979)",IBGE - Índice Nacional de Preços ao Consumidor Amplo,junho de 2011,2011-07-07
2026-08-20,1737,"IPCA - Série histórica com número-índice, variação mensal e variações acumuladas em 3 meses, em 6 meses, no ano e em 12 meses (a partir de dezembro/1979)",IBGE - Índice Nacional de Preços ao Consumidor Amplo,julho de 2011,2011-08-05
2026-08-20,1737,"IPCA - Série histórica com número-índice, variação mensal e variações acumuladas em 3 meses, em 6 meses, no ano e em 12 meses (a partir de dezembro/1979)",IBGE - Índice Nacional de Preços ao Consumidor Amplo,agosto de 2011,2011-09-06
2026-08-20,1737,"IPCA - Série histórica com número-índice, variação mensal e variações acumuladas em 3 meses, em 6 meses, no ano e em 12 meses (a partir de dezembro/1979)",IBGE - Índice Nacional de Preços ao Consumidor Amplo,setembro de 2011,2011-10-07
2026-08-20,1737,"IPCA - Série histórica com número-índice, variação mensal e variações acumuladas em 3 meses, em 6 meses, no ano e em 12 meses (a partir de dezembro/1979)",IBGE - Índice Nacional de Preços ao Consumidor Amplo,outubro de 2011,2011-11-11
2026-08-20,1737,"IPCA - Série histórica com número-índice, variação mensal e variações acumuladas em 3 meses, em 6 meses, no ano e em 12 meses (a partir de dezembro/1979)",IBGE - Índice Nacional de Preços ao Consumidor Amplo,novembro de 2011,2011-12-08
2026-08-20,1737,"IPCA - Série histórica com número-índice, variação mensal e variações acumuladas em 3 meses, em 6 meses, no ano e em 12 meses (a partir de dezembro/1979)",IBGE - Índice Nacional de Preços ao Consumidor Amplo,dezembro de 2011,2012-01-06
2026-08-20,1737,"IPCA - Série histórica com número-índice, variação mensal e variações acumuladas em 3 meses, em 6 meses, no ano e em 12 meses (a partir de dezembro/1979)",IBGE - Índice Nacional de Preços ao Consumidor Amplo,janeiro de 2012,2012-02-10
2026-08-20,1737,"IPCA - Série histórica com número-índice, variação mensal e variações acumuladas em 3 meses, em 6 meses, no ano e em 12 meses (a partir de dezembro/1979)",IBGE - Índice Nacional de Preços ao Consumidor Amplo,fevereiro de 2012,2013-07-17
2026-08-20,1737,"IPCA - Série histórica com número-índice, variação mensal e variações acumuladas em 3 meses, em 6 meses, no ano e em 12 meses (a partir de dezembro/1979)",IBGE - Índice Nacional de Preços ao Consumidor Amplo,março de 2012,2012-04-05
2026-08-20,1737,"IPCA - Série histórica com número-índice, variação mensal e variações acumuladas em 3 meses, em 6 meses, no ano e em 12 meses (a partir de dezembro/1979)",IBGE - Índice Nacional de Preços ao Consumidor Amplo,abril de 2012,2012-05-09
2026-08-20,1737,"IPCA - Série histórica com número-índice, variação mensal e variações acumuladas em 3 meses, em 6 meses, no ano e em 12 meses (a partir de dezembro/1979)",IBGE - Índice Nacional de Preços ao Consumidor Amplo,maio de 2012,2012-06-06
2026-08-20,1737,"IPCA - Série histórica com número-índice, variação mensal e variações acumuladas em 3 meses, em 6 meses, no ano e em 12 meses (a partir de dezembro/1979)",IBGE - Índice Nacional de Preços ao Consumidor Amplo,junho de 2012,2012-07-06
2026-08-20,1737,"IPCA - Série histórica com número-índice, variação mensal e variações acumuladas em 3 meses, em 6 meses, no ano e em 12 meses (a partir de dezembro/1979)",IBGE - Índice Nacional de Preços ao Consumidor Amplo,julho de 2012,2012-08-08
2026-08-20,1737,"IPCA - Série histórica com número-índice, variação mensal e variações acumuladas em 3 meses, em 6 meses, no ano e em 12 meses (a partir de dezembro/1979)",IBGE - Índice Nacional de Preços ao Consumidor Amplo,agosto de 2012,2012-09-05
2026-08-20,1737,"IPCA - Série histórica com número-índice, variação mensal e variações acumuladas em 3 meses, em 6 meses, no ano e em 12 meses (a partir de dezembro/1979)",IBGE - Índice Nacional de Preços ao Consumidor Amplo,setembro de 2012,2012-10-05
2026-08-20,1737,"IPCA - Série histórica com número-índice, variação mensal e variações acumuladas em 3 meses, em 6 meses, no ano e em 12 meses (a partir de dezembro/1979)",IBGE - Índice Nacional de Preços ao Consumidor Amplo,outubro de 2012,2012-11-07
2026-08-20,1737,"IPCA - Série histórica com número-índice, variação mensal e variações acumuladas em 3 meses, em 6 meses, no ano e em 12 meses (a partir de dezembro/1979)",IBGE - Índice Nacional de Preços ao Consumidor Amplo,novembro de 2012,2012-12-07
2026-08-20,1737,"IPCA - Série histórica com número-índice, variação mensal e variações acumuladas em 3 meses, em 6 meses, no ano e em 12 meses (a partir de dezembro/1979)",IBGE - Índice Nacional de Preços ao Consumidor Amplo,dezembro de 2012,2013-01-10
2026-08-20,1737,"IPCA - Série histórica com número-índice, variação mensal e variações acumuladas em 3 meses, em 6 meses, no ano e em 12 meses (a partir de dezembro/1979)",IBGE - Índice Nacional de Preços ao Consumidor Amplo,janeiro de 2013,2013-02-07
2026-08-20,1737,"IPCA - Série histórica com número-índice, variação mensal e variações acumuladas em 3 meses, em 6 meses, no ano e em 12 meses (a partir de dezembro/1979)",IBGE - Índice Nacional de Preços ao Consumidor Amplo,fevereiro de 2013,2013-03-08
2026-08-20,1737,"IPCA - Série histórica com número-índice, variação mensal e variações acumuladas em 3 meses, em 6 meses, no ano e em 12 meses (a partir de dezembro/1979)",IBGE - Índice Nacional de Preços ao Consumidor Amplo,março de 2013,2013-04-10
2026-08-20,1737,"IPCA - Série histórica com número-índice, variação mensal e variações acumuladas em 3 meses, em 6 meses, no ano e em 12 meses (a partir de dezembro/1979)",IBGE - Índice Nacional de Preços ao Consumidor Amplo,abril de 2013,2013-05-08
2026-08-20,1737,"IPCA - Série histórica com número-índice, variação mensal e variações acumuladas em 3 meses, em 6 meses, no ano e em 12 meses (a partir de dezembro/1979)",IBGE - Índice Nacional de Preços ao Consumidor Amplo,maio de 2013,2013-06-07
2026-08-20,1737,"IPCA - Série histórica com número-índice, variação mensal e variações acumuladas em 3 meses, em 6 meses, no ano e em 12 meses (a partir de dezembro/1979)",IBGE - Índice Nacional de Preços ao Consumidor Amplo,junho de 2013,2013-07-05
2026-08-20,1737,"IPCA - Série histórica com número-índice, variação mensal e variações acumuladas em 3 meses, em 6 meses, no ano e em 12 meses (a partir de dezembro/1979)",IBGE - Índice Nacional de Preços ao Consumidor Amplo,julho de 2013,2013-08-07
2026-08-20,1737,"IPCA - Série histórica com número-índice, variação mensal e variações acumuladas em 3 meses, em 6 meses, no ano e em 12 meses (a partir de dezembro/1979)",IBGE - Índice Nacional de Preços ao Consumidor Amplo,agosto de 2013,2013-09-06
2026-08-20,1737,"IPCA - Série histórica com número-índice, variação mensal e variações acumuladas em 3 meses, em 6 meses, no ano e em 12 meses (a partir de dezembro/1979)",IBGE - Índice Nacional de Preços ao Consumidor Amplo,setembro de 2013,2013-10-09
2026-08-20,1737,"IPCA - Série histórica com número-índice, variação mensal e variações acumuladas em 3 meses, em 6 meses, no ano e em 12 meses (a partir de dezembro/1979)",IBGE - Índice Nacional de Preços ao Consumidor Amplo,outubro de 2013,2013-11-07
2026-08-20,1737,"IPCA - Série histórica com número-índice, variação mensal e variações acumuladas em 3 meses, em 6 meses, no ano e em 12 meses (a partir de dezembro/1979)",IBGE - Índice Nacional de Preços ao Consumidor Amplo,novembro de 2013,2013-12-06
2026-08-20,1737,"IPCA - Série histórica com número-índice, variação mensal e variações acumuladas em 3 meses, em 6 meses, no ano e em 12 meses (a partir de dezembro/1979)",IBGE - Índice Nacional de Preços ao Consumidor Amplo,dezembro de 2013,2014-01-10
2026-08-20,1737,"IPCA - Série histórica com número-índice, variação mensal e variações acumuladas em 3 meses, em 6 meses, no ano e em 12 meses (a partir de dezembro/1979)",IBGE - Índice Nacional de Preços ao Consumidor Amplo,janeiro de 2014,2014-08-08
2026-08-20,1737,"IPCA - Série histórica com número-índice, variação mensal e variações acumuladas em 3 meses, em 6 meses, no ano e em 12 meses (a partir de dezembro/1979)",IBGE - Índice Nacional de Preços ao Consumidor Amplo,fevereiro de 2014,2014-03-12
2026-08-20,1737,"IPCA - Série histórica com número-índice, variação mensal e variações acumuladas em 3 meses, em 6 meses, no ano e em 12 meses (a partir de dezembro/1979)",IBGE - Índice Nacional de Preços ao Consumidor Amplo,março de 2014,2014-04-09
2026-08-20,1737,"IPCA - Série histórica com número-índice, variação mensal e variações acumuladas em 3 meses, em 6 meses, no ano e em 12 meses (a partir de dezembro/1979)",IBGE - Índice Nacional de Preços ao Consumidor Amplo,abril de 2014,2014-05-09
2026-08-20,1737,"IPCA - Série histórica com número-índice, variação mensal e variações acumuladas em 3 meses, em 6 meses, no ano e em 12 meses (a partir de dezembro/1979)",IBGE - Índice Nacional de Preços ao Consumidor Amplo,maio de 2014,2014-06-06
2026-08-20,1737,"IPCA - Série histórica com número-índice, variação mensal e variações acumuladas em 3 meses, em 6 meses, no ano e em 12 meses (a partir de dezembro/1979)",IBGE - Índice Nacional de Preços ao Consumidor Amplo,junho de 2014,2014-07-08
2026-08-20,1737,"IPCA - Série histórica com número-índice, variação mensal e variações acumuladas em 3 meses, em 6 meses, no ano e em 12 meses (a partir de dezembro/1979)",IBGE - Índice Nacional de Preços ao Consumidor Amplo,julho de 2014,2014-08-08
2026-08-20,1737,"IPCA - Série histórica com número-índice, variação mensal e variações acumuladas em 3 meses, em 6 meses, no ano e em 12 meses (a partir de dezembro/1979)",IBGE - Índice Nacional de Preços ao Consumidor Amplo,agosto de 2014,2014-09-05
2026-08-20,1737,"IPCA - Série histórica com número-índice, variação mensal e variações acumuladas em 3 meses, em 6 meses, no ano e em 12 meses (a partir de dezembro/1979)",IBGE - Índice Nacional de Preços ao Consumidor Amplo,setembro de 2014,2014-10-08
2026-08-20,1737,"IPCA - Série histórica com número-índice, variação mensal e variações acumuladas em 3 meses, em 6 meses, no ano e em 12 meses (a partir de dezembro/1979)",IBGE - Índice Nacional de Preços ao Consumidor Amplo,outubro de 2014,2014-11-07
2026-08-20,1737,"IPCA - Série histórica com número-índice, variação mensal e variações acumuladas em 3 meses, em 6 meses, no ano e em 12 meses (a partir de dezembro/1979)",IBGE - Índice Nacional de Preços ao Consumidor Amplo,novembro de 2014,2014-12-05
2026-08-20,1737,"IPCA - Série histórica com número-índice, variação mensal e variações acumuladas em 3 meses, em 6 meses, no ano e em 12 meses (a partir de dezembro/1979)",IBGE - Índice Nacional de Preços ao Consumidor Amplo,dezembro de 2014,2015-01-09
2026-08-20,1737,"IPCA - Série histórica com número-índice, variação mensal e variações acumuladas em 3 meses, em 6 meses, no ano e em 12 meses (a partir de dezembro/1979)",IBGE - Índice Nacional de Preços ao Consumidor Amplo,janeiro de 2015,2015-02-06
2026-08-20,1737,"IPCA - Série histórica com número-índice, variação mensal e variações acumuladas em 3 meses, em 6 meses, no ano e em 12 meses (a partir de dezembro/1979)",IBGE - Índice Nacional de Preços ao Consumidor Amplo,fevereiro de 2015,2015-03-06
2026-08-20,1737,"IPCA - Série histórica com número-índice, variação mensal e variações acumuladas em 3 meses, em 6 meses, no ano e em 12 meses (a partir de dezembro/1979)",IBGE - Índice Nacional de Preços ao Consumidor Amplo,março de 2015,2015-04-08
2026-08-20,1737,"IPCA - Série histórica com número-índice, variação mensal e variações acumuladas em 3 meses, em 6 meses, no ano e em 12 meses (a partir de dezembro/1979)",IBGE - Índice Nacional de Preços ao Consumidor Amplo,abril de 2015,2015-05-08
2026-08-20,1737,"IPCA - Série histórica com número-índice, variação mensal e variações acumuladas em 3 meses, em 6 meses, no ano e em 12 meses (a partir de dezembro/1979)",IBGE - Índice Nacional de Preços ao Consumidor Amplo,maio de 2015,2015-06-10
2026-08-20,1737,"IPCA - Série histórica com número-índice, variação mensal e variações acumuladas em 3 meses, em 6 meses, no ano e em 12 meses (a partir de dezembro/1979)",IBGE - Índice Nacional de Preços ao Consumidor Amplo,junho de 2015,2015-07-08
2026-08-20,1737,"IPCA - Série histórica com número-índice, variação mensal e variações acumuladas em 3 meses, em 6 meses, no ano e em 12 meses (a partir de dezembro/1979)",IBGE - Índice Nacional de Preços ao Consumidor Amplo,julho de 2015,2015-08-07
2026-08-20,1737,"IPCA - Série histórica com número-índice, variação mensal e variações acumuladas em 3 meses, em 6 meses, no ano e em 12 meses (a partir de dezembro/1979)",IBGE - Índice Nacional de Preços ao Consumidor Amplo,agosto de 2015,2015-09-10
2026-08-20,1737,"IPCA - Série histórica com número-índice, variação mensal e variações acumuladas em 3 meses, em 6 meses, no ano e em 12 meses (a partir de dezembro/1979)",IBGE - Índice Nacional de Preços ao Consumidor Amplo,setembro de 2015,2015-10-07
2026-08-20,1737,"IPCA - Série histórica com número-índice, variação mensal e variações acumuladas em 3 meses, em 6 meses, no ano e em 12 meses (a partir de dezembro/1979)",IBGE - Índice Nacional de Preços ao Consumidor Amplo,outubro de 2015,2015-11-06
2026-08-20,1737,"IPCA - Série histórica com número-índice, variação mensal e variações acumuladas em 3 meses, em 6 meses, no ano e em 12 meses (a partir de dezembro/1979)",IBGE - Índice Nacional de Preços ao Consumidor Amplo,novembro de 2015,2015-12-09
2026-08-20,1737,"IPCA - Série histórica com número-índice, variação mensal e variações acumuladas em 3 meses, em 6 meses, no ano e em 12 meses (a partir de dezembro/1979)",IBGE - Índice Nacional de Preços ao Consumidor Amplo,dezembro de 2015,2016-01-08
2026-08-20,1737,"IPCA - Série histórica com número-índice, variação mensal e variações acumuladas em 3 meses, em 6 meses, no ano e em 12 meses (a partir de dezembro/1979)",IBGE - Índice Nacional de Preços ao Consumidor Amplo,janeiro de 2016,2016-02-05
2026-08-20,1737,"IPCA - Série histórica com número-índice, variação mensal e variações acumuladas em 3 meses, em 6 meses, no ano e em 12 meses (a partir de dezembro/1979)",IBGE - Índice Nacional de Preços ao Consumidor Amplo,fevereiro de 2016,2016-03-09
2026-08-20,1737,"IPCA - Série histórica com número-índice, variação mensal e variações acumuladas em 3 meses, em 6 meses, no ano e em 12 meses (a partir de dezembro/1979)",IBGE - Índice Nacional de Preços ao Consumidor Amplo,março de 2016,2016-04-08
2026-08-20,1737,"IPCA - Série histórica com número-índice, variação mensal e variações acumuladas em 3 meses, em 6 meses, no ano e em 12 meses (a partir de dezembro/1979)",IBGE - Índice Nacional de Preços ao Consumidor Amplo,abril de 2016,2016-05-06
2026-08-20,1737,"IPCA - Série histórica com número-índice, variação mensal e variações acumuladas em 3 meses, em 6 meses, no ano e em 12 meses (a partir de dezembro/1979)",IBGE - Índice Nacional de Preços ao Consumidor Amplo,maio de 2016,2016-06-08
2026-08-20,1737,"IPCA - Série histórica com número-índice, variação mensal e variações acumuladas em 3 meses, em 6 meses, no ano e em 12 meses (a partir de dezembro/1979)",IBGE - Índice Nacional de Preços ao Consumidor Amplo,junho de 2016,2016-07-08
2026-08-20,1737,"IPCA - Série histórica com número-índice, variação mensal e variações acumuladas em 3 meses, em 6 meses, no ano e em 12 meses (a partir de dezembro/1979)",IBGE - Índice Nacional de Preços ao Consumidor Amplo,julho de 2016,2016-08-10
2026-08-20,1737,"IPCA - Série histórica com número-índice, variação mensal e variações acumuladas em 3 meses, em 6 meses, no ano e em 12 meses (a partir de dezembro/1979)",IBGE - Índice Nacional de Preços ao Consumidor Amplo,agosto de 2016,2016-09-09
2026-08-20,1737,"IPCA - Série histórica com número-índice, variação mensal e variações acumuladas em 3 meses, em 6 meses, no ano e em 12 meses (a partir de dezembro/1979)",IBGE - Índice Nacional de Preços ao Consumidor Amplo,setembro de 2016,2016-10-07
2026-08-20,1737,"IPCA - Série histórica com número-índice, variação mensal e variações acumuladas em 3 meses, em 6 meses, no ano e em 12 meses (a partir de dezembro/1979)",IBGE - Índice Nacional de Preços ao Consumidor Amplo,outubro de 2016,2016-11-09
2026-08-20,1737,"IPCA - Série histórica com número-índice, variação mensal e variações acumuladas em 3 meses, em 6 meses, no ano e em 12 meses (a partir de dezembro/1979)",IBGE - Índice Nacional de Preços ao Consumidor Amplo,novembro de 2016,2016-12-09
2026-08-20,1737,"IPCA - Série histórica com número-índice, variação mensal e variações acumuladas em 3 meses, em 6 meses, no ano e em 12 meses (a partir de dezembro/1979)",IBGE - Índice Nacional de Preços ao Consumidor Amplo,dezembro de 2016,2017-01-11
2026-08-20,1737,"IPCA - Série histórica com número-índice, variação mensal e variações acumuladas em 3 meses, em 6 meses, no ano e em 12 meses (a partir de dezembro/1979)",IBGE - Índice Nacional de Preços ao Consumidor Amplo,janeiro de 2017,2017-02-08
2026-08-20,1737,"IPCA - Série histórica com número-índice, variação mensal e variações acumuladas em 3 meses, em 6 meses, no ano e em 12 meses (a partir de dezembro/1979)",IBGE - Índice Nacional de Preços ao Consumidor Amplo,fevereiro de 2017,2017-03-10
2026-08-20,1737,"IPCA - Série histórica com número-índice, variação mensal e variações acumuladas em 3 meses, em 6 meses, no ano e em 12 meses (a partir de dezembro/1979)",IBGE - Índice Nacional de Preços ao Consumidor Amplo,março de 2017,2017-04-07
2026-08-20,1737,"IPCA - Série histórica com número-índice, variação mensal e variações acumuladas em 3 meses, em 6 meses, no ano e em 12 meses (a partir de dezembro/1979)",IBGE - Índice Nacional de Preços ao Consumidor Amplo,abril de 2017,2017-05-10
2026-08-20,1737,"IPCA - Série histórica com número-índice, variação mensal e variações acumuladas em 3 meses, em 6 meses, no ano e em 12 meses (a partir de dezembro/1979)",IBGE - Índice Nacional de Preços ao Consumidor Amplo,maio de 2017,2017-06-09
2026-08-20,1737,"IPCA - Série histórica com número-índice, variação mensal e variações acumuladas em 3 meses, em 6 meses, no ano e em 12 meses (a partir de dezembro/1979)",IBGE - Índice Nacional de Preços ao Consumidor Amplo,junho de 2017,2017-07-07
2026-08-20,1737,"IPCA - Série histórica com número-índice, variação mensal e variações acumuladas em 3 meses, em 6 meses, no ano e em 12 meses (a partir de dezembro/1979)",IBGE - Índice Nacional de Preços ao Consumidor Amplo,julho de 2017,2017-08-09
2026-08-20,1737,"IPCA - Série histórica com número-índice, variação mensal e variações acumuladas em 3 meses, em 6 meses, no ano e em 12 meses (a partir de dezembro/1979)",IBGE - Índice Nacional de Preços ao Consumidor Amplo,agosto de 2017,2017-09-06
2026-08-20,1737,"IPCA - Série histórica com número-índice, variação mensal e variações acumuladas em 3 meses, em 6 meses, no ano e em 12 meses (a partir de dezembro/1979)",IBGE - Índice Nacional de Preços ao Consumidor Amplo,setembro de 2017,2017-10-06
2026-08-20,1737,"IPCA - Série histórica com número-índice, variação mensal e variações acumuladas em 3 meses, em 6 meses, no ano e em 12 meses (a partir de dezembro/1979)",IBGE - Índice Nacional de Preços ao Consumidor Amplo,outubro de 2017,2017-11-10
2026-08-20,1737,"IPCA - Série histórica com número-índice, variação mensal e variações acumuladas em 3 meses, em 6 meses, no ano e em 12 meses (a partir de dezembro/1979)",IBGE - Índice Nacional de Preços ao Consumidor Amplo,novembro de 2017,2017-12-08
2026-08-20,1737,"IPCA - Série histórica com número-índice, variação mensal e variações acumuladas em 3 meses, em 6 meses, no ano e em 12 meses (a partir de dezembro/1979)",IBGE - Índice Nacional de Preços ao Consumidor Amplo,dezembro de 2017,2018-01-10
2026-08-20,1737,"IPCA - Série histórica com número-índice, variação mensal e variações acumuladas em 3 meses, em 6 meses, no ano e em 12 meses (a partir de dezembro/1979)",IBGE - Índice Nacional de Preços ao Consumidor Amplo,janeiro de 2018,2018-02-08
2026-08-20,1737,"IPCA - Série histórica com número-índice, variação mensal e variações acumuladas em 3 meses, em 6 meses, no ano e em 12 meses (a partir de dezembro/1979)",IBGE - Índice Nacional de Preços ao Consumidor Amplo,fevereiro de 2018,2018-03-09
2026-08-20,1737,"IPCA - Série histórica com número-índice, variação mensal e variações acumuladas em 3 meses, em 6 meses, no ano e em 12 meses (a partir de dezembro/1979)",IBGE - Índice Nacional de Preços ao Consumidor Amplo,março de 2018,2018-04-10
2026-08-20,1737,"IPCA - Série histórica com número-índice, variação mensal e variações acumuladas em 3 meses, em 6 meses, no ano e em 12 meses (a partir de dezembro/1979)",IBGE - Índice Nacional de Preços ao Consumidor Amplo,abril de 2018,2018-05-10
2026-08-20,1737,"IPCA - Série histórica com número-índice, variação mensal e variações acumuladas em 3 meses, em 6 meses, no ano e em 12 meses (a partir de dezembro/1979)",IBGE - Índice Nacional de Preços ao Consumidor Amplo,maio de 2018,2018-06-08
2026-08-20,1737,"IPCA - Série histórica com número-índice, variação mensal e variações acumuladas em 3 meses, em 6 meses, no ano e em 12 meses (a partir de dezembro/1979)",IBGE - Índice Nacional de Preços ao Consumidor Amplo,junho de 2018,2018-07-06
2026-08-20,1737,"IPCA - Série histórica com número-índice, variação mensal e variações acumuladas em 3 meses, em 6 meses, no ano e em 12 meses (a partir de dezembro/1979)",IBGE - Índice Nacional de Preços ao Consumidor Amplo,julho de 2018,2018-08-08
2026-08-20,1737,"IPCA - Série histórica com número-índice, variação mensal e variações acumuladas em 3 meses, em 6 meses, no ano e em 12 meses (a partir de dezembro/1979)",IBGE - Índice Nacional de Preços ao Consumidor Amplo,agosto de 2018,2018-09-06
2026-08-20,1737,"IPCA - Série histórica com número-índice, variação mensal e variações acumuladas em 3 meses, em 6 meses, no ano e em 12 meses (a partir de dezembro/1979)",IBGE - Índice Nacional de Preços ao Consumidor Amplo,setembro de 2018,2018-10-05
2026-08-20,1737,"IPCA - Série histórica com número-índice, variação mensal e variações acumuladas em 3 meses, em 6 meses, no ano e em 12 meses (a partir de dezembro/1979)",IBGE - Índice Nacional de Preços ao Consumidor Amplo,outubro de 2018,2018-11-07
2026-08-20,1737,"IPCA - Série histórica com número-índice, variação mensal e variações acumuladas em 3 meses, em 6 meses, no ano e em 12 meses (a partir de dezembro/1979)",IBGE - Índice Nacional de Preços ao Consumidor Amplo,novembro de 2018,2018-12-07
2026-08-20,1737,"IPCA - Série histórica com número-índice, variação mensal e variações acumuladas em 3 meses, em 6 meses, no ano e em 12 meses (a partir de dezembro/1979)",IBGE - Índice Nacional de Preços ao Consumidor Amplo,dezembro de 2018,2019-01-11
2026-08-20,1737,"IPCA - Série histórica com número-índice, variação mensal e variações acumuladas em 3 meses, em 6 meses, no ano e em 12 meses (a partir de dezembro/1979)",IBGE - Índice Nacional de Preços ao Consumidor Amplo,janeiro de 2019,2019-02-08
2026-08-20,1737,"IPCA - Série histórica com número-índice, variação mensal e variações acumuladas em 3 meses, em 6 meses, no ano e em 12 meses (a partir de dezembro/1979)",IBGE - Índice Nacional de Preços ao Consumidor Amplo,fevereiro de 2019,2019-03-12
2026-08-20,1737,"IPCA - Série histórica com número-índice, variação mensal e variações acumuladas em 3 meses, em 6 meses, no ano e em 12 meses (a partir de dezembro/1979)",IBGE - Índice Nacional de Preços ao Consumidor Amplo,março de 2019,2019-04-10
2026-08-20,1737,"IPCA - Série histórica com número-índice, variação mensal e variações acumuladas em 3 meses, em 6 meses, no ano e em 12 meses (a partir de dezembro/1979)",IBGE - Índice Nacional de Preços ao Consumidor Amplo,abril de 2019,2019-05-10
2026-08-20,1737,"IPCA - Série histórica com número-índice, variação mensal e variações acumuladas em 3 meses, em 6 meses, no ano e em 12 meses (a partir de dezembro/1979)",IBGE - Índice Nacional de Preços ao Consumidor Amplo,maio de 2019,2019-06-07
2026-08-20,1737,"IPCA - Série histórica com número-índice, variação mensal e variações acumuladas em 3 meses, em 6 meses, no ano e em 12 meses (a partir de dezembro/1979)",IBGE - Índice Nacional de Preços ao Consumidor Amplo,junho de 2019,2019-07-10
2026-08-20,1737,"IPCA - Série histórica com número-índice, variação mensal e variações acumuladas em 3 meses, em 6 meses, no ano e em 12 meses (a partir de dezembro/1979)",IBGE - Índice Nacional de Preços ao Consumidor Amplo,julho de 2019,2019-08-08
2026-08-20,1737,"IPCA - Série histórica com número-índice, variação mensal e variações acumuladas em 3 meses, em 6 meses, no ano e em 12 meses (a partir de dezembro/1979)",IBGE - Índice Nacional de Preços ao Consumidor Amplo,agosto de 2019,2019-09-06
2026-08-20,1737,"IPCA - Série histórica com número-índice, variação mensal e variações acumuladas em 3 meses, em 6 meses, no ano e em 12 meses (a partir de dezembro/1979)",IBGE - Índice Nacional de Preços ao Consumidor Amplo,setembro de 2019,2019-10-09
2026-08-20,1737,"IPCA - Série histórica com número-índice, variação mensal e variações acumuladas em 3 meses, em 6 meses, no ano e em 12 meses (a partir de dezembro/1979)",IBGE - Índice Nacional de Preços ao Consumidor Amplo,outubro de 2019,2019-11-07
2026-08-20,1737,"IPCA - Série histórica com número-índice, variação mensal e variações acumuladas em 3 meses, em 6 meses, no ano e em 12 meses (a partir de dezembro/1979)",IBGE - Índice Nacional de Preços ao Consumidor Amplo,novembro de 2019,2019-12-06
2026-08-20,1737,"IPCA - Série histórica com número-índice, variação mensal e variações acumuladas em 3 meses, em 6 meses, no ano e em 12 meses (a partir de dezembro/1979)",IBGE - Índice Nacional de Preços ao Consumidor Amplo,dezembro de 2019,2020-01-10
2026-08-20,1737,"IPCA - Série histórica com número-índice, variação mensal e variações acumuladas em 3 meses, em 6 meses, no ano e em 12 meses (a partir de dezembro/1979)",IBGE - Índice Nacional de Preços ao Consumidor Amplo,janeiro de 2020,2020-02-07
2026-08-20,1737,"IPCA - Série histórica com número-índice, variação mensal e variações acumuladas em 3 meses, em 6 meses, no ano e em 12 meses (a partir de dezembro/1979)",IBGE - Índice Nacional de Preços ao Consumidor Amplo,fevereiro de 2020,2020-03-11
2026-08-20,1737,"IPCA - Série histórica com número-índice, variação mensal e variações acumuladas em 3 meses, em 6 meses, no ano e em 12 meses (a partir de dezembro/1979)",IBGE - Índice Nacional de Preços ao Consumidor Amplo,março de 2020,2020-04-09
2026-08-20,1737,"IPCA - Série histórica com número-índice, variação mensal e variações acumuladas em 3 meses, em 6 meses, no ano e em 12 meses (a partir de dezembro/1979)",IBGE - Índice Nacional de Preços ao Consumidor Amplo,abril de 2020,2020-05-08
2026-08-20,1737,"IPCA - Série histórica com número-índice, variação mensal e variações acumuladas em 3 meses, em 6 meses, no ano e em 12 meses (a partir de dezembro/1979)",IBGE - Índice Nacional de Preços ao Consumidor Amplo,maio de 2020,2020-06-10
2026-08-20,1737,"IPCA - Série histórica com número-índice, variação mensal e variações acumuladas em 3 meses, em 6 meses, no ano e em 12 meses (a partir de dezembro/1979)",IBGE - Índice Nacional de Preços ao Consumidor Amplo,junho de 2020,2020-07-10
2026-08-20,1737,"IPCA - Série histórica com número-índice, variação mensal e variações acumuladas em 3 meses, em 6 meses, no ano e em 12 meses (a partir de dezembro/1979)",IBGE - Índice Nacional de Preços ao Consumidor Amplo,julho de 2020,2020-08-07
2026-08-20,1737,"IPCA - Série histórica com número-índice, variação mensal e variações acumuladas em 3 meses, em 6 meses, no ano e em 12 meses (a partir de dezembro/1979)",IBGE - Índice Nacional de Preços ao Consumidor Amplo,agosto de 2020,2020-09-09
2026-08-20,1737,"IPCA - Série histórica com número-índice, variação mensal e variações acumuladas em 3 meses, em 6 meses, no ano e em 12 meses (a partir de dezembro/1979)",IBGE - Índice Nacional de Preços ao Consumidor Amplo,setembro de 2020,2020-10-09
2026-08-20,1737,"IPCA - Série histórica com número-índice, variação mensal e variações acumuladas em 3 meses, em 6 meses, no ano e em 12 meses (a partir de dezembro/1979)",IBGE - Índice Nacional de Preços ao Consumidor Amplo,outubro de 2020,2020-11-06
2026-08-20,1737,"IPCA - Série histórica com número-índice, variação mensal e variações acumuladas em 3 meses, em 6 meses, no ano e em 12 meses (a partir de dezembro/1979)",IBGE - Índice Nacional de Preços ao Consumidor Amplo,novembro de 2020,2020-12-08
2026-08-20,1737,"IPCA - Série histórica com número-índice, variação mensal e variações acumuladas em 3 meses, em 6 meses, no ano e em 12 meses (a partir de dezembro/1979)",IBGE - Índice Nacional de Preços ao Consumidor Amplo,dezembro de 2020,2021-01-12
2026-08-20,1737,"IPCA - Série histórica com número-índice, variação mensal e variações acumuladas em 3 meses, em 6 meses, no ano e em 12 meses (a partir de dezembro/1979)",IBGE - Índice Nacional de Preços ao Consumidor Amplo,janeiro de 2021,2021-02-09
2026-08-20,1737,"IPCA - Série histórica com número-índice, variação mensal e variações acumuladas em 3 meses, em 6 meses, no ano e em 12 meses (a partir de dezembro/1979)",IBGE - Índice Nacional de Preços ao Consumidor Amplo,fevereiro de 2021,2021-03-11
2026-08-20,1737,"IPCA - Série histórica com número-índice, variação mensal e variações acumuladas em 3 meses, em 6 meses, no ano e em 12 meses (a partir de dezembro/1979)",IBGE - Índice Nacional de Preços ao Consumidor Amplo,março de 2021,2021-04-09
2026-08-20,1737,"IPCA - Série histórica com número-índice, variação mensal e variações acumuladas em 3 meses, em 6 meses, no ano e em 12 meses (a partir de dezembro/1979)",IBGE - Índice Nacional de Preços ao Consumidor Amplo,abril de 2021,2021-05-11
2026-08-20,1737,"IPCA - Série histórica com número-índice, variação mensal e variações acumuladas em 3 meses, em 6 meses, no ano e em 12 meses (a partir de dezembro/1979)",IBGE - Índice Nacional de Preços ao Consumidor Amplo,maio de 2021,2021-06-09
2026-08-20,1737,"IPCA - Série histórica com número-índice, variação mensal e variações acumuladas em 3 meses, em 6 meses, no ano e em 12 meses (a partir de dezembro/1979)",IBGE - Índice Nacional de Preços ao Consumidor Amplo,junho de 2021,2021-07-08
2026-08-20,1737,"IPCA - Série histórica com número-índice, variação mensal e variações acumuladas em 3 meses, em 6 meses, no ano e em 12 meses (a partir de dezembro/1979)",IBGE - Índice Nacional de Preços ao Consumidor Amplo,julho de 2021,2021-08-10
2026-08-20,1737,"IPCA - Série histórica com número-índice, variação mensal e variações acumuladas em 3 meses, em 6 meses, no ano e em 12 meses (a partir de dezembro/1979)",IBGE - Índice Nacional de Preços ao Consumidor Amplo,agosto de 2021,2021-09-09
2026-08-20,1737,"IPCA - Série histórica com número-índice, variação mensal e variações acumuladas em 3 meses, em 6 meses, no ano e em 12 meses (a partir de dezembro/1979)",IBGE - Índice Nacional de Preços ao Consumidor Amplo,setembro de 2021,2021-10-08
2026-08-20,1737,"IPCA - Série histórica com número-índice, variação mensal e variações acumuladas em 3 meses, em 6 meses, no ano e em 12 meses (a partir de dezembro/1979)",IBGE - Índice Nacional de Preços ao Consumidor Amplo,outubro de 2021,2021-11-10
2026-08-20,1737,"IPCA - Série histórica com número-índice, variação mensal e variações acumuladas em 3 meses, em 6 meses, no ano e em 12 meses (a partir de dezembro/1979)",IBGE - Índice Nacional de Preços ao Consumidor Amplo,novembro de 2021,2021-12-10
2026-08-20,1737,"IPCA - Série histórica com número-índice, variação mensal e variações acumuladas em 3 meses, em 6 meses, no ano e em 12 meses (a partir de dezembro/1979)",IBGE - Índice Nacional de Preços ao Consumidor Amplo,dezembro de 2021,2022-01-11
2026-08-20,1737,"IPCA - Série histórica com número-índice, variação mensal e variações acumuladas em 3 meses, em 6 meses, no ano e em 12 meses (a partir de dezembro/1979)",IBGE - Índice Nacional de Preços ao Consumidor Amplo,janeiro de 2022,2022-02-09
2026-08-20,1737,"IPCA - Série histórica com número-índice, variação mensal e variações acumuladas em 3 meses, em 6 meses, no ano e em 12 meses (a partir de dezembro/1979)",IBGE - Índice Nacional de Preços ao Consumidor Amplo,fevereiro de 2022,2022-03-11
2026-08-20,1737,"IPCA - Série histórica com número-índice, variação mensal e variações acumuladas em 3 meses, em 6 meses, no ano e em 12 meses (a partir de dezembro/1979)",IBGE - Índice Nacional de Preços ao Consumidor Amplo,março de 2022,2022-04-08
2026-08-20,1737,"IPCA - Série histórica com número-índice, variação mensal e variações acumuladas em 3 meses, em 6 meses, no ano e em 12 meses (a partir de dezembro/1979)",IBGE - Índice Nacional de Preços ao Consumidor Amplo,abril de 2022,2022-05-11
2026-08-20,1737,"IPCA - Série histórica com número-índice, variação mensal e variações acumuladas em 3 meses, em 6 meses, no ano e em 12 meses (a partir de dezembro/1979)",IBGE - Índice Nacional de Preços ao Consumidor Amplo,maio de 2022,2022-06-09
2026-08-20,1737,"IPCA - Série histórica com número-índice, variação mensal e variações acumuladas em 3 meses, em 6 meses, no ano e em 12 meses (a partir de dezembro/1979)",IBGE - Índice Nacional de Preços ao Consumidor Amplo,junho de 2022,2022-07-08
2026-08-20,1737,"IPCA - Série histórica com número-índice, variação mensal e variações acumuladas em 3 meses, em 6 meses, no ano e em 12 meses (a partir de dezembro/1979)",IBGE - Índice Nacional de Preços ao Consumidor Amplo,julho de 2022,2022-08-09
2026-08-20,1737,"IPCA - Série histórica com número-índice, variação mensal e variações acumuladas em 3 meses, em 6 meses, no ano e em 12 meses (a partir de dezembro/1979)",IBGE - Índice Nacional de Preços ao Consumidor Amplo,agosto de 2022,2022-09-09
2026-08-20,1737,"IPCA - Série histórica com número-índice, variação mensal e variações acumuladas em 3 meses, em 6 meses, no ano e em 12 meses (a partir de dezembro/1979)",IBGE - Índice Nacional de Preços ao Consumidor Amplo,setembro de 2022,2022-10-11
2026-08-20,1737,"IPCA - Série histórica com número-índice, variação mensal e variações acumuladas em 3 meses, em 6 meses, no ano e em 12 meses (a partir de dezembro/1979)",IBGE - Índice Nacional de Preços ao Consumidor Amplo,outubro de 2022,2022-11-10
2026-08-20,1737,"IPCA - Série histórica com número-índice, variação mensal e variações acumuladas em 3 meses, em 6 meses, no ano e em 12 meses (a partir de dezembro/1979)",IBGE - Índice Nacional de Preços ao Consumidor Amplo,novembro de 2022,2022-12-09
2026-08-20,1737,"IPCA - Série histórica com número-índice, variação mensal e variações acumuladas em 3 meses, em 6 meses, no ano e em 12 meses (a partir de dezembro/1979)",IBGE - Índice Nacional de Preços ao Consumidor Amplo,dezembro de 2022,2023-01-10
2026-08-20,1737,"IPCA - Série histórica com número-índice, variação mensal e variações acumuladas em 3 meses, em 6 meses, no ano e em 12 meses (a partir de dezembro/1979)",IBGE - Índice Nacional de Preços ao Consumidor Amplo,janeiro de 2023,2023-02-09
2026-08-20,1737,"IPCA - Série histórica com número-índice, variação mensal e variações acumuladas em 3 meses, em 6 meses, no ano e em 12 meses (a partir de dezembro/1979)",IBGE - Índice Nacional de Preços ao Consumidor Amplo,fevereiro de 2023,2023-03-10
2026-08-20,1737,"IPCA - Série histórica com número-índice, variação mensal e variações acumuladas em 3 meses, em 6 meses, no ano e em 12 meses (a partir de dezembro/1979)",IBGE - Índice Nacional de Preços ao Consumidor Amplo,março de 2023,2023-04-11
2026-08-20,1737,"IPCA - Série histórica com número-índice, variação mensal e variações acumuladas em 3 meses, em 6 meses, no ano e em 12 meses (a partir de dezembro/1979)",IBGE - Índice Nacional de Preços ao Consumidor Amplo,abril de 2023,2023-05-12
2026-08-20,1737,"IPCA - Série histórica com número-índice, variação mensal e variações acumuladas em 3 meses, em 6 meses, no ano e em 12 meses (a partir de dezembro/1979)",IBGE - Índice Nacional de Preços ao Consumidor Amplo,maio de 2023,2023-06-07
2026-08-20,1737,"IPCA - Série histórica com número-índice, variação mensal e variações acumuladas em 3 meses, em 6 meses, no ano e em 12 meses (a partir de dezembro/1979)",IBGE - Índice Nacional de Preços ao Consumidor Amplo,junho de 2023,2023-07-11
2026-08-20,1737,"IPCA - Série histórica com número-índice, variação mensal e variações acumuladas em 3 meses, em 6 meses, no ano e em 12 meses (a partir de dezembro/1979)",IBGE - Índice Nacional de Preços ao Consumidor Amplo,julho de 2023,2023-08-11
2026-08-20,1737,"IPCA - Série histórica com número-índice, variação mensal e variações acumuladas em 3 meses, em 6 meses, no ano e em 12 meses (a partir de dezembro/1979)",IBGE - Índice Nacional de Preços ao Consumidor Amplo,agosto de 2023,2023-09-12
2026-08-20,1737,"IPCA - Série histórica com número-índice, variação mensal e variações acumuladas em 3 meses, em 6 meses, no ano e em 12 meses (a partir de dezembro/1979)",IBGE - Índice Nacional de Preços ao Consumidor Amplo,setembro de 2023,2023-10-11
2026-08-20,1737,"IPCA - Série histórica com número-índice, variação mensal e variações acumuladas em 3 meses, em 6 meses, no ano e em 12 meses (a partir de dezembro/1979)",IBGE - Índice Nacional de Preços ao Consumidor Amplo,outubro de 2023,2023-11-10
2026-08-20,1737,"IPCA - Série histórica com número-índice, variação mensal e variações acumuladas em 3 meses, em 6 meses, no ano e em 12 meses (a partir de dezembro/1979)",IBGE - Índice Nacional de Preços ao Consumidor Amplo,novembro de 2023,2023-12-12
2026-08-20,1737,"IPCA - Série histórica com número-índice, variação mensal e variações acumuladas em 3 meses, em 6 meses, no ano e em 12 meses (a partir de dezembro/1979)",IBGE - Índice Nacional de Preços ao Consumidor Amplo,dezembro de 2023,2024-01-11
2026-08-20,1737,"IPCA - Série histórica com número-índice, variação mensal e variações acumuladas em 3 meses, em 6 meses, no ano e em 12 meses (a partir de dezembro/1979)",IBGE - Índice Nacional de Preços ao Consumidor Amplo,janeiro de 2024,2024-02-08
2026-08-20,1737,"IPCA - Série histórica com número-índice, variação mensal e variações acumuladas em 3 meses, em 6 meses, no ano e em 12 meses (a partir de dezembro/1979)",IBGE - Índice Nacional de Preços ao Consumidor Amplo,fevereiro de 2024,2024-03-12
2026-08-20,1737,"IPCA - Série histórica com número-índice, variação mensal e variações acumuladas em 3 meses, em 6 meses, no ano e em 12 meses (a partir de dezembro/1979)",IBGE - Índice Nacional de Preços ao Consumidor Amplo,março de 2024,2024-04-10
2026-08-20,1737,"IPCA - Série histórica com número-índice, variação mensal e variações acumuladas em 3 meses, em 6 meses, no ano e em 12 meses (a partir de dezembro/1979)",IBGE - Índice Nacional de Preços ao Consumidor Amplo,abril de 2024,2024-05-10
2026-08-20,1737,"IPCA - Série histórica com número-índice, variação mensal e variações acumuladas em 3 meses, em 6 meses, no ano e em 12 meses (a partir de dezembro/1979)",IBGE - Índice Nacional de Preços ao Consumidor Amplo,maio de 2024,2024-06-11
2026-08-20,1737,"IPCA - Série histórica com número-índice, variação mensal e variações acumuladas em 3 meses, em 6 meses, no ano e em 12 meses (a partir de dezembro/1979)",IBGE - Índice Nacional de Preços ao Consumidor Amplo,junho de 2024,2024-07-10
2026-08-20,1737,"IPCA - Série histórica com número-índice, variação mensal e variações acumuladas em 3 meses, em 6 meses, no ano e em 12 meses (a partir de dezembro/1979)",IBGE - Índice Nacional de Preços ao Consumidor Amplo,julho de 2024,2024-08-09
2026-08-20,1737,"IPCA - Série histórica com número-índice, variação mensal e variações acumuladas em 3 meses, em 6 meses, no ano e em 12 meses (a partir de dezembro/1979)",IBGE - Índice Nacional de Preços ao Consumidor Amplo,agosto de 2024,2024-09-10
2026-08-20,1737,"IPCA - Série histórica com número-índice, variação mensal e variações acumuladas em 3 meses, em 6 meses, no ano e em 12 meses (a partir de dezembro/1979)",IBGE - Índice Nacional de Preços ao Consumidor Amplo,setembro de 2024,2024-10-09
2026-08-20,1737,"IPCA - Série histórica com número-índice, variação mensal e variações acumuladas em 3 meses, em 6 meses, no ano e em 12 meses (a partir de dezembro/1979)",IBGE - Índice Nacional de Preços ao Consumidor Amplo,outubro de 2024,2024-11-08
2026-08-20,1737,"IPCA - Série histórica com número-índice, variação mensal e variações acumuladas em 3 meses, em 6 meses, no ano e em 12 meses (a partir de dezembro/1979)",IBGE - Índice Nacional de Preços ao Consumidor Amplo,novembro de 2024,2024-12-10
2026-08-20,1737,"IPCA - Série histórica com número-índice, variação mensal e variações acumuladas em 3 meses, em 6 meses, no ano e em 12 meses (a partir de dezembro/1979)",IBGE - Índice Nacional de Preços ao Consumidor Amplo,dezembro de 2024,2025-01-10
2026-08-20,1737,"IPCA - Série histórica com número-índice, variação mensal e variações acumuladas em 3 meses, em 6 meses, no ano e em 12 meses (a partir de dezembro/1979)",IBGE - Índice Nacional de Preços ao Consumidor Amplo,janeiro de 2025,2025-02-11
2026-08-20,1737,"IPCA - Série histórica com número-índice, variação mensal e variações acumuladas em 3 meses, em 6 meses, no ano e em 12 meses (a partir de dezembro/1979)",IBGE - Índice Nacional de Preços ao Consumidor Amplo,fevereiro de 2025,2025-03-12
2026-08-20,1737,"IPCA - Série histórica com número-índice, variação mensal e variações acumuladas em 3 meses, em 6 meses, no ano e em 12 meses (a partir de dezembro/1979)",IBGE - Índice Nacional de Preços ao Consumidor Amplo,março de 2025,2025-04-11
2026-08-20,1737,"IPCA - Série histórica com número-índice, variação mensal e variações acumuladas em 3 meses, em 6 meses, no ano e em 12 meses (a partir de dezembro/1979)",IBGE - Índice Nacional de Preços ao Consumidor Amplo,abril de 2025,2025-05-09
2026-08-20,1737,"IPCA - Série histórica com número-índice, variação mensal e variações acumuladas em 3 meses, em 6 meses, no ano e em 12 meses (a partir de dezembro/1979)",IBGE - Índice Nacional de Preços ao Consumidor Amplo,maio de 2025,2025-06-10
2026-08-20,1737,"IPCA - Série histórica com número-índice, variação mensal e variações acumuladas em 3 meses, em 6 meses, no ano e em 12 meses (a partir de dezembro/1979)",IBGE - Índice Nacional de Preços ao Consumidor Amplo,junho de 2025,2025-07-10
2026-08-20,1737,"IPCA - Série histórica com número-índice, variação mensal e variações acumuladas em 3 meses, em 6 meses, no ano e em 12 meses (a partir de dezembro/1979)",IBGE - Índice Nacional de Preços ao Consumidor Amplo,julho de 2025,2025-08-12
2026-08-20,1737,"IPCA - Série histórica com número-índice, variação mensal e variações acumuladas em 3 meses, em 6 meses, no ano e em 12 meses (a partir de dezembro/1979)",IBGE - Índice Nacional de Preços ao Consumidor Amplo,agosto de 2025,2025-09-10
2026-08-20,1737,"IPCA - Série histórica com número-índice, variação mensal e variações acumuladas em 3 meses, em 6 meses, no ano e em 12 meses (a partir de dezembro/1979)",IBGE - Índice Nacional de Preços ao Consumidor Amplo,setembro de 2025,2025-10-09
2026-08-20,1737,"IPCA - Série histórica com número-índice, variação mensal e variações acumuladas em 3 meses, em 6 meses, no ano e em 12 meses (a partir de dezembro/1979)",IBGE - Índice Nacional de Preços ao Consumidor Amplo,outubro de 2025,2025-11-11
2026-08-20,1737,"IPCA - Série histórica com número-índice, variação mensal e variações acumuladas em 3 meses, em 6 meses, no ano e em 12 meses (a partir de dezembro/1979)",IBGE - Índice Nacional de Preços ao Consumidor Amplo,novembro de 2025,2025-12-10
2026-08-20,1737,"IPCA - Série histórica com número-índice, variação mensal e variações acumuladas em 3 meses, em 6 meses, no ano e em 12 meses (a partir de dezembro/1979)",IBGE - Índice Nacional de Preços ao Consumidor Amplo,dezembro de 2025,2026-01-09
2026-08-20,1737,"IPCA - Série histórica com número-índice, variação mensal e variações acumuladas em 3 meses, em 6 meses, no ano e em 12 meses (a partir de dezembro/1979)",IBGE - Índice Nacional de Preços ao Consumidor Amplo,janeiro de 2026,2026-02-10
2026-08-20,1737,"IPCA - Série histórica com número-índice, variação mensal e variações acumuladas em 3 meses, em 6 meses, no ano e em 12 meses (a partir de dezembro/1979)",IBGE - Índice Nacional de Preços ao Consumidor Amplo,fevereiro de 2026,2026-03-12
2026-08-20,1737,"IPCA - Série histórica com número-índice, variação mensal e variações acumuladas em 3 meses, em 6 meses, no ano e em 12 meses (a partir de dezembro/1979)",IBGE - Índice Nacional de Preços ao Consumidor Amplo,março de 2026,2026-04-10
2026-08-20,1737,"IPCA - Série histórica com número-índice, variação mensal e variações acumuladas em 3 meses, em 6 meses, no ano e em 12 meses (a partir de dezembro/1979)",IBGE - Índice Nacional de Preços ao Consumidor Amplo,abril de 2026,2026-05-12
2026-08-20,1737,"IPCA - Série histórica com número-índice, variação mensal e variações acumuladas em 3 meses, em 6 meses, no ano e em 12 meses (a partir de dezembro/1979)",IBGE - Índice Nacional de Preços ao Consumidor Amplo,maio de 2026,2026-06-12
2026-08-20,1737,"IPCA - Série histórica com número-índice, variação mensal e variações acumuladas em 3 meses, em 6 meses, no ano e em 12 meses (a partir de dezembro/1979)",IBGE - Índice Nacional de Preços ao Consumidor Amplo,junho de 2026,2026-07-10
2026-08-20,1737,"IPCA - Série histórica com número-índice, variação mensal e variações acumuladas em 3 meses, em 6 meses, no ano e em 12 meses (a partir de dezembro/1979)",IBGE - Índice Nacional de Preços ao Consumidor Amplo,julho de 2026,2026-08-11
