data_captura,data_referencia,codigo_ativo,label,valor
2026-10-09,1996-01-01,GAC12_INDFBCF12,FBCF Índice Geral,89.6643002663886
2026-10-09,1996-01-01,GAC12_INDFBCFCC12,FBCF Construção Civil,96.0571627889588
2026-10-09,1996-01-01,GAC12_INDFBCFCCDESSAZ12,FBCF Construção Civil Dessazonalizado,102.430972952055
2026-10-09,1996-01-01,GAC12_INDFBCFDESSAZ12,FBCF Geral Dessazonalizado,97.9338252610313
2026-10-09,1996-02-01,GAC12_INDFBCF12,FBCF Índice Geral,91.2105024814838
2026-10-09,1996-02-01,GAC12_INDFBCFCC12,FBCF Construção Civil,95.0027038585883
2026-10-09,1996-02-01,GAC12_INDFBCFCCDESSAZ12,FBCF Construção Civil Dessazonalizado,99.0107601573411
2026-10-09,1996-02-01,GAC12_INDFBCFDESSAZ12,FBCF Geral Dessazonalizado,96.4546107101404
2026-10-09,1996-03-01,GAC12_INDFBCF12,FBCF Índice Geral,97.8551972521273
2026-10-09,1996-03-01,GAC12_INDFBCFCC12,FBCF Construção Civil,100.320781579685
2026-10-09,1996-03-01,GAC12_INDFBCFCCDESSAZ12,FBCF Construção Civil Dessazonalizado,100.106851764172
2026-10-09,1996-03-01,GAC12_INDFBCFDESSAZ12,FBCF Geral Dessazonalizado,96.1315640288282
2026-10-09,1996-04-01,GAC12_INDFBCF12,FBCF Índice Geral,97.8439110970804
2026-10-09,1996-04-01,GAC12_INDFBCFCC12,FBCF Construção Civil,102.876101573855
2026-10-09,1996-04-01,GAC12_INDFBCFCCDESSAZ12,FBCF Construção Civil Dessazonalizado,101.539253741065
2026-10-09,1996-04-01,GAC12_INDFBCFDESSAZ12,FBCF Geral Dessazonalizado,97.8380774702263
2026-10-09,1996-05-01,GAC12_INDFBCF12,FBCF Índice Geral,104.459082510523
2026-10-09,1996-05-01,GAC12_INDFBCFCC12,FBCF Construção Civil,107.614439009004
2026-10-09,1996-05-01,GAC12_INDFBCFCCDESSAZ12,FBCF Construção Civil Dessazonalizado,103.297333535102
2026-10-09,1996-05-01,GAC12_INDFBCFDESSAZ12,FBCF Geral Dessazonalizado,97.3446342974848
2026-10-09,1996-06-01,GAC12_INDFBCF12,FBCF Índice Geral,101.237006392397
2026-10-09,1996-06-01,GAC12_INDFBCFCC12,FBCF Construção Civil,104.939921745468
2026-10-09,1996-06-01,GAC12_INDFBCFCCDESSAZ12,FBCF Construção Civil Dessazonalizado,105.866674006157
2026-10-09,1996-06-01,GAC12_INDFBCFDESSAZ12,FBCF Geral Dessazonalizado,100.947288232289
2026-10-09,1996-07-01,GAC12_INDFBCF12,FBCF Índice Geral,109.143298231355
2026-10-09,1996-07-01,GAC12_INDFBCFCC12,FBCF Construção Civil,113.200656296966
2026-10-09,1996-07-01,GAC12_INDFBCFCCDESSAZ12,FBCF Construção Civil Dessazonalizado,109.084147662476
2026-10-09,1996-07-01,GAC12_INDFBCFDESSAZ12,FBCF Geral Dessazonalizado,102.979555657415
2026-10-09,1996-08-01,GAC12_INDFBCF12,FBCF Índice Geral,105.34097411764
2026-10-09,1996-08-01,GAC12_INDFBCFCC12,FBCF Construção Civil,112.379867620253
2026-10-09,1996-08-01,GAC12_INDFBCFCCDESSAZ12,FBCF Construção Civil Dessazonalizado,109.204440420168
2026-10-09,1996-08-01,GAC12_INDFBCFDESSAZ12,FBCF Geral Dessazonalizado,103.260903623047
2026-10-09,1996-09-01,GAC12_INDFBCF12,FBCF Índice Geral,101.295727651005
2026-10-09,1996-09-01,GAC12_INDFBCFCC12,FBCF Construção Civil,108.645288172043
2026-10-09,1996-09-01,GAC12_INDFBCFCCDESSAZ12,FBCF Construção Civil Dessazonalizado,107.921175818243
2026-10-09,1996-09-01,GAC12_INDFBCFDESSAZ12,FBCF Geral Dessazonalizado,100.989540719539
2026-10-09,1996-10-01,GAC12_INDFBCF12,FBCF Índice Geral,105.988713422869
2026-10-09,1996-10-01,GAC12_INDFBCFCC12,FBCF Construção Civil,110.759722120517
2026-10-09,1996-10-01,GAC12_INDFBCFCCDESSAZ12,FBCF Construção Civil Dessazonalizado,108.003822212514
2026-10-09,1996-10-01,GAC12_INDFBCFDESSAZ12,FBCF Geral Dessazonalizado,101.710830938692
2026-10-09,1996-11-01,GAC12_INDFBCF12,FBCF Índice Geral,105.23683618796
2026-10-09,1996-11-01,GAC12_INDFBCFCC12,FBCF Construção Civil,109.20742790083
2026-10-09,1996-11-01,GAC12_INDFBCFCCDESSAZ12,FBCF Construção Civil Dessazonalizado,109.177063258543
2026-10-09,1996-11-01,GAC12_INDFBCFDESSAZ12,FBCF Geral Dessazonalizado,104.545635280433
2026-10-09,1996-12-01,GAC12_INDFBCF12,FBCF Índice Geral,105.064450389172
2026-10-09,1996-12-01,GAC12_INDFBCFCC12,FBCF Construção Civil,104.304097343809
2026-10-09,1996-12-01,GAC12_INDFBCFCCDESSAZ12,FBCF Construção Civil Dessazonalizado,109.540637852859
2026-10-09,1996-12-01,GAC12_INDFBCFDESSAZ12,FBCF Geral Dessazonalizado,114.083533780876
2026-10-09,1997-01-01,GAC12_INDFBCF12,FBCF Índice Geral,95.5573035475785
2026-10-09,1997-01-01,GAC12_INDFBCFCC12,FBCF Construção Civil,109.159502634571
2026-10-09,1997-01-01,GAC12_INDFBCFCCDESSAZ12,FBCF Construção Civil Dessazonalizado,112.543747429583
2026-10-09,1997-01-01,GAC12_INDFBCFDESSAZ12,FBCF Geral Dessazonalizado,100.477964436178
2026-10-09,1997-02-01,GAC12_INDFBCF12,FBCF Índice Geral,103.452285840848
2026-10-09,1997-02-01,GAC12_INDFBCFCC12,FBCF Construção Civil,109.165518008414
2026-10-09,1997-02-01,GAC12_INDFBCFCCDESSAZ12,FBCF Construção Civil Dessazonalizado,115.196394695192
2026-10-09,1997-02-01,GAC12_INDFBCFDESSAZ12,FBCF Geral Dessazonalizado,110.936264507201
2026-10-09,1997-03-01,GAC12_INDFBCF12,FBCF Índice Geral,111.100410611575
2026-10-09,1997-03-01,GAC12_INDFBCFCC12,FBCF Construção Civil,116.331883949737
2026-10-09,1997-03-01,GAC12_INDFBCFCCDESSAZ12,FBCF Construção Civil Dessazonalizado,116.39549995119
2026-10-09,1997-03-01,GAC12_INDFBCFDESSAZ12,FBCF Geral Dessazonalizado,111.65577105662
2026-10-09,1997-04-01,GAC12_INDFBCF12,FBCF Índice Geral,113.795428481264
2026-10-09,1997-04-01,GAC12_INDFBCFCC12,FBCF Construção Civil,119.666304089786
2026-10-09,1997-04-01,GAC12_INDFBCFCCDESSAZ12,FBCF Construção Civil Dessazonalizado,116.704261451468
2026-10-09,1997-04-01,GAC12_INDFBCFDESSAZ12,FBCF Geral Dessazonalizado,110.244588627412
2026-10-09,1997-05-01,GAC12_INDFBCF12,FBCF Índice Geral,108.178925920705
2026-10-09,1997-05-01,GAC12_INDFBCFCC12,FBCF Construção Civil,116.187040332926
2026-10-09,1997-05-01,GAC12_INDFBCFCCDESSAZ12,FBCF Construção Civil Dessazonalizado,113.661345894962
2026-10-09,1997-05-01,GAC12_INDFBCFDESSAZ12,FBCF Geral Dessazonalizado,104.240497385146
2026-10-09,1997-06-01,GAC12_INDFBCF12,FBCF Índice Geral,114.055645598031
2026-10-09,1997-06-01,GAC12_INDFBCFCC12,FBCF Construção Civil,113.136832756691
2026-10-09,1997-06-01,GAC12_INDFBCFCCDESSAZ12,FBCF Construção Civil Dessazonalizado,114.401281239043
2026-10-09,1997-06-01,GAC12_INDFBCFDESSAZ12,FBCF Geral Dessazonalizado,113.114913987442
2026-10-09,1997-07-01,GAC12_INDFBCF12,FBCF Índice Geral,116.724900632134
2026-10-09,1997-07-01,GAC12_INDFBCFCC12,FBCF Construção Civil,117.308747963373
2026-10-09,1997-07-01,GAC12_INDFBCFCCDESSAZ12,FBCF Construção Civil Dessazonalizado,113.706730035939
2026-10-09,1997-07-01,GAC12_INDFBCFDESSAZ12,FBCF Geral Dessazonalizado,110.960739959117
2026-10-09,1997-08-01,GAC12_INDFBCF12,FBCF Índice Geral,110.639433645365
2026-10-09,1997-08-01,GAC12_INDFBCFCC12,FBCF Construção Civil,115.539633716846
2026-10-09,1997-08-01,GAC12_INDFBCFCCDESSAZ12,FBCF Construção Civil Dessazonalizado,113.17220576072
2026-10-09,1997-08-01,GAC12_INDFBCFDESSAZ12,FBCF Geral Dessazonalizado,110.490434067486
2026-10-09,1997-09-01,GAC12_INDFBCF12,FBCF Índice Geral,115.2956657225
2026-10-09,1997-09-01,GAC12_INDFBCFCC12,FBCF Construção Civil,117.141279943418
2026-10-09,1997-09-01,GAC12_INDFBCFCCDESSAZ12,FBCF Construção Civil Dessazonalizado,115.027010671661
2026-10-09,1997-09-01,GAC12_INDFBCFDESSAZ12,FBCF Geral Dessazonalizado,112.568825973397
2026-10-09,1997-10-01,GAC12_INDFBCF12,FBCF Índice Geral,115.684615419608
2026-10-09,1997-10-01,GAC12_INDFBCFCC12,FBCF Construção Civil,117.553602434564
2026-10-09,1997-10-01,GAC12_INDFBCFCCDESSAZ12,FBCF Construção Civil Dessazonalizado,114.246633780117
2026-10-09,1997-10-01,GAC12_INDFBCFDESSAZ12,FBCF Geral Dessazonalizado,110.87226635727
2026-10-09,1997-11-01,GAC12_INDFBCF12,FBCF Índice Geral,108.866119161476
2026-10-09,1997-11-01,GAC12_INDFBCFCC12,FBCF Construção Civil,112.951986819524
2026-10-09,1997-11-01,GAC12_INDFBCFCCDESSAZ12,FBCF Construção Civil Dessazonalizado,114.093853247311
2026-10-09,1997-11-01,GAC12_INDFBCFDESSAZ12,FBCF Geral Dessazonalizado,110.625378373599
2026-10-09,1997-12-01,GAC12_INDFBCF12,FBCF Índice Geral,103.229265418915
2026-10-09,1997-12-01,GAC12_INDFBCFCC12,FBCF Construção Civil,107.460972946512
2026-10-09,1997-12-01,GAC12_INDFBCFCCDESSAZ12,FBCF Construção Civil Dessazonalizado,112.391833882983
2026-10-09,1997-12-01,GAC12_INDFBCFDESSAZ12,FBCF Geral Dessazonalizado,110.332355269132
2026-10-09,1998-01-01,GAC12_INDFBCF12,FBCF Índice Geral,102.314314770642
2026-10-09,1998-01-01,GAC12_INDFBCFCC12,FBCF Construção Civil,110.458905887936
2026-10-09,1998-01-01,GAC12_INDFBCFCCDESSAZ12,FBCF Construção Civil Dessazonalizado,116.592658449453
2026-10-09,1998-01-01,GAC12_INDFBCFDESSAZ12,FBCF Geral Dessazonalizado,111.171432750252
2026-10-09,1998-02-01,GAC12_INDFBCF12,FBCF Índice Geral,100.304815246538
2026-10-09,1998-02-01,GAC12_INDFBCFCC12,FBCF Construção Civil,108.594593328083
2026-10-09,1998-02-01,GAC12_INDFBCFCCDESSAZ12,FBCF Construção Civil Dessazonalizado,116.326074240738
2026-10-09,1998-02-01,GAC12_INDFBCFDESSAZ12,FBCF Geral Dessazonalizado,109.120003959919
2026-10-09,1998-03-01,GAC12_INDFBCF12,FBCF Índice Geral,118.320869982819
2026-10-09,1998-03-01,GAC12_INDFBCFCC12,FBCF Construção Civil,118.999831325663
2026-10-09,1998-03-01,GAC12_INDFBCFCCDESSAZ12,FBCF Construção Civil Dessazonalizado,116.806460518368
2026-10-09,1998-03-01,GAC12_INDFBCFDESSAZ12,FBCF Geral Dessazonalizado,113.338563289829
2026-10-09,1998-04-01,GAC12_INDFBCF12,FBCF Índice Geral,114.009451168396
2026-10-09,1998-04-01,GAC12_INDFBCFCC12,FBCF Construção Civil,118.485746982747
2026-10-09,1998-04-01,GAC12_INDFBCFCCDESSAZ12,FBCF Construção Civil Dessazonalizado,116.510685583551
2026-10-09,1998-04-01,GAC12_INDFBCFDESSAZ12,FBCF Geral Dessazonalizado,113.458293975245
2026-10-09,1998-05-01,GAC12_INDFBCF12,FBCF Índice Geral,116.375456242603
2026-10-09,1998-05-01,GAC12_INDFBCFCC12,FBCF Construção Civil,119.910989138126
2026-10-09,1998-05-01,GAC12_INDFBCFCCDESSAZ12,FBCF Construção Civil Dessazonalizado,116.265338306232
2026-10-09,1998-05-01,GAC12_INDFBCFDESSAZ12,FBCF Geral Dessazonalizado,112.568932829514
2026-10-09,1998-06-01,GAC12_INDFBCF12,FBCF Índice Geral,112.845092589
2026-10-09,1998-06-01,GAC12_INDFBCFCC12,FBCF Construção Civil,116.051837001789
2026-10-09,1998-06-01,GAC12_INDFBCFCCDESSAZ12,FBCF Construção Civil Dessazonalizado,114.584490371755
2026-10-09,1998-06-01,GAC12_INDFBCFDESSAZ12,FBCF Geral Dessazonalizado,108.832773195241
2026-10-09,1998-07-01,GAC12_INDFBCF12,FBCF Índice Geral,117.250305701263
2026-10-09,1998-07-01,GAC12_INDFBCFCC12,FBCF Construção Civil,121.190259573748
2026-10-09,1998-07-01,GAC12_INDFBCFCCDESSAZ12,FBCF Construção Civil Dessazonalizado,117.465880035374
2026-10-09,1998-07-01,GAC12_INDFBCFDESSAZ12,FBCF Geral Dessazonalizado,111.618932168318
2026-10-09,1998-08-01,GAC12_INDFBCF12,FBCF Índice Geral,109.544153434296
2026-10-09,1998-08-01,GAC12_INDFBCFCC12,FBCF Construção Civil,119.870044386389
2026-10-09,1998-08-01,GAC12_INDFBCFCCDESSAZ12,FBCF Construção Civil Dessazonalizado,117.722049909486
2026-10-09,1998-08-01,GAC12_INDFBCFDESSAZ12,FBCF Geral Dessazonalizado,109.267447251378
2026-10-09,1998-09-01,GAC12_INDFBCF12,FBCF Índice Geral,111.725540864442
2026-10-09,1998-09-01,GAC12_INDFBCFCC12,FBCF Construção Civil,117.591131947393
2026-10-09,1998-09-01,GAC12_INDFBCFCCDESSAZ12,FBCF Construção Civil Dessazonalizado,116.073140158728
2026-10-09,1998-09-01,GAC12_INDFBCFDESSAZ12,FBCF Geral Dessazonalizado,109.653620580304
2026-10-09,1998-10-01,GAC12_INDFBCF12,FBCF Índice Geral,108.465383741281
2026-10-09,1998-10-01,GAC12_INDFBCFCC12,FBCF Construção Civil,116.116254316739
2026-10-09,1998-10-01,GAC12_INDFBCFCCDESSAZ12,FBCF Construção Civil Dessazonalizado,114.023122931102
2026-10-09,1998-10-01,GAC12_INDFBCFDESSAZ12,FBCF Geral Dessazonalizado,106.471228533866
2026-10-09,1998-11-01,GAC12_INDFBCF12,FBCF Índice Geral,105.923218397845
2026-10-09,1998-11-01,GAC12_INDFBCFCC12,FBCF Construção Civil,118.288923045231
2026-10-09,1998-11-01,GAC12_INDFBCFCCDESSAZ12,FBCF Construção Civil Dessazonalizado,118.748816195721
2026-10-09,1998-11-01,GAC12_INDFBCFDESSAZ12,FBCF Geral Dessazonalizado,106.093740155572
2026-10-09,1998-12-01,GAC12_INDFBCF12,FBCF Índice Geral,97.3413978608743
2026-10-09,1998-12-01,GAC12_INDFBCFCC12,FBCF Construção Civil,111.553316157405
2026-10-09,1998-12-01,GAC12_INDFBCFCCDESSAZ12,FBCF Construção Civil Dessazonalizado,116.280102433965
2026-10-09,1998-12-01,GAC12_INDFBCFDESSAZ12,FBCF Geral Dessazonalizado,103.095031310563
2026-10-09,1999-01-01,GAC12_INDFBCF12,FBCF Índice Geral,93.7539384069232
2026-10-09,1999-01-01,GAC12_INDFBCFCC12,FBCF Construção Civil,107.307995676615
2026-10-09,1999-01-01,GAC12_INDFBCFCCDESSAZ12,FBCF Construção Civil Dessazonalizado,114.078407344588
2026-10-09,1999-01-01,GAC12_INDFBCFDESSAZ12,FBCF Geral Dessazonalizado,102.858605789694
2026-10-09,1999-02-01,GAC12_INDFBCF12,FBCF Índice Geral,95.015657659647
2026-10-09,1999-02-01,GAC12_INDFBCFCC12,FBCF Construção Civil,107.792295783909
2026-10-09,1999-02-01,GAC12_INDFBCFCCDESSAZ12,FBCF Construção Civil Dessazonalizado,115.451261178878
2026-10-09,1999-02-01,GAC12_INDFBCFDESSAZ12,FBCF Geral Dessazonalizado,102.887575451008
2026-10-09,1999-03-01,GAC12_INDFBCF12,FBCF Índice Geral,105.230403933431
2026-10-09,1999-03-01,GAC12_INDFBCFCC12,FBCF Construção Civil,115.213495906549
2026-10-09,1999-03-01,GAC12_INDFBCFCCDESSAZ12,FBCF Construção Civil Dessazonalizado,111.685520937342
2026-10-09,1999-03-01,GAC12_INDFBCFDESSAZ12,FBCF Geral Dessazonalizado,98.6638187592978
2026-10-09,1999-04-01,GAC12_INDFBCF12,FBCF Índice Geral,98.0486776097345
2026-10-09,1999-04-01,GAC12_INDFBCFCC12,FBCF Construção Civil,111.945155735661
2026-10-09,1999-04-01,GAC12_INDFBCFCCDESSAZ12,FBCF Construção Civil Dessazonalizado,109.960330509097
2026-10-09,1999-04-01,GAC12_INDFBCFDESSAZ12,FBCF Geral Dessazonalizado,97.0807974232577
2026-10-09,1999-05-01,GAC12_INDFBCF12,FBCF Índice Geral,103.170496401673
2026-10-09,1999-05-01,GAC12_INDFBCFCC12,FBCF Construção Civil,115.880699954945
2026-10-09,1999-05-01,GAC12_INDFBCFCCDESSAZ12,FBCF Construção Civil Dessazonalizado,112.405394881417
2026-10-09,1999-05-01,GAC12_INDFBCFDESSAZ12,FBCF Geral Dessazonalizado,100.096247705633
2026-10-09,1999-06-01,GAC12_INDFBCF12,FBCF Índice Geral,106.310825988592
2026-10-09,1999-06-01,GAC12_INDFBCFCC12,FBCF Construção Civil,114.439269837871
2026-10-09,1999-06-01,GAC12_INDFBCFCCDESSAZ12,FBCF Construção Civil Dessazonalizado,113.295966132572
2026-10-09,1999-06-01,GAC12_INDFBCFDESSAZ12,FBCF Geral Dessazonalizado,103.512954871109
2026-10-09,1999-07-01,GAC12_INDFBCF12,FBCF Índice Geral,100.056935320747
2026-10-09,1999-07-01,GAC12_INDFBCFCC12,FBCF Construção Civil,113.785407768346
2026-10-09,1999-07-01,GAC12_INDFBCFCCDESSAZ12,FBCF Construção Civil Dessazonalizado,111.975053040267
2026-10-09,1999-07-01,GAC12_INDFBCFDESSAZ12,FBCF Geral Dessazonalizado,97.5635503424497
2026-10-09,1999-08-01,GAC12_INDFBCF12,FBCF Índice Geral,100.62848180006
2026-10-09,1999-08-01,GAC12_INDFBCFCC12,FBCF Construção Civil,114.382813357951
2026-10-09,1999-08-01,GAC12_INDFBCFCCDESSAZ12,FBCF Construção Civil Dessazonalizado,111.88873731604
2026-10-09,1999-08-01,GAC12_INDFBCFDESSAZ12,FBCF Geral Dessazonalizado,98.4568684320324
2026-10-09,1999-09-01,GAC12_INDFBCF12,FBCF Índice Geral,99.4045828791935
2026-10-09,1999-09-01,GAC12_INDFBCFCC12,FBCF Construção Civil,113.258287515309
2026-10-09,1999-09-01,GAC12_INDFBCFCCDESSAZ12,FBCF Construção Civil Dessazonalizado,112.170596291337
2026-10-09,1999-09-01,GAC12_INDFBCFDESSAZ12,FBCF Geral Dessazonalizado,97.649581225518
2026-10-09,1999-10-01,GAC12_INDFBCF12,FBCF Índice Geral,99.2397461821726
2026-10-09,1999-10-01,GAC12_INDFBCFCC12,FBCF Construção Civil,112.094030602478
2026-10-09,1999-10-01,GAC12_INDFBCFCCDESSAZ12,FBCF Construção Civil Dessazonalizado,110.642161325062
2026-10-09,1999-10-01,GAC12_INDFBCFDESSAZ12,FBCF Geral Dessazonalizado,98.862761935871
2026-10-09,1999-11-01,GAC12_INDFBCF12,FBCF Índice Geral,99.4210410466142
2026-10-09,1999-11-01,GAC12_INDFBCFCC12,FBCF Construção Civil,108.224144954527
2026-10-09,1999-11-01,GAC12_INDFBCFCCDESSAZ12,FBCF Construção Civil Dessazonalizado,107.417843861088
2026-10-09,1999-11-01,GAC12_INDFBCFDESSAZ12,FBCF Geral Dessazonalizado,97.6202915617926
2026-10-09,1999-12-01,GAC12_INDFBCF12,FBCF Índice Geral,97.469212771212
2026-10-09,1999-12-01,GAC12_INDFBCFCC12,FBCF Construção Civil,105.583679700475
2026-10-09,1999-12-01,GAC12_INDFBCFCCDESSAZ12,FBCF Construção Civil Dessazonalizado,109.674337354267
2026-10-09,1999-12-01,GAC12_INDFBCFDESSAZ12,FBCF Geral Dessazonalizado,103.156946502337
2026-10-09,2000-01-01,GAC12_INDFBCF12,FBCF Índice Geral,88.5407352229934
2026-10-09,2000-01-01,GAC12_INDFBCFCC12,FBCF Construção Civil,103.160499700237
2026-10-09,2000-01-01,GAC12_INDFBCFCCDESSAZ12,FBCF Construção Civil Dessazonalizado,110.536809251767
2026-10-09,2000-01-01,GAC12_INDFBCFDESSAZ12,FBCF Geral Dessazonalizado,97.6271206903456
2026-10-09,2000-02-01,GAC12_INDFBCF12,FBCF Índice Geral,100.282992813222
2026-10-09,2000-02-01,GAC12_INDFBCFCC12,FBCF Construção Civil,107.642667246144
2026-10-09,2000-02-01,GAC12_INDFBCFCCDESSAZ12,FBCF Construção Civil Dessazonalizado,109.718854277559
2026-10-09,2000-02-01,GAC12_INDFBCFDESSAZ12,FBCF Geral Dessazonalizado,99.9518762174471
2026-10-09,2000-03-01,GAC12_INDFBCF12,FBCF Índice Geral,104.276271963785
2026-10-09,2000-03-01,GAC12_INDFBCFCC12,FBCF Construção Civil,113.631574992511
2026-10-09,2000-03-01,GAC12_INDFBCFCCDESSAZ12,FBCF Construção Civil Dessazonalizado,114.145921650896
2026-10-09,2000-03-01,GAC12_INDFBCFDESSAZ12,FBCF Geral Dessazonalizado,104.221003092208
2026-10-09,2000-04-01,GAC12_INDFBCF12,FBCF Índice Geral,101.22189152393
2026-10-09,2000-04-01,GAC12_INDFBCFCC12,FBCF Construção Civil,112.913468931752
2026-10-09,2000-04-01,GAC12_INDFBCFCCDESSAZ12,FBCF Construção Civil Dessazonalizado,113.35439711985
2026-10-09,2000-04-01,GAC12_INDFBCFDESSAZ12,FBCF Geral Dessazonalizado,104.478681628385
2026-10-09,2000-05-01,GAC12_INDFBCF12,FBCF Índice Geral,110.221980843556
2026-10-09,2000-05-01,GAC12_INDFBCFCC12,FBCF Construção Civil,119.960865200655
2026-10-09,2000-05-01,GAC12_INDFBCFCCDESSAZ12,FBCF Construção Civil Dessazonalizado,114.580813896984
2026-10-09,2000-05-01,GAC12_INDFBCFDESSAZ12,FBCF Geral Dessazonalizado,103.700128387208
2026-10-09,2000-06-01,GAC12_INDFBCF12,FBCF Índice Geral,108.086127632514
2026-10-09,2000-06-01,GAC12_INDFBCFCC12,FBCF Construção Civil,116.651353425456
2026-10-09,2000-06-01,GAC12_INDFBCFCCDESSAZ12,FBCF Construção Civil Dessazonalizado,115.18007655041
2026-10-09,2000-06-01,GAC12_INDFBCFDESSAZ12,FBCF Geral Dessazonalizado,105.831189984408
2026-10-09,2000-07-01,GAC12_INDFBCF12,FBCF Índice Geral,104.48564533243
2026-10-09,2000-07-01,GAC12_INDFBCFCC12,FBCF Construção Civil,111.755596099555
2026-10-09,2000-07-01,GAC12_INDFBCFCCDESSAZ12,FBCF Construção Civil Dessazonalizado,110.829465661659
2026-10-09,2000-07-01,GAC12_INDFBCFDESSAZ12,FBCF Geral Dessazonalizado,103.6243417407
2026-10-09,2000-08-01,GAC12_INDFBCF12,FBCF Índice Geral,110.471646531298
2026-10-09,2000-08-01,GAC12_INDFBCFCC12,FBCF Construção Civil,115.500813977172
2026-10-09,2000-08-01,GAC12_INDFBCFCCDESSAZ12,FBCF Construção Civil Dessazonalizado,111.757435433876
2026-10-09,2000-08-01,GAC12_INDFBCFDESSAZ12,FBCF Geral Dessazonalizado,105.598645476201
2026-10-09,2000-09-01,GAC12_INDFBCF12,FBCF Índice Geral,105.532708136272
2026-10-09,2000-09-01,GAC12_INDFBCFCC12,FBCF Construção Civil,112.071415622709
2026-10-09,2000-09-01,GAC12_INDFBCFCCDESSAZ12,FBCF Construção Civil Dessazonalizado,111.654662789947
2026-10-09,2000-09-01,GAC12_INDFBCFDESSAZ12,FBCF Geral Dessazonalizado,104.877012783099
2026-10-09,2000-10-01,GAC12_INDFBCF12,FBCF Índice Geral,106.651597106803
2026-10-09,2000-10-01,GAC12_INDFBCFCC12,FBCF Construção Civil,115.672944044271
2026-10-09,2000-10-01,GAC12_INDFBCFCCDESSAZ12,FBCF Construção Civil Dessazonalizado,112.77130718677
2026-10-09,2000-10-01,GAC12_INDFBCFDESSAZ12,FBCF Geral Dessazonalizado,103.631704034352
2026-10-09,2000-11-01,GAC12_INDFBCF12,FBCF Índice Geral,109.121658925795
2026-10-09,2000-11-01,GAC12_INDFBCFCC12,FBCF Construção Civil,115.320149573642
2026-10-09,2000-11-01,GAC12_INDFBCFCCDESSAZ12,FBCF Construção Civil Dessazonalizado,114.10151325567
2026-10-09,2000-11-01,GAC12_INDFBCFDESSAZ12,FBCF Geral Dessazonalizado,106.293919666389
2026-10-09,2000-12-01,GAC12_INDFBCF12,FBCF Índice Geral,106.516743967402
2026-10-09,2000-12-01,GAC12_INDFBCFCC12,FBCF Construção Civil,115.825534735959
2026-10-09,2000-12-01,GAC12_INDFBCFCCDESSAZ12,FBCF Construção Civil Dessazonalizado,121.345618886693
2026-10-09,2000-12-01,GAC12_INDFBCFDESSAZ12,FBCF Geral Dessazonalizado,115.454376299257
2026-10-09,2001-01-01,GAC12_INDFBCF12,FBCF Índice Geral,106.126741772091
2026-10-09,2001-01-01,GAC12_INDFBCFCC12,FBCF Construção Civil,114.188287488538
2026-10-09,2001-01-01,GAC12_INDFBCFCCDESSAZ12,FBCF Construção Civil Dessazonalizado,118.831232269226
2026-10-09,2001-01-01,GAC12_INDFBCFDESSAZ12,FBCF Geral Dessazonalizado,110.984507904255
2026-10-09,2001-02-01,GAC12_INDFBCF12,FBCF Índice Geral,102.775348163148
2026-10-09,2001-02-01,GAC12_INDFBCFCC12,FBCF Construção Civil,110.07051575342
2026-10-09,2001-02-01,GAC12_INDFBCFCCDESSAZ12,FBCF Construção Civil Dessazonalizado,118.477445183939
2026-10-09,2001-02-01,GAC12_INDFBCFDESSAZ12,FBCF Geral Dessazonalizado,110.669067946314
2026-10-09,2001-03-01,GAC12_INDFBCF12,FBCF Índice Geral,114.197910064761
2026-10-09,2001-03-01,GAC12_INDFBCFCC12,FBCF Construção Civil,120.569190090303
2026-10-09,2001-03-01,GAC12_INDFBCFCCDESSAZ12,FBCF Construção Civil Dessazonalizado,118.072892622885
2026-10-09,2001-03-01,GAC12_INDFBCFDESSAZ12,FBCF Geral Dessazonalizado,109.39642414943
2026-10-09,2001-04-01,GAC12_INDFBCF12,FBCF Índice Geral,106.444408790944
2026-10-09,2001-04-01,GAC12_INDFBCFCC12,FBCF Construção Civil,115.827311779517
2026-10-09,2001-04-01,GAC12_INDFBCFCCDESSAZ12,FBCF Construção Civil Dessazonalizado,115.042375501385
2026-10-09,2001-04-01,GAC12_INDFBCFDESSAZ12,FBCF Geral Dessazonalizado,107.26378425707
2026-10-09,2001-05-01,GAC12_INDFBCF12,FBCF Índice Geral,112.980680376757
2026-10-09,2001-05-01,GAC12_INDFBCFCC12,FBCF Construção Civil,120.344983910449
2026-10-09,2001-05-01,GAC12_INDFBCFCCDESSAZ12,FBCF Construção Civil Dessazonalizado,115.644390177012
2026-10-09,2001-05-01,GAC12_INDFBCFDESSAZ12,FBCF Geral Dessazonalizado,108.265844123826
2026-10-09,2001-06-01,GAC12_INDFBCF12,FBCF Índice Geral,106.6149108323
2026-10-09,2001-06-01,GAC12_INDFBCFCC12,FBCF Construção Civil,114.89315808994
2026-10-09,2001-06-01,GAC12_INDFBCFCCDESSAZ12,FBCF Construção Civil Dessazonalizado,114.727502052321
2026-10-09,2001-06-01,GAC12_INDFBCFDESSAZ12,FBCF Geral Dessazonalizado,106.970371619104
2026-10-09,2001-07-01,GAC12_INDFBCF12,FBCF Índice Geral,109.608013938486
2026-10-09,2001-07-01,GAC12_INDFBCFCC12,FBCF Construção Civil,115.724387543683
2026-10-09,2001-07-01,GAC12_INDFBCFCCDESSAZ12,FBCF Construção Civil Dessazonalizado,113.302090278568
2026-10-09,2001-07-01,GAC12_INDFBCFDESSAZ12,FBCF Geral Dessazonalizado,106.755222069645
2026-10-09,2001-08-01,GAC12_INDFBCF12,FBCF Índice Geral,112.267192835767
2026-10-09,2001-08-01,GAC12_INDFBCFCC12,FBCF Construção Civil,118.120227595355
2026-10-09,2001-08-01,GAC12_INDFBCFCCDESSAZ12,FBCF Construção Civil Dessazonalizado,113.712791948682
2026-10-09,2001-08-01,GAC12_INDFBCFDESSAZ12,FBCF Geral Dessazonalizado,107.636013345444
2026-10-09,2001-09-01,GAC12_INDFBCF12,FBCF Índice Geral,102.424793225747
2026-10-09,2001-09-01,GAC12_INDFBCFCC12,FBCF Construção Civil,108.781381386226
2026-10-09,2001-09-01,GAC12_INDFBCFCCDESSAZ12,FBCF Construção Civil Dessazonalizado,109.268839690921
2026-10-09,2001-09-01,GAC12_INDFBCFDESSAZ12,FBCF Geral Dessazonalizado,103.548764584911
2026-10-09,2001-10-01,GAC12_INDFBCF12,FBCF Índice Geral,103.918584492718
2026-10-09,2001-10-01,GAC12_INDFBCFCC12,FBCF Construção Civil,110.169084700633
2026-10-09,2001-10-01,GAC12_INDFBCFCCDESSAZ12,FBCF Construção Civil Dessazonalizado,107.282547918455
2026-10-09,2001-10-01,GAC12_INDFBCFDESSAZ12,FBCF Geral Dessazonalizado,101.377622195436
2026-10-09,2001-11-01,GAC12_INDFBCF12,FBCF Índice Geral,99.6230523516733
2026-10-09,2001-11-01,GAC12_INDFBCFCC12,FBCF Construção Civil,105.824756534873
2026-10-09,2001-11-01,GAC12_INDFBCFCCDESSAZ12,FBCF Construção Civil Dessazonalizado,105.482011469828
2026-10-09,2001-11-01,GAC12_INDFBCFDESSAZ12,FBCF Geral Dessazonalizado,99.221242402488
2026-10-09,2001-12-01,GAC12_INDFBCF12,FBCF Índice Geral,94.7783631556082
2026-10-09,2001-12-01,GAC12_INDFBCFCC12,FBCF Construção Civil,98.8668758893617
2026-10-09,2001-12-01,GAC12_INDFBCFCCDESSAZ12,FBCF Construção Civil Dessazonalizado,103.440265547872
2026-10-09,2001-12-01,GAC12_INDFBCFDESSAZ12,FBCF Geral Dessazonalizado,99.5811354020764
2026-10-09,2002-01-01,GAC12_INDFBCF12,FBCF Índice Geral,94.8475566992147
2026-10-09,2002-01-01,GAC12_INDFBCFCC12,FBCF Construção Civil,100.426845123062
2026-10-09,2002-01-01,GAC12_INDFBCFCCDESSAZ12,FBCF Construção Civil Dessazonalizado,102.44767287547
2026-10-09,2002-01-01,GAC12_INDFBCFDESSAZ12,FBCF Geral Dessazonalizado,97.5294619577815
2026-10-09,2002-02-01,GAC12_INDFBCF12,FBCF Índice Geral,94.6656677961165
2026-10-09,2002-02-01,GAC12_INDFBCFCC12,FBCF Construção Civil,99.0584785995979
2026-10-09,2002-02-01,GAC12_INDFBCFCCDESSAZ12,FBCF Construção Civil Dessazonalizado,104.656578985224
2026-10-09,2002-02-01,GAC12_INDFBCFDESSAZ12,FBCF Geral Dessazonalizado,100.115595114783
2026-10-09,2002-03-01,GAC12_INDFBCF12,FBCF Índice Geral,107.996775504668
2026-10-09,2002-03-01,GAC12_INDFBCFCC12,FBCF Construção Civil,117.194654805295
2026-10-09,2002-03-01,GAC12_INDFBCFCCDESSAZ12,FBCF Construção Civil Dessazonalizado,116.061035972721
2026-10-09,2002-03-01,GAC12_INDFBCFDESSAZ12,FBCF Geral Dessazonalizado,106.254942927436
2026-10-09,2002-04-01,GAC12_INDFBCF12,FBCF Índice Geral,107.12630430409
2026-10-09,2002-04-01,GAC12_INDFBCFCC12,FBCF Construção Civil,115.599211940315
2026-10-09,2002-04-01,GAC12_INDFBCFCCDESSAZ12,FBCF Construção Civil Dessazonalizado,112.768414069681
2026-10-09,2002-04-01,GAC12_INDFBCFDESSAZ12,FBCF Geral Dessazonalizado,104.297244077258
2026-10-09,2002-05-01,GAC12_INDFBCF12,FBCF Índice Geral,104.779918056217
2026-10-09,2002-05-01,GAC12_INDFBCFCC12,FBCF Construção Civil,113.794035991709
2026-10-09,2002-05-01,GAC12_INDFBCFCCDESSAZ12,FBCF Construção Civil Dessazonalizado,111.677261803395
2026-10-09,2002-05-01,GAC12_INDFBCFDESSAZ12,FBCF Geral Dessazonalizado,102.479989710346
2026-10-09,2002-06-01,GAC12_INDFBCF12,FBCF Índice Geral,100.213777639693
2026-10-09,2002-06-01,GAC12_INDFBCFCC12,FBCF Construção Civil,110.725457161779
2026-10-09,2002-06-01,GAC12_INDFBCFCCDESSAZ12,FBCF Construção Civil Dessazonalizado,113.528472053239
2026-10-09,2002-06-01,GAC12_INDFBCFDESSAZ12,FBCF Geral Dessazonalizado,104.082766212396
2026-10-09,2002-07-01,GAC12_INDFBCF12,FBCF Índice Geral,110.437468882536
2026-10-09,2002-07-01,GAC12_INDFBCFCC12,FBCF Construção Civil,118.497822908502
2026-10-09,2002-07-01,GAC12_INDFBCFCCDESSAZ12,FBCF Construção Civil Dessazonalizado,116.201340610623
2026-10-09,2002-07-01,GAC12_INDFBCFDESSAZ12,FBCF Geral Dessazonalizado,106.867780777187
2026-10-09,2002-08-01,GAC12_INDFBCF12,FBCF Índice Geral,106.2730058388
2026-10-09,2002-08-01,GAC12_INDFBCFCC12,FBCF Construção Civil,115.965321401647
2026-10-09,2002-08-01,GAC12_INDFBCFCCDESSAZ12,FBCF Construção Civil Dessazonalizado,112.763141733531
2026-10-09,2002-08-01,GAC12_INDFBCFDESSAZ12,FBCF Geral Dessazonalizado,103.442018526529
2026-10-09,2002-09-01,GAC12_INDFBCF12,FBCF Índice Geral,106.149525278664
2026-10-09,2002-09-01,GAC12_INDFBCFCC12,FBCF Construção Civil,116.472634791822
2026-10-09,2002-09-01,GAC12_INDFBCFCCDESSAZ12,FBCF Construção Civil Dessazonalizado,115.766569427667
2026-10-09,2002-09-01,GAC12_INDFBCFDESSAZ12,FBCF Geral Dessazonalizado,105.410200696284
2026-10-09,2002-10-01,GAC12_INDFBCF12,FBCF Índice Geral,109.599878039644
2026-10-09,2002-10-01,GAC12_INDFBCFCC12,FBCF Construção Civil,120.65385547387
2026-10-09,2002-10-01,GAC12_INDFBCFCCDESSAZ12,FBCF Construção Civil Dessazonalizado,117.061521581634
2026-10-09,2002-10-01,GAC12_INDFBCFDESSAZ12,FBCF Geral Dessazonalizado,106.360195000347
2026-10-09,2002-11-01,GAC12_INDFBCF12,FBCF Índice Geral,106.709008316846
2026-10-09,2002-11-01,GAC12_INDFBCFCC12,FBCF Construção Civil,116.890122919887
2026-10-09,2002-11-01,GAC12_INDFBCFCCDESSAZ12,FBCF Construção Civil Dessazonalizado,117.15082217255
2026-10-09,2002-11-01,GAC12_INDFBCFDESSAZ12,FBCF Geral Dessazonalizado,107.550321923854
2026-10-09,2002-12-01,GAC12_INDFBCF12,FBCF Índice Geral,104.661113643511
2026-10-09,2002-12-01,GAC12_INDFBCFCC12,FBCF Construção Civil,118.116982633301
2026-10-09,2002-12-01,GAC12_INDFBCFCCDESSAZ12,FBCF Construção Civil Dessazonalizado,122.692600290162
2026-10-09,2002-12-01,GAC12_INDFBCFDESSAZ12,FBCF Geral Dessazonalizado,108.499483075799
2026-10-09,2003-01-01,GAC12_INDFBCF12,FBCF Índice Geral,102.985173996041
2026-10-09,2003-01-01,GAC12_INDFBCFCC12,FBCF Construção Civil,112.359164886261
2026-10-09,2003-01-01,GAC12_INDFBCFCCDESSAZ12,FBCF Construção Civil Dessazonalizado,115.015377205692
2026-10-09,2003-01-01,GAC12_INDFBCFDESSAZ12,FBCF Geral Dessazonalizado,106.414197935862
2026-10-09,2003-02-01,GAC12_INDFBCF12,FBCF Índice Geral,102.358146174819
2026-10-09,2003-02-01,GAC12_INDFBCFCC12,FBCF Construção Civil,107.936032668206
2026-10-09,2003-02-01,GAC12_INDFBCFCCDESSAZ12,FBCF Construção Civil Dessazonalizado,112.313497349651
2026-10-09,2003-02-01,GAC12_INDFBCFDESSAZ12,FBCF Geral Dessazonalizado,104.399849136752
2026-10-09,2003-03-01,GAC12_INDFBCF12,FBCF Índice Geral,101.436679829141
2026-10-09,2003-03-01,GAC12_INDFBCFCC12,FBCF Construção Civil,106.931464910225
2026-10-09,2003-03-01,GAC12_INDFBCFCCDESSAZ12,FBCF Construção Civil Dessazonalizado,107.462567762608
2026-10-09,2003-03-01,GAC12_INDFBCFDESSAZ12,FBCF Geral Dessazonalizado,102.265952927385
2026-10-09,2003-04-01,GAC12_INDFBCF12,FBCF Índice Geral,99.6419662035089
2026-10-09,2003-04-01,GAC12_INDFBCFCC12,FBCF Construção Civil,106.857237142577
2026-10-09,2003-04-01,GAC12_INDFBCFCCDESSAZ12,FBCF Construção Civil Dessazonalizado,105.898435896943
2026-10-09,2003-04-01,GAC12_INDFBCFDESSAZ12,FBCF Geral Dessazonalizado,99.3903505658081
2026-10-09,2003-05-01,GAC12_INDFBCF12,FBCF Índice Geral,97.1666577830999
2026-10-09,2003-05-01,GAC12_INDFBCFCC12,FBCF Construção Civil,104.064545898018
2026-10-09,2003-05-01,GAC12_INDFBCFCCDESSAZ12,FBCF Construção Civil Dessazonalizado,102.731820131262
2026-10-09,2003-05-01,GAC12_INDFBCFDESSAZ12,FBCF Geral Dessazonalizado,95.9583204953397
2026-10-09,2003-06-01,GAC12_INDFBCF12,FBCF Índice Geral,93.9813760133916
2026-10-09,2003-06-01,GAC12_INDFBCFCC12,FBCF Construção Civil,100.820327391066
2026-10-09,2003-06-01,GAC12_INDFBCFCCDESSAZ12,FBCF Construção Civil Dessazonalizado,101.948640130195
2026-10-09,2003-06-01,GAC12_INDFBCFDESSAZ12,FBCF Geral Dessazonalizado,95.7413289388521
2026-10-09,2003-07-01,GAC12_INDFBCF12,FBCF Índice Geral,98.8867977871419
2026-10-09,2003-07-01,GAC12_INDFBCFCC12,FBCF Construção Civil,104.079466670533
2026-10-09,2003-07-01,GAC12_INDFBCFCCDESSAZ12,FBCF Construção Civil Dessazonalizado,101.694659871242
2026-10-09,2003-07-01,GAC12_INDFBCFDESSAZ12,FBCF Geral Dessazonalizado,95.2796486190372
2026-10-09,2003-08-01,GAC12_INDFBCF12,FBCF Índice Geral,98.4122173664074
2026-10-09,2003-08-01,GAC12_INDFBCFCC12,FBCF Construção Civil,104.395666156776
2026-10-09,2003-08-01,GAC12_INDFBCFCCDESSAZ12,FBCF Construção Civil Dessazonalizado,102.155348899808
2026-10-09,2003-08-01,GAC12_INDFBCFDESSAZ12,FBCF Geral Dessazonalizado,96.9272567243249
2026-10-09,2003-09-01,GAC12_INDFBCF12,FBCF Índice Geral,103.33098484645
2026-10-09,2003-09-01,GAC12_INDFBCFCC12,FBCF Construção Civil,105.089329466619
2026-10-09,2003-09-01,GAC12_INDFBCFCCDESSAZ12,FBCF Construção Civil Dessazonalizado,103.307817045929
2026-10-09,2003-09-01,GAC12_INDFBCFDESSAZ12,FBCF Geral Dessazonalizado,100.863094656638
2026-10-09,2003-10-01,GAC12_INDFBCF12,FBCF Índice Geral,105.870785834051
2026-10-09,2003-10-01,GAC12_INDFBCFCC12,FBCF Construção Civil,106.332772435173
2026-10-09,2003-10-01,GAC12_INDFBCFCCDESSAZ12,FBCF Construção Civil Dessazonalizado,102.669464570236
2026-10-09,2003-10-01,GAC12_INDFBCFDESSAZ12,FBCF Geral Dessazonalizado,101.99353935597
2026-10-09,2003-11-01,GAC12_INDFBCF12,FBCF Índice Geral,104.490736121309
2026-10-09,2003-11-01,GAC12_INDFBCFCC12,FBCF Construção Civil,106.952861705265
2026-10-09,2003-11-01,GAC12_INDFBCFCCDESSAZ12,FBCF Construção Civil Dessazonalizado,107.532132664431
2026-10-09,2003-11-01,GAC12_INDFBCFDESSAZ12,FBCF Geral Dessazonalizado,106.652142104477
2026-10-09,2003-12-01,GAC12_INDFBCF12,FBCF Índice Geral,94.9184780446393
2026-10-09,2003-12-01,GAC12_INDFBCFCC12,FBCF Construção Civil,99.2432479031047
2026-10-09,2003-12-01,GAC12_INDFBCFCCDESSAZ12,FBCF Construção Civil Dessazonalizado,102.300820604687
2026-10-09,2003-12-01,GAC12_INDFBCFDESSAZ12,FBCF Geral Dessazonalizado,97.5643185395535
2026-10-09,2004-01-01,GAC12_INDFBCF12,FBCF Índice Geral,98.1656221641002
2026-10-09,2004-01-01,GAC12_INDFBCFCC12,FBCF Construção Civil,104.357308703347
2026-10-09,2004-01-01,GAC12_INDFBCFCCDESSAZ12,FBCF Construção Civil Dessazonalizado,108.54146664193
2026-10-09,2004-01-01,GAC12_INDFBCFDESSAZ12,FBCF Geral Dessazonalizado,104.21010618378
2026-10-09,2004-02-01,GAC12_INDFBCF12,FBCF Índice Geral,98.6968873203162
2026-10-09,2004-02-01,GAC12_INDFBCFCC12,FBCF Construção Civil,104.407654221809
2026-10-09,2004-02-01,GAC12_INDFBCFCCDESSAZ12,FBCF Construção Civil Dessazonalizado,109.658326258277
2026-10-09,2004-02-01,GAC12_INDFBCFDESSAZ12,FBCF Geral Dessazonalizado,105.243966413612
2026-10-09,2004-03-01,GAC12_INDFBCF12,FBCF Índice Geral,112.707490515583
2026-10-09,2004-03-01,GAC12_INDFBCFCC12,FBCF Construção Civil,115.625896682606
2026-10-09,2004-03-01,GAC12_INDFBCFCCDESSAZ12,FBCF Construção Civil Dessazonalizado,113.07091003329
2026-10-09,2004-03-01,GAC12_INDFBCFDESSAZ12,FBCF Geral Dessazonalizado,106.895927402608
2026-10-09,2004-04-01,GAC12_INDFBCF12,FBCF Índice Geral,108.559626028206
2026-10-09,2004-04-01,GAC12_INDFBCFCC12,FBCF Construção Civil,111.528463994371
2026-10-09,2004-04-01,GAC12_INDFBCFCCDESSAZ12,FBCF Construção Civil Dessazonalizado,111.773398471728
2026-10-09,2004-04-01,GAC12_INDFBCFDESSAZ12,FBCF Geral Dessazonalizado,109.40640717946
2026-10-09,2004-05-01,GAC12_INDFBCF12,FBCF Índice Geral,108.92311528053
2026-10-09,2004-05-01,GAC12_INDFBCFCC12,FBCF Construção Civil,111.481769320835
2026-10-09,2004-05-01,GAC12_INDFBCFCCDESSAZ12,FBCF Construção Civil Dessazonalizado,111.351245381677
2026-10-09,2004-05-01,GAC12_INDFBCFDESSAZ12,FBCF Geral Dessazonalizado,109.036666608064
2026-10-09,2004-06-01,GAC12_INDFBCF12,FBCF Índice Geral,108.047258691264
2026-10-09,2004-06-01,GAC12_INDFBCFCC12,FBCF Construção Civil,111.182772027178
2026-10-09,2004-06-01,GAC12_INDFBCFCCDESSAZ12,FBCF Construção Civil Dessazonalizado,111.129486140112
2026-10-09,2004-06-01,GAC12_INDFBCFDESSAZ12,FBCF Geral Dessazonalizado,108.376926212475
2026-10-09,2004-07-01,GAC12_INDFBCF12,FBCF Índice Geral,113.597453702139
2026-10-09,2004-07-01,GAC12_INDFBCFCC12,FBCF Construção Civil,115.114443699401
2026-10-09,2004-07-01,GAC12_INDFBCFCCDESSAZ12,FBCF Construção Civil Dessazonalizado,112.986313608747
2026-10-09,2004-07-01,GAC12_INDFBCFDESSAZ12,FBCF Geral Dessazonalizado,110.47477922405
2026-10-09,2004-08-01,GAC12_INDFBCF12,FBCF Índice Geral,115.119677561176
2026-10-09,2004-08-01,GAC12_INDFBCFCC12,FBCF Construção Civil,119.832618017654
2026-10-09,2004-08-01,GAC12_INDFBCFCCDESSAZ12,FBCF Construção Civil Dessazonalizado,115.811266354916
2026-10-09,2004-08-01,GAC12_INDFBCFDESSAZ12,FBCF Geral Dessazonalizado,111.184559867071
2026-10-09,2004-09-01,GAC12_INDFBCF12,FBCF Índice Geral,114.512868736686
2026-10-09,2004-09-01,GAC12_INDFBCFCC12,FBCF Construção Civil,118.366411155383
2026-10-09,2004-09-01,GAC12_INDFBCFCCDESSAZ12,FBCF Construção Civil Dessazonalizado,116.177133429674
2026-10-09,2004-09-01,GAC12_INDFBCFDESSAZ12,FBCF Geral Dessazonalizado,111.79066090888
2026-10-09,2004-10-01,GAC12_INDFBCF12,FBCF Índice Geral,109.409448681764
2026-10-09,2004-10-01,GAC12_INDFBCFCC12,FBCF Construção Civil,121.814525670333
2026-10-09,2004-10-01,GAC12_INDFBCFCCDESSAZ12,FBCF Construção Civil Dessazonalizado,120.124491582803
2026-10-09,2004-10-01,GAC12_INDFBCFDESSAZ12,FBCF Geral Dessazonalizado,108.806217216904
2026-10-09,2004-11-01,GAC12_INDFBCF12,FBCF Índice Geral,117.555403661661
2026-10-09,2004-11-01,GAC12_INDFBCFCC12,FBCF Construção Civil,119.080698625403
2026-10-09,2004-11-01,GAC12_INDFBCFCCDESSAZ12,FBCF Construção Civil Dessazonalizado,118.053693874418
2026-10-09,2004-11-01,GAC12_INDFBCFDESSAZ12,FBCF Geral Dessazonalizado,116.629884721538
2026-10-09,2004-12-01,GAC12_INDFBCF12,FBCF Índice Geral,100.305147656575
2026-10-09,2004-12-01,GAC12_INDFBCFCC12,FBCF Construção Civil,112.251633124433
2026-10-09,2004-12-01,GAC12_INDFBCFCCDESSAZ12,FBCF Construção Civil Dessazonalizado,115.17455906676
2026-10-09,2004-12-01,GAC12_INDFBCFDESSAZ12,FBCF Geral Dessazonalizado,102.403898061558
2026-10-09,2005-01-01,GAC12_INDFBCF12,FBCF Índice Geral,103.159210710629
2026-10-09,2005-01-01,GAC12_INDFBCFCC12,FBCF Construção Civil,109.574778346378
2026-10-09,2005-01-01,GAC12_INDFBCFCCDESSAZ12,FBCF Construção Civil Dessazonalizado,112.838783084808
2026-10-09,2005-01-01,GAC12_INDFBCFDESSAZ12,FBCF Geral Dessazonalizado,108.99459002363
2026-10-09,2005-02-01,GAC12_INDFBCF12,FBCF Índice Geral,99.4402324634479
2026-10-09,2005-02-01,GAC12_INDFBCFCC12,FBCF Construção Civil,103.10478658297
2026-10-09,2005-02-01,GAC12_INDFBCFCCDESSAZ12,FBCF Construção Civil Dessazonalizado,109.109650253015
2026-10-09,2005-02-01,GAC12_INDFBCFDESSAZ12,FBCF Geral Dessazonalizado,105.844611157953
2026-10-09,2005-03-01,GAC12_INDFBCF12,FBCF Índice Geral,111.200556825923
2026-10-09,2005-03-01,GAC12_INDFBCFCC12,FBCF Construção Civil,110.748487304071
2026-10-09,2005-03-01,GAC12_INDFBCFCCDESSAZ12,FBCF Construção Civil Dessazonalizado,108.683844802267
2026-10-09,2005-03-01,GAC12_INDFBCFDESSAZ12,FBCF Geral Dessazonalizado,107.030798818417
2026-10-09,2005-04-01,GAC12_INDFBCF12,FBCF Índice Geral,107.746698492253
2026-10-09,2005-04-01,GAC12_INDFBCFCC12,FBCF Construção Civil,110.017128546643
2026-10-09,2005-04-01,GAC12_INDFBCFCCDESSAZ12,FBCF Construção Civil Dessazonalizado,110.861971081058
2026-10-09,2005-04-01,GAC12_INDFBCFDESSAZ12,FBCF Geral Dessazonalizado,108.33223858573
2026-10-09,2005-05-01,GAC12_INDFBCF12,FBCF Índice Geral,112.349373007341
2026-10-09,2005-05-01,GAC12_INDFBCFCC12,FBCF Construção Civil,111.606707226996
2026-10-09,2005-05-01,GAC12_INDFBCFCCDESSAZ12,FBCF Construção Civil Dessazonalizado,112.318437317419
2026-10-09,2005-05-01,GAC12_INDFBCFDESSAZ12,FBCF Geral Dessazonalizado,111.824909660613
2026-10-09,2005-06-01,GAC12_INDFBCF12,FBCF Índice Geral,115.333928500407
2026-10-09,2005-06-01,GAC12_INDFBCFCC12,FBCF Construção Civil,112.706525889833
2026-10-09,2005-06-01,GAC12_INDFBCFCCDESSAZ12,FBCF Construção Civil Dessazonalizado,114.365103754849
2026-10-09,2005-06-01,GAC12_INDFBCFDESSAZ12,FBCF Geral Dessazonalizado,116.982851753657
2026-10-09,2005-07-01,GAC12_INDFBCF12,FBCF Índice Geral,111.263624510222
2026-10-09,2005-07-01,GAC12_INDFBCFCC12,FBCF Construção Civil,112.03943271412
2026-10-09,2005-07-01,GAC12_INDFBCFCCDESSAZ12,FBCF Construção Civil Dessazonalizado,111.279691017447
2026-10-09,2005-07-01,GAC12_INDFBCFDESSAZ12,FBCF Geral Dessazonalizado,110.344720514655
2026-10-09,2005-08-01,GAC12_INDFBCF12,FBCF Índice Geral,119.547175375581
2026-10-09,2005-08-01,GAC12_INDFBCFCC12,FBCF Construção Civil,118.989426541495
2026-10-09,2005-08-01,GAC12_INDFBCFCCDESSAZ12,FBCF Construção Civil Dessazonalizado,113.539906622225
2026-10-09,2005-08-01,GAC12_INDFBCFDESSAZ12,FBCF Geral Dessazonalizado,112.913816022346
2026-10-09,2005-09-01,GAC12_INDFBCF12,FBCF Índice Geral,115.389200114197
2026-10-09,2005-09-01,GAC12_INDFBCFCC12,FBCF Construção Civil,116.465082070893
2026-10-09,2005-09-01,GAC12_INDFBCFCCDESSAZ12,FBCF Construção Civil Dessazonalizado,113.117334062867
2026-10-09,2005-09-01,GAC12_INDFBCFDESSAZ12,FBCF Geral Dessazonalizado,111.841463462999
2026-10-09,2005-10-01,GAC12_INDFBCF12,FBCF Índice Geral,112.005868358518
2026-10-09,2005-10-01,GAC12_INDFBCFCC12,FBCF Construção Civil,111.84621809766
2026-10-09,2005-10-01,GAC12_INDFBCFCCDESSAZ12,FBCF Construção Civil Dessazonalizado,108.567114499954
2026-10-09,2005-10-01,GAC12_INDFBCFDESSAZ12,FBCF Geral Dessazonalizado,109.597702291674
2026-10-09,2005-11-01,GAC12_INDFBCF12,FBCF Índice Geral,114.466680176969
2026-10-09,2005-11-01,GAC12_INDFBCFCC12,FBCF Construção Civil,115.237147709331
2026-10-09,2005-11-01,GAC12_INDFBCFCCDESSAZ12,FBCF Construção Civil Dessazonalizado,112.630526575646
2026-10-09,2005-11-01,GAC12_INDFBCFDESSAZ12,FBCF Geral Dessazonalizado,112.20208418351
2026-10-09,2005-12-01,GAC12_INDFBCF12,FBCF Índice Geral,109.227451464513
2026-10-09,2005-12-01,GAC12_INDFBCFCC12,FBCF Construção Civil,111.199394022685
2026-10-09,2005-12-01,GAC12_INDFBCFCCDESSAZ12,FBCF Construção Civil Dessazonalizado,114.860171012477
2026-10-09,2005-12-01,GAC12_INDFBCFDESSAZ12,FBCF Geral Dessazonalizado,113.870213524816
2026-10-09,2006-01-01,GAC12_INDFBCF12,FBCF Índice Geral,109.441798554475
2026-10-09,2006-01-01,GAC12_INDFBCFCC12,FBCF Construção Civil,111.554420761406
2026-10-09,2006-01-01,GAC12_INDFBCFCCDESSAZ12,FBCF Construção Civil Dessazonalizado,115.738006354739
2026-10-09,2006-01-01,GAC12_INDFBCFDESSAZ12,FBCF Geral Dessazonalizado,115.652040569257
2026-10-09,2006-02-01,GAC12_INDFBCF12,FBCF Índice Geral,108.292394236057
2026-10-09,2006-02-01,GAC12_INDFBCFCC12,FBCF Construção Civil,107.774493513289
2026-10-09,2006-02-01,GAC12_INDFBCFCCDESSAZ12,FBCF Construção Civil Dessazonalizado,116.541407651226
2026-10-09,2006-02-01,GAC12_INDFBCFDESSAZ12,FBCF Geral Dessazonalizado,118.261255888529
2026-10-09,2006-03-01,GAC12_INDFBCF12,FBCF Índice Geral,123.665807209469
2026-10-09,2006-03-01,GAC12_INDFBCFCC12,FBCF Construção Civil,117.523690399747
2026-10-09,2006-03-01,GAC12_INDFBCFCCDESSAZ12,FBCF Construção Civil Dessazonalizado,115.669461987601
2026-10-09,2006-03-01,GAC12_INDFBCFDESSAZ12,FBCF Geral Dessazonalizado,118.046703542215
2026-10-09,2006-04-01,GAC12_INDFBCF12,FBCF Índice Geral,109.423088314126
2026-10-09,2006-04-01,GAC12_INDFBCFCC12,FBCF Construção Civil,108.6786542092
2026-10-09,2006-04-01,GAC12_INDFBCFCCDESSAZ12,FBCF Construção Civil Dessazonalizado,113.413455528282
2026-10-09,2006-04-01,GAC12_INDFBCFDESSAZ12,FBCF Geral Dessazonalizado,116.008921594329
2026-10-09,2006-05-01,GAC12_INDFBCF12,FBCF Índice Geral,121.408651993357
2026-10-09,2006-05-01,GAC12_INDFBCFCC12,FBCF Construção Civil,117.72294133729
2026-10-09,2006-05-01,GAC12_INDFBCFCCDESSAZ12,FBCF Construção Civil Dessazonalizado,116.576106699106
2026-10-09,2006-05-01,GAC12_INDFBCFDESSAZ12,FBCF Geral Dessazonalizado,117.299267370519
2026-10-09,2006-06-01,GAC12_INDFBCF12,FBCF Índice Geral,116.718259692518
2026-10-09,2006-06-01,GAC12_INDFBCFCC12,FBCF Construção Civil,114.717565563057
2026-10-09,2006-06-01,GAC12_INDFBCFCCDESSAZ12,FBCF Construção Civil Dessazonalizado,114.73708541229
2026-10-09,2006-06-01,GAC12_INDFBCFDESSAZ12,FBCF Geral Dessazonalizado,116.491811035152
2026-10-09,2006-07-01,GAC12_INDFBCF12,FBCF Índice Geral,121.043305648612
2026-10-09,2006-07-01,GAC12_INDFBCFCC12,FBCF Construção Civil,117.59097534031
2026-10-09,2006-07-01,GAC12_INDFBCFCCDESSAZ12,FBCF Construção Civil Dessazonalizado,115.334920634403
2026-10-09,2006-07-01,GAC12_INDFBCFDESSAZ12,FBCF Geral Dessazonalizado,118.899864493804
2026-10-09,2006-08-01,GAC12_INDFBCF12,FBCF Índice Geral,125.676187758968
2026-10-09,2006-08-01,GAC12_INDFBCFCC12,FBCF Construção Civil,120.372974212548
2026-10-09,2006-08-01,GAC12_INDFBCFCCDESSAZ12,FBCF Construção Civil Dessazonalizado,113.419268230267
2026-10-09,2006-08-01,GAC12_INDFBCFDESSAZ12,FBCF Geral Dessazonalizado,116.880875872924
2026-10-09,2006-09-01,GAC12_INDFBCF12,FBCF Índice Geral,119.43050659242
2026-10-09,2006-09-01,GAC12_INDFBCFCC12,FBCF Construção Civil,117.100405393162
2026-10-09,2006-09-01,GAC12_INDFBCFCCDESSAZ12,FBCF Construção Civil Dessazonalizado,113.680184864121
2026-10-09,2006-09-01,GAC12_INDFBCFDESSAZ12,FBCF Geral Dessazonalizado,117.049259633272
2026-10-09,2006-10-01,GAC12_INDFBCF12,FBCF Índice Geral,124.360209754835
2026-10-09,2006-10-01,GAC12_INDFBCFCC12,FBCF Construção Civil,120.008149984714
2026-10-09,2006-10-01,GAC12_INDFBCFCCDESSAZ12,FBCF Construção Civil Dessazonalizado,114.801635734172
2026-10-09,2006-10-01,GAC12_INDFBCFDESSAZ12,FBCF Geral Dessazonalizado,118.830235870052
2026-10-09,2006-11-01,GAC12_INDFBCF12,FBCF Índice Geral,124.11902446323
2026-10-09,2006-11-01,GAC12_INDFBCFCC12,FBCF Construção Civil,120.011155825993
2026-10-09,2006-11-01,GAC12_INDFBCFCCDESSAZ12,FBCF Construção Civil Dessazonalizado,116.976934543637
2026-10-09,2006-11-01,GAC12_INDFBCFDESSAZ12,FBCF Geral Dessazonalizado,121.168008291143
2026-10-09,2006-12-01,GAC12_INDFBCF12,FBCF Índice Geral,116.260765781934
2026-10-09,2006-12-01,GAC12_INDFBCFCC12,FBCF Construção Civil,113.589203185897
2026-10-09,2006-12-01,GAC12_INDFBCFCCDESSAZ12,FBCF Construção Civil Dessazonalizado,118.496321842555
2026-10-09,2006-12-01,GAC12_INDFBCFDESSAZ12,FBCF Geral Dessazonalizado,123.961755838804
2026-10-09,2007-01-01,GAC12_INDFBCF12,FBCF Índice Geral,119.446739135427
2026-10-09,2007-01-01,GAC12_INDFBCFCC12,FBCF Construção Civil,115.539491691211
2026-10-09,2007-01-01,GAC12_INDFBCFCCDESSAZ12,FBCF Construção Civil Dessazonalizado,119.374589281559
2026-10-09,2007-01-01,GAC12_INDFBCFDESSAZ12,FBCF Geral Dessazonalizado,124.529676573111
2026-10-09,2007-02-01,GAC12_INDFBCF12,FBCF Índice Geral,116.39197021865
2026-10-09,2007-02-01,GAC12_INDFBCFCC12,FBCF Construção Civil,113.330624371554
2026-10-09,2007-02-01,GAC12_INDFBCFCCDESSAZ12,FBCF Construção Civil Dessazonalizado,122.961305176975
2026-10-09,2007-02-01,GAC12_INDFBCFDESSAZ12,FBCF Geral Dessazonalizado,127.643689131939
2026-10-09,2007-03-01,GAC12_INDFBCF12,FBCF Índice Geral,130.161290645923
2026-10-09,2007-03-01,GAC12_INDFBCFCC12,FBCF Construção Civil,122.441257468074
2026-10-09,2007-03-01,GAC12_INDFBCFCCDESSAZ12,FBCF Construção Civil Dessazonalizado,121.76244935148
2026-10-09,2007-03-01,GAC12_INDFBCFDESSAZ12,FBCF Geral Dessazonalizado,126.876634294948
2026-10-09,2007-04-01,GAC12_INDFBCF12,FBCF Índice Geral,124.010536360253
2026-10-09,2007-04-01,GAC12_INDFBCFCC12,FBCF Construção Civil,119.104077003086
2026-10-09,2007-04-01,GAC12_INDFBCFCCDESSAZ12,FBCF Construção Civil Dessazonalizado,124.355845660944
2026-10-09,2007-04-01,GAC12_INDFBCFDESSAZ12,FBCF Geral Dessazonalizado,130.687301057588
2026-10-09,2007-05-01,GAC12_INDFBCF12,FBCF Índice Geral,135.804284938449
2026-10-09,2007-05-01,GAC12_INDFBCFCC12,FBCF Construção Civil,122.02649926606
2026-10-09,2007-05-01,GAC12_INDFBCFCCDESSAZ12,FBCF Construção Civil Dessazonalizado,120.790439333738
2026-10-09,2007-05-01,GAC12_INDFBCFDESSAZ12,FBCF Geral Dessazonalizado,130.917725704356
2026-10-09,2007-06-01,GAC12_INDFBCF12,FBCF Índice Geral,130.935178701298
2026-10-09,2007-06-01,GAC12_INDFBCFCC12,FBCF Construção Civil,120.706305283414
2026-10-09,2007-06-01,GAC12_INDFBCFCCDESSAZ12,FBCF Construção Civil Dessazonalizado,121.386779538928
2026-10-09,2007-06-01,GAC12_INDFBCFDESSAZ12,FBCF Geral Dessazonalizado,132.714973238055
2026-10-09,2007-07-01,GAC12_INDFBCF12,FBCF Índice Geral,138.711341755481
2026-10-09,2007-07-01,GAC12_INDFBCFCC12,FBCF Construção Civil,127.52905826111
2026-10-09,2007-07-01,GAC12_INDFBCFCCDESSAZ12,FBCF Construção Civil Dessazonalizado,123.121523708024
2026-10-09,2007-07-01,GAC12_INDFBCFDESSAZ12,FBCF Geral Dessazonalizado,133.692539621711
2026-10-09,2007-08-01,GAC12_INDFBCF12,FBCF Índice Geral,147.111548642655
2026-10-09,2007-08-01,GAC12_INDFBCFCC12,FBCF Construção Civil,129.888188565582
2026-10-09,2007-08-01,GAC12_INDFBCFCCDESSAZ12,FBCF Construção Civil Dessazonalizado,121.510992413024
2026-10-09,2007-08-01,GAC12_INDFBCFDESSAZ12,FBCF Geral Dessazonalizado,135.776397942385
2026-10-09,2007-09-01,GAC12_INDFBCF12,FBCF Índice Geral,132.407109601864
2026-10-09,2007-09-01,GAC12_INDFBCFCC12,FBCF Construção Civil,126.020769282456
2026-10-09,2007-09-01,GAC12_INDFBCFCCDESSAZ12,FBCF Construção Civil Dessazonalizado,122.885189684829
2026-10-09,2007-09-01,GAC12_INDFBCFDESSAZ12,FBCF Geral Dessazonalizado,131.991062435904
2026-10-09,2007-10-01,GAC12_INDFBCF12,FBCF Índice Geral,145.834999523236
2026-10-09,2007-10-01,GAC12_INDFBCFCC12,FBCF Construção Civil,129.503805664166
2026-10-09,2007-10-01,GAC12_INDFBCFCCDESSAZ12,FBCF Construção Civil Dessazonalizado,122.954438851704
2026-10-09,2007-10-01,GAC12_INDFBCFDESSAZ12,FBCF Geral Dessazonalizado,137.209217928245
2026-10-09,2007-11-01,GAC12_INDFBCF12,FBCF Índice Geral,139.603367771068
2026-10-09,2007-11-01,GAC12_INDFBCFCC12,FBCF Construção Civil,125.002120477549
2026-10-09,2007-11-01,GAC12_INDFBCFCCDESSAZ12,FBCF Construção Civil Dessazonalizado,122.083695662837
2026-10-09,2007-11-01,GAC12_INDFBCFDESSAZ12,FBCF Geral Dessazonalizado,136.571721834497
2026-10-09,2007-12-01,GAC12_INDFBCF12,FBCF Índice Geral,129.101632705697
2026-10-09,2007-12-01,GAC12_INDFBCFCC12,FBCF Construção Civil,118.824331041568
2026-10-09,2007-12-01,GAC12_INDFBCFCCDESSAZ12,FBCF Construção Civil Dessazonalizado,124.593095718789
2026-10-09,2007-12-01,GAC12_INDFBCFDESSAZ12,FBCF Geral Dessazonalizado,138.599060237258
2026-10-09,2008-01-01,GAC12_INDFBCF12,FBCF Índice Geral,135.940202326928
2026-10-09,2008-01-01,GAC12_INDFBCFCC12,FBCF Construção Civil,121.453128862388
2026-10-09,2008-01-01,GAC12_INDFBCFCCDESSAZ12,FBCF Construção Civil Dessazonalizado,125.729973255599
2026-10-09,2008-01-01,GAC12_INDFBCFDESSAZ12,FBCF Geral Dessazonalizado,141.534336193026
2026-10-09,2008-02-01,GAC12_INDFBCF12,FBCF Índice Geral,132.61163482185
2026-10-09,2008-02-01,GAC12_INDFBCFCC12,FBCF Construção Civil,117.108108592654
2026-10-09,2008-02-01,GAC12_INDFBCFCCDESSAZ12,FBCF Construção Civil Dessazonalizado,121.966885301339
2026-10-09,2008-02-01,GAC12_INDFBCFDESSAZ12,FBCF Geral Dessazonalizado,140.221066511442
2026-10-09,2008-03-01,GAC12_INDFBCF12,FBCF Índice Geral,141.458162851222
2026-10-09,2008-03-01,GAC12_INDFBCFCC12,FBCF Construção Civil,126.788179391295
2026-10-09,2008-03-01,GAC12_INDFBCFCCDESSAZ12,FBCF Construção Civil Dessazonalizado,129.174536583795
2026-10-09,2008-03-01,GAC12_INDFBCFDESSAZ12,FBCF Geral Dessazonalizado,144.484597295532
2026-10-09,2008-04-01,GAC12_INDFBCF12,FBCF Índice Geral,143.817911092174
2026-10-09,2008-04-01,GAC12_INDFBCFCC12,FBCF Construção Civil,125.365837272151
2026-10-09,2008-04-01,GAC12_INDFBCFCCDESSAZ12,FBCF Construção Civil Dessazonalizado,129.414224151475
2026-10-09,2008-04-01,GAC12_INDFBCFDESSAZ12,FBCF Geral Dessazonalizado,146.437636905289
2026-10-09,2008-05-01,GAC12_INDFBCF12,FBCF Índice Geral,148.239411437926
2026-10-09,2008-05-01,GAC12_INDFBCFCC12,FBCF Construção Civil,130.436713935779
2026-10-09,2008-05-01,GAC12_INDFBCFCCDESSAZ12,FBCF Construção Civil Dessazonalizado,131.386220614234
2026-10-09,2008-05-01,GAC12_INDFBCFDESSAZ12,FBCF Geral Dessazonalizado,147.07514115315
2026-10-09,2008-06-01,GAC12_INDFBCF12,FBCF Índice Geral,151.9726774699
2026-10-09,2008-06-01,GAC12_INDFBCFCC12,FBCF Construção Civil,130.501754860087
2026-10-09,2008-06-01,GAC12_INDFBCFCCDESSAZ12,FBCF Construção Civil Dessazonalizado,132.225706144615
2026-10-09,2008-06-01,GAC12_INDFBCFDESSAZ12,FBCF Geral Dessazonalizado,156.06722194156
2026-10-09,2008-07-01,GAC12_INDFBCF12,FBCF Índice Geral,163.895550961506
2026-10-09,2008-07-01,GAC12_INDFBCFCC12,FBCF Construção Civil,141.294265587832
2026-10-09,2008-07-01,GAC12_INDFBCFCCDESSAZ12,FBCF Construção Civil Dessazonalizado,135.629793147297
2026-10-09,2008-07-01,GAC12_INDFBCFDESSAZ12,FBCF Geral Dessazonalizado,156.449283118102
2026-10-09,2008-08-01,GAC12_INDFBCF12,FBCF Índice Geral,167.675995047804
2026-10-09,2008-08-01,GAC12_INDFBCFCC12,FBCF Construção Civil,141.993355482693
2026-10-09,2008-08-01,GAC12_INDFBCFCCDESSAZ12,FBCF Construção Civil Dessazonalizado,135.000388134082
2026-10-09,2008-08-01,GAC12_INDFBCFDESSAZ12,FBCF Geral Dessazonalizado,160.176443886878
2026-10-09,2008-09-01,GAC12_INDFBCF12,FBCF Índice Geral,161.748453990689
2026-10-09,2008-09-01,GAC12_INDFBCFCC12,FBCF Construção Civil,139.342498757878
2026-10-09,2008-09-01,GAC12_INDFBCFCCDESSAZ12,FBCF Construção Civil Dessazonalizado,133.395770510467
2026-10-09,2008-09-01,GAC12_INDFBCFDESSAZ12,FBCF Geral Dessazonalizado,155.604272995019
2026-10-09,2008-10-01,GAC12_INDFBCF12,FBCF Índice Geral,170.185612529513
2026-10-09,2008-10-01,GAC12_INDFBCFCC12,FBCF Construção Civil,144.767155502464
2026-10-09,2008-10-01,GAC12_INDFBCFCCDESSAZ12,FBCF Construção Civil Dessazonalizado,137.858122939608
2026-10-09,2008-10-01,GAC12_INDFBCFDESSAZ12,FBCF Geral Dessazonalizado,160.167385443143
2026-10-09,2008-11-01,GAC12_INDFBCF12,FBCF Índice Geral,142.868066253984
2026-10-09,2008-11-01,GAC12_INDFBCFCC12,FBCF Construção Civil,131.486833807756
2026-10-09,2008-11-01,GAC12_INDFBCFCCDESSAZ12,FBCF Construção Civil Dessazonalizado,131.376723384754
2026-10-09,2008-11-01,GAC12_INDFBCFDESSAZ12,FBCF Geral Dessazonalizado,144.779841524818
2026-10-09,2008-12-01,GAC12_INDFBCF12,FBCF Índice Geral,124.406321216503
2026-10-09,2008-12-01,GAC12_INDFBCFCC12,FBCF Construção Civil,119.952754364073
2026-10-09,2008-12-01,GAC12_INDFBCFCCDESSAZ12,FBCF Construção Civil Dessazonalizado,124.692496079722
2026-10-09,2008-12-01,GAC12_INDFBCFDESSAZ12,FBCF Geral Dessazonalizado,128.822773032039
2026-10-09,2009-01-01,GAC12_INDFBCF12,FBCF Índice Geral,120.927841643178
2026-10-09,2009-01-01,GAC12_INDFBCFCC12,FBCF Construção Civil,115.026470864158
2026-10-09,2009-01-01,GAC12_INDFBCFCCDESSAZ12,FBCF Construção Civil Dessazonalizado,121.368235250118
2026-10-09,2009-01-01,GAC12_INDFBCFDESSAZ12,FBCF Geral Dessazonalizado,128.876954009749
2026-10-09,2009-02-01,GAC12_INDFBCF12,FBCF Índice Geral,115.638484856391
2026-10-09,2009-02-01,GAC12_INDFBCFCC12,FBCF Construção Civil,110.512015917825
2026-10-09,2009-02-01,GAC12_INDFBCFCCDESSAZ12,FBCF Construção Civil Dessazonalizado,120.120726124204
2026-10-09,2009-02-01,GAC12_INDFBCFDESSAZ12,FBCF Geral Dessazonalizado,127.029850069753
2026-10-09,2009-03-01,GAC12_INDFBCF12,FBCF Índice Geral,134.53367350043
2026-10-09,2009-03-01,GAC12_INDFBCFCC12,FBCF Construção Civil,123.88593325713
2026-10-09,2009-03-01,GAC12_INDFBCFCCDESSAZ12,FBCF Construção Civil Dessazonalizado,122.782449328196
2026-10-09,2009-03-01,GAC12_INDFBCFDESSAZ12,FBCF Geral Dessazonalizado,130.853195920497
2026-10-09,2009-04-01,GAC12_INDFBCF12,FBCF Índice Geral,128.582905305823
2026-10-09,2009-04-01,GAC12_INDFBCFCC12,FBCF Construção Civil,119.819478052392
2026-10-09,2009-04-01,GAC12_INDFBCFCCDESSAZ12,FBCF Construção Civil Dessazonalizado,125.495925336202
2026-10-09,2009-04-01,GAC12_INDFBCFDESSAZ12,FBCF Geral Dessazonalizado,134.556892981187
2026-10-09,2009-05-01,GAC12_INDFBCF12,FBCF Índice Geral,137.278890421423
2026-10-09,2009-05-01,GAC12_INDFBCFCC12,FBCF Construção Civil,129.694291204708
2026-10-09,2009-05-01,GAC12_INDFBCFCCDESSAZ12,FBCF Construção Civil Dessazonalizado,130.115345215588
2026-10-09,2009-05-01,GAC12_INDFBCFDESSAZ12,FBCF Geral Dessazonalizado,137.216659929129
2026-10-09,2009-06-01,GAC12_INDFBCF12,FBCF Índice Geral,141.388204272754
2026-10-09,2009-06-01,GAC12_INDFBCFCC12,FBCF Construção Civil,137.77867683678
2026-10-09,2009-06-01,GAC12_INDFBCFCCDESSAZ12,FBCF Construção Civil Dessazonalizado,137.482122799111
2026-10-09,2009-06-01,GAC12_INDFBCFDESSAZ12,FBCF Geral Dessazonalizado,141.536447089683
2026-10-09,2009-07-01,GAC12_INDFBCF12,FBCF Índice Geral,152.305359888535
2026-10-09,2009-07-01,GAC12_INDFBCFCC12,FBCF Construção Civil,145.450665385179
2026-10-09,2009-07-01,GAC12_INDFBCFCCDESSAZ12,FBCF Construção Civil Dessazonalizado,139.639959602815
2026-10-09,2009-07-01,GAC12_INDFBCFDESSAZ12,FBCF Geral Dessazonalizado,145.713063197116
2026-10-09,2009-08-01,GAC12_INDFBCF12,FBCF Índice Geral,159.136396744103
2026-10-09,2009-08-01,GAC12_INDFBCFCC12,FBCF Construção Civil,153.631464730357
2026-10-09,2009-08-01,GAC12_INDFBCFCCDESSAZ12,FBCF Construção Civil Dessazonalizado,146.060855699856
2026-10-09,2009-08-01,GAC12_INDFBCFDESSAZ12,FBCF Geral Dessazonalizado,151.890227815339
2026-10-09,2009-09-01,GAC12_INDFBCF12,FBCF Índice Geral,162.858243367362
2026-10-09,2009-09-01,GAC12_INDFBCFCC12,FBCF Construção Civil,156.431907074759
2026-10-09,2009-09-01,GAC12_INDFBCFCCDESSAZ12,FBCF Construção Civil Dessazonalizado,149.619729930745
2026-10-09,2009-09-01,GAC12_INDFBCFDESSAZ12,FBCF Geral Dessazonalizado,155.876708987544
2026-10-09,2009-10-01,GAC12_INDFBCF12,FBCF Índice Geral,168.968698041652
2026-10-09,2009-10-01,GAC12_INDFBCFCC12,FBCF Construção Civil,157.384214592167
2026-10-09,2009-10-01,GAC12_INDFBCFCCDESSAZ12,FBCF Construção Civil Dessazonalizado,150.148790513493
2026-10-09,2009-10-01,GAC12_INDFBCFDESSAZ12,FBCF Geral Dessazonalizado,160.9940613602
2026-10-09,2009-11-01,GAC12_INDFBCF12,FBCF Índice Geral,165.401062783134
2026-10-09,2009-11-01,GAC12_INDFBCFCC12,FBCF Construção Civil,151.606228348689
2026-10-09,2009-11-01,GAC12_INDFBCFCCDESSAZ12,FBCF Construção Civil Dessazonalizado,148.775173235108
2026-10-09,2009-11-01,GAC12_INDFBCFDESSAZ12,FBCF Geral Dessazonalizado,162.683818757354
2026-10-09,2009-12-01,GAC12_INDFBCF12,FBCF Índice Geral,159.730239175216
2026-10-09,2009-12-01,GAC12_INDFBCFCC12,FBCF Construção Civil,146.297906191191
2026-10-09,2009-12-01,GAC12_INDFBCFCCDESSAZ12,FBCF Construção Civil Dessazonalizado,151.835353376902
2026-10-09,2009-12-01,GAC12_INDFBCFDESSAZ12,FBCF Geral Dessazonalizado,165.202119882447
2026-10-09,2010-01-01,GAC12_INDFBCF12,FBCF Índice Geral,152.141259248757
2026-10-09,2010-01-01,GAC12_INDFBCFCC12,FBCF Construção Civil,142.809019797325
2026-10-09,2010-01-01,GAC12_INDFBCFCCDESSAZ12,FBCF Construção Civil Dessazonalizado,152.238224578702
2026-10-09,2010-01-01,GAC12_INDFBCFDESSAZ12,FBCF Geral Dessazonalizado,164.823568875847
2026-10-09,2010-02-01,GAC12_INDFBCF12,FBCF Índice Geral,150.933237256924
2026-10-09,2010-02-01,GAC12_INDFBCFCC12,FBCF Construção Civil,138.56143812412
2026-10-09,2010-02-01,GAC12_INDFBCFCCDESSAZ12,FBCF Construção Civil Dessazonalizado,150.828224037079
2026-10-09,2010-02-01,GAC12_INDFBCFDESSAZ12,FBCF Geral Dessazonalizado,166.56420251561
2026-10-09,2010-03-01,GAC12_INDFBCF12,FBCF Índice Geral,175.665503494319
2026-10-09,2010-03-01,GAC12_INDFBCFCC12,FBCF Construção Civil,156.704645406496
2026-10-09,2010-03-01,GAC12_INDFBCFCCDESSAZ12,FBCF Construção Civil Dessazonalizado,154.00762612253
2026-10-09,2010-03-01,GAC12_INDFBCFDESSAZ12,FBCF Geral Dessazonalizado,168.022228608543
2026-10-09,2010-04-01,GAC12_INDFBCF12,FBCF Índice Geral,160.630536101544
2026-10-09,2010-04-01,GAC12_INDFBCFCC12,FBCF Construção Civil,147.631374125896
2026-10-09,2010-04-01,GAC12_INDFBCFCCDESSAZ12,FBCF Construção Civil Dessazonalizado,155.028314990429
2026-10-09,2010-04-01,GAC12_INDFBCFDESSAZ12,FBCF Geral Dessazonalizado,168.106309634188
2026-10-09,2010-05-01,GAC12_INDFBCF12,FBCF Índice Geral,169.32697170813
2026-10-09,2010-05-01,GAC12_INDFBCFCC12,FBCF Construção Civil,154.001123615351
2026-10-09,2010-05-01,GAC12_INDFBCFCCDESSAZ12,FBCF Construção Civil Dessazonalizado,153.430972640954
2026-10-09,2010-05-01,GAC12_INDFBCFDESSAZ12,FBCF Geral Dessazonalizado,168.890964809388
2026-10-09,2010-06-01,GAC12_INDFBCF12,FBCF Índice Geral,170.622492190326
2026-10-09,2010-06-01,GAC12_INDFBCFCC12,FBCF Construção Civil,153.805382838845
2026-10-09,2010-06-01,GAC12_INDFBCFCCDESSAZ12,FBCF Construção Civil Dessazonalizado,152.886701878206
2026-10-09,2010-06-01,GAC12_INDFBCFDESSAZ12,FBCF Geral Dessazonalizado,171.202725556424
2026-10-09,2010-07-01,GAC12_INDFBCF12,FBCF Índice Geral,176.11460390294
2026-10-09,2010-07-01,GAC12_INDFBCFCC12,FBCF Construção Civil,157.675932786791
2026-10-09,2010-07-01,GAC12_INDFBCFCCDESSAZ12,FBCF Construção Civil Dessazonalizado,152.956458584301
2026-10-09,2010-07-01,GAC12_INDFBCFDESSAZ12,FBCF Geral Dessazonalizado,172.314318832577
2026-10-09,2010-08-01,GAC12_INDFBCF12,FBCF Índice Geral,184.977296904277
2026-10-09,2010-08-01,GAC12_INDFBCFCC12,FBCF Construção Civil,163.116062302163
2026-10-09,2010-08-01,GAC12_INDFBCFCCDESSAZ12,FBCF Construção Civil Dessazonalizado,153.572030319411
2026-10-09,2010-08-01,GAC12_INDFBCFDESSAZ12,FBCF Geral Dessazonalizado,173.690875774461
2026-10-09,2010-09-01,GAC12_INDFBCF12,FBCF Índice Geral,185.598099192783
2026-10-09,2010-09-01,GAC12_INDFBCFCC12,FBCF Construção Civil,161.24396179657
2026-10-09,2010-09-01,GAC12_INDFBCFCCDESSAZ12,FBCF Construção Civil Dessazonalizado,154.142877441302
2026-10-09,2010-09-01,GAC12_INDFBCFDESSAZ12,FBCF Geral Dessazonalizado,177.374805392961
2026-10-09,2010-10-01,GAC12_INDFBCF12,FBCF Índice Geral,178.892030320912
2026-10-09,2010-10-01,GAC12_INDFBCFCC12,FBCF Construção Civil,160.890119298332
2026-10-09,2010-10-01,GAC12_INDFBCFCCDESSAZ12,FBCF Construção Civil Dessazonalizado,154.673798679139
2026-10-09,2010-10-01,GAC12_INDFBCFDESSAZ12,FBCF Geral Dessazonalizado,173.489012807648
2026-10-09,2010-11-01,GAC12_INDFBCF12,FBCF Índice Geral,182.191133727131
2026-10-09,2010-11-01,GAC12_INDFBCFCC12,FBCF Construção Civil,162.168262975593
2026-10-09,2010-11-01,GAC12_INDFBCFCCDESSAZ12,FBCF Construção Civil Dessazonalizado,157.834819273802
2026-10-09,2010-11-01,GAC12_INDFBCFDESSAZ12,FBCF Geral Dessazonalizado,176.149019386001
2026-10-09,2010-12-01,GAC12_INDFBCF12,FBCF Índice Geral,171.536835951956
2026-10-09,2010-12-01,GAC12_INDFBCFCC12,FBCF Construção Civil,152.914114345295
2026-10-09,2010-12-01,GAC12_INDFBCFCCDESSAZ12,FBCF Construção Civil Dessazonalizado,159.273824498902
2026-10-09,2010-12-01,GAC12_INDFBCFDESSAZ12,FBCF Geral Dessazonalizado,177.28196780635
2026-10-09,2011-01-01,GAC12_INDFBCF12,FBCF Índice Geral,163.140298158475
2026-10-09,2011-01-01,GAC12_INDFBCFCC12,FBCF Construção Civil,148.617390245855
2026-10-09,2011-01-01,GAC12_INDFBCFCCDESSAZ12,FBCF Construção Civil Dessazonalizado,158.012970679853
2026-10-09,2011-01-01,GAC12_INDFBCFDESSAZ12,FBCF Geral Dessazonalizado,176.296719915092
2026-10-09,2011-02-01,GAC12_INDFBCF12,FBCF Índice Geral,173.621306979354
2026-10-09,2011-02-01,GAC12_INDFBCFCC12,FBCF Construção Civil,154.461537499738
2026-10-09,2011-02-01,GAC12_INDFBCFCCDESSAZ12,FBCF Construção Civil Dessazonalizado,163.057466338701
2026-10-09,2011-02-01,GAC12_INDFBCFDESSAZ12,FBCF Geral Dessazonalizado,180.983303503126
2026-10-09,2011-03-01,GAC12_INDFBCF12,FBCF Índice Geral,181.36839486217
2026-10-09,2011-03-01,GAC12_INDFBCFCC12,FBCF Construção Civil,162.099586467051
2026-10-09,2011-03-01,GAC12_INDFBCFCCDESSAZ12,FBCF Construção Civil Dessazonalizado,162.264592807801
2026-10-09,2011-03-01,GAC12_INDFBCFDESSAZ12,FBCF Geral Dessazonalizado,181.909976581782
2026-10-09,2011-04-01,GAC12_INDFBCF12,FBCF Índice Geral,170.012043135597
2026-10-09,2011-04-01,GAC12_INDFBCFCC12,FBCF Construção Civil,153.579298853305
2026-10-09,2011-04-01,GAC12_INDFBCFCCDESSAZ12,FBCF Construção Civil Dessazonalizado,162.587220832461
2026-10-09,2011-04-01,GAC12_INDFBCFDESSAZ12,FBCF Geral Dessazonalizado,180.368236844892
2026-10-09,2011-05-01,GAC12_INDFBCF12,FBCF Índice Geral,189.708271713848
2026-10-09,2011-05-01,GAC12_INDFBCFCC12,FBCF Construção Civil,170.591331179833
2026-10-09,2011-05-01,GAC12_INDFBCFCCDESSAZ12,FBCF Construção Civil Dessazonalizado,167.857775386963
2026-10-09,2011-05-01,GAC12_INDFBCFDESSAZ12,FBCF Geral Dessazonalizado,186.05167884926
2026-10-09,2011-06-01,GAC12_INDFBCF12,FBCF Índice Geral,181.569685150555
2026-10-09,2011-06-01,GAC12_INDFBCFCC12,FBCF Construção Civil,168.428184721551
2026-10-09,2011-06-01,GAC12_INDFBCFCCDESSAZ12,FBCF Construção Civil Dessazonalizado,167.83507955928
2026-10-09,2011-06-01,GAC12_INDFBCFDESSAZ12,FBCF Geral Dessazonalizado,182.640084305847
2026-10-09,2011-07-01,GAC12_INDFBCF12,FBCF Índice Geral,188.847912276277
2026-10-09,2011-07-01,GAC12_INDFBCFCC12,FBCF Construção Civil,171.647151190773
2026-10-09,2011-07-01,GAC12_INDFBCFCCDESSAZ12,FBCF Construção Civil Dessazonalizado,169.638930016721
2026-10-09,2011-07-01,GAC12_INDFBCFDESSAZ12,FBCF Geral Dessazonalizado,189.412389409423
2026-10-09,2011-08-01,GAC12_INDFBCF12,FBCF Índice Geral,200.354184881876
2026-10-09,2011-08-01,GAC12_INDFBCFCC12,FBCF Construção Civil,178.780626572279
2026-10-09,2011-08-01,GAC12_INDFBCFCCDESSAZ12,FBCF Construção Civil Dessazonalizado,168.064032380471
2026-10-09,2011-08-01,GAC12_INDFBCFDESSAZ12,FBCF Geral Dessazonalizado,186.02703876082
2026-10-09,2011-09-01,GAC12_INDFBCF12,FBCF Índice Geral,188.957902841847
2026-10-09,2011-09-01,GAC12_INDFBCFCC12,FBCF Construção Civil,175.070892663759
2026-10-09,2011-09-01,GAC12_INDFBCFCCDESSAZ12,FBCF Construção Civil Dessazonalizado,167.80265019439
2026-10-09,2011-09-01,GAC12_INDFBCFDESSAZ12,FBCF Geral Dessazonalizado,180.070571829757
2026-10-09,2011-10-01,GAC12_INDFBCF12,FBCF Índice Geral,185.637848052147
2026-10-09,2011-10-01,GAC12_INDFBCFCC12,FBCF Construção Civil,170.784048606692
2026-10-09,2011-10-01,GAC12_INDFBCFCCDESSAZ12,FBCF Construção Civil Dessazonalizado,163.388239361889
2026-10-09,2011-10-01,GAC12_INDFBCFDESSAZ12,FBCF Geral Dessazonalizado,178.696762667295
2026-10-09,2011-11-01,GAC12_INDFBCF12,FBCF Índice Geral,190.312391962685
2026-10-09,2011-11-01,GAC12_INDFBCFCC12,FBCF Construção Civil,168.988117697269
2026-10-09,2011-11-01,GAC12_INDFBCFCCDESSAZ12,FBCF Construção Civil Dessazonalizado,163.785021289818
2026-10-09,2011-11-01,GAC12_INDFBCFDESSAZ12,FBCF Geral Dessazonalizado,183.036072869433
2026-10-09,2011-12-01,GAC12_INDFBCF12,FBCF Índice Geral,185.769759985167
2026-10-09,2011-12-01,GAC12_INDFBCFCC12,FBCF Construção Civil,163.634153301569
2026-10-09,2011-12-01,GAC12_INDFBCFCCDESSAZ12,FBCF Construção Civil Dessazonalizado,173.092933525951
2026-10-09,2011-12-01,GAC12_INDFBCFDESSAZ12,FBCF Geral Dessazonalizado,194.587164463272
2026-10-09,2012-01-01,GAC12_INDFBCF12,FBCF Índice Geral,168.531606598685
2026-10-09,2012-01-01,GAC12_INDFBCFCC12,FBCF Construção Civil,163.577513422846
2026-10-09,2012-01-01,GAC12_INDFBCFCCDESSAZ12,FBCF Construção Civil Dessazonalizado,174.09098813413
2026-10-09,2012-01-01,GAC12_INDFBCFDESSAZ12,FBCF Geral Dessazonalizado,180.00691945264
2026-10-09,2012-02-01,GAC12_INDFBCF12,FBCF Índice Geral,174.061732374822
2026-10-09,2012-02-01,GAC12_INDFBCFCC12,FBCF Construção Civil,166.39294004796
2026-10-09,2012-02-01,GAC12_INDFBCFCCDESSAZ12,FBCF Construção Civil Dessazonalizado,175.184383360891
2026-10-09,2012-02-01,GAC12_INDFBCFDESSAZ12,FBCF Geral Dessazonalizado,186.226698222693
2026-10-09,2012-03-01,GAC12_INDFBCF12,FBCF Índice Geral,191.796661026493
2026-10-09,2012-03-01,GAC12_INDFBCFCC12,FBCF Construção Civil,177.52112272215
2026-10-09,2012-03-01,GAC12_INDFBCFCCDESSAZ12,FBCF Construção Civil Dessazonalizado,176.435688428157
2026-10-09,2012-03-01,GAC12_INDFBCFDESSAZ12,FBCF Geral Dessazonalizado,187.326382324667
2026-10-09,2012-04-01,GAC12_INDFBCF12,FBCF Índice Geral,173.870637098285
2026-10-09,2012-04-01,GAC12_INDFBCFCC12,FBCF Construção Civil,162.406704178029
2026-10-09,2012-04-01,GAC12_INDFBCFCCDESSAZ12,FBCF Construção Civil Dessazonalizado,172.378563974465
2026-10-09,2012-04-01,GAC12_INDFBCFDESSAZ12,FBCF Geral Dessazonalizado,184.470560927678
2026-10-09,2012-05-01,GAC12_INDFBCF12,FBCF Índice Geral,193.850407123597
2026-10-09,2012-05-01,GAC12_INDFBCFCC12,FBCF Construção Civil,177.678145847232
2026-10-09,2012-05-01,GAC12_INDFBCFCCDESSAZ12,FBCF Construção Civil Dessazonalizado,172.860082756809
2026-10-09,2012-05-01,GAC12_INDFBCFDESSAZ12,FBCF Geral Dessazonalizado,187.062653525393
2026-10-09,2012-06-01,GAC12_INDFBCF12,FBCF Índice Geral,179.598955778118
2026-10-09,2012-06-01,GAC12_INDFBCFCC12,FBCF Construção Civil,169.157921474192
2026-10-09,2012-06-01,GAC12_INDFBCFCCDESSAZ12,FBCF Construção Civil Dessazonalizado,169.008246309096
2026-10-09,2012-06-01,GAC12_INDFBCFDESSAZ12,FBCF Geral Dessazonalizado,182.926785546929
2026-10-09,2012-07-01,GAC12_INDFBCF12,FBCF Índice Geral,186.623639151527
2026-10-09,2012-07-01,GAC12_INDFBCFCC12,FBCF Construção Civil,173.514433297678
2026-10-09,2012-07-01,GAC12_INDFBCFCCDESSAZ12,FBCF Construção Civil Dessazonalizado,169.406772449693
2026-10-09,2012-07-01,GAC12_INDFBCFDESSAZ12,FBCF Geral Dessazonalizado,183.663045957048
2026-10-09,2012-08-01,GAC12_INDFBCF12,FBCF Índice Geral,201.378757352936
2026-10-09,2012-08-01,GAC12_INDFBCFCC12,FBCF Construção Civil,188.659772065203
2026-10-09,2012-08-01,GAC12_INDFBCFCCDESSAZ12,FBCF Construção Civil Dessazonalizado,176.908399925817
2026-10-09,2012-08-01,GAC12_INDFBCFDESSAZ12,FBCF Geral Dessazonalizado,186.963732166561
2026-10-09,2012-09-01,GAC12_INDFBCF12,FBCF Índice Geral,181.577603495537
2026-10-09,2012-09-01,GAC12_INDFBCFCC12,FBCF Construção Civil,170.614437044834
2026-10-09,2012-09-01,GAC12_INDFBCFCCDESSAZ12,FBCF Construção Civil Dessazonalizado,166.701813852605
2026-10-09,2012-09-01,GAC12_INDFBCFDESSAZ12,FBCF Geral Dessazonalizado,179.003221876392
2026-10-09,2012-10-01,GAC12_INDFBCF12,FBCF Índice Geral,198.540346201733
2026-10-09,2012-10-01,GAC12_INDFBCFCC12,FBCF Construção Civil,182.329180612161
2026-10-09,2012-10-01,GAC12_INDFBCFCCDESSAZ12,FBCF Construção Civil Dessazonalizado,172.989378776847
2026-10-09,2012-10-01,GAC12_INDFBCFDESSAZ12,FBCF Geral Dessazonalizado,187.084932747003
2026-10-09,2012-11-01,GAC12_INDFBCF12,FBCF Índice Geral,188.805614934927
2026-10-09,2012-11-01,GAC12_INDFBCFCC12,FBCF Construção Civil,176.48506803481
2026-10-09,2012-11-01,GAC12_INDFBCFCCDESSAZ12,FBCF Construção Civil Dessazonalizado,172.991041707779
2026-10-09,2012-11-01,GAC12_INDFBCFDESSAZ12,FBCF Geral Dessazonalizado,184.373783775825
2026-10-09,2012-12-01,GAC12_INDFBCF12,FBCF Índice Geral,177.764038863338
2026-10-09,2012-12-01,GAC12_INDFBCFCC12,FBCF Construção Civil,157.775030913464
2026-10-09,2012-12-01,GAC12_INDFBCFCCDESSAZ12,FBCF Construção Civil Dessazonalizado,168.918754502253
2026-10-09,2012-12-01,GAC12_INDFBCFDESSAZ12,FBCF Geral Dessazonalizado,189.181283477171
2026-10-09,2013-01-01,GAC12_INDFBCF12,FBCF Índice Geral,183.429492134496
2026-10-09,2013-01-01,GAC12_INDFBCFCC12,FBCF Construção Civil,168.438754698035
2026-10-09,2013-01-01,GAC12_INDFBCFCCDESSAZ12,FBCF Construção Civil Dessazonalizado,173.013303730455
2026-10-09,2013-01-01,GAC12_INDFBCFDESSAZ12,FBCF Geral Dessazonalizado,187.524387023025
2026-10-09,2013-02-01,GAC12_INDFBCF12,FBCF Índice Geral,177.461587492628
2026-10-09,2013-02-01,GAC12_INDFBCFCC12,FBCF Construção Civil,163.239002084012
2026-10-09,2013-02-01,GAC12_INDFBCFCCDESSAZ12,FBCF Construção Civil Dessazonalizado,171.842979326572
2026-10-09,2013-02-01,GAC12_INDFBCFDESSAZ12,FBCF Geral Dessazonalizado,191.09091465093
2026-10-09,2013-03-01,GAC12_INDFBCF12,FBCF Índice Geral,189.278920372877
2026-10-09,2013-03-01,GAC12_INDFBCFCC12,FBCF Construção Civil,174.121595005286
2026-10-09,2013-03-01,GAC12_INDFBCFCCDESSAZ12,FBCF Construção Civil Dessazonalizado,172.188022397419
2026-10-09,2013-03-01,GAC12_INDFBCFDESSAZ12,FBCF Geral Dessazonalizado,188.504698326045
2026-10-09,2013-04-01,GAC12_INDFBCF12,FBCF Índice Geral,202.076725659309
2026-10-09,2013-04-01,GAC12_INDFBCFCC12,FBCF Construção Civil,182.275688625038
2026-10-09,2013-04-01,GAC12_INDFBCFCCDESSAZ12,FBCF Construção Civil Dessazonalizado,187.267226453718
2026-10-09,2013-04-01,GAC12_INDFBCFDESSAZ12,FBCF Geral Dessazonalizado,203.599455914604
2026-10-09,2013-05-01,GAC12_INDFBCF12,FBCF Índice Geral,200.364191062677
2026-10-09,2013-05-01,GAC12_INDFBCFCC12,FBCF Construção Civil,182.590140443339
2026-10-09,2013-05-01,GAC12_INDFBCFCCDESSAZ12,FBCF Construção Civil Dessazonalizado,179.026656106669
2026-10-09,2013-05-01,GAC12_INDFBCFDESSAZ12,FBCF Geral Dessazonalizado,195.650895228294
2026-10-09,2013-06-01,GAC12_INDFBCF12,FBCF Índice Geral,191.349083278014
2026-10-09,2013-06-01,GAC12_INDFBCFCC12,FBCF Construção Civil,176.040742159973
2026-10-09,2013-06-01,GAC12_INDFBCFCCDESSAZ12,FBCF Construção Civil Dessazonalizado,179.707459914436
2026-10-09,2013-06-01,GAC12_INDFBCFDESSAZ12,FBCF Geral Dessazonalizado,201.499648857101
2026-10-09,2013-07-01,GAC12_INDFBCF12,FBCF Índice Geral,199.863385727822
2026-10-09,2013-07-01,GAC12_INDFBCFCC12,FBCF Construção Civil,182.695222629206
2026-10-09,2013-07-01,GAC12_INDFBCFCCDESSAZ12,FBCF Construção Civil Dessazonalizado,179.271854315123
2026-10-09,2013-07-01,GAC12_INDFBCFDESSAZ12,FBCF Geral Dessazonalizado,195.814871618164
2026-10-09,2013-08-01,GAC12_INDFBCF12,FBCF Índice Geral,206.96643687746
2026-10-09,2013-08-01,GAC12_INDFBCFCC12,FBCF Construção Civil,187.197068080649
2026-10-09,2013-08-01,GAC12_INDFBCFCCDESSAZ12,FBCF Construção Civil Dessazonalizado,178.77163097874
2026-10-09,2013-08-01,GAC12_INDFBCFDESSAZ12,FBCF Geral Dessazonalizado,197.117167800831
2026-10-09,2013-09-01,GAC12_INDFBCF12,FBCF Índice Geral,204.600177394717
2026-10-09,2013-09-01,GAC12_INDFBCFCC12,FBCF Construção Civil,185.609843936006
2026-10-09,2013-09-01,GAC12_INDFBCFCCDESSAZ12,FBCF Construção Civil Dessazonalizado,181.032312818734
2026-10-09,2013-09-01,GAC12_INDFBCFDESSAZ12,FBCF Geral Dessazonalizado,199.387960581006
2026-10-09,2013-10-01,GAC12_INDFBCF12,FBCF Índice Geral,211.4597822022
2026-10-09,2013-10-01,GAC12_INDFBCFCC12,FBCF Construção Civil,192.812116313993
2026-10-09,2013-10-01,GAC12_INDFBCFCCDESSAZ12,FBCF Construção Civil Dessazonalizado,182.905972483487
2026-10-09,2013-10-01,GAC12_INDFBCFDESSAZ12,FBCF Geral Dessazonalizado,198.93483271694
2026-10-09,2013-11-01,GAC12_INDFBCF12,FBCF Índice Geral,198.53978704691
2026-10-09,2013-11-01,GAC12_INDFBCFCC12,FBCF Construção Civil,187.006753494382
2026-10-09,2013-11-01,GAC12_INDFBCFCCDESSAZ12,FBCF Construção Civil Dessazonalizado,185.388153133875
2026-10-09,2013-11-01,GAC12_INDFBCFDESSAZ12,FBCF Geral Dessazonalizado,197.903481407656
2026-10-09,2013-12-01,GAC12_INDFBCF12,FBCF Índice Geral,180.190430750888
2026-10-09,2013-12-01,GAC12_INDFBCFCC12,FBCF Construção Civil,170.958443976029
2026-10-09,2013-12-01,GAC12_INDFBCFCCDESSAZ12,FBCF Construção Civil Dessazonalizado,183.395901149411
2026-10-09,2013-12-01,GAC12_INDFBCFDESSAZ12,FBCF Geral Dessazonalizado,189.451685875403
2026-10-09,2014-01-01,GAC12_INDFBCF12,FBCF Índice Geral,193.552538268079
2026-10-09,2014-01-01,GAC12_INDFBCFCC12,FBCF Construção Civil,175.460286088325
2026-10-09,2014-01-01,GAC12_INDFBCFCCDESSAZ12,FBCF Construção Civil Dessazonalizado,181.948766785923
2026-10-09,2014-01-01,GAC12_INDFBCFDESSAZ12,FBCF Geral Dessazonalizado,198.712517953339
2026-10-09,2014-02-01,GAC12_INDFBCF12,FBCF Índice Geral,188.882721171162
2026-10-09,2014-02-01,GAC12_INDFBCFCC12,FBCF Construção Civil,175.515474378491
2026-10-09,2014-02-01,GAC12_INDFBCFCCDESSAZ12,FBCF Construção Civil Dessazonalizado,181.346230520048
2026-10-09,2014-02-01,GAC12_INDFBCFDESSAZ12,FBCF Geral Dessazonalizado,194.559461650049
2026-10-09,2014-03-01,GAC12_INDFBCF12,FBCF Índice Geral,190.654740560759
2026-10-09,2014-03-01,GAC12_INDFBCFCC12,FBCF Construção Civil,181.161724845902
2026-10-09,2014-03-01,GAC12_INDFBCFCCDESSAZ12,FBCF Construção Civil Dessazonalizado,181.743613539614
2026-10-09,2014-03-01,GAC12_INDFBCFDESSAZ12,FBCF Geral Dessazonalizado,195.028020396612
2026-10-09,2014-04-01,GAC12_INDFBCF12,FBCF Índice Geral,189.185005216269
2026-10-09,2014-04-01,GAC12_INDFBCFCC12,FBCF Construção Civil,177.264178299399
2026-10-09,2014-04-01,GAC12_INDFBCFCCDESSAZ12,FBCF Construção Civil Dessazonalizado,183.450623388112
2026-10-09,2014-04-01,GAC12_INDFBCFDESSAZ12,FBCF Geral Dessazonalizado,194.868613131133
2026-10-09,2014-05-01,GAC12_INDFBCF12,FBCF Índice Geral,191.719993102526
2026-10-09,2014-05-01,GAC12_INDFBCFCC12,FBCF Construção Civil,176.910319472935
2026-10-09,2014-05-01,GAC12_INDFBCFCCDESSAZ12,FBCF Construção Civil Dessazonalizado,173.464265711396
2026-10-09,2014-05-01,GAC12_INDFBCFDESSAZ12,FBCF Geral Dessazonalizado,188.951411324571
2026-10-09,2014-06-01,GAC12_INDFBCF12,FBCF Índice Geral,174.905001681205
2026-10-09,2014-06-01,GAC12_INDFBCFCC12,FBCF Construção Civil,165.195818865913
2026-10-09,2014-06-01,GAC12_INDFBCFCCDESSAZ12,FBCF Construção Civil Dessazonalizado,165.445100827755
2026-10-09,2014-06-01,GAC12_INDFBCFDESSAZ12,FBCF Geral Dessazonalizado,178.589975544296
2026-10-09,2014-07-01,GAC12_INDFBCF12,FBCF Índice Geral,184.451309293197
2026-10-09,2014-07-01,GAC12_INDFBCFCC12,FBCF Construção Civil,171.170513877444
2026-10-09,2014-07-01,GAC12_INDFBCFCCDESSAZ12,FBCF Construção Civil Dessazonalizado,167.839017404355
2026-10-09,2014-07-01,GAC12_INDFBCFDESSAZ12,FBCF Geral Dessazonalizado,180.440885308122
2026-10-09,2014-08-01,GAC12_INDFBCF12,FBCF Índice Geral,185.82348937665
2026-10-09,2014-08-01,GAC12_INDFBCFCC12,FBCF Construção Civil,175.064455174557
2026-10-09,2014-08-01,GAC12_INDFBCFCCDESSAZ12,FBCF Construção Civil Dessazonalizado,169.109579027344
2026-10-09,2014-08-01,GAC12_INDFBCFDESSAZ12,FBCF Geral Dessazonalizado,180.538753717196
2026-10-09,2014-09-01,GAC12_INDFBCF12,FBCF Índice Geral,195.615201330154
2026-10-09,2014-09-01,GAC12_INDFBCFCC12,FBCF Construção Civil,177.766240817352
2026-10-09,2014-09-01,GAC12_INDFBCFCCDESSAZ12,FBCF Construção Civil Dessazonalizado,172.822946255958
2026-10-09,2014-09-01,GAC12_INDFBCFDESSAZ12,FBCF Geral Dessazonalizado,188.290360974682
2026-10-09,2014-10-01,GAC12_INDFBCF12,FBCF Índice Geral,198.971525371647
2026-10-09,2014-10-01,GAC12_INDFBCFCC12,FBCF Construção Civil,181.041536591458
2026-10-09,2014-10-01,GAC12_INDFBCFCCDESSAZ12,FBCF Construção Civil Dessazonalizado,171.458591467097
2026-10-09,2014-10-01,GAC12_INDFBCFDESSAZ12,FBCF Geral Dessazonalizado,186.757323556838
2026-10-09,2014-11-01,GAC12_INDFBCF12,FBCF Índice Geral,184.189736045586
2026-10-09,2014-11-01,GAC12_INDFBCFCC12,FBCF Construção Civil,169.611288921281
2026-10-09,2014-11-01,GAC12_INDFBCFCCDESSAZ12,FBCF Construção Civil Dessazonalizado,169.444958141699
2026-10-09,2014-11-01,GAC12_INDFBCFDESSAZ12,FBCF Geral Dessazonalizado,187.097617548384
2026-10-09,2014-12-01,GAC12_INDFBCF12,FBCF Índice Geral,168.538738582766
2026-10-09,2014-12-01,GAC12_INDFBCFCC12,FBCF Construção Civil,158.528175154962
2026-10-09,2014-12-01,GAC12_INDFBCFCCDESSAZ12,FBCF Construção Civil Dessazonalizado,168.230998594554
2026-10-09,2014-12-01,GAC12_INDFBCFDESSAZ12,FBCF Geral Dessazonalizado,174.395058894777
2026-10-09,2015-01-01,GAC12_INDFBCF12,FBCF Índice Geral,173.798238933696
2026-10-09,2015-01-01,GAC12_INDFBCFCC12,FBCF Construção Civil,160.500787996216
2026-10-09,2015-01-01,GAC12_INDFBCFCCDESSAZ12,FBCF Construção Civil Dessazonalizado,167.667121007786
2026-10-09,2015-01-01,GAC12_INDFBCFDESSAZ12,FBCF Geral Dessazonalizado,180.385223439171
2026-10-09,2015-02-01,GAC12_INDFBCF12,FBCF Índice Geral,162.12633511195
2026-10-09,2015-02-01,GAC12_INDFBCFCC12,FBCF Construção Civil,155.730480456184
2026-10-09,2015-02-01,GAC12_INDFBCFCCDESSAZ12,FBCF Construção Civil Dessazonalizado,164.298689752702
2026-10-09,2015-02-01,GAC12_INDFBCFDESSAZ12,FBCF Geral Dessazonalizado,175.527092697134
2026-10-09,2015-03-01,GAC12_INDFBCF12,FBCF Índice Geral,183.075425954354
2026-10-09,2015-03-01,GAC12_INDFBCFCC12,FBCF Construção Civil,172.954490355364
2026-10-09,2015-03-01,GAC12_INDFBCFCCDESSAZ12,FBCF Construção Civil Dessazonalizado,167.696604928774
2026-10-09,2015-03-01,GAC12_INDFBCFDESSAZ12,FBCF Geral Dessazonalizado,175.597683863694
2026-10-09,2015-04-01,GAC12_INDFBCF12,FBCF Índice Geral,164.765066825491
2026-10-09,2015-04-01,GAC12_INDFBCFCC12,FBCF Construção Civil,157.357210557904
2026-10-09,2015-04-01,GAC12_INDFBCFCCDESSAZ12,FBCF Construção Civil Dessazonalizado,162.333806349367
2026-10-09,2015-04-01,GAC12_INDFBCFDESSAZ12,FBCF Geral Dessazonalizado,170.140161624102
2026-10-09,2015-05-01,GAC12_INDFBCF12,FBCF Índice Geral,164.46666254176
2026-10-09,2015-05-01,GAC12_INDFBCFCC12,FBCF Construção Civil,158.39392372172
2026-10-09,2015-05-01,GAC12_INDFBCFCCDESSAZ12,FBCF Construção Civil Dessazonalizado,157.205353681852
2026-10-09,2015-05-01,GAC12_INDFBCFDESSAZ12,FBCF Geral Dessazonalizado,165.618577066003
2026-10-09,2015-06-01,GAC12_INDFBCF12,FBCF Índice Geral,158.448270632748
2026-10-09,2015-06-01,GAC12_INDFBCFCC12,FBCF Construção Civil,157.248037446717
2026-10-09,2015-06-01,GAC12_INDFBCFCCDESSAZ12,FBCF Construção Civil Dessazonalizado,156.119198625584
2026-10-09,2015-06-01,GAC12_INDFBCFDESSAZ12,FBCF Geral Dessazonalizado,158.791261309895
2026-10-09,2015-07-01,GAC12_INDFBCF12,FBCF Índice Geral,165.839312585857
2026-10-09,2015-07-01,GAC12_INDFBCFCC12,FBCF Construção Civil,156.269693099813
2026-10-09,2015-07-01,GAC12_INDFBCFCCDESSAZ12,FBCF Construção Civil Dessazonalizado,152.798151040996
2026-10-09,2015-07-01,GAC12_INDFBCFDESSAZ12,FBCF Geral Dessazonalizado,161.689870273794
2026-10-09,2015-08-01,GAC12_INDFBCF12,FBCF Índice Geral,160.91292057901
2026-10-09,2015-08-01,GAC12_INDFBCFCC12,FBCF Construção Civil,156.157500304377
2026-10-09,2015-08-01,GAC12_INDFBCFCCDESSAZ12,FBCF Construção Civil Dessazonalizado,150.629409858372
2026-10-09,2015-08-01,GAC12_INDFBCFDESSAZ12,FBCF Geral Dessazonalizado,156.015251164874
2026-10-09,2015-09-01,GAC12_INDFBCF12,FBCF Índice Geral,154.717766835132
2026-10-09,2015-09-01,GAC12_INDFBCFCC12,FBCF Construção Civil,151.808314158878
2026-10-09,2015-09-01,GAC12_INDFBCFCCDESSAZ12,FBCF Construção Civil Dessazonalizado,147.769459254049
2026-10-09,2015-09-01,GAC12_INDFBCFDESSAZ12,FBCF Geral Dessazonalizado,149.124878561333
2026-10-09,2015-10-01,GAC12_INDFBCF12,FBCF Índice Geral,160.080860992803
2026-10-09,2015-10-01,GAC12_INDFBCFCC12,FBCF Construção Civil,158.629682100335
2026-10-09,2015-10-01,GAC12_INDFBCFCCDESSAZ12,FBCF Construção Civil Dessazonalizado,152.074704811015
2026-10-09,2015-10-01,GAC12_INDFBCFDESSAZ12,FBCF Geral Dessazonalizado,153.06712390088
2026-10-09,2015-11-01,GAC12_INDFBCF12,FBCF Índice Geral,152.369972297463
2026-10-09,2015-11-01,GAC12_INDFBCFCC12,FBCF Construção Civil,151.151675712598
2026-10-09,2015-11-01,GAC12_INDFBCFCCDESSAZ12,FBCF Construção Civil Dessazonalizado,150.669290428477
2026-10-09,2015-11-01,GAC12_INDFBCFDESSAZ12,FBCF Geral Dessazonalizado,152.848301118547
2026-10-09,2015-12-01,GAC12_INDFBCF12,FBCF Índice Geral,132.569166709734
2026-10-09,2015-12-01,GAC12_INDFBCFCC12,FBCF Construção Civil,137.880233631729
2026-10-09,2015-12-01,GAC12_INDFBCFCCDESSAZ12,FBCF Construção Civil Dessazonalizado,146.536139176577
2026-10-09,2015-12-01,GAC12_INDFBCFDESSAZ12,FBCF Geral Dessazonalizado,136.134574980573
2026-10-09,2016-01-01,GAC12_INDFBCF12,FBCF Índice Geral,139.469944669329
2026-10-09,2016-01-01,GAC12_INDFBCFCC12,FBCF Construção Civil,138.155107216962
2026-10-09,2016-01-01,GAC12_INDFBCFCCDESSAZ12,FBCF Construção Civil Dessazonalizado,146.315691898407
2026-10-09,2016-01-01,GAC12_INDFBCFDESSAZ12,FBCF Geral Dessazonalizado,146.995477815078
2026-10-09,2016-02-01,GAC12_INDFBCF12,FBCF Índice Geral,135.478166519302
2026-10-09,2016-02-01,GAC12_INDFBCFCC12,FBCF Construção Civil,141.95992242145
2026-10-09,2016-02-01,GAC12_INDFBCFCCDESSAZ12,FBCF Construção Civil Dessazonalizado,144.666689825726
2026-10-09,2016-02-01,GAC12_INDFBCFDESSAZ12,FBCF Geral Dessazonalizado,141.270967834567
2026-10-09,2016-03-01,GAC12_INDFBCF12,FBCF Índice Geral,146.791888811369
2026-10-09,2016-03-01,GAC12_INDFBCFCC12,FBCF Construção Civil,144.753189133757
2026-10-09,2016-03-01,GAC12_INDFBCFCCDESSAZ12,FBCF Construção Civil Dessazonalizado,142.701196742942
2026-10-09,2016-03-01,GAC12_INDFBCFDESSAZ12,FBCF Geral Dessazonalizado,143.733554350356
2026-10-09,2016-04-01,GAC12_INDFBCF12,FBCF Índice Geral,136.975716287312
2026-10-09,2016-04-01,GAC12_INDFBCFCC12,FBCF Construção Civil,137.457238396967
2026-10-09,2016-04-01,GAC12_INDFBCFCCDESSAZ12,FBCF Construção Civil Dessazonalizado,141.864213355151
2026-10-09,2016-04-01,GAC12_INDFBCFDESSAZ12,FBCF Geral Dessazonalizado,141.261238511333
2026-10-09,2016-05-01,GAC12_INDFBCF12,FBCF Índice Geral,141.079435818518
2026-10-09,2016-05-01,GAC12_INDFBCFCC12,FBCF Construção Civil,145.635712895002
2026-10-09,2016-05-01,GAC12_INDFBCFCCDESSAZ12,FBCF Construção Civil Dessazonalizado,145.842676405368
2026-10-09,2016-05-01,GAC12_INDFBCFDESSAZ12,FBCF Geral Dessazonalizado,141.958869074131
2026-10-09,2016-06-01,GAC12_INDFBCF12,FBCF Índice Geral,157.42484789417
2026-10-09,2016-06-01,GAC12_INDFBCFCC12,FBCF Construção Civil,142.023609524525
2026-10-09,2016-06-01,GAC12_INDFBCFCCDESSAZ12,FBCF Construção Civil Dessazonalizado,142.873859863996
2026-10-09,2016-06-01,GAC12_INDFBCFDESSAZ12,FBCF Geral Dessazonalizado,159.579892414536
2026-10-09,2016-07-01,GAC12_INDFBCF12,FBCF Índice Geral,140.318632788546
2026-10-09,2016-07-01,GAC12_INDFBCFCC12,FBCF Construção Civil,139.197318820904
2026-10-09,2016-07-01,GAC12_INDFBCFCCDESSAZ12,FBCF Construção Civil Dessazonalizado,138.522620812841
2026-10-09,2016-07-01,GAC12_INDFBCFDESSAZ12,FBCF Geral Dessazonalizado,141.07260020485
2026-10-09,2016-08-01,GAC12_INDFBCF12,FBCF Índice Geral,146.952679797065
2026-10-09,2016-08-01,GAC12_INDFBCFCC12,FBCF Construção Civil,145.247828936351
2026-10-09,2016-08-01,GAC12_INDFBCFCCDESSAZ12,FBCF Construção Civil Dessazonalizado,137.577855504849
2026-10-09,2016-08-01,GAC12_INDFBCFDESSAZ12,FBCF Geral Dessazonalizado,137.763429722129
2026-10-09,2016-09-01,GAC12_INDFBCF12,FBCF Índice Geral,143.198687414389
2026-10-09,2016-09-01,GAC12_INDFBCFCC12,FBCF Construção Civil,139.32025067388
2026-10-09,2016-09-01,GAC12_INDFBCFCCDESSAZ12,FBCF Construção Civil Dessazonalizado,134.727869022493
2026-10-09,2016-09-01,GAC12_INDFBCFDESSAZ12,FBCF Geral Dessazonalizado,137.11397007302
2026-10-09,2016-10-01,GAC12_INDFBCF12,FBCF Índice Geral,139.839708672315
2026-10-09,2016-10-01,GAC12_INDFBCFCC12,FBCF Construção Civil,134.774562603693
2026-10-09,2016-10-01,GAC12_INDFBCFCCDESSAZ12,FBCF Construção Civil Dessazonalizado,129.185825362063
2026-10-09,2016-10-01,GAC12_INDFBCFDESSAZ12,FBCF Geral Dessazonalizado,134.756478394782
2026-10-09,2016-11-01,GAC12_INDFBCF12,FBCF Índice Geral,137.30238271446
2026-10-09,2016-11-01,GAC12_INDFBCFCC12,FBCF Construção Civil,137.220035732775
2026-10-09,2016-11-01,GAC12_INDFBCFCCDESSAZ12,FBCF Construção Civil Dessazonalizado,134.35905818204
2026-10-09,2016-11-01,GAC12_INDFBCFDESSAZ12,FBCF Geral Dessazonalizado,134.731510634706
2026-10-09,2016-12-01,GAC12_INDFBCF12,FBCF Índice Geral,133.857908613225
2026-10-09,2016-12-01,GAC12_INDFBCFCC12,FBCF Construção Civil,125.913243865787
2026-10-09,2016-12-01,GAC12_INDFBCFCCDESSAZ12,FBCF Construção Civil Dessazonalizado,133.374734412358
2026-10-09,2016-12-01,GAC12_INDFBCFDESSAZ12,FBCF Geral Dessazonalizado,138.812010970512
2026-10-09,2017-01-01,GAC12_INDFBCF12,FBCF Índice Geral,129.653015034633
2026-10-09,2017-01-01,GAC12_INDFBCFCC12,FBCF Construção Civil,123.197743439229
2026-10-09,2017-01-01,GAC12_INDFBCFCCDESSAZ12,FBCF Construção Civil Dessazonalizado,129.661691387803
2026-10-09,2017-01-01,GAC12_INDFBCFDESSAZ12,FBCF Geral Dessazonalizado,134.82014098517
2026-10-09,2017-02-01,GAC12_INDFBCF12,FBCF Índice Geral,129.412822599963
2026-10-09,2017-02-01,GAC12_INDFBCFCC12,FBCF Construção Civil,126.607820647253
2026-10-09,2017-02-01,GAC12_INDFBCFCCDESSAZ12,FBCF Construção Civil Dessazonalizado,134.696286091505
2026-10-09,2017-02-01,GAC12_INDFBCFDESSAZ12,FBCF Geral Dessazonalizado,140.625954661099
2026-10-09,2017-03-01,GAC12_INDFBCF12,FBCF Índice Geral,140.354162365404
2026-10-09,2017-03-01,GAC12_INDFBCFCC12,FBCF Construção Civil,130.834842075179
2026-10-09,2017-03-01,GAC12_INDFBCFCCDESSAZ12,FBCF Construção Civil Dessazonalizado,127.490612262277
2026-10-09,2017-03-01,GAC12_INDFBCFDESSAZ12,FBCF Geral Dessazonalizado,134.353904353731
2026-10-09,2017-04-01,GAC12_INDFBCF12,FBCF Índice Geral,125.783445017594
2026-10-09,2017-04-01,GAC12_INDFBCFCC12,FBCF Construção Civil,120.619310176031
2026-10-09,2017-04-01,GAC12_INDFBCFCCDESSAZ12,FBCF Construção Civil Dessazonalizado,126.463444604579
2026-10-09,2017-04-01,GAC12_INDFBCFDESSAZ12,FBCF Geral Dessazonalizado,134.790191922845
2026-10-09,2017-05-01,GAC12_INDFBCF12,FBCF Índice Geral,139.011989566496
2026-10-09,2017-05-01,GAC12_INDFBCFCC12,FBCF Construção Civil,127.831093689658
2026-10-09,2017-05-01,GAC12_INDFBCFCCDESSAZ12,FBCF Construção Civil Dessazonalizado,125.939433002252
2026-10-09,2017-05-01,GAC12_INDFBCFDESSAZ12,FBCF Geral Dessazonalizado,136.838670136906
2026-10-09,2017-06-01,GAC12_INDFBCF12,FBCF Índice Geral,137.384565415911
2026-10-09,2017-06-01,GAC12_INDFBCFCC12,FBCF Construção Civil,126.390499365431
2026-10-09,2017-06-01,GAC12_INDFBCFCCDESSAZ12,FBCF Construção Civil Dessazonalizado,126.42535087075
2026-10-09,2017-06-01,GAC12_INDFBCFDESSAZ12,FBCF Geral Dessazonalizado,137.871137940249
2026-10-09,2017-07-01,GAC12_INDFBCF12,FBCF Índice Geral,135.104948495608
2026-10-09,2017-07-01,GAC12_INDFBCFCC12,FBCF Construção Civil,127.060833635866
2026-10-09,2017-07-01,GAC12_INDFBCFCCDESSAZ12,FBCF Construção Civil Dessazonalizado,125.290216324104
2026-10-09,2017-07-01,GAC12_INDFBCFDESSAZ12,FBCF Geral Dessazonalizado,134.531295927386
2026-10-09,2017-08-01,GAC12_INDFBCF12,FBCF Índice Geral,147.773891879233
2026-10-09,2017-08-01,GAC12_INDFBCFCC12,FBCF Construção Civil,132.882238171491
2026-10-09,2017-08-01,GAC12_INDFBCFCCDESSAZ12,FBCF Construção Civil Dessazonalizado,125.460595329535
2026-10-09,2017-08-01,GAC12_INDFBCFDESSAZ12,FBCF Geral Dessazonalizado,137.518215347787
2026-10-09,2017-09-01,GAC12_INDFBCF12,FBCF Índice Geral,143.511159625158
2026-10-09,2017-09-01,GAC12_INDFBCFCC12,FBCF Construção Civil,128.135569576607
2026-10-09,2017-09-01,GAC12_INDFBCFCCDESSAZ12,FBCF Construção Civil Dessazonalizado,124.59692741125
2026-10-09,2017-09-01,GAC12_INDFBCFDESSAZ12,FBCF Geral Dessazonalizado,139.100488724827
2026-10-09,2017-10-01,GAC12_INDFBCF12,FBCF Índice Geral,147.754822550348
2026-10-09,2017-10-01,GAC12_INDFBCFCC12,FBCF Construção Civil,132.452422931217
2026-10-09,2017-10-01,GAC12_INDFBCFCCDESSAZ12,FBCF Construção Civil Dessazonalizado,125.945363982564
2026-10-09,2017-10-01,GAC12_INDFBCFDESSAZ12,FBCF Geral Dessazonalizado,140.507094326569
2026-10-09,2017-11-01,GAC12_INDFBCF12,FBCF Índice Geral,144.071432600409
2026-10-09,2017-11-01,GAC12_INDFBCFCC12,FBCF Construção Civil,129.062496452555
2026-10-09,2017-11-01,GAC12_INDFBCFCCDESSAZ12,FBCF Construção Civil Dessazonalizado,125.989958307755
2026-10-09,2017-11-01,GAC12_INDFBCFDESSAZ12,FBCF Geral Dessazonalizado,141.433217597779
2026-10-09,2017-12-01,GAC12_INDFBCF12,FBCF Índice Geral,135.433744849243
2026-10-09,2017-12-01,GAC12_INDFBCFCC12,FBCF Construção Civil,120.713170162306
2026-10-09,2017-12-01,GAC12_INDFBCFCCDESSAZ12,FBCF Construção Civil Dessazonalizado,127.330395733031
2026-10-09,2017-12-01,GAC12_INDFBCFDESSAZ12,FBCF Geral Dessazonalizado,142.319688075652
2026-10-09,2018-01-01,GAC12_INDFBCF12,FBCF Índice Geral,131.099444030491
2026-10-09,2018-01-01,GAC12_INDFBCFCC12,FBCF Construção Civil,119.007764109404
2026-10-09,2018-01-01,GAC12_INDFBCFCCDESSAZ12,FBCF Construção Civil Dessazonalizado,122.487022941438
2026-10-09,2018-01-01,GAC12_INDFBCFDESSAZ12,FBCF Geral Dessazonalizado,132.643273835389
2026-10-09,2018-02-01,GAC12_INDFBCF12,FBCF Índice Geral,138.916814806367
2026-10-09,2018-02-01,GAC12_INDFBCFCC12,FBCF Construção Civil,119.769324109969
2026-10-09,2018-02-01,GAC12_INDFBCFCCDESSAZ12,FBCF Construção Civil Dessazonalizado,126.149648042139
2026-10-09,2018-02-01,GAC12_INDFBCFDESSAZ12,FBCF Geral Dessazonalizado,149.044281074319
2026-10-09,2018-03-01,GAC12_INDFBCF12,FBCF Índice Geral,142.783741163141
2026-10-09,2018-03-01,GAC12_INDFBCFCC12,FBCF Construção Civil,127.115248554365
2026-10-09,2018-03-01,GAC12_INDFBCFCCDESSAZ12,FBCF Construção Civil Dessazonalizado,126.183302839227
2026-10-09,2018-03-01,GAC12_INDFBCFDESSAZ12,FBCF Geral Dessazonalizado,142.092445090293
2026-10-09,2018-04-01,GAC12_INDFBCF12,FBCF Índice Geral,142.551655709747
2026-10-09,2018-04-01,GAC12_INDFBCFCC12,FBCF Construção Civil,126.773531587427
2026-10-09,2018-04-01,GAC12_INDFBCFCCDESSAZ12,FBCF Construção Civil Dessazonalizado,129.585661021011
2026-10-09,2018-04-01,GAC12_INDFBCFDESSAZ12,FBCF Geral Dessazonalizado,146.870866851301
2026-10-09,2018-05-01,GAC12_INDFBCF12,FBCF Índice Geral,133.561340394478
2026-10-09,2018-05-01,GAC12_INDFBCFCC12,FBCF Construção Civil,117.861736773863
2026-10-09,2018-05-01,GAC12_INDFBCFCCDESSAZ12,FBCF Construção Civil Dessazonalizado,117.294650253172
2026-10-09,2018-05-01,GAC12_INDFBCFDESSAZ12,FBCF Geral Dessazonalizado,132.958377265088
2026-10-09,2018-06-01,GAC12_INDFBCF12,FBCF Índice Geral,141.937003895775
2026-10-09,2018-06-01,GAC12_INDFBCFCC12,FBCF Construção Civil,124.13481097628
2026-10-09,2018-06-01,GAC12_INDFBCFCCDESSAZ12,FBCF Construção Civil Dessazonalizado,126.733762893502
2026-10-09,2018-06-01,GAC12_INDFBCFDESSAZ12,FBCF Geral Dessazonalizado,146.470755883611
2026-10-09,2018-07-01,GAC12_INDFBCF12,FBCF Índice Geral,164.132698139875
2026-10-09,2018-07-01,GAC12_INDFBCFCC12,FBCF Construção Civil,128.427681332273
2026-10-09,2018-07-01,GAC12_INDFBCFCCDESSAZ12,FBCF Construção Civil Dessazonalizado,125.459193788612
2026-10-09,2018-07-01,GAC12_INDFBCFDESSAZ12,FBCF Geral Dessazonalizado,161.114976057244
2026-10-09,2018-08-01,GAC12_INDFBCF12,FBCF Índice Geral,160.128933387257
2026-10-09,2018-08-01,GAC12_INDFBCFCC12,FBCF Construção Civil,129.274772854446
2026-10-09,2018-08-01,GAC12_INDFBCFCCDESSAZ12,FBCF Construção Civil Dessazonalizado,122.270092304674
2026-10-09,2018-08-01,GAC12_INDFBCFDESSAZ12,FBCF Geral Dessazonalizado,148.379878722537
2026-10-09,2018-09-01,GAC12_INDFBCF12,FBCF Índice Geral,141.428368472868
2026-10-09,2018-09-01,GAC12_INDFBCFCC12,FBCF Construção Civil,126.522090490915
2026-10-09,2018-09-01,GAC12_INDFBCFCCDESSAZ12,FBCF Construção Civil Dessazonalizado,124.036116118045
2026-10-09,2018-09-01,GAC12_INDFBCFDESSAZ12,FBCF Geral Dessazonalizado,139.365145220218
2026-10-09,2018-10-01,GAC12_INDFBCF12,FBCF Índice Geral,153.60299443623
2026-10-09,2018-10-01,GAC12_INDFBCFCC12,FBCF Construção Civil,132.866675579594
2026-10-09,2018-10-01,GAC12_INDFBCFCCDESSAZ12,FBCF Construção Civil Dessazonalizado,125.68315444514
2026-10-09,2018-10-01,GAC12_INDFBCFDESSAZ12,FBCF Geral Dessazonalizado,144.788388573335
2026-10-09,2018-11-01,GAC12_INDFBCF12,FBCF Índice Geral,157.907262208194
2026-10-09,2018-11-01,GAC12_INDFBCFCC12,FBCF Construção Civil,129.765700599822
2026-10-09,2018-11-01,GAC12_INDFBCFCCDESSAZ12,FBCF Construção Civil Dessazonalizado,127.382510347661
2026-10-09,2018-11-01,GAC12_INDFBCFDESSAZ12,FBCF Geral Dessazonalizado,156.153307060214
2026-10-09,2018-12-01,GAC12_INDFBCF12,FBCF Índice Geral,133.779743355576
2026-10-09,2018-12-01,GAC12_INDFBCFCC12,FBCF Construção Civil,121.006399556394
2026-10-09,2018-12-01,GAC12_INDFBCFCCDESSAZ12,FBCF Construção Civil Dessazonalizado,128.096093565687
2026-10-09,2018-12-01,GAC12_INDFBCFDESSAZ12,FBCF Geral Dessazonalizado,140.59830436645
2026-10-09,2019-01-01,GAC12_INDFBCF12,FBCF Índice Geral,142.223284434257
2026-10-09,2019-01-01,GAC12_INDFBCFCC12,FBCF Construção Civil,122.36963452841
2026-10-09,2019-01-01,GAC12_INDFBCFCCDESSAZ12,FBCF Construção Civil Dessazonalizado,126.540679543125
2026-10-09,2019-01-01,GAC12_INDFBCFDESSAZ12,FBCF Geral Dessazonalizado,144.9342788749
2026-10-09,2019-02-01,GAC12_INDFBCF12,FBCF Índice Geral,141.096125413314
2026-10-09,2019-02-01,GAC12_INDFBCFCC12,FBCF Construção Civil,121.153912971451
2026-10-09,2019-02-01,GAC12_INDFBCFCCDESSAZ12,FBCF Construção Civil Dessazonalizado,125.52173121333
2026-10-09,2019-02-01,GAC12_INDFBCFDESSAZ12,FBCF Geral Dessazonalizado,144.226603670762
2026-10-09,2019-03-01,GAC12_INDFBCF12,FBCF Índice Geral,141.690590152429
2026-10-09,2019-03-01,GAC12_INDFBCFCC12,FBCF Construção Civil,126.500079581774
2026-10-09,2019-03-01,GAC12_INDFBCFCCDESSAZ12,FBCF Construção Civil Dessazonalizado,128.070176693218
2026-10-09,2019-03-01,GAC12_INDFBCFDESSAZ12,FBCF Geral Dessazonalizado,147.039117454339
2026-10-09,2019-04-01,GAC12_INDFBCF12,FBCF Índice Geral,146.397197755739
2026-10-09,2019-04-01,GAC12_INDFBCFCC12,FBCF Construção Civil,129.0061591394
2026-10-09,2019-04-01,GAC12_INDFBCFCCDESSAZ12,FBCF Construção Civil Dessazonalizado,131.245423706504
2026-10-09,2019-04-01,GAC12_INDFBCFDESSAZ12,FBCF Geral Dessazonalizado,151.453674417103
2026-10-09,2019-05-01,GAC12_INDFBCF12,FBCF Índice Geral,156.267559732481
2026-10-09,2019-05-01,GAC12_INDFBCFCC12,FBCF Construção Civil,132.526840106834
2026-10-09,2019-05-01,GAC12_INDFBCFCCDESSAZ12,FBCF Construção Civil Dessazonalizado,130.631692161273
2026-10-09,2019-05-01,GAC12_INDFBCFDESSAZ12,FBCF Geral Dessazonalizado,153.7290620636
2026-10-09,2019-06-01,GAC12_INDFBCF12,FBCF Índice Geral,146.28524251178
2026-10-09,2019-06-01,GAC12_INDFBCFCC12,FBCF Construção Civil,127.668218333592
2026-10-09,2019-06-01,GAC12_INDFBCFCCDESSAZ12,FBCF Construção Civil Dessazonalizado,130.975652384287
2026-10-09,2019-06-01,GAC12_INDFBCFDESSAZ12,FBCF Geral Dessazonalizado,153.307263519297
2026-10-09,2019-07-01,GAC12_INDFBCF12,FBCF Índice Geral,161.112513232045
2026-10-09,2019-07-01,GAC12_INDFBCFCC12,FBCF Construção Civil,137.410868540422
2026-10-09,2019-07-01,GAC12_INDFBCFCCDESSAZ12,FBCF Construção Civil Dessazonalizado,133.04232881431
2026-10-09,2019-07-01,GAC12_INDFBCFDESSAZ12,FBCF Geral Dessazonalizado,156.204234674947
2026-10-09,2019-08-01,GAC12_INDFBCF12,FBCF Índice Geral,164.55143077911
2026-10-09,2019-08-01,GAC12_INDFBCFCC12,FBCF Construção Civil,138.231618768666
2026-10-09,2019-08-01,GAC12_INDFBCFCCDESSAZ12,FBCF Construção Civil Dessazonalizado,133.02630112808
2026-10-09,2019-08-01,GAC12_INDFBCFDESSAZ12,FBCF Geral Dessazonalizado,156.771011489286
2026-10-09,2019-09-01,GAC12_INDFBCF12,FBCF Índice Geral,162.676055988845
2026-10-09,2019-09-01,GAC12_INDFBCFCC12,FBCF Construção Civil,139.634803308658
2026-10-09,2019-09-01,GAC12_INDFBCFCCDESSAZ12,FBCF Construção Civil Dessazonalizado,136.673953698585
2026-10-09,2019-09-01,GAC12_INDFBCFDESSAZ12,FBCF Geral Dessazonalizado,158.234753835767
2026-10-09,2019-10-01,GAC12_INDFBCF12,FBCF Índice Geral,164.887549734576
2026-10-09,2019-10-01,GAC12_INDFBCFCC12,FBCF Construção Civil,140.741015349195
2026-10-09,2019-10-01,GAC12_INDFBCFCCDESSAZ12,FBCF Construção Civil Dessazonalizado,133.033839276322
2026-10-09,2019-10-01,GAC12_INDFBCFDESSAZ12,FBCF Geral Dessazonalizado,155.234946018209
2026-10-09,2019-11-01,GAC12_INDFBCF12,FBCF Índice Geral,150.364027115353
2026-10-09,2019-11-01,GAC12_INDFBCFCC12,FBCF Construção Civil,136.526768600365
2026-10-09,2019-11-01,GAC12_INDFBCFCCDESSAZ12,FBCF Construção Civil Dessazonalizado,135.391165941933
2026-10-09,2019-11-01,GAC12_INDFBCFDESSAZ12,FBCF Geral Dessazonalizado,150.311768517408
2026-10-09,2019-12-01,GAC12_INDFBCF12,FBCF Índice Geral,134.418423150072
2026-10-09,2019-12-01,GAC12_INDFBCFCC12,FBCF Construção Civil,123.139407567095
2026-10-09,2019-12-01,GAC12_INDFBCFCCDESSAZ12,FBCF Construção Civil Dessazonalizado,129.739453746922
2026-10-09,2019-12-01,GAC12_INDFBCFDESSAZ12,FBCF Geral Dessazonalizado,139.353285464383
2026-10-09,2020-01-01,GAC12_INDFBCF12,FBCF Índice Geral,158.33647362454
2026-10-09,2020-01-01,GAC12_INDFBCFCC12,FBCF Construção Civil,131.723547063381
2026-10-09,2020-01-01,GAC12_INDFBCFCCDESSAZ12,FBCF Construção Civil Dessazonalizado,137.347292355013
2026-10-09,2020-01-01,GAC12_INDFBCFDESSAZ12,FBCF Geral Dessazonalizado,162.948648789959
2026-10-09,2020-02-01,GAC12_INDFBCF12,FBCF Índice Geral,151.270179468047
2026-10-09,2020-02-01,GAC12_INDFBCFCC12,FBCF Construção Civil,132.497592633534
2026-10-09,2020-02-01,GAC12_INDFBCFCCDESSAZ12,FBCF Construção Civil Dessazonalizado,139.372943561007
2026-10-09,2020-02-01,GAC12_INDFBCFDESSAZ12,FBCF Geral Dessazonalizado,161.838837247265
2026-10-09,2020-03-01,GAC12_INDFBCF12,FBCF Índice Geral,145.193346907413
2026-10-09,2020-03-01,GAC12_INDFBCFCC12,FBCF Construção Civil,132.206656598164
2026-10-09,2020-03-01,GAC12_INDFBCFCCDESSAZ12,FBCF Construção Civil Dessazonalizado,131.399246727834
2026-10-09,2020-03-01,GAC12_INDFBCFDESSAZ12,FBCF Geral Dessazonalizado,141.832513962777
2026-10-09,2020-04-01,GAC12_INDFBCF12,FBCF Índice Geral,103.45382237476
2026-10-09,2020-04-01,GAC12_INDFBCFCC12,FBCF Construção Civil,105.87347221389
2026-10-09,2020-04-01,GAC12_INDFBCFCCDESSAZ12,FBCF Construção Civil Dessazonalizado,108.234419089524
2026-10-09,2020-04-01,GAC12_INDFBCFDESSAZ12,FBCF Geral Dessazonalizado,107.329896634421
2026-10-09,2020-05-01,GAC12_INDFBCF12,FBCF Índice Geral,147.36277545756
2026-10-09,2020-05-01,GAC12_INDFBCFCC12,FBCF Construção Civil,120.452848879867
2026-10-09,2020-05-01,GAC12_INDFBCFCCDESSAZ12,FBCF Construção Civil Dessazonalizado,121.654745469085
2026-10-09,2020-05-01,GAC12_INDFBCFDESSAZ12,FBCF Geral Dessazonalizado,149.813986501493
2026-10-09,2020-06-01,GAC12_INDFBCF12,FBCF Índice Geral,132.91340216768
2026-10-09,2020-06-01,GAC12_INDFBCFCC12,FBCF Construção Civil,126.670425234087
2026-10-09,2020-06-01,GAC12_INDFBCFCCDESSAZ12,FBCF Construção Civil Dessazonalizado,128.689346982165
2026-10-09,2020-06-01,GAC12_INDFBCFDESSAZ12,FBCF Geral Dessazonalizado,134.956116864086
2026-10-09,2020-07-01,GAC12_INDFBCF12,FBCF Índice Geral,144.577402930074
2026-10-09,2020-07-01,GAC12_INDFBCFCC12,FBCF Construção Civil,133.543184511482
2026-10-09,2020-07-01,GAC12_INDFBCFCCDESSAZ12,FBCF Construção Civil Dessazonalizado,130.052782112403
2026-10-09,2020-07-01,GAC12_INDFBCFDESSAZ12,FBCF Geral Dessazonalizado,140.919664347865
2026-10-09,2020-08-01,GAC12_INDFBCF12,FBCF Índice Geral,146.380361363523
2026-10-09,2020-08-01,GAC12_INDFBCFCC12,FBCF Construção Civil,138.711719012674
2026-10-09,2020-08-01,GAC12_INDFBCFCCDESSAZ12,FBCF Construção Civil Dessazonalizado,135.69434849954
2026-10-09,2020-08-01,GAC12_INDFBCFDESSAZ12,FBCF Geral Dessazonalizado,142.390535950404
2026-10-09,2020-09-01,GAC12_INDFBCF12,FBCF Índice Geral,154.332235706402
2026-10-09,2020-09-01,GAC12_INDFBCFCC12,FBCF Construção Civil,143.445440857981
2026-10-09,2020-09-01,GAC12_INDFBCFCCDESSAZ12,FBCF Construção Civil Dessazonalizado,139.500859562015
2026-10-09,2020-09-01,GAC12_INDFBCFDESSAZ12,FBCF Geral Dessazonalizado,147.129799701731
2026-10-09,2020-10-01,GAC12_INDFBCF12,FBCF Índice Geral,155.535821015751
2026-10-09,2020-10-01,GAC12_INDFBCFCC12,FBCF Construção Civil,143.569526283949
2026-10-09,2020-10-01,GAC12_INDFBCFCCDESSAZ12,FBCF Construção Civil Dessazonalizado,134.719671427422
2026-10-09,2020-10-01,GAC12_INDFBCFDESSAZ12,FBCF Geral Dessazonalizado,146.789803693593
2026-10-09,2020-11-01,GAC12_INDFBCF12,FBCF Índice Geral,154.528288471589
2026-10-09,2020-11-01,GAC12_INDFBCFCC12,FBCF Construção Civil,140.088283894508
2026-10-09,2020-11-01,GAC12_INDFBCFCCDESSAZ12,FBCF Construção Civil Dessazonalizado,136.940857295266
2026-10-09,2020-11-01,GAC12_INDFBCFDESSAZ12,FBCF Geral Dessazonalizado,151.572320440189
2026-10-09,2020-12-01,GAC12_INDFBCF12,FBCF Índice Geral,186.49589051266
2026-10-09,2020-12-01,GAC12_INDFBCFCC12,FBCF Construção Civil,135.635806470938
2026-10-09,2020-12-01,GAC12_INDFBCFCCDESSAZ12,FBCF Construção Civil Dessazonalizado,140.2246349455
2026-10-09,2020-12-01,GAC12_INDFBCFDESSAZ12,FBCF Geral Dessazonalizado,192.197875866217
2026-10-09,2021-01-01,GAC12_INDFBCF12,FBCF Índice Geral,155.699829716185
2026-10-09,2021-01-01,GAC12_INDFBCFCC12,FBCF Construção Civil,130.478982856742
2026-10-09,2021-01-01,GAC12_INDFBCFCCDESSAZ12,FBCF Construção Civil Dessazonalizado,136.719911135912
2026-10-09,2021-01-01,GAC12_INDFBCFDESSAZ12,FBCF Geral Dessazonalizado,166.179635299998
2026-10-09,2021-02-01,GAC12_INDFBCF12,FBCF Índice Geral,147.755501612672
2026-10-09,2021-02-01,GAC12_INDFBCFCC12,FBCF Construção Civil,127.355129222681
2026-10-09,2021-02-01,GAC12_INDFBCFCCDESSAZ12,FBCF Construção Civil Dessazonalizado,137.571118584885
2026-10-09,2021-02-01,GAC12_INDFBCFDESSAZ12,FBCF Geral Dessazonalizado,161.289878770673
2026-10-09,2021-03-01,GAC12_INDFBCF12,FBCF Índice Geral,204.474668671143
2026-10-09,2021-03-01,GAC12_INDFBCFCC12,FBCF Construção Civil,144.831642482061
2026-10-09,2021-03-01,GAC12_INDFBCFCCDESSAZ12,FBCF Construção Civil Dessazonalizado,142.319698730534
2026-10-09,2021-03-01,GAC12_INDFBCFDESSAZ12,FBCF Geral Dessazonalizado,193.540485929328
2026-10-09,2021-04-01,GAC12_INDFBCF12,FBCF Índice Geral,152.181117007035
2026-10-09,2021-04-01,GAC12_INDFBCFCC12,FBCF Construção Civil,141.211163298642
2026-10-09,2021-04-01,GAC12_INDFBCFCCDESSAZ12,FBCF Construção Civil Dessazonalizado,143.068794647932
2026-10-09,2021-04-01,GAC12_INDFBCFDESSAZ12,FBCF Geral Dessazonalizado,157.751850287312
2026-10-09,2021-05-01,GAC12_INDFBCF12,FBCF Índice Geral,157.847713606731
2026-10-09,2021-05-01,GAC12_INDFBCFCC12,FBCF Construção Civil,144.812644642341
2026-10-09,2021-05-01,GAC12_INDFBCFCCDESSAZ12,FBCF Construção Civil Dessazonalizado,144.869542797852
2026-10-09,2021-05-01,GAC12_INDFBCFDESSAZ12,FBCF Geral Dessazonalizado,159.563272945098
2026-10-09,2021-06-01,GAC12_INDFBCF12,FBCF Índice Geral,175.941169386234
2026-10-09,2021-06-01,GAC12_INDFBCFCC12,FBCF Construção Civil,151.120853063424
2026-10-09,2021-06-01,GAC12_INDFBCFCCDESSAZ12,FBCF Construção Civil Dessazonalizado,152.303972095527
2026-10-09,2021-06-01,GAC12_INDFBCFDESSAZ12,FBCF Geral Dessazonalizado,178.61487676759
2026-10-09,2021-07-01,GAC12_INDFBCF12,FBCF Índice Geral,165.613692305408
2026-10-09,2021-07-01,GAC12_INDFBCFCC12,FBCF Construção Civil,155.250186658565
2026-10-09,2021-07-01,GAC12_INDFBCFCCDESSAZ12,FBCF Construção Civil Dessazonalizado,151.736841561279
2026-10-09,2021-07-01,GAC12_INDFBCFDESSAZ12,FBCF Geral Dessazonalizado,163.72523035572
2026-10-09,2021-08-01,GAC12_INDFBCF12,FBCF Índice Geral,172.869731588197
2026-10-09,2021-08-01,GAC12_INDFBCFCC12,FBCF Construção Civil,154.820238914932
2026-10-09,2021-08-01,GAC12_INDFBCFCCDESSAZ12,FBCF Construção Civil Dessazonalizado,149.946169194782
2026-10-09,2021-08-01,GAC12_INDFBCFDESSAZ12,FBCF Geral Dessazonalizado,165.947035319194
2026-10-09,2021-09-01,GAC12_INDFBCF12,FBCF Índice Geral,172.686576106395
2026-10-09,2021-09-01,GAC12_INDFBCFCC12,FBCF Construção Civil,155.669848407686
2026-10-09,2021-09-01,GAC12_INDFBCFCCDESSAZ12,FBCF Construção Civil Dessazonalizado,152.654605683585
2026-10-09,2021-09-01,GAC12_INDFBCFDESSAZ12,FBCF Geral Dessazonalizado,165.807734325086
2026-10-09,2021-10-01,GAC12_INDFBCF12,FBCF Índice Geral,170.861651266458
2026-10-09,2021-10-01,GAC12_INDFBCFCC12,FBCF Construção Civil,164.058182928796
2026-10-09,2021-10-01,GAC12_INDFBCFCCDESSAZ12,FBCF Construção Civil Dessazonalizado,156.25203706809
2026-10-09,2021-10-01,GAC12_INDFBCFDESSAZ12,FBCF Geral Dessazonalizado,165.509241409836
2026-10-09,2021-11-01,GAC12_INDFBCF12,FBCF Índice Geral,169.621132414874
2026-10-09,2021-11-01,GAC12_INDFBCFCC12,FBCF Construção Civil,156.87469479444
2026-10-09,2021-11-01,GAC12_INDFBCFCCDESSAZ12,FBCF Construção Civil Dessazonalizado,153.665290550578
2026-10-09,2021-11-01,GAC12_INDFBCFDESSAZ12,FBCF Geral Dessazonalizado,165.361521758675
2026-10-09,2021-12-01,GAC12_INDFBCF12,FBCF Índice Geral,164.567216318669
2026-10-09,2021-12-01,GAC12_INDFBCFCC12,FBCF Construção Civil,146.916588853537
2026-10-09,2021-12-01,GAC12_INDFBCFCCDESSAZ12,FBCF Construção Civil Dessazonalizado,153.271455993024
2026-10-09,2021-12-01,GAC12_INDFBCFDESSAZ12,FBCF Geral Dessazonalizado,167.939236831489
2026-10-09,2022-01-01,GAC12_INDFBCF12,FBCF Índice Geral,154.244555558121
2026-10-09,2022-01-01,GAC12_INDFBCFCC12,FBCF Construção Civil,151.968248511257
2026-10-09,2022-01-01,GAC12_INDFBCFCCDESSAZ12,FBCF Construção Civil Dessazonalizado,157.490673889269
2026-10-09,2022-01-01,GAC12_INDFBCFDESSAZ12,FBCF Geral Dessazonalizado,164.357730335692
2026-10-09,2022-02-01,GAC12_INDFBCF12,FBCF Índice Geral,153.7450089712
2026-10-09,2022-02-01,GAC12_INDFBCFCC12,FBCF Construção Civil,147.705445241791
2026-10-09,2022-02-01,GAC12_INDFBCFCCDESSAZ12,FBCF Construção Civil Dessazonalizado,156.216237744325
2026-10-09,2022-02-01,GAC12_INDFBCFDESSAZ12,FBCF Geral Dessazonalizado,163.254202711189
2026-10-09,2022-03-01,GAC12_INDFBCF12,FBCF Índice Geral,169.910435470679
2026-10-09,2022-03-01,GAC12_INDFBCFCC12,FBCF Construção Civil,155.721907288821
2026-10-09,2022-03-01,GAC12_INDFBCFCCDESSAZ12,FBCF Construção Civil Dessazonalizado,151.930426370263
2026-10-09,2022-03-01,GAC12_INDFBCFDESSAZ12,FBCF Geral Dessazonalizado,161.808066953118
2026-10-09,2022-04-01,GAC12_INDFBCF12,FBCF Índice Geral,159.082333892624
2026-10-09,2022-04-01,GAC12_INDFBCFCC12,FBCF Construção Civil,156.158932027826
2026-10-09,2022-04-01,GAC12_INDFBCFCCDESSAZ12,FBCF Construção Civil Dessazonalizado,158.990605733313
2026-10-09,2022-04-01,GAC12_INDFBCFDESSAZ12,FBCF Geral Dessazonalizado,167.028696551112
2026-10-09,2022-05-01,GAC12_INDFBCF12,FBCF Índice Geral,171.619898838089
2026-10-09,2022-05-01,GAC12_INDFBCFCC12,FBCF Construção Civil,159.189108231433
2026-10-09,2022-05-01,GAC12_INDFBCFCCDESSAZ12,FBCF Construção Civil Dessazonalizado,158.341371034634
2026-10-09,2022-05-01,GAC12_INDFBCFDESSAZ12,FBCF Geral Dessazonalizado,170.766802850144
2026-10-09,2022-06-01,GAC12_INDFBCF12,FBCF Índice Geral,164.987767269287
2026-10-09,2022-06-01,GAC12_INDFBCFCC12,FBCF Construção Civil,154.422743024163
2026-10-09,2022-06-01,GAC12_INDFBCFCCDESSAZ12,FBCF Construção Civil Dessazonalizado,156.359328015047
2026-10-09,2022-06-01,GAC12_INDFBCFDESSAZ12,FBCF Geral Dessazonalizado,167.644500598744
2026-10-09,2022-07-01,GAC12_INDFBCF12,FBCF Índice Geral,171.077400675516
2026-10-09,2022-07-01,GAC12_INDFBCFCC12,FBCF Construção Civil,160.934199255457
2026-10-09,2022-07-01,GAC12_INDFBCFCCDESSAZ12,FBCF Construção Civil Dessazonalizado,159.555508638771
2026-10-09,2022-07-01,GAC12_INDFBCFDESSAZ12,FBCF Geral Dessazonalizado,172.865507816572
2026-10-09,2022-08-01,GAC12_INDFBCF12,FBCF Índice Geral,182.884775929879
2026-10-09,2022-08-01,GAC12_INDFBCFCC12,FBCF Construção Civil,163.818943204249
2026-10-09,2022-08-01,GAC12_INDFBCFCCDESSAZ12,FBCF Construção Civil Dessazonalizado,158.006318294317
2026-10-09,2022-08-01,GAC12_INDFBCFDESSAZ12,FBCF Geral Dessazonalizado,173.185823139629
2026-10-09,2022-09-01,GAC12_INDFBCF12,FBCF Índice Geral,183.127823394605
2026-10-09,2022-09-01,GAC12_INDFBCFCC12,FBCF Construção Civil,157.990088559121
2026-10-09,2022-09-01,GAC12_INDFBCFCCDESSAZ12,FBCF Construção Civil Dessazonalizado,155.715028842663
2026-10-09,2022-09-01,GAC12_INDFBCFDESSAZ12,FBCF Geral Dessazonalizado,175.318669043799
2026-10-09,2022-10-01,GAC12_INDFBCF12,FBCF Índice Geral,183.194506853207
2026-10-09,2022-10-01,GAC12_INDFBCFCC12,FBCF Construção Civil,165.761329952722
2026-10-09,2022-10-01,GAC12_INDFBCFCCDESSAZ12,FBCF Construção Civil Dessazonalizado,156.785192308936
2026-10-09,2022-10-01,GAC12_INDFBCFDESSAZ12,FBCF Geral Dessazonalizado,176.609825506409
2026-10-09,2022-11-01,GAC12_INDFBCF12,FBCF Índice Geral,176.079108344716
2026-10-09,2022-11-01,GAC12_INDFBCFCC12,FBCF Construção Civil,158.629121512824
2026-10-09,2022-11-01,GAC12_INDFBCFCCDESSAZ12,FBCF Construção Civil Dessazonalizado,154.468682671207
2026-10-09,2022-11-01,GAC12_INDFBCFDESSAZ12,FBCF Geral Dessazonalizado,170.395489746607
2026-10-09,2022-12-01,GAC12_INDFBCF12,FBCF Índice Geral,162.066384802078
2026-10-09,2022-12-01,GAC12_INDFBCFCC12,FBCF Construção Civil,146.764097526893
2026-10-09,2022-12-01,GAC12_INDFBCFCCDESSAZ12,FBCF Construção Civil Dessazonalizado,154.844147185931
2026-10-09,2022-12-01,GAC12_INDFBCFDESSAZ12,FBCF Geral Dessazonalizado,168.394684746984
2026-10-09,2023-01-01,GAC12_INDFBCF12,FBCF Índice Geral,155.248805548745
2026-10-09,2023-01-01,GAC12_INDFBCFCC12,FBCF Construção Civil,151.374178901686
2026-10-09,2023-01-01,GAC12_INDFBCFCCDESSAZ12,FBCF Construção Civil Dessazonalizado,155.72693126959
2026-10-09,2023-01-01,GAC12_INDFBCFDESSAZ12,FBCF Geral Dessazonalizado,164.307396471
2026-10-09,2023-02-01,GAC12_INDFBCF12,FBCF Índice Geral,150.82323292383
2026-10-09,2023-02-01,GAC12_INDFBCFCC12,FBCF Construção Civil,147.569862972055
2026-10-09,2023-02-01,GAC12_INDFBCFCCDESSAZ12,FBCF Construção Civil Dessazonalizado,157.705760339201
2026-10-09,2023-02-01,GAC12_INDFBCFDESSAZ12,FBCF Geral Dessazonalizado,163.111326546626
2026-10-09,2023-03-01,GAC12_INDFBCF12,FBCF Índice Geral,178.757961527426
2026-10-09,2023-03-01,GAC12_INDFBCFCC12,FBCF Construção Civil,162.12939065609
2026-10-09,2023-03-01,GAC12_INDFBCFCCDESSAZ12,FBCF Construção Civil Dessazonalizado,158.457592898207
2026-10-09,2023-03-01,GAC12_INDFBCFDESSAZ12,FBCF Geral Dessazonalizado,168.601276982374
2026-10-09,2023-04-01,GAC12_INDFBCF12,FBCF Índice Geral,153.037925437991
2026-10-09,2023-04-01,GAC12_INDFBCFCC12,FBCF Construção Civil,152.661498686697
2026-10-09,2023-04-01,GAC12_INDFBCFCCDESSAZ12,FBCF Construção Civil Dessazonalizado,157.684889511685
2026-10-09,2023-04-01,GAC12_INDFBCFDESSAZ12,FBCF Geral Dessazonalizado,163.787168542469
2026-10-09,2023-05-01,GAC12_INDFBCF12,FBCF Índice Geral,173.069179239659
2026-10-09,2023-05-01,GAC12_INDFBCFCC12,FBCF Construção Civil,164.630925515096
2026-10-09,2023-05-01,GAC12_INDFBCFCCDESSAZ12,FBCF Construção Civil Dessazonalizado,162.873329613309
2026-10-09,2023-05-01,GAC12_INDFBCFDESSAZ12,FBCF Geral Dessazonalizado,169.778488008226
2026-10-09,2023-06-01,GAC12_INDFBCF12,FBCF Índice Geral,161.90289532235
2026-10-09,2023-06-01,GAC12_INDFBCFCC12,FBCF Construção Civil,153.937675561243
2026-10-09,2023-06-01,GAC12_INDFBCFCCDESSAZ12,FBCF Construção Civil Dessazonalizado,155.619496623765
2026-10-09,2023-06-01,GAC12_INDFBCFDESSAZ12,FBCF Geral Dessazonalizado,163.594343449305
2026-10-09,2023-07-01,GAC12_INDFBCF12,FBCF Índice Geral,161.749143839893
2026-10-09,2023-07-01,GAC12_INDFBCFCC12,FBCF Construção Civil,155.517988913009
2026-10-09,2023-07-01,GAC12_INDFBCFCCDESSAZ12,FBCF Construção Civil Dessazonalizado,152.908135612371
2026-10-09,2023-07-01,GAC12_INDFBCFDESSAZ12,FBCF Geral Dessazonalizado,161.993330377251
2026-10-09,2023-08-01,GAC12_INDFBCF12,FBCF Índice Geral,173.064726404164
2026-10-09,2023-08-01,GAC12_INDFBCFCC12,FBCF Construção Civil,160.968554836289
2026-10-09,2023-08-01,GAC12_INDFBCFCCDESSAZ12,FBCF Construção Civil Dessazonalizado,153.818136592043
2026-10-09,2023-08-01,GAC12_INDFBCFDESSAZ12,FBCF Geral Dessazonalizado,162.894820071136
2026-10-09,2023-09-01,GAC12_INDFBCF12,FBCF Índice Geral,165.526129755943
2026-10-09,2023-09-01,GAC12_INDFBCFCC12,FBCF Construção Civil,154.835516492988
2026-10-09,2023-09-01,GAC12_INDFBCFCCDESSAZ12,FBCF Construção Civil Dessazonalizado,153.459831389757
2026-10-09,2023-09-01,GAC12_INDFBCFDESSAZ12,FBCF Geral Dessazonalizado,160.601849551613
2026-10-09,2023-10-01,GAC12_INDFBCF12,FBCF Índice Geral,172.044569088715
2026-10-09,2023-10-01,GAC12_INDFBCFCC12,FBCF Construção Civil,165.927452537998
2026-10-09,2023-10-01,GAC12_INDFBCFCCDESSAZ12,FBCF Construção Civil Dessazonalizado,155.892767115069
2026-10-09,2023-10-01,GAC12_INDFBCFDESSAZ12,FBCF Geral Dessazonalizado,163.346115415109
2026-10-09,2023-11-01,GAC12_INDFBCF12,FBCF Índice Geral,169.305147128014
2026-10-09,2023-11-01,GAC12_INDFBCFCC12,FBCF Construção Civil,157.908036903918
2026-10-09,2023-11-01,GAC12_INDFBCFCCDESSAZ12,FBCF Construção Civil Dessazonalizado,154.086969694782
2026-10-09,2023-11-01,GAC12_INDFBCFDESSAZ12,FBCF Geral Dessazonalizado,164.321784596616
2026-10-09,2023-12-01,GAC12_INDFBCF12,FBCF Índice Geral,156.950283783271
2026-10-09,2023-12-01,GAC12_INDFBCFCC12,FBCF Construção Civil,146.163803756024
2026-10-09,2023-12-01,GAC12_INDFBCFCCDESSAZ12,FBCF Construção Civil Dessazonalizado,156.417438887401
2026-10-09,2023-12-01,GAC12_INDFBCFDESSAZ12,FBCF Geral Dessazonalizado,166.222099988275
2026-10-09,2024-01-01,GAC12_INDFBCF12,FBCF Índice Geral,163.080295712342
2026-10-09,2024-01-01,GAC12_INDFBCFCC12,FBCF Construção Civil,158.23398954037
2026-10-09,2024-01-01,GAC12_INDFBCFCCDESSAZ12,FBCF Construção Civil Dessazonalizado,160.309326643515
2026-10-09,2024-01-01,GAC12_INDFBCFDESSAZ12,FBCF Geral Dessazonalizado,169.449584046306
2026-10-09,2024-02-01,GAC12_INDFBCF12,FBCF Índice Geral,161.758694701632
2026-10-09,2024-02-01,GAC12_INDFBCFCC12,FBCF Construção Civil,152.913246803447
2026-10-09,2024-02-01,GAC12_INDFBCFCCDESSAZ12,FBCF Construção Civil Dessazonalizado,155.579148035384
2026-10-09,2024-02-01,GAC12_INDFBCFDESSAZ12,FBCF Geral Dessazonalizado,167.059416259384
2026-10-09,2024-03-01,GAC12_INDFBCF12,FBCF Índice Geral,172.441009586025
2026-10-09,2024-03-01,GAC12_INDFBCFCC12,FBCF Construção Civil,157.867946511265
2026-10-09,2024-03-01,GAC12_INDFBCFCCDESSAZ12,FBCF Construção Civil Dessazonalizado,158.648876166055
2026-10-09,2024-03-01,GAC12_INDFBCFDESSAZ12,FBCF Geral Dessazonalizado,171.810999694311
2026-10-09,2024-04-01,GAC12_INDFBCF12,FBCF Índice Geral,171.78787007846
2026-10-09,2024-04-01,GAC12_INDFBCFCC12,FBCF Construção Civil,158.60523679778
2026-10-09,2024-04-01,GAC12_INDFBCFCCDESSAZ12,FBCF Construção Civil Dessazonalizado,159.284177573587
2026-10-09,2024-04-01,GAC12_INDFBCFDESSAZ12,FBCF Geral Dessazonalizado,173.603968899027
2026-10-09,2024-05-01,GAC12_INDFBCF12,FBCF Índice Geral,170.424039104604
2026-10-09,2024-05-01,GAC12_INDFBCFCC12,FBCF Construção Civil,155.866970292993
2026-10-09,2024-05-01,GAC12_INDFBCFCCDESSAZ12,FBCF Construção Civil Dessazonalizado,155.919759840284
2026-10-09,2024-05-01,GAC12_INDFBCFDESSAZ12,FBCF Geral Dessazonalizado,168.690878252071
2026-10-09,2024-06-01,GAC12_INDFBCF12,FBCF Índice Geral,171.328090816936
2026-10-09,2024-06-01,GAC12_INDFBCFCC12,FBCF Construção Civil,158.736523873301
2026-10-09,2024-06-01,GAC12_INDFBCFCCDESSAZ12,FBCF Construção Civil Dessazonalizado,165.08230629064
2026-10-09,2024-06-01,GAC12_INDFBCFDESSAZ12,FBCF Geral Dessazonalizado,180.185152848903
2026-10-09,2024-07-01,GAC12_INDFBCF12,FBCF Índice Geral,181.582258881568
2026-10-09,2024-07-01,GAC12_INDFBCFCC12,FBCF Construção Civil,167.988820044089
2026-10-09,2024-07-01,GAC12_INDFBCFCCDESSAZ12,FBCF Construção Civil Dessazonalizado,163.34565673854
2026-10-09,2024-07-01,GAC12_INDFBCFDESSAZ12,FBCF Geral Dessazonalizado,176.749679120556
2026-10-09,2024-08-01,GAC12_INDFBCF12,FBCF Índice Geral,185.593456563505
2026-10-09,2024-08-01,GAC12_INDFBCFCC12,FBCF Construção Civil,172.422146780051
2026-10-09,2024-08-01,GAC12_INDFBCFCCDESSAZ12,FBCF Construção Civil Dessazonalizado,167.003368244278
2026-10-09,2024-08-01,GAC12_INDFBCFDESSAZ12,FBCF Geral Dessazonalizado,178.359925923679
2026-10-09,2024-09-01,GAC12_INDFBCF12,FBCF Índice Geral,184.554284554927
2026-10-09,2024-09-01,GAC12_INDFBCFCC12,FBCF Construção Civil,167.854546505186
2026-10-09,2024-09-01,GAC12_INDFBCFCCDESSAZ12,FBCF Construção Civil Dessazonalizado,167.198266779542
2026-10-09,2024-09-01,GAC12_INDFBCFDESSAZ12,FBCF Geral Dessazonalizado,179.610394955765
2026-10-09,2024-10-01,GAC12_INDFBCF12,FBCF Índice Geral,190.958541583868
2026-10-09,2024-10-01,GAC12_INDFBCFCC12,FBCF Construção Civil,177.381460840811
2026-10-09,2024-10-01,GAC12_INDFBCFCCDESSAZ12,FBCF Construção Civil Dessazonalizado,166.627445545637
2026-10-09,2024-10-01,GAC12_INDFBCFDESSAZ12,FBCF Geral Dessazonalizado,179.761747534777
2026-10-09,2024-11-01,GAC12_INDFBCF12,FBCF Índice Geral,183.116565856451
2026-10-09,2024-11-01,GAC12_INDFBCFCC12,FBCF Construção Civil,171.300200560106
2026-10-09,2024-11-01,GAC12_INDFBCFCCDESSAZ12,FBCF Construção Civil Dessazonalizado,169.424054412398
2026-10-09,2024-11-01,GAC12_INDFBCFDESSAZ12,FBCF Geral Dessazonalizado,181.876701298095
2026-10-09,2024-12-01,GAC12_INDFBCF12,FBCF Índice Geral,170.124892559682
2026-10-09,2024-12-01,GAC12_INDFBCFCC12,FBCF Construção Civil,155.379542528621
2026-10-09,2024-12-01,GAC12_INDFBCFCCDESSAZ12,FBCF Construção Civil Dessazonalizado,166.323073635749
2026-10-09,2024-12-01,GAC12_INDFBCFDESSAZ12,FBCF Geral Dessazonalizado,179.801551167127
2026-10-09,2025-01-01,GAC12_INDFBCF12,FBCF Índice Geral,170.841114661636
2026-10-09,2025-01-01,GAC12_INDFBCFCC12,FBCF Construção Civil,158.042081241956
2026-10-09,2025-01-01,GAC12_INDFBCFCCDESSAZ12,FBCF Construção Civil Dessazonalizado,160.498432042754
2026-10-09,2025-01-01,GAC12_INDFBCFDESSAZ12,FBCF Geral Dessazonalizado,178.486561098436
2026-10-09,2025-02-01,GAC12_INDFBCF12,FBCF Índice Geral,194.116943093207
2026-10-09,2025-02-01,GAC12_INDFBCFCC12,FBCF Construção Civil,161.806418346211
2026-10-09,2025-02-01,GAC12_INDFBCFCCDESSAZ12,FBCF Construção Civil Dessazonalizado,166.160182142915
2026-10-09,2025-02-01,GAC12_INDFBCFDESSAZ12,FBCF Geral Dessazonalizado,195.213195303055
2026-10-09,2025-03-01,GAC12_INDFBCF12,FBCF Índice Geral,177.111942245157
2026-10-09,2025-03-01,GAC12_INDFBCFCC12,FBCF Construção Civil,164.504904151095
2026-10-09,2025-03-01,GAC12_INDFBCFCCDESSAZ12,FBCF Construção Civil Dessazonalizado,166.06578960978
2026-10-09,2025-03-01,GAC12_INDFBCFDESSAZ12,FBCF Geral Dessazonalizado,179.650243598509
2026-10-09,2025-04-01,GAC12_INDFBCF12,FBCF Índice Geral,175.865150675065
2026-10-09,2025-04-01,GAC12_INDFBCFCC12,FBCF Construção Civil,162.845454885116
2026-10-09,2025-04-01,GAC12_INDFBCFCCDESSAZ12,FBCF Construção Civil Dessazonalizado,164.726936855438
2026-10-09,2025-04-01,GAC12_INDFBCFDESSAZ12,FBCF Geral Dessazonalizado,180.873177618687
2026-10-09,2025-05-01,GAC12_INDFBCF12,FBCF Índice Geral,181.834719519392
2026-10-09,2025-05-01,GAC12_INDFBCFCC12,FBCF Construção Civil,166.370640970336
2026-10-09,2025-05-01,GAC12_INDFBCFCCDESSAZ12,FBCF Construção Civil Dessazonalizado,166.055832615084
2026-10-09,2025-05-01,GAC12_INDFBCFDESSAZ12,FBCF Geral Dessazonalizado,181.281210991685
2026-10-09,2025-06-01,GAC12_INDFBCF12,FBCF Índice Geral,176.930129805543
2026-10-09,2025-06-01,GAC12_INDFBCFCC12,FBCF Construção Civil,161.398304620957
2026-10-09,2025-06-01,GAC12_INDFBCFCCDESSAZ12,FBCF Construção Civil Dessazonalizado,164.877798545923
2026-10-09,2025-06-01,GAC12_INDFBCFDESSAZ12,FBCF Geral Dessazonalizado,180.875611389628
2026-10-09,2025-07-01,GAC12_INDFBCF12,FBCF Índice Geral,186.154725043081
2026-10-09,2025-07-01,GAC12_INDFBCFCC12,FBCF Construção Civil,171.815461860456
2026-10-09,2025-07-01,GAC12_INDFBCFCCDESSAZ12,FBCF Construção Civil Dessazonalizado,166.23645568182
2026-10-09,2025-07-01,GAC12_INDFBCFDESSAZ12,FBCF Geral Dessazonalizado,180.568417218356
2026-10-09,2025-08-01,GAC12_INDFBCF12,FBCF Índice Geral,179.952443953986
2026-10-09,2025-08-01,GAC12_INDFBCFCC12,FBCF Construção Civil,168.457690662713
2026-10-09,2025-08-01,GAC12_INDFBCFCCDESSAZ12,FBCF Construção Civil Dessazonalizado,164.239493615339
2026-10-09,2025-08-01,GAC12_INDFBCFDESSAZ12,FBCF Geral Dessazonalizado,176.296870707407
2026-10-09,2025-09-01,GAC12_INDFBCF12,FBCF Índice Geral,198.432831002933
2026-10-09,2025-09-01,GAC12_INDFBCFCC12,FBCF Construção Civil,166.401047151888
2026-10-09,2025-09-01,GAC12_INDFBCFCCDESSAZ12,FBCF Construção Civil Dessazonalizado,164.466657353528
2026-10-09,2025-09-01,GAC12_INDFBCFDESSAZ12,FBCF Geral Dessazonalizado,190.184712074237
2026-10-09,2025-10-01,GAC12_INDFBCF12,FBCF Índice Geral,188.359483552409
2026-10-09,2025-10-01,GAC12_INDFBCFCC12,FBCF Construção Civil,172.790667863925
2026-10-09,2025-10-01,GAC12_INDFBCFCCDESSAZ12,FBCF Construção Civil Dessazonalizado,163.25956417111
2026-10-09,2025-10-01,GAC12_INDFBCFDESSAZ12,FBCF Geral Dessazonalizado,178.881172279272
2026-10-09,2025-11-01,GAC12_INDFBCF12,FBCF Índice Geral,177.286544017376
2026-10-09,2025-11-01,GAC12_INDFBCFCC12,FBCF Construção Civil,165.001113989369
2026-10-09,2025-11-01,GAC12_INDFBCFCCDESSAZ12,FBCF Construção Civil Dessazonalizado,164.681762680804
2026-10-09,2025-11-01,GAC12_INDFBCFDESSAZ12,FBCF Geral Dessazonalizado,179.396725348347
2026-10-09,2025-12-01,GAC12_INDFBCF12,FBCF Índice Geral,161.573972430216
2026-10-09,2025-12-01,GAC12_INDFBCFCC12,FBCF Construção Civil,144.412213226546
2026-10-09,2025-12-01,GAC12_INDFBCFCCDESSAZ12,FBCF Construção Civil Dessazonalizado,153.663862698972
2026-10-09,2025-12-01,GAC12_INDFBCFDESSAZ12,FBCF Geral Dessazonalizado,167.952102372381
2026-10-09,2026-01-01,GAC12_INDFBCF12,FBCF Índice Geral,165.018600552533
2026-10-09,2026-01-01,GAC12_INDFBCFCC12,FBCF Construção Civil,156.486720953757
2026-10-09,2026-01-01,GAC12_INDFBCFCCDESSAZ12,FBCF Construção Civil Dessazonalizado,160.342716280566
2026-10-09,2026-01-01,GAC12_INDFBCFDESSAZ12,FBCF Geral Dessazonalizado,174.635752837732
2026-10-09,2026-02-01,GAC12_INDFBCF12,FBCF Índice Geral,182.040164012296
2026-10-09,2026-02-01,GAC12_INDFBCFCC12,FBCF Construção Civil,152.674580075902
2026-10-09,2026-02-01,GAC12_INDFBCFCCDESSAZ12,FBCF Construção Civil Dessazonalizado,160.443145621004
2026-10-09,2026-02-01,GAC12_INDFBCFDESSAZ12,FBCF Geral Dessazonalizado,192.254775863308
2026-10-09,2026-03-01,GAC12_INDFBCF12,FBCF Índice Geral,187.481235435171
2026-10-09,2026-03-01,GAC12_INDFBCFCC12,FBCF Construção Civil,163.254914015516
2026-10-09,2026-03-01,GAC12_INDFBCFCCDESSAZ12,FBCF Construção Civil Dessazonalizado,159.31859444945
2026-10-09,2026-03-01,GAC12_INDFBCFDESSAZ12,FBCF Geral Dessazonalizado,177.39947129896
2026-10-09,2026-04-01,GAC12_INDFBCF12,FBCF Índice Geral,177.101081346759
2026-10-09,2026-04-01,GAC12_INDFBCFCC12,FBCF Construção Civil,161.66387711782
2026-10-09,2026-04-01,GAC12_INDFBCFCCDESSAZ12,FBCF Construção Civil Dessazonalizado,164.241486142881
2026-10-09,2026-04-01,GAC12_INDFBCFDESSAZ12,FBCF Geral Dessazonalizado,182.055521762211
2026-10-09,2026-05-01,GAC12_INDFBCF12,FBCF Índice Geral,181.424267494406
2026-10-09,2026-05-01,GAC12_INDFBCFCC12,FBCF Construção Civil,163.607419299033
2026-10-09,2026-05-01,GAC12_INDFBCFCCDESSAZ12,FBCF Construção Civil Dessazonalizado,165.411746261623
2026-10-09,2026-05-01,GAC12_INDFBCFDESSAZ12,FBCF Geral Dessazonalizado,184.193347150286
2026-10-09,2026-06-01,GAC12_INDFBCF12,FBCF Índice Geral,183.724651158835
2026-10-09,2026-06-01,GAC12_INDFBCFCC12,FBCF Construção Civil,164.438184144744
2026-10-09,2026-06-01,GAC12_INDFBCFCCDESSAZ12,FBCF Construção Civil Dessazonalizado,166.911166847291
2026-10-09,2026-06-01,GAC12_INDFBCFDESSAZ12,FBCF Geral Dessazonalizado,184.551131087502
2026-10-09,2026-07-01,GAC12_INDFBCF12,FBCF Índice Geral,194.573218805529
2026-10-09,2026-07-01,GAC12_INDFBCFCC12,FBCF Construção Civil,176.74495039953
2026-10-09,2026-07-01,GAC12_INDFBCFCCDESSAZ12,FBCF Construção Civil Dessazonalizado,170.630279462997
2026-10-09,2026-07-01,GAC12_INDFBCFDESSAZ12,FBCF Geral Dessazonalizado,187.969000397428
