data_captura,data_referencia,codigo_ativo,label,valor
2026-07-27,1966-12-01,ANBIMA12_TJPOUP12,Poupança Rentabilidade Antiga,9.073
2026-07-27,1967-01-01,ANBIMA12_TJPOUP12,Poupança Rentabilidade Antiga,7.626
2026-07-27,1967-04-01,ANBIMA12_TJPOUP12,Poupança Rentabilidade Antiga,7.808
2026-07-27,1967-07-01,ANBIMA12_TJPOUP12,Poupança Rentabilidade Antiga,6.117
2026-07-27,1967-10-01,ANBIMA12_TJPOUP12,Poupança Rentabilidade Antiga,5.543
2026-07-27,1968-01-01,ANBIMA12_TJPOUP12,Poupança Rentabilidade Antiga,6.276
2026-07-27,1968-04-01,ANBIMA12_TJPOUP12,Poupança Rentabilidade Antiga,9.154
2026-07-27,1968-07-01,ANBIMA12_TJPOUP12,Poupança Rentabilidade Antiga,7.126
2026-07-27,1968-10-01,ANBIMA12_TJPOUP12,Poupança Rentabilidade Antiga,6.678
2026-07-27,1969-01-01,ANBIMA12_TJPOUP12,Poupança Rentabilidade Antiga,6.622
2026-07-27,1969-04-01,ANBIMA12_TJPOUP12,Poupança Rentabilidade Antiga,5.722
2026-07-27,1969-07-01,ANBIMA12_TJPOUP12,Poupança Rentabilidade Antiga,3.86
2026-07-27,1969-10-01,ANBIMA12_TJPOUP12,Poupança Rentabilidade Antiga,7.643
2026-07-27,1970-01-01,ANBIMA12_TJPOUP12,Poupança Rentabilidade Antiga,7.025
2026-07-27,1970-04-01,ANBIMA12_TJPOUP12,Poupança Rentabilidade Antiga,4.942
2026-07-27,1970-07-01,ANBIMA12_TJPOUP12,Poupança Rentabilidade Antiga,4.563
2026-07-27,1970-10-01,ANBIMA12_TJPOUP12,Poupança Rentabilidade Antiga,7.6471
2026-07-27,1971-01-01,ANBIMA12_TJPOUP12,Poupança Rentabilidade Antiga,5.745
2026-07-27,1971-04-01,ANBIMA12_TJPOUP12,Poupança Rentabilidade Antiga,6.169
2026-07-27,1971-07-01,ANBIMA12_TJPOUP12,Poupança Rentabilidade Antiga,7.97
2026-07-27,1971-10-01,ANBIMA12_TJPOUP12,Poupança Rentabilidade Antiga,6.504
2026-07-27,1972-01-01,ANBIMA12_TJPOUP12,Poupança Rentabilidade Antiga,5.243
2026-07-27,1972-04-01,ANBIMA12_TJPOUP12,Poupança Rentabilidade Antiga,6.248
2026-07-27,1972-07-01,ANBIMA12_TJPOUP12,Poupança Rentabilidade Antiga,4.529
2026-07-27,1972-10-01,ANBIMA12_TJPOUP12,Poupança Rentabilidade Antiga,4.292
2026-07-27,1973-01-01,ANBIMA12_TJPOUP12,Poupança Rentabilidade Antiga,4.789
2026-07-27,1973-04-01,ANBIMA12_TJPOUP12,Poupança Rentabilidade Antiga,5.085
2026-07-27,1973-07-01,ANBIMA12_TJPOUP12,Poupança Rentabilidade Antiga,4.238
2026-07-27,1973-10-01,ANBIMA12_TJPOUP12,Poupança Rentabilidade Antiga,5.05
2026-07-27,1974-01-01,ANBIMA12_TJPOUP12,Poupança Rentabilidade Antiga,5.381
2026-07-27,1974-04-01,ANBIMA12_TJPOUP12,Poupança Rentabilidade Antiga,8.822
2026-07-27,1974-07-01,ANBIMA12_TJPOUP12,Poupança Rentabilidade Antiga,15.138
2026-07-27,1974-10-01,ANBIMA12_TJPOUP12,Poupança Rentabilidade Antiga,6.305
2026-07-27,1975-01-01,ANBIMA12_TJPOUP12,Poupança Rentabilidade Antiga,6.684
2026-07-27,1975-04-01,ANBIMA12_TJPOUP12,Poupança Rentabilidade Antiga,7.812
2026-07-27,1975-07-01,ANBIMA12_TJPOUP12,Poupança Rentabilidade Antiga,6.937
2026-07-27,1975-10-01,ANBIMA12_TJPOUP12,Poupança Rentabilidade Antiga,7.634
2026-07-27,1976-01-01,ANBIMA12_TJPOUP12,Poupança Rentabilidade Antiga,8.239
2026-07-27,1976-04-01,ANBIMA12_TJPOUP12,Poupança Rentabilidade Antiga,10.284
2026-07-27,1976-07-01,ANBIMA12_TJPOUP12,Poupança Rentabilidade Antiga,10.478
2026-07-27,1976-10-01,ANBIMA12_TJPOUP12,Poupança Rentabilidade Antiga,10.701
2026-07-27,1977-01-01,ANBIMA12_TJPOUP12,Poupança Rentabilidade Antiga,7.643
2026-07-27,1977-04-01,ANBIMA12_TJPOUP12,Poupança Rentabilidade Antiga,11.345
2026-07-27,1977-07-01,ANBIMA12_TJPOUP12,Poupança Rentabilidade Antiga,7.802
2026-07-27,1977-10-01,ANBIMA12_TJPOUP12,Poupança Rentabilidade Antiga,6.456
2026-07-27,1978-01-01,ANBIMA12_TJPOUP12,Poupança Rentabilidade Antiga,8.743
2026-07-27,1978-04-01,ANBIMA12_TJPOUP12,Poupança Rentabilidade Antiga,10.854
2026-07-27,1978-07-01,ANBIMA12_TJPOUP12,Poupança Rentabilidade Antiga,10.284
2026-07-27,1978-10-01,ANBIMA12_TJPOUP12,Poupança Rentabilidade Antiga,9.338
2026-07-27,1979-01-01,ANBIMA12_TJPOUP12,Poupança Rentabilidade Antiga,8.821
2026-07-27,1979-04-01,ANBIMA12_TJPOUP12,Poupança Rentabilidade Antiga,12.926
2026-07-27,1979-07-01,ANBIMA12_TJPOUP12,Poupança Rentabilidade Antiga,11.532
2026-07-27,1979-10-01,ANBIMA12_TJPOUP12,Poupança Rentabilidade Antiga,15.434
2026-07-27,1980-01-01,ANBIMA12_TJPOUP12,Poupança Rentabilidade Antiga,13.698
2026-07-27,1980-04-01,ANBIMA12_TJPOUP12,Poupança Rentabilidade Antiga,12.279
2026-07-27,1980-07-01,ANBIMA12_TJPOUP12,Poupança Rentabilidade Antiga,11.308
2026-07-27,1980-10-01,ANBIMA12_TJPOUP12,Poupança Rentabilidade Antiga,12.925
2026-07-27,1981-01-01,ANBIMA12_TJPOUP12,Poupança Rentabilidade Antiga,20.613
2026-07-27,1981-04-01,ANBIMA12_TJPOUP12,Poupança Rentabilidade Antiga,20.847
2026-07-27,1981-07-01,ANBIMA12_TJPOUP12,Poupança Rentabilidade Antiga,20.278
2026-07-27,1981-10-01,ANBIMA12_TJPOUP12,Poupança Rentabilidade Antiga,19.032
2026-07-27,1982-01-01,ANBIMA12_TJPOUP12,Poupança Rentabilidade Antiga,17.46
2026-07-27,1982-04-01,ANBIMA12_TJPOUP12,Poupança Rentabilidade Antiga,19.145
2026-07-27,1982-07-01,ANBIMA12_TJPOUP12,Poupança Rentabilidade Antiga,23.138
2026-07-27,1982-10-01,ANBIMA12_TJPOUP12,Poupança Rentabilidade Antiga,23.142
2026-07-27,1983-01-01,ANBIMA12_TJPOUP12,Poupança Rentabilidade Antiga,25.089
2026-07-27,1983-04-01,ANBIMA12_TJPOUP12,Poupança Rentabilidade Antiga,28.763
2026-07-27,1983-07-01,ANBIMA12_TJPOUP12,Poupança Rentabilidade Antiga,9.543
2026-07-27,1983-08-01,ANBIMA12_TJPOUP12,Poupança Rentabilidade Antiga,9.041
2026-07-27,1983-09-01,ANBIMA12_TJPOUP12,Poupança Rentabilidade Antiga,10.047
2026-07-27,1983-10-01,ANBIMA12_TJPOUP12,Poupança Rentabilidade Antiga,10.248
2026-07-27,1983-11-01,ANBIMA12_TJPOUP12,Poupança Rentabilidade Antiga,8.942
2026-07-27,1983-12-01,ANBIMA12_TJPOUP12,Poupança Rentabilidade Antiga,8.138
2026-07-27,1984-01-01,ANBIMA12_TJPOUP12,Poupança Rentabilidade Antiga,10.349
2026-07-27,1984-02-01,ANBIMA12_TJPOUP12,Poupança Rentabilidade Antiga,12.861
2026-07-27,1984-03-01,ANBIMA12_TJPOUP12,Poupança Rentabilidade Antiga,10.55
2026-07-27,1984-04-01,ANBIMA12_TJPOUP12,Poupança Rentabilidade Antiga,9.444
2026-07-27,1984-05-01,ANBIMA12_TJPOUP12,Poupança Rentabilidade Antiga,9.444
2026-07-27,1984-06-01,ANBIMA12_TJPOUP12,Poupança Rentabilidade Antiga,9.746
2026-07-27,1984-07-01,ANBIMA12_TJPOUP12,Poupança Rentabilidade Antiga,10.851
2026-07-27,1984-08-01,ANBIMA12_TJPOUP12,Poupança Rentabilidade Antiga,11.153
2026-07-27,1984-09-01,ANBIMA12_TJPOUP12,Poupança Rentabilidade Antiga,11.052
2026-07-27,1984-10-01,ANBIMA12_TJPOUP12,Poupança Rentabilidade Antiga,13.163
2026-07-27,1984-11-01,ANBIMA12_TJPOUP12,Poupança Rentabilidade Antiga,10.449
2026-07-27,1984-12-01,ANBIMA12_TJPOUP12,Poupança Rentabilidade Antiga,11.052
2026-07-27,1985-01-01,ANBIMA12_TJPOUP12,Poupança Rentabilidade Antiga,13.163
2026-07-27,1985-02-01,ANBIMA12_TJPOUP12,Poupança Rentabilidade Antiga,10.751
2026-07-27,1985-03-01,ANBIMA12_TJPOUP12,Poupança Rentabilidade Antiga,13.263
2026-07-27,1985-04-01,ANBIMA12_TJPOUP12,Poupança Rentabilidade Antiga,12.388
2026-07-27,1985-05-01,ANBIMA12_TJPOUP12,Poupança Rentabilidade Antiga,10.5559
2026-07-27,1985-06-01,ANBIMA12_TJPOUP12,Poupança Rentabilidade Antiga,9.7542
2026-07-27,1985-07-01,ANBIMA12_TJPOUP12,Poupança Rentabilidade Antiga,8.1521
2026-07-27,1985-08-01,ANBIMA12_TJPOUP12,Poupança Rentabilidade Antiga,8.7206
2026-07-27,1985-09-01,ANBIMA12_TJPOUP12,Poupança Rentabilidade Antiga,9.6455
2026-07-27,1985-10-01,ANBIMA12_TJPOUP12,Poupança Rentabilidade Antiga,9.545
2026-07-27,1985-11-01,ANBIMA12_TJPOUP12,Poupança Rentabilidade Antiga,11.6756
2026-07-27,1985-12-01,ANBIMA12_TJPOUP12,Poupança Rentabilidade Antiga,13.9268
2026-07-27,1986-01-01,ANBIMA12_TJPOUP12,Poupança Rentabilidade Antiga,16.8112
2026-07-27,1986-02-01,ANBIMA12_TJPOUP12,Poupança Rentabilidade Antiga,14.9318
2026-07-27,1986-03-01,ANBIMA12_TJPOUP12,Poupança Rentabilidade Antiga,3.6096
2026-07-27,1986-06-01,ANBIMA12_TJPOUP12,Poupança Rentabilidade Antiga,5.7595
2026-07-27,1986-09-01,ANBIMA12_TJPOUP12,Poupança Rentabilidade Antiga,8.6687
2026-07-27,1986-12-01,ANBIMA12_TJPOUP12,Poupança Rentabilidade Antiga,7.8063
2026-07-27,1987-01-01,ANBIMA12_TJPOUP12,Poupança Rentabilidade Antiga,17.4041
2026-07-27,1987-02-01,ANBIMA12_TJPOUP12,Poupança Rentabilidade Antiga,20.2054
2026-07-27,1987-03-01,ANBIMA12_TJPOUP12,Poupança Rentabilidade Antiga,15.0877
2026-07-27,1987-04-01,ANBIMA12_TJPOUP12,Poupança Rentabilidade Antiga,21.5648
2026-07-27,1987-05-01,ANBIMA12_TJPOUP12,Poupança Rentabilidade Antiga,24.0606
2026-07-27,1987-06-01,ANBIMA12_TJPOUP12,Poupança Rentabilidade Antiga,18.6106
2026-07-27,1987-07-01,ANBIMA12_TJPOUP12,Poupança Rentabilidade Antiga,8.9065
2026-07-27,1987-08-01,ANBIMA12_TJPOUP12,Poupança Rentabilidade Antiga,8.0861
2026-07-27,1987-09-01,ANBIMA12_TJPOUP12,Poupança Rentabilidade Antiga,7.9864
2026-07-27,1987-10-01,ANBIMA12_TJPOUP12,Poupança Rentabilidade Antiga,9.726
2026-07-27,1987-11-01,ANBIMA12_TJPOUP12,Poupança Rentabilidade Antiga,13.4049
2026-07-27,1987-12-01,ANBIMA12_TJPOUP12,Poupança Rentabilidade Antiga,14.7103
2026-07-27,1988-01-01,ANBIMA12_TJPOUP12,Poupança Rentabilidade Antiga,17.0929
2026-07-27,1988-02-01,ANBIMA12_TJPOUP12,Poupança Rentabilidade Antiga,18.5503
2026-07-27,1988-03-01,ANBIMA12_TJPOUP12,Poupança Rentabilidade Antiga,16.5899
2026-07-27,1988-04-01,ANBIMA12_TJPOUP12,Poupança Rentabilidade Antiga,19.876
2026-07-27,1988-05-01,ANBIMA12_TJPOUP12,Poupança Rentabilidade Antiga,18.369
2026-07-27,1988-06-01,ANBIMA12_TJPOUP12,Poupança Rentabilidade Antiga,20.1273
2026-07-27,1988-07-01,ANBIMA12_TJPOUP12,Poupança Rentabilidade Antiga,24.6601
2026-07-27,1988-08-01,ANBIMA12_TJPOUP12,Poupança Rentabilidade Antiga,21.2634
2026-07-27,1988-09-01,ANBIMA12_TJPOUP12,Poupança Rentabilidade Antiga,24.6297
2026-07-27,1988-10-01,ANBIMA12_TJPOUP12,Poupança Rentabilidade Antiga,27.8863
2026-07-27,1988-11-01,ANBIMA12_TJPOUP12,Poupança Rentabilidade Antiga,27.5545
2026-07-27,1988-12-01,ANBIMA12_TJPOUP12,Poupança Rentabilidade Antiga,29.434
2026-07-27,1989-01-01,ANBIMA12_TJPOUP12,Poupança Rentabilidade Antiga,22.9708
2026-07-27,1989-02-01,ANBIMA12_TJPOUP12,Poupança Rentabilidade Antiga,18.9456
2026-07-27,1989-03-01,ANBIMA12_TJPOUP12,Poupança Rentabilidade Antiga,20.4139
2026-07-27,1989-04-01,ANBIMA12_TJPOUP12,Poupança Rentabilidade Antiga,11.5182
2026-07-27,1989-05-01,ANBIMA12_TJPOUP12,Poupança Rentabilidade Antiga,10.4897
2026-07-27,1989-06-01,ANBIMA12_TJPOUP12,Poupança Rentabilidade Antiga,25.4542
2026-07-27,1989-07-01,ANBIMA12_TJPOUP12,Poupança Rentabilidade Antiga,29.4038
2026-07-27,1989-08-01,ANBIMA12_TJPOUP12,Poupança Rentabilidade Antiga,29.9867
2026-07-27,1989-09-01,ANBIMA12_TJPOUP12,Poupança Rentabilidade Antiga,36.6298
2026-07-27,1989-10-01,ANBIMA12_TJPOUP12,Poupança Rentabilidade Antiga,38.3081
2026-07-27,1989-11-01,ANBIMA12_TJPOUP12,Poupança Rentabilidade Antiga,42.1271
2026-07-27,1989-12-01,ANBIMA12_TJPOUP12,Poupança Rentabilidade Antiga,54.3178
2026-07-27,1990-01-01,ANBIMA12_TJPOUP12,Poupança Rentabilidade Antiga,56.8906
2026-07-27,1990-02-01,ANBIMA12_TJPOUP12,Poupança Rentabilidade Antiga,73.6439
2026-07-27,1990-03-01,ANBIMA12_TJPOUP12,Poupança Rentabilidade Antiga,85.2416
2026-07-27,1990-04-01,ANBIMA12_TJPOUP12,Poupança Rentabilidade Antiga,0.5
2026-07-27,1990-05-01,ANBIMA12_TJPOUP12,Poupança Rentabilidade Antiga,5.9069
2026-07-27,1990-06-01,ANBIMA12_TJPOUP12,Poupança Rentabilidade Antiga,10.1581
2026-07-27,1990-07-01,ANBIMA12_TJPOUP12,Poupança Rentabilidade Antiga,11.344
2026-07-27,1990-08-01,ANBIMA12_TJPOUP12,Poupança Rentabilidade Antiga,11.1329
2026-07-27,1990-09-01,ANBIMA12_TJPOUP12,Poupança Rentabilidade Antiga,13.4143
2026-07-27,1990-10-01,ANBIMA12_TJPOUP12,Poupança Rentabilidade Antiga,14.2786
2026-07-27,1990-11-01,ANBIMA12_TJPOUP12,Poupança Rentabilidade Antiga,17.2232
2026-07-27,1990-12-01,ANBIMA12_TJPOUP12,Poupança Rentabilidade Antiga,19.987
2026-07-27,1991-01-01,ANBIMA12_TJPOUP12,Poupança Rentabilidade Antiga,20.8111
2026-07-27,1991-02-01,ANBIMA12_TJPOUP12,Poupança Rentabilidade Antiga,7.535
2026-07-27,1991-03-01,ANBIMA12_TJPOUP12,Poupança Rentabilidade Antiga,9.0425
2026-07-27,1991-04-01,ANBIMA12_TJPOUP12,Poupança Rentabilidade Antiga,9.4746
2026-07-27,1991-05-01,ANBIMA12_TJPOUP12,Poupança Rentabilidade Antiga,9.535
2026-07-27,1991-06-01,ANBIMA12_TJPOUP12,Poupança Rentabilidade Antiga,9.947
2026-07-27,1991-07-01,ANBIMA12_TJPOUP12,Poupança Rentabilidade Antiga,10.6003
2026-07-27,1991-08-01,ANBIMA12_TJPOUP12,Poupança Rentabilidade Antiga,12.5098
2026-07-27,1991-09-01,ANBIMA12_TJPOUP12,Poupança Rentabilidade Antiga,17.3639
2026-07-27,1991-10-01,ANBIMA12_TJPOUP12,Poupança Rentabilidade Antiga,20.3689
2026-07-27,1991-11-01,ANBIMA12_TJPOUP12,Poupança Rentabilidade Antiga,31.1726
2026-07-27,1991-12-01,ANBIMA12_TJPOUP12,Poupança Rentabilidade Antiga,29.0621
2026-07-27,1992-01-01,ANBIMA12_TJPOUP12,Poupança Rentabilidade Antiga,26.1074
2026-07-27,1992-02-01,ANBIMA12_TJPOUP12,Poupança Rentabilidade Antiga,26.2381
2026-07-27,1992-03-01,ANBIMA12_TJPOUP12,Poupança Rentabilidade Antiga,24.8914
2026-07-27,1992-04-01,ANBIMA12_TJPOUP12,Poupança Rentabilidade Antiga,21.6854
2026-07-27,1992-05-01,ANBIMA12_TJPOUP12,Poupança Rentabilidade Antiga,20.4091
2026-07-27,1992-06-01,ANBIMA12_TJPOUP12,Poupança Rentabilidade Antiga,21.6553
2026-07-27,1992-07-01,ANBIMA12_TJPOUP12,Poupança Rentabilidade Antiga,24.3085
2026-07-27,1992-08-01,ANBIMA12_TJPOUP12,Poupança Rentabilidade Antiga,23.8361
2026-07-27,1992-09-01,ANBIMA12_TJPOUP12,Poupança Rentabilidade Antiga,26.0069
2026-07-27,1992-10-01,ANBIMA12_TJPOUP12,Poupança Rentabilidade Antiga,25.6954
2026-07-27,1992-11-01,ANBIMA12_TJPOUP12,Poupança Rentabilidade Antiga,23.9065
2026-07-27,1992-12-01,ANBIMA12_TJPOUP12,Poupança Rentabilidade Antiga,24.5698
2026-07-27,1993-01-01,ANBIMA12_TJPOUP12,Poupança Rentabilidade Antiga,27.3938
2026-07-27,1993-02-01,ANBIMA12_TJPOUP12,Poupança Rentabilidade Antiga,27.032
2026-07-27,1993-03-01,ANBIMA12_TJPOUP12,Poupança Rentabilidade Antiga,26.439
2026-07-27,1993-04-01,ANBIMA12_TJPOUP12,Poupança Rentabilidade Antiga,28.8611
2026-07-27,1993-05-01,ANBIMA12_TJPOUP12,Poupança Rentabilidade Antiga,29.3234
2026-07-27,1993-06-01,ANBIMA12_TJPOUP12,Poupança Rentabilidade Antiga,30.7304
2026-07-27,1993-07-01,ANBIMA12_TJPOUP12,Poupança Rentabilidade Antiga,31.0218
2026-07-27,1993-08-01,ANBIMA12_TJPOUP12,Poupança Rentabilidade Antiga,34.0067
2026-07-27,1993-09-01,ANBIMA12_TJPOUP12,Poupança Rentabilidade Antiga,35.2931
2026-07-27,1993-10-01,ANBIMA12_TJPOUP12,Poupança Rentabilidade Antiga,37.2127
2026-07-27,1993-11-01,ANBIMA12_TJPOUP12,Poupança Rentabilidade Antiga,36.8408
2026-07-27,1993-12-01,ANBIMA12_TJPOUP12,Poupança Rentabilidade Antiga,37.484
2026-07-27,1994-01-01,ANBIMA12_TJPOUP12,Poupança Rentabilidade Antiga,42.1472
2026-07-27,1994-02-01,ANBIMA12_TJPOUP12,Poupança Rentabilidade Antiga,40.5593
2026-07-27,1994-03-01,ANBIMA12_TJPOUP12,Poupança Rentabilidade Antiga,42.5593
2026-07-27,1994-04-01,ANBIMA12_TJPOUP12,Poupança Rentabilidade Antiga,46.6999
2026-07-27,1994-05-01,ANBIMA12_TJPOUP12,Poupança Rentabilidade Antiga,47.1722
2026-07-27,1994-06-01,ANBIMA12_TJPOUP12,Poupança Rentabilidade Antiga,47.6097
2026-07-27,1994-07-01,ANBIMA12_TJPOUP12,Poupança Rentabilidade Antiga,5.5513
2026-07-27,1994-08-01,ANBIMA12_TJPOUP12,Poupança Rentabilidade Antiga,2.6419
2026-07-27,1994-09-01,ANBIMA12_TJPOUP12,Poupança Rentabilidade Antiga,2.9513
2026-07-27,1994-10-01,ANBIMA12_TJPOUP12,Poupança Rentabilidade Antiga,3.0679
2026-07-27,1994-11-01,ANBIMA12_TJPOUP12,Poupança Rentabilidade Antiga,3.4356
2026-07-27,1994-12-01,ANBIMA12_TJPOUP12,Poupança Rentabilidade Antiga,3.3875
2026-07-27,1995-01-01,ANBIMA12_TJPOUP12,Poupança Rentabilidade Antiga,2.6118
2026-07-27,1995-02-01,ANBIMA12_TJPOUP12,Poupança Rentabilidade Antiga,2.3624
2026-07-27,1995-03-01,ANBIMA12_TJPOUP12,Poupança Rentabilidade Antiga,2.8113
2026-07-27,1995-04-01,ANBIMA12_TJPOUP12,Poupança Rentabilidade Antiga,3.984
2026-07-27,1995-05-01,ANBIMA12_TJPOUP12,Poupança Rentabilidade Antiga,3.7633
2026-07-27,1995-06-01,ANBIMA12_TJPOUP12,Poupança Rentabilidade Antiga,3.4007
2026-07-27,1995-07-01,ANBIMA12_TJPOUP12,Poupança Rentabilidade Antiga,3.5055
2026-07-27,1995-08-01,ANBIMA12_TJPOUP12,Poupança Rentabilidade Antiga,3.1175
2026-07-27,1995-09-01,ANBIMA12_TJPOUP12,Poupança Rentabilidade Antiga,2.449
2026-07-27,1995-10-01,ANBIMA12_TJPOUP12,Poupança Rentabilidade Antiga,2.1623
2026-07-27,1995-11-01,ANBIMA12_TJPOUP12,Poupança Rentabilidade Antiga,1.9459
2026-07-27,1995-12-01,ANBIMA12_TJPOUP12,Poupança Rentabilidade Antiga,1.8467
2026-07-27,1996-01-01,ANBIMA12_TJPOUP12,Poupança Rentabilidade Antiga,1.7589
2026-07-27,1996-02-01,ANBIMA12_TJPOUP12,Poupança Rentabilidade Antiga,1.4673
2026-07-27,1996-03-01,ANBIMA12_TJPOUP12,Poupança Rentabilidade Antiga,1.318
2026-07-27,1996-04-01,ANBIMA12_TJPOUP12,Poupança Rentabilidade Antiga,1.163
2026-07-27,1996-05-01,ANBIMA12_TJPOUP12,Poupança Rentabilidade Antiga,1.0917
2026-07-27,1996-06-01,ANBIMA12_TJPOUP12,Poupança Rentabilidade Antiga,1.1129
2026-07-27,1996-07-01,ANBIMA12_TJPOUP12,Poupança Rentabilidade Antiga,1.088
2026-07-27,1996-08-01,ANBIMA12_TJPOUP12,Poupança Rentabilidade Antiga,1.1306
2026-07-27,1996-09-01,ANBIMA12_TJPOUP12,Poupança Rentabilidade Antiga,1.1653
2026-07-27,1996-10-01,ANBIMA12_TJPOUP12,Poupança Rentabilidade Antiga,1.2456
2026-07-27,1996-11-01,ANBIMA12_TJPOUP12,Poupança Rentabilidade Antiga,1.3187
2026-07-27,1996-12-01,ANBIMA12_TJPOUP12,Poupança Rentabilidade Antiga,1.3761
2026-07-27,1997-01-01,ANBIMA12_TJPOUP12,Poupança Rentabilidade Antiga,1.2477
2026-07-27,1997-02-01,ANBIMA12_TJPOUP12,Poupança Rentabilidade Antiga,1.1649
2026-07-27,1997-03-01,ANBIMA12_TJPOUP12,Poupança Rentabilidade Antiga,1.1348
2026-07-27,1997-04-01,ANBIMA12_TJPOUP12,Poupança Rentabilidade Antiga,1.1242
2026-07-27,1997-05-01,ANBIMA12_TJPOUP12,Poupança Rentabilidade Antiga,1.1386
2026-07-27,1997-06-01,ANBIMA12_TJPOUP12,Poupança Rentabilidade Antiga,1.1568
2026-07-27,1997-07-01,ANBIMA12_TJPOUP12,Poupança Rentabilidade Antiga,1.1613
2026-07-27,1997-08-01,ANBIMA12_TJPOUP12,Poupança Rentabilidade Antiga,1.1301
2026-07-27,1997-09-01,ANBIMA12_TJPOUP12,Poupança Rentabilidade Antiga,1.1506
2026-07-27,1997-10-01,ANBIMA12_TJPOUP12,Poupança Rentabilidade Antiga,1.1586
2026-07-27,1997-11-01,ANBIMA12_TJPOUP12,Poupança Rentabilidade Antiga,2.0411
2026-07-27,1997-12-01,ANBIMA12_TJPOUP12,Poupança Rentabilidade Antiga,1.815
2026-07-27,1998-01-01,ANBIMA12_TJPOUP12,Poupança Rentabilidade Antiga,1.6516
2026-07-27,1998-02-01,ANBIMA12_TJPOUP12,Poupança Rentabilidade Antiga,0.9483
2026-07-27,1998-03-01,ANBIMA12_TJPOUP12,Poupança Rentabilidade Antiga,1.404
2026-07-27,1998-04-01,ANBIMA12_TJPOUP12,Poupança Rentabilidade Antiga,0.9744
2026-07-27,1998-05-01,ANBIMA12_TJPOUP12,Poupança Rentabilidade Antiga,0.9566
2026-07-27,1998-06-01,ANBIMA12_TJPOUP12,Poupança Rentabilidade Antiga,0.9938
2026-07-27,1998-07-01,ANBIMA12_TJPOUP12,Poupança Rentabilidade Antiga,1.0531
2026-07-27,1998-08-01,ANBIMA12_TJPOUP12,Poupança Rentabilidade Antiga,0.8768
2026-07-27,1998-09-01,ANBIMA12_TJPOUP12,Poupança Rentabilidade Antiga,0.9535
2026-07-27,1998-10-01,ANBIMA12_TJPOUP12,Poupança Rentabilidade Antiga,1.3936
2026-07-27,1998-11-01,ANBIMA12_TJPOUP12,Poupança Rentabilidade Antiga,1.1167
2026-07-27,1998-12-01,ANBIMA12_TJPOUP12,Poupança Rentabilidade Antiga,1.2471
2026-07-27,1999-01-01,ANBIMA12_TJPOUP12,Poupança Rentabilidade Antiga,1.0189
2026-07-27,1999-02-01,ANBIMA12_TJPOUP12,Poupança Rentabilidade Antiga,1.3339
2026-07-27,1999-03-01,ANBIMA12_TJPOUP12,Poupança Rentabilidade Antiga,1.6672
2026-07-27,1999-04-01,ANBIMA12_TJPOUP12,Poupança Rentabilidade Antiga,1.1122
2026-07-27,1999-05-01,ANBIMA12_TJPOUP12,Poupança Rentabilidade Antiga,1.079
2026-07-27,1999-06-01,ANBIMA12_TJPOUP12,Poupança Rentabilidade Antiga,0.8124
2026-07-27,1999-07-01,ANBIMA12_TJPOUP12,Poupança Rentabilidade Antiga,0.7948
2026-07-27,1999-08-01,ANBIMA12_TJPOUP12,Poupança Rentabilidade Antiga,0.796
2026-07-27,1999-09-01,ANBIMA12_TJPOUP12,Poupança Rentabilidade Antiga,0.7729
2026-07-27,1999-10-01,ANBIMA12_TJPOUP12,Poupança Rentabilidade Antiga,0.7276
2026-07-27,1999-11-01,ANBIMA12_TJPOUP12,Poupança Rentabilidade Antiga,0.7008
2026-07-27,1999-12-01,ANBIMA12_TJPOUP12,Poupança Rentabilidade Antiga,0.8013
2026-07-27,2000-01-01,ANBIMA12_TJPOUP12,Poupança Rentabilidade Antiga,0.716
2026-07-27,2000-02-01,ANBIMA12_TJPOUP12,Poupança Rentabilidade Antiga,0.734
2026-07-27,2000-03-01,ANBIMA12_TJPOUP12,Poupança Rentabilidade Antiga,0.7253
2026-07-27,2000-04-01,ANBIMA12_TJPOUP12,Poupança Rentabilidade Antiga,0.6308
2026-07-27,2000-05-01,ANBIMA12_TJPOUP12,Poupança Rentabilidade Antiga,0.7504
2026-07-27,2000-06-01,ANBIMA12_TJPOUP12,Poupança Rentabilidade Antiga,0.7151
2026-07-27,2000-07-01,ANBIMA12_TJPOUP12,Poupança Rentabilidade Antiga,0.6555
2026-07-27,2000-08-01,ANBIMA12_TJPOUP12,Poupança Rentabilidade Antiga,0.7035
2026-07-27,2000-09-01,ANBIMA12_TJPOUP12,Poupança Rentabilidade Antiga,0.6043
2026-07-27,2000-10-01,ANBIMA12_TJPOUP12,Poupança Rentabilidade Antiga,0.6323
2026-07-27,2000-11-01,ANBIMA12_TJPOUP12,Poupança Rentabilidade Antiga,0.6203
2026-07-27,2000-12-01,ANBIMA12_TJPOUP12,Poupança Rentabilidade Antiga,0.5996
2026-07-27,2001-01-01,ANBIMA12_TJPOUP12,Poupança Rentabilidade Antiga,0.6376
2026-07-27,2001-02-01,ANBIMA12_TJPOUP12,Poupança Rentabilidade Antiga,0.537
2026-07-27,2001-03-01,ANBIMA12_TJPOUP12,Poupança Rentabilidade Antiga,0.6733
2026-07-27,2001-04-01,ANBIMA12_TJPOUP12,Poupança Rentabilidade Antiga,0.6554
2026-07-27,2001-05-01,ANBIMA12_TJPOUP12,Poupança Rentabilidade Antiga,0.6836
2026-07-27,2001-06-01,ANBIMA12_TJPOUP12,Poupança Rentabilidade Antiga,0.6465
2026-07-27,2001-07-01,ANBIMA12_TJPOUP12,Poupança Rentabilidade Antiga,0.7453
2026-07-27,2001-08-01,ANBIMA12_TJPOUP12,Poupança Rentabilidade Antiga,0.8453
2026-07-27,2001-09-01,ANBIMA12_TJPOUP12,Poupança Rentabilidade Antiga,0.6635
2026-07-27,2001-10-01,ANBIMA12_TJPOUP12,Poupança Rentabilidade Antiga,0.7928
2026-07-27,2001-11-01,ANBIMA12_TJPOUP12,Poupança Rentabilidade Antiga,0.6938
2026-07-27,2001-12-01,ANBIMA12_TJPOUP12,Poupança Rentabilidade Antiga,0.6993
2026-07-27,2002-01-01,ANBIMA12_TJPOUP12,Poupança Rentabilidade Antiga,0.7604
2026-07-27,2002-02-01,ANBIMA12_TJPOUP12,Poupança Rentabilidade Antiga,0.6177
2026-07-27,2002-03-01,ANBIMA12_TJPOUP12,Poupança Rentabilidade Antiga,0.6767
2026-07-27,2002-04-01,ANBIMA12_TJPOUP12,Poupança Rentabilidade Antiga,0.7369
2026-07-27,2002-05-01,ANBIMA12_TJPOUP12,Poupança Rentabilidade Antiga,0.7113
2026-07-27,2002-06-01,ANBIMA12_TJPOUP12,Poupança Rentabilidade Antiga,0.659
2026-07-27,2002-07-01,ANBIMA12_TJPOUP12,Poupança Rentabilidade Antiga,0.7669
2026-07-27,2002-08-01,ANBIMA12_TJPOUP12,Poupança Rentabilidade Antiga,0.7493
2026-07-27,2002-09-01,ANBIMA12_TJPOUP12,Poupança Rentabilidade Antiga,0.6965
2026-07-27,2002-10-01,ANBIMA12_TJPOUP12,Poupança Rentabilidade Antiga,0.7782
2026-07-27,2002-11-01,ANBIMA12_TJPOUP12,Poupança Rentabilidade Antiga,0.7657
2026-07-27,2002-12-01,ANBIMA12_TJPOUP12,Poupança Rentabilidade Antiga,0.8627
2026-07-27,2003-01-01,ANBIMA12_TJPOUP12,Poupança Rentabilidade Antiga,0.9902
2026-07-27,2003-02-01,ANBIMA12_TJPOUP12,Poupança Rentabilidade Antiga,0.9137
2026-07-27,2003-03-01,ANBIMA12_TJPOUP12,Poupança Rentabilidade Antiga,0.8801
2026-07-27,2003-04-01,ANBIMA12_TJPOUP12,Poupança Rentabilidade Antiga,0.9205
2026-07-27,2003-05-01,ANBIMA12_TJPOUP12,Poupança Rentabilidade Antiga,0.9673
2026-07-27,2003-06-01,ANBIMA12_TJPOUP12,Poupança Rentabilidade Antiga,0.9187
2026-07-27,2003-07-01,ANBIMA12_TJPOUP12,Poupança Rentabilidade Antiga,1.0492
2026-07-27,2003-08-01,ANBIMA12_TJPOUP12,Poupança Rentabilidade Antiga,0.9058
2026-07-27,2003-09-01,ANBIMA12_TJPOUP12,Poupança Rentabilidade Antiga,0.8381
2026-07-27,2003-10-01,ANBIMA12_TJPOUP12,Poupança Rentabilidade Antiga,0.8229
2026-07-27,2003-11-01,ANBIMA12_TJPOUP12,Poupança Rentabilidade Antiga,0.6785
2026-07-27,2003-12-01,ANBIMA12_TJPOUP12,Poupança Rentabilidade Antiga,0.6908
2026-07-27,2004-01-01,ANBIMA12_TJPOUP12,Poupança Rentabilidade Antiga,0.6286
2026-07-27,2004-02-01,ANBIMA12_TJPOUP12,Poupança Rentabilidade Antiga,0.546
2026-07-27,2004-03-01,ANBIMA12_TJPOUP12,Poupança Rentabilidade Antiga,0.6787
2026-07-27,2004-04-01,ANBIMA12_TJPOUP12,Poupança Rentabilidade Antiga,0.5878
2026-07-27,2004-05-01,ANBIMA12_TJPOUP12,Poupança Rentabilidade Antiga,0.6554
2026-07-27,2004-06-01,ANBIMA12_TJPOUP12,Poupança Rentabilidade Antiga,0.677
2026-07-27,2004-07-01,ANBIMA12_TJPOUP12,Poupança Rentabilidade Antiga,0.6962
2026-07-27,2004-08-01,ANBIMA12_TJPOUP12,Poupança Rentabilidade Antiga,0.7015
2026-07-27,2004-09-01,ANBIMA12_TJPOUP12,Poupança Rentabilidade Antiga,0.6737
2026-07-27,2004-10-01,ANBIMA12_TJPOUP12,Poupança Rentabilidade Antiga,0.6114
2026-07-27,2004-11-01,ANBIMA12_TJPOUP12,Poupança Rentabilidade Antiga,0.6152
2026-07-27,2004-12-01,ANBIMA12_TJPOUP12,Poupança Rentabilidade Antiga,0.7412
2026-07-27,2005-01-01,ANBIMA12_TJPOUP12,Poupança Rentabilidade Antiga,0.6889
2026-07-27,2005-02-01,ANBIMA12_TJPOUP12,Poupança Rentabilidade Antiga,0.5967
2026-07-27,2005-03-01,ANBIMA12_TJPOUP12,Poupança Rentabilidade Antiga,0.7648
2026-07-27,2005-04-01,ANBIMA12_TJPOUP12,Poupança Rentabilidade Antiga,0.7013
2026-07-27,2005-05-01,ANBIMA12_TJPOUP12,Poupança Rentabilidade Antiga,0.754
2026-07-27,2005-06-01,ANBIMA12_TJPOUP12,Poupança Rentabilidade Antiga,0.8008
2026-07-27,2005-07-01,ANBIMA12_TJPOUP12,Poupança Rentabilidade Antiga,0.7588
2026-07-27,2005-08-01,ANBIMA12_TJPOUP12,Poupança Rentabilidade Antiga,0.8483
2026-07-27,2005-09-01,ANBIMA12_TJPOUP12,Poupança Rentabilidade Antiga,0.765
2026-07-27,2005-10-01,ANBIMA12_TJPOUP12,Poupança Rentabilidade Antiga,0.711
2026-07-27,2005-11-01,ANBIMA12_TJPOUP12,Poupança Rentabilidade Antiga,0.6939
2026-07-27,2005-12-01,ANBIMA12_TJPOUP12,Poupança Rentabilidade Antiga,0.728
2026-07-27,2006-01-01,ANBIMA12_TJPOUP12,Poupança Rentabilidade Antiga,0.7338
2026-07-27,2006-02-01,ANBIMA12_TJPOUP12,Poupança Rentabilidade Antiga,0.5729
2026-07-27,2006-03-01,ANBIMA12_TJPOUP12,Poupança Rentabilidade Antiga,0.7083
2026-07-27,2006-04-01,ANBIMA12_TJPOUP12,Poupança Rentabilidade Antiga,0.5859
2026-07-27,2006-05-01,ANBIMA12_TJPOUP12,Poupança Rentabilidade Antiga,0.6897
2026-07-27,2006-06-01,ANBIMA12_TJPOUP12,Poupança Rentabilidade Antiga,0.6947
2026-07-27,2006-07-01,ANBIMA12_TJPOUP12,Poupança Rentabilidade Antiga,0.676
2026-07-27,2006-08-01,ANBIMA12_TJPOUP12,Poupança Rentabilidade Antiga,0.7448
2026-07-27,2006-09-01,ANBIMA12_TJPOUP12,Poupança Rentabilidade Antiga,0.6529
2026-07-27,2006-10-01,ANBIMA12_TJPOUP12,Poupança Rentabilidade Antiga,0.6884
2026-07-27,2006-11-01,ANBIMA12_TJPOUP12,Poupança Rentabilidade Antiga,0.6288
2026-07-27,2006-12-01,ANBIMA12_TJPOUP12,Poupança Rentabilidade Antiga,0.653
2026-07-27,2007-01-01,ANBIMA12_TJPOUP12,Poupança Rentabilidade Antiga,0.72
2026-07-27,2007-02-01,ANBIMA12_TJPOUP12,Poupança Rentabilidade Antiga,0.5725
2026-07-27,2007-03-01,ANBIMA12_TJPOUP12,Poupança Rentabilidade Antiga,0.6885
2026-07-27,2007-04-01,ANBIMA12_TJPOUP12,Poupança Rentabilidade Antiga,0.6278
2026-07-27,2007-05-01,ANBIMA12_TJPOUP12,Poupança Rentabilidade Antiga,0.6697
2026-07-27,2007-06-01,ANBIMA12_TJPOUP12,Poupança Rentabilidade Antiga,0.5959
2026-07-27,2007-07-01,ANBIMA12_TJPOUP12,Poupança Rentabilidade Antiga,0.6476
2026-07-27,2007-08-01,ANBIMA12_TJPOUP12,Poupança Rentabilidade Antiga,0.6473
2026-07-27,2007-09-01,ANBIMA12_TJPOUP12,Poupança Rentabilidade Antiga,0.5354
2026-07-27,2007-10-01,ANBIMA12_TJPOUP12,Poupança Rentabilidade Antiga,0.6148
2026-07-27,2007-11-01,ANBIMA12_TJPOUP12,Poupança Rentabilidade Antiga,0.5593
2026-07-27,2007-12-01,ANBIMA12_TJPOUP12,Poupança Rentabilidade Antiga,0.5643
2026-07-27,2008-01-01,ANBIMA12_TJPOUP12,Poupança Rentabilidade Antiga,0.6015
2026-07-27,2008-02-01,ANBIMA12_TJPOUP12,Poupança Rentabilidade Antiga,0.5244
2026-07-27,2008-03-01,ANBIMA12_TJPOUP12,Poupança Rentabilidade Antiga,0.5411
2026-07-27,2008-04-01,ANBIMA12_TJPOUP12,Poupança Rentabilidade Antiga,0.596
2026-07-27,2008-05-01,ANBIMA12_TJPOUP12,Poupança Rentabilidade Antiga,0.574
2026-07-27,2008-06-01,ANBIMA12_TJPOUP12,Poupança Rentabilidade Antiga,0.6152
2026-07-27,2008-07-01,ANBIMA12_TJPOUP12,Poupança Rentabilidade Antiga,0.6924
2026-07-27,2008-08-01,ANBIMA12_TJPOUP12,Poupança Rentabilidade Antiga,0.6582
2026-07-27,2008-09-01,ANBIMA12_TJPOUP12,Poupança Rentabilidade Antiga,0.698
2026-07-27,2008-10-01,ANBIMA12_TJPOUP12,Poupança Rentabilidade Antiga,0.7519
2026-07-27,2008-11-01,ANBIMA12_TJPOUP12,Poupança Rentabilidade Antiga,0.6626
2026-07-27,2008-12-01,ANBIMA12_TJPOUP12,Poupança Rentabilidade Antiga,0.716
2026-07-27,2009-01-01,ANBIMA12_TJPOUP12,Poupança Rentabilidade Antiga,0.6849
2026-07-27,2009-02-01,ANBIMA12_TJPOUP12,Poupança Rentabilidade Antiga,0.5453
2026-07-27,2009-03-01,ANBIMA12_TJPOUP12,Poupança Rentabilidade Antiga,0.6445
2026-07-27,2009-04-01,ANBIMA12_TJPOUP12,Poupança Rentabilidade Antiga,0.5456
2026-07-27,2009-05-01,ANBIMA12_TJPOUP12,Poupança Rentabilidade Antiga,0.5451
2026-07-27,2009-06-01,ANBIMA12_TJPOUP12,Poupança Rentabilidade Antiga,0.5659
2026-07-27,2009-07-01,ANBIMA12_TJPOUP12,Poupança Rentabilidade Antiga,0.6056
2026-07-27,2009-08-01,ANBIMA12_TJPOUP12,Poupança Rentabilidade Antiga,0.5198
2026-07-27,2009-09-01,ANBIMA12_TJPOUP12,Poupança Rentabilidade Antiga,0.5
2026-07-27,2009-10-01,ANBIMA12_TJPOUP12,Poupança Rentabilidade Antiga,0.5
2026-07-27,2009-11-01,ANBIMA12_TJPOUP12,Poupança Rentabilidade Antiga,0.5
2026-07-27,2009-12-01,ANBIMA12_TJPOUP12,Poupança Rentabilidade Antiga,0.5536
2026-07-27,2010-01-01,ANBIMA12_TJPOUP12,Poupança Rentabilidade Antiga,0.5
2026-07-27,2010-02-01,ANBIMA12_TJPOUP12,Poupança Rentabilidade Antiga,0.5
2026-07-27,2010-03-01,ANBIMA12_TJPOUP12,Poupança Rentabilidade Antiga,0.5796
2026-07-27,2010-04-01,ANBIMA12_TJPOUP12,Poupança Rentabilidade Antiga,0.5
2026-07-27,2010-05-01,ANBIMA12_TJPOUP12,Poupança Rentabilidade Antiga,0.5513
2026-07-27,2010-06-01,ANBIMA12_TJPOUP12,Poupança Rentabilidade Antiga,0.5592
2026-07-27,2010-07-01,ANBIMA12_TJPOUP12,Poupança Rentabilidade Antiga,0.6157
2026-07-27,2010-08-01,ANBIMA12_TJPOUP12,Poupança Rentabilidade Antiga,0.5914
2026-07-27,2010-09-01,ANBIMA12_TJPOUP12,Poupança Rentabilidade Antiga,0.5706
2026-07-27,2010-10-01,ANBIMA12_TJPOUP12,Poupança Rentabilidade Antiga,0.5474
2026-07-27,2010-11-01,ANBIMA12_TJPOUP12,Poupança Rentabilidade Antiga,0.5338
2026-07-27,2010-12-01,ANBIMA12_TJPOUP12,Poupança Rentabilidade Antiga,0.6413
2026-07-27,2011-01-01,ANBIMA12_TJPOUP12,Poupança Rentabilidade Antiga,0.5719
2026-07-27,2011-02-01,ANBIMA12_TJPOUP12,Poupança Rentabilidade Antiga,0.5527
2026-07-27,2011-03-01,ANBIMA12_TJPOUP12,Poupança Rentabilidade Antiga,0.6218
2026-07-27,2011-04-01,ANBIMA12_TJPOUP12,Poupança Rentabilidade Antiga,0.5371
2026-07-27,2011-05-01,ANBIMA12_TJPOUP12,Poupança Rentabilidade Antiga,0.6578
2026-07-27,2011-06-01,ANBIMA12_TJPOUP12,Poupança Rentabilidade Antiga,0.612
2026-07-27,2011-07-01,ANBIMA12_TJPOUP12,Poupança Rentabilidade Antiga,0.6235
2026-07-27,2011-08-01,ANBIMA12_TJPOUP12,Poupança Rentabilidade Antiga,0.7086
2026-07-27,2011-09-01,ANBIMA12_TJPOUP12,Poupança Rentabilidade Antiga,0.6008
2026-07-27,2011-10-01,ANBIMA12_TJPOUP12,Poupança Rentabilidade Antiga,0.5623
2026-07-27,2011-11-01,ANBIMA12_TJPOUP12,Poupança Rentabilidade Antiga,0.5648
2026-07-27,2011-12-01,ANBIMA12_TJPOUP12,Poupança Rentabilidade Antiga,0.5942
2026-07-27,2012-01-01,ANBIMA12_TJPOUP12,Poupança Rentabilidade Antiga,0.5868
2026-07-27,2012-02-01,ANBIMA12_TJPOUP12,Poupança Rentabilidade Antiga,0.5
2026-07-27,2012-03-01,ANBIMA12_TJPOUP12,Poupança Rentabilidade Antiga,0.6073
2026-07-27,2012-04-01,ANBIMA12_TJPOUP12,Poupança Rentabilidade Antiga,0.5228
2026-07-27,2012-05-01,ANBIMA12_TJPOUP12,Poupança Rentabilidade Antiga,0.547
2026-07-27,2012-06-01,ANBIMA12_TJPOUP12,Poupança Rentabilidade Antiga,0.5
2026-07-27,2012-07-01,ANBIMA12_TJPOUP12,Poupança Rentabilidade Antiga,0.5145
2026-07-27,2012-08-01,ANBIMA12_TJPOUP12,Poupança Rentabilidade Antiga,0.5124
2026-07-27,2012-09-01,ANBIMA12_TJPOUP12,Poupança Rentabilidade Antiga,0.5
2026-07-27,2012-10-01,ANBIMA12_TJPOUP12,Poupança Rentabilidade Antiga,0.5
2026-07-27,2012-11-01,ANBIMA12_TJPOUP12,Poupança Rentabilidade Antiga,0.5
2026-07-27,2012-12-01,ANBIMA12_TJPOUP12,Poupança Rentabilidade Antiga,0.5
2026-07-27,2013-01-01,ANBIMA12_TJPOUP12,Poupança Rentabilidade Antiga,0.5
2026-07-27,2013-02-01,ANBIMA12_TJPOUP12,Poupança Rentabilidade Antiga,0.5
2026-07-27,2013-03-01,ANBIMA12_TJPOUP12,Poupança Rentabilidade Antiga,0.5
2026-07-27,2013-04-01,ANBIMA12_TJPOUP12,Poupança Rentabilidade Antiga,0.5
2026-07-27,2013-05-01,ANBIMA12_TJPOUP12,Poupança Rentabilidade Antiga,0.5
2026-07-27,2013-06-01,ANBIMA12_TJPOUP12,Poupança Rentabilidade Antiga,0.5
2026-07-27,2013-07-01,ANBIMA12_TJPOUP12,Poupança Rentabilidade Antiga,0.521
2026-07-27,2013-08-01,ANBIMA12_TJPOUP12,Poupança Rentabilidade Antiga,0.5
2026-07-27,2013-09-01,ANBIMA12_TJPOUP12,Poupança Rentabilidade Antiga,0.5079
2026-07-27,2013-10-01,ANBIMA12_TJPOUP12,Poupança Rentabilidade Antiga,0.5925
2026-07-27,2013-11-01,ANBIMA12_TJPOUP12,Poupança Rentabilidade Antiga,0.5208
2026-07-27,2013-12-01,ANBIMA12_TJPOUP12,Poupança Rentabilidade Antiga,0.5496
2026-07-27,2014-01-01,ANBIMA12_TJPOUP12,Poupança Rentabilidade Antiga,0.6132
2026-07-27,2014-02-01,ANBIMA12_TJPOUP12,Poupança Rentabilidade Antiga,0.554
2026-07-27,2014-03-01,ANBIMA12_TJPOUP12,Poupança Rentabilidade Antiga,0.5267
2026-07-27,2014-04-01,ANBIMA12_TJPOUP12,Poupança Rentabilidade Antiga,0.5461
2026-07-27,2014-05-01,ANBIMA12_TJPOUP12,Poupança Rentabilidade Antiga,0.5607
2026-07-27,2014-06-01,ANBIMA12_TJPOUP12,Poupança Rentabilidade Antiga,0.5467
2026-07-27,2014-07-01,ANBIMA12_TJPOUP12,Poupança Rentabilidade Antiga,0.6059
2026-07-27,2014-08-01,ANBIMA12_TJPOUP12,Poupança Rentabilidade Antiga,0.5605
2026-07-27,2014-09-01,ANBIMA12_TJPOUP12,Poupança Rentabilidade Antiga,0.5877
2026-07-27,2014-10-01,ANBIMA12_TJPOUP12,Poupança Rentabilidade Antiga,0.6043
2026-07-27,2014-11-01,ANBIMA12_TJPOUP12,Poupança Rentabilidade Antiga,0.5485
2026-07-27,2014-12-01,ANBIMA12_TJPOUP12,Poupança Rentabilidade Antiga,0.6058
2026-07-27,2015-01-01,ANBIMA12_TJPOUP12,Poupança Rentabilidade Antiga,0.5882
2026-07-27,2015-02-01,ANBIMA12_TJPOUP12,Poupança Rentabilidade Antiga,0.5169
2026-07-27,2015-03-01,ANBIMA12_TJPOUP12,Poupança Rentabilidade Antiga,0.6302
2026-07-27,2015-04-01,ANBIMA12_TJPOUP12,Poupança Rentabilidade Antiga,0.6079
2026-07-27,2015-05-01,ANBIMA12_TJPOUP12,Poupança Rentabilidade Antiga,0.6159
2026-07-27,2015-06-01,ANBIMA12_TJPOUP12,Poupança Rentabilidade Antiga,0.6822
2026-07-27,2015-07-01,ANBIMA12_TJPOUP12,Poupança Rentabilidade Antiga,0.7317
2026-07-27,2015-08-01,ANBIMA12_TJPOUP12,Poupança Rentabilidade Antiga,0.6876
2026-07-27,2015-09-01,ANBIMA12_TJPOUP12,Poupança Rentabilidade Antiga,0.693
2026-07-27,2015-10-01,ANBIMA12_TJPOUP12,Poupança Rentabilidade Antiga,0.6799
2026-07-27,2015-11-01,ANBIMA12_TJPOUP12,Poupança Rentabilidade Antiga,0.6303
2026-07-27,2015-12-01,ANBIMA12_TJPOUP12,Poupança Rentabilidade Antiga,0.7261
2026-07-27,2016-01-01,ANBIMA12_TJPOUP12,Poupança Rentabilidade Antiga,0.6327
2026-07-27,2016-02-01,ANBIMA12_TJPOUP12,Poupança Rentabilidade Antiga,0.5962
2026-07-27,2016-03-01,ANBIMA12_TJPOUP12,Poupança Rentabilidade Antiga,0.7179
2026-07-27,2016-04-01,ANBIMA12_TJPOUP12,Poupança Rentabilidade Antiga,0.6311
2026-07-27,2016-05-01,ANBIMA12_TJPOUP12,Poupança Rentabilidade Antiga,0.6541
2026-07-27,2016-06-01,ANBIMA12_TJPOUP12,Poupança Rentabilidade Antiga,0.7053
2026-07-27,2016-07-01,ANBIMA12_TJPOUP12,Poupança Rentabilidade Antiga,0.6629
2026-07-27,2016-08-01,ANBIMA12_TJPOUP12,Poupança Rentabilidade Antiga,0.7558
2026-07-27,2016-09-01,ANBIMA12_TJPOUP12,Poupança Rentabilidade Antiga,0.6583
2026-07-27,2016-10-01,ANBIMA12_TJPOUP12,Poupança Rentabilidade Antiga,0.6609
2026-07-27,2016-11-01,ANBIMA12_TJPOUP12,Poupança Rentabilidade Antiga,0.6435
2026-07-27,2016-12-01,ANBIMA12_TJPOUP12,Poupança Rentabilidade Antiga,0.6858
2026-07-27,2017-01-01,ANBIMA12_TJPOUP12,Poupança Rentabilidade Antiga,0.6708
2026-07-27,2017-02-01,ANBIMA12_TJPOUP12,Poupança Rentabilidade Antiga,0.5304
2026-07-27,2017-03-01,ANBIMA12_TJPOUP12,Poupança Rentabilidade Antiga,0.6527
2026-07-27,2017-04-01,ANBIMA12_TJPOUP12,Poupança Rentabilidade Antiga,0.5
2026-07-27,2017-05-01,ANBIMA12_TJPOUP12,Poupança Rentabilidade Antiga,0.5768
2026-07-27,2017-06-01,ANBIMA12_TJPOUP12,Poupança Rentabilidade Antiga,0.5539
2026-07-27,2017-07-01,ANBIMA12_TJPOUP12,Poupança Rentabilidade Antiga,0.5626
2026-07-27,2017-08-01,ANBIMA12_TJPOUP12,Poupança Rentabilidade Antiga,0.5512
2026-07-27,2017-09-01,ANBIMA12_TJPOUP12,Poupança Rentabilidade Antiga,0.5
2026-07-27,2017-10-01,ANBIMA12_TJPOUP12,Poupança Rentabilidade Antiga,0.5
2026-07-27,2017-11-01,ANBIMA12_TJPOUP12,Poupança Rentabilidade Antiga,0.5
2026-07-27,2017-12-01,ANBIMA12_TJPOUP12,Poupança Rentabilidade Antiga,0.5
2026-07-27,2018-01-01,ANBIMA12_TJPOUP12,Poupança Rentabilidade Antiga,0.5
2026-07-27,2018-02-01,ANBIMA12_TJPOUP12,Poupança Rentabilidade Antiga,0.5
2026-07-27,2018-03-01,ANBIMA12_TJPOUP12,Poupança Rentabilidade Antiga,0.5
2026-07-27,2018-04-01,ANBIMA12_TJPOUP12,Poupança Rentabilidade Antiga,0.5
2026-07-27,2018-05-01,ANBIMA12_TJPOUP12,Poupança Rentabilidade Antiga,0.5
2026-07-27,2018-06-01,ANBIMA12_TJPOUP12,Poupança Rentabilidade Antiga,0.5
2026-07-27,2018-07-01,ANBIMA12_TJPOUP12,Poupança Rentabilidade Antiga,0.5
2026-07-27,2018-08-01,ANBIMA12_TJPOUP12,Poupança Rentabilidade Antiga,0.5
2026-07-27,2018-09-01,ANBIMA12_TJPOUP12,Poupança Rentabilidade Antiga,0.5
2026-07-27,2018-10-01,ANBIMA12_TJPOUP12,Poupança Rentabilidade Antiga,0.5
2026-07-27,2018-11-01,ANBIMA12_TJPOUP12,Poupança Rentabilidade Antiga,0.5
2026-07-27,2018-12-01,ANBIMA12_TJPOUP12,Poupança Rentabilidade Antiga,0.5
2026-07-27,2019-01-01,ANBIMA12_TJPOUP12,Poupança Rentabilidade Antiga,0.5
2026-07-27,2019-02-01,ANBIMA12_TJPOUP12,Poupança Rentabilidade Antiga,0.5
2026-07-27,2019-03-01,ANBIMA12_TJPOUP12,Poupança Rentabilidade Antiga,0.5
2026-07-27,2019-04-01,ANBIMA12_TJPOUP12,Poupança Rentabilidade Antiga,0.5
2026-07-27,2019-05-01,ANBIMA12_TJPOUP12,Poupança Rentabilidade Antiga,0.5
2026-07-27,2019-06-01,ANBIMA12_TJPOUP12,Poupança Rentabilidade Antiga,0.5
2026-07-27,2019-07-01,ANBIMA12_TJPOUP12,Poupança Rentabilidade Antiga,0.5
2026-07-27,2019-08-01,ANBIMA12_TJPOUP12,Poupança Rentabilidade Antiga,0.5
2026-07-27,2019-09-01,ANBIMA12_TJPOUP12,Poupança Rentabilidade Antiga,0.5
2026-07-27,2019-10-01,ANBIMA12_TJPOUP12,Poupança Rentabilidade Antiga,0.5
2026-07-27,2019-11-01,ANBIMA12_TJPOUP12,Poupança Rentabilidade Antiga,0.5
2026-07-27,2019-12-01,ANBIMA12_TJPOUP12,Poupança Rentabilidade Antiga,0.5
2026-07-27,2020-01-01,ANBIMA12_TJPOUP12,Poupança Rentabilidade Antiga,0.5
2026-07-27,2020-02-01,ANBIMA12_TJPOUP12,Poupança Rentabilidade Antiga,0.5
2026-07-27,2020-03-01,ANBIMA12_TJPOUP12,Poupança Rentabilidade Antiga,0.5
2026-07-27,2020-04-01,ANBIMA12_TJPOUP12,Poupança Rentabilidade Antiga,0.5
2026-07-27,2020-05-01,ANBIMA12_TJPOUP12,Poupança Rentabilidade Antiga,0.5
2026-07-27,2020-06-01,ANBIMA12_TJPOUP12,Poupança Rentabilidade Antiga,0.5
2026-07-27,2020-07-01,ANBIMA12_TJPOUP12,Poupança Rentabilidade Antiga,0.5
2026-07-27,2020-08-01,ANBIMA12_TJPOUP12,Poupança Rentabilidade Antiga,0.5
2026-07-27,2020-09-01,ANBIMA12_TJPOUP12,Poupança Rentabilidade Antiga,0.5
2026-07-27,2020-10-01,ANBIMA12_TJPOUP12,Poupança Rentabilidade Antiga,0.5
2026-07-27,2020-11-01,ANBIMA12_TJPOUP12,Poupança Rentabilidade Antiga,0.5
2026-07-27,2020-12-01,ANBIMA12_TJPOUP12,Poupança Rentabilidade Antiga,0.5
2026-07-27,2021-01-01,ANBIMA12_TJPOUP12,Poupança Rentabilidade Antiga,0.5
2026-07-27,2021-02-01,ANBIMA12_TJPOUP12,Poupança Rentabilidade Antiga,0.5
2026-07-27,2021-03-01,ANBIMA12_TJPOUP12,Poupança Rentabilidade Antiga,0.5
2026-07-27,2021-04-01,ANBIMA12_TJPOUP12,Poupança Rentabilidade Antiga,0.5
2026-07-27,2021-05-01,ANBIMA12_TJPOUP12,Poupança Rentabilidade Antiga,0.5
2026-07-27,2021-06-01,ANBIMA12_TJPOUP12,Poupança Rentabilidade Antiga,0.5
2026-07-27,2021-07-01,ANBIMA12_TJPOUP12,Poupança Rentabilidade Antiga,0.5
2026-07-27,2021-08-01,ANBIMA12_TJPOUP12,Poupança Rentabilidade Antiga,0.5
2026-07-27,2021-09-01,ANBIMA12_TJPOUP12,Poupança Rentabilidade Antiga,0.5
2026-07-27,2021-10-01,ANBIMA12_TJPOUP12,Poupança Rentabilidade Antiga,0.5
2026-07-27,2021-11-01,ANBIMA12_TJPOUP12,Poupança Rentabilidade Antiga,0.5
2026-07-27,2021-12-01,ANBIMA12_TJPOUP12,Poupança Rentabilidade Antiga,0.549
2026-07-27,2022-01-01,ANBIMA12_TJPOUP12,Poupança Rentabilidade Antiga,0.5608
2026-07-27,2022-02-01,ANBIMA12_TJPOUP12,Poupança Rentabilidade Antiga,0.5
2026-07-27,2022-03-01,ANBIMA12_TJPOUP12,Poupança Rentabilidade Antiga,0.5976
2026-07-27,2022-04-01,ANBIMA12_TJPOUP12,Poupança Rentabilidade Antiga,0.5558
2026-07-27,2022-05-01,ANBIMA12_TJPOUP12,Poupança Rentabilidade Antiga,0.6671
2026-07-27,2022-06-01,ANBIMA12_TJPOUP12,Poupança Rentabilidade Antiga,0.6491
2026-07-27,2022-07-01,ANBIMA12_TJPOUP12,Poupança Rentabilidade Antiga,0.6639
2026-07-27,2022-08-01,ANBIMA12_TJPOUP12,Poupança Rentabilidade Antiga,0.7421
2026-07-27,2022-09-01,ANBIMA12_TJPOUP12,Poupança Rentabilidade Antiga,0.6814
2026-07-27,2022-10-01,ANBIMA12_TJPOUP12,Poupança Rentabilidade Antiga,0.6501
2026-07-27,2022-11-01,ANBIMA12_TJPOUP12,Poupança Rentabilidade Antiga,0.6515
2026-07-27,2022-12-01,ANBIMA12_TJPOUP12,Poupança Rentabilidade Antiga,0.7082
2026-07-27,2023-01-01,ANBIMA12_TJPOUP12,Poupança Rentabilidade Antiga,0.7091
2026-07-27,2023-02-01,ANBIMA12_TJPOUP12,Poupança Rentabilidade Antiga,0.5834
2026-07-27,2023-03-01,ANBIMA12_TJPOUP12,Poupança Rentabilidade Antiga,0.7404
2026-07-27,2023-04-01,ANBIMA12_TJPOUP12,Poupança Rentabilidade Antiga,0.5825
2026-07-27,2023-05-01,ANBIMA12_TJPOUP12,Poupança Rentabilidade Antiga,0.7158
2026-07-27,2023-06-01,ANBIMA12_TJPOUP12,Poupança Rentabilidade Antiga,0.6808
2026-07-27,2023-07-01,ANBIMA12_TJPOUP12,Poupança Rentabilidade Antiga,0.6589
2026-07-27,2023-08-01,ANBIMA12_TJPOUP12,Poupança Rentabilidade Antiga,0.7171
2026-07-27,2023-09-01,ANBIMA12_TJPOUP12,Poupança Rentabilidade Antiga,0.6136
2026-07-27,2023-10-01,ANBIMA12_TJPOUP12,Poupança Rentabilidade Antiga,0.6061
2026-07-27,2023-11-01,ANBIMA12_TJPOUP12,Poupança Rentabilidade Antiga,0.5779
2026-07-27,2023-12-01,ANBIMA12_TJPOUP12,Poupança Rentabilidade Antiga,0.5693
2026-07-27,2024-01-01,ANBIMA12_TJPOUP12,Poupança Rentabilidade Antiga,0.5879
2026-07-27,2024-02-01,ANBIMA12_TJPOUP12,Poupança Rentabilidade Antiga,0.5079
2026-07-27,2024-03-01,ANBIMA12_TJPOUP12,Poupança Rentabilidade Antiga,0.5333
2026-07-27,2024-04-01,ANBIMA12_TJPOUP12,Poupança Rentabilidade Antiga,0.6028
2026-07-27,2024-05-01,ANBIMA12_TJPOUP12,Poupança Rentabilidade Antiga,0.5874
2026-07-27,2024-06-01,ANBIMA12_TJPOUP12,Poupança Rentabilidade Antiga,0.5367
2026-07-27,2024-07-01,ANBIMA12_TJPOUP12,Poupança Rentabilidade Antiga,0.5743
2026-07-27,2024-08-01,ANBIMA12_TJPOUP12,Poupança Rentabilidade Antiga,0.5711
2026-07-27,2024-09-01,ANBIMA12_TJPOUP12,Poupança Rentabilidade Antiga,0.5678
2026-07-27,2024-10-01,ANBIMA12_TJPOUP12,Poupança Rentabilidade Antiga,0.5982
2026-07-27,2024-11-01,ANBIMA12_TJPOUP12,Poupança Rentabilidade Antiga,0.5652
2026-07-27,2024-12-01,ANBIMA12_TJPOUP12,Poupança Rentabilidade Antiga,0.5826
2026-07-27,2025-01-01,ANBIMA12_TJPOUP12,Poupança Rentabilidade Antiga,0.6698
2026-07-27,2025-02-01,ANBIMA12_TJPOUP12,Poupança Rentabilidade Antiga,0.6331
2026-07-27,2025-03-01,ANBIMA12_TJPOUP12,Poupança Rentabilidade Antiga,0.6097
2026-07-27,2025-04-01,ANBIMA12_TJPOUP12,Poupança Rentabilidade Antiga,0.6697
2026-07-27,2025-05-01,ANBIMA12_TJPOUP12,Poupança Rentabilidade Antiga,0.6721
2026-07-27,2025-06-01,ANBIMA12_TJPOUP12,Poupança Rentabilidade Antiga,0.6707
2026-07-27,2025-07-01,ANBIMA12_TJPOUP12,Poupança Rentabilidade Antiga,0.6767
2026-07-27,2025-08-01,ANBIMA12_TJPOUP12,Poupança Rentabilidade Antiga,0.6731
2026-07-27,2025-09-01,ANBIMA12_TJPOUP12,Poupança Rentabilidade Antiga,0.6751
2026-07-27,2025-10-01,ANBIMA12_TJPOUP12,Poupança Rentabilidade Antiga,0.6767
2026-07-27,2025-11-01,ANBIMA12_TJPOUP12,Poupança Rentabilidade Antiga,0.6642
2026-07-27,2025-12-01,ANBIMA12_TJPOUP12,Poupança Rentabilidade Antiga,0.6751
2026-07-27,2026-01-01,ANBIMA12_TJPOUP12,Poupança Rentabilidade Antiga,0.6727
2026-07-27,2026-02-01,ANBIMA12_TJPOUP12,Poupança Rentabilidade Antiga,0.6213
2026-07-27,2026-03-01,ANBIMA12_TJPOUP12,Poupança Rentabilidade Antiga,0.6744
2026-07-27,2026-04-01,ANBIMA12_TJPOUP12,Poupança Rentabilidade Antiga,0.6687
2026-07-27,2026-05-01,ANBIMA12_TJPOUP12,Poupança Rentabilidade Antiga,0.6695
2026-07-27,2026-06-01,ANBIMA12_TJPOUP12,Poupança Rentabilidade Antiga,0.6718
2026-07-27,2026-07-01,ANBIMA12_TJPOUP12,Poupança Rentabilidade Antiga,0.6738
2026-07-27,2012-06-01,BM12_RNDPO12,Poupança Rentabilidade Nova,0.4828
2026-07-27,2012-07-01,BM12_RNDPO12,Poupança Rentabilidade Nova,0.4973
2026-07-27,2012-08-01,BM12_RNDPO12,Poupança Rentabilidade Nova,0.4675
2026-07-27,2012-09-01,BM12_RNDPO12,Poupança Rentabilidade Nova,0.4273
2026-07-27,2012-10-01,BM12_RNDPO12,Poupança Rentabilidade Nova,0.4273
2026-07-27,2012-11-01,BM12_RNDPO12,Poupança Rentabilidade Nova,0.4134
2026-07-27,2012-12-01,BM12_RNDPO12,Poupança Rentabilidade Nova,0.4134
2026-07-27,2013-01-01,BM12_RNDPO12,Poupança Rentabilidade Nova,0.4134
2026-07-27,2013-02-01,BM12_RNDPO12,Poupança Rentabilidade Nova,0.4134
2026-07-27,2013-03-01,BM12_RNDPO12,Poupança Rentabilidade Nova,0.4134
2026-07-27,2013-04-01,BM12_RNDPO12,Poupança Rentabilidade Nova,0.4134
2026-07-27,2013-05-01,BM12_RNDPO12,Poupança Rentabilidade Nova,0.4273
2026-07-27,2013-06-01,BM12_RNDPO12,Poupança Rentabilidade Nova,0.4551
2026-07-27,2013-07-01,BM12_RNDPO12,Poupança Rentabilidade Nova,0.4761
2026-07-27,2013-08-01,BM12_RNDPO12,Poupança Rentabilidade Nova,0.4828
2026-07-27,2013-09-01,BM12_RNDPO12,Poupança Rentabilidade Nova,0.5079
2026-07-27,2013-10-01,BM12_RNDPO12,Poupança Rentabilidade Nova,0.5925
2026-07-27,2013-11-01,BM12_RNDPO12,Poupança Rentabilidade Nova,0.5208
2026-07-27,2013-12-01,BM12_RNDPO12,Poupança Rentabilidade Nova,0.5496
2026-07-27,2014-01-01,BM12_RNDPO12,Poupança Rentabilidade Nova,0.6132
2026-07-27,2014-02-01,BM12_RNDPO12,Poupança Rentabilidade Nova,0.554
2026-07-27,2014-03-01,BM12_RNDPO12,Poupança Rentabilidade Nova,0.5267
2026-07-27,2014-04-01,BM12_RNDPO12,Poupança Rentabilidade Nova,0.5461
2026-07-27,2014-05-01,BM12_RNDPO12,Poupança Rentabilidade Nova,0.5607
2026-07-27,2014-06-01,BM12_RNDPO12,Poupança Rentabilidade Nova,0.5467
2026-07-27,2014-07-01,BM12_RNDPO12,Poupança Rentabilidade Nova,0.6059
2026-07-27,2014-08-01,BM12_RNDPO12,Poupança Rentabilidade Nova,0.5605
2026-07-27,2014-09-01,BM12_RNDPO12,Poupança Rentabilidade Nova,0.5877
2026-07-27,2014-10-01,BM12_RNDPO12,Poupança Rentabilidade Nova,0.6043
2026-07-27,2014-11-01,BM12_RNDPO12,Poupança Rentabilidade Nova,0.5485
2026-07-27,2014-12-01,BM12_RNDPO12,Poupança Rentabilidade Nova,0.6058
2026-07-27,2015-01-01,BM12_RNDPO12,Poupança Rentabilidade Nova,0.5882
2026-07-27,2015-02-01,BM12_RNDPO12,Poupança Rentabilidade Nova,0.5169
2026-07-27,2015-03-01,BM12_RNDPO12,Poupança Rentabilidade Nova,0.6302
2026-07-27,2015-04-01,BM12_RNDPO12,Poupança Rentabilidade Nova,0.6079
2026-07-27,2015-05-01,BM12_RNDPO12,Poupança Rentabilidade Nova,0.6159
2026-07-27,2015-06-01,BM12_RNDPO12,Poupança Rentabilidade Nova,0.6822
2026-07-27,2015-07-01,BM12_RNDPO12,Poupança Rentabilidade Nova,0.7317
2026-07-27,2015-08-01,BM12_RNDPO12,Poupança Rentabilidade Nova,0.6876
2026-07-27,2015-09-01,BM12_RNDPO12,Poupança Rentabilidade Nova,0.693
2026-07-27,2015-10-01,BM12_RNDPO12,Poupança Rentabilidade Nova,0.6799
2026-07-27,2015-11-01,BM12_RNDPO12,Poupança Rentabilidade Nova,0.6303
2026-07-27,2015-12-01,BM12_RNDPO12,Poupança Rentabilidade Nova,0.7261
2026-07-27,2016-01-01,BM12_RNDPO12,Poupança Rentabilidade Nova,0.6327
2026-07-27,2016-02-01,BM12_RNDPO12,Poupança Rentabilidade Nova,0.5962
2026-07-27,2016-03-01,BM12_RNDPO12,Poupança Rentabilidade Nova,0.7179
2026-07-27,2016-04-01,BM12_RNDPO12,Poupança Rentabilidade Nova,0.6311
2026-07-27,2016-05-01,BM12_RNDPO12,Poupança Rentabilidade Nova,0.6541
2026-07-27,2016-06-01,BM12_RNDPO12,Poupança Rentabilidade Nova,0.7053
2026-07-27,2016-07-01,BM12_RNDPO12,Poupança Rentabilidade Nova,0.6629
2026-07-27,2016-08-01,BM12_RNDPO12,Poupança Rentabilidade Nova,0.7558
2026-07-27,2016-09-01,BM12_RNDPO12,Poupança Rentabilidade Nova,0.6583
2026-07-27,2016-10-01,BM12_RNDPO12,Poupança Rentabilidade Nova,0.6609
2026-07-27,2016-11-01,BM12_RNDPO12,Poupança Rentabilidade Nova,0.6435
2026-07-27,2016-12-01,BM12_RNDPO12,Poupança Rentabilidade Nova,0.6858
2026-07-27,2017-01-01,BM12_RNDPO12,Poupança Rentabilidade Nova,0.6708
2026-07-27,2017-02-01,BM12_RNDPO12,Poupança Rentabilidade Nova,0.5304
2026-07-27,2017-03-01,BM12_RNDPO12,Poupança Rentabilidade Nova,0.6527
2026-07-27,2017-04-01,BM12_RNDPO12,Poupança Rentabilidade Nova,0.5
2026-07-27,2017-05-01,BM12_RNDPO12,Poupança Rentabilidade Nova,0.5768
2026-07-27,2017-06-01,BM12_RNDPO12,Poupança Rentabilidade Nova,0.5539
2026-07-27,2017-07-01,BM12_RNDPO12,Poupança Rentabilidade Nova,0.5626
2026-07-27,2017-08-01,BM12_RNDPO12,Poupança Rentabilidade Nova,0.5512
2026-07-27,2017-09-01,BM12_RNDPO12,Poupança Rentabilidade Nova,0.5
2026-07-27,2017-10-01,BM12_RNDPO12,Poupança Rentabilidade Nova,0.469
2026-07-27,2017-11-01,BM12_RNDPO12,Poupança Rentabilidade Nova,0.4273
2026-07-27,2017-12-01,BM12_RNDPO12,Poupança Rentabilidade Nova,0.4273
2026-07-27,2018-01-01,BM12_RNDPO12,Poupança Rentabilidade Nova,0.3994
2026-07-27,2018-02-01,BM12_RNDPO12,Poupança Rentabilidade Nova,0.3994
2026-07-27,2018-03-01,BM12_RNDPO12,Poupança Rentabilidade Nova,0.3855
2026-07-27,2018-04-01,BM12_RNDPO12,Poupança Rentabilidade Nova,0.3715
2026-07-27,2018-05-01,BM12_RNDPO12,Poupança Rentabilidade Nova,0.3715
2026-07-27,2018-06-01,BM12_RNDPO12,Poupança Rentabilidade Nova,0.3715
2026-07-27,2018-07-01,BM12_RNDPO12,Poupança Rentabilidade Nova,0.3715
2026-07-27,2018-08-01,BM12_RNDPO12,Poupança Rentabilidade Nova,0.3715
2026-07-27,2018-09-01,BM12_RNDPO12,Poupança Rentabilidade Nova,0.3715
2026-07-27,2018-10-01,BM12_RNDPO12,Poupança Rentabilidade Nova,0.3715
2026-07-27,2018-11-01,BM12_RNDPO12,Poupança Rentabilidade Nova,0.3715
2026-07-27,2018-12-01,BM12_RNDPO12,Poupança Rentabilidade Nova,0.3715
2026-07-27,2019-01-01,BM12_RNDPO12,Poupança Rentabilidade Nova,0.3715
2026-07-27,2019-02-01,BM12_RNDPO12,Poupança Rentabilidade Nova,0.3715
2026-07-27,2019-03-01,BM12_RNDPO12,Poupança Rentabilidade Nova,0.3715
2026-07-27,2019-04-01,BM12_RNDPO12,Poupança Rentabilidade Nova,0.3715
2026-07-27,2019-05-01,BM12_RNDPO12,Poupança Rentabilidade Nova,0.3715
2026-07-27,2019-06-01,BM12_RNDPO12,Poupança Rentabilidade Nova,0.3715
2026-07-27,2019-07-01,BM12_RNDPO12,Poupança Rentabilidade Nova,0.3715
2026-07-27,2019-08-01,BM12_RNDPO12,Poupança Rentabilidade Nova,0.3434
2026-07-27,2019-09-01,BM12_RNDPO12,Poupança Rentabilidade Nova,0.3434
2026-07-27,2019-10-01,BM12_RNDPO12,Poupança Rentabilidade Nova,0.3153
2026-07-27,2019-11-01,BM12_RNDPO12,Poupança Rentabilidade Nova,0.2871
2026-07-27,2019-12-01,BM12_RNDPO12,Poupança Rentabilidade Nova,0.2871
2026-07-27,2020-01-01,BM12_RNDPO12,Poupança Rentabilidade Nova,0.2588
2026-07-27,2020-02-01,BM12_RNDPO12,Poupança Rentabilidade Nova,0.2588
2026-07-27,2020-03-01,BM12_RNDPO12,Poupança Rentabilidade Nova,0.2446
2026-07-27,2020-04-01,BM12_RNDPO12,Poupança Rentabilidade Nova,0.2162
2026-07-27,2020-05-01,BM12_RNDPO12,Poupança Rentabilidade Nova,0.2162
2026-07-27,2020-06-01,BM12_RNDPO12,Poupança Rentabilidade Nova,0.1733
2026-07-27,2020-07-01,BM12_RNDPO12,Poupança Rentabilidade Nova,0.1303
2026-07-27,2020-08-01,BM12_RNDPO12,Poupança Rentabilidade Nova,0.1303
2026-07-27,2020-09-01,BM12_RNDPO12,Poupança Rentabilidade Nova,0.1159
2026-07-27,2020-10-01,BM12_RNDPO12,Poupança Rentabilidade Nova,0.1159
2026-07-27,2020-11-01,BM12_RNDPO12,Poupança Rentabilidade Nova,0.1159
2026-07-27,2020-12-01,BM12_RNDPO12,Poupança Rentabilidade Nova,0.1159
2026-07-27,2021-01-01,BM12_RNDPO12,Poupança Rentabilidade Nova,0.1159
2026-07-27,2021-02-01,BM12_RNDPO12,Poupança Rentabilidade Nova,0.1159
2026-07-27,2021-03-01,BM12_RNDPO12,Poupança Rentabilidade Nova,0.1159
2026-07-27,2021-04-01,BM12_RNDPO12,Poupança Rentabilidade Nova,0.159
2026-07-27,2021-05-01,BM12_RNDPO12,Poupança Rentabilidade Nova,0.159
2026-07-27,2021-06-01,BM12_RNDPO12,Poupança Rentabilidade Nova,0.2019
2026-07-27,2021-07-01,BM12_RNDPO12,Poupança Rentabilidade Nova,0.2446
2026-07-27,2021-08-01,BM12_RNDPO12,Poupança Rentabilidade Nova,0.2446
2026-07-27,2021-09-01,BM12_RNDPO12,Poupança Rentabilidade Nova,0.3012
2026-07-27,2021-10-01,BM12_RNDPO12,Poupança Rentabilidade Nova,0.3575
2026-07-27,2021-11-01,BM12_RNDPO12,Poupança Rentabilidade Nova,0.4412
2026-07-27,2021-12-01,BM12_RNDPO12,Poupança Rentabilidade Nova,0.4902
2026-07-27,2022-01-01,BM12_RNDPO12,Poupança Rentabilidade Nova,0.5608
2026-07-27,2022-02-01,BM12_RNDPO12,Poupança Rentabilidade Nova,0.5
2026-07-27,2022-03-01,BM12_RNDPO12,Poupança Rentabilidade Nova,0.5976
2026-07-27,2022-04-01,BM12_RNDPO12,Poupança Rentabilidade Nova,0.5558
2026-07-27,2022-05-01,BM12_RNDPO12,Poupança Rentabilidade Nova,0.6671
2026-07-27,2022-06-01,BM12_RNDPO12,Poupança Rentabilidade Nova,0.6491
2026-07-27,2022-07-01,BM12_RNDPO12,Poupança Rentabilidade Nova,0.6639
2026-07-27,2022-08-01,BM12_RNDPO12,Poupança Rentabilidade Nova,0.7421
2026-07-27,2022-09-01,BM12_RNDPO12,Poupança Rentabilidade Nova,0.6814
2026-07-27,2022-10-01,BM12_RNDPO12,Poupança Rentabilidade Nova,0.6501
2026-07-27,2022-11-01,BM12_RNDPO12,Poupança Rentabilidade Nova,0.6515
2026-07-27,2022-12-01,BM12_RNDPO12,Poupança Rentabilidade Nova,0.7082
2026-07-27,2023-01-01,BM12_RNDPO12,Poupança Rentabilidade Nova,0.7091
2026-07-27,2023-02-01,BM12_RNDPO12,Poupança Rentabilidade Nova,0.5834
2026-07-27,2023-03-01,BM12_RNDPO12,Poupança Rentabilidade Nova,0.7404
2026-07-27,2023-04-01,BM12_RNDPO12,Poupança Rentabilidade Nova,0.5825
2026-07-27,2023-05-01,BM12_RNDPO12,Poupança Rentabilidade Nova,0.7158
2026-07-27,2023-06-01,BM12_RNDPO12,Poupança Rentabilidade Nova,0.6808
2026-07-27,2023-07-01,BM12_RNDPO12,Poupança Rentabilidade Nova,0.6589
2026-07-27,2023-08-01,BM12_RNDPO12,Poupança Rentabilidade Nova,0.7171
2026-07-27,2023-09-01,BM12_RNDPO12,Poupança Rentabilidade Nova,0.6136
2026-07-27,2023-10-01,BM12_RNDPO12,Poupança Rentabilidade Nova,0.6061
2026-07-27,2023-11-01,BM12_RNDPO12,Poupança Rentabilidade Nova,0.5779
2026-07-27,2023-12-01,BM12_RNDPO12,Poupança Rentabilidade Nova,0.5693
2026-07-27,2024-01-01,BM12_RNDPO12,Poupança Rentabilidade Nova,0.5879
2026-07-27,2024-02-01,BM12_RNDPO12,Poupança Rentabilidade Nova,0.5079
2026-07-27,2024-03-01,BM12_RNDPO12,Poupança Rentabilidade Nova,0.5333
2026-07-27,2024-04-01,BM12_RNDPO12,Poupança Rentabilidade Nova,0.6028
2026-07-27,2024-05-01,BM12_RNDPO12,Poupança Rentabilidade Nova,0.5874
2026-07-27,2024-06-01,BM12_RNDPO12,Poupança Rentabilidade Nova,0.5367
2026-07-27,2024-07-01,BM12_RNDPO12,Poupança Rentabilidade Nova,0.5743
2026-07-27,2024-08-01,BM12_RNDPO12,Poupança Rentabilidade Nova,0.5711
2026-07-27,2024-09-01,BM12_RNDPO12,Poupança Rentabilidade Nova,0.5678
2026-07-27,2024-10-01,BM12_RNDPO12,Poupança Rentabilidade Nova,0.5982
2026-07-27,2024-11-01,BM12_RNDPO12,Poupança Rentabilidade Nova,0.5652
2026-07-27,2024-12-01,BM12_RNDPO12,Poupança Rentabilidade Nova,0.5826
2026-07-27,2025-01-01,BM12_RNDPO12,Poupança Rentabilidade Nova,0.6698
2026-07-27,2025-02-01,BM12_RNDPO12,Poupança Rentabilidade Nova,0.6331
2026-07-27,2025-03-01,BM12_RNDPO12,Poupança Rentabilidade Nova,0.6097
2026-07-27,2025-04-01,BM12_RNDPO12,Poupança Rentabilidade Nova,0.6697
2026-07-27,2025-05-01,BM12_RNDPO12,Poupança Rentabilidade Nova,0.6721
2026-07-27,2025-06-01,BM12_RNDPO12,Poupança Rentabilidade Nova,0.6707
2026-07-27,2025-07-01,BM12_RNDPO12,Poupança Rentabilidade Nova,0.6767
2026-07-27,2025-08-01,BM12_RNDPO12,Poupança Rentabilidade Nova,0.6731
2026-07-27,2025-09-01,BM12_RNDPO12,Poupança Rentabilidade Nova,0.6751
2026-07-27,2025-10-01,BM12_RNDPO12,Poupança Rentabilidade Nova,0.6767
2026-07-27,2025-11-01,BM12_RNDPO12,Poupança Rentabilidade Nova,0.6642
2026-07-27,2025-12-01,BM12_RNDPO12,Poupança Rentabilidade Nova,0.6751
2026-07-27,2026-01-01,BM12_RNDPO12,Poupança Rentabilidade Nova,0.6727
2026-07-27,2026-02-01,BM12_RNDPO12,Poupança Rentabilidade Nova,0.6213
2026-07-27,2026-03-01,BM12_RNDPO12,Poupança Rentabilidade Nova,0.6744
2026-07-27,2026-04-01,BM12_RNDPO12,Poupança Rentabilidade Nova,0.6687
2026-07-27,2026-05-01,BM12_RNDPO12,Poupança Rentabilidade Nova,0.6695
2026-07-27,2026-06-01,BM12_RNDPO12,Poupança Rentabilidade Nova,0.6718
2026-07-27,2026-07-01,BM12_RNDPO12,Poupança Rentabilidade Nova,0.6738
2026-07-27,2000-04-01,ANBIMA12_TJTLN112,Taxa LTN 1m,18.70925
2026-07-27,2000-05-01,ANBIMA12_TJTLN112,Taxa LTN 1m,18.8381
2026-07-27,2000-06-01,ANBIMA12_TJTLN112,Taxa LTN 1m,18.0709238095238
2026-07-27,2000-07-01,ANBIMA12_TJTLN112,Taxa LTN 1m,16.9200619047619
2026-07-27,2000-08-01,ANBIMA12_TJTLN112,Taxa LTN 1m,16.4265695652174
2026-07-27,2000-09-01,ANBIMA12_TJTLN112,Taxa LTN 1m,16.55729
2026-07-27,2000-10-01,ANBIMA12_TJTLN112,Taxa LTN 1m,16.6169285714286
2026-07-27,2000-11-01,ANBIMA12_TJTLN112,Taxa LTN 1m,16.757715
2026-07-27,2000-12-01,ANBIMA12_TJTLN112,Taxa LTN 1m,16.200755
2026-07-27,2001-01-01,ANBIMA12_TJTLN112,Taxa LTN 1m,15.3673772727273
2026-07-27,2001-02-01,ANBIMA12_TJTLN112,Taxa LTN 1m,15.2020611111111
2026-07-27,2001-03-01,ANBIMA12_TJTLN112,Taxa LTN 1m,16.2724954545455
2026-07-27,2001-04-01,ANBIMA12_TJTLN112,Taxa LTN 1m,17.755695
2026-07-27,2001-05-01,ANBIMA12_TJTLN112,Taxa LTN 1m,17.59285
2026-07-27,2001-06-01,ANBIMA12_TJTLN112,Taxa LTN 1m,18.19824
2026-07-27,2001-07-01,ANBIMA12_TJTLN112,Taxa LTN 1m,21.5352181818182
2026-07-27,2001-08-01,ANBIMA12_TJTLN112,Taxa LTN 1m,20.2728
2026-07-27,2001-09-01,ANBIMA12_TJTLN112,Taxa LTN 1m,20.3099894736842
2026-07-27,2001-10-01,ANBIMA12_TJTLN112,Taxa LTN 1m,20.2107181818182
2026-07-27,2001-11-01,ANBIMA12_TJTLN112,Taxa LTN 1m,19.381135
2026-07-27,2001-12-01,ANBIMA12_TJTLN112,Taxa LTN 1m,19.34239
2026-07-27,2002-01-01,ANBIMA12_TJTLN112,Taxa LTN 1m,19.1149227272727
2026-07-27,2002-02-01,ANBIMA12_TJTLN112,Taxa LTN 1m,19.0285944444444
2026-07-27,2002-03-01,ANBIMA12_TJTLN112,Taxa LTN 1m,18.647105
2026-07-27,2002-04-01,ANBIMA12_TJTLN112,Taxa LTN 1m,18.54652
2026-07-27,2002-05-01,ANBIMA12_TJTLN112,Taxa LTN 1m,18.3847714285714
2026-07-27,2002-06-01,ANBIMA12_TJTLN112,Taxa LTN 1m,18.7860966666667
2026-07-27,2002-07-01,ANBIMA12_TJTLN112,Taxa LTN 1m,18.8004064516129
2026-07-27,2002-08-01,ANBIMA12_TJTLN112,Taxa LTN 1m,19.049935483871
2026-07-27,2002-09-01,ANBIMA12_TJTLN112,Taxa LTN 1m,18.55238
2026-07-27,2002-10-01,ANBIMA12_TJTLN112,Taxa LTN 1m,21.0656935483871
2026-07-27,2002-11-01,ANBIMA12_TJTLN112,Taxa LTN 1m,22.9080133333333
2026-07-27,2002-12-01,ANBIMA12_TJTLN112,Taxa LTN 1m,25.1124689655172
2026-07-27,2003-01-01,ANBIMA12_TJTLN112,Taxa LTN 1m,25.8481
2026-07-27,2003-02-01,ANBIMA12_TJTLN112,Taxa LTN 1m,26.3771642857143
2026-07-27,2003-03-01,ANBIMA12_TJTLN112,Taxa LTN 1m,26.7636466666667
2026-07-27,2003-04-01,ANBIMA12_TJTLN112,Taxa LTN 1m,26.1701133333333
2026-07-27,2003-05-01,ANBIMA12_TJTLN112,Taxa LTN 1m,26.01812
2026-07-27,2003-06-01,ANBIMA12_TJTLN112,Taxa LTN 1m,25.8241379310345
2026-07-27,2003-07-01,ANBIMA12_TJTLN112,Taxa LTN 1m,24.8110516129032
2026-07-27,2003-08-01,ANBIMA12_TJTLN112,Taxa LTN 1m,22.9551225806452
2026-07-27,2003-09-01,ANBIMA12_TJTLN112,Taxa LTN 1m,20.02506
2026-07-27,2003-10-01,ANBIMA12_TJTLN112,Taxa LTN 1m,19.182064516129
2026-07-27,2003-11-01,ANBIMA12_TJTLN112,Taxa LTN 1m,18.0583866666667
2026-07-27,2003-12-01,ANBIMA12_TJTLN112,Taxa LTN 1m,16.31827
2026-07-27,2004-01-01,ANBIMA12_TJTLN112,Taxa LTN 1m,15.9519433333333
2026-07-27,2004-02-01,ANBIMA12_TJTLN112,Taxa LTN 1m,16.215725
2026-07-27,2004-03-01,ANBIMA12_TJTLN112,Taxa LTN 1m,16.121135483871
2026-07-27,2004-04-01,ANBIMA12_TJTLN112,Taxa LTN 1m,15.8709142857143
2026-07-27,2004-05-01,ANBIMA12_TJTLN112,Taxa LTN 1m,15.7773419354839
2026-07-27,2004-06-01,ANBIMA12_TJTLN112,Taxa LTN 1m,15.8329
2026-07-27,2004-07-01,ANBIMA12_TJTLN112,Taxa LTN 1m,15.8299322580645
2026-07-27,2004-08-01,ANBIMA12_TJTLN112,Taxa LTN 1m,15.9561741935484
2026-07-27,2004-09-01,ANBIMA12_TJTLN112,Taxa LTN 1m,16.3149655172414
2026-07-27,2004-10-01,ANBIMA12_TJTLN112,Taxa LTN 1m,16.6227
2026-07-27,2004-11-01,ANBIMA12_TJTLN112,Taxa LTN 1m,17.2428620689655
2026-07-27,2004-12-01,ANBIMA12_TJTLN112,Taxa LTN 1m,17.6669322580645
2026-07-27,2005-01-01,ANBIMA12_TJTLN112,Taxa LTN 1m,18.1790806451613
2026-07-27,2005-02-01,ANBIMA12_TJTLN112,Taxa LTN 1m,18.801962962963
2026-07-27,2005-03-01,ANBIMA12_TJTLN112,Taxa LTN 1m,19.3493935483871
2026-07-27,2005-04-01,ANBIMA12_TJTLN112,Taxa LTN 1m,19.5423724137931
2026-07-27,2005-05-01,ANBIMA12_TJTLN112,Taxa LTN 1m,19.7761066666667
2026-07-27,2005-06-01,ANBIMA12_TJTLN112,Taxa LTN 1m,20.1263633333333
2026-07-27,2005-07-01,ANBIMA12_TJTLN112,Taxa LTN 1m,19.8952903225806
2026-07-27,2005-08-01,ANBIMA12_TJTLN112,Taxa LTN 1m,19.7667064516129
2026-07-27,2005-09-01,ANBIMA12_TJTLN112,Taxa LTN 1m,19.7060678571429
2026-07-27,2005-10-01,ANBIMA12_TJTLN112,Taxa LTN 1m,19.2395931034483
2026-07-27,2005-11-01,ANBIMA12_TJTLN112,Taxa LTN 1m,18.6497222222222
2026-07-27,2005-12-01,ANBIMA12_TJTLN112,Taxa LTN 1m,18.1993677419355
2026-07-27,2006-01-01,ANBIMA12_TJTLN112,Taxa LTN 1m,17.6305225806452
2026-07-27,2006-02-01,ANBIMA12_TJTLN112,Taxa LTN 1m,17.0653285714286
2026-07-27,2006-03-01,ANBIMA12_TJTLN112,Taxa LTN 1m,16.5911666666667
2026-07-27,2006-04-01,ANBIMA12_TJTLN112,Taxa LTN 1m,16.0190766666667
2026-07-27,2006-05-01,ANBIMA12_TJTLN112,Taxa LTN 1m,15.5210322580645
2026-07-27,2006-06-01,ANBIMA12_TJTLN112,Taxa LTN 1m,15.2234310344828
2026-07-27,2006-07-01,ANBIMA12_TJTLN112,Taxa LTN 1m,14.8982483870968
2026-07-27,2006-08-01,ANBIMA12_TJTLN112,Taxa LTN 1m,14.5495064516129
2026-07-27,2006-09-01,ANBIMA12_TJTLN112,Taxa LTN 1m,14.1936103448276
2026-07-27,2006-10-01,ANBIMA12_TJTLN112,Taxa LTN 1m,13.8574533333333
2026-07-27,2006-11-01,ANBIMA12_TJTLN112,Taxa LTN 1m,13.5251222222222
2026-07-27,2006-12-01,ANBIMA12_TJTLN112,Taxa LTN 1m,13.1867096774194
2026-07-27,2007-01-01,ANBIMA12_TJTLN112,Taxa LTN 1m,13.0214806451613
2026-07-27,2007-02-01,ANBIMA12_TJTLN112,Taxa LTN 1m,12.8639444444444
2026-07-27,2007-03-01,ANBIMA12_TJTLN112,Taxa LTN 1m,12.7100322580645
2026-07-27,2007-04-01,ANBIMA12_TJTLN112,Taxa LTN 1m,12.5008833333333
2026-07-27,2007-05-01,ANBIMA12_TJTLN112,Taxa LTN 1m,12.2823633333333
2026-07-27,2007-06-01,ANBIMA12_TJTLN112,Taxa LTN 1m,11.8976827586207
2026-07-27,2007-07-01,ANBIMA12_TJTLN112,Taxa LTN 1m,11.5907258064516
2026-07-27,2007-08-01,ANBIMA12_TJTLN112,Taxa LTN 1m,11.3564064516129
2026-07-27,2007-09-01,ANBIMA12_TJTLN112,Taxa LTN 1m,11.1460866666667
2026-07-27,2007-10-01,ANBIMA12_TJTLN112,Taxa LTN 1m,11.1246225806452
2026-07-27,2007-11-01,ANBIMA12_TJTLN112,Taxa LTN 1m,11.1630931034483
2026-07-27,2007-12-01,ANBIMA12_TJTLN112,Taxa LTN 1m,11.07033
2026-07-27,2008-01-01,ANBIMA12_TJTLN112,Taxa LTN 1m,11.1592433333333
2026-07-27,2008-02-01,ANBIMA12_TJTLN112,Taxa LTN 1m,11.1820464285714
2026-07-27,2008-03-01,ANBIMA12_TJTLN112,Taxa LTN 1m,11.1978677419355
2026-07-27,2008-04-01,ANBIMA12_TJTLN112,Taxa LTN 1m,11.4782233333333
2026-07-27,2008-05-01,ANBIMA12_TJTLN112,Taxa LTN 1m,11.8532068965517
2026-07-27,2008-06-01,ANBIMA12_TJTLN112,Taxa LTN 1m,12.1629
2026-07-27,2008-07-01,ANBIMA12_TJTLN112,Taxa LTN 1m,12.4842677419355
2026-07-27,2008-08-01,ANBIMA12_TJTLN112,Taxa LTN 1m,13.0948161290323
2026-07-27,2008-09-01,ANBIMA12_TJTLN112,Taxa LTN 1m,13.5535
2026-07-27,2008-10-01,ANBIMA12_TJTLN112,Taxa LTN 1m,13.8027032258065
2026-07-27,2008-11-01,ANBIMA12_TJTLN112,Taxa LTN 1m,13.75636
2026-07-27,2008-12-01,ANBIMA12_TJTLN112,Taxa LTN 1m,13.6360466666667
2026-07-27,2009-01-01,ANBIMA12_TJTLN112,Taxa LTN 1m,13.15752
2026-07-27,2009-02-01,ANBIMA12_TJTLN112,Taxa LTN 1m,12.4054814814815
2026-07-27,2009-03-01,ANBIMA12_TJTLN112,Taxa LTN 1m,11.345135483871
2026-07-27,2009-04-01,ANBIMA12_TJTLN112,Taxa LTN 1m,10.7195379310345
2026-07-27,2009-05-01,ANBIMA12_TJTLN112,Taxa LTN 1m,10.0366419354839
2026-07-27,2009-06-01,ANBIMA12_TJTLN112,Taxa LTN 1m,9.29315862068965
2026-07-27,2009-07-01,ANBIMA12_TJTLN112,Taxa LTN 1m,8.94893548387097
2026-07-27,2009-08-01,ANBIMA12_TJTLN112,Taxa LTN 1m,8.67659032258065
2026-07-27,2009-09-01,ANBIMA12_TJTLN112,Taxa LTN 1m,8.74387666666667
2026-07-27,2009-10-01,ANBIMA12_TJTLN112,Taxa LTN 1m,8.90896129032258
2026-07-27,2009-11-01,ANBIMA12_TJTLN112,Taxa LTN 1m,8.77065666666667
2026-07-27,2009-12-01,ANBIMA12_TJTLN112,Taxa LTN 1m,8.61999032258064
2026-07-27,2010-01-01,ANBIMA12_TJTLN112,Taxa LTN 1m,8.6185935483871
2026-07-27,2010-02-01,ANBIMA12_TJTLN112,Taxa LTN 1m,8.62894814814815
2026-07-27,2010-03-01,ANBIMA12_TJTLN112,Taxa LTN 1m,8.83272903225807
2026-07-27,2010-04-01,ANBIMA12_TJTLN112,Taxa LTN 1m,9.06903928571429
2026-07-27,2010-05-01,ANBIMA12_TJTLN112,Taxa LTN 1m,9.59789677419355
2026-07-27,2010-06-01,ANBIMA12_TJTLN112,Taxa LTN 1m,10.1969965517241
2026-07-27,2010-07-01,ANBIMA12_TJTLN112,Taxa LTN 1m,10.6901903225806
2026-07-27,2010-08-01,ANBIMA12_TJTLN112,Taxa LTN 1m,10.8111806451613
2026-07-27,2010-09-01,ANBIMA12_TJTLN112,Taxa LTN 1m,10.7944379310345
2026-07-27,2010-10-01,ANBIMA12_TJTLN112,Taxa LTN 1m,10.9568516129032
2026-07-27,2010-11-01,ANBIMA12_TJTLN112,Taxa LTN 1m,10.849575862069
2026-07-27,2010-12-01,ANBIMA12_TJTLN112,Taxa LTN 1m,10.7533580645161
2026-07-27,2011-01-01,ANBIMA12_TJTLN112,Taxa LTN 1m,11.0834870967742
2026-07-27,2011-02-01,ANBIMA12_TJTLN112,Taxa LTN 1m,11.4754
2026-07-27,2011-03-01,ANBIMA12_TJTLN112,Taxa LTN 1m,11.81648
2026-07-27,2011-04-01,ANBIMA12_TJTLN112,Taxa LTN 1m,11.9753689655172
2026-07-27,2011-05-01,ANBIMA12_TJTLN112,Taxa LTN 1m,12.02776
2026-07-27,2011-06-01,ANBIMA12_TJTLN112,Taxa LTN 1m,12.1976310344828
2026-07-27,2011-07-01,ANBIMA12_TJTLN112,Taxa LTN 1m,12.3334483870968
2026-07-27,2011-08-01,ANBIMA12_TJTLN112,Taxa LTN 1m,12.3627806451613
2026-07-27,2011-09-01,ANBIMA12_TJTLN112,Taxa LTN 1m,11.8696
2026-07-27,2011-10-01,ANBIMA12_TJTLN112,Taxa LTN 1m,11.3824120689655
2026-07-27,2011-11-01,ANBIMA12_TJTLN112,Taxa LTN 1m,11.140437037037
2026-07-27,2011-12-01,ANBIMA12_TJTLN112,Taxa LTN 1m,10.8450870967742
2026-07-27,2012-01-01,ANBIMA12_TJTLN112,Taxa LTN 1m,10.5058655172414
2026-07-27,2012-02-01,ANBIMA12_TJTLN112,Taxa LTN 1m,10.2428857142857
2026-07-27,2012-03-01,ANBIMA12_TJTLN112,Taxa LTN 1m,9.69745806451613
2026-07-27,2012-04-01,ANBIMA12_TJTLN112,Taxa LTN 1m,9.19934
2026-07-27,2012-05-01,ANBIMA12_TJTLN112,Taxa LTN 1m,8.72781
2026-07-27,2012-06-01,ANBIMA12_TJTLN112,Taxa LTN 1m,8.36715862068965
2026-07-27,2012-07-01,ANBIMA12_TJTLN112,Taxa LTN 1m,8.1402064516129
2026-07-27,2012-08-01,ANBIMA12_TJTLN112,Taxa LTN 1m,7.80035161290323
2026-07-27,2012-09-01,ANBIMA12_TJTLN112,Taxa LTN 1m,7.48889
2026-07-27,2012-10-01,ANBIMA12_TJTLN112,Taxa LTN 1m,7.21197096774194
2026-07-27,2012-11-01,ANBIMA12_TJTLN112,Taxa LTN 1m,7.2174275862069
2026-07-27,2012-12-01,ANBIMA12_TJTLN112,Taxa LTN 1m,7.24809333333333
2026-07-27,2013-01-01,ANBIMA12_TJTLN112,Taxa LTN 1m,7.24736666666667
2026-07-27,2013-02-01,ANBIMA12_TJTLN112,Taxa LTN 1m,7.2076037037037
2026-07-27,2013-03-01,ANBIMA12_TJTLN112,Taxa LTN 1m,7.20465161290323
2026-07-27,2013-04-01,ANBIMA12_TJTLN112,Taxa LTN 1m,7.48346333333333
2026-07-27,2013-05-01,ANBIMA12_TJTLN112,Taxa LTN 1m,7.82871071428571
2026-07-27,2013-06-01,ANBIMA12_TJTLN112,Taxa LTN 1m,8.20021
2026-07-27,2013-07-01,ANBIMA12_TJTLN112,Taxa LTN 1m,8.74206451612903
2026-07-27,2013-08-01,ANBIMA12_TJTLN112,Taxa LTN 1m,9.00792258064516
2026-07-27,2013-09-01,ANBIMA12_TJTLN112,Taxa LTN 1m,9.25658
2026-07-27,2013-10-01,ANBIMA12_TJTLN112,Taxa LTN 1m,9.58282258064516
2026-07-27,2013-11-01,ANBIMA12_TJTLN112,Taxa LTN 1m,9.83972666666667
2026-07-27,2013-12-01,ANBIMA12_TJTLN112,Taxa LTN 1m,10.2030896551724
2026-07-27,2014-01-01,ANBIMA12_TJTLN112,Taxa LTN 1m,10.7095275862069
2026-07-27,2014-02-01,ANBIMA12_TJTLN112,Taxa LTN 1m,10.8346142857143
2026-07-27,2014-03-01,ANBIMA12_TJTLN112,Taxa LTN 1m,10.9516733333333
2026-07-27,2014-04-01,ANBIMA12_TJTLN112,Taxa LTN 1m,11.1619
2026-07-27,2014-05-01,ANBIMA12_TJTLN112,Taxa LTN 1m,11.1006166666667
2026-07-27,2014-06-01,ANBIMA12_TJTLN112,Taxa LTN 1m,11.0270896551724
2026-07-27,2014-07-01,ANBIMA12_TJTLN112,Taxa LTN 1m,11.0378
2026-07-27,2014-08-01,ANBIMA12_TJTLN112,Taxa LTN 1m,10.9218419354839
2026-07-27,2014-09-01,ANBIMA12_TJTLN112,Taxa LTN 1m,10.6258166666667
2026-07-27,2014-10-01,ANBIMA12_TJTLN112,Taxa LTN 1m,10.7824387096774
2026-07-27,2014-11-01,ANBIMA12_TJTLN112,Taxa LTN 1m,11.2272
2026-07-27,2014-12-01,ANBIMA12_TJTLN112,Taxa LTN 1m,11.7298433333333
2026-07-27,2015-01-01,ANBIMA12_TJTLN112,Taxa LTN 1m,11.96787
2026-07-27,2015-02-01,ANBIMA12_TJTLN112,Taxa LTN 1m,12.2813
2026-07-27,2015-03-01,ANBIMA12_TJTLN112,Taxa LTN 1m,12.6014774193548
2026-07-27,2015-04-01,ANBIMA12_TJTLN112,Taxa LTN 1m,12.8562655172414
2026-07-27,2015-05-01,ANBIMA12_TJTLN112,Taxa LTN 1m,13.2783032258065
2026-07-27,2015-06-01,ANBIMA12_TJTLN112,Taxa LTN 1m,13.5727206896552
2026-07-27,2015-07-01,ANBIMA12_TJTLN112,Taxa LTN 1m,13.6315548387097
2026-07-27,2015-08-01,ANBIMA12_TJTLN112,Taxa LTN 1m,14.0453387096774
2026-07-27,2015-09-01,ANBIMA12_TJTLN112,Taxa LTN 1m,14.1419866666667
2026-07-27,2015-10-01,ANBIMA12_TJTLN112,Taxa LTN 1m,14.0856258064516
2026-07-27,2015-11-01,ANBIMA12_TJTLN112,Taxa LTN 1m,14.0589766666667
2026-07-27,2015-12-01,ANBIMA12_TJTLN112,Taxa LTN 1m,14.0650419354839
2026-07-27,2016-01-01,ANBIMA12_TJTLN112,Taxa LTN 1m,14.5304903225806
2026-07-27,2016-02-01,ANBIMA12_TJTLN112,Taxa LTN 1m,14.5372571428571
2026-07-27,2016-03-01,ANBIMA12_TJTLN112,Taxa LTN 1m,14.3941967741935
2026-07-27,2016-04-01,ANBIMA12_TJTLN112,Taxa LTN 1m,14.4291103448276
2026-07-27,2016-05-01,ANBIMA12_TJTLN112,Taxa LTN 1m,14.10999
2026-07-27,2016-06-01,ANBIMA12_TJTLN112,Taxa LTN 1m,14.10968
2026-07-27,2016-07-01,ANBIMA12_TJTLN112,Taxa LTN 1m,14.0601451612903
2026-07-27,2016-08-01,ANBIMA12_TJTLN112,Taxa LTN 1m,14.151735483871
2026-07-27,2016-09-01,ANBIMA12_TJTLN112,Taxa LTN 1m,14.1095
2026-07-27,2016-10-01,ANBIMA12_TJTLN112,Taxa LTN 1m,13.8738862068966
2026-07-27,2016-11-01,ANBIMA12_TJTLN112,Taxa LTN 1m,13.7119148148148
2026-07-27,2016-12-01,ANBIMA12_TJTLN112,Taxa LTN 1m,13.5287838709677
2026-07-27,2017-01-01,ANBIMA12_TJTLN112,Taxa LTN 1m,12.8937387096774
2026-07-27,2017-02-01,ANBIMA12_TJTLN112,Taxa LTN 1m,12.4382115384615
2026-07-27,2017-03-01,ANBIMA12_TJTLN112,Taxa LTN 1m,12.0051419354839
2026-07-27,2017-04-01,ANBIMA12_TJTLN112,Taxa LTN 1m,11.41025
2026-07-27,2017-05-01,ANBIMA12_TJTLN112,Taxa LTN 1m,10.80043
2026-07-27,2017-06-01,ANBIMA12_TJTLN112,Taxa LTN 1m,10.1479
2026-07-27,2017-07-01,ANBIMA12_TJTLN112,Taxa LTN 1m,9.60965806451613
2026-07-27,2017-08-01,ANBIMA12_TJTLN112,Taxa LTN 1m,8.83456129032258
2026-07-27,2017-09-01,ANBIMA12_TJTLN112,Taxa LTN 1m,8.11399655172414
2026-07-27,2017-10-01,ANBIMA12_TJTLN112,Taxa LTN 1m,7.72459333333333
2026-07-27,2017-11-01,ANBIMA12_TJTLN112,Taxa LTN 1m,7.38542068965517
2026-07-27,2017-12-01,ANBIMA12_TJTLN112,Taxa LTN 1m,7.12358
2026-07-27,2018-01-01,ANBIMA12_TJTLN112,Taxa LTN 1m,7.12408666666667
2026-07-27,2018-02-01,ANBIMA12_TJTLN112,Taxa LTN 1m,6.90836
2026-07-27,2018-03-01,ANBIMA12_TJTLN112,Taxa LTN 1m,6.70475769230769
2026-07-27,2018-04-01,ANBIMA12_TJTLN112,Taxa LTN 1m,6.63916
2026-07-27,2018-05-01,ANBIMA12_TJTLN112,Taxa LTN 1m,6.56122592592593
2026-07-27,2018-06-01,ANBIMA12_TJTLN112,Taxa LTN 1m,6.43982692307692
2026-07-27,2018-07-01,ANBIMA12_TJTLN112,Taxa LTN 1m,6.23836538461538
2026-07-27,2018-08-01,ANBIMA12_TJTLN112,Taxa LTN 1m,6.35837037037037
2026-07-27,2018-09-01,ANBIMA12_TJTLN112,Taxa LTN 1m,6.409184
2026-07-27,2018-10-01,ANBIMA12_TJTLN112,Taxa LTN 1m,6.35960384615385
2026-07-27,2018-11-01,ANBIMA12_TJTLN112,Taxa LTN 1m,6.48024
2026-07-27,2018-12-01,ANBIMA12_TJTLN112,Taxa LTN 1m,6.55267692307692
2026-07-27,2019-01-01,ANBIMA12_TJTLN112,Taxa LTN 1m,6.5952962962963
2026-07-27,2019-02-01,ANBIMA12_TJTLN112,Taxa LTN 1m,6.53417391304348
2026-07-27,2019-03-01,ANBIMA12_TJTLN112,Taxa LTN 1m,6.47809789473684
2026-07-27,2019-04-01,ANBIMA12_TJTLN112,Taxa LTN 1m,6.56054761904762
2026-07-27,2019-05-01,ANBIMA12_TJTLN112,Taxa LTN 1m,6.58315909090909
2026-07-27,2019-06-01,ANBIMA12_TJTLN112,Taxa LTN 1m,6.5874
2026-07-27,2019-07-01,ANBIMA12_TJTLN112,Taxa LTN 1m,6.29891304347826
2026-07-27,2019-08-01,ANBIMA12_TJTLN112,Taxa LTN 1m,5.91332272727273
2026-07-27,2019-09-01,ANBIMA12_TJTLN112,Taxa LTN 1m,5.56275714285714
2026-07-27,2019-10-01,ANBIMA12_TJTLN112,Taxa LTN 1m,5.17621818181818
2026-07-27,2019-11-01,ANBIMA12_TJTLN112,Taxa LTN 1m,4.821805
2026-07-27,2019-12-01,ANBIMA12_TJTLN112,Taxa LTN 1m,4.50578095238095
2026-07-27,2020-01-01,ANBIMA12_TJTLN112,Taxa LTN 1m,4.41255
2026-07-27,2020-02-01,ANBIMA12_TJTLN112,Taxa LTN 1m,4.29583333333333
2026-07-27,2020-03-01,ANBIMA12_TJTLN112,Taxa LTN 1m,4.03713636363636
2026-07-27,2020-04-01,ANBIMA12_TJTLN112,Taxa LTN 1m,3.712175
2026-07-27,2020-05-01,ANBIMA12_TJTLN112,Taxa LTN 1m,2.85336
2026-07-27,2020-06-01,ANBIMA12_TJTLN112,Taxa LTN 1m,2.3722619047619
2026-07-27,2020-07-01,ANBIMA12_TJTLN112,Taxa LTN 1m,2.19635652173913
2026-07-27,2020-08-01,ANBIMA12_TJTLN112,Taxa LTN 1m,2.04481904761905
2026-07-27,2020-09-01,ANBIMA12_TJTLN112,Taxa LTN 1m,2.0524619047619
2026-07-27,2020-10-01,ANBIMA12_TJTLN112,Taxa LTN 1m,2.096175
2026-07-27,2020-11-01,ANBIMA12_TJTLN112,Taxa LTN 1m,2.16253684210526
2026-07-27,2020-12-01,ANBIMA12_TJTLN112,Taxa LTN 1m,2.07635
2026-07-27,2021-01-01,ANBIMA12_TJTLN112,Taxa LTN 1m,2.235915
2026-07-27,2021-02-01,ANBIMA12_TJTLN112,Taxa LTN 1m,2.17297777777778
2026-07-27,2021-03-01,ANBIMA12_TJTLN112,Taxa LTN 1m,2.68917391304348
2026-07-27,2021-04-01,ANBIMA12_TJTLN112,Taxa LTN 1m,3.227095
2026-07-27,2021-05-01,ANBIMA12_TJTLN112,Taxa LTN 1m,3.66061428571429
2026-07-27,2021-06-01,ANBIMA12_TJTLN112,Taxa LTN 1m,4.13548095238095
2026-07-27,2021-07-01,ANBIMA12_TJTLN112,Taxa LTN 1m,4.58204090909091
2026-07-27,2021-08-01,ANBIMA12_TJTLN112,Taxa LTN 1m,5.41772727272727
2026-07-27,2021-09-01,ANBIMA12_TJTLN112,Taxa LTN 1m,6.22585714285714
2026-07-27,2021-10-01,ANBIMA12_TJTLN112,Taxa LTN 1m,6.99542
2026-07-27,2021-11-01,ANBIMA12_TJTLN112,Taxa LTN 1m,7.86745
2026-07-27,2021-12-01,ANBIMA12_TJTLN112,Taxa LTN 1m,8.87106818181818
2026-07-27,2022-01-01,ANBIMA12_TJTLN112,Taxa LTN 1m,9.75792380952381
2026-07-27,2022-02-01,ANBIMA12_TJTLN112,Taxa LTN 1m,10.6250052631579
2026-07-27,2022-03-01,ANBIMA12_TJTLN112,Taxa LTN 1m,11.3905954545455
2026-07-27,2022-04-01,ANBIMA12_TJTLN112,Taxa LTN 1m,11.9377611111111
2026-07-27,2022-05-01,ANBIMA12_TJTLN112,Taxa LTN 1m,12.5206590909091
2026-07-27,2022-06-01,ANBIMA12_TJTLN112,Taxa LTN 1m,12.7781380952381
2026-07-27,2022-07-01,ANBIMA12_TJTLN112,Taxa LTN 1m,12.8799238095238
2026-07-27,2022-08-01,ANBIMA12_TJTLN112,Taxa LTN 1m,13.2368695652174
2026-07-27,2022-09-01,ANBIMA12_TJTLN112,Taxa LTN 1m,13.2772
2026-07-27,2022-10-01,ANBIMA12_TJTLN112,Taxa LTN 1m,13.312
2026-07-27,2022-11-01,ANBIMA12_TJTLN112,Taxa LTN 1m,13.46499
2026-07-27,2022-12-01,ANBIMA12_TJTLN112,Taxa LTN 1m,13.5280913636364
2026-07-27,2023-01-01,ANBIMA12_TJTLN112,Taxa LTN 1m,13.2425181818182
2026-07-27,2023-02-01,ANBIMA12_TJTLN112,Taxa LTN 1m,13.4283555555556
2026-07-27,2023-03-01,ANBIMA12_TJTLN112,Taxa LTN 1m,13.4680217391304
2026-07-27,2023-04-01,ANBIMA12_TJTLN112,Taxa LTN 1m,13.3844611111111
2026-07-27,2023-05-01,ANBIMA12_TJTLN112,Taxa LTN 1m,13.5512681818182
2026-07-27,2023-06-01,ANBIMA12_TJTLN112,Taxa LTN 1m,13.59742
2026-07-27,2023-07-01,ANBIMA12_TJTLN112,Taxa LTN 1m,13.2665761904762
2026-07-27,2023-08-01,ANBIMA12_TJTLN112,Taxa LTN 1m,13.0555260869565
2026-07-27,2023-09-01,ANBIMA12_TJTLN112,Taxa LTN 1m,12.70265
2026-07-27,2023-10-01,ANBIMA12_TJTLN112,Taxa LTN 1m,12.4678857142857
2026-07-27,2023-11-01,ANBIMA12_TJTLN112,Taxa LTN 1m,12.089665
2026-07-27,2023-12-01,ANBIMA12_TJTLN112,Taxa LTN 1m,11.688365
2026-07-27,2024-01-01,ANBIMA12_TJTLN112,Taxa LTN 1m,11.5056318181818
2026-07-27,2024-02-01,ANBIMA12_TJTLN112,Taxa LTN 1m,11.1023105263158
2026-07-27,2024-03-01,ANBIMA12_TJTLN112,Taxa LTN 1m,10.59441
2026-07-27,2024-04-01,ANBIMA12_TJTLN112,Taxa LTN 1m,10.2507954545455
2026-07-27,2024-05-01,ANBIMA12_TJTLN112,Taxa LTN 1m,10.1857047619048
2026-07-27,2024-06-01,ANBIMA12_TJTLN112,Taxa LTN 1m,10.11048
2026-07-27,2024-07-01,ANBIMA12_TJTLN112,Taxa LTN 1m,10.4561086956522
2026-07-27,2024-08-01,ANBIMA12_TJTLN112,Taxa LTN 1m,10.1529681818182
2026-07-27,2024-09-01,ANBIMA12_TJTLN112,Taxa LTN 1m,10.1622428571429
2026-07-27,2024-10-01,ANBIMA12_TJTLN112,Taxa LTN 1m,10.3695608695652
2026-07-27,2024-11-01,ANBIMA12_TJTLN112,Taxa LTN 1m,10.970805
2026-07-27,2024-12-01,ANBIMA12_TJTLN112,Taxa LTN 1m,11.9145047619048
2026-07-27,2025-01-01,ANBIMA12_TJTLN112,Taxa LTN 1m,12.3890318181818
2026-07-27,2025-02-01,ANBIMA12_TJTLN112,Taxa LTN 1m,13.213055
2026-07-27,2025-03-01,ANBIMA12_TJTLN112,Taxa LTN 1m,13.6947736842105
2026-07-27,2025-04-01,ANBIMA12_TJTLN112,Taxa LTN 1m,14.042955
2026-07-27,2025-05-01,ANBIMA12_TJTLN112,Taxa LTN 1m,14.34153
2026-07-27,2025-06-01,ANBIMA12_TJTLN112,Taxa LTN 1m,14.36469
2026-07-27,2025-07-01,ANBIMA12_TJTLN112,Taxa LTN 1m,14.4460608695652
2026-07-27,2025-08-01,ANBIMA12_TJTLN112,Taxa LTN 1m,14.6490095238095
2026-07-27,2025-09-01,ANBIMA12_TJTLN112,Taxa LTN 1m,14.6907333333333
2026-07-27,2025-10-01,ANBIMA12_TJTLN112,Taxa LTN 1m,14.7427954545455
2026-07-27,2025-11-01,ANBIMA12_TJTLN112,Taxa LTN 1m,14.9030526315789
2026-07-27,2025-12-01,ANBIMA12_TJTLN112,Taxa LTN 1m,14.8556142857143
2026-07-27,2026-01-01,ANBIMA12_TJTLN112,Taxa LTN 1m,14.827665
2026-07-27,2026-02-01,ANBIMA12_TJTLN112,Taxa LTN 1m,14.7089555555556
2026-07-27,2026-03-01,ANBIMA12_TJTLN112,Taxa LTN 1m,14.4717636363636
2026-07-27,2026-04-01,ANBIMA12_TJTLN112,Taxa LTN 1m,14.40917
2026-07-27,2026-05-01,ANBIMA12_TJTLN112,Taxa LTN 1m,14.321485
2026-07-27,2026-06-01,ANBIMA12_TJTLN112,Taxa LTN 1m,14.1272789473684
2026-07-27,2026-07-01,ANBIMA12_TJTLN112,Taxa LTN 1m,13.8644722222222
2026-07-27,2000-04-01,ANBIMA12_TJTLN312,Taxa LTN 3m,18.9751777777778
2026-07-27,2000-05-01,ANBIMA12_TJTLN312,Taxa LTN 3m,19.2819272727273
2026-07-27,2000-06-01,ANBIMA12_TJTLN312,Taxa LTN 3m,18.2511047619048
2026-07-27,2000-07-01,ANBIMA12_TJTLN312,Taxa LTN 3m,17.1845904761905
2026-07-27,2000-08-01,ANBIMA12_TJTLN312,Taxa LTN 3m,16.5447565217391
2026-07-27,2000-09-01,ANBIMA12_TJTLN312,Taxa LTN 3m,16.660145
2026-07-27,2000-10-01,ANBIMA12_TJTLN312,Taxa LTN 3m,16.7919619047619
2026-07-27,2000-11-01,ANBIMA12_TJTLN312,Taxa LTN 3m,17.218985
2026-07-27,2000-12-01,ANBIMA12_TJTLN312,Taxa LTN 3m,16.452665
2026-07-27,2001-01-01,ANBIMA12_TJTLN312,Taxa LTN 3m,15.3814136363636
2026-07-27,2001-02-01,ANBIMA12_TJTLN312,Taxa LTN 3m,15.2682666666667
2026-07-27,2001-03-01,ANBIMA12_TJTLN312,Taxa LTN 3m,17.0597409090909
2026-07-27,2001-04-01,ANBIMA12_TJTLN312,Taxa LTN 3m,19.3636
2026-07-27,2001-05-01,ANBIMA12_TJTLN312,Taxa LTN 3m,19.2201636363636
2026-07-27,2001-06-01,ANBIMA12_TJTLN312,Taxa LTN 3m,19.379655
2026-07-27,2001-07-01,ANBIMA12_TJTLN312,Taxa LTN 3m,23.8540136363636
2026-07-27,2001-08-01,ANBIMA12_TJTLN312,Taxa LTN 3m,22.160147826087
2026-07-27,2001-09-01,ANBIMA12_TJTLN312,Taxa LTN 3m,21.7863105263158
2026-07-27,2001-10-01,ANBIMA12_TJTLN312,Taxa LTN 3m,22.0111454545455
2026-07-27,2001-11-01,ANBIMA12_TJTLN312,Taxa LTN 3m,19.843325
2026-07-27,2001-12-01,ANBIMA12_TJTLN312,Taxa LTN 3m,19.706925
2026-07-27,2002-01-01,ANBIMA12_TJTLN312,Taxa LTN 3m,19.1598454545455
2026-07-27,2002-02-01,ANBIMA12_TJTLN312,Taxa LTN 3m,19.0184777777778
2026-07-27,2002-03-01,ANBIMA12_TJTLN312,Taxa LTN 3m,18.54345
2026-07-27,2002-04-01,ANBIMA12_TJTLN312,Taxa LTN 3m,18.5651466666667
2026-07-27,2002-05-01,ANBIMA12_TJTLN312,Taxa LTN 3m,18.5470428571429
2026-07-27,2002-06-01,ANBIMA12_TJTLN312,Taxa LTN 3m,19.7860733333333
2026-07-27,2002-07-01,ANBIMA12_TJTLN312,Taxa LTN 3m,20.1969677419355
2026-07-27,2002-08-01,ANBIMA12_TJTLN312,Taxa LTN 3m,21.5235612903226
2026-07-27,2002-09-01,ANBIMA12_TJTLN312,Taxa LTN 3m,20.6820233333333
2026-07-27,2002-10-01,ANBIMA12_TJTLN312,Taxa LTN 3m,23.8898903225806
2026-07-27,2002-11-01,ANBIMA12_TJTLN312,Taxa LTN 3m,25.6393366666667
2026-07-27,2002-12-01,ANBIMA12_TJTLN312,Taxa LTN 3m,26.9132689655172
2026-07-27,2003-01-01,ANBIMA12_TJTLN312,Taxa LTN 3m,26.1359655172414
2026-07-27,2003-02-01,ANBIMA12_TJTLN312,Taxa LTN 3m,27.7574892857143
2026-07-27,2003-03-01,ANBIMA12_TJTLN312,Taxa LTN 3m,27.3107033333333
2026-07-27,2003-04-01,ANBIMA12_TJTLN312,Taxa LTN 3m,25.8666866666667
2026-07-27,2003-05-01,ANBIMA12_TJTLN312,Taxa LTN 3m,25.40043
2026-07-27,2003-06-01,ANBIMA12_TJTLN312,Taxa LTN 3m,25.157575862069
2026-07-27,2003-07-01,ANBIMA12_TJTLN312,Taxa LTN 3m,23.5472322580645
2026-07-27,2003-08-01,ANBIMA12_TJTLN312,Taxa LTN 3m,21.9463935483871
2026-07-27,2003-09-01,ANBIMA12_TJTLN312,Taxa LTN 3m,19.3531366666667
2026-07-27,2003-10-01,ANBIMA12_TJTLN312,Taxa LTN 3m,18.4605193548387
2026-07-27,2003-11-01,ANBIMA12_TJTLN312,Taxa LTN 3m,17.5131966666667
2026-07-27,2003-12-01,ANBIMA12_TJTLN312,Taxa LTN 3m,15.93411
2026-07-27,2004-01-01,ANBIMA12_TJTLN312,Taxa LTN 3m,15.77558
2026-07-27,2004-02-01,ANBIMA12_TJTLN312,Taxa LTN 3m,16.0559142857143
2026-07-27,2004-03-01,ANBIMA12_TJTLN312,Taxa LTN 3m,15.9296161290323
2026-07-27,2004-04-01,ANBIMA12_TJTLN312,Taxa LTN 3m,15.6776892857143
2026-07-27,2004-05-01,ANBIMA12_TJTLN312,Taxa LTN 3m,16.0058903225806
2026-07-27,2004-06-01,ANBIMA12_TJTLN312,Taxa LTN 3m,16.2097379310345
2026-07-27,2004-07-01,ANBIMA12_TJTLN312,Taxa LTN 3m,16.0775225806452
2026-07-27,2004-08-01,ANBIMA12_TJTLN312,Taxa LTN 3m,16.328035483871
2026-07-27,2004-09-01,ANBIMA12_TJTLN312,Taxa LTN 3m,16.760824137931
2026-07-27,2004-10-01,ANBIMA12_TJTLN312,Taxa LTN 3m,17.05565
2026-07-27,2004-11-01,ANBIMA12_TJTLN312,Taxa LTN 3m,17.7851689655172
2026-07-27,2004-12-01,ANBIMA12_TJTLN312,Taxa LTN 3m,18.1145
2026-07-27,2005-01-01,ANBIMA12_TJTLN312,Taxa LTN 3m,18.6677774193548
2026-07-27,2005-02-01,ANBIMA12_TJTLN312,Taxa LTN 3m,19.2903148148148
2026-07-27,2005-03-01,ANBIMA12_TJTLN312,Taxa LTN 3m,19.5065967741935
2026-07-27,2005-04-01,ANBIMA12_TJTLN312,Taxa LTN 3m,19.7630620689655
2026-07-27,2005-05-01,ANBIMA12_TJTLN312,Taxa LTN 3m,19.9768733333333
2026-07-27,2005-06-01,ANBIMA12_TJTLN312,Taxa LTN 3m,20.0426233333333
2026-07-27,2005-07-01,ANBIMA12_TJTLN312,Taxa LTN 3m,19.7559419354839
2026-07-27,2005-08-01,ANBIMA12_TJTLN312,Taxa LTN 3m,19.5856516129032
2026-07-27,2005-09-01,ANBIMA12_TJTLN312,Taxa LTN 3m,19.3509321428571
2026-07-27,2005-10-01,ANBIMA12_TJTLN312,Taxa LTN 3m,18.9065586206897
2026-07-27,2005-11-01,ANBIMA12_TJTLN312,Taxa LTN 3m,18.2033592592593
2026-07-27,2005-12-01,ANBIMA12_TJTLN312,Taxa LTN 3m,17.7351387096774
2026-07-27,2006-01-01,ANBIMA12_TJTLN312,Taxa LTN 3m,17.2552903225806
2026-07-27,2006-02-01,ANBIMA12_TJTLN312,Taxa LTN 3m,16.6271285714286
2026-07-27,2006-03-01,ANBIMA12_TJTLN312,Taxa LTN 3m,16.02518
2026-07-27,2006-04-01,ANBIMA12_TJTLN312,Taxa LTN 3m,15.49828
2026-07-27,2006-05-01,ANBIMA12_TJTLN312,Taxa LTN 3m,15.2667451612903
2026-07-27,2006-06-01,ANBIMA12_TJTLN312,Taxa LTN 3m,15.0687724137931
2026-07-27,2006-07-01,ANBIMA12_TJTLN312,Taxa LTN 3m,14.6564193548387
2026-07-27,2006-08-01,ANBIMA12_TJTLN312,Taxa LTN 3m,14.4141903225806
2026-07-27,2006-09-01,ANBIMA12_TJTLN312,Taxa LTN 3m,13.9834620689655
2026-07-27,2006-10-01,ANBIMA12_TJTLN312,Taxa LTN 3m,13.60482
2026-07-27,2006-11-01,ANBIMA12_TJTLN312,Taxa LTN 3m,13.3341481481481
2026-07-27,2006-12-01,ANBIMA12_TJTLN312,Taxa LTN 3m,13.0190903225806
2026-07-27,2007-01-01,ANBIMA12_TJTLN312,Taxa LTN 3m,12.8073612903226
2026-07-27,2007-02-01,ANBIMA12_TJTLN312,Taxa LTN 3m,12.7095296296296
2026-07-27,2007-03-01,ANBIMA12_TJTLN312,Taxa LTN 3m,12.5443806451613
2026-07-27,2007-04-01,ANBIMA12_TJTLN312,Taxa LTN 3m,12.2948033333333
2026-07-27,2007-05-01,ANBIMA12_TJTLN312,Taxa LTN 3m,12.0152166666667
2026-07-27,2007-06-01,ANBIMA12_TJTLN312,Taxa LTN 3m,11.6656172413793
2026-07-27,2007-07-01,ANBIMA12_TJTLN312,Taxa LTN 3m,11.3362838709677
2026-07-27,2007-08-01,ANBIMA12_TJTLN312,Taxa LTN 3m,11.2578806451613
2026-07-27,2007-09-01,ANBIMA12_TJTLN312,Taxa LTN 3m,11.1161233333333
2026-07-27,2007-10-01,ANBIMA12_TJTLN312,Taxa LTN 3m,11.0983967741935
2026-07-27,2007-11-01,ANBIMA12_TJTLN312,Taxa LTN 3m,11.1786448275862
2026-07-27,2007-12-01,ANBIMA12_TJTLN312,Taxa LTN 3m,11.21512
2026-07-27,2008-01-01,ANBIMA12_TJTLN312,Taxa LTN 3m,11.2405466666667
2026-07-27,2008-02-01,ANBIMA12_TJTLN312,Taxa LTN 3m,11.2561928571429
2026-07-27,2008-03-01,ANBIMA12_TJTLN312,Taxa LTN 3m,11.3397548387097
2026-07-27,2008-04-01,ANBIMA12_TJTLN312,Taxa LTN 3m,11.7606066666667
2026-07-27,2008-05-01,ANBIMA12_TJTLN312,Taxa LTN 3m,12.2461103448276
2026-07-27,2008-06-01,ANBIMA12_TJTLN312,Taxa LTN 3m,12.5126866666667
2026-07-27,2008-07-01,ANBIMA12_TJTLN312,Taxa LTN 3m,12.9222129032258
2026-07-27,2008-08-01,ANBIMA12_TJTLN312,Taxa LTN 3m,13.471864516129
2026-07-27,2008-09-01,ANBIMA12_TJTLN312,Taxa LTN 3m,13.93288
2026-07-27,2008-10-01,ANBIMA12_TJTLN312,Taxa LTN 3m,14.1005451612903
2026-07-27,2008-11-01,ANBIMA12_TJTLN312,Taxa LTN 3m,14.0063233333333
2026-07-27,2008-12-01,ANBIMA12_TJTLN312,Taxa LTN 3m,13.4257433333333
2026-07-27,2009-01-01,ANBIMA12_TJTLN312,Taxa LTN 3m,12.6606466666667
2026-07-27,2009-02-01,ANBIMA12_TJTLN312,Taxa LTN 3m,11.9039925925926
2026-07-27,2009-03-01,ANBIMA12_TJTLN312,Taxa LTN 3m,10.7861516129032
2026-07-27,2009-04-01,ANBIMA12_TJTLN312,Taxa LTN 3m,10.0922482758621
2026-07-27,2009-05-01,ANBIMA12_TJTLN312,Taxa LTN 3m,9.7138935483871
2026-07-27,2009-06-01,ANBIMA12_TJTLN312,Taxa LTN 3m,9.08242068965517
2026-07-27,2009-07-01,ANBIMA12_TJTLN312,Taxa LTN 3m,8.77224193548387
2026-07-27,2009-08-01,ANBIMA12_TJTLN312,Taxa LTN 3m,8.68861935483871
2026-07-27,2009-09-01,ANBIMA12_TJTLN312,Taxa LTN 3m,8.69255333333333
2026-07-27,2009-10-01,ANBIMA12_TJTLN312,Taxa LTN 3m,8.64028387096774
2026-07-27,2009-11-01,ANBIMA12_TJTLN312,Taxa LTN 3m,8.58731
2026-07-27,2009-12-01,ANBIMA12_TJTLN312,Taxa LTN 3m,8.61077741935484
2026-07-27,2010-01-01,ANBIMA12_TJTLN312,Taxa LTN 3m,8.68787096774193
2026-07-27,2010-02-01,ANBIMA12_TJTLN312,Taxa LTN 3m,8.87706666666667
2026-07-27,2010-03-01,ANBIMA12_TJTLN312,Taxa LTN 3m,9.1313935483871
2026-07-27,2010-04-01,ANBIMA12_TJTLN312,Taxa LTN 3m,9.44814642857143
2026-07-27,2010-05-01,ANBIMA12_TJTLN312,Taxa LTN 3m,10.0733483870968
2026-07-27,2010-06-01,ANBIMA12_TJTLN312,Taxa LTN 3m,10.5442655172414
2026-07-27,2010-07-01,ANBIMA12_TJTLN312,Taxa LTN 3m,10.8728258064516
2026-07-27,2010-08-01,ANBIMA12_TJTLN312,Taxa LTN 3m,10.7042870967742
2026-07-27,2010-09-01,ANBIMA12_TJTLN312,Taxa LTN 3m,10.6389965517241
2026-07-27,2010-10-01,ANBIMA12_TJTLN312,Taxa LTN 3m,10.6564612903226
2026-07-27,2010-11-01,ANBIMA12_TJTLN312,Taxa LTN 3m,10.7109448275862
2026-07-27,2010-12-01,ANBIMA12_TJTLN312,Taxa LTN 3m,10.9882258064516
2026-07-27,2011-01-01,ANBIMA12_TJTLN312,Taxa LTN 3m,11.3920129032258
2026-07-27,2011-02-01,ANBIMA12_TJTLN312,Taxa LTN 3m,11.7491178571429
2026-07-27,2011-03-01,ANBIMA12_TJTLN312,Taxa LTN 3m,11.9665233333333
2026-07-27,2011-04-01,ANBIMA12_TJTLN312,Taxa LTN 3m,12.0392724137931
2026-07-27,2011-05-01,ANBIMA12_TJTLN312,Taxa LTN 3m,12.1434833333333
2026-07-27,2011-06-01,ANBIMA12_TJTLN312,Taxa LTN 3m,12.3144827586207
2026-07-27,2011-07-01,ANBIMA12_TJTLN312,Taxa LTN 3m,12.4133580645161
2026-07-27,2011-08-01,ANBIMA12_TJTLN312,Taxa LTN 3m,12.3580548387097
2026-07-27,2011-09-01,ANBIMA12_TJTLN312,Taxa LTN 3m,11.6588357142857
2026-07-27,2011-10-01,ANBIMA12_TJTLN312,Taxa LTN 3m,11.1667431034483
2026-07-27,2011-11-01,ANBIMA12_TJTLN312,Taxa LTN 3m,10.8548666666667
2026-07-27,2011-12-01,ANBIMA12_TJTLN312,Taxa LTN 3m,10.5376322580645
2026-07-27,2012-01-01,ANBIMA12_TJTLN312,Taxa LTN 3m,10.2954689655172
2026-07-27,2012-02-01,ANBIMA12_TJTLN312,Taxa LTN 3m,9.86836071428571
2026-07-27,2012-03-01,ANBIMA12_TJTLN312,Taxa LTN 3m,9.30404516129032
2026-07-27,2012-04-01,ANBIMA12_TJTLN312,Taxa LTN 3m,8.89394
2026-07-27,2012-05-01,ANBIMA12_TJTLN312,Taxa LTN 3m,8.34453666666667
2026-07-27,2012-06-01,ANBIMA12_TJTLN312,Taxa LTN 3m,8.06616551724138
2026-07-27,2012-07-01,ANBIMA12_TJTLN312,Taxa LTN 3m,7.70171935483871
2026-07-27,2012-08-01,ANBIMA12_TJTLN312,Taxa LTN 3m,7.41440967741935
2026-07-27,2012-09-01,ANBIMA12_TJTLN312,Taxa LTN 3m,7.31767333333333
2026-07-27,2012-10-01,ANBIMA12_TJTLN312,Taxa LTN 3m,7.14923870967742
2026-07-27,2012-11-01,ANBIMA12_TJTLN312,Taxa LTN 3m,7.11183103448276
2026-07-27,2012-12-01,ANBIMA12_TJTLN312,Taxa LTN 3m,7.07900666666667
2026-07-27,2013-01-01,ANBIMA12_TJTLN312,Taxa LTN 3m,7.07130666666667
2026-07-27,2013-02-01,ANBIMA12_TJTLN312,Taxa LTN 3m,7.17707407407407
2026-07-27,2013-03-01,ANBIMA12_TJTLN312,Taxa LTN 3m,7.32612903225806
2026-07-27,2013-04-01,ANBIMA12_TJTLN312,Taxa LTN 3m,7.56754
2026-07-27,2013-05-01,ANBIMA12_TJTLN312,Taxa LTN 3m,7.86622857142857
2026-07-27,2013-06-01,ANBIMA12_TJTLN312,Taxa LTN 3m,8.40410333333333
2026-07-27,2013-07-01,ANBIMA12_TJTLN312,Taxa LTN 3m,8.7138
2026-07-27,2013-08-01,ANBIMA12_TJTLN312,Taxa LTN 3m,9.0400064516129
2026-07-27,2013-09-01,ANBIMA12_TJTLN312,Taxa LTN 3m,9.33904333333333
2026-07-27,2013-10-01,ANBIMA12_TJTLN312,Taxa LTN 3m,9.65588064516129
2026-07-27,2013-11-01,ANBIMA12_TJTLN312,Taxa LTN 3m,9.96390666666667
2026-07-27,2013-12-01,ANBIMA12_TJTLN312,Taxa LTN 3m,10.1132103448276
2026-07-27,2014-01-01,ANBIMA12_TJTLN312,Taxa LTN 3m,10.5361206896552
2026-07-27,2014-02-01,ANBIMA12_TJTLN312,Taxa LTN 3m,10.8284785714286
2026-07-27,2014-03-01,ANBIMA12_TJTLN312,Taxa LTN 3m,10.8190366666667
2026-07-27,2014-04-01,ANBIMA12_TJTLN312,Taxa LTN 3m,10.89646
2026-07-27,2014-05-01,ANBIMA12_TJTLN312,Taxa LTN 3m,10.87447
2026-07-27,2014-06-01,ANBIMA12_TJTLN312,Taxa LTN 3m,10.8469931034483
2026-07-27,2014-07-01,ANBIMA12_TJTLN312,Taxa LTN 3m,10.8856677419355
2026-07-27,2014-08-01,ANBIMA12_TJTLN312,Taxa LTN 3m,10.8766516129032
2026-07-27,2014-09-01,ANBIMA12_TJTLN312,Taxa LTN 3m,10.84888
2026-07-27,2014-10-01,ANBIMA12_TJTLN312,Taxa LTN 3m,11.0943612903226
2026-07-27,2014-11-01,ANBIMA12_TJTLN312,Taxa LTN 3m,11.5819
2026-07-27,2014-12-01,ANBIMA12_TJTLN312,Taxa LTN 3m,12.10681
2026-07-27,2015-01-01,ANBIMA12_TJTLN312,Taxa LTN 3m,12.3301833333333
2026-07-27,2015-02-01,ANBIMA12_TJTLN312,Taxa LTN 3m,12.6147074074074
2026-07-27,2015-03-01,ANBIMA12_TJTLN312,Taxa LTN 3m,12.9956129032258
2026-07-27,2015-04-01,ANBIMA12_TJTLN312,Taxa LTN 3m,13.1303965517241
2026-07-27,2015-05-01,ANBIMA12_TJTLN312,Taxa LTN 3m,13.5440322580645
2026-07-27,2015-06-01,ANBIMA12_TJTLN312,Taxa LTN 3m,13.8905793103448
2026-07-27,2015-07-01,ANBIMA12_TJTLN312,Taxa LTN 3m,13.9936258064516
2026-07-27,2015-08-01,ANBIMA12_TJTLN312,Taxa LTN 3m,14.2800838709677
2026-07-27,2015-09-01,ANBIMA12_TJTLN312,Taxa LTN 3m,14.4547866666667
2026-07-27,2015-10-01,ANBIMA12_TJTLN312,Taxa LTN 3m,14.4202387096774
2026-07-27,2015-11-01,ANBIMA12_TJTLN312,Taxa LTN 3m,14.38231
2026-07-27,2015-12-01,ANBIMA12_TJTLN312,Taxa LTN 3m,14.5106516129032
2026-07-27,2016-01-01,ANBIMA12_TJTLN312,Taxa LTN 3m,14.5739419354839
2026-07-27,2016-02-01,ANBIMA12_TJTLN312,Taxa LTN 3m,14.2556142857143
2026-07-27,2016-03-01,ANBIMA12_TJTLN312,Taxa LTN 3m,14.1211612903226
2026-07-27,2016-04-01,ANBIMA12_TJTLN312,Taxa LTN 3m,14.1239724137931
2026-07-27,2016-05-01,ANBIMA12_TJTLN312,Taxa LTN 3m,14.1204133333333
2026-07-27,2016-06-01,ANBIMA12_TJTLN312,Taxa LTN 3m,14.0910166666667
2026-07-27,2016-07-01,ANBIMA12_TJTLN312,Taxa LTN 3m,14.0817096774194
2026-07-27,2016-08-01,ANBIMA12_TJTLN312,Taxa LTN 3m,14.1036419354839
2026-07-27,2016-09-01,ANBIMA12_TJTLN312,Taxa LTN 3m,13.9700964285714
2026-07-27,2016-10-01,ANBIMA12_TJTLN312,Taxa LTN 3m,13.6418827586207
2026-07-27,2016-11-01,ANBIMA12_TJTLN312,Taxa LTN 3m,13.5891222222222
2026-07-27,2016-12-01,ANBIMA12_TJTLN312,Taxa LTN 3m,13.2427129032258
2026-07-27,2017-01-01,ANBIMA12_TJTLN312,Taxa LTN 3m,12.560564516129
2026-07-27,2017-02-01,ANBIMA12_TJTLN312,Taxa LTN 3m,11.9742038461538
2026-07-27,2017-03-01,ANBIMA12_TJTLN312,Taxa LTN 3m,11.359864516129
2026-07-27,2017-04-01,ANBIMA12_TJTLN312,Taxa LTN 3m,10.6434
2026-07-27,2017-05-01,ANBIMA12_TJTLN312,Taxa LTN 3m,10.1291233333333
2026-07-27,2017-06-01,ANBIMA12_TJTLN312,Taxa LTN 3m,9.64542413793103
2026-07-27,2017-07-01,ANBIMA12_TJTLN312,Taxa LTN 3m,9.07149032258065
2026-07-27,2017-08-01,ANBIMA12_TJTLN312,Taxa LTN 3m,8.32864193548387
2026-07-27,2017-09-01,ANBIMA12_TJTLN312,Taxa LTN 3m,7.65764827586207
2026-07-27,2017-10-01,ANBIMA12_TJTLN312,Taxa LTN 3m,7.28526333333333
2026-07-27,2017-11-01,ANBIMA12_TJTLN312,Taxa LTN 3m,7.00156551724138
2026-07-27,2017-12-01,ANBIMA12_TJTLN312,Taxa LTN 3m,6.76221666666667
2026-07-27,2018-01-01,ANBIMA12_TJTLN312,Taxa LTN 3m,6.70547333333333
2026-07-27,2018-02-01,ANBIMA12_TJTLN312,Taxa LTN 3m,6.549452
2026-07-27,2018-03-01,ANBIMA12_TJTLN312,Taxa LTN 3m,6.40781153846154
2026-07-27,2018-04-01,ANBIMA12_TJTLN312,Taxa LTN 3m,6.32292
2026-07-27,2018-05-01,ANBIMA12_TJTLN312,Taxa LTN 3m,6.37844814814815
2026-07-27,2018-06-01,ANBIMA12_TJTLN312,Taxa LTN 3m,6.64228461538462
2026-07-27,2018-07-01,ANBIMA12_TJTLN312,Taxa LTN 3m,6.45328461538462
2026-07-27,2018-08-01,ANBIMA12_TJTLN312,Taxa LTN 3m,6.59342592592593
2026-07-27,2018-09-01,ANBIMA12_TJTLN312,Taxa LTN 3m,6.717096
2026-07-27,2018-10-01,ANBIMA12_TJTLN312,Taxa LTN 3m,6.49539230769231
2026-07-27,2018-11-01,ANBIMA12_TJTLN312,Taxa LTN 3m,6.414144
2026-07-27,2018-12-01,ANBIMA12_TJTLN312,Taxa LTN 3m,6.41746538461538
2026-07-27,2019-01-01,ANBIMA12_TJTLN312,Taxa LTN 3m,6.43296296296296
2026-07-27,2019-02-01,ANBIMA12_TJTLN312,Taxa LTN 3m,6.396
2026-07-27,2019-03-01,ANBIMA12_TJTLN312,Taxa LTN 3m,6.36087894736842
2026-07-27,2019-04-01,ANBIMA12_TJTLN312,Taxa LTN 3m,6.40638095238095
2026-07-27,2019-05-01,ANBIMA12_TJTLN312,Taxa LTN 3m,6.40918181818182
2026-07-27,2019-06-01,ANBIMA12_TJTLN312,Taxa LTN 3m,6.31452631578947
2026-07-27,2019-07-01,ANBIMA12_TJTLN312,Taxa LTN 3m,6.00432608695652
2026-07-27,2019-08-01,ANBIMA12_TJTLN312,Taxa LTN 3m,5.61751363636364
2026-07-27,2019-09-01,ANBIMA12_TJTLN312,Taxa LTN 3m,5.27814761904762
2026-07-27,2019-10-01,ANBIMA12_TJTLN312,Taxa LTN 3m,4.86407727272727
2026-07-27,2019-11-01,ANBIMA12_TJTLN312,Taxa LTN 3m,4.60106
2026-07-27,2019-12-01,ANBIMA12_TJTLN312,Taxa LTN 3m,4.39512380952381
2026-07-27,2020-01-01,ANBIMA12_TJTLN312,Taxa LTN 3m,4.28123181818182
2026-07-27,2020-02-01,ANBIMA12_TJTLN312,Taxa LTN 3m,4.17884444444444
2026-07-27,2020-03-01,ANBIMA12_TJTLN312,Taxa LTN 3m,3.80380454545455
2026-07-27,2020-04-01,ANBIMA12_TJTLN312,Taxa LTN 3m,3.350255
2026-07-27,2020-05-01,ANBIMA12_TJTLN312,Taxa LTN 3m,2.647805
2026-07-27,2020-06-01,ANBIMA12_TJTLN312,Taxa LTN 3m,2.1685380952381
2026-07-27,2020-07-01,ANBIMA12_TJTLN312,Taxa LTN 3m,2.05146086956522
2026-07-27,2020-08-01,ANBIMA12_TJTLN312,Taxa LTN 3m,1.9506380952381
2026-07-27,2020-09-01,ANBIMA12_TJTLN312,Taxa LTN 3m,1.99004285714286
2026-07-27,2020-10-01,ANBIMA12_TJTLN312,Taxa LTN 3m,2.088035
2026-07-27,2020-11-01,ANBIMA12_TJTLN312,Taxa LTN 3m,2.04852
2026-07-27,2020-12-01,ANBIMA12_TJTLN312,Taxa LTN 3m,1.99415909090909
2026-07-27,2021-01-01,ANBIMA12_TJTLN312,Taxa LTN 3m,2.062605
2026-07-27,2021-02-01,ANBIMA12_TJTLN312,Taxa LTN 3m,2.23979444444444
2026-07-27,2021-03-01,ANBIMA12_TJTLN312,Taxa LTN 3m,2.97106956521739
2026-07-27,2021-04-01,ANBIMA12_TJTLN312,Taxa LTN 3m,3.58128
2026-07-27,2021-05-01,ANBIMA12_TJTLN312,Taxa LTN 3m,4.01371904761905
2026-07-27,2021-06-01,ANBIMA12_TJTLN312,Taxa LTN 3m,4.59557619047619
2026-07-27,2021-07-01,ANBIMA12_TJTLN312,Taxa LTN 3m,5.21165
2026-07-27,2021-08-01,ANBIMA12_TJTLN312,Taxa LTN 3m,6.14091818181818
2026-07-27,2021-09-01,ANBIMA12_TJTLN312,Taxa LTN 3m,6.93132857142857
2026-07-27,2021-10-01,ANBIMA12_TJTLN312,Taxa LTN 3m,7.865355
2026-07-27,2021-11-01,ANBIMA12_TJTLN312,Taxa LTN 3m,9.362235
2026-07-27,2021-12-01,ANBIMA12_TJTLN312,Taxa LTN 3m,10.0172136363636
2026-07-27,2022-01-01,ANBIMA12_TJTLN312,Taxa LTN 3m,10.7511619047619
2026-07-27,2022-02-01,ANBIMA12_TJTLN312,Taxa LTN 3m,11.4418526315789
2026-07-27,2022-03-01,ANBIMA12_TJTLN312,Taxa LTN 3m,12.1235409090909
2026-07-27,2022-04-01,ANBIMA12_TJTLN312,Taxa LTN 3m,12.5013947368421
2026-07-27,2022-05-01,ANBIMA12_TJTLN312,Taxa LTN 3m,13.0090409090909
2026-07-27,2022-06-01,ANBIMA12_TJTLN312,Taxa LTN 3m,13.2989619047619
2026-07-27,2022-07-01,ANBIMA12_TJTLN312,Taxa LTN 3m,13.5138904761905
2026-07-27,2022-08-01,ANBIMA12_TJTLN312,Taxa LTN 3m,13.7011608695652
2026-07-27,2022-09-01,ANBIMA12_TJTLN312,Taxa LTN 3m,13.7469476190476
2026-07-27,2022-10-01,ANBIMA12_TJTLN312,Taxa LTN 3m,13.736825
2026-07-27,2022-11-01,ANBIMA12_TJTLN312,Taxa LTN 3m,13.84045
2026-07-27,2022-12-01,ANBIMA12_TJTLN312,Taxa LTN 3m,13.7573863636364
2026-07-27,2023-01-01,ANBIMA12_TJTLN312,Taxa LTN 3m,13.6654090909091
2026-07-27,2023-02-01,ANBIMA12_TJTLN312,Taxa LTN 3m,13.7156611111111
2026-07-27,2023-03-01,ANBIMA12_TJTLN312,Taxa LTN 3m,13.6569869565217
2026-07-27,2023-04-01,ANBIMA12_TJTLN312,Taxa LTN 3m,13.6534555555556
2026-07-27,2023-05-01,ANBIMA12_TJTLN312,Taxa LTN 3m,13.7025409090909
2026-07-27,2023-06-01,ANBIMA12_TJTLN312,Taxa LTN 3m,13.52093
2026-07-27,2023-07-01,ANBIMA12_TJTLN312,Taxa LTN 3m,13.1818
2026-07-27,2023-08-01,ANBIMA12_TJTLN312,Taxa LTN 3m,12.7653826086957
2026-07-27,2023-09-01,ANBIMA12_TJTLN312,Taxa LTN 3m,12.370655
2026-07-27,2023-10-01,ANBIMA12_TJTLN312,Taxa LTN 3m,12.0794380952381
2026-07-27,2023-11-01,ANBIMA12_TJTLN312,Taxa LTN 3m,11.659985
2026-07-27,2023-12-01,ANBIMA12_TJTLN312,Taxa LTN 3m,11.25399
2026-07-27,2024-01-01,ANBIMA12_TJTLN312,Taxa LTN 3m,11.0291590909091
2026-07-27,2024-02-01,ANBIMA12_TJTLN312,Taxa LTN 3m,10.7176578947368
2026-07-27,2024-03-01,ANBIMA12_TJTLN312,Taxa LTN 3m,10.311475
2026-07-27,2024-04-01,ANBIMA12_TJTLN312,Taxa LTN 3m,10.1579409090909
2026-07-27,2024-05-01,ANBIMA12_TJTLN312,Taxa LTN 3m,10.1823666666667
2026-07-27,2024-06-01,ANBIMA12_TJTLN312,Taxa LTN 3m,10.246125
2026-07-27,2024-07-01,ANBIMA12_TJTLN312,Taxa LTN 3m,10.3633739130435
2026-07-27,2024-08-01,ANBIMA12_TJTLN312,Taxa LTN 3m,10.4615954545455
2026-07-27,2024-09-01,ANBIMA12_TJTLN312,Taxa LTN 3m,10.6888571428571
2026-07-27,2024-10-01,ANBIMA12_TJTLN312,Taxa LTN 3m,11.0290434782609
2026-07-27,2024-11-01,ANBIMA12_TJTLN312,Taxa LTN 3m,11.660005
2026-07-27,2024-12-01,ANBIMA12_TJTLN312,Taxa LTN 3m,12.8091857142857
2026-07-27,2025-01-01,ANBIMA12_TJTLN312,Taxa LTN 3m,13.3162181818182
2026-07-27,2025-02-01,ANBIMA12_TJTLN312,Taxa LTN 3m,13.84246
2026-07-27,2025-03-01,ANBIMA12_TJTLN312,Taxa LTN 3m,14.2179210526316
2026-07-27,2025-04-01,ANBIMA12_TJTLN312,Taxa LTN 3m,14.45075
2026-07-27,2025-05-01,ANBIMA12_TJTLN312,Taxa LTN 3m,14.6865
2026-07-27,2025-06-01,ANBIMA12_TJTLN312,Taxa LTN 3m,14.76722
2026-07-27,2025-07-01,ANBIMA12_TJTLN312,Taxa LTN 3m,14.8445956521739
2026-07-27,2025-08-01,ANBIMA12_TJTLN312,Taxa LTN 3m,14.8979571428571
2026-07-27,2025-09-01,ANBIMA12_TJTLN312,Taxa LTN 3m,14.8566
2026-07-27,2025-10-01,ANBIMA12_TJTLN312,Taxa LTN 3m,14.8391227272727
2026-07-27,2025-11-01,ANBIMA12_TJTLN312,Taxa LTN 3m,14.8321947368421
2026-07-27,2025-12-01,ANBIMA12_TJTLN312,Taxa LTN 3m,14.7685761904762
2026-07-27,2026-01-01,ANBIMA12_TJTLN312,Taxa LTN 3m,14.68087
2026-07-27,2026-02-01,ANBIMA12_TJTLN312,Taxa LTN 3m,14.4176333333333
2026-07-27,2026-03-01,ANBIMA12_TJTLN312,Taxa LTN 3m,14.3156636363636
2026-07-27,2026-04-01,ANBIMA12_TJTLN312,Taxa LTN 3m,14.23662
2026-07-27,2026-05-01,ANBIMA12_TJTLN312,Taxa LTN 3m,14.17104
2026-07-27,2026-06-01,ANBIMA12_TJTLN312,Taxa LTN 3m,14.0125473684211
2026-07-27,2026-07-01,ANBIMA12_TJTLN312,Taxa LTN 3m,13.8216444444444
2026-07-27,2000-04-01,ANBIMA12_TJTLN612,Taxa LTN 6m,19.2659055555556
2026-07-27,2000-05-01,ANBIMA12_TJTLN612,Taxa LTN 6m,20.4364818181818
2026-07-27,2000-06-01,ANBIMA12_TJTLN612,Taxa LTN 6m,18.7914095238095
2026-07-27,2000-07-01,ANBIMA12_TJTLN612,Taxa LTN 6m,17.7008857142857
2026-07-27,2000-08-01,ANBIMA12_TJTLN612,Taxa LTN 6m,16.7930956521739
2026-07-27,2000-09-01,ANBIMA12_TJTLN612,Taxa LTN 6m,16.878635
2026-07-27,2000-10-01,ANBIMA12_TJTLN612,Taxa LTN 6m,17.0812047619048
2026-07-27,2000-11-01,ANBIMA12_TJTLN612,Taxa LTN 6m,17.745155
2026-07-27,2000-12-01,ANBIMA12_TJTLN612,Taxa LTN 6m,16.864055
2026-07-27,2001-01-01,ANBIMA12_TJTLN612,Taxa LTN 6m,15.6009454545455
2026-07-27,2001-02-01,ANBIMA12_TJTLN612,Taxa LTN 6m,15.5341777777778
2026-07-27,2001-03-01,ANBIMA12_TJTLN612,Taxa LTN 6m,17.4992136363636
2026-07-27,2001-04-01,ANBIMA12_TJTLN612,Taxa LTN 6m,20.38395
2026-07-27,2001-05-01,ANBIMA12_TJTLN612,Taxa LTN 6m,21.2766090909091
2026-07-27,2001-06-01,ANBIMA12_TJTLN612,Taxa LTN 6m,20.92224
2026-07-27,2001-07-01,ANBIMA12_TJTLN612,Taxa LTN 6m,24.90635
2026-07-27,2001-08-01,ANBIMA12_TJTLN612,Taxa LTN 6m,23.7501304347826
2026-07-27,2001-09-01,ANBIMA12_TJTLN612,Taxa LTN 6m,23.7757368421053
2026-07-27,2001-10-01,ANBIMA12_TJTLN612,Taxa LTN 6m,23.6854
2026-07-27,2001-11-01,ANBIMA12_TJTLN612,Taxa LTN 6m,20.726115
2026-07-27,2001-12-01,ANBIMA12_TJTLN612,Taxa LTN 6m,20.36017
2026-07-27,2002-01-01,ANBIMA12_TJTLN612,Taxa LTN 6m,19.4208727272727
2026-07-27,2002-02-01,ANBIMA12_TJTLN612,Taxa LTN 6m,19.1636555555556
2026-07-27,2002-03-01,ANBIMA12_TJTLN612,Taxa LTN 6m,18.445225
2026-07-27,2002-04-01,ANBIMA12_TJTLN612,Taxa LTN 6m,18.63954
2026-07-27,2002-05-01,ANBIMA12_TJTLN612,Taxa LTN 6m,18.9030535714286
2026-07-27,2002-06-01,ANBIMA12_TJTLN612,Taxa LTN 6m,21.7948066666667
2026-07-27,2002-07-01,ANBIMA12_TJTLN612,Taxa LTN 6m,23.9431516129032
2026-07-27,2002-08-01,ANBIMA12_TJTLN612,Taxa LTN 6m,25.1884096774194
2026-07-27,2002-09-01,ANBIMA12_TJTLN612,Taxa LTN 6m,24.25733
2026-07-27,2002-10-01,ANBIMA12_TJTLN612,Taxa LTN 6m,26.9542290322581
2026-07-27,2002-11-01,ANBIMA12_TJTLN612,Taxa LTN 6m,28.8193966666667
2026-07-27,2002-12-01,ANBIMA12_TJTLN612,Taxa LTN 6m,28.7698931034483
2026-07-27,2003-01-01,ANBIMA12_TJTLN612,Taxa LTN 6m,26.4243344827586
2026-07-27,2003-02-01,ANBIMA12_TJTLN612,Taxa LTN 6m,28.9379857142857
2026-07-27,2003-03-01,ANBIMA12_TJTLN612,Taxa LTN 6m,27.5660933333333
2026-07-27,2003-04-01,ANBIMA12_TJTLN612,Taxa LTN 6m,25.57356
2026-07-27,2003-05-01,ANBIMA12_TJTLN612,Taxa LTN 6m,24.5331133333333
2026-07-27,2003-06-01,ANBIMA12_TJTLN612,Taxa LTN 6m,24.0292103448276
2026-07-27,2003-07-01,ANBIMA12_TJTLN612,Taxa LTN 6m,22.4187967741935
2026-07-27,2003-08-01,ANBIMA12_TJTLN612,Taxa LTN 6m,21.4579193548387
2026-07-27,2003-09-01,ANBIMA12_TJTLN612,Taxa LTN 6m,19.0517133333333
2026-07-27,2003-10-01,ANBIMA12_TJTLN612,Taxa LTN 6m,18.0530096774194
2026-07-27,2003-11-01,ANBIMA12_TJTLN612,Taxa LTN 6m,17.2844233333333
2026-07-27,2003-12-01,ANBIMA12_TJTLN612,Taxa LTN 6m,15.7828866666667
2026-07-27,2004-01-01,ANBIMA12_TJTLN612,Taxa LTN 6m,15.56045
2026-07-27,2004-02-01,ANBIMA12_TJTLN612,Taxa LTN 6m,15.8967857142857
2026-07-27,2004-03-01,ANBIMA12_TJTLN612,Taxa LTN 6m,15.7428741935484
2026-07-27,2004-04-01,ANBIMA12_TJTLN612,Taxa LTN 6m,15.5266785714286
2026-07-27,2004-05-01,ANBIMA12_TJTLN612,Taxa LTN 6m,16.6250322580645
2026-07-27,2004-06-01,ANBIMA12_TJTLN612,Taxa LTN 6m,17.011575862069
2026-07-27,2004-07-01,ANBIMA12_TJTLN612,Taxa LTN 6m,16.6246516129032
2026-07-27,2004-08-01,ANBIMA12_TJTLN612,Taxa LTN 6m,17.1127774193548
2026-07-27,2004-09-01,ANBIMA12_TJTLN612,Taxa LTN 6m,17.4353482758621
2026-07-27,2004-10-01,ANBIMA12_TJTLN612,Taxa LTN 6m,17.5383333333333
2026-07-27,2004-11-01,ANBIMA12_TJTLN612,Taxa LTN 6m,18.1782517241379
2026-07-27,2004-12-01,ANBIMA12_TJTLN612,Taxa LTN 6m,18.2982064516129
2026-07-27,2005-01-01,ANBIMA12_TJTLN612,Taxa LTN 6m,18.8794677419355
2026-07-27,2005-02-01,ANBIMA12_TJTLN612,Taxa LTN 6m,19.4498814814815
2026-07-27,2005-03-01,ANBIMA12_TJTLN612,Taxa LTN 6m,19.5416096774194
2026-07-27,2005-04-01,ANBIMA12_TJTLN612,Taxa LTN 6m,19.8203206896552
2026-07-27,2005-05-01,ANBIMA12_TJTLN612,Taxa LTN 6m,19.8735933333333
2026-07-27,2005-06-01,ANBIMA12_TJTLN612,Taxa LTN 6m,19.6393166666667
2026-07-27,2005-07-01,ANBIMA12_TJTLN612,Taxa LTN 6m,19.2302387096774
2026-07-27,2005-08-01,ANBIMA12_TJTLN612,Taxa LTN 6m,19.0372516129032
2026-07-27,2005-09-01,ANBIMA12_TJTLN612,Taxa LTN 6m,18.8491964285714
2026-07-27,2005-10-01,ANBIMA12_TJTLN612,Taxa LTN 6m,18.4579068965517
2026-07-27,2005-11-01,ANBIMA12_TJTLN612,Taxa LTN 6m,17.7636222222222
2026-07-27,2005-12-01,ANBIMA12_TJTLN612,Taxa LTN 6m,17.2130612903226
2026-07-27,2006-01-01,ANBIMA12_TJTLN612,Taxa LTN 6m,16.7331516129032
2026-07-27,2006-02-01,ANBIMA12_TJTLN612,Taxa LTN 6m,16.1121142857143
2026-07-27,2006-03-01,ANBIMA12_TJTLN612,Taxa LTN 6m,15.5486066666667
2026-07-27,2006-04-01,ANBIMA12_TJTLN612,Taxa LTN 6m,15.10688
2026-07-27,2006-05-01,ANBIMA12_TJTLN612,Taxa LTN 6m,15.0608548387097
2026-07-27,2006-06-01,ANBIMA12_TJTLN612,Taxa LTN 6m,14.9885275862069
2026-07-27,2006-07-01,ANBIMA12_TJTLN612,Taxa LTN 6m,14.5571032258065
2026-07-27,2006-08-01,ANBIMA12_TJTLN612,Taxa LTN 6m,14.3644064516129
2026-07-27,2006-09-01,ANBIMA12_TJTLN612,Taxa LTN 6m,13.8322137931034
2026-07-27,2006-10-01,ANBIMA12_TJTLN612,Taxa LTN 6m,13.44137
2026-07-27,2006-11-01,ANBIMA12_TJTLN612,Taxa LTN 6m,13.1675148148148
2026-07-27,2006-12-01,ANBIMA12_TJTLN612,Taxa LTN 6m,12.8038870967742
2026-07-27,2007-01-01,ANBIMA12_TJTLN612,Taxa LTN 6m,12.6240387096774
2026-07-27,2007-02-01,ANBIMA12_TJTLN612,Taxa LTN 6m,12.4838111111111
2026-07-27,2007-03-01,ANBIMA12_TJTLN612,Taxa LTN 6m,12.3297419354839
2026-07-27,2007-04-01,ANBIMA12_TJTLN612,Taxa LTN 6m,12.0639966666667
2026-07-27,2007-05-01,ANBIMA12_TJTLN612,Taxa LTN 6m,11.66086
2026-07-27,2007-06-01,ANBIMA12_TJTLN612,Taxa LTN 6m,11.3588379310345
2026-07-27,2007-07-01,ANBIMA12_TJTLN612,Taxa LTN 6m,11.0946
2026-07-27,2007-08-01,ANBIMA12_TJTLN612,Taxa LTN 6m,11.2318838709677
2026-07-27,2007-09-01,ANBIMA12_TJTLN612,Taxa LTN 6m,11.1611133333333
2026-07-27,2007-10-01,ANBIMA12_TJTLN612,Taxa LTN 6m,11.1584516129032
2026-07-27,2007-11-01,ANBIMA12_TJTLN612,Taxa LTN 6m,11.2467517241379
2026-07-27,2007-12-01,ANBIMA12_TJTLN612,Taxa LTN 6m,11.4195366666667
2026-07-27,2008-01-01,ANBIMA12_TJTLN612,Taxa LTN 6m,11.4802733333333
2026-07-27,2008-02-01,ANBIMA12_TJTLN612,Taxa LTN 6m,11.4893857142857
2026-07-27,2008-03-01,ANBIMA12_TJTLN612,Taxa LTN 6m,11.6651838709677
2026-07-27,2008-04-01,ANBIMA12_TJTLN612,Taxa LTN 6m,12.18389
2026-07-27,2008-05-01,ANBIMA12_TJTLN612,Taxa LTN 6m,12.7565586206897
2026-07-27,2008-06-01,ANBIMA12_TJTLN612,Taxa LTN 6m,13.0558566666667
2026-07-27,2008-07-01,ANBIMA12_TJTLN612,Taxa LTN 6m,13.5438741935484
2026-07-27,2008-08-01,ANBIMA12_TJTLN612,Taxa LTN 6m,14.0454193548387
2026-07-27,2008-09-01,ANBIMA12_TJTLN612,Taxa LTN 6m,14.3342833333333
2026-07-27,2008-10-01,ANBIMA12_TJTLN612,Taxa LTN 6m,14.4211193548387
2026-07-27,2008-11-01,ANBIMA12_TJTLN612,Taxa LTN 6m,14.4863166666667
2026-07-27,2008-12-01,ANBIMA12_TJTLN612,Taxa LTN 6m,13.25487
2026-07-27,2009-01-01,ANBIMA12_TJTLN612,Taxa LTN 6m,12.1703433333333
2026-07-27,2009-02-01,ANBIMA12_TJTLN612,Taxa LTN 6m,11.4057444444444
2026-07-27,2009-03-01,ANBIMA12_TJTLN612,Taxa LTN 6m,10.4665677419355
2026-07-27,2009-04-01,ANBIMA12_TJTLN612,Taxa LTN 6m,9.87603793103448
2026-07-27,2009-05-01,ANBIMA12_TJTLN612,Taxa LTN 6m,9.53579677419355
2026-07-27,2009-06-01,ANBIMA12_TJTLN612,Taxa LTN 6m,9.0528
2026-07-27,2009-07-01,ANBIMA12_TJTLN612,Taxa LTN 6m,8.76536774193548
2026-07-27,2009-08-01,ANBIMA12_TJTLN612,Taxa LTN 6m,8.73034838709677
2026-07-27,2009-09-01,ANBIMA12_TJTLN612,Taxa LTN 6m,8.78043666666667
2026-07-27,2009-10-01,ANBIMA12_TJTLN612,Taxa LTN 6m,8.87431612903226
2026-07-27,2009-11-01,ANBIMA12_TJTLN612,Taxa LTN 6m,8.85355666666667
2026-07-27,2009-12-01,ANBIMA12_TJTLN612,Taxa LTN 6m,9.07299032258065
2026-07-27,2010-01-01,ANBIMA12_TJTLN612,Taxa LTN 6m,9.2188064516129
2026-07-27,2010-02-01,ANBIMA12_TJTLN612,Taxa LTN 6m,9.44641481481482
2026-07-27,2010-03-01,ANBIMA12_TJTLN612,Taxa LTN 6m,9.74144516129032
2026-07-27,2010-04-01,ANBIMA12_TJTLN612,Taxa LTN 6m,10.0725035714286
2026-07-27,2010-05-01,ANBIMA12_TJTLN612,Taxa LTN 6m,10.7280451612903
2026-07-27,2010-06-01,ANBIMA12_TJTLN612,Taxa LTN 6m,11.0602
2026-07-27,2010-07-01,ANBIMA12_TJTLN612,Taxa LTN 6m,11.1608838709677
2026-07-27,2010-08-01,ANBIMA12_TJTLN612,Taxa LTN 6m,10.8199612903226
2026-07-27,2010-09-01,ANBIMA12_TJTLN612,Taxa LTN 6m,10.752375862069
2026-07-27,2010-10-01,ANBIMA12_TJTLN612,Taxa LTN 6m,10.7426838709677
2026-07-27,2010-11-01,ANBIMA12_TJTLN612,Taxa LTN 6m,10.9619206896552
2026-07-27,2010-12-01,ANBIMA12_TJTLN612,Taxa LTN 6m,11.4545322580645
2026-07-27,2011-01-01,ANBIMA12_TJTLN612,Taxa LTN 6m,11.8328548387097
2026-07-27,2011-02-01,ANBIMA12_TJTLN612,Taxa LTN 6m,12.09945
2026-07-27,2011-03-01,ANBIMA12_TJTLN612,Taxa LTN 6m,12.1980766666667
2026-07-27,2011-04-01,ANBIMA12_TJTLN612,Taxa LTN 6m,12.1824586206897
2026-07-27,2011-05-01,ANBIMA12_TJTLN612,Taxa LTN 6m,12.3025633333333
2026-07-27,2011-06-01,ANBIMA12_TJTLN612,Taxa LTN 6m,12.4313068965517
2026-07-27,2011-07-01,ANBIMA12_TJTLN612,Taxa LTN 6m,12.5186064516129
2026-07-27,2011-08-01,ANBIMA12_TJTLN612,Taxa LTN 6m,12.2309935483871
2026-07-27,2011-09-01,ANBIMA12_TJTLN612,Taxa LTN 6m,11.226025
2026-07-27,2011-10-01,ANBIMA12_TJTLN612,Taxa LTN 6m,10.7793568965517
2026-07-27,2011-11-01,ANBIMA12_TJTLN612,Taxa LTN 6m,10.4173814814815
2026-07-27,2011-12-01,ANBIMA12_TJTLN612,Taxa LTN 6m,10.1597419354839
2026-07-27,2012-01-01,ANBIMA12_TJTLN612,Taxa LTN 6m,10.0653551724138
2026-07-27,2012-02-01,ANBIMA12_TJTLN612,Taxa LTN 6m,9.55096785714286
2026-07-27,2012-03-01,ANBIMA12_TJTLN612,Taxa LTN 6m,9.04421290322581
2026-07-27,2012-04-01,ANBIMA12_TJTLN612,Taxa LTN 6m,8.7008
2026-07-27,2012-05-01,ANBIMA12_TJTLN612,Taxa LTN 6m,8.08924666666667
2026-07-27,2012-06-01,ANBIMA12_TJTLN612,Taxa LTN 6m,7.85483793103448
2026-07-27,2012-07-01,ANBIMA12_TJTLN612,Taxa LTN 6m,7.45718709677419
2026-07-27,2012-08-01,ANBIMA12_TJTLN612,Taxa LTN 6m,7.28148709677419
2026-07-27,2012-09-01,ANBIMA12_TJTLN612,Taxa LTN 6m,7.30186
2026-07-27,2012-10-01,ANBIMA12_TJTLN612,Taxa LTN 6m,7.1614
2026-07-27,2012-11-01,ANBIMA12_TJTLN612,Taxa LTN 6m,7.09248620689655
2026-07-27,2012-12-01,ANBIMA12_TJTLN612,Taxa LTN 6m,6.97912
2026-07-27,2013-01-01,ANBIMA12_TJTLN612,Taxa LTN 6m,6.99561333333333
2026-07-27,2013-02-01,ANBIMA12_TJTLN612,Taxa LTN 6m,7.25105925925926
2026-07-27,2013-03-01,ANBIMA12_TJTLN612,Taxa LTN 6m,7.53981290322581
2026-07-27,2013-04-01,ANBIMA12_TJTLN612,Taxa LTN 6m,7.73312666666667
2026-07-27,2013-05-01,ANBIMA12_TJTLN612,Taxa LTN 6m,7.96141071428571
2026-07-27,2013-06-01,ANBIMA12_TJTLN612,Taxa LTN 6m,8.70019666666667
2026-07-27,2013-07-01,ANBIMA12_TJTLN612,Taxa LTN 6m,8.80736451612903
2026-07-27,2013-08-01,ANBIMA12_TJTLN612,Taxa LTN 6m,9.2109064516129
2026-07-27,2013-09-01,ANBIMA12_TJTLN612,Taxa LTN 6m,9.56508333333333
2026-07-27,2013-10-01,ANBIMA12_TJTLN612,Taxa LTN 6m,9.83774838709677
2026-07-27,2013-11-01,ANBIMA12_TJTLN612,Taxa LTN 6m,10.2201533333333
2026-07-27,2013-12-01,ANBIMA12_TJTLN612,Taxa LTN 6m,10.195424137931
2026-07-27,2014-01-01,ANBIMA12_TJTLN612,Taxa LTN 6m,10.5415310344828
2026-07-27,2014-02-01,ANBIMA12_TJTLN612,Taxa LTN 6m,10.9911107142857
2026-07-27,2014-03-01,ANBIMA12_TJTLN612,Taxa LTN 6m,10.9045133333333
2026-07-27,2014-04-01,ANBIMA12_TJTLN612,Taxa LTN 6m,10.9076266666667
2026-07-27,2014-05-01,ANBIMA12_TJTLN612,Taxa LTN 6m,10.90675
2026-07-27,2014-06-01,ANBIMA12_TJTLN612,Taxa LTN 6m,10.834024137931
2026-07-27,2014-07-01,ANBIMA12_TJTLN612,Taxa LTN 6m,10.8267806451613
2026-07-27,2014-08-01,ANBIMA12_TJTLN612,Taxa LTN 6m,10.9499032258065
2026-07-27,2014-09-01,ANBIMA12_TJTLN612,Taxa LTN 6m,11.12586
2026-07-27,2014-10-01,ANBIMA12_TJTLN612,Taxa LTN 6m,11.4584548387097
2026-07-27,2014-11-01,ANBIMA12_TJTLN612,Taxa LTN 6m,11.9606533333333
2026-07-27,2014-12-01,ANBIMA12_TJTLN612,Taxa LTN 6m,12.4541533333333
2026-07-27,2015-01-01,ANBIMA12_TJTLN612,Taxa LTN 6m,12.6221433333333
2026-07-27,2015-02-01,ANBIMA12_TJTLN612,Taxa LTN 6m,12.9021777777778
2026-07-27,2015-03-01,ANBIMA12_TJTLN612,Taxa LTN 6m,13.3465516129032
2026-07-27,2015-04-01,ANBIMA12_TJTLN612,Taxa LTN 6m,13.3388724137931
2026-07-27,2015-05-01,ANBIMA12_TJTLN612,Taxa LTN 6m,13.7296741935484
2026-07-27,2015-06-01,ANBIMA12_TJTLN612,Taxa LTN 6m,14.1436862068966
2026-07-27,2015-07-01,ANBIMA12_TJTLN612,Taxa LTN 6m,14.1868225806452
2026-07-27,2015-08-01,ANBIMA12_TJTLN612,Taxa LTN 6m,14.3427677419355
2026-07-27,2015-09-01,ANBIMA12_TJTLN612,Taxa LTN 6m,14.7779666666667
2026-07-27,2015-10-01,ANBIMA12_TJTLN612,Taxa LTN 6m,14.8201483870968
2026-07-27,2015-11-01,ANBIMA12_TJTLN612,Taxa LTN 6m,14.76493
2026-07-27,2015-12-01,ANBIMA12_TJTLN612,Taxa LTN 6m,15.0424225806452
2026-07-27,2016-01-01,ANBIMA12_TJTLN612,Taxa LTN 6m,14.7761516129032
2026-07-27,2016-02-01,ANBIMA12_TJTLN612,Taxa LTN 6m,14.10495
2026-07-27,2016-03-01,ANBIMA12_TJTLN612,Taxa LTN 6m,13.8605806451613
2026-07-27,2016-04-01,ANBIMA12_TJTLN612,Taxa LTN 6m,13.7565655172414
2026-07-27,2016-05-01,ANBIMA12_TJTLN612,Taxa LTN 6m,13.8510066666667
2026-07-27,2016-06-01,ANBIMA12_TJTLN612,Taxa LTN 6m,13.76418
2026-07-27,2016-07-01,ANBIMA12_TJTLN612,Taxa LTN 6m,13.8381806451613
2026-07-27,2016-08-01,ANBIMA12_TJTLN612,Taxa LTN 6m,13.8140967741935
2026-07-27,2016-09-01,ANBIMA12_TJTLN612,Taxa LTN 6m,13.5871142857143
2026-07-27,2016-10-01,ANBIMA12_TJTLN612,Taxa LTN 6m,13.1765517241379
2026-07-27,2016-11-01,ANBIMA12_TJTLN612,Taxa LTN 6m,13.1424518518519
2026-07-27,2016-12-01,ANBIMA12_TJTLN612,Taxa LTN 6m,12.6604258064516
2026-07-27,2017-01-01,ANBIMA12_TJTLN612,Taxa LTN 6m,11.9512741935484
2026-07-27,2017-02-01,ANBIMA12_TJTLN612,Taxa LTN 6m,11.3069076923077
2026-07-27,2017-03-01,ANBIMA12_TJTLN612,Taxa LTN 6m,10.587835483871
2026-07-27,2017-04-01,ANBIMA12_TJTLN612,Taxa LTN 6m,9.93751071428571
2026-07-27,2017-05-01,ANBIMA12_TJTLN612,Taxa LTN 6m,9.53813666666667
2026-07-27,2017-06-01,ANBIMA12_TJTLN612,Taxa LTN 6m,9.20518965517241
2026-07-27,2017-07-01,ANBIMA12_TJTLN612,Taxa LTN 6m,8.60588387096774
2026-07-27,2017-08-01,ANBIMA12_TJTLN612,Taxa LTN 6m,7.91765161290323
2026-07-27,2017-09-01,ANBIMA12_TJTLN612,Taxa LTN 6m,7.32398275862069
2026-07-27,2017-10-01,ANBIMA12_TJTLN612,Taxa LTN 6m,6.99366
2026-07-27,2017-11-01,ANBIMA12_TJTLN612,Taxa LTN 6m,6.80420689655172
2026-07-27,2017-12-01,ANBIMA12_TJTLN612,Taxa LTN 6m,6.58553
2026-07-27,2018-01-01,ANBIMA12_TJTLN612,Taxa LTN 6m,6.51226666666667
2026-07-27,2018-02-01,ANBIMA12_TJTLN612,Taxa LTN 6m,6.407596
2026-07-27,2018-03-01,ANBIMA12_TJTLN612,Taxa LTN 6m,6.25471538461538
2026-07-27,2018-04-01,ANBIMA12_TJTLN612,Taxa LTN 6m,6.128668
2026-07-27,2018-05-01,ANBIMA12_TJTLN612,Taxa LTN 6m,6.33153703703704
2026-07-27,2018-06-01,ANBIMA12_TJTLN612,Taxa LTN 6m,6.97413846153846
2026-07-27,2018-07-01,ANBIMA12_TJTLN612,Taxa LTN 6m,6.78828076923077
2026-07-27,2018-08-01,ANBIMA12_TJTLN612,Taxa LTN 6m,6.95224814814815
2026-07-27,2018-09-01,ANBIMA12_TJTLN612,Taxa LTN 6m,7.165884
2026-07-27,2018-10-01,ANBIMA12_TJTLN612,Taxa LTN 6m,6.75985384615385
2026-07-27,2018-11-01,ANBIMA12_TJTLN612,Taxa LTN 6m,6.482972
2026-07-27,2018-12-01,ANBIMA12_TJTLN612,Taxa LTN 6m,6.38750769230769
2026-07-27,2019-01-01,ANBIMA12_TJTLN612,Taxa LTN 6m,6.35877037037037
2026-07-27,2019-02-01,ANBIMA12_TJTLN612,Taxa LTN 6m,6.32511739130435
2026-07-27,2019-03-01,ANBIMA12_TJTLN612,Taxa LTN 6m,6.31525789473684
2026-07-27,2019-04-01,ANBIMA12_TJTLN612,Taxa LTN 6m,6.34192857142857
2026-07-27,2019-05-01,ANBIMA12_TJTLN612,Taxa LTN 6m,6.31212727272727
2026-07-27,2019-06-01,ANBIMA12_TJTLN612,Taxa LTN 6m,6.07732631578947
2026-07-27,2019-07-01,ANBIMA12_TJTLN612,Taxa LTN 6m,5.72059130434783
2026-07-27,2019-08-01,ANBIMA12_TJTLN612,Taxa LTN 6m,5.38414545454545
2026-07-27,2019-09-01,ANBIMA12_TJTLN612,Taxa LTN 6m,5.0729
2026-07-27,2019-10-01,ANBIMA12_TJTLN612,Taxa LTN 6m,4.60625454545455
2026-07-27,2019-11-01,ANBIMA12_TJTLN612,Taxa LTN 6m,4.458685
2026-07-27,2019-12-01,ANBIMA12_TJTLN612,Taxa LTN 6m,4.37401428571429
2026-07-27,2020-01-01,ANBIMA12_TJTLN612,Taxa LTN 6m,4.23650454545455
2026-07-27,2020-02-01,ANBIMA12_TJTLN612,Taxa LTN 6m,4.13038888888889
2026-07-27,2020-03-01,ANBIMA12_TJTLN612,Taxa LTN 6m,3.70579090909091
2026-07-27,2020-04-01,ANBIMA12_TJTLN612,Taxa LTN 6m,3.078945
2026-07-27,2020-05-01,ANBIMA12_TJTLN612,Taxa LTN 6m,2.534565
2026-07-27,2020-06-01,ANBIMA12_TJTLN612,Taxa LTN 6m,2.10687619047619
2026-07-27,2020-07-01,ANBIMA12_TJTLN612,Taxa LTN 6m,2.04601304347826
2026-07-27,2020-08-01,ANBIMA12_TJTLN612,Taxa LTN 6m,1.98465714285714
2026-07-27,2020-09-01,ANBIMA12_TJTLN612,Taxa LTN 6m,2.07629047619048
2026-07-27,2020-10-01,ANBIMA12_TJTLN612,Taxa LTN 6m,2.299775
2026-07-27,2020-11-01,ANBIMA12_TJTLN612,Taxa LTN 6m,2.23233
2026-07-27,2020-12-01,ANBIMA12_TJTLN612,Taxa LTN 6m,2.18735
2026-07-27,2021-01-01,ANBIMA12_TJTLN612,Taxa LTN 6m,2.31936
2026-07-27,2021-02-01,ANBIMA12_TJTLN612,Taxa LTN 6m,2.64987222222222
2026-07-27,2021-03-01,ANBIMA12_TJTLN612,Taxa LTN 6m,3.56215652173913
2026-07-27,2021-04-01,ANBIMA12_TJTLN612,Taxa LTN 6m,4.1776
2026-07-27,2021-05-01,ANBIMA12_TJTLN612,Taxa LTN 6m,4.63282380952381
2026-07-27,2021-06-01,ANBIMA12_TJTLN612,Taxa LTN 6m,5.3099
2026-07-27,2021-07-01,ANBIMA12_TJTLN612,Taxa LTN 6m,5.96980909090909
2026-07-27,2021-08-01,ANBIMA12_TJTLN612,Taxa LTN 6m,6.96326363636364
2026-07-27,2021-09-01,ANBIMA12_TJTLN612,Taxa LTN 6m,7.72997619047619
2026-07-27,2021-10-01,ANBIMA12_TJTLN612,Taxa LTN 6m,8.79957
2026-07-27,2021-11-01,ANBIMA12_TJTLN612,Taxa LTN 6m,10.784375
2026-07-27,2021-12-01,ANBIMA12_TJTLN612,Taxa LTN 6m,11.0039772727273
2026-07-27,2022-01-01,ANBIMA12_TJTLN612,Taxa LTN 6m,11.5917047619048
2026-07-27,2022-02-01,ANBIMA12_TJTLN612,Taxa LTN 6m,12.1017473684211
2026-07-27,2022-03-01,ANBIMA12_TJTLN612,Taxa LTN 6m,12.7329090909091
2026-07-27,2022-04-01,ANBIMA12_TJTLN612,Taxa LTN 6m,12.9341368421053
2026-07-27,2022-05-01,ANBIMA12_TJTLN612,Taxa LTN 6m,13.3498818181818
2026-07-27,2022-06-01,ANBIMA12_TJTLN612,Taxa LTN 6m,13.6399285714286
2026-07-27,2022-07-01,ANBIMA12_TJTLN612,Taxa LTN 6m,13.9550952380952
2026-07-27,2022-08-01,ANBIMA12_TJTLN612,Taxa LTN 6m,13.8913347826087
2026-07-27,2022-09-01,ANBIMA12_TJTLN612,Taxa LTN 6m,13.8845476190476
2026-07-27,2022-10-01,ANBIMA12_TJTLN612,Taxa LTN 6m,13.771885
2026-07-27,2022-11-01,ANBIMA12_TJTLN612,Taxa LTN 6m,14.02439
2026-07-27,2022-12-01,ANBIMA12_TJTLN612,Taxa LTN 6m,13.86665
2026-07-27,2023-01-01,ANBIMA12_TJTLN612,Taxa LTN 6m,13.7901545454545
2026-07-27,2023-02-01,ANBIMA12_TJTLN612,Taxa LTN 6m,13.7206777777778
2026-07-27,2023-03-01,ANBIMA12_TJTLN612,Taxa LTN 6m,13.4856956521739
2026-07-27,2023-04-01,ANBIMA12_TJTLN612,Taxa LTN 6m,13.5134722222222
2026-07-27,2023-05-01,ANBIMA12_TJTLN612,Taxa LTN 6m,13.4645363636364
2026-07-27,2023-06-01,ANBIMA12_TJTLN612,Taxa LTN 6m,13.076815
2026-07-27,2023-07-01,ANBIMA12_TJTLN612,Taxa LTN 6m,12.6606714285714
2026-07-27,2023-08-01,ANBIMA12_TJTLN612,Taxa LTN 6m,12.1431565217391
2026-07-27,2023-09-01,ANBIMA12_TJTLN612,Taxa LTN 6m,11.79024
2026-07-27,2023-10-01,ANBIMA12_TJTLN612,Taxa LTN 6m,11.6213
2026-07-27,2023-11-01,ANBIMA12_TJTLN612,Taxa LTN 6m,11.183065
2026-07-27,2023-12-01,ANBIMA12_TJTLN612,Taxa LTN 6m,10.75233
2026-07-27,2024-01-01,ANBIMA12_TJTLN612,Taxa LTN 6m,10.5093318181818
2026-07-27,2024-02-01,ANBIMA12_TJTLN612,Taxa LTN 6m,10.3121947368421
2026-07-27,2024-03-01,ANBIMA12_TJTLN612,Taxa LTN 6m,10.018145
2026-07-27,2024-04-01,ANBIMA12_TJTLN612,Taxa LTN 6m,10.08405
2026-07-27,2024-05-01,ANBIMA12_TJTLN612,Taxa LTN 6m,10.2099619047619
2026-07-27,2024-06-01,ANBIMA12_TJTLN612,Taxa LTN 6m,10.43904
2026-07-27,2024-07-01,ANBIMA12_TJTLN612,Taxa LTN 6m,10.5822434782609
2026-07-27,2024-08-01,ANBIMA12_TJTLN612,Taxa LTN 6m,10.8556318181818
2026-07-27,2024-09-01,ANBIMA12_TJTLN612,Taxa LTN 6m,11.2151714285714
2026-07-27,2024-10-01,ANBIMA12_TJTLN612,Taxa LTN 6m,11.6883739130435
2026-07-27,2024-11-01,ANBIMA12_TJTLN612,Taxa LTN 6m,12.365005
2026-07-27,2024-12-01,ANBIMA12_TJTLN612,Taxa LTN 6m,13.7414571428571
2026-07-27,2025-01-01,ANBIMA12_TJTLN612,Taxa LTN 6m,14.2087045454545
2026-07-27,2025-02-01,ANBIMA12_TJTLN612,Taxa LTN 6m,14.414995
2026-07-27,2025-03-01,ANBIMA12_TJTLN612,Taxa LTN 6m,14.6431894736842
2026-07-27,2025-04-01,ANBIMA12_TJTLN612,Taxa LTN 6m,14.693335
2026-07-27,2025-05-01,ANBIMA12_TJTLN612,Taxa LTN 6m,14.81051
2026-07-27,2025-06-01,ANBIMA12_TJTLN612,Taxa LTN 6m,14.94445
2026-07-27,2025-07-01,ANBIMA12_TJTLN612,Taxa LTN 6m,14.9968652173913
2026-07-27,2025-08-01,ANBIMA12_TJTLN612,Taxa LTN 6m,14.8959047619048
2026-07-27,2025-09-01,ANBIMA12_TJTLN612,Taxa LTN 6m,14.7912714285714
2026-07-27,2025-10-01,ANBIMA12_TJTLN612,Taxa LTN 6m,14.7087272727273
2026-07-27,2025-11-01,ANBIMA12_TJTLN612,Taxa LTN 6m,14.5310052631579
2026-07-27,2025-12-01,ANBIMA12_TJTLN612,Taxa LTN 6m,14.4369142857143
2026-07-27,2026-01-01,ANBIMA12_TJTLN612,Taxa LTN 6m,14.286275
2026-07-27,2026-02-01,ANBIMA12_TJTLN612,Taxa LTN 6m,13.8977611111111
2026-07-27,2026-03-01,ANBIMA12_TJTLN612,Taxa LTN 6m,14.0581045454545
2026-07-27,2026-04-01,ANBIMA12_TJTLN612,Taxa LTN 6m,14.027845
2026-07-27,2026-05-01,ANBIMA12_TJTLN612,Taxa LTN 6m,14.00752
2026-07-27,2026-06-01,ANBIMA12_TJTLN612,Taxa LTN 6m,14.0671210526316
2026-07-27,2026-07-01,ANBIMA12_TJTLN612,Taxa LTN 6m,13.8104444444444
2026-07-27,2000-04-01,ANBIMA12_TJTLN1212,Taxa LTN 12m,19.4652611111111
2026-07-27,2000-05-01,ANBIMA12_TJTLN1212,Taxa LTN 12m,21.6815
2026-07-27,2000-06-01,ANBIMA12_TJTLN1212,Taxa LTN 12m,19.5419571428571
2026-07-27,2000-07-01,ANBIMA12_TJTLN1212,Taxa LTN 12m,18.2893666666667
2026-07-27,2000-08-01,ANBIMA12_TJTLN1212,Taxa LTN 12m,17.2485695652174
2026-07-27,2000-09-01,ANBIMA12_TJTLN1212,Taxa LTN 12m,17.182865
2026-07-27,2000-10-01,ANBIMA12_TJTLN1212,Taxa LTN 12m,17.4277238095238
2026-07-27,2000-11-01,ANBIMA12_TJTLN1212,Taxa LTN 12m,18.23173
2026-07-27,2000-12-01,ANBIMA12_TJTLN1212,Taxa LTN 12m,17.372935
2026-07-27,2001-01-01,ANBIMA12_TJTLN1212,Taxa LTN 12m,16.0090909090909
2026-07-27,2001-02-01,ANBIMA12_TJTLN1212,Taxa LTN 12m,16.0308611111111
2026-07-27,2001-03-01,ANBIMA12_TJTLN1212,Taxa LTN 12m,17.8755454545455
2026-07-27,2001-04-01,ANBIMA12_TJTLN1212,Taxa LTN 12m,20.81952
2026-07-27,2001-05-01,ANBIMA12_TJTLN1212,Taxa LTN 12m,22.4100863636364
2026-07-27,2001-06-01,ANBIMA12_TJTLN1212,Taxa LTN 12m,22.39506
2026-07-27,2001-07-01,ANBIMA12_TJTLN1212,Taxa LTN 12m,25.97265
2026-07-27,2001-08-01,ANBIMA12_TJTLN1212,Taxa LTN 12m,25.2051
2026-07-27,2001-09-01,ANBIMA12_TJTLN1212,Taxa LTN 12m,25.9982263157895
2026-07-27,2001-10-01,ANBIMA12_TJTLN1212,Taxa LTN 12m,25.6627909090909
2026-07-27,2001-11-01,ANBIMA12_TJTLN1212,Taxa LTN 12m,21.70482
2026-07-27,2001-12-01,ANBIMA12_TJTLN1212,Taxa LTN 12m,21.428285
2026-07-27,2002-01-01,ANBIMA12_TJTLN1212,Taxa LTN 12m,20.4424636363636
2026-07-27,2002-02-01,ANBIMA12_TJTLN1212,Taxa LTN 12m,20.0667277777778
2026-07-27,2002-03-01,ANBIMA12_TJTLN1212,Taxa LTN 12m,18.815825
2026-07-27,2002-04-01,ANBIMA12_TJTLN1212,Taxa LTN 12m,19.1000366666667
2026-07-27,2002-05-01,ANBIMA12_TJTLN1212,Taxa LTN 12m,20.6924214285714
2026-07-27,2002-06-01,ANBIMA12_TJTLN1212,Taxa LTN 12m,26.0374366666667
2026-07-27,2002-07-01,ANBIMA12_TJTLN1212,Taxa LTN 12m,28.4159290322581
2026-07-27,2002-08-01,ANBIMA12_TJTLN1212,Taxa LTN 12m,28.7962741935484
2026-07-27,2002-09-01,ANBIMA12_TJTLN1212,Taxa LTN 12m,27.3110566666667
2026-07-27,2002-10-01,ANBIMA12_TJTLN1212,Taxa LTN 12m,31.8643064516129
2026-07-27,2002-11-01,ANBIMA12_TJTLN1212,Taxa LTN 12m,33.5866433333333
2026-07-27,2002-12-01,ANBIMA12_TJTLN1212,Taxa LTN 12m,32.2011896551724
2026-07-27,2003-01-01,ANBIMA12_TJTLN1212,Taxa LTN 12m,28.1197068965517
2026-07-27,2003-02-01,ANBIMA12_TJTLN1212,Taxa LTN 12m,29.6848321428571
2026-07-27,2003-03-01,ANBIMA12_TJTLN1212,Taxa LTN 12m,28.1380866666667
2026-07-27,2003-04-01,ANBIMA12_TJTLN1212,Taxa LTN 12m,25.63649
2026-07-27,2003-05-01,ANBIMA12_TJTLN1212,Taxa LTN 12m,23.5864433333333
2026-07-27,2003-06-01,ANBIMA12_TJTLN1212,Taxa LTN 12m,22.7230896551724
2026-07-27,2003-07-01,ANBIMA12_TJTLN1212,Taxa LTN 12m,21.3590451612903
2026-07-27,2003-08-01,ANBIMA12_TJTLN1212,Taxa LTN 12m,21.2700225806452
2026-07-27,2003-09-01,ANBIMA12_TJTLN1212,Taxa LTN 12m,18.8497766666667
2026-07-27,2003-10-01,ANBIMA12_TJTLN1212,Taxa LTN 12m,18.0087838709677
2026-07-27,2003-11-01,ANBIMA12_TJTLN1212,Taxa LTN 12m,17.3643133333333
2026-07-27,2003-12-01,ANBIMA12_TJTLN1212,Taxa LTN 12m,15.9419366666667
2026-07-27,2004-01-01,ANBIMA12_TJTLN1212,Taxa LTN 12m,15.4934566666667
2026-07-27,2004-02-01,ANBIMA12_TJTLN1212,Taxa LTN 12m,15.648925
2026-07-27,2004-03-01,ANBIMA12_TJTLN1212,Taxa LTN 12m,15.5521677419355
2026-07-27,2004-04-01,ANBIMA12_TJTLN1212,Taxa LTN 12m,15.6708357142857
2026-07-27,2004-05-01,ANBIMA12_TJTLN1212,Taxa LTN 12m,17.7826580645161
2026-07-27,2004-06-01,ANBIMA12_TJTLN1212,Taxa LTN 12m,18.1826931034483
2026-07-27,2004-07-01,ANBIMA12_TJTLN1212,Taxa LTN 12m,17.2618193548387
2026-07-27,2004-08-01,ANBIMA12_TJTLN1212,Taxa LTN 12m,18.0170064516129
2026-07-27,2004-09-01,ANBIMA12_TJTLN1212,Taxa LTN 12m,18.1674689655172
2026-07-27,2004-10-01,ANBIMA12_TJTLN1212,Taxa LTN 12m,17.90073
2026-07-27,2004-11-01,ANBIMA12_TJTLN1212,Taxa LTN 12m,18.302975862069
2026-07-27,2004-12-01,ANBIMA12_TJTLN1212,Taxa LTN 12m,18.0577903225806
2026-07-27,2005-01-01,ANBIMA12_TJTLN1212,Taxa LTN 12m,18.5334032258065
2026-07-27,2005-02-01,ANBIMA12_TJTLN1212,Taxa LTN 12m,19.041962962963
2026-07-27,2005-03-01,ANBIMA12_TJTLN1212,Taxa LTN 12m,19.0143774193548
2026-07-27,2005-04-01,ANBIMA12_TJTLN1212,Taxa LTN 12m,19.4419862068966
2026-07-27,2005-05-01,ANBIMA12_TJTLN1212,Taxa LTN 12m,19.1919633333333
2026-07-27,2005-06-01,ANBIMA12_TJTLN1212,Taxa LTN 12m,18.6643733333333
2026-07-27,2005-07-01,ANBIMA12_TJTLN1212,Taxa LTN 12m,18.3461
2026-07-27,2005-08-01,ANBIMA12_TJTLN1212,Taxa LTN 12m,18.4510677419355
2026-07-27,2005-09-01,ANBIMA12_TJTLN1212,Taxa LTN 12m,18.287175
2026-07-27,2005-10-01,ANBIMA12_TJTLN1212,Taxa LTN 12m,18.0637137931034
2026-07-27,2005-11-01,ANBIMA12_TJTLN1212,Taxa LTN 12m,17.4767925925926
2026-07-27,2005-12-01,ANBIMA12_TJTLN1212,Taxa LTN 12m,16.8038580645161
2026-07-27,2006-01-01,ANBIMA12_TJTLN1212,Taxa LTN 12m,16.299535483871
2026-07-27,2006-02-01,ANBIMA12_TJTLN1212,Taxa LTN 12m,15.6743178571429
2026-07-27,2006-03-01,ANBIMA12_TJTLN1212,Taxa LTN 12m,15.0882966666667
2026-07-27,2006-04-01,ANBIMA12_TJTLN1212,Taxa LTN 12m,14.8112366666667
2026-07-27,2006-05-01,ANBIMA12_TJTLN1212,Taxa LTN 12m,15.0133193548387
2026-07-27,2006-06-01,ANBIMA12_TJTLN1212,Taxa LTN 12m,15.3001482758621
2026-07-27,2006-07-01,ANBIMA12_TJTLN1212,Taxa LTN 12m,14.6813935483871
2026-07-27,2006-08-01,ANBIMA12_TJTLN1212,Taxa LTN 12m,14.4001290322581
2026-07-27,2006-09-01,ANBIMA12_TJTLN1212,Taxa LTN 12m,13.8350482758621
2026-07-27,2006-10-01,ANBIMA12_TJTLN1212,Taxa LTN 12m,13.3815
2026-07-27,2006-11-01,ANBIMA12_TJTLN1212,Taxa LTN 12m,13.0194481481481
2026-07-27,2006-12-01,ANBIMA12_TJTLN1212,Taxa LTN 12m,12.6350225806452
2026-07-27,2007-01-01,ANBIMA12_TJTLN1212,Taxa LTN 12m,12.4529032258065
2026-07-27,2007-02-01,ANBIMA12_TJTLN1212,Taxa LTN 12m,12.2406222222222
2026-07-27,2007-03-01,ANBIMA12_TJTLN1212,Taxa LTN 12m,12.0514290322581
2026-07-27,2007-04-01,ANBIMA12_TJTLN1212,Taxa LTN 12m,11.71636
2026-07-27,2007-05-01,ANBIMA12_TJTLN1212,Taxa LTN 12m,11.1472466666667
2026-07-27,2007-06-01,ANBIMA12_TJTLN1212,Taxa LTN 12m,10.9326137931034
2026-07-27,2007-07-01,ANBIMA12_TJTLN1212,Taxa LTN 12m,10.8424838709677
2026-07-27,2007-08-01,ANBIMA12_TJTLN1212,Taxa LTN 12m,11.3492967741935
2026-07-27,2007-09-01,ANBIMA12_TJTLN1212,Taxa LTN 12m,11.3490133333333
2026-07-27,2007-10-01,ANBIMA12_TJTLN1212,Taxa LTN 12m,11.2793516129032
2026-07-27,2007-11-01,ANBIMA12_TJTLN1212,Taxa LTN 12m,11.466124137931
2026-07-27,2007-12-01,ANBIMA12_TJTLN1212,Taxa LTN 12m,11.84341
2026-07-27,2008-01-01,ANBIMA12_TJTLN1212,Taxa LTN 12m,12.06476
2026-07-27,2008-02-01,ANBIMA12_TJTLN1212,Taxa LTN 12m,11.9780642857143
2026-07-27,2008-03-01,ANBIMA12_TJTLN1212,Taxa LTN 12m,12.3151064516129
2026-07-27,2008-04-01,ANBIMA12_TJTLN1212,Taxa LTN 12m,12.8873666666667
2026-07-27,2008-05-01,ANBIMA12_TJTLN1212,Taxa LTN 12m,13.7202689655172
2026-07-27,2008-06-01,ANBIMA12_TJTLN1212,Taxa LTN 12m,14.13145
2026-07-27,2008-07-01,ANBIMA12_TJTLN1212,Taxa LTN 12m,14.604864516129
2026-07-27,2008-08-01,ANBIMA12_TJTLN1212,Taxa LTN 12m,14.6445612903226
2026-07-27,2008-09-01,ANBIMA12_TJTLN1212,Taxa LTN 12m,14.7413
2026-07-27,2008-10-01,ANBIMA12_TJTLN1212,Taxa LTN 12m,14.8981580645161
2026-07-27,2008-11-01,ANBIMA12_TJTLN1212,Taxa LTN 12m,15.13795
2026-07-27,2008-12-01,ANBIMA12_TJTLN1212,Taxa LTN 12m,13.06614
2026-07-27,2009-01-01,ANBIMA12_TJTLN1212,Taxa LTN 12m,11.67089
2026-07-27,2009-02-01,ANBIMA12_TJTLN1212,Taxa LTN 12m,11.1104185185185
2026-07-27,2009-03-01,ANBIMA12_TJTLN1212,Taxa LTN 12m,10.2431225806452
2026-07-27,2009-04-01,ANBIMA12_TJTLN1212,Taxa LTN 12m,9.96286206896552
2026-07-27,2009-05-01,ANBIMA12_TJTLN1212,Taxa LTN 12m,9.64662580645161
2026-07-27,2009-06-01,ANBIMA12_TJTLN1212,Taxa LTN 12m,9.37551724137931
2026-07-27,2009-07-01,ANBIMA12_TJTLN1212,Taxa LTN 12m,9.1762
2026-07-27,2009-08-01,ANBIMA12_TJTLN1212,Taxa LTN 12m,9.21386774193548
2026-07-27,2009-09-01,ANBIMA12_TJTLN1212,Taxa LTN 12m,9.39772
2026-07-27,2009-10-01,ANBIMA12_TJTLN1212,Taxa LTN 12m,9.95737741935484
2026-07-27,2009-11-01,ANBIMA12_TJTLN1212,Taxa LTN 12m,9.96129
2026-07-27,2009-12-01,ANBIMA12_TJTLN1212,Taxa LTN 12m,10.3223516129032
2026-07-27,2010-01-01,ANBIMA12_TJTLN1212,Taxa LTN 12m,10.4541161290323
2026-07-27,2010-02-01,ANBIMA12_TJTLN1212,Taxa LTN 12m,10.5251888888889
2026-07-27,2010-03-01,ANBIMA12_TJTLN1212,Taxa LTN 12m,10.8221806451613
2026-07-27,2010-04-01,ANBIMA12_TJTLN1212,Taxa LTN 12m,11.1199857142857
2026-07-27,2010-05-01,ANBIMA12_TJTLN1212,Taxa LTN 12m,11.6964
2026-07-27,2010-06-01,ANBIMA12_TJTLN1212,Taxa LTN 12m,11.7708517241379
2026-07-27,2010-07-01,ANBIMA12_TJTLN1212,Taxa LTN 12m,11.6223419354839
2026-07-27,2010-08-01,ANBIMA12_TJTLN1212,Taxa LTN 12m,11.2624709677419
2026-07-27,2010-09-01,ANBIMA12_TJTLN1212,Taxa LTN 12m,11.2575793103448
2026-07-27,2010-10-01,ANBIMA12_TJTLN1212,Taxa LTN 12m,11.3121903225806
2026-07-27,2010-11-01,ANBIMA12_TJTLN1212,Taxa LTN 12m,11.6211310344828
2026-07-27,2010-12-01,ANBIMA12_TJTLN1212,Taxa LTN 12m,12.1059
2026-07-27,2011-01-01,ANBIMA12_TJTLN1212,Taxa LTN 12m,12.3929677419355
2026-07-27,2011-02-01,ANBIMA12_TJTLN1212,Taxa LTN 12m,12.5657071428571
2026-07-27,2011-03-01,ANBIMA12_TJTLN1212,Taxa LTN 12m,12.5715666666667
2026-07-27,2011-04-01,ANBIMA12_TJTLN1212,Taxa LTN 12m,12.4866068965517
2026-07-27,2011-05-01,ANBIMA12_TJTLN1212,Taxa LTN 12m,12.5242166666667
2026-07-27,2011-06-01,ANBIMA12_TJTLN1212,Taxa LTN 12m,12.545924137931
2026-07-27,2011-07-01,ANBIMA12_TJTLN1212,Taxa LTN 12m,12.6684064516129
2026-07-27,2011-08-01,ANBIMA12_TJTLN1212,Taxa LTN 12m,12.0339064516129
2026-07-27,2011-09-01,ANBIMA12_TJTLN1212,Taxa LTN 12m,10.8571178571429
2026-07-27,2011-10-01,ANBIMA12_TJTLN1212,Taxa LTN 12m,10.472775862069
2026-07-27,2011-11-01,ANBIMA12_TJTLN1212,Taxa LTN 12m,10.0842925925926
2026-07-27,2011-12-01,ANBIMA12_TJTLN1212,Taxa LTN 12m,9.93353870967742
2026-07-27,2012-01-01,ANBIMA12_TJTLN1212,Taxa LTN 12m,10.0642620689655
2026-07-27,2012-02-01,ANBIMA12_TJTLN1212,Taxa LTN 12m,9.44818928571429
2026-07-27,2012-03-01,ANBIMA12_TJTLN1212,Taxa LTN 12m,9.10612903225806
2026-07-27,2012-04-01,ANBIMA12_TJTLN1212,Taxa LTN 12m,8.79445333333333
2026-07-27,2012-05-01,ANBIMA12_TJTLN1212,Taxa LTN 12m,8.12856333333333
2026-07-27,2012-06-01,ANBIMA12_TJTLN1212,Taxa LTN 12m,7.8842
2026-07-27,2012-07-01,ANBIMA12_TJTLN1212,Taxa LTN 12m,7.54802258064516
2026-07-27,2012-08-01,ANBIMA12_TJTLN1212,Taxa LTN 12m,7.56926129032258
2026-07-27,2012-09-01,ANBIMA12_TJTLN1212,Taxa LTN 12m,7.61106333333333
2026-07-27,2012-10-01,ANBIMA12_TJTLN1212,Taxa LTN 12m,7.3718064516129
2026-07-27,2012-11-01,ANBIMA12_TJTLN1212,Taxa LTN 12m,7.29041379310345
2026-07-27,2012-12-01,ANBIMA12_TJTLN1212,Taxa LTN 12m,7.08669333333333
2026-07-27,2013-01-01,ANBIMA12_TJTLN1212,Taxa LTN 12m,7.18078666666667
2026-07-27,2013-02-01,ANBIMA12_TJTLN1212,Taxa LTN 12m,7.58814814814815
2026-07-27,2013-03-01,ANBIMA12_TJTLN1212,Taxa LTN 12m,7.98016129032258
2026-07-27,2013-04-01,ANBIMA12_TJTLN1212,Taxa LTN 12m,8.09751333333333
2026-07-27,2013-05-01,ANBIMA12_TJTLN1212,Taxa LTN 12m,8.20963214285714
2026-07-27,2013-06-01,ANBIMA12_TJTLN1212,Taxa LTN 12m,9.22877
2026-07-27,2013-07-01,ANBIMA12_TJTLN1212,Taxa LTN 12m,9.21446451612903
2026-07-27,2013-08-01,ANBIMA12_TJTLN1212,Taxa LTN 12m,9.73315483870968
2026-07-27,2013-09-01,ANBIMA12_TJTLN1212,Taxa LTN 12m,10.1397766666667
2026-07-27,2013-10-01,ANBIMA12_TJTLN1212,Taxa LTN 12m,10.2742096774194
2026-07-27,2013-11-01,ANBIMA12_TJTLN1212,Taxa LTN 12m,10.7799633333333
2026-07-27,2013-12-01,ANBIMA12_TJTLN1212,Taxa LTN 12m,10.6997034482759
2026-07-27,2014-01-01,ANBIMA12_TJTLN1212,Taxa LTN 12m,10.9923310344828
2026-07-27,2014-02-01,ANBIMA12_TJTLN1212,Taxa LTN 12m,11.5276392857143
2026-07-27,2014-03-01,ANBIMA12_TJTLN1212,Taxa LTN 12m,11.4195266666667
2026-07-27,2014-04-01,ANBIMA12_TJTLN1212,Taxa LTN 12m,11.4107033333333
2026-07-27,2014-05-01,ANBIMA12_TJTLN1212,Taxa LTN 12m,11.35726
2026-07-27,2014-06-01,ANBIMA12_TJTLN1212,Taxa LTN 12m,11.0997137931034
2026-07-27,2014-07-01,ANBIMA12_TJTLN1212,Taxa LTN 12m,10.9691903225806
2026-07-27,2014-08-01,ANBIMA12_TJTLN1212,Taxa LTN 12m,11.2233677419355
2026-07-27,2014-09-01,ANBIMA12_TJTLN1212,Taxa LTN 12m,11.4636333333333
2026-07-27,2014-10-01,ANBIMA12_TJTLN1212,Taxa LTN 12m,11.902935483871
2026-07-27,2014-11-01,ANBIMA12_TJTLN1212,Taxa LTN 12m,12.3583033333333
2026-07-27,2014-12-01,ANBIMA12_TJTLN1212,Taxa LTN 12m,12.7272133333333
2026-07-27,2015-01-01,ANBIMA12_TJTLN1212,Taxa LTN 12m,12.76292
2026-07-27,2015-02-01,ANBIMA12_TJTLN1212,Taxa LTN 12m,13.0670518518519
2026-07-27,2015-03-01,ANBIMA12_TJTLN1212,Taxa LTN 12m,13.5707064516129
2026-07-27,2015-04-01,ANBIMA12_TJTLN1212,Taxa LTN 12m,13.3989
2026-07-27,2015-05-01,ANBIMA12_TJTLN1212,Taxa LTN 12m,13.7213709677419
2026-07-27,2015-06-01,ANBIMA12_TJTLN1212,Taxa LTN 12m,14.1309034482759
2026-07-27,2015-07-01,ANBIMA12_TJTLN1212,Taxa LTN 12m,14.0166838709677
2026-07-27,2015-08-01,ANBIMA12_TJTLN1212,Taxa LTN 12m,14.1141225806452
2026-07-27,2015-09-01,ANBIMA12_TJTLN1212,Taxa LTN 12m,15.0931466666667
2026-07-27,2015-10-01,ANBIMA12_TJTLN1212,Taxa LTN 12m,15.3467870967742
2026-07-27,2015-11-01,ANBIMA12_TJTLN1212,Taxa LTN 12m,15.2569866666667
2026-07-27,2015-12-01,ANBIMA12_TJTLN1212,Taxa LTN 12m,15.7352774193548
2026-07-27,2016-01-01,ANBIMA12_TJTLN1212,Taxa LTN 12m,15.3123903225806
2026-07-27,2016-02-01,ANBIMA12_TJTLN1212,Taxa LTN 12m,14.2815428571429
2026-07-27,2016-03-01,ANBIMA12_TJTLN1212,Taxa LTN 12m,13.6773387096774
2026-07-27,2016-04-01,ANBIMA12_TJTLN1212,Taxa LTN 12m,13.3567448275862
2026-07-27,2016-05-01,ANBIMA12_TJTLN1212,Taxa LTN 12m,13.2517566666667
2026-07-27,2016-06-01,ANBIMA12_TJTLN1212,Taxa LTN 12m,13.0964666666667
2026-07-27,2016-07-01,ANBIMA12_TJTLN1212,Taxa LTN 12m,13.185635483871
2026-07-27,2016-08-01,ANBIMA12_TJTLN1212,Taxa LTN 12m,13.1209516129032
2026-07-27,2016-09-01,ANBIMA12_TJTLN1212,Taxa LTN 12m,12.8109535714286
2026-07-27,2016-10-01,ANBIMA12_TJTLN1212,Taxa LTN 12m,12.3469965517241
2026-07-27,2016-11-01,ANBIMA12_TJTLN1212,Taxa LTN 12m,12.3458740740741
2026-07-27,2016-12-01,ANBIMA12_TJTLN1212,Taxa LTN 12m,11.8118870967742
2026-07-27,2017-01-01,ANBIMA12_TJTLN1212,Taxa LTN 12m,11.0852225806452
2026-07-27,2017-02-01,ANBIMA12_TJTLN1212,Taxa LTN 12m,10.4903
2026-07-27,2017-03-01,ANBIMA12_TJTLN1212,Taxa LTN 12m,9.79707096774194
2026-07-27,2017-04-01,ANBIMA12_TJTLN1212,Taxa LTN 12m,9.41457142857143
2026-07-27,2017-05-01,ANBIMA12_TJTLN1212,Taxa LTN 12m,9.19772666666667
2026-07-27,2017-06-01,ANBIMA12_TJTLN1212,Taxa LTN 12m,8.99364827586207
2026-07-27,2017-07-01,ANBIMA12_TJTLN1212,Taxa LTN 12m,8.39200967741935
2026-07-27,2017-08-01,ANBIMA12_TJTLN1212,Taxa LTN 12m,7.81007419354839
2026-07-27,2017-09-01,ANBIMA12_TJTLN1212,Taxa LTN 12m,7.33960689655172
2026-07-27,2017-10-01,ANBIMA12_TJTLN1212,Taxa LTN 12m,7.11373
2026-07-27,2017-11-01,ANBIMA12_TJTLN1212,Taxa LTN 12m,7.10985172413793
2026-07-27,2017-12-01,ANBIMA12_TJTLN1212,Taxa LTN 12m,6.92039
2026-07-27,2018-01-01,ANBIMA12_TJTLN1212,Taxa LTN 12m,6.85739666666667
2026-07-27,2018-02-01,ANBIMA12_TJTLN1212,Taxa LTN 12m,6.787684
2026-07-27,2018-03-01,ANBIMA12_TJTLN1212,Taxa LTN 12m,6.49964615384615
2026-07-27,2018-04-01,ANBIMA12_TJTLN1212,Taxa LTN 12m,6.30508
2026-07-27,2018-05-01,ANBIMA12_TJTLN1212,Taxa LTN 12m,6.68261851851852
2026-07-27,2018-06-01,ANBIMA12_TJTLN1212,Taxa LTN 12m,7.67218461538462
2026-07-27,2018-07-01,ANBIMA12_TJTLN1212,Taxa LTN 12m,7.46645384615385
2026-07-27,2018-08-01,ANBIMA12_TJTLN1212,Taxa LTN 12m,7.66496296296296
2026-07-27,2018-09-01,ANBIMA12_TJTLN1212,Taxa LTN 12m,8.005712
2026-07-27,2018-10-01,ANBIMA12_TJTLN1212,Taxa LTN 12m,7.36795
2026-07-27,2018-11-01,ANBIMA12_TJTLN1212,Taxa LTN 12m,6.90274
2026-07-27,2018-12-01,ANBIMA12_TJTLN1212,Taxa LTN 12m,6.67539230769231
2026-07-27,2019-01-01,ANBIMA12_TJTLN1212,Taxa LTN 12m,6.55827037037037
2026-07-27,2019-02-01,ANBIMA12_TJTLN1212,Taxa LTN 12m,6.47964347826087
2026-07-27,2019-03-01,ANBIMA12_TJTLN1212,Taxa LTN 12m,6.50012631578947
2026-07-27,2019-04-01,ANBIMA12_TJTLN1212,Taxa LTN 12m,6.5433
2026-07-27,2019-05-01,ANBIMA12_TJTLN1212,Taxa LTN 12m,6.45295
2026-07-27,2019-06-01,ANBIMA12_TJTLN1212,Taxa LTN 12m,5.97944210526316
2026-07-27,2019-07-01,ANBIMA12_TJTLN1212,Taxa LTN 12m,5.53275217391304
2026-07-27,2019-08-01,ANBIMA12_TJTLN1212,Taxa LTN 12m,5.34949090909091
2026-07-27,2019-09-01,ANBIMA12_TJTLN1212,Taxa LTN 12m,5.10439047619048
2026-07-27,2019-10-01,ANBIMA12_TJTLN1212,Taxa LTN 12m,4.54117727272727
2026-07-27,2019-11-01,ANBIMA12_TJTLN1212,Taxa LTN 12m,4.551345
2026-07-27,2019-12-01,ANBIMA12_TJTLN1212,Taxa LTN 12m,4.60427619047619
2026-07-27,2020-01-01,ANBIMA12_TJTLN1212,Taxa LTN 12m,4.43930454545455
2026-07-27,2020-02-01,ANBIMA12_TJTLN1212,Taxa LTN 12m,4.29338333333333
2026-07-27,2020-03-01,ANBIMA12_TJTLN1212,Taxa LTN 12m,4.00486363636364
2026-07-27,2020-04-01,ANBIMA12_TJTLN1212,Taxa LTN 12m,3.154285
2026-07-27,2020-05-01,ANBIMA12_TJTLN1212,Taxa LTN 12m,2.75941
2026-07-27,2020-06-01,ANBIMA12_TJTLN1212,Taxa LTN 12m,2.45830952380952
2026-07-27,2020-07-01,ANBIMA12_TJTLN1212,Taxa LTN 12m,2.44350434782609
2026-07-27,2020-08-01,ANBIMA12_TJTLN1212,Taxa LTN 12m,2.41050952380952
2026-07-27,2020-09-01,ANBIMA12_TJTLN1212,Taxa LTN 12m,2.61222380952381
2026-07-27,2020-10-01,ANBIMA12_TJTLN1212,Taxa LTN 12m,3.0857
2026-07-27,2020-11-01,ANBIMA12_TJTLN1212,Taxa LTN 12m,3.20794
2026-07-27,2020-12-01,ANBIMA12_TJTLN1212,Taxa LTN 12m,3.01415909090909
2026-07-27,2021-01-01,ANBIMA12_TJTLN1212,Taxa LTN 12m,3.40493
2026-07-27,2021-02-01,ANBIMA12_TJTLN1212,Taxa LTN 12m,3.7759
2026-07-27,2021-03-01,ANBIMA12_TJTLN1212,Taxa LTN 12m,4.8236
2026-07-27,2021-04-01,ANBIMA12_TJTLN1212,Taxa LTN 12m,5.33595
2026-07-27,2021-05-01,ANBIMA12_TJTLN1212,Taxa LTN 12m,5.80420952380952
2026-07-27,2021-06-01,ANBIMA12_TJTLN1212,Taxa LTN 12m,6.44345238095238
2026-07-27,2021-07-01,ANBIMA12_TJTLN1212,Taxa LTN 12m,6.98685909090909
2026-07-27,2021-08-01,ANBIMA12_TJTLN1212,Taxa LTN 12m,7.99840454545455
2026-07-27,2021-09-01,ANBIMA12_TJTLN1212,Taxa LTN 12m,8.72956666666667
2026-07-27,2021-10-01,ANBIMA12_TJTLN1212,Taxa LTN 12m,9.849915
2026-07-27,2021-11-01,ANBIMA12_TJTLN1212,Taxa LTN 12m,11.98094
2026-07-27,2021-12-01,ANBIMA12_TJTLN1212,Taxa LTN 12m,11.5788681818182
2026-07-27,2022-01-01,ANBIMA12_TJTLN1212,Taxa LTN 12m,12.0508857142857
2026-07-27,2022-02-01,ANBIMA12_TJTLN1212,Taxa LTN 12m,12.3487789473684
2026-07-27,2022-03-01,ANBIMA12_TJTLN1212,Taxa LTN 12m,12.9950409090909
2026-07-27,2022-04-01,ANBIMA12_TJTLN1212,Taxa LTN 12m,12.9939894736842
2026-07-27,2022-05-01,ANBIMA12_TJTLN1212,Taxa LTN 12m,13.3372727272727
2026-07-27,2022-06-01,ANBIMA12_TJTLN1212,Taxa LTN 12m,13.5829428571429
2026-07-27,2022-07-01,ANBIMA12_TJTLN1212,Taxa LTN 12m,13.9749
2026-07-27,2022-08-01,ANBIMA12_TJTLN1212,Taxa LTN 12m,13.4890826086957
2026-07-27,2022-09-01,ANBIMA12_TJTLN1212,Taxa LTN 12m,13.3414142857143
2026-07-27,2022-10-01,ANBIMA12_TJTLN1212,Taxa LTN 12m,13.09535
2026-07-27,2022-11-01,ANBIMA12_TJTLN1212,Taxa LTN 12m,13.816565
2026-07-27,2022-12-01,ANBIMA12_TJTLN1212,Taxa LTN 12m,13.7256545454545
2026-07-27,2023-01-01,ANBIMA12_TJTLN1212,Taxa LTN 12m,13.4410318181818
2026-07-27,2023-02-01,ANBIMA12_TJTLN1212,Taxa LTN 12m,13.3209444444444
2026-07-27,2023-03-01,ANBIMA12_TJTLN1212,Taxa LTN 12m,12.814547826087
2026-07-27,2023-04-01,ANBIMA12_TJTLN1212,Taxa LTN 12m,12.7301722222222
2026-07-27,2023-05-01,ANBIMA12_TJTLN1212,Taxa LTN 12m,12.5658136363636
2026-07-27,2023-06-01,ANBIMA12_TJTLN1212,Taxa LTN 12m,11.988575
2026-07-27,2023-07-01,ANBIMA12_TJTLN1212,Taxa LTN 12m,11.4777952380952
2026-07-27,2023-08-01,ANBIMA12_TJTLN1212,Taxa LTN 12m,11.0324260869565
2026-07-27,2023-09-01,ANBIMA12_TJTLN1212,Taxa LTN 12m,10.88349
2026-07-27,2023-10-01,ANBIMA12_TJTLN1212,Taxa LTN 12m,11.0842619047619
2026-07-27,2023-11-01,ANBIMA12_TJTLN1212,Taxa LTN 12m,10.64956
2026-07-27,2023-12-01,ANBIMA12_TJTLN1212,Taxa LTN 12m,10.157775
2026-07-27,2024-01-01,ANBIMA12_TJTLN1212,Taxa LTN 12m,9.95065454545455
2026-07-27,2024-02-01,ANBIMA12_TJTLN1212,Taxa LTN 12m,9.88731578947368
2026-07-27,2024-03-01,ANBIMA12_TJTLN1212,Taxa LTN 12m,9.755065
2026-07-27,2024-04-01,ANBIMA12_TJTLN1212,Taxa LTN 12m,10.0973818181818
2026-07-27,2024-05-01,ANBIMA12_TJTLN1212,Taxa LTN 12m,10.342019047619
2026-07-27,2024-06-01,ANBIMA12_TJTLN1212,Taxa LTN 12m,10.75972
2026-07-27,2024-07-01,ANBIMA12_TJTLN1212,Taxa LTN 12m,11.0443826086957
2026-07-27,2024-08-01,ANBIMA12_TJTLN1212,Taxa LTN 12m,11.2847681818182
2026-07-27,2024-09-01,ANBIMA12_TJTLN1212,Taxa LTN 12m,11.7082428571429
2026-07-27,2024-10-01,ANBIMA12_TJTLN1212,Taxa LTN 12m,12.3333347826087
2026-07-27,2024-11-01,ANBIMA12_TJTLN1212,Taxa LTN 12m,13.07091
2026-07-27,2024-12-01,ANBIMA12_TJTLN1212,Taxa LTN 12m,14.7023
2026-07-27,2025-01-01,ANBIMA12_TJTLN1212,Taxa LTN 12m,15.0107181818182
2026-07-27,2025-02-01,ANBIMA12_TJTLN1212,Taxa LTN 12m,14.836315
2026-07-27,2025-03-01,ANBIMA12_TJTLN1212,Taxa LTN 12m,14.8508789473684
2026-07-27,2025-04-01,ANBIMA12_TJTLN1212,Taxa LTN 12m,14.59108
2026-07-27,2025-05-01,ANBIMA12_TJTLN1212,Taxa LTN 12m,14.491605
2026-07-27,2025-06-01,ANBIMA12_TJTLN1212,Taxa LTN 12m,14.662745
2026-07-27,2025-07-01,ANBIMA12_TJTLN1212,Taxa LTN 12m,14.6396260869565
2026-07-27,2025-08-01,ANBIMA12_TJTLN1212,Taxa LTN 12m,14.3908523809524
2026-07-27,2025-09-01,ANBIMA12_TJTLN1212,Taxa LTN 12m,14.2667857142857
2026-07-27,2025-10-01,ANBIMA12_TJTLN1212,Taxa LTN 12m,14.1539636363636
2026-07-27,2025-11-01,ANBIMA12_TJTLN1212,Taxa LTN 12m,13.8085789473684
2026-07-27,2025-12-01,ANBIMA12_TJTLN1212,Taxa LTN 12m,13.7385761904762
2026-07-27,2026-01-01,ANBIMA12_TJTLN1212,Taxa LTN 12m,13.553645
2026-07-27,2026-02-01,ANBIMA12_TJTLN1212,Taxa LTN 12m,13.1029
2026-07-27,2026-03-01,ANBIMA12_TJTLN1212,Taxa LTN 12m,13.6974
2026-07-27,2026-04-01,ANBIMA12_TJTLN1212,Taxa LTN 12m,13.750595
2026-07-27,2026-05-01,ANBIMA12_TJTLN1212,Taxa LTN 12m,13.8376
2026-07-27,2026-06-01,ANBIMA12_TJTLN1212,Taxa LTN 12m,14.2671736842105
2026-07-27,2026-07-01,ANBIMA12_TJTLN1212,Taxa LTN 12m,13.8976055555556
2026-07-27,1986-03-01,BM12_TJCDI12,Taxa CDI Mensal,0.87
2026-07-27,1986-04-01,BM12_TJCDI12,Taxa CDI Mensal,1.37
2026-07-27,1986-05-01,BM12_TJCDI12,Taxa CDI Mensal,1.32
2026-07-27,1986-06-01,BM12_TJCDI12,Taxa CDI Mensal,1.57
2026-07-27,1986-07-01,BM12_TJCDI12,Taxa CDI Mensal,2.23
2026-07-27,1986-08-01,BM12_TJCDI12,Taxa CDI Mensal,2.9
2026-07-27,1986-09-01,BM12_TJCDI12,Taxa CDI Mensal,3.3
2026-07-27,1986-10-01,BM12_TJCDI12,Taxa CDI Mensal,3.45
2026-07-27,1986-11-01,BM12_TJCDI12,Taxa CDI Mensal,5.22
2026-07-27,1986-12-01,BM12_TJCDI12,Taxa CDI Mensal,10.5
2026-07-27,1987-01-01,BM12_TJCDI12,Taxa CDI Mensal,14.65
2026-07-27,1987-02-01,BM12_TJCDI12,Taxa CDI Mensal,22.26
2026-07-27,1987-03-01,BM12_TJCDI12,Taxa CDI Mensal,14.0
2026-07-27,1987-04-01,BM12_TJCDI12,Taxa CDI Mensal,16.7
2026-07-27,1987-05-01,BM12_TJCDI12,Taxa CDI Mensal,25.69
2026-07-27,1987-06-01,BM12_TJCDI12,Taxa CDI Mensal,18.89
2026-07-27,1987-07-01,BM12_TJCDI12,Taxa CDI Mensal,9.47
2026-07-27,1987-08-01,BM12_TJCDI12,Taxa CDI Mensal,8.48
2026-07-27,1987-09-01,BM12_TJCDI12,Taxa CDI Mensal,8.73
2026-07-27,1987-10-01,BM12_TJCDI12,Taxa CDI Mensal,10.41
2026-07-27,1987-11-01,BM12_TJCDI12,Taxa CDI Mensal,13.74
2026-07-27,1987-12-01,BM12_TJCDI12,Taxa CDI Mensal,15.61
2026-07-27,1988-01-01,BM12_TJCDI12,Taxa CDI Mensal,17.23
2026-07-27,1988-02-01,BM12_TJCDI12,Taxa CDI Mensal,18.65
2026-07-27,1988-03-01,BM12_TJCDI12,Taxa CDI Mensal,16.91
2026-07-27,1988-04-01,BM12_TJCDI12,Taxa CDI Mensal,20.23
2026-07-27,1988-05-01,BM12_TJCDI12,Taxa CDI Mensal,18.67
2026-07-27,1988-06-01,BM12_TJCDI12,Taxa CDI Mensal,20.22
2026-07-27,1988-07-01,BM12_TJCDI12,Taxa CDI Mensal,24.49
2026-07-27,1988-08-01,BM12_TJCDI12,Taxa CDI Mensal,22.68
2026-07-27,1988-09-01,BM12_TJCDI12,Taxa CDI Mensal,25.99
2026-07-27,1988-10-01,BM12_TJCDI12,Taxa CDI Mensal,29.48
2026-07-27,1988-11-01,BM12_TJCDI12,Taxa CDI Mensal,27.92
2026-07-27,1988-12-01,BM12_TJCDI12,Taxa CDI Mensal,30.04
2026-07-27,1989-01-01,BM12_TJCDI12,Taxa CDI Mensal,23.87
2026-07-27,1989-02-01,BM12_TJCDI12,Taxa CDI Mensal,19.36
2026-07-27,1989-03-01,BM12_TJCDI12,Taxa CDI Mensal,20.56
2026-07-27,1989-04-01,BM12_TJCDI12,Taxa CDI Mensal,11.47
2026-07-27,1989-05-01,BM12_TJCDI12,Taxa CDI Mensal,11.59
2026-07-27,1989-06-01,BM12_TJCDI12,Taxa CDI Mensal,27.34
2026-07-27,1989-07-01,BM12_TJCDI12,Taxa CDI Mensal,32.76
2026-07-27,1989-08-01,BM12_TJCDI12,Taxa CDI Mensal,35.41
2026-07-27,1989-09-01,BM12_TJCDI12,Taxa CDI Mensal,38.35
2026-07-27,1989-10-01,BM12_TJCDI12,Taxa CDI Mensal,47.24
2026-07-27,1989-11-01,BM12_TJCDI12,Taxa CDI Mensal,48.07
2026-07-27,1989-12-01,BM12_TJCDI12,Taxa CDI Mensal,64.22
2026-07-27,1990-01-01,BM12_TJCDI12,Taxa CDI Mensal,68.23
2026-07-27,1990-02-01,BM12_TJCDI12,Taxa CDI Mensal,79.94
2026-07-27,1990-03-01,BM12_TJCDI12,Taxa CDI Mensal,36.39
2026-07-27,1990-04-01,BM12_TJCDI12,Taxa CDI Mensal,5.12
2026-07-27,1990-05-01,BM12_TJCDI12,Taxa CDI Mensal,5.94
2026-07-27,1990-06-01,BM12_TJCDI12,Taxa CDI Mensal,9.38
2026-07-27,1990-07-01,BM12_TJCDI12,Taxa CDI Mensal,14.34
2026-07-27,1990-08-01,BM12_TJCDI12,Taxa CDI Mensal,12.65
2026-07-27,1990-09-01,BM12_TJCDI12,Taxa CDI Mensal,17.5
2026-07-27,1990-10-01,BM12_TJCDI12,Taxa CDI Mensal,21.97
2026-07-27,1990-11-01,BM12_TJCDI12,Taxa CDI Mensal,23.05
2026-07-27,1990-12-01,BM12_TJCDI12,Taxa CDI Mensal,27.78
2026-07-27,1991-01-01,BM12_TJCDI12,Taxa CDI Mensal,23.46
2026-07-27,1991-02-01,BM12_TJCDI12,Taxa CDI Mensal,8.72
2026-07-27,1991-03-01,BM12_TJCDI12,Taxa CDI Mensal,10.01
2026-07-27,1991-04-01,BM12_TJCDI12,Taxa CDI Mensal,12.49
2026-07-27,1991-05-01,BM12_TJCDI12,Taxa CDI Mensal,12.64
2026-07-27,1991-06-01,BM12_TJCDI12,Taxa CDI Mensal,10.66
2026-07-27,1991-07-01,BM12_TJCDI12,Taxa CDI Mensal,13.26
2026-07-27,1991-08-01,BM12_TJCDI12,Taxa CDI Mensal,15.97
2026-07-27,1991-09-01,BM12_TJCDI12,Taxa CDI Mensal,20.01
2026-07-27,1991-10-01,BM12_TJCDI12,Taxa CDI Mensal,26.1
2026-07-27,1991-11-01,BM12_TJCDI12,Taxa CDI Mensal,31.98
2026-07-27,1991-12-01,BM12_TJCDI12,Taxa CDI Mensal,30.46
2026-07-27,1992-01-01,BM12_TJCDI12,Taxa CDI Mensal,29.07
2026-07-27,1992-02-01,BM12_TJCDI12,Taxa CDI Mensal,30.32
2026-07-27,1992-03-01,BM12_TJCDI12,Taxa CDI Mensal,25.2
2026-07-27,1992-04-01,BM12_TJCDI12,Taxa CDI Mensal,23.75
2026-07-27,1992-05-01,BM12_TJCDI12,Taxa CDI Mensal,22.94
2026-07-27,1992-06-01,BM12_TJCDI12,Taxa CDI Mensal,24.24
2026-07-27,1992-07-01,BM12_TJCDI12,Taxa CDI Mensal,26.31
2026-07-27,1992-08-01,BM12_TJCDI12,Taxa CDI Mensal,25.73
2026-07-27,1992-09-01,BM12_TJCDI12,Taxa CDI Mensal,27.65
2026-07-27,1992-10-01,BM12_TJCDI12,Taxa CDI Mensal,28.19
2026-07-27,1992-11-01,BM12_TJCDI12,Taxa CDI Mensal,26.09
2026-07-27,1992-12-01,BM12_TJCDI12,Taxa CDI Mensal,26.06
2026-07-27,1993-01-01,BM12_TJCDI12,Taxa CDI Mensal,28.78
2026-07-27,1993-02-01,BM12_TJCDI12,Taxa CDI Mensal,28.56
2026-07-27,1993-03-01,BM12_TJCDI12,Taxa CDI Mensal,28.54
2026-07-27,1993-04-01,BM12_TJCDI12,Taxa CDI Mensal,30.39
2026-07-27,1993-05-01,BM12_TJCDI12,Taxa CDI Mensal,30.93
2026-07-27,1993-06-01,BM12_TJCDI12,Taxa CDI Mensal,31.8
2026-07-27,1993-07-01,BM12_TJCDI12,Taxa CDI Mensal,32.79
2026-07-27,1993-08-01,BM12_TJCDI12,Taxa CDI Mensal,34.8
2026-07-27,1993-09-01,BM12_TJCDI12,Taxa CDI Mensal,37.43
2026-07-27,1993-10-01,BM12_TJCDI12,Taxa CDI Mensal,38.39
2026-07-27,1993-11-01,BM12_TJCDI12,Taxa CDI Mensal,38.07
2026-07-27,1993-12-01,BM12_TJCDI12,Taxa CDI Mensal,40.64
2026-07-27,1994-01-01,BM12_TJCDI12,Taxa CDI Mensal,43.25
2026-07-27,1994-02-01,BM12_TJCDI12,Taxa CDI Mensal,41.46
2026-07-27,1994-03-01,BM12_TJCDI12,Taxa CDI Mensal,46.98
2026-07-27,1994-04-01,BM12_TJCDI12,Taxa CDI Mensal,45.97
2026-07-27,1994-05-01,BM12_TJCDI12,Taxa CDI Mensal,48.12
2026-07-27,1994-06-01,BM12_TJCDI12,Taxa CDI Mensal,48.43
2026-07-27,1994-07-01,BM12_TJCDI12,Taxa CDI Mensal,6.68
2026-07-27,1994-08-01,BM12_TJCDI12,Taxa CDI Mensal,4.16
2026-07-27,1994-09-01,BM12_TJCDI12,Taxa CDI Mensal,3.85
2026-07-27,1994-10-01,BM12_TJCDI12,Taxa CDI Mensal,3.65
2026-07-27,1994-11-01,BM12_TJCDI12,Taxa CDI Mensal,4.11
2026-07-27,1994-12-01,BM12_TJCDI12,Taxa CDI Mensal,3.84
2026-07-27,1995-01-01,BM12_TJCDI12,Taxa CDI Mensal,3.48
2026-07-27,1995-02-01,BM12_TJCDI12,Taxa CDI Mensal,3.24
2026-07-27,1995-03-01,BM12_TJCDI12,Taxa CDI Mensal,4.41
2026-07-27,1995-04-01,BM12_TJCDI12,Taxa CDI Mensal,4.22
2026-07-27,1995-05-01,BM12_TJCDI12,Taxa CDI Mensal,4.27
2026-07-27,1995-06-01,BM12_TJCDI12,Taxa CDI Mensal,4.05
2026-07-27,1995-07-01,BM12_TJCDI12,Taxa CDI Mensal,4.01
2026-07-27,1995-08-01,BM12_TJCDI12,Taxa CDI Mensal,3.81
2026-07-27,1995-09-01,BM12_TJCDI12,Taxa CDI Mensal,3.25
2026-07-27,1995-10-01,BM12_TJCDI12,Taxa CDI Mensal,3.06
2026-07-27,1995-11-01,BM12_TJCDI12,Taxa CDI Mensal,2.84
2026-07-27,1995-12-01,BM12_TJCDI12,Taxa CDI Mensal,2.73
2026-07-27,1996-01-01,BM12_TJCDI12,Taxa CDI Mensal,2.56
2026-07-27,1996-02-01,BM12_TJCDI12,Taxa CDI Mensal,2.31
2026-07-27,1996-03-01,BM12_TJCDI12,Taxa CDI Mensal,2.2
2026-07-27,1996-04-01,BM12_TJCDI12,Taxa CDI Mensal,2.03
2026-07-27,1996-05-01,BM12_TJCDI12,Taxa CDI Mensal,2.0
2026-07-27,1996-06-01,BM12_TJCDI12,Taxa CDI Mensal,1.94
2026-07-27,1996-07-01,BM12_TJCDI12,Taxa CDI Mensal,1.91
2026-07-27,1996-08-01,BM12_TJCDI12,Taxa CDI Mensal,1.95
2026-07-27,1996-09-01,BM12_TJCDI12,Taxa CDI Mensal,1.88
2026-07-27,1996-10-01,BM12_TJCDI12,Taxa CDI Mensal,1.86
2026-07-27,1996-11-01,BM12_TJCDI12,Taxa CDI Mensal,1.79
2026-07-27,1996-12-01,BM12_TJCDI12,Taxa CDI Mensal,1.79
2026-07-27,1997-01-01,BM12_TJCDI12,Taxa CDI Mensal,1.74
2026-07-27,1997-02-01,BM12_TJCDI12,Taxa CDI Mensal,1.66
2026-07-27,1997-03-01,BM12_TJCDI12,Taxa CDI Mensal,1.63
2026-07-27,1997-04-01,BM12_TJCDI12,Taxa CDI Mensal,1.66
2026-07-27,1997-05-01,BM12_TJCDI12,Taxa CDI Mensal,1.58
2026-07-27,1997-06-01,BM12_TJCDI12,Taxa CDI Mensal,1.59
2026-07-27,1997-07-01,BM12_TJCDI12,Taxa CDI Mensal,1.61
2026-07-27,1997-08-01,BM12_TJCDI12,Taxa CDI Mensal,1.58
2026-07-27,1997-09-01,BM12_TJCDI12,Taxa CDI Mensal,1.58
2026-07-27,1997-10-01,BM12_TJCDI12,Taxa CDI Mensal,1.68
2026-07-27,1997-11-01,BM12_TJCDI12,Taxa CDI Mensal,2.98
2026-07-27,1997-12-01,BM12_TJCDI12,Taxa CDI Mensal,2.92
2026-07-27,1998-01-01,BM12_TJCDI12,Taxa CDI Mensal,2.67
2026-07-27,1998-02-01,BM12_TJCDI12,Taxa CDI Mensal,2.11
2026-07-27,1998-03-01,BM12_TJCDI12,Taxa CDI Mensal,2.18
2026-07-27,1998-04-01,BM12_TJCDI12,Taxa CDI Mensal,1.69
2026-07-27,1998-05-01,BM12_TJCDI12,Taxa CDI Mensal,1.63
2026-07-27,1998-06-01,BM12_TJCDI12,Taxa CDI Mensal,1.6
2026-07-27,1998-07-01,BM12_TJCDI12,Taxa CDI Mensal,1.69
2026-07-27,1998-08-01,BM12_TJCDI12,Taxa CDI Mensal,1.47
2026-07-27,1998-09-01,BM12_TJCDI12,Taxa CDI Mensal,2.49
2026-07-27,1998-10-01,BM12_TJCDI12,Taxa CDI Mensal,2.93
2026-07-27,1998-11-01,BM12_TJCDI12,Taxa CDI Mensal,2.58
2026-07-27,1998-12-01,BM12_TJCDI12,Taxa CDI Mensal,2.38
2026-07-27,1999-01-01,BM12_TJCDI12,Taxa CDI Mensal,2.17
2026-07-27,1999-02-01,BM12_TJCDI12,Taxa CDI Mensal,2.35
2026-07-27,1999-03-01,BM12_TJCDI12,Taxa CDI Mensal,3.29
2026-07-27,1999-04-01,BM12_TJCDI12,Taxa CDI Mensal,2.28
2026-07-27,1999-05-01,BM12_TJCDI12,Taxa CDI Mensal,1.96
2026-07-27,1999-06-01,BM12_TJCDI12,Taxa CDI Mensal,1.63
2026-07-27,1999-07-01,BM12_TJCDI12,Taxa CDI Mensal,1.62
2026-07-27,1999-08-01,BM12_TJCDI12,Taxa CDI Mensal,1.55
2026-07-27,1999-09-01,BM12_TJCDI12,Taxa CDI Mensal,1.47
2026-07-27,1999-10-01,BM12_TJCDI12,Taxa CDI Mensal,1.37
2026-07-27,1999-11-01,BM12_TJCDI12,Taxa CDI Mensal,1.37
2026-07-27,1999-12-01,BM12_TJCDI12,Taxa CDI Mensal,1.58
2026-07-27,2000-01-01,BM12_TJCDI12,Taxa CDI Mensal,1.44
2026-07-27,2000-02-01,BM12_TJCDI12,Taxa CDI Mensal,1.44
2026-07-27,2000-03-01,BM12_TJCDI12,Taxa CDI Mensal,1.44
2026-07-27,2000-04-01,BM12_TJCDI12,Taxa CDI Mensal,1.28
2026-07-27,2000-05-01,BM12_TJCDI12,Taxa CDI Mensal,1.49
2026-07-27,2000-06-01,BM12_TJCDI12,Taxa CDI Mensal,1.39
2026-07-27,2000-07-01,BM12_TJCDI12,Taxa CDI Mensal,1.3
2026-07-27,2000-08-01,BM12_TJCDI12,Taxa CDI Mensal,1.4
2026-07-27,2000-09-01,BM12_TJCDI12,Taxa CDI Mensal,1.22
2026-07-27,2000-10-01,BM12_TJCDI12,Taxa CDI Mensal,1.28
2026-07-27,2000-11-01,BM12_TJCDI12,Taxa CDI Mensal,1.22
2026-07-27,2000-12-01,BM12_TJCDI12,Taxa CDI Mensal,1.19
2026-07-27,2001-01-01,BM12_TJCDI12,Taxa CDI Mensal,1.26
2026-07-27,2001-02-01,BM12_TJCDI12,Taxa CDI Mensal,1.01
2026-07-27,2001-03-01,BM12_TJCDI12,Taxa CDI Mensal,1.25
2026-07-27,2001-04-01,BM12_TJCDI12,Taxa CDI Mensal,1.18
2026-07-27,2001-05-01,BM12_TJCDI12,Taxa CDI Mensal,1.33
2026-07-27,2001-06-01,BM12_TJCDI12,Taxa CDI Mensal,1.27
2026-07-27,2001-07-01,BM12_TJCDI12,Taxa CDI Mensal,1.5
2026-07-27,2001-08-01,BM12_TJCDI12,Taxa CDI Mensal,1.6
2026-07-27,2001-09-01,BM12_TJCDI12,Taxa CDI Mensal,1.32
2026-07-27,2001-10-01,BM12_TJCDI12,Taxa CDI Mensal,1.53
2026-07-27,2001-11-01,BM12_TJCDI12,Taxa CDI Mensal,1.39
2026-07-27,2001-12-01,BM12_TJCDI12,Taxa CDI Mensal,1.39
2026-07-27,2002-01-01,BM12_TJCDI12,Taxa CDI Mensal,1.53
2026-07-27,2002-02-01,BM12_TJCDI12,Taxa CDI Mensal,1.25
2026-07-27,2002-03-01,BM12_TJCDI12,Taxa CDI Mensal,1.37
2026-07-27,2002-04-01,BM12_TJCDI12,Taxa CDI Mensal,1.48
2026-07-27,2002-05-01,BM12_TJCDI12,Taxa CDI Mensal,1.4
2026-07-27,2002-06-01,BM12_TJCDI12,Taxa CDI Mensal,1.31
2026-07-27,2002-07-01,BM12_TJCDI12,Taxa CDI Mensal,1.53
2026-07-27,2002-08-01,BM12_TJCDI12,Taxa CDI Mensal,1.45
2026-07-27,2002-09-01,BM12_TJCDI12,Taxa CDI Mensal,1.38
2026-07-27,2002-10-01,BM12_TJCDI12,Taxa CDI Mensal,1.64
2026-07-27,2002-11-01,BM12_TJCDI12,Taxa CDI Mensal,1.53
2026-07-27,2002-12-01,BM12_TJCDI12,Taxa CDI Mensal,1.73
2026-07-27,2003-01-01,BM12_TJCDI12,Taxa CDI Mensal,1.97
2026-07-27,2003-02-01,BM12_TJCDI12,Taxa CDI Mensal,1.83
2026-07-27,2003-03-01,BM12_TJCDI12,Taxa CDI Mensal,1.77
2026-07-27,2003-04-01,BM12_TJCDI12,Taxa CDI Mensal,1.87
2026-07-27,2003-05-01,BM12_TJCDI12,Taxa CDI Mensal,1.96
2026-07-27,2003-06-01,BM12_TJCDI12,Taxa CDI Mensal,1.85
2026-07-27,2003-07-01,BM12_TJCDI12,Taxa CDI Mensal,2.08
2026-07-27,2003-08-01,BM12_TJCDI12,Taxa CDI Mensal,1.76
2026-07-27,2003-09-01,BM12_TJCDI12,Taxa CDI Mensal,1.67
2026-07-27,2003-10-01,BM12_TJCDI12,Taxa CDI Mensal,1.63
2026-07-27,2003-11-01,BM12_TJCDI12,Taxa CDI Mensal,1.34
2026-07-27,2003-12-01,BM12_TJCDI12,Taxa CDI Mensal,1.37
2026-07-27,2004-01-01,BM12_TJCDI12,Taxa CDI Mensal,1.26
2026-07-27,2004-02-01,BM12_TJCDI12,Taxa CDI Mensal,1.08
2026-07-27,2004-03-01,BM12_TJCDI12,Taxa CDI Mensal,1.37
2026-07-27,2004-04-01,BM12_TJCDI12,Taxa CDI Mensal,1.17
2026-07-27,2004-05-01,BM12_TJCDI12,Taxa CDI Mensal,1.22
2026-07-27,2004-06-01,BM12_TJCDI12,Taxa CDI Mensal,1.22
2026-07-27,2004-07-01,BM12_TJCDI12,Taxa CDI Mensal,1.28
2026-07-27,2004-08-01,BM12_TJCDI12,Taxa CDI Mensal,1.29
2026-07-27,2004-09-01,BM12_TJCDI12,Taxa CDI Mensal,1.24
2026-07-27,2004-10-01,BM12_TJCDI12,Taxa CDI Mensal,1.21
2026-07-27,2004-11-01,BM12_TJCDI12,Taxa CDI Mensal,1.25
2026-07-27,2004-12-01,BM12_TJCDI12,Taxa CDI Mensal,1.48
2026-07-27,2005-01-01,BM12_TJCDI12,Taxa CDI Mensal,1.38
2026-07-27,2005-02-01,BM12_TJCDI12,Taxa CDI Mensal,1.22
2026-07-27,2005-03-01,BM12_TJCDI12,Taxa CDI Mensal,1.52
2026-07-27,2005-04-01,BM12_TJCDI12,Taxa CDI Mensal,1.41
2026-07-27,2005-05-01,BM12_TJCDI12,Taxa CDI Mensal,1.5
2026-07-27,2005-06-01,BM12_TJCDI12,Taxa CDI Mensal,1.58
2026-07-27,2005-07-01,BM12_TJCDI12,Taxa CDI Mensal,1.51
2026-07-27,2005-08-01,BM12_TJCDI12,Taxa CDI Mensal,1.65
2026-07-27,2005-09-01,BM12_TJCDI12,Taxa CDI Mensal,1.5
2026-07-27,2005-10-01,BM12_TJCDI12,Taxa CDI Mensal,1.4
2026-07-27,2005-11-01,BM12_TJCDI12,Taxa CDI Mensal,1.38
2026-07-27,2005-12-01,BM12_TJCDI12,Taxa CDI Mensal,1.47
2026-07-27,2006-01-01,BM12_TJCDI12,Taxa CDI Mensal,1.43
2026-07-27,2006-02-01,BM12_TJCDI12,Taxa CDI Mensal,1.14
2026-07-27,2006-03-01,BM12_TJCDI12,Taxa CDI Mensal,1.42
2026-07-27,2006-04-01,BM12_TJCDI12,Taxa CDI Mensal,1.08
2026-07-27,2006-05-01,BM12_TJCDI12,Taxa CDI Mensal,1.28
2026-07-27,2006-06-01,BM12_TJCDI12,Taxa CDI Mensal,1.18
2026-07-27,2006-07-01,BM12_TJCDI12,Taxa CDI Mensal,1.17
2026-07-27,2006-08-01,BM12_TJCDI12,Taxa CDI Mensal,1.25
2026-07-27,2006-09-01,BM12_TJCDI12,Taxa CDI Mensal,1.05
2026-07-27,2006-10-01,BM12_TJCDI12,Taxa CDI Mensal,1.09
2026-07-27,2006-11-01,BM12_TJCDI12,Taxa CDI Mensal,1.02
2026-07-27,2006-12-01,BM12_TJCDI12,Taxa CDI Mensal,0.98
2026-07-27,2007-01-01,BM12_TJCDI12,Taxa CDI Mensal,1.08
2026-07-27,2007-02-01,BM12_TJCDI12,Taxa CDI Mensal,0.87
2026-07-27,2007-03-01,BM12_TJCDI12,Taxa CDI Mensal,1.05
2026-07-27,2007-04-01,BM12_TJCDI12,Taxa CDI Mensal,0.94
2026-07-27,2007-05-01,BM12_TJCDI12,Taxa CDI Mensal,1.02
2026-07-27,2007-06-01,BM12_TJCDI12,Taxa CDI Mensal,0.9
2026-07-27,2007-07-01,BM12_TJCDI12,Taxa CDI Mensal,0.97
2026-07-27,2007-08-01,BM12_TJCDI12,Taxa CDI Mensal,0.99
2026-07-27,2007-09-01,BM12_TJCDI12,Taxa CDI Mensal,0.8
2026-07-27,2007-10-01,BM12_TJCDI12,Taxa CDI Mensal,0.92
2026-07-27,2007-11-01,BM12_TJCDI12,Taxa CDI Mensal,0.84
2026-07-27,2007-12-01,BM12_TJCDI12,Taxa CDI Mensal,0.84
2026-07-27,2008-01-01,BM12_TJCDI12,Taxa CDI Mensal,0.92
2026-07-27,2008-02-01,BM12_TJCDI12,Taxa CDI Mensal,0.8
2026-07-27,2008-03-01,BM12_TJCDI12,Taxa CDI Mensal,0.84
2026-07-27,2008-04-01,BM12_TJCDI12,Taxa CDI Mensal,0.9
2026-07-27,2008-05-01,BM12_TJCDI12,Taxa CDI Mensal,0.87
2026-07-27,2008-06-01,BM12_TJCDI12,Taxa CDI Mensal,0.95
2026-07-27,2008-07-01,BM12_TJCDI12,Taxa CDI Mensal,1.06
2026-07-27,2008-08-01,BM12_TJCDI12,Taxa CDI Mensal,1.01
2026-07-27,2008-09-01,BM12_TJCDI12,Taxa CDI Mensal,1.1
2026-07-27,2008-10-01,BM12_TJCDI12,Taxa CDI Mensal,1.17
2026-07-27,2008-11-01,BM12_TJCDI12,Taxa CDI Mensal,1.0
2026-07-27,2008-12-01,BM12_TJCDI12,Taxa CDI Mensal,1.11
2026-07-27,2009-01-01,BM12_TJCDI12,Taxa CDI Mensal,1.04
2026-07-27,2009-02-01,BM12_TJCDI12,Taxa CDI Mensal,0.85
2026-07-27,2009-03-01,BM12_TJCDI12,Taxa CDI Mensal,0.97
2026-07-27,2009-04-01,BM12_TJCDI12,Taxa CDI Mensal,0.84
2026-07-27,2009-05-01,BM12_TJCDI12,Taxa CDI Mensal,0.77
2026-07-27,2009-06-01,BM12_TJCDI12,Taxa CDI Mensal,0.75
2026-07-27,2009-07-01,BM12_TJCDI12,Taxa CDI Mensal,0.78
2026-07-27,2009-08-01,BM12_TJCDI12,Taxa CDI Mensal,0.69
2026-07-27,2009-09-01,BM12_TJCDI12,Taxa CDI Mensal,0.69
2026-07-27,2009-10-01,BM12_TJCDI12,Taxa CDI Mensal,0.69
2026-07-27,2009-11-01,BM12_TJCDI12,Taxa CDI Mensal,0.66
2026-07-27,2009-12-01,BM12_TJCDI12,Taxa CDI Mensal,0.72
2026-07-27,2010-01-01,BM12_TJCDI12,Taxa CDI Mensal,0.66
2026-07-27,2010-02-01,BM12_TJCDI12,Taxa CDI Mensal,0.59
2026-07-27,2010-03-01,BM12_TJCDI12,Taxa CDI Mensal,0.76
2026-07-27,2010-04-01,BM12_TJCDI12,Taxa CDI Mensal,0.66
2026-07-27,2010-05-01,BM12_TJCDI12,Taxa CDI Mensal,0.75
2026-07-27,2010-06-01,BM12_TJCDI12,Taxa CDI Mensal,0.79
2026-07-27,2010-07-01,BM12_TJCDI12,Taxa CDI Mensal,0.86
2026-07-27,2010-08-01,BM12_TJCDI12,Taxa CDI Mensal,0.89
2026-07-27,2010-09-01,BM12_TJCDI12,Taxa CDI Mensal,0.84
2026-07-27,2010-10-01,BM12_TJCDI12,Taxa CDI Mensal,0.81
2026-07-27,2010-11-01,BM12_TJCDI12,Taxa CDI Mensal,0.81
2026-07-27,2010-12-01,BM12_TJCDI12,Taxa CDI Mensal,0.93
2026-07-27,2011-01-01,BM12_TJCDI12,Taxa CDI Mensal,0.86
2026-07-27,2011-02-01,BM12_TJCDI12,Taxa CDI Mensal,0.84
2026-07-27,2011-03-01,BM12_TJCDI12,Taxa CDI Mensal,0.92
2026-07-27,2011-04-01,BM12_TJCDI12,Taxa CDI Mensal,0.84
2026-07-27,2011-05-01,BM12_TJCDI12,Taxa CDI Mensal,0.99
2026-07-27,2011-06-01,BM12_TJCDI12,Taxa CDI Mensal,0.95
2026-07-27,2011-07-01,BM12_TJCDI12,Taxa CDI Mensal,0.97
2026-07-27,2011-08-01,BM12_TJCDI12,Taxa CDI Mensal,1.07
2026-07-27,2011-09-01,BM12_TJCDI12,Taxa CDI Mensal,0.94
2026-07-27,2011-10-01,BM12_TJCDI12,Taxa CDI Mensal,0.88
2026-07-27,2011-11-01,BM12_TJCDI12,Taxa CDI Mensal,0.86
2026-07-27,2011-12-01,BM12_TJCDI12,Taxa CDI Mensal,0.9
2026-07-27,2012-01-01,BM12_TJCDI12,Taxa CDI Mensal,0.89
2026-07-27,2012-02-01,BM12_TJCDI12,Taxa CDI Mensal,0.74
2026-07-27,2012-03-01,BM12_TJCDI12,Taxa CDI Mensal,0.81
2026-07-27,2012-04-01,BM12_TJCDI12,Taxa CDI Mensal,0.7
2026-07-27,2012-05-01,BM12_TJCDI12,Taxa CDI Mensal,0.73
2026-07-27,2012-06-01,BM12_TJCDI12,Taxa CDI Mensal,0.64
2026-07-27,2012-07-01,BM12_TJCDI12,Taxa CDI Mensal,0.68
2026-07-27,2012-08-01,BM12_TJCDI12,Taxa CDI Mensal,0.69
2026-07-27,2012-09-01,BM12_TJCDI12,Taxa CDI Mensal,0.54
2026-07-27,2012-10-01,BM12_TJCDI12,Taxa CDI Mensal,0.61
2026-07-27,2012-11-01,BM12_TJCDI12,Taxa CDI Mensal,0.54
2026-07-27,2012-12-01,BM12_TJCDI12,Taxa CDI Mensal,0.53
2026-07-27,2013-01-01,BM12_TJCDI12,Taxa CDI Mensal,0.59
2026-07-27,2013-02-01,BM12_TJCDI12,Taxa CDI Mensal,0.48
2026-07-27,2013-03-01,BM12_TJCDI12,Taxa CDI Mensal,0.54
2026-07-27,2013-04-01,BM12_TJCDI12,Taxa CDI Mensal,0.6
2026-07-27,2013-05-01,BM12_TJCDI12,Taxa CDI Mensal,0.58
2026-07-27,2013-06-01,BM12_TJCDI12,Taxa CDI Mensal,0.59
2026-07-27,2013-07-01,BM12_TJCDI12,Taxa CDI Mensal,0.71
2026-07-27,2013-08-01,BM12_TJCDI12,Taxa CDI Mensal,0.7
2026-07-27,2013-09-01,BM12_TJCDI12,Taxa CDI Mensal,0.7
2026-07-27,2013-10-01,BM12_TJCDI12,Taxa CDI Mensal,0.8
2026-07-27,2013-11-01,BM12_TJCDI12,Taxa CDI Mensal,0.71
2026-07-27,2013-12-01,BM12_TJCDI12,Taxa CDI Mensal,0.78
2026-07-27,2014-01-01,BM12_TJCDI12,Taxa CDI Mensal,0.84
2026-07-27,2014-02-01,BM12_TJCDI12,Taxa CDI Mensal,0.78
2026-07-27,2014-03-01,BM12_TJCDI12,Taxa CDI Mensal,0.76
2026-07-27,2014-04-01,BM12_TJCDI12,Taxa CDI Mensal,0.82
2026-07-27,2014-05-01,BM12_TJCDI12,Taxa CDI Mensal,0.86
2026-07-27,2014-06-01,BM12_TJCDI12,Taxa CDI Mensal,0.82
2026-07-27,2014-07-01,BM12_TJCDI12,Taxa CDI Mensal,0.94
2026-07-27,2014-08-01,BM12_TJCDI12,Taxa CDI Mensal,0.86
2026-07-27,2014-09-01,BM12_TJCDI12,Taxa CDI Mensal,0.9
2026-07-27,2014-10-01,BM12_TJCDI12,Taxa CDI Mensal,0.94
2026-07-27,2014-11-01,BM12_TJCDI12,Taxa CDI Mensal,0.84
2026-07-27,2014-12-01,BM12_TJCDI12,Taxa CDI Mensal,0.96
2026-07-27,2015-01-01,BM12_TJCDI12,Taxa CDI Mensal,0.93
2026-07-27,2015-02-01,BM12_TJCDI12,Taxa CDI Mensal,0.82
2026-07-27,2015-03-01,BM12_TJCDI12,Taxa CDI Mensal,1.04
2026-07-27,2015-04-01,BM12_TJCDI12,Taxa CDI Mensal,0.95
2026-07-27,2015-05-01,BM12_TJCDI12,Taxa CDI Mensal,0.98
2026-07-27,2015-06-01,BM12_TJCDI12,Taxa CDI Mensal,1.07
2026-07-27,2015-07-01,BM12_TJCDI12,Taxa CDI Mensal,1.18
2026-07-27,2015-08-01,BM12_TJCDI12,Taxa CDI Mensal,1.11
2026-07-27,2015-09-01,BM12_TJCDI12,Taxa CDI Mensal,1.11
2026-07-27,2015-10-01,BM12_TJCDI12,Taxa CDI Mensal,1.11
2026-07-27,2015-11-01,BM12_TJCDI12,Taxa CDI Mensal,1.06
2026-07-27,2015-12-01,BM12_TJCDI12,Taxa CDI Mensal,1.16
2026-07-27,2016-01-01,BM12_TJCDI12,Taxa CDI Mensal,1.05
2026-07-27,2016-02-01,BM12_TJCDI12,Taxa CDI Mensal,1.0
2026-07-27,2016-03-01,BM12_TJCDI12,Taxa CDI Mensal,1.16
2026-07-27,2016-04-01,BM12_TJCDI12,Taxa CDI Mensal,1.05
2026-07-27,2016-05-01,BM12_TJCDI12,Taxa CDI Mensal,1.11
2026-07-27,2016-06-01,BM12_TJCDI12,Taxa CDI Mensal,1.16
2026-07-27,2016-07-01,BM12_TJCDI12,Taxa CDI Mensal,1.11
2026-07-27,2016-08-01,BM12_TJCDI12,Taxa CDI Mensal,1.21
2026-07-27,2016-09-01,BM12_TJCDI12,Taxa CDI Mensal,1.11
2026-07-27,2016-10-01,BM12_TJCDI12,Taxa CDI Mensal,1.05
2026-07-27,2016-11-01,BM12_TJCDI12,Taxa CDI Mensal,1.04
2026-07-27,2016-12-01,BM12_TJCDI12,Taxa CDI Mensal,1.12
2026-07-27,2017-01-01,BM12_TJCDI12,Taxa CDI Mensal,1.08
2026-07-27,2017-02-01,BM12_TJCDI12,Taxa CDI Mensal,0.86
2026-07-27,2017-03-01,BM12_TJCDI12,Taxa CDI Mensal,1.05
2026-07-27,2017-04-01,BM12_TJCDI12,Taxa CDI Mensal,0.79
2026-07-27,2017-05-01,BM12_TJCDI12,Taxa CDI Mensal,0.93
2026-07-27,2017-06-01,BM12_TJCDI12,Taxa CDI Mensal,0.81
2026-07-27,2017-07-01,BM12_TJCDI12,Taxa CDI Mensal,0.8
2026-07-27,2017-08-01,BM12_TJCDI12,Taxa CDI Mensal,0.8
2026-07-27,2017-09-01,BM12_TJCDI12,Taxa CDI Mensal,0.64
2026-07-27,2017-10-01,BM12_TJCDI12,Taxa CDI Mensal,0.64
2026-07-27,2017-11-01,BM12_TJCDI12,Taxa CDI Mensal,0.57
2026-07-27,2017-12-01,BM12_TJCDI12,Taxa CDI Mensal,0.54
2026-07-27,2018-01-01,BM12_TJCDI12,Taxa CDI Mensal,0.58
2026-07-27,2018-02-01,BM12_TJCDI12,Taxa CDI Mensal,0.46
2026-07-27,2018-03-01,BM12_TJCDI12,Taxa CDI Mensal,0.53
2026-07-27,2018-04-01,BM12_TJCDI12,Taxa CDI Mensal,0.52
2026-07-27,2018-05-01,BM12_TJCDI12,Taxa CDI Mensal,0.52
2026-07-27,2018-06-01,BM12_TJCDI12,Taxa CDI Mensal,0.52
2026-07-27,2018-07-01,BM12_TJCDI12,Taxa CDI Mensal,0.54
2026-07-27,2018-08-01,BM12_TJCDI12,Taxa CDI Mensal,0.57
2026-07-27,2018-09-01,BM12_TJCDI12,Taxa CDI Mensal,0.47
2026-07-27,2018-10-01,BM12_TJCDI12,Taxa CDI Mensal,0.54
2026-07-27,2018-11-01,BM12_TJCDI12,Taxa CDI Mensal,0.49
2026-07-27,2018-12-01,BM12_TJCDI12,Taxa CDI Mensal,0.49
2026-07-27,2019-01-01,BM12_TJCDI12,Taxa CDI Mensal,0.54
2026-07-27,2019-02-01,BM12_TJCDI12,Taxa CDI Mensal,0.49
2026-07-27,2019-03-01,BM12_TJCDI12,Taxa CDI Mensal,0.47
2026-07-27,2019-04-01,BM12_TJCDI12,Taxa CDI Mensal,0.52
2026-07-27,2019-05-01,BM12_TJCDI12,Taxa CDI Mensal,0.54
2026-07-27,2019-06-01,BM12_TJCDI12,Taxa CDI Mensal,0.47
2026-07-27,2019-07-01,BM12_TJCDI12,Taxa CDI Mensal,0.57
2026-07-27,2019-08-01,BM12_TJCDI12,Taxa CDI Mensal,0.5
2026-07-27,2019-09-01,BM12_TJCDI12,Taxa CDI Mensal,0.46
2026-07-27,2019-10-01,BM12_TJCDI12,Taxa CDI Mensal,0.48
2026-07-27,2019-11-01,BM12_TJCDI12,Taxa CDI Mensal,0.38
2026-07-27,2019-12-01,BM12_TJCDI12,Taxa CDI Mensal,0.37
2026-07-27,2020-01-01,BM12_TJCDI12,Taxa CDI Mensal,0.38
2026-07-27,2020-02-01,BM12_TJCDI12,Taxa CDI Mensal,0.29
2026-07-27,2020-03-01,BM12_TJCDI12,Taxa CDI Mensal,0.34
2026-07-27,2020-04-01,BM12_TJCDI12,Taxa CDI Mensal,0.28
2026-07-27,2020-05-01,BM12_TJCDI12,Taxa CDI Mensal,0.24
2026-07-27,2020-06-01,BM12_TJCDI12,Taxa CDI Mensal,0.21
2026-07-27,2020-07-01,BM12_TJCDI12,Taxa CDI Mensal,0.19
2026-07-27,2020-08-01,BM12_TJCDI12,Taxa CDI Mensal,0.16
2026-07-27,2020-09-01,BM12_TJCDI12,Taxa CDI Mensal,0.16
2026-07-27,2020-10-01,BM12_TJCDI12,Taxa CDI Mensal,0.16
2026-07-27,2020-11-01,BM12_TJCDI12,Taxa CDI Mensal,0.15
2026-07-27,2020-12-01,BM12_TJCDI12,Taxa CDI Mensal,0.16
2026-07-27,2021-01-01,BM12_TJCDI12,Taxa CDI Mensal,0.15
2026-07-27,2021-02-01,BM12_TJCDI12,Taxa CDI Mensal,0.13
2026-07-27,2021-03-01,BM12_TJCDI12,Taxa CDI Mensal,0.2
2026-07-27,2021-04-01,BM12_TJCDI12,Taxa CDI Mensal,0.21
2026-07-27,2021-05-01,BM12_TJCDI12,Taxa CDI Mensal,0.27
2026-07-27,2021-06-01,BM12_TJCDI12,Taxa CDI Mensal,0.31
2026-07-27,2021-07-01,BM12_TJCDI12,Taxa CDI Mensal,0.36
2026-07-27,2021-08-01,BM12_TJCDI12,Taxa CDI Mensal,0.43
2026-07-27,2021-09-01,BM12_TJCDI12,Taxa CDI Mensal,0.44
2026-07-27,2021-10-01,BM12_TJCDI12,Taxa CDI Mensal,0.49
2026-07-27,2021-11-01,BM12_TJCDI12,Taxa CDI Mensal,0.59
2026-07-27,2021-12-01,BM12_TJCDI12,Taxa CDI Mensal,0.77
2026-07-27,2022-01-01,BM12_TJCDI12,Taxa CDI Mensal,0.73
2026-07-27,2022-02-01,BM12_TJCDI12,Taxa CDI Mensal,0.76
2026-07-27,2022-03-01,BM12_TJCDI12,Taxa CDI Mensal,0.93
2026-07-27,2022-04-01,BM12_TJCDI12,Taxa CDI Mensal,0.83
2026-07-27,2022-05-01,BM12_TJCDI12,Taxa CDI Mensal,1.03
2026-07-27,2022-06-01,BM12_TJCDI12,Taxa CDI Mensal,1.02
2026-07-27,2022-07-01,BM12_TJCDI12,Taxa CDI Mensal,1.03
2026-07-27,2022-08-01,BM12_TJCDI12,Taxa CDI Mensal,1.17
2026-07-27,2022-09-01,BM12_TJCDI12,Taxa CDI Mensal,1.07
2026-07-27,2022-10-01,BM12_TJCDI12,Taxa CDI Mensal,1.02
2026-07-27,2022-11-01,BM12_TJCDI12,Taxa CDI Mensal,1.02
2026-07-27,2022-12-01,BM12_TJCDI12,Taxa CDI Mensal,1.12
2026-07-27,2023-01-01,BM12_TJCDI12,Taxa CDI Mensal,1.12
2026-07-27,2023-02-01,BM12_TJCDI12,Taxa CDI Mensal,0.92
2026-07-27,2023-03-01,BM12_TJCDI12,Taxa CDI Mensal,1.17
2026-07-27,2023-04-01,BM12_TJCDI12,Taxa CDI Mensal,0.92
2026-07-27,2023-05-01,BM12_TJCDI12,Taxa CDI Mensal,1.12
2026-07-27,2023-06-01,BM12_TJCDI12,Taxa CDI Mensal,1.07
2026-07-27,2023-07-01,BM12_TJCDI12,Taxa CDI Mensal,1.07
2026-07-27,2023-08-01,BM12_TJCDI12,Taxa CDI Mensal,1.14
2026-07-27,2023-09-01,BM12_TJCDI12,Taxa CDI Mensal,0.97
2026-07-27,2023-10-01,BM12_TJCDI12,Taxa CDI Mensal,1.0
2026-07-27,2023-11-01,BM12_TJCDI12,Taxa CDI Mensal,0.92
2026-07-27,2023-12-01,BM12_TJCDI12,Taxa CDI Mensal,0.89
2026-07-27,2024-01-01,BM12_TJCDI12,Taxa CDI Mensal,0.97
2026-07-27,2024-02-01,BM12_TJCDI12,Taxa CDI Mensal,0.8
2026-07-27,2024-03-01,BM12_TJCDI12,Taxa CDI Mensal,0.83
2026-07-27,2024-04-01,BM12_TJCDI12,Taxa CDI Mensal,0.89
2026-07-27,2024-05-01,BM12_TJCDI12,Taxa CDI Mensal,0.83
2026-07-27,2024-06-01,BM12_TJCDI12,Taxa CDI Mensal,0.79
2026-07-27,2024-07-01,BM12_TJCDI12,Taxa CDI Mensal,0.91
2026-07-27,2024-08-01,BM12_TJCDI12,Taxa CDI Mensal,0.87
2026-07-27,2024-09-01,BM12_TJCDI12,Taxa CDI Mensal,0.84
2026-07-27,2024-10-01,BM12_TJCDI12,Taxa CDI Mensal,0.93
2026-07-27,2024-11-01,BM12_TJCDI12,Taxa CDI Mensal,0.79
2026-07-27,2024-12-01,BM12_TJCDI12,Taxa CDI Mensal,0.93
2026-07-27,2025-01-01,BM12_TJCDI12,Taxa CDI Mensal,1.01
2026-07-27,2025-02-01,BM12_TJCDI12,Taxa CDI Mensal,0.99
2026-07-27,2025-03-01,BM12_TJCDI12,Taxa CDI Mensal,0.96
2026-07-27,2025-04-01,BM12_TJCDI12,Taxa CDI Mensal,1.06
2026-07-27,2025-05-01,BM12_TJCDI12,Taxa CDI Mensal,1.14
2026-07-27,2025-06-01,BM12_TJCDI12,Taxa CDI Mensal,1.1
2026-07-27,2025-07-01,BM12_TJCDI12,Taxa CDI Mensal,1.28
2026-07-27,2025-08-01,BM12_TJCDI12,Taxa CDI Mensal,1.16
2026-07-27,2025-09-01,BM12_TJCDI12,Taxa CDI Mensal,1.22
2026-07-27,2025-10-01,BM12_TJCDI12,Taxa CDI Mensal,1.28
2026-07-27,2025-11-01,BM12_TJCDI12,Taxa CDI Mensal,1.05
2026-07-27,2025-12-01,BM12_TJCDI12,Taxa CDI Mensal,1.22
2026-07-27,2026-01-01,BM12_TJCDI12,Taxa CDI Mensal,1.16
2026-07-27,2026-02-01,BM12_TJCDI12,Taxa CDI Mensal,1.0
2026-07-27,2026-03-01,BM12_TJCDI12,Taxa CDI Mensal,1.21
2026-07-27,2026-04-01,BM12_TJCDI12,Taxa CDI Mensal,1.09
2026-07-27,2026-05-01,BM12_TJCDI12,Taxa CDI Mensal,1.07
2026-07-27,2026-06-01,BM12_TJCDI12,Taxa CDI Mensal,1.12
2026-07-27,2026-07-01,BM12_TJCDI12,Taxa CDI Mensal,0.9
2026-07-27,1994-12-01,BM12_TJLP12,Taxa TJLP,1.95
2026-07-27,1995-01-01,BM12_TJLP12,Taxa TJLP,1.95
2026-07-27,1995-02-01,BM12_TJLP12,Taxa TJLP,1.95
2026-07-27,1995-03-01,BM12_TJLP12,Taxa TJLP,1.78
2026-07-27,1995-04-01,BM12_TJLP12,Taxa TJLP,1.78
2026-07-27,1995-05-01,BM12_TJLP12,Taxa TJLP,1.78
2026-07-27,1995-06-01,BM12_TJLP12,Taxa TJLP,1.86
2026-07-27,1995-07-01,BM12_TJLP12,Taxa TJLP,1.86
2026-07-27,1995-08-01,BM12_TJLP12,Taxa TJLP,1.86
2026-07-27,1995-09-01,BM12_TJLP12,Taxa TJLP,1.67
2026-07-27,1995-10-01,BM12_TJLP12,Taxa TJLP,1.67
2026-07-27,1995-11-01,BM12_TJLP12,Taxa TJLP,1.67
2026-07-27,1995-12-01,BM12_TJLP12,Taxa TJLP,1.37
2026-07-27,1996-01-01,BM12_TJLP12,Taxa TJLP,1.37
2026-07-27,1996-02-01,BM12_TJLP12,Taxa TJLP,1.37
2026-07-27,1996-03-01,BM12_TJLP12,Taxa TJLP,1.41
2026-07-27,1996-04-01,BM12_TJLP12,Taxa TJLP,1.41
2026-07-27,1996-05-01,BM12_TJLP12,Taxa TJLP,1.41
2026-07-27,1996-06-01,BM12_TJLP12,Taxa TJLP,1.2
2026-07-27,1996-07-01,BM12_TJLP12,Taxa TJLP,1.2
2026-07-27,1996-08-01,BM12_TJLP12,Taxa TJLP,1.2
2026-07-27,1996-09-01,BM12_TJLP12,Taxa TJLP,1.17
2026-07-27,1996-10-01,BM12_TJLP12,Taxa TJLP,1.17
2026-07-27,1996-11-01,BM12_TJLP12,Taxa TJLP,1.17
2026-07-27,1996-12-01,BM12_TJLP12,Taxa TJLP,0.87
2026-07-27,1997-01-01,BM12_TJLP12,Taxa TJLP,0.87
2026-07-27,1997-02-01,BM12_TJLP12,Taxa TJLP,0.87
2026-07-27,1997-03-01,BM12_TJLP12,Taxa TJLP,0.82
2026-07-27,1997-04-01,BM12_TJLP12,Taxa TJLP,0.82
2026-07-27,1997-05-01,BM12_TJLP12,Taxa TJLP,0.82
2026-07-27,1997-06-01,BM12_TJLP12,Taxa TJLP,0.81
2026-07-27,1997-07-01,BM12_TJLP12,Taxa TJLP,0.81
2026-07-27,1997-08-01,BM12_TJLP12,Taxa TJLP,0.81
2026-07-27,1997-09-01,BM12_TJLP12,Taxa TJLP,0.75
2026-07-27,1997-10-01,BM12_TJLP12,Taxa TJLP,0.75
2026-07-27,1997-11-01,BM12_TJLP12,Taxa TJLP,0.75
2026-07-27,1997-12-01,BM12_TJLP12,Taxa TJLP,0.79
2026-07-27,1998-01-01,BM12_TJLP12,Taxa TJLP,0.79
2026-07-27,1998-02-01,BM12_TJLP12,Taxa TJLP,0.79
2026-07-27,1998-03-01,BM12_TJLP12,Taxa TJLP,0.93
2026-07-27,1998-04-01,BM12_TJLP12,Taxa TJLP,0.93
2026-07-27,1998-05-01,BM12_TJLP12,Taxa TJLP,0.93
2026-07-27,1998-06-01,BM12_TJLP12,Taxa TJLP,0.85
2026-07-27,1998-07-01,BM12_TJLP12,Taxa TJLP,0.85
2026-07-27,1998-08-01,BM12_TJLP12,Taxa TJLP,0.85
2026-07-27,1998-09-01,BM12_TJLP12,Taxa TJLP,0.92
2026-07-27,1998-10-01,BM12_TJLP12,Taxa TJLP,0.92
2026-07-27,1998-11-01,BM12_TJLP12,Taxa TJLP,0.92
2026-07-27,1998-12-01,BM12_TJLP12,Taxa TJLP,1.39
2026-07-27,1999-01-01,BM12_TJLP12,Taxa TJLP,1.01
2026-07-27,1999-02-01,BM12_TJLP12,Taxa TJLP,1.01
2026-07-27,1999-03-01,BM12_TJLP12,Taxa TJLP,1.01
2026-07-27,1999-04-01,BM12_TJLP12,Taxa TJLP,1.06
2026-07-27,1999-05-01,BM12_TJLP12,Taxa TJLP,1.06
2026-07-27,1999-06-01,BM12_TJLP12,Taxa TJLP,1.06
2026-07-27,1999-07-01,BM12_TJLP12,Taxa TJLP,1.1
2026-07-27,1999-08-01,BM12_TJLP12,Taxa TJLP,1.1
2026-07-27,1999-09-01,BM12_TJLP12,Taxa TJLP,1.1
2026-07-27,1999-10-01,BM12_TJLP12,Taxa TJLP,0.99
2026-07-27,1999-11-01,BM12_TJLP12,Taxa TJLP,0.99
2026-07-27,1999-12-01,BM12_TJLP12,Taxa TJLP,0.99
2026-07-27,2000-01-01,BM12_TJLP12,Taxa TJLP,0.95
2026-07-27,2000-02-01,BM12_TJLP12,Taxa TJLP,0.95
2026-07-27,2000-03-01,BM12_TJLP12,Taxa TJLP,0.95
2026-07-27,2000-04-01,BM12_TJLP12,Taxa TJLP,0.87
2026-07-27,2000-05-01,BM12_TJLP12,Taxa TJLP,0.87
2026-07-27,2000-06-01,BM12_TJLP12,Taxa TJLP,0.87
2026-07-27,2000-07-01,BM12_TJLP12,Taxa TJLP,0.82
2026-07-27,2000-08-01,BM12_TJLP12,Taxa TJLP,0.82
2026-07-27,2000-09-01,BM12_TJLP12,Taxa TJLP,0.82
2026-07-27,2000-10-01,BM12_TJLP12,Taxa TJLP,0.78
2026-07-27,2000-11-01,BM12_TJLP12,Taxa TJLP,0.78
2026-07-27,2000-12-01,BM12_TJLP12,Taxa TJLP,0.78
2026-07-27,2001-01-01,BM12_TJLP12,Taxa TJLP,0.74
2026-07-27,2001-02-01,BM12_TJLP12,Taxa TJLP,0.74
2026-07-27,2001-03-01,BM12_TJLP12,Taxa TJLP,0.74
2026-07-27,2001-04-01,BM12_TJLP12,Taxa TJLP,0.74
2026-07-27,2001-05-01,BM12_TJLP12,Taxa TJLP,0.74
2026-07-27,2001-06-01,BM12_TJLP12,Taxa TJLP,0.74
2026-07-27,2001-07-01,BM12_TJLP12,Taxa TJLP,0.76
2026-07-27,2001-08-01,BM12_TJLP12,Taxa TJLP,0.76
2026-07-27,2001-09-01,BM12_TJLP12,Taxa TJLP,0.76
2026-07-27,2001-10-01,BM12_TJLP12,Taxa TJLP,0.8
2026-07-27,2001-11-01,BM12_TJLP12,Taxa TJLP,0.8
2026-07-27,2001-12-01,BM12_TJLP12,Taxa TJLP,0.8
2026-07-27,2002-01-01,BM12_TJLP12,Taxa TJLP,0.8
2026-07-27,2002-02-01,BM12_TJLP12,Taxa TJLP,0.8
2026-07-27,2002-03-01,BM12_TJLP12,Taxa TJLP,0.8
2026-07-27,2002-04-01,BM12_TJLP12,Taxa TJLP,0.76
2026-07-27,2002-05-01,BM12_TJLP12,Taxa TJLP,0.76
2026-07-27,2002-06-01,BM12_TJLP12,Taxa TJLP,0.76
2026-07-27,2002-07-01,BM12_TJLP12,Taxa TJLP,0.8
2026-07-27,2002-08-01,BM12_TJLP12,Taxa TJLP,0.8
2026-07-27,2002-09-01,BM12_TJLP12,Taxa TJLP,0.8
2026-07-27,2002-10-01,BM12_TJLP12,Taxa TJLP,0.8
2026-07-27,2002-11-01,BM12_TJLP12,Taxa TJLP,0.8
2026-07-27,2002-12-01,BM12_TJLP12,Taxa TJLP,0.8
2026-07-27,2003-01-01,BM12_TJLP12,Taxa TJLP,0.87
2026-07-27,2003-02-01,BM12_TJLP12,Taxa TJLP,0.87
2026-07-27,2003-03-01,BM12_TJLP12,Taxa TJLP,0.87
2026-07-27,2003-04-01,BM12_TJLP12,Taxa TJLP,0.95
2026-07-27,2003-05-01,BM12_TJLP12,Taxa TJLP,0.95
2026-07-27,2003-06-01,BM12_TJLP12,Taxa TJLP,0.95
2026-07-27,2003-07-01,BM12_TJLP12,Taxa TJLP,0.95
2026-07-27,2003-08-01,BM12_TJLP12,Taxa TJLP,0.95
2026-07-27,2003-09-01,BM12_TJLP12,Taxa TJLP,0.95
2026-07-27,2003-10-01,BM12_TJLP12,Taxa TJLP,0.87
2026-07-27,2003-11-01,BM12_TJLP12,Taxa TJLP,0.87
2026-07-27,2003-12-01,BM12_TJLP12,Taxa TJLP,0.87
2026-07-27,2004-01-01,BM12_TJLP12,Taxa TJLP,0.8
2026-07-27,2004-02-01,BM12_TJLP12,Taxa TJLP,0.8
2026-07-27,2004-03-01,BM12_TJLP12,Taxa TJLP,0.8
2026-07-27,2004-04-01,BM12_TJLP12,Taxa TJLP,0.78
2026-07-27,2004-05-01,BM12_TJLP12,Taxa TJLP,0.78
2026-07-27,2004-06-01,BM12_TJLP12,Taxa TJLP,0.78
2026-07-27,2004-07-01,BM12_TJLP12,Taxa TJLP,0.78
2026-07-27,2004-08-01,BM12_TJLP12,Taxa TJLP,0.78
2026-07-27,2004-09-01,BM12_TJLP12,Taxa TJLP,0.78
2026-07-27,2004-10-01,BM12_TJLP12,Taxa TJLP,0.78
2026-07-27,2004-11-01,BM12_TJLP12,Taxa TJLP,0.78
2026-07-27,2004-12-01,BM12_TJLP12,Taxa TJLP,0.78
2026-07-27,2005-01-01,BM12_TJLP12,Taxa TJLP,0.78
2026-07-27,2005-02-01,BM12_TJLP12,Taxa TJLP,0.78
2026-07-27,2005-03-01,BM12_TJLP12,Taxa TJLP,0.78
2026-07-27,2005-04-01,BM12_TJLP12,Taxa TJLP,0.78
2026-07-27,2005-05-01,BM12_TJLP12,Taxa TJLP,0.78
2026-07-27,2005-06-01,BM12_TJLP12,Taxa TJLP,0.78
2026-07-27,2005-07-01,BM12_TJLP12,Taxa TJLP,0.78
2026-07-27,2005-08-01,BM12_TJLP12,Taxa TJLP,0.78
2026-07-27,2005-09-01,BM12_TJLP12,Taxa TJLP,0.78
2026-07-27,2005-10-01,BM12_TJLP12,Taxa TJLP,0.78
2026-07-27,2005-11-01,BM12_TJLP12,Taxa TJLP,0.78
2026-07-27,2005-12-01,BM12_TJLP12,Taxa TJLP,0.78
2026-07-27,2006-01-01,BM12_TJLP12,Taxa TJLP,0.72
2026-07-27,2006-02-01,BM12_TJLP12,Taxa TJLP,0.72
2026-07-27,2006-03-01,BM12_TJLP12,Taxa TJLP,0.72
2026-07-27,2006-04-01,BM12_TJLP12,Taxa TJLP,0.66
2026-07-27,2006-05-01,BM12_TJLP12,Taxa TJLP,0.66
2026-07-27,2006-06-01,BM12_TJLP12,Taxa TJLP,0.66
2026-07-27,2006-07-01,BM12_TJLP12,Taxa TJLP,0.6
2026-07-27,2006-08-01,BM12_TJLP12,Taxa TJLP,0.6
2026-07-27,2006-09-01,BM12_TJLP12,Taxa TJLP,0.6
2026-07-27,2006-10-01,BM12_TJLP12,Taxa TJLP,0.55
2026-07-27,2006-11-01,BM12_TJLP12,Taxa TJLP,0.55
2026-07-27,2006-12-01,BM12_TJLP12,Taxa TJLP,0.55
2026-07-27,2007-01-01,BM12_TJLP12,Taxa TJLP,0.53
2026-07-27,2007-02-01,BM12_TJLP12,Taxa TJLP,0.53
2026-07-27,2007-03-01,BM12_TJLP12,Taxa TJLP,0.53
2026-07-27,2007-04-01,BM12_TJLP12,Taxa TJLP,0.53
2026-07-27,2007-05-01,BM12_TJLP12,Taxa TJLP,0.53
2026-07-27,2007-06-01,BM12_TJLP12,Taxa TJLP,0.53
2026-07-27,2007-07-01,BM12_TJLP12,Taxa TJLP,0.51
2026-07-27,2007-08-01,BM12_TJLP12,Taxa TJLP,0.51
2026-07-27,2007-09-01,BM12_TJLP12,Taxa TJLP,0.51
2026-07-27,2007-10-01,BM12_TJLP12,Taxa TJLP,0.51
2026-07-27,2007-11-01,BM12_TJLP12,Taxa TJLP,0.51
2026-07-27,2007-12-01,BM12_TJLP12,Taxa TJLP,0.51
2026-07-27,2008-01-01,BM12_TJLP12,Taxa TJLP,0.51
2026-07-27,2008-02-01,BM12_TJLP12,Taxa TJLP,0.51
2026-07-27,2008-03-01,BM12_TJLP12,Taxa TJLP,0.51
2026-07-27,2008-04-01,BM12_TJLP12,Taxa TJLP,0.51
2026-07-27,2008-05-01,BM12_TJLP12,Taxa TJLP,0.51
2026-07-27,2008-06-01,BM12_TJLP12,Taxa TJLP,0.51
2026-07-27,2008-07-01,BM12_TJLP12,Taxa TJLP,0.51
2026-07-27,2008-08-01,BM12_TJLP12,Taxa TJLP,0.51
2026-07-27,2008-09-01,BM12_TJLP12,Taxa TJLP,0.51
2026-07-27,2008-10-01,BM12_TJLP12,Taxa TJLP,0.51
2026-07-27,2008-11-01,BM12_TJLP12,Taxa TJLP,0.51
2026-07-27,2008-12-01,BM12_TJLP12,Taxa TJLP,0.51
2026-07-27,2009-01-01,BM12_TJLP12,Taxa TJLP,0.51
2026-07-27,2009-02-01,BM12_TJLP12,Taxa TJLP,0.51
2026-07-27,2009-03-01,BM12_TJLP12,Taxa TJLP,0.51
2026-07-27,2009-04-01,BM12_TJLP12,Taxa TJLP,0.51
2026-07-27,2009-05-01,BM12_TJLP12,Taxa TJLP,0.51
2026-07-27,2009-06-01,BM12_TJLP12,Taxa TJLP,0.51
2026-07-27,2009-07-01,BM12_TJLP12,Taxa TJLP,0.49
2026-07-27,2009-08-01,BM12_TJLP12,Taxa TJLP,0.49
2026-07-27,2009-09-01,BM12_TJLP12,Taxa TJLP,0.49
2026-07-27,2009-10-01,BM12_TJLP12,Taxa TJLP,0.49
2026-07-27,2009-11-01,BM12_TJLP12,Taxa TJLP,0.49
2026-07-27,2009-12-01,BM12_TJLP12,Taxa TJLP,0.49
2026-07-27,2010-01-01,BM12_TJLP12,Taxa TJLP,0.49
2026-07-27,2010-02-01,BM12_TJLP12,Taxa TJLP,0.49
2026-07-27,2010-03-01,BM12_TJLP12,Taxa TJLP,0.49
2026-07-27,2010-04-01,BM12_TJLP12,Taxa TJLP,0.49
2026-07-27,2010-05-01,BM12_TJLP12,Taxa TJLP,0.49
2026-07-27,2010-06-01,BM12_TJLP12,Taxa TJLP,0.49
2026-07-27,2010-07-01,BM12_TJLP12,Taxa TJLP,0.49
2026-07-27,2010-08-01,BM12_TJLP12,Taxa TJLP,0.49
2026-07-27,2010-09-01,BM12_TJLP12,Taxa TJLP,0.49
2026-07-27,2010-10-01,BM12_TJLP12,Taxa TJLP,0.49
2026-07-27,2010-11-01,BM12_TJLP12,Taxa TJLP,0.49
2026-07-27,2010-12-01,BM12_TJLP12,Taxa TJLP,0.49
2026-07-27,2011-01-01,BM12_TJLP12,Taxa TJLP,0.49
2026-07-27,2011-02-01,BM12_TJLP12,Taxa TJLP,0.49
2026-07-27,2011-03-01,BM12_TJLP12,Taxa TJLP,0.49
2026-07-27,2011-04-01,BM12_TJLP12,Taxa TJLP,0.49
2026-07-27,2011-05-01,BM12_TJLP12,Taxa TJLP,0.49
2026-07-27,2011-06-01,BM12_TJLP12,Taxa TJLP,0.49
2026-07-27,2011-07-01,BM12_TJLP12,Taxa TJLP,0.49
2026-07-27,2011-08-01,BM12_TJLP12,Taxa TJLP,0.49
2026-07-27,2011-09-01,BM12_TJLP12,Taxa TJLP,0.49
2026-07-27,2011-10-01,BM12_TJLP12,Taxa TJLP,0.49
2026-07-27,2011-11-01,BM12_TJLP12,Taxa TJLP,0.49
2026-07-27,2011-12-01,BM12_TJLP12,Taxa TJLP,0.49
2026-07-27,2012-01-01,BM12_TJLP12,Taxa TJLP,0.49
2026-07-27,2012-02-01,BM12_TJLP12,Taxa TJLP,0.49
2026-07-27,2012-03-01,BM12_TJLP12,Taxa TJLP,0.49
2026-07-27,2012-04-01,BM12_TJLP12,Taxa TJLP,0.49
2026-07-27,2012-05-01,BM12_TJLP12,Taxa TJLP,0.49
2026-07-27,2012-06-01,BM12_TJLP12,Taxa TJLP,0.49
2026-07-27,2012-07-01,BM12_TJLP12,Taxa TJLP,0.45
2026-07-27,2012-08-01,BM12_TJLP12,Taxa TJLP,0.45
2026-07-27,2012-09-01,BM12_TJLP12,Taxa TJLP,0.45
2026-07-27,2012-10-01,BM12_TJLP12,Taxa TJLP,0.45
2026-07-27,2012-11-01,BM12_TJLP12,Taxa TJLP,0.45
2026-07-27,2012-12-01,BM12_TJLP12,Taxa TJLP,0.45
2026-07-27,2013-01-01,BM12_TJLP12,Taxa TJLP,0.41
2026-07-27,2013-02-01,BM12_TJLP12,Taxa TJLP,0.41
2026-07-27,2013-03-01,BM12_TJLP12,Taxa TJLP,0.41
2026-07-27,2013-04-01,BM12_TJLP12,Taxa TJLP,0.41
2026-07-27,2013-05-01,BM12_TJLP12,Taxa TJLP,0.41
2026-07-27,2013-06-01,BM12_TJLP12,Taxa TJLP,0.41
2026-07-27,2013-07-01,BM12_TJLP12,Taxa TJLP,0.41
2026-07-27,2013-08-01,BM12_TJLP12,Taxa TJLP,0.41
2026-07-27,2013-09-01,BM12_TJLP12,Taxa TJLP,0.41
2026-07-27,2013-10-01,BM12_TJLP12,Taxa TJLP,0.41
2026-07-27,2013-11-01,BM12_TJLP12,Taxa TJLP,0.41
2026-07-27,2013-12-01,BM12_TJLP12,Taxa TJLP,0.41
2026-07-27,2014-01-01,BM12_TJLP12,Taxa TJLP,0.41
2026-07-27,2014-02-01,BM12_TJLP12,Taxa TJLP,0.41
2026-07-27,2014-03-01,BM12_TJLP12,Taxa TJLP,0.41
2026-07-27,2014-04-01,BM12_TJLP12,Taxa TJLP,0.41
2026-07-27,2014-05-01,BM12_TJLP12,Taxa TJLP,0.41
2026-07-27,2014-06-01,BM12_TJLP12,Taxa TJLP,0.41
2026-07-27,2014-07-01,BM12_TJLP12,Taxa TJLP,0.41
2026-07-27,2014-08-01,BM12_TJLP12,Taxa TJLP,0.41
2026-07-27,2014-09-01,BM12_TJLP12,Taxa TJLP,0.41
2026-07-27,2014-10-01,BM12_TJLP12,Taxa TJLP,0.41
2026-07-27,2014-11-01,BM12_TJLP12,Taxa TJLP,0.41
2026-07-27,2014-12-01,BM12_TJLP12,Taxa TJLP,0.41
2026-07-27,2015-01-01,BM12_TJLP12,Taxa TJLP,0.45
2026-07-27,2015-02-01,BM12_TJLP12,Taxa TJLP,0.45
2026-07-27,2015-03-01,BM12_TJLP12,Taxa TJLP,0.45
2026-07-27,2015-04-01,BM12_TJLP12,Taxa TJLP,0.49
2026-07-27,2015-05-01,BM12_TJLP12,Taxa TJLP,0.49
2026-07-27,2015-06-01,BM12_TJLP12,Taxa TJLP,0.49
2026-07-27,2015-07-01,BM12_TJLP12,Taxa TJLP,0.53
2026-07-27,2015-08-01,BM12_TJLP12,Taxa TJLP,0.53
2026-07-27,2015-09-01,BM12_TJLP12,Taxa TJLP,0.53
2026-07-27,2015-10-01,BM12_TJLP12,Taxa TJLP,0.57
2026-07-27,2015-11-01,BM12_TJLP12,Taxa TJLP,0.57
2026-07-27,2015-12-01,BM12_TJLP12,Taxa TJLP,0.57
2026-07-27,2016-01-01,BM12_TJLP12,Taxa TJLP,0.6
2026-07-27,2016-02-01,BM12_TJLP12,Taxa TJLP,0.6
2026-07-27,2016-03-01,BM12_TJLP12,Taxa TJLP,0.6
2026-07-27,2016-04-01,BM12_TJLP12,Taxa TJLP,0.6
2026-07-27,2016-05-01,BM12_TJLP12,Taxa TJLP,0.6
2026-07-27,2016-06-01,BM12_TJLP12,Taxa TJLP,0.6
2026-07-27,2016-07-01,BM12_TJLP12,Taxa TJLP,0.6
2026-07-27,2016-08-01,BM12_TJLP12,Taxa TJLP,0.6
2026-07-27,2016-09-01,BM12_TJLP12,Taxa TJLP,0.6
2026-07-27,2016-10-01,BM12_TJLP12,Taxa TJLP,0.6
2026-07-27,2016-11-01,BM12_TJLP12,Taxa TJLP,0.6
2026-07-27,2016-12-01,BM12_TJLP12,Taxa TJLP,0.6
2026-07-27,2017-01-01,BM12_TJLP12,Taxa TJLP,0.6
2026-07-27,2017-02-01,BM12_TJLP12,Taxa TJLP,0.6
2026-07-27,2017-03-01,BM12_TJLP12,Taxa TJLP,0.6
2026-07-27,2017-04-01,BM12_TJLP12,Taxa TJLP,0.57
2026-07-27,2017-05-01,BM12_TJLP12,Taxa TJLP,0.57
2026-07-27,2017-06-01,BM12_TJLP12,Taxa TJLP,0.57
2026-07-27,2017-07-01,BM12_TJLP12,Taxa TJLP,0.57
2026-07-27,2017-08-01,BM12_TJLP12,Taxa TJLP,0.57
2026-07-27,2017-09-01,BM12_TJLP12,Taxa TJLP,0.57
2026-07-27,2017-10-01,BM12_TJLP12,Taxa TJLP,0.57
2026-07-27,2017-11-01,BM12_TJLP12,Taxa TJLP,0.57
2026-07-27,2017-12-01,BM12_TJLP12,Taxa TJLP,0.57
2026-07-27,2018-01-01,BM12_TJLP12,Taxa TJLP,0.55
2026-07-27,2018-02-01,BM12_TJLP12,Taxa TJLP,0.55
2026-07-27,2018-03-01,BM12_TJLP12,Taxa TJLP,0.55
2026-07-27,2018-04-01,BM12_TJLP12,Taxa TJLP,0.53
2026-07-27,2018-05-01,BM12_TJLP12,Taxa TJLP,0.53
2026-07-27,2018-06-01,BM12_TJLP12,Taxa TJLP,0.53
2026-07-27,2018-07-01,BM12_TJLP12,Taxa TJLP,0.53
2026-07-27,2018-08-01,BM12_TJLP12,Taxa TJLP,0.53
2026-07-27,2018-09-01,BM12_TJLP12,Taxa TJLP,0.53
2026-07-27,2018-10-01,BM12_TJLP12,Taxa TJLP,0.56
2026-07-27,2018-11-01,BM12_TJLP12,Taxa TJLP,0.56
2026-07-27,2018-12-01,BM12_TJLP12,Taxa TJLP,0.56
2026-07-27,2019-01-01,BM12_TJLP12,Taxa TJLP,0.57
2026-07-27,2019-02-01,BM12_TJLP12,Taxa TJLP,0.57
2026-07-27,2019-03-01,BM12_TJLP12,Taxa TJLP,0.57
2026-07-27,2019-04-01,BM12_TJLP12,Taxa TJLP,0.51
2026-07-27,2019-05-01,BM12_TJLP12,Taxa TJLP,0.51
2026-07-27,2019-06-01,BM12_TJLP12,Taxa TJLP,0.51
2026-07-27,2019-07-01,BM12_TJLP12,Taxa TJLP,0.48
2026-07-27,2019-08-01,BM12_TJLP12,Taxa TJLP,0.48
2026-07-27,2019-09-01,BM12_TJLP12,Taxa TJLP,0.48
2026-07-27,2019-10-01,BM12_TJLP12,Taxa TJLP,0.45
2026-07-27,2019-11-01,BM12_TJLP12,Taxa TJLP,0.45
2026-07-27,2019-12-01,BM12_TJLP12,Taxa TJLP,0.45
2026-07-27,2020-01-01,BM12_TJLP12,Taxa TJLP,0.41
2026-07-27,2020-02-01,BM12_TJLP12,Taxa TJLP,0.41
2026-07-27,2020-03-01,BM12_TJLP12,Taxa TJLP,0.41
2026-07-27,2020-04-01,BM12_TJLP12,Taxa TJLP,0.4
2026-07-27,2020-05-01,BM12_TJLP12,Taxa TJLP,0.4
2026-07-27,2020-06-01,BM12_TJLP12,Taxa TJLP,0.4
2026-07-27,2020-07-01,BM12_TJLP12,Taxa TJLP,0.4
2026-07-27,2020-08-01,BM12_TJLP12,Taxa TJLP,0.4
2026-07-27,2020-09-01,BM12_TJLP12,Taxa TJLP,0.4
2026-07-27,2020-10-01,BM12_TJLP12,Taxa TJLP,0.37
2026-07-27,2020-11-01,BM12_TJLP12,Taxa TJLP,0.37
2026-07-27,2020-12-01,BM12_TJLP12,Taxa TJLP,0.37
2026-07-27,2021-01-01,BM12_TJLP12,Taxa TJLP,0.36
2026-07-27,2021-02-01,BM12_TJLP12,Taxa TJLP,0.36
2026-07-27,2021-03-01,BM12_TJLP12,Taxa TJLP,0.36
2026-07-27,2021-04-01,BM12_TJLP12,Taxa TJLP,0.38
2026-07-27,2021-05-01,BM12_TJLP12,Taxa TJLP,0.38
2026-07-27,2021-06-01,BM12_TJLP12,Taxa TJLP,0.38
2026-07-27,2021-07-01,BM12_TJLP12,Taxa TJLP,0.4
2026-07-27,2021-08-01,BM12_TJLP12,Taxa TJLP,0.4
2026-07-27,2021-09-01,BM12_TJLP12,Taxa TJLP,0.4
2026-07-27,2021-10-01,BM12_TJLP12,Taxa TJLP,0.43
2026-07-27,2021-11-01,BM12_TJLP12,Taxa TJLP,0.43
2026-07-27,2021-12-01,BM12_TJLP12,Taxa TJLP,0.43
2026-07-27,2022-01-01,BM12_TJLP12,Taxa TJLP,0.49
2026-07-27,2022-02-01,BM12_TJLP12,Taxa TJLP,0.49
2026-07-27,2022-03-01,BM12_TJLP12,Taxa TJLP,0.49
2026-07-27,2022-04-01,BM12_TJLP12,Taxa TJLP,0.55
2026-07-27,2022-05-01,BM12_TJLP12,Taxa TJLP,0.55
2026-07-27,2022-06-01,BM12_TJLP12,Taxa TJLP,0.55
2026-07-27,2022-07-01,BM12_TJLP12,Taxa TJLP,0.57
2026-07-27,2022-08-01,BM12_TJLP12,Taxa TJLP,0.57
2026-07-27,2022-09-01,BM12_TJLP12,Taxa TJLP,0.57
2026-07-27,2022-10-01,BM12_TJLP12,Taxa TJLP,0.58
2026-07-27,2022-11-01,BM12_TJLP12,Taxa TJLP,0.58
2026-07-27,2022-12-01,BM12_TJLP12,Taxa TJLP,0.58
2026-07-27,2023-01-01,BM12_TJLP12,Taxa TJLP,0.59
2026-07-27,2023-02-01,BM12_TJLP12,Taxa TJLP,0.59
2026-07-27,2023-03-01,BM12_TJLP12,Taxa TJLP,0.59
2026-07-27,2023-04-01,BM12_TJLP12,Taxa TJLP,0.59
2026-07-27,2023-05-01,BM12_TJLP12,Taxa TJLP,0.59
2026-07-27,2023-06-01,BM12_TJLP12,Taxa TJLP,0.59
2026-07-27,2023-07-01,BM12_TJLP12,Taxa TJLP,0.57
2026-07-27,2023-08-01,BM12_TJLP12,Taxa TJLP,0.57
2026-07-27,2023-09-01,BM12_TJLP12,Taxa TJLP,0.57
2026-07-27,2023-10-01,BM12_TJLP12,Taxa TJLP,0.53
2026-07-27,2023-11-01,BM12_TJLP12,Taxa TJLP,0.53
2026-07-27,2023-12-01,BM12_TJLP12,Taxa TJLP,0.53
2026-07-27,2024-01-01,BM12_TJLP12,Taxa TJLP,0.53
2026-07-27,2024-02-01,BM12_TJLP12,Taxa TJLP,0.53
2026-07-27,2024-03-01,BM12_TJLP12,Taxa TJLP,0.53
2026-07-27,2024-04-01,BM12_TJLP12,Taxa TJLP,0.54
2026-07-27,2024-05-01,BM12_TJLP12,Taxa TJLP,0.54
2026-07-27,2024-06-01,BM12_TJLP12,Taxa TJLP,0.54
2026-07-27,2024-07-01,BM12_TJLP12,Taxa TJLP,0.56
2026-07-27,2024-08-01,BM12_TJLP12,Taxa TJLP,0.56
2026-07-27,2024-09-01,BM12_TJLP12,Taxa TJLP,0.56
2026-07-27,2024-10-01,BM12_TJLP12,Taxa TJLP,0.6
2026-07-27,2024-11-01,BM12_TJLP12,Taxa TJLP,0.6
2026-07-27,2024-12-01,BM12_TJLP12,Taxa TJLP,0.6
2026-07-27,2025-01-01,BM12_TJLP12,Taxa TJLP,0.64
2026-07-27,2025-02-01,BM12_TJLP12,Taxa TJLP,0.64
2026-07-27,2025-03-01,BM12_TJLP12,Taxa TJLP,0.64
2026-07-27,2025-04-01,BM12_TJLP12,Taxa TJLP,0.69
2026-07-27,2025-05-01,BM12_TJLP12,Taxa TJLP,0.69
2026-07-27,2025-06-01,BM12_TJLP12,Taxa TJLP,0.69
2026-07-27,2025-07-01,BM12_TJLP12,Taxa TJLP,0.72
2026-07-27,2025-08-01,BM12_TJLP12,Taxa TJLP,0.72
2026-07-27,2025-09-01,BM12_TJLP12,Taxa TJLP,0.72
2026-07-27,2025-10-01,BM12_TJLP12,Taxa TJLP,0.73
2026-07-27,2025-11-01,BM12_TJLP12,Taxa TJLP,0.73
2026-07-27,2025-12-01,BM12_TJLP12,Taxa TJLP,0.73
2026-07-27,2026-01-01,BM12_TJLP12,Taxa TJLP,0.74
2026-07-27,2026-02-01,BM12_TJLP12,Taxa TJLP,0.74
2026-07-27,2026-03-01,BM12_TJLP12,Taxa TJLP,0.74
2026-07-27,2026-04-01,BM12_TJLP12,Taxa TJLP,0.73
2026-07-27,2026-05-01,BM12_TJLP12,Taxa TJLP,0.73
2026-07-27,2026-06-01,BM12_TJLP12,Taxa TJLP,0.73
2026-07-27,2026-07-01,BM12_TJLP12,Taxa TJLP,0.73
2026-07-27,1974-01-01,BM12_TJOVER12,Taxa Selic Mensal,1.46
2026-07-27,1974-02-01,BM12_TJOVER12,Taxa Selic Mensal,1.15
2026-07-27,1974-03-01,BM12_TJOVER12,Taxa Selic Mensal,1.16
2026-07-27,1974-04-01,BM12_TJOVER12,Taxa Selic Mensal,1.21
2026-07-27,1974-05-01,BM12_TJOVER12,Taxa Selic Mensal,1.24
2026-07-27,1974-06-01,BM12_TJOVER12,Taxa Selic Mensal,1.51
2026-07-27,1974-07-01,BM12_TJOVER12,Taxa Selic Mensal,1.62
2026-07-27,1974-08-01,BM12_TJOVER12,Taxa Selic Mensal,1.0
2026-07-27,1974-09-01,BM12_TJOVER12,Taxa Selic Mensal,1.38
2026-07-27,1974-10-01,BM12_TJOVER12,Taxa Selic Mensal,1.12
2026-07-27,1974-11-01,BM12_TJOVER12,Taxa Selic Mensal,1.46
2026-07-27,1974-12-01,BM12_TJOVER12,Taxa Selic Mensal,1.73
2026-07-27,1975-01-01,BM12_TJOVER12,Taxa Selic Mensal,1.79
2026-07-27,1975-02-01,BM12_TJOVER12,Taxa Selic Mensal,1.6
2026-07-27,1975-03-01,BM12_TJOVER12,Taxa Selic Mensal,1.03
2026-07-27,1975-04-01,BM12_TJOVER12,Taxa Selic Mensal,1.19
2026-07-27,1975-05-01,BM12_TJOVER12,Taxa Selic Mensal,1.46
2026-07-27,1975-06-01,BM12_TJOVER12,Taxa Selic Mensal,1.76
2026-07-27,1975-07-01,BM12_TJOVER12,Taxa Selic Mensal,1.65
2026-07-27,1975-08-01,BM12_TJOVER12,Taxa Selic Mensal,1.6
2026-07-27,1975-09-01,BM12_TJOVER12,Taxa Selic Mensal,1.57
2026-07-27,1975-10-01,BM12_TJOVER12,Taxa Selic Mensal,1.95
2026-07-27,1975-11-01,BM12_TJOVER12,Taxa Selic Mensal,2.35
2026-07-27,1975-12-01,BM12_TJOVER12,Taxa Selic Mensal,1.99
2026-07-27,1976-01-01,BM12_TJOVER12,Taxa Selic Mensal,2.36
2026-07-27,1976-02-01,BM12_TJOVER12,Taxa Selic Mensal,2.58
2026-07-27,1976-03-01,BM12_TJOVER12,Taxa Selic Mensal,2.53
2026-07-27,1976-04-01,BM12_TJOVER12,Taxa Selic Mensal,3.02
2026-07-27,1976-05-01,BM12_TJOVER12,Taxa Selic Mensal,2.59
2026-07-27,1976-06-01,BM12_TJOVER12,Taxa Selic Mensal,2.62
2026-07-27,1976-07-01,BM12_TJOVER12,Taxa Selic Mensal,3.36
2026-07-27,1976-08-01,BM12_TJOVER12,Taxa Selic Mensal,2.8
2026-07-27,1976-09-01,BM12_TJOVER12,Taxa Selic Mensal,3.33
2026-07-27,1976-10-01,BM12_TJOVER12,Taxa Selic Mensal,3.19
2026-07-27,1976-11-01,BM12_TJOVER12,Taxa Selic Mensal,2.97
2026-07-27,1976-12-01,BM12_TJOVER12,Taxa Selic Mensal,3.62
2026-07-27,1977-01-01,BM12_TJOVER12,Taxa Selic Mensal,3.45
2026-07-27,1977-02-01,BM12_TJOVER12,Taxa Selic Mensal,3.27
2026-07-27,1977-03-01,BM12_TJOVER12,Taxa Selic Mensal,3.14
2026-07-27,1977-04-01,BM12_TJOVER12,Taxa Selic Mensal,2.64
2026-07-27,1977-05-01,BM12_TJOVER12,Taxa Selic Mensal,2.21
2026-07-27,1977-06-01,BM12_TJOVER12,Taxa Selic Mensal,3.09
2026-07-27,1977-07-01,BM12_TJOVER12,Taxa Selic Mensal,3.29
2026-07-27,1977-08-01,BM12_TJOVER12,Taxa Selic Mensal,2.67
2026-07-27,1977-09-01,BM12_TJOVER12,Taxa Selic Mensal,3.49
2026-07-27,1977-10-01,BM12_TJOVER12,Taxa Selic Mensal,2.02
2026-07-27,1977-11-01,BM12_TJOVER12,Taxa Selic Mensal,2.09
2026-07-27,1977-12-01,BM12_TJOVER12,Taxa Selic Mensal,4.2
2026-07-27,1978-01-01,BM12_TJOVER12,Taxa Selic Mensal,3.6
2026-07-27,1978-02-01,BM12_TJOVER12,Taxa Selic Mensal,2.93
2026-07-27,1978-03-01,BM12_TJOVER12,Taxa Selic Mensal,2.98
2026-07-27,1978-04-01,BM12_TJOVER12,Taxa Selic Mensal,3.21
2026-07-27,1978-05-01,BM12_TJOVER12,Taxa Selic Mensal,2.51
2026-07-27,1978-06-01,BM12_TJOVER12,Taxa Selic Mensal,2.91
2026-07-27,1978-07-01,BM12_TJOVER12,Taxa Selic Mensal,3.7
2026-07-27,1978-08-01,BM12_TJOVER12,Taxa Selic Mensal,2.28
2026-07-27,1978-09-01,BM12_TJOVER12,Taxa Selic Mensal,3.6
2026-07-27,1978-10-01,BM12_TJOVER12,Taxa Selic Mensal,3.05
2026-07-27,1978-11-01,BM12_TJOVER12,Taxa Selic Mensal,3.4
2026-07-27,1978-12-01,BM12_TJOVER12,Taxa Selic Mensal,4.58
2026-07-27,1979-01-01,BM12_TJOVER12,Taxa Selic Mensal,3.66
2026-07-27,1979-02-01,BM12_TJOVER12,Taxa Selic Mensal,3.43
2026-07-27,1979-03-01,BM12_TJOVER12,Taxa Selic Mensal,3.91
2026-07-27,1979-04-01,BM12_TJOVER12,Taxa Selic Mensal,3.63
2026-07-27,1979-05-01,BM12_TJOVER12,Taxa Selic Mensal,2.86
2026-07-27,1979-06-01,BM12_TJOVER12,Taxa Selic Mensal,2.77
2026-07-27,1979-07-01,BM12_TJOVER12,Taxa Selic Mensal,1.89
2026-07-27,1979-08-01,BM12_TJOVER12,Taxa Selic Mensal,2.5
2026-07-27,1979-09-01,BM12_TJOVER12,Taxa Selic Mensal,3.51
2026-07-27,1979-10-01,BM12_TJOVER12,Taxa Selic Mensal,2.21
2026-07-27,1979-11-01,BM12_TJOVER12,Taxa Selic Mensal,2.08
2026-07-27,1979-12-01,BM12_TJOVER12,Taxa Selic Mensal,3.57
2026-07-27,1980-01-01,BM12_TJOVER12,Taxa Selic Mensal,2.95
2026-07-27,1980-02-01,BM12_TJOVER12,Taxa Selic Mensal,2.47
2026-07-27,1980-03-01,BM12_TJOVER12,Taxa Selic Mensal,3.57
2026-07-27,1980-04-01,BM12_TJOVER12,Taxa Selic Mensal,1.95
2026-07-27,1980-05-01,BM12_TJOVER12,Taxa Selic Mensal,2.03
2026-07-27,1980-06-01,BM12_TJOVER12,Taxa Selic Mensal,2.45
2026-07-27,1980-07-01,BM12_TJOVER12,Taxa Selic Mensal,3.21
2026-07-27,1980-08-01,BM12_TJOVER12,Taxa Selic Mensal,3.04
2026-07-27,1980-09-01,BM12_TJOVER12,Taxa Selic Mensal,3.43
2026-07-27,1980-10-01,BM12_TJOVER12,Taxa Selic Mensal,3.96
2026-07-27,1980-11-01,BM12_TJOVER12,Taxa Selic Mensal,4.04
2026-07-27,1980-12-01,BM12_TJOVER12,Taxa Selic Mensal,5.65
2026-07-27,1981-01-01,BM12_TJOVER12,Taxa Selic Mensal,5.29
2026-07-27,1981-02-01,BM12_TJOVER12,Taxa Selic Mensal,4.8
2026-07-27,1981-03-01,BM12_TJOVER12,Taxa Selic Mensal,5.05
2026-07-27,1981-04-01,BM12_TJOVER12,Taxa Selic Mensal,4.52
2026-07-27,1981-05-01,BM12_TJOVER12,Taxa Selic Mensal,5.7
2026-07-27,1981-06-01,BM12_TJOVER12,Taxa Selic Mensal,4.75
2026-07-27,1981-07-01,BM12_TJOVER12,Taxa Selic Mensal,5.6
2026-07-27,1981-08-01,BM12_TJOVER12,Taxa Selic Mensal,5.89
2026-07-27,1981-09-01,BM12_TJOVER12,Taxa Selic Mensal,5.6
2026-07-27,1981-10-01,BM12_TJOVER12,Taxa Selic Mensal,6.02
2026-07-27,1981-11-01,BM12_TJOVER12,Taxa Selic Mensal,5.5
2026-07-27,1981-12-01,BM12_TJOVER12,Taxa Selic Mensal,6.83
2026-07-27,1982-01-01,BM12_TJOVER12,Taxa Selic Mensal,6.02
2026-07-27,1982-02-01,BM12_TJOVER12,Taxa Selic Mensal,5.31
2026-07-27,1982-03-01,BM12_TJOVER12,Taxa Selic Mensal,6.56
2026-07-27,1982-04-01,BM12_TJOVER12,Taxa Selic Mensal,5.9
2026-07-27,1982-05-01,BM12_TJOVER12,Taxa Selic Mensal,6.13
2026-07-27,1982-06-01,BM12_TJOVER12,Taxa Selic Mensal,6.14
2026-07-27,1982-07-01,BM12_TJOVER12,Taxa Selic Mensal,6.61
2026-07-27,1982-08-01,BM12_TJOVER12,Taxa Selic Mensal,7.58
2026-07-27,1982-09-01,BM12_TJOVER12,Taxa Selic Mensal,6.76
2026-07-27,1982-10-01,BM12_TJOVER12,Taxa Selic Mensal,7.31
2026-07-27,1982-11-01,BM12_TJOVER12,Taxa Selic Mensal,8.15
2026-07-27,1982-12-01,BM12_TJOVER12,Taxa Selic Mensal,8.76
2026-07-27,1983-01-01,BM12_TJOVER12,Taxa Selic Mensal,7.0
2026-07-27,1983-02-01,BM12_TJOVER12,Taxa Selic Mensal,6.75
2026-07-27,1983-03-01,BM12_TJOVER12,Taxa Selic Mensal,9.43
2026-07-27,1983-04-01,BM12_TJOVER12,Taxa Selic Mensal,11.02
2026-07-27,1983-05-01,BM12_TJOVER12,Taxa Selic Mensal,11.0
2026-07-27,1983-06-01,BM12_TJOVER12,Taxa Selic Mensal,11.45
2026-07-27,1983-07-01,BM12_TJOVER12,Taxa Selic Mensal,10.65
2026-07-27,1983-08-01,BM12_TJOVER12,Taxa Selic Mensal,10.14
2026-07-27,1983-09-01,BM12_TJOVER12,Taxa Selic Mensal,9.15
2026-07-27,1983-10-01,BM12_TJOVER12,Taxa Selic Mensal,9.67
2026-07-27,1983-11-01,BM12_TJOVER12,Taxa Selic Mensal,9.39
2026-07-27,1983-12-01,BM12_TJOVER12,Taxa Selic Mensal,9.41
2026-07-27,1984-01-01,BM12_TJOVER12,Taxa Selic Mensal,10.29
2026-07-27,1984-02-01,BM12_TJOVER12,Taxa Selic Mensal,12.14
2026-07-27,1984-03-01,BM12_TJOVER12,Taxa Selic Mensal,11.26
2026-07-27,1984-04-01,BM12_TJOVER12,Taxa Selic Mensal,10.12
2026-07-27,1984-05-01,BM12_TJOVER12,Taxa Selic Mensal,9.77
2026-07-27,1984-06-01,BM12_TJOVER12,Taxa Selic Mensal,10.17
2026-07-27,1984-07-01,BM12_TJOVER12,Taxa Selic Mensal,12.06
2026-07-27,1984-08-01,BM12_TJOVER12,Taxa Selic Mensal,10.81
2026-07-27,1984-09-01,BM12_TJOVER12,Taxa Selic Mensal,11.89
2026-07-27,1984-10-01,BM12_TJOVER12,Taxa Selic Mensal,12.89
2026-07-27,1984-11-01,BM12_TJOVER12,Taxa Selic Mensal,10.86
2026-07-27,1984-12-01,BM12_TJOVER12,Taxa Selic Mensal,11.57
2026-07-27,1985-01-01,BM12_TJOVER12,Taxa Selic Mensal,13.94
2026-07-27,1985-02-01,BM12_TJOVER12,Taxa Selic Mensal,11.96
2026-07-27,1985-03-01,BM12_TJOVER12,Taxa Selic Mensal,13.09
2026-07-27,1985-04-01,BM12_TJOVER12,Taxa Selic Mensal,13.27
2026-07-27,1985-05-01,BM12_TJOVER12,Taxa Selic Mensal,12.31
2026-07-27,1985-06-01,BM12_TJOVER12,Taxa Selic Mensal,10.73
2026-07-27,1985-07-01,BM12_TJOVER12,Taxa Selic Mensal,10.03
2026-07-27,1985-08-01,BM12_TJOVER12,Taxa Selic Mensal,9.43
2026-07-27,1985-09-01,BM12_TJOVER12,Taxa Selic Mensal,10.46
2026-07-27,1985-10-01,BM12_TJOVER12,Taxa Selic Mensal,10.67
2026-07-27,1985-11-01,BM12_TJOVER12,Taxa Selic Mensal,10.46
2026-07-27,1985-12-01,BM12_TJOVER12,Taxa Selic Mensal,13.96
2026-07-27,1986-01-01,BM12_TJOVER12,Taxa Selic Mensal,16.67
2026-07-27,1986-02-01,BM12_TJOVER12,Taxa Selic Mensal,14.54
2026-07-27,1986-06-01,BM12_TJOVER12,Taxa Selic Mensal,1.27
2026-07-27,1986-07-01,BM12_TJOVER12,Taxa Selic Mensal,1.95
2026-07-27,1986-08-01,BM12_TJOVER12,Taxa Selic Mensal,2.57
2026-07-27,1986-09-01,BM12_TJOVER12,Taxa Selic Mensal,2.94
2026-07-27,1986-10-01,BM12_TJOVER12,Taxa Selic Mensal,1.96
2026-07-27,1986-11-01,BM12_TJOVER12,Taxa Selic Mensal,2.37
2026-07-27,1986-12-01,BM12_TJOVER12,Taxa Selic Mensal,5.47
2026-07-27,1987-01-01,BM12_TJOVER12,Taxa Selic Mensal,11.0
2026-07-27,1987-02-01,BM12_TJOVER12,Taxa Selic Mensal,19.61
2026-07-27,1987-03-01,BM12_TJOVER12,Taxa Selic Mensal,11.95
2026-07-27,1987-04-01,BM12_TJOVER12,Taxa Selic Mensal,15.3
2026-07-27,1987-05-01,BM12_TJOVER12,Taxa Selic Mensal,24.63
2026-07-27,1987-06-01,BM12_TJOVER12,Taxa Selic Mensal,18.02
2026-07-27,1987-07-01,BM12_TJOVER12,Taxa Selic Mensal,8.91
2026-07-27,1987-08-01,BM12_TJOVER12,Taxa Selic Mensal,8.09
2026-07-27,1987-09-01,BM12_TJOVER12,Taxa Selic Mensal,7.99
2026-07-27,1987-10-01,BM12_TJOVER12,Taxa Selic Mensal,9.45
2026-07-27,1987-11-01,BM12_TJOVER12,Taxa Selic Mensal,12.92
2026-07-27,1987-12-01,BM12_TJOVER12,Taxa Selic Mensal,14.38
2026-07-27,1988-01-01,BM12_TJOVER12,Taxa Selic Mensal,16.78
2026-07-27,1988-02-01,BM12_TJOVER12,Taxa Selic Mensal,18.35
2026-07-27,1988-03-01,BM12_TJOVER12,Taxa Selic Mensal,16.59
2026-07-27,1988-04-01,BM12_TJOVER12,Taxa Selic Mensal,20.25
2026-07-27,1988-05-01,BM12_TJOVER12,Taxa Selic Mensal,18.65
2026-07-27,1988-06-01,BM12_TJOVER12,Taxa Selic Mensal,20.17
2026-07-27,1988-07-01,BM12_TJOVER12,Taxa Selic Mensal,24.69
2026-07-27,1988-08-01,BM12_TJOVER12,Taxa Selic Mensal,22.63
2026-07-27,1988-09-01,BM12_TJOVER12,Taxa Selic Mensal,26.25
2026-07-27,1988-10-01,BM12_TJOVER12,Taxa Selic Mensal,29.79
2026-07-27,1988-11-01,BM12_TJOVER12,Taxa Selic Mensal,28.41
2026-07-27,1988-12-01,BM12_TJOVER12,Taxa Selic Mensal,30.24
2026-07-27,1989-01-01,BM12_TJOVER12,Taxa Selic Mensal,22.97
2026-07-27,1989-02-01,BM12_TJOVER12,Taxa Selic Mensal,18.95
2026-07-27,1989-03-01,BM12_TJOVER12,Taxa Selic Mensal,20.41
2026-07-27,1989-04-01,BM12_TJOVER12,Taxa Selic Mensal,11.52
2026-07-27,1989-05-01,BM12_TJOVER12,Taxa Selic Mensal,11.43
2026-07-27,1989-06-01,BM12_TJOVER12,Taxa Selic Mensal,27.29
2026-07-27,1989-07-01,BM12_TJOVER12,Taxa Selic Mensal,33.15
2026-07-27,1989-08-01,BM12_TJOVER12,Taxa Selic Mensal,35.49
2026-07-27,1989-09-01,BM12_TJOVER12,Taxa Selic Mensal,38.58
2026-07-27,1989-10-01,BM12_TJOVER12,Taxa Selic Mensal,47.7
2026-07-27,1989-11-01,BM12_TJOVER12,Taxa Selic Mensal,48.41
2026-07-27,1989-12-01,BM12_TJOVER12,Taxa Selic Mensal,64.21
2026-07-27,1990-01-01,BM12_TJOVER12,Taxa Selic Mensal,67.6
2026-07-27,1990-02-01,BM12_TJOVER12,Taxa Selic Mensal,82.04
2026-07-27,1990-03-01,BM12_TJOVER12,Taxa Selic Mensal,36.76
2026-07-27,1990-04-01,BM12_TJOVER12,Taxa Selic Mensal,4.23
2026-07-27,1990-05-01,BM12_TJOVER12,Taxa Selic Mensal,5.69
2026-07-27,1990-06-01,BM12_TJOVER12,Taxa Selic Mensal,8.73
2026-07-27,1990-07-01,BM12_TJOVER12,Taxa Selic Mensal,13.79
2026-07-27,1990-08-01,BM12_TJOVER12,Taxa Selic Mensal,11.53
2026-07-27,1990-09-01,BM12_TJOVER12,Taxa Selic Mensal,15.21
2026-07-27,1990-10-01,BM12_TJOVER12,Taxa Selic Mensal,16.49
2026-07-27,1990-11-01,BM12_TJOVER12,Taxa Selic Mensal,19.83
2026-07-27,1990-12-01,BM12_TJOVER12,Taxa Selic Mensal,22.86
2026-07-27,1991-01-01,BM12_TJOVER12,Taxa Selic Mensal,21.02
2026-07-27,1991-02-01,BM12_TJOVER12,Taxa Selic Mensal,6.85
2026-07-27,1991-03-01,BM12_TJOVER12,Taxa Selic Mensal,8.99
2026-07-27,1991-04-01,BM12_TJOVER12,Taxa Selic Mensal,9.67
2026-07-27,1991-05-01,BM12_TJOVER12,Taxa Selic Mensal,9.56
2026-07-27,1991-06-01,BM12_TJOVER12,Taxa Selic Mensal,10.32
2026-07-27,1991-07-01,BM12_TJOVER12,Taxa Selic Mensal,12.39
2026-07-27,1991-08-01,BM12_TJOVER12,Taxa Selic Mensal,15.75
2026-07-27,1991-09-01,BM12_TJOVER12,Taxa Selic Mensal,19.78
2026-07-27,1991-10-01,BM12_TJOVER12,Taxa Selic Mensal,25.95
2026-07-27,1991-11-01,BM12_TJOVER12,Taxa Selic Mensal,32.43
2026-07-27,1991-12-01,BM12_TJOVER12,Taxa Selic Mensal,31.17
2026-07-27,1992-01-01,BM12_TJOVER12,Taxa Selic Mensal,29.06
2026-07-27,1992-02-01,BM12_TJOVER12,Taxa Selic Mensal,28.76
2026-07-27,1992-03-01,BM12_TJOVER12,Taxa Selic Mensal,26.86
2026-07-27,1992-04-01,BM12_TJOVER12,Taxa Selic Mensal,23.92
2026-07-27,1992-05-01,BM12_TJOVER12,Taxa Selic Mensal,23.0
2026-07-27,1992-06-01,BM12_TJOVER12,Taxa Selic Mensal,24.28
2026-07-27,1992-07-01,BM12_TJOVER12,Taxa Selic Mensal,26.21
2026-07-27,1992-08-01,BM12_TJOVER12,Taxa Selic Mensal,25.65
2026-07-27,1992-09-01,BM12_TJOVER12,Taxa Selic Mensal,27.66
2026-07-27,1992-10-01,BM12_TJOVER12,Taxa Selic Mensal,28.18
2026-07-27,1992-11-01,BM12_TJOVER12,Taxa Selic Mensal,26.4
2026-07-27,1992-12-01,BM12_TJOVER12,Taxa Selic Mensal,25.92
2026-07-27,1993-01-01,BM12_TJOVER12,Taxa Selic Mensal,28.52
2026-07-27,1993-02-01,BM12_TJOVER12,Taxa Selic Mensal,28.9
2026-07-27,1993-03-01,BM12_TJOVER12,Taxa Selic Mensal,28.36
2026-07-27,1993-04-01,BM12_TJOVER12,Taxa Selic Mensal,30.53
2026-07-27,1993-05-01,BM12_TJOVER12,Taxa Selic Mensal,30.9
2026-07-27,1993-06-01,BM12_TJOVER12,Taxa Selic Mensal,31.91
2026-07-27,1993-07-01,BM12_TJOVER12,Taxa Selic Mensal,32.73
2026-07-27,1993-08-01,BM12_TJOVER12,Taxa Selic Mensal,34.64
2026-07-27,1993-09-01,BM12_TJOVER12,Taxa Selic Mensal,37.23
2026-07-27,1993-10-01,BM12_TJOVER12,Taxa Selic Mensal,38.4
2026-07-27,1993-11-01,BM12_TJOVER12,Taxa Selic Mensal,38.38
2026-07-27,1993-12-01,BM12_TJOVER12,Taxa Selic Mensal,40.38
2026-07-27,1994-01-01,BM12_TJOVER12,Taxa Selic Mensal,42.76
2026-07-27,1994-02-01,BM12_TJOVER12,Taxa Selic Mensal,41.99
2026-07-27,1994-03-01,BM12_TJOVER12,Taxa Selic Mensal,46.42
2026-07-27,1994-04-01,BM12_TJOVER12,Taxa Selic Mensal,46.49
2026-07-27,1994-05-01,BM12_TJOVER12,Taxa Selic Mensal,47.95
2026-07-27,1994-06-01,BM12_TJOVER12,Taxa Selic Mensal,50.62
2026-07-27,1994-07-01,BM12_TJOVER12,Taxa Selic Mensal,6.87
2026-07-27,1994-08-01,BM12_TJOVER12,Taxa Selic Mensal,4.17
2026-07-27,1994-09-01,BM12_TJOVER12,Taxa Selic Mensal,3.83
2026-07-27,1994-10-01,BM12_TJOVER12,Taxa Selic Mensal,3.62
2026-07-27,1994-11-01,BM12_TJOVER12,Taxa Selic Mensal,4.07
2026-07-27,1994-12-01,BM12_TJOVER12,Taxa Selic Mensal,3.8
2026-07-27,1995-01-01,BM12_TJOVER12,Taxa Selic Mensal,3.37
2026-07-27,1995-02-01,BM12_TJOVER12,Taxa Selic Mensal,3.25
2026-07-27,1995-03-01,BM12_TJOVER12,Taxa Selic Mensal,4.26
2026-07-27,1995-04-01,BM12_TJOVER12,Taxa Selic Mensal,4.26
2026-07-27,1995-05-01,BM12_TJOVER12,Taxa Selic Mensal,4.25
2026-07-27,1995-06-01,BM12_TJOVER12,Taxa Selic Mensal,4.04
2026-07-27,1995-07-01,BM12_TJOVER12,Taxa Selic Mensal,4.02
2026-07-27,1995-08-01,BM12_TJOVER12,Taxa Selic Mensal,3.84
2026-07-27,1995-09-01,BM12_TJOVER12,Taxa Selic Mensal,3.32
2026-07-27,1995-10-01,BM12_TJOVER12,Taxa Selic Mensal,3.09
2026-07-27,1995-11-01,BM12_TJOVER12,Taxa Selic Mensal,2.88
2026-07-27,1995-12-01,BM12_TJOVER12,Taxa Selic Mensal,2.78
2026-07-27,1996-01-01,BM12_TJOVER12,Taxa Selic Mensal,2.58
2026-07-27,1996-02-01,BM12_TJOVER12,Taxa Selic Mensal,2.35
2026-07-27,1996-03-01,BM12_TJOVER12,Taxa Selic Mensal,2.22
2026-07-27,1996-04-01,BM12_TJOVER12,Taxa Selic Mensal,2.07
2026-07-27,1996-05-01,BM12_TJOVER12,Taxa Selic Mensal,2.01
2026-07-27,1996-06-01,BM12_TJOVER12,Taxa Selic Mensal,1.98
2026-07-27,1996-07-01,BM12_TJOVER12,Taxa Selic Mensal,1.93
2026-07-27,1996-08-01,BM12_TJOVER12,Taxa Selic Mensal,1.97
2026-07-27,1996-09-01,BM12_TJOVER12,Taxa Selic Mensal,1.9
2026-07-27,1996-10-01,BM12_TJOVER12,Taxa Selic Mensal,1.86
2026-07-27,1996-11-01,BM12_TJOVER12,Taxa Selic Mensal,1.8
2026-07-27,1996-12-01,BM12_TJOVER12,Taxa Selic Mensal,1.8
2026-07-27,1997-01-01,BM12_TJOVER12,Taxa Selic Mensal,1.73
2026-07-27,1997-02-01,BM12_TJOVER12,Taxa Selic Mensal,1.67
2026-07-27,1997-03-01,BM12_TJOVER12,Taxa Selic Mensal,1.64
2026-07-27,1997-04-01,BM12_TJOVER12,Taxa Selic Mensal,1.66
2026-07-27,1997-05-01,BM12_TJOVER12,Taxa Selic Mensal,1.58
2026-07-27,1997-06-01,BM12_TJOVER12,Taxa Selic Mensal,1.61
2026-07-27,1997-07-01,BM12_TJOVER12,Taxa Selic Mensal,1.6
2026-07-27,1997-08-01,BM12_TJOVER12,Taxa Selic Mensal,1.59
2026-07-27,1997-09-01,BM12_TJOVER12,Taxa Selic Mensal,1.59
2026-07-27,1997-10-01,BM12_TJOVER12,Taxa Selic Mensal,1.67
2026-07-27,1997-11-01,BM12_TJOVER12,Taxa Selic Mensal,3.04
2026-07-27,1997-12-01,BM12_TJOVER12,Taxa Selic Mensal,2.97
2026-07-27,1998-01-01,BM12_TJOVER12,Taxa Selic Mensal,2.67
2026-07-27,1998-02-01,BM12_TJOVER12,Taxa Selic Mensal,2.13
2026-07-27,1998-03-01,BM12_TJOVER12,Taxa Selic Mensal,2.2
2026-07-27,1998-04-01,BM12_TJOVER12,Taxa Selic Mensal,1.71
2026-07-27,1998-05-01,BM12_TJOVER12,Taxa Selic Mensal,1.63
2026-07-27,1998-06-01,BM12_TJOVER12,Taxa Selic Mensal,1.6
2026-07-27,1998-07-01,BM12_TJOVER12,Taxa Selic Mensal,1.7
2026-07-27,1998-08-01,BM12_TJOVER12,Taxa Selic Mensal,1.48
2026-07-27,1998-09-01,BM12_TJOVER12,Taxa Selic Mensal,2.49
2026-07-27,1998-10-01,BM12_TJOVER12,Taxa Selic Mensal,2.94
2026-07-27,1998-11-01,BM12_TJOVER12,Taxa Selic Mensal,2.63
2026-07-27,1998-12-01,BM12_TJOVER12,Taxa Selic Mensal,2.4
2026-07-27,1999-01-01,BM12_TJOVER12,Taxa Selic Mensal,2.18
2026-07-27,1999-02-01,BM12_TJOVER12,Taxa Selic Mensal,2.38
2026-07-27,1999-03-01,BM12_TJOVER12,Taxa Selic Mensal,3.33
2026-07-27,1999-04-01,BM12_TJOVER12,Taxa Selic Mensal,2.35
2026-07-27,1999-05-01,BM12_TJOVER12,Taxa Selic Mensal,2.02
2026-07-27,1999-06-01,BM12_TJOVER12,Taxa Selic Mensal,1.67
2026-07-27,1999-07-01,BM12_TJOVER12,Taxa Selic Mensal,1.66
2026-07-27,1999-08-01,BM12_TJOVER12,Taxa Selic Mensal,1.57
2026-07-27,1999-09-01,BM12_TJOVER12,Taxa Selic Mensal,1.49
2026-07-27,1999-10-01,BM12_TJOVER12,Taxa Selic Mensal,1.38
2026-07-27,1999-11-01,BM12_TJOVER12,Taxa Selic Mensal,1.39
2026-07-27,1999-12-01,BM12_TJOVER12,Taxa Selic Mensal,1.6
2026-07-27,2000-01-01,BM12_TJOVER12,Taxa Selic Mensal,1.46
2026-07-27,2000-02-01,BM12_TJOVER12,Taxa Selic Mensal,1.45
2026-07-27,2000-03-01,BM12_TJOVER12,Taxa Selic Mensal,1.45
2026-07-27,2000-04-01,BM12_TJOVER12,Taxa Selic Mensal,1.3
2026-07-27,2000-05-01,BM12_TJOVER12,Taxa Selic Mensal,1.49
2026-07-27,2000-06-01,BM12_TJOVER12,Taxa Selic Mensal,1.39
2026-07-27,2000-07-01,BM12_TJOVER12,Taxa Selic Mensal,1.31
2026-07-27,2000-08-01,BM12_TJOVER12,Taxa Selic Mensal,1.41
2026-07-27,2000-09-01,BM12_TJOVER12,Taxa Selic Mensal,1.22
2026-07-27,2000-10-01,BM12_TJOVER12,Taxa Selic Mensal,1.29
2026-07-27,2000-11-01,BM12_TJOVER12,Taxa Selic Mensal,1.22
2026-07-27,2000-12-01,BM12_TJOVER12,Taxa Selic Mensal,1.2
2026-07-27,2001-01-01,BM12_TJOVER12,Taxa Selic Mensal,1.27
2026-07-27,2001-02-01,BM12_TJOVER12,Taxa Selic Mensal,1.02
2026-07-27,2001-03-01,BM12_TJOVER12,Taxa Selic Mensal,1.26
2026-07-27,2001-04-01,BM12_TJOVER12,Taxa Selic Mensal,1.19
2026-07-27,2001-05-01,BM12_TJOVER12,Taxa Selic Mensal,1.34
2026-07-27,2001-06-01,BM12_TJOVER12,Taxa Selic Mensal,1.27
2026-07-27,2001-07-01,BM12_TJOVER12,Taxa Selic Mensal,1.5
2026-07-27,2001-08-01,BM12_TJOVER12,Taxa Selic Mensal,1.6
2026-07-27,2001-09-01,BM12_TJOVER12,Taxa Selic Mensal,1.32
2026-07-27,2001-10-01,BM12_TJOVER12,Taxa Selic Mensal,1.53
2026-07-27,2001-11-01,BM12_TJOVER12,Taxa Selic Mensal,1.39
2026-07-27,2001-12-01,BM12_TJOVER12,Taxa Selic Mensal,1.39
2026-07-27,2002-01-01,BM12_TJOVER12,Taxa Selic Mensal,1.53
2026-07-27,2002-02-01,BM12_TJOVER12,Taxa Selic Mensal,1.25
2026-07-27,2002-03-01,BM12_TJOVER12,Taxa Selic Mensal,1.37
2026-07-27,2002-04-01,BM12_TJOVER12,Taxa Selic Mensal,1.48
2026-07-27,2002-05-01,BM12_TJOVER12,Taxa Selic Mensal,1.41
2026-07-27,2002-06-01,BM12_TJOVER12,Taxa Selic Mensal,1.33
2026-07-27,2002-07-01,BM12_TJOVER12,Taxa Selic Mensal,1.54
2026-07-27,2002-08-01,BM12_TJOVER12,Taxa Selic Mensal,1.44
2026-07-27,2002-09-01,BM12_TJOVER12,Taxa Selic Mensal,1.38
2026-07-27,2002-10-01,BM12_TJOVER12,Taxa Selic Mensal,1.65
2026-07-27,2002-11-01,BM12_TJOVER12,Taxa Selic Mensal,1.54
2026-07-27,2002-12-01,BM12_TJOVER12,Taxa Selic Mensal,1.74
2026-07-27,2003-01-01,BM12_TJOVER12,Taxa Selic Mensal,1.97
2026-07-27,2003-02-01,BM12_TJOVER12,Taxa Selic Mensal,1.83
2026-07-27,2003-03-01,BM12_TJOVER12,Taxa Selic Mensal,1.78
2026-07-27,2003-04-01,BM12_TJOVER12,Taxa Selic Mensal,1.87
2026-07-27,2003-05-01,BM12_TJOVER12,Taxa Selic Mensal,1.97
2026-07-27,2003-06-01,BM12_TJOVER12,Taxa Selic Mensal,1.86
2026-07-27,2003-07-01,BM12_TJOVER12,Taxa Selic Mensal,2.08
2026-07-27,2003-08-01,BM12_TJOVER12,Taxa Selic Mensal,1.77
2026-07-27,2003-09-01,BM12_TJOVER12,Taxa Selic Mensal,1.68
2026-07-27,2003-10-01,BM12_TJOVER12,Taxa Selic Mensal,1.64
2026-07-27,2003-11-01,BM12_TJOVER12,Taxa Selic Mensal,1.34
2026-07-27,2003-12-01,BM12_TJOVER12,Taxa Selic Mensal,1.37
2026-07-27,2004-01-01,BM12_TJOVER12,Taxa Selic Mensal,1.27
2026-07-27,2004-02-01,BM12_TJOVER12,Taxa Selic Mensal,1.08
2026-07-27,2004-03-01,BM12_TJOVER12,Taxa Selic Mensal,1.38
2026-07-27,2004-04-01,BM12_TJOVER12,Taxa Selic Mensal,1.18
2026-07-27,2004-05-01,BM12_TJOVER12,Taxa Selic Mensal,1.23
2026-07-27,2004-06-01,BM12_TJOVER12,Taxa Selic Mensal,1.23
2026-07-27,2004-07-01,BM12_TJOVER12,Taxa Selic Mensal,1.29
2026-07-27,2004-08-01,BM12_TJOVER12,Taxa Selic Mensal,1.29
2026-07-27,2004-09-01,BM12_TJOVER12,Taxa Selic Mensal,1.25
2026-07-27,2004-10-01,BM12_TJOVER12,Taxa Selic Mensal,1.21
2026-07-27,2004-11-01,BM12_TJOVER12,Taxa Selic Mensal,1.25
2026-07-27,2004-12-01,BM12_TJOVER12,Taxa Selic Mensal,1.48
2026-07-27,2005-01-01,BM12_TJOVER12,Taxa Selic Mensal,1.38
2026-07-27,2005-02-01,BM12_TJOVER12,Taxa Selic Mensal,1.22
2026-07-27,2005-03-01,BM12_TJOVER12,Taxa Selic Mensal,1.53
2026-07-27,2005-04-01,BM12_TJOVER12,Taxa Selic Mensal,1.41
2026-07-27,2005-05-01,BM12_TJOVER12,Taxa Selic Mensal,1.5
2026-07-27,2005-06-01,BM12_TJOVER12,Taxa Selic Mensal,1.59
2026-07-27,2005-07-01,BM12_TJOVER12,Taxa Selic Mensal,1.51
2026-07-27,2005-08-01,BM12_TJOVER12,Taxa Selic Mensal,1.66
2026-07-27,2005-09-01,BM12_TJOVER12,Taxa Selic Mensal,1.5
2026-07-27,2005-10-01,BM12_TJOVER12,Taxa Selic Mensal,1.41
2026-07-27,2005-11-01,BM12_TJOVER12,Taxa Selic Mensal,1.38
2026-07-27,2005-12-01,BM12_TJOVER12,Taxa Selic Mensal,1.47
2026-07-27,2006-01-01,BM12_TJOVER12,Taxa Selic Mensal,1.43
2026-07-27,2006-02-01,BM12_TJOVER12,Taxa Selic Mensal,1.15
2026-07-27,2006-03-01,BM12_TJOVER12,Taxa Selic Mensal,1.42
2026-07-27,2006-04-01,BM12_TJOVER12,Taxa Selic Mensal,1.08
2026-07-27,2006-05-01,BM12_TJOVER12,Taxa Selic Mensal,1.28
2026-07-27,2006-06-01,BM12_TJOVER12,Taxa Selic Mensal,1.18
2026-07-27,2006-07-01,BM12_TJOVER12,Taxa Selic Mensal,1.17
2026-07-27,2006-08-01,BM12_TJOVER12,Taxa Selic Mensal,1.26
2026-07-27,2006-09-01,BM12_TJOVER12,Taxa Selic Mensal,1.06
2026-07-27,2006-10-01,BM12_TJOVER12,Taxa Selic Mensal,1.09
2026-07-27,2006-11-01,BM12_TJOVER12,Taxa Selic Mensal,1.02
2026-07-27,2006-12-01,BM12_TJOVER12,Taxa Selic Mensal,0.99
2026-07-27,2007-01-01,BM12_TJOVER12,Taxa Selic Mensal,1.08
2026-07-27,2007-02-01,BM12_TJOVER12,Taxa Selic Mensal,0.87
2026-07-27,2007-03-01,BM12_TJOVER12,Taxa Selic Mensal,1.05
2026-07-27,2007-04-01,BM12_TJOVER12,Taxa Selic Mensal,0.94
2026-07-27,2007-05-01,BM12_TJOVER12,Taxa Selic Mensal,1.03
2026-07-27,2007-06-01,BM12_TJOVER12,Taxa Selic Mensal,0.91
2026-07-27,2007-07-01,BM12_TJOVER12,Taxa Selic Mensal,0.97
2026-07-27,2007-08-01,BM12_TJOVER12,Taxa Selic Mensal,0.99
2026-07-27,2007-09-01,BM12_TJOVER12,Taxa Selic Mensal,0.8
2026-07-27,2007-10-01,BM12_TJOVER12,Taxa Selic Mensal,0.93
2026-07-27,2007-11-01,BM12_TJOVER12,Taxa Selic Mensal,0.84
2026-07-27,2007-12-01,BM12_TJOVER12,Taxa Selic Mensal,0.84
2026-07-27,2008-01-01,BM12_TJOVER12,Taxa Selic Mensal,0.93
2026-07-27,2008-02-01,BM12_TJOVER12,Taxa Selic Mensal,0.8
2026-07-27,2008-03-01,BM12_TJOVER12,Taxa Selic Mensal,0.84
2026-07-27,2008-04-01,BM12_TJOVER12,Taxa Selic Mensal,0.9
2026-07-27,2008-05-01,BM12_TJOVER12,Taxa Selic Mensal,0.88
2026-07-27,2008-06-01,BM12_TJOVER12,Taxa Selic Mensal,0.96
2026-07-27,2008-07-01,BM12_TJOVER12,Taxa Selic Mensal,1.07
2026-07-27,2008-08-01,BM12_TJOVER12,Taxa Selic Mensal,1.02
2026-07-27,2008-09-01,BM12_TJOVER12,Taxa Selic Mensal,1.1
2026-07-27,2008-10-01,BM12_TJOVER12,Taxa Selic Mensal,1.18
2026-07-27,2008-11-01,BM12_TJOVER12,Taxa Selic Mensal,1.02
2026-07-27,2008-12-01,BM12_TJOVER12,Taxa Selic Mensal,1.12
2026-07-27,2009-01-01,BM12_TJOVER12,Taxa Selic Mensal,1.05
2026-07-27,2009-02-01,BM12_TJOVER12,Taxa Selic Mensal,0.86
2026-07-27,2009-03-01,BM12_TJOVER12,Taxa Selic Mensal,0.97
2026-07-27,2009-04-01,BM12_TJOVER12,Taxa Selic Mensal,0.84
2026-07-27,2009-05-01,BM12_TJOVER12,Taxa Selic Mensal,0.77
2026-07-27,2009-06-01,BM12_TJOVER12,Taxa Selic Mensal,0.76
2026-07-27,2009-07-01,BM12_TJOVER12,Taxa Selic Mensal,0.79
2026-07-27,2009-08-01,BM12_TJOVER12,Taxa Selic Mensal,0.69
2026-07-27,2009-09-01,BM12_TJOVER12,Taxa Selic Mensal,0.69
2026-07-27,2009-10-01,BM12_TJOVER12,Taxa Selic Mensal,0.69
2026-07-27,2009-11-01,BM12_TJOVER12,Taxa Selic Mensal,0.66
2026-07-27,2009-12-01,BM12_TJOVER12,Taxa Selic Mensal,0.73
2026-07-27,2010-01-01,BM12_TJOVER12,Taxa Selic Mensal,0.66
2026-07-27,2010-02-01,BM12_TJOVER12,Taxa Selic Mensal,0.59
2026-07-27,2010-03-01,BM12_TJOVER12,Taxa Selic Mensal,0.76
2026-07-27,2010-04-01,BM12_TJOVER12,Taxa Selic Mensal,0.67
2026-07-27,2010-05-01,BM12_TJOVER12,Taxa Selic Mensal,0.75
2026-07-27,2010-06-01,BM12_TJOVER12,Taxa Selic Mensal,0.79
2026-07-27,2010-07-01,BM12_TJOVER12,Taxa Selic Mensal,0.86
2026-07-27,2010-08-01,BM12_TJOVER12,Taxa Selic Mensal,0.89
2026-07-27,2010-09-01,BM12_TJOVER12,Taxa Selic Mensal,0.85
2026-07-27,2010-10-01,BM12_TJOVER12,Taxa Selic Mensal,0.81
2026-07-27,2010-11-01,BM12_TJOVER12,Taxa Selic Mensal,0.81
2026-07-27,2010-12-01,BM12_TJOVER12,Taxa Selic Mensal,0.93
2026-07-27,2011-01-01,BM12_TJOVER12,Taxa Selic Mensal,0.86
2026-07-27,2011-02-01,BM12_TJOVER12,Taxa Selic Mensal,0.84
2026-07-27,2011-03-01,BM12_TJOVER12,Taxa Selic Mensal,0.92
2026-07-27,2011-04-01,BM12_TJOVER12,Taxa Selic Mensal,0.84
2026-07-27,2011-05-01,BM12_TJOVER12,Taxa Selic Mensal,0.99
2026-07-27,2011-06-01,BM12_TJOVER12,Taxa Selic Mensal,0.96
2026-07-27,2011-07-01,BM12_TJOVER12,Taxa Selic Mensal,0.97
2026-07-27,2011-08-01,BM12_TJOVER12,Taxa Selic Mensal,1.07
2026-07-27,2011-09-01,BM12_TJOVER12,Taxa Selic Mensal,0.94
2026-07-27,2011-10-01,BM12_TJOVER12,Taxa Selic Mensal,0.88
2026-07-27,2011-11-01,BM12_TJOVER12,Taxa Selic Mensal,0.86
2026-07-27,2011-12-01,BM12_TJOVER12,Taxa Selic Mensal,0.91
2026-07-27,2012-01-01,BM12_TJOVER12,Taxa Selic Mensal,0.89
2026-07-27,2012-02-01,BM12_TJOVER12,Taxa Selic Mensal,0.75
2026-07-27,2012-03-01,BM12_TJOVER12,Taxa Selic Mensal,0.82
2026-07-27,2012-04-01,BM12_TJOVER12,Taxa Selic Mensal,0.71
2026-07-27,2012-05-01,BM12_TJOVER12,Taxa Selic Mensal,0.74
2026-07-27,2012-06-01,BM12_TJOVER12,Taxa Selic Mensal,0.64
2026-07-27,2012-07-01,BM12_TJOVER12,Taxa Selic Mensal,0.68
2026-07-27,2012-08-01,BM12_TJOVER12,Taxa Selic Mensal,0.69
2026-07-27,2012-09-01,BM12_TJOVER12,Taxa Selic Mensal,0.54
2026-07-27,2012-10-01,BM12_TJOVER12,Taxa Selic Mensal,0.61
2026-07-27,2012-11-01,BM12_TJOVER12,Taxa Selic Mensal,0.55
2026-07-27,2012-12-01,BM12_TJOVER12,Taxa Selic Mensal,0.55
2026-07-27,2013-01-01,BM12_TJOVER12,Taxa Selic Mensal,0.6
2026-07-27,2013-02-01,BM12_TJOVER12,Taxa Selic Mensal,0.49
2026-07-27,2013-03-01,BM12_TJOVER12,Taxa Selic Mensal,0.55
2026-07-27,2013-04-01,BM12_TJOVER12,Taxa Selic Mensal,0.61
2026-07-27,2013-05-01,BM12_TJOVER12,Taxa Selic Mensal,0.6
2026-07-27,2013-06-01,BM12_TJOVER12,Taxa Selic Mensal,0.61
2026-07-27,2013-07-01,BM12_TJOVER12,Taxa Selic Mensal,0.72
2026-07-27,2013-08-01,BM12_TJOVER12,Taxa Selic Mensal,0.71
2026-07-27,2013-09-01,BM12_TJOVER12,Taxa Selic Mensal,0.71
2026-07-27,2013-10-01,BM12_TJOVER12,Taxa Selic Mensal,0.81
2026-07-27,2013-11-01,BM12_TJOVER12,Taxa Selic Mensal,0.72
2026-07-27,2013-12-01,BM12_TJOVER12,Taxa Selic Mensal,0.79
2026-07-27,2014-01-01,BM12_TJOVER12,Taxa Selic Mensal,0.85
2026-07-27,2014-02-01,BM12_TJOVER12,Taxa Selic Mensal,0.79
2026-07-27,2014-03-01,BM12_TJOVER12,Taxa Selic Mensal,0.77
2026-07-27,2014-04-01,BM12_TJOVER12,Taxa Selic Mensal,0.82
2026-07-27,2014-05-01,BM12_TJOVER12,Taxa Selic Mensal,0.87
2026-07-27,2014-06-01,BM12_TJOVER12,Taxa Selic Mensal,0.82
2026-07-27,2014-07-01,BM12_TJOVER12,Taxa Selic Mensal,0.95
2026-07-27,2014-08-01,BM12_TJOVER12,Taxa Selic Mensal,0.87
2026-07-27,2014-09-01,BM12_TJOVER12,Taxa Selic Mensal,0.91
2026-07-27,2014-10-01,BM12_TJOVER12,Taxa Selic Mensal,0.95
2026-07-27,2014-11-01,BM12_TJOVER12,Taxa Selic Mensal,0.84
2026-07-27,2014-12-01,BM12_TJOVER12,Taxa Selic Mensal,0.96
2026-07-27,2015-01-01,BM12_TJOVER12,Taxa Selic Mensal,0.94
2026-07-27,2015-02-01,BM12_TJOVER12,Taxa Selic Mensal,0.82
2026-07-27,2015-03-01,BM12_TJOVER12,Taxa Selic Mensal,1.04
2026-07-27,2015-04-01,BM12_TJOVER12,Taxa Selic Mensal,0.95
2026-07-27,2015-05-01,BM12_TJOVER12,Taxa Selic Mensal,0.99
2026-07-27,2015-06-01,BM12_TJOVER12,Taxa Selic Mensal,1.07
2026-07-27,2015-07-01,BM12_TJOVER12,Taxa Selic Mensal,1.18
2026-07-27,2015-08-01,BM12_TJOVER12,Taxa Selic Mensal,1.11
2026-07-27,2015-09-01,BM12_TJOVER12,Taxa Selic Mensal,1.11
2026-07-27,2015-10-01,BM12_TJOVER12,Taxa Selic Mensal,1.11
2026-07-27,2015-11-01,BM12_TJOVER12,Taxa Selic Mensal,1.06
2026-07-27,2015-12-01,BM12_TJOVER12,Taxa Selic Mensal,1.16
2026-07-27,2016-01-01,BM12_TJOVER12,Taxa Selic Mensal,1.06
2026-07-27,2016-02-01,BM12_TJOVER12,Taxa Selic Mensal,1.0
2026-07-27,2016-03-01,BM12_TJOVER12,Taxa Selic Mensal,1.16
2026-07-27,2016-04-01,BM12_TJOVER12,Taxa Selic Mensal,1.06
2026-07-27,2016-05-01,BM12_TJOVER12,Taxa Selic Mensal,1.11
2026-07-27,2016-06-01,BM12_TJOVER12,Taxa Selic Mensal,1.16
2026-07-27,2016-07-01,BM12_TJOVER12,Taxa Selic Mensal,1.11
2026-07-27,2016-08-01,BM12_TJOVER12,Taxa Selic Mensal,1.22
2026-07-27,2016-09-01,BM12_TJOVER12,Taxa Selic Mensal,1.11
2026-07-27,2016-10-01,BM12_TJOVER12,Taxa Selic Mensal,1.05
2026-07-27,2016-11-01,BM12_TJOVER12,Taxa Selic Mensal,1.04
2026-07-27,2016-12-01,BM12_TJOVER12,Taxa Selic Mensal,1.12
2026-07-27,2017-01-01,BM12_TJOVER12,Taxa Selic Mensal,1.09
2026-07-27,2017-02-01,BM12_TJOVER12,Taxa Selic Mensal,0.87
2026-07-27,2017-03-01,BM12_TJOVER12,Taxa Selic Mensal,1.05
2026-07-27,2017-04-01,BM12_TJOVER12,Taxa Selic Mensal,0.79
2026-07-27,2017-05-01,BM12_TJOVER12,Taxa Selic Mensal,0.93
2026-07-27,2017-06-01,BM12_TJOVER12,Taxa Selic Mensal,0.81
2026-07-27,2017-07-01,BM12_TJOVER12,Taxa Selic Mensal,0.8
2026-07-27,2017-08-01,BM12_TJOVER12,Taxa Selic Mensal,0.8
2026-07-27,2017-09-01,BM12_TJOVER12,Taxa Selic Mensal,0.64
2026-07-27,2017-10-01,BM12_TJOVER12,Taxa Selic Mensal,0.64
2026-07-27,2017-11-01,BM12_TJOVER12,Taxa Selic Mensal,0.57
2026-07-27,2017-12-01,BM12_TJOVER12,Taxa Selic Mensal,0.54
2026-07-27,2018-01-01,BM12_TJOVER12,Taxa Selic Mensal,0.58
2026-07-27,2018-02-01,BM12_TJOVER12,Taxa Selic Mensal,0.47
2026-07-27,2018-03-01,BM12_TJOVER12,Taxa Selic Mensal,0.53
2026-07-27,2018-04-01,BM12_TJOVER12,Taxa Selic Mensal,0.52
2026-07-27,2018-05-01,BM12_TJOVER12,Taxa Selic Mensal,0.52
2026-07-27,2018-06-01,BM12_TJOVER12,Taxa Selic Mensal,0.52
2026-07-27,2018-07-01,BM12_TJOVER12,Taxa Selic Mensal,0.54
2026-07-27,2018-08-01,BM12_TJOVER12,Taxa Selic Mensal,0.57
2026-07-27,2018-09-01,BM12_TJOVER12,Taxa Selic Mensal,0.47
2026-07-27,2018-10-01,BM12_TJOVER12,Taxa Selic Mensal,0.54
2026-07-27,2018-11-01,BM12_TJOVER12,Taxa Selic Mensal,0.49
2026-07-27,2018-12-01,BM12_TJOVER12,Taxa Selic Mensal,0.49
2026-07-27,2019-01-01,BM12_TJOVER12,Taxa Selic Mensal,0.54
2026-07-27,2019-02-01,BM12_TJOVER12,Taxa Selic Mensal,0.49
2026-07-27,2019-03-01,BM12_TJOVER12,Taxa Selic Mensal,0.47
2026-07-27,2019-04-01,BM12_TJOVER12,Taxa Selic Mensal,0.52
2026-07-27,2019-05-01,BM12_TJOVER12,Taxa Selic Mensal,0.54
2026-07-27,2019-06-01,BM12_TJOVER12,Taxa Selic Mensal,0.47
2026-07-27,2019-07-01,BM12_TJOVER12,Taxa Selic Mensal,0.57
2026-07-27,2019-08-01,BM12_TJOVER12,Taxa Selic Mensal,0.5
2026-07-27,2019-09-01,BM12_TJOVER12,Taxa Selic Mensal,0.46
2026-07-27,2019-10-01,BM12_TJOVER12,Taxa Selic Mensal,0.48
2026-07-27,2019-11-01,BM12_TJOVER12,Taxa Selic Mensal,0.38
2026-07-27,2019-12-01,BM12_TJOVER12,Taxa Selic Mensal,0.37
2026-07-27,2020-01-01,BM12_TJOVER12,Taxa Selic Mensal,0.38
2026-07-27,2020-02-01,BM12_TJOVER12,Taxa Selic Mensal,0.29
2026-07-27,2020-03-01,BM12_TJOVER12,Taxa Selic Mensal,0.34
2026-07-27,2020-04-01,BM12_TJOVER12,Taxa Selic Mensal,0.28
2026-07-27,2020-05-01,BM12_TJOVER12,Taxa Selic Mensal,0.24
2026-07-27,2020-06-01,BM12_TJOVER12,Taxa Selic Mensal,0.21
2026-07-27,2020-07-01,BM12_TJOVER12,Taxa Selic Mensal,0.19
2026-07-27,2020-08-01,BM12_TJOVER12,Taxa Selic Mensal,0.16
2026-07-27,2020-09-01,BM12_TJOVER12,Taxa Selic Mensal,0.16
2026-07-27,2020-10-01,BM12_TJOVER12,Taxa Selic Mensal,0.16
2026-07-27,2020-11-01,BM12_TJOVER12,Taxa Selic Mensal,0.15
2026-07-27,2020-12-01,BM12_TJOVER12,Taxa Selic Mensal,0.16
2026-07-27,2021-01-01,BM12_TJOVER12,Taxa Selic Mensal,0.15
2026-07-27,2021-02-01,BM12_TJOVER12,Taxa Selic Mensal,0.13
2026-07-27,2021-03-01,BM12_TJOVER12,Taxa Selic Mensal,0.2
2026-07-27,2021-04-01,BM12_TJOVER12,Taxa Selic Mensal,0.21
2026-07-27,2021-05-01,BM12_TJOVER12,Taxa Selic Mensal,0.27
2026-07-27,2021-06-01,BM12_TJOVER12,Taxa Selic Mensal,0.31
2026-07-27,2021-07-01,BM12_TJOVER12,Taxa Selic Mensal,0.36
2026-07-27,2021-08-01,BM12_TJOVER12,Taxa Selic Mensal,0.43
2026-07-27,2021-09-01,BM12_TJOVER12,Taxa Selic Mensal,0.44
2026-07-27,2021-10-01,BM12_TJOVER12,Taxa Selic Mensal,0.49
2026-07-27,2021-11-01,BM12_TJOVER12,Taxa Selic Mensal,0.59
2026-07-27,2021-12-01,BM12_TJOVER12,Taxa Selic Mensal,0.77
2026-07-27,2022-01-01,BM12_TJOVER12,Taxa Selic Mensal,0.73
2026-07-27,2022-02-01,BM12_TJOVER12,Taxa Selic Mensal,0.76
2026-07-27,2022-03-01,BM12_TJOVER12,Taxa Selic Mensal,0.93
2026-07-27,2022-04-01,BM12_TJOVER12,Taxa Selic Mensal,0.83
2026-07-27,2022-05-01,BM12_TJOVER12,Taxa Selic Mensal,1.03
2026-07-27,2022-06-01,BM12_TJOVER12,Taxa Selic Mensal,1.02
2026-07-27,2022-07-01,BM12_TJOVER12,Taxa Selic Mensal,1.03
2026-07-27,2022-08-01,BM12_TJOVER12,Taxa Selic Mensal,1.17
2026-07-27,2022-09-01,BM12_TJOVER12,Taxa Selic Mensal,1.07
2026-07-27,2022-10-01,BM12_TJOVER12,Taxa Selic Mensal,1.02
2026-07-27,2022-11-01,BM12_TJOVER12,Taxa Selic Mensal,1.02
2026-07-27,2022-12-01,BM12_TJOVER12,Taxa Selic Mensal,1.12
2026-07-27,2023-01-01,BM12_TJOVER12,Taxa Selic Mensal,1.12
2026-07-27,2023-02-01,BM12_TJOVER12,Taxa Selic Mensal,0.92
2026-07-27,2023-03-01,BM12_TJOVER12,Taxa Selic Mensal,1.17
2026-07-27,2023-04-01,BM12_TJOVER12,Taxa Selic Mensal,0.92
2026-07-27,2023-05-01,BM12_TJOVER12,Taxa Selic Mensal,1.12
2026-07-27,2023-06-01,BM12_TJOVER12,Taxa Selic Mensal,1.07
2026-07-27,2023-07-01,BM12_TJOVER12,Taxa Selic Mensal,1.07
2026-07-27,2023-08-01,BM12_TJOVER12,Taxa Selic Mensal,1.14
2026-07-27,2023-09-01,BM12_TJOVER12,Taxa Selic Mensal,0.97
2026-07-27,2023-10-01,BM12_TJOVER12,Taxa Selic Mensal,1.0
2026-07-27,2023-11-01,BM12_TJOVER12,Taxa Selic Mensal,0.92
2026-07-27,2023-12-01,BM12_TJOVER12,Taxa Selic Mensal,0.89
2026-07-27,2024-01-01,BM12_TJOVER12,Taxa Selic Mensal,0.97
2026-07-27,2024-02-01,BM12_TJOVER12,Taxa Selic Mensal,0.8
2026-07-27,2024-03-01,BM12_TJOVER12,Taxa Selic Mensal,0.83
2026-07-27,2024-04-01,BM12_TJOVER12,Taxa Selic Mensal,0.89
2026-07-27,2024-05-01,BM12_TJOVER12,Taxa Selic Mensal,0.83
2026-07-27,2024-06-01,BM12_TJOVER12,Taxa Selic Mensal,0.79
2026-07-27,2024-07-01,BM12_TJOVER12,Taxa Selic Mensal,0.91
2026-07-27,2024-08-01,BM12_TJOVER12,Taxa Selic Mensal,0.87
2026-07-27,2024-09-01,BM12_TJOVER12,Taxa Selic Mensal,0.84
2026-07-27,2024-10-01,BM12_TJOVER12,Taxa Selic Mensal,0.93
2026-07-27,2024-11-01,BM12_TJOVER12,Taxa Selic Mensal,0.79
2026-07-27,2024-12-01,BM12_TJOVER12,Taxa Selic Mensal,0.93
2026-07-27,2025-01-01,BM12_TJOVER12,Taxa Selic Mensal,1.01
2026-07-27,2025-02-01,BM12_TJOVER12,Taxa Selic Mensal,0.99
2026-07-27,2025-03-01,BM12_TJOVER12,Taxa Selic Mensal,0.96
2026-07-27,2025-04-01,BM12_TJOVER12,Taxa Selic Mensal,1.06
2026-07-27,2025-05-01,BM12_TJOVER12,Taxa Selic Mensal,1.14
2026-07-27,2025-06-01,BM12_TJOVER12,Taxa Selic Mensal,1.1
2026-07-27,2025-07-01,BM12_TJOVER12,Taxa Selic Mensal,1.28
2026-07-27,2025-08-01,BM12_TJOVER12,Taxa Selic Mensal,1.16
2026-07-27,2025-09-01,BM12_TJOVER12,Taxa Selic Mensal,1.22
2026-07-27,2025-10-01,BM12_TJOVER12,Taxa Selic Mensal,1.28
2026-07-27,2025-11-01,BM12_TJOVER12,Taxa Selic Mensal,1.05
2026-07-27,2025-12-01,BM12_TJOVER12,Taxa Selic Mensal,1.22
2026-07-27,2026-01-01,BM12_TJOVER12,Taxa Selic Mensal,1.16
2026-07-27,2026-02-01,BM12_TJOVER12,Taxa Selic Mensal,1.0
2026-07-27,2026-03-01,BM12_TJOVER12,Taxa Selic Mensal,1.21
2026-07-27,2026-04-01,BM12_TJOVER12,Taxa Selic Mensal,1.09
2026-07-27,2026-05-01,BM12_TJOVER12,Taxa Selic Mensal,1.07
2026-07-27,2026-06-01,BM12_TJOVER12,Taxa Selic Mensal,1.12
2026-07-27,2026-07-01,BM12_TJOVER12,Taxa Selic Mensal,0.95
2026-07-27,1995-07-01,BM12_TJTBF12,Taxa TBF,3.98
2026-07-27,1995-08-01,BM12_TJTBF12,Taxa TBF,3.84
2026-07-27,1995-09-01,BM12_TJTBF12,Taxa TBF,3.16
2026-07-27,1995-10-01,BM12_TJTBF12,Taxa TBF,2.98
2026-07-27,1995-11-01,BM12_TJTBF12,Taxa TBF,2.76
2026-07-27,1995-12-01,BM12_TJTBF12,Taxa TBF,2.66
2026-07-27,1996-01-01,BM12_TJTBF12,Taxa TBF,2.57
2026-07-27,1996-02-01,BM12_TJTBF12,Taxa TBF,2.28
2026-07-27,1996-03-01,BM12_TJTBF12,Taxa TBF,2.12
2026-07-27,1996-04-01,BM12_TJTBF12,Taxa TBF,1.97
2026-07-27,1996-05-01,BM12_TJTBF12,Taxa TBF,1.93
2026-07-27,1996-06-01,BM12_TJTBF12,Taxa TBF,1.82
2026-07-27,1996-07-01,BM12_TJTBF12,Taxa TBF,1.84
2026-07-27,1996-08-01,BM12_TJTBF12,Taxa TBF,1.84
2026-07-27,1996-09-01,BM12_TJTBF12,Taxa TBF,1.82
2026-07-27,1996-10-01,BM12_TJTBF12,Taxa TBF,1.8
2026-07-27,1996-11-01,BM12_TJTBF12,Taxa TBF,1.77
2026-07-27,1996-12-01,BM12_TJTBF12,Taxa TBF,1.73
2026-07-27,1997-01-01,BM12_TJTBF12,Taxa TBF,1.72
2026-07-27,1997-02-01,BM12_TJTBF12,Taxa TBF,1.63
2026-07-27,1997-03-01,BM12_TJTBF12,Taxa TBF,1.59
2026-07-27,1997-04-01,BM12_TJTBF12,Taxa TBF,1.58
2026-07-27,1997-05-01,BM12_TJTBF12,Taxa TBF,1.59
2026-07-27,1997-06-01,BM12_TJTBF12,Taxa TBF,1.59
2026-07-27,1997-07-01,BM12_TJTBF12,Taxa TBF,1.61
2026-07-27,1997-08-01,BM12_TJTBF12,Taxa TBF,1.58
2026-07-27,1997-09-01,BM12_TJTBF12,Taxa TBF,1.6
2026-07-27,1997-10-01,BM12_TJTBF12,Taxa TBF,1.61
2026-07-27,1997-11-01,BM12_TJTBF12,Taxa TBF,2.7
2026-07-27,1997-12-01,BM12_TJTBF12,Taxa TBF,2.8
2026-07-27,1998-01-01,BM12_TJTBF12,Taxa TBF,2.59
2026-07-27,1998-02-01,BM12_TJTBF12,Taxa TBF,2.08
2026-07-27,1998-03-01,BM12_TJTBF12,Taxa TBF,2.26
2026-07-27,1998-04-01,BM12_TJTBF12,Taxa TBF,1.63
2026-07-27,1998-05-01,BM12_TJTBF12,Taxa TBF,1.6
2026-07-27,1998-06-01,BM12_TJTBF12,Taxa TBF,1.64
2026-07-27,1998-07-01,BM12_TJTBF12,Taxa TBF,1.65
2026-07-27,1998-08-01,BM12_TJTBF12,Taxa TBF,1.42
2026-07-27,1998-09-01,BM12_TJTBF12,Taxa TBF,1.5
2026-07-27,1998-10-01,BM12_TJTBF12,Taxa TBF,2.53
2026-07-27,1998-11-01,BM12_TJTBF12,Taxa TBF,2.41
2026-07-27,1998-12-01,BM12_TJTBF12,Taxa TBF,2.2
2026-07-27,1999-01-01,BM12_TJTBF12,Taxa TBF,1.97
2026-07-27,1999-02-01,BM12_TJTBF12,Taxa TBF,2.64
2026-07-27,1999-03-01,BM12_TJTBF12,Taxa TBF,3.01
2026-07-27,1999-04-01,BM12_TJTBF12,Taxa TBF,2.2
2026-07-27,1999-05-01,BM12_TJTBF12,Taxa TBF,2.04
2026-07-27,1999-06-01,BM12_TJTBF12,Taxa TBF,1.57
2026-07-27,1999-07-01,BM12_TJTBF12,Taxa TBF,1.54
2026-07-27,1999-08-01,BM12_TJTBF12,Taxa TBF,1.53
2026-07-27,1999-09-01,BM12_TJTBF12,Taxa TBF,1.48
2026-07-27,1999-10-01,BM12_TJTBF12,Taxa TBF,1.4
2026-07-27,1999-11-01,BM12_TJTBF12,Taxa TBF,1.35
2026-07-27,1999-12-01,BM12_TJTBF12,Taxa TBF,1.55
2026-07-27,2000-01-01,BM12_TJTBF12,Taxa TBF,1.39
2026-07-27,2000-02-01,BM12_TJTBF12,Taxa TBF,1.42
2026-07-27,2000-03-01,BM12_TJTBF12,Taxa TBF,1.4
2026-07-27,2000-04-01,BM12_TJTBF12,Taxa TBF,1.21
2026-07-27,2000-05-01,BM12_TJTBF12,Taxa TBF,1.44
2026-07-27,2000-06-01,BM12_TJTBF12,Taxa TBF,1.38
2026-07-27,2000-07-01,BM12_TJTBF12,Taxa TBF,1.27
2026-07-27,2000-08-01,BM12_TJTBF12,Taxa TBF,1.36
2026-07-27,2000-09-01,BM12_TJTBF12,Taxa TBF,1.16
2026-07-27,2000-10-01,BM12_TJTBF12,Taxa TBF,1.22
2026-07-27,2000-11-01,BM12_TJTBF12,Taxa TBF,1.19
2026-07-27,2000-12-01,BM12_TJTBF12,Taxa TBF,1.16
2026-07-27,2001-01-01,BM12_TJTBF12,Taxa TBF,1.23
2026-07-27,2001-02-01,BM12_TJTBF12,Taxa TBF,0.97
2026-07-27,2001-03-01,BM12_TJTBF12,Taxa TBF,1.2
2026-07-27,2001-04-01,BM12_TJTBF12,Taxa TBF,1.17
2026-07-27,2001-05-01,BM12_TJTBF12,Taxa TBF,1.32
2026-07-27,2001-06-01,BM12_TJTBF12,Taxa TBF,1.24
2026-07-27,2001-07-01,BM12_TJTBF12,Taxa TBF,1.44
2026-07-27,2001-08-01,BM12_TJTBF12,Taxa TBF,1.63
2026-07-27,2001-09-01,BM12_TJTBF12,Taxa TBF,1.27
2026-07-27,2001-10-01,BM12_TJTBF12,Taxa TBF,1.53
2026-07-27,2001-11-01,BM12_TJTBF12,Taxa TBF,1.34
2026-07-27,2001-12-01,BM12_TJTBF12,Taxa TBF,1.27
2026-07-27,2002-01-01,BM12_TJTBF12,Taxa TBF,1.46
2026-07-27,2002-02-01,BM12_TJTBF12,Taxa TBF,1.2
2026-07-27,2002-03-01,BM12_TJTBF12,Taxa TBF,1.3
2026-07-27,2002-04-01,BM12_TJTBF12,Taxa TBF,1.43
2026-07-27,2002-05-01,BM12_TJTBF12,Taxa TBF,1.3
2026-07-27,2002-06-01,BM12_TJTBF12,Taxa TBF,1.27
2026-07-27,2002-07-01,BM12_TJTBF12,Taxa TBF,1.48
2026-07-27,2002-08-01,BM12_TJTBF12,Taxa TBF,1.45
2026-07-27,2002-09-01,BM12_TJTBF12,Taxa TBF,1.34
2026-07-27,2002-10-01,BM12_TJTBF12,Taxa TBF,1.5
2026-07-27,2002-11-01,BM12_TJTBF12,Taxa TBF,1.48
2026-07-27,2002-12-01,BM12_TJTBF12,Taxa TBF,1.66
2026-07-27,2003-01-01,BM12_TJTBF12,Taxa TBF,1.9
2026-07-27,2003-02-01,BM12_TJTBF12,Taxa TBF,1.76
2026-07-27,2003-03-01,BM12_TJTBF12,Taxa TBF,1.69
2026-07-27,2003-04-01,BM12_TJTBF12,Taxa TBF,1.77
2026-07-27,2003-05-01,BM12_TJTBF12,Taxa TBF,1.86
2026-07-27,2003-06-01,BM12_TJTBF12,Taxa TBF,1.78
2026-07-27,2003-07-01,BM12_TJTBF12,Taxa TBF,2.03
2026-07-27,2003-08-01,BM12_TJTBF12,Taxa TBF,1.75
2026-07-27,2003-09-01,BM12_TJTBF12,Taxa TBF,1.62
2026-07-27,2003-10-01,BM12_TJTBF12,Taxa TBF,1.59
2026-07-27,2003-11-01,BM12_TJTBF12,Taxa TBF,1.31
2026-07-27,2003-12-01,BM12_TJTBF12,Taxa TBF,1.33
2026-07-27,2004-01-01,BM12_TJTBF12,Taxa TBF,1.21
2026-07-27,2004-02-01,BM12_TJTBF12,Taxa TBF,1.05
2026-07-27,2004-03-01,BM12_TJTBF12,Taxa TBF,1.31
2026-07-27,2004-04-01,BM12_TJTBF12,Taxa TBF,1.13
2026-07-27,2004-05-01,BM12_TJTBF12,Taxa TBF,1.18
2026-07-27,2004-06-01,BM12_TJTBF12,Taxa TBF,1.22
2026-07-27,2004-07-01,BM12_TJTBF12,Taxa TBF,1.25
2026-07-27,2004-08-01,BM12_TJTBF12,Taxa TBF,1.26
2026-07-27,2004-09-01,BM12_TJTBF12,Taxa TBF,1.2
2026-07-27,2004-10-01,BM12_TJTBF12,Taxa TBF,1.17
2026-07-27,2004-11-01,BM12_TJTBF12,Taxa TBF,1.19
2026-07-27,2004-12-01,BM12_TJTBF12,Taxa TBF,1.43
2026-07-27,2005-01-01,BM12_TJTBF12,Taxa TBF,1.33
2026-07-27,2005-02-01,BM12_TJTBF12,Taxa TBF,1.16
2026-07-27,2005-03-01,BM12_TJTBF12,Taxa TBF,1.48
2026-07-27,2005-04-01,BM12_TJTBF12,Taxa TBF,1.35
2026-07-27,2005-05-01,BM12_TJTBF12,Taxa TBF,1.45
2026-07-27,2005-06-01,BM12_TJTBF12,Taxa TBF,1.54
2026-07-27,2005-07-01,BM12_TJTBF12,Taxa TBF,1.47
2026-07-27,2005-08-01,BM12_TJTBF12,Taxa TBF,1.63
2026-07-27,2005-09-01,BM12_TJTBF12,Taxa TBF,1.47
2026-07-27,2005-10-01,BM12_TJTBF12,Taxa TBF,1.36
2026-07-27,2005-11-01,BM12_TJTBF12,Taxa TBF,1.34
2026-07-27,2005-12-01,BM12_TJTBF12,Taxa TBF,1.41
2026-07-27,2006-01-01,BM12_TJTBF12,Taxa TBF,1.4053
2026-07-27,2006-02-01,BM12_TJTBF12,Taxa TBF,1.0932
2026-07-27,2006-03-01,BM12_TJTBF12,Taxa TBF,1.3597
2026-07-27,2006-04-01,BM12_TJTBF12,Taxa TBF,1.0463
2026-07-27,2006-05-01,BM12_TJTBF12,Taxa TBF,1.1841
2026-07-27,2006-06-01,BM12_TJTBF12,Taxa TBF,1.1556
2026-07-27,2006-07-01,BM12_TJTBF12,Taxa TBF,1.1556
2026-07-27,2006-08-01,BM12_TJTBF12,Taxa TBF,1.246
2026-07-27,2006-09-01,BM12_TJTBF12,Taxa TBF,1.0134
2026-07-27,2006-10-01,BM12_TJTBF12,Taxa TBF,1.0692
2026-07-27,2006-11-01,BM12_TJTBF12,Taxa TBF,0.99
2026-07-27,2006-12-01,BM12_TJTBF12,Taxa TBF,0.9634
2026-07-27,2007-01-01,BM12_TJTBF12,Taxa TBF,1.0607
2026-07-27,2007-02-01,BM12_TJTBF12,Taxa TBF,0.8427
2026-07-27,2007-03-01,BM12_TJTBF12,Taxa TBF,1.0091
2026-07-27,2007-04-01,BM12_TJTBF12,Taxa TBF,0.9182
2026-07-27,2007-05-01,BM12_TJTBF12,Taxa TBF,0.9903
2026-07-27,2007-06-01,BM12_TJTBF12,Taxa TBF,0.8761
2026-07-27,2007-07-01,BM12_TJTBF12,Taxa TBF,0.9481
2026-07-27,2007-08-01,BM12_TJTBF12,Taxa TBF,0.9578
2026-07-27,2007-09-01,BM12_TJTBF12,Taxa TBF,0.7855
2026-07-27,2007-10-01,BM12_TJTBF12,Taxa TBF,0.9051
2026-07-27,2007-11-01,BM12_TJTBF12,Taxa TBF,0.8194
2026-07-27,2007-12-01,BM12_TJTBF12,Taxa TBF,0.8245
2026-07-27,2008-01-01,BM12_TJTBF12,Taxa TBF,0.8818
2026-07-27,2008-02-01,BM12_TJTBF12,Taxa TBF,0.7645
2026-07-27,2008-03-01,BM12_TJTBF12,Taxa TBF,0.8012
2026-07-27,2008-04-01,BM12_TJTBF12,Taxa TBF,0.8762
2026-07-27,2008-05-01,BM12_TJTBF12,Taxa TBF,0.8442
2026-07-27,2008-06-01,BM12_TJTBF12,Taxa TBF,0.9055
2026-07-27,2008-07-01,BM12_TJTBF12,Taxa TBF,1.023
2026-07-27,2008-08-01,BM12_TJTBF12,Taxa TBF,0.9687
2026-07-27,2008-09-01,BM12_TJTBF12,Taxa TBF,1.0286
2026-07-27,2008-10-01,BM12_TJTBF12,Taxa TBF,1.1128
2026-07-27,2008-11-01,BM12_TJTBF12,Taxa TBF,0.9731
2026-07-27,2008-12-01,BM12_TJTBF12,Taxa TBF,1.0567
2026-07-27,2009-01-01,BM12_TJTBF12,Taxa TBF,1.0055
2026-07-27,2009-02-01,BM12_TJTBF12,Taxa TBF,0.8054
2026-07-27,2009-03-01,BM12_TJTBF12,Taxa TBF,0.955
2026-07-27,2009-04-01,BM12_TJTBF12,Taxa TBF,0.8057
2026-07-27,2009-05-01,BM12_TJTBF12,Taxa TBF,0.7352
2026-07-27,2009-06-01,BM12_TJTBF12,Taxa TBF,0.7661
2026-07-27,2009-07-01,BM12_TJTBF12,Taxa TBF,0.7858
2026-07-27,2009-08-01,BM12_TJTBF12,Taxa TBF,0.6798
2026-07-27,2009-09-01,BM12_TJTBF12,Taxa TBF,0.6481
2026-07-27,2009-10-01,BM12_TJTBF12,Taxa TBF,0.6332
2026-07-27,2009-11-01,BM12_TJTBF12,Taxa TBF,0.6328
2026-07-27,2009-12-01,BM12_TJTBF12,Taxa TBF,0.7137
2026-07-27,2010-01-01,BM12_TJTBF12,Taxa TBF,0.6485
2026-07-27,2010-02-01,BM12_TJTBF12,Taxa TBF,0.5749
2026-07-27,2010-03-01,BM12_TJTBF12,Taxa TBF,0.7497
2026-07-27,2010-04-01,BM12_TJTBF12,Taxa TBF,0.6289
2026-07-27,2010-05-01,BM12_TJTBF12,Taxa TBF,0.7113
2026-07-27,2010-06-01,BM12_TJTBF12,Taxa TBF,0.7293
2026-07-27,2010-07-01,BM12_TJTBF12,Taxa TBF,0.8259
2026-07-27,2010-08-01,BM12_TJTBF12,Taxa TBF,0.8616
2026-07-27,2010-09-01,BM12_TJTBF12,Taxa TBF,0.8407
2026-07-27,2010-10-01,BM12_TJTBF12,Taxa TBF,0.7875
2026-07-27,2010-11-01,BM12_TJTBF12,Taxa TBF,0.7738
2026-07-27,2010-12-01,BM12_TJTBF12,Taxa TBF,0.8716
2026-07-27,2011-01-01,BM12_TJTBF12,Taxa TBF,0.832
2026-07-27,2011-02-01,BM12_TJTBF12,Taxa TBF,0.8128
2026-07-27,2011-03-01,BM12_TJTBF12,Taxa TBF,0.9222
2026-07-27,2011-04-01,BM12_TJTBF12,Taxa TBF,0.7872
2026-07-27,2011-05-01,BM12_TJTBF12,Taxa TBF,0.9683
2026-07-27,2011-06-01,BM12_TJTBF12,Taxa TBF,0.9023
2026-07-27,2011-07-01,BM12_TJTBF12,Taxa TBF,0.9139
2026-07-27,2011-08-01,BM12_TJTBF12,Taxa TBF,1.0493
2026-07-27,2011-09-01,BM12_TJTBF12,Taxa TBF,0.8911
2026-07-27,2011-10-01,BM12_TJTBF12,Taxa TBF,0.8325
2026-07-27,2011-11-01,BM12_TJTBF12,Taxa TBF,0.825
2026-07-27,2011-12-01,BM12_TJTBF12,Taxa TBF,0.8544
2026-07-27,2012-01-01,BM12_TJTBF12,Taxa TBF,0.8571
2026-07-27,2012-02-01,BM12_TJTBF12,Taxa TBF,0.7287
2026-07-27,2012-03-01,BM12_TJTBF12,Taxa TBF,0.7875
2026-07-27,2012-04-01,BM12_TJTBF12,Taxa TBF,0.6828
2026-07-27,2012-05-01,BM12_TJTBF12,Taxa TBF,0.7071
2026-07-27,2012-06-01,BM12_TJTBF12,Taxa TBF,0.6087
2026-07-27,2012-07-01,BM12_TJTBF12,Taxa TBF,0.6745
2026-07-27,2012-08-01,BM12_TJTBF12,Taxa TBF,0.6624
2026-07-27,2012-09-01,BM12_TJTBF12,Taxa TBF,0.5089
2026-07-27,2012-10-01,BM12_TJTBF12,Taxa TBF,0.6153
2026-07-27,2012-11-01,BM12_TJTBF12,Taxa TBF,0.5268
2026-07-27,2012-12-01,BM12_TJTBF12,Taxa TBF,0.5088
2026-07-27,2013-01-01,BM12_TJTBF12,Taxa TBF,0.5707
2026-07-27,2013-02-01,BM12_TJTBF12,Taxa TBF,0.4727
2026-07-27,2013-03-01,BM12_TJTBF12,Taxa TBF,0.4984
2026-07-27,2013-04-01,BM12_TJTBF12,Taxa TBF,0.5598
2026-07-27,2013-05-01,BM12_TJTBF12,Taxa TBF,0.5716
2026-07-27,2013-06-01,BM12_TJTBF12,Taxa TBF,0.5739
2026-07-27,2013-07-01,BM12_TJTBF12,Taxa TBF,0.681
2026-07-27,2013-08-01,BM12_TJTBF12,Taxa TBF,0.648
2026-07-27,2013-09-01,BM12_TJTBF12,Taxa TBF,0.658
2026-07-27,2013-10-01,BM12_TJTBF12,Taxa TBF,0.7726
2026-07-27,2013-11-01,BM12_TJTBF12,Taxa TBF,0.6808
2026-07-27,2013-12-01,BM12_TJTBF12,Taxa TBF,0.7197
2026-07-27,2014-01-01,BM12_TJTBF12,Taxa TBF,0.7934
2026-07-27,2014-02-01,BM12_TJTBF12,Taxa TBF,0.7441
2026-07-27,2014-03-01,BM12_TJTBF12,Taxa TBF,0.7068
2026-07-27,2014-04-01,BM12_TJTBF12,Taxa TBF,0.7362
2026-07-27,2014-05-01,BM12_TJTBF12,Taxa TBF,0.8109
2026-07-27,2014-06-01,BM12_TJTBF12,Taxa TBF,0.7968
2026-07-27,2014-07-01,BM12_TJTBF12,Taxa TBF,0.8762
2026-07-27,2014-08-01,BM12_TJTBF12,Taxa TBF,0.8107
2026-07-27,2014-09-01,BM12_TJTBF12,Taxa TBF,0.848
2026-07-27,2014-10-01,BM12_TJTBF12,Taxa TBF,0.8746
2026-07-27,2014-11-01,BM12_TJTBF12,Taxa TBF,0.7887
2026-07-27,2014-12-01,BM12_TJTBF12,Taxa TBF,0.8961
2026-07-27,2015-01-01,BM12_TJTBF12,Taxa TBF,0.8685
2026-07-27,2015-02-01,BM12_TJTBF12,Taxa TBF,0.7669
2026-07-27,2015-03-01,BM12_TJTBF12,Taxa TBF,0.9206
2026-07-27,2015-04-01,BM12_TJTBF12,Taxa TBF,0.8982
2026-07-27,2015-05-01,BM12_TJTBF12,Taxa TBF,0.9062
2026-07-27,2015-06-01,BM12_TJTBF12,Taxa TBF,1.0028
2026-07-27,2015-07-01,BM12_TJTBF12,Taxa TBF,1.0825
2026-07-27,2015-08-01,BM12_TJTBF12,Taxa TBF,1.0183
2026-07-27,2015-09-01,BM12_TJTBF12,Taxa TBF,1.0236
2026-07-27,2015-10-01,BM12_TJTBF12,Taxa TBF,1.0606
2026-07-27,2015-11-01,BM12_TJTBF12,Taxa TBF,0.9808
2026-07-27,2015-12-01,BM12_TJTBF12,Taxa TBF,1.0669
2026-07-27,2016-01-01,BM12_TJTBF12,Taxa TBF,0.9831
2026-07-27,2016-02-01,BM12_TJTBF12,Taxa TBF,0.9265
2026-07-27,2016-03-01,BM12_TJTBF12,Taxa TBF,1.0586
2026-07-27,2016-04-01,BM12_TJTBF12,Taxa TBF,0.9815
2026-07-27,2016-05-01,BM12_TJTBF12,Taxa TBF,1.0246
2026-07-27,2016-06-01,BM12_TJTBF12,Taxa TBF,1.036
2026-07-27,2016-07-01,BM12_TJTBF12,Taxa TBF,1.0435
2026-07-27,2016-08-01,BM12_TJTBF12,Taxa TBF,1.1067
2026-07-27,2016-09-01,BM12_TJTBF12,Taxa TBF,1.0289
2026-07-27,2016-10-01,BM12_TJTBF12,Taxa TBF,0.9714
2026-07-27,2016-11-01,BM12_TJTBF12,Taxa TBF,0.9439
2026-07-27,2016-12-01,BM12_TJTBF12,Taxa TBF,1.0164
2026-07-27,2017-01-01,BM12_TJTBF12,Taxa TBF,0.9914
2026-07-27,2017-02-01,BM12_TJTBF12,Taxa TBF,0.7804
2026-07-27,2017-03-01,BM12_TJTBF12,Taxa TBF,0.9631
2026-07-27,2017-04-01,BM12_TJTBF12,Taxa TBF,0.721
2026-07-27,2017-05-01,BM12_TJTBF12,Taxa TBF,0.837
2026-07-27,2017-06-01,BM12_TJTBF12,Taxa TBF,0.724
2026-07-27,2017-07-01,BM12_TJTBF12,Taxa TBF,0.7627
2026-07-27,2017-08-01,BM12_TJTBF12,Taxa TBF,0.7212
2026-07-27,2017-09-01,BM12_TJTBF12,Taxa TBF,0.5528
2026-07-27,2017-10-01,BM12_TJTBF12,Taxa TBF,0.5918
2026-07-27,2017-11-01,BM12_TJTBF12,Taxa TBF,0.5016
2026-07-27,2017-12-01,BM12_TJTBF12,Taxa TBF,0.4744
2026-07-27,2018-01-01,BM12_TJTBF12,Taxa TBF,0.5227
2026-07-27,2018-02-01,BM12_TJTBF12,Taxa TBF,0.4302
2026-07-27,2018-03-01,BM12_TJTBF12,Taxa TBF,0.4989
2026-07-27,2018-04-01,BM12_TJTBF12,Taxa TBF,0.465
2026-07-27,2018-05-01,BM12_TJTBF12,Taxa TBF,0.4672
2026-07-27,2018-06-01,BM12_TJTBF12,Taxa TBF,0.4859
2026-07-27,2018-07-01,BM12_TJTBF12,Taxa TBF,0.507
2026-07-27,2018-08-01,BM12_TJTBF12,Taxa TBF,0.5279
2026-07-27,2018-09-01,BM12_TJTBF12,Taxa TBF,0.4418
2026-07-27,2018-10-01,BM12_TJTBF12,Taxa TBF,0.5132
2026-07-27,2018-11-01,BM12_TJTBF12,Taxa TBF,0.4609
2026-07-27,2018-12-01,BM12_TJTBF12,Taxa TBF,0.4614
2026-07-27,2019-01-01,BM12_TJTBF12,Taxa TBF,0.5021
2026-07-27,2019-02-01,BM12_TJTBF12,Taxa TBF,0.4572
2026-07-27,2019-03-01,BM12_TJTBF12,Taxa TBF,0.438
2026-07-27,2019-04-01,BM12_TJTBF12,Taxa TBF,0.4728
2026-07-27,2019-05-01,BM12_TJTBF12,Taxa TBF,0.5062
2026-07-27,2019-06-01,BM12_TJTBF12,Taxa TBF,0.4375
2026-07-27,2019-07-01,BM12_TJTBF12,Taxa TBF,0.516
2026-07-27,2019-08-01,BM12_TJTBF12,Taxa TBF,0.4705
2026-07-27,2019-09-01,BM12_TJTBF12,Taxa TBF,0.436
2026-07-27,2019-10-01,BM12_TJTBF12,Taxa TBF,0.4189
2026-07-27,2019-11-01,BM12_TJTBF12,Taxa TBF,0.3452
2026-07-27,2019-12-01,BM12_TJTBF12,Taxa TBF,0.3595
2026-07-27,2020-01-01,BM12_TJTBF12,Taxa TBF,0.3447
2026-07-27,2020-02-01,BM12_TJTBF12,Taxa TBF,0.2754
2026-07-27,2020-03-01,BM12_TJTBF12,Taxa TBF,0.3322
2026-07-27,2020-04-01,BM12_TJTBF12,Taxa TBF,0.2488
2026-07-27,2020-05-01,BM12_TJTBF12,Taxa TBF,0.2292
2026-07-27,2020-06-01,BM12_TJTBF12,Taxa TBF,0.2051
2026-07-27,2020-07-01,BM12_TJTBF12,Taxa TBF,0.1721
2026-07-27,2020-08-01,BM12_TJTBF12,Taxa TBF,0.1503
2026-07-27,2020-09-01,BM12_TJTBF12,Taxa TBF,0.1485
2026-07-27,2020-10-01,BM12_TJTBF12,Taxa TBF,0.1485
2026-07-27,2020-11-01,BM12_TJTBF12,Taxa TBF,0.1612
2026-07-27,2020-12-01,BM12_TJTBF12,Taxa TBF,0.1713
2026-07-27,2021-01-01,BM12_TJTBF12,Taxa TBF,0.1468
2026-07-27,2021-02-01,BM12_TJTBF12,Taxa TBF,0.1348
2026-07-27,2021-03-01,BM12_TJTBF12,Taxa TBF,0.1835
2026-07-27,2021-04-01,BM12_TJTBF12,Taxa TBF,0.2404
2026-07-27,2021-05-01,BM12_TJTBF12,Taxa TBF,0.2737
2026-07-27,2021-06-01,BM12_TJTBF12,Taxa TBF,0.2891
2026-07-27,2021-07-01,BM12_TJTBF12,Taxa TBF,0.3798
2026-07-27,2021-08-01,BM12_TJTBF12,Taxa TBF,0.4248
2026-07-27,2021-09-01,BM12_TJTBF12,Taxa TBF,0.4221
2026-07-27,2021-10-01,BM12_TJTBF12,Taxa TBF,0.5046
2026-07-27,2021-11-01,BM12_TJTBF12,Taxa TBF,0.5927
2026-07-27,2021-12-01,BM12_TJTBF12,Taxa TBF,0.7191
2026-07-27,2022-01-01,BM12_TJTBF12,Taxa TBF,0.7609
2026-07-27,2022-02-01,BM12_TJTBF12,Taxa TBF,0.7272
2026-07-27,2022-03-01,BM12_TJTBF12,Taxa TBF,0.8678
2026-07-27,2022-04-01,BM12_TJTBF12,Taxa TBF,0.8159
2026-07-27,2022-05-01,BM12_TJTBF12,Taxa TBF,0.9776
2026-07-27,2022-06-01,BM12_TJTBF12,Taxa TBF,0.9496
2026-07-27,2022-07-01,BM12_TJTBF12,Taxa TBF,0.9844
2026-07-27,2022-08-01,BM12_TJTBF12,Taxa TBF,1.0929
2026-07-27,2022-09-01,BM12_TJTBF12,Taxa TBF,1.002
2026-07-27,2022-10-01,BM12_TJTBF12,Taxa TBF,0.9506
2026-07-27,2022-11-01,BM12_TJTBF12,Taxa TBF,0.9519
2026-07-27,2022-12-01,BM12_TJTBF12,Taxa TBF,1.0489
2026-07-27,2023-01-01,BM12_TJTBF12,Taxa TBF,1.0398
2026-07-27,2023-02-01,BM12_TJTBF12,Taxa TBF,0.8536
2026-07-27,2023-03-01,BM12_TJTBF12,Taxa TBF,1.0912
2026-07-27,2023-04-01,BM12_TJTBF12,Taxa TBF,0.8527
2026-07-27,2023-05-01,BM12_TJTBF12,Taxa TBF,1.0465
2026-07-27,2023-06-01,BM12_TJTBF12,Taxa TBF,1.0014
2026-07-27,2023-07-01,BM12_TJTBF12,Taxa TBF,0.9694
2026-07-27,2023-08-01,BM12_TJTBF12,Taxa TBF,1.0578
2026-07-27,2023-09-01,BM12_TJTBF12,Taxa TBF,0.9039
2026-07-27,2023-10-01,BM12_TJTBF12,Taxa TBF,0.8964
2026-07-27,2023-11-01,BM12_TJTBF12,Taxa TBF,0.8481
2026-07-27,2023-12-01,BM12_TJTBF12,Taxa TBF,0.8395
2026-07-27,2024-01-01,BM12_TJTBF12,Taxa TBF,0.8582
2026-07-27,2024-02-01,BM12_TJTBF12,Taxa TBF,0.738
2026-07-27,2024-03-01,BM12_TJTBF12,Taxa TBF,0.7733
2026-07-27,2024-04-01,BM12_TJTBF12,Taxa TBF,0.783
2026-07-27,2024-05-01,BM12_TJTBF12,Taxa TBF,0.7576
2026-07-27,2024-06-01,BM12_TJTBF12,Taxa TBF,0.7268
2026-07-27,2024-07-01,BM12_TJTBF12,Taxa TBF,0.8402
2026-07-27,2024-08-01,BM12_TJTBF12,Taxa TBF,0.808
2026-07-27,2024-09-01,BM12_TJTBF12,Taxa TBF,0.776
2026-07-27,2024-10-01,BM12_TJTBF12,Taxa TBF,0.8801
2026-07-27,2024-11-01,BM12_TJTBF12,Taxa TBF,0.7503
2026-07-27,2024-12-01,BM12_TJTBF12,Taxa TBF,0.8571
2026-07-27,2025-01-01,BM12_TJTBF12,Taxa TBF,0.9972
2026-07-27,2025-02-01,BM12_TJTBF12,Taxa TBF,0.9315
2026-07-27,2025-03-01,BM12_TJTBF12,Taxa TBF,0.8971
2026-07-27,2025-04-01,BM12_TJTBF12,Taxa TBF,0.9929
2026-07-27,2025-05-01,BM12_TJTBF12,Taxa TBF,1.0552
2026-07-27,2025-06-01,BM12_TJTBF12,Taxa TBF,1.0201
2026-07-27,2025-07-01,BM12_TJTBF12,Taxa TBF,1.1779
2026-07-27,2025-08-01,BM12_TJTBF12,Taxa TBF,1.0817
2026-07-27,2025-09-01,BM12_TJTBF12,Taxa TBF,1.1361
2026-07-27,2025-10-01,BM12_TJTBF12,Taxa TBF,1.1764
2026-07-27,2025-11-01,BM12_TJTBF12,Taxa TBF,0.9776
2026-07-27,2025-12-01,BM12_TJTBF12,Taxa TBF,1.1355
2026-07-27,2026-01-01,BM12_TJTBF12,Taxa TBF,1.0718
2026-07-27,2026-02-01,BM12_TJTBF12,Taxa TBF,0.9142
2026-07-27,2026-03-01,BM12_TJTBF12,Taxa TBF,1.1163
2026-07-27,2026-04-01,BM12_TJTBF12,Taxa TBF,0.9842
2026-07-27,2026-05-01,BM12_TJTBF12,Taxa TBF,0.9899
2026-07-27,2026-06-01,BM12_TJTBF12,Taxa TBF,1.046
2026-07-27,2026-07-01,BM12_TJTBF12,Taxa TBF,1.0998
2026-07-27,1991-02-01,BM12_TJTR12,Taxa TR,7.0
2026-07-27,1991-03-01,BM12_TJTR12,Taxa TR,8.5
2026-07-27,1991-04-01,BM12_TJTR12,Taxa TR,8.93
2026-07-27,1991-05-01,BM12_TJTR12,Taxa TR,8.99
2026-07-27,1991-06-01,BM12_TJTR12,Taxa TR,9.4
2026-07-27,1991-07-01,BM12_TJTR12,Taxa TR,10.05
2026-07-27,1991-08-01,BM12_TJTR12,Taxa TR,11.95
2026-07-27,1991-09-01,BM12_TJTR12,Taxa TR,16.78
2026-07-27,1991-10-01,BM12_TJTR12,Taxa TR,19.77
2026-07-27,1991-11-01,BM12_TJTR12,Taxa TR,30.52
2026-07-27,1991-12-01,BM12_TJTR12,Taxa TR,28.42
2026-07-27,1992-01-01,BM12_TJTR12,Taxa TR,25.48
2026-07-27,1992-02-01,BM12_TJTR12,Taxa TR,25.61
2026-07-27,1992-03-01,BM12_TJTR12,Taxa TR,24.27
2026-07-27,1992-04-01,BM12_TJTR12,Taxa TR,21.08
2026-07-27,1992-05-01,BM12_TJTR12,Taxa TR,19.81
2026-07-27,1992-06-01,BM12_TJTR12,Taxa TR,21.05
2026-07-27,1992-07-01,BM12_TJTR12,Taxa TR,23.69
2026-07-27,1992-08-01,BM12_TJTR12,Taxa TR,23.22
2026-07-27,1992-09-01,BM12_TJTR12,Taxa TR,25.38
2026-07-27,1992-10-01,BM12_TJTR12,Taxa TR,25.07
2026-07-27,1992-11-01,BM12_TJTR12,Taxa TR,23.29
2026-07-27,1992-12-01,BM12_TJTR12,Taxa TR,23.95
2026-07-27,1993-01-01,BM12_TJTR12,Taxa TR,26.76
2026-07-27,1993-02-01,BM12_TJTR12,Taxa TR,26.4
2026-07-27,1993-03-01,BM12_TJTR12,Taxa TR,25.81
2026-07-27,1993-04-01,BM12_TJTR12,Taxa TR,28.22
2026-07-27,1993-05-01,BM12_TJTR12,Taxa TR,28.68
2026-07-27,1993-06-01,BM12_TJTR12,Taxa TR,30.08
2026-07-27,1993-07-01,BM12_TJTR12,Taxa TR,30.37
2026-07-27,1993-08-01,BM12_TJTR12,Taxa TR,33.34
2026-07-27,1993-09-01,BM12_TJTR12,Taxa TR,34.62
2026-07-27,1993-10-01,BM12_TJTR12,Taxa TR,36.53
2026-07-27,1993-11-01,BM12_TJTR12,Taxa TR,36.16
2026-07-27,1993-12-01,BM12_TJTR12,Taxa TR,36.8
2026-07-27,1994-01-01,BM12_TJTR12,Taxa TR,41.44
2026-07-27,1994-02-01,BM12_TJTR12,Taxa TR,39.86
2026-07-27,1994-03-01,BM12_TJTR12,Taxa TR,41.85
2026-07-27,1994-04-01,BM12_TJTR12,Taxa TR,45.97
2026-07-27,1994-05-01,BM12_TJTR12,Taxa TR,46.44
2026-07-27,1994-06-01,BM12_TJTR12,Taxa TR,46.88
2026-07-27,1994-07-01,BM12_TJTR12,Taxa TR,5.03
2026-07-27,1994-08-01,BM12_TJTR12,Taxa TR,2.13
2026-07-27,1994-09-01,BM12_TJTR12,Taxa TR,2.44
2026-07-27,1994-10-01,BM12_TJTR12,Taxa TR,2.56
2026-07-27,1994-11-01,BM12_TJTR12,Taxa TR,2.92
2026-07-27,1994-12-01,BM12_TJTR12,Taxa TR,2.87
2026-07-27,1995-01-01,BM12_TJTR12,Taxa TR,2.1
2026-07-27,1995-02-01,BM12_TJTR12,Taxa TR,1.85
2026-07-27,1995-03-01,BM12_TJTR12,Taxa TR,2.3
2026-07-27,1995-04-01,BM12_TJTR12,Taxa TR,3.47
2026-07-27,1995-05-01,BM12_TJTR12,Taxa TR,3.25
2026-07-27,1995-06-01,BM12_TJTR12,Taxa TR,2.89
2026-07-27,1995-07-01,BM12_TJTR12,Taxa TR,2.99
2026-07-27,1995-08-01,BM12_TJTR12,Taxa TR,2.6
2026-07-27,1995-09-01,BM12_TJTR12,Taxa TR,1.94
2026-07-27,1995-10-01,BM12_TJTR12,Taxa TR,1.65
2026-07-27,1995-11-01,BM12_TJTR12,Taxa TR,1.44
2026-07-27,1995-12-01,BM12_TJTR12,Taxa TR,1.34
2026-07-27,1996-01-01,BM12_TJTR12,Taxa TR,1.25
2026-07-27,1996-02-01,BM12_TJTR12,Taxa TR,0.96
2026-07-27,1996-03-01,BM12_TJTR12,Taxa TR,0.81
2026-07-27,1996-04-01,BM12_TJTR12,Taxa TR,0.66
2026-07-27,1996-05-01,BM12_TJTR12,Taxa TR,0.59
2026-07-27,1996-06-01,BM12_TJTR12,Taxa TR,0.61
2026-07-27,1996-07-01,BM12_TJTR12,Taxa TR,0.59
2026-07-27,1996-08-01,BM12_TJTR12,Taxa TR,0.63
2026-07-27,1996-09-01,BM12_TJTR12,Taxa TR,0.66
2026-07-27,1996-10-01,BM12_TJTR12,Taxa TR,0.74
2026-07-27,1996-11-01,BM12_TJTR12,Taxa TR,0.81
2026-07-27,1996-12-01,BM12_TJTR12,Taxa TR,0.87
2026-07-27,1997-01-01,BM12_TJTR12,Taxa TR,0.74
2026-07-27,1997-02-01,BM12_TJTR12,Taxa TR,0.66
2026-07-27,1997-03-01,BM12_TJTR12,Taxa TR,0.63
2026-07-27,1997-04-01,BM12_TJTR12,Taxa TR,0.62
2026-07-27,1997-05-01,BM12_TJTR12,Taxa TR,0.64
2026-07-27,1997-06-01,BM12_TJTR12,Taxa TR,0.65
2026-07-27,1997-07-01,BM12_TJTR12,Taxa TR,0.66
2026-07-27,1997-08-01,BM12_TJTR12,Taxa TR,0.63
2026-07-27,1997-09-01,BM12_TJTR12,Taxa TR,0.65
2026-07-27,1997-10-01,BM12_TJTR12,Taxa TR,0.66
2026-07-27,1997-11-01,BM12_TJTR12,Taxa TR,1.53
2026-07-27,1997-12-01,BM12_TJTR12,Taxa TR,1.31
2026-07-27,1998-01-01,BM12_TJTR12,Taxa TR,1.15
2026-07-27,1998-02-01,BM12_TJTR12,Taxa TR,0.45
2026-07-27,1998-03-01,BM12_TJTR12,Taxa TR,0.9
2026-07-27,1998-04-01,BM12_TJTR12,Taxa TR,0.47
2026-07-27,1998-05-01,BM12_TJTR12,Taxa TR,0.45
2026-07-27,1998-06-01,BM12_TJTR12,Taxa TR,0.49
2026-07-27,1998-07-01,BM12_TJTR12,Taxa TR,0.55
2026-07-27,1998-08-01,BM12_TJTR12,Taxa TR,0.37
2026-07-27,1998-09-01,BM12_TJTR12,Taxa TR,0.45
2026-07-27,1998-10-01,BM12_TJTR12,Taxa TR,0.89
2026-07-27,1998-11-01,BM12_TJTR12,Taxa TR,0.61
2026-07-27,1998-12-01,BM12_TJTR12,Taxa TR,0.74
2026-07-27,1999-01-01,BM12_TJTR12,Taxa TR,0.52
2026-07-27,1999-02-01,BM12_TJTR12,Taxa TR,0.83
2026-07-27,1999-03-01,BM12_TJTR12,Taxa TR,1.16
2026-07-27,1999-04-01,BM12_TJTR12,Taxa TR,0.61
2026-07-27,1999-05-01,BM12_TJTR12,Taxa TR,0.58
2026-07-27,1999-06-01,BM12_TJTR12,Taxa TR,0.31
2026-07-27,1999-07-01,BM12_TJTR12,Taxa TR,0.29
2026-07-27,1999-08-01,BM12_TJTR12,Taxa TR,0.29
2026-07-27,1999-09-01,BM12_TJTR12,Taxa TR,0.27
2026-07-27,1999-10-01,BM12_TJTR12,Taxa TR,0.23
2026-07-27,1999-11-01,BM12_TJTR12,Taxa TR,0.2
2026-07-27,1999-12-01,BM12_TJTR12,Taxa TR,0.3
2026-07-27,2000-01-01,BM12_TJTR12,Taxa TR,0.21
2026-07-27,2000-02-01,BM12_TJTR12,Taxa TR,0.23
2026-07-27,2000-03-01,BM12_TJTR12,Taxa TR,0.22
2026-07-27,2000-04-01,BM12_TJTR12,Taxa TR,0.13
2026-07-27,2000-05-01,BM12_TJTR12,Taxa TR,0.25
2026-07-27,2000-06-01,BM12_TJTR12,Taxa TR,0.21
2026-07-27,2000-07-01,BM12_TJTR12,Taxa TR,0.15
2026-07-27,2000-08-01,BM12_TJTR12,Taxa TR,0.2
2026-07-27,2000-09-01,BM12_TJTR12,Taxa TR,0.1
2026-07-27,2000-10-01,BM12_TJTR12,Taxa TR,0.13
2026-07-27,2000-11-01,BM12_TJTR12,Taxa TR,0.12
2026-07-27,2000-12-01,BM12_TJTR12,Taxa TR,0.1
2026-07-27,2001-01-01,BM12_TJTR12,Taxa TR,0.14
2026-07-27,2001-02-01,BM12_TJTR12,Taxa TR,0.04
2026-07-27,2001-03-01,BM12_TJTR12,Taxa TR,0.17
2026-07-27,2001-04-01,BM12_TJTR12,Taxa TR,0.15
2026-07-27,2001-05-01,BM12_TJTR12,Taxa TR,0.18
2026-07-27,2001-06-01,BM12_TJTR12,Taxa TR,0.15
2026-07-27,2001-07-01,BM12_TJTR12,Taxa TR,0.24
2026-07-27,2001-08-01,BM12_TJTR12,Taxa TR,0.34
2026-07-27,2001-09-01,BM12_TJTR12,Taxa TR,0.16
2026-07-27,2001-10-01,BM12_TJTR12,Taxa TR,0.29
2026-07-27,2001-11-01,BM12_TJTR12,Taxa TR,0.19
2026-07-27,2001-12-01,BM12_TJTR12,Taxa TR,0.2
2026-07-27,2002-01-01,BM12_TJTR12,Taxa TR,0.26
2026-07-27,2002-02-01,BM12_TJTR12,Taxa TR,0.12
2026-07-27,2002-03-01,BM12_TJTR12,Taxa TR,0.18
2026-07-27,2002-04-01,BM12_TJTR12,Taxa TR,0.24
2026-07-27,2002-05-01,BM12_TJTR12,Taxa TR,0.21
2026-07-27,2002-06-01,BM12_TJTR12,Taxa TR,0.16
2026-07-27,2002-07-01,BM12_TJTR12,Taxa TR,0.2656
2026-07-27,2002-08-01,BM12_TJTR12,Taxa TR,0.2481
2026-07-27,2002-09-01,BM12_TJTR12,Taxa TR,0.1955
2026-07-27,2002-10-01,BM12_TJTR12,Taxa TR,0.2768
2026-07-27,2002-11-01,BM12_TJTR12,Taxa TR,0.2644
2026-07-27,2002-12-01,BM12_TJTR12,Taxa TR,0.3609
2026-07-27,2003-01-01,BM12_TJTR12,Taxa TR,0.4878
2026-07-27,2003-02-01,BM12_TJTR12,Taxa TR,0.4116
2026-07-27,2003-03-01,BM12_TJTR12,Taxa TR,0.3782
2026-07-27,2003-04-01,BM12_TJTR12,Taxa TR,0.4184
2026-07-27,2003-05-01,BM12_TJTR12,Taxa TR,0.465
2026-07-27,2003-06-01,BM12_TJTR12,Taxa TR,0.4166
2026-07-27,2003-07-01,BM12_TJTR12,Taxa TR,0.5465
2026-07-27,2003-08-01,BM12_TJTR12,Taxa TR,0.4038
2026-07-27,2003-09-01,BM12_TJTR12,Taxa TR,0.3364
2026-07-27,2003-10-01,BM12_TJTR12,Taxa TR,0.3213
2026-07-27,2003-11-01,BM12_TJTR12,Taxa TR,0.1776
2026-07-27,2003-12-01,BM12_TJTR12,Taxa TR,0.1899
2026-07-27,2004-01-01,BM12_TJTR12,Taxa TR,0.128
2026-07-27,2004-02-01,BM12_TJTR12,Taxa TR,0.0458
2026-07-27,2004-03-01,BM12_TJTR12,Taxa TR,0.1778
2026-07-27,2004-04-01,BM12_TJTR12,Taxa TR,0.0874
2026-07-27,2004-05-01,BM12_TJTR12,Taxa TR,0.1546
2026-07-27,2004-06-01,BM12_TJTR12,Taxa TR,0.1761
2026-07-27,2004-07-01,BM12_TJTR12,Taxa TR,0.1952
2026-07-27,2004-08-01,BM12_TJTR12,Taxa TR,0.2005
2026-07-27,2004-09-01,BM12_TJTR12,Taxa TR,0.1728
2026-07-27,2004-10-01,BM12_TJTR12,Taxa TR,0.1108
2026-07-27,2004-11-01,BM12_TJTR12,Taxa TR,0.1146
2026-07-27,2004-12-01,BM12_TJTR12,Taxa TR,0.24
2026-07-27,2005-01-01,BM12_TJTR12,Taxa TR,0.188
2026-07-27,2005-02-01,BM12_TJTR12,Taxa TR,0.0962
2026-07-27,2005-03-01,BM12_TJTR12,Taxa TR,0.2635
2026-07-27,2005-04-01,BM12_TJTR12,Taxa TR,0.2003
2026-07-27,2005-05-01,BM12_TJTR12,Taxa TR,0.2527
2026-07-27,2005-06-01,BM12_TJTR12,Taxa TR,0.2993
2026-07-27,2005-07-01,BM12_TJTR12,Taxa TR,0.2575
2026-07-27,2005-08-01,BM12_TJTR12,Taxa TR,0.3466
2026-07-27,2005-09-01,BM12_TJTR12,Taxa TR,0.2637
2026-07-27,2005-10-01,BM12_TJTR12,Taxa TR,0.21
2026-07-27,2005-11-01,BM12_TJTR12,Taxa TR,0.1929
2026-07-27,2005-12-01,BM12_TJTR12,Taxa TR,0.2269
2026-07-27,2006-01-01,BM12_TJTR12,Taxa TR,0.2326
2026-07-27,2006-02-01,BM12_TJTR12,Taxa TR,0.0725
2026-07-27,2006-03-01,BM12_TJTR12,Taxa TR,0.2073
2026-07-27,2006-04-01,BM12_TJTR12,Taxa TR,0.0855
2026-07-27,2006-05-01,BM12_TJTR12,Taxa TR,0.1888
2026-07-27,2006-06-01,BM12_TJTR12,Taxa TR,0.1937
2026-07-27,2006-07-01,BM12_TJTR12,Taxa TR,0.1751
2026-07-27,2006-08-01,BM12_TJTR12,Taxa TR,0.2436
2026-07-27,2006-09-01,BM12_TJTR12,Taxa TR,0.1521
2026-07-27,2006-10-01,BM12_TJTR12,Taxa TR,0.1875
2026-07-27,2006-11-01,BM12_TJTR12,Taxa TR,0.1282
2026-07-27,2006-12-01,BM12_TJTR12,Taxa TR,0.1522
2026-07-27,2007-01-01,BM12_TJTR12,Taxa TR,0.2189
2026-07-27,2007-02-01,BM12_TJTR12,Taxa TR,0.0721
2026-07-27,2007-03-01,BM12_TJTR12,Taxa TR,0.1876
2026-07-27,2007-04-01,BM12_TJTR12,Taxa TR,0.1272
2026-07-27,2007-05-01,BM12_TJTR12,Taxa TR,0.1689
2026-07-27,2007-06-01,BM12_TJTR12,Taxa TR,0.0954
2026-07-27,2007-07-01,BM12_TJTR12,Taxa TR,0.1469
2026-07-27,2007-08-01,BM12_TJTR12,Taxa TR,0.1466
2026-07-27,2007-09-01,BM12_TJTR12,Taxa TR,0.0352
2026-07-27,2007-10-01,BM12_TJTR12,Taxa TR,0.1142
2026-07-27,2007-11-01,BM12_TJTR12,Taxa TR,0.059
2026-07-27,2007-12-01,BM12_TJTR12,Taxa TR,0.064
2026-07-27,2008-01-01,BM12_TJTR12,Taxa TR,0.101
2026-07-27,2008-02-01,BM12_TJTR12,Taxa TR,0.0243
2026-07-27,2008-03-01,BM12_TJTR12,Taxa TR,0.0409
2026-07-27,2008-04-01,BM12_TJTR12,Taxa TR,0.0955
2026-07-27,2008-05-01,BM12_TJTR12,Taxa TR,0.0736
2026-07-27,2008-06-01,BM12_TJTR12,Taxa TR,0.1146
2026-07-27,2008-07-01,BM12_TJTR12,Taxa TR,0.1914
2026-07-27,2008-08-01,BM12_TJTR12,Taxa TR,0.1574
2026-07-27,2008-09-01,BM12_TJTR12,Taxa TR,0.197
2026-07-27,2008-10-01,BM12_TJTR12,Taxa TR,0.2506
2026-07-27,2008-11-01,BM12_TJTR12,Taxa TR,0.1618
2026-07-27,2008-12-01,BM12_TJTR12,Taxa TR,0.2149
2026-07-27,2009-01-01,BM12_TJTR12,Taxa TR,0.184
2026-07-27,2009-02-01,BM12_TJTR12,Taxa TR,0.0451
2026-07-27,2009-03-01,BM12_TJTR12,Taxa TR,0.1438
2026-07-27,2009-04-01,BM12_TJTR12,Taxa TR,0.0454
2026-07-27,2009-05-01,BM12_TJTR12,Taxa TR,0.0449
2026-07-27,2009-06-01,BM12_TJTR12,Taxa TR,0.0656
2026-07-27,2009-07-01,BM12_TJTR12,Taxa TR,0.1051
2026-07-27,2009-08-01,BM12_TJTR12,Taxa TR,0.0197
2026-07-27,2009-09-01,BM12_TJTR12,Taxa TR,0.0
2026-07-27,2009-10-01,BM12_TJTR12,Taxa TR,0.0
2026-07-27,2009-11-01,BM12_TJTR12,Taxa TR,0.0
2026-07-27,2009-12-01,BM12_TJTR12,Taxa TR,0.0533
2026-07-27,2010-01-01,BM12_TJTR12,Taxa TR,0.0
2026-07-27,2010-02-01,BM12_TJTR12,Taxa TR,0.0
2026-07-27,2010-03-01,BM12_TJTR12,Taxa TR,0.0792
2026-07-27,2010-04-01,BM12_TJTR12,Taxa TR,0.0
2026-07-27,2010-05-01,BM12_TJTR12,Taxa TR,0.051
2026-07-27,2010-06-01,BM12_TJTR12,Taxa TR,0.0589
2026-07-27,2010-07-01,BM12_TJTR12,Taxa TR,0.1151
2026-07-27,2010-08-01,BM12_TJTR12,Taxa TR,0.0909
2026-07-27,2010-09-01,BM12_TJTR12,Taxa TR,0.0702
2026-07-27,2010-10-01,BM12_TJTR12,Taxa TR,0.0472
2026-07-27,2010-11-01,BM12_TJTR12,Taxa TR,0.0336
2026-07-27,2010-12-01,BM12_TJTR12,Taxa TR,0.1406
2026-07-27,2011-01-01,BM12_TJTR12,Taxa TR,0.0715
2026-07-27,2011-02-01,BM12_TJTR12,Taxa TR,0.0524
2026-07-27,2011-03-01,BM12_TJTR12,Taxa TR,0.1212
2026-07-27,2011-04-01,BM12_TJTR12,Taxa TR,0.0369
2026-07-27,2011-05-01,BM12_TJTR12,Taxa TR,0.157
2026-07-27,2011-06-01,BM12_TJTR12,Taxa TR,0.1114
2026-07-27,2011-07-01,BM12_TJTR12,Taxa TR,0.1229
2026-07-27,2011-08-01,BM12_TJTR12,Taxa TR,0.2076
2026-07-27,2011-09-01,BM12_TJTR12,Taxa TR,0.1003
2026-07-27,2011-10-01,BM12_TJTR12,Taxa TR,0.062
2026-07-27,2011-11-01,BM12_TJTR12,Taxa TR,0.0645
2026-07-27,2011-12-01,BM12_TJTR12,Taxa TR,0.0937
2026-07-27,2012-01-01,BM12_TJTR12,Taxa TR,0.0864
2026-07-27,2012-02-01,BM12_TJTR12,Taxa TR,0.0
2026-07-27,2012-03-01,BM12_TJTR12,Taxa TR,0.1068
2026-07-27,2012-04-01,BM12_TJTR12,Taxa TR,0.0227
2026-07-27,2012-05-01,BM12_TJTR12,Taxa TR,0.0468
2026-07-27,2012-06-01,BM12_TJTR12,Taxa TR,0.0
2026-07-27,2012-07-01,BM12_TJTR12,Taxa TR,0.0144
2026-07-27,2012-08-01,BM12_TJTR12,Taxa TR,0.0123
2026-07-27,2012-09-01,BM12_TJTR12,Taxa TR,0.0
2026-07-27,2012-10-01,BM12_TJTR12,Taxa TR,0.0
2026-07-27,2012-11-01,BM12_TJTR12,Taxa TR,0.0
2026-07-27,2012-12-01,BM12_TJTR12,Taxa TR,0.0
2026-07-27,2013-01-01,BM12_TJTR12,Taxa TR,0.0
2026-07-27,2013-02-01,BM12_TJTR12,Taxa TR,0.0
2026-07-27,2013-03-01,BM12_TJTR12,Taxa TR,0.0
2026-07-27,2013-04-01,BM12_TJTR12,Taxa TR,0.0
2026-07-27,2013-05-01,BM12_TJTR12,Taxa TR,0.0
2026-07-27,2013-06-01,BM12_TJTR12,Taxa TR,0.0
2026-07-27,2013-07-01,BM12_TJTR12,Taxa TR,0.0209
2026-07-27,2013-08-01,BM12_TJTR12,Taxa TR,0.0
2026-07-27,2013-09-01,BM12_TJTR12,Taxa TR,0.0079
2026-07-27,2013-10-01,BM12_TJTR12,Taxa TR,0.092
2026-07-27,2013-11-01,BM12_TJTR12,Taxa TR,0.0207
2026-07-27,2013-12-01,BM12_TJTR12,Taxa TR,0.0494
2026-07-27,2014-01-01,BM12_TJTR12,Taxa TR,0.1126
2026-07-27,2014-02-01,BM12_TJTR12,Taxa TR,0.0537
2026-07-27,2014-03-01,BM12_TJTR12,Taxa TR,0.0266
2026-07-27,2014-04-01,BM12_TJTR12,Taxa TR,0.0459
2026-07-27,2014-05-01,BM12_TJTR12,Taxa TR,0.0604
2026-07-27,2014-06-01,BM12_TJTR12,Taxa TR,0.0465
2026-07-27,2014-07-01,BM12_TJTR12,Taxa TR,0.1054
2026-07-27,2014-08-01,BM12_TJTR12,Taxa TR,0.0602
2026-07-27,2014-09-01,BM12_TJTR12,Taxa TR,0.0873
2026-07-27,2014-10-01,BM12_TJTR12,Taxa TR,0.1038
2026-07-27,2014-11-01,BM12_TJTR12,Taxa TR,0.0483
2026-07-27,2014-12-01,BM12_TJTR12,Taxa TR,0.1053
2026-07-27,2015-01-01,BM12_TJTR12,Taxa TR,0.0878
2026-07-27,2015-02-01,BM12_TJTR12,Taxa TR,0.0168
2026-07-27,2015-03-01,BM12_TJTR12,Taxa TR,0.1296
2026-07-27,2015-04-01,BM12_TJTR12,Taxa TR,0.1074
2026-07-27,2015-05-01,BM12_TJTR12,Taxa TR,0.1153
2026-07-27,2015-06-01,BM12_TJTR12,Taxa TR,0.1813
2026-07-27,2015-07-01,BM12_TJTR12,Taxa TR,0.2305
2026-07-27,2015-08-01,BM12_TJTR12,Taxa TR,0.1867
2026-07-27,2015-09-01,BM12_TJTR12,Taxa TR,0.192
2026-07-27,2015-10-01,BM12_TJTR12,Taxa TR,0.179
2026-07-27,2015-11-01,BM12_TJTR12,Taxa TR,0.1297
2026-07-27,2015-12-01,BM12_TJTR12,Taxa TR,0.225
2026-07-27,2016-01-01,BM12_TJTR12,Taxa TR,0.132
2026-07-27,2016-02-01,BM12_TJTR12,Taxa TR,0.0957
2026-07-27,2016-03-01,BM12_TJTR12,Taxa TR,0.2168
2026-07-27,2016-04-01,BM12_TJTR12,Taxa TR,0.1304
2026-07-27,2016-05-01,BM12_TJTR12,Taxa TR,0.1533
2026-07-27,2016-06-01,BM12_TJTR12,Taxa TR,0.2043
2026-07-27,2016-07-01,BM12_TJTR12,Taxa TR,0.1621
2026-07-27,2016-08-01,BM12_TJTR12,Taxa TR,0.2545
2026-07-27,2016-09-01,BM12_TJTR12,Taxa TR,0.1575
2026-07-27,2016-10-01,BM12_TJTR12,Taxa TR,0.1601
2026-07-27,2016-11-01,BM12_TJTR12,Taxa TR,0.1428
2026-07-27,2016-12-01,BM12_TJTR12,Taxa TR,0.1849
2026-07-27,2017-01-01,BM12_TJTR12,Taxa TR,0.17
2026-07-27,2017-02-01,BM12_TJTR12,Taxa TR,0.0302
2026-07-27,2017-03-01,BM12_TJTR12,Taxa TR,0.1519
2026-07-27,2017-04-01,BM12_TJTR12,Taxa TR,0.0
2026-07-27,2017-05-01,BM12_TJTR12,Taxa TR,0.0764
2026-07-27,2017-06-01,BM12_TJTR12,Taxa TR,0.0536
2026-07-27,2017-07-01,BM12_TJTR12,Taxa TR,0.0623
2026-07-27,2017-08-01,BM12_TJTR12,Taxa TR,0.0509
2026-07-27,2017-09-01,BM12_TJTR12,Taxa TR,0.0
2026-07-27,2017-10-01,BM12_TJTR12,Taxa TR,0.0
2026-07-27,2017-11-01,BM12_TJTR12,Taxa TR,0.0
2026-07-27,2017-12-01,BM12_TJTR12,Taxa TR,0.0
2026-07-27,2018-01-01,BM12_TJTR12,Taxa TR,0.0
2026-07-27,2018-02-01,BM12_TJTR12,Taxa TR,0.0
2026-07-27,2018-03-01,BM12_TJTR12,Taxa TR,0.0
2026-07-27,2018-04-01,BM12_TJTR12,Taxa TR,0.0
2026-07-27,2018-05-01,BM12_TJTR12,Taxa TR,0.0
2026-07-27,2018-06-01,BM12_TJTR12,Taxa TR,0.0
2026-07-27,2018-07-01,BM12_TJTR12,Taxa TR,0.0
2026-07-27,2018-08-01,BM12_TJTR12,Taxa TR,0.0
2026-07-27,2018-09-01,BM12_TJTR12,Taxa TR,0.0
2026-07-27,2018-10-01,BM12_TJTR12,Taxa TR,0.0
2026-07-27,2018-11-01,BM12_TJTR12,Taxa TR,0.0
2026-07-27,2018-12-01,BM12_TJTR12,Taxa TR,0.0
2026-07-27,2019-01-01,BM12_TJTR12,Taxa TR,0.0
2026-07-27,2019-02-01,BM12_TJTR12,Taxa TR,0.0
2026-07-27,2019-03-01,BM12_TJTR12,Taxa TR,0.0
2026-07-27,2019-04-01,BM12_TJTR12,Taxa TR,0.0
2026-07-27,2019-05-01,BM12_TJTR12,Taxa TR,0.0
2026-07-27,2019-06-01,BM12_TJTR12,Taxa TR,0.0
2026-07-27,2019-07-01,BM12_TJTR12,Taxa TR,0.0
2026-07-27,2019-08-01,BM12_TJTR12,Taxa TR,0.0
2026-07-27,2019-09-01,BM12_TJTR12,Taxa TR,0.0
2026-07-27,2019-10-01,BM12_TJTR12,Taxa TR,0.0
2026-07-27,2019-11-01,BM12_TJTR12,Taxa TR,0.0
2026-07-27,2019-12-01,BM12_TJTR12,Taxa TR,0.0
2026-07-27,2020-01-01,BM12_TJTR12,Taxa TR,0.0
2026-07-27,2020-02-01,BM12_TJTR12,Taxa TR,0.0
2026-07-27,2020-03-01,BM12_TJTR12,Taxa TR,0.0
2026-07-27,2020-04-01,BM12_TJTR12,Taxa TR,0.0
2026-07-27,2020-05-01,BM12_TJTR12,Taxa TR,0.0
2026-07-27,2020-06-01,BM12_TJTR12,Taxa TR,0.0
2026-07-27,2020-07-01,BM12_TJTR12,Taxa TR,0.0
2026-07-27,2020-08-01,BM12_TJTR12,Taxa TR,0.0
2026-07-27,2020-09-01,BM12_TJTR12,Taxa TR,0.0
2026-07-27,2020-10-01,BM12_TJTR12,Taxa TR,0.0
2026-07-27,2020-11-01,BM12_TJTR12,Taxa TR,0.0
2026-07-27,2020-12-01,BM12_TJTR12,Taxa TR,0.0
2026-07-27,2021-01-01,BM12_TJTR12,Taxa TR,0.0
2026-07-27,2021-02-01,BM12_TJTR12,Taxa TR,0.0
2026-07-27,2021-03-01,BM12_TJTR12,Taxa TR,0.0
2026-07-27,2021-04-01,BM12_TJTR12,Taxa TR,0.0
2026-07-27,2021-05-01,BM12_TJTR12,Taxa TR,0.0
2026-07-27,2021-06-01,BM12_TJTR12,Taxa TR,0.0
2026-07-27,2021-07-01,BM12_TJTR12,Taxa TR,0.0
2026-07-27,2021-08-01,BM12_TJTR12,Taxa TR,0.0
2026-07-27,2021-09-01,BM12_TJTR12,Taxa TR,0.0
2026-07-27,2021-10-01,BM12_TJTR12,Taxa TR,0.0
2026-07-27,2021-11-01,BM12_TJTR12,Taxa TR,0.0
2026-07-27,2021-12-01,BM12_TJTR12,Taxa TR,0.0488
2026-07-27,2022-01-01,BM12_TJTR12,Taxa TR,0.0605
2026-07-27,2022-02-01,BM12_TJTR12,Taxa TR,0.0
2026-07-27,2022-03-01,BM12_TJTR12,Taxa TR,0.0971
2026-07-27,2022-04-01,BM12_TJTR12,Taxa TR,0.0555
2026-07-27,2022-05-01,BM12_TJTR12,Taxa TR,0.1663
2026-07-27,2022-06-01,BM12_TJTR12,Taxa TR,0.1484
2026-07-27,2022-07-01,BM12_TJTR12,Taxa TR,0.1631
2026-07-27,2022-08-01,BM12_TJTR12,Taxa TR,0.2409
2026-07-27,2022-09-01,BM12_TJTR12,Taxa TR,0.1805
2026-07-27,2022-10-01,BM12_TJTR12,Taxa TR,0.1494
2026-07-27,2022-11-01,BM12_TJTR12,Taxa TR,0.1507
2026-07-27,2022-12-01,BM12_TJTR12,Taxa TR,0.2072
2026-07-27,2023-01-01,BM12_TJTR12,Taxa TR,0.2081
2026-07-27,2023-02-01,BM12_TJTR12,Taxa TR,0.083
2026-07-27,2023-03-01,BM12_TJTR12,Taxa TR,0.2392
2026-07-27,2023-04-01,BM12_TJTR12,Taxa TR,0.0821
2026-07-27,2023-05-01,BM12_TJTR12,Taxa TR,0.2147
2026-07-27,2023-06-01,BM12_TJTR12,Taxa TR,0.1799
2026-07-27,2023-07-01,BM12_TJTR12,Taxa TR,0.1581
2026-07-27,2023-08-01,BM12_TJTR12,Taxa TR,0.216
2026-07-27,2023-09-01,BM12_TJTR12,Taxa TR,0.113
2026-07-27,2023-10-01,BM12_TJTR12,Taxa TR,0.1056
2026-07-27,2023-11-01,BM12_TJTR12,Taxa TR,0.0775
2026-07-27,2023-12-01,BM12_TJTR12,Taxa TR,0.069
2026-07-27,2024-01-01,BM12_TJTR12,Taxa TR,0.0875
2026-07-27,2024-02-01,BM12_TJTR12,Taxa TR,0.0079
2026-07-27,2024-03-01,BM12_TJTR12,Taxa TR,0.0331
2026-07-27,2024-04-01,BM12_TJTR12,Taxa TR,0.1023
2026-07-27,2024-05-01,BM12_TJTR12,Taxa TR,0.087
2026-07-27,2024-06-01,BM12_TJTR12,Taxa TR,0.0365
2026-07-27,2024-07-01,BM12_TJTR12,Taxa TR,0.0739
2026-07-27,2024-08-01,BM12_TJTR12,Taxa TR,0.0707
2026-07-27,2024-09-01,BM12_TJTR12,Taxa TR,0.0675
2026-07-27,2024-10-01,BM12_TJTR12,Taxa TR,0.0977
2026-07-27,2024-11-01,BM12_TJTR12,Taxa TR,0.0649
2026-07-27,2024-12-01,BM12_TJTR12,Taxa TR,0.0822
2026-07-27,2025-01-01,BM12_TJTR12,Taxa TR,0.169
2026-07-27,2025-02-01,BM12_TJTR12,Taxa TR,0.1324
2026-07-27,2025-03-01,BM12_TJTR12,Taxa TR,0.1092
2026-07-27,2025-04-01,BM12_TJTR12,Taxa TR,0.1689
2026-07-27,2025-05-01,BM12_TJTR12,Taxa TR,0.1712
2026-07-27,2025-06-01,BM12_TJTR12,Taxa TR,0.1699
2026-07-27,2025-07-01,BM12_TJTR12,Taxa TR,0.1758
2026-07-27,2025-08-01,BM12_TJTR12,Taxa TR,0.1722
2026-07-27,2025-09-01,BM12_TJTR12,Taxa TR,0.1742
2026-07-27,2025-10-01,BM12_TJTR12,Taxa TR,0.1758
2026-07-27,2025-11-01,BM12_TJTR12,Taxa TR,0.1634
2026-07-27,2025-12-01,BM12_TJTR12,Taxa TR,0.1742
2026-07-27,2026-01-01,BM12_TJTR12,Taxa TR,0.1718
2026-07-27,2026-02-01,BM12_TJTR12,Taxa TR,0.1207
2026-07-27,2026-03-01,BM12_TJTR12,Taxa TR,0.1735
2026-07-27,2026-04-01,BM12_TJTR12,Taxa TR,0.1679
2026-07-27,2026-05-01,BM12_TJTR12,Taxa TR,0.1687
2026-07-27,2026-06-01,BM12_TJTR12,Taxa TR,0.1709
2026-07-27,2026-07-01,BM12_TJTR12,Taxa TR,0.1729
