data_captura,data_referencia,codigo_ativo,label,valor
2026-08-01,1944-01-01,IGP12_IGPDI12,IGP-DI Índice Geral,8.371376e-14
2026-08-01,1944-02-01,IGP12_IGPDI12,IGP-DI Índice Geral,8.4927e-14
2026-08-01,1944-03-01,IGP12_IGPDI12,IGP-DI Índice Geral,8.614024e-14
2026-08-01,1944-04-01,IGP12_IGPDI12,IGP-DI Índice Geral,8.735348e-14
2026-08-01,1944-05-01,IGP12_IGPDI12,IGP-DI Índice Geral,8.856673e-14
2026-08-01,1944-06-01,IGP12_IGPDI12,IGP-DI Índice Geral,8.977997e-14
2026-08-01,1944-07-01,IGP12_IGPDI12,IGP-DI Índice Geral,9.099321e-14
2026-08-01,1944-08-01,IGP12_IGPDI12,IGP-DI Índice Geral,9.220646e-14
2026-08-01,1944-09-01,IGP12_IGPDI12,IGP-DI Índice Geral,9.34197e-14
2026-08-01,1944-10-01,IGP12_IGPDI12,IGP-DI Índice Geral,9.584618e-14
2026-08-01,1944-11-01,IGP12_IGPDI12,IGP-DI Índice Geral,9.827267e-14
2026-08-01,1944-12-01,IGP12_IGPDI12,IGP-DI Índice Geral,9.827267e-14
2026-08-01,1945-01-01,IGP12_IGPDI12,IGP-DI Índice Geral,9.948591e-14
2026-08-01,1945-02-01,IGP12_IGPDI12,IGP-DI Índice Geral,1.019124e-13
2026-08-01,1945-03-01,IGP12_IGPDI12,IGP-DI Índice Geral,1.006991e-13
2026-08-01,1945-04-01,IGP12_IGPDI12,IGP-DI Índice Geral,1.006991e-13
2026-08-01,1945-05-01,IGP12_IGPDI12,IGP-DI Índice Geral,1.019124e-13
2026-08-01,1945-06-01,IGP12_IGPDI12,IGP-DI Índice Geral,1.031256e-13
2026-08-01,1945-07-01,IGP12_IGPDI12,IGP-DI Índice Geral,1.043388e-13
2026-08-01,1945-08-01,IGP12_IGPDI12,IGP-DI Índice Geral,1.055521e-13
2026-08-01,1945-09-01,IGP12_IGPDI12,IGP-DI Índice Geral,1.055521e-13
2026-08-01,1945-10-01,IGP12_IGPDI12,IGP-DI Índice Geral,1.067653e-13
2026-08-01,1945-11-01,IGP12_IGPDI12,IGP-DI Índice Geral,1.079786e-13
2026-08-01,1945-12-01,IGP12_IGPDI12,IGP-DI Índice Geral,1.091918e-13
2026-08-01,1946-01-01,IGP12_IGPDI12,IGP-DI Índice Geral,1.104051e-13
2026-08-01,1946-02-01,IGP12_IGPDI12,IGP-DI Índice Geral,1.116183e-13
2026-08-01,1946-03-01,IGP12_IGPDI12,IGP-DI Índice Geral,1.128315e-13
2026-08-01,1946-04-01,IGP12_IGPDI12,IGP-DI Índice Geral,1.140448e-13
2026-08-01,1946-05-01,IGP12_IGPDI12,IGP-DI Índice Geral,1.15258e-13
2026-08-01,1946-06-01,IGP12_IGPDI12,IGP-DI Índice Geral,1.188978e-13
2026-08-01,1946-07-01,IGP12_IGPDI12,IGP-DI Índice Geral,1.213242e-13
2026-08-01,1946-08-01,IGP12_IGPDI12,IGP-DI Índice Geral,1.261772e-13
2026-08-01,1946-09-01,IGP12_IGPDI12,IGP-DI Índice Geral,1.298169e-13
2026-08-01,1946-10-01,IGP12_IGPDI12,IGP-DI Índice Geral,1.310302e-13
2026-08-01,1946-11-01,IGP12_IGPDI12,IGP-DI Índice Geral,1.322434e-13
2026-08-01,1946-12-01,IGP12_IGPDI12,IGP-DI Índice Geral,1.334567e-13
2026-08-01,1947-01-01,IGP12_IGPDI12,IGP-DI Índice Geral,1.383096e-13
2026-08-01,1947-02-01,IGP12_IGPDI12,IGP-DI Índice Geral,1.395229e-13
2026-08-01,1947-03-01,IGP12_IGPDI12,IGP-DI Índice Geral,1.407361e-13
2026-08-01,1947-04-01,IGP12_IGPDI12,IGP-DI Índice Geral,1.370964e-13
2026-08-01,1947-05-01,IGP12_IGPDI12,IGP-DI Índice Geral,1.358832e-13
2026-08-01,1947-06-01,IGP12_IGPDI12,IGP-DI Índice Geral,1.346699e-13
2026-08-01,1947-07-01,IGP12_IGPDI12,IGP-DI Índice Geral,1.322434e-13
2026-08-01,1947-08-01,IGP12_IGPDI12,IGP-DI Índice Geral,1.322434e-13
2026-08-01,1947-09-01,IGP12_IGPDI12,IGP-DI Índice Geral,1.334567e-13
2026-08-01,1947-10-01,IGP12_IGPDI12,IGP-DI Índice Geral,1.334567e-13
2026-08-01,1947-11-01,IGP12_IGPDI12,IGP-DI Índice Geral,1.346699e-13
2026-08-01,1947-12-01,IGP12_IGPDI12,IGP-DI Índice Geral,1.370964e-13
2026-08-01,1948-01-01,IGP12_IGPDI12,IGP-DI Índice Geral,1.407361e-13
2026-08-01,1948-02-01,IGP12_IGPDI12,IGP-DI Índice Geral,1.443759e-13
2026-08-01,1948-03-01,IGP12_IGPDI12,IGP-DI Índice Geral,1.468023e-13
2026-08-01,1948-04-01,IGP12_IGPDI12,IGP-DI Índice Geral,1.455891e-13
2026-08-01,1948-05-01,IGP12_IGPDI12,IGP-DI Índice Geral,1.443759e-13
2026-08-01,1948-06-01,IGP12_IGPDI12,IGP-DI Índice Geral,1.455891e-13
2026-08-01,1948-07-01,IGP12_IGPDI12,IGP-DI Índice Geral,1.443759e-13
2026-08-01,1948-08-01,IGP12_IGPDI12,IGP-DI Índice Geral,1.455891e-13
2026-08-01,1948-09-01,IGP12_IGPDI12,IGP-DI Índice Geral,1.455891e-13
2026-08-01,1948-10-01,IGP12_IGPDI12,IGP-DI Índice Geral,1.455891e-13
2026-08-01,1948-11-01,IGP12_IGPDI12,IGP-DI Índice Geral,1.468023e-13
2026-08-01,1948-12-01,IGP12_IGPDI12,IGP-DI Índice Geral,1.480156e-13
2026-08-01,1949-01-01,IGP12_IGPDI12,IGP-DI Índice Geral,1.504421e-13
2026-08-01,1949-02-01,IGP12_IGPDI12,IGP-DI Índice Geral,1.516553e-13
2026-08-01,1949-03-01,IGP12_IGPDI12,IGP-DI Índice Geral,1.516553e-13
2026-08-01,1949-04-01,IGP12_IGPDI12,IGP-DI Índice Geral,1.516553e-13
2026-08-01,1949-05-01,IGP12_IGPDI12,IGP-DI Índice Geral,1.516553e-13
2026-08-01,1949-06-01,IGP12_IGPDI12,IGP-DI Índice Geral,1.516553e-13
2026-08-01,1949-07-01,IGP12_IGPDI12,IGP-DI Índice Geral,1.528686e-13
2026-08-01,1949-08-01,IGP12_IGPDI12,IGP-DI Índice Geral,1.540818e-13
2026-08-01,1949-09-01,IGP12_IGPDI12,IGP-DI Índice Geral,1.55295e-13
2026-08-01,1949-10-01,IGP12_IGPDI12,IGP-DI Índice Geral,1.589348e-13
2026-08-01,1949-11-01,IGP12_IGPDI12,IGP-DI Índice Geral,1.662142e-13
2026-08-01,1949-12-01,IGP12_IGPDI12,IGP-DI Índice Geral,1.662142e-13
2026-08-01,1950-01-01,IGP12_IGPDI12,IGP-DI Índice Geral,1.686407e-13
2026-08-01,1950-02-01,IGP12_IGPDI12,IGP-DI Índice Geral,1.686407e-13
2026-08-01,1950-03-01,IGP12_IGPDI12,IGP-DI Índice Geral,1.65001e-13
2026-08-01,1950-04-01,IGP12_IGPDI12,IGP-DI Índice Geral,1.637877e-13
2026-08-01,1950-05-01,IGP12_IGPDI12,IGP-DI Índice Geral,1.65001e-13
2026-08-01,1950-06-01,IGP12_IGPDI12,IGP-DI Índice Geral,1.662142e-13
2026-08-01,1950-07-01,IGP12_IGPDI12,IGP-DI Índice Geral,1.69854e-13
2026-08-01,1950-08-01,IGP12_IGPDI12,IGP-DI Índice Geral,1.747069e-13
2026-08-01,1950-09-01,IGP12_IGPDI12,IGP-DI Índice Geral,1.795599e-13
2026-08-01,1950-10-01,IGP12_IGPDI12,IGP-DI Índice Geral,1.844129e-13
2026-08-01,1950-11-01,IGP12_IGPDI12,IGP-DI Índice Geral,1.844129e-13
2026-08-01,1950-12-01,IGP12_IGPDI12,IGP-DI Índice Geral,1.868394e-13
2026-08-01,1951-01-01,IGP12_IGPDI12,IGP-DI Índice Geral,1.929056e-13
2026-08-01,1951-02-01,IGP12_IGPDI12,IGP-DI Índice Geral,1.953321e-13
2026-08-01,1951-03-01,IGP12_IGPDI12,IGP-DI Índice Geral,2.00185e-13
2026-08-01,1951-04-01,IGP12_IGPDI12,IGP-DI Índice Geral,2.026115e-13
2026-08-01,1951-05-01,IGP12_IGPDI12,IGP-DI Índice Geral,2.05038e-13
2026-08-01,1951-06-01,IGP12_IGPDI12,IGP-DI Índice Geral,2.026115e-13
2026-08-01,1951-07-01,IGP12_IGPDI12,IGP-DI Índice Geral,1.977585e-13
2026-08-01,1951-08-01,IGP12_IGPDI12,IGP-DI Índice Geral,2.00185e-13
2026-08-01,1951-09-01,IGP12_IGPDI12,IGP-DI Índice Geral,2.013983e-13
2026-08-01,1951-10-01,IGP12_IGPDI12,IGP-DI Índice Geral,2.05038e-13
2026-08-01,1951-11-01,IGP12_IGPDI12,IGP-DI Índice Geral,2.062512e-13
2026-08-01,1951-12-01,IGP12_IGPDI12,IGP-DI Índice Geral,2.09891e-13
2026-08-01,1952-01-01,IGP12_IGPDI12,IGP-DI Índice Geral,2.171704e-13
2026-08-01,1952-02-01,IGP12_IGPDI12,IGP-DI Índice Geral,2.208102e-13
2026-08-01,1952-03-01,IGP12_IGPDI12,IGP-DI Índice Geral,2.208102e-13
2026-08-01,1952-04-01,IGP12_IGPDI12,IGP-DI Índice Geral,2.208102e-13
2026-08-01,1952-05-01,IGP12_IGPDI12,IGP-DI Índice Geral,2.220234e-13
2026-08-01,1952-06-01,IGP12_IGPDI12,IGP-DI Índice Geral,2.232366e-13
2026-08-01,1952-07-01,IGP12_IGPDI12,IGP-DI Índice Geral,2.268764e-13
2026-08-01,1952-08-01,IGP12_IGPDI12,IGP-DI Índice Geral,2.280896e-13
2026-08-01,1952-09-01,IGP12_IGPDI12,IGP-DI Índice Geral,2.268764e-13
2026-08-01,1952-10-01,IGP12_IGPDI12,IGP-DI Índice Geral,2.280896e-13
2026-08-01,1952-11-01,IGP12_IGPDI12,IGP-DI Índice Geral,2.341558e-13
2026-08-01,1952-12-01,IGP12_IGPDI12,IGP-DI Índice Geral,2.365823e-13
2026-08-01,1953-01-01,IGP12_IGPDI12,IGP-DI Índice Geral,2.390088e-13
2026-08-01,1953-02-01,IGP12_IGPDI12,IGP-DI Índice Geral,2.414353e-13
2026-08-01,1953-03-01,IGP12_IGPDI12,IGP-DI Índice Geral,2.475015e-13
2026-08-01,1953-04-01,IGP12_IGPDI12,IGP-DI Índice Geral,2.475015e-13
2026-08-01,1953-05-01,IGP12_IGPDI12,IGP-DI Índice Geral,2.462883e-13
2026-08-01,1953-06-01,IGP12_IGPDI12,IGP-DI Índice Geral,2.49928e-13
2026-08-01,1953-07-01,IGP12_IGPDI12,IGP-DI Índice Geral,2.54781e-13
2026-08-01,1953-08-01,IGP12_IGPDI12,IGP-DI Índice Geral,2.644869e-13
2026-08-01,1953-09-01,IGP12_IGPDI12,IGP-DI Índice Geral,2.681266e-13
2026-08-01,1953-10-01,IGP12_IGPDI12,IGP-DI Índice Geral,2.754061e-13
2026-08-01,1953-11-01,IGP12_IGPDI12,IGP-DI Índice Geral,2.790458e-13
2026-08-01,1953-12-01,IGP12_IGPDI12,IGP-DI Índice Geral,2.85112e-13
2026-08-01,1954-01-01,IGP12_IGPDI12,IGP-DI Índice Geral,2.934773e-13
2026-08-01,1954-02-01,IGP12_IGPDI12,IGP-DI Índice Geral,3.007416e-13
2026-08-01,1954-03-01,IGP12_IGPDI12,IGP-DI Índice Geral,3.065531e-13
2026-08-01,1954-04-01,IGP12_IGPDI12,IGP-DI Índice Geral,3.181759e-13
2026-08-01,1954-05-01,IGP12_IGPDI12,IGP-DI Índice Geral,3.239874e-13
2026-08-01,1954-06-01,IGP12_IGPDI12,IGP-DI Índice Geral,3.283459e-13
2026-08-01,1954-07-01,IGP12_IGPDI12,IGP-DI Índice Geral,3.327045e-13
2026-08-01,1954-08-01,IGP12_IGPDI12,IGP-DI Índice Geral,3.356102e-13
2026-08-01,1954-09-01,IGP12_IGPDI12,IGP-DI Índice Geral,3.443274e-13
2026-08-01,1954-10-01,IGP12_IGPDI12,IGP-DI Índice Geral,3.457802e-13
2026-08-01,1954-11-01,IGP12_IGPDI12,IGP-DI Índice Geral,3.530445e-13
2026-08-01,1954-12-01,IGP12_IGPDI12,IGP-DI Índice Geral,3.58856e-13
2026-08-01,1955-01-01,IGP12_IGPDI12,IGP-DI Índice Geral,3.646674e-13
2026-08-01,1955-02-01,IGP12_IGPDI12,IGP-DI Índice Geral,3.646674e-13
2026-08-01,1955-03-01,IGP12_IGPDI12,IGP-DI Índice Geral,3.675731e-13
2026-08-01,1955-04-01,IGP12_IGPDI12,IGP-DI Índice Geral,3.748374e-13
2026-08-01,1955-05-01,IGP12_IGPDI12,IGP-DI Índice Geral,3.748374e-13
2026-08-01,1955-06-01,IGP12_IGPDI12,IGP-DI Índice Geral,3.748374e-13
2026-08-01,1955-07-01,IGP12_IGPDI12,IGP-DI Índice Geral,3.79196e-13
2026-08-01,1955-08-01,IGP12_IGPDI12,IGP-DI Índice Geral,3.864603e-13
2026-08-01,1955-09-01,IGP12_IGPDI12,IGP-DI Índice Geral,3.951774e-13
2026-08-01,1955-10-01,IGP12_IGPDI12,IGP-DI Índice Geral,3.99536e-13
2026-08-01,1955-11-01,IGP12_IGPDI12,IGP-DI Índice Geral,4.009889e-13
2026-08-01,1955-12-01,IGP12_IGPDI12,IGP-DI Índice Geral,4.024417e-13
2026-08-01,1956-01-01,IGP12_IGPDI12,IGP-DI Índice Geral,4.09706e-13
2026-08-01,1956-02-01,IGP12_IGPDI12,IGP-DI Índice Geral,4.213289e-13
2026-08-01,1956-03-01,IGP12_IGPDI12,IGP-DI Índice Geral,4.271403e-13
2026-08-01,1956-04-01,IGP12_IGPDI12,IGP-DI Índice Geral,4.285932e-13
2026-08-01,1956-05-01,IGP12_IGPDI12,IGP-DI Índice Geral,4.416689e-13
2026-08-01,1956-06-01,IGP12_IGPDI12,IGP-DI Índice Geral,4.547446e-13
2026-08-01,1956-07-01,IGP12_IGPDI12,IGP-DI Índice Geral,4.620089e-13
2026-08-01,1956-08-01,IGP12_IGPDI12,IGP-DI Índice Geral,4.707261e-13
2026-08-01,1956-09-01,IGP12_IGPDI12,IGP-DI Índice Geral,4.867075e-13
2026-08-01,1956-10-01,IGP12_IGPDI12,IGP-DI Índice Geral,4.939718e-13
2026-08-01,1956-11-01,IGP12_IGPDI12,IGP-DI Índice Geral,4.997832e-13
2026-08-01,1956-12-01,IGP12_IGPDI12,IGP-DI Índice Geral,5.012361e-13
2026-08-01,1957-01-01,IGP12_IGPDI12,IGP-DI Índice Geral,5.23029e-13
2026-08-01,1957-02-01,IGP12_IGPDI12,IGP-DI Índice Geral,5.23029e-13
2026-08-01,1957-03-01,IGP12_IGPDI12,IGP-DI Índice Geral,5.215761e-13
2026-08-01,1957-04-01,IGP12_IGPDI12,IGP-DI Índice Geral,5.201233e-13
2026-08-01,1957-05-01,IGP12_IGPDI12,IGP-DI Índice Geral,5.186704e-13
2026-08-01,1957-06-01,IGP12_IGPDI12,IGP-DI Índice Geral,5.186704e-13
2026-08-01,1957-07-01,IGP12_IGPDI12,IGP-DI Índice Geral,5.201233e-13
2026-08-01,1957-08-01,IGP12_IGPDI12,IGP-DI Índice Geral,5.23029e-13
2026-08-01,1957-09-01,IGP12_IGPDI12,IGP-DI Índice Geral,5.215761e-13
2026-08-01,1957-10-01,IGP12_IGPDI12,IGP-DI Índice Geral,5.23029e-13
2026-08-01,1957-11-01,IGP12_IGPDI12,IGP-DI Índice Geral,5.288404e-13
2026-08-01,1957-12-01,IGP12_IGPDI12,IGP-DI Índice Geral,5.361047e-13
2026-08-01,1958-01-01,IGP12_IGPDI12,IGP-DI Índice Geral,5.43369e-13
2026-08-01,1958-02-01,IGP12_IGPDI12,IGP-DI Índice Geral,5.462747e-13
2026-08-01,1958-03-01,IGP12_IGPDI12,IGP-DI Índice Geral,5.53539e-13
2026-08-01,1958-04-01,IGP12_IGPDI12,IGP-DI Índice Geral,5.608033e-13
2026-08-01,1958-05-01,IGP12_IGPDI12,IGP-DI Índice Geral,5.709733e-13
2026-08-01,1958-06-01,IGP12_IGPDI12,IGP-DI Índice Geral,5.724262e-13
2026-08-01,1958-07-01,IGP12_IGPDI12,IGP-DI Índice Geral,5.825962e-13
2026-08-01,1958-08-01,IGP12_IGPDI12,IGP-DI Índice Geral,5.94219e-13
2026-08-01,1958-09-01,IGP12_IGPDI12,IGP-DI Índice Geral,6.116533e-13
2026-08-01,1958-10-01,IGP12_IGPDI12,IGP-DI Índice Geral,6.334462e-13
2026-08-01,1958-11-01,IGP12_IGPDI12,IGP-DI Índice Geral,6.595977e-13
2026-08-01,1958-12-01,IGP12_IGPDI12,IGP-DI Índice Geral,6.668619e-13
2026-08-01,1959-01-01,IGP12_IGPDI12,IGP-DI Índice Geral,6.944663e-13
2026-08-01,1959-02-01,IGP12_IGPDI12,IGP-DI Índice Geral,7.438634e-13
2026-08-01,1959-03-01,IGP12_IGPDI12,IGP-DI Índice Geral,7.554863e-13
2026-08-01,1959-04-01,IGP12_IGPDI12,IGP-DI Índice Geral,7.714677e-13
2026-08-01,1959-05-01,IGP12_IGPDI12,IGP-DI Índice Geral,7.801849e-13
2026-08-01,1959-06-01,IGP12_IGPDI12,IGP-DI Índice Geral,7.88902e-13
2026-08-01,1959-07-01,IGP12_IGPDI12,IGP-DI Índice Geral,8.063363e-13
2026-08-01,1959-08-01,IGP12_IGPDI12,IGP-DI Índice Geral,8.441107e-13
2026-08-01,1959-09-01,IGP12_IGPDI12,IGP-DI Índice Geral,8.659035e-13
2026-08-01,1959-10-01,IGP12_IGPDI12,IGP-DI Índice Geral,8.862436e-13
2026-08-01,1959-11-01,IGP12_IGPDI12,IGP-DI Índice Geral,9.182064e-13
2026-08-01,1959-12-01,IGP12_IGPDI12,IGP-DI Índice Geral,9.298293e-13
2026-08-01,1960-01-01,IGP12_IGPDI12,IGP-DI Índice Geral,9.443579e-13
2026-08-01,1960-02-01,IGP12_IGPDI12,IGP-DI Índice Geral,9.676036e-13
2026-08-01,1960-03-01,IGP12_IGPDI12,IGP-DI Índice Geral,9.821322e-13
2026-08-01,1960-04-01,IGP12_IGPDI12,IGP-DI Índice Geral,9.981137e-13
2026-08-01,1960-05-01,IGP12_IGPDI12,IGP-DI Índice Geral,9.995665e-13
2026-08-01,1960-06-01,IGP12_IGPDI12,IGP-DI Índice Geral,1.005377e-12
2026-08-01,1960-07-01,IGP12_IGPDI12,IGP-DI Índice Geral,1.025718e-12
2026-08-01,1960-08-01,IGP12_IGPDI12,IGP-DI Índice Geral,1.056228e-12
2026-08-01,1960-09-01,IGP12_IGPDI12,IGP-DI Índice Geral,1.09836e-12
2026-08-01,1960-10-01,IGP12_IGPDI12,IGP-DI Índice Geral,1.153569e-12
2026-08-01,1960-11-01,IGP12_IGPDI12,IGP-DI Índice Geral,1.188438e-12
2026-08-01,1960-12-01,IGP12_IGPDI12,IGP-DI Índice Geral,1.213136e-12
2026-08-01,1961-01-01,IGP12_IGPDI12,IGP-DI Índice Geral,1.236382e-12
2026-08-01,1961-02-01,IGP12_IGPDI12,IGP-DI Índice Geral,1.240741e-12
2026-08-01,1961-03-01,IGP12_IGPDI12,IGP-DI Índice Geral,1.266892e-12
2026-08-01,1961-04-01,IGP12_IGPDI12,IGP-DI Índice Geral,1.329365e-12
2026-08-01,1961-05-01,IGP12_IGPDI12,IGP-DI Índice Geral,1.348252e-12
2026-08-01,1961-06-01,IGP12_IGPDI12,IGP-DI Índice Geral,1.368592e-12
2026-08-01,1961-07-01,IGP12_IGPDI12,IGP-DI Índice Geral,1.388932e-12
2026-08-01,1961-08-01,IGP12_IGPDI12,IGP-DI Índice Geral,1.461575e-12
2026-08-01,1961-09-01,IGP12_IGPDI12,IGP-DI Índice Geral,1.522595e-12
2026-08-01,1961-10-01,IGP12_IGPDI12,IGP-DI Índice Geral,1.648994e-12
2026-08-01,1961-11-01,IGP12_IGPDI12,IGP-DI Índice Geral,1.728901e-12
2026-08-01,1961-12-01,IGP12_IGPDI12,IGP-DI Índice Geral,1.792827e-12
2026-08-01,1962-01-01,IGP12_IGPDI12,IGP-DI Índice Geral,1.887263e-12
2026-08-01,1962-02-01,IGP12_IGPDI12,IGP-DI Índice Geral,1.919225e-12
2026-08-01,1962-03-01,IGP12_IGPDI12,IGP-DI Índice Geral,1.951188e-12
2026-08-01,1962-04-01,IGP12_IGPDI12,IGP-DI Índice Geral,1.96717e-12
2026-08-01,1962-05-01,IGP12_IGPDI12,IGP-DI Índice Geral,2.045624e-12
2026-08-01,1962-06-01,IGP12_IGPDI12,IGP-DI Índice Geral,2.109549e-12
2026-08-01,1962-07-01,IGP12_IGPDI12,IGP-DI Índice Geral,2.205439e-12
2026-08-01,1962-08-01,IGP12_IGPDI12,IGP-DI Índice Geral,2.267911e-12
2026-08-01,1962-09-01,IGP12_IGPDI12,IGP-DI Índice Geral,2.315856e-12
2026-08-01,1962-10-01,IGP12_IGPDI12,IGP-DI Índice Geral,2.379782e-12
2026-08-01,1962-11-01,IGP12_IGPDI12,IGP-DI Índice Geral,2.55764e-12
2026-08-01,1962-12-01,IGP12_IGPDI12,IGP-DI Índice Geral,2.717978e-12
2026-08-01,1963-01-01,IGP12_IGPDI12,IGP-DI Índice Geral,2.955898e-12
2026-08-01,1963-02-01,IGP12_IGPDI12,IGP-DI Índice Geral,3.131752e-12
2026-08-01,1963-03-01,IGP12_IGPDI12,IGP-DI Índice Geral,3.30502e-12
2026-08-01,1963-04-01,IGP12_IGPDI12,IGP-DI Índice Geral,3.356742e-12
2026-08-01,1963-05-01,IGP12_IGPDI12,IGP-DI Índice Geral,3.493804e-12
2026-08-01,1963-06-01,IGP12_IGPDI12,IGP-DI Índice Geral,3.669658e-12
2026-08-01,1963-07-01,IGP12_IGPDI12,IGP-DI Índice Geral,3.806721e-12
2026-08-01,1963-08-01,IGP12_IGPDI12,IGP-DI Índice Geral,3.94637e-12
2026-08-01,1963-09-01,IGP12_IGPDI12,IGP-DI Índice Geral,4.163601e-12
2026-08-01,1963-10-01,IGP12_IGPDI12,IGP-DI Índice Geral,4.419624e-12
2026-08-01,1963-11-01,IGP12_IGPDI12,IGP-DI Índice Geral,4.616166e-12
2026-08-01,1963-12-01,IGP12_IGPDI12,IGP-DI Índice Geral,4.890292e-12
2026-08-01,1964-01-01,IGP12_IGPDI12,IGP-DI Índice Geral,5.441128e-12
2026-08-01,1964-02-01,IGP12_IGPDI12,IGP-DI Índice Geral,5.808353e-12
2026-08-01,1964-03-01,IGP12_IGPDI12,IGP-DI Índice Geral,6.24023e-12
2026-08-01,1964-04-01,IGP12_IGPDI12,IGP-DI Índice Geral,6.514355e-12
2026-08-01,1964-05-01,IGP12_IGPDI12,IGP-DI Índice Geral,6.690209e-12
2026-08-01,1964-06-01,IGP12_IGPDI12,IGP-DI Índice Geral,6.979851e-12
2026-08-01,1964-07-01,IGP12_IGPDI12,IGP-DI Índice Geral,7.42983e-12
2026-08-01,1964-08-01,IGP12_IGPDI12,IGP-DI Índice Geral,7.647061e-12
2026-08-01,1964-09-01,IGP12_IGPDI12,IGP-DI Índice Geral,7.934117e-12
2026-08-01,1964-10-01,IGP12_IGPDI12,IGP-DI Índice Geral,8.288411e-12
2026-08-01,1964-11-01,IGP12_IGPDI12,IGP-DI Índice Geral,8.865109e-12
2026-08-01,1964-12-01,IGP12_IGPDI12,IGP-DI Índice Geral,9.395257e-12
2026-08-01,1965-01-01,IGP12_IGPDI12,IGP-DI Índice Geral,9.847822e-12
2026-08-01,1965-02-01,IGP12_IGPDI12,IGP-DI Índice Geral,1.015556e-11
2026-08-01,1965-03-01,IGP12_IGPDI12,IGP-DI Índice Geral,1.076588e-11
2026-08-01,1965-04-01,IGP12_IGPDI12,IGP-DI Índice Geral,1.101932e-11
2026-08-01,1965-05-01,IGP12_IGPDI12,IGP-DI Índice Geral,1.12081e-11
2026-08-01,1965-06-01,IGP12_IGPDI12,IGP-DI Índice Geral,1.13374e-11
2026-08-01,1965-07-01,IGP12_IGPDI12,IGP-DI Índice Geral,1.164774e-11
2026-08-01,1965-08-01,IGP12_IGPDI12,IGP-DI Índice Geral,1.178738e-11
2026-08-01,1965-09-01,IGP12_IGPDI12,IGP-DI Índice Geral,1.202013e-11
2026-08-01,1965-10-01,IGP12_IGPDI12,IGP-DI Índice Geral,1.226322e-11
2026-08-01,1965-11-01,IGP12_IGPDI12,IGP-DI Índice Geral,1.237443e-11
2026-08-01,1965-12-01,IGP12_IGPDI12,IGP-DI Índice Geral,1.261235e-11
2026-08-01,1966-01-01,IGP12_IGPDI12,IGP-DI Índice Geral,1.357954e-11
2026-08-01,1966-02-01,IGP12_IGPDI12,IGP-DI Índice Geral,1.397263e-11
2026-08-01,1966-03-01,IGP12_IGPDI12,IGP-DI Índice Geral,1.433727e-11
2026-08-01,1966-04-01,IGP12_IGPDI12,IGP-DI Índice Geral,1.501224e-11
2026-08-01,1966-05-01,IGP12_IGPDI12,IGP-DI Índice Geral,1.536136e-11
2026-08-01,1966-06-01,IGP12_IGPDI12,IGP-DI Índice Geral,1.564583e-11
2026-08-01,1966-07-01,IGP12_IGPDI12,IGP-DI Índice Geral,1.616563e-11
2026-08-01,1966-08-01,IGP12_IGPDI12,IGP-DI Índice Geral,1.651992e-11
2026-08-01,1966-09-01,IGP12_IGPDI12,IGP-DI Índice Geral,1.691301e-11
2026-08-01,1966-10-01,IGP12_IGPDI12,IGP-DI Índice Geral,1.725955e-11
2026-08-01,1966-11-01,IGP12_IGPDI12,IGP-DI Índice Geral,1.742764e-11
2026-08-01,1966-12-01,IGP12_IGPDI12,IGP-DI Índice Geral,1.75466e-11
2026-08-01,1967-01-01,IGP12_IGPDI12,IGP-DI Índice Geral,1.83276e-11
2026-08-01,1967-02-01,IGP12_IGPDI12,IGP-DI Índice Geral,1.877241e-11
2026-08-01,1967-03-01,IGP12_IGPDI12,IGP-DI Índice Geral,1.920428e-11
2026-08-01,1967-04-01,IGP12_IGPDI12,IGP-DI Índice Geral,1.968788e-11
2026-08-01,1967-05-01,IGP12_IGPDI12,IGP-DI Índice Geral,1.994908e-11
2026-08-01,1967-06-01,IGP12_IGPDI12,IGP-DI Índice Geral,2.010941e-11
2026-08-01,1967-07-01,IGP12_IGPDI12,IGP-DI Índice Geral,2.067577e-11
2026-08-01,1967-08-01,IGP12_IGPDI12,IGP-DI Índice Geral,2.084904e-11
2026-08-01,1967-09-01,IGP12_IGPDI12,IGP-DI Índice Geral,2.116454e-11
2026-08-01,1967-10-01,IGP12_IGPDI12,IGP-DI Índice Geral,2.148263e-11
2026-08-01,1967-11-01,IGP12_IGPDI12,IGP-DI Índice Geral,2.181623e-11
2026-08-01,1967-12-01,IGP12_IGPDI12,IGP-DI Índice Geral,2.193519e-11
2026-08-01,1968-01-01,IGP12_IGPDI12,IGP-DI Índice Geral,2.265671e-11
2026-08-01,1968-02-01,IGP12_IGPDI12,IGP-DI Índice Geral,2.318686e-11
2026-08-01,1968-03-01,IGP12_IGPDI12,IGP-DI Índice Geral,2.366787e-11
2026-08-01,1968-04-01,IGP12_IGPDI12,IGP-DI Índice Geral,2.419285e-11
2026-08-01,1968-05-01,IGP12_IGPDI12,IGP-DI Índice Geral,2.455749e-11
2026-08-01,1968-06-01,IGP12_IGPDI12,IGP-DI Índice Geral,2.521694e-11
2026-08-01,1968-07-01,IGP12_IGPDI12,IGP-DI Índice Geral,2.557382e-11
2026-08-01,1968-08-01,IGP12_IGPDI12,IGP-DI Índice Geral,2.587898e-11
2026-08-01,1968-09-01,IGP12_IGPDI12,IGP-DI Índice Geral,2.635223e-11
2026-08-01,1968-10-01,IGP12_IGPDI12,IGP-DI Índice Geral,2.694703e-11
2026-08-01,1968-11-01,IGP12_IGPDI12,IGP-DI Índice Geral,2.734787e-11
2026-08-01,1968-12-01,IGP12_IGPDI12,IGP-DI Índice Geral,2.752631e-11
2026-08-01,1969-01-01,IGP12_IGPDI12,IGP-DI Índice Geral,2.799181e-11
2026-08-01,1969-02-01,IGP12_IGPDI12,IGP-DI Índice Geral,2.839007e-11
2026-08-01,1969-03-01,IGP12_IGPDI12,IGP-DI Índice Geral,2.854006e-11
2026-08-01,1969-04-01,IGP12_IGPDI12,IGP-DI Índice Geral,2.889953e-11
2026-08-01,1969-05-01,IGP12_IGPDI12,IGP-DI Índice Geral,2.923055e-11
2026-08-01,1969-06-01,IGP12_IGPDI12,IGP-DI Índice Geral,2.986414e-11
2026-08-01,1969-07-01,IGP12_IGPDI12,IGP-DI Índice Geral,3.055204e-11
2026-08-01,1969-08-01,IGP12_IGPDI12,IGP-DI Índice Geral,3.106926e-11
2026-08-01,1969-09-01,IGP12_IGPDI12,IGP-DI Índice Geral,3.175457e-11
2026-08-01,1969-10-01,IGP12_IGPDI12,IGP-DI Índice Geral,3.227349e-11
2026-08-01,1969-11-01,IGP12_IGPDI12,IGP-DI Índice Geral,3.274671e-11
2026-08-01,1969-12-01,IGP12_IGPDI12,IGP-DI Índice Geral,3.284136e-11
2026-08-01,1970-01-01,IGP12_IGPDI12,IGP-DI Índice Geral,3.325148e-11
2026-08-01,1970-02-01,IGP12_IGPDI12,IGP-DI Índice Geral,3.37247e-11
2026-08-01,1970-03-01,IGP12_IGPDI12,IGP-DI Índice Geral,3.437143e-11
2026-08-01,1970-04-01,IGP12_IGPDI12,IGP-DI Índice Geral,3.448185e-11
2026-08-01,1970-05-01,IGP12_IGPDI12,IGP-DI Índice Geral,3.503393e-11
2026-08-01,1970-06-01,IGP12_IGPDI12,IGP-DI Índice Geral,3.580686e-11
2026-08-01,1970-07-01,IGP12_IGPDI12,IGP-DI Índice Geral,3.642204e-11
2026-08-01,1970-08-01,IGP12_IGPDI12,IGP-DI Índice Geral,3.725806e-11
2026-08-01,1970-09-01,IGP12_IGPDI12,IGP-DI Índice Geral,3.799944e-11
2026-08-01,1970-10-01,IGP12_IGPDI12,IGP-DI Índice Geral,3.85673e-11
2026-08-01,1970-11-01,IGP12_IGPDI12,IGP-DI Índice Geral,3.8867e-11
2026-08-01,1970-12-01,IGP12_IGPDI12,IGP-DI Índice Geral,3.916671e-11
2026-08-01,1971-01-01,IGP12_IGPDI12,IGP-DI Índice Geral,3.979767e-11
2026-08-01,1971-02-01,IGP12_IGPDI12,IGP-DI Índice Geral,4.041285e-11
2026-08-01,1971-03-01,IGP12_IGPDI12,IGP-DI Índice Geral,4.121732e-11
2026-08-01,1971-04-01,IGP12_IGPDI12,IGP-DI Índice Geral,4.193097e-11
2026-08-01,1971-05-01,IGP12_IGPDI12,IGP-DI Índice Geral,4.270107e-11
2026-08-01,1971-06-01,IGP12_IGPDI12,IGP-DI Índice Geral,4.367634e-11
2026-08-01,1971-07-01,IGP12_IGPDI12,IGP-DI Índice Geral,4.432798e-11
2026-08-01,1971-08-01,IGP12_IGPDI12,IGP-DI Índice Geral,4.473919e-11
2026-08-01,1971-09-01,IGP12_IGPDI12,IGP-DI Índice Geral,4.53828e-11
2026-08-01,1971-10-01,IGP12_IGPDI12,IGP-DI Índice Geral,4.593537e-11
2026-08-01,1971-11-01,IGP12_IGPDI12,IGP-DI Índice Geral,4.640343e-11
2026-08-01,1971-12-01,IGP12_IGPDI12,IGP-DI Índice Geral,4.679214e-11
2026-08-01,1972-01-01,IGP12_IGPDI12,IGP-DI Índice Geral,4.756997e-11
2026-08-01,1972-02-01,IGP12_IGPDI12,IGP-DI Índice Geral,4.850486e-11
2026-08-01,1972-03-01,IGP12_IGPDI12,IGP-DI Índice Geral,4.928942e-11
2026-08-01,1972-04-01,IGP12_IGPDI12,IGP-DI Índice Geral,4.981952e-11
2026-08-01,1972-05-01,IGP12_IGPDI12,IGP-DI Índice Geral,5.024857e-11
2026-08-01,1972-06-01,IGP12_IGPDI12,IGP-DI Índice Geral,5.078807e-11
2026-08-01,1972-07-01,IGP12_IGPDI12,IGP-DI Índice Geral,5.148821e-11
2026-08-01,1972-08-01,IGP12_IGPDI12,IGP-DI Índice Geral,5.222296e-11
2026-08-01,1972-09-01,IGP12_IGPDI12,IGP-DI Índice Geral,5.280695e-11
2026-08-01,1972-10-01,IGP12_IGPDI12,IGP-DI Índice Geral,5.330181e-11
2026-08-01,1972-11-01,IGP12_IGPDI12,IGP-DI Índice Geral,5.37651e-11
2026-08-01,1972-12-01,IGP12_IGPDI12,IGP-DI Índice Geral,5.41486e-11
2026-08-01,1973-01-01,IGP12_IGPDI12,IGP-DI Índice Geral,5.504442e-11
2026-08-01,1973-02-01,IGP12_IGPDI12,IGP-DI Índice Geral,5.568511e-11
2026-08-01,1973-03-01,IGP12_IGPDI12,IGP-DI Índice Geral,5.648524e-11
2026-08-01,1973-04-01,IGP12_IGPDI12,IGP-DI Índice Geral,5.730527e-11
2026-08-01,1973-05-01,IGP12_IGPDI12,IGP-DI Índice Geral,5.791222e-11
2026-08-01,1973-06-01,IGP12_IGPDI12,IGP-DI Índice Geral,5.845342e-11
2026-08-01,1973-07-01,IGP12_IGPDI12,IGP-DI Índice Geral,5.905547e-11
2026-08-01,1973-08-01,IGP12_IGPDI12,IGP-DI Índice Geral,5.964994e-11
2026-08-01,1973-09-01,IGP12_IGPDI12,IGP-DI Índice Geral,6.026653e-11
2026-08-01,1973-10-01,IGP12_IGPDI12,IGP-DI Índice Geral,6.114946e-11
2026-08-01,1973-11-01,IGP12_IGPDI12,IGP-DI Índice Geral,6.190713e-11
2026-08-01,1973-12-01,IGP12_IGPDI12,IGP-DI Índice Geral,6.256542e-11
2026-08-01,1974-01-01,IGP12_IGPDI12,IGP-DI Índice Geral,6.44014e-11
2026-08-01,1974-02-01,IGP12_IGPDI12,IGP-DI Índice Geral,6.611328e-11
2026-08-01,1974-03-01,IGP12_IGPDI12,IGP-DI Índice Geral,6.909536e-11
2026-08-01,1974-04-01,IGP12_IGPDI12,IGP-DI Índice Geral,7.26445e-11
2026-08-01,1974-05-01,IGP12_IGPDI12,IGP-DI Índice Geral,7.519365e-11
2026-08-01,1974-06-01,IGP12_IGPDI12,IGP-DI Índice Geral,7.668303e-11
2026-08-01,1974-07-01,IGP12_IGPDI12,IGP-DI Índice Geral,7.75941e-11
2026-08-01,1974-08-01,IGP12_IGPDI12,IGP-DI Índice Geral,7.859423e-11
2026-08-01,1974-09-01,IGP12_IGPDI12,IGP-DI Índice Geral,7.989667e-11
2026-08-01,1974-10-01,IGP12_IGPDI12,IGP-DI Índice Geral,8.109841e-11
2026-08-01,1974-11-01,IGP12_IGPDI12,IGP-DI Índice Geral,8.237055e-11
2026-08-01,1974-12-01,IGP12_IGPDI12,IGP-DI Índice Geral,8.41793e-11
2026-08-01,1975-01-01,IGP12_IGPDI12,IGP-DI Índice Geral,8.606051e-11
2026-08-01,1975-02-01,IGP12_IGPDI12,IGP-DI Índice Geral,8.801528e-11
2026-08-01,1975-03-01,IGP12_IGPDI12,IGP-DI Índice Geral,8.939904e-11
2026-08-01,1975-04-01,IGP12_IGPDI12,IGP-DI Índice Geral,9.100344e-11
2026-08-01,1975-05-01,IGP12_IGPDI12,IGP-DI Índice Geral,9.293923e-11
2026-08-01,1975-06-01,IGP12_IGPDI12,IGP-DI Índice Geral,9.50065e-11
2026-08-01,1975-07-01,IGP12_IGPDI12,IGP-DI Índice Geral,9.701259e-11
2026-08-01,1975-08-01,IGP12_IGPDI12,IGP-DI Índice Geral,9.971708e-11
2026-08-01,1975-09-01,IGP12_IGPDI12,IGP-DI Índice Geral,1.020188e-10
2026-08-01,1975-10-01,IGP12_IGPDI12,IGP-DI Índice Geral,1.043168e-10
2026-08-01,1975-11-01,IGP12_IGPDI12,IGP-DI Índice Geral,1.065641e-10
2026-08-01,1975-12-01,IGP12_IGPDI12,IGP-DI Índice Geral,1.088875e-10
2026-08-01,1976-01-01,IGP12_IGPDI12,IGP-DI Índice Geral,1.122558e-10
2026-08-01,1976-02-01,IGP12_IGPDI12,IGP-DI Índice Geral,1.169144e-10
2026-08-01,1976-03-01,IGP12_IGPDI12,IGP-DI Índice Geral,1.212282e-10
2026-08-01,1976-04-01,IGP12_IGPDI12,IGP-DI Índice Geral,1.257819e-10
2026-08-01,1976-05-01,IGP12_IGPDI12,IGP-DI Índice Geral,1.30066e-10
2026-08-01,1976-06-01,IGP12_IGPDI12,IGP-DI Índice Geral,1.335386e-10
2026-08-01,1976-07-01,IGP12_IGPDI12,IGP-DI Índice Geral,1.386233e-10
2026-08-01,1976-08-01,IGP12_IGPDI12,IGP-DI Índice Geral,1.443009e-10
2026-08-01,1976-09-01,IGP12_IGPDI12,IGP-DI Índice Geral,1.492551e-10
2026-08-01,1976-10-01,IGP12_IGPDI12,IGP-DI Índice Geral,1.527711e-10
2026-08-01,1976-11-01,IGP12_IGPDI12,IGP-DI Índice Geral,1.556813e-10
2026-08-01,1976-12-01,IGP12_IGPDI12,IGP-DI Índice Geral,1.592548e-10
2026-08-01,1977-01-01,IGP12_IGPDI12,IGP-DI Índice Geral,1.652064e-10
2026-08-01,1977-02-01,IGP12_IGPDI12,IGP-DI Índice Geral,1.704398e-10
2026-08-01,1977-03-01,IGP12_IGPDI12,IGP-DI Índice Geral,1.775158e-10
2026-08-01,1977-04-01,IGP12_IGPDI12,IGP-DI Índice Geral,1.847523e-10
2026-08-01,1977-05-01,IGP12_IGPDI12,IGP-DI Índice Geral,1.913695e-10
2026-08-01,1977-06-01,IGP12_IGPDI12,IGP-DI Índice Geral,1.951271e-10
2026-08-01,1977-07-01,IGP12_IGPDI12,IGP-DI Índice Geral,1.991574e-10
2026-08-01,1977-08-01,IGP12_IGPDI12,IGP-DI Índice Geral,2.017426e-10
2026-08-01,1977-09-01,IGP12_IGPDI12,IGP-DI Índice Geral,2.053165e-10
2026-08-01,1977-10-01,IGP12_IGPDI12,IGP-DI Índice Geral,2.10945e-10
2026-08-01,1977-11-01,IGP12_IGPDI12,IGP-DI Índice Geral,2.164515e-10
2026-08-01,1977-12-01,IGP12_IGPDI12,IGP-DI Índice Geral,2.210135e-10
2026-08-01,1978-01-01,IGP12_IGPDI12,IGP-DI Índice Geral,2.268921e-10
2026-08-01,1978-02-01,IGP12_IGPDI12,IGP-DI Índice Geral,2.346064e-10
2026-08-01,1978-03-01,IGP12_IGPDI12,IGP-DI Índice Geral,2.423365e-10
2026-08-01,1978-04-01,IGP12_IGPDI12,IGP-DI Índice Geral,2.504698e-10
2026-08-01,1978-05-01,IGP12_IGPDI12,IGP-DI Índice Geral,2.585073e-10
2026-08-01,1978-06-01,IGP12_IGPDI12,IGP-DI Índice Geral,2.678934e-10
2026-08-01,1978-07-01,IGP12_IGPDI12,IGP-DI Índice Geral,2.75454e-10
2026-08-01,1978-08-01,IGP12_IGPDI12,IGP-DI Índice Geral,2.828e-10
2026-08-01,1978-09-01,IGP12_IGPDI12,IGP-DI Índice Geral,2.900214e-10
2026-08-01,1978-10-01,IGP12_IGPDI12,IGP-DI Índice Geral,2.983457e-10
2026-08-01,1978-11-01,IGP12_IGPDI12,IGP-DI Índice Geral,3.065498e-10
2026-08-01,1978-12-01,IGP12_IGPDI12,IGP-DI Índice Geral,3.11207e-10
2026-08-01,1979-01-01,IGP12_IGPDI12,IGP-DI Índice Geral,3.226508e-10
2026-08-01,1979-02-01,IGP12_IGPDI12,IGP-DI Índice Geral,3.347431e-10
2026-08-01,1979-03-01,IGP12_IGPDI12,IGP-DI Índice Geral,3.54071e-10
2026-08-01,1979-04-01,IGP12_IGPDI12,IGP-DI Índice Geral,3.674342e-10
2026-08-01,1979-05-01,IGP12_IGPDI12,IGP-DI Índice Geral,3.760308e-10
2026-08-01,1979-06-01,IGP12_IGPDI12,IGP-DI Índice Geral,3.889879e-10
2026-08-01,1979-07-01,IGP12_IGPDI12,IGP-DI Índice Geral,4.059408e-10
2026-08-01,1979-08-01,IGP12_IGPDI12,IGP-DI Índice Geral,4.296261e-10
2026-08-01,1979-09-01,IGP12_IGPDI12,IGP-DI Índice Geral,4.626804e-10
2026-08-01,1979-10-01,IGP12_IGPDI12,IGP-DI Índice Geral,4.869682e-10
2026-08-01,1979-11-01,IGP12_IGPDI12,IGP-DI Índice Geral,5.140737e-10
2026-08-01,1979-12-01,IGP12_IGPDI12,IGP-DI Índice Geral,5.516021e-10
2026-08-01,1980-01-01,IGP12_IGPDI12,IGP-DI Índice Geral,5.860237e-10
2026-08-01,1980-02-01,IGP12_IGPDI12,IGP-DI Índice Geral,6.106183e-10
2026-08-01,1980-03-01,IGP12_IGPDI12,IGP-DI Índice Geral,6.507523e-10
2026-08-01,1980-04-01,IGP12_IGPDI12,IGP-DI Índice Geral,6.880058e-10
2026-08-01,1980-05-01,IGP12_IGPDI12,IGP-DI Índice Geral,7.31977e-10
2026-08-01,1980-06-01,IGP12_IGPDI12,IGP-DI Índice Geral,7.749001e-10
2026-08-01,1980-07-01,IGP12_IGPDI12,IGP-DI Índice Geral,8.403514e-10
2026-08-01,1980-08-01,IGP12_IGPDI12,IGP-DI Índice Geral,8.984787e-10
2026-08-01,1980-09-01,IGP12_IGPDI12,IGP-DI Índice Geral,9.459265e-10
2026-08-01,1980-10-01,IGP12_IGPDI12,IGP-DI Índice Geral,1.018261e-09
2026-08-01,1980-11-01,IGP12_IGPDI12,IGP-DI Índice Geral,1.09514e-09
2026-08-01,1980-12-01,IGP12_IGPDI12,IGP-DI Índice Geral,1.159685e-09
2026-08-01,1981-01-01,IGP12_IGPDI12,IGP-DI Índice Geral,1.235792e-09
2026-08-01,1981-02-01,IGP12_IGPDI12,IGP-DI Índice Geral,1.340589e-09
2026-08-01,1981-03-01,IGP12_IGPDI12,IGP-DI Índice Geral,1.439346e-09
2026-08-01,1981-04-01,IGP12_IGPDI12,IGP-DI Índice Geral,1.518076e-09
2026-08-01,1981-05-01,IGP12_IGPDI12,IGP-DI Índice Geral,1.612085e-09
2026-08-01,1981-06-01,IGP12_IGPDI12,IGP-DI Índice Geral,1.684094e-09
2026-08-01,1981-07-01,IGP12_IGPDI12,IGP-DI Índice Geral,1.769604e-09
2026-08-01,1981-08-01,IGP12_IGPDI12,IGP-DI Índice Geral,1.888716e-09
2026-08-01,1981-09-01,IGP12_IGPDI12,IGP-DI Índice Geral,1.9845e-09
2026-08-01,1981-10-01,IGP12_IGPDI12,IGP-DI Índice Geral,2.070886e-09
2026-08-01,1981-11-01,IGP12_IGPDI12,IGP-DI Índice Geral,2.180857e-09
2026-08-01,1981-12-01,IGP12_IGPDI12,IGP-DI Índice Geral,2.26366e-09
2026-08-01,1982-01-01,IGP12_IGPDI12,IGP-DI Índice Geral,2.405944e-09
2026-08-01,1982-02-01,IGP12_IGPDI12,IGP-DI Índice Geral,2.570738e-09
2026-08-01,1982-03-01,IGP12_IGPDI12,IGP-DI Índice Geral,2.756555e-09
2026-08-01,1982-04-01,IGP12_IGPDI12,IGP-DI Índice Geral,2.904293e-09
2026-08-01,1982-05-01,IGP12_IGPDI12,IGP-DI Índice Geral,3.08202e-09
2026-08-01,1982-06-01,IGP12_IGPDI12,IGP-DI Índice Geral,3.328349e-09
2026-08-01,1982-07-01,IGP12_IGPDI12,IGP-DI Índice Geral,3.529973e-09
2026-08-01,1982-08-01,IGP12_IGPDI12,IGP-DI Índice Geral,3.734755e-09
2026-08-01,1982-09-01,IGP12_IGPDI12,IGP-DI Índice Geral,3.871382e-09
2026-08-01,1982-10-01,IGP12_IGPDI12,IGP-DI Índice Geral,4.056442e-09
2026-08-01,1982-11-01,IGP12_IGPDI12,IGP-DI Índice Geral,4.259352e-09
2026-08-01,1982-12-01,IGP12_IGPDI12,IGP-DI Índice Geral,4.520998e-09
2026-08-01,1983-01-01,IGP12_IGPDI12,IGP-DI Índice Geral,4.929945e-09
2026-08-01,1983-02-01,IGP12_IGPDI12,IGP-DI Índice Geral,5.251314e-09
2026-08-01,1983-03-01,IGP12_IGPDI12,IGP-DI Índice Geral,5.781023e-09
2026-08-01,1983-04-01,IGP12_IGPDI12,IGP-DI Índice Geral,6.312661e-09
2026-08-01,1983-05-01,IGP12_IGPDI12,IGP-DI Índice Geral,6.716671e-09
2026-08-01,1983-06-01,IGP12_IGPDI12,IGP-DI Índice Geral,7.563319e-09
2026-08-01,1983-07-01,IGP12_IGPDI12,IGP-DI Índice Geral,8.569628e-09
2026-08-01,1983-08-01,IGP12_IGPDI12,IGP-DI Índice Geral,9.436254e-09
2026-08-01,1983-09-01,IGP12_IGPDI12,IGP-DI Índice Geral,1.064332e-08
2026-08-01,1983-10-01,IGP12_IGPDI12,IGP-DI Índice Geral,1.205508e-08
2026-08-01,1983-11-01,IGP12_IGPDI12,IGP-DI Índice Geral,1.307183e-08
2026-08-01,1983-12-01,IGP12_IGPDI12,IGP-DI Índice Geral,1.405993e-08
2026-08-01,1984-01-01,IGP12_IGPDI12,IGP-DI Índice Geral,1.54397e-08
2026-08-01,1984-02-01,IGP12_IGPDI12,IGP-DI Índice Geral,1.733245e-08
2026-08-01,1984-03-01,IGP12_IGPDI12,IGP-DI Índice Geral,1.905728e-08
2026-08-01,1984-04-01,IGP12_IGPDI12,IGP-DI Índice Geral,2.076101e-08
2026-08-01,1984-05-01,IGP12_IGPDI12,IGP-DI Índice Geral,2.260046e-08
2026-08-01,1984-06-01,IGP12_IGPDI12,IGP-DI Índice Geral,2.469085e-08
2026-08-01,1984-07-01,IGP12_IGPDI12,IGP-DI Índice Geral,2.723872e-08
2026-08-01,1984-08-01,IGP12_IGPDI12,IGP-DI Índice Geral,3.013206e-08
2026-08-01,1984-09-01,IGP12_IGPDI12,IGP-DI Índice Geral,3.329869e-08
2026-08-01,1984-10-01,IGP12_IGPDI12,IGP-DI Índice Geral,3.748743e-08
2026-08-01,1984-11-01,IGP12_IGPDI12,IGP-DI Índice Geral,4.118964e-08
2026-08-01,1984-12-01,IGP12_IGPDI12,IGP-DI Índice Geral,4.552771e-08
2026-08-01,1985-01-01,IGP12_IGPDI12,IGP-DI Índice Geral,5.128074e-08
2026-08-01,1985-02-01,IGP12_IGPDI12,IGP-DI Índice Geral,5.649185e-08
2026-08-01,1985-03-01,IGP12_IGPDI12,IGP-DI Índice Geral,6.367097e-08
2026-08-01,1985-04-01,IGP12_IGPDI12,IGP-DI Índice Geral,6.82657e-08
2026-08-01,1985-05-01,IGP12_IGPDI12,IGP-DI Índice Geral,7.357849e-08
2026-08-01,1985-06-01,IGP12_IGPDI12,IGP-DI Índice Geral,7.935015e-08
2026-08-01,1985-07-01,IGP12_IGPDI12,IGP-DI Índice Geral,8.642482e-08
2026-08-01,1985-08-01,IGP12_IGPDI12,IGP-DI Índice Geral,9.852312e-08
2026-08-01,1985-09-01,IGP12_IGPDI12,IGP-DI Índice Geral,1.075208e-07
2026-08-01,1985-10-01,IGP12_IGPDI12,IGP-DI Índice Geral,1.172484e-07
2026-08-01,1985-11-01,IGP12_IGPDI12,IGP-DI Índice Geral,1.347772e-07
2026-08-01,1985-12-01,IGP12_IGPDI12,IGP-DI Índice Geral,1.525661e-07
2026-08-01,1986-01-01,IGP12_IGPDI12,IGP-DI Índice Geral,1.797041e-07
2026-08-01,1986-02-01,IGP12_IGPDI12,IGP-DI Índice Geral,2.066224e-07
2026-08-01,1986-03-01,IGP12_IGPDI12,IGP-DI Índice Geral,2.180345e-07
2026-08-01,1986-04-01,IGP12_IGPDI12,IGP-DI Índice Geral,2.167655e-07
2026-08-01,1986-05-01,IGP12_IGPDI12,IGP-DI Índice Geral,2.174589e-07
2026-08-01,1986-06-01,IGP12_IGPDI12,IGP-DI Índice Geral,2.186079e-07
2026-08-01,1986-07-01,IGP12_IGPDI12,IGP-DI Índice Geral,2.199903e-07
2026-08-01,1986-08-01,IGP12_IGPDI12,IGP-DI Índice Geral,2.229207e-07
2026-08-01,1986-09-01,IGP12_IGPDI12,IGP-DI Índice Geral,2.253561e-07
2026-08-01,1986-10-01,IGP12_IGPDI12,IGP-DI Índice Geral,2.284805e-07
2026-08-01,1986-11-01,IGP12_IGPDI12,IGP-DI Índice Geral,2.340906e-07
2026-08-01,1986-12-01,IGP12_IGPDI12,IGP-DI Índice Geral,2.517841e-07
2026-08-01,1987-01-01,IGP12_IGPDI12,IGP-DI Índice Geral,2.820931e-07
2026-08-01,1987-02-01,IGP12_IGPDI12,IGP-DI Índice Geral,3.218866e-07
2026-08-01,1987-03-01,IGP12_IGPDI12,IGP-DI Índice Geral,3.701659e-07
2026-08-01,1987-04-01,IGP12_IGPDI12,IGP-DI Índice Geral,4.444787e-07
2026-08-01,1987-05-01,IGP12_IGPDI12,IGP-DI Índice Geral,5.670751e-07
2026-08-01,1987-06-01,IGP12_IGPDI12,IGP-DI Índice Geral,7.138059e-07
2026-08-01,1987-07-01,IGP12_IGPDI12,IGP-DI Índice Geral,7.804132e-07
2026-08-01,1987-08-01,IGP12_IGPDI12,IGP-DI Índice Geral,8.155168e-07
2026-08-01,1987-09-01,IGP12_IGPDI12,IGP-DI Índice Geral,8.808966e-07
2026-08-01,1987-10-01,IGP12_IGPDI12,IGP-DI Índice Geral,9.79095e-07
2026-08-01,1987-11-01,IGP12_IGPDI12,IGP-DI Índice Geral,1.120723e-06
2026-08-01,1987-12-01,IGP12_IGPDI12,IGP-DI Índice Geral,1.29879e-06
2026-08-01,1988-01-01,IGP12_IGPDI12,IGP-DI Índice Geral,1.547402e-06
2026-08-01,1988-02-01,IGP12_IGPDI12,IGP-DI Índice Geral,1.820455e-06
2026-08-01,1988-03-01,IGP12_IGPDI12,IGP-DI Índice Geral,2.151096e-06
2026-08-01,1988-04-01,IGP12_IGPDI12,IGP-DI Índice Geral,2.588467e-06
2026-08-01,1988-05-01,IGP12_IGPDI12,IGP-DI Índice Geral,3.093478e-06
2026-08-01,1988-06-01,IGP12_IGPDI12,IGP-DI Índice Geral,3.737849e-06
2026-08-01,1988-07-01,IGP12_IGPDI12,IGP-DI Índice Geral,4.542933e-06
2026-08-01,1988-08-01,IGP12_IGPDI12,IGP-DI Índice Geral,5.583021e-06
2026-08-01,1988-09-01,IGP12_IGPDI12,IGP-DI Índice Geral,7.021114e-06
2026-08-01,1988-10-01,IGP12_IGPDI12,IGP-DI Índice Geral,8.957812e-06
2026-08-01,1988-11-01,IGP12_IGPDI12,IGP-DI Índice Geral,1.146326e-05
2026-08-01,1988-12-01,IGP12_IGPDI12,IGP-DI Índice Geral,1.47745e-05
2026-08-01,1989-01-01,IGP12_IGPDI12,IGP-DI Índice Geral,2.017558e-05
2026-08-01,1989-02-01,IGP12_IGPDI12,IGP-DI Índice Geral,2.255717e-05
2026-08-01,1989-03-01,IGP12_IGPDI12,IGP-DI Índice Geral,2.351083e-05
2026-08-01,1989-04-01,IGP12_IGPDI12,IGP-DI Índice Geral,2.472625e-05
2026-08-01,1989-05-01,IGP12_IGPDI12,IGP-DI Índice Geral,2.788088e-05
2026-08-01,1989-06-01,IGP12_IGPDI12,IGP-DI Índice Geral,3.534312e-05
2026-08-01,1989-07-01,IGP12_IGPDI12,IGP-DI Índice Geral,4.873173e-05
2026-08-01,1989-08-01,IGP12_IGPDI12,IGP-DI Índice Geral,6.650961e-05
2026-08-01,1989-09-01,IGP12_IGPDI12,IGP-DI Índice Geral,9.239392e-05
2026-08-01,1989-10-01,IGP12_IGPDI12,IGP-DI Índice Geral,0.0001290728
2026-08-01,1989-11-01,IGP12_IGPDI12,IGP-DI Índice Geral,0.0001862189
2026-08-01,1989-12-01,IGP12_IGPDI12,IGP-DI Índice Geral,0.0002781883
2026-08-01,1990-01-01,IGP12_IGPDI12,IGP-DI Índice Geral,0.0004782058
2026-08-01,1990-02-01,IGP12_IGPDI12,IGP-DI Índice Geral,0.0008209837
2026-08-01,1990-03-01,IGP12_IGPDI12,IGP-DI Índice Geral,0.001488607
2026-08-01,1990-04-01,IGP12_IGPDI12,IGP-DI Índice Geral,0.001657266
2026-08-01,1990-05-01,IGP12_IGPDI12,IGP-DI Índice Geral,0.001807746
2026-08-01,1990-06-01,IGP12_IGPDI12,IGP-DI Índice Geral,0.001970805
2026-08-01,1990-07-01,IGP12_IGPDI12,IGP-DI Índice Geral,0.002226616
2026-08-01,1990-08-01,IGP12_IGPDI12,IGP-DI Índice Geral,0.002514517
2026-08-01,1990-09-01,IGP12_IGPDI12,IGP-DI Índice Geral,0.002808967
2026-08-01,1990-10-01,IGP12_IGPDI12,IGP-DI Índice Geral,0.003206717
2026-08-01,1990-11-01,IGP12_IGPDI12,IGP-DI Índice Geral,0.003766289
2026-08-01,1990-12-01,IGP12_IGPDI12,IGP-DI Índice Geral,0.00438622
2026-08-01,1991-01-01,IGP12_IGPDI12,IGP-DI Índice Geral,0.005260394
2026-08-01,1991-02-01,IGP12_IGPDI12,IGP-DI Índice Geral,0.006370864
2026-08-01,1991-03-01,IGP12_IGPDI12,IGP-DI Índice Geral,0.006832751
2026-08-01,1991-04-01,IGP12_IGPDI12,IGP-DI Índice Geral,0.007429934
2026-08-01,1991-05-01,IGP12_IGPDI12,IGP-DI Índice Geral,0.007915108
2026-08-01,1991-06-01,IGP12_IGPDI12,IGP-DI Índice Geral,0.008695538
2026-08-01,1991-07-01,IGP12_IGPDI12,IGP-DI Índice Geral,0.009811176
2026-08-01,1991-08-01,IGP12_IGPDI12,IGP-DI Índice Geral,0.01133092
2026-08-01,1991-09-01,IGP12_IGPDI12,IGP-DI Índice Geral,0.0131654
2026-08-01,1991-10-01,IGP12_IGPDI12,IGP-DI Índice Geral,0.01656866
2026-08-01,1991-11-01,IGP12_IGPDI12,IGP-DI Índice Geral,0.02083674
2026-08-01,1991-12-01,IGP12_IGPDI12,IGP-DI Índice Geral,0.02545
2026-08-01,1992-01-01,IGP12_IGPDI12,IGP-DI Índice Geral,0.03228078
2026-08-01,1992-02-01,IGP12_IGPDI12,IGP-DI Índice Geral,0.04028319
2026-08-01,1992-03-01,IGP12_IGPDI12,IGP-DI Índice Geral,0.04862181
2026-08-01,1992-04-01,IGP12_IGPDI12,IGP-DI Índice Geral,0.05763629
2026-08-01,1992-05-01,IGP12_IGPDI12,IGP-DI Índice Geral,0.07057564
2026-08-01,1992-06-01,IGP12_IGPDI12,IGP-DI Índice Geral,0.08569295
2026-08-01,1992-07-01,IGP12_IGPDI12,IGP-DI Índice Geral,0.1042797
2026-08-01,1992-08-01,IGP12_IGPDI12,IGP-DI Índice Geral,0.1309128
2026-08-01,1992-09-01,IGP12_IGPDI12,IGP-DI Índice Geral,0.1667436
2026-08-01,1992-10-01,IGP12_IGPDI12,IGP-DI Índice Geral,0.2083295
2026-08-01,1992-11-01,IGP12_IGPDI12,IGP-DI Índice Geral,0.2587869
2026-08-01,1992-12-01,IGP12_IGPDI12,IGP-DI Índice Geral,0.3201194
2026-08-01,1993-01-01,IGP12_IGPDI12,IGP-DI Índice Geral,0.4120897
2026-08-01,1993-02-01,IGP12_IGPDI12,IGP-DI Índice Geral,0.5213346
2026-08-01,1993-03-01,IGP12_IGPDI12,IGP-DI Índice Geral,0.6663178
2026-08-01,1993-04-01,IGP12_IGPDI12,IGP-DI Índice Geral,0.8542861
2026-08-01,1993-05-01,IGP12_IGPDI12,IGP-DI Índice Geral,1.129964
2026-08-01,1993-06-01,IGP12_IGPDI12,IGP-DI Índice Geral,1.477089
2026-08-01,1993-07-01,IGP12_IGPDI12,IGP-DI Índice Geral,1.949167
2026-08-01,1993-08-01,IGP12_IGPDI12,IGP-DI Índice Geral,2.602722
2026-08-01,1993-09-01,IGP12_IGPDI12,IGP-DI Índice Geral,3.565469
2026-08-01,1993-10-01,IGP12_IGPDI12,IGP-DI Índice Geral,4.818376
2026-08-01,1993-11-01,IGP12_IGPDI12,IGP-DI Índice Geral,6.599247
2026-08-01,1993-12-01,IGP12_IGPDI12,IGP-DI Índice Geral,8.989495
2026-08-01,1994-01-01,IGP12_IGPDI12,IGP-DI Índice Geral,12.78216
2026-08-01,1994-02-01,IGP12_IGPDI12,IGP-DI Índice Geral,18.20307
2026-08-01,1994-03-01,IGP12_IGPDI12,IGP-DI Índice Geral,26.36351
2026-08-01,1994-04-01,IGP12_IGPDI12,IGP-DI Índice Geral,37.55746
2026-08-01,1994-05-01,IGP12_IGPDI12,IGP-DI Índice Geral,52.93725
2026-08-01,1994-06-01,IGP12_IGPDI12,IGP-DI Índice Geral,77.59542
2026-08-01,1994-07-01,IGP12_IGPDI12,IGP-DI Índice Geral,96.76925
2026-08-01,1994-08-01,IGP12_IGPDI12,IGP-DI Índice Geral,100.0
2026-08-01,1994-09-01,IGP12_IGPDI12,IGP-DI Índice Geral,101.549
2026-08-01,1994-10-01,IGP12_IGPDI12,IGP-DI Índice Geral,104.143
2026-08-01,1994-11-01,IGP12_IGPDI12,IGP-DI Índice Geral,106.72
2026-08-01,1994-12-01,IGP12_IGPDI12,IGP-DI Índice Geral,107.325
2026-08-01,1995-01-01,IGP12_IGPDI12,IGP-DI Índice Geral,108.785
2026-08-01,1995-02-01,IGP12_IGPDI12,IGP-DI Índice Geral,110.039
2026-08-01,1995-03-01,IGP12_IGPDI12,IGP-DI Índice Geral,112.035
2026-08-01,1995-04-01,IGP12_IGPDI12,IGP-DI Índice Geral,114.614
2026-08-01,1995-05-01,IGP12_IGPDI12,IGP-DI Índice Geral,115.071
2026-08-01,1995-06-01,IGP12_IGPDI12,IGP-DI Índice Geral,118.09
2026-08-01,1995-07-01,IGP12_IGPDI12,IGP-DI Índice Geral,120.733
2026-08-01,1995-08-01,IGP12_IGPDI12,IGP-DI Índice Geral,122.289
2026-08-01,1995-09-01,IGP12_IGPDI12,IGP-DI Índice Geral,120.967
2026-08-01,1995-10-01,IGP12_IGPDI12,IGP-DI Índice Geral,121.241
2026-08-01,1995-11-01,IGP12_IGPDI12,IGP-DI Índice Geral,122.85
2026-08-01,1995-12-01,IGP12_IGPDI12,IGP-DI Índice Geral,123.187
2026-08-01,1996-01-01,IGP12_IGPDI12,IGP-DI Índice Geral,125.397
2026-08-01,1996-02-01,IGP12_IGPDI12,IGP-DI Índice Geral,126.353
2026-08-01,1996-03-01,IGP12_IGPDI12,IGP-DI Índice Geral,126.627
2026-08-01,1996-04-01,IGP12_IGPDI12,IGP-DI Índice Geral,127.509
2026-08-01,1996-05-01,IGP12_IGPDI12,IGP-DI Índice Geral,129.655
2026-08-01,1996-06-01,IGP12_IGPDI12,IGP-DI Índice Geral,131.24
2026-08-01,1996-07-01,IGP12_IGPDI12,IGP-DI Índice Geral,132.674
2026-08-01,1996-08-01,IGP12_IGPDI12,IGP-DI Índice Geral,132.679
2026-08-01,1996-09-01,IGP12_IGPDI12,IGP-DI Índice Geral,132.849
2026-08-01,1996-10-01,IGP12_IGPDI12,IGP-DI Índice Geral,133.141
2026-08-01,1996-11-01,IGP12_IGPDI12,IGP-DI Índice Geral,133.517
2026-08-01,1996-12-01,IGP12_IGPDI12,IGP-DI Índice Geral,134.689
2026-08-01,1997-01-01,IGP12_IGPDI12,IGP-DI Índice Geral,136.814
2026-08-01,1997-02-01,IGP12_IGPDI12,IGP-DI Índice Geral,137.39
2026-08-01,1997-03-01,IGP12_IGPDI12,IGP-DI Índice Geral,138.99
2026-08-01,1997-04-01,IGP12_IGPDI12,IGP-DI Índice Geral,139.807
2026-08-01,1997-05-01,IGP12_IGPDI12,IGP-DI Índice Geral,140.229
2026-08-01,1997-06-01,IGP12_IGPDI12,IGP-DI Índice Geral,141.207
2026-08-01,1997-07-01,IGP12_IGPDI12,IGP-DI Índice Geral,141.33
2026-08-01,1997-08-01,IGP12_IGPDI12,IGP-DI Índice Geral,141.268
2026-08-01,1997-09-01,IGP12_IGPDI12,IGP-DI Índice Geral,142.101
2026-08-01,1997-10-01,IGP12_IGPDI12,IGP-DI Índice Geral,142.587
2026-08-01,1997-11-01,IGP12_IGPDI12,IGP-DI Índice Geral,143.771
2026-08-01,1997-12-01,IGP12_IGPDI12,IGP-DI Índice Geral,144.765
2026-08-01,1998-01-01,IGP12_IGPDI12,IGP-DI Índice Geral,146.038
2026-08-01,1998-02-01,IGP12_IGPDI12,IGP-DI Índice Geral,146.067
2026-08-01,1998-03-01,IGP12_IGPDI12,IGP-DI Índice Geral,146.408
2026-08-01,1998-04-01,IGP12_IGPDI12,IGP-DI Índice Geral,146.211
2026-08-01,1998-05-01,IGP12_IGPDI12,IGP-DI Índice Geral,146.544
2026-08-01,1998-06-01,IGP12_IGPDI12,IGP-DI Índice Geral,146.951
2026-08-01,1998-07-01,IGP12_IGPDI12,IGP-DI Índice Geral,146.398
2026-08-01,1998-08-01,IGP12_IGPDI12,IGP-DI Índice Geral,146.144
2026-08-01,1998-09-01,IGP12_IGPDI12,IGP-DI Índice Geral,146.111
2026-08-01,1998-10-01,IGP12_IGPDI12,IGP-DI Índice Geral,146.063
2026-08-01,1998-11-01,IGP12_IGPDI12,IGP-DI Índice Geral,145.797
2026-08-01,1998-12-01,IGP12_IGPDI12,IGP-DI Índice Geral,147.231
2026-08-01,1999-01-01,IGP12_IGPDI12,IGP-DI Índice Geral,148.921
2026-08-01,1999-02-01,IGP12_IGPDI12,IGP-DI Índice Geral,155.528
2026-08-01,1999-03-01,IGP12_IGPDI12,IGP-DI Índice Geral,158.6
2026-08-01,1999-04-01,IGP12_IGPDI12,IGP-DI Índice Geral,158.647
2026-08-01,1999-05-01,IGP12_IGPDI12,IGP-DI Índice Geral,158.1
2026-08-01,1999-06-01,IGP12_IGPDI12,IGP-DI Índice Geral,159.711
2026-08-01,1999-07-01,IGP12_IGPDI12,IGP-DI Índice Geral,162.253
2026-08-01,1999-08-01,IGP12_IGPDI12,IGP-DI Índice Geral,164.612
2026-08-01,1999-09-01,IGP12_IGPDI12,IGP-DI Índice Geral,167.028
2026-08-01,1999-10-01,IGP12_IGPDI12,IGP-DI Índice Geral,170.182
2026-08-01,1999-11-01,IGP12_IGPDI12,IGP-DI Índice Geral,174.496
2026-08-01,1999-12-01,IGP12_IGPDI12,IGP-DI Índice Geral,176.647
2026-08-01,2000-01-01,IGP12_IGPDI12,IGP-DI Índice Geral,178.454
2026-08-01,2000-02-01,IGP12_IGPDI12,IGP-DI Índice Geral,178.8
2026-08-01,2000-03-01,IGP12_IGPDI12,IGP-DI Índice Geral,179.128
2026-08-01,2000-04-01,IGP12_IGPDI12,IGP-DI Índice Geral,179.357
2026-08-01,2000-05-01,IGP12_IGPDI12,IGP-DI Índice Geral,180.563
2026-08-01,2000-06-01,IGP12_IGPDI12,IGP-DI Índice Geral,182.236
2026-08-01,2000-07-01,IGP12_IGPDI12,IGP-DI Índice Geral,186.353
2026-08-01,2000-08-01,IGP12_IGPDI12,IGP-DI Índice Geral,189.746
2026-08-01,2000-09-01,IGP12_IGPDI12,IGP-DI Índice Geral,191.049
2026-08-01,2000-10-01,IGP12_IGPDI12,IGP-DI Índice Geral,191.763
2026-08-01,2000-11-01,IGP12_IGPDI12,IGP-DI Índice Geral,192.506
2026-08-01,2000-12-01,IGP12_IGPDI12,IGP-DI Índice Geral,193.97
2026-08-01,2001-01-01,IGP12_IGPDI12,IGP-DI Índice Geral,194.92
2026-08-01,2001-02-01,IGP12_IGPDI12,IGP-DI Índice Geral,195.58
2026-08-01,2001-03-01,IGP12_IGPDI12,IGP-DI Índice Geral,197.151
2026-08-01,2001-04-01,IGP12_IGPDI12,IGP-DI Índice Geral,199.374
2026-08-01,2001-05-01,IGP12_IGPDI12,IGP-DI Índice Geral,200.251
2026-08-01,2001-06-01,IGP12_IGPDI12,IGP-DI Índice Geral,203.167
2026-08-01,2001-07-01,IGP12_IGPDI12,IGP-DI Índice Geral,206.45
2026-08-01,2001-08-01,IGP12_IGPDI12,IGP-DI Índice Geral,208.315
2026-08-01,2001-09-01,IGP12_IGPDI12,IGP-DI Índice Geral,209.111
2026-08-01,2001-10-01,IGP12_IGPDI12,IGP-DI Índice Geral,212.135
2026-08-01,2001-11-01,IGP12_IGPDI12,IGP-DI Índice Geral,213.756
2026-08-01,2001-12-01,IGP12_IGPDI12,IGP-DI Índice Geral,214.137
2026-08-01,2002-01-01,IGP12_IGPDI12,IGP-DI Índice Geral,214.535
2026-08-01,2002-02-01,IGP12_IGPDI12,IGP-DI Índice Geral,214.927
2026-08-01,2002-03-01,IGP12_IGPDI12,IGP-DI Índice Geral,215.17
2026-08-01,2002-04-01,IGP12_IGPDI12,IGP-DI Índice Geral,216.673
2026-08-01,2002-05-01,IGP12_IGPDI12,IGP-DI Índice Geral,219.07
2026-08-01,2002-06-01,IGP12_IGPDI12,IGP-DI Índice Geral,222.872
2026-08-01,2002-07-01,IGP12_IGPDI12,IGP-DI Índice Geral,227.441
2026-08-01,2002-08-01,IGP12_IGPDI12,IGP-DI Índice Geral,232.818
2026-08-01,2002-09-01,IGP12_IGPDI12,IGP-DI Índice Geral,238.973
2026-08-01,2002-10-01,IGP12_IGPDI12,IGP-DI Índice Geral,249.042
2026-08-01,2002-11-01,IGP12_IGPDI12,IGP-DI Índice Geral,263.58
2026-08-01,2002-12-01,IGP12_IGPDI12,IGP-DI Índice Geral,270.692
2026-08-01,2003-01-01,IGP12_IGPDI12,IGP-DI Índice Geral,276.578
2026-08-01,2003-02-01,IGP12_IGPDI12,IGP-DI Índice Geral,280.984
2026-08-01,2003-03-01,IGP12_IGPDI12,IGP-DI Índice Geral,285.64
2026-08-01,2003-04-01,IGP12_IGPDI12,IGP-DI Índice Geral,286.815
2026-08-01,2003-05-01,IGP12_IGPDI12,IGP-DI Índice Geral,284.9
2026-08-01,2003-06-01,IGP12_IGPDI12,IGP-DI Índice Geral,282.913
2026-08-01,2003-07-01,IGP12_IGPDI12,IGP-DI Índice Geral,282.349
2026-08-01,2003-08-01,IGP12_IGPDI12,IGP-DI Índice Geral,284.105
2026-08-01,2003-09-01,IGP12_IGPDI12,IGP-DI Índice Geral,287.081
2026-08-01,2003-10-01,IGP12_IGPDI12,IGP-DI Índice Geral,288.337
2026-08-01,2003-11-01,IGP12_IGPDI12,IGP-DI Índice Geral,289.718
2026-08-01,2003-12-01,IGP12_IGPDI12,IGP-DI Índice Geral,291.462
2026-08-01,2004-01-01,IGP12_IGPDI12,IGP-DI Índice Geral,293.793
2026-08-01,2004-02-01,IGP12_IGPDI12,IGP-DI Índice Geral,296.976
2026-08-01,2004-03-01,IGP12_IGPDI12,IGP-DI Índice Geral,299.746
2026-08-01,2004-04-01,IGP12_IGPDI12,IGP-DI Índice Geral,303.184
2026-08-01,2004-05-01,IGP12_IGPDI12,IGP-DI Índice Geral,307.616
2026-08-01,2004-06-01,IGP12_IGPDI12,IGP-DI Índice Geral,311.576
2026-08-01,2004-07-01,IGP12_IGPDI12,IGP-DI Índice Geral,315.113
2026-08-01,2004-08-01,IGP12_IGPDI12,IGP-DI Índice Geral,319.244
2026-08-01,2004-09-01,IGP12_IGPDI12,IGP-DI Índice Geral,320.788
2026-08-01,2004-10-01,IGP12_IGPDI12,IGP-DI Índice Geral,322.492
2026-08-01,2004-11-01,IGP12_IGPDI12,IGP-DI Índice Geral,325.148
2026-08-01,2004-12-01,IGP12_IGPDI12,IGP-DI Índice Geral,326.833
2026-08-01,2005-01-01,IGP12_IGPDI12,IGP-DI Índice Geral,327.915
2026-08-01,2005-02-01,IGP12_IGPDI12,IGP-DI Índice Geral,329.241
2026-08-01,2005-03-01,IGP12_IGPDI12,IGP-DI Índice Geral,332.49
2026-08-01,2005-04-01,IGP12_IGPDI12,IGP-DI Índice Geral,334.17
2026-08-01,2005-05-01,IGP12_IGPDI12,IGP-DI Índice Geral,333.321
2026-08-01,2005-06-01,IGP12_IGPDI12,IGP-DI Índice Geral,331.823
2026-08-01,2005-07-01,IGP12_IGPDI12,IGP-DI Índice Geral,330.484
2026-08-01,2005-08-01,IGP12_IGPDI12,IGP-DI Índice Geral,327.887
2026-08-01,2005-09-01,IGP12_IGPDI12,IGP-DI Índice Geral,327.454
2026-08-01,2005-10-01,IGP12_IGPDI12,IGP-DI Índice Geral,329.529
2026-08-01,2005-11-01,IGP12_IGPDI12,IGP-DI Índice Geral,330.619
2026-08-01,2005-12-01,IGP12_IGPDI12,IGP-DI Índice Geral,330.835
2026-08-01,2006-01-01,IGP12_IGPDI12,IGP-DI Índice Geral,333.222
2026-08-01,2006-02-01,IGP12_IGPDI12,IGP-DI Índice Geral,333.03
2026-08-01,2006-03-01,IGP12_IGPDI12,IGP-DI Índice Geral,331.531
2026-08-01,2006-04-01,IGP12_IGPDI12,IGP-DI Índice Geral,331.607
2026-08-01,2006-05-01,IGP12_IGPDI12,IGP-DI Índice Geral,332.851
2026-08-01,2006-06-01,IGP12_IGPDI12,IGP-DI Índice Geral,335.067
2026-08-01,2006-07-01,IGP12_IGPDI12,IGP-DI Índice Geral,335.637
2026-08-01,2006-08-01,IGP12_IGPDI12,IGP-DI Índice Geral,337.011
2026-08-01,2006-09-01,IGP12_IGPDI12,IGP-DI Índice Geral,337.817
2026-08-01,2006-10-01,IGP12_IGPDI12,IGP-DI Índice Geral,340.541
2026-08-01,2006-11-01,IGP12_IGPDI12,IGP-DI Índice Geral,342.482
2026-08-01,2006-12-01,IGP12_IGPDI12,IGP-DI Índice Geral,343.384
2026-08-01,2007-01-01,IGP12_IGPDI12,IGP-DI Índice Geral,344.85
2026-08-01,2007-02-01,IGP12_IGPDI12,IGP-DI Índice Geral,345.652
2026-08-01,2007-03-01,IGP12_IGPDI12,IGP-DI Índice Geral,346.407
2026-08-01,2007-04-01,IGP12_IGPDI12,IGP-DI Índice Geral,346.878
2026-08-01,2007-05-01,IGP12_IGPDI12,IGP-DI Índice Geral,347.421
2026-08-01,2007-06-01,IGP12_IGPDI12,IGP-DI Índice Geral,348.328
2026-08-01,2007-07-01,IGP12_IGPDI12,IGP-DI Índice Geral,349.628
2026-08-01,2007-08-01,IGP12_IGPDI12,IGP-DI Índice Geral,354.495
2026-08-01,2007-09-01,IGP12_IGPDI12,IGP-DI Índice Geral,358.633
2026-08-01,2007-10-01,IGP12_IGPDI12,IGP-DI Índice Geral,361.308
2026-08-01,2007-11-01,IGP12_IGPDI12,IGP-DI Índice Geral,365.1
2026-08-01,2007-12-01,IGP12_IGPDI12,IGP-DI Índice Geral,370.485
2026-08-01,2008-01-01,IGP12_IGPDI12,IGP-DI Índice Geral,374.139
2026-08-01,2008-02-01,IGP12_IGPDI12,IGP-DI Índice Geral,375.558
2026-08-01,2008-03-01,IGP12_IGPDI12,IGP-DI Índice Geral,378.194
2026-08-01,2008-04-01,IGP12_IGPDI12,IGP-DI Índice Geral,382.414
2026-08-01,2008-05-01,IGP12_IGPDI12,IGP-DI Índice Geral,389.585
2026-08-01,2008-06-01,IGP12_IGPDI12,IGP-DI Índice Geral,396.954
2026-08-01,2008-07-01,IGP12_IGPDI12,IGP-DI Índice Geral,401.406
2026-08-01,2008-08-01,IGP12_IGPDI12,IGP-DI Índice Geral,399.87
2026-08-01,2008-09-01,IGP12_IGPDI12,IGP-DI Índice Geral,401.327
2026-08-01,2008-10-01,IGP12_IGPDI12,IGP-DI Índice Geral,405.707
2026-08-01,2008-11-01,IGP12_IGPDI12,IGP-DI Índice Geral,405.982
2026-08-01,2008-12-01,IGP12_IGPDI12,IGP-DI Índice Geral,404.185
2026-08-01,2009-01-01,IGP12_IGPDI12,IGP-DI Índice Geral,404.244
2026-08-01,2009-02-01,IGP12_IGPDI12,IGP-DI Índice Geral,403.737
2026-08-01,2009-03-01,IGP12_IGPDI12,IGP-DI Índice Geral,400.353
2026-08-01,2009-04-01,IGP12_IGPDI12,IGP-DI Índice Geral,400.53
2026-08-01,2009-05-01,IGP12_IGPDI12,IGP-DI Índice Geral,401.232
2026-08-01,2009-06-01,IGP12_IGPDI12,IGP-DI Índice Geral,399.966
2026-08-01,2009-07-01,IGP12_IGPDI12,IGP-DI Índice Geral,397.393
2026-08-01,2009-08-01,IGP12_IGPDI12,IGP-DI Índice Geral,397.758
2026-08-01,2009-09-01,IGP12_IGPDI12,IGP-DI Índice Geral,398.738
2026-08-01,2009-10-01,IGP12_IGPDI12,IGP-DI Índice Geral,398.575
2026-08-01,2009-11-01,IGP12_IGPDI12,IGP-DI Índice Geral,398.857
2026-08-01,2009-12-01,IGP12_IGPDI12,IGP-DI Índice Geral,398.407
2026-08-01,2010-01-01,IGP12_IGPDI12,IGP-DI Índice Geral,402.425
2026-08-01,2010-02-01,IGP12_IGPDI12,IGP-DI Índice Geral,406.826
2026-08-01,2010-03-01,IGP12_IGPDI12,IGP-DI Índice Geral,409.399
2026-08-01,2010-04-01,IGP12_IGPDI12,IGP-DI Índice Geral,412.341
2026-08-01,2010-05-01,IGP12_IGPDI12,IGP-DI Índice Geral,418.811
2026-08-01,2010-06-01,IGP12_IGPDI12,IGP-DI Índice Geral,420.241
2026-08-01,2010-07-01,IGP12_IGPDI12,IGP-DI Índice Geral,421.154
2026-08-01,2010-08-01,IGP12_IGPDI12,IGP-DI Índice Geral,425.788
2026-08-01,2010-09-01,IGP12_IGPDI12,IGP-DI Índice Geral,430.453
2026-08-01,2010-10-01,IGP12_IGPDI12,IGP-DI Índice Geral,434.882
2026-08-01,2010-11-01,IGP12_IGPDI12,IGP-DI Índice Geral,441.754
2026-08-01,2010-12-01,IGP12_IGPDI12,IGP-DI Índice Geral,443.427
2026-08-01,2011-01-01,IGP12_IGPDI12,IGP-DI Índice Geral,447.764
2026-08-01,2011-02-01,IGP12_IGPDI12,IGP-DI Índice Geral,452.047
2026-08-01,2011-03-01,IGP12_IGPDI12,IGP-DI Índice Geral,454.805
2026-08-01,2011-04-01,IGP12_IGPDI12,IGP-DI Índice Geral,457.059
2026-08-01,2011-05-01,IGP12_IGPDI12,IGP-DI Índice Geral,457.09
2026-08-01,2011-06-01,IGP12_IGPDI12,IGP-DI Índice Geral,456.49
2026-08-01,2011-07-01,IGP12_IGPDI12,IGP-DI Índice Geral,456.258
2026-08-01,2011-08-01,IGP12_IGPDI12,IGP-DI Índice Geral,459.055
2026-08-01,2011-09-01,IGP12_IGPDI12,IGP-DI Índice Geral,462.509
2026-08-01,2011-10-01,IGP12_IGPDI12,IGP-DI Índice Geral,464.349
2026-08-01,2011-11-01,IGP12_IGPDI12,IGP-DI Índice Geral,466.331
2026-08-01,2011-12-01,IGP12_IGPDI12,IGP-DI Índice Geral,465.586
2026-08-01,2012-01-01,IGP12_IGPDI12,IGP-DI Índice Geral,466.979
2026-08-01,2012-02-01,IGP12_IGPDI12,IGP-DI Índice Geral,467.308
2026-08-01,2012-03-01,IGP12_IGPDI12,IGP-DI Índice Geral,469.91
2026-08-01,2012-04-01,IGP12_IGPDI12,IGP-DI Índice Geral,474.683
2026-08-01,2012-05-01,IGP12_IGPDI12,IGP-DI Índice Geral,479.019
2026-08-01,2012-06-01,IGP12_IGPDI12,IGP-DI Índice Geral,482.311
2026-08-01,2012-07-01,IGP12_IGPDI12,IGP-DI Índice Geral,489.621
2026-08-01,2012-08-01,IGP12_IGPDI12,IGP-DI Índice Geral,495.949
2026-08-01,2012-09-01,IGP12_IGPDI12,IGP-DI Índice Geral,500.314
2026-08-01,2012-10-01,IGP12_IGPDI12,IGP-DI Índice Geral,498.739
2026-08-01,2012-11-01,IGP12_IGPDI12,IGP-DI Índice Geral,499.989
2026-08-01,2012-12-01,IGP12_IGPDI12,IGP-DI Índice Geral,503.283
2026-08-01,2013-01-01,IGP12_IGPDI12,IGP-DI Índice Geral,504.83
2026-08-01,2013-02-01,IGP12_IGPDI12,IGP-DI Índice Geral,505.832
2026-08-01,2013-03-01,IGP12_IGPDI12,IGP-DI Índice Geral,507.375
2026-08-01,2013-04-01,IGP12_IGPDI12,IGP-DI Índice Geral,507.087
2026-08-01,2013-05-01,IGP12_IGPDI12,IGP-DI Índice Geral,508.715
2026-08-01,2013-06-01,IGP12_IGPDI12,IGP-DI Índice Geral,512.598
2026-08-01,2013-07-01,IGP12_IGPDI12,IGP-DI Índice Geral,513.313
2026-08-01,2013-08-01,IGP12_IGPDI12,IGP-DI Índice Geral,515.688
2026-08-01,2013-09-01,IGP12_IGPDI12,IGP-DI Índice Geral,522.69
2026-08-01,2013-10-01,IGP12_IGPDI12,IGP-DI Índice Geral,525.966
2026-08-01,2013-11-01,IGP12_IGPDI12,IGP-DI Índice Geral,527.422
2026-08-01,2013-12-01,IGP12_IGPDI12,IGP-DI Índice Geral,531.056
2026-08-01,2014-01-01,IGP12_IGPDI12,IGP-DI Índice Geral,533.197
2026-08-01,2014-02-01,IGP12_IGPDI12,IGP-DI Índice Geral,537.703
2026-08-01,2014-03-01,IGP12_IGPDI12,IGP-DI Índice Geral,545.684
2026-08-01,2014-04-01,IGP12_IGPDI12,IGP-DI Índice Geral,548.145
2026-08-01,2014-05-01,IGP12_IGPDI12,IGP-DI Índice Geral,545.652
2026-08-01,2014-06-01,IGP12_IGPDI12,IGP-DI Índice Geral,542.194
2026-08-01,2014-07-01,IGP12_IGPDI12,IGP-DI Índice Geral,539.21
2026-08-01,2014-08-01,IGP12_IGPDI12,IGP-DI Índice Geral,539.55
2026-08-01,2014-09-01,IGP12_IGPDI12,IGP-DI Índice Geral,539.649
2026-08-01,2014-10-01,IGP12_IGPDI12,IGP-DI Índice Geral,542.853
2026-08-01,2014-11-01,IGP12_IGPDI12,IGP-DI Índice Geral,549.04
2026-08-01,2014-12-01,IGP12_IGPDI12,IGP-DI Índice Geral,551.149
2026-08-01,2015-01-01,IGP12_IGPDI12,IGP-DI Índice Geral,554.835
2026-08-01,2015-02-01,IGP12_IGPDI12,IGP-DI Índice Geral,557.803
2026-08-01,2015-03-01,IGP12_IGPDI12,IGP-DI Índice Geral,564.568
2026-08-01,2015-04-01,IGP12_IGPDI12,IGP-DI Índice Geral,569.738
2026-08-01,2015-05-01,IGP12_IGPDI12,IGP-DI Índice Geral,572.034
2026-08-01,2015-06-01,IGP12_IGPDI12,IGP-DI Índice Geral,575.938
2026-08-01,2015-07-01,IGP12_IGPDI12,IGP-DI Índice Geral,579.293
2026-08-01,2015-08-01,IGP12_IGPDI12,IGP-DI Índice Geral,581.618
2026-08-01,2015-09-01,IGP12_IGPDI12,IGP-DI Índice Geral,589.897
2026-08-01,2015-10-01,IGP12_IGPDI12,IGP-DI Índice Geral,600.269
2026-08-01,2015-11-01,IGP12_IGPDI12,IGP-DI Índice Geral,607.441
2026-08-01,2015-12-01,IGP12_IGPDI12,IGP-DI Índice Geral,610.128
2026-08-01,2016-01-01,IGP12_IGPDI12,IGP-DI Índice Geral,619.476
2026-08-01,2016-02-01,IGP12_IGPDI12,IGP-DI Índice Geral,624.366
2026-08-01,2016-03-01,IGP12_IGPDI12,IGP-DI Índice Geral,627.06
2026-08-01,2016-04-01,IGP12_IGPDI12,IGP-DI Índice Geral,629.345
2026-08-01,2016-05-01,IGP12_IGPDI12,IGP-DI Índice Geral,636.468
2026-08-01,2016-06-01,IGP12_IGPDI12,IGP-DI Índice Geral,646.868
2026-08-01,2016-07-01,IGP12_IGPDI12,IGP-DI Índice Geral,644.356
2026-08-01,2016-08-01,IGP12_IGPDI12,IGP-DI Índice Geral,647.153
2026-08-01,2016-09-01,IGP12_IGPDI12,IGP-DI Índice Geral,647.36
2026-08-01,2016-10-01,IGP12_IGPDI12,IGP-DI Índice Geral,648.213
2026-08-01,2016-11-01,IGP12_IGPDI12,IGP-DI Índice Geral,648.561
2026-08-01,2016-12-01,IGP12_IGPDI12,IGP-DI Índice Geral,653.951
2026-08-01,2017-01-01,IGP12_IGPDI12,IGP-DI Índice Geral,656.778
2026-08-01,2017-02-01,IGP12_IGPDI12,IGP-DI Índice Geral,657.191
2026-08-01,2017-03-01,IGP12_IGPDI12,IGP-DI Índice Geral,654.709
2026-08-01,2017-04-01,IGP12_IGPDI12,IGP-DI Índice Geral,646.573
2026-08-01,2017-05-01,IGP12_IGPDI12,IGP-DI Índice Geral,643.26
2026-08-01,2017-06-01,IGP12_IGPDI12,IGP-DI Índice Geral,637.079
2026-08-01,2017-07-01,IGP12_IGPDI12,IGP-DI Índice Geral,635.198
2026-08-01,2017-08-01,IGP12_IGPDI12,IGP-DI Índice Geral,636.714
2026-08-01,2017-09-01,IGP12_IGPDI12,IGP-DI Índice Geral,640.654
2026-08-01,2017-10-01,IGP12_IGPDI12,IGP-DI Índice Geral,641.279
2026-08-01,2017-11-01,IGP12_IGPDI12,IGP-DI Índice Geral,646.422
2026-08-01,2017-12-01,IGP12_IGPDI12,IGP-DI Índice Geral,651.214
2026-08-01,2018-01-01,IGP12_IGPDI12,IGP-DI Índice Geral,654.968
2026-08-01,2018-02-01,IGP12_IGPDI12,IGP-DI Índice Geral,655.975
2026-08-01,2018-03-01,IGP12_IGPDI12,IGP-DI Índice Geral,659.665
2026-08-01,2018-04-01,IGP12_IGPDI12,IGP-DI Índice Geral,665.77
2026-08-01,2018-05-01,IGP12_IGPDI12,IGP-DI Índice Geral,676.695
2026-08-01,2018-06-01,IGP12_IGPDI12,IGP-DI Índice Geral,686.696
2026-08-01,2018-07-01,IGP12_IGPDI12,IGP-DI Índice Geral,689.746
2026-08-01,2018-08-01,IGP12_IGPDI12,IGP-DI Índice Geral,694.414
2026-08-01,2018-09-01,IGP12_IGPDI12,IGP-DI Índice Geral,706.834
2026-08-01,2018-10-01,IGP12_IGPDI12,IGP-DI Índice Geral,708.694
2026-08-01,2018-11-01,IGP12_IGPDI12,IGP-DI Índice Geral,700.601
2026-08-01,2018-12-01,IGP12_IGPDI12,IGP-DI Índice Geral,697.446
2026-08-01,2019-01-01,IGP12_IGPDI12,IGP-DI Índice Geral,697.923
2026-08-01,2019-02-01,IGP12_IGPDI12,IGP-DI Índice Geral,706.66
2026-08-01,2019-03-01,IGP12_IGPDI12,IGP-DI Índice Geral,714.243
2026-08-01,2019-04-01,IGP12_IGPDI12,IGP-DI Índice Geral,720.695
2026-08-01,2019-05-01,IGP12_IGPDI12,IGP-DI Índice Geral,723.577
2026-08-01,2019-06-01,IGP12_IGPDI12,IGP-DI Índice Geral,728.142
2026-08-01,2019-07-01,IGP12_IGPDI12,IGP-DI Índice Geral,728.084
2026-08-01,2019-08-01,IGP12_IGPDI12,IGP-DI Índice Geral,724.395
2026-08-01,2019-09-01,IGP12_IGPDI12,IGP-DI Índice Geral,728.04
2026-08-01,2019-10-01,IGP12_IGPDI12,IGP-DI Índice Geral,732.041
2026-08-01,2019-11-01,IGP12_IGPDI12,IGP-DI Índice Geral,738.264
2026-08-01,2019-12-01,IGP12_IGPDI12,IGP-DI Índice Geral,751.121
2026-08-01,2020-01-01,IGP12_IGPDI12,IGP-DI Índice Geral,751.82
2026-08-01,2020-02-01,IGP12_IGPDI12,IGP-DI Índice Geral,751.91
2026-08-01,2020-03-01,IGP12_IGPDI12,IGP-DI Índice Geral,764.276
2026-08-01,2020-04-01,IGP12_IGPDI12,IGP-DI Índice Geral,764.656
2026-08-01,2020-05-01,IGP12_IGPDI12,IGP-DI Índice Geral,772.843
2026-08-01,2020-06-01,IGP12_IGPDI12,IGP-DI Índice Geral,785.221
2026-08-01,2020-07-01,IGP12_IGPDI12,IGP-DI Índice Geral,803.584
2026-08-01,2020-08-01,IGP12_IGPDI12,IGP-DI Índice Geral,834.713
2026-08-01,2020-09-01,IGP12_IGPDI12,IGP-DI Índice Geral,862.259
2026-08-01,2020-10-01,IGP12_IGPDI12,IGP-DI Índice Geral,893.977
2026-08-01,2020-11-01,IGP12_IGPDI12,IGP-DI Índice Geral,917.538
2026-08-01,2020-12-01,IGP12_IGPDI12,IGP-DI Índice Geral,924.504
2026-08-01,2021-01-01,IGP12_IGPDI12,IGP-DI Índice Geral,951.395
2026-08-01,2021-02-01,IGP12_IGPDI12,IGP-DI Índice Geral,977.133
2026-08-01,2021-03-01,IGP12_IGPDI12,IGP-DI Índice Geral,998.344
2026-08-01,2021-04-01,IGP12_IGPDI12,IGP-DI Índice Geral,1020.495
2026-08-01,2021-05-01,IGP12_IGPDI12,IGP-DI Índice Geral,1055.167
2026-08-01,2021-06-01,IGP12_IGPDI12,IGP-DI Índice Geral,1056.343
2026-08-01,2021-07-01,IGP12_IGPDI12,IGP-DI Índice Geral,1071.615
2026-08-01,2021-08-01,IGP12_IGPDI12,IGP-DI Índice Geral,1070.147
2026-08-01,2021-09-01,IGP12_IGPDI12,IGP-DI Índice Geral,1064.31
2026-08-01,2021-10-01,IGP12_IGPDI12,IGP-DI Índice Geral,1081.301
2026-08-01,2021-11-01,IGP12_IGPDI12,IGP-DI Índice Geral,1075.022
2026-08-01,2021-12-01,IGP12_IGPDI12,IGP-DI Índice Geral,1088.489
2026-08-01,2022-01-01,IGP12_IGPDI12,IGP-DI Índice Geral,1110.398
2026-08-01,2022-02-01,IGP12_IGPDI12,IGP-DI Índice Geral,1127.077
2026-08-01,2022-03-01,IGP12_IGPDI12,IGP-DI Índice Geral,1153.777
2026-08-01,2022-04-01,IGP12_IGPDI12,IGP-DI Índice Geral,1158.546
2026-08-01,2022-05-01,IGP12_IGPDI12,IGP-DI Índice Geral,1166.542
2026-08-01,2022-06-01,IGP12_IGPDI12,IGP-DI Índice Geral,1173.831
2026-08-01,2022-07-01,IGP12_IGPDI12,IGP-DI Índice Geral,1169.426
2026-08-01,2022-08-01,IGP12_IGPDI12,IGP-DI Índice Geral,1162.956
2026-08-01,2022-09-01,IGP12_IGPDI12,IGP-DI Índice Geral,1148.811
2026-08-01,2022-10-01,IGP12_IGPDI12,IGP-DI Índice Geral,1141.733
2026-08-01,2022-11-01,IGP12_IGPDI12,IGP-DI Índice Geral,1139.734
2026-08-01,2022-12-01,IGP12_IGPDI12,IGP-DI Índice Geral,1143.225
2026-08-01,2023-01-01,IGP12_IGPDI12,IGP-DI Índice Geral,1143.861
2026-08-01,2023-02-01,IGP12_IGPDI12,IGP-DI Índice Geral,1144.271
2026-08-01,2023-03-01,IGP12_IGPDI12,IGP-DI Índice Geral,1140.357
2026-08-01,2023-04-01,IGP12_IGPDI12,IGP-DI Índice Geral,1128.805
2026-08-01,2023-05-01,IGP12_IGPDI12,IGP-DI Índice Geral,1102.506
2026-08-01,2023-06-01,IGP12_IGPDI12,IGP-DI Índice Geral,1086.474
2026-08-01,2023-07-01,IGP12_IGPDI12,IGP-DI Índice Geral,1082.105
2026-08-01,2023-08-01,IGP12_IGPDI12,IGP-DI Índice Geral,1082.593
2026-08-01,2023-09-01,IGP12_IGPDI12,IGP-DI Índice Geral,1087.419
2026-08-01,2023-10-01,IGP12_IGPDI12,IGP-DI Índice Geral,1092.974
2026-08-01,2023-11-01,IGP12_IGPDI12,IGP-DI Índice Geral,1098.48
2026-08-01,2023-12-01,IGP12_IGPDI12,IGP-DI Índice Geral,1105.541
2026-08-01,2024-01-01,IGP12_IGPDI12,IGP-DI Índice Geral,1102.571
2026-08-01,2024-02-01,IGP12_IGPDI12,IGP-DI Índice Geral,1098.095
2026-08-01,2024-03-01,IGP12_IGPDI12,IGP-DI Índice Geral,1094.763
2026-08-01,2024-04-01,IGP12_IGPDI12,IGP-DI Índice Geral,1102.66
2026-08-01,2024-05-01,IGP12_IGPDI12,IGP-DI Índice Geral,1112.26
2026-08-01,2024-06-01,IGP12_IGPDI12,IGP-DI Índice Geral,1117.787
2026-08-01,2024-07-01,IGP12_IGPDI12,IGP-DI Índice Geral,1127.101
2026-08-01,2024-08-01,IGP12_IGPDI12,IGP-DI Índice Geral,1128.408
2026-08-01,2024-09-01,IGP12_IGPDI12,IGP-DI Índice Geral,1139.981
2026-08-01,2024-10-01,IGP12_IGPDI12,IGP-DI Índice Geral,1157.516
2026-08-01,2024-11-01,IGP12_IGPDI12,IGP-DI Índice Geral,1171.21
2026-08-01,2024-12-01,IGP12_IGPDI12,IGP-DI Índice Geral,1181.407
2026-08-01,2025-01-01,IGP12_IGPDI12,IGP-DI Índice Geral,1182.693
2026-08-01,2025-02-01,IGP12_IGPDI12,IGP-DI Índice Geral,1194.518
2026-08-01,2025-03-01,IGP12_IGPDI12,IGP-DI Índice Geral,1188.55
2026-08-01,2025-04-01,IGP12_IGPDI12,IGP-DI Índice Geral,1192.079
2026-08-01,2025-05-01,IGP12_IGPDI12,IGP-DI Índice Geral,1181.945
2026-08-01,2025-06-01,IGP12_IGPDI12,IGP-DI Índice Geral,1160.613
2026-08-01,2025-07-01,IGP12_IGPDI12,IGP-DI Índice Geral,1159.851
2026-08-01,2025-08-01,IGP12_IGPDI12,IGP-DI Índice Geral,1162.219
2026-08-01,2025-09-01,IGP12_IGPDI12,IGP-DI Índice Geral,1166.349
2026-08-01,2025-10-01,IGP12_IGPDI12,IGP-DI Índice Geral,1165.984
2026-08-01,2025-11-01,IGP12_IGPDI12,IGP-DI Índice Geral,1165.075
2026-08-01,2025-12-01,IGP12_IGPDI12,IGP-DI Índice Geral,1167.239
2026-08-01,2026-01-01,IGP12_IGPDI12,IGP-DI Índice Geral,1169.566
2026-08-01,2026-02-01,IGP12_IGPDI12,IGP-DI Índice Geral,1159.788
2026-08-01,2026-03-01,IGP12_IGPDI12,IGP-DI Índice Geral,1173.042
2026-08-01,2026-04-01,IGP12_IGPDI12,IGP-DI Índice Geral,1201.362
2026-08-01,2026-05-01,IGP12_IGPDI12,IGP-DI Índice Geral,1211.831
2026-08-01,2026-06-01,IGP12_IGPDI12,IGP-DI Índice Geral,1202.299
2026-08-01,1944-01-01,IGP12_INCC12,INCC-DI Índice Geral,1.116443e-13
2026-08-01,1944-02-01,IGP12_INCC12,INCC-DI Índice Geral,1.122813e-13
2026-08-01,1944-03-01,IGP12_INCC12,INCC-DI Índice Geral,1.167407e-13
2026-08-01,1944-04-01,IGP12_INCC12,INCC-DI Índice Geral,1.194482e-13
2026-08-01,1944-05-01,IGP12_INCC12,INCC-DI Índice Geral,1.188112e-13
2026-08-01,1944-06-01,IGP12_INCC12,INCC-DI Índice Geral,1.202445e-13
2026-08-01,1944-07-01,IGP12_INCC12,INCC-DI Índice Geral,1.219965e-13
2026-08-01,1944-08-01,IGP12_INCC12,INCC-DI Índice Geral,1.194482e-13
2026-08-01,1944-09-01,IGP12_INCC12,INCC-DI Índice Geral,1.25341e-13
2026-08-01,1944-10-01,IGP12_INCC12,INCC-DI Índice Geral,1.267744e-13
2026-08-01,1944-11-01,IGP12_INCC12,INCC-DI Índice Geral,1.294819e-13
2026-08-01,1944-12-01,IGP12_INCC12,INCC-DI Índice Geral,1.296411e-13
2026-08-01,1945-01-01,IGP12_INCC12,INCC-DI Índice Geral,1.239076e-13
2026-08-01,1945-02-01,IGP12_INCC12,INCC-DI Índice Geral,1.231113e-13
2026-08-01,1945-03-01,IGP12_INCC12,INCC-DI Índice Geral,1.231113e-13
2026-08-01,1945-04-01,IGP12_INCC12,INCC-DI Índice Geral,1.274114e-13
2026-08-01,1945-05-01,IGP12_INCC12,INCC-DI Índice Geral,1.2773e-13
2026-08-01,1945-06-01,IGP12_INCC12,INCC-DI Índice Geral,1.298004e-13
2026-08-01,1945-07-01,IGP12_INCC12,INCC-DI Índice Geral,1.313931e-13
2026-08-01,1945-08-01,IGP12_INCC12,INCC-DI Índice Geral,1.325079e-13
2026-08-01,1945-09-01,IGP12_INCC12,INCC-DI Índice Geral,1.358525e-13
2026-08-01,1945-10-01,IGP12_INCC12,INCC-DI Índice Geral,1.374451e-13
2026-08-01,1945-11-01,IGP12_INCC12,INCC-DI Índice Geral,1.430193e-13
2026-08-01,1945-12-01,IGP12_INCC12,INCC-DI Índice Geral,1.45249e-13
2026-08-01,1946-01-01,IGP12_INCC12,INCC-DI Índice Geral,1.528937e-13
2026-08-01,1946-02-01,IGP12_INCC12,INCC-DI Índice Geral,1.543271e-13
2026-08-01,1946-03-01,IGP12_INCC12,INCC-DI Índice Geral,1.535308e-13
2026-08-01,1946-04-01,IGP12_INCC12,INCC-DI Índice Geral,1.544864e-13
2026-08-01,1946-05-01,IGP12_INCC12,INCC-DI Índice Geral,1.562383e-13
2026-08-01,1946-06-01,IGP12_INCC12,INCC-DI Índice Geral,1.567161e-13
2026-08-01,1946-07-01,IGP12_INCC12,INCC-DI Índice Geral,1.589458e-13
2026-08-01,1946-08-01,IGP12_INCC12,INCC-DI Índice Geral,1.61494e-13
2026-08-01,1946-09-01,IGP12_INCC12,INCC-DI Índice Geral,1.66909e-13
2026-08-01,1946-10-01,IGP12_INCC12,INCC-DI Índice Geral,1.670683e-13
2026-08-01,1946-11-01,IGP12_INCC12,INCC-DI Índice Geral,1.683424e-13
2026-08-01,1946-12-01,IGP12_INCC12,INCC-DI Índice Geral,1.686609e-13
2026-08-01,1947-01-01,IGP12_INCC12,INCC-DI Índice Geral,1.735981e-13
2026-08-01,1947-02-01,IGP12_INCC12,INCC-DI Índice Geral,1.764572e-13
2026-08-01,1947-03-01,IGP12_INCC12,INCC-DI Índice Geral,1.771019e-13
2026-08-01,1947-04-01,IGP12_INCC12,INCC-DI Índice Geral,1.764648e-13
2026-08-01,1947-05-01,IGP12_INCC12,INCC-DI Índice Geral,1.844281e-13
2026-08-01,1947-06-01,IGP12_INCC12,INCC-DI Índice Geral,1.853837e-13
2026-08-01,1947-07-01,IGP12_INCC12,INCC-DI Índice Geral,1.864985e-13
2026-08-01,1947-08-01,IGP12_INCC12,INCC-DI Índice Geral,1.888875e-13
2026-08-01,1947-09-01,IGP12_INCC12,INCC-DI Índice Geral,1.885689e-13
2026-08-01,1947-10-01,IGP12_INCC12,INCC-DI Índice Geral,1.89206e-13
2026-08-01,1947-11-01,IGP12_INCC12,INCC-DI Índice Geral,1.888875e-13
2026-08-01,1947-12-01,IGP12_INCC12,INCC-DI Índice Geral,1.887282e-13
2026-08-01,1948-01-01,IGP12_INCC12,INCC-DI Índice Geral,1.911172e-13
2026-08-01,1948-02-01,IGP12_INCC12,INCC-DI Índice Geral,1.909579e-13
2026-08-01,1948-03-01,IGP12_INCC12,INCC-DI Índice Geral,1.912764e-13
2026-08-01,1948-04-01,IGP12_INCC12,INCC-DI Índice Geral,1.92232e-13
2026-08-01,1948-05-01,IGP12_INCC12,INCC-DI Índice Geral,1.923913e-13
2026-08-01,1948-06-01,IGP12_INCC12,INCC-DI Índice Geral,1.927098e-13
2026-08-01,1948-07-01,IGP12_INCC12,INCC-DI Índice Geral,1.928691e-13
2026-08-01,1948-08-01,IGP12_INCC12,INCC-DI Índice Geral,1.928691e-13
2026-08-01,1948-09-01,IGP12_INCC12,INCC-DI Índice Geral,1.928691e-13
2026-08-01,1948-10-01,IGP12_INCC12,INCC-DI Índice Geral,1.936654e-13
2026-08-01,1948-11-01,IGP12_INCC12,INCC-DI Índice Geral,1.936654e-13
2026-08-01,1948-12-01,IGP12_INCC12,INCC-DI Índice Geral,1.947802e-13
2026-08-01,1949-01-01,IGP12_INCC12,INCC-DI Índice Geral,1.930283e-13
2026-08-01,1949-02-01,IGP12_INCC12,INCC-DI Índice Geral,1.927098e-13
2026-08-01,1949-03-01,IGP12_INCC12,INCC-DI Índice Geral,1.958951e-13
2026-08-01,1949-04-01,IGP12_INCC12,INCC-DI Índice Geral,1.970099e-13
2026-08-01,1949-05-01,IGP12_INCC12,INCC-DI Índice Geral,1.981248e-13
2026-08-01,1949-06-01,IGP12_INCC12,INCC-DI Índice Geral,2.00673e-13
2026-08-01,1949-07-01,IGP12_INCC12,INCC-DI Índice Geral,2.029027e-13
2026-08-01,1949-08-01,IGP12_INCC12,INCC-DI Índice Geral,2.102289e-13
2026-08-01,1949-09-01,IGP12_INCC12,INCC-DI Índice Geral,2.143698e-13
2026-08-01,1949-10-01,IGP12_INCC12,INCC-DI Índice Geral,2.161217e-13
2026-08-01,1949-11-01,IGP12_INCC12,INCC-DI Índice Geral,2.173958e-13
2026-08-01,1949-12-01,IGP12_INCC12,INCC-DI Índice Geral,2.178736e-13
2026-08-01,1950-01-01,IGP12_INCC12,INCC-DI Índice Geral,2.134142e-13
2026-08-01,1950-02-01,IGP12_INCC12,INCC-DI Índice Geral,2.161217e-13
2026-08-01,1950-03-01,IGP12_INCC12,INCC-DI Índice Geral,2.180328e-13
2026-08-01,1950-04-01,IGP12_INCC12,INCC-DI Índice Geral,2.201033e-13
2026-08-01,1950-05-01,IGP12_INCC12,INCC-DI Índice Geral,2.213774e-13
2026-08-01,1950-06-01,IGP12_INCC12,INCC-DI Índice Geral,2.177143e-13
2026-08-01,1950-07-01,IGP12_INCC12,INCC-DI Índice Geral,2.086362e-13
2026-08-01,1950-08-01,IGP12_INCC12,INCC-DI Índice Geral,2.102289e-13
2026-08-01,1950-09-01,IGP12_INCC12,INCC-DI Índice Geral,2.094326e-13
2026-08-01,1950-10-01,IGP12_INCC12,INCC-DI Índice Geral,2.191477e-13
2026-08-01,1950-11-01,IGP12_INCC12,INCC-DI Índice Geral,2.191477e-13
2026-08-01,1950-12-01,IGP12_INCC12,INCC-DI Índice Geral,2.218552e-13
2026-08-01,1951-01-01,IGP12_INCC12,INCC-DI Índice Geral,2.228108e-13
2026-08-01,1951-02-01,IGP12_INCC12,INCC-DI Índice Geral,2.247219e-13
2026-08-01,1951-03-01,IGP12_INCC12,INCC-DI Índice Geral,2.228108e-13
2026-08-01,1951-04-01,IGP12_INCC12,INCC-DI Índice Geral,2.288628e-13
2026-08-01,1951-05-01,IGP12_INCC12,INCC-DI Índice Geral,2.293406e-13
2026-08-01,1951-06-01,IGP12_INCC12,INCC-DI Índice Geral,2.408076e-13
2026-08-01,1951-07-01,IGP12_INCC12,INCC-DI Índice Geral,2.417632e-13
2026-08-01,1951-08-01,IGP12_INCC12,INCC-DI Índice Geral,2.492486e-13
2026-08-01,1951-09-01,IGP12_INCC12,INCC-DI Índice Geral,2.482931e-13
2026-08-01,1951-10-01,IGP12_INCC12,INCC-DI Índice Geral,2.510005e-13
2026-08-01,1951-11-01,IGP12_INCC12,INCC-DI Índice Geral,2.514783e-13
2026-08-01,1951-12-01,IGP12_INCC12,INCC-DI Índice Geral,2.502042e-13
2026-08-01,1952-01-01,IGP12_INCC12,INCC-DI Índice Geral,2.484523e-13
2026-08-01,1952-02-01,IGP12_INCC12,INCC-DI Índice Geral,2.484523e-13
2026-08-01,1952-03-01,IGP12_INCC12,INCC-DI Índice Geral,2.532302e-13
2026-08-01,1952-04-01,IGP12_INCC12,INCC-DI Índice Geral,2.580082e-13
2026-08-01,1952-05-01,IGP12_INCC12,INCC-DI Índice Geral,2.580082e-13
2026-08-01,1952-06-01,IGP12_INCC12,INCC-DI Índice Geral,2.564155e-13
2026-08-01,1952-07-01,IGP12_INCC12,INCC-DI Índice Geral,2.596008e-13
2026-08-01,1952-08-01,IGP12_INCC12,INCC-DI Índice Geral,2.611935e-13
2026-08-01,1952-09-01,IGP12_INCC12,INCC-DI Índice Geral,2.611935e-13
2026-08-01,1952-10-01,IGP12_INCC12,INCC-DI Índice Geral,2.627861e-13
2026-08-01,1952-11-01,IGP12_INCC12,INCC-DI Índice Geral,2.627861e-13
2026-08-01,1952-12-01,IGP12_INCC12,INCC-DI Índice Geral,2.691567e-13
2026-08-01,1953-01-01,IGP12_INCC12,INCC-DI Índice Geral,2.659714e-13
2026-08-01,1953-02-01,IGP12_INCC12,INCC-DI Índice Geral,2.691567e-13
2026-08-01,1953-03-01,IGP12_INCC12,INCC-DI Índice Geral,2.67564e-13
2026-08-01,1953-04-01,IGP12_INCC12,INCC-DI Índice Geral,2.787125e-13
2026-08-01,1953-05-01,IGP12_INCC12,INCC-DI Índice Geral,2.72342e-13
2026-08-01,1953-06-01,IGP12_INCC12,INCC-DI Índice Geral,2.914537e-13
2026-08-01,1953-07-01,IGP12_INCC12,INCC-DI Índice Geral,2.914537e-13
2026-08-01,1953-08-01,IGP12_INCC12,INCC-DI Índice Geral,2.89861e-13
2026-08-01,1953-09-01,IGP12_INCC12,INCC-DI Índice Geral,2.94639e-13
2026-08-01,1953-10-01,IGP12_INCC12,INCC-DI Índice Geral,2.978242e-13
2026-08-01,1953-11-01,IGP12_INCC12,INCC-DI Índice Geral,3.010095e-13
2026-08-01,1953-12-01,IGP12_INCC12,INCC-DI Índice Geral,3.010095e-13
2026-08-01,1954-01-01,IGP12_INCC12,INCC-DI Índice Geral,3.024085e-13
2026-08-01,1954-02-01,IGP12_INCC12,INCC-DI Índice Geral,3.043347e-13
2026-08-01,1954-03-01,IGP12_INCC12,INCC-DI Índice Geral,3.120394e-13
2026-08-01,1954-04-01,IGP12_INCC12,INCC-DI Índice Geral,3.120394e-13
2026-08-01,1954-05-01,IGP12_INCC12,INCC-DI Índice Geral,3.274487e-13
2026-08-01,1954-06-01,IGP12_INCC12,INCC-DI Índice Geral,3.332272e-13
2026-08-01,1954-07-01,IGP12_INCC12,INCC-DI Índice Geral,3.447843e-13
2026-08-01,1954-08-01,IGP12_INCC12,INCC-DI Índice Geral,3.544151e-13
2026-08-01,1954-09-01,IGP12_INCC12,INCC-DI Índice Geral,3.948647e-13
2026-08-01,1954-10-01,IGP12_INCC12,INCC-DI Índice Geral,3.890861e-13
2026-08-01,1954-11-01,IGP12_INCC12,INCC-DI Índice Geral,3.929385e-13
2026-08-01,1954-12-01,IGP12_INCC12,INCC-DI Índice Geral,3.967908e-13
2026-08-01,1955-01-01,IGP12_INCC12,INCC-DI Índice Geral,3.910123e-13
2026-08-01,1955-02-01,IGP12_INCC12,INCC-DI Índice Geral,3.910123e-13
2026-08-01,1955-03-01,IGP12_INCC12,INCC-DI Índice Geral,3.929385e-13
2026-08-01,1955-04-01,IGP12_INCC12,INCC-DI Índice Geral,3.98717e-13
2026-08-01,1955-05-01,IGP12_INCC12,INCC-DI Índice Geral,3.948647e-13
2026-08-01,1955-06-01,IGP12_INCC12,INCC-DI Índice Geral,3.967908e-13
2026-08-01,1955-07-01,IGP12_INCC12,INCC-DI Índice Geral,4.006432e-13
2026-08-01,1955-08-01,IGP12_INCC12,INCC-DI Índice Geral,4.006432e-13
2026-08-01,1955-09-01,IGP12_INCC12,INCC-DI Índice Geral,4.353142e-13
2026-08-01,1955-10-01,IGP12_INCC12,INCC-DI Índice Geral,4.314619e-13
2026-08-01,1955-11-01,IGP12_INCC12,INCC-DI Índice Geral,4.314619e-13
2026-08-01,1955-12-01,IGP12_INCC12,INCC-DI Índice Geral,4.314619e-13
2026-08-01,1956-01-01,IGP12_INCC12,INCC-DI Índice Geral,4.410927e-13
2026-08-01,1956-02-01,IGP12_INCC12,INCC-DI Índice Geral,4.507236e-13
2026-08-01,1956-03-01,IGP12_INCC12,INCC-DI Índice Geral,4.584282e-13
2026-08-01,1956-04-01,IGP12_INCC12,INCC-DI Índice Geral,4.487974e-13
2026-08-01,1956-05-01,IGP12_INCC12,INCC-DI Índice Geral,4.526497e-13
2026-08-01,1956-06-01,IGP12_INCC12,INCC-DI Índice Geral,4.776899e-13
2026-08-01,1956-07-01,IGP12_INCC12,INCC-DI Índice Geral,4.815423e-13
2026-08-01,1956-08-01,IGP12_INCC12,INCC-DI Índice Geral,4.950254e-13
2026-08-01,1956-09-01,IGP12_INCC12,INCC-DI Índice Geral,5.451058e-13
2026-08-01,1956-10-01,IGP12_INCC12,INCC-DI Índice Geral,5.566629e-13
2026-08-01,1956-11-01,IGP12_INCC12,INCC-DI Índice Geral,5.528105e-13
2026-08-01,1956-12-01,IGP12_INCC12,INCC-DI Índice Geral,5.508843e-13
2026-08-01,1957-01-01,IGP12_INCC12,INCC-DI Índice Geral,5.836292e-13
2026-08-01,1957-02-01,IGP12_INCC12,INCC-DI Índice Geral,5.836292e-13
2026-08-01,1957-03-01,IGP12_INCC12,INCC-DI Índice Geral,5.855554e-13
2026-08-01,1957-04-01,IGP12_INCC12,INCC-DI Índice Geral,5.855554e-13
2026-08-01,1957-05-01,IGP12_INCC12,INCC-DI Índice Geral,5.855554e-13
2026-08-01,1957-06-01,IGP12_INCC12,INCC-DI Índice Geral,5.894077e-13
2026-08-01,1957-07-01,IGP12_INCC12,INCC-DI Índice Geral,5.778507e-13
2026-08-01,1957-08-01,IGP12_INCC12,INCC-DI Índice Geral,5.817031e-13
2026-08-01,1957-09-01,IGP12_INCC12,INCC-DI Índice Geral,5.817031e-13
2026-08-01,1957-10-01,IGP12_INCC12,INCC-DI Índice Geral,5.797769e-13
2026-08-01,1957-11-01,IGP12_INCC12,INCC-DI Índice Geral,5.855554e-13
2026-08-01,1957-12-01,IGP12_INCC12,INCC-DI Índice Geral,5.874816e-13
2026-08-01,1958-01-01,IGP12_INCC12,INCC-DI Índice Geral,5.913339e-13
2026-08-01,1958-02-01,IGP12_INCC12,INCC-DI Índice Geral,5.932601e-13
2026-08-01,1958-03-01,IGP12_INCC12,INCC-DI Índice Geral,6.202264e-13
2026-08-01,1958-04-01,IGP12_INCC12,INCC-DI Índice Geral,6.260049e-13
2026-08-01,1958-05-01,IGP12_INCC12,INCC-DI Índice Geral,6.37562e-13
2026-08-01,1958-06-01,IGP12_INCC12,INCC-DI Índice Geral,6.452666e-13
2026-08-01,1958-07-01,IGP12_INCC12,INCC-DI Índice Geral,6.471928e-13
2026-08-01,1958-08-01,IGP12_INCC12,INCC-DI Índice Geral,6.626021e-13
2026-08-01,1958-09-01,IGP12_INCC12,INCC-DI Índice Geral,7.049779e-13
2026-08-01,1958-10-01,IGP12_INCC12,INCC-DI Índice Geral,7.184611e-13
2026-08-01,1958-11-01,IGP12_INCC12,INCC-DI Índice Geral,7.435012e-13
2026-08-01,1958-12-01,IGP12_INCC12,INCC-DI Índice Geral,7.531321e-13
2026-08-01,1959-01-01,IGP12_INCC12,INCC-DI Índice Geral,7.97434e-13
2026-08-01,1959-02-01,IGP12_INCC12,INCC-DI Índice Geral,8.43662e-13
2026-08-01,1959-03-01,IGP12_INCC12,INCC-DI Índice Geral,9.052994e-13
2026-08-01,1959-04-01,IGP12_INCC12,INCC-DI Índice Geral,9.033733e-13
2026-08-01,1959-05-01,IGP12_INCC12,INCC-DI Índice Geral,9.033733e-13
2026-08-01,1959-06-01,IGP12_INCC12,INCC-DI Índice Geral,8.898901e-13
2026-08-01,1959-07-01,IGP12_INCC12,INCC-DI Índice Geral,8.937424e-13
2026-08-01,1959-08-01,IGP12_INCC12,INCC-DI Índice Geral,8.898901e-13
2026-08-01,1959-09-01,IGP12_INCC12,INCC-DI Índice Geral,8.937424e-13
2026-08-01,1959-10-01,IGP12_INCC12,INCC-DI Índice Geral,9.014471e-13
2026-08-01,1959-11-01,IGP12_INCC12,INCC-DI Índice Geral,9.149303e-13
2026-08-01,1959-12-01,IGP12_INCC12,INCC-DI Índice Geral,9.091518e-13
2026-08-01,1960-01-01,IGP12_INCC12,INCC-DI Índice Geral,9.072256e-13
2026-08-01,1960-02-01,IGP12_INCC12,INCC-DI Índice Geral,9.091518e-13
2026-08-01,1960-03-01,IGP12_INCC12,INCC-DI Índice Geral,9.515275e-13
2026-08-01,1960-04-01,IGP12_INCC12,INCC-DI Índice Geral,9.57306e-13
2026-08-01,1960-05-01,IGP12_INCC12,INCC-DI Índice Geral,9.727154e-13
2026-08-01,1960-06-01,IGP12_INCC12,INCC-DI Índice Geral,9.881247e-13
2026-08-01,1960-07-01,IGP12_INCC12,INCC-DI Índice Geral,9.900509e-13
2026-08-01,1960-08-01,IGP12_INCC12,INCC-DI Índice Geral,1.034352e-12
2026-08-01,1960-09-01,IGP12_INCC12,INCC-DI Índice Geral,1.05554e-12
2026-08-01,1960-10-01,IGP12_INCC12,INCC-DI Índice Geral,1.173036e-12
2026-08-01,1960-11-01,IGP12_INCC12,INCC-DI Índice Geral,1.273197e-12
2026-08-01,1960-12-01,IGP12_INCC12,INCC-DI Índice Geral,1.280902e-12
2026-08-01,1961-01-01,IGP12_INCC12,INCC-DI Índice Geral,1.280902e-12
2026-08-01,1961-02-01,IGP12_INCC12,INCC-DI Índice Geral,1.304016e-12
2026-08-01,1961-03-01,IGP12_INCC12,INCC-DI Índice Geral,1.348318e-12
2026-08-01,1961-04-01,IGP12_INCC12,INCC-DI Índice Geral,1.425365e-12
2026-08-01,1961-05-01,IGP12_INCC12,INCC-DI Índice Geral,1.436922e-12
2026-08-01,1961-06-01,IGP12_INCC12,INCC-DI Índice Geral,1.45811e-12
2026-08-01,1961-07-01,IGP12_INCC12,INCC-DI Índice Geral,1.461962e-12
2026-08-01,1961-08-01,IGP12_INCC12,INCC-DI Índice Geral,1.477371e-12
2026-08-01,1961-09-01,IGP12_INCC12,INCC-DI Índice Geral,1.481224e-12
2026-08-01,1961-10-01,IGP12_INCC12,INCC-DI Índice Geral,1.639169e-12
2026-08-01,1961-11-01,IGP12_INCC12,INCC-DI Índice Geral,1.816377e-12
2026-08-01,1961-12-01,IGP12_INCC12,INCC-DI Índice Geral,1.835639e-12
2026-08-01,1962-01-01,IGP12_INCC12,INCC-DI Índice Geral,1.856827e-12
2026-08-01,1962-02-01,IGP12_INCC12,INCC-DI Índice Geral,1.891498e-12
2026-08-01,1962-03-01,IGP12_INCC12,INCC-DI Índice Geral,1.893424e-12
2026-08-01,1962-04-01,IGP12_INCC12,INCC-DI Índice Geral,1.918464e-12
2026-08-01,1962-05-01,IGP12_INCC12,INCC-DI Índice Geral,1.956988e-12
2026-08-01,1962-06-01,IGP12_INCC12,INCC-DI Índice Geral,2.003216e-12
2026-08-01,1962-07-01,IGP12_INCC12,INCC-DI Índice Geral,2.049444e-12
2026-08-01,1962-08-01,IGP12_INCC12,INCC-DI Índice Geral,2.105303e-12
2026-08-01,1962-09-01,IGP12_INCC12,INCC-DI Índice Geral,2.134195e-12
2026-08-01,1962-10-01,IGP12_INCC12,INCC-DI Índice Geral,2.286367e-12
2026-08-01,1962-11-01,IGP12_INCC12,INCC-DI Índice Geral,2.594256e-12
2026-08-01,1962-12-01,IGP12_INCC12,INCC-DI Índice Geral,2.842279e-12
2026-08-01,1963-01-01,IGP12_INCC12,INCC-DI Índice Geral,3.586345e-12
2026-08-01,1963-02-01,IGP12_INCC12,INCC-DI Índice Geral,3.680423e-12
2026-08-01,1963-03-01,IGP12_INCC12,INCC-DI Índice Geral,3.697528e-12
2026-08-01,1963-04-01,IGP12_INCC12,INCC-DI Índice Geral,3.751694e-12
2026-08-01,1963-05-01,IGP12_INCC12,INCC-DI Índice Geral,3.811561e-12
2026-08-01,1963-06-01,IGP12_INCC12,INCC-DI Índice Geral,3.857174e-12
2026-08-01,1963-07-01,IGP12_INCC12,INCC-DI Índice Geral,3.948401e-12
2026-08-01,1963-08-01,IGP12_INCC12,INCC-DI Índice Geral,3.971208e-12
2026-08-01,1963-09-01,IGP12_INCC12,INCC-DI Índice Geral,4.182169e-12
2026-08-01,1963-10-01,IGP12_INCC12,INCC-DI Índice Geral,4.350368e-12
2026-08-01,1963-11-01,IGP12_INCC12,INCC-DI Índice Geral,4.567031e-12
2026-08-01,1963-12-01,IGP12_INCC12,INCC-DI Índice Geral,4.669661e-12
2026-08-01,1964-01-01,IGP12_INCC12,INCC-DI Índice Geral,5.559121e-12
2026-08-01,1964-02-01,IGP12_INCC12,INCC-DI Índice Geral,5.733021e-12
2026-08-01,1964-03-01,IGP12_INCC12,INCC-DI Índice Geral,6.402967e-12
2026-08-01,1964-04-01,IGP12_INCC12,INCC-DI Índice Geral,6.579718e-12
2026-08-01,1964-05-01,IGP12_INCC12,INCC-DI Índice Geral,6.819188e-12
2026-08-01,1964-06-01,IGP12_INCC12,INCC-DI Índice Geral,6.970282e-12
2026-08-01,1964-07-01,IGP12_INCC12,INCC-DI Índice Geral,7.449222e-12
2026-08-01,1964-08-01,IGP12_INCC12,INCC-DI Índice Geral,7.631675e-12
2026-08-01,1964-09-01,IGP12_INCC12,INCC-DI Índice Geral,7.873995e-12
2026-08-01,1964-10-01,IGP12_INCC12,INCC-DI Índice Geral,8.236051e-12
2026-08-01,1964-11-01,IGP12_INCC12,INCC-DI Índice Geral,8.823322e-12
2026-08-01,1964-12-01,IGP12_INCC12,INCC-DI Índice Geral,9.527477e-12
2026-08-01,1965-01-01,IGP12_INCC12,INCC-DI Índice Geral,1.010904e-11
2026-08-01,1965-02-01,IGP12_INCC12,INCC-DI Índice Geral,1.051386e-11
2026-08-01,1965-03-01,IGP12_INCC12,INCC-DI Índice Geral,1.187086e-11
2026-08-01,1965-04-01,IGP12_INCC12,INCC-DI Índice Geral,1.224431e-11
2026-08-01,1965-05-01,IGP12_INCC12,INCC-DI Índice Geral,1.238686e-11
2026-08-01,1965-06-01,IGP12_INCC12,INCC-DI Índice Geral,1.241251e-11
2026-08-01,1965-07-01,IGP12_INCC12,INCC-DI Índice Geral,1.280308e-11
2026-08-01,1965-08-01,IGP12_INCC12,INCC-DI Índice Geral,1.284299e-11
2026-08-01,1965-09-01,IGP12_INCC12,INCC-DI Índice Geral,1.308531e-11
2026-08-01,1965-10-01,IGP12_INCC12,INCC-DI Índice Geral,1.332478e-11
2026-08-01,1965-11-01,IGP12_INCC12,INCC-DI Índice Geral,1.354144e-11
2026-08-01,1965-12-01,IGP12_INCC12,INCC-DI Índice Geral,1.365833e-11
2026-08-01,1966-01-01,IGP12_INCC12,INCC-DI Índice Geral,1.435963e-11
2026-08-01,1966-02-01,IGP12_INCC12,INCC-DI Índice Geral,1.499252e-11
2026-08-01,1966-03-01,IGP12_INCC12,INCC-DI Índice Geral,1.577649e-11
2026-08-01,1966-04-01,IGP12_INCC12,INCC-DI Índice Geral,1.643504e-11
2026-08-01,1966-05-01,IGP12_INCC12,INCC-DI Índice Geral,1.6646e-11
2026-08-01,1966-06-01,IGP12_INCC12,INCC-DI Índice Geral,1.676003e-11
2026-08-01,1966-07-01,IGP12_INCC12,INCC-DI Índice Geral,1.730739e-11
2026-08-01,1966-08-01,IGP12_INCC12,INCC-DI Índice Geral,1.775212e-11
2026-08-01,1966-09-01,IGP12_INCC12,INCC-DI Índice Geral,1.807712e-11
2026-08-01,1966-10-01,IGP12_INCC12,INCC-DI Índice Geral,1.821396e-11
2026-08-01,1966-11-01,IGP12_INCC12,INCC-DI Índice Geral,1.83622e-11
2026-08-01,1966-12-01,IGP12_INCC12,INCC-DI Índice Geral,1.851614e-11
2026-08-01,1967-01-01,IGP12_INCC12,INCC-DI Índice Geral,1.983893e-11
2026-08-01,1967-02-01,IGP12_INCC12,INCC-DI Índice Geral,2.083102e-11
2026-08-01,1967-03-01,IGP12_INCC12,INCC-DI Índice Geral,2.228779e-11
2026-08-01,1967-04-01,IGP12_INCC12,INCC-DI Índice Geral,2.341102e-11
2026-08-01,1967-05-01,IGP12_INCC12,INCC-DI Índice Geral,2.373887e-11
2026-08-01,1967-06-01,IGP12_INCC12,INCC-DI Índice Geral,2.413228e-11
2026-08-01,1967-07-01,IGP12_INCC12,INCC-DI Índice Geral,2.43575e-11
2026-08-01,1967-08-01,IGP12_INCC12,INCC-DI Índice Geral,2.483073e-11
2026-08-01,1967-09-01,IGP12_INCC12,INCC-DI Índice Geral,2.531538e-11
2026-08-01,1967-10-01,IGP12_INCC12,INCC-DI Índice Geral,2.560616e-11
2026-08-01,1967-11-01,IGP12_INCC12,INCC-DI Índice Geral,2.597392e-11
2026-08-01,1967-12-01,IGP12_INCC12,INCC-DI Índice Geral,2.607085e-11
2026-08-01,1968-01-01,IGP12_INCC12,INCC-DI Índice Geral,2.695175e-11
2026-08-01,1968-02-01,IGP12_INCC12,INCC-DI Índice Geral,2.777564e-11
2026-08-01,1968-03-01,IGP12_INCC12,INCC-DI Índice Geral,2.857102e-11
2026-08-01,1968-04-01,IGP12_INCC12,INCC-DI Índice Geral,3.032429e-11
2026-08-01,1968-05-01,IGP12_INCC12,INCC-DI Índice Geral,3.107976e-11
2026-08-01,1968-06-01,IGP12_INCC12,INCC-DI Índice Geral,3.222864e-11
2026-08-01,1968-07-01,IGP12_INCC12,INCC-DI Índice Geral,3.249377e-11
2026-08-01,1968-08-01,IGP12_INCC12,INCC-DI Índice Geral,3.292424e-11
2026-08-01,1968-09-01,IGP12_INCC12,INCC-DI Índice Geral,3.334332e-11
2026-08-01,1968-10-01,IGP12_INCC12,INCC-DI Índice Geral,3.394199e-11
2026-08-01,1968-11-01,IGP12_INCC12,INCC-DI Índice Geral,3.440097e-11
2026-08-01,1968-12-01,IGP12_INCC12,INCC-DI Índice Geral,3.44922e-11
2026-08-01,1969-01-01,IGP12_INCC12,INCC-DI Índice Geral,3.435251e-11
2026-08-01,1969-02-01,IGP12_INCC12,INCC-DI Índice Geral,3.545293e-11
2026-08-01,1969-03-01,IGP12_INCC12,INCC-DI Índice Geral,3.580643e-11
2026-08-01,1969-04-01,IGP12_INCC12,INCC-DI Índice Geral,3.603735e-11
2026-08-01,1969-05-01,IGP12_INCC12,INCC-DI Índice Geral,3.702659e-11
2026-08-01,1969-06-01,IGP12_INCC12,INCC-DI Índice Geral,3.728031e-11
2026-08-01,1969-07-01,IGP12_INCC12,INCC-DI Índice Geral,3.787899e-11
2026-08-01,1969-08-01,IGP12_INCC12,INCC-DI Índice Geral,3.797021e-11
2026-08-01,1969-09-01,IGP12_INCC12,INCC-DI Índice Geral,3.831231e-11
2026-08-01,1969-10-01,IGP12_INCC12,INCC-DI Índice Geral,3.848052e-11
2026-08-01,1969-11-01,IGP12_INCC12,INCC-DI Índice Geral,3.865785e-11
2026-08-01,1969-12-01,IGP12_INCC12,INCC-DI Índice Geral,3.883518e-11
2026-08-01,1970-01-01,IGP12_INCC12,INCC-DI Índice Geral,3.918984e-11
2026-08-01,1970-02-01,IGP12_INCC12,INCC-DI Índice Geral,3.972183e-11
2026-08-01,1970-03-01,IGP12_INCC12,INCC-DI Índice Geral,4.078581e-11
2026-08-01,1970-04-01,IGP12_INCC12,INCC-DI Índice Geral,4.202711e-11
2026-08-01,1970-05-01,IGP12_INCC12,INCC-DI Índice Geral,4.326842e-11
2026-08-01,1970-06-01,IGP12_INCC12,INCC-DI Índice Geral,4.380041e-11
2026-08-01,1970-07-01,IGP12_INCC12,INCC-DI Índice Geral,4.43324e-11
2026-08-01,1970-08-01,IGP12_INCC12,INCC-DI Índice Geral,4.468706e-11
2026-08-01,1970-09-01,IGP12_INCC12,INCC-DI Índice Geral,4.539638e-11
2026-08-01,1970-10-01,IGP12_INCC12,INCC-DI Índice Geral,4.557371e-11
2026-08-01,1970-11-01,IGP12_INCC12,INCC-DI Índice Geral,4.575104e-11
2026-08-01,1970-12-01,IGP12_INCC12,INCC-DI Índice Geral,4.61057e-11
2026-08-01,1971-01-01,IGP12_INCC12,INCC-DI Índice Geral,4.663768e-11
2026-08-01,1971-02-01,IGP12_INCC12,INCC-DI Índice Geral,4.752433e-11
2026-08-01,1971-03-01,IGP12_INCC12,INCC-DI Índice Geral,4.805632e-11
2026-08-01,1971-04-01,IGP12_INCC12,INCC-DI Índice Geral,4.894297e-11
2026-08-01,1971-05-01,IGP12_INCC12,INCC-DI Índice Geral,4.982962e-11
2026-08-01,1971-06-01,IGP12_INCC12,INCC-DI Índice Geral,5.036161e-11
2026-08-01,1971-07-01,IGP12_INCC12,INCC-DI Índice Geral,5.08936e-11
2026-08-01,1971-08-01,IGP12_INCC12,INCC-DI Índice Geral,5.124825e-11
2026-08-01,1971-09-01,IGP12_INCC12,INCC-DI Índice Geral,5.160291e-11
2026-08-01,1971-10-01,IGP12_INCC12,INCC-DI Índice Geral,5.178024e-11
2026-08-01,1971-11-01,IGP12_INCC12,INCC-DI Índice Geral,5.195757e-11
2026-08-01,1971-12-01,IGP12_INCC12,INCC-DI Índice Geral,5.195758e-11
2026-08-01,1972-01-01,IGP12_INCC12,INCC-DI Índice Geral,5.231224e-11
2026-08-01,1972-02-01,IGP12_INCC12,INCC-DI Índice Geral,5.26669e-11
2026-08-01,1972-03-01,IGP12_INCC12,INCC-DI Índice Geral,5.461752e-11
2026-08-01,1972-04-01,IGP12_INCC12,INCC-DI Índice Geral,5.674548e-11
2026-08-01,1972-05-01,IGP12_INCC12,INCC-DI Índice Geral,5.922809e-11
2026-08-01,1972-06-01,IGP12_INCC12,INCC-DI Índice Geral,5.940542e-11
2026-08-01,1972-07-01,IGP12_INCC12,INCC-DI Índice Geral,6.011474e-11
2026-08-01,1972-08-01,IGP12_INCC12,INCC-DI Índice Geral,6.100139e-11
2026-08-01,1972-09-01,IGP12_INCC12,INCC-DI Índice Geral,6.153338e-11
2026-08-01,1972-10-01,IGP12_INCC12,INCC-DI Índice Geral,6.171071e-11
2026-08-01,1972-11-01,IGP12_INCC12,INCC-DI Índice Geral,6.188804e-11
2026-08-01,1972-12-01,IGP12_INCC12,INCC-DI Índice Geral,6.224269e-11
2026-08-01,1973-01-01,IGP12_INCC12,INCC-DI Índice Geral,6.330667e-11
2026-08-01,1973-02-01,IGP12_INCC12,INCC-DI Índice Geral,6.401599e-11
2026-08-01,1973-03-01,IGP12_INCC12,INCC-DI Índice Geral,6.52573e-11
2026-08-01,1973-04-01,IGP12_INCC12,INCC-DI Índice Geral,6.773991e-11
2026-08-01,1973-05-01,IGP12_INCC12,INCC-DI Índice Geral,6.933588e-11
2026-08-01,1973-06-01,IGP12_INCC12,INCC-DI Índice Geral,7.00452e-11
2026-08-01,1973-07-01,IGP12_INCC12,INCC-DI Índice Geral,7.075452e-11
2026-08-01,1973-08-01,IGP12_INCC12,INCC-DI Índice Geral,7.146383e-11
2026-08-01,1973-09-01,IGP12_INCC12,INCC-DI Índice Geral,7.217315e-11
2026-08-01,1973-10-01,IGP12_INCC12,INCC-DI Índice Geral,7.359179e-11
2026-08-01,1973-11-01,IGP12_INCC12,INCC-DI Índice Geral,7.447844e-11
2026-08-01,1973-12-01,IGP12_INCC12,INCC-DI Índice Geral,7.518776e-11
2026-08-01,1974-01-01,IGP12_INCC12,INCC-DI Índice Geral,7.713821e-11
2026-08-01,1974-02-01,IGP12_INCC12,INCC-DI Índice Geral,7.921323e-11
2026-08-01,1974-03-01,IGP12_INCC12,INCC-DI Índice Geral,8.241344e-11
2026-08-01,1974-04-01,IGP12_INCC12,INCC-DI Índice Geral,8.576767e-11
2026-08-01,1974-05-01,IGP12_INCC12,INCC-DI Índice Geral,8.94128e-11
2026-08-01,1974-06-01,IGP12_INCC12,INCC-DI Índice Geral,9.298931e-11
2026-08-01,1974-07-01,IGP12_INCC12,INCC-DI Índice Geral,9.398429e-11
2026-08-01,1974-08-01,IGP12_INCC12,INCC-DI Índice Geral,9.477376e-11
2026-08-01,1974-09-01,IGP12_INCC12,INCC-DI Índice Geral,9.558882e-11
2026-08-01,1974-10-01,IGP12_INCC12,INCC-DI Índice Geral,9.637265e-11
2026-08-01,1974-11-01,IGP12_INCC12,INCC-DI Índice Geral,9.776042e-11
2026-08-01,1974-12-01,IGP12_INCC12,INCC-DI Índice Geral,9.91975e-11
2026-08-01,1975-01-01,IGP12_INCC12,INCC-DI Índice Geral,1.011814e-10
2026-08-01,1975-02-01,IGP12_INCC12,INCC-DI Índice Geral,1.030431e-10
2026-08-01,1975-03-01,IGP12_INCC12,INCC-DI Índice Geral,1.07e-10
2026-08-01,1975-04-01,IGP12_INCC12,INCC-DI Índice Geral,1.093861e-10
2026-08-01,1975-05-01,IGP12_INCC12,INCC-DI Índice Geral,1.123614e-10
2026-08-01,1975-06-01,IGP12_INCC12,INCC-DI Índice Geral,1.134962e-10
2026-08-01,1975-07-01,IGP12_INCC12,INCC-DI Índice Geral,1.152122e-10
2026-08-01,1975-08-01,IGP12_INCC12,INCC-DI Índice Geral,1.159726e-10
2026-08-01,1975-09-01,IGP12_INCC12,INCC-DI Índice Geral,1.173991e-10
2026-08-01,1975-10-01,IGP12_INCC12,INCC-DI Índice Geral,1.184322e-10
2026-08-01,1975-11-01,IGP12_INCC12,INCC-DI Índice Geral,1.210377e-10
2026-08-01,1975-12-01,IGP12_INCC12,INCC-DI Índice Geral,1.230953e-10
2026-08-01,1976-01-01,IGP12_INCC12,INCC-DI Índice Geral,1.258403e-10
2026-08-01,1976-02-01,IGP12_INCC12,INCC-DI Índice Geral,1.305468e-10
2026-08-01,1976-03-01,IGP12_INCC12,INCC-DI Índice Geral,1.374527e-10
2026-08-01,1976-04-01,IGP12_INCC12,INCC-DI Índice Geral,1.455074e-10
2026-08-01,1976-05-01,IGP12_INCC12,INCC-DI Índice Geral,1.533794e-10
2026-08-01,1976-06-01,IGP12_INCC12,INCC-DI Índice Geral,1.611404e-10
2026-08-01,1976-07-01,IGP12_INCC12,INCC-DI Índice Geral,1.691652e-10
2026-08-01,1976-08-01,IGP12_INCC12,INCC-DI Índice Geral,1.760164e-10
2026-08-01,1976-09-01,IGP12_INCC12,INCC-DI Índice Geral,1.830042e-10
2026-08-01,1976-10-01,IGP12_INCC12,INCC-DI Índice Geral,1.874512e-10
2026-08-01,1976-11-01,IGP12_INCC12,INCC-DI Índice Geral,1.929248e-10
2026-08-01,1976-12-01,IGP12_INCC12,INCC-DI Índice Geral,1.952399e-10
2026-08-01,1977-01-01,IGP12_INCC12,INCC-DI Índice Geral,2.023857e-10
2026-08-01,1977-02-01,IGP12_INCC12,INCC-DI Índice Geral,2.12588e-10
2026-08-01,1977-03-01,IGP12_INCC12,INCC-DI Índice Geral,2.193271e-10
2026-08-01,1977-04-01,IGP12_INCC12,INCC-DI Índice Geral,2.302385e-10
2026-08-01,1977-05-01,IGP12_INCC12,INCC-DI Índice Geral,2.419623e-10
2026-08-01,1977-06-01,IGP12_INCC12,INCC-DI Índice Geral,2.47029e-10
2026-08-01,1977-07-01,IGP12_INCC12,INCC-DI Índice Geral,2.518559e-10
2026-08-01,1977-08-01,IGP12_INCC12,INCC-DI Índice Geral,2.560946e-10
2026-08-01,1977-09-01,IGP12_INCC12,INCC-DI Índice Geral,2.607759e-10
2026-08-01,1977-10-01,IGP12_INCC12,INCC-DI Índice Geral,2.73181e-10
2026-08-01,1977-11-01,IGP12_INCC12,INCC-DI Índice Geral,2.785518e-10
2026-08-01,1977-12-01,IGP12_INCC12,INCC-DI Índice Geral,2.82524e-10
2026-08-01,1978-01-01,IGP12_INCC12,INCC-DI Índice Geral,2.877676e-10
2026-08-01,1978-02-01,IGP12_INCC12,INCC-DI Índice Geral,2.933187e-10
2026-08-01,1978-03-01,IGP12_INCC12,INCC-DI Índice Geral,3.061931e-10
2026-08-01,1978-04-01,IGP12_INCC12,INCC-DI Índice Geral,3.221518e-10
2026-08-01,1978-05-01,IGP12_INCC12,INCC-DI Índice Geral,3.288107e-10
2026-08-01,1978-06-01,IGP12_INCC12,INCC-DI Índice Geral,3.368732e-10
2026-08-01,1978-07-01,IGP12_INCC12,INCC-DI Índice Geral,3.441834e-10
2026-08-01,1978-08-01,IGP12_INCC12,INCC-DI Índice Geral,3.527605e-10
2026-08-01,1978-09-01,IGP12_INCC12,INCC-DI Índice Geral,3.642181e-10
2026-08-01,1978-10-01,IGP12_INCC12,INCC-DI Índice Geral,3.714769e-10
2026-08-01,1978-11-01,IGP12_INCC12,INCC-DI Índice Geral,3.807304e-10
2026-08-01,1978-12-01,IGP12_INCC12,INCC-DI Índice Geral,3.870201e-10
2026-08-01,1979-01-01,IGP12_INCC12,INCC-DI Índice Geral,3.962621e-10
2026-08-01,1979-02-01,IGP12_INCC12,INCC-DI Índice Geral,4.065967e-10
2026-08-01,1979-03-01,IGP12_INCC12,INCC-DI Índice Geral,4.396978e-10
2026-08-01,1979-04-01,IGP12_INCC12,INCC-DI Índice Geral,4.555885e-10
2026-08-01,1979-05-01,IGP12_INCC12,INCC-DI Índice Geral,4.751422e-10
2026-08-01,1979-06-01,IGP12_INCC12,INCC-DI Índice Geral,4.918483e-10
2026-08-01,1979-07-01,IGP12_INCC12,INCC-DI Índice Geral,5.003426e-10
2026-08-01,1979-08-01,IGP12_INCC12,INCC-DI Índice Geral,5.187802e-10
2026-08-01,1979-09-01,IGP12_INCC12,INCC-DI Índice Geral,5.72023e-10
2026-08-01,1979-10-01,IGP12_INCC12,INCC-DI Índice Geral,5.8613e-10
2026-08-01,1979-11-01,IGP12_INCC12,INCC-DI Índice Geral,6.087145e-10
2026-08-01,1979-12-01,IGP12_INCC12,INCC-DI Índice Geral,6.310723e-10
2026-08-01,1980-01-01,IGP12_INCC12,INCC-DI Índice Geral,6.607522e-10
2026-08-01,1980-02-01,IGP12_INCC12,INCC-DI Índice Geral,7.236892e-10
2026-08-01,1980-03-01,IGP12_INCC12,INCC-DI Índice Geral,8.163282e-10
2026-08-01,1980-04-01,IGP12_INCC12,INCC-DI Índice Geral,8.419036e-10
2026-08-01,1980-05-01,IGP12_INCC12,INCC-DI Índice Geral,8.828548e-10
2026-08-01,1980-06-01,IGP12_INCC12,INCC-DI Índice Geral,9.334858e-10
2026-08-01,1980-07-01,IGP12_INCC12,INCC-DI Índice Geral,9.925942e-10
2026-08-01,1980-08-01,IGP12_INCC12,INCC-DI Índice Geral,1.094622e-09
2026-08-01,1980-09-01,IGP12_INCC12,INCC-DI Índice Geral,1.182444e-09
2026-08-01,1980-10-01,IGP12_INCC12,INCC-DI Índice Geral,1.219101e-09
2026-08-01,1980-11-01,IGP12_INCC12,INCC-DI Índice Geral,1.280728e-09
2026-08-01,1980-12-01,IGP12_INCC12,INCC-DI Índice Geral,1.344483e-09
2026-08-01,1981-01-01,IGP12_INCC12,INCC-DI Índice Geral,1.404756e-09
2026-08-01,1981-02-01,IGP12_INCC12,INCC-DI Índice Geral,1.61391e-09
2026-08-01,1981-03-01,IGP12_INCC12,INCC-DI Índice Geral,1.744039e-09
2026-08-01,1981-04-01,IGP12_INCC12,INCC-DI Índice Geral,1.803145e-09
2026-08-01,1981-05-01,IGP12_INCC12,INCC-DI Índice Geral,1.86622e-09
2026-08-01,1981-06-01,IGP12_INCC12,INCC-DI Índice Geral,1.910113e-09
2026-08-01,1981-07-01,IGP12_INCC12,INCC-DI Índice Geral,1.94755e-09
2026-08-01,1981-08-01,IGP12_INCC12,INCC-DI Índice Geral,2.188929e-09
2026-08-01,1981-09-01,IGP12_INCC12,INCC-DI Índice Geral,2.310129e-09
2026-08-01,1981-10-01,IGP12_INCC12,INCC-DI Índice Geral,2.349886e-09
2026-08-01,1981-11-01,IGP12_INCC12,INCC-DI Índice Geral,2.426962e-09
2026-08-01,1981-12-01,IGP12_INCC12,INCC-DI Índice Geral,2.502463e-09
2026-08-01,1982-01-01,IGP12_INCC12,INCC-DI Índice Geral,2.597608e-09
2026-08-01,1982-02-01,IGP12_INCC12,INCC-DI Índice Geral,2.879891e-09
2026-08-01,1982-03-01,IGP12_INCC12,INCC-DI Índice Geral,3.241228e-09
2026-08-01,1982-04-01,IGP12_INCC12,INCC-DI Índice Geral,3.379856e-09
2026-08-01,1982-05-01,IGP12_INCC12,INCC-DI Índice Geral,3.557467e-09
2026-08-01,1982-06-01,IGP12_INCC12,INCC-DI Índice Geral,3.687919e-09
2026-08-01,1982-07-01,IGP12_INCC12,INCC-DI Índice Geral,3.890608e-09
2026-08-01,1982-08-01,IGP12_INCC12,INCC-DI Índice Geral,4.549717e-09
2026-08-01,1982-09-01,IGP12_INCC12,INCC-DI Índice Geral,4.732662e-09
2026-08-01,1982-10-01,IGP12_INCC12,INCC-DI Índice Geral,4.885858e-09
2026-08-01,1982-11-01,IGP12_INCC12,INCC-DI Índice Geral,5.084078e-09
2026-08-01,1982-12-01,IGP12_INCC12,INCC-DI Índice Geral,5.204773e-09
2026-08-01,1983-01-01,IGP12_INCC12,INCC-DI Índice Geral,5.405937e-09
2026-08-01,1983-02-01,IGP12_INCC12,INCC-DI Índice Geral,6.089897e-09
2026-08-01,1983-03-01,IGP12_INCC12,INCC-DI Índice Geral,6.594689e-09
2026-08-01,1983-04-01,IGP12_INCC12,INCC-DI Índice Geral,6.863421e-09
2026-08-01,1983-05-01,IGP12_INCC12,INCC-DI Índice Geral,7.355116e-09
2026-08-01,1983-06-01,IGP12_INCC12,INCC-DI Índice Geral,7.726843e-09
2026-08-01,1983-07-01,IGP12_INCC12,INCC-DI Índice Geral,8.240523e-09
2026-08-01,1983-08-01,IGP12_INCC12,INCC-DI Índice Geral,9.630452e-09
2026-08-01,1983-09-01,IGP12_INCC12,INCC-DI Índice Geral,1.048842e-08
2026-08-01,1983-10-01,IGP12_INCC12,INCC-DI Índice Geral,1.101924e-08
2026-08-01,1983-11-01,IGP12_INCC12,INCC-DI Índice Geral,1.234728e-08
2026-08-01,1983-12-01,IGP12_INCC12,INCC-DI Índice Geral,1.295749e-08
2026-08-01,1984-01-01,IGP12_INCC12,INCC-DI Índice Geral,1.372768e-08
2026-08-01,1984-02-01,IGP12_INCC12,INCC-DI Índice Geral,1.67022e-08
2026-08-01,1984-03-01,IGP12_INCC12,INCC-DI Índice Geral,1.826619e-08
2026-08-01,1984-04-01,IGP12_INCC12,INCC-DI Índice Geral,1.90626e-08
2026-08-01,1984-05-01,IGP12_INCC12,INCC-DI Índice Geral,2.058646e-08
2026-08-01,1984-06-01,IGP12_INCC12,INCC-DI Índice Geral,2.242504e-08
2026-08-01,1984-07-01,IGP12_INCC12,INCC-DI Índice Geral,2.36037e-08
2026-08-01,1984-08-01,IGP12_INCC12,INCC-DI Índice Geral,3.012116e-08
2026-08-01,1984-09-01,IGP12_INCC12,INCC-DI Índice Geral,3.180824e-08
2026-08-01,1984-10-01,IGP12_INCC12,INCC-DI Índice Geral,3.455711e-08
2026-08-01,1984-11-01,IGP12_INCC12,INCC-DI Índice Geral,3.754319e-08
2026-08-01,1984-12-01,IGP12_INCC12,INCC-DI Índice Geral,4.060822e-08
2026-08-01,1985-01-01,IGP12_INCC12,INCC-DI Índice Geral,4.366602e-08
2026-08-01,1985-02-01,IGP12_INCC12,INCC-DI Índice Geral,4.936444e-08
2026-08-01,1985-03-01,IGP12_INCC12,INCC-DI Índice Geral,5.50838e-08
2026-08-01,1985-04-01,IGP12_INCC12,INCC-DI Índice Geral,5.993007e-08
2026-08-01,1985-05-01,IGP12_INCC12,INCC-DI Índice Geral,7.3364e-08
2026-08-01,1985-06-01,IGP12_INCC12,INCC-DI Índice Geral,7.804022e-08
2026-08-01,1985-07-01,IGP12_INCC12,INCC-DI Índice Geral,8.568582e-08
2026-08-01,1985-08-01,IGP12_INCC12,INCC-DI Índice Geral,9.693551e-08
2026-08-01,1985-09-01,IGP12_INCC12,INCC-DI Índice Geral,1.062587e-07
2026-08-01,1985-10-01,IGP12_INCC12,INCC-DI Índice Geral,1.134259e-07
2026-08-01,1985-11-01,IGP12_INCC12,INCC-DI Índice Geral,1.372226e-07
2026-08-01,1985-12-01,IGP12_INCC12,INCC-DI Índice Geral,1.557601e-07
2026-08-01,1986-01-01,IGP12_INCC12,INCC-DI Índice Geral,1.775026e-07
2026-08-01,1986-02-01,IGP12_INCC12,INCC-DI Índice Geral,1.98968e-07
2026-08-01,1986-03-01,IGP12_INCC12,INCC-DI Índice Geral,2.209582e-07
2026-08-01,1986-04-01,IGP12_INCC12,INCC-DI Índice Geral,2.202291e-07
2026-08-01,1986-05-01,IGP12_INCC12,INCC-DI Índice Geral,2.207373e-07
2026-08-01,1986-06-01,IGP12_INCC12,INCC-DI Índice Geral,2.233667e-07
2026-08-01,1986-07-01,IGP12_INCC12,INCC-DI Índice Geral,2.257751e-07
2026-08-01,1986-08-01,IGP12_INCC12,INCC-DI Índice Geral,2.318515e-07
2026-08-01,1986-09-01,IGP12_INCC12,INCC-DI Índice Geral,2.410654e-07
2026-08-01,1986-10-01,IGP12_INCC12,INCC-DI Índice Geral,2.501247e-07
2026-08-01,1986-11-01,IGP12_INCC12,INCC-DI Índice Geral,2.630287e-07
2026-08-01,1986-12-01,IGP12_INCC12,INCC-DI Índice Geral,2.823404e-07
2026-08-01,1987-01-01,IGP12_INCC12,INCC-DI Índice Geral,3.218698e-07
2026-08-01,1987-02-01,IGP12_INCC12,INCC-DI Índice Geral,4.263168e-07
2026-08-01,1987-03-01,IGP12_INCC12,INCC-DI Índice Geral,5.226325e-07
2026-08-01,1987-04-01,IGP12_INCC12,INCC-DI Índice Geral,5.919471e-07
2026-08-01,1987-05-01,IGP12_INCC12,INCC-DI Índice Geral,7.108889e-07
2026-08-01,1987-06-01,IGP12_INCC12,INCC-DI Índice Geral,8.597043e-07
2026-08-01,1987-07-01,IGP12_INCC12,INCC-DI Índice Geral,9.260801e-07
2026-08-01,1987-08-01,IGP12_INCC12,INCC-DI Índice Geral,9.56727e-07
2026-08-01,1987-09-01,IGP12_INCC12,INCC-DI Índice Geral,1.028074e-06
2026-08-01,1987-10-01,IGP12_INCC12,INCC-DI Índice Geral,1.131858e-06
2026-08-01,1987-11-01,IGP12_INCC12,INCC-DI Índice Geral,1.280939e-06
2026-08-01,1987-12-01,IGP12_INCC12,INCC-DI Índice Geral,1.458677e-06
2026-08-01,1988-01-01,IGP12_INCC12,INCC-DI Índice Geral,1.712293e-06
2026-08-01,1988-02-01,IGP12_INCC12,INCC-DI Índice Geral,1.982569e-06
2026-08-01,1988-03-01,IGP12_INCC12,INCC-DI Índice Geral,2.368429e-06
2026-08-01,1988-04-01,IGP12_INCC12,INCC-DI Índice Geral,2.771545e-06
2026-08-01,1988-05-01,IGP12_INCC12,INCC-DI Índice Geral,3.426719e-06
2026-08-01,1988-06-01,IGP12_INCC12,INCC-DI Índice Geral,4.118771e-06
2026-08-01,1988-07-01,IGP12_INCC12,INCC-DI Índice Geral,4.930757e-06
2026-08-01,1988-08-01,IGP12_INCC12,INCC-DI Índice Geral,6.009853e-06
2026-08-01,1988-09-01,IGP12_INCC12,INCC-DI Índice Geral,7.534012e-06
2026-08-01,1988-10-01,IGP12_INCC12,INCC-DI Índice Geral,1.01395e-05
2026-08-01,1988-11-01,IGP12_INCC12,INCC-DI Índice Geral,1.325389e-05
2026-08-01,1988-12-01,IGP12_INCC12,INCC-DI Índice Geral,1.6928e-05
2026-08-01,1989-01-01,IGP12_INCC12,INCC-DI Índice Geral,2.234311e-05
2026-08-01,1989-02-01,IGP12_INCC12,INCC-DI Índice Geral,2.545261e-05
2026-08-01,1989-03-01,IGP12_INCC12,INCC-DI Índice Geral,2.685581e-05
2026-08-01,1989-04-01,IGP12_INCC12,INCC-DI Índice Geral,2.849939e-05
2026-08-01,1989-05-01,IGP12_INCC12,INCC-DI Índice Geral,3.390429e-05
2026-08-01,1989-06-01,IGP12_INCC12,INCC-DI Índice Geral,4.402742e-05
2026-08-01,1989-07-01,IGP12_INCC12,INCC-DI Índice Geral,6.226757e-05
2026-08-01,1989-08-01,IGP12_INCC12,INCC-DI Índice Geral,8.90725e-05
2026-08-01,1989-09-01,IGP12_INCC12,INCC-DI Índice Geral,0.0001243078
2026-08-01,1989-10-01,IGP12_INCC12,INCC-DI Índice Geral,0.0001730638
2026-08-01,1989-11-01,IGP12_INCC12,INCC-DI Índice Geral,0.0002447001
2026-08-01,1989-12-01,IGP12_INCC12,INCC-DI Índice Geral,0.0003593127
2026-08-01,1990-01-01,IGP12_INCC12,INCC-DI Índice Geral,0.000591716
2026-08-01,1990-02-01,IGP12_INCC12,INCC-DI Índice Geral,0.00100741
2026-08-01,1990-03-01,IGP12_INCC12,INCC-DI Índice Geral,0.00179728
2026-08-01,1990-04-01,IGP12_INCC12,INCC-DI Índice Geral,0.00182721
2026-08-01,1990-05-01,IGP12_INCC12,INCC-DI Índice Geral,0.00184532
2026-08-01,1990-06-01,IGP12_INCC12,INCC-DI Índice Geral,0.00198229
2026-08-01,1990-07-01,IGP12_INCC12,INCC-DI Índice Geral,0.00231279
2026-08-01,1990-08-01,IGP12_INCC12,INCC-DI Índice Geral,0.00261605
2026-08-01,1990-09-01,IGP12_INCC12,INCC-DI Índice Geral,0.00290048
2026-08-01,1990-10-01,IGP12_INCC12,INCC-DI Índice Geral,0.00323335
2026-08-01,1990-11-01,IGP12_INCC12,INCC-DI Índice Geral,0.00365525
2026-08-01,1990-12-01,IGP12_INCC12,INCC-DI Índice Geral,0.00429512
2026-08-01,1991-01-01,IGP12_INCC12,INCC-DI Índice Geral,0.00502668
2026-08-01,1991-02-01,IGP12_INCC12,INCC-DI Índice Geral,0.00580574
2026-08-01,1991-03-01,IGP12_INCC12,INCC-DI Índice Geral,0.00628952
2026-08-01,1991-04-01,IGP12_INCC12,INCC-DI Índice Geral,0.00671512
2026-08-01,1991-05-01,IGP12_INCC12,INCC-DI Índice Geral,0.00760065
2026-08-01,1991-06-01,IGP12_INCC12,INCC-DI Índice Geral,0.00837457
2026-08-01,1991-07-01,IGP12_INCC12,INCC-DI Índice Geral,0.00951417
2026-08-01,1991-08-01,IGP12_INCC12,INCC-DI Índice Geral,0.010906
2026-08-01,1991-09-01,IGP12_INCC12,INCC-DI Índice Geral,0.0132087
2026-08-01,1991-10-01,IGP12_INCC12,INCC-DI Índice Geral,0.0162486
2026-08-01,1991-11-01,IGP12_INCC12,INCC-DI Índice Geral,0.021037
2026-08-01,1991-12-01,IGP12_INCC12,INCC-DI Índice Geral,0.0251836
2026-08-01,1992-01-01,IGP12_INCC12,INCC-DI Índice Geral,0.0327067
2026-08-01,1992-02-01,IGP12_INCC12,INCC-DI Índice Geral,0.0404336
2026-08-01,1992-03-01,IGP12_INCC12,INCC-DI Índice Geral,0.0516612
2026-08-01,1992-04-01,IGP12_INCC12,INCC-DI Índice Geral,0.0606585
2026-08-01,1992-05-01,IGP12_INCC12,INCC-DI Índice Geral,0.0777764
2026-08-01,1992-06-01,IGP12_INCC12,INCC-DI Índice Geral,0.0917995
2026-08-01,1992-07-01,IGP12_INCC12,INCC-DI Índice Geral,0.113402
2026-08-01,1992-08-01,IGP12_INCC12,INCC-DI Índice Geral,0.132999
2026-08-01,1992-09-01,IGP12_INCC12,INCC-DI Índice Geral,0.178612
2026-08-01,1992-10-01,IGP12_INCC12,INCC-DI Índice Geral,0.212386
2026-08-01,1992-11-01,IGP12_INCC12,INCC-DI Índice Geral,0.274317
2026-08-01,1992-12-01,IGP12_INCC12,INCC-DI Índice Geral,0.326004
2026-08-01,1993-01-01,IGP12_INCC12,INCC-DI Índice Geral,0.4463
2026-08-01,1993-02-01,IGP12_INCC12,INCC-DI Índice Geral,0.547133
2026-08-01,1993-03-01,IGP12_INCC12,INCC-DI Índice Geral,0.725555
2026-08-01,1993-04-01,IGP12_INCC12,INCC-DI Índice Geral,0.87995
2026-08-01,1993-05-01,IGP12_INCC12,INCC-DI Índice Geral,1.23722
2026-08-01,1993-06-01,IGP12_INCC12,INCC-DI Índice Geral,1.57287
2026-08-01,1993-07-01,IGP12_INCC12,INCC-DI Índice Geral,2.10348
2026-08-01,1993-08-01,IGP12_INCC12,INCC-DI Índice Geral,2.70134
2026-08-01,1993-09-01,IGP12_INCC12,INCC-DI Índice Geral,3.78426
2026-08-01,1993-10-01,IGP12_INCC12,INCC-DI Índice Geral,5.07217
2026-08-01,1993-11-01,IGP12_INCC12,INCC-DI Índice Geral,7.01988
2026-08-01,1993-12-01,IGP12_INCC12,INCC-DI Índice Geral,9.33575
2026-08-01,1994-01-01,IGP12_INCC12,INCC-DI Índice Geral,13.6235
2026-08-01,1994-02-01,IGP12_INCC12,INCC-DI Índice Geral,18.9554
2026-08-01,1994-03-01,IGP12_INCC12,INCC-DI Índice Geral,29.5145
2026-08-01,1994-04-01,IGP12_INCC12,INCC-DI Índice Geral,42.9737
2026-08-01,1994-05-01,IGP12_INCC12,INCC-DI Índice Geral,62.571
2026-08-01,1994-06-01,IGP12_INCC12,INCC-DI Índice Geral,90.5653
2026-08-01,1994-07-01,IGP12_INCC12,INCC-DI Índice Geral,99.8582
2026-08-01,1994-08-01,IGP12_INCC12,INCC-DI Índice Geral,100.0
2026-08-01,1994-09-01,IGP12_INCC12,INCC-DI Índice Geral,100.381
2026-08-01,1994-10-01,IGP12_INCC12,INCC-DI Índice Geral,101.71
2026-08-01,1994-11-01,IGP12_INCC12,INCC-DI Índice Geral,104.11
2026-08-01,1994-12-01,IGP12_INCC12,INCC-DI Índice Geral,105.487
2026-08-01,1995-01-01,IGP12_INCC12,INCC-DI Índice Geral,109.176
2026-08-01,1995-02-01,IGP12_INCC12,INCC-DI Índice Geral,111.453
2026-08-01,1995-03-01,IGP12_INCC12,INCC-DI Índice Geral,115.129
2026-08-01,1995-04-01,IGP12_INCC12,INCC-DI Índice Geral,117.774
2026-08-01,1995-05-01,IGP12_INCC12,INCC-DI Índice Geral,128.098
2026-08-01,1995-06-01,IGP12_INCC12,INCC-DI Índice Geral,132.09
2026-08-01,1995-07-01,IGP12_INCC12,INCC-DI Índice Geral,133.524
2026-08-01,1995-08-01,IGP12_INCC12,INCC-DI Índice Geral,134.353
2026-08-01,1995-09-01,IGP12_INCC12,INCC-DI Índice Geral,135.318
2026-08-01,1995-10-01,IGP12_INCC12,INCC-DI Índice Geral,136.484
2026-08-01,1995-11-01,IGP12_INCC12,INCC-DI Índice Geral,137.478
2026-08-01,1995-12-01,IGP12_INCC12,INCC-DI Índice Geral,138.664
2026-08-01,1996-01-01,IGP12_INCC12,INCC-DI Índice Geral,140.766
2026-08-01,1996-02-01,IGP12_INCC12,INCC-DI Índice Geral,140.926
2026-08-01,1996-03-01,IGP12_INCC12,INCC-DI Índice Geral,142.313
2026-08-01,1996-04-01,IGP12_INCC12,INCC-DI Índice Geral,142.663
2026-08-01,1996-05-01,IGP12_INCC12,INCC-DI Índice Geral,145.742
2026-08-01,1996-06-01,IGP12_INCC12,INCC-DI Índice Geral,147.984
2026-08-01,1996-07-01,IGP12_INCC12,INCC-DI Índice Geral,149.095
2026-08-01,1996-08-01,IGP12_INCC12,INCC-DI Índice Geral,149.445
2026-08-01,1996-09-01,IGP12_INCC12,INCC-DI Índice Geral,149.772
2026-08-01,1996-10-01,IGP12_INCC12,INCC-DI Índice Geral,150.157
2026-08-01,1996-11-01,IGP12_INCC12,INCC-DI Índice Geral,151.035
2026-08-01,1996-12-01,IGP12_INCC12,INCC-DI Índice Geral,151.922
2026-08-01,1997-01-01,IGP12_INCC12,INCC-DI Índice Geral,152.408
2026-08-01,1997-02-01,IGP12_INCC12,INCC-DI Índice Geral,153.147
2026-08-01,1997-03-01,IGP12_INCC12,INCC-DI Índice Geral,154.26
2026-08-01,1997-04-01,IGP12_INCC12,INCC-DI Índice Geral,154.616
2026-08-01,1997-05-01,IGP12_INCC12,INCC-DI Índice Geral,155.953
2026-08-01,1997-06-01,IGP12_INCC12,INCC-DI Índice Geral,157.687
2026-08-01,1997-07-01,IGP12_INCC12,INCC-DI Índice Geral,158.485
2026-08-01,1997-08-01,IGP12_INCC12,INCC-DI Índice Geral,160.352
2026-08-01,1997-09-01,IGP12_INCC12,INCC-DI Índice Geral,160.78
2026-08-01,1997-10-01,IGP12_INCC12,INCC-DI Índice Geral,161.024
2026-08-01,1997-11-01,IGP12_INCC12,INCC-DI Índice Geral,161.897
2026-08-01,1997-12-01,IGP12_INCC12,INCC-DI Índice Geral,162.271
2026-08-01,1998-01-01,IGP12_INCC12,INCC-DI Índice Geral,162.805
2026-08-01,1998-02-01,IGP12_INCC12,INCC-DI Índice Geral,164.361
2026-08-01,1998-03-01,IGP12_INCC12,INCC-DI Índice Geral,164.361
2026-08-01,1998-04-01,IGP12_INCC12,INCC-DI Índice Geral,163.535
2026-08-01,1998-05-01,IGP12_INCC12,INCC-DI Índice Geral,165.133
2026-08-01,1998-06-01,IGP12_INCC12,INCC-DI Índice Geral,165.781
2026-08-01,1998-07-01,IGP12_INCC12,INCC-DI Índice Geral,166.345
2026-08-01,1998-08-01,IGP12_INCC12,INCC-DI Índice Geral,166.705
2026-08-01,1998-09-01,IGP12_INCC12,INCC-DI Índice Geral,166.729
2026-08-01,1998-10-01,IGP12_INCC12,INCC-DI Índice Geral,166.738
2026-08-01,1998-11-01,IGP12_INCC12,INCC-DI Índice Geral,166.657
2026-08-01,1998-12-01,IGP12_INCC12,INCC-DI Índice Geral,166.733
2026-08-01,1999-01-01,IGP12_INCC12,INCC-DI Índice Geral,167.648
2026-08-01,1999-02-01,IGP12_INCC12,INCC-DI Índice Geral,169.288
2026-08-01,1999-03-01,IGP12_INCC12,INCC-DI Índice Geral,170.221
2026-08-01,1999-04-01,IGP12_INCC12,INCC-DI Índice Geral,171.1
2026-08-01,1999-05-01,IGP12_INCC12,INCC-DI Índice Geral,172.578
2026-08-01,1999-06-01,IGP12_INCC12,INCC-DI Índice Geral,173.279
2026-08-01,1999-07-01,IGP12_INCC12,INCC-DI Índice Geral,174.074
2026-08-01,1999-08-01,IGP12_INCC12,INCC-DI Índice Geral,175.28
2026-08-01,1999-09-01,IGP12_INCC12,INCC-DI Índice Geral,176.785
2026-08-01,1999-10-01,IGP12_INCC12,INCC-DI Índice Geral,178.574
2026-08-01,1999-11-01,IGP12_INCC12,INCC-DI Índice Geral,180.207
2026-08-01,1999-12-01,IGP12_INCC12,INCC-DI Índice Geral,182.084
2026-08-01,2000-01-01,IGP12_INCC12,INCC-DI Índice Geral,184.039
2026-08-01,2000-02-01,IGP12_INCC12,INCC-DI Índice Geral,185.461
2026-08-01,2000-03-01,IGP12_INCC12,INCC-DI Índice Geral,186.492
2026-08-01,2000-04-01,IGP12_INCC12,INCC-DI Índice Geral,187.604
2026-08-01,2000-05-01,IGP12_INCC12,INCC-DI Índice Geral,190.136
2026-08-01,2000-06-01,IGP12_INCC12,INCC-DI Índice Geral,191.527
2026-08-01,2000-07-01,IGP12_INCC12,INCC-DI Índice Geral,192.104
2026-08-01,2000-08-01,IGP12_INCC12,INCC-DI Índice Geral,192.846
2026-08-01,2000-09-01,IGP12_INCC12,INCC-DI Índice Geral,193.342
2026-08-01,2000-10-01,IGP12_INCC12,INCC-DI Índice Geral,193.984
2026-08-01,2000-11-01,IGP12_INCC12,INCC-DI Índice Geral,194.789
2026-08-01,2000-12-01,IGP12_INCC12,INCC-DI Índice Geral,196.037
2026-08-01,2001-01-01,IGP12_INCC12,INCC-DI Índice Geral,197.174
2026-08-01,2001-02-01,IGP12_INCC12,INCC-DI Índice Geral,197.849
2026-08-01,2001-03-01,IGP12_INCC12,INCC-DI Índice Geral,198.388
2026-08-01,2001-04-01,IGP12_INCC12,INCC-DI Índice Geral,199.112
2026-08-01,2001-05-01,IGP12_INCC12,INCC-DI Índice Geral,203.321
2026-08-01,2001-06-01,IGP12_INCC12,INCC-DI Índice Geral,205.682
2026-08-01,2001-07-01,IGP12_INCC12,INCC-DI Índice Geral,206.742
2026-08-01,2001-08-01,IGP12_INCC12,INCC-DI Índice Geral,208.026
2026-08-01,2001-09-01,IGP12_INCC12,INCC-DI Índice Geral,209.174
2026-08-01,2001-10-01,IGP12_INCC12,INCC-DI Índice Geral,211.122
2026-08-01,2001-11-01,IGP12_INCC12,INCC-DI Índice Geral,212.676
2026-08-01,2001-12-01,IGP12_INCC12,INCC-DI Índice Geral,213.393
2026-08-01,2002-01-01,IGP12_INCC12,INCC-DI Índice Geral,214.162
2026-08-01,2002-02-01,IGP12_INCC12,INCC-DI Índice Geral,215.399
2026-08-01,2002-03-01,IGP12_INCC12,INCC-DI Índice Geral,216.577
2026-08-01,2002-04-01,IGP12_INCC12,INCC-DI Índice Geral,217.288
2026-08-01,2002-05-01,IGP12_INCC12,INCC-DI Índice Geral,222.793
2026-08-01,2002-06-01,IGP12_INCC12,INCC-DI Índice Geral,224.054
2026-08-01,2002-07-01,IGP12_INCC12,INCC-DI Índice Geral,224.712
2026-08-01,2002-08-01,IGP12_INCC12,INCC-DI Índice Geral,226.968
2026-08-01,2002-09-01,IGP12_INCC12,INCC-DI Índice Geral,228.576
2026-08-01,2002-10-01,IGP12_INCC12,INCC-DI Índice Geral,231.167
2026-08-01,2002-11-01,IGP12_INCC12,INCC-DI Índice Geral,236.83
2026-08-01,2002-12-01,IGP12_INCC12,INCC-DI Índice Geral,240.861
2026-08-01,2003-01-01,IGP12_INCC12,INCC-DI Índice Geral,244.489
2026-08-01,2003-02-01,IGP12_INCC12,INCC-DI Índice Geral,247.898
2026-08-01,2003-03-01,IGP12_INCC12,INCC-DI Índice Geral,251.318
2026-08-01,2003-04-01,IGP12_INCC12,INCC-DI Índice Geral,253.585
2026-08-01,2003-05-01,IGP12_INCC12,INCC-DI Índice Geral,260.778
2026-08-01,2003-06-01,IGP12_INCC12,INCC-DI Índice Geral,263.516
2026-08-01,2003-07-01,IGP12_INCC12,INCC-DI Índice Geral,266.132
2026-08-01,2003-08-01,IGP12_INCC12,INCC-DI Índice Geral,269.967
2026-08-01,2003-09-01,IGP12_INCC12,INCC-DI Índice Geral,270.555
2026-08-01,2003-10-01,IGP12_INCC12,INCC-DI Índice Geral,272.325
2026-08-01,2003-11-01,IGP12_INCC12,INCC-DI Índice Geral,275.152
2026-08-01,2003-12-01,IGP12_INCC12,INCC-DI Índice Geral,275.594
2026-08-01,2004-01-01,IGP12_INCC12,INCC-DI Índice Geral,276.49
2026-08-01,2004-02-01,IGP12_INCC12,INCC-DI Índice Geral,279.243
2026-08-01,2004-03-01,IGP12_INCC12,INCC-DI Índice Geral,282.47
2026-08-01,2004-04-01,IGP12_INCC12,INCC-DI Índice Geral,284.128
2026-08-01,2004-05-01,IGP12_INCC12,INCC-DI Índice Geral,289.317
2026-08-01,2004-06-01,IGP12_INCC12,INCC-DI Índice Geral,291.348
2026-08-01,2004-07-01,IGP12_INCC12,INCC-DI Índice Geral,294.625
2026-08-01,2004-08-01,IGP12_INCC12,INCC-DI Índice Geral,297.003
2026-08-01,2004-09-01,IGP12_INCC12,INCC-DI Índice Geral,298.722
2026-08-01,2004-10-01,IGP12_INCC12,INCC-DI Índice Geral,302.275
2026-08-01,2004-11-01,IGP12_INCC12,INCC-DI Índice Geral,304.429
2026-08-01,2004-12-01,IGP12_INCC12,INCC-DI Índice Geral,305.974
2026-08-01,2005-01-01,IGP12_INCC12,INCC-DI Índice Geral,308.284
2026-08-01,2005-02-01,IGP12_INCC12,INCC-DI Índice Geral,309.646
2026-08-01,2005-03-01,IGP12_INCC12,INCC-DI Índice Geral,311.733
2026-08-01,2005-04-01,IGP12_INCC12,INCC-DI Índice Geral,313.977
2026-08-01,2005-05-01,IGP12_INCC12,INCC-DI Índice Geral,320.524
2026-08-01,2005-06-01,IGP12_INCC12,INCC-DI Índice Geral,322.974
2026-08-01,2005-07-01,IGP12_INCC12,INCC-DI Índice Geral,323.332
2026-08-01,2005-08-01,IGP12_INCC12,INCC-DI Índice Geral,323.382
2026-08-01,2005-09-01,IGP12_INCC12,INCC-DI Índice Geral,324.164
2026-08-01,2005-10-01,IGP12_INCC12,INCC-DI Índice Geral,324.782
2026-08-01,2005-11-01,IGP12_INCC12,INCC-DI Índice Geral,325.703
2026-08-01,2005-12-01,IGP12_INCC12,INCC-DI Índice Geral,326.915
2026-08-01,2006-01-01,IGP12_INCC12,INCC-DI Índice Geral,328.042
2026-08-01,2006-02-01,IGP12_INCC12,INCC-DI Índice Geral,328.651
2026-08-01,2006-03-01,IGP12_INCC12,INCC-DI Índice Geral,329.32
2026-08-01,2006-04-01,IGP12_INCC12,INCC-DI Índice Geral,330.501
2026-08-01,2006-05-01,IGP12_INCC12,INCC-DI Índice Geral,334.867
2026-08-01,2006-06-01,IGP12_INCC12,INCC-DI Índice Geral,337.892
2026-08-01,2006-07-01,IGP12_INCC12,INCC-DI Índice Geral,339.484
2026-08-01,2006-08-01,IGP12_INCC12,INCC-DI Índice Geral,340.283
2026-08-01,2006-09-01,IGP12_INCC12,INCC-DI Índice Geral,340.67
2026-08-01,2006-10-01,IGP12_INCC12,INCC-DI Índice Geral,341.369
2026-08-01,2006-11-01,IGP12_INCC12,INCC-DI Índice Geral,342.159
2026-08-01,2006-12-01,IGP12_INCC12,INCC-DI Índice Geral,343.401
2026-08-01,2007-01-01,IGP12_INCC12,INCC-DI Índice Geral,344.943
2026-08-01,2007-02-01,IGP12_INCC12,INCC-DI Índice Geral,345.682
2026-08-01,2007-03-01,IGP12_INCC12,INCC-DI Índice Geral,346.617
2026-08-01,2007-04-01,IGP12_INCC12,INCC-DI Índice Geral,348.194
2026-08-01,2007-05-01,IGP12_INCC12,INCC-DI Índice Geral,352.204
2026-08-01,2007-06-01,IGP12_INCC12,INCC-DI Índice Geral,355.456
2026-08-01,2007-07-01,IGP12_INCC12,INCC-DI Índice Geral,356.545
2026-08-01,2007-08-01,IGP12_INCC12,INCC-DI Índice Geral,357.467
2026-08-01,2007-09-01,IGP12_INCC12,INCC-DI Índice Geral,359.276
2026-08-01,2007-10-01,IGP12_INCC12,INCC-DI Índice Geral,361.102
2026-08-01,2007-11-01,IGP12_INCC12,INCC-DI Índice Geral,362.403
2026-08-01,2007-12-01,IGP12_INCC12,INCC-DI Índice Geral,364.525
2026-08-01,2008-01-01,IGP12_INCC12,INCC-DI Índice Geral,365.906
2026-08-01,2008-02-01,IGP12_INCC12,INCC-DI Índice Geral,367.382
2026-08-01,2008-03-01,IGP12_INCC12,INCC-DI Índice Geral,369.812
2026-08-01,2008-04-01,IGP12_INCC12,INCC-DI Índice Geral,373.031
2026-08-01,2008-05-01,IGP12_INCC12,INCC-DI Índice Geral,380.582
2026-08-01,2008-06-01,IGP12_INCC12,INCC-DI Índice Geral,387.906
2026-08-01,2008-07-01,IGP12_INCC12,INCC-DI Índice Geral,393.556
2026-08-01,2008-08-01,IGP12_INCC12,INCC-DI Índice Geral,398.202
2026-08-01,2008-09-01,IGP12_INCC12,INCC-DI Índice Geral,401.975
2026-08-01,2008-10-01,IGP12_INCC12,INCC-DI Índice Geral,405.09
2026-08-01,2008-11-01,IGP12_INCC12,INCC-DI Índice Geral,407.109
2026-08-01,2008-12-01,IGP12_INCC12,INCC-DI Índice Geral,407.807
2026-08-01,2009-01-01,IGP12_INCC12,INCC-DI Índice Geral,409.166
2026-08-01,2009-02-01,IGP12_INCC12,INCC-DI Índice Geral,410.262
2026-08-01,2009-03-01,IGP12_INCC12,INCC-DI Índice Geral,409.216
2026-08-01,2009-04-01,IGP12_INCC12,INCC-DI Índice Geral,409.042
2026-08-01,2009-05-01,IGP12_INCC12,INCC-DI Índice Geral,414.742
2026-08-01,2009-06-01,IGP12_INCC12,INCC-DI Índice Geral,417.657
2026-08-01,2009-07-01,IGP12_INCC12,INCC-DI Índice Geral,418.757
2026-08-01,2009-08-01,IGP12_INCC12,INCC-DI Índice Geral,418.528
2026-08-01,2009-09-01,IGP12_INCC12,INCC-DI Índice Geral,419.147
2026-08-01,2009-10-01,IGP12_INCC12,INCC-DI Índice Geral,419.405
2026-08-01,2009-11-01,IGP12_INCC12,INCC-DI Índice Geral,420.635
2026-08-01,2009-12-01,IGP12_INCC12,INCC-DI Índice Geral,421.051
2026-08-01,2010-01-01,IGP12_INCC12,INCC-DI Índice Geral,423.74
2026-08-01,2010-02-01,IGP12_INCC12,INCC-DI Índice Geral,425.268
2026-08-01,2010-03-01,IGP12_INCC12,INCC-DI Índice Geral,428.476
2026-08-01,2010-04-01,IGP12_INCC12,INCC-DI Índice Geral,432.079
2026-08-01,2010-05-01,IGP12_INCC12,INCC-DI Índice Geral,439.914
2026-08-01,2010-06-01,IGP12_INCC12,INCC-DI Índice Geral,444.718
2026-08-01,2010-07-01,IGP12_INCC12,INCC-DI Índice Geral,446.688
2026-08-01,2010-08-01,IGP12_INCC12,INCC-DI Índice Geral,447.296
2026-08-01,2010-09-01,IGP12_INCC12,INCC-DI Índice Geral,448.222
2026-08-01,2010-10-01,IGP12_INCC12,INCC-DI Índice Geral,449.103
2026-08-01,2010-11-01,IGP12_INCC12,INCC-DI Índice Geral,450.763
2026-08-01,2010-12-01,IGP12_INCC12,INCC-DI Índice Geral,453.766
2026-08-01,2011-01-01,IGP12_INCC12,INCC-DI Índice Geral,455.619
2026-08-01,2011-02-01,IGP12_INCC12,INCC-DI Índice Geral,456.917
2026-08-01,2011-03-01,IGP12_INCC12,INCC-DI Índice Geral,458.887
2026-08-01,2011-04-01,IGP12_INCC12,INCC-DI Índice Geral,463.766
2026-08-01,2011-05-01,IGP12_INCC12,INCC-DI Índice Geral,477.405
2026-08-01,2011-06-01,IGP12_INCC12,INCC-DI Índice Geral,479.183
2026-08-01,2011-07-01,IGP12_INCC12,INCC-DI Índice Geral,481.33
2026-08-01,2011-08-01,IGP12_INCC12,INCC-DI Índice Geral,481.966
2026-08-01,2011-09-01,IGP12_INCC12,INCC-DI Índice Geral,482.658
2026-08-01,2011-10-01,IGP12_INCC12,INCC-DI Índice Geral,483.758
2026-08-01,2011-11-01,IGP12_INCC12,INCC-DI Índice Geral,487.221
2026-08-01,2011-12-01,IGP12_INCC12,INCC-DI Índice Geral,487.749
2026-08-01,2012-01-01,IGP12_INCC12,INCC-DI Índice Geral,492.106
2026-08-01,2012-02-01,IGP12_INCC12,INCC-DI Índice Geral,493.584
2026-08-01,2012-03-01,IGP12_INCC12,INCC-DI Índice Geral,496.079
2026-08-01,2012-04-01,IGP12_INCC12,INCC-DI Índice Geral,499.791
2026-08-01,2012-05-01,IGP12_INCC12,INCC-DI Índice Geral,509.184
2026-08-01,2012-06-01,IGP12_INCC12,INCC-DI Índice Geral,512.903
2026-08-01,2012-07-01,IGP12_INCC12,INCC-DI Índice Geral,516.318
2026-08-01,2012-08-01,IGP12_INCC12,INCC-DI Índice Geral,517.657
2026-08-01,2012-09-01,IGP12_INCC12,INCC-DI Índice Geral,518.816
2026-08-01,2012-10-01,IGP12_INCC12,INCC-DI Índice Geral,519.907
2026-08-01,2012-11-01,IGP12_INCC12,INCC-DI Índice Geral,521.638
2026-08-01,2012-12-01,IGP12_INCC12,INCC-DI Índice Geral,522.474
2026-08-01,2013-01-01,IGP12_INCC12,INCC-DI Índice Geral,525.85
2026-08-01,2013-02-01,IGP12_INCC12,INCC-DI Índice Geral,529.029
2026-08-01,2013-03-01,IGP12_INCC12,INCC-DI Índice Geral,531.691
2026-08-01,2013-04-01,IGP12_INCC12,INCC-DI Índice Geral,535.601
2026-08-01,2013-05-01,IGP12_INCC12,INCC-DI Índice Geral,547.655
2026-08-01,2013-06-01,IGP12_INCC12,INCC-DI Índice Geral,553.948
2026-08-01,2013-07-01,IGP12_INCC12,INCC-DI Índice Geral,556.6
2026-08-01,2013-08-01,IGP12_INCC12,INCC-DI Índice Geral,558.34
2026-08-01,2013-09-01,IGP12_INCC12,INCC-DI Índice Geral,560.767
2026-08-01,2013-10-01,IGP12_INCC12,INCC-DI Índice Geral,562.241
2026-08-01,2013-11-01,IGP12_INCC12,INCC-DI Índice Geral,564.201
2026-08-01,2013-12-01,IGP12_INCC12,INCC-DI Índice Geral,564.765
2026-08-01,2014-01-01,IGP12_INCC12,INCC-DI Índice Geral,569.72
2026-08-01,2014-02-01,IGP12_INCC12,INCC-DI Índice Geral,571.577
2026-08-01,2014-03-01,IGP12_INCC12,INCC-DI Índice Geral,573.156
2026-08-01,2014-04-01,IGP12_INCC12,INCC-DI Índice Geral,578.224
2026-08-01,2014-05-01,IGP12_INCC12,INCC-DI Índice Geral,590.099
2026-08-01,2014-06-01,IGP12_INCC12,INCC-DI Índice Geral,594.013
2026-08-01,2014-07-01,IGP12_INCC12,INCC-DI Índice Geral,598.441
2026-08-01,2014-08-01,IGP12_INCC12,INCC-DI Índice Geral,598.898
2026-08-01,2014-09-01,IGP12_INCC12,INCC-DI Índice Geral,599.823
2026-08-01,2014-10-01,IGP12_INCC12,INCC-DI Índice Geral,600.865
2026-08-01,2014-11-01,IGP12_INCC12,INCC-DI Índice Geral,603.524
2026-08-01,2014-12-01,IGP12_INCC12,INCC-DI Índice Geral,604.026
2026-08-01,2015-01-01,IGP12_INCC12,INCC-DI Índice Geral,609.568
2026-08-01,2015-02-01,IGP12_INCC12,INCC-DI Índice Geral,611.447
2026-08-01,2015-03-01,IGP12_INCC12,INCC-DI Índice Geral,615.248
2026-08-01,2015-04-01,IGP12_INCC12,INCC-DI Índice Geral,618.06
2026-08-01,2015-05-01,IGP12_INCC12,INCC-DI Índice Geral,623.951
2026-08-01,2015-06-01,IGP12_INCC12,INCC-DI Índice Geral,635.403
2026-08-01,2015-07-01,IGP12_INCC12,INCC-DI Índice Geral,638.88
2026-08-01,2015-08-01,IGP12_INCC12,INCC-DI Índice Geral,642.644
2026-08-01,2015-09-01,IGP12_INCC12,INCC-DI Índice Geral,644.046
2026-08-01,2015-10-01,IGP12_INCC12,INCC-DI Índice Geral,646.355
2026-08-01,2015-11-01,IGP12_INCC12,INCC-DI Índice Geral,648.542
2026-08-01,2015-12-01,IGP12_INCC12,INCC-DI Índice Geral,649.216
2026-08-01,2016-01-01,IGP12_INCC12,INCC-DI Índice Geral,651.759
2026-08-01,2016-02-01,IGP12_INCC12,INCC-DI Índice Geral,655.263
2026-08-01,2016-03-01,IGP12_INCC12,INCC-DI Índice Geral,659.446
2026-08-01,2016-04-01,IGP12_INCC12,INCC-DI Índice Geral,663.057
2026-08-01,2016-05-01,IGP12_INCC12,INCC-DI Índice Geral,663.61
2026-08-01,2016-06-01,IGP12_INCC12,INCC-DI Índice Geral,676.42
2026-08-01,2016-07-01,IGP12_INCC12,INCC-DI Índice Geral,679.751
2026-08-01,2016-08-01,IGP12_INCC12,INCC-DI Índice Geral,681.756
2026-08-01,2016-09-01,IGP12_INCC12,INCC-DI Índice Geral,684.025
2026-08-01,2016-10-01,IGP12_INCC12,INCC-DI Índice Geral,685.489
2026-08-01,2016-11-01,IGP12_INCC12,INCC-DI Índice Geral,686.607
2026-08-01,2016-12-01,IGP12_INCC12,INCC-DI Índice Geral,688.965
2026-08-01,2017-01-01,IGP12_INCC12,INCC-DI Índice Geral,691.792
2026-08-01,2017-02-01,IGP12_INCC12,INCC-DI Índice Geral,696.314
2026-08-01,2017-03-01,IGP12_INCC12,INCC-DI Índice Geral,697.41
2026-08-01,2017-04-01,IGP12_INCC12,INCC-DI Índice Geral,697.244
2026-08-01,2017-05-01,IGP12_INCC12,INCC-DI Índice Geral,701.664
2026-08-01,2017-06-01,IGP12_INCC12,INCC-DI Índice Geral,708.197
2026-08-01,2017-07-01,IGP12_INCC12,INCC-DI Índice Geral,710.355
2026-08-01,2017-08-01,IGP12_INCC12,INCC-DI Índice Geral,712.884
2026-08-01,2017-09-01,IGP12_INCC12,INCC-DI Índice Geral,713.33
2026-08-01,2017-10-01,IGP12_INCC12,INCC-DI Índice Geral,715.527
2026-08-01,2017-11-01,IGP12_INCC12,INCC-DI Índice Geral,717.751
2026-08-01,2017-12-01,IGP12_INCC12,INCC-DI Índice Geral,718.276
2026-08-01,2018-01-01,IGP12_INCC12,INCC-DI Índice Geral,720.495
2026-08-01,2018-02-01,IGP12_INCC12,INCC-DI Índice Geral,721.414
2026-08-01,2018-03-01,IGP12_INCC12,INCC-DI Índice Geral,723.163
2026-08-01,2018-04-01,IGP12_INCC12,INCC-DI Índice Geral,725.245
2026-08-01,2018-05-01,IGP12_INCC12,INCC-DI Índice Geral,726.923
2026-08-01,2018-06-01,IGP12_INCC12,INCC-DI Índice Geral,733.984
2026-08-01,2018-07-01,IGP12_INCC12,INCC-DI Índice Geral,738.487
2026-08-01,2018-08-01,IGP12_INCC12,INCC-DI Índice Geral,739.58
2026-08-01,2018-09-01,IGP12_INCC12,INCC-DI Índice Geral,741.305
2026-08-01,2018-10-01,IGP12_INCC12,INCC-DI Índice Geral,743.866
2026-08-01,2018-11-01,IGP12_INCC12,INCC-DI Índice Geral,744.865
2026-08-01,2018-12-01,IGP12_INCC12,INCC-DI Índice Geral,745.856
2026-08-01,2019-01-01,IGP12_INCC12,INCC-DI Índice Geral,749.517
2026-08-01,2019-02-01,IGP12_INCC12,INCC-DI Índice Geral,750.18
2026-08-01,2019-03-01,IGP12_INCC12,INCC-DI Índice Geral,752.524
2026-08-01,2019-04-01,IGP12_INCC12,INCC-DI Índice Geral,755.373
2026-08-01,2019-05-01,IGP12_INCC12,INCC-DI Índice Geral,755.625
2026-08-01,2019-06-01,IGP12_INCC12,INCC-DI Índice Geral,762.304
2026-08-01,2019-07-01,IGP12_INCC12,INCC-DI Índice Geral,766.699
2026-08-01,2019-08-01,IGP12_INCC12,INCC-DI Índice Geral,769.951
2026-08-01,2019-09-01,IGP12_INCC12,INCC-DI Índice Geral,773.52
2026-08-01,2019-10-01,IGP12_INCC12,INCC-DI Índice Geral,774.939
2026-08-01,2019-11-01,IGP12_INCC12,INCC-DI Índice Geral,775.225
2026-08-01,2019-12-01,IGP12_INCC12,INCC-DI Índice Geral,776.839
2026-08-01,2020-01-01,IGP12_INCC12,INCC-DI Índice Geral,779.766
2026-08-01,2020-02-01,IGP12_INCC12,INCC-DI Índice Geral,782.336
2026-08-01,2020-03-01,IGP12_INCC12,INCC-DI Índice Geral,784.338
2026-08-01,2020-04-01,IGP12_INCC12,INCC-DI Índice Geral,786.07
2026-08-01,2020-05-01,IGP12_INCC12,INCC-DI Índice Geral,787.666
2026-08-01,2020-06-01,IGP12_INCC12,INCC-DI Índice Geral,790.331
2026-08-01,2020-07-01,IGP12_INCC12,INCC-DI Índice Geral,799.589
2026-08-01,2020-08-01,IGP12_INCC12,INCC-DI Índice Geral,805.356
2026-08-01,2020-09-01,IGP12_INCC12,INCC-DI Índice Geral,814.701
2026-08-01,2020-10-01,IGP12_INCC12,INCC-DI Índice Geral,828.778
2026-08-01,2020-11-01,IGP12_INCC12,INCC-DI Índice Geral,839.382
2026-08-01,2020-12-01,IGP12_INCC12,INCC-DI Índice Geral,845.268
2026-08-01,2021-01-01,IGP12_INCC12,INCC-DI Índice Geral,852.809
2026-08-01,2021-02-01,IGP12_INCC12,INCC-DI Índice Geral,868.929
2026-08-01,2021-03-01,IGP12_INCC12,INCC-DI Índice Geral,880.265
2026-08-01,2021-04-01,IGP12_INCC12,INCC-DI Índice Geral,888.191
2026-08-01,2021-05-01,IGP12_INCC12,INCC-DI Índice Geral,907.899
2026-08-01,2021-06-01,IGP12_INCC12,INCC-DI Índice Geral,927.512
2026-08-01,2021-07-01,IGP12_INCC12,INCC-DI Índice Geral,935.359
2026-08-01,2021-08-01,IGP12_INCC12,INCC-DI Índice Geral,939.699
2026-08-01,2021-09-01,IGP12_INCC12,INCC-DI Índice Geral,944.52
2026-08-01,2021-10-01,IGP12_INCC12,INCC-DI Índice Geral,952.596
2026-08-01,2021-11-01,IGP12_INCC12,INCC-DI Índice Geral,959.001
2026-08-01,2021-12-01,IGP12_INCC12,INCC-DI Índice Geral,962.321
2026-08-01,2022-01-01,IGP12_INCC12,INCC-DI Índice Geral,969.184
2026-08-01,2022-02-01,IGP12_INCC12,INCC-DI Índice Geral,972.904
2026-08-01,2022-03-01,IGP12_INCC12,INCC-DI Índice Geral,981.244
2026-08-01,2022-04-01,IGP12_INCC12,INCC-DI Índice Geral,990.543
2026-08-01,2022-05-01,IGP12_INCC12,INCC-DI Índice Geral,1013.164
2026-08-01,2022-06-01,IGP12_INCC12,INCC-DI Índice Geral,1034.824
2026-08-01,2022-07-01,IGP12_INCC12,INCC-DI Índice Geral,1043.76
2026-08-01,2022-08-01,IGP12_INCC12,INCC-DI Índice Geral,1044.679
2026-08-01,2022-09-01,IGP12_INCC12,INCC-DI Índice Geral,1045.616
2026-08-01,2022-10-01,IGP12_INCC12,INCC-DI Índice Geral,1046.896
2026-08-01,2022-11-01,IGP12_INCC12,INCC-DI Índice Geral,1050.701
2026-08-01,2022-12-01,IGP12_INCC12,INCC-DI Índice Geral,1051.632
2026-08-01,2023-01-01,IGP12_INCC12,INCC-DI Índice Geral,1056.418
2026-08-01,2023-02-01,IGP12_INCC12,INCC-DI Índice Geral,1056.896
2026-08-01,2023-03-01,IGP12_INCC12,INCC-DI Índice Geral,1060.116
2026-08-01,2023-04-01,IGP12_INCC12,INCC-DI Índice Geral,1061.635
2026-08-01,2023-05-01,IGP12_INCC12,INCC-DI Índice Geral,1067.919
2026-08-01,2023-06-01,IGP12_INCC12,INCC-DI Índice Geral,1075.54
2026-08-01,2023-07-01,IGP12_INCC12,INCC-DI Índice Geral,1076.626
2026-08-01,2023-08-01,IGP12_INCC12,INCC-DI Índice Geral,1078.412
2026-08-01,2023-09-01,IGP12_INCC12,INCC-DI Índice Geral,1082.104
2026-08-01,2023-10-01,IGP12_INCC12,INCC-DI Índice Geral,1084.242
2026-08-01,2023-11-01,IGP12_INCC12,INCC-DI Índice Geral,1084.986
2026-08-01,2023-12-01,IGP12_INCC12,INCC-DI Índice Geral,1088.312
2026-08-01,2024-01-01,IGP12_INCC12,INCC-DI Índice Geral,1091.25
2026-08-01,2024-02-01,IGP12_INCC12,INCC-DI Índice Geral,1092.685
2026-08-01,2024-03-01,IGP12_INCC12,INCC-DI Índice Geral,1095.738
2026-08-01,2024-04-01,IGP12_INCC12,INCC-DI Índice Geral,1101.389
2026-08-01,2024-05-01,IGP12_INCC12,INCC-DI Índice Geral,1110.887
2026-08-01,2024-06-01,IGP12_INCC12,INCC-DI Índice Geral,1118.827
2026-08-01,2024-07-01,IGP12_INCC12,INCC-DI Índice Geral,1126.916
2026-08-01,2024-08-01,IGP12_INCC12,INCC-DI Índice Geral,1134.775
2026-08-01,2024-09-01,IGP12_INCC12,INCC-DI Índice Geral,1141.398
2026-08-01,2024-10-01,IGP12_INCC12,INCC-DI Índice Geral,1149.17
2026-08-01,2024-11-01,IGP12_INCC12,INCC-DI Índice Geral,1153.725
2026-08-01,2024-12-01,IGP12_INCC12,INCC-DI Índice Geral,1159.536
2026-08-01,2025-01-01,IGP12_INCC12,INCC-DI Índice Geral,1169.116
2026-08-01,2025-02-01,IGP12_INCC12,INCC-DI Índice Geral,1173.775
2026-08-01,2025-03-01,IGP12_INCC12,INCC-DI Índice Geral,1178.386
2026-08-01,2025-04-01,IGP12_INCC12,INCC-DI Índice Geral,1184.462
2026-08-01,2025-05-01,IGP12_INCC12,INCC-DI Índice Geral,1191.327
2026-08-01,2025-06-01,IGP12_INCC12,INCC-DI Índice Geral,1199.509
2026-08-01,2025-07-01,IGP12_INCC12,INCC-DI Índice Geral,1210.471
2026-08-01,2025-08-01,IGP12_INCC12,INCC-DI Índice Geral,1216.706
2026-08-01,2025-09-01,IGP12_INCC12,INCC-DI Índice Geral,1218.747
2026-08-01,2025-10-01,IGP12_INCC12,INCC-DI Índice Geral,1222.356
2026-08-01,2025-11-01,IGP12_INCC12,INCC-DI Índice Geral,1225.633
2026-08-01,2025-12-01,IGP12_INCC12,INCC-DI Índice Geral,1228.161
2026-08-01,2026-01-01,IGP12_INCC12,INCC-DI Índice Geral,1237.036
2026-08-01,2026-02-01,IGP12_INCC12,INCC-DI Índice Geral,1240.481
2026-08-01,2026-03-01,IGP12_INCC12,INCC-DI Índice Geral,1247.181
2026-08-01,2026-04-01,IGP12_INCC12,INCC-DI Índice Geral,1259.652
2026-08-01,2026-05-01,IGP12_INCC12,INCC-DI Índice Geral,1270.695
2026-08-01,2026-06-01,IGP12_INCC12,INCC-DI Índice Geral,1280.641
2026-08-01,1979-03-01,PRECOS12_INPC12,INPC Índice Geral,5.5765e-09
2026-08-01,1979-04-01,PRECOS12_INPC12,INPC Índice Geral,5.7689e-09
2026-08-01,1979-05-01,PRECOS12_INPC12,INPC Índice Geral,5.8704e-09
2026-08-01,1979-06-01,PRECOS12_INPC12,INPC Índice Geral,6.0465e-09
2026-08-01,1979-07-01,PRECOS12_INPC12,INPC Índice Geral,6.3705e-09
2026-08-01,1979-08-01,PRECOS12_INPC12,INPC Índice Geral,6.739e-09
2026-08-01,1979-09-01,PRECOS12_INPC12,INPC Índice Geral,7.1843e-09
2026-08-01,1979-10-01,PRECOS12_INPC12,INPC Índice Geral,7.5481e-09
2026-08-01,1979-11-01,PRECOS12_INPC12,INPC Índice Geral,8.0089e-09
2026-08-01,1979-12-01,PRECOS12_INPC12,INPC Índice Geral,8.3698e-09
2026-08-01,1980-01-01,PRECOS12_INPC12,INPC Índice Geral,8.919e-09
2026-08-01,1980-02-01,PRECOS12_INPC12,INPC Índice Geral,9.289e-09
2026-08-01,1980-03-01,PRECOS12_INPC12,INPC Índice Geral,9.7649e-09
2026-08-01,1980-04-01,PRECOS12_INPC12,INPC Índice Geral,1.02385e-08
2026-08-01,1980-05-01,PRECOS12_INPC12,INPC Índice Geral,1.0805e-08
2026-08-01,1980-06-01,PRECOS12_INPC12,INPC Índice Geral,1.14018e-08
2026-08-01,1980-07-01,PRECOS12_INPC12,INPC Índice Geral,1.20305e-08
2026-08-01,1980-08-01,PRECOS12_INPC12,INPC Índice Geral,1.26497e-08
2026-08-01,1980-09-01,PRECOS12_INPC12,INPC Índice Geral,1.3213e-08
2026-08-01,1980-10-01,PRECOS12_INPC12,INPC Índice Geral,1.44874e-08
2026-08-01,1980-11-01,PRECOS12_INPC12,INPC Índice Geral,1.56502e-08
2026-08-01,1980-12-01,PRECOS12_INPC12,INPC Índice Geral,1.67147e-08
2026-08-01,1981-01-01,PRECOS12_INPC12,INPC Índice Geral,1.77526e-08
2026-08-01,1981-02-01,PRECOS12_INPC12,INPC Índice Geral,1.88272e-08
2026-08-01,1981-03-01,PRECOS12_INPC12,INPC Índice Geral,1.98351e-08
2026-08-01,1981-04-01,PRECOS12_INPC12,INPC Índice Geral,2.11322e-08
2026-08-01,1981-05-01,PRECOS12_INPC12,INPC Índice Geral,2.22972e-08
2026-08-01,1981-06-01,PRECOS12_INPC12,INPC Índice Geral,2.3428e-08
2026-08-01,1981-07-01,PRECOS12_INPC12,INPC Índice Geral,2.4881e-08
2026-08-01,1981-08-01,PRECOS12_INPC12,INPC Índice Geral,2.64048e-08
2026-08-01,1981-09-01,PRECOS12_INPC12,INPC Índice Geral,2.77978e-08
2026-08-01,1981-10-01,PRECOS12_INPC12,INPC Índice Geral,2.90825e-08
2026-08-01,1981-11-01,PRECOS12_INPC12,INPC Índice Geral,3.06041e-08
2026-08-01,1981-12-01,PRECOS12_INPC12,INPC Índice Geral,3.23447e-08
2026-08-01,1982-01-01,PRECOS12_INPC12,INPC Índice Geral,3.45162e-08
2026-08-01,1982-02-01,PRECOS12_INPC12,INPC Índice Geral,3.67858e-08
2026-08-01,1982-03-01,PRECOS12_INPC12,INPC Índice Geral,3.87129e-08
2026-08-01,1982-04-01,PRECOS12_INPC12,INPC Índice Geral,4.08994e-08
2026-08-01,1982-05-01,PRECOS12_INPC12,INPC Índice Geral,4.36251e-08
2026-08-01,1982-06-01,PRECOS12_INPC12,INPC Índice Geral,4.67411e-08
2026-08-01,1982-07-01,PRECOS12_INPC12,INPC Índice Geral,4.97287e-08
2026-08-01,1982-08-01,PRECOS12_INPC12,INPC Índice Geral,5.24972e-08
2026-08-01,1982-09-01,PRECOS12_INPC12,INPC Índice Geral,5.47568e-08
2026-08-01,1982-10-01,PRECOS12_INPC12,INPC Índice Geral,5.68955e-08
2026-08-01,1982-11-01,PRECOS12_INPC12,INPC Índice Geral,5.98882e-08
2026-08-01,1982-12-01,PRECOS12_INPC12,INPC Índice Geral,6.47902e-08
2026-08-01,1983-01-01,PRECOS12_INPC12,INPC Índice Geral,7.0715e-08
2026-08-01,1983-02-01,PRECOS12_INPC12,INPC Índice Geral,7.64006e-08
2026-08-01,1983-03-01,PRECOS12_INPC12,INPC Índice Geral,8.19173e-08
2026-08-01,1983-04-01,PRECOS12_INPC12,INPC Índice Geral,8.72955e-08
2026-08-01,1983-05-01,PRECOS12_INPC12,INPC Índice Geral,9.31523e-08
2026-08-01,1983-06-01,PRECOS12_INPC12,INPC Índice Geral,1.032437e-07
2026-08-01,1983-07-01,PRECOS12_INPC12,INPC Índice Geral,1.15043e-07
2026-08-01,1983-08-01,PRECOS12_INPC12,INPC Índice Geral,1.263712e-07
2026-08-01,1983-09-01,PRECOS12_INPC12,INPC Índice Geral,1.406165e-07
2026-08-01,1983-10-01,PRECOS12_INPC12,INPC Índice Geral,1.548139e-07
2026-08-01,1983-11-01,PRECOS12_INPC12,INPC Índice Geral,1.662278e-07
2026-08-01,1983-12-01,PRECOS12_INPC12,INPC Índice Geral,1.800977e-07
2026-08-01,1984-01-01,PRECOS12_INPC12,INPC Índice Geral,1.970107e-07
2026-08-01,1984-02-01,PRECOS12_INPC12,INPC Índice Geral,2.161933e-07
2026-08-01,1984-03-01,PRECOS12_INPC12,INPC Índice Geral,2.374517e-07
2026-08-01,1984-04-01,PRECOS12_INPC12,INPC Índice Geral,2.600678e-07
2026-08-01,1984-05-01,PRECOS12_INPC12,INPC Índice Geral,2.827142e-07
2026-08-01,1984-06-01,PRECOS12_INPC12,INPC Índice Geral,3.108773e-07
2026-08-01,1984-07-01,PRECOS12_INPC12,INPC Índice Geral,3.391915e-07
2026-08-01,1984-08-01,PRECOS12_INPC12,INPC Índice Geral,3.682615e-07
2026-08-01,1984-09-01,PRECOS12_INPC12,INPC Índice Geral,4.091458e-07
2026-08-01,1984-10-01,PRECOS12_INPC12,INPC Índice Geral,4.520706e-07
2026-08-01,1984-11-01,PRECOS12_INPC12,INPC Índice Geral,4.987488e-07
2026-08-01,1984-12-01,PRECOS12_INPC12,INPC Índice Geral,5.567124e-07
2026-08-01,1985-01-01,PRECOS12_INPC12,INPC Índice Geral,6.22611e-07
2026-08-01,1985-02-01,PRECOS12_INPC12,INPC Índice Geral,6.907768e-07
2026-08-01,1985-03-01,PRECOS12_INPC12,INPC Índice Geral,7.594716e-07
2026-08-01,1985-04-01,PRECOS12_INPC12,INPC Índice Geral,8.246648e-07
2026-08-01,1985-05-01,PRECOS12_INPC12,INPC Índice Geral,8.840643e-07
2026-08-01,1985-06-01,PRECOS12_INPC12,INPC Índice Geral,9.577468e-07
2026-08-01,1985-07-01,PRECOS12_INPC12,INPC Índice Geral,1.054252e-06
2026-08-01,1985-08-01,PRECOS12_INPC12,INPC Índice Geral,1.1766784e-06
2026-08-01,1985-09-01,PRECOS12_INPC12,INPC Índice Geral,1.2953765e-06
2026-08-01,1985-10-01,PRECOS12_INPC12,INPC Índice Geral,1.4281562e-06
2026-08-01,1985-11-01,PRECOS12_INPC12,INPC Índice Geral,1.6307138e-06
2026-08-01,1985-12-01,PRECOS12_INPC12,INPC Índice Geral,1.8875573e-06
2026-08-01,1986-01-01,PRECOS12_INPC12,INPC Índice Geral,2.170876e-06
2026-08-01,1986-02-01,PRECOS12_INPC12,INPC Índice Geral,2.4415742e-06
2026-08-01,1986-03-01,PRECOS12_INPC12,INPC Índice Geral,2.5190605e-06
2026-08-01,1986-04-01,PRECOS12_INPC12,INPC Índice Geral,2.5298925e-06
2026-08-01,1986-05-01,PRECOS12_INPC12,INPC Índice Geral,2.5570983e-06
2026-08-01,1986-06-01,PRECOS12_INPC12,INPC Índice Geral,2.5817851e-06
2026-08-01,1986-07-01,PRECOS12_INPC12,INPC Índice Geral,2.6052124e-06
2026-08-01,1986-08-01,PRECOS12_INPC12,INPC Índice Geral,2.6424945e-06
2026-08-01,1986-09-01,PRECOS12_INPC12,INPC Índice Geral,2.6739828e-06
2026-08-01,1986-10-01,PRECOS12_INPC12,INPC Índice Geral,2.7122725e-06
2026-08-01,1986-11-01,PRECOS12_INPC12,INPC Índice Geral,2.8014472e-06
2026-08-01,1986-12-01,PRECOS12_INPC12,INPC Índice Geral,3.0049873e-06
2026-08-01,1987-01-01,PRECOS12_INPC12,INPC Índice Geral,3.5103108e-06
2026-08-01,1987-02-01,PRECOS12_INPC12,INPC Índice Geral,3.9997643e-06
2026-08-01,1987-03-01,PRECOS12_INPC12,INPC Índice Geral,4.5756215e-06
2026-08-01,1987-04-01,PRECOS12_INPC12,INPC Índice Geral,5.5346279e-06
2026-08-01,1987-05-01,PRECOS12_INPC12,INPC Índice Geral,6.8153183e-06
2026-08-01,1987-06-01,PRECOS12_INPC12,INPC Índice Geral,8.2670529e-06
2026-08-01,1987-07-01,PRECOS12_INPC12,INPC Índice Geral,9.0880147e-06
2026-08-01,1987-08-01,PRECOS12_INPC12,INPC Índice Geral,9.5505142e-06
2026-08-01,1987-09-01,PRECOS12_INPC12,INPC Índice Geral,1.02334315e-05
2026-08-01,1987-10-01,PRECOS12_INPC12,INPC Índice Geral,1.13468563e-05
2026-08-01,1987-11-01,PRECOS12_INPC12,INPC Índice Geral,1.30409245e-05
2026-08-01,1987-12-01,PRECOS12_INPC12,INPC Índice Geral,1.48627091e-05
2026-08-01,1988-01-01,PRECOS12_INPC12,INPC Índice Geral,1.76820416e-05
2026-08-01,1988-02-01,PRECOS12_INPC12,INPC Índice Geral,2.0477695e-05
2026-08-01,1988-03-01,PRECOS12_INPC12,INPC Índice Geral,2.41822254e-05
2026-08-01,1988-04-01,PRECOS12_INPC12,INPC Índice Geral,2.86147643e-05
2026-08-01,1988-05-01,PRECOS12_INPC12,INPC Índice Geral,3.38340059e-05
2026-08-01,1988-06-01,PRECOS12_INPC12,INPC Índice Geral,4.13722945e-05
2026-08-01,1988-07-01,PRECOS12_INPC12,INPC Índice Geral,5.08961066e-05
2026-08-01,1988-08-01,PRECOS12_INPC12,INPC Índice Geral,6.13960547e-05
2026-08-01,1988-09-01,PRECOS12_INPC12,INPC Índice Geral,7.79299086e-05
2026-08-01,1988-10-01,PRECOS12_INPC12,INPC Índice Geral,9.87292876e-05
2026-08-01,1988-11-01,PRECOS12_INPC12,INPC Índice Geral,0.0001265215786
2026-08-01,1988-12-01,PRECOS12_INPC12,INPC Índice Geral,0.0001624917478
2026-08-01,1989-01-01,PRECOS12_INPC12,INPC Índice Geral,0.0002201437229
2026-08-01,1989-02-01,PRECOS12_INPC12,INPC Índice Geral,0.0002561373193
2026-08-01,1989-03-01,PRECOS12_INPC12,INPC Índice Geral,0.0002712494153
2026-08-01,1989-04-01,PRECOS12_INPC12,INPC Índice Geral,0.0002931120898
2026-08-01,1989-05-01,PRECOS12_INPC12,INPC Índice Geral,0.0003419738031
2026-08-01,1989-06-01,PRECOS12_INPC12,INPC Índice Geral,0.0004425140433
2026-08-01,1989-07-01,PRECOS12_INPC12,INPC Índice Geral,0.0005637629763
2026-08-01,1989-08-01,PRECOS12_INPC12,INPC Índice Geral,0.0007508195948
2026-08-01,1989-09-01,PRECOS12_INPC12,INPC Índice Geral,0.001023742422
2026-08-01,1989-10-01,PRECOS12_INPC12,INPC Índice Geral,0.0014205450891
2026-08-01,1989-11-01,PRECOS12_INPC12,INPC Índice Geral,0.0021090831794
2026-08-01,1989-12-01,PRECOS12_INPC12,INPC Índice Geral,0.003190620911
2026-08-01,1990-01-01,PRECOS12_INPC12,INPC Índice Geral,0.0053663052799
2026-08-01,1990-02-01,PRECOS12_INPC12,INPC Índice Geral,0.0093368346371
2026-08-01,1990-03-01,PRECOS12_INPC12,INPC Índice Geral,0.0170098454104
2026-08-01,1990-04-01,PRECOS12_INPC12,INPC Índice Geral,0.0195051897442
2026-08-01,1990-05-01,PRECOS12_INPC12,INPC Índice Geral,0.0209310190666
2026-08-01,1990-06-01,PRECOS12_INPC12,INPC Índice Geral,0.0233673896742
2026-08-01,1990-07-01,PRECOS12_INPC12,INPC Índice Geral,0.0263163543373
2026-08-01,1990-08-01,PRECOS12_INPC12,INPC Índice Geral,0.0295216863099
2026-08-01,1990-09-01,PRECOS12_INPC12,INPC Índice Geral,0.0337314788076
2026-08-01,1990-10-01,PRECOS12_INPC12,INPC Índice Geral,0.0385989312553
2026-08-01,1990-11-01,PRECOS12_INPC12,INPC Índice Geral,0.0451298705166
2026-08-01,1990-12-01,PRECOS12_INPC12,INPC Índice Geral,0.0537677278248
2026-08-01,1991-01-01,PRECOS12_INPC12,INPC Índice Geral,0.065032066804
2026-08-01,1991-02-01,PRECOS12_INPC12,INPC Índice Geral,0.0781675227116
2026-08-01,1991-03-01,PRECOS12_INPC12,INPC Índice Geral,0.0873833112608
2026-08-01,1991-04-01,PRECOS12_INPC12,INPC Índice Geral,0.0917600043057
2026-08-01,1991-05-01,PRECOS12_INPC12,INPC Índice Geral,0.0978895252777
2026-08-01,1991-06-01,PRECOS12_INPC12,INPC Índice Geral,0.1084925212048
2026-08-01,1991-07-01,PRECOS12_INPC12,INPC Índice Geral,0.1216656145218
2026-08-01,1991-08-01,PRECOS12_INPC12,INPC Índice Geral,0.1406671295351
2026-08-01,1991-09-01,PRECOS12_INPC12,INPC Índice Geral,0.1626419998971
2026-08-01,1991-10-01,PRECOS12_INPC12,INPC Índice Geral,0.1969243031581
2026-08-01,1991-11-01,PRECOS12_INPC12,INPC Índice Geral,0.2490682456026
2026-08-01,1991-12-01,PRECOS12_INPC12,INPC Índice Geral,0.3092182027201
2026-08-01,1992-01-01,PRECOS12_INPC12,INPC Índice Geral,0.3893697545885
2026-08-01,1992-02-01,PRECOS12_INPC12,INPC Índice Geral,0.4846891824762
2026-08-01,1992-03-01,PRECOS12_INPC12,INPC Índice Geral,0.5894771072339
2026-08-01,1992-04-01,PRECOS12_INPC12,INPC Índice Geral,0.7123256117679
2026-08-01,1992-05-01,PRECOS12_INPC12,INPC Índice Geral,0.8868449027414
2026-08-01,1992-06-01,PRECOS12_INPC12,INPC Índice Geral,1.0717521187308
2026-08-01,1992-07-01,PRECOS12_INPC12,INPC Índice Geral,1.308394642433
2026-08-01,1992-08-01,PRECOS12_INPC12,INPC Índice Geral,1.6012136881666
2026-08-01,1992-09-01,PRECOS12_INPC12,INPC Índice Geral,1.9851851628815
2026-08-01,1992-10-01,PRECOS12_INPC12,INPC Índice Geral,2.5027210502859
2026-08-01,1992-11-01,PRECOS12_INPC12,INPC Índice Geral,3.0755946831675
2026-08-01,1992-12-01,PRECOS12_INPC12,INPC Índice Geral,3.862329453472
2026-08-01,1993-01-01,PRECOS12_INPC12,INPC Índice Geral,4.9735202005622
2026-08-01,1993-02-01,PRECOS12_INPC12,INPC Índice Geral,6.206457213766
2026-08-01,1993-03-01,PRECOS12_INPC12,INPC Índice Geral,7.9181958432492
2026-08-01,1993-04-01,PRECOS12_INPC12,INPC Índice Geral,10.1645900046761
2026-08-01,1993-05-01,PRECOS12_INPC12,INPC Índice Geral,12.8866672541687
2026-08-01,1993-06-01,PRECOS12_INPC12,INPC Índice Geral,16.8003502644861
2026-08-01,1993-07-01,PRECOS12_INPC12,INPC Índice Geral,22.0101366146558
2026-08-01,1993-08-01,PRECOS12_INPC12,INPC Índice Geral,29.3483184707683
2026-08-01,1993-09-01,PRECOS12_INPC12,INPC Índice Geral,39.8051253226265
2026-08-01,1993-10-01,PRECOS12_INPC12,INPC Índice Geral,53.3866329234744
2026-08-01,1993-11-01,PRECOS12_INPC12,INPC Índice Geral,72.6058212060671
2026-08-01,1993-12-01,PRECOS12_INPC12,INPC Índice Geral,100.0
2026-08-01,1994-01-01,PRECOS12_INPC12,INPC Índice Geral,141.32
2026-08-01,1994-02-01,PRECOS12_INPC12,INPC Índice Geral,198.65
2026-08-01,1994-03-01,PRECOS12_INPC12,INPC Índice Geral,284.23
2026-08-01,1994-04-01,PRECOS12_INPC12,INPC Índice Geral,406.05
2026-08-01,1994-05-01,PRECOS12_INPC12,INPC Índice Geral,579.56
2026-08-01,1994-06-01,PRECOS12_INPC12,INPC Índice Geral,859.14
2026-08-01,1994-07-01,PRECOS12_INPC12,INPC Índice Geral,925.72
2026-08-01,1994-08-01,PRECOS12_INPC12,INPC Índice Geral,942.85
2026-08-01,1994-09-01,PRECOS12_INPC12,INPC Índice Geral,956.05
2026-08-01,1994-10-01,PRECOS12_INPC12,INPC Índice Geral,983.01
2026-08-01,1994-11-01,PRECOS12_INPC12,INPC Índice Geral,1012.11
2026-08-01,1994-12-01,PRECOS12_INPC12,INPC Índice Geral,1029.32
2026-08-01,1995-01-01,PRECOS12_INPC12,INPC Índice Geral,1044.14
2026-08-01,1995-02-01,PRECOS12_INPC12,INPC Índice Geral,1054.69
2026-08-01,1995-03-01,PRECOS12_INPC12,INPC Índice Geral,1071.78
2026-08-01,1995-04-01,PRECOS12_INPC12,INPC Índice Geral,1098.47
2026-08-01,1995-05-01,PRECOS12_INPC12,INPC Índice Geral,1121.54
2026-08-01,1995-06-01,PRECOS12_INPC12,INPC Índice Geral,1145.99
2026-08-01,1995-07-01,PRECOS12_INPC12,INPC Índice Geral,1174.18
2026-08-01,1995-08-01,PRECOS12_INPC12,INPC Índice Geral,1186.16
2026-08-01,1995-09-01,PRECOS12_INPC12,INPC Índice Geral,1200.04
2026-08-01,1995-10-01,PRECOS12_INPC12,INPC Índice Geral,1216.84
2026-08-01,1995-11-01,PRECOS12_INPC12,INPC Índice Geral,1235.21
2026-08-01,1995-12-01,PRECOS12_INPC12,INPC Índice Geral,1255.59
2026-08-01,1996-01-01,PRECOS12_INPC12,INPC Índice Geral,1273.92
2026-08-01,1996-02-01,PRECOS12_INPC12,INPC Índice Geral,1282.96
2026-08-01,1996-03-01,PRECOS12_INPC12,INPC Índice Geral,1286.68
2026-08-01,1996-04-01,PRECOS12_INPC12,INPC Índice Geral,1298.65
2026-08-01,1996-05-01,PRECOS12_INPC12,INPC Índice Geral,1315.27
2026-08-01,1996-06-01,PRECOS12_INPC12,INPC Índice Geral,1332.76
2026-08-01,1996-07-01,PRECOS12_INPC12,INPC Índice Geral,1348.75
2026-08-01,1996-08-01,PRECOS12_INPC12,INPC Índice Geral,1355.49
2026-08-01,1996-09-01,PRECOS12_INPC12,INPC Índice Geral,1355.76
2026-08-01,1996-10-01,PRECOS12_INPC12,INPC Índice Geral,1360.91
2026-08-01,1996-11-01,PRECOS12_INPC12,INPC Índice Geral,1365.54
2026-08-01,1996-12-01,PRECOS12_INPC12,INPC Índice Geral,1370.05
2026-08-01,1997-01-01,PRECOS12_INPC12,INPC Índice Geral,1381.15
2026-08-01,1997-02-01,PRECOS12_INPC12,INPC Índice Geral,1387.37
2026-08-01,1997-03-01,PRECOS12_INPC12,INPC Índice Geral,1396.8
2026-08-01,1997-04-01,PRECOS12_INPC12,INPC Índice Geral,1405.18
2026-08-01,1997-05-01,PRECOS12_INPC12,INPC Índice Geral,1406.73
2026-08-01,1997-06-01,PRECOS12_INPC12,INPC Índice Geral,1411.65
2026-08-01,1997-07-01,PRECOS12_INPC12,INPC Índice Geral,1414.19
2026-08-01,1997-08-01,PRECOS12_INPC12,INPC Índice Geral,1413.77
2026-08-01,1997-09-01,PRECOS12_INPC12,INPC Índice Geral,1415.18
2026-08-01,1997-10-01,PRECOS12_INPC12,INPC Índice Geral,1419.28
2026-08-01,1997-11-01,PRECOS12_INPC12,INPC Índice Geral,1421.41
2026-08-01,1997-12-01,PRECOS12_INPC12,INPC Índice Geral,1429.51
2026-08-01,1998-01-01,PRECOS12_INPC12,INPC Índice Geral,1441.66
2026-08-01,1998-02-01,PRECOS12_INPC12,INPC Índice Geral,1449.44
2026-08-01,1998-03-01,PRECOS12_INPC12,INPC Índice Geral,1456.54
2026-08-01,1998-04-01,PRECOS12_INPC12,INPC Índice Geral,1463.09
2026-08-01,1998-05-01,PRECOS12_INPC12,INPC Índice Geral,1473.62
2026-08-01,1998-06-01,PRECOS12_INPC12,INPC Índice Geral,1475.83
2026-08-01,1998-07-01,PRECOS12_INPC12,INPC Índice Geral,1471.7
2026-08-01,1998-08-01,PRECOS12_INPC12,INPC Índice Geral,1464.49
2026-08-01,1998-09-01,PRECOS12_INPC12,INPC Índice Geral,1459.95
2026-08-01,1998-10-01,PRECOS12_INPC12,INPC Índice Geral,1461.56
2026-08-01,1998-11-01,PRECOS12_INPC12,INPC Índice Geral,1458.93
2026-08-01,1998-12-01,PRECOS12_INPC12,INPC Índice Geral,1465.06
2026-08-01,1999-01-01,PRECOS12_INPC12,INPC Índice Geral,1474.58
2026-08-01,1999-02-01,PRECOS12_INPC12,INPC Índice Geral,1493.6
2026-08-01,1999-03-01,PRECOS12_INPC12,INPC Índice Geral,1512.72
2026-08-01,1999-04-01,PRECOS12_INPC12,INPC Índice Geral,1519.83
2026-08-01,1999-05-01,PRECOS12_INPC12,INPC Índice Geral,1520.59
2026-08-01,1999-06-01,PRECOS12_INPC12,INPC Índice Geral,1521.65
2026-08-01,1999-07-01,PRECOS12_INPC12,INPC Índice Geral,1532.91
2026-08-01,1999-08-01,PRECOS12_INPC12,INPC Índice Geral,1541.34
2026-08-01,1999-09-01,PRECOS12_INPC12,INPC Índice Geral,1547.35
2026-08-01,1999-10-01,PRECOS12_INPC12,INPC Índice Geral,1562.2
2026-08-01,1999-11-01,PRECOS12_INPC12,INPC Índice Geral,1576.88
2026-08-01,1999-12-01,PRECOS12_INPC12,INPC Índice Geral,1588.55
2026-08-01,2000-01-01,PRECOS12_INPC12,INPC Índice Geral,1598.24
2026-08-01,2000-02-01,PRECOS12_INPC12,INPC Índice Geral,1599.04
2026-08-01,2000-03-01,PRECOS12_INPC12,INPC Índice Geral,1601.12
2026-08-01,2000-04-01,PRECOS12_INPC12,INPC Índice Geral,1602.56
2026-08-01,2000-05-01,PRECOS12_INPC12,INPC Índice Geral,1601.76
2026-08-01,2000-06-01,PRECOS12_INPC12,INPC Índice Geral,1606.57
2026-08-01,2000-07-01,PRECOS12_INPC12,INPC Índice Geral,1628.9
2026-08-01,2000-08-01,PRECOS12_INPC12,INPC Índice Geral,1648.61
2026-08-01,2000-09-01,PRECOS12_INPC12,INPC Índice Geral,1655.7
2026-08-01,2000-10-01,PRECOS12_INPC12,INPC Índice Geral,1658.35
2026-08-01,2000-11-01,PRECOS12_INPC12,INPC Índice Geral,1663.16
2026-08-01,2000-12-01,PRECOS12_INPC12,INPC Índice Geral,1672.31
2026-08-01,2001-01-01,PRECOS12_INPC12,INPC Índice Geral,1685.19
2026-08-01,2001-02-01,PRECOS12_INPC12,INPC Índice Geral,1693.45
2026-08-01,2001-03-01,PRECOS12_INPC12,INPC Índice Geral,1701.58
2026-08-01,2001-04-01,PRECOS12_INPC12,INPC Índice Geral,1715.87
2026-08-01,2001-05-01,PRECOS12_INPC12,INPC Índice Geral,1725.65
2026-08-01,2001-06-01,PRECOS12_INPC12,INPC Índice Geral,1736.0
2026-08-01,2001-07-01,PRECOS12_INPC12,INPC Índice Geral,1755.27
2026-08-01,2001-08-01,PRECOS12_INPC12,INPC Índice Geral,1769.14
2026-08-01,2001-09-01,PRECOS12_INPC12,INPC Índice Geral,1776.92
2026-08-01,2001-10-01,PRECOS12_INPC12,INPC Índice Geral,1793.62
2026-08-01,2001-11-01,PRECOS12_INPC12,INPC Índice Geral,1816.76
2026-08-01,2001-12-01,PRECOS12_INPC12,INPC Índice Geral,1830.2
2026-08-01,2002-01-01,PRECOS12_INPC12,INPC Índice Geral,1849.78
2026-08-01,2002-02-01,PRECOS12_INPC12,INPC Índice Geral,1855.51
2026-08-01,2002-03-01,PRECOS12_INPC12,INPC Índice Geral,1867.01
2026-08-01,2002-04-01,PRECOS12_INPC12,INPC Índice Geral,1879.71
2026-08-01,2002-05-01,PRECOS12_INPC12,INPC Índice Geral,1881.4
2026-08-01,2002-06-01,PRECOS12_INPC12,INPC Índice Geral,1892.88
2026-08-01,2002-07-01,PRECOS12_INPC12,INPC Índice Geral,1914.65
2026-08-01,2002-08-01,PRECOS12_INPC12,INPC Índice Geral,1931.12
2026-08-01,2002-09-01,PRECOS12_INPC12,INPC Índice Geral,1947.15
2026-08-01,2002-10-01,PRECOS12_INPC12,INPC Índice Geral,1977.72
2026-08-01,2002-11-01,PRECOS12_INPC12,INPC Índice Geral,2044.76
2026-08-01,2002-12-01,PRECOS12_INPC12,INPC Índice Geral,2099.97
2026-08-01,2003-01-01,PRECOS12_INPC12,INPC Índice Geral,2151.84
2026-08-01,2003-02-01,PRECOS12_INPC12,INPC Índice Geral,2183.26
2026-08-01,2003-03-01,PRECOS12_INPC12,INPC Índice Geral,2213.17
2026-08-01,2003-04-01,PRECOS12_INPC12,INPC Índice Geral,2243.71
2026-08-01,2003-05-01,PRECOS12_INPC12,INPC Índice Geral,2265.92
2026-08-01,2003-06-01,PRECOS12_INPC12,INPC Índice Geral,2264.56
2026-08-01,2003-07-01,PRECOS12_INPC12,INPC Índice Geral,2265.47
2026-08-01,2003-08-01,PRECOS12_INPC12,INPC Índice Geral,2269.55
2026-08-01,2003-09-01,PRECOS12_INPC12,INPC Índice Geral,2288.16
2026-08-01,2003-10-01,PRECOS12_INPC12,INPC Índice Geral,2297.08
2026-08-01,2003-11-01,PRECOS12_INPC12,INPC Índice Geral,2305.58
2026-08-01,2003-12-01,PRECOS12_INPC12,INPC Índice Geral,2318.03
2026-08-01,2004-01-01,PRECOS12_INPC12,INPC Índice Geral,2337.27
2026-08-01,2004-02-01,PRECOS12_INPC12,INPC Índice Geral,2346.39
2026-08-01,2004-03-01,PRECOS12_INPC12,INPC Índice Geral,2359.76
2026-08-01,2004-04-01,PRECOS12_INPC12,INPC Índice Geral,2369.43
2026-08-01,2004-05-01,PRECOS12_INPC12,INPC Índice Geral,2378.91
2026-08-01,2004-06-01,PRECOS12_INPC12,INPC Índice Geral,2390.8
2026-08-01,2004-07-01,PRECOS12_INPC12,INPC Índice Geral,2408.25
2026-08-01,2004-08-01,PRECOS12_INPC12,INPC Índice Geral,2420.29
2026-08-01,2004-09-01,PRECOS12_INPC12,INPC Índice Geral,2424.4
2026-08-01,2004-10-01,PRECOS12_INPC12,INPC Índice Geral,2428.52
2026-08-01,2004-11-01,PRECOS12_INPC12,INPC Índice Geral,2439.21
2026-08-01,2004-12-01,PRECOS12_INPC12,INPC Índice Geral,2460.19
2026-08-01,2005-01-01,PRECOS12_INPC12,INPC Índice Geral,2474.21
2026-08-01,2005-02-01,PRECOS12_INPC12,INPC Índice Geral,2485.1
2026-08-01,2005-03-01,PRECOS12_INPC12,INPC Índice Geral,2503.24
2026-08-01,2005-04-01,PRECOS12_INPC12,INPC Índice Geral,2526.02
2026-08-01,2005-05-01,PRECOS12_INPC12,INPC Índice Geral,2543.7
2026-08-01,2005-06-01,PRECOS12_INPC12,INPC Índice Geral,2540.9
2026-08-01,2005-07-01,PRECOS12_INPC12,INPC Índice Geral,2541.66
2026-08-01,2005-08-01,PRECOS12_INPC12,INPC Índice Geral,2541.66
2026-08-01,2005-09-01,PRECOS12_INPC12,INPC Índice Geral,2545.47
2026-08-01,2005-10-01,PRECOS12_INPC12,INPC Índice Geral,2560.23
2026-08-01,2005-11-01,PRECOS12_INPC12,INPC Índice Geral,2574.05
2026-08-01,2005-12-01,PRECOS12_INPC12,INPC Índice Geral,2584.35
2026-08-01,2006-01-01,PRECOS12_INPC12,INPC Índice Geral,2594.17
2026-08-01,2006-02-01,PRECOS12_INPC12,INPC Índice Geral,2600.14
2026-08-01,2006-03-01,PRECOS12_INPC12,INPC Índice Geral,2607.16
2026-08-01,2006-04-01,PRECOS12_INPC12,INPC Índice Geral,2610.29
2026-08-01,2006-05-01,PRECOS12_INPC12,INPC Índice Geral,2613.68
2026-08-01,2006-06-01,PRECOS12_INPC12,INPC Índice Geral,2611.85
2026-08-01,2006-07-01,PRECOS12_INPC12,INPC Índice Geral,2614.72
2026-08-01,2006-08-01,PRECOS12_INPC12,INPC Índice Geral,2614.2
2026-08-01,2006-09-01,PRECOS12_INPC12,INPC Índice Geral,2618.38
2026-08-01,2006-10-01,PRECOS12_INPC12,INPC Índice Geral,2629.64
2026-08-01,2006-11-01,PRECOS12_INPC12,INPC Índice Geral,2640.68
2026-08-01,2006-12-01,PRECOS12_INPC12,INPC Índice Geral,2657.05
2026-08-01,2007-01-01,PRECOS12_INPC12,INPC Índice Geral,2670.07
2026-08-01,2007-02-01,PRECOS12_INPC12,INPC Índice Geral,2681.28
2026-08-01,2007-03-01,PRECOS12_INPC12,INPC Índice Geral,2693.08
2026-08-01,2007-04-01,PRECOS12_INPC12,INPC Índice Geral,2700.08
2026-08-01,2007-05-01,PRECOS12_INPC12,INPC Índice Geral,2707.1
2026-08-01,2007-06-01,PRECOS12_INPC12,INPC Índice Geral,2715.49
2026-08-01,2007-07-01,PRECOS12_INPC12,INPC Índice Geral,2724.18
2026-08-01,2007-08-01,PRECOS12_INPC12,INPC Índice Geral,2740.25
2026-08-01,2007-09-01,PRECOS12_INPC12,INPC Índice Geral,2747.1
2026-08-01,2007-10-01,PRECOS12_INPC12,INPC Índice Geral,2755.34
2026-08-01,2007-11-01,PRECOS12_INPC12,INPC Índice Geral,2767.19
2026-08-01,2007-12-01,PRECOS12_INPC12,INPC Índice Geral,2794.03
2026-08-01,2008-01-01,PRECOS12_INPC12,INPC Índice Geral,2813.31
2026-08-01,2008-02-01,PRECOS12_INPC12,INPC Índice Geral,2826.81
2026-08-01,2008-03-01,PRECOS12_INPC12,INPC Índice Geral,2841.23
2026-08-01,2008-04-01,PRECOS12_INPC12,INPC Índice Geral,2859.41
2026-08-01,2008-05-01,PRECOS12_INPC12,INPC Índice Geral,2886.86
2026-08-01,2008-06-01,PRECOS12_INPC12,INPC Índice Geral,2913.13
2026-08-01,2008-07-01,PRECOS12_INPC12,INPC Índice Geral,2930.03
2026-08-01,2008-08-01,PRECOS12_INPC12,INPC Índice Geral,2936.18
2026-08-01,2008-09-01,PRECOS12_INPC12,INPC Índice Geral,2940.58
2026-08-01,2008-10-01,PRECOS12_INPC12,INPC Índice Geral,2955.28
2026-08-01,2008-11-01,PRECOS12_INPC12,INPC Índice Geral,2966.51
2026-08-01,2008-12-01,PRECOS12_INPC12,INPC Índice Geral,2975.11
2026-08-01,2009-01-01,PRECOS12_INPC12,INPC Índice Geral,2994.15
2026-08-01,2009-02-01,PRECOS12_INPC12,INPC Índice Geral,3003.43
2026-08-01,2009-03-01,PRECOS12_INPC12,INPC Índice Geral,3009.44
2026-08-01,2009-04-01,PRECOS12_INPC12,INPC Índice Geral,3025.99
2026-08-01,2009-05-01,PRECOS12_INPC12,INPC Índice Geral,3044.15
2026-08-01,2009-06-01,PRECOS12_INPC12,INPC Índice Geral,3056.93
2026-08-01,2009-07-01,PRECOS12_INPC12,INPC Índice Geral,3063.96
2026-08-01,2009-08-01,PRECOS12_INPC12,INPC Índice Geral,3066.41
2026-08-01,2009-09-01,PRECOS12_INPC12,INPC Índice Geral,3071.32
2026-08-01,2009-10-01,PRECOS12_INPC12,INPC Índice Geral,3078.69
2026-08-01,2009-11-01,PRECOS12_INPC12,INPC Índice Geral,3090.08
2026-08-01,2009-12-01,PRECOS12_INPC12,INPC Índice Geral,3097.5
2026-08-01,2010-01-01,PRECOS12_INPC12,INPC Índice Geral,3124.76
2026-08-01,2010-02-01,PRECOS12_INPC12,INPC Índice Geral,3146.63
2026-08-01,2010-03-01,PRECOS12_INPC12,INPC Índice Geral,3168.97
2026-08-01,2010-04-01,PRECOS12_INPC12,INPC Índice Geral,3192.1
2026-08-01,2010-05-01,PRECOS12_INPC12,INPC Índice Geral,3205.83
2026-08-01,2010-06-01,PRECOS12_INPC12,INPC Índice Geral,3202.3
2026-08-01,2010-07-01,PRECOS12_INPC12,INPC Índice Geral,3200.06
2026-08-01,2010-08-01,PRECOS12_INPC12,INPC Índice Geral,3197.82
2026-08-01,2010-09-01,PRECOS12_INPC12,INPC Índice Geral,3215.09
2026-08-01,2010-10-01,PRECOS12_INPC12,INPC Índice Geral,3244.67
2026-08-01,2010-11-01,PRECOS12_INPC12,INPC Índice Geral,3278.09
2026-08-01,2010-12-01,PRECOS12_INPC12,INPC Índice Geral,3297.76
2026-08-01,2011-01-01,PRECOS12_INPC12,INPC Índice Geral,3328.76
2026-08-01,2011-02-01,PRECOS12_INPC12,INPC Índice Geral,3346.74
2026-08-01,2011-03-01,PRECOS12_INPC12,INPC Índice Geral,3368.83
2026-08-01,2011-04-01,PRECOS12_INPC12,INPC Índice Geral,3393.09
2026-08-01,2011-05-01,PRECOS12_INPC12,INPC Índice Geral,3412.43
2026-08-01,2011-06-01,PRECOS12_INPC12,INPC Índice Geral,3419.94
2026-08-01,2011-07-01,PRECOS12_INPC12,INPC Índice Geral,3419.94
2026-08-01,2011-08-01,PRECOS12_INPC12,INPC Índice Geral,3434.3
2026-08-01,2011-09-01,PRECOS12_INPC12,INPC Índice Geral,3449.76
2026-08-01,2011-10-01,PRECOS12_INPC12,INPC Índice Geral,3460.8
2026-08-01,2011-11-01,PRECOS12_INPC12,INPC Índice Geral,3480.52
2026-08-01,2011-12-01,PRECOS12_INPC12,INPC Índice Geral,3498.27
2026-08-01,2012-01-01,PRECOS12_INPC12,INPC Índice Geral,3516.11
2026-08-01,2012-02-01,PRECOS12_INPC12,INPC Índice Geral,3529.82
2026-08-01,2012-03-01,PRECOS12_INPC12,INPC Índice Geral,3536.17
2026-08-01,2012-04-01,PRECOS12_INPC12,INPC Índice Geral,3558.81
2026-08-01,2012-05-01,PRECOS12_INPC12,INPC Índice Geral,3578.38
2026-08-01,2012-06-01,PRECOS12_INPC12,INPC Índice Geral,3587.67
2026-08-01,2012-07-01,PRECOS12_INPC12,INPC Índice Geral,3603.1
2026-08-01,2012-08-01,PRECOS12_INPC12,INPC Índice Geral,3619.31
2026-08-01,2012-09-01,PRECOS12_INPC12,INPC Índice Geral,3642.12
2026-08-01,2012-10-01,PRECOS12_INPC12,INPC Índice Geral,3667.97
2026-08-01,2012-11-01,PRECOS12_INPC12,INPC Índice Geral,3687.78
2026-08-01,2012-12-01,PRECOS12_INPC12,INPC Índice Geral,3715.07
2026-08-01,2013-01-01,PRECOS12_INPC12,INPC Índice Geral,3749.25
2026-08-01,2013-02-01,PRECOS12_INPC12,INPC Índice Geral,3768.75
2026-08-01,2013-03-01,PRECOS12_INPC12,INPC Índice Geral,3791.36
2026-08-01,2013-04-01,PRECOS12_INPC12,INPC Índice Geral,3813.73
2026-08-01,2013-05-01,PRECOS12_INPC12,INPC Índice Geral,3827.08
2026-08-01,2013-06-01,PRECOS12_INPC12,INPC Índice Geral,3837.8
2026-08-01,2013-07-01,PRECOS12_INPC12,INPC Índice Geral,3832.81
2026-08-01,2013-08-01,PRECOS12_INPC12,INPC Índice Geral,3838.94
2026-08-01,2013-09-01,PRECOS12_INPC12,INPC Índice Geral,3849.31
2026-08-01,2013-10-01,PRECOS12_INPC12,INPC Índice Geral,3872.79
2026-08-01,2013-11-01,PRECOS12_INPC12,INPC Índice Geral,3893.7
2026-08-01,2013-12-01,PRECOS12_INPC12,INPC Índice Geral,3921.74
2026-08-01,2014-01-01,PRECOS12_INPC12,INPC Índice Geral,3946.44
2026-08-01,2014-02-01,PRECOS12_INPC12,INPC Índice Geral,3971.7
2026-08-01,2014-03-01,PRECOS12_INPC12,INPC Índice Geral,4004.27
2026-08-01,2014-04-01,PRECOS12_INPC12,INPC Índice Geral,4035.5
2026-08-01,2014-05-01,PRECOS12_INPC12,INPC Índice Geral,4059.71
2026-08-01,2014-06-01,PRECOS12_INPC12,INPC Índice Geral,4070.27
2026-08-01,2014-07-01,PRECOS12_INPC12,INPC Índice Geral,4075.56
2026-08-01,2014-08-01,PRECOS12_INPC12,INPC Índice Geral,4082.9
2026-08-01,2014-09-01,PRECOS12_INPC12,INPC Índice Geral,4102.9
2026-08-01,2014-10-01,PRECOS12_INPC12,INPC Índice Geral,4118.49
2026-08-01,2014-11-01,PRECOS12_INPC12,INPC Índice Geral,4140.32
2026-08-01,2014-12-01,PRECOS12_INPC12,INPC Índice Geral,4165.99
2026-08-01,2015-01-01,PRECOS12_INPC12,INPC Índice Geral,4227.64
2026-08-01,2015-02-01,PRECOS12_INPC12,INPC Índice Geral,4276.69
2026-08-01,2015-03-01,PRECOS12_INPC12,INPC Índice Geral,4341.26
2026-08-01,2015-04-01,PRECOS12_INPC12,INPC Índice Geral,4372.08
2026-08-01,2015-05-01,PRECOS12_INPC12,INPC Índice Geral,4415.37
2026-08-01,2015-06-01,PRECOS12_INPC12,INPC Índice Geral,4449.36
2026-08-01,2015-07-01,PRECOS12_INPC12,INPC Índice Geral,4475.17
2026-08-01,2015-08-01,PRECOS12_INPC12,INPC Índice Geral,4486.36
2026-08-01,2015-09-01,PRECOS12_INPC12,INPC Índice Geral,4509.24
2026-08-01,2015-10-01,PRECOS12_INPC12,INPC Índice Geral,4543.96
2026-08-01,2015-11-01,PRECOS12_INPC12,INPC Índice Geral,4594.4
2026-08-01,2015-12-01,PRECOS12_INPC12,INPC Índice Geral,4635.75
2026-08-01,2016-01-01,PRECOS12_INPC12,INPC Índice Geral,4705.75
2026-08-01,2016-02-01,PRECOS12_INPC12,INPC Índice Geral,4750.45
2026-08-01,2016-03-01,PRECOS12_INPC12,INPC Índice Geral,4771.36
2026-08-01,2016-04-01,PRECOS12_INPC12,INPC Índice Geral,4801.89
2026-08-01,2016-05-01,PRECOS12_INPC12,INPC Índice Geral,4848.95
2026-08-01,2016-06-01,PRECOS12_INPC12,INPC Índice Geral,4871.74
2026-08-01,2016-07-01,PRECOS12_INPC12,INPC Índice Geral,4902.92
2026-08-01,2016-08-01,PRECOS12_INPC12,INPC Índice Geral,4918.12
2026-08-01,2016-09-01,PRECOS12_INPC12,INPC Índice Geral,4922.05
2026-08-01,2016-10-01,PRECOS12_INPC12,INPC Índice Geral,4930.42
2026-08-01,2016-11-01,PRECOS12_INPC12,INPC Índice Geral,4933.87
2026-08-01,2016-12-01,PRECOS12_INPC12,INPC Índice Geral,4940.78
2026-08-01,2017-01-01,PRECOS12_INPC12,INPC Índice Geral,4961.53
2026-08-01,2017-02-01,PRECOS12_INPC12,INPC Índice Geral,4973.44
2026-08-01,2017-03-01,PRECOS12_INPC12,INPC Índice Geral,4989.36
2026-08-01,2017-04-01,PRECOS12_INPC12,INPC Índice Geral,4993.35
2026-08-01,2017-05-01,PRECOS12_INPC12,INPC Índice Geral,5011.33
2026-08-01,2017-06-01,PRECOS12_INPC12,INPC Índice Geral,4996.3
2026-08-01,2017-07-01,PRECOS12_INPC12,INPC Índice Geral,5004.79
2026-08-01,2017-08-01,PRECOS12_INPC12,INPC Índice Geral,5003.29
2026-08-01,2017-09-01,PRECOS12_INPC12,INPC Índice Geral,5002.29
2026-08-01,2017-10-01,PRECOS12_INPC12,INPC Índice Geral,5020.8
2026-08-01,2017-11-01,PRECOS12_INPC12,INPC Índice Geral,5029.84
2026-08-01,2017-12-01,PRECOS12_INPC12,INPC Índice Geral,5042.92
2026-08-01,2018-01-01,PRECOS12_INPC12,INPC Índice Geral,5054.52
2026-08-01,2018-02-01,PRECOS12_INPC12,INPC Índice Geral,5063.62
2026-08-01,2018-03-01,PRECOS12_INPC12,INPC Índice Geral,5067.16
2026-08-01,2018-04-01,PRECOS12_INPC12,INPC Índice Geral,5077.8
2026-08-01,2018-05-01,PRECOS12_INPC12,INPC Índice Geral,5099.63
2026-08-01,2018-06-01,PRECOS12_INPC12,INPC Índice Geral,5172.55
2026-08-01,2018-07-01,PRECOS12_INPC12,INPC Índice Geral,5185.48
2026-08-01,2018-08-01,PRECOS12_INPC12,INPC Índice Geral,5185.48
2026-08-01,2018-09-01,PRECOS12_INPC12,INPC Índice Geral,5201.04
2026-08-01,2018-10-01,PRECOS12_INPC12,INPC Índice Geral,5221.84
2026-08-01,2018-11-01,PRECOS12_INPC12,INPC Índice Geral,5208.79
2026-08-01,2018-12-01,PRECOS12_INPC12,INPC Índice Geral,5216.08
2026-08-01,2019-01-01,PRECOS12_INPC12,INPC Índice Geral,5234.86
2026-08-01,2019-02-01,PRECOS12_INPC12,INPC Índice Geral,5263.13
2026-08-01,2019-03-01,PRECOS12_INPC12,INPC Índice Geral,5303.66
2026-08-01,2019-04-01,PRECOS12_INPC12,INPC Índice Geral,5335.48
2026-08-01,2019-05-01,PRECOS12_INPC12,INPC Índice Geral,5343.48
2026-08-01,2019-06-01,PRECOS12_INPC12,INPC Índice Geral,5344.01
2026-08-01,2019-07-01,PRECOS12_INPC12,INPC Índice Geral,5349.35
2026-08-01,2019-08-01,PRECOS12_INPC12,INPC Índice Geral,5355.77
2026-08-01,2019-09-01,PRECOS12_INPC12,INPC Índice Geral,5353.09
2026-08-01,2019-10-01,PRECOS12_INPC12,INPC Índice Geral,5355.23
2026-08-01,2019-11-01,PRECOS12_INPC12,INPC Índice Geral,5384.15
2026-08-01,2019-12-01,PRECOS12_INPC12,INPC Índice Geral,5449.84
2026-08-01,2020-01-01,PRECOS12_INPC12,INPC Índice Geral,5460.19
2026-08-01,2020-02-01,PRECOS12_INPC12,INPC Índice Geral,5469.47
2026-08-01,2020-03-01,PRECOS12_INPC12,INPC Índice Geral,5479.32
2026-08-01,2020-04-01,PRECOS12_INPC12,INPC Índice Geral,5466.72
2026-08-01,2020-05-01,PRECOS12_INPC12,INPC Índice Geral,5453.05
2026-08-01,2020-06-01,PRECOS12_INPC12,INPC Índice Geral,5469.41
2026-08-01,2020-07-01,PRECOS12_INPC12,INPC Índice Geral,5493.48
2026-08-01,2020-08-01,PRECOS12_INPC12,INPC Índice Geral,5513.26
2026-08-01,2020-09-01,PRECOS12_INPC12,INPC Índice Geral,5561.23
2026-08-01,2020-10-01,PRECOS12_INPC12,INPC Índice Geral,5610.72
2026-08-01,2020-11-01,PRECOS12_INPC12,INPC Índice Geral,5664.02
2026-08-01,2020-12-01,PRECOS12_INPC12,INPC Índice Geral,5746.71
2026-08-01,2021-01-01,PRECOS12_INPC12,INPC Índice Geral,5762.23
2026-08-01,2021-02-01,PRECOS12_INPC12,INPC Índice Geral,5809.48
2026-08-01,2021-03-01,PRECOS12_INPC12,INPC Índice Geral,5859.44
2026-08-01,2021-04-01,PRECOS12_INPC12,INPC Índice Geral,5881.71
2026-08-01,2021-05-01,PRECOS12_INPC12,INPC Índice Geral,5938.17
2026-08-01,2021-06-01,PRECOS12_INPC12,INPC Índice Geral,5973.8
2026-08-01,2021-07-01,PRECOS12_INPC12,INPC Índice Geral,6034.73
2026-08-01,2021-08-01,PRECOS12_INPC12,INPC Índice Geral,6087.84
2026-08-01,2021-09-01,PRECOS12_INPC12,INPC Índice Geral,6160.89
2026-08-01,2021-10-01,PRECOS12_INPC12,INPC Índice Geral,6232.36
2026-08-01,2021-11-01,PRECOS12_INPC12,INPC Índice Geral,6284.71
2026-08-01,2021-12-01,PRECOS12_INPC12,INPC Índice Geral,6330.59
2026-08-01,2022-01-01,PRECOS12_INPC12,INPC Índice Geral,6373.0
2026-08-01,2022-02-01,PRECOS12_INPC12,INPC Índice Geral,6436.73
2026-08-01,2022-03-01,PRECOS12_INPC12,INPC Índice Geral,6546.8
2026-08-01,2022-04-01,PRECOS12_INPC12,INPC Índice Geral,6614.89
2026-08-01,2022-05-01,PRECOS12_INPC12,INPC Índice Geral,6644.66
2026-08-01,2022-06-01,PRECOS12_INPC12,INPC Índice Geral,6685.86
2026-08-01,2022-07-01,PRECOS12_INPC12,INPC Índice Geral,6645.74
2026-08-01,2022-08-01,PRECOS12_INPC12,INPC Índice Geral,6625.14
2026-08-01,2022-09-01,PRECOS12_INPC12,INPC Índice Geral,6603.94
2026-08-01,2022-10-01,PRECOS12_INPC12,INPC Índice Geral,6634.98
2026-08-01,2022-11-01,PRECOS12_INPC12,INPC Índice Geral,6660.19
2026-08-01,2022-12-01,PRECOS12_INPC12,INPC Índice Geral,6706.15
2026-08-01,2023-01-01,PRECOS12_INPC12,INPC Índice Geral,6737.0
2026-08-01,2023-02-01,PRECOS12_INPC12,INPC Índice Geral,6788.87
2026-08-01,2023-03-01,PRECOS12_INPC12,INPC Índice Geral,6832.32
2026-08-01,2023-04-01,PRECOS12_INPC12,INPC Índice Geral,6868.53
2026-08-01,2023-05-01,PRECOS12_INPC12,INPC Índice Geral,6893.26
2026-08-01,2023-06-01,PRECOS12_INPC12,INPC Índice Geral,6886.37
2026-08-01,2023-07-01,PRECOS12_INPC12,INPC Índice Geral,6880.17
2026-08-01,2023-08-01,PRECOS12_INPC12,INPC Índice Geral,6893.93
2026-08-01,2023-09-01,PRECOS12_INPC12,INPC Índice Geral,6901.51
2026-08-01,2023-10-01,PRECOS12_INPC12,INPC Índice Geral,6909.79
2026-08-01,2023-11-01,PRECOS12_INPC12,INPC Índice Geral,6916.7
2026-08-01,2023-12-01,PRECOS12_INPC12,INPC Índice Geral,6954.74
2026-08-01,2024-01-01,PRECOS12_INPC12,INPC Índice Geral,6994.38
2026-08-01,2024-02-01,PRECOS12_INPC12,INPC Índice Geral,7051.03
2026-08-01,2024-03-01,PRECOS12_INPC12,INPC Índice Geral,7064.43
2026-08-01,2024-04-01,PRECOS12_INPC12,INPC Índice Geral,7090.57
2026-08-01,2024-05-01,PRECOS12_INPC12,INPC Índice Geral,7123.19
2026-08-01,2024-06-01,PRECOS12_INPC12,INPC Índice Geral,7141.0
2026-08-01,2024-07-01,PRECOS12_INPC12,INPC Índice Geral,7159.57
2026-08-01,2024-08-01,PRECOS12_INPC12,INPC Índice Geral,7149.55
2026-08-01,2024-09-01,PRECOS12_INPC12,INPC Índice Geral,7183.87
2026-08-01,2024-10-01,PRECOS12_INPC12,INPC Índice Geral,7227.69
2026-08-01,2024-11-01,PRECOS12_INPC12,INPC Índice Geral,7251.54
2026-08-01,2024-12-01,PRECOS12_INPC12,INPC Índice Geral,7286.35
2026-08-01,2025-01-01,PRECOS12_INPC12,INPC Índice Geral,7286.35
2026-08-01,2025-02-01,PRECOS12_INPC12,INPC Índice Geral,7394.19
2026-08-01,2025-03-01,PRECOS12_INPC12,INPC Índice Geral,7431.9
2026-08-01,2025-04-01,PRECOS12_INPC12,INPC Índice Geral,7467.57
2026-08-01,2025-05-01,PRECOS12_INPC12,INPC Índice Geral,7493.71
2026-08-01,2025-06-01,PRECOS12_INPC12,INPC Índice Geral,7510.95
2026-08-01,2025-07-01,PRECOS12_INPC12,INPC Índice Geral,7526.72
2026-08-01,2025-08-01,PRECOS12_INPC12,INPC Índice Geral,7510.91
2026-08-01,2025-09-01,PRECOS12_INPC12,INPC Índice Geral,7549.97
2026-08-01,2025-10-01,PRECOS12_INPC12,INPC Índice Geral,7552.23
2026-08-01,2025-11-01,PRECOS12_INPC12,INPC Índice Geral,7554.5
2026-08-01,2025-12-01,PRECOS12_INPC12,INPC Índice Geral,7570.36
2026-08-01,2026-01-01,PRECOS12_INPC12,INPC Índice Geral,7599.88
2026-08-01,2026-02-01,PRECOS12_INPC12,INPC Índice Geral,7642.44
2026-08-01,2026-03-01,PRECOS12_INPC12,INPC Índice Geral,7711.99
2026-08-01,2026-04-01,PRECOS12_INPC12,INPC Índice Geral,7774.46
2026-08-01,2026-05-01,PRECOS12_INPC12,INPC Índice Geral,7824.99
2026-08-01,2026-06-01,PRECOS12_INPC12,INPC Índice Geral,7835.94
2026-08-01,1979-04-01,PRECOS12_INPCBR12,INPC Taxa de Variação,3.45
2026-08-01,1979-05-01,PRECOS12_INPCBR12,INPC Taxa de Variação,1.76
2026-08-01,1979-06-01,PRECOS12_INPCBR12,INPC Taxa de Variação,3.0
2026-08-01,1979-07-01,PRECOS12_INPCBR12,INPC Taxa de Variação,5.36
2026-08-01,1979-08-01,PRECOS12_INPCBR12,INPC Taxa de Variação,5.79
2026-08-01,1979-09-01,PRECOS12_INPCBR12,INPC Taxa de Variação,6.61
2026-08-01,1979-10-01,PRECOS12_INPCBR12,INPC Taxa de Variação,5.06
2026-08-01,1979-11-01,PRECOS12_INPCBR12,INPC Taxa de Variação,6.1
2026-08-01,1979-12-01,PRECOS12_INPCBR12,INPC Taxa de Variação,4.51
2026-08-01,1980-01-01,PRECOS12_INPCBR12,INPC Taxa de Variação,6.56
2026-08-01,1980-02-01,PRECOS12_INPCBR12,INPC Taxa de Variação,4.15
2026-08-01,1980-03-01,PRECOS12_INPCBR12,INPC Taxa de Variação,5.12
2026-08-01,1980-04-01,PRECOS12_INPCBR12,INPC Taxa de Variação,4.85
2026-08-01,1980-05-01,PRECOS12_INPCBR12,INPC Taxa de Variação,5.53
2026-08-01,1980-06-01,PRECOS12_INPCBR12,INPC Taxa de Variação,5.52
2026-08-01,1980-07-01,PRECOS12_INPCBR12,INPC Taxa de Variação,5.51
2026-08-01,1980-08-01,PRECOS12_INPCBR12,INPC Taxa de Variação,5.15
2026-08-01,1980-09-01,PRECOS12_INPCBR12,INPC Taxa de Variação,4.45
2026-08-01,1980-10-01,PRECOS12_INPCBR12,INPC Taxa de Variação,9.65
2026-08-01,1980-11-01,PRECOS12_INPCBR12,INPC Taxa de Variação,8.03
2026-08-01,1980-12-01,PRECOS12_INPCBR12,INPC Taxa de Variação,6.8
2026-08-01,1981-01-01,PRECOS12_INPCBR12,INPC Taxa de Variação,6.21
2026-08-01,1981-02-01,PRECOS12_INPCBR12,INPC Taxa de Variação,6.05
2026-08-01,1981-03-01,PRECOS12_INPCBR12,INPC Taxa de Variação,5.35
2026-08-01,1981-04-01,PRECOS12_INPCBR12,INPC Taxa de Variação,6.54
2026-08-01,1981-05-01,PRECOS12_INPCBR12,INPC Taxa de Variação,5.51
2026-08-01,1981-06-01,PRECOS12_INPCBR12,INPC Taxa de Variação,5.07
2026-08-01,1981-07-01,PRECOS12_INPCBR12,INPC Taxa de Variação,6.2
2026-08-01,1981-08-01,PRECOS12_INPCBR12,INPC Taxa de Variação,6.12
2026-08-01,1981-09-01,PRECOS12_INPCBR12,INPC Taxa de Variação,5.28
2026-08-01,1981-10-01,PRECOS12_INPCBR12,INPC Taxa de Variação,4.62
2026-08-01,1981-11-01,PRECOS12_INPCBR12,INPC Taxa de Variação,5.23
2026-08-01,1981-12-01,PRECOS12_INPCBR12,INPC Taxa de Variação,5.69
2026-08-01,1982-01-01,PRECOS12_INPCBR12,INPC Taxa de Variação,6.71
2026-08-01,1982-02-01,PRECOS12_INPCBR12,INPC Taxa de Variação,6.58
2026-08-01,1982-03-01,PRECOS12_INPCBR12,INPC Taxa de Variação,5.24
2026-08-01,1982-04-01,PRECOS12_INPCBR12,INPC Taxa de Variação,5.65
2026-08-01,1982-05-01,PRECOS12_INPCBR12,INPC Taxa de Variação,6.66
2026-08-01,1982-06-01,PRECOS12_INPCBR12,INPC Taxa de Variação,7.14
2026-08-01,1982-07-01,PRECOS12_INPCBR12,INPC Taxa de Variação,6.39
2026-08-01,1982-08-01,PRECOS12_INPCBR12,INPC Taxa de Variação,5.57
2026-08-01,1982-09-01,PRECOS12_INPCBR12,INPC Taxa de Variação,4.3
2026-08-01,1982-10-01,PRECOS12_INPCBR12,INPC Taxa de Variação,3.91
2026-08-01,1982-11-01,PRECOS12_INPCBR12,INPC Taxa de Variação,5.26
2026-08-01,1982-12-01,PRECOS12_INPCBR12,INPC Taxa de Variação,8.19
2026-08-01,1983-01-01,PRECOS12_INPCBR12,INPC Taxa de Variação,9.14
2026-08-01,1983-02-01,PRECOS12_INPCBR12,INPC Taxa de Variação,8.04
2026-08-01,1983-03-01,PRECOS12_INPCBR12,INPC Taxa de Variação,7.22
2026-08-01,1983-04-01,PRECOS12_INPCBR12,INPC Taxa de Variação,6.57
2026-08-01,1983-05-01,PRECOS12_INPCBR12,INPC Taxa de Variação,6.71
2026-08-01,1983-06-01,PRECOS12_INPCBR12,INPC Taxa de Variação,10.83
2026-08-01,1983-07-01,PRECOS12_INPCBR12,INPC Taxa de Variação,11.43
2026-08-01,1983-08-01,PRECOS12_INPCBR12,INPC Taxa de Variação,9.85
2026-08-01,1983-09-01,PRECOS12_INPCBR12,INPC Taxa de Variação,11.27
2026-08-01,1983-10-01,PRECOS12_INPCBR12,INPC Taxa de Variação,10.1
2026-08-01,1983-11-01,PRECOS12_INPCBR12,INPC Taxa de Variação,7.37
2026-08-01,1983-12-01,PRECOS12_INPCBR12,INPC Taxa de Variação,8.34
2026-08-01,1984-01-01,PRECOS12_INPCBR12,INPC Taxa de Variação,9.39
2026-08-01,1984-02-01,PRECOS12_INPCBR12,INPC Taxa de Variação,9.74
2026-08-01,1984-03-01,PRECOS12_INPCBR12,INPC Taxa de Variação,9.83
2026-08-01,1984-04-01,PRECOS12_INPCBR12,INPC Taxa de Variação,9.52
2026-08-01,1984-05-01,PRECOS12_INPCBR12,INPC Taxa de Variação,8.71
2026-08-01,1984-06-01,PRECOS12_INPCBR12,INPC Taxa de Variação,9.96
2026-08-01,1984-07-01,PRECOS12_INPCBR12,INPC Taxa de Variação,9.11
2026-08-01,1984-08-01,PRECOS12_INPCBR12,INPC Taxa de Variação,8.57
2026-08-01,1984-09-01,PRECOS12_INPCBR12,INPC Taxa de Variação,11.1
2026-08-01,1984-10-01,PRECOS12_INPCBR12,INPC Taxa de Variação,10.49
2026-08-01,1984-11-01,PRECOS12_INPCBR12,INPC Taxa de Variação,10.33
2026-08-01,1984-12-01,PRECOS12_INPCBR12,INPC Taxa de Variação,11.62
2026-08-01,1985-01-01,PRECOS12_INPCBR12,INPC Taxa de Variação,11.84
2026-08-01,1985-02-01,PRECOS12_INPCBR12,INPC Taxa de Variação,10.95
2026-08-01,1985-03-01,PRECOS12_INPCBR12,INPC Taxa de Variação,9.94
2026-08-01,1985-04-01,PRECOS12_INPCBR12,INPC Taxa de Variação,8.58
2026-08-01,1985-05-01,PRECOS12_INPCBR12,INPC Taxa de Variação,7.2
2026-08-01,1985-06-01,PRECOS12_INPCBR12,INPC Taxa de Variação,8.33
2026-08-01,1985-07-01,PRECOS12_INPCBR12,INPC Taxa de Variação,10.08
2026-08-01,1985-08-01,PRECOS12_INPCBR12,INPC Taxa de Variação,11.61
2026-08-01,1985-09-01,PRECOS12_INPCBR12,INPC Taxa de Variação,10.09
2026-08-01,1985-10-01,PRECOS12_INPCBR12,INPC Taxa de Variação,10.25
2026-08-01,1985-11-01,PRECOS12_INPCBR12,INPC Taxa de Variação,14.18
2026-08-01,1985-12-01,PRECOS12_INPCBR12,INPC Taxa de Variação,15.75
2026-08-01,1986-01-01,PRECOS12_INPCBR12,INPC Taxa de Variação,15.01
2026-08-01,1986-02-01,PRECOS12_INPCBR12,INPC Taxa de Variação,12.46
2026-08-01,1986-03-01,PRECOS12_INPCBR12,INPC Taxa de Variação,3.18
2026-08-01,1986-04-01,PRECOS12_INPCBR12,INPC Taxa de Variação,0.43
2026-08-01,1986-05-01,PRECOS12_INPCBR12,INPC Taxa de Variação,1.08
2026-08-01,1986-06-01,PRECOS12_INPCBR12,INPC Taxa de Variação,0.97
2026-08-01,1986-07-01,PRECOS12_INPCBR12,INPC Taxa de Variação,0.91
2026-08-01,1986-08-01,PRECOS12_INPCBR12,INPC Taxa de Variação,1.43
2026-08-01,1986-09-01,PRECOS12_INPCBR12,INPC Taxa de Variação,1.19
2026-08-01,1986-10-01,PRECOS12_INPCBR12,INPC Taxa de Variação,1.43
2026-08-01,1986-11-01,PRECOS12_INPCBR12,INPC Taxa de Variação,3.29
2026-08-01,1986-12-01,PRECOS12_INPCBR12,INPC Taxa de Variação,7.27
2026-08-01,1987-01-01,PRECOS12_INPCBR12,INPC Taxa de Variação,16.82
2026-08-01,1987-02-01,PRECOS12_INPCBR12,INPC Taxa de Variação,13.94
2026-08-01,1987-03-01,PRECOS12_INPCBR12,INPC Taxa de Variação,14.4
2026-08-01,1987-04-01,PRECOS12_INPCBR12,INPC Taxa de Variação,20.96
2026-08-01,1987-05-01,PRECOS12_INPCBR12,INPC Taxa de Variação,23.14
2026-08-01,1987-06-01,PRECOS12_INPCBR12,INPC Taxa de Variação,21.3
2026-08-01,1987-07-01,PRECOS12_INPCBR12,INPC Taxa de Variação,9.93
2026-08-01,1987-08-01,PRECOS12_INPCBR12,INPC Taxa de Variação,5.09
2026-08-01,1987-09-01,PRECOS12_INPCBR12,INPC Taxa de Variação,7.15
2026-08-01,1987-10-01,PRECOS12_INPCBR12,INPC Taxa de Variação,10.88
2026-08-01,1987-11-01,PRECOS12_INPCBR12,INPC Taxa de Variação,14.93
2026-08-01,1987-12-01,PRECOS12_INPCBR12,INPC Taxa de Variação,13.97
2026-08-01,1988-01-01,PRECOS12_INPCBR12,INPC Taxa de Variação,18.97
2026-08-01,1988-02-01,PRECOS12_INPCBR12,INPC Taxa de Variação,15.81
2026-08-01,1988-03-01,PRECOS12_INPCBR12,INPC Taxa de Variação,18.09
2026-08-01,1988-04-01,PRECOS12_INPCBR12,INPC Taxa de Variação,18.33
2026-08-01,1988-05-01,PRECOS12_INPCBR12,INPC Taxa de Variação,18.24
2026-08-01,1988-06-01,PRECOS12_INPCBR12,INPC Taxa de Variação,22.28
2026-08-01,1988-07-01,PRECOS12_INPCBR12,INPC Taxa de Variação,23.02
2026-08-01,1988-08-01,PRECOS12_INPCBR12,INPC Taxa de Variação,20.63
2026-08-01,1988-09-01,PRECOS12_INPCBR12,INPC Taxa de Variação,26.93
2026-08-01,1988-10-01,PRECOS12_INPCBR12,INPC Taxa de Variação,26.69
2026-08-01,1988-11-01,PRECOS12_INPCBR12,INPC Taxa de Variação,28.15
2026-08-01,1988-12-01,PRECOS12_INPCBR12,INPC Taxa de Variação,28.43
2026-08-01,1989-01-01,PRECOS12_INPCBR12,INPC Taxa de Variação,35.48
2026-08-01,1989-02-01,PRECOS12_INPCBR12,INPC Taxa de Variação,16.35
2026-08-01,1989-03-01,PRECOS12_INPCBR12,INPC Taxa de Variação,5.9
2026-08-01,1989-04-01,PRECOS12_INPCBR12,INPC Taxa de Variação,8.06
2026-08-01,1989-05-01,PRECOS12_INPCBR12,INPC Taxa de Variação,16.67
2026-08-01,1989-06-01,PRECOS12_INPCBR12,INPC Taxa de Variação,29.4
2026-08-01,1989-07-01,PRECOS12_INPCBR12,INPC Taxa de Variação,27.4
2026-08-01,1989-08-01,PRECOS12_INPCBR12,INPC Taxa de Variação,33.18
2026-08-01,1989-09-01,PRECOS12_INPCBR12,INPC Taxa de Variação,36.35
2026-08-01,1989-10-01,PRECOS12_INPCBR12,INPC Taxa de Variação,38.76
2026-08-01,1989-11-01,PRECOS12_INPCBR12,INPC Taxa de Variação,48.47
2026-08-01,1989-12-01,PRECOS12_INPCBR12,INPC Taxa de Variação,51.28
2026-08-01,1990-01-01,PRECOS12_INPCBR12,INPC Taxa de Variação,68.19
2026-08-01,1990-02-01,PRECOS12_INPCBR12,INPC Taxa de Variação,73.99
2026-08-01,1990-03-01,PRECOS12_INPCBR12,INPC Taxa de Variação,82.18
2026-08-01,1990-04-01,PRECOS12_INPCBR12,INPC Taxa de Variação,14.67
2026-08-01,1990-05-01,PRECOS12_INPCBR12,INPC Taxa de Variação,7.31
2026-08-01,1990-06-01,PRECOS12_INPCBR12,INPC Taxa de Variação,11.64
2026-08-01,1990-07-01,PRECOS12_INPCBR12,INPC Taxa de Variação,12.62
2026-08-01,1990-08-01,PRECOS12_INPCBR12,INPC Taxa de Variação,12.18
2026-08-01,1990-09-01,PRECOS12_INPCBR12,INPC Taxa de Variação,14.26
2026-08-01,1990-10-01,PRECOS12_INPCBR12,INPC Taxa de Variação,14.43
2026-08-01,1990-11-01,PRECOS12_INPCBR12,INPC Taxa de Variação,16.92
2026-08-01,1990-12-01,PRECOS12_INPCBR12,INPC Taxa de Variação,19.14
2026-08-01,1991-01-01,PRECOS12_INPCBR12,INPC Taxa de Variação,20.95
2026-08-01,1991-02-01,PRECOS12_INPCBR12,INPC Taxa de Variação,20.2
2026-08-01,1991-03-01,PRECOS12_INPCBR12,INPC Taxa de Variação,11.79
2026-08-01,1991-04-01,PRECOS12_INPCBR12,INPC Taxa de Variação,5.01
2026-08-01,1991-05-01,PRECOS12_INPCBR12,INPC Taxa de Variação,6.68
2026-08-01,1991-06-01,PRECOS12_INPCBR12,INPC Taxa de Variação,10.83
2026-08-01,1991-07-01,PRECOS12_INPCBR12,INPC Taxa de Variação,12.14
2026-08-01,1991-08-01,PRECOS12_INPCBR12,INPC Taxa de Variação,15.62
2026-08-01,1991-09-01,PRECOS12_INPCBR12,INPC Taxa de Variação,15.62
2026-08-01,1991-10-01,PRECOS12_INPCBR12,INPC Taxa de Variação,21.08
2026-08-01,1991-11-01,PRECOS12_INPCBR12,INPC Taxa de Variação,26.48
2026-08-01,1991-12-01,PRECOS12_INPCBR12,INPC Taxa de Variação,24.15
2026-08-01,1992-01-01,PRECOS12_INPCBR12,INPC Taxa de Variação,25.92
2026-08-01,1992-02-01,PRECOS12_INPCBR12,INPC Taxa de Variação,24.48
2026-08-01,1992-03-01,PRECOS12_INPCBR12,INPC Taxa de Variação,21.62
2026-08-01,1992-04-01,PRECOS12_INPCBR12,INPC Taxa de Variação,20.84
2026-08-01,1992-05-01,PRECOS12_INPCBR12,INPC Taxa de Variação,24.5
2026-08-01,1992-06-01,PRECOS12_INPCBR12,INPC Taxa de Variação,20.85
2026-08-01,1992-07-01,PRECOS12_INPCBR12,INPC Taxa de Variação,22.08
2026-08-01,1992-08-01,PRECOS12_INPCBR12,INPC Taxa de Variação,22.38
2026-08-01,1992-09-01,PRECOS12_INPCBR12,INPC Taxa de Variação,23.98
2026-08-01,1992-10-01,PRECOS12_INPCBR12,INPC Taxa de Variação,26.07
2026-08-01,1992-11-01,PRECOS12_INPCBR12,INPC Taxa de Variação,22.89
2026-08-01,1992-12-01,PRECOS12_INPCBR12,INPC Taxa de Variação,25.58
2026-08-01,1993-01-01,PRECOS12_INPCBR12,INPC Taxa de Variação,28.77
2026-08-01,1993-02-01,PRECOS12_INPCBR12,INPC Taxa de Variação,24.79
2026-08-01,1993-03-01,PRECOS12_INPCBR12,INPC Taxa de Variação,27.58
2026-08-01,1993-04-01,PRECOS12_INPCBR12,INPC Taxa de Variação,28.37
2026-08-01,1993-05-01,PRECOS12_INPCBR12,INPC Taxa de Variação,26.78
2026-08-01,1993-06-01,PRECOS12_INPCBR12,INPC Taxa de Variação,30.37
2026-08-01,1993-07-01,PRECOS12_INPCBR12,INPC Taxa de Variação,31.01
2026-08-01,1993-08-01,PRECOS12_INPCBR12,INPC Taxa de Variação,33.34
2026-08-01,1993-09-01,PRECOS12_INPCBR12,INPC Taxa de Variação,35.63
2026-08-01,1993-10-01,PRECOS12_INPCBR12,INPC Taxa de Variação,34.12
2026-08-01,1993-11-01,PRECOS12_INPCBR12,INPC Taxa de Variação,36.0
2026-08-01,1993-12-01,PRECOS12_INPCBR12,INPC Taxa de Variação,37.73
2026-08-01,1994-01-01,PRECOS12_INPCBR12,INPC Taxa de Variação,41.32
2026-08-01,1994-02-01,PRECOS12_INPCBR12,INPC Taxa de Variação,40.57
2026-08-01,1994-03-01,PRECOS12_INPCBR12,INPC Taxa de Variação,43.08
2026-08-01,1994-04-01,PRECOS12_INPCBR12,INPC Taxa de Variação,42.86
2026-08-01,1994-05-01,PRECOS12_INPCBR12,INPC Taxa de Variação,42.73
2026-08-01,1994-06-01,PRECOS12_INPCBR12,INPC Taxa de Variação,48.24
2026-08-01,1994-07-01,PRECOS12_INPCBR12,INPC Taxa de Variação,7.75
2026-08-01,1994-08-01,PRECOS12_INPCBR12,INPC Taxa de Variação,1.85
2026-08-01,1994-09-01,PRECOS12_INPCBR12,INPC Taxa de Variação,1.4
2026-08-01,1994-10-01,PRECOS12_INPCBR12,INPC Taxa de Variação,2.82
2026-08-01,1994-11-01,PRECOS12_INPCBR12,INPC Taxa de Variação,2.96
2026-08-01,1994-12-01,PRECOS12_INPCBR12,INPC Taxa de Variação,1.7
2026-08-01,1995-01-01,PRECOS12_INPCBR12,INPC Taxa de Variação,1.44
2026-08-01,1995-02-01,PRECOS12_INPCBR12,INPC Taxa de Variação,1.01
2026-08-01,1995-03-01,PRECOS12_INPCBR12,INPC Taxa de Variação,1.62
2026-08-01,1995-04-01,PRECOS12_INPCBR12,INPC Taxa de Variação,2.49
2026-08-01,1995-05-01,PRECOS12_INPCBR12,INPC Taxa de Variação,2.1
2026-08-01,1995-06-01,PRECOS12_INPCBR12,INPC Taxa de Variação,2.18
2026-08-01,1995-07-01,PRECOS12_INPCBR12,INPC Taxa de Variação,2.46
2026-08-01,1995-08-01,PRECOS12_INPCBR12,INPC Taxa de Variação,1.02
2026-08-01,1995-09-01,PRECOS12_INPCBR12,INPC Taxa de Variação,1.17
2026-08-01,1995-10-01,PRECOS12_INPCBR12,INPC Taxa de Variação,1.4
2026-08-01,1995-11-01,PRECOS12_INPCBR12,INPC Taxa de Variação,1.51
2026-08-01,1995-12-01,PRECOS12_INPCBR12,INPC Taxa de Variação,1.65
2026-08-01,1996-01-01,PRECOS12_INPCBR12,INPC Taxa de Variação,1.46
2026-08-01,1996-02-01,PRECOS12_INPCBR12,INPC Taxa de Variação,0.71
2026-08-01,1996-03-01,PRECOS12_INPCBR12,INPC Taxa de Variação,0.29
2026-08-01,1996-04-01,PRECOS12_INPCBR12,INPC Taxa de Variação,0.93
2026-08-01,1996-05-01,PRECOS12_INPCBR12,INPC Taxa de Variação,1.28
2026-08-01,1996-06-01,PRECOS12_INPCBR12,INPC Taxa de Variação,1.33
2026-08-01,1996-07-01,PRECOS12_INPCBR12,INPC Taxa de Variação,1.2
2026-08-01,1996-08-01,PRECOS12_INPCBR12,INPC Taxa de Variação,0.5
2026-08-01,1996-09-01,PRECOS12_INPCBR12,INPC Taxa de Variação,0.02
2026-08-01,1996-10-01,PRECOS12_INPCBR12,INPC Taxa de Variação,0.38
2026-08-01,1996-11-01,PRECOS12_INPCBR12,INPC Taxa de Variação,0.34
2026-08-01,1996-12-01,PRECOS12_INPCBR12,INPC Taxa de Variação,0.33
2026-08-01,1997-01-01,PRECOS12_INPCBR12,INPC Taxa de Variação,0.81
2026-08-01,1997-02-01,PRECOS12_INPCBR12,INPC Taxa de Variação,0.45
2026-08-01,1997-03-01,PRECOS12_INPCBR12,INPC Taxa de Variação,0.68
2026-08-01,1997-04-01,PRECOS12_INPCBR12,INPC Taxa de Variação,0.6
2026-08-01,1997-05-01,PRECOS12_INPCBR12,INPC Taxa de Variação,0.11
2026-08-01,1997-06-01,PRECOS12_INPCBR12,INPC Taxa de Variação,0.35
2026-08-01,1997-07-01,PRECOS12_INPCBR12,INPC Taxa de Variação,0.18
2026-08-01,1997-08-01,PRECOS12_INPCBR12,INPC Taxa de Variação,-0.03
2026-08-01,1997-09-01,PRECOS12_INPCBR12,INPC Taxa de Variação,0.1
2026-08-01,1997-10-01,PRECOS12_INPCBR12,INPC Taxa de Variação,0.29
2026-08-01,1997-11-01,PRECOS12_INPCBR12,INPC Taxa de Variação,0.15
2026-08-01,1997-12-01,PRECOS12_INPCBR12,INPC Taxa de Variação,0.57
2026-08-01,1998-01-01,PRECOS12_INPCBR12,INPC Taxa de Variação,0.85
2026-08-01,1998-02-01,PRECOS12_INPCBR12,INPC Taxa de Variação,0.54
2026-08-01,1998-03-01,PRECOS12_INPCBR12,INPC Taxa de Variação,0.49
2026-08-01,1998-04-01,PRECOS12_INPCBR12,INPC Taxa de Variação,0.45
2026-08-01,1998-05-01,PRECOS12_INPCBR12,INPC Taxa de Variação,0.72
2026-08-01,1998-06-01,PRECOS12_INPCBR12,INPC Taxa de Variação,0.15
2026-08-01,1998-07-01,PRECOS12_INPCBR12,INPC Taxa de Variação,-0.28
2026-08-01,1998-08-01,PRECOS12_INPCBR12,INPC Taxa de Variação,-0.49
2026-08-01,1998-09-01,PRECOS12_INPCBR12,INPC Taxa de Variação,-0.31
2026-08-01,1998-10-01,PRECOS12_INPCBR12,INPC Taxa de Variação,0.11
2026-08-01,1998-11-01,PRECOS12_INPCBR12,INPC Taxa de Variação,-0.18
2026-08-01,1998-12-01,PRECOS12_INPCBR12,INPC Taxa de Variação,0.42
2026-08-01,1999-01-01,PRECOS12_INPCBR12,INPC Taxa de Variação,0.65
2026-08-01,1999-02-01,PRECOS12_INPCBR12,INPC Taxa de Variação,1.29
2026-08-01,1999-03-01,PRECOS12_INPCBR12,INPC Taxa de Variação,1.28
2026-08-01,1999-04-01,PRECOS12_INPCBR12,INPC Taxa de Variação,0.47
2026-08-01,1999-05-01,PRECOS12_INPCBR12,INPC Taxa de Variação,0.05
2026-08-01,1999-06-01,PRECOS12_INPCBR12,INPC Taxa de Variação,0.07
2026-08-01,1999-07-01,PRECOS12_INPCBR12,INPC Taxa de Variação,0.74
2026-08-01,1999-08-01,PRECOS12_INPCBR12,INPC Taxa de Variação,0.55
2026-08-01,1999-09-01,PRECOS12_INPCBR12,INPC Taxa de Variação,0.39
2026-08-01,1999-10-01,PRECOS12_INPCBR12,INPC Taxa de Variação,0.96
2026-08-01,1999-11-01,PRECOS12_INPCBR12,INPC Taxa de Variação,0.94
2026-08-01,1999-12-01,PRECOS12_INPCBR12,INPC Taxa de Variação,0.74
2026-08-01,2000-01-01,PRECOS12_INPCBR12,INPC Taxa de Variação,0.61
2026-08-01,2000-02-01,PRECOS12_INPCBR12,INPC Taxa de Variação,0.05
2026-08-01,2000-03-01,PRECOS12_INPCBR12,INPC Taxa de Variação,0.13
2026-08-01,2000-04-01,PRECOS12_INPCBR12,INPC Taxa de Variação,0.09
2026-08-01,2000-05-01,PRECOS12_INPCBR12,INPC Taxa de Variação,-0.05
2026-08-01,2000-06-01,PRECOS12_INPCBR12,INPC Taxa de Variação,0.3
2026-08-01,2000-07-01,PRECOS12_INPCBR12,INPC Taxa de Variação,1.39
2026-08-01,2000-08-01,PRECOS12_INPCBR12,INPC Taxa de Variação,1.21
2026-08-01,2000-09-01,PRECOS12_INPCBR12,INPC Taxa de Variação,0.43
2026-08-01,2000-10-01,PRECOS12_INPCBR12,INPC Taxa de Variação,0.16
2026-08-01,2000-11-01,PRECOS12_INPCBR12,INPC Taxa de Variação,0.29
2026-08-01,2000-12-01,PRECOS12_INPCBR12,INPC Taxa de Variação,0.55
2026-08-01,2001-01-01,PRECOS12_INPCBR12,INPC Taxa de Variação,0.77
2026-08-01,2001-02-01,PRECOS12_INPCBR12,INPC Taxa de Variação,0.49
2026-08-01,2001-03-01,PRECOS12_INPCBR12,INPC Taxa de Variação,0.48
2026-08-01,2001-04-01,PRECOS12_INPCBR12,INPC Taxa de Variação,0.84
2026-08-01,2001-05-01,PRECOS12_INPCBR12,INPC Taxa de Variação,0.57
2026-08-01,2001-06-01,PRECOS12_INPCBR12,INPC Taxa de Variação,0.6
2026-08-01,2001-07-01,PRECOS12_INPCBR12,INPC Taxa de Variação,1.11
2026-08-01,2001-08-01,PRECOS12_INPCBR12,INPC Taxa de Variação,0.79
2026-08-01,2001-09-01,PRECOS12_INPCBR12,INPC Taxa de Variação,0.44
2026-08-01,2001-10-01,PRECOS12_INPCBR12,INPC Taxa de Variação,0.94
2026-08-01,2001-11-01,PRECOS12_INPCBR12,INPC Taxa de Variação,1.29
2026-08-01,2001-12-01,PRECOS12_INPCBR12,INPC Taxa de Variação,0.74
2026-08-01,2002-01-01,PRECOS12_INPCBR12,INPC Taxa de Variação,1.07
2026-08-01,2002-02-01,PRECOS12_INPCBR12,INPC Taxa de Variação,0.31
2026-08-01,2002-03-01,PRECOS12_INPCBR12,INPC Taxa de Variação,0.62
2026-08-01,2002-04-01,PRECOS12_INPCBR12,INPC Taxa de Variação,0.68
2026-08-01,2002-05-01,PRECOS12_INPCBR12,INPC Taxa de Variação,0.09
2026-08-01,2002-06-01,PRECOS12_INPCBR12,INPC Taxa de Variação,0.61
2026-08-01,2002-07-01,PRECOS12_INPCBR12,INPC Taxa de Variação,1.15
2026-08-01,2002-08-01,PRECOS12_INPCBR12,INPC Taxa de Variação,0.86
2026-08-01,2002-09-01,PRECOS12_INPCBR12,INPC Taxa de Variação,0.83
2026-08-01,2002-10-01,PRECOS12_INPCBR12,INPC Taxa de Variação,1.57
2026-08-01,2002-11-01,PRECOS12_INPCBR12,INPC Taxa de Variação,3.39
2026-08-01,2002-12-01,PRECOS12_INPCBR12,INPC Taxa de Variação,2.7
2026-08-01,2003-01-01,PRECOS12_INPCBR12,INPC Taxa de Variação,2.47
2026-08-01,2003-02-01,PRECOS12_INPCBR12,INPC Taxa de Variação,1.46
2026-08-01,2003-03-01,PRECOS12_INPCBR12,INPC Taxa de Variação,1.37
2026-08-01,2003-04-01,PRECOS12_INPCBR12,INPC Taxa de Variação,1.38
2026-08-01,2003-05-01,PRECOS12_INPCBR12,INPC Taxa de Variação,0.99
2026-08-01,2003-06-01,PRECOS12_INPCBR12,INPC Taxa de Variação,-0.06
2026-08-01,2003-07-01,PRECOS12_INPCBR12,INPC Taxa de Variação,0.04
2026-08-01,2003-08-01,PRECOS12_INPCBR12,INPC Taxa de Variação,0.18
2026-08-01,2003-09-01,PRECOS12_INPCBR12,INPC Taxa de Variação,0.82
2026-08-01,2003-10-01,PRECOS12_INPCBR12,INPC Taxa de Variação,0.39
2026-08-01,2003-11-01,PRECOS12_INPCBR12,INPC Taxa de Variação,0.37
2026-08-01,2003-12-01,PRECOS12_INPCBR12,INPC Taxa de Variação,0.54
2026-08-01,2004-01-01,PRECOS12_INPCBR12,INPC Taxa de Variação,0.83
2026-08-01,2004-02-01,PRECOS12_INPCBR12,INPC Taxa de Variação,0.39
2026-08-01,2004-03-01,PRECOS12_INPCBR12,INPC Taxa de Variação,0.57
2026-08-01,2004-04-01,PRECOS12_INPCBR12,INPC Taxa de Variação,0.41
2026-08-01,2004-05-01,PRECOS12_INPCBR12,INPC Taxa de Variação,0.4
2026-08-01,2004-06-01,PRECOS12_INPCBR12,INPC Taxa de Variação,0.5
2026-08-01,2004-07-01,PRECOS12_INPCBR12,INPC Taxa de Variação,0.73
2026-08-01,2004-08-01,PRECOS12_INPCBR12,INPC Taxa de Variação,0.5
2026-08-01,2004-09-01,PRECOS12_INPCBR12,INPC Taxa de Variação,0.17
2026-08-01,2004-10-01,PRECOS12_INPCBR12,INPC Taxa de Variação,0.17
2026-08-01,2004-11-01,PRECOS12_INPCBR12,INPC Taxa de Variação,0.44
2026-08-01,2004-12-01,PRECOS12_INPCBR12,INPC Taxa de Variação,0.86
2026-08-01,2005-01-01,PRECOS12_INPCBR12,INPC Taxa de Variação,0.57
2026-08-01,2005-02-01,PRECOS12_INPCBR12,INPC Taxa de Variação,0.44
2026-08-01,2005-03-01,PRECOS12_INPCBR12,INPC Taxa de Variação,0.73
2026-08-01,2005-04-01,PRECOS12_INPCBR12,INPC Taxa de Variação,0.91
2026-08-01,2005-05-01,PRECOS12_INPCBR12,INPC Taxa de Variação,0.7
2026-08-01,2005-06-01,PRECOS12_INPCBR12,INPC Taxa de Variação,-0.11
2026-08-01,2005-07-01,PRECOS12_INPCBR12,INPC Taxa de Variação,0.03
2026-08-01,2005-08-01,PRECOS12_INPCBR12,INPC Taxa de Variação,0.0
2026-08-01,2005-09-01,PRECOS12_INPCBR12,INPC Taxa de Variação,0.15
2026-08-01,2005-10-01,PRECOS12_INPCBR12,INPC Taxa de Variação,0.58
2026-08-01,2005-11-01,PRECOS12_INPCBR12,INPC Taxa de Variação,0.54
2026-08-01,2005-12-01,PRECOS12_INPCBR12,INPC Taxa de Variação,0.4
2026-08-01,2006-01-01,PRECOS12_INPCBR12,INPC Taxa de Variação,0.38
2026-08-01,2006-02-01,PRECOS12_INPCBR12,INPC Taxa de Variação,0.23
2026-08-01,2006-03-01,PRECOS12_INPCBR12,INPC Taxa de Variação,0.27
2026-08-01,2006-04-01,PRECOS12_INPCBR12,INPC Taxa de Variação,0.12
2026-08-01,2006-05-01,PRECOS12_INPCBR12,INPC Taxa de Variação,0.13
2026-08-01,2006-06-01,PRECOS12_INPCBR12,INPC Taxa de Variação,-0.07
2026-08-01,2006-07-01,PRECOS12_INPCBR12,INPC Taxa de Variação,0.11
2026-08-01,2006-08-01,PRECOS12_INPCBR12,INPC Taxa de Variação,-0.02
2026-08-01,2006-09-01,PRECOS12_INPCBR12,INPC Taxa de Variação,0.16
2026-08-01,2006-10-01,PRECOS12_INPCBR12,INPC Taxa de Variação,0.43
2026-08-01,2006-11-01,PRECOS12_INPCBR12,INPC Taxa de Variação,0.42
2026-08-01,2006-12-01,PRECOS12_INPCBR12,INPC Taxa de Variação,0.62
2026-08-01,2007-01-01,PRECOS12_INPCBR12,INPC Taxa de Variação,0.49
2026-08-01,2007-02-01,PRECOS12_INPCBR12,INPC Taxa de Variação,0.42
2026-08-01,2007-03-01,PRECOS12_INPCBR12,INPC Taxa de Variação,0.44
2026-08-01,2007-04-01,PRECOS12_INPCBR12,INPC Taxa de Variação,0.26
2026-08-01,2007-05-01,PRECOS12_INPCBR12,INPC Taxa de Variação,0.26
2026-08-01,2007-06-01,PRECOS12_INPCBR12,INPC Taxa de Variação,0.31
2026-08-01,2007-07-01,PRECOS12_INPCBR12,INPC Taxa de Variação,0.32
2026-08-01,2007-08-01,PRECOS12_INPCBR12,INPC Taxa de Variação,0.59
2026-08-01,2007-09-01,PRECOS12_INPCBR12,INPC Taxa de Variação,0.25
2026-08-01,2007-10-01,PRECOS12_INPCBR12,INPC Taxa de Variação,0.3
2026-08-01,2007-11-01,PRECOS12_INPCBR12,INPC Taxa de Variação,0.43
2026-08-01,2007-12-01,PRECOS12_INPCBR12,INPC Taxa de Variação,0.97
2026-08-01,2008-01-01,PRECOS12_INPCBR12,INPC Taxa de Variação,0.69
2026-08-01,2008-02-01,PRECOS12_INPCBR12,INPC Taxa de Variação,0.48
2026-08-01,2008-03-01,PRECOS12_INPCBR12,INPC Taxa de Variação,0.51
2026-08-01,2008-04-01,PRECOS12_INPCBR12,INPC Taxa de Variação,0.64
2026-08-01,2008-05-01,PRECOS12_INPCBR12,INPC Taxa de Variação,0.96
2026-08-01,2008-06-01,PRECOS12_INPCBR12,INPC Taxa de Variação,0.91
2026-08-01,2008-07-01,PRECOS12_INPCBR12,INPC Taxa de Variação,0.58
2026-08-01,2008-08-01,PRECOS12_INPCBR12,INPC Taxa de Variação,0.21
2026-08-01,2008-09-01,PRECOS12_INPCBR12,INPC Taxa de Variação,0.15
2026-08-01,2008-10-01,PRECOS12_INPCBR12,INPC Taxa de Variação,0.5
2026-08-01,2008-11-01,PRECOS12_INPCBR12,INPC Taxa de Variação,0.38
2026-08-01,2008-12-01,PRECOS12_INPCBR12,INPC Taxa de Variação,0.29
2026-08-01,2009-01-01,PRECOS12_INPCBR12,INPC Taxa de Variação,0.64
2026-08-01,2009-02-01,PRECOS12_INPCBR12,INPC Taxa de Variação,0.31
2026-08-01,2009-03-01,PRECOS12_INPCBR12,INPC Taxa de Variação,0.2
2026-08-01,2009-04-01,PRECOS12_INPCBR12,INPC Taxa de Variação,0.55
2026-08-01,2009-05-01,PRECOS12_INPCBR12,INPC Taxa de Variação,0.6
2026-08-01,2009-06-01,PRECOS12_INPCBR12,INPC Taxa de Variação,0.42
2026-08-01,2009-07-01,PRECOS12_INPCBR12,INPC Taxa de Variação,0.23
2026-08-01,2009-08-01,PRECOS12_INPCBR12,INPC Taxa de Variação,0.08
2026-08-01,2009-09-01,PRECOS12_INPCBR12,INPC Taxa de Variação,0.16
2026-08-01,2009-10-01,PRECOS12_INPCBR12,INPC Taxa de Variação,0.24
2026-08-01,2009-11-01,PRECOS12_INPCBR12,INPC Taxa de Variação,0.37
2026-08-01,2009-12-01,PRECOS12_INPCBR12,INPC Taxa de Variação,0.24
2026-08-01,2010-01-01,PRECOS12_INPCBR12,INPC Taxa de Variação,0.88
2026-08-01,2010-02-01,PRECOS12_INPCBR12,INPC Taxa de Variação,0.7
2026-08-01,2010-03-01,PRECOS12_INPCBR12,INPC Taxa de Variação,0.71
2026-08-01,2010-04-01,PRECOS12_INPCBR12,INPC Taxa de Variação,0.73
2026-08-01,2010-05-01,PRECOS12_INPCBR12,INPC Taxa de Variação,0.43
2026-08-01,2010-06-01,PRECOS12_INPCBR12,INPC Taxa de Variação,-0.11
2026-08-01,2010-07-01,PRECOS12_INPCBR12,INPC Taxa de Variação,-0.07
2026-08-01,2010-08-01,PRECOS12_INPCBR12,INPC Taxa de Variação,-0.07
2026-08-01,2010-09-01,PRECOS12_INPCBR12,INPC Taxa de Variação,0.54
2026-08-01,2010-10-01,PRECOS12_INPCBR12,INPC Taxa de Variação,0.92
2026-08-01,2010-11-01,PRECOS12_INPCBR12,INPC Taxa de Variação,1.03
2026-08-01,2010-12-01,PRECOS12_INPCBR12,INPC Taxa de Variação,0.6
2026-08-01,2011-01-01,PRECOS12_INPCBR12,INPC Taxa de Variação,0.94
2026-08-01,2011-02-01,PRECOS12_INPCBR12,INPC Taxa de Variação,0.54
2026-08-01,2011-03-01,PRECOS12_INPCBR12,INPC Taxa de Variação,0.66
2026-08-01,2011-04-01,PRECOS12_INPCBR12,INPC Taxa de Variação,0.72
2026-08-01,2011-05-01,PRECOS12_INPCBR12,INPC Taxa de Variação,0.57
2026-08-01,2011-06-01,PRECOS12_INPCBR12,INPC Taxa de Variação,0.22
2026-08-01,2011-07-01,PRECOS12_INPCBR12,INPC Taxa de Variação,0.0
2026-08-01,2011-08-01,PRECOS12_INPCBR12,INPC Taxa de Variação,0.42
2026-08-01,2011-09-01,PRECOS12_INPCBR12,INPC Taxa de Variação,0.45
2026-08-01,2011-10-01,PRECOS12_INPCBR12,INPC Taxa de Variação,0.32
2026-08-01,2011-11-01,PRECOS12_INPCBR12,INPC Taxa de Variação,0.57
2026-08-01,2011-12-01,PRECOS12_INPCBR12,INPC Taxa de Variação,0.51
2026-08-01,2012-01-01,PRECOS12_INPCBR12,INPC Taxa de Variação,0.51
2026-08-01,2012-02-01,PRECOS12_INPCBR12,INPC Taxa de Variação,0.39
2026-08-01,2012-03-01,PRECOS12_INPCBR12,INPC Taxa de Variação,0.18
2026-08-01,2012-04-01,PRECOS12_INPCBR12,INPC Taxa de Variação,0.64
2026-08-01,2012-05-01,PRECOS12_INPCBR12,INPC Taxa de Variação,0.55
2026-08-01,2012-06-01,PRECOS12_INPCBR12,INPC Taxa de Variação,0.26
2026-08-01,2012-07-01,PRECOS12_INPCBR12,INPC Taxa de Variação,0.43
2026-08-01,2012-08-01,PRECOS12_INPCBR12,INPC Taxa de Variação,0.45
2026-08-01,2012-09-01,PRECOS12_INPCBR12,INPC Taxa de Variação,0.63
2026-08-01,2012-10-01,PRECOS12_INPCBR12,INPC Taxa de Variação,0.71
2026-08-01,2012-11-01,PRECOS12_INPCBR12,INPC Taxa de Variação,0.54
2026-08-01,2012-12-01,PRECOS12_INPCBR12,INPC Taxa de Variação,0.74
2026-08-01,2013-01-01,PRECOS12_INPCBR12,INPC Taxa de Variação,0.92
2026-08-01,2013-02-01,PRECOS12_INPCBR12,INPC Taxa de Variação,0.52
2026-08-01,2013-03-01,PRECOS12_INPCBR12,INPC Taxa de Variação,0.6
2026-08-01,2013-04-01,PRECOS12_INPCBR12,INPC Taxa de Variação,0.59
2026-08-01,2013-05-01,PRECOS12_INPCBR12,INPC Taxa de Variação,0.35
2026-08-01,2013-06-01,PRECOS12_INPCBR12,INPC Taxa de Variação,0.28
2026-08-01,2013-07-01,PRECOS12_INPCBR12,INPC Taxa de Variação,-0.13
2026-08-01,2013-08-01,PRECOS12_INPCBR12,INPC Taxa de Variação,0.16
2026-08-01,2013-09-01,PRECOS12_INPCBR12,INPC Taxa de Variação,0.27
2026-08-01,2013-10-01,PRECOS12_INPCBR12,INPC Taxa de Variação,0.61
2026-08-01,2013-11-01,PRECOS12_INPCBR12,INPC Taxa de Variação,0.54
2026-08-01,2013-12-01,PRECOS12_INPCBR12,INPC Taxa de Variação,0.72
2026-08-01,2014-01-01,PRECOS12_INPCBR12,INPC Taxa de Variação,0.63
2026-08-01,2014-02-01,PRECOS12_INPCBR12,INPC Taxa de Variação,0.64
2026-08-01,2014-03-01,PRECOS12_INPCBR12,INPC Taxa de Variação,0.82
2026-08-01,2014-04-01,PRECOS12_INPCBR12,INPC Taxa de Variação,0.78
2026-08-01,2014-05-01,PRECOS12_INPCBR12,INPC Taxa de Variação,0.6
2026-08-01,2014-06-01,PRECOS12_INPCBR12,INPC Taxa de Variação,0.26
2026-08-01,2014-07-01,PRECOS12_INPCBR12,INPC Taxa de Variação,0.13
2026-08-01,2014-08-01,PRECOS12_INPCBR12,INPC Taxa de Variação,0.18
2026-08-01,2014-09-01,PRECOS12_INPCBR12,INPC Taxa de Variação,0.49
2026-08-01,2014-10-01,PRECOS12_INPCBR12,INPC Taxa de Variação,0.38
2026-08-01,2014-11-01,PRECOS12_INPCBR12,INPC Taxa de Variação,0.53
2026-08-01,2014-12-01,PRECOS12_INPCBR12,INPC Taxa de Variação,0.62
2026-08-01,2015-01-01,PRECOS12_INPCBR12,INPC Taxa de Variação,1.48
2026-08-01,2015-02-01,PRECOS12_INPCBR12,INPC Taxa de Variação,1.16
2026-08-01,2015-03-01,PRECOS12_INPCBR12,INPC Taxa de Variação,1.51
2026-08-01,2015-04-01,PRECOS12_INPCBR12,INPC Taxa de Variação,0.71
2026-08-01,2015-05-01,PRECOS12_INPCBR12,INPC Taxa de Variação,0.99
2026-08-01,2015-06-01,PRECOS12_INPCBR12,INPC Taxa de Variação,0.77
2026-08-01,2015-07-01,PRECOS12_INPCBR12,INPC Taxa de Variação,0.58
2026-08-01,2015-08-01,PRECOS12_INPCBR12,INPC Taxa de Variação,0.25
2026-08-01,2015-09-01,PRECOS12_INPCBR12,INPC Taxa de Variação,0.51
2026-08-01,2015-10-01,PRECOS12_INPCBR12,INPC Taxa de Variação,0.77
2026-08-01,2015-11-01,PRECOS12_INPCBR12,INPC Taxa de Variação,1.11
2026-08-01,2015-12-01,PRECOS12_INPCBR12,INPC Taxa de Variação,0.9
2026-08-01,2016-01-01,PRECOS12_INPCBR12,INPC Taxa de Variação,1.51
2026-08-01,2016-02-01,PRECOS12_INPCBR12,INPC Taxa de Variação,0.95
2026-08-01,2016-03-01,PRECOS12_INPCBR12,INPC Taxa de Variação,0.44
2026-08-01,2016-04-01,PRECOS12_INPCBR12,INPC Taxa de Variação,0.64
2026-08-01,2016-05-01,PRECOS12_INPCBR12,INPC Taxa de Variação,0.98
2026-08-01,2016-06-01,PRECOS12_INPCBR12,INPC Taxa de Variação,0.47
2026-08-01,2016-07-01,PRECOS12_INPCBR12,INPC Taxa de Variação,0.64
2026-08-01,2016-08-01,PRECOS12_INPCBR12,INPC Taxa de Variação,0.31
2026-08-01,2016-09-01,PRECOS12_INPCBR12,INPC Taxa de Variação,0.08
2026-08-01,2016-10-01,PRECOS12_INPCBR12,INPC Taxa de Variação,0.17
2026-08-01,2016-11-01,PRECOS12_INPCBR12,INPC Taxa de Variação,0.07
2026-08-01,2016-12-01,PRECOS12_INPCBR12,INPC Taxa de Variação,0.14
2026-08-01,2017-01-01,PRECOS12_INPCBR12,INPC Taxa de Variação,0.42
2026-08-01,2017-02-01,PRECOS12_INPCBR12,INPC Taxa de Variação,0.24
2026-08-01,2017-03-01,PRECOS12_INPCBR12,INPC Taxa de Variação,0.32
2026-08-01,2017-04-01,PRECOS12_INPCBR12,INPC Taxa de Variação,0.08
2026-08-01,2017-05-01,PRECOS12_INPCBR12,INPC Taxa de Variação,0.36
2026-08-01,2017-06-01,PRECOS12_INPCBR12,INPC Taxa de Variação,-0.3
2026-08-01,2017-07-01,PRECOS12_INPCBR12,INPC Taxa de Variação,0.17
2026-08-01,2017-08-01,PRECOS12_INPCBR12,INPC Taxa de Variação,-0.03
2026-08-01,2017-09-01,PRECOS12_INPCBR12,INPC Taxa de Variação,-0.02
2026-08-01,2017-10-01,PRECOS12_INPCBR12,INPC Taxa de Variação,0.37
2026-08-01,2017-11-01,PRECOS12_INPCBR12,INPC Taxa de Variação,0.18
2026-08-01,2017-12-01,PRECOS12_INPCBR12,INPC Taxa de Variação,0.26
2026-08-01,2018-01-01,PRECOS12_INPCBR12,INPC Taxa de Variação,0.23
2026-08-01,2018-02-01,PRECOS12_INPCBR12,INPC Taxa de Variação,0.18
2026-08-01,2018-03-01,PRECOS12_INPCBR12,INPC Taxa de Variação,0.07
2026-08-01,2018-04-01,PRECOS12_INPCBR12,INPC Taxa de Variação,0.21
2026-08-01,2018-05-01,PRECOS12_INPCBR12,INPC Taxa de Variação,0.43
2026-08-01,2018-06-01,PRECOS12_INPCBR12,INPC Taxa de Variação,1.43
2026-08-01,2018-07-01,PRECOS12_INPCBR12,INPC Taxa de Variação,0.25
2026-08-01,2018-08-01,PRECOS12_INPCBR12,INPC Taxa de Variação,0.0
2026-08-01,2018-09-01,PRECOS12_INPCBR12,INPC Taxa de Variação,0.3
2026-08-01,2018-10-01,PRECOS12_INPCBR12,INPC Taxa de Variação,0.4
2026-08-01,2018-11-01,PRECOS12_INPCBR12,INPC Taxa de Variação,-0.25
2026-08-01,2018-12-01,PRECOS12_INPCBR12,INPC Taxa de Variação,0.14
2026-08-01,2019-01-01,PRECOS12_INPCBR12,INPC Taxa de Variação,0.36
2026-08-01,2019-02-01,PRECOS12_INPCBR12,INPC Taxa de Variação,0.54
2026-08-01,2019-03-01,PRECOS12_INPCBR12,INPC Taxa de Variação,0.77
2026-08-01,2019-04-01,PRECOS12_INPCBR12,INPC Taxa de Variação,0.6
2026-08-01,2019-05-01,PRECOS12_INPCBR12,INPC Taxa de Variação,0.15
2026-08-01,2019-06-01,PRECOS12_INPCBR12,INPC Taxa de Variação,0.01
2026-08-01,2019-07-01,PRECOS12_INPCBR12,INPC Taxa de Variação,0.1
2026-08-01,2019-08-01,PRECOS12_INPCBR12,INPC Taxa de Variação,0.12
2026-08-01,2019-09-01,PRECOS12_INPCBR12,INPC Taxa de Variação,-0.05
2026-08-01,2019-10-01,PRECOS12_INPCBR12,INPC Taxa de Variação,0.04
2026-08-01,2019-11-01,PRECOS12_INPCBR12,INPC Taxa de Variação,0.54
2026-08-01,2019-12-01,PRECOS12_INPCBR12,INPC Taxa de Variação,1.22
2026-08-01,2020-01-01,PRECOS12_INPCBR12,INPC Taxa de Variação,0.19
2026-08-01,2020-02-01,PRECOS12_INPCBR12,INPC Taxa de Variação,0.17
2026-08-01,2020-03-01,PRECOS12_INPCBR12,INPC Taxa de Variação,0.18
2026-08-01,2020-04-01,PRECOS12_INPCBR12,INPC Taxa de Variação,-0.23
2026-08-01,2020-05-01,PRECOS12_INPCBR12,INPC Taxa de Variação,-0.25
2026-08-01,2020-06-01,PRECOS12_INPCBR12,INPC Taxa de Variação,0.3
2026-08-01,2020-07-01,PRECOS12_INPCBR12,INPC Taxa de Variação,0.44
2026-08-01,2020-08-01,PRECOS12_INPCBR12,INPC Taxa de Variação,0.36
2026-08-01,2020-09-01,PRECOS12_INPCBR12,INPC Taxa de Variação,0.87
2026-08-01,2020-10-01,PRECOS12_INPCBR12,INPC Taxa de Variação,0.89
2026-08-01,2020-11-01,PRECOS12_INPCBR12,INPC Taxa de Variação,0.95
2026-08-01,2020-12-01,PRECOS12_INPCBR12,INPC Taxa de Variação,1.46
2026-08-01,2021-01-01,PRECOS12_INPCBR12,INPC Taxa de Variação,0.27
2026-08-01,2021-02-01,PRECOS12_INPCBR12,INPC Taxa de Variação,0.82
2026-08-01,2021-03-01,PRECOS12_INPCBR12,INPC Taxa de Variação,0.86
2026-08-01,2021-04-01,PRECOS12_INPCBR12,INPC Taxa de Variação,0.38
2026-08-01,2021-05-01,PRECOS12_INPCBR12,INPC Taxa de Variação,0.96
2026-08-01,2021-06-01,PRECOS12_INPCBR12,INPC Taxa de Variação,0.6
2026-08-01,2021-07-01,PRECOS12_INPCBR12,INPC Taxa de Variação,1.02
2026-08-01,2021-08-01,PRECOS12_INPCBR12,INPC Taxa de Variação,0.88
2026-08-01,2021-09-01,PRECOS12_INPCBR12,INPC Taxa de Variação,1.2
2026-08-01,2021-10-01,PRECOS12_INPCBR12,INPC Taxa de Variação,1.16
2026-08-01,2021-11-01,PRECOS12_INPCBR12,INPC Taxa de Variação,0.84
2026-08-01,2021-12-01,PRECOS12_INPCBR12,INPC Taxa de Variação,0.73
2026-08-01,2022-01-01,PRECOS12_INPCBR12,INPC Taxa de Variação,0.67
2026-08-01,2022-02-01,PRECOS12_INPCBR12,INPC Taxa de Variação,1.0
2026-08-01,2022-03-01,PRECOS12_INPCBR12,INPC Taxa de Variação,1.71
2026-08-01,2022-04-01,PRECOS12_INPCBR12,INPC Taxa de Variação,1.04
2026-08-01,2022-05-01,PRECOS12_INPCBR12,INPC Taxa de Variação,0.45
2026-08-01,2022-06-01,PRECOS12_INPCBR12,INPC Taxa de Variação,0.62
2026-08-01,2022-07-01,PRECOS12_INPCBR12,INPC Taxa de Variação,-0.6
2026-08-01,2022-08-01,PRECOS12_INPCBR12,INPC Taxa de Variação,-0.31
2026-08-01,2022-09-01,PRECOS12_INPCBR12,INPC Taxa de Variação,-0.32
2026-08-01,2022-10-01,PRECOS12_INPCBR12,INPC Taxa de Variação,0.47
2026-08-01,2022-11-01,PRECOS12_INPCBR12,INPC Taxa de Variação,0.38
2026-08-01,2022-12-01,PRECOS12_INPCBR12,INPC Taxa de Variação,0.69
2026-08-01,2023-01-01,PRECOS12_INPCBR12,INPC Taxa de Variação,0.46
2026-08-01,2023-02-01,PRECOS12_INPCBR12,INPC Taxa de Variação,0.77
2026-08-01,2023-03-01,PRECOS12_INPCBR12,INPC Taxa de Variação,0.64
2026-08-01,2023-04-01,PRECOS12_INPCBR12,INPC Taxa de Variação,0.53
2026-08-01,2023-05-01,PRECOS12_INPCBR12,INPC Taxa de Variação,0.36
2026-08-01,2023-06-01,PRECOS12_INPCBR12,INPC Taxa de Variação,-0.1
2026-08-01,2023-07-01,PRECOS12_INPCBR12,INPC Taxa de Variação,-0.09
2026-08-01,2023-08-01,PRECOS12_INPCBR12,INPC Taxa de Variação,0.2
2026-08-01,2023-09-01,PRECOS12_INPCBR12,INPC Taxa de Variação,0.11
2026-08-01,2023-10-01,PRECOS12_INPCBR12,INPC Taxa de Variação,0.12
2026-08-01,2023-11-01,PRECOS12_INPCBR12,INPC Taxa de Variação,0.1
2026-08-01,2023-12-01,PRECOS12_INPCBR12,INPC Taxa de Variação,0.55
2026-08-01,2024-01-01,PRECOS12_INPCBR12,INPC Taxa de Variação,0.57
2026-08-01,2024-02-01,PRECOS12_INPCBR12,INPC Taxa de Variação,0.81
2026-08-01,2024-03-01,PRECOS12_INPCBR12,INPC Taxa de Variação,0.19
2026-08-01,2024-04-01,PRECOS12_INPCBR12,INPC Taxa de Variação,0.37
2026-08-01,2024-05-01,PRECOS12_INPCBR12,INPC Taxa de Variação,0.46
2026-08-01,2024-06-01,PRECOS12_INPCBR12,INPC Taxa de Variação,0.25
2026-08-01,2024-07-01,PRECOS12_INPCBR12,INPC Taxa de Variação,0.26
2026-08-01,2024-08-01,PRECOS12_INPCBR12,INPC Taxa de Variação,-0.14
2026-08-01,2024-09-01,PRECOS12_INPCBR12,INPC Taxa de Variação,0.48
2026-08-01,2024-10-01,PRECOS12_INPCBR12,INPC Taxa de Variação,0.61
2026-08-01,2024-11-01,PRECOS12_INPCBR12,INPC Taxa de Variação,0.33
2026-08-01,2024-12-01,PRECOS12_INPCBR12,INPC Taxa de Variação,0.48
2026-08-01,2025-01-01,PRECOS12_INPCBR12,INPC Taxa de Variação,0.0
2026-08-01,2025-02-01,PRECOS12_INPCBR12,INPC Taxa de Variação,1.48
2026-08-01,2025-03-01,PRECOS12_INPCBR12,INPC Taxa de Variação,0.51
2026-08-01,2025-04-01,PRECOS12_INPCBR12,INPC Taxa de Variação,0.48
2026-08-01,2025-05-01,PRECOS12_INPCBR12,INPC Taxa de Variação,0.35
2026-08-01,2025-06-01,PRECOS12_INPCBR12,INPC Taxa de Variação,0.23
2026-08-01,2025-07-01,PRECOS12_INPCBR12,INPC Taxa de Variação,0.21
2026-08-01,2025-08-01,PRECOS12_INPCBR12,INPC Taxa de Variação,-0.21
2026-08-01,2025-09-01,PRECOS12_INPCBR12,INPC Taxa de Variação,0.52
2026-08-01,2025-10-01,PRECOS12_INPCBR12,INPC Taxa de Variação,0.03
2026-08-01,2025-11-01,PRECOS12_INPCBR12,INPC Taxa de Variação,0.03
2026-08-01,2025-12-01,PRECOS12_INPCBR12,INPC Taxa de Variação,0.21
2026-08-01,2026-01-01,PRECOS12_INPCBR12,INPC Taxa de Variação,0.39
2026-08-01,2026-02-01,PRECOS12_INPCBR12,INPC Taxa de Variação,0.56
2026-08-01,2026-03-01,PRECOS12_INPCBR12,INPC Taxa de Variação,0.91
2026-08-01,2026-04-01,PRECOS12_INPCBR12,INPC Taxa de Variação,0.81
2026-08-01,2026-05-01,PRECOS12_INPCBR12,INPC Taxa de Variação,0.65
2026-08-01,2026-06-01,PRECOS12_INPCBR12,INPC Taxa de Variação,0.14
