data_captura,data_referencia,codigo_ativo,label,preco_fechamento
2026-06-28,2026-06-26,IFIX.SA,IFIX,3806.5
2026-06-28,2026-05-29,ADSH11.SA,ADSH11,10.699999809265137
2026-06-28,2026-05-29,AFHI11.SA,AFHI11,96.2699966430664
2026-06-28,2026-05-29,AFHF11.SA,AFHF11,9.989999771118164
2026-06-28,2026-05-29,AJFI11.SA,AJFI11,8.5
2026-06-28,2026-05-29,ALZC11.SA,ALZC11,7.510000228881836
2026-06-28,2026-05-29,ALZR11.SA,ALZR11,10.3100004196167
2026-06-28,2026-05-29,AURB11.SA,AURB11,81.0999984741211
2026-06-28,2026-05-29,APXM11.SA,APXM11,76.0
2026-06-28,2026-05-29,APXU11.SA,APXU11,94.48999786376953
2026-06-28,2026-05-29,AIEC11.SA,AIEC11,61.119998931884766
2026-06-28,2026-05-29,AVUR11.SA,AVUR11,96.45999908447266
2026-06-28,2026-05-29,AROA11.SA,AROA11,1.25
2026-06-28,2026-05-29,EIRA11.SA,EIRA11,104.55000305175781
2026-06-28,2026-05-29,ARTE11.SA,ARTE11,8.5
2026-06-28,2026-05-29,ARXD11.SA,ARXD11,7.940000057220459
2026-06-28,2026-05-29,AZPL11.SA,AZPL11,7.679999828338623
2026-06-28,2026-05-29,BCRI11.SA,BCRI11,62.290000915527344
2026-06-28,2026-05-29,BNFS11.SA,BNFS11,41.5
2026-06-28,2026-05-29,BTML11.SA,BTML11,111.27999877929688
2026-06-28,2026-05-29,BBFO11.SA,BBFO11,70.88999938964844
2026-06-28,2026-05-29,BBIG11.SA,BBIG11,6.849999904632568
2026-06-28,2026-05-29,BBRC11.SA,BBRC11,105.5
2026-06-28,2026-05-29,BFCC11.SA,BFCC11,103.51000213623047
2026-06-28,2026-05-29,BGRB11.SA,BGRB11,118.26000213623047
2026-06-28,2026-05-29,BLOG11.SA,BLOG11,6.659999847412109
2026-06-28,2026-05-29,BLMG11.SA,BLMG11,31.739999771118164
2026-06-28,2026-05-29,BMLC11.SA,BMLC11,102.31999969482422
2026-06-28,2026-05-29,BCIA11.SA,BCIA11,91.9000015258789
2026-06-28,2026-05-29,BVAR11.SA,BVAR11,1260.8900146484375
2026-06-28,2026-05-29,CARE11.SA,CARE11,3.309999942779541
2026-06-28,2026-05-29,FATN11.SA,FATN11,85.19999694824219
2026-06-28,2026-05-29,BRCO11.SA,BRCO11,118.30000305175781
2026-06-28,2026-05-29,BICE11.SA,BICE11,764.1599731445312
2026-06-28,2026-05-29,BIME11.SA,BIME11,5.539999961853027
2026-06-28,2026-05-29,BRIM11.SA,BRIM11,95.0
2026-06-28,2026-05-29,BRIP11.SA,BRIP11,399.0
2026-06-28,2026-05-29,BIPD11.SA,BIPD11,989.3300170898438
2026-06-28,2026-05-29,BIPE11.SA,BIPE11,1000.0
2026-06-28,2026-05-29,BROF11.SA,BROF11,54.63999938964844
2026-06-28,2026-05-29,LLAO11.SA,LLAO11,57.20000076293945
2026-06-28,2026-05-29,BTHI11.SA,BTHI11,44.0
2026-06-28,2026-05-29,BRCR11.SA,BRCR11,44.81999969482422
2026-06-28,2026-05-29,BTCI11.SA,BTCI11,9.260000228881836
2026-06-28,2026-05-29,BTLG11.SA,BTLG11,103.5999984741211
2026-06-28,2026-05-29,BTHF11.SA,BTHF11,9.329999923706055
2026-06-28,2026-05-29,HSRE11.SA,HSRE11,84.98999786376953
2026-06-28,2026-05-29,BPML11.SA,BPML11,88.0
2026-06-28,2026-05-29,BTYU11.SA,BTYU11,7.699999809265137
2026-06-28,2026-05-29,BTWR11.SA,BTWR11,91.63999938964844
2026-06-28,2026-05-29,BTSI11.SA,BTSI11,110.0
2026-06-28,2026-05-29,CXCO11.SA,CXCO11,69.95999908447266
2026-06-28,2026-05-29,CRFF11.SA,CRFF11,76.19000244140625
2026-06-28,2026-05-29,CXRI11.SA,CXRI11,64.69000244140625
2026-06-28,2026-05-29,CCME11.SA,CCME11,8.800000190734863
2026-06-28,2026-05-29,CCVA11.SA,CCVA11,100.06999969482422
2026-06-28,2026-05-29,CPUR11.SA,CPUR11,10.390000343322754
2026-06-28,2026-05-29,CPLG11.SA,CPLG11,11.489999771118164
2026-06-28,2026-05-29,CPOF11.SA,CPOF11,113.5
2026-06-28,2026-05-29,CPTS11.SA,CPTS11,7.639999866485596
2026-06-28,2026-05-29,CPSH11.SA,CPSH11,10.100000381469727
2026-06-28,2026-05-29,CACR11.SA,CACR11,23.969999313354492
2026-06-28,2026-05-29,CBOP11.SA,CBOP11,35.29999923706055
2026-06-28,2026-05-29,BLCA11.SA,BLCA11,99.62999725341797
2026-06-28,2026-05-29,CNES11.SA,CNES11,1.4199999570846558
2026-06-28,2026-05-29,CTXT11.SA,CTXT11,5.190000057220459
2026-06-28,2026-05-29,CENU11.SA,CENU11,100.0
2026-06-28,2026-05-29,CFII11.SA,CFII11,514.719970703125
2026-06-28,2026-05-29,CJCT11.SA,CJCT11,65.98999786376953
2026-06-28,2026-05-29,CIXF11.SA,CIXF11,114.5199966430664
2026-06-28,2026-05-29,PDBM11.SA,PDBM11,115.0
2026-06-28,2026-05-29,CLIN11.SA,CLIN11,91.80000305175781
2026-06-28,2026-05-29,RENV11.SA,RENV11,6.230000019073486
2026-06-28,2026-05-29,IBCR11.SA,IBCR11,48.5
2026-06-28,2026-05-29,CYCR11.SA,CYCR11,8.960000038146973
2026-06-28,2026-05-29,CYLD11.SA,CYLD11,131.4499969482422
2026-06-28,2026-05-29,DAMA11.SA,DAMA11,6.650000095367432
2026-06-28,2026-05-29,DAYM11.SA,DAYM11,4.119999885559082
2026-06-28,2026-05-29,ASRF11.SA,ASRF11,10974.0
2026-06-28,2026-05-29,DPRO11.SA,DPRO11,5.199999809265137
2026-06-28,2026-05-29,DEVA11.SA,DEVA11,18.469999313354492
2026-06-28,2026-05-29,DAMT11.SA,DAMT11,11.710000038146973
2026-06-28,2026-05-29,DOVL11.SA,DOVL11,583.0399780273438
2026-06-28,2026-05-29,EDGE11.SA,EDGE11,1050.0
2026-06-28,2026-05-29,EMET11.SA,EMET11,8.5
2026-06-28,2026-05-29,EGYR11.SA,EGYR11,2.9800000190734863
2026-06-28,2026-05-29,EQIR11.SA,EQIR11,8.510000228881836
2026-06-28,2026-05-29,ERPA11.SA,ERPA11,129.8800048828125
2026-06-28,2026-05-29,KEVE11.SA,KEVE11,521.0
2026-06-28,2026-05-29,EXES11.SA,EXES11,9.550000190734863
2026-06-28,2026-05-29,FLCR11.SA,FLCR11,95.9800033569336
2026-06-28,2026-05-29,VRTA11.SA,VRTA11,76.8499984741211
2026-06-28,2026-05-29,VRTM11.SA,VRTM11,7.269999980926514
2026-06-28,2026-05-29,FLMA11.SA,FLMA11,157.3000030517578
2026-06-28,2026-05-29,EGDB11.SA,EGDB11,1251.550048828125
2026-06-28,2026-05-29,ELDO11.SA,ELDO11,928.5471801757812
2026-06-28,2026-05-29,EURO11.SA,EURO11,349.8999938964844
2026-06-28,2026-05-29,HYPI11.SA,HYPI11,181.5
2026-06-28,2026-05-29,HRES11.SA,HRES11,145.4499969482422
2026-06-28,2026-05-29,FIIB11.SA,FIIB11,456.0
2026-06-28,2026-05-29,FMOF11.SA,FMOF11,35.0
2026-06-28,2026-05-29,ALMI11.SA,ALMI11,644.0
2026-06-28,2026-05-29,KFOF11.SA,KFOF11,80.9000015258789
2026-06-28,2026-05-29,DVFF11.SA,DVFF11,5.53000020980835
2026-06-28,2026-05-29,ANCR11.SA,ANCR11,411.0
2026-06-28,2026-05-29,FAED11.SA,FAED11,150.0
2026-06-28,2026-05-29,FCFL11.SA,FCFL11,123.12999725341797
2026-06-28,2026-05-29,CEOC11.SA,CEOC11,42.13999938964844
2026-06-28,2026-05-29,FAMB11.SA,FAMB11,933.0
2026-06-28,2026-05-29,EDGA11.SA,EDGA11,13.119999885559082
2026-06-28,2026-05-29,FYTO11.SA,FYTO11,8.550000190734863
2026-06-28,2026-05-29,HCRI11.SA,HCRI11,277.95001220703125
2026-06-28,2026-05-29,NSLU11.SA,NSLU11,180.36000061035156
2026-06-28,2026-05-29,MAXR11.SA,MAXR11,57.790000915527344
2026-06-28,2026-05-29,PQDP11.SA,PQDP11,2629.989990234375
2026-06-28,2026-05-29,RBRI11.SA,RBRI11,600.0
2026-06-28,2026-05-29,RDIV11.SA,RDIV11,86.0
2026-06-28,2026-05-29,RBRR11.SA,RBRR11,84.41999816894531
2026-06-28,2026-05-29,RECR11.SA,RECR11,82.54000091552734
2026-06-28,2026-05-29,RECT11.SA,RECT11,36.099998474121094
2026-06-28,2026-05-29,SHDP11.SA,SHDP11,1210.050048828125
2026-06-28,2026-05-29,TRNT11.SA,TRNT11,106.61000061035156
2026-06-28,2026-05-29,APXR11.SA,APXR11,99.98999786376953
2026-06-28,2026-05-29,CXAG11.SA,CXAG11,75.8499984741211
2026-06-28,2026-05-29,CXCI11.SA,CXCI11,70.04000091552734
2026-06-28,2026-05-29,CXCE11.SA,CXCE11,41.5
2026-06-28,2026-05-29,CXTL11.SA,CXTL11,330.0199890136719
2026-06-28,2026-05-29,LKDV11.SA,LKDV11,1081.9300537109375
2026-06-28,2026-05-29,EDFO11.SA,EDFO11,132.5399932861328
2026-06-28,2026-05-29,NVHO11.SA,NVHO11,12.0
2026-06-28,2026-05-29,GTWR11.SA,GTWR11,82.70999908447266
2026-06-28,2026-05-29,HBCR11.SA,HBCR11,146.0
2026-06-28,2026-05-29,HUCG11.SA,HUCG11,88.0
2026-06-28,2026-05-29,HUSC11.SA,HUSC11,96.01000213623047
2026-06-28,2026-05-29,HOSI11.SA,HOSI11,79.0
2026-06-28,2026-05-29,BLUE11.SA,BLUE11,143.00999450683594
2026-06-28,2026-05-29,MMPD11.SA,MMPD11,110.61000061035156
2026-06-28,2026-05-29,MCCI11.SA,MCCI11,95.91999816894531
2026-06-28,2026-05-29,WTSP11.SA,WTSP11,65.0
2026-06-28,2026-05-29,PABY11.SA,PABY11,18.0
2026-06-28,2026-05-29,RBRP11.SA,RBRP11,51.689998626708984
2026-06-28,2026-05-29,FPNG11.SA,FPNG11,480.0
2026-06-28,2026-05-29,VTPL11.SA,VTPL11,65.9000015258789
2026-06-28,2026-05-29,VPSI11.SA,VPSI11,22.3799991607666
2026-06-28,2026-05-29,RBRY11.SA,RBRY11,94.0
2026-06-28,2026-05-29,RELG11.SA,RELG11,65.48999786376953
2026-06-28,2026-05-29,RRES11.SA,RRES11,10.0
2026-06-28,2026-05-29,RZTR11.SA,RZTR11,91.1500015258789
2026-06-28,2026-05-29,ROOF11.SA,ROOF11,350.0
2026-06-28,2026-05-29,HOMS11.SA,HOMS11,128.9499969482422
2026-06-28,2026-05-29,FISC11.SA,FISC11,64.9000015258789
2026-06-28,2026-05-29,SAIC11.SA,SAIC11,34.040000915527344
2026-06-28,2026-05-29,SMRE11.SA,SMRE11,59.61000061035156
2026-06-28,2026-05-29,TGAR11.SA,TGAR11,59.77000045776367
2026-06-28,2026-05-29,TRCO11.SA,TRCO11,10.199999809265137
2026-06-28,2026-05-29,TRUE11.SA,TRUE11,23.75
2026-06-28,2026-05-29,LVBI11.SA,LVBI11,108.66000366210938
2026-06-28,2026-05-29,PVBI11.SA,PVBI11,74.0999984741211
2026-06-28,2026-05-29,VERE11.SA,VERE11,445.760009765625
2026-06-28,2026-05-29,FIVN11.SA,FIVN11,3.559999942779541
2026-06-28,2026-05-29,VSHO11.SA,VSHO11,74.69000244140625
2026-06-28,2026-05-29,BMLT11.SA,BMLT11,109.0
2026-06-28,2026-05-29,BSLT11.SA,BSLT11,72.18000030517578
2026-06-28,2026-05-29,GCDL11.SA,GCDL11,122.88999938964844
2026-06-28,2026-05-29,GSRF11.SA,GSRF11,111.76000213623047
2026-06-28,2026-05-29,GFDL11.SA,GFDL11,116.02999877929688
2026-06-28,2026-05-29,GLPF11.SA,GLPF11,108.18000030517578
2026-06-28,2026-05-29,GLCR11.SA,GLCR11,100.0
2026-06-28,2026-05-29,GCRI11.SA,GCRI11,68.48999786376953
2026-06-28,2026-05-29,GCOI11.SA,GCOI11,72.87000274658203
2026-06-28,2026-05-29,GZIT11.SA,GZIT11,41.61000061035156
2026-06-28,2026-05-29,FIGS11.SA,FIGS11,51.459999084472656
2026-06-28,2026-05-29,GSFI11.SA,GSFI11,11.289999961853027
2026-06-28,2026-05-29,VXXV11.SA,VXXV11,762.0
2026-06-28,2026-05-29,GLOG11.SA,GLOG11,73.55999755859375
2026-06-28,2026-05-29,ABCP11.SA,ABCP11,77.66999816894531
2026-06-28,2026-05-29,RCFA11.SA,RCFA11,0.9399999976158142
2026-06-28,2026-05-29,GAME11.SA,GAME11,8.880000114440918
2026-06-28,2026-05-29,GARE11.SA,GARE11,8.350000381469727
2026-06-28,2026-05-29,HABT11.SA,HABT11,73.16999816894531
2026-06-28,2026-05-29,AERO11.SA,AERO11,100.01000213623047
2026-06-28,2026-05-29,HCTR11.SA,HCTR11,16.799999237060547
2026-06-28,2026-05-29,HCST11.SA,HCST11,79.13999938964844
2026-06-28,2026-05-29,HCHG11.SA,HCHG11,79.98999786376953
2026-06-28,2026-05-29,HAAA11.SA,HAAA11,55.0
2026-06-28,2026-05-29,ATSA11.SA,ATSA11,59.0
2026-06-28,2026-05-29,HGBL11.SA,HGBL11,9.300000190734863
2026-06-28,2026-05-29,HGBS11.SA,HGBS11,20.049999237060547
2026-06-28,2026-05-29,HDEL11.SA,HDEL11,5.130000114440918
2026-06-28,2026-05-29,FLRP11.SA,FLRP11,20.690000534057617
2026-06-28,2026-05-29,HJCT11.SA,HJCT11,115.0
2026-06-28,2026-05-29,HLOG11.SA,HLOG11,9.199999809265137
2026-06-28,2026-05-29,HOFC11.SA,HOFC11,34.0
2026-06-28,2026-05-29,HDOF11.SA,HDOF11,91.0
2026-06-28,2026-05-29,HRDF11.SA,HRDF11,6.400000095367432
2026-06-28,2026-05-29,HREC11.SA,HREC11,8.5
2026-06-28,2026-05-29,SEED11.SA,SEED11,100.0
2026-06-28,2026-05-29,HPDP11.SA,HPDP11,87.66000366210938
2026-06-28,2026-05-29,HFOF11.SA,HFOF11,6.71999979019165
2026-06-28,2026-05-29,YEES11.SA,YEES11,102.0
2026-06-28,2026-05-29,HGIC11.SA,HGIC11,57.959999084472656
2026-06-28,2026-05-29,HILG11.SA,HILG11,186.80999755859375
2026-06-28,2026-05-29,HTMX11.SA,HTMX11,134.0
2026-06-28,2026-05-29,HSAF11.SA,HSAF11,82.0
2026-06-28,2026-05-29,HSLG11.SA,HSLG11,90.0
2026-06-28,2026-05-29,HSML11.SA,HSML11,92.72000122070312
2026-06-28,2026-05-29,HUSI11.SA,HUSI11,1209.0
2026-06-28,2026-05-29,GRUL11.SA,GRUL11,8.630000114440918
2026-06-28,2026-05-29,ICNE11.SA,ICNE11,639.0900268554688
2026-06-28,2026-05-29,IMMB11.SA,IMMB11,170.0
2026-06-28,2026-05-29,INDE11.SA,INDE11,80.0
2026-06-28,2026-05-29,INLG11.SA,INLG11,67.51000213623047
2026-06-28,2026-05-29,INRD11.SA,INRD11,76.5
2026-06-28,2026-05-29,ITIP11.SA,ITIP11,68.02999877929688
2026-06-28,2026-05-29,ITIT11.SA,ITIT11,76.9000015258789
2026-06-28,2026-05-29,IBBP11.SA,IBBP11,8.0
2026-06-28,2026-05-29,XPIN11.SA,XPIN11,63.93000030517578
2026-06-28,2026-05-29,IRIM11.SA,IRIM11,68.69999694824219
2026-06-28,2026-05-29,ICRI11.SA,ICRI11,95.9800033569336
2026-06-28,2026-05-29,TMPS11.SA,TMPS11,75.94000244140625
2026-06-28,2026-05-29,ITRI11.SA,ITRI11,84.26000213623047
2026-06-28,2026-05-29,JASC11.SA,JASC11,100.0
2026-06-28,2026-05-29,VJFD11.SA,VJFD11,126.95999908447266
2026-06-28,2026-05-29,JFLL11.SA,JFLL11,58.02000045776367
2026-06-28,2026-05-29,JCCJ11.SA,JCCJ11,154.25
2026-06-28,2026-05-29,JPPA11.SA,JPPA11,86.4000015258789
2026-06-28,2026-06-26,JPRD11.SA,JPRD11,100.0
2026-06-28,2026-05-29,JSAF11.SA,JSAF11,7.650000095367432
2026-06-28,2026-05-29,JSRE11.SA,JSRE11,61.54999923706055
2026-06-28,2026-05-29,JSCR11.SA,JSCR11,8.470000267028809
2026-06-28,2026-05-29,KISU11.SA,KISU11,6.789999961853027
2026-06-28,2026-05-29,KIVO11.SA,KIVO11,61.099998474121094
2026-06-28,2026-05-29,KCRE11.SA,KCRE11,9.380000114440918
2026-06-28,2026-05-29,KFEN11.SA,KFEN11,1100.0
2026-06-28,2026-05-29,KNHF11.SA,KNHF11,99.76000213623047
2026-06-28,2026-05-29,KNHY11.SA,KNHY11,100.55000305175781
2026-06-28,2026-05-29,KNRE11.SA,KNRE11,0.3400000035762787
2026-06-28,2026-05-29,KNIP11.SA,KNIP11,93.0199966430664
2026-06-28,2026-05-29,KORE11.SA,KORE11,67.44999694824219
2026-06-28,2026-05-29,KNRI11.SA,KNRI11,162.52999877929688
2026-06-28,2026-05-29,KNCR11.SA,KNCR11,107.0
2026-06-28,2026-05-29,KNSC11.SA,KNSC11,9.210000038146973
2026-06-28,2026-05-29,KNUQ11.SA,KNUQ11,105.33999633789062
2026-06-28,2026-05-29,LMAI11.SA,LMAI11,36.97999954223633
2026-06-28,2026-05-29,LPLP11.SA,LPLP11,210.0
2026-06-28,2026-05-29,LRED11.SA,LRED11,12.0
2026-06-28,2026-05-29,LSOI11.SA,LSOI11,12.020000457763672
2026-06-28,2026-05-29,LSOP11.SA,LSOP11,10.600000381469727
2026-06-28,2026-05-29,LRDI11.SA,LRDI11,118.5
2026-06-28,2026-05-29,LASC11.SA,LASC11,112.95999908447266
2026-06-28,2026-05-29,LIFE11.SA,LIFE11,8.199999809265137
2026-06-28,2026-05-29,MAGM11.SA,MAGM11,10.0
2026-06-28,2026-05-29,MANA11.SA,MANA11,9.260000228881836
2026-06-28,2026-05-29,MMVE11.SA,MMVE11,147.0
2026-06-28,2026-05-29,MCLO11.SA,MCLO11,10.25
2026-06-28,2026-05-29,MCRE11.SA,MCRE11,9.229999542236328
2026-06-28,2026-05-29,MXRF11.SA,MXRF11,9.979999542236328
2026-06-28,2026-05-29,MCEM11.SA,MCEM11,33.88999938964844
2026-06-28,2026-05-29,MFII11.SA,MFII11,53.900001525878906
2026-06-28,2026-05-29,MIDW11.SA,MIDW11,10.699999809265137
2026-06-28,2026-05-29,NCRI11.SA,NCRI11,8.720000267028809
2026-06-28,2026-05-29,NAVT11.SA,NAVT11,75.61000061035156
2026-06-28,2026-05-29,APTO11.SA,APTO11,8.289999961853027
2026-06-28,2026-05-29,NEWL11.SA,NEWL11,110.80000305175781
2026-06-28,2026-05-29,NEWU11.SA,NEWU11,112.19000244140625
2026-06-28,2026-05-29,NMKS11.SA,NMKS11,1052.260009765625
2026-06-28,2026-05-29,OCRE11.SA,OCRE11,77.87999725341797
2026-06-28,2026-05-29,ONDA11.SA,ONDA11,8.149999618530273
2026-06-28,2026-05-29,ARRI11.SA,ARRI11,5.03000020980835
2026-06-28,2026-05-29,OBAL11.SA,OBAL11,1095.0
2026-06-28,2026-05-29,FTCE11.SA,FTCE11,2914.89990234375
2026-06-28,2026-05-29,OUJP11.SA,OUJP11,88.22000122070312
2026-06-28,2026-05-29,OXRL11.SA,OXRL11,127.44000244140625
2026-06-28,2026-05-29,PNDL11.SA,PNDL11,160.0
2026-06-28,2026-05-29,PNPR11.SA,PNPR11,48.0
2026-06-28,2026-05-29,PNRC11.SA,PNRC11,61.0
2026-06-28,2026-05-29,PMIS11.SA,PMIS11,8.050000190734863
2026-06-28,2026-05-29,PQAG11.SA,PQAG11,56.97999954223633
2026-06-28,2026-05-29,PATA11.SA,PATA11,10.0
2026-06-28,2026-05-29,PCIP11.SA,PCIP11,83.61000061035156
2026-06-28,2026-05-29,PATC11.SA,PATC11,39.0
2026-06-28,2026-05-29,HGRE11.SA,HGRE11,130.02000427246094
2026-06-28,2026-05-29,HGLG11.SA,HGLG11,155.7100067138672
2026-06-28,2026-05-29,PLAG11.SA,PLAG11,62.939998626708984
2026-06-28,2026-05-29,PATL11.SA,PATL11,64.1500015258789
2026-06-28,2026-05-29,RBRL11.SA,RBRL11,83.0
2026-06-28,2026-05-29,PMLL11.SA,PMLL11,107.3499984741211
2026-06-28,2026-05-29,RBRX11.SA,RBRX11,8.4399995803833
2026-06-28,2026-05-29,HGPO11.SA,HGPO11,153.4199981689453
2026-06-28,2026-05-29,HGCR11.SA,HGCR11,97.48999786376953
2026-06-28,2026-05-29,VCRR11.SA,VCRR11,59.0099983215332
2026-06-28,2026-05-29,HGRU11.SA,HGRU11,129.92999267578125
2026-06-28,2026-05-29,PSEC11.SA,PSEC11,59.2599983215332
2026-06-28,2026-05-29,PEMA11.SA,PEMA11,30.0
2026-06-28,2026-05-29,PMRL11.SA,PMRL11,106.58999633789062
2026-06-28,2026-05-29,PRSN11.SA,PRSN11,6.010000228881836
2026-06-28,2026-05-29,PORD11.SA,PORD11,8.350000381469727
2026-06-28,2026-05-29,PLRI11.SA,PLRI11,6.909999847412109
2026-06-28,2026-05-29,PRSV11.SA,PRSV11,30.020000457763672
2026-06-28,2026-05-29,TSER11.SA,TSER11,108.0
2026-06-28,2026-05-29,FPAB11.SA,FPAB11,204.0
2026-06-28,2026-05-29,RZZV11.SA,RZZV11,1050.0
2026-06-28,2026-05-29,RZZI11.SA,RZZI11,1000.0
2026-06-28,2026-05-29,RZZR11.SA,RZZR11,132.35000610351562
2026-06-28,2026-05-29,RBDS11.SA,RBDS11,2.0
2026-06-28,2026-05-29,RSPD11.SA,RSPD11,740.0
2026-06-28,2026-05-29,RBIR11.SA,RBIR11,78.18000030517578
2026-06-28,2026-05-29,RFOF11.SA,RFOF11,64.48999786376953
2026-06-28,2026-05-29,RBLG11.SA,RBLG11,18.049999237060547
2026-06-28,2026-05-29,FIIP11.SA,FIIP11,133.02000427246094
2026-06-28,2026-05-29,RBRD11.SA,RBRD11,36.70000076293945
2026-06-28,2026-05-29,REME11.SA,REME11,78.5
2026-06-28,2026-05-29,RBTS11.SA,RBTS11,285.04998779296875
2026-06-28,2026-05-29,RCFF11.SA,RCFF11,73.01000213623047
2026-06-28,2026-05-29,RDLI11.SA,RDLI11,75.0
2026-06-28,2026-05-29,RPRI11.SA,RPRI11,80.48999786376953
2026-06-28,2026-05-29,TOPP11.SA,TOPP11,63.02000045776367
2026-06-28,2026-05-29,RINV11.SA,RINV11,107.80000305175781
2026-06-28,2026-05-29,RCRI11.SA,RCRI11,102.66999816894531
2026-06-28,2026-05-29,RECD11.SA,RECD11,7.050000190734863
2026-06-28,2026-05-29,RMBS11.SA,RMBS11,9.170000076293945
2026-06-28,2026-05-29,RECM11.SA,RECM11,7.309999942779541
2026-06-28,2026-05-29,RBHG11.SA,RBHG11,66.2699966430664
2026-06-28,2026-05-29,RBHY11.SA,RBHY11,77.20999908447266
2026-06-28,2026-05-29,RBFY11.SA,RBFY11,78.98999786376953
2026-06-28,2026-05-29,RBFM11.SA,RBFM11,10.640000343322754
2026-06-28,2026-05-29,RBOP11.SA,RBOP11,224.2899932861328
2026-06-28,2026-05-29,RCRB11.SA,RCRB11,141.49000549316406
2026-06-28,2026-05-29,RBRS11.SA,RBRS11,46.5
2026-06-28,2026-05-29,RBVA11.SA,RBVA11,9.630000114440918
2026-06-28,2026-05-29,RNGO11.SA,RNGO11,51.34000015258789
2026-06-28,2026-05-29,RZAK11.SA,RZAK11,83.69000244140625
2026-06-28,2026-05-29,RZAT11.SA,RZAT11,97.25
2026-06-28,2026-05-29,RZLC11.SA,RZLC11,1010.4199829101562
2026-06-28,2026-05-29,RJDA11.SA,RJDA11,115.0
2026-06-28,2026-05-29,SAPI11.SA,SAPI11,9.300000190734863
2026-06-28,2026-05-29,SCPF11.SA,SCPF11,2.8399999141693115
2026-06-28,2026-05-29,SEQR11.SA,SEQR11,52.04999923706055
2026-06-28,2026-05-29,SHPH11.SA,SHPH11,905.030029296875
2026-06-28,2026-05-29,SHPP11.SA,SHPP11,11.0
2026-06-28,2026-05-29,WPLZ11.SA,WPLZ11,48.7599983215332
2026-06-28,2026-05-29,REIT11.SA,REIT11,92.0
2026-06-28,2026-05-29,SJAU11.SA,SJAU11,4.039999961853027
2026-06-28,2026-05-29,SOLR11.SA,SOLR11,1051.3499755859375
2026-06-28,2026-05-29,SPTW11.SA,SPTW11,39.5
2026-06-28,2026-05-29,LTMT11.SA,LTMT11,93.77999877929688
2026-06-28,2026-05-29,DVLP11.SA,DVLP11,150.2899932861328
2026-06-28,2026-05-29,DVLT11.SA,DVLT11,103.41000366210938
2026-06-28,2026-05-29,PMFO11.SA,PMFO11,90.77999877929688
2026-06-28,2026-05-29,SPGM11.SA,SPGM11,13.359999656677246
2026-06-28,2026-05-29,SPXS11.SA,SPXS11,8.369999885559082
2026-06-28,2026-05-29,STYI11.SA,STYI11,1200.0
2026-06-28,2026-05-29,SNEL11.SA,SNEL11,8.5
2026-06-28,2026-05-29,SNFF11.SA,SNFF11,73.81999969482422
2026-06-28,2026-05-29,SNME11.SA,SNME11,9.5
2026-06-28,2026-05-29,SNCI11.SA,SNCI11,88.91999816894531
2026-06-28,2026-05-29,SPMO11.SA,SPMO11,120.0
2026-06-28,2026-05-29,TELM11.SA,TELM11,9.789999961853027
2026-06-28,2026-05-29,TEPP11.SA,TEPP11,8.680000305175781
2026-06-28,2026-05-29,TRBL11.SA,TRBL11,66.33000183105469
2026-06-28,2026-05-29,NAUI11.SA,NAUI11,1000.0
2026-06-28,2026-05-29,TRPL11.SA,TRPL11,1.0499999523162842
2026-06-28,2026-05-29,TVRI11.SA,TVRI11,92.91999816894531
2026-06-28,2026-05-29,VOTS11.SA,VOTS11,87.5
2026-06-28,2026-05-29,TJKB11.SA,TJKB11,251.3800048828125
2026-06-28,2026-05-29,TORD11.SA,TORD11,1.1699999570846558
2026-06-28,2026-05-29,TSNC11.SA,TSNC11,58.79999923706055
2026-06-28,2026-05-29,TRXY11.SA,TRXY11,8.649999618530273
2026-06-28,2026-05-29,TRXF11.SA,TRXF11,91.80000305175781
2026-06-28,2026-05-29,TRXB11.SA,TRXB11,180.0
2026-06-28,2026-05-29,MGHT11.SA,MGHT11,11.289999961853027
2026-06-28,2026-05-29,URHF11.SA,URHF11,65.0
2026-06-28,2026-05-29,URPR11.SA,URPR11,25.139999389648438
2026-06-28,2026-05-29,VVCO11.SA,VVCO11,9.539999961853027
2026-06-28,2026-05-29,VVMR11.SA,VVMR11,85.0
2026-06-28,2026-05-29,VPPR11.SA,VPPR11,21.1200008392334
2026-06-28,2026-05-29,VVCR11.SA,VVCR11,9.569999694824219
2026-06-28,2026-05-29,VVRI11.SA,VVRI11,86.0
2026-06-28,2026-05-29,VGIR11.SA,VGIR11,9.649999618530273
2026-06-28,2026-05-29,VGIP11.SA,VGIP11,80.69999694824219
2026-06-28,2026-05-29,VGII11.SA,VGII11,72.66999816894531
2026-06-28,2026-05-29,VGHF11.SA,VGHF11,6.230000019073486
2026-06-28,2026-05-29,VGRI11.SA,VGRI11,6.329999923706055
2026-06-28,2026-05-29,BLMO11.SA,BLMO11,86.70999908447266
2026-06-28,2026-05-29,VCJR11.SA,VCJR11,78.4800033569336
2026-06-28,2026-05-29,VSLH11.SA,VSLH11,1.6799999475479126
2026-06-28,2026-05-29,FVPQ11.SA,FVPQ11,64.5
2026-06-28,2026-05-29,VCRI11.SA,VCRI11,7.480000019073486
2026-06-28,2026-05-29,VIUR11.SA,VIUR11,2.5199999809265137
2026-06-28,2026-05-29,VILG11.SA,VILG11,96.18000030517578
2026-06-28,2026-05-29,VINO11.SA,VINO11,4.849999904632568
2026-06-28,2026-05-29,VISC11.SA,VISC11,107.08999633789062
2026-06-28,2026-05-29,SPDE11.SA,SPDE11,1266.6700439453125
2026-06-28,2026-05-29,WHGR11.SA,WHGR11,9.399999618530273
2026-06-28,2026-05-29,XLPR11.SA,XLPR11,68.51000213623047
2026-06-28,2026-05-29,XPCM11.SA,XPCM11,8.15999984741211
2026-06-28,2026-05-29,XPCI11.SA,XPCI11,85.52999877929688
2026-06-28,2026-05-29,XPLG11.SA,XPLG11,97.0
2026-06-28,2026-05-29,XPML11.SA,XPML11,107.0
2026-06-28,2026-05-29,XPSF11.SA,XPSF11,6.630000114440918
2026-06-28,2026-05-29,YUFI11.SA,YUFI11,15.0
2026-06-28,2026-05-29,ZAGH11.SA,ZAGH11,9.390000343322754
2026-06-28,2026-05-29,GGRC11.SA,GGRC11,10.149999618530273
2026-06-28,2026-05-29,ZAVC11.SA,ZAVC11,9.350000381469727
2026-06-28,2026-05-29,ZAVI11.SA,ZAVI11,9.779999732971191
2026-06-28,2026-05-29,ZIFI11.SA,ZIFI11,899.989990234375
2026-06-28,2026-05-29,AAGR11.SA,AAGR11,107.0
2026-06-28,2026-05-29,AAZQ11.SA,AAZQ11,8.039999961853027
2026-06-28,2026-05-29,BBGO11.SA,BBGO11,71.48999786376953
2026-06-28,2026-05-29,BRFT11.SA,BRFT11,89.0
2026-06-28,2026-05-29,BTAL11.SA,BTAL11,87.79000091552734
2026-06-28,2026-05-29,BTAG11.SA,BTAG11,112.06999969482422
2026-06-28,2026-05-29,BTRA11.SA,BTRA11,61.290000915527344
2026-06-28,2026-05-29,CPTR11.SA,CPTR11,8.149999618530273
2026-06-28,2026-05-29,DCRA11.SA,DCRA11,6.960000038146973
2026-06-28,2026-05-29,EGAF11.SA,EGAF11,89.80000305175781
2026-06-28,2026-05-29,FGAA11.SA,FGAA11,8.8100004196167
2026-06-28,2026-05-29,JGPX11.SA,JGPX11,65.7699966430664
2026-06-28,2026-06-26,AGRX11.SA,AGRX11,8.220000267028809
2026-06-28,2026-05-29,RZAG11.SA,RZAG11,8.979999542236328
2026-06-28,2026-05-29,GCRA11.SA,GCRA11,52.099998474121094
2026-06-28,2026-05-29,GRWA11.SA,GRWA11,7.619999885559082
2026-06-28,2026-05-29,HGAG11.SA,HGAG11,15.970000267028809
2026-06-28,2026-06-01,HGAG11.SA,HGAG11,15.970000267028809
2026-06-28,2026-06-02,HGAG11.SA,HGAG11,15.970000267028809
2026-06-28,2026-05-29,IAAG11.SA,IAAG11,8.369999885559082
2026-06-28,2026-05-29,RURA11.SA,RURA11,8.880000114440918
2026-06-28,2026-05-29,KDOL11.SA,KDOL11,84.48999786376953
2026-06-28,2026-05-29,KNCA11.SA,KNCA11,94.5
2026-06-28,2026-05-29,KOPA11.SA,KOPA11,393.0
2026-06-28,2026-05-29,LAFI11.SA,LAFI11,121.0
2026-06-28,2026-05-29,LSAG11.SA,LSAG11,75.75
2026-06-28,2026-05-29,NEXG11.SA,NEXG11,132.88999938964844
2026-06-28,2026-05-29,OIAG11.SA,OIAG11,8.90999984741211
2026-06-28,2026-05-29,PLCA11.SA,PLCA11,76.37000274658203
2026-06-28,2026-05-29,IAGR11.SA,IAGR11,4.320000171661377
2026-06-28,2026-05-29,CRAA11.SA,CRAA11,99.16000366210938
2026-06-28,2026-05-29,SNAG11.SA,SNAG11,10.479999542236328
2026-06-28,2026-05-29,SNFZ11.SA,SNFZ11,9.75
2026-06-28,2026-05-29,VGIA11.SA,VGIA11,9.710000038146973
2026-06-28,2026-05-29,VHFA11.SA,VHFA11,11.0
2026-06-28,2026-05-29,VCRA11.SA,VCRA11,63.220001220703125
2026-06-28,2026-05-29,XPCA11.SA,XPCA11,8.069999694824219
2026-06-30,2026-06-29,IFIX.SA,IFIX,3818.7099609375
2026-06-30,2026-06-29,JPRD11.SA,JPRD11,100.0
2026-06-30,2026-06-29,AGRX11.SA,AGRX11,8.300000190734863
2026-07-01,2026-06-30,IFIX.SA,IFIX,3830.590087890625
2026-07-01,2026-06-30,JPRD11.SA,JPRD11,100.0
2026-07-01,2026-06-30,AGRX11.SA,AGRX11,8.279999732971191
2026-07-01,2026-06-01,ADSH11.SA,ADSH11,10.699999809265137
2026-07-01,2026-06-01,AFHI11.SA,AFHI11,96.4000015258789
2026-07-01,2026-06-01,AFHF11.SA,AFHF11,9.989999771118164
2026-07-01,2026-06-01,AJFI11.SA,AJFI11,8.5
2026-07-01,2026-06-01,ALZC11.SA,ALZC11,7.460000038146973
2026-07-01,2026-06-01,ALZR11.SA,ALZR11,10.270000457763672
2026-07-01,2026-06-01,AURB11.SA,AURB11,81.0999984741211
2026-07-01,2026-06-01,APXM11.SA,APXM11,75.9800033569336
2026-07-01,2026-06-01,APXU11.SA,APXU11,94.48999786376953
2026-07-01,2026-06-01,AIEC11.SA,AIEC11,60.099998474121094
2026-07-01,2026-06-01,AVUR11.SA,AVUR11,96.45999908447266
2026-07-01,2026-06-01,AROA11.SA,AROA11,1.2599999904632568
2026-07-01,2026-06-01,EIRA11.SA,EIRA11,104.55000305175781
2026-07-01,2026-06-01,ARTE11.SA,ARTE11,7.900000095367432
2026-07-01,2026-06-01,ARXD11.SA,ARXD11,7.849999904632568
2026-07-01,2026-06-01,AZPL11.SA,AZPL11,7.650000095367432
2026-07-01,2026-06-01,BCRI11.SA,BCRI11,60.599998474121094
2026-07-01,2026-06-01,BNFS11.SA,BNFS11,41.09000015258789
2026-07-01,2026-06-01,BTML11.SA,BTML11,111.27999877929688
2026-07-01,2026-06-01,BBFO11.SA,BBFO11,70.45999908447266
2026-07-01,2026-06-01,BBIG11.SA,BBIG11,6.619999885559082
2026-07-01,2026-06-01,BBRC11.SA,BBRC11,105.45999908447266
2026-07-01,2026-06-01,BFCC11.SA,BFCC11,103.51000213623047
2026-07-01,2026-06-01,BGRB11.SA,BGRB11,115.15316772460938
2026-07-01,2026-06-01,BLOG11.SA,BLOG11,6.659999847412109
2026-07-01,2026-06-01,BLMG11.SA,BLMG11,31.59000015258789
2026-07-01,2026-06-01,BMLC11.SA,BMLC11,102.4000015258789
2026-07-01,2026-06-01,BCIA11.SA,BCIA11,89.9000015258789
2026-07-01,2026-06-01,BVAR11.SA,BVAR11,1260.8900146484375
2026-07-01,2026-06-01,CARE11.SA,CARE11,3.119999885559082
2026-07-01,2026-06-01,FATN11.SA,FATN11,84.62999725341797
2026-07-01,2026-06-01,BRCO11.SA,BRCO11,117.4000015258789
2026-07-01,2026-06-01,BICE11.SA,BICE11,764.1599731445312
2026-07-01,2026-06-01,BIME11.SA,BIME11,5.570000171661377
2026-07-01,2026-06-01,BRIM11.SA,BRIM11,95.0
2026-07-01,2026-06-01,BRIP11.SA,BRIP11,365.5
2026-07-01,2026-06-01,BIPD11.SA,BIPD11,989.3300170898438
2026-07-01,2026-06-01,BIPE11.SA,BIPE11,1000.0
2026-07-01,2026-06-01,BROF11.SA,BROF11,54.5
2026-07-01,2026-06-01,LLAO11.SA,LLAO11,57.20000076293945
2026-07-01,2026-06-01,BTHI11.SA,BTHI11,44.790000915527344
2026-07-01,2026-06-01,BRCR11.SA,BRCR11,44.79999923706055
2026-07-01,2026-06-01,BTCI11.SA,BTCI11,9.229999542236328
2026-07-01,2026-06-01,BTLG11.SA,BTLG11,103.91999816894531
2026-07-01,2026-06-01,BTHF11.SA,BTHF11,9.329999923706055
2026-07-01,2026-06-01,HSRE11.SA,HSRE11,83.83000183105469
2026-07-01,2026-06-01,BPML11.SA,BPML11,89.19999694824219
2026-07-01,2026-06-01,BTYU11.SA,BTYU11,7.559999942779541
2026-07-01,2026-06-01,BTWR11.SA,BTWR11,91.63999938964844
2026-07-01,2026-06-01,BTSI11.SA,BTSI11,110.0
2026-07-01,2026-06-01,CXCO11.SA,CXCO11,67.87999725341797
2026-07-01,2026-06-01,CRFF11.SA,CRFF11,76.19999694824219
2026-07-01,2026-06-01,CXRI11.SA,CXRI11,64.6500015258789
2026-07-01,2026-06-01,CCME11.SA,CCME11,8.800000190734863
2026-07-01,2026-06-01,CCVA11.SA,CCVA11,100.06999969482422
2026-07-01,2026-06-01,CPUR11.SA,CPUR11,10.34000015258789
2026-07-01,2026-06-01,CPLG11.SA,CPLG11,11.229999542236328
2026-07-01,2026-06-01,CPOF11.SA,CPOF11,113.5
2026-07-01,2026-06-01,CPTS11.SA,CPTS11,7.630000114440918
2026-07-01,2026-06-01,CPSH11.SA,CPSH11,10.220000267028809
2026-07-01,2026-06-01,CACR11.SA,CACR11,26.0
2026-07-01,2026-06-01,CBOP11.SA,CBOP11,29.25
2026-07-01,2026-06-01,BLCA11.SA,BLCA11,99.51000213623047
2026-07-01,2026-06-01,CNES11.SA,CNES11,1.409999966621399
2026-07-01,2026-06-01,CTXT11.SA,CTXT11,5.159999847412109
2026-07-01,2026-06-01,CENU11.SA,CENU11,100.0
2026-07-01,2026-06-01,CFII11.SA,CFII11,615.0
2026-07-01,2026-06-01,CJCT11.SA,CJCT11,65.98999786376953
2026-07-01,2026-06-01,CIXF11.SA,CIXF11,114.5199966430664
2026-07-01,2026-06-01,PDBM11.SA,PDBM11,115.0
2026-07-01,2026-06-01,CLIN11.SA,CLIN11,92.04000091552734
2026-07-01,2026-06-01,RENV11.SA,RENV11,6.230000019073486
2026-07-01,2026-06-01,IBCR11.SA,IBCR11,49.5099983215332
2026-07-01,2026-06-01,CYCR11.SA,CYCR11,8.859999656677246
2026-07-01,2026-06-01,CYLD11.SA,CYLD11,131.4499969482422
2026-07-01,2026-06-01,DAMA11.SA,DAMA11,6.610000133514404
2026-07-01,2026-06-01,DAYM11.SA,DAYM11,4.019999980926514
2026-07-01,2026-06-01,ASRF11.SA,ASRF11,10974.0
2026-07-01,2026-06-01,DPRO11.SA,DPRO11,5.25
2026-07-01,2026-06-01,DEVA11.SA,DEVA11,18.59000015258789
2026-07-01,2026-06-01,DAMT11.SA,DAMT11,11.760000228881836
2026-07-01,2026-06-01,DOVL11.SA,DOVL11,583.0399780273438
2026-07-01,2026-06-01,EDGE11.SA,EDGE11,1050.0
2026-07-01,2026-06-01,EMET11.SA,EMET11,8.680000305175781
2026-07-01,2026-06-01,EGYR11.SA,EGYR11,2.9800000190734863
2026-07-01,2026-06-01,EQIR11.SA,EQIR11,8.539999961853027
2026-07-01,2026-06-01,ERPA11.SA,ERPA11,129.8800048828125
2026-07-01,2026-06-01,KEVE11.SA,KEVE11,521.0
2026-07-01,2026-06-01,EXES11.SA,EXES11,9.600000381469727
2026-07-01,2026-06-01,FLCR11.SA,FLCR11,94.0
2026-07-01,2026-06-01,VRTA11.SA,VRTA11,75.76000213623047
2026-07-01,2026-06-01,VRTM11.SA,VRTM11,7.099999904632568
2026-07-01,2026-06-01,FLMA11.SA,FLMA11,157.22000122070312
2026-07-01,2026-06-01,EGDB11.SA,EGDB11,1251.550048828125
2026-07-01,2026-06-01,ELDO11.SA,ELDO11,928.5471801757812
2026-07-01,2026-06-01,EURO11.SA,EURO11,344.989990234375
2026-07-01,2026-06-01,HYPI11.SA,HYPI11,181.5
2026-07-01,2026-06-01,HRES11.SA,HRES11,145.4499969482422
2026-07-01,2026-06-01,FIIB11.SA,FIIB11,454.8299865722656
2026-07-01,2026-06-01,FMOF11.SA,FMOF11,35.0
2026-07-01,2026-06-01,ALMI11.SA,ALMI11,638.510009765625
2026-07-01,2026-06-01,KFOF11.SA,KFOF11,79.8499984741211
2026-07-01,2026-06-01,DVFF11.SA,DVFF11,5.380000114440918
2026-07-01,2026-06-01,ANCR11.SA,ANCR11,411.0
2026-07-01,2026-06-01,FAED11.SA,FAED11,151.97000122070312
2026-07-01,2026-06-01,FCFL11.SA,FCFL11,123.0
2026-07-01,2026-06-01,CEOC11.SA,CEOC11,41.61000061035156
2026-07-01,2026-06-01,FAMB11.SA,FAMB11,910.010009765625
2026-07-01,2026-06-01,EDGA11.SA,EDGA11,13.270000457763672
2026-07-01,2026-06-01,FYTO11.SA,FYTO11,8.550000190734863
2026-07-01,2026-06-01,HCRI11.SA,HCRI11,273.510009765625
2026-07-01,2026-06-01,NSLU11.SA,NSLU11,175.4600067138672
2026-07-01,2026-06-01,MAXR11.SA,MAXR11,58.0
2026-07-01,2026-06-01,PQDP11.SA,PQDP11,2598.989990234375
2026-07-01,2026-06-01,RBRI11.SA,RBRI11,600.0
2026-07-01,2026-06-01,RDIV11.SA,RDIV11,86.0
2026-07-01,2026-06-01,RBRR11.SA,RBRR11,83.0
2026-07-01,2026-06-01,RECR11.SA,RECR11,82.70999908447266
2026-07-01,2026-06-01,RECT11.SA,RECT11,35.91999816894531
2026-07-01,2026-06-01,SHDP11.SA,SHDP11,1210.050048828125
2026-07-01,2026-06-01,TRNT11.SA,TRNT11,113.88999938964844
2026-07-01,2026-06-01,APXR11.SA,APXR11,99.98999786376953
2026-07-01,2026-06-01,CXAG11.SA,CXAG11,75.33999633789062
2026-07-01,2026-06-01,CXCI11.SA,CXCI11,69.75
2026-07-01,2026-06-01,CXCE11.SA,CXCE11,40.7400016784668
2026-07-01,2026-06-01,CXTL11.SA,CXTL11,330.0199890136719
2026-07-01,2026-06-01,LKDV11.SA,LKDV11,1081.9300537109375
2026-07-01,2026-06-01,EDFO11.SA,EDFO11,132.5500030517578
2026-07-01,2026-06-01,NVHO11.SA,NVHO11,11.989999771118164
2026-07-01,2026-06-01,GTWR11.SA,GTWR11,80.0999984741211
2026-07-01,2026-06-01,HBCR11.SA,HBCR11,146.0
2026-07-01,2026-06-01,HUCG11.SA,HUCG11,91.01000213623047
2026-07-01,2026-06-01,HUSC11.SA,HUSC11,96.01000213623047
2026-07-01,2026-06-01,HOSI11.SA,HOSI11,79.1500015258789
2026-07-01,2026-06-01,BLUE11.SA,BLUE11,143.00999450683594
2026-07-01,2026-06-01,MMPD11.SA,MMPD11,110.61000061035156
2026-07-01,2026-06-01,MCCI11.SA,MCCI11,95.05999755859375
2026-07-01,2026-06-01,WTSP11.SA,WTSP11,65.0
2026-07-01,2026-06-01,PABY11.SA,PABY11,19.5
2026-07-01,2026-06-01,RBRP11.SA,RBRP11,51.79999923706055
2026-07-01,2026-06-01,FPNG11.SA,FPNG11,480.0
2026-07-01,2026-06-01,VTPL11.SA,VTPL11,65.9000015258789
2026-07-01,2026-06-01,VPSI11.SA,VPSI11,22.3799991607666
2026-07-01,2026-06-01,RBRY11.SA,RBRY11,93.94999694824219
2026-07-01,2026-06-01,RELG11.SA,RELG11,65.48999786376953
2026-07-01,2026-06-01,RRES11.SA,RRES11,10.0
2026-07-01,2026-06-02,RRES11.SA,RRES11,10.0
2026-07-01,2026-06-03,RRES11.SA,RRES11,10.0
2026-07-01,2026-06-05,RRES11.SA,RRES11,10.0
2026-07-01,2026-06-08,RRES11.SA,RRES11,10.0
2026-07-01,2026-06-01,RZTR11.SA,RZTR11,89.5
2026-07-01,2026-06-01,ROOF11.SA,ROOF11,350.0
2026-07-01,2026-06-01,HOMS11.SA,HOMS11,128.99000549316406
2026-07-01,2026-06-01,FISC11.SA,FISC11,61.65999984741211
2026-07-01,2026-06-01,SAIC11.SA,SAIC11,34.040000915527344
2026-07-01,2026-06-01,SMRE11.SA,SMRE11,59.61000061035156
2026-07-01,2026-06-01,TGAR11.SA,TGAR11,57.5
2026-07-01,2026-06-01,TRCO11.SA,TRCO11,10.199999809265137
2026-07-01,2026-06-01,TRUE11.SA,TRUE11,24.040000915527344
2026-07-01,2026-06-01,LVBI11.SA,LVBI11,105.72000122070312
2026-07-01,2026-06-01,PVBI11.SA,PVBI11,72.41000366210938
2026-07-01,2026-06-01,VERE11.SA,VERE11,445.760009765625
2026-07-01,2026-06-01,FIVN11.SA,FIVN11,3.1500000953674316
2026-07-01,2026-06-01,VSHO11.SA,VSHO11,74.27999877929688
2026-07-01,2026-06-01,BMLT11.SA,BMLT11,109.0
2026-07-01,2026-06-01,BSLT11.SA,BSLT11,76.0
2026-07-01,2026-06-01,GCDL11.SA,GCDL11,122.88999938964844
2026-07-01,2026-06-01,GSRF11.SA,GSRF11,111.83000183105469
2026-07-01,2026-06-01,GFDL11.SA,GFDL11,116.11000061035156
2026-07-01,2026-06-01,GLPF11.SA,GLPF11,108.26000213623047
2026-07-01,2026-06-01,GLCR11.SA,GLCR11,100.0
2026-07-01,2026-06-01,GCRI11.SA,GCRI11,68.0999984741211
2026-07-01,2026-06-01,GCOI11.SA,GCOI11,72.87000274658203
2026-07-01,2026-06-01,GZIT11.SA,GZIT11,41.79999923706055
2026-07-01,2026-06-01,FIGS11.SA,FIGS11,50.63999938964844
2026-07-01,2026-06-01,GSFI11.SA,GSFI11,11.279999732971191
2026-07-01,2026-06-01,VXXV11.SA,VXXV11,762.0
2026-07-01,2026-06-01,GLOG11.SA,GLOG11,73.69000244140625
2026-07-01,2026-06-01,ABCP11.SA,ABCP11,76.5999984741211
2026-07-01,2026-06-01,RCFA11.SA,RCFA11,0.9399999976158142
2026-07-01,2026-06-01,GAME11.SA,GAME11,8.960000038146973
2026-07-01,2026-06-01,GARE11.SA,GARE11,8.239999771118164
2026-07-01,2026-06-01,HABT11.SA,HABT11,71.12999725341797
2026-07-01,2026-06-01,AERO11.SA,AERO11,100.01000213623047
2026-07-01,2026-06-01,HCTR11.SA,HCTR11,16.709999084472656
2026-07-01,2026-06-01,HCST11.SA,HCST11,79.13999938964844
2026-07-01,2026-06-01,HCHG11.SA,HCHG11,80.0
2026-07-01,2026-06-01,HAAA11.SA,HAAA11,56.279998779296875
2026-07-01,2026-06-01,ATSA11.SA,ATSA11,59.0
2026-07-01,2026-06-01,HGBL11.SA,HGBL11,9.199999809265137
2026-07-01,2026-06-01,HGBS11.SA,HGBS11,19.989999771118164
2026-07-01,2026-06-01,HDEL11.SA,HDEL11,5.010000228881836
2026-07-01,2026-06-01,FLRP11.SA,FLRP11,20.6200008392334
2026-07-01,2026-06-01,HJCT11.SA,HJCT11,115.5
2026-07-01,2026-06-01,HLOG11.SA,HLOG11,9.149999618530273
2026-07-01,2026-06-01,HOFC11.SA,HOFC11,33.08000183105469
2026-07-01,2026-06-01,HDOF11.SA,HDOF11,91.0
2026-07-01,2026-06-01,HRDF11.SA,HRDF11,6.400000095367432
2026-07-01,2026-06-01,HREC11.SA,HREC11,8.550000190734863
2026-07-01,2026-06-01,SEED11.SA,SEED11,100.0
2026-07-01,2026-06-01,HPDP11.SA,HPDP11,87.23999786376953
2026-07-01,2026-06-01,HFOF11.SA,HFOF11,6.639999866485596
2026-07-01,2026-06-01,YEES11.SA,YEES11,102.0
2026-07-01,2026-06-01,HGIC11.SA,HGIC11,57.88999938964844
2026-07-01,2026-06-01,HILG11.SA,HILG11,186.80999755859375
2026-07-01,2026-06-01,HTMX11.SA,HTMX11,133.67999267578125
2026-07-01,2026-06-01,HSAF11.SA,HSAF11,81.08999633789062
2026-07-01,2026-06-01,HSLG11.SA,HSLG11,88.80000305175781
2026-07-01,2026-06-01,HSML11.SA,HSML11,90.83999633789062
2026-07-01,2026-06-01,HUSI11.SA,HUSI11,1049.0
2026-07-01,2026-06-01,GRUL11.SA,GRUL11,8.520000457763672
2026-07-01,2026-06-01,ICNE11.SA,ICNE11,639.0900268554688
2026-07-01,2026-06-01,IMMB11.SA,IMMB11,170.0
2026-07-01,2026-06-01,INDE11.SA,INDE11,80.0
2026-07-01,2026-06-01,INLG11.SA,INLG11,66.77999877929688
2026-07-01,2026-06-01,INRD11.SA,INRD11,75.33000183105469
2026-07-01,2026-06-01,ITIP11.SA,ITIP11,68.0
2026-07-01,2026-06-01,ITIT11.SA,ITIT11,76.25
2026-07-01,2026-06-01,IBBP11.SA,IBBP11,7.929999828338623
2026-07-01,2026-06-01,XPIN11.SA,XPIN11,63.400001525878906
2026-07-01,2026-06-01,IRIM11.SA,IRIM11,68.22000122070312
2026-07-01,2026-06-01,ICRI11.SA,ICRI11,95.43000030517578
2026-07-01,2026-06-01,TMPS11.SA,TMPS11,76.94000244140625
2026-07-01,2026-06-01,ITRI11.SA,ITRI11,82.05999755859375
2026-07-01,2026-06-01,JASC11.SA,JASC11,100.0
2026-07-01,2026-06-01,VJFD11.SA,VJFD11,126.95999908447266
2026-07-01,2026-06-01,JFLL11.SA,JFLL11,58.29999923706055
2026-07-01,2026-06-01,JCCJ11.SA,JCCJ11,154.7100067138672
2026-07-01,2026-06-01,JPPA11.SA,JPPA11,86.08999633789062
2026-07-01,2026-06-01,JSAF11.SA,JSAF11,7.5
2026-07-01,2026-06-01,JSRE11.SA,JSRE11,60.77000045776367
2026-07-01,2026-06-01,JSCR11.SA,JSCR11,8.350000381469727
2026-07-01,2026-06-01,KISU11.SA,KISU11,6.699999809265137
2026-07-01,2026-06-01,KIVO11.SA,KIVO11,60.650001525878906
2026-07-01,2026-06-01,KCRE11.SA,KCRE11,9.279999732971191
2026-07-01,2026-06-01,KFEN11.SA,KFEN11,1100.0
2026-07-01,2026-06-01,KNHF11.SA,KNHF11,97.0199966430664
2026-07-01,2026-06-01,KNHY11.SA,KNHY11,100.1500015258789
2026-07-01,2026-06-01,KNRE11.SA,KNRE11,0.33000001311302185
2026-07-01,2026-06-01,KNIP11.SA,KNIP11,91.70999908447266
2026-07-01,2026-06-01,KORE11.SA,KORE11,66.91000366210938
2026-07-01,2026-06-01,KNRI11.SA,KNRI11,158.00999450683594
2026-07-01,2026-06-01,KNCR11.SA,KNCR11,105.41999816894531
2026-07-01,2026-06-01,KNSC11.SA,KNSC11,9.09000015258789
2026-07-01,2026-06-01,KNUQ11.SA,KNUQ11,103.25
2026-07-01,2026-06-01,LMAI11.SA,LMAI11,36.97999954223633
2026-07-01,2026-06-01,LPLP11.SA,LPLP11,210.0
2026-07-01,2026-06-01,LRED11.SA,LRED11,12.0
2026-07-01,2026-06-01,LSOI11.SA,LSOI11,12.020000457763672
2026-07-01,2026-06-01,LSOP11.SA,LSOP11,10.600000381469727
2026-07-01,2026-06-01,LRDI11.SA,LRDI11,118.5
2026-07-01,2026-06-01,LASC11.SA,LASC11,112.0
2026-07-01,2026-06-01,LIFE11.SA,LIFE11,8.039999961853027
2026-07-01,2026-06-01,MAGM11.SA,MAGM11,10.0
2026-07-01,2026-06-01,MANA11.SA,MANA11,9.15999984741211
2026-07-01,2026-06-01,MMVE11.SA,MMVE11,147.0
2026-07-01,2026-06-01,MCLO11.SA,MCLO11,10.25
2026-07-01,2026-06-01,MCRE11.SA,MCRE11,9.15999984741211
2026-07-01,2026-06-01,MXRF11.SA,MXRF11,9.850000381469727
2026-07-01,2026-06-01,MCEM11.SA,MCEM11,33.4900016784668
2026-07-01,2026-06-01,MFII11.SA,MFII11,49.70000076293945
2026-07-01,2026-06-01,MIDW11.SA,MIDW11,10.699999809265137
2026-07-01,2026-06-01,NCRI11.SA,NCRI11,8.539999961853027
2026-07-01,2026-06-01,NAVT11.SA,NAVT11,75.68000030517578
2026-07-01,2026-06-01,APTO11.SA,APTO11,8.300000190734863
2026-07-01,2026-06-01,NEWL11.SA,NEWL11,110.0
2026-07-01,2026-06-01,NEWU11.SA,NEWU11,112.19000244140625
2026-07-01,2026-06-01,NMKS11.SA,NMKS11,1052.260009765625
2026-07-01,2026-06-01,OCRE11.SA,OCRE11,77.48999786376953
2026-07-01,2026-06-01,ONDA11.SA,ONDA11,8.149999618530273
2026-07-01,2026-06-01,ARRI11.SA,ARRI11,4.860000133514404
2026-07-01,2026-06-01,OBAL11.SA,OBAL11,1095.0
2026-07-01,2026-06-01,FTCE11.SA,FTCE11,2914.89990234375
2026-07-01,2026-06-01,OUJP11.SA,OUJP11,87.5199966430664
2026-07-01,2026-06-01,OXRL11.SA,OXRL11,129.47999572753906
2026-07-01,2026-06-01,PNDL11.SA,PNDL11,160.0
2026-07-01,2026-06-01,PNPR11.SA,PNPR11,48.0
2026-07-01,2026-06-01,PNRC11.SA,PNRC11,61.0
2026-07-01,2026-06-01,PMIS11.SA,PMIS11,7.849999904632568
2026-07-01,2026-06-01,PQAG11.SA,PQAG11,56.4900016784668
2026-07-01,2026-06-01,PATA11.SA,PATA11,10.050000190734863
2026-07-01,2026-06-01,PCIP11.SA,PCIP11,83.54000091552734
2026-07-01,2026-06-01,PATC11.SA,PATC11,38.59000015258789
2026-07-01,2026-06-01,HGRE11.SA,HGRE11,129.38999938964844
2026-07-01,2026-06-01,HGLG11.SA,HGLG11,154.64999389648438
2026-07-01,2026-06-01,PLAG11.SA,PLAG11,61.959999084472656
2026-07-01,2026-06-01,PATL11.SA,PATL11,64.1500015258789
2026-07-01,2026-06-01,RBRL11.SA,RBRL11,81.29000091552734
2026-07-01,2026-06-01,PMLL11.SA,PMLL11,105.6500015258789
2026-07-01,2026-06-01,RBRX11.SA,RBRX11,8.4399995803833
2026-07-01,2026-06-01,HGPO11.SA,HGPO11,153.4199981689453
2026-07-01,2026-06-01,HGCR11.SA,HGCR11,95.62999725341797
2026-07-01,2026-06-01,VCRR11.SA,VCRR11,58.43000030517578
2026-07-01,2026-06-01,HGRU11.SA,HGRU11,128.5
2026-07-01,2026-06-01,PSEC11.SA,PSEC11,59.16999816894531
2026-07-01,2026-06-01,TOPP11.SA,TOPP11,62.70000076293945
2026-07-01,2026-06-01,PEMA11.SA,PEMA11,30.0
2026-07-01,2026-06-01,PMRL11.SA,PMRL11,106.66000366210938
2026-07-01,2026-06-01,PRSN11.SA,PRSN11,6.010000228881836
2026-07-01,2026-06-01,PORD11.SA,PORD11,8.25
2026-07-01,2026-06-01,PLRI11.SA,PLRI11,6.909999847412109
2026-07-01,2026-06-01,PRSV11.SA,PRSV11,30.06999969482422
2026-07-01,2026-06-01,TSER11.SA,TSER11,108.0
2026-07-01,2026-06-01,FPAB11.SA,FPAB11,200.0
2026-07-01,2026-06-01,RZZV11.SA,RZZV11,1050.0
2026-07-01,2026-06-01,RZZI11.SA,RZZI11,1000.0
2026-07-01,2026-06-01,RZZR11.SA,RZZR11,131.89999389648438
2026-07-01,2026-06-01,RBDS11.SA,RBDS11,2.0
2026-07-01,2026-06-01,RSPD11.SA,RSPD11,740.0
2026-07-01,2026-06-01,RBIR11.SA,RBIR11,78.18000030517578
2026-07-01,2026-06-01,RFOF11.SA,RFOF11,64.48999786376953
2026-07-01,2026-06-01,RBLG11.SA,RBLG11,18.049999237060547
2026-07-01,2026-06-01,FIIP11.SA,FIIP11,131.60000610351562
2026-07-01,2026-06-01,RBRD11.SA,RBRD11,36.349998474121094
2026-07-01,2026-06-01,REME11.SA,REME11,77.5
2026-07-01,2026-06-01,RBTS11.SA,RBTS11,285.04998779296875
2026-07-01,2026-06-01,RCFF11.SA,RCFF11,73.01000213623047
2026-07-01,2026-06-01,RDLI11.SA,RDLI11,67.0
2026-07-01,2026-06-01,RPRI11.SA,RPRI11,79.80999755859375
2026-07-01,2026-06-01,RINV11.SA,RINV11,108.05999755859375
2026-07-01,2026-06-01,RCRI11.SA,RCRI11,102.8499984741211
2026-07-01,2026-06-01,RECD11.SA,RECD11,7.070000171661377
2026-07-01,2026-06-01,RMBS11.SA,RMBS11,8.670000076293945
2026-07-01,2026-06-01,RECM11.SA,RECM11,7.300000190734863
2026-07-01,2026-06-01,RBHG11.SA,RBHG11,65.9000015258789
2026-07-01,2026-06-01,RBHY11.SA,RBHY11,75.94000244140625
2026-07-01,2026-06-01,RBFY11.SA,RBFY11,75.0
2026-07-01,2026-06-01,RBFM11.SA,RBFM11,10.529999732971191
2026-07-01,2026-06-01,RBOP11.SA,RBOP11,222.94000244140625
2026-07-01,2026-06-01,RCRB11.SA,RCRB11,140.5500030517578
2026-07-01,2026-06-01,RBRS11.SA,RBRS11,43.150001525878906
2026-07-01,2026-06-01,RBVA11.SA,RBVA11,9.470000267028809
2026-07-01,2026-06-01,RNGO11.SA,RNGO11,50.779998779296875
2026-07-01,2026-06-01,RZAK11.SA,RZAK11,83.41000366210938
2026-07-01,2026-06-01,RZAT11.SA,RZAT11,97.5
2026-07-01,2026-06-01,RZLC11.SA,RZLC11,1010.4199829101562
2026-07-01,2026-06-01,RJDA11.SA,RJDA11,115.0
2026-07-01,2026-06-01,SAPI11.SA,SAPI11,9.079999923706055
2026-07-01,2026-06-01,SCPF11.SA,SCPF11,2.799999952316284
2026-07-01,2026-06-01,SEQR11.SA,SEQR11,51.93000030517578
2026-07-01,2026-06-01,SHPH11.SA,SHPH11,917.7999877929688
2026-07-01,2026-06-01,SHPP11.SA,SHPP11,11.0
2026-07-01,2026-06-01,WPLZ11.SA,WPLZ11,47.83000183105469
2026-07-01,2026-06-01,REIT11.SA,REIT11,92.0
2026-07-01,2026-06-01,SJAU11.SA,SJAU11,4.039999961853027
2026-07-01,2026-06-01,SOLR11.SA,SOLR11,1051.3499755859375
2026-07-01,2026-06-01,SPTW11.SA,SPTW11,38.75
2026-07-01,2026-06-01,LTMT11.SA,LTMT11,93.77999877929688
2026-07-01,2026-06-01,DVLP11.SA,DVLP11,150.2899932861328
2026-07-01,2026-06-01,DVLT11.SA,DVLT11,103.41000366210938
2026-07-01,2026-06-01,PMFO11.SA,PMFO11,90.77999877929688
2026-07-01,2026-06-01,SPGM11.SA,SPGM11,13.359999656677246
2026-07-01,2026-06-01,SPXS11.SA,SPXS11,8.4399995803833
2026-07-01,2026-06-01,STYI11.SA,STYI11,1180.0
2026-07-01,2026-06-01,SNEL11.SA,SNEL11,8.5
2026-07-01,2026-06-01,SNFF11.SA,SNFF11,74.7699966430664
2026-07-01,2026-06-01,SNME11.SA,SNME11,9.399999618530273
2026-07-01,2026-06-01,SNCI11.SA,SNCI11,87.91000366210938
2026-07-01,2026-06-01,SPMO11.SA,SPMO11,120.0
2026-07-01,2026-06-01,TELM11.SA,TELM11,9.779999732971191
2026-07-01,2026-06-01,TEPP11.SA,TEPP11,8.479999542236328
2026-07-01,2026-06-01,TRBL11.SA,TRBL11,63.150001525878906
2026-07-01,2026-06-01,NAUI11.SA,NAUI11,1000.0
2026-07-01,2026-06-01,TRPL11.SA,TRPL11,1.0499999523162842
2026-07-01,2026-06-01,TVRI11.SA,TVRI11,91.38999938964844
2026-07-01,2026-06-01,VOTS11.SA,VOTS11,88.0
2026-07-01,2026-06-01,TJKB11.SA,TJKB11,250.1699981689453
2026-07-01,2026-06-01,TORD11.SA,TORD11,1.159999966621399
2026-07-01,2026-06-01,TSNC11.SA,TSNC11,58.79999923706055
2026-07-01,2026-06-01,TRXY11.SA,TRXY11,8.449999809265137
2026-07-01,2026-06-01,TRXF11.SA,TRXF11,90.62999725341797
2026-07-01,2026-06-01,TRXB11.SA,TRXB11,180.0
2026-07-01,2026-06-01,MGHT11.SA,MGHT11,11.149999618530273
2026-07-01,2026-06-01,URHF11.SA,URHF11,64.0
2026-07-01,2026-06-01,URPR11.SA,URPR11,23.799999237060547
2026-07-01,2026-06-01,VVCO11.SA,VVCO11,9.640000343322754
2026-07-01,2026-06-01,VVMR11.SA,VVMR11,85.0
2026-07-01,2026-06-01,VPPR11.SA,VPPR11,21.1200008392334
2026-07-01,2026-06-01,VVCR11.SA,VVCR11,9.579999923706055
2026-07-01,2026-06-01,VVRI11.SA,VVRI11,86.0
2026-07-01,2026-06-01,VGIR11.SA,VGIR11,9.630000114440918
2026-07-01,2026-06-01,VGIP11.SA,VGIP11,80.7300033569336
2026-07-01,2026-06-01,VGII11.SA,VGII11,72.66999816894531
2026-07-01,2026-06-01,VGHF11.SA,VGHF11,6.03000020980835
2026-07-01,2026-06-01,VGRI11.SA,VGRI11,6.139999866485596
2026-07-01,2026-06-01,BLMO11.SA,BLMO11,86.70999908447266
2026-07-01,2026-06-01,VCJR11.SA,VCJR11,77.1500015258789
2026-07-01,2026-06-01,VSLH11.SA,VSLH11,1.6799999475479126
2026-07-01,2026-06-01,FVPQ11.SA,FVPQ11,63.150001525878906
2026-07-01,2026-06-01,VCRI11.SA,VCRI11,7.389999866485596
2026-07-01,2026-06-01,VIUR11.SA,VIUR11,2.5199999809265137
2026-07-01,2026-06-01,VILG11.SA,VILG11,95.62999725341797
2026-07-01,2026-06-01,VINO11.SA,VINO11,4.690000057220459
2026-07-01,2026-06-01,VISC11.SA,VISC11,106.54000091552734
2026-07-01,2026-06-01,SPDE11.SA,SPDE11,1266.6700439453125
2026-07-01,2026-06-01,WHGR11.SA,WHGR11,9.25
2026-07-01,2026-06-01,XLPR11.SA,XLPR11,70.6500015258789
2026-07-01,2026-06-01,XPCM11.SA,XPCM11,8.170000076293945
2026-07-01,2026-06-01,XPCI11.SA,XPCI11,83.62999725341797
2026-07-01,2026-06-01,XPLG11.SA,XPLG11,95.9000015258789
2026-07-01,2026-06-01,XPML11.SA,XPML11,106.41999816894531
2026-07-01,2026-06-01,XPSF11.SA,XPSF11,6.460000038146973
2026-07-01,2026-06-01,YUFI11.SA,YUFI11,15.0
2026-07-01,2026-06-01,ZAGH11.SA,ZAGH11,9.390000343322754
2026-07-01,2026-06-01,GGRC11.SA,GGRC11,10.029999732971191
2026-07-01,2026-06-01,ZAVC11.SA,ZAVC11,9.350000381469727
2026-07-01,2026-06-01,ZAVI11.SA,ZAVI11,9.550000190734863
2026-07-01,2026-06-01,ZIFI11.SA,ZIFI11,899.989990234375
2026-07-01,2026-06-01,AAGR11.SA,AAGR11,107.01000213623047
2026-07-01,2026-06-01,AAZQ11.SA,AAZQ11,7.369999885559082
2026-07-01,2026-06-01,BBGO11.SA,BBGO11,70.20999908447266
2026-07-01,2026-06-01,BRFT11.SA,BRFT11,89.30000305175781
2026-07-01,2026-06-01,BTAL11.SA,BTAL11,87.9000015258789
2026-07-01,2026-06-01,BTAG11.SA,BTAG11,112.41999816894531
2026-07-01,2026-06-01,BTRA11.SA,BTRA11,60.0
2026-07-01,2026-06-01,CTEM11.SA,CTEM11,7.480000019073486
2026-07-01,2026-06-02,CTEM11.SA,CTEM11,7.480000019073486
2026-07-01,2026-06-03,CTEM11.SA,CTEM11,7.480000019073486
2026-07-01,2026-06-05,CTEM11.SA,CTEM11,7.480000019073486
2026-07-01,2026-06-01,CPTR11.SA,CPTR11,8.199999809265137
2026-07-01,2026-06-01,DCRA11.SA,DCRA11,6.989999771118164
2026-07-01,2026-06-01,EGAF11.SA,EGAF11,89.63999938964844
2026-07-01,2026-06-01,FGAA11.SA,FGAA11,8.800000190734863
2026-07-01,2026-06-01,JGPX11.SA,JGPX11,63.93000030517578
2026-07-01,2026-06-01,RZAG11.SA,RZAG11,8.789999961853027
2026-07-01,2026-06-01,FTCA11.SA,FTCA11,8.65999984741211
2026-07-01,2026-06-01,GCRA11.SA,GCRA11,52.900001525878906
2026-07-01,2026-06-01,GRWA11.SA,GRWA11,7.610000133514404
2026-07-01,2026-06-01,IAAG11.SA,IAAG11,8.300000190734863
2026-07-01,2026-06-01,RURA11.SA,RURA11,8.770000457763672
2026-07-01,2026-06-01,KDOL11.SA,KDOL11,83.98999786376953
2026-07-01,2026-06-01,KNCA11.SA,KNCA11,92.80999755859375
2026-07-01,2026-06-01,KOPA11.SA,KOPA11,388.1700134277344
2026-07-01,2026-06-01,LAFI11.SA,LAFI11,122.91999816894531
2026-07-01,2026-06-02,LAFI11.SA,LAFI11,122.91999816894531
2026-07-01,2026-06-03,LAFI11.SA,LAFI11,122.91999816894531
2026-07-01,2026-06-05,LAFI11.SA,LAFI11,122.91999816894531
2026-07-01,2026-06-08,LAFI11.SA,LAFI11,122.91999816894531
2026-07-01,2026-06-09,LAFI11.SA,LAFI11,122.91999816894531
2026-07-01,2026-06-10,LAFI11.SA,LAFI11,122.91999816894531
2026-07-01,2026-06-11,LAFI11.SA,LAFI11,122.91999816894531
2026-07-01,2026-06-12,LAFI11.SA,LAFI11,122.91999816894531
2026-07-01,2026-06-15,LAFI11.SA,LAFI11,122.91999816894531
2026-07-01,2026-06-01,LSAG11.SA,LSAG11,75.54000091552734
2026-07-01,2026-06-01,NEXG11.SA,NEXG11,132.89999389648438
2026-07-01,2026-06-01,OIAG11.SA,OIAG11,8.880000114440918
2026-07-01,2026-06-01,PLCA11.SA,PLCA11,74.87999725341797
2026-07-01,2026-06-01,IAGR11.SA,IAGR11,4.269999980926514
2026-07-01,2026-06-01,CRAA11.SA,CRAA11,99.44999694824219
2026-07-01,2026-06-01,SNAG11.SA,SNAG11,10.470000267028809
2026-07-01,2026-06-01,SNFZ11.SA,SNFZ11,9.729999542236328
2026-07-01,2026-06-01,FZDA11.SA,FZDA11,130.0
2026-07-01,2026-06-02,FZDA11.SA,FZDA11,130.0
2026-07-01,2026-06-03,FZDA11.SA,FZDA11,130.0
2026-07-01,2026-06-05,FZDA11.SA,FZDA11,130.0
2026-07-01,2026-06-08,FZDA11.SA,FZDA11,130.0
2026-07-01,2026-06-09,FZDA11.SA,FZDA11,130.0
2026-07-01,2026-06-10,FZDA11.SA,FZDA11,130.0
2026-07-01,2026-06-11,FZDA11.SA,FZDA11,130.0
2026-07-01,2026-06-01,VGIA11.SA,VGIA11,9.729999542236328
2026-07-01,2026-06-01,VHFA11.SA,VHFA11,11.0
2026-07-01,2026-06-01,VCRA11.SA,VCRA11,62.79999923706055
2026-07-01,2026-06-01,XPCA11.SA,XPCA11,7.909999847412109
2026-07-02,2026-07-01,IFIX.SA,IFIX,3826.669921875
2026-07-02,2026-07-01,JPRD11.SA,JPRD11,100.0
2026-07-02,2026-07-01,AGRX11.SA,AGRX11,8.270000457763672
2026-07-02,2026-06-02,ADSH11.SA,ADSH11,10.6899995803833
2026-07-02,2026-06-03,ADSH11.SA,ADSH11,10.6899995803833
2026-07-02,2026-06-02,AFHI11.SA,AFHI11,96.01000213623047
2026-07-02,2026-06-02,AFHF11.SA,AFHF11,9.989999771118164
2026-07-02,2026-06-02,AJFI11.SA,AJFI11,8.5
2026-07-02,2026-06-02,ALZC11.SA,ALZC11,7.5
2026-07-02,2026-06-02,ALZR11.SA,ALZR11,10.100000381469727
2026-07-02,2026-06-02,AURB11.SA,AURB11,81.19999694824219
2026-07-02,2026-06-02,APXM11.SA,APXM11,75.33000183105469
2026-07-02,2026-06-02,APXU11.SA,APXU11,94.48999786376953
2026-07-02,2026-06-02,AIEC11.SA,AIEC11,60.099998474121094
2026-07-02,2026-06-02,AVUR11.SA,AVUR11,96.45999908447266
2026-07-02,2026-06-02,AROA11.SA,AROA11,1.2200000286102295
2026-07-02,2026-06-02,EIRA11.SA,EIRA11,104.55000305175781
2026-07-02,2026-06-02,ARTE11.SA,ARTE11,8.329999923706055
2026-07-02,2026-06-02,ARXD11.SA,ARXD11,7.860000133514404
2026-07-02,2026-06-02,AZPL11.SA,AZPL11,7.659999847412109
2026-07-02,2026-06-02,BCRI11.SA,BCRI11,60.790000915527344
2026-07-02,2026-06-02,BNFS11.SA,BNFS11,41.0099983215332
2026-07-02,2026-06-02,BTML11.SA,BTML11,111.27999877929688
2026-07-02,2026-06-02,BBFO11.SA,BBFO11,70.69999694824219
2026-07-02,2026-06-02,BBIG11.SA,BBIG11,6.650000095367432
2026-07-02,2026-06-02,BBRC11.SA,BBRC11,105.36000061035156
2026-07-02,2026-06-02,BFCC11.SA,BFCC11,103.51000213623047
2026-07-02,2026-06-02,BGRB11.SA,BGRB11,116.51000213623047
2026-07-02,2026-06-02,BLOG11.SA,BLOG11,6.670000076293945
2026-07-02,2026-06-02,BLMG11.SA,BLMG11,31.31999969482422
2026-07-02,2026-06-02,BMLC11.SA,BMLC11,102.4000015258789
2026-07-02,2026-06-02,BCIA11.SA,BCIA11,90.30999755859375
2026-07-02,2026-06-02,BVAR11.SA,BVAR11,1260.8900146484375
2026-07-02,2026-06-02,CARE11.SA,CARE11,3.0999999046325684
2026-07-02,2026-06-02,FATN11.SA,FATN11,84.62999725341797
2026-07-02,2026-06-02,BRCO11.SA,BRCO11,116.45999908447266
2026-07-02,2026-06-02,BICE11.SA,BICE11,764.1599731445312
2026-07-02,2026-06-02,BIME11.SA,BIME11,5.630000114440918
2026-07-02,2026-06-02,BRIM11.SA,BRIM11,95.0
2026-07-02,2026-06-02,BRIP11.SA,BRIP11,365.5
2026-07-02,2026-06-02,BIPD11.SA,BIPD11,989.3300170898438
2026-07-02,2026-06-02,BIPE11.SA,BIPE11,1000.0
2026-07-02,2026-06-02,BROF11.SA,BROF11,54.77000045776367
2026-07-02,2026-06-02,LLAO11.SA,LLAO11,57.20000076293945
2026-07-02,2026-06-02,BTHI11.SA,BTHI11,44.599998474121094
2026-07-02,2026-06-02,BRCR11.SA,BRCR11,44.779998779296875
2026-07-02,2026-06-02,BTCI11.SA,BTCI11,9.270000457763672
2026-07-02,2026-06-02,BTLG11.SA,BTLG11,102.94999694824219
2026-07-02,2026-06-02,BTHF11.SA,BTHF11,9.260000228881836
2026-07-02,2026-06-02,HSRE11.SA,HSRE11,82.55999755859375
2026-07-02,2026-06-02,BPML11.SA,BPML11,89.9000015258789
2026-07-02,2026-06-02,BTYU11.SA,BTYU11,7.590000152587891
2026-07-02,2026-06-02,BTWR11.SA,BTWR11,91.63999938964844
2026-07-02,2026-06-02,BTSI11.SA,BTSI11,110.0
2026-07-02,2026-06-02,CXCO11.SA,CXCO11,67.4800033569336
2026-07-02,2026-06-02,CRFF11.SA,CRFF11,76.87000274658203
2026-07-02,2026-06-02,CXRI11.SA,CXRI11,64.69000244140625
2026-07-02,2026-06-02,CCME11.SA,CCME11,8.930000305175781
2026-07-02,2026-06-02,CCVA11.SA,CCVA11,100.06999969482422
2026-07-02,2026-06-02,CPUR11.SA,CPUR11,10.380000114440918
2026-07-02,2026-06-02,CPLG11.SA,CPLG11,11.180000305175781
2026-07-02,2026-06-02,CPOF11.SA,CPOF11,113.5
2026-07-02,2026-06-02,CPTS11.SA,CPTS11,7.619999885559082
2026-07-02,2026-06-02,CPSH11.SA,CPSH11,10.119999885559082
2026-07-02,2026-06-02,CACR11.SA,CACR11,27.899999618530273
2026-07-02,2026-06-02,CBOP11.SA,CBOP11,33.9900016784668
2026-07-02,2026-06-02,BLCA11.SA,BLCA11,99.69999694824219
2026-07-02,2026-06-02,CNES11.SA,CNES11,1.409999966621399
2026-07-02,2026-06-02,CTXT11.SA,CTXT11,5.150000095367432
2026-07-02,2026-06-02,CENU11.SA,CENU11,100.0
2026-07-02,2026-06-02,CFII11.SA,CFII11,615.0
2026-07-02,2026-06-02,CJCT11.SA,CJCT11,65.98999786376953
2026-07-02,2026-06-02,CIXF11.SA,CIXF11,114.5199966430664
2026-07-02,2026-06-02,PDBM11.SA,PDBM11,115.0
2026-07-02,2026-06-02,CLIN11.SA,CLIN11,92.08999633789062
2026-07-02,2026-06-02,RENV11.SA,RENV11,5.949999809265137
2026-07-02,2026-06-02,IBCR11.SA,IBCR11,49.0
2026-07-02,2026-06-02,CYCR11.SA,CYCR11,8.859999656677246
2026-07-02,2026-06-02,CYLD11.SA,CYLD11,131.4499969482422
2026-07-02,2026-06-02,DAMA11.SA,DAMA11,6.599999904632568
2026-07-02,2026-06-02,DAYM11.SA,DAYM11,4.039999961853027
2026-07-02,2026-06-02,ASRF11.SA,ASRF11,10974.0
2026-07-02,2026-06-02,DPRO11.SA,DPRO11,4.980000019073486
2026-07-02,2026-06-02,DEVA11.SA,DEVA11,18.450000762939453
2026-07-02,2026-06-02,DAMT11.SA,DAMT11,23.0
2026-07-02,2026-06-02,DOVL11.SA,DOVL11,583.0399780273438
2026-07-02,2026-06-02,EDGE11.SA,EDGE11,1050.0
2026-07-02,2026-06-02,EMET11.SA,EMET11,8.859999656677246
2026-07-02,2026-06-02,EGYR11.SA,EGYR11,2.9800000190734863
2026-07-02,2026-06-02,EQIR11.SA,EQIR11,8.539999961853027
2026-07-02,2026-06-02,ERPA11.SA,ERPA11,129.8800048828125
2026-07-02,2026-06-02,KEVE11.SA,KEVE11,456.29998779296875
2026-07-02,2026-06-02,EXES11.SA,EXES11,9.550000190734863
2026-07-02,2026-06-02,FLCR11.SA,FLCR11,94.5
2026-07-02,2026-06-02,VRTA11.SA,VRTA11,75.5999984741211
2026-07-02,2026-06-02,VRTM11.SA,VRTM11,7.099999904632568
2026-07-02,2026-06-02,FLMA11.SA,FLMA11,159.99000549316406
2026-07-02,2026-06-02,EGDB11.SA,EGDB11,1252.97998046875
2026-07-02,2026-06-02,ELDO11.SA,ELDO11,928.5471801757812
2026-07-02,2026-06-02,EURO11.SA,EURO11,334.3500061035156
2026-07-02,2026-06-02,HYPI11.SA,HYPI11,181.5
2026-07-02,2026-06-02,HRES11.SA,HRES11,145.4499969482422
2026-07-02,2026-06-02,FIIB11.SA,FIIB11,453.0400085449219
2026-07-02,2026-06-02,FMOF11.SA,FMOF11,35.0
2026-07-02,2026-06-02,ALMI11.SA,ALMI11,641.8800048828125
2026-07-02,2026-06-02,KFOF11.SA,KFOF11,80.33000183105469
2026-07-02,2026-06-02,DVFF11.SA,DVFF11,5.289999961853027
2026-07-02,2026-06-02,ANCR11.SA,ANCR11,411.0
2026-07-02,2026-06-02,FAED11.SA,FAED11,151.99000549316406
2026-07-02,2026-06-02,FCFL11.SA,FCFL11,122.5
2026-07-02,2026-06-02,CEOC11.SA,CEOC11,41.0099983215332
2026-07-02,2026-06-02,FAMB11.SA,FAMB11,898.0
2026-07-02,2026-06-02,EDGA11.SA,EDGA11,13.5
2026-07-02,2026-06-02,FYTO11.SA,FYTO11,8.539999961853027
2026-07-02,2026-06-02,HCRI11.SA,HCRI11,273.0
2026-07-02,2026-06-02,NSLU11.SA,NSLU11,175.25
2026-07-02,2026-06-02,MAXR11.SA,MAXR11,58.08000183105469
2026-07-02,2026-06-02,PQDP11.SA,PQDP11,2584.89990234375
2026-07-02,2026-06-02,RBRI11.SA,RBRI11,600.0
2026-07-02,2026-06-02,RDIV11.SA,RDIV11,86.0
2026-07-02,2026-06-02,RBRR11.SA,RBRR11,83.44999694824219
2026-07-02,2026-06-02,RECR11.SA,RECR11,82.1500015258789
2026-07-02,2026-06-02,RECT11.SA,RECT11,35.970001220703125
2026-07-02,2026-06-02,SHDP11.SA,SHDP11,1210.050048828125
2026-07-02,2026-06-02,TRNT11.SA,TRNT11,114.98999786376953
2026-07-02,2026-06-02,APXR11.SA,APXR11,99.98999786376953
2026-07-02,2026-06-02,CXAG11.SA,CXAG11,75.33999633789062
2026-07-02,2026-06-02,CXCI11.SA,CXCI11,69.44999694824219
2026-07-02,2026-06-02,CXCE11.SA,CXCE11,40.720001220703125
2026-07-02,2026-06-02,CXTL11.SA,CXTL11,323.9700012207031
2026-07-02,2026-06-02,LKDV11.SA,LKDV11,1081.9300537109375
2026-07-02,2026-06-02,EDFO11.SA,EDFO11,131.49000549316406
2026-07-02,2026-06-02,NVHO11.SA,NVHO11,12.0
2026-07-02,2026-06-02,GTWR11.SA,GTWR11,80.0
2026-07-02,2026-06-02,HBCR11.SA,HBCR11,146.0
2026-07-02,2026-06-02,HUCG11.SA,HUCG11,87.0
2026-07-02,2026-06-02,HUSC11.SA,HUSC11,96.01000213623047
2026-07-02,2026-06-02,HOSI11.SA,HOSI11,81.88999938964844
2026-07-02,2026-06-02,BLUE11.SA,BLUE11,143.00999450683594
2026-07-02,2026-06-02,MMPD11.SA,MMPD11,110.61000061035156
2026-07-02,2026-06-02,MCCI11.SA,MCCI11,95.0
2026-07-02,2026-06-02,WTSP11.SA,WTSP11,65.0
2026-07-02,2026-06-02,PABY11.SA,PABY11,19.110000610351562
2026-07-02,2026-06-02,RBRP11.SA,RBRP11,51.380001068115234
2026-07-02,2026-06-02,FPNG11.SA,FPNG11,480.0
2026-07-02,2026-06-02,VTPL11.SA,VTPL11,65.9000015258789
2026-07-02,2026-06-02,VPSI11.SA,VPSI11,22.3799991607666
2026-07-02,2026-06-02,RBRY11.SA,RBRY11,93.11000061035156
2026-07-02,2026-06-02,RELG11.SA,RELG11,65.7300033569336
2026-07-02,2026-06-02,RZTR11.SA,RZTR11,89.5999984741211
2026-07-02,2026-06-02,ROOF11.SA,ROOF11,350.0
2026-07-02,2026-06-02,HOMS11.SA,HOMS11,129.08999633789062
2026-07-02,2026-06-02,FISC11.SA,FISC11,61.65999984741211
2026-07-02,2026-06-02,SAIC11.SA,SAIC11,34.040000915527344
2026-07-02,2026-06-02,SMRE11.SA,SMRE11,55.0
2026-07-02,2026-06-02,TGAR11.SA,TGAR11,56.400001525878906
2026-07-02,2026-06-02,TRCO11.SA,TRCO11,10.199999809265137
2026-07-02,2026-06-02,TRUE11.SA,TRUE11,24.0
2026-07-02,2026-06-02,LVBI11.SA,LVBI11,105.83999633789062
2026-07-02,2026-06-02,PVBI11.SA,PVBI11,72.27999877929688
2026-07-02,2026-06-02,VERE11.SA,VERE11,445.760009765625
2026-07-02,2026-06-02,FIVN11.SA,FIVN11,3.799999952316284
2026-07-02,2026-06-02,VSHO11.SA,VSHO11,74.27999877929688
2026-07-02,2026-06-02,BMLT11.SA,BMLT11,109.0
2026-07-02,2026-06-02,BSLT11.SA,BSLT11,70.72000122070312
2026-07-02,2026-06-02,GCDL11.SA,GCDL11,123.02999877929688
2026-07-02,2026-06-02,GSRF11.SA,GSRF11,111.91000366210938
2026-07-02,2026-06-02,GFDL11.SA,GFDL11,116.18000030517578
2026-07-02,2026-06-02,GLPF11.SA,GLPF11,108.33999633789062
2026-07-02,2026-06-02,GLCR11.SA,GLCR11,100.0
2026-07-02,2026-06-02,GCRI11.SA,GCRI11,68.44999694824219
2026-07-02,2026-06-02,GCOI11.SA,GCOI11,72.87000274658203
2026-07-02,2026-06-02,GZIT11.SA,GZIT11,41.459999084472656
2026-07-02,2026-06-02,FIGS11.SA,FIGS11,50.63999938964844
2026-07-02,2026-06-02,GSFI11.SA,GSFI11,11.350000381469727
2026-07-02,2026-06-02,VXXV11.SA,VXXV11,762.0
2026-07-02,2026-06-02,GLOG11.SA,GLOG11,73.5
2026-07-02,2026-06-02,ABCP11.SA,ABCP11,75.9000015258789
2026-07-02,2026-06-02,RCFA11.SA,RCFA11,0.9399999976158142
2026-07-02,2026-06-02,GAME11.SA,GAME11,8.899999618530273
2026-07-02,2026-06-02,GARE11.SA,GARE11,8.239999771118164
2026-07-02,2026-06-02,HABT11.SA,HABT11,71.1500015258789
2026-07-02,2026-06-02,AERO11.SA,AERO11,100.01000213623047
2026-07-02,2026-06-02,HCTR11.SA,HCTR11,16.75
2026-07-02,2026-06-02,HCST11.SA,HCST11,79.13999938964844
2026-07-02,2026-06-02,HCHG11.SA,HCHG11,80.0
2026-07-02,2026-06-02,HAAA11.SA,HAAA11,56.279998779296875
2026-07-02,2026-06-02,ATSA11.SA,ATSA11,57.02000045776367
2026-07-02,2026-06-02,HGBL11.SA,HGBL11,9.199999809265137
2026-07-02,2026-06-02,HGBS11.SA,HGBS11,19.969999313354492
2026-07-02,2026-06-02,HDEL11.SA,HDEL11,4.510000228881836
2026-07-02,2026-06-02,FLRP11.SA,FLRP11,20.360000610351562
2026-07-02,2026-06-02,HJCT11.SA,HJCT11,115.6500015258789
2026-07-02,2026-06-02,HLOG11.SA,HLOG11,9.079999923706055
2026-07-02,2026-06-02,HOFC11.SA,HOFC11,33.900001525878906
2026-07-02,2026-06-02,HDOF11.SA,HDOF11,90.0
2026-07-02,2026-06-02,HRDF11.SA,HRDF11,6.400000095367432
2026-07-02,2026-06-02,HREC11.SA,HREC11,8.59000015258789
2026-07-02,2026-06-02,SEED11.SA,SEED11,100.0
2026-07-02,2026-06-02,HPDP11.SA,HPDP11,86.5199966430664
2026-07-02,2026-06-02,HFOF11.SA,HFOF11,6.630000114440918
2026-07-02,2026-06-02,YEES11.SA,YEES11,102.0
2026-07-02,2026-06-02,HGIC11.SA,HGIC11,57.900001525878906
2026-07-02,2026-06-02,HILG11.SA,HILG11,186.80999755859375
2026-07-02,2026-06-02,HTMX11.SA,HTMX11,133.63999938964844
2026-07-02,2026-06-02,HSAF11.SA,HSAF11,80.52999877929688
2026-07-02,2026-06-02,HSLG11.SA,HSLG11,88.80999755859375
2026-07-02,2026-06-02,HSML11.SA,HSML11,93.5
2026-07-02,2026-06-02,HUSI11.SA,HUSI11,1049.0
2026-07-02,2026-06-02,GRUL11.SA,GRUL11,8.5
2026-07-02,2026-06-02,ICNE11.SA,ICNE11,639.0900268554688
2026-07-02,2026-06-02,IMMB11.SA,IMMB11,170.0
2026-07-02,2026-06-02,INDE11.SA,INDE11,80.0
2026-07-02,2026-06-02,INLG11.SA,INLG11,66.5999984741211
2026-07-02,2026-06-02,INRD11.SA,INRD11,75.05000305175781
2026-07-02,2026-06-02,ITIP11.SA,ITIP11,68.05999755859375
2026-07-02,2026-06-02,ITIT11.SA,ITIT11,76.04000091552734
2026-07-02,2026-06-02,IBBP11.SA,IBBP11,7.929999828338623
2026-07-02,2026-06-02,XPIN11.SA,XPIN11,62.939998626708984
2026-07-02,2026-06-02,IRIM11.SA,IRIM11,68.01000213623047
2026-07-02,2026-06-02,ICRI11.SA,ICRI11,96.0
2026-07-02,2026-06-02,TMPS11.SA,TMPS11,75.79000091552734
2026-07-02,2026-06-02,ITRI11.SA,ITRI11,82.18000030517578
2026-07-02,2026-06-02,JASC11.SA,JASC11,100.0
2026-07-02,2026-06-02,VJFD11.SA,VJFD11,126.95999908447266
2026-07-02,2026-06-02,JFLL11.SA,JFLL11,56.5
2026-07-02,2026-06-02,JCCJ11.SA,JCCJ11,155.22000122070312
2026-07-02,2026-06-02,JPPA11.SA,JPPA11,85.22000122070312
2026-07-02,2026-06-02,JSAF11.SA,JSAF11,7.519999980926514
2026-07-02,2026-06-02,JSRE11.SA,JSRE11,60.470001220703125
2026-07-02,2026-06-02,JSCR11.SA,JSCR11,8.420000076293945
2026-07-02,2026-06-02,KISU11.SA,KISU11,6.610000133514404
2026-07-02,2026-06-02,KIVO11.SA,KIVO11,59.20000076293945
2026-07-02,2026-06-02,KCRE11.SA,KCRE11,9.25
2026-07-02,2026-06-02,KFEN11.SA,KFEN11,1100.0
2026-07-02,2026-06-02,KNHF11.SA,KNHF11,97.7699966430664
2026-07-02,2026-06-02,KNHY11.SA,KNHY11,99.83000183105469
2026-07-02,2026-06-02,KNRE11.SA,KNRE11,0.33000001311302185
2026-07-02,2026-06-02,KNIP11.SA,KNIP11,93.33000183105469
2026-07-02,2026-06-02,KORE11.SA,KORE11,67.3499984741211
2026-07-02,2026-06-02,KNRI11.SA,KNRI11,157.02999877929688
2026-07-02,2026-06-02,KNCR11.SA,KNCR11,106.55999755859375
2026-07-02,2026-06-02,KNSC11.SA,KNSC11,9.130000114440918
2026-07-02,2026-06-02,KNUQ11.SA,KNUQ11,103.58999633789062
2026-07-02,2026-06-02,LMAI11.SA,LMAI11,36.709999084472656
2026-07-02,2026-06-02,LPLP11.SA,LPLP11,210.0
2026-07-02,2026-06-02,LRED11.SA,LRED11,12.0
2026-07-02,2026-06-02,LSOI11.SA,LSOI11,12.020000457763672
2026-07-02,2026-06-02,LSOP11.SA,LSOP11,10.600000381469727
2026-07-02,2026-06-02,LRDI11.SA,LRDI11,118.5
2026-07-02,2026-06-02,LASC11.SA,LASC11,112.93000030517578
2026-07-02,2026-06-02,LIFE11.SA,LIFE11,8.050000190734863
2026-07-02,2026-06-02,MAGM11.SA,MAGM11,10.0
2026-07-02,2026-06-02,MANA11.SA,MANA11,9.199999809265137
2026-07-02,2026-06-02,MMVE11.SA,MMVE11,147.0
2026-07-02,2026-06-02,MCLO11.SA,MCLO11,10.239999771118164
2026-07-02,2026-06-02,MCRE11.SA,MCRE11,9.239999771118164
2026-07-02,2026-06-02,MXRF11.SA,MXRF11,9.84000015258789
2026-07-02,2026-06-02,MCEM11.SA,MCEM11,33.93000030517578
2026-07-02,2026-06-03,MCEM11.SA,MCEM11,32.61000061035156
2026-07-02,2026-06-05,MCEM11.SA,MCEM11,32.0099983215332
2026-07-02,2026-06-08,MCEM11.SA,MCEM11,32.9900016784668
2026-07-02,2026-06-09,MCEM11.SA,MCEM11,32.0
2026-07-02,2026-06-10,MCEM11.SA,MCEM11,30.979999542236328
2026-07-02,2026-06-11,MCEM11.SA,MCEM11,27.0
2026-07-02,2026-06-12,MCEM11.SA,MCEM11,29.989999771118164
2026-07-02,2026-06-15,MCEM11.SA,MCEM11,29.989999771118164
2026-07-02,2026-06-16,MCEM11.SA,MCEM11,27.989999771118164
2026-07-02,2026-06-17,MCEM11.SA,MCEM11,29.0
2026-07-02,2026-06-18,MCEM11.SA,MCEM11,26.969999313354492
2026-07-02,2026-06-19,MCEM11.SA,MCEM11,26.969999313354492
2026-07-02,2026-06-22,MCEM11.SA,MCEM11,26.969999313354492
2026-07-02,2026-06-23,MCEM11.SA,MCEM11,26.969999313354492
2026-07-02,2026-06-24,MCEM11.SA,MCEM11,26.969999313354492
2026-07-02,2026-06-25,MCEM11.SA,MCEM11,26.969999313354492
2026-07-02,2026-06-26,MCEM11.SA,MCEM11,26.969999313354492
2026-07-02,2026-06-29,MCEM11.SA,MCEM11,26.969999313354492
2026-07-02,2026-06-30,MCEM11.SA,MCEM11,26.969999313354492
2026-07-02,2026-07-01,MCEM11.SA,MCEM11,26.969999313354492
2026-07-02,2026-06-02,MFII11.SA,MFII11,50.29999923706055
2026-07-02,2026-06-02,MIDW11.SA,MIDW11,10.699999809265137
2026-07-02,2026-06-02,NCRI11.SA,NCRI11,8.720000267028809
2026-07-02,2026-06-02,NAVT11.SA,NAVT11,75.2300033569336
2026-07-02,2026-06-02,APTO11.SA,APTO11,8.270000457763672
2026-07-02,2026-06-02,NEWL11.SA,NEWL11,110.68000030517578
2026-07-02,2026-06-02,NEWU11.SA,NEWU11,112.19000244140625
2026-07-02,2026-06-02,NMKS11.SA,NMKS11,1052.260009765625
2026-07-02,2026-06-02,OCRE11.SA,OCRE11,77.45999908447266
2026-07-02,2026-06-02,ONDA11.SA,ONDA11,8.079999923706055
2026-07-02,2026-06-02,ARRI11.SA,ARRI11,4.730000019073486
2026-07-02,2026-06-02,OBAL11.SA,OBAL11,1095.0
2026-07-02,2026-06-02,FTCE11.SA,FTCE11,2914.89990234375
2026-07-02,2026-06-02,OUJP11.SA,OUJP11,85.5
2026-07-02,2026-06-02,OXRL11.SA,OXRL11,129.47999572753906
2026-07-02,2026-06-02,PNDL11.SA,PNDL11,160.0
2026-07-02,2026-06-02,PNPR11.SA,PNPR11,48.0
2026-07-02,2026-06-02,PNRC11.SA,PNRC11,61.0
2026-07-02,2026-06-02,PMIS11.SA,PMIS11,7.849999904632568
2026-07-02,2026-06-02,PQAG11.SA,PQAG11,52.5
2026-07-02,2026-06-02,PATA11.SA,PATA11,10.050000190734863
2026-07-02,2026-06-02,PCIP11.SA,PCIP11,83.86000061035156
2026-07-02,2026-06-02,RCFF11.SA,RCFF11,73.01000213623047
2026-07-02,2026-06-02,PATC11.SA,PATC11,38.66999816894531
2026-07-02,2026-06-02,HGRE11.SA,HGRE11,128.89999389648438
2026-07-02,2026-06-02,HGLG11.SA,HGLG11,154.1199951171875
2026-07-02,2026-06-02,PLAG11.SA,PLAG11,62.400001525878906
2026-07-02,2026-06-02,PATL11.SA,PATL11,64.1500015258789
2026-07-02,2026-06-02,RBRL11.SA,RBRL11,81.5
2026-07-02,2026-06-02,PMLL11.SA,PMLL11,105.72000122070312
2026-07-02,2026-06-02,RBRX11.SA,RBRX11,8.350000381469727
2026-07-02,2026-06-02,HGPO11.SA,HGPO11,153.4199981689453
2026-07-02,2026-06-02,HGCR11.SA,HGCR11,95.9000015258789
2026-07-02,2026-06-02,VCRR11.SA,VCRR11,58.9900016784668
2026-07-02,2026-06-02,HGRU11.SA,HGRU11,127.31999969482422
2026-07-02,2026-06-02,PSEC11.SA,PSEC11,58.97999954223633
2026-07-02,2026-06-02,TOPP11.SA,TOPP11,63.68000030517578
2026-07-02,2026-06-02,PEMA11.SA,PEMA11,30.0
2026-07-02,2026-06-02,PMRL11.SA,PMRL11,106.66000366210938
2026-07-02,2026-06-02,PRSN11.SA,PRSN11,6.010000228881836
2026-07-02,2026-06-02,PORD11.SA,PORD11,8.239999771118164
2026-07-02,2026-06-02,PLRI11.SA,PLRI11,6.909999847412109
2026-07-02,2026-06-02,PRSV11.SA,PRSV11,30.06999969482422
2026-07-02,2026-06-02,TSER11.SA,TSER11,108.0
2026-07-02,2026-06-02,FPAB11.SA,FPAB11,198.0
2026-07-02,2026-06-02,RZZV11.SA,RZZV11,1050.0
2026-07-02,2026-06-02,RZZI11.SA,RZZI11,1000.0
2026-07-02,2026-06-02,RZZR11.SA,RZZR11,131.89999389648438
2026-07-02,2026-06-02,RBDS11.SA,RBDS11,2.0999999046325684
2026-07-02,2026-06-02,RSPD11.SA,RSPD11,701.0
2026-07-02,2026-06-02,RBIR11.SA,RBIR11,78.18000030517578
2026-07-02,2026-06-02,RFOF11.SA,RFOF11,64.48999786376953
2026-07-02,2026-06-02,RBLG11.SA,RBLG11,18.049999237060547
2026-07-02,2026-06-02,FIIP11.SA,FIIP11,131.8000030517578
2026-07-02,2026-06-02,RBRD11.SA,RBRD11,36.130001068115234
2026-07-02,2026-06-02,REME11.SA,REME11,76.19999694824219
2026-07-02,2026-06-02,RBTS11.SA,RBTS11,285.04998779296875
2026-07-02,2026-06-02,RDLI11.SA,RDLI11,68.0
2026-07-02,2026-06-02,RPRI11.SA,RPRI11,79.23999786376953
2026-07-02,2026-06-02,RINV11.SA,RINV11,108.25
2026-07-02,2026-06-02,RCRI11.SA,RCRI11,102.7699966430664
2026-07-02,2026-06-02,RECD11.SA,RECD11,6.690000057220459
2026-07-02,2026-06-02,RMBS11.SA,RMBS11,8.84000015258789
2026-07-02,2026-06-02,RECM11.SA,RECM11,7.289999961853027
2026-07-02,2026-06-02,RBHG11.SA,RBHG11,65.30000305175781
2026-07-02,2026-06-02,RBHY11.SA,RBHY11,74.94999694824219
2026-07-02,2026-06-02,RBFY11.SA,RBFY11,75.0
2026-07-02,2026-06-02,RBFM11.SA,RBFM11,10.460000038146973
2026-07-02,2026-06-02,RBOP11.SA,RBOP11,222.8000030517578
2026-07-02,2026-06-02,RCRB11.SA,RCRB11,141.72000122070312
2026-07-02,2026-06-02,RBRS11.SA,RBRS11,43.150001525878906
2026-07-02,2026-06-02,RBVA11.SA,RBVA11,9.449999809265137
2026-07-02,2026-06-02,RNGO11.SA,RNGO11,50.83000183105469
2026-07-02,2026-06-02,RZAK11.SA,RZAK11,84.01000213623047
2026-07-02,2026-06-02,RZAT11.SA,RZAT11,97.01000213623047
2026-07-02,2026-06-02,RZLC11.SA,RZLC11,1012.739990234375
2026-07-02,2026-06-02,RJDA11.SA,RJDA11,115.0
2026-07-02,2026-06-02,SAPI11.SA,SAPI11,9.100000381469727
2026-07-02,2026-06-02,SCPF11.SA,SCPF11,2.7699999809265137
2026-07-02,2026-06-02,SEQR11.SA,SEQR11,52.0
2026-07-02,2026-06-02,SHPH11.SA,SHPH11,905.989990234375
2026-07-02,2026-06-02,SHPP11.SA,SHPP11,11.0
2026-07-02,2026-06-02,WPLZ11.SA,WPLZ11,47.75
2026-07-02,2026-06-02,REIT11.SA,REIT11,92.0
2026-07-02,2026-06-02,SJAU11.SA,SJAU11,4.039999961853027
2026-07-02,2026-06-02,SOLR11.SA,SOLR11,1051.3499755859375
2026-07-02,2026-06-02,SPTW11.SA,SPTW11,38.650001525878906
2026-07-02,2026-06-02,LTMT11.SA,LTMT11,93.77999877929688
2026-07-02,2026-06-02,DVLP11.SA,DVLP11,150.2899932861328
2026-07-02,2026-06-02,DVLT11.SA,DVLT11,103.41000366210938
2026-07-02,2026-06-02,PMFO11.SA,PMFO11,90.77999877929688
2026-07-02,2026-06-02,SPGM11.SA,SPGM11,13.359999656677246
2026-07-02,2026-06-02,SPXS11.SA,SPXS11,8.489999771118164
2026-07-02,2026-06-02,STYI11.SA,STYI11,1199.989990234375
2026-07-02,2026-06-02,SNEL11.SA,SNEL11,8.489999771118164
2026-07-02,2026-06-02,SNFF11.SA,SNFF11,74.01000213623047
2026-07-02,2026-06-02,SNME11.SA,SNME11,9.40999984741211
2026-07-02,2026-06-02,SNCI11.SA,SNCI11,88.04000091552734
2026-07-02,2026-06-02,SPMO11.SA,SPMO11,120.0
2026-07-02,2026-06-02,TELM11.SA,TELM11,9.789999961853027
2026-07-02,2026-06-02,TEPP11.SA,TEPP11,8.4399995803833
2026-07-02,2026-06-02,TRBL11.SA,TRBL11,61.75
2026-07-02,2026-06-02,NAUI11.SA,NAUI11,1000.0
2026-07-02,2026-06-02,TRPL11.SA,TRPL11,1.0499999523162842
2026-07-02,2026-06-02,TVRI11.SA,TVRI11,90.88999938964844
2026-07-02,2026-06-02,VOTS11.SA,VOTS11,88.0
2026-07-02,2026-06-02,TJKB11.SA,TJKB11,251.3699951171875
2026-07-02,2026-06-02,TORD11.SA,TORD11,1.1399999856948853
2026-07-02,2026-06-02,TSNC11.SA,TSNC11,58.79999923706055
2026-07-02,2026-06-02,TRXY11.SA,TRXY11,8.479999542236328
2026-07-02,2026-06-02,TRXF11.SA,TRXF11,91.0
2026-07-02,2026-06-02,TRXB11.SA,TRXB11,179.17999267578125
2026-07-02,2026-06-02,MGHT11.SA,MGHT11,10.779999732971191
2026-07-02,2026-06-02,URHF11.SA,URHF11,64.98999786376953
2026-07-02,2026-06-02,URPR11.SA,URPR11,22.770000457763672
2026-07-02,2026-06-02,VVCO11.SA,VVCO11,9.739999771118164
2026-07-02,2026-06-02,VVMR11.SA,VVMR11,85.0
2026-07-02,2026-06-02,VPPR11.SA,VPPR11,21.1200008392334
2026-07-02,2026-06-02,VVCR11.SA,VVCR11,9.350000381469727
2026-07-02,2026-06-02,VVRI11.SA,VVRI11,93.0
2026-07-02,2026-06-02,VGIR11.SA,VGIR11,9.680000305175781
2026-07-02,2026-06-02,VGIP11.SA,VGIP11,80.56999969482422
2026-07-02,2026-06-02,VGII11.SA,VGII11,72.66999816894531
2026-07-02,2026-06-02,VGHF11.SA,VGHF11,6.079999923706055
2026-07-02,2026-06-02,VGRI11.SA,VGRI11,6.070000171661377
2026-07-02,2026-06-02,BLMO11.SA,BLMO11,86.70999908447266
2026-07-02,2026-06-02,VCJR11.SA,VCJR11,77.25
2026-07-02,2026-06-02,VSLH11.SA,VSLH11,1.6799999475479126
2026-07-02,2026-06-02,FVPQ11.SA,FVPQ11,61.209999084472656
2026-07-02,2026-06-02,VCRI11.SA,VCRI11,7.309999942779541
2026-07-02,2026-06-02,VIUR11.SA,VIUR11,2.5
2026-07-02,2026-06-02,VILG11.SA,VILG11,95.52999877929688
2026-07-02,2026-06-02,VINO11.SA,VINO11,4.75
2026-07-02,2026-06-02,VISC11.SA,VISC11,106.37000274658203
2026-07-02,2026-06-02,SPDE11.SA,SPDE11,1266.6700439453125
2026-07-02,2026-06-02,WHGR11.SA,WHGR11,9.369999885559082
2026-07-02,2026-06-02,XLPR11.SA,XLPR11,76.94999694824219
2026-07-02,2026-06-02,XPCM11.SA,XPCM11,8.460000038146973
2026-07-02,2026-06-02,XPCI11.SA,XPCI11,83.38999938964844
2026-07-02,2026-06-02,XPLG11.SA,XPLG11,94.80000305175781
2026-07-02,2026-06-02,XPML11.SA,XPML11,106.56999969482422
2026-07-02,2026-06-02,XPSF11.SA,XPSF11,6.489999771118164
2026-07-02,2026-06-02,YUFI11.SA,YUFI11,15.0
2026-07-02,2026-06-02,ZAGH11.SA,ZAGH11,9.25
2026-07-02,2026-06-02,GGRC11.SA,GGRC11,9.949999809265137
2026-07-02,2026-06-02,ZAVC11.SA,ZAVC11,9.199999809265137
2026-07-02,2026-06-02,ZAVI11.SA,ZAVI11,9.760000228881836
2026-07-02,2026-06-02,ZIFI11.SA,ZIFI11,899.989990234375
2026-07-02,2026-06-02,AAGR11.SA,AAGR11,114.0
2026-07-02,2026-06-02,AAZQ11.SA,AAZQ11,7.369999885559082
2026-07-02,2026-06-02,BBGO11.SA,BBGO11,70.4000015258789
2026-07-02,2026-06-02,BRFT11.SA,BRFT11,88.0
2026-07-02,2026-06-02,BTAL11.SA,BTAL11,87.30000305175781
2026-07-02,2026-06-02,BTAG11.SA,BTAG11,112.68000030517578
2026-07-02,2026-06-02,BTRA11.SA,BTRA11,60.099998474121094
2026-07-02,2026-06-02,CPTR11.SA,CPTR11,8.130000114440918
2026-07-02,2026-06-02,DCRA11.SA,DCRA11,6.980000019073486
2026-07-02,2026-06-02,EGAF11.SA,EGAF11,89.55999755859375
2026-07-02,2026-06-02,FGAA11.SA,FGAA11,8.8100004196167
2026-07-02,2026-06-02,JGPX11.SA,JGPX11,64.94999694824219
2026-07-02,2026-06-02,RZAG11.SA,RZAG11,8.760000228881836
2026-07-02,2026-06-02,FTCA11.SA,FTCA11,8.699999809265137
2026-07-02,2026-06-02,GCRA11.SA,GCRA11,53.0
2026-07-02,2026-06-02,GRWA11.SA,GRWA11,7.699999809265137
2026-07-02,2026-06-02,IAAG11.SA,IAAG11,8.350000381469727
2026-07-02,2026-06-02,RURA11.SA,RURA11,8.75
2026-07-02,2026-06-02,KDOL11.SA,KDOL11,83.70999908447266
2026-07-02,2026-06-02,KNCA11.SA,KNCA11,93.62000274658203
2026-07-02,2026-06-02,KOPA11.SA,KOPA11,388.0
2026-07-02,2026-06-02,LSAG11.SA,LSAG11,76.0
2026-07-02,2026-06-02,NEXG11.SA,NEXG11,132.89999389648438
2026-07-02,2026-06-02,OIAG11.SA,OIAG11,8.989999771118164
2026-07-02,2026-06-02,PLCA11.SA,PLCA11,74.94000244140625
2026-07-02,2026-06-02,RZNE11.SA,RZNE11,9.130000114440918
2026-07-02,2026-06-03,RZNE11.SA,RZNE11,9.130000114440918
2026-07-02,2026-06-05,RZNE11.SA,RZNE11,9.130000114440918
2026-07-02,2026-06-02,IAGR11.SA,IAGR11,4.340000152587891
2026-07-02,2026-06-02,CRAA11.SA,CRAA11,99.9000015258789
2026-07-02,2026-06-02,SNAG11.SA,SNAG11,10.4399995803833
2026-07-02,2026-06-02,SNFZ11.SA,SNFZ11,9.710000038146973
2026-07-02,2026-06-02,VGIA11.SA,VGIA11,9.75
2026-07-02,2026-06-02,VHFA11.SA,VHFA11,11.0
2026-07-02,2026-06-02,VCRA11.SA,VCRA11,62.0099983215332
2026-07-02,2026-06-02,XPCA11.SA,XPCA11,7.900000095367432
2026-07-03,2026-07-02,IFIX.SA,IFIX,3833.570068359375
2026-07-03,2026-07-02,AGRX11.SA,AGRX11,8.369999885559082
2026-07-03,2026-06-03,AFHI11.SA,AFHI11,95.81999969482422
2026-07-03,2026-06-03,AFHF11.SA,AFHF11,9.989999771118164
2026-07-03,2026-06-03,AJFI11.SA,AJFI11,8.550000190734863
2026-07-03,2026-06-03,ALZC11.SA,ALZC11,7.5
2026-07-03,2026-06-03,ALZR11.SA,ALZR11,10.079999923706055
2026-07-03,2026-06-03,AURB11.SA,AURB11,81.19999694824219
2026-07-03,2026-06-03,APXM11.SA,APXM11,79.0
2026-07-03,2026-06-03,APXU11.SA,APXU11,94.48999786376953
2026-07-03,2026-06-03,AIEC11.SA,AIEC11,60.099998474121094
2026-07-03,2026-06-03,AVUR11.SA,AVUR11,96.45999908447266
2026-07-03,2026-06-03,AROA11.SA,AROA11,1.2599999904632568
2026-07-03,2026-06-03,EIRA11.SA,EIRA11,104.55000305175781
2026-07-03,2026-06-03,ARTE11.SA,ARTE11,8.399999618530273
2026-07-03,2026-06-03,ARXD11.SA,ARXD11,7.920000076293945
2026-07-03,2026-06-03,AZPL11.SA,AZPL11,7.659999847412109
2026-07-03,2026-06-03,BCRI11.SA,BCRI11,60.790000915527344
2026-07-03,2026-06-03,BNFS11.SA,BNFS11,40.2400016784668
2026-07-03,2026-06-03,BTML11.SA,BTML11,111.27999877929688
2026-07-03,2026-06-03,BBFO11.SA,BBFO11,69.69999694824219
2026-07-03,2026-06-03,BBIG11.SA,BBIG11,6.489999771118164
2026-07-03,2026-06-03,BBRC11.SA,BBRC11,104.88999938964844
2026-07-03,2026-06-03,BFCC11.SA,BFCC11,103.51000213623047
2026-07-03,2026-06-03,BGRB11.SA,BGRB11,116.51000213623047
2026-07-03,2026-06-03,BLOG11.SA,BLOG11,6.670000076293945
2026-07-03,2026-06-03,BLMG11.SA,BLMG11,31.049999237060547
2026-07-03,2026-06-03,BMLC11.SA,BMLC11,102.38999938964844
2026-07-03,2026-06-03,BCIA11.SA,BCIA11,90.0
2026-07-03,2026-06-03,BVAR11.SA,BVAR11,1260.8900146484375
2026-07-03,2026-06-03,CARE11.SA,CARE11,3.240000009536743
2026-07-03,2026-06-03,FATN11.SA,FATN11,84.05999755859375
2026-07-03,2026-06-03,BRCO11.SA,BRCO11,116.04000091552734
2026-07-03,2026-06-03,BICE11.SA,BICE11,764.1599731445312
2026-07-03,2026-06-03,BIME11.SA,BIME11,5.599999904632568
2026-07-03,2026-06-03,BRIM11.SA,BRIM11,95.0
2026-07-03,2026-06-03,BRIP11.SA,BRIP11,365.0
2026-07-03,2026-06-03,BIPD11.SA,BIPD11,989.3300170898438
2026-07-03,2026-06-03,BIPE11.SA,BIPE11,1000.0
2026-07-03,2026-06-03,BROF11.SA,BROF11,54.869998931884766
2026-07-03,2026-06-03,LLAO11.SA,LLAO11,57.20000076293945
2026-07-03,2026-06-03,BTHI11.SA,BTHI11,44.22999954223633
2026-07-03,2026-06-03,BRCR11.SA,BRCR11,44.150001525878906
2026-07-03,2026-06-03,BTCI11.SA,BTCI11,9.25
2026-07-03,2026-06-03,BTLG11.SA,BTLG11,102.97000122070312
2026-07-03,2026-06-03,BTHF11.SA,BTHF11,9.270000457763672
2026-07-03,2026-06-03,HSRE11.SA,HSRE11,83.51000213623047
2026-07-03,2026-06-03,BPML11.SA,BPML11,89.25
2026-07-03,2026-06-03,BTYU11.SA,BTYU11,7.599999904632568
2026-07-03,2026-06-03,BTWR11.SA,BTWR11,91.63999938964844
2026-07-03,2026-06-03,BTSI11.SA,BTSI11,110.0
2026-07-03,2026-06-03,CXCO11.SA,CXCO11,67.11000061035156
2026-07-03,2026-06-03,CRFF11.SA,CRFF11,76.8499984741211
2026-07-03,2026-06-03,CXRI11.SA,CXRI11,63.709999084472656
2026-07-03,2026-06-03,CCME11.SA,CCME11,8.84000015258789
2026-07-03,2026-06-03,CCVA11.SA,CCVA11,100.06999969482422
2026-07-03,2026-06-03,CPUR11.SA,CPUR11,10.479999542236328
2026-07-03,2026-06-03,CPLG11.SA,CPLG11,11.25
2026-07-03,2026-06-03,CPOF11.SA,CPOF11,113.5
2026-07-03,2026-06-03,CPTS11.SA,CPTS11,7.619999885559082
2026-07-03,2026-06-03,CPSH11.SA,CPSH11,10.039999961853027
2026-07-03,2026-06-03,CACR11.SA,CACR11,25.600000381469727
2026-07-03,2026-06-03,CBOP11.SA,CBOP11,33.70000076293945
2026-07-03,2026-06-03,BLCA11.SA,BLCA11,99.69999694824219
2026-07-03,2026-06-03,CNES11.SA,CNES11,1.4199999570846558
2026-07-03,2026-06-03,CTXT11.SA,CTXT11,5.139999866485596
2026-07-03,2026-06-03,CENU11.SA,CENU11,100.0
2026-07-03,2026-06-03,CFII11.SA,CFII11,615.0
2026-07-03,2026-06-03,CJCT11.SA,CJCT11,65.98999786376953
2026-07-03,2026-06-03,CIXF11.SA,CIXF11,114.5199966430664
2026-07-03,2026-06-03,PDBM11.SA,PDBM11,115.0
2026-07-03,2026-06-03,CLIN11.SA,CLIN11,91.76000213623047
2026-07-03,2026-06-03,RENV11.SA,RENV11,6.179999828338623
2026-07-03,2026-06-03,IBCR11.SA,IBCR11,49.0
2026-07-03,2026-06-03,CYCR11.SA,CYCR11,8.710000038146973
2026-07-03,2026-06-03,CYLD11.SA,CYLD11,131.4499969482422
2026-07-03,2026-06-03,DAMA11.SA,DAMA11,6.599999904632568
2026-07-03,2026-06-03,DAYM11.SA,DAYM11,4.010000228881836
2026-07-03,2026-06-03,ASRF11.SA,ASRF11,10974.0
2026-07-03,2026-06-03,DPRO11.SA,DPRO11,4.909999847412109
2026-07-03,2026-06-03,DEVA11.SA,DEVA11,18.450000762939453
2026-07-03,2026-06-03,DAMT11.SA,DAMT11,23.209999084472656
2026-07-03,2026-06-03,DOVL11.SA,DOVL11,583.0399780273438
2026-07-03,2026-06-03,EDGE11.SA,EDGE11,1050.0
2026-07-03,2026-06-03,EMET11.SA,EMET11,8.890000343322754
2026-07-03,2026-06-03,EGYR11.SA,EGYR11,2.9800000190734863
2026-07-03,2026-06-03,EQIR11.SA,EQIR11,8.550000190734863
2026-07-03,2026-06-03,ERPA11.SA,ERPA11,129.8800048828125
2026-07-03,2026-06-03,KEVE11.SA,KEVE11,456.29998779296875
2026-07-03,2026-06-03,EXES11.SA,EXES11,9.470000267028809
2026-07-03,2026-06-03,FLCR11.SA,FLCR11,94.81999969482422
2026-07-03,2026-06-03,VRTA11.SA,VRTA11,75.4800033569336
2026-07-03,2026-06-03,VRTM11.SA,VRTM11,7.03000020980835
2026-07-03,2026-06-03,FLMA11.SA,FLMA11,158.0
2026-07-03,2026-06-03,EGDB11.SA,EGDB11,1252.97998046875
2026-07-03,2026-06-03,ELDO11.SA,ELDO11,928.5471801757812
2026-07-03,2026-06-03,EURO11.SA,EURO11,343.989990234375
2026-07-03,2026-06-03,HYPI11.SA,HYPI11,181.5
2026-07-03,2026-06-03,HRES11.SA,HRES11,145.4499969482422
2026-07-03,2026-06-03,FIIB11.SA,FIIB11,454.32000732421875
2026-07-03,2026-06-03,FMOF11.SA,FMOF11,35.0
2026-07-03,2026-06-03,ALMI11.SA,ALMI11,614.9099731445312
2026-07-03,2026-06-03,KFOF11.SA,KFOF11,79.80999755859375
2026-07-03,2026-06-03,DVFF11.SA,DVFF11,5.389999866485596
2026-07-03,2026-06-03,ANCR11.SA,ANCR11,411.0
2026-07-03,2026-06-03,FAED11.SA,FAED11,151.2100067138672
2026-07-03,2026-06-03,FCFL11.SA,FCFL11,122.5
2026-07-03,2026-06-03,CEOC11.SA,CEOC11,41.380001068115234
2026-07-03,2026-06-03,FAMB11.SA,FAMB11,950.989990234375
2026-07-03,2026-06-03,EDGA11.SA,EDGA11,13.949999809265137
2026-07-03,2026-06-03,FYTO11.SA,FYTO11,8.579999923706055
2026-07-03,2026-06-03,HCRI11.SA,HCRI11,274.5199890136719
2026-07-03,2026-06-03,NSLU11.SA,NSLU11,174.0
2026-07-03,2026-06-03,MAXR11.SA,MAXR11,56.11000061035156
2026-07-03,2026-06-03,PQDP11.SA,PQDP11,2579.0
2026-07-03,2026-06-03,RBRI11.SA,RBRI11,600.0
2026-07-03,2026-06-03,RDIV11.SA,RDIV11,86.0
2026-07-03,2026-06-03,RBRR11.SA,RBRR11,83.68000030517578
2026-07-03,2026-06-03,RECR11.SA,RECR11,82.04000091552734
2026-07-03,2026-06-03,RECT11.SA,RECT11,35.77000045776367
2026-07-03,2026-06-03,SHDP11.SA,SHDP11,1210.050048828125
2026-07-03,2026-06-03,TRNT11.SA,TRNT11,114.98999786376953
2026-07-03,2026-06-03,APXR11.SA,APXR11,99.98999786376953
2026-07-03,2026-06-03,CXAG11.SA,CXAG11,74.91000366210938
2026-07-03,2026-06-03,CXCI11.SA,CXCI11,69.01000213623047
2026-07-03,2026-06-03,CXCE11.SA,CXCE11,40.060001373291016
2026-07-03,2026-06-03,CXTL11.SA,CXTL11,323.9700012207031
2026-07-03,2026-06-03,LKDV11.SA,LKDV11,1081.9300537109375
2026-07-03,2026-06-03,EDFO11.SA,EDFO11,131.49000549316406
2026-07-03,2026-06-03,NVHO11.SA,NVHO11,11.5600004196167
2026-07-03,2026-06-03,GTWR11.SA,GTWR11,79.80999755859375
2026-07-03,2026-06-03,HBCR11.SA,HBCR11,146.0
2026-07-03,2026-06-03,HUCG11.SA,HUCG11,86.12000274658203
2026-07-03,2026-06-03,HUSC11.SA,HUSC11,96.01000213623047
2026-07-03,2026-06-03,HOSI11.SA,HOSI11,81.9000015258789
2026-07-03,2026-06-03,BLUE11.SA,BLUE11,143.00999450683594
2026-07-03,2026-06-03,MMPD11.SA,MMPD11,110.61000061035156
2026-07-03,2026-06-03,MCCI11.SA,MCCI11,95.22000122070312
2026-07-03,2026-06-03,WTSP11.SA,WTSP11,65.0
2026-07-03,2026-06-03,PABY11.SA,PABY11,19.110000610351562
2026-07-03,2026-06-03,RBRP11.SA,RBRP11,51.0
2026-07-03,2026-06-03,FPNG11.SA,FPNG11,480.0
2026-07-03,2026-06-03,VTPL11.SA,VTPL11,65.9000015258789
2026-07-03,2026-06-03,VPSI11.SA,VPSI11,22.3799991607666
2026-07-03,2026-06-03,RBRY11.SA,RBRY11,92.6500015258789
2026-07-03,2026-06-03,RELG11.SA,RELG11,66.5199966430664
2026-07-03,2026-06-03,RZTR11.SA,RZTR11,89.19000244140625
2026-07-03,2026-06-03,ROOF11.SA,ROOF11,350.0
2026-07-03,2026-06-03,HOMS11.SA,HOMS11,129.08999633789062
2026-07-03,2026-06-03,FISC11.SA,FISC11,61.65999984741211
2026-07-03,2026-06-03,SAIC11.SA,SAIC11,34.040000915527344
2026-07-03,2026-06-03,SMRE11.SA,SMRE11,52.0099983215332
2026-07-03,2026-06-03,TGAR11.SA,TGAR11,56.349998474121094
2026-07-03,2026-06-03,TRCO11.SA,TRCO11,10.199999809265137
2026-07-03,2026-06-03,TRUE11.SA,TRUE11,24.149999618530273
2026-07-03,2026-06-03,LVBI11.SA,LVBI11,105.41999816894531
2026-07-03,2026-06-03,PVBI11.SA,PVBI11,71.01000213623047
2026-07-03,2026-06-03,VERE11.SA,VERE11,445.760009765625
2026-07-03,2026-06-03,FIVN11.SA,FIVN11,3.309999942779541
2026-07-03,2026-06-03,VSHO11.SA,VSHO11,73.31999969482422
2026-07-03,2026-06-03,BMLT11.SA,BMLT11,109.0
2026-07-03,2026-06-03,BSLT11.SA,BSLT11,69.25
2026-07-03,2026-06-03,GCDL11.SA,GCDL11,123.02999877929688
2026-07-03,2026-06-03,GSRF11.SA,GSRF11,111.98999786376953
2026-07-03,2026-06-03,GFDL11.SA,GFDL11,116.18000030517578
2026-07-03,2026-06-03,GLPF11.SA,GLPF11,108.33999633789062
2026-07-03,2026-06-03,GLCR11.SA,GLCR11,100.0
2026-07-03,2026-06-03,GCRI11.SA,GCRI11,67.98999786376953
2026-07-03,2026-06-03,GCOI11.SA,GCOI11,72.87000274658203
2026-07-03,2026-06-03,GZIT11.SA,GZIT11,41.209999084472656
2026-07-03,2026-06-03,FIGS11.SA,FIGS11,50.16999816894531
2026-07-03,2026-06-03,GSFI11.SA,GSFI11,11.350000381469727
2026-07-03,2026-06-03,VXXV11.SA,VXXV11,762.0
2026-07-03,2026-06-03,GLOG11.SA,GLOG11,73.47000122070312
2026-07-03,2026-06-03,ABCP11.SA,ABCP11,75.66000366210938
2026-07-03,2026-06-03,RCFA11.SA,RCFA11,0.9399999976158142
2026-07-03,2026-06-03,GAME11.SA,GAME11,8.890000343322754
2026-07-03,2026-06-03,GARE11.SA,GARE11,8.220000267028809
2026-07-03,2026-06-03,HABT11.SA,HABT11,70.37999725341797
2026-07-03,2026-06-03,AERO11.SA,AERO11,100.01000213623047
2026-07-03,2026-06-03,HCTR11.SA,HCTR11,16.600000381469727
2026-07-03,2026-06-03,HCST11.SA,HCST11,79.13999938964844
2026-07-03,2026-06-03,HCHG11.SA,HCHG11,80.0
2026-07-03,2026-06-03,HAAA11.SA,HAAA11,56.279998779296875
2026-07-03,2026-06-03,ATSA11.SA,ATSA11,57.02000045776367
2026-07-03,2026-06-03,HGBL11.SA,HGBL11,9.149999618530273
2026-07-03,2026-06-03,HGBS11.SA,HGBS11,19.889999389648438
2026-07-03,2026-06-03,HDEL11.SA,HDEL11,4.28000020980835
2026-07-03,2026-06-03,FLRP11.SA,FLRP11,20.479999542236328
2026-07-03,2026-06-03,HJCT11.SA,HJCT11,115.6500015258789
2026-07-03,2026-06-03,HLOG11.SA,HLOG11,9.069999694824219
2026-07-03,2026-06-03,HOFC11.SA,HOFC11,33.720001220703125
2026-07-03,2026-06-03,HDOF11.SA,HDOF11,90.0
2026-07-03,2026-06-03,HRDF11.SA,HRDF11,6.400000095367432
2026-07-03,2026-06-03,HREC11.SA,HREC11,8.399999618530273
2026-07-03,2026-06-03,SEED11.SA,SEED11,100.0
2026-07-03,2026-06-03,HPDP11.SA,HPDP11,87.9000015258789
2026-07-03,2026-06-03,HFOF11.SA,HFOF11,6.5
2026-07-03,2026-06-03,YEES11.SA,YEES11,102.0
2026-07-03,2026-06-03,HGIC11.SA,HGIC11,57.88999938964844
2026-07-03,2026-06-03,HIRE11.SA,HIRE11,100.36000061035156
2026-07-03,2026-06-05,HIRE11.SA,HIRE11,100.36000061035156
2026-07-03,2026-06-08,HIRE11.SA,HIRE11,100.36000061035156
2026-07-03,2026-06-09,HIRE11.SA,HIRE11,100.36000061035156
2026-07-03,2026-06-03,HILG11.SA,HILG11,186.80999755859375
2026-07-03,2026-06-03,HTMX11.SA,HTMX11,132.7899932861328
2026-07-03,2026-06-03,HSAF11.SA,HSAF11,80.41000366210938
2026-07-03,2026-06-03,HSLG11.SA,HSLG11,87.98999786376953
2026-07-03,2026-06-03,HSML11.SA,HSML11,90.19999694824219
2026-07-03,2026-06-03,HUSI11.SA,HUSI11,1090.0
2026-07-03,2026-06-03,GRUL11.SA,GRUL11,8.40999984741211
2026-07-03,2026-06-03,ICNE11.SA,ICNE11,639.0900268554688
2026-07-03,2026-06-03,IMMB11.SA,IMMB11,170.0
2026-07-03,2026-06-03,INDE11.SA,INDE11,80.0
2026-07-03,2026-06-03,INLG11.SA,INLG11,66.19000244140625
2026-07-03,2026-06-03,INRD11.SA,INRD11,74.98999786376953
2026-07-03,2026-06-03,ITIP11.SA,ITIP11,68.30000305175781
2026-07-03,2026-06-03,ITIT11.SA,ITIT11,76.0
2026-07-03,2026-06-03,IBBP11.SA,IBBP11,7.75
2026-07-03,2026-06-03,XPIN11.SA,XPIN11,63.20000076293945
2026-07-03,2026-06-03,IRIM11.SA,IRIM11,67.30000305175781
2026-07-03,2026-06-03,ICRI11.SA,ICRI11,95.62999725341797
2026-07-03,2026-06-03,TMPS11.SA,TMPS11,74.75
2026-07-03,2026-06-03,ITRI11.SA,ITRI11,82.19999694824219
2026-07-03,2026-06-03,JASC11.SA,JASC11,100.0
2026-07-03,2026-06-03,VJFD11.SA,VJFD11,126.95999908447266
2026-07-03,2026-06-03,JFLL11.SA,JFLL11,56.939998626708984
2026-07-03,2026-06-03,JCCJ11.SA,JCCJ11,155.5399932861328
2026-07-03,2026-06-03,JPPA11.SA,JPPA11,85.30999755859375
2026-07-03,2026-06-03,JSAF11.SA,JSAF11,7.460000038146973
2026-07-03,2026-06-03,JSRE11.SA,JSRE11,60.970001220703125
2026-07-03,2026-06-03,JSCR11.SA,JSCR11,8.390000343322754
2026-07-03,2026-06-03,KISU11.SA,KISU11,6.53000020980835
2026-07-03,2026-06-03,KIVO11.SA,KIVO11,58.72999954223633
2026-07-03,2026-06-03,KCRE11.SA,KCRE11,9.149999618530273
2026-07-03,2026-06-03,KFEN11.SA,KFEN11,1100.0
2026-07-03,2026-06-03,KNHF11.SA,KNHF11,97.0
2026-07-03,2026-06-03,KNHY11.SA,KNHY11,99.62999725341797
2026-07-03,2026-06-03,KNRE11.SA,KNRE11,0.33000001311302185
2026-07-03,2026-06-03,KNIP11.SA,KNIP11,93.0999984741211
2026-07-03,2026-06-03,KORE11.SA,KORE11,66.30000305175781
2026-07-03,2026-06-03,KNRI11.SA,KNRI11,155.05999755859375
2026-07-03,2026-06-03,KNCR11.SA,KNCR11,106.62000274658203
2026-07-03,2026-06-03,KNSC11.SA,KNSC11,9.079999923706055
2026-07-03,2026-06-03,KNUQ11.SA,KNUQ11,103.41000366210938
2026-07-03,2026-06-03,LMAI11.SA,LMAI11,37.0
2026-07-03,2026-06-03,LPLP11.SA,LPLP11,210.0
2026-07-03,2026-06-03,LRED11.SA,LRED11,12.0
2026-07-03,2026-06-03,LSOI11.SA,LSOI11,12.020000457763672
2026-07-03,2026-06-03,LSOP11.SA,LSOP11,10.600000381469727
2026-07-03,2026-06-03,LRDI11.SA,LRDI11,118.5
2026-07-03,2026-06-03,LASC11.SA,LASC11,110.0
2026-07-03,2026-06-03,LIFE11.SA,LIFE11,7.96999979019165
2026-07-03,2026-06-03,MAGM11.SA,MAGM11,10.0
2026-07-03,2026-06-03,MANA11.SA,MANA11,9.180000305175781
2026-07-03,2026-06-03,MMVE11.SA,MMVE11,147.0
2026-07-03,2026-06-03,MCLO11.SA,MCLO11,9.989999771118164
2026-07-03,2026-06-03,MCRE11.SA,MCRE11,9.149999618530273
2026-07-03,2026-06-03,MXRF11.SA,MXRF11,9.800000190734863
2026-07-03,2026-06-03,MFII11.SA,MFII11,48.65999984741211
2026-07-03,2026-06-03,MIDW11.SA,MIDW11,10.699999809265137
2026-07-03,2026-06-03,NCRI11.SA,NCRI11,8.729999542236328
2026-07-03,2026-06-03,NAVT11.SA,NAVT11,75.23999786376953
2026-07-03,2026-06-03,APTO11.SA,APTO11,8.25
2026-07-03,2026-06-03,NEWL11.SA,NEWL11,110.80000305175781
2026-07-03,2026-06-03,NEWU11.SA,NEWU11,112.19000244140625
2026-07-03,2026-06-03,NMKS11.SA,NMKS11,1052.260009765625
2026-07-03,2026-06-03,OCRE11.SA,OCRE11,77.45999908447266
2026-07-03,2026-06-03,ONDA11.SA,ONDA11,7.880000114440918
2026-07-03,2026-06-03,ARRI11.SA,ARRI11,4.579999923706055
2026-07-03,2026-06-03,OBAL11.SA,OBAL11,1095.0
2026-07-03,2026-06-03,FTCE11.SA,FTCE11,2914.89990234375
2026-07-03,2026-06-03,OUJP11.SA,OUJP11,84.7300033569336
2026-07-03,2026-06-03,OXRL11.SA,OXRL11,129.47999572753906
2026-07-03,2026-06-03,PNDL11.SA,PNDL11,160.0
2026-07-03,2026-06-03,PNPR11.SA,PNPR11,48.0
2026-07-03,2026-06-03,PNRC11.SA,PNRC11,61.0
2026-07-03,2026-06-03,PMIS11.SA,PMIS11,7.78000020980835
2026-07-03,2026-06-03,PQAG11.SA,PQAG11,55.060001373291016
2026-07-03,2026-06-03,PATA11.SA,PATA11,10.050000190734863
2026-07-03,2026-06-03,PCIP11.SA,PCIP11,83.8499984741211
2026-07-03,2026-06-03,RCFF11.SA,RCFF11,73.01000213623047
2026-07-03,2026-06-03,PATC11.SA,PATC11,38.95000076293945
2026-07-03,2026-06-03,HGRE11.SA,HGRE11,126.33999633789062
2026-07-03,2026-06-03,HGLG11.SA,HGLG11,153.97000122070312
2026-07-03,2026-06-03,PLAG11.SA,PLAG11,62.400001525878906
2026-07-03,2026-06-03,PATL11.SA,PATL11,64.1500015258789
2026-07-03,2026-06-03,RBRL11.SA,RBRL11,81.56999969482422
2026-07-03,2026-06-03,PMLL11.SA,PMLL11,105.63999938964844
2026-07-03,2026-06-03,RBRX11.SA,RBRX11,8.329999923706055
2026-07-03,2026-06-03,HGPO11.SA,HGPO11,153.4199981689453
2026-07-03,2026-06-03,HGCR11.SA,HGCR11,95.7699966430664
2026-07-03,2026-06-03,VCRR11.SA,VCRR11,58.439998626708984
2026-07-03,2026-06-03,HGRU11.SA,HGRU11,127.4000015258789
2026-07-03,2026-06-03,PSEC11.SA,PSEC11,58.650001525878906
2026-07-03,2026-06-03,TOPP11.SA,TOPP11,63.369998931884766
2026-07-03,2026-06-03,PEMA11.SA,PEMA11,25.049999237060547
2026-07-03,2026-06-03,PMRL11.SA,PMRL11,106.80999755859375
2026-07-03,2026-06-03,PRSN11.SA,PRSN11,6.010000228881836
2026-07-03,2026-06-03,PORD11.SA,PORD11,8.15999984741211
2026-07-03,2026-06-03,PLRI11.SA,PLRI11,6.909999847412109
2026-07-03,2026-06-03,PRSV11.SA,PRSV11,30.06999969482422
2026-07-03,2026-06-03,TSER11.SA,TSER11,108.0
2026-07-03,2026-06-03,FPAB11.SA,FPAB11,203.99000549316406
2026-07-03,2026-06-03,RZZV11.SA,RZZV11,1050.0
2026-07-03,2026-06-03,RZZI11.SA,RZZI11,1000.0
2026-07-03,2026-06-03,RZZR11.SA,RZZR11,131.8800048828125
2026-07-03,2026-06-03,RBDS11.SA,RBDS11,2.0999999046325684
2026-07-03,2026-06-03,RSPD11.SA,RSPD11,701.0
2026-07-03,2026-06-03,RBIR11.SA,RBIR11,77.02999877929688
2026-07-03,2026-06-03,RFOF11.SA,RFOF11,64.48999786376953
2026-07-03,2026-06-03,RBLG11.SA,RBLG11,18.049999237060547
2026-07-03,2026-06-03,FIIP11.SA,FIIP11,130.74000549316406
2026-07-03,2026-06-03,RBRD11.SA,RBRD11,36.290000915527344
2026-07-03,2026-06-03,REME11.SA,REME11,78.0
2026-07-03,2026-06-03,RBTS11.SA,RBTS11,285.04998779296875
2026-07-03,2026-06-03,RDLI11.SA,RDLI11,70.0
2026-07-03,2026-06-03,RPRI11.SA,RPRI11,78.98999786376953
2026-07-03,2026-06-03,RINV11.SA,RINV11,107.5
2026-07-03,2026-06-03,RCRI11.SA,RCRI11,102.30000305175781
2026-07-03,2026-06-03,RECD11.SA,RECD11,6.610000133514404
2026-07-03,2026-06-03,RMBS11.SA,RMBS11,8.829999923706055
2026-07-03,2026-06-03,RECM11.SA,RECM11,7.329999923706055
2026-07-03,2026-06-03,RBHG11.SA,RBHG11,64.54000091552734
2026-07-03,2026-06-03,RBHY11.SA,RBHY11,74.11000061035156
2026-07-03,2026-06-03,RBFY11.SA,RBFY11,75.0
2026-07-03,2026-06-03,RBFM11.SA,RBFM11,10.470000267028809
2026-07-03,2026-06-03,RBOP11.SA,RBOP11,222.17999267578125
2026-07-03,2026-06-03,RCRB11.SA,RCRB11,140.60000610351562
2026-07-03,2026-06-03,RBRS11.SA,RBRS11,43.0
2026-07-03,2026-06-03,RBVA11.SA,RBVA11,9.3100004196167
2026-07-03,2026-06-03,RNGO11.SA,RNGO11,51.29999923706055
2026-07-03,2026-06-03,RZAK11.SA,RZAK11,83.9000015258789
2026-07-03,2026-06-03,RZAT11.SA,RZAT11,97.25
2026-07-03,2026-06-03,RZLC11.SA,RZLC11,1013.3200073242188
2026-07-03,2026-06-03,RJDA11.SA,RJDA11,115.0
2026-07-03,2026-06-03,SAPI11.SA,SAPI11,9.069999694824219
2026-07-03,2026-06-03,SCPF11.SA,SCPF11,2.7100000381469727
2026-07-03,2026-06-03,SEQR11.SA,SEQR11,52.099998474121094
2026-07-03,2026-06-03,SHPH11.SA,SHPH11,880.0
2026-07-03,2026-06-03,SHPP11.SA,SHPP11,11.0
2026-07-03,2026-06-03,WPLZ11.SA,WPLZ11,47.5099983215332
2026-07-03,2026-06-03,REIT11.SA,REIT11,92.0
2026-07-03,2026-06-03,SJAU11.SA,SJAU11,4.099999904632568
2026-07-03,2026-06-03,SOLR11.SA,SOLR11,1051.3499755859375
2026-07-03,2026-06-03,SPTW11.SA,SPTW11,38.150001525878906
2026-07-03,2026-06-03,LTMT11.SA,LTMT11,93.77999877929688
2026-07-03,2026-06-03,DVLP11.SA,DVLP11,150.2899932861328
2026-07-03,2026-06-03,DVLT11.SA,DVLT11,103.41000366210938
2026-07-03,2026-06-03,PMFO11.SA,PMFO11,90.77999877929688
2026-07-03,2026-06-03,SPGM11.SA,SPGM11,13.359999656677246
2026-07-03,2026-06-03,SPXS11.SA,SPXS11,8.420000076293945
2026-07-03,2026-06-03,STYI11.SA,STYI11,1218.9000244140625
2026-07-03,2026-06-03,SNEL11.SA,SNEL11,8.420000076293945
2026-07-03,2026-06-03,SNFF11.SA,SNFF11,74.25
2026-07-03,2026-06-03,SNME11.SA,SNME11,9.430000305175781
2026-07-03,2026-06-03,SNCI11.SA,SNCI11,87.30000305175781
2026-07-03,2026-06-03,SPMO11.SA,SPMO11,120.0
2026-07-03,2026-06-03,TELM11.SA,TELM11,9.649999618530273
2026-07-03,2026-06-03,TEPP11.SA,TEPP11,8.279999732971191
2026-07-03,2026-06-03,TRBL11.SA,TRBL11,61.369998931884766
2026-07-03,2026-06-03,NAUI11.SA,NAUI11,1000.0
2026-07-03,2026-06-03,TRPL11.SA,TRPL11,1.0499999523162842
2026-07-03,2026-06-03,TVRI11.SA,TVRI11,90.52999877929688
2026-07-03,2026-06-03,VOTS11.SA,VOTS11,91.95999908447266
2026-07-03,2026-06-03,TJKB11.SA,TJKB11,251.35000610351562
2026-07-03,2026-06-03,TORD11.SA,TORD11,1.149999976158142
2026-07-03,2026-06-03,TSNC11.SA,TSNC11,58.79999923706055
2026-07-03,2026-06-03,TRXY11.SA,TRXY11,8.479999542236328
2026-07-03,2026-06-03,TRXF11.SA,TRXF11,90.80000305175781
2026-07-03,2026-06-03,TRXB11.SA,TRXB11,179.3300018310547
2026-07-03,2026-06-03,MGHT11.SA,MGHT11,10.600000381469727
2026-07-03,2026-06-03,URHF11.SA,URHF11,64.6500015258789
2026-07-03,2026-06-03,URPR11.SA,URPR11,22.309999465942383
2026-07-03,2026-06-03,VVCO11.SA,VVCO11,9.739999771118164
2026-07-03,2026-06-03,VVMR11.SA,VVMR11,85.0
2026-07-03,2026-06-03,VPPR11.SA,VPPR11,21.1200008392334
2026-07-03,2026-06-03,VVCR11.SA,VVCR11,9.529999732971191
2026-07-03,2026-06-03,VVRI11.SA,VVRI11,93.0
2026-07-03,2026-06-03,VGIR11.SA,VGIR11,9.6899995803833
2026-07-03,2026-06-03,VGIP11.SA,VGIP11,80.62000274658203
2026-07-03,2026-06-03,VGII11.SA,VGII11,72.66999816894531
2026-07-03,2026-06-03,VGHF11.SA,VGHF11,5.989999771118164
2026-07-03,2026-06-03,VGRI11.SA,VGRI11,6.0
2026-07-03,2026-06-03,BLMO11.SA,BLMO11,86.70999908447266
2026-07-03,2026-06-03,VCJR11.SA,VCJR11,76.4000015258789
2026-07-03,2026-06-03,VSLH11.SA,VSLH11,1.6699999570846558
2026-07-03,2026-06-03,FVPQ11.SA,FVPQ11,62.0
2026-07-03,2026-06-03,VCRI11.SA,VCRI11,7.320000171661377
2026-07-03,2026-06-03,VIUR11.SA,VIUR11,2.490000009536743
2026-07-03,2026-06-03,VILG11.SA,VILG11,94.8499984741211
2026-07-03,2026-06-03,VINO11.SA,VINO11,4.730000019073486
2026-07-03,2026-06-03,VISC11.SA,VISC11,105.98999786376953
2026-07-03,2026-06-03,SPDE11.SA,SPDE11,1266.6700439453125
2026-07-03,2026-06-03,WHGR11.SA,WHGR11,9.329999923706055
2026-07-03,2026-06-03,XLPR11.SA,XLPR11,71.0999984741211
2026-07-03,2026-06-03,XPCM11.SA,XPCM11,8.460000038146973
2026-07-03,2026-06-03,XPCI11.SA,XPCI11,82.5999984741211
2026-07-03,2026-06-03,XPLG11.SA,XPLG11,93.87000274658203
2026-07-03,2026-06-03,XPML11.SA,XPML11,106.0
2026-07-03,2026-06-03,XPSF11.SA,XPSF11,6.400000095367432
2026-07-03,2026-06-03,YUFI11.SA,YUFI11,15.0
2026-07-03,2026-06-03,ZAGH11.SA,ZAGH11,9.369999885559082
2026-07-03,2026-06-03,GGRC11.SA,GGRC11,9.949999809265137
2026-07-03,2026-06-03,ZAVC11.SA,ZAVC11,9.069999694824219
2026-07-03,2026-06-03,ZAVI11.SA,ZAVI11,9.760000228881836
2026-07-03,2026-06-03,ZIFI11.SA,ZIFI11,899.989990234375
2026-07-03,2026-06-03,AAGR11.SA,AAGR11,110.5
2026-07-03,2026-06-03,AAZQ11.SA,AAZQ11,7.400000095367432
2026-07-03,2026-06-03,BBGO11.SA,BBGO11,68.6500015258789
2026-07-03,2026-06-03,BRFT11.SA,BRFT11,88.16999816894531
2026-07-03,2026-06-03,BTAL11.SA,BTAL11,87.30999755859375
2026-07-03,2026-06-03,BTAG11.SA,BTAG11,113.0
2026-07-03,2026-06-03,BTRA11.SA,BTRA11,60.0
2026-07-03,2026-06-03,CPTR11.SA,CPTR11,8.0600004196167
2026-07-03,2026-06-03,DCRA11.SA,DCRA11,7.010000228881836
2026-07-03,2026-06-03,EGAF11.SA,EGAF11,88.13999938964844
2026-07-03,2026-06-03,FGAA11.SA,FGAA11,8.789999961853027
2026-07-03,2026-06-03,JGPX11.SA,JGPX11,63.15999984741211
2026-07-03,2026-06-03,RZAG11.SA,RZAG11,8.640000343322754
2026-07-03,2026-06-03,FTCA11.SA,FTCA11,8.779999732971191
2026-07-03,2026-06-03,GCRA11.SA,GCRA11,51.060001373291016
2026-07-03,2026-06-03,GRWA11.SA,GRWA11,7.559999942779541
2026-07-03,2026-06-03,HGAG11.SA,HGAG11,15.819999694824219
2026-07-03,2026-06-05,HGAG11.SA,HGAG11,15.819999694824219
2026-07-03,2026-06-03,IAAG11.SA,IAAG11,8.34000015258789
2026-07-03,2026-06-03,RURA11.SA,RURA11,8.779999732971191
2026-07-03,2026-06-03,KDOL11.SA,KDOL11,84.5
2026-07-03,2026-06-03,KNCA11.SA,KNCA11,93.95999908447266
2026-07-03,2026-06-03,KOPA11.SA,KOPA11,389.9800109863281
2026-07-03,2026-06-03,LSAG11.SA,LSAG11,75.1500015258789
2026-07-03,2026-06-03,NEXG11.SA,NEXG11,132.89999389648438
2026-07-03,2026-06-03,OIAG11.SA,OIAG11,8.949999809265137
2026-07-03,2026-06-03,PLCA11.SA,PLCA11,73.05999755859375
2026-07-03,2026-06-03,IAGR11.SA,IAGR11,4.320000171661377
2026-07-03,2026-06-03,CRAA11.SA,CRAA11,100.55999755859375
2026-07-03,2026-06-03,SNAG11.SA,SNAG11,10.430000305175781
2026-07-03,2026-06-03,SNFZ11.SA,SNFZ11,9.699999809265137
2026-07-03,2026-06-03,VGIA11.SA,VGIA11,9.720000267028809
2026-07-03,2026-06-03,VHFA11.SA,VHFA11,11.0
2026-07-03,2026-06-03,VCRA11.SA,VCRA11,62.20000076293945
2026-07-03,2026-06-03,XPCA11.SA,XPCA11,7.889999866485596
2026-07-04,2026-06-05,ADSH11.SA,ADSH11,10.6899995803833
2026-07-04,2026-06-05,AFHI11.SA,AFHI11,96.27999877929688
2026-07-04,2026-06-05,AFHF11.SA,AFHF11,10.0
2026-07-04,2026-06-05,AJFI11.SA,AJFI11,8.449999809265137
2026-07-04,2026-06-05,ALZC11.SA,ALZC11,7.510000228881836
2026-07-04,2026-06-05,ALZR11.SA,ALZR11,10.100000381469727
2026-07-04,2026-06-05,AURB11.SA,AURB11,81.19999694824219
2026-07-04,2026-06-05,APXM11.SA,APXM11,72.80000305175781
2026-07-04,2026-06-05,APXU11.SA,APXU11,94.48999786376953
2026-07-04,2026-06-05,AIEC11.SA,AIEC11,60.65999984741211
2026-07-04,2026-06-05,AVUR11.SA,AVUR11,96.45999908447266
2026-07-04,2026-06-05,AROA11.SA,AROA11,1.2599999904632568
2026-07-04,2026-06-05,EIRA11.SA,EIRA11,104.55000305175781
2026-07-04,2026-06-05,ARTE11.SA,ARTE11,8.489999771118164
2026-07-04,2026-06-05,ARXD11.SA,ARXD11,7.760000228881836
2026-07-04,2026-06-05,AZPL11.SA,AZPL11,7.650000095367432
2026-07-04,2026-06-05,BCRI11.SA,BCRI11,60.52000045776367
2026-07-04,2026-06-05,BNFS11.SA,BNFS11,40.25
2026-07-04,2026-06-05,BTML11.SA,BTML11,111.27999877929688
2026-07-04,2026-06-05,BBFO11.SA,BBFO11,70.29000091552734
2026-07-04,2026-06-05,BBIG11.SA,BBIG11,6.590000152587891
2026-07-04,2026-06-05,BBRC11.SA,BBRC11,105.0
2026-07-04,2026-06-05,BFCC11.SA,BFCC11,103.51000213623047
2026-07-04,2026-06-05,BGRB11.SA,BGRB11,116.51000213623047
2026-07-04,2026-06-05,BLOG11.SA,BLOG11,6.670000076293945
2026-07-04,2026-06-05,BLMG11.SA,BLMG11,31.06999969482422
2026-07-04,2026-06-05,BMLC11.SA,BMLC11,102.37000274658203
2026-07-04,2026-06-05,BCIA11.SA,BCIA11,89.94000244140625
2026-07-04,2026-06-05,BVAR11.SA,BVAR11,1260.8900146484375
2026-07-04,2026-06-05,CARE11.SA,CARE11,3.259999990463257
2026-07-04,2026-06-05,FATN11.SA,FATN11,84.69000244140625
2026-07-04,2026-06-05,BRCO11.SA,BRCO11,115.95999908447266
2026-07-04,2026-06-05,BICE11.SA,BICE11,764.1599731445312
2026-07-04,2026-06-05,BIME11.SA,BIME11,5.590000152587891
2026-07-04,2026-06-05,BRIM11.SA,BRIM11,95.0
2026-07-04,2026-06-05,BRIP11.SA,BRIP11,365.0
2026-07-04,2026-06-05,BIPD11.SA,BIPD11,989.3300170898438
2026-07-04,2026-06-05,BIPE11.SA,BIPE11,1000.0
2026-07-04,2026-06-05,BROF11.SA,BROF11,54.54999923706055
2026-07-04,2026-06-05,LLAO11.SA,LLAO11,57.20000076293945
2026-07-04,2026-06-05,BTHI11.SA,BTHI11,44.349998474121094
2026-07-04,2026-06-05,BRCR11.SA,BRCR11,44.0
2026-07-04,2026-06-05,BTCI11.SA,BTCI11,9.260000228881836
2026-07-04,2026-06-05,BTLG11.SA,BTLG11,103.3499984741211
2026-07-04,2026-06-05,BTHF11.SA,BTHF11,9.220000267028809
2026-07-04,2026-06-05,HSRE11.SA,HSRE11,83.8499984741211
2026-07-04,2026-06-05,BPML11.SA,BPML11,90.0
2026-07-04,2026-06-05,BTYU11.SA,BTYU11,7.420000076293945
2026-07-04,2026-06-05,BTWR11.SA,BTWR11,91.63999938964844
2026-07-04,2026-06-05,BTSI11.SA,BTSI11,109.0
2026-07-04,2026-06-05,CXCO11.SA,CXCO11,67.0
2026-07-04,2026-06-05,CRFF11.SA,CRFF11,75.6500015258789
2026-07-04,2026-06-05,CXRI11.SA,CXRI11,63.869998931884766
2026-07-04,2026-06-05,CCME11.SA,CCME11,8.930000305175781
2026-07-04,2026-06-05,CCVA11.SA,CCVA11,100.06999969482422
2026-07-04,2026-06-05,CPUR11.SA,CPUR11,10.460000038146973
2026-07-04,2026-06-05,CPLG11.SA,CPLG11,11.25
2026-07-04,2026-06-05,CPOF11.SA,CPOF11,113.5
2026-07-04,2026-06-05,CPTS11.SA,CPTS11,7.590000152587891
2026-07-04,2026-06-05,CPSH11.SA,CPSH11,10.039999961853027
2026-07-04,2026-06-05,CACR11.SA,CACR11,24.649999618530273
2026-07-04,2026-06-05,CBOP11.SA,CBOP11,33.4900016784668
2026-07-04,2026-06-05,BLCA11.SA,BLCA11,99.69999694824219
2026-07-04,2026-06-05,CNES11.SA,CNES11,1.399999976158142
2026-07-04,2026-06-05,CTXT11.SA,CTXT11,5.099999904632568
2026-07-04,2026-06-05,CENU11.SA,CENU11,100.0
2026-07-04,2026-06-05,CFII11.SA,CFII11,615.0
2026-07-04,2026-06-05,CJCT11.SA,CJCT11,65.98999786376953
2026-07-04,2026-06-05,CIXF11.SA,CIXF11,114.5199966430664
2026-07-04,2026-06-05,PDBM11.SA,PDBM11,115.0
2026-07-04,2026-06-05,CLIN11.SA,CLIN11,91.80000305175781
2026-07-04,2026-06-05,RENV11.SA,RENV11,6.179999828338623
2026-07-04,2026-06-05,IBCR11.SA,IBCR11,48.20000076293945
2026-07-04,2026-06-05,CYCR11.SA,CYCR11,8.75
2026-07-04,2026-06-05,CYLD11.SA,CYLD11,131.4499969482422
2026-07-04,2026-06-05,DAMA11.SA,DAMA11,6.650000095367432
2026-07-04,2026-06-05,DAYM11.SA,DAYM11,4.110000133514404
2026-07-04,2026-06-05,ASRF11.SA,ASRF11,10974.0
2026-07-04,2026-06-05,DPRO11.SA,DPRO11,4.920000076293945
2026-07-04,2026-06-05,DEVA11.SA,DEVA11,18.350000381469727
2026-07-04,2026-06-05,DAMT11.SA,DAMT11,11.890000343322754
2026-07-04,2026-06-05,DOVL11.SA,DOVL11,583.0399780273438
2026-07-04,2026-06-05,EDGE11.SA,EDGE11,1050.0
2026-07-04,2026-06-05,EMET11.SA,EMET11,8.890000343322754
2026-07-04,2026-06-05,EGYR11.SA,EGYR11,2.9800000190734863
2026-07-04,2026-06-05,EQIR11.SA,EQIR11,8.579999923706055
2026-07-04,2026-06-05,ERPA11.SA,ERPA11,129.8800048828125
2026-07-04,2026-06-05,KEVE11.SA,KEVE11,456.29998779296875
2026-07-04,2026-06-05,EXES11.SA,EXES11,9.489999771118164
2026-07-04,2026-06-05,FLCR11.SA,FLCR11,94.9800033569336
2026-07-04,2026-06-05,VRTA11.SA,VRTA11,75.19999694824219
2026-07-04,2026-06-05,VRTM11.SA,VRTM11,6.989999771118164
2026-07-04,2026-06-05,FLMA11.SA,FLMA11,159.6999969482422
2026-07-04,2026-06-05,EGDB11.SA,EGDB11,1253.699951171875
2026-07-04,2026-06-05,ELDO11.SA,ELDO11,928.5471801757812
2026-07-04,2026-06-05,EURO11.SA,EURO11,335.0
2026-07-04,2026-06-05,HYPI11.SA,HYPI11,181.5
2026-07-04,2026-06-05,HRES11.SA,HRES11,145.4499969482422
2026-07-04,2026-06-05,FIIB11.SA,FIIB11,454.010009765625
2026-07-04,2026-06-05,FMOF11.SA,FMOF11,35.0
2026-07-04,2026-06-05,ALMI11.SA,ALMI11,620.0
2026-07-04,2026-06-05,KFOF11.SA,KFOF11,79.80000305175781
2026-07-04,2026-06-05,DVFF11.SA,DVFF11,5.449999809265137
2026-07-04,2026-06-05,ANCR11.SA,ANCR11,410.5
2026-07-04,2026-06-05,FAED11.SA,FAED11,153.0
2026-07-04,2026-06-05,FCFL11.SA,FCFL11,122.0
2026-07-04,2026-06-05,CEOC11.SA,CEOC11,41.189998626708984
2026-07-04,2026-06-05,FAMB11.SA,FAMB11,930.010009765625
2026-07-04,2026-06-05,EDGA11.SA,EDGA11,13.09000015258789
2026-07-04,2026-06-05,FYTO11.SA,FYTO11,8.600000381469727
2026-07-04,2026-06-05,HCRI11.SA,HCRI11,274.0
2026-07-04,2026-06-05,NSLU11.SA,NSLU11,174.89999389648438
2026-07-04,2026-06-05,MAXR11.SA,MAXR11,55.09000015258789
2026-07-04,2026-06-05,PQDP11.SA,PQDP11,2570.0
2026-07-04,2026-06-05,RBRI11.SA,RBRI11,600.0
2026-07-04,2026-06-05,RDIV11.SA,RDIV11,86.0
2026-07-04,2026-06-05,RBRR11.SA,RBRR11,82.62000274658203
2026-07-04,2026-06-05,RECR11.SA,RECR11,82.58999633789062
2026-07-04,2026-06-05,RECT11.SA,RECT11,35.599998474121094
2026-07-04,2026-06-05,SHDP11.SA,SHDP11,1210.050048828125
2026-07-04,2026-06-05,TRNT11.SA,TRNT11,105.7699966430664
2026-07-04,2026-06-05,APXR11.SA,APXR11,99.98999786376953
2026-07-04,2026-06-05,CXAG11.SA,CXAG11,75.16000366210938
2026-07-04,2026-06-05,CXCI11.SA,CXCI11,68.6500015258789
2026-07-04,2026-06-05,CXCE11.SA,CXCE11,40.689998626708984
2026-07-04,2026-06-05,CXTL11.SA,CXTL11,338.9700012207031
2026-07-04,2026-06-05,LKDV11.SA,LKDV11,1081.9300537109375
2026-07-04,2026-06-05,EDFO11.SA,EDFO11,131.49000549316406
2026-07-04,2026-06-05,NVHO11.SA,NVHO11,11.579999923706055
2026-07-04,2026-06-05,GTWR11.SA,GTWR11,80.0999984741211
2026-07-04,2026-06-05,HBCR11.SA,HBCR11,146.0
2026-07-04,2026-06-05,HUCG11.SA,HUCG11,86.12000274658203
2026-07-04,2026-06-05,HUSC11.SA,HUSC11,96.01000213623047
2026-07-04,2026-06-05,HOSI11.SA,HOSI11,81.88999938964844
2026-07-04,2026-06-05,BLUE11.SA,BLUE11,143.00999450683594
2026-07-04,2026-06-05,MMPD11.SA,MMPD11,110.61000061035156
2026-07-04,2026-06-05,MCCI11.SA,MCCI11,95.5999984741211
2026-07-04,2026-06-05,WTSP11.SA,WTSP11,64.80000305175781
2026-07-04,2026-06-05,PABY11.SA,PABY11,19.110000610351562
2026-07-04,2026-06-05,RBRP11.SA,RBRP11,51.20000076293945
2026-07-04,2026-06-05,FPNG11.SA,FPNG11,480.0
2026-07-04,2026-06-05,VTPL11.SA,VTPL11,65.9000015258789
2026-07-04,2026-06-05,VPSI11.SA,VPSI11,22.3799991607666
2026-07-04,2026-06-05,RBRY11.SA,RBRY11,92.58000183105469
2026-07-04,2026-06-05,RELG11.SA,RELG11,66.5999984741211
2026-07-04,2026-06-05,RZTR11.SA,RZTR11,89.41000366210938
2026-07-04,2026-06-05,ROOF11.SA,ROOF11,350.0
2026-07-04,2026-06-05,HOMS11.SA,HOMS11,129.08999633789062
2026-07-04,2026-06-05,FISC11.SA,FISC11,61.0
2026-07-04,2026-06-05,SAIC11.SA,SAIC11,34.040000915527344
2026-07-04,2026-06-05,SMRE11.SA,SMRE11,50.9900016784668
2026-07-04,2026-06-05,TGAR11.SA,TGAR11,54.779998779296875
2026-07-04,2026-06-05,TRCO11.SA,TRCO11,10.199999809265137
2026-07-04,2026-06-05,TRUE11.SA,TRUE11,24.030000686645508
2026-07-04,2026-06-05,LVBI11.SA,LVBI11,105.44999694824219
2026-07-04,2026-06-05,PVBI11.SA,PVBI11,72.80000305175781
2026-07-04,2026-06-05,VERE11.SA,VERE11,445.760009765625
2026-07-04,2026-06-05,FIVN11.SA,FIVN11,3.299999952316284
2026-07-04,2026-06-05,VSHO11.SA,VSHO11,73.69999694824219
2026-07-04,2026-06-05,BMLT11.SA,BMLT11,109.0
2026-07-04,2026-06-05,BSLT11.SA,BSLT11,73.68000030517578
2026-07-04,2026-06-05,GCDL11.SA,GCDL11,123.0999984741211
2026-07-04,2026-06-05,GSRF11.SA,GSRF11,111.98999786376953
2026-07-04,2026-06-05,GFDL11.SA,GFDL11,116.18000030517578
2026-07-04,2026-06-05,GLPF11.SA,GLPF11,108.41000366210938
2026-07-04,2026-06-05,GLCR11.SA,GLCR11,100.0
2026-07-04,2026-06-05,GCRI11.SA,GCRI11,68.19999694824219
2026-07-04,2026-06-05,GCOI11.SA,GCOI11,72.87000274658203
2026-07-04,2026-06-05,GZIT11.SA,GZIT11,41.75
2026-07-04,2026-06-05,FIGS11.SA,FIGS11,49.810001373291016
2026-07-04,2026-06-05,GSFI11.SA,GSFI11,11.390000343322754
2026-07-04,2026-06-05,VXXV11.SA,VXXV11,762.0
2026-07-04,2026-06-05,GLOG11.SA,GLOG11,72.6500015258789
2026-07-04,2026-06-05,ABCP11.SA,ABCP11,76.01000213623047
2026-07-04,2026-06-05,RCFA11.SA,RCFA11,0.9399999976158142
2026-07-04,2026-06-05,GAME11.SA,GAME11,8.90999984741211
2026-07-04,2026-06-05,GARE11.SA,GARE11,8.220000267028809
2026-07-04,2026-06-05,HABT11.SA,HABT11,70.20999908447266
2026-07-04,2026-06-05,AERO11.SA,AERO11,100.01000213623047
2026-07-04,2026-06-05,HCTR11.SA,HCTR11,16.290000915527344
2026-07-04,2026-06-05,HCST11.SA,HCST11,79.13999938964844
2026-07-04,2026-06-05,HCHG11.SA,HCHG11,80.0
2026-07-04,2026-06-05,HAAA11.SA,HAAA11,56.279998779296875
2026-07-04,2026-06-05,ATSA11.SA,ATSA11,56.97999954223633
2026-07-04,2026-06-05,HGBL11.SA,HGBL11,9.170000076293945
2026-07-04,2026-06-05,HGBS11.SA,HGBS11,19.8799991607666
2026-07-04,2026-06-05,HDEL11.SA,HDEL11,4.28000020980835
2026-07-04,2026-06-05,FLRP11.SA,FLRP11,20.649999618530273
2026-07-04,2026-06-05,HJCT11.SA,HJCT11,115.6500015258789
2026-07-04,2026-06-05,HLOG11.SA,HLOG11,9.0600004196167
2026-07-04,2026-06-05,HOFC11.SA,HOFC11,33.70000076293945
2026-07-04,2026-06-05,HDOF11.SA,HDOF11,90.0
2026-07-04,2026-06-05,HRDF11.SA,HRDF11,6.400000095367432
2026-07-04,2026-06-05,HREC11.SA,HREC11,8.479999542236328
2026-07-04,2026-06-05,SEED11.SA,SEED11,100.0
2026-07-04,2026-06-05,HPDP11.SA,HPDP11,87.44999694824219
2026-07-04,2026-06-05,HFOF11.SA,HFOF11,6.5
2026-07-04,2026-06-05,YEES11.SA,YEES11,102.0
2026-07-04,2026-06-05,HGIC11.SA,HGIC11,57.900001525878906
2026-07-04,2026-06-05,HILG11.SA,HILG11,186.80999755859375
2026-07-04,2026-06-05,HTMX11.SA,HTMX11,133.07000732421875
2026-07-04,2026-06-05,HSAF11.SA,HSAF11,80.31999969482422
2026-07-04,2026-06-05,HSLG11.SA,HSLG11,88.0999984741211
2026-07-04,2026-06-05,HSML11.SA,HSML11,90.22000122070312
2026-07-04,2026-06-05,HUSI11.SA,HUSI11,1090.0
2026-07-04,2026-06-05,GRUL11.SA,GRUL11,8.449999809265137
2026-07-04,2026-06-05,ICNE11.SA,ICNE11,639.0900268554688
2026-07-04,2026-06-05,IMMB11.SA,IMMB11,170.0
2026-07-04,2026-06-05,INDE11.SA,INDE11,80.0
2026-07-04,2026-06-05,INLG11.SA,INLG11,65.5999984741211
2026-07-04,2026-06-05,INRD11.SA,INRD11,74.94999694824219
2026-07-04,2026-06-05,ITIP11.SA,ITIP11,68.63999938964844
2026-07-04,2026-06-05,ITIT11.SA,ITIT11,76.06999969482422
2026-07-04,2026-06-05,IBBP11.SA,IBBP11,8.3100004196167
2026-07-04,2026-06-05,XPIN11.SA,XPIN11,63.400001525878906
2026-07-04,2026-06-05,IRIM11.SA,IRIM11,67.08999633789062
2026-07-04,2026-06-05,ICRI11.SA,ICRI11,95.43000030517578
2026-07-04,2026-06-05,TMPS11.SA,TMPS11,74.62000274658203
2026-07-04,2026-06-05,ITRI11.SA,ITRI11,81.87999725341797
2026-07-04,2026-06-05,JASC11.SA,JASC11,100.0
2026-07-04,2026-06-05,VJFD11.SA,VJFD11,126.95999908447266
2026-07-04,2026-06-05,JFLL11.SA,JFLL11,56.5099983215332
2026-07-04,2026-06-05,JCCJ11.SA,JCCJ11,158.0
2026-07-04,2026-06-05,JPPA11.SA,JPPA11,85.05000305175781
2026-07-04,2026-06-05,JSAF11.SA,JSAF11,7.400000095367432
2026-07-04,2026-06-05,JSRE11.SA,JSRE11,60.79999923706055
2026-07-04,2026-06-05,JSCR11.SA,JSCR11,8.369999885559082
2026-07-04,2026-06-05,KISU11.SA,KISU11,6.510000228881836
2026-07-04,2026-06-05,KIVO11.SA,KIVO11,58.400001525878906
2026-07-04,2026-06-05,KCRE11.SA,KCRE11,9.15999984741211
2026-07-04,2026-06-05,KFEN11.SA,KFEN11,1100.0
2026-07-04,2026-06-05,KNHF11.SA,KNHF11,96.69999694824219
2026-07-04,2026-06-05,KNHY11.SA,KNHY11,99.77999877929688
2026-07-04,2026-06-05,KNRE11.SA,KNRE11,0.33000001311302185
2026-07-04,2026-06-05,KNIP11.SA,KNIP11,93.1500015258789
2026-07-04,2026-06-05,KORE11.SA,KORE11,65.91000366210938
2026-07-04,2026-06-05,KNRI11.SA,KNRI11,156.60000610351562
2026-07-04,2026-06-05,KNCR11.SA,KNCR11,106.61000061035156
2026-07-04,2026-06-05,KNSC11.SA,KNSC11,9.100000381469727
2026-07-04,2026-06-05,KNUQ11.SA,KNUQ11,103.4000015258789
2026-07-04,2026-06-05,LMAI11.SA,LMAI11,37.0
2026-07-04,2026-06-05,LPLP11.SA,LPLP11,210.0
2026-07-04,2026-06-05,LRED11.SA,LRED11,12.0
2026-07-04,2026-06-05,LSOI11.SA,LSOI11,12.020000457763672
2026-07-04,2026-06-05,LSOP11.SA,LSOP11,10.600000381469727
2026-07-04,2026-06-05,LRDI11.SA,LRDI11,118.5
2026-07-04,2026-06-05,LASC11.SA,LASC11,111.95999908447266
2026-07-04,2026-06-05,LIFE11.SA,LIFE11,7.900000095367432
2026-07-04,2026-06-05,MAGM11.SA,MAGM11,10.0
2026-07-04,2026-06-05,MANA11.SA,MANA11,9.210000038146973
2026-07-04,2026-06-05,MMVE11.SA,MMVE11,147.0
2026-07-04,2026-06-05,MCLO11.SA,MCLO11,9.989999771118164
2026-07-04,2026-06-05,MCRE11.SA,MCRE11,9.15999984741211
2026-07-04,2026-06-05,MXRF11.SA,MXRF11,9.800000190734863
2026-07-04,2026-06-05,MFII11.SA,MFII11,48.84000015258789
2026-07-04,2026-06-05,MIDW11.SA,MIDW11,10.699999809265137
2026-07-04,2026-06-05,NCRI11.SA,NCRI11,9.020000457763672
2026-07-04,2026-06-05,NAVT11.SA,NAVT11,73.87999725341797
2026-07-04,2026-06-05,APTO11.SA,APTO11,8.300000190734863
2026-07-04,2026-06-05,NEWL11.SA,NEWL11,110.70999908447266
2026-07-04,2026-06-05,NEWU11.SA,NEWU11,112.19000244140625
2026-07-04,2026-06-05,NMKS11.SA,NMKS11,1052.260009765625
2026-07-04,2026-06-05,OCRE11.SA,OCRE11,77.45999908447266
2026-07-04,2026-06-05,ONDA11.SA,ONDA11,7.880000114440918
2026-07-04,2026-06-05,ARRI11.SA,ARRI11,4.46999979019165
2026-07-04,2026-06-05,OBAL11.SA,OBAL11,1095.0
2026-07-04,2026-06-05,FTCE11.SA,FTCE11,2914.89990234375
2026-07-04,2026-06-05,OUJP11.SA,OUJP11,84.81999969482422
2026-07-04,2026-06-05,OXRL11.SA,OXRL11,129.47999572753906
2026-07-04,2026-06-05,PNDL11.SA,PNDL11,160.0
2026-07-04,2026-06-05,PNPR11.SA,PNPR11,48.0
2026-07-04,2026-06-05,PNRC11.SA,PNRC11,61.0
2026-07-04,2026-06-05,PMIS11.SA,PMIS11,7.800000190734863
2026-07-04,2026-06-05,PQAG11.SA,PQAG11,55.34000015258789
2026-07-04,2026-06-05,PATA11.SA,PATA11,9.789999961853027
2026-07-04,2026-06-05,PCIP11.SA,PCIP11,84.26000213623047
2026-07-04,2026-06-05,RCFF11.SA,RCFF11,73.01000213623047
2026-07-04,2026-06-05,PATC11.SA,PATC11,38.72999954223633
2026-07-04,2026-06-05,HGRE11.SA,HGRE11,126.97000122070312
2026-07-04,2026-06-05,HGLG11.SA,HGLG11,154.9499969482422
2026-07-04,2026-06-05,PLAG11.SA,PLAG11,62.209999084472656
2026-07-04,2026-06-05,PATL11.SA,PATL11,64.1500015258789
2026-07-04,2026-06-05,RBRL11.SA,RBRL11,81.4000015258789
2026-07-04,2026-06-05,PMLL11.SA,PMLL11,105.69000244140625
2026-07-04,2026-06-05,RBRX11.SA,RBRX11,8.369999885559082
2026-07-04,2026-06-05,HGPO11.SA,HGPO11,153.4199981689453
2026-07-04,2026-06-05,HGCR11.SA,HGCR11,95.05999755859375
2026-07-04,2026-06-05,VCRR11.SA,VCRR11,58.560001373291016
2026-07-04,2026-06-05,HGRU11.SA,HGRU11,128.47000122070312
2026-07-04,2026-06-05,PSEC11.SA,PSEC11,58.70000076293945
2026-07-04,2026-06-05,TOPP11.SA,TOPP11,62.599998474121094
2026-07-04,2026-06-05,PEMA11.SA,PEMA11,25.049999237060547
2026-07-04,2026-06-05,PMRL11.SA,PMRL11,106.80999755859375
2026-07-04,2026-06-05,PRSN11.SA,PRSN11,6.010000228881836
2026-07-04,2026-06-05,PORD11.SA,PORD11,8.180000305175781
2026-07-04,2026-06-05,PLRI11.SA,PLRI11,6.909999847412109
2026-07-04,2026-06-05,PRSV11.SA,PRSV11,30.0
2026-07-04,2026-06-05,TSER11.SA,TSER11,108.0
2026-07-04,2026-06-05,FPAB11.SA,FPAB11,203.99000549316406
2026-07-04,2026-06-05,RZZV11.SA,RZZV11,1050.0
2026-07-04,2026-06-05,RZZI11.SA,RZZI11,1000.0
2026-07-04,2026-06-05,RZZR11.SA,RZZR11,131.8800048828125
2026-07-04,2026-06-05,RBDS11.SA,RBDS11,1.7000000476837158
2026-07-04,2026-06-05,RSPD11.SA,RSPD11,701.0
2026-07-04,2026-06-05,RBIR11.SA,RBIR11,77.02999877929688
2026-07-04,2026-06-05,RFOF11.SA,RFOF11,64.48999786376953
2026-07-04,2026-06-05,RBLG11.SA,RBLG11,18.049999237060547
2026-07-04,2026-06-05,FIIP11.SA,FIIP11,132.17999267578125
2026-07-04,2026-06-05,RBRD11.SA,RBRD11,37.0
2026-07-04,2026-06-05,REME11.SA,REME11,78.0
2026-07-04,2026-06-05,RBTS11.SA,RBTS11,285.04998779296875
2026-07-04,2026-06-05,RDLI11.SA,RDLI11,63.0
2026-07-04,2026-06-05,RPRI11.SA,RPRI11,79.3499984741211
2026-07-04,2026-06-05,RINV11.SA,RINV11,107.4000015258789
2026-07-04,2026-06-05,RCRI11.SA,RCRI11,102.44999694824219
2026-07-04,2026-06-05,RECD11.SA,RECD11,6.610000133514404
2026-07-04,2026-06-05,RMBS11.SA,RMBS11,8.819999694824219
2026-07-04,2026-06-05,RECM11.SA,RECM11,7.289999961853027
2026-07-04,2026-06-05,RBHG11.SA,RBHG11,65.19999694824219
2026-07-04,2026-06-05,RBHY11.SA,RBHY11,74.25
2026-07-04,2026-06-05,RBFY11.SA,RBFY11,75.0
2026-07-04,2026-06-05,RBFM11.SA,RBFM11,10.390000343322754
2026-07-04,2026-06-05,RBOP11.SA,RBOP11,222.0
2026-07-04,2026-06-05,RCRB11.SA,RCRB11,141.25
2026-07-04,2026-06-05,RBRS11.SA,RBRS11,43.099998474121094
2026-07-04,2026-06-05,RBVA11.SA,RBVA11,9.3100004196167
2026-07-04,2026-06-05,RNGO11.SA,RNGO11,50.880001068115234
2026-07-04,2026-06-05,RZAK11.SA,RZAK11,83.91000366210938
2026-07-04,2026-06-05,RZAT11.SA,RZAT11,97.58000183105469
2026-07-04,2026-06-05,RZLC11.SA,RZLC11,1002.2999877929688
2026-07-04,2026-06-05,RJDA11.SA,RJDA11,115.0
2026-07-04,2026-06-05,SAPI11.SA,SAPI11,9.109999656677246
2026-07-04,2026-06-05,SCPF11.SA,SCPF11,2.7699999809265137
2026-07-04,2026-06-05,SEQR11.SA,SEQR11,52.119998931884766
2026-07-04,2026-06-05,SHPH11.SA,SHPH11,901.010009765625
2026-07-04,2026-06-05,SHPP11.SA,SHPP11,11.0
2026-07-04,2026-06-05,WPLZ11.SA,WPLZ11,47.5099983215332
2026-07-04,2026-06-05,REIT11.SA,REIT11,92.0
2026-07-04,2026-06-05,SJAU11.SA,SJAU11,4.119999885559082
2026-07-04,2026-06-05,SOLR11.SA,SOLR11,1051.3499755859375
2026-07-04,2026-06-05,SPTW11.SA,SPTW11,37.75
2026-07-04,2026-06-05,LTMT11.SA,LTMT11,93.77999877929688
2026-07-04,2026-06-05,DVLP11.SA,DVLP11,150.2899932861328
2026-07-04,2026-06-05,DVLT11.SA,DVLT11,103.41000366210938
2026-07-04,2026-06-05,PMFO11.SA,PMFO11,90.77999877929688
2026-07-04,2026-06-05,SPGM11.SA,SPGM11,13.359999656677246
2026-07-04,2026-06-05,SPXS11.SA,SPXS11,8.380000114440918
2026-07-04,2026-06-05,STYI11.SA,STYI11,1219.9599609375
2026-07-04,2026-06-05,SNEL11.SA,SNEL11,8.5
2026-07-04,2026-06-05,SNFF11.SA,SNFF11,74.37000274658203
2026-07-04,2026-06-05,SNME11.SA,SNME11,9.4399995803833
2026-07-04,2026-06-05,SNCI11.SA,SNCI11,87.5
2026-07-04,2026-06-05,SPMO11.SA,SPMO11,120.0
2026-07-04,2026-06-05,TELM11.SA,TELM11,9.779999732971191
2026-07-04,2026-06-05,TEPP11.SA,TEPP11,8.220000267028809
2026-07-04,2026-06-05,TRBL11.SA,TRBL11,61.97999954223633
2026-07-04,2026-06-05,NAUI11.SA,NAUI11,1000.0
2026-07-04,2026-06-05,TRPL11.SA,TRPL11,1.0499999523162842
2026-07-04,2026-06-05,TVRI11.SA,TVRI11,90.58999633789062
2026-07-04,2026-06-05,VOTS11.SA,VOTS11,89.19000244140625
2026-07-04,2026-06-05,TJKB11.SA,TJKB11,251.27000427246094
2026-07-04,2026-06-05,TORD11.SA,TORD11,1.100000023841858
2026-07-04,2026-06-05,TSNC11.SA,TSNC11,58.79999923706055
2026-07-04,2026-06-05,TRXY11.SA,TRXY11,8.350000381469727
2026-07-04,2026-06-05,TRXF11.SA,TRXF11,91.48999786376953
2026-07-04,2026-06-05,TRXB11.SA,TRXB11,182.64999389648438
2026-07-04,2026-06-05,MGHT11.SA,MGHT11,10.529999732971191
2026-07-04,2026-06-05,URHF11.SA,URHF11,64.9000015258789
2026-07-04,2026-06-05,URPR11.SA,URPR11,23.3700008392334
2026-07-04,2026-06-05,VVCO11.SA,VVCO11,8.5
2026-07-04,2026-06-05,VVMR11.SA,VVMR11,85.0
2026-07-04,2026-06-05,VPPR11.SA,VPPR11,21.1200008392334
2026-07-04,2026-06-05,VVCR11.SA,VVCR11,9.539999961853027
2026-07-04,2026-06-05,VVRI11.SA,VVRI11,93.0
2026-07-04,2026-06-05,VGIR11.SA,VGIR11,9.720000267028809
2026-07-04,2026-06-05,VGIP11.SA,VGIP11,80.52999877929688
2026-07-04,2026-06-05,VGII11.SA,VGII11,72.66999816894531
2026-07-04,2026-06-05,VGHF11.SA,VGHF11,5.880000114440918
2026-07-04,2026-06-05,VGRI11.SA,VGRI11,5.880000114440918
2026-07-04,2026-06-05,BLMO11.SA,BLMO11,86.70999908447266
2026-07-04,2026-06-05,VCJR11.SA,VCJR11,76.94999694824219
2026-07-04,2026-06-05,VSLH11.SA,VSLH11,1.6699999570846558
2026-07-04,2026-06-05,FVPQ11.SA,FVPQ11,61.86000061035156
2026-07-04,2026-06-05,VCRI11.SA,VCRI11,7.349999904632568
2026-07-04,2026-06-05,VIUR11.SA,VIUR11,2.4800000190734863
2026-07-04,2026-06-05,VILG11.SA,VILG11,94.02999877929688
2026-07-04,2026-06-05,VINO11.SA,VINO11,4.71999979019165
2026-07-04,2026-06-05,VISC11.SA,VISC11,105.69000244140625
2026-07-04,2026-06-05,SPDE11.SA,SPDE11,1266.6700439453125
2026-07-04,2026-06-05,WHGR11.SA,WHGR11,9.350000381469727
2026-07-04,2026-06-05,XLPR11.SA,XLPR11,70.0
2026-07-04,2026-06-05,XPCM11.SA,XPCM11,8.220000267028809
2026-07-04,2026-06-05,XPCI11.SA,XPCI11,83.58999633789062
2026-07-04,2026-06-05,XPLG11.SA,XPLG11,94.27999877929688
2026-07-04,2026-06-05,XPML11.SA,XPML11,106.4000015258789
2026-07-04,2026-06-05,XPSF11.SA,XPSF11,6.349999904632568
2026-07-04,2026-06-05,YUFI11.SA,YUFI11,15.0
2026-07-04,2026-06-05,ZAGH11.SA,ZAGH11,9.399999618530273
2026-07-04,2026-06-05,GGRC11.SA,GGRC11,9.979999542236328
2026-07-04,2026-06-05,ZAVC11.SA,ZAVC11,9.079999923706055
2026-07-04,2026-06-05,ZAVI11.SA,ZAVI11,9.569999694824219
2026-07-04,2026-06-05,ZIFI11.SA,ZIFI11,899.989990234375
2026-07-04,2026-06-05,AAGR11.SA,AAGR11,113.01000213623047
2026-07-04,2026-06-05,AAZQ11.SA,AAZQ11,7.360000133514404
2026-07-04,2026-06-05,BBGO11.SA,BBGO11,68.76000213623047
2026-07-04,2026-06-05,BRFT11.SA,BRFT11,89.5
2026-07-04,2026-06-05,BTAL11.SA,BTAL11,87.7699966430664
2026-07-04,2026-06-05,BTAG11.SA,BTAG11,113.43000030517578
2026-07-04,2026-06-05,BTRA11.SA,BTRA11,60.4900016784668
2026-07-04,2026-06-05,CPTR11.SA,CPTR11,8.0600004196167
2026-07-04,2026-06-05,DCRA11.SA,DCRA11,6.989999771118164
2026-07-04,2026-06-05,EGAF11.SA,EGAF11,87.43000030517578
2026-07-04,2026-06-05,FGAA11.SA,FGAA11,8.819999694824219
2026-07-04,2026-06-05,JGPX11.SA,JGPX11,63.22999954223633
2026-07-04,2026-06-05,RZAG11.SA,RZAG11,8.529999732971191
2026-07-04,2026-06-05,FTCA11.SA,FTCA11,8.539999961853027
2026-07-04,2026-06-05,GCRA11.SA,GCRA11,52.060001373291016
2026-07-04,2026-06-05,GRWA11.SA,GRWA11,7.579999923706055
2026-07-04,2026-06-05,IAAG11.SA,IAAG11,8.329999923706055
2026-07-04,2026-06-05,RURA11.SA,RURA11,8.75
2026-07-04,2026-06-05,KDOL11.SA,KDOL11,84.95999908447266
2026-07-04,2026-06-05,KNCA11.SA,KNCA11,93.88999938964844
2026-07-04,2026-06-05,KOPA11.SA,KOPA11,390.9800109863281
2026-07-04,2026-06-05,LSAG11.SA,LSAG11,75.69999694824219
2026-07-04,2026-06-05,NEXG11.SA,NEXG11,132.99000549316406
2026-07-04,2026-06-05,OIAG11.SA,OIAG11,8.960000038146973
2026-07-04,2026-06-05,PLCA11.SA,PLCA11,74.05000305175781
2026-07-04,2026-06-05,IAGR11.SA,IAGR11,4.329999923706055
2026-07-04,2026-06-05,CRAA11.SA,CRAA11,100.5999984741211
2026-07-04,2026-06-05,SNAG11.SA,SNAG11,10.4399995803833
2026-07-04,2026-06-05,SNFZ11.SA,SNFZ11,9.670000076293945
2026-07-04,2026-06-05,VGIA11.SA,VGIA11,9.8100004196167
2026-07-04,2026-06-05,VHFA11.SA,VHFA11,11.109999656677246
2026-07-04,2026-06-05,VCRA11.SA,VCRA11,62.16999816894531
2026-07-04,2026-06-05,XPCA11.SA,XPCA11,7.860000133514404
2026-07-06,2026-07-03,IFIX.SA,IFIX,3846.780029296875
2026-07-06,2026-07-03,AGRX11.SA,AGRX11,8.489999771118164
2026-07-07,2026-07-06,IFIX.SA,IFIX,3835.010009765625
2026-07-07,2026-07-06,AGRX11.SA,AGRX11,8.5
2026-07-08,2026-07-07,IFIX.SA,IFIX,3828.530029296875
2026-07-08,2026-06-14,TCIN11.SA,TCIN11,145.9199981689453
2026-07-08,2026-07-02,JPRD11.SA,JPRD11,100.0
2026-07-08,2026-06-14,STRX11.SA,STRX11,141.9600067138672
2026-07-08,2026-06-14,VCTH11.SA,VCTH11,101.0
2026-07-08,2026-07-07,AGRX11.SA,AGRX11,8.489999771118164
2026-07-08,2026-06-14,RZEO11.SA,RZEO11,190.0
2026-07-08,2026-06-26,FZDB11.SA,FZDB11,154.4600067138672
2026-07-08,2026-06-08,ADSH11.SA,ADSH11,10.699999809265137
2026-07-08,2026-06-09,ADSH11.SA,ADSH11,10.699999809265137
2026-07-08,2026-06-10,ADSH11.SA,ADSH11,10.699999809265137
2026-07-08,2026-06-11,ADSH11.SA,ADSH11,10.699999809265137
2026-07-08,2026-06-12,ADSH11.SA,ADSH11,10.6899995803833
2026-07-08,2026-06-15,ADSH11.SA,ADSH11,10.6899995803833
2026-07-08,2026-06-16,ADSH11.SA,ADSH11,10.6899995803833
2026-07-08,2026-06-17,ADSH11.SA,ADSH11,10.6899995803833
2026-07-08,2026-06-18,ADSH11.SA,ADSH11,10.6899995803833
2026-07-08,2026-06-19,ADSH11.SA,ADSH11,10.6899995803833
2026-07-08,2026-06-22,ADSH11.SA,ADSH11,10.6899995803833
2026-07-08,2026-06-23,ADSH11.SA,ADSH11,10.6899995803833
2026-07-08,2026-06-24,ADSH11.SA,ADSH11,10.6899995803833
2026-07-08,2026-06-25,ADSH11.SA,ADSH11,10.6899995803833
2026-07-08,2026-06-26,ADSH11.SA,ADSH11,10.619999885559082
2026-07-08,2026-06-29,ADSH11.SA,ADSH11,10.619999885559082
2026-07-08,2026-06-30,ADSH11.SA,ADSH11,10.699999809265137
2026-07-08,2026-07-01,ADSH11.SA,ADSH11,10.699999809265137
2026-07-08,2026-07-02,ADSH11.SA,ADSH11,10.699999809265137
2026-07-08,2026-07-03,ADSH11.SA,ADSH11,10.670000076293945
2026-07-08,2026-07-06,ADSH11.SA,ADSH11,10.670000076293945
2026-07-08,2026-07-07,ADSH11.SA,ADSH11,10.670000076293945
2026-07-08,2026-06-08,AFHI11.SA,AFHI11,95.86000061035156
2026-07-08,2026-06-09,AFHI11.SA,AFHI11,96.11000061035156
2026-07-08,2026-06-10,AFHI11.SA,AFHI11,95.68000030517578
2026-07-08,2026-06-11,AFHI11.SA,AFHI11,95.88999938964844
2026-07-08,2026-06-12,AFHI11.SA,AFHI11,96.0999984741211
2026-07-08,2026-06-15,AFHI11.SA,AFHI11,96.23999786376953
2026-07-08,2026-06-16,AFHI11.SA,AFHI11,95.55999755859375
2026-07-08,2026-06-17,AFHI11.SA,AFHI11,95.44000244140625
2026-07-08,2026-06-18,AFHI11.SA,AFHI11,95.30000305175781
2026-07-08,2026-06-19,AFHI11.SA,AFHI11,95.43000030517578
2026-07-08,2026-06-22,AFHI11.SA,AFHI11,95.44000244140625
2026-07-08,2026-06-23,AFHI11.SA,AFHI11,95.44000244140625
2026-07-08,2026-06-24,AFHI11.SA,AFHI11,95.5999984741211
2026-07-08,2026-06-25,AFHI11.SA,AFHI11,95.26000213623047
2026-07-08,2026-06-26,AFHI11.SA,AFHI11,95.5999984741211
2026-07-08,2026-06-29,AFHI11.SA,AFHI11,95.44999694824219
2026-07-08,2026-06-30,AFHI11.SA,AFHI11,96.0
2026-07-08,2026-07-01,AFHI11.SA,AFHI11,95.41000366210938
2026-07-08,2026-07-02,AFHI11.SA,AFHI11,95.38999938964844
2026-07-08,2026-07-03,AFHI11.SA,AFHI11,95.97000122070312
2026-07-08,2026-07-06,AFHI11.SA,AFHI11,95.80999755859375
2026-07-08,2026-07-07,AFHI11.SA,AFHI11,95.70999908447266
2026-07-08,2026-06-08,AFHF11.SA,AFHF11,9.979999542236328
2026-07-08,2026-06-09,AFHF11.SA,AFHF11,10.0
2026-07-08,2026-06-10,AFHF11.SA,AFHF11,9.979999542236328
2026-07-08,2026-06-11,AFHF11.SA,AFHF11,9.989999771118164
2026-07-08,2026-06-12,AFHF11.SA,AFHF11,10.0
2026-07-08,2026-06-15,AFHF11.SA,AFHF11,10.029999732971191
2026-07-08,2026-06-16,AFHF11.SA,AFHF11,9.979999542236328
2026-07-08,2026-06-17,AFHF11.SA,AFHF11,9.970000267028809
2026-07-08,2026-06-18,AFHF11.SA,AFHF11,9.979999542236328
2026-07-08,2026-06-19,AFHF11.SA,AFHF11,9.989999771118164
2026-07-08,2026-06-22,AFHF11.SA,AFHF11,9.989999771118164
2026-07-08,2026-06-23,AFHF11.SA,AFHF11,9.979999542236328
2026-07-08,2026-06-24,AFHF11.SA,AFHF11,9.979999542236328
2026-07-08,2026-06-25,AFHF11.SA,AFHF11,10.020000457763672
2026-07-08,2026-06-26,AFHF11.SA,AFHF11,10.039999961853027
2026-07-08,2026-06-29,AFHF11.SA,AFHF11,10.039999961853027
2026-07-08,2026-06-30,AFHF11.SA,AFHF11,10.050000190734863
2026-07-08,2026-07-01,AFHF11.SA,AFHF11,10.069999694824219
2026-07-08,2026-07-02,AFHF11.SA,AFHF11,10.0
2026-07-08,2026-07-03,AFHF11.SA,AFHF11,10.020000457763672
2026-07-08,2026-07-06,AFHF11.SA,AFHF11,10.0
2026-07-08,2026-07-07,AFHF11.SA,AFHF11,10.050000190734863
2026-07-08,2026-06-08,AJFI11.SA,AJFI11,8.479999542236328
2026-07-08,2026-06-09,AJFI11.SA,AJFI11,8.479999542236328
2026-07-08,2026-06-10,AJFI11.SA,AJFI11,8.5
2026-07-08,2026-06-11,AJFI11.SA,AJFI11,8.5
2026-07-08,2026-06-12,AJFI11.SA,AJFI11,8.449999809265137
2026-07-08,2026-06-15,AJFI11.SA,AJFI11,8.479999542236328
2026-07-08,2026-06-16,AJFI11.SA,AJFI11,8.5
2026-07-08,2026-06-17,AJFI11.SA,AJFI11,8.4399995803833
2026-07-08,2026-06-18,AJFI11.SA,AJFI11,8.479999542236328
2026-07-08,2026-06-19,AJFI11.SA,AJFI11,8.5
2026-07-08,2026-06-22,AJFI11.SA,AJFI11,8.449999809265137
2026-07-08,2026-06-23,AJFI11.SA,AJFI11,8.489999771118164
2026-07-08,2026-06-24,AJFI11.SA,AJFI11,8.399999618530273
2026-07-08,2026-06-25,AJFI11.SA,AJFI11,8.380000114440918
2026-07-08,2026-06-26,AJFI11.SA,AJFI11,8.350000381469727
2026-07-08,2026-06-29,AJFI11.SA,AJFI11,8.369999885559082
2026-07-08,2026-06-30,AJFI11.SA,AJFI11,8.350000381469727
2026-07-08,2026-07-01,AJFI11.SA,AJFI11,8.239999771118164
2026-07-08,2026-07-02,AJFI11.SA,AJFI11,8.180000305175781
2026-07-08,2026-07-03,AJFI11.SA,AJFI11,8.100000381469727
2026-07-08,2026-07-06,AJFI11.SA,AJFI11,8.199999809265137
2026-07-08,2026-07-07,AJFI11.SA,AJFI11,8.149999618530273
2026-07-08,2026-06-08,ALZC11.SA,ALZC11,7.53000020980835
2026-07-08,2026-06-09,ALZC11.SA,ALZC11,7.519999980926514
2026-07-08,2026-06-10,ALZC11.SA,ALZC11,7.539999961853027
2026-07-08,2026-06-11,ALZC11.SA,ALZC11,7.53000020980835
2026-07-08,2026-06-12,ALZC11.SA,ALZC11,7.599999904632568
2026-07-08,2026-06-15,ALZC11.SA,ALZC11,7.619999885559082
2026-07-08,2026-06-16,ALZC11.SA,ALZC11,7.599999904632568
2026-07-08,2026-06-17,ALZC11.SA,ALZC11,7.5
2026-07-08,2026-06-18,ALZC11.SA,ALZC11,7.440000057220459
2026-07-08,2026-06-19,ALZC11.SA,ALZC11,7.449999809265137
2026-07-08,2026-06-22,ALZC11.SA,ALZC11,7.480000019073486
2026-07-08,2026-06-23,ALZC11.SA,ALZC11,7.480000019073486
2026-07-08,2026-06-24,ALZC11.SA,ALZC11,7.489999771118164
2026-07-08,2026-06-25,ALZC11.SA,ALZC11,7.5
2026-07-08,2026-06-26,ALZC11.SA,ALZC11,7.46999979019165
2026-07-08,2026-06-29,ALZC11.SA,ALZC11,7.440000057220459
2026-07-08,2026-06-30,ALZC11.SA,ALZC11,7.449999809265137
2026-07-08,2026-07-01,ALZC11.SA,ALZC11,7.429999828338623
2026-07-08,2026-07-02,ALZC11.SA,ALZC11,7.46999979019165
2026-07-08,2026-07-03,ALZC11.SA,ALZC11,7.489999771118164
2026-07-08,2026-07-06,ALZC11.SA,ALZC11,7.489999771118164
2026-07-08,2026-07-07,ALZC11.SA,ALZC11,7.480000019073486
2026-07-08,2026-06-08,ALZR11.SA,ALZR11,10.0600004196167
2026-07-08,2026-06-09,ALZR11.SA,ALZR11,10.0
2026-07-08,2026-06-10,ALZR11.SA,ALZR11,9.899999618530273
2026-07-08,2026-06-11,ALZR11.SA,ALZR11,9.960000038146973
2026-07-08,2026-06-12,ALZR11.SA,ALZR11,10.0600004196167
2026-07-08,2026-06-15,ALZR11.SA,ALZR11,10.119999885559082
2026-07-08,2026-06-16,ALZR11.SA,ALZR11,10.069999694824219
2026-07-08,2026-06-17,ALZR11.SA,ALZR11,10.0600004196167
2026-07-08,2026-06-18,ALZR11.SA,ALZR11,10.0
2026-07-08,2026-06-19,ALZR11.SA,ALZR11,9.819999694824219
2026-07-08,2026-06-22,ALZR11.SA,ALZR11,9.770000457763672
2026-07-08,2026-06-23,ALZR11.SA,ALZR11,9.789999961853027
2026-07-08,2026-06-24,ALZR11.SA,ALZR11,9.699999809265137
2026-07-08,2026-06-25,ALZR11.SA,ALZR11,9.75
2026-07-08,2026-06-26,ALZR11.SA,ALZR11,9.779999732971191
2026-07-08,2026-06-29,ALZR11.SA,ALZR11,10.0
2026-07-08,2026-06-30,ALZR11.SA,ALZR11,10.0600004196167
2026-07-08,2026-07-01,ALZR11.SA,ALZR11,10.069999694824219
2026-07-08,2026-07-02,ALZR11.SA,ALZR11,10.15999984741211
2026-07-08,2026-07-03,ALZR11.SA,ALZR11,10.369999885559082
2026-07-08,2026-07-06,ALZR11.SA,ALZR11,10.09000015258789
2026-07-08,2026-07-07,ALZR11.SA,ALZR11,10.050000190734863
2026-07-08,2026-06-08,AURB11.SA,AURB11,81.19999694824219
2026-07-08,2026-06-09,AURB11.SA,AURB11,81.19999694824219
2026-07-08,2026-06-10,AURB11.SA,AURB11,81.19999694824219
2026-07-08,2026-06-11,AURB11.SA,AURB11,81.19999694824219
2026-07-08,2026-06-12,AURB11.SA,AURB11,81.19999694824219
2026-07-08,2026-06-15,AURB11.SA,AURB11,81.19999694824219
2026-07-08,2026-06-16,AURB11.SA,AURB11,81.19999694824219
2026-07-08,2026-06-17,AURB11.SA,AURB11,81.19999694824219
2026-07-08,2026-06-18,AURB11.SA,AURB11,81.19999694824219
2026-07-08,2026-06-19,AURB11.SA,AURB11,81.19999694824219
2026-07-08,2026-06-22,AURB11.SA,AURB11,81.19999694824219
2026-07-08,2026-06-23,AURB11.SA,AURB11,81.19999694824219
2026-07-08,2026-06-24,AURB11.SA,AURB11,81.19999694824219
2026-07-08,2026-06-25,AURB11.SA,AURB11,81.19999694824219
2026-07-08,2026-06-26,AURB11.SA,AURB11,81.19999694824219
2026-07-08,2026-06-29,AURB11.SA,AURB11,81.19999694824219
2026-07-08,2026-06-30,AURB11.SA,AURB11,81.19999694824219
2026-07-08,2026-07-01,AURB11.SA,AURB11,81.19999694824219
2026-07-08,2026-07-02,AURB11.SA,AURB11,81.19999694824219
2026-07-08,2026-07-03,AURB11.SA,AURB11,81.19999694824219
2026-07-08,2026-07-06,AURB11.SA,AURB11,81.19999694824219
2026-07-08,2026-07-07,AURB11.SA,AURB11,81.19999694824219
2026-07-08,2026-06-08,APXM11.SA,APXM11,72.30000305175781
2026-07-08,2026-06-09,APXM11.SA,APXM11,73.0
2026-07-08,2026-06-10,APXM11.SA,APXM11,73.16999816894531
2026-07-08,2026-06-11,APXM11.SA,APXM11,73.16999816894531
2026-07-08,2026-06-12,APXM11.SA,APXM11,73.16000366210938
2026-07-08,2026-06-15,APXM11.SA,APXM11,74.87999725341797
2026-07-08,2026-06-16,APXM11.SA,APXM11,74.97000122070312
2026-07-08,2026-06-17,APXM11.SA,APXM11,74.91999816894531
2026-07-08,2026-06-18,APXM11.SA,APXM11,73.16999816894531
2026-07-08,2026-06-19,APXM11.SA,APXM11,73.12000274658203
2026-07-08,2026-06-22,APXM11.SA,APXM11,73.9000015258789
2026-07-08,2026-06-23,APXM11.SA,APXM11,73.87999725341797
2026-07-08,2026-06-24,APXM11.SA,APXM11,73.86000061035156
2026-07-08,2026-06-25,APXM11.SA,APXM11,66.0
2026-07-08,2026-06-26,APXM11.SA,APXM11,64.80000305175781
2026-07-08,2026-06-29,APXM11.SA,APXM11,64.30000305175781
2026-07-08,2026-06-30,APXM11.SA,APXM11,64.33000183105469
2026-07-08,2026-07-01,APXM11.SA,APXM11,64.30000305175781
2026-07-08,2026-07-02,APXM11.SA,APXM11,64.69999694824219
2026-07-08,2026-07-03,APXM11.SA,APXM11,64.30999755859375
2026-07-08,2026-07-06,APXM11.SA,APXM11,65.38999938964844
2026-07-08,2026-07-07,APXM11.SA,APXM11,66.01000213623047
2026-07-08,2026-06-08,APXU11.SA,APXU11,94.48999786376953
2026-07-08,2026-06-09,APXU11.SA,APXU11,94.48999786376953
2026-07-08,2026-06-10,APXU11.SA,APXU11,94.48999786376953
2026-07-08,2026-06-11,APXU11.SA,APXU11,94.48999786376953
2026-07-08,2026-06-12,APXU11.SA,APXU11,94.48999786376953
2026-07-08,2026-06-15,APXU11.SA,APXU11,94.48999786376953
2026-07-08,2026-06-16,APXU11.SA,APXU11,94.48999786376953
2026-07-08,2026-06-17,APXU11.SA,APXU11,94.48999786376953
2026-07-08,2026-06-18,APXU11.SA,APXU11,94.48999786376953
2026-07-08,2026-06-19,APXU11.SA,APXU11,94.48999786376953
2026-07-08,2026-06-22,APXU11.SA,APXU11,100.0
2026-07-08,2026-06-23,APXU11.SA,APXU11,100.0
2026-07-08,2026-06-24,APXU11.SA,APXU11,100.0
2026-07-08,2026-06-25,APXU11.SA,APXU11,100.0
2026-07-08,2026-06-26,APXU11.SA,APXU11,100.0
2026-07-08,2026-06-29,APXU11.SA,APXU11,100.0
2026-07-08,2026-06-30,APXU11.SA,APXU11,100.0
2026-07-08,2026-07-01,APXU11.SA,APXU11,100.0
2026-07-08,2026-07-02,APXU11.SA,APXU11,100.0
2026-07-08,2026-07-03,APXU11.SA,APXU11,100.0
2026-07-08,2026-07-06,APXU11.SA,APXU11,100.0
2026-07-08,2026-07-07,APXU11.SA,APXU11,100.0
2026-07-08,2026-06-08,AIEC11.SA,AIEC11,60.4900016784668
2026-07-08,2026-06-09,AIEC11.SA,AIEC11,60.400001525878906
2026-07-08,2026-06-10,AIEC11.SA,AIEC11,60.439998626708984
2026-07-08,2026-06-11,AIEC11.SA,AIEC11,61.0
2026-07-08,2026-06-12,AIEC11.SA,AIEC11,61.0
2026-07-08,2026-06-15,AIEC11.SA,AIEC11,61.0099983215332
2026-07-08,2026-06-16,AIEC11.SA,AIEC11,61.0
2026-07-08,2026-06-17,AIEC11.SA,AIEC11,60.9900016784668
2026-07-08,2026-06-18,AIEC11.SA,AIEC11,61.0
2026-07-08,2026-06-19,AIEC11.SA,AIEC11,60.79999923706055
2026-07-08,2026-06-22,AIEC11.SA,AIEC11,60.810001373291016
2026-07-08,2026-06-23,AIEC11.SA,AIEC11,60.790000915527344
2026-07-08,2026-06-24,AIEC11.SA,AIEC11,60.79999923706055
2026-07-08,2026-06-25,AIEC11.SA,AIEC11,61.04999923706055
2026-07-08,2026-06-26,AIEC11.SA,AIEC11,60.38999938964844
2026-07-08,2026-06-29,AIEC11.SA,AIEC11,60.38999938964844
2026-07-08,2026-06-30,AIEC11.SA,AIEC11,60.38999938964844
2026-07-08,2026-07-01,AIEC11.SA,AIEC11,59.720001220703125
2026-07-08,2026-07-02,AIEC11.SA,AIEC11,60.459999084472656
2026-07-08,2026-07-03,AIEC11.SA,AIEC11,59.900001525878906
2026-07-08,2026-07-06,AIEC11.SA,AIEC11,60.849998474121094
2026-07-08,2026-07-07,AIEC11.SA,AIEC11,59.79999923706055
2026-07-08,2026-06-08,AVUR11.SA,AVUR11,96.45999908447266
2026-07-08,2026-06-09,AVUR11.SA,AVUR11,96.45999908447266
2026-07-08,2026-06-10,AVUR11.SA,AVUR11,96.45999908447266
2026-07-08,2026-06-11,AVUR11.SA,AVUR11,96.45999908447266
2026-07-08,2026-06-12,AVUR11.SA,AVUR11,96.45999908447266
2026-07-08,2026-06-15,AVUR11.SA,AVUR11,96.45999908447266
2026-07-08,2026-06-16,AVUR11.SA,AVUR11,96.45999908447266
2026-07-08,2026-06-17,AVUR11.SA,AVUR11,96.45999908447266
2026-07-08,2026-06-18,AVUR11.SA,AVUR11,96.45999908447266
2026-07-08,2026-06-19,AVUR11.SA,AVUR11,96.45999908447266
2026-07-08,2026-06-22,AVUR11.SA,AVUR11,96.45999908447266
2026-07-08,2026-06-23,AVUR11.SA,AVUR11,96.45999908447266
2026-07-08,2026-06-24,AVUR11.SA,AVUR11,96.45999908447266
2026-07-08,2026-06-25,AVUR11.SA,AVUR11,96.45999908447266
2026-07-08,2026-06-26,AVUR11.SA,AVUR11,96.45999908447266
2026-07-08,2026-06-29,AVUR11.SA,AVUR11,96.45999908447266
2026-07-08,2026-06-30,AVUR11.SA,AVUR11,96.45999908447266
2026-07-08,2026-07-01,AVUR11.SA,AVUR11,96.45999908447266
2026-07-08,2026-07-02,AVUR11.SA,AVUR11,96.45999908447266
2026-07-08,2026-07-03,AVUR11.SA,AVUR11,96.45999908447266
2026-07-08,2026-07-06,AVUR11.SA,AVUR11,96.45999908447266
2026-07-08,2026-07-07,AVUR11.SA,AVUR11,96.45999908447266
2026-07-08,2026-06-08,AROA11.SA,AROA11,1.2599999904632568
2026-07-08,2026-06-09,AROA11.SA,AROA11,1.1799999475479126
2026-07-08,2026-06-10,AROA11.SA,AROA11,1.1299999952316284
2026-07-08,2026-06-11,AROA11.SA,AROA11,1.1200000047683716
2026-07-08,2026-06-12,AROA11.SA,AROA11,1.1100000143051147
2026-07-08,2026-06-15,AROA11.SA,AROA11,1.1100000143051147
2026-07-08,2026-06-16,AROA11.SA,AROA11,1.149999976158142
2026-07-08,2026-06-17,AROA11.SA,AROA11,1.2200000286102295
2026-07-08,2026-06-18,AROA11.SA,AROA11,1.2300000190734863
2026-07-08,2026-06-19,AROA11.SA,AROA11,1.2799999713897705
2026-07-08,2026-06-22,AROA11.SA,AROA11,1.309999942779541
2026-07-08,2026-06-23,AROA11.SA,AROA11,1.2300000190734863
2026-07-08,2026-06-24,AROA11.SA,AROA11,1.1399999856948853
2026-07-08,2026-06-25,AROA11.SA,AROA11,1.2000000476837158
2026-07-08,2026-06-26,AROA11.SA,AROA11,1.1399999856948853
2026-07-08,2026-06-29,AROA11.SA,AROA11,1.159999966621399
2026-07-08,2026-06-30,AROA11.SA,AROA11,1.159999966621399
2026-07-08,2026-07-01,AROA11.SA,AROA11,1.1299999952316284
2026-07-08,2026-07-02,AROA11.SA,AROA11,1.2000000476837158
2026-07-08,2026-07-03,AROA11.SA,AROA11,1.2000000476837158
2026-07-08,2026-07-06,AROA11.SA,AROA11,1.2200000286102295
2026-07-08,2026-07-07,AROA11.SA,AROA11,1.2899999618530273
2026-07-08,2026-06-08,EIRA11.SA,EIRA11,104.55000305175781
2026-07-08,2026-06-09,EIRA11.SA,EIRA11,104.55000305175781
2026-07-08,2026-06-10,EIRA11.SA,EIRA11,104.55000305175781
2026-07-08,2026-06-11,EIRA11.SA,EIRA11,104.55000305175781
2026-07-08,2026-06-12,EIRA11.SA,EIRA11,104.55000305175781
2026-07-08,2026-06-15,EIRA11.SA,EIRA11,104.55000305175781
2026-07-08,2026-06-16,EIRA11.SA,EIRA11,104.55000305175781
2026-07-08,2026-06-17,EIRA11.SA,EIRA11,104.55000305175781
2026-07-08,2026-06-18,EIRA11.SA,EIRA11,104.55000305175781
2026-07-08,2026-06-19,EIRA11.SA,EIRA11,104.55000305175781
2026-07-08,2026-06-22,EIRA11.SA,EIRA11,104.55000305175781
2026-07-08,2026-06-23,EIRA11.SA,EIRA11,104.55000305175781
2026-07-08,2026-06-24,EIRA11.SA,EIRA11,104.55000305175781
2026-07-08,2026-06-25,EIRA11.SA,EIRA11,104.55000305175781
2026-07-08,2026-06-26,EIRA11.SA,EIRA11,104.55000305175781
2026-07-08,2026-06-29,EIRA11.SA,EIRA11,104.55000305175781
2026-07-08,2026-06-30,EIRA11.SA,EIRA11,104.55000305175781
2026-07-08,2026-07-01,EIRA11.SA,EIRA11,104.55000305175781
2026-07-08,2026-07-02,EIRA11.SA,EIRA11,104.55000305175781
2026-07-08,2026-07-03,EIRA11.SA,EIRA11,104.55000305175781
2026-07-08,2026-07-06,EIRA11.SA,EIRA11,104.55000305175781
2026-07-08,2026-07-07,EIRA11.SA,EIRA11,104.55000305175781
2026-07-08,2026-06-08,ARTE11.SA,ARTE11,7.5
2026-07-08,2026-06-09,ARTE11.SA,ARTE11,7.789999961853027
2026-07-08,2026-06-10,ARTE11.SA,ARTE11,7.550000190734863
2026-07-08,2026-06-11,ARTE11.SA,ARTE11,7.25
2026-07-08,2026-06-12,ARTE11.SA,ARTE11,6.909999847412109
2026-07-08,2026-06-15,ARTE11.SA,ARTE11,7.0
2026-07-08,2026-06-16,ARTE11.SA,ARTE11,7.369999885559082
2026-07-08,2026-06-17,ARTE11.SA,ARTE11,7.690000057220459
2026-07-08,2026-06-18,ARTE11.SA,ARTE11,6.920000076293945
2026-07-08,2026-06-19,ARTE11.SA,ARTE11,6.599999904632568
2026-07-08,2026-06-22,ARTE11.SA,ARTE11,7.5
2026-07-08,2026-06-23,ARTE11.SA,ARTE11,7.489999771118164
2026-07-08,2026-06-24,ARTE11.SA,ARTE11,7.489999771118164
2026-07-08,2026-06-25,ARTE11.SA,ARTE11,7.489999771118164
2026-07-08,2026-06-26,ARTE11.SA,ARTE11,7.489999771118164
2026-07-08,2026-06-29,ARTE11.SA,ARTE11,7.5
2026-07-08,2026-06-30,ARTE11.SA,ARTE11,7.690000057220459
2026-07-08,2026-07-01,ARTE11.SA,ARTE11,7.699999809265137
2026-07-08,2026-07-02,ARTE11.SA,ARTE11,7.690000057220459
2026-07-08,2026-07-03,ARTE11.SA,ARTE11,6.880000114440918
2026-07-08,2026-07-06,ARTE11.SA,ARTE11,7.900000095367432
2026-07-08,2026-07-07,ARTE11.SA,ARTE11,7.699999809265137
2026-07-08,2026-06-08,ARXD11.SA,ARXD11,7.840000152587891
2026-07-08,2026-06-09,ARXD11.SA,ARXD11,7.880000114440918
2026-07-08,2026-06-10,ARXD11.SA,ARXD11,7.860000133514404
2026-07-08,2026-06-11,ARXD11.SA,ARXD11,7.900000095367432
2026-07-08,2026-06-12,ARXD11.SA,ARXD11,7.909999847412109
2026-07-08,2026-06-15,ARXD11.SA,ARXD11,7.920000076293945
2026-07-08,2026-06-16,ARXD11.SA,ARXD11,7.949999809265137
2026-07-08,2026-06-17,ARXD11.SA,ARXD11,8.020000457763672
2026-07-08,2026-06-18,ARXD11.SA,ARXD11,8.300000190734863
2026-07-08,2026-06-19,ARXD11.SA,ARXD11,8.399999618530273
2026-07-08,2026-06-22,ARXD11.SA,ARXD11,8.210000038146973
2026-07-08,2026-06-23,ARXD11.SA,ARXD11,8.5
2026-07-08,2026-06-24,ARXD11.SA,ARXD11,8.1899995803833
2026-07-08,2026-06-25,ARXD11.SA,ARXD11,8.399999618530273
2026-07-08,2026-06-26,ARXD11.SA,ARXD11,8.180000305175781
2026-07-08,2026-06-29,ARXD11.SA,ARXD11,7.860000133514404
2026-07-08,2026-06-30,ARXD11.SA,ARXD11,8.100000381469727
2026-07-08,2026-07-01,ARXD11.SA,ARXD11,8.130000114440918
2026-07-08,2026-07-02,ARXD11.SA,ARXD11,7.920000076293945
2026-07-08,2026-07-03,ARXD11.SA,ARXD11,7.929999828338623
2026-07-08,2026-07-06,ARXD11.SA,ARXD11,7.860000133514404
2026-07-08,2026-07-07,ARXD11.SA,ARXD11,7.920000076293945
2026-07-08,2026-06-08,AZPL11.SA,AZPL11,7.610000133514404
2026-07-08,2026-06-09,AZPL11.SA,AZPL11,7.590000152587891
2026-07-08,2026-06-10,AZPL11.SA,AZPL11,7.579999923706055
2026-07-08,2026-06-11,AZPL11.SA,AZPL11,7.579999923706055
2026-07-08,2026-06-12,AZPL11.SA,AZPL11,7.559999942779541
2026-07-08,2026-06-15,AZPL11.SA,AZPL11,7.539999961853027
2026-07-08,2026-06-16,AZPL11.SA,AZPL11,7.53000020980835
2026-07-08,2026-06-17,AZPL11.SA,AZPL11,7.53000020980835
2026-07-08,2026-06-18,AZPL11.SA,AZPL11,7.519999980926514
2026-07-08,2026-06-19,AZPL11.SA,AZPL11,7.489999771118164
2026-07-08,2026-06-22,AZPL11.SA,AZPL11,7.489999771118164
2026-07-08,2026-06-23,AZPL11.SA,AZPL11,7.409999847412109
2026-07-08,2026-06-24,AZPL11.SA,AZPL11,7.409999847412109
2026-07-08,2026-06-25,AZPL11.SA,AZPL11,7.409999847412109
2026-07-08,2026-06-26,AZPL11.SA,AZPL11,7.420000076293945
2026-07-08,2026-06-29,AZPL11.SA,AZPL11,7.5
2026-07-08,2026-06-30,AZPL11.SA,AZPL11,7.650000095367432
2026-07-08,2026-07-01,AZPL11.SA,AZPL11,7.579999923706055
2026-07-08,2026-07-02,AZPL11.SA,AZPL11,7.559999942779541
2026-07-08,2026-07-03,AZPL11.SA,AZPL11,7.550000190734863
2026-07-08,2026-07-06,AZPL11.SA,AZPL11,7.53000020980835
2026-07-08,2026-07-07,AZPL11.SA,AZPL11,7.519999980926514
2026-07-08,2026-06-08,BCRI11.SA,BCRI11,60.150001525878906
2026-07-08,2026-06-09,BCRI11.SA,BCRI11,59.70000076293945
2026-07-08,2026-06-10,BCRI11.SA,BCRI11,58.15999984741211
2026-07-08,2026-06-11,BCRI11.SA,BCRI11,58.70000076293945
2026-07-08,2026-06-12,BCRI11.SA,BCRI11,59.220001220703125
2026-07-08,2026-06-15,BCRI11.SA,BCRI11,60.849998474121094
2026-07-08,2026-06-16,BCRI11.SA,BCRI11,60.630001068115234
2026-07-08,2026-06-17,BCRI11.SA,BCRI11,58.52000045776367
2026-07-08,2026-06-18,BCRI11.SA,BCRI11,60.13999938964844
2026-07-08,2026-06-19,BCRI11.SA,BCRI11,60.599998474121094
2026-07-08,2026-06-22,BCRI11.SA,BCRI11,59.9900016784668
2026-07-08,2026-06-23,BCRI11.SA,BCRI11,59.61000061035156
2026-07-08,2026-06-24,BCRI11.SA,BCRI11,59.790000915527344
2026-07-08,2026-06-25,BCRI11.SA,BCRI11,59.41999816894531
2026-07-08,2026-06-26,BCRI11.SA,BCRI11,59.40999984741211
2026-07-08,2026-06-29,BCRI11.SA,BCRI11,59.599998474121094
2026-07-08,2026-06-30,BCRI11.SA,BCRI11,60.099998474121094
2026-07-08,2026-07-01,BCRI11.SA,BCRI11,59.029998779296875
2026-07-08,2026-07-02,BCRI11.SA,BCRI11,59.52000045776367
2026-07-08,2026-07-03,BCRI11.SA,BCRI11,59.27000045776367
2026-07-08,2026-07-06,BCRI11.SA,BCRI11,58.7599983215332
2026-07-08,2026-07-07,BCRI11.SA,BCRI11,59.150001525878906
2026-07-08,2026-06-08,BNFS11.SA,BNFS11,39.119998931884766
2026-07-08,2026-06-09,BNFS11.SA,BNFS11,39.95000076293945
2026-07-08,2026-06-10,BNFS11.SA,BNFS11,39.0
2026-07-08,2026-06-11,BNFS11.SA,BNFS11,40.88999938964844
2026-07-08,2026-06-12,BNFS11.SA,BNFS11,39.36000061035156
2026-07-08,2026-06-15,BNFS11.SA,BNFS11,39.0
2026-07-08,2026-06-16,BNFS11.SA,BNFS11,38.79999923706055
2026-07-08,2026-06-17,BNFS11.SA,BNFS11,38.95000076293945
2026-07-08,2026-06-18,BNFS11.SA,BNFS11,39.119998931884766
2026-07-08,2026-06-19,BNFS11.SA,BNFS11,39.7400016784668
2026-07-08,2026-06-22,BNFS11.SA,BNFS11,39.75
2026-07-08,2026-06-23,BNFS11.SA,BNFS11,39.95000076293945
2026-07-08,2026-06-24,BNFS11.SA,BNFS11,39.95000076293945
2026-07-08,2026-06-25,BNFS11.SA,BNFS11,39.060001373291016
2026-07-08,2026-06-26,BNFS11.SA,BNFS11,39.43000030517578
2026-07-08,2026-06-29,BNFS11.SA,BNFS11,39.72999954223633
2026-07-08,2026-06-30,BNFS11.SA,BNFS11,40.16999816894531
2026-07-08,2026-07-01,BNFS11.SA,BNFS11,39.0
2026-07-08,2026-07-02,BNFS11.SA,BNFS11,39.93000030517578
2026-07-08,2026-07-03,BNFS11.SA,BNFS11,39.33000183105469
2026-07-08,2026-07-06,BNFS11.SA,BNFS11,39.0
2026-07-08,2026-07-07,BNFS11.SA,BNFS11,39.119998931884766
2026-07-08,2026-06-08,BTML11.SA,BTML11,111.27999877929688
2026-07-08,2026-06-09,BTML11.SA,BTML11,111.27999877929688
2026-07-08,2026-06-10,BTML11.SA,BTML11,111.27999877929688
2026-07-08,2026-06-11,BTML11.SA,BTML11,111.27999877929688
2026-07-08,2026-06-12,BTML11.SA,BTML11,111.27999877929688
2026-07-08,2026-06-15,BTML11.SA,BTML11,111.27999877929688
2026-07-08,2026-06-16,BTML11.SA,BTML11,111.27999877929688
2026-07-08,2026-06-17,BTML11.SA,BTML11,111.27999877929688
2026-07-08,2026-06-18,BTML11.SA,BTML11,111.27999877929688
2026-07-08,2026-06-19,BTML11.SA,BTML11,111.27999877929688
2026-07-08,2026-06-22,BTML11.SA,BTML11,111.27999877929688
2026-07-08,2026-06-23,BTML11.SA,BTML11,111.27999877929688
2026-07-08,2026-06-24,BTML11.SA,BTML11,111.27999877929688
2026-07-08,2026-06-25,BTML11.SA,BTML11,111.27999877929688
2026-07-08,2026-06-26,BTML11.SA,BTML11,111.27999877929688
2026-07-08,2026-06-29,BTML11.SA,BTML11,111.27999877929688
2026-07-08,2026-06-30,BTML11.SA,BTML11,111.27999877929688
2026-07-08,2026-07-01,BTML11.SA,BTML11,111.27999877929688
2026-07-08,2026-07-02,BTML11.SA,BTML11,111.27999877929688
2026-07-08,2026-07-03,BTML11.SA,BTML11,111.27999877929688
2026-07-08,2026-07-06,BTML11.SA,BTML11,111.27999877929688
2026-07-08,2026-07-07,BTML11.SA,BTML11,111.27999877929688
2026-07-08,2026-06-08,BBFO11.SA,BBFO11,70.55999755859375
2026-07-08,2026-06-09,BBFO11.SA,BBFO11,71.29000091552734
2026-07-08,2026-06-10,BBFO11.SA,BBFO11,69.68000030517578
2026-07-08,2026-06-11,BBFO11.SA,BBFO11,69.61000061035156
2026-07-08,2026-06-12,BBFO11.SA,BBFO11,70.5
2026-07-08,2026-06-15,BBFO11.SA,BBFO11,70.9800033569336
2026-07-08,2026-06-16,BBFO11.SA,BBFO11,69.4800033569336
2026-07-08,2026-06-17,BBFO11.SA,BBFO11,69.5
2026-07-08,2026-06-18,BBFO11.SA,BBFO11,69.5
2026-07-08,2026-06-19,BBFO11.SA,BBFO11,69.05000305175781
2026-07-08,2026-06-22,BBFO11.SA,BBFO11,69.0
2026-07-08,2026-06-23,BBFO11.SA,BBFO11,67.97000122070312
2026-07-08,2026-06-24,BBFO11.SA,BBFO11,67.83999633789062
2026-07-08,2026-06-25,BBFO11.SA,BBFO11,68.47000122070312
2026-07-08,2026-06-26,BBFO11.SA,BBFO11,68.43000030517578
2026-07-08,2026-06-29,BBFO11.SA,BBFO11,69.0
2026-07-08,2026-06-30,BBFO11.SA,BBFO11,69.5
2026-07-08,2026-07-01,BBFO11.SA,BBFO11,67.62999725341797
2026-07-08,2026-07-02,BBFO11.SA,BBFO11,68.0
2026-07-08,2026-07-03,BBFO11.SA,BBFO11,68.12999725341797
2026-07-08,2026-07-06,BBFO11.SA,BBFO11,68.5999984741211
2026-07-08,2026-07-07,BBFO11.SA,BBFO11,68.87999725341797
2026-07-08,2026-06-08,BBIG11.SA,BBIG11,6.610000133514404
2026-07-08,2026-06-09,BBIG11.SA,BBIG11,6.5
2026-07-08,2026-06-10,BBIG11.SA,BBIG11,6.440000057220459
2026-07-08,2026-06-11,BBIG11.SA,BBIG11,6.389999866485596
2026-07-08,2026-06-12,BBIG11.SA,BBIG11,6.260000228881836
2026-07-08,2026-06-15,BBIG11.SA,BBIG11,6.360000133514404
2026-07-08,2026-06-16,BBIG11.SA,BBIG11,6.300000190734863
2026-07-08,2026-06-17,BBIG11.SA,BBIG11,6.239999771118164
2026-07-08,2026-06-18,BBIG11.SA,BBIG11,6.269999980926514
2026-07-08,2026-06-19,BBIG11.SA,BBIG11,6.210000038146973
2026-07-08,2026-06-22,BBIG11.SA,BBIG11,6.210000038146973
2026-07-08,2026-06-23,BBIG11.SA,BBIG11,6.239999771118164
2026-07-08,2026-06-24,BBIG11.SA,BBIG11,6.230000019073486
2026-07-08,2026-06-25,BBIG11.SA,BBIG11,6.230000019073486
2026-07-08,2026-06-26,BBIG11.SA,BBIG11,6.210000038146973
2026-07-08,2026-06-29,BBIG11.SA,BBIG11,6.230000019073486
2026-07-08,2026-06-30,BBIG11.SA,BBIG11,6.340000152587891
2026-07-08,2026-07-01,BBIG11.SA,BBIG11,6.039999961853027
2026-07-08,2026-07-02,BBIG11.SA,BBIG11,5.900000095367432
2026-07-08,2026-07-03,BBIG11.SA,BBIG11,5.809999942779541
2026-07-08,2026-07-06,BBIG11.SA,BBIG11,5.800000190734863
2026-07-08,2026-07-07,BBIG11.SA,BBIG11,5.679999828338623
2026-07-08,2026-06-08,BBRC11.SA,BBRC11,103.75
2026-07-08,2026-06-09,BBRC11.SA,BBRC11,103.69000244140625
2026-07-08,2026-06-10,BBRC11.SA,BBRC11,103.3499984741211
2026-07-08,2026-06-11,BBRC11.SA,BBRC11,102.0
2026-07-08,2026-06-12,BBRC11.SA,BBRC11,102.83999633789062
2026-07-08,2026-06-15,BBRC11.SA,BBRC11,102.5999984741211
2026-07-08,2026-06-16,BBRC11.SA,BBRC11,104.37000274658203
2026-07-08,2026-06-17,BBRC11.SA,BBRC11,104.27999877929688
2026-07-08,2026-06-18,BBRC11.SA,BBRC11,104.29000091552734
2026-07-08,2026-06-19,BBRC11.SA,BBRC11,104.0
2026-07-08,2026-06-22,BBRC11.SA,BBRC11,103.69000244140625
2026-07-08,2026-06-23,BBRC11.SA,BBRC11,103.98999786376953
2026-07-08,2026-06-24,BBRC11.SA,BBRC11,102.12000274658203
2026-07-08,2026-06-25,BBRC11.SA,BBRC11,102.7699966430664
2026-07-08,2026-06-26,BBRC11.SA,BBRC11,102.33000183105469
2026-07-08,2026-06-29,BBRC11.SA,BBRC11,102.66000366210938
2026-07-08,2026-06-30,BBRC11.SA,BBRC11,103.0
2026-07-08,2026-07-01,BBRC11.SA,BBRC11,102.5
2026-07-08,2026-07-02,BBRC11.SA,BBRC11,103.5999984741211
2026-07-08,2026-07-03,BBRC11.SA,BBRC11,104.0
2026-07-08,2026-07-06,BBRC11.SA,BBRC11,103.8499984741211
2026-07-08,2026-07-07,BBRC11.SA,BBRC11,103.51000213623047
2026-07-08,2026-06-08,BFCC11.SA,BFCC11,103.51000213623047
2026-07-08,2026-06-09,BFCC11.SA,BFCC11,103.51000213623047
2026-07-08,2026-06-10,BFCC11.SA,BFCC11,103.51000213623047
2026-07-08,2026-06-11,BFCC11.SA,BFCC11,103.51000213623047
2026-07-08,2026-06-12,BFCC11.SA,BFCC11,103.51000213623047
2026-07-08,2026-06-15,BFCC11.SA,BFCC11,103.51000213623047
2026-07-08,2026-06-16,BFCC11.SA,BFCC11,103.51000213623047
2026-07-08,2026-06-17,BFCC11.SA,BFCC11,103.51000213623047
2026-07-08,2026-06-18,BFCC11.SA,BFCC11,103.51000213623047
2026-07-08,2026-06-19,BFCC11.SA,BFCC11,103.7300033569336
2026-07-08,2026-06-22,BFCC11.SA,BFCC11,103.7300033569336
2026-07-08,2026-06-23,BFCC11.SA,BFCC11,103.7300033569336
2026-07-08,2026-06-24,BFCC11.SA,BFCC11,103.7300033569336
2026-07-08,2026-06-25,BFCC11.SA,BFCC11,103.7300033569336
2026-07-08,2026-06-26,BFCC11.SA,BFCC11,103.7300033569336
2026-07-08,2026-06-29,BFCC11.SA,BFCC11,104.19999694824219
2026-07-08,2026-06-30,BFCC11.SA,BFCC11,104.19999694824219
2026-07-08,2026-07-01,BFCC11.SA,BFCC11,104.19999694824219
2026-07-08,2026-07-02,BFCC11.SA,BFCC11,104.19999694824219
2026-07-08,2026-07-03,BFCC11.SA,BFCC11,104.19999694824219
2026-07-08,2026-07-06,BFCC11.SA,BFCC11,104.19999694824219
2026-07-08,2026-07-07,BFCC11.SA,BFCC11,104.19999694824219
2026-07-08,2026-06-08,BGRB11.SA,BGRB11,115.0
2026-07-08,2026-06-09,BGRB11.SA,BGRB11,115.0
2026-07-08,2026-06-10,BGRB11.SA,BGRB11,115.0
2026-07-08,2026-06-11,BGRB11.SA,BGRB11,115.0
2026-07-08,2026-06-12,BGRB11.SA,BGRB11,115.0
2026-07-08,2026-06-15,BGRB11.SA,BGRB11,115.0
2026-07-08,2026-06-16,BGRB11.SA,BGRB11,115.0
2026-07-08,2026-06-17,BGRB11.SA,BGRB11,115.0
2026-07-08,2026-06-18,BGRB11.SA,BGRB11,115.0
2026-07-08,2026-06-19,BGRB11.SA,BGRB11,115.0
2026-07-08,2026-06-22,BGRB11.SA,BGRB11,115.0
2026-07-08,2026-06-23,BGRB11.SA,BGRB11,115.0
2026-07-08,2026-06-24,BGRB11.SA,BGRB11,115.0
2026-07-08,2026-06-25,BGRB11.SA,BGRB11,109.25
2026-07-08,2026-06-26,BGRB11.SA,BGRB11,120.0
2026-07-08,2026-06-29,BGRB11.SA,BGRB11,120.0
2026-07-08,2026-06-30,BGRB11.SA,BGRB11,120.0
2026-07-08,2026-07-01,BGRB11.SA,BGRB11,120.0
2026-07-08,2026-07-02,BGRB11.SA,BGRB11,120.0
2026-07-08,2026-07-03,BGRB11.SA,BGRB11,120.0
2026-07-08,2026-07-06,BGRB11.SA,BGRB11,120.0
2026-07-08,2026-07-07,BGRB11.SA,BGRB11,104.88999938964844
2026-07-08,2026-06-08,BLOG11.SA,BLOG11,6.670000076293945
2026-07-08,2026-06-09,BLOG11.SA,BLOG11,6.670000076293945
2026-07-08,2026-06-10,BLOG11.SA,BLOG11,6.659999847412109
2026-07-08,2026-06-11,BLOG11.SA,BLOG11,6.599999904632568
2026-07-08,2026-06-12,BLOG11.SA,BLOG11,6.599999904632568
2026-07-08,2026-06-15,BLOG11.SA,BLOG11,6.599999904632568
2026-07-08,2026-06-16,BLOG11.SA,BLOG11,6.599999904632568
2026-07-08,2026-06-17,BLOG11.SA,BLOG11,6.599999904632568
2026-07-08,2026-06-18,BLOG11.SA,BLOG11,6.599999904632568
2026-07-08,2026-06-19,BLOG11.SA,BLOG11,6.599999904632568
2026-07-08,2026-06-22,BLOG11.SA,BLOG11,6.599999904632568
2026-07-08,2026-06-23,BLOG11.SA,BLOG11,6.599999904632568
2026-07-08,2026-06-24,BLOG11.SA,BLOG11,6.599999904632568
2026-07-08,2026-06-25,BLOG11.SA,BLOG11,6.599999904632568
2026-07-08,2026-06-26,BLOG11.SA,BLOG11,6.599999904632568
2026-07-08,2026-06-29,BLOG11.SA,BLOG11,6.599999904632568
2026-07-08,2026-06-30,BLOG11.SA,BLOG11,6.599999904632568
2026-07-08,2026-07-01,BLOG11.SA,BLOG11,6.599999904632568
2026-07-08,2026-07-02,BLOG11.SA,BLOG11,6.599999904632568
2026-07-08,2026-07-03,BLOG11.SA,BLOG11,6.599999904632568
2026-07-08,2026-07-06,BLOG11.SA,BLOG11,6.599999904632568
2026-07-08,2026-07-07,BLOG11.SA,BLOG11,6.599999904632568
2026-07-08,2026-06-08,BLMG11.SA,BLMG11,31.979999542236328
2026-07-08,2026-06-09,BLMG11.SA,BLMG11,31.030000686645508
2026-07-08,2026-06-10,BLMG11.SA,BLMG11,30.520000457763672
2026-07-08,2026-06-11,BLMG11.SA,BLMG11,31.0
2026-07-08,2026-06-12,BLMG11.SA,BLMG11,30.579999923706055
2026-07-08,2026-06-15,BLMG11.SA,BLMG11,30.6299991607666
2026-07-08,2026-06-16,BLMG11.SA,BLMG11,31.56999969482422
2026-07-08,2026-06-17,BLMG11.SA,BLMG11,31.760000228881836
2026-07-08,2026-06-18,BLMG11.SA,BLMG11,31.030000686645508
2026-07-08,2026-06-19,BLMG11.SA,BLMG11,31.290000915527344
2026-07-08,2026-06-22,BLMG11.SA,BLMG11,31.200000762939453
2026-07-08,2026-06-23,BLMG11.SA,BLMG11,30.690000534057617
2026-07-08,2026-06-24,BLMG11.SA,BLMG11,30.850000381469727
2026-07-08,2026-06-25,BLMG11.SA,BLMG11,30.899999618530273
2026-07-08,2026-06-26,BLMG11.SA,BLMG11,30.969999313354492
2026-07-08,2026-06-29,BLMG11.SA,BLMG11,31.950000762939453
2026-07-08,2026-06-30,BLMG11.SA,BLMG11,31.989999771118164
2026-07-08,2026-07-01,BLMG11.SA,BLMG11,30.799999237060547
2026-07-08,2026-07-02,BLMG11.SA,BLMG11,31.139999389648438
2026-07-08,2026-07-03,BLMG11.SA,BLMG11,31.040000915527344
2026-07-08,2026-07-06,BLMG11.SA,BLMG11,31.209999084472656
2026-07-08,2026-07-07,BLMG11.SA,BLMG11,31.5
2026-07-08,2026-06-08,BMLC11.SA,BMLC11,99.0
2026-07-08,2026-06-09,BMLC11.SA,BMLC11,100.0199966430664
2026-07-08,2026-06-10,BMLC11.SA,BMLC11,102.36000061035156
2026-07-08,2026-06-11,BMLC11.SA,BMLC11,102.36000061035156
2026-07-08,2026-06-12,BMLC11.SA,BMLC11,102.4000015258789
2026-07-08,2026-06-15,BMLC11.SA,BMLC11,104.0
2026-07-08,2026-06-16,BMLC11.SA,BMLC11,103.98999786376953
2026-07-08,2026-06-17,BMLC11.SA,BMLC11,103.0
2026-07-08,2026-06-18,BMLC11.SA,BMLC11,102.98999786376953
2026-07-08,2026-06-19,BMLC11.SA,BMLC11,103.0
2026-07-08,2026-06-22,BMLC11.SA,BMLC11,102.5
2026-07-08,2026-06-23,BMLC11.SA,BMLC11,102.5
2026-07-08,2026-06-24,BMLC11.SA,BMLC11,102.48999786376953
2026-07-08,2026-06-25,BMLC11.SA,BMLC11,102.48999786376953
2026-07-08,2026-06-26,BMLC11.SA,BMLC11,102.4800033569336
2026-07-08,2026-06-29,BMLC11.SA,BMLC11,102.5
2026-07-08,2026-06-30,BMLC11.SA,BMLC11,102.5
2026-07-08,2026-07-01,BMLC11.SA,BMLC11,102.5
2026-07-08,2026-07-02,BMLC11.SA,BMLC11,100.7300033569336
2026-07-08,2026-07-03,BMLC11.SA,BMLC11,98.4000015258789
2026-07-08,2026-07-06,BMLC11.SA,BMLC11,100.0
2026-07-08,2026-07-07,BMLC11.SA,BMLC11,102.0
2026-07-08,2026-06-08,BCIA11.SA,BCIA11,89.9000015258789
2026-07-08,2026-06-09,BCIA11.SA,BCIA11,89.69999694824219
2026-07-08,2026-06-10,BCIA11.SA,BCIA11,88.19999694824219
2026-07-08,2026-06-11,BCIA11.SA,BCIA11,89.06999969482422
2026-07-08,2026-06-12,BCIA11.SA,BCIA11,89.77999877929688
2026-07-08,2026-06-15,BCIA11.SA,BCIA11,89.69999694824219
2026-07-08,2026-06-16,BCIA11.SA,BCIA11,88.41000366210938
2026-07-08,2026-06-17,BCIA11.SA,BCIA11,88.80000305175781
2026-07-08,2026-06-18,BCIA11.SA,BCIA11,88.86000061035156
2026-07-08,2026-06-19,BCIA11.SA,BCIA11,89.04000091552734
2026-07-08,2026-06-22,BCIA11.SA,BCIA11,89.0
2026-07-08,2026-06-23,BCIA11.SA,BCIA11,88.6500015258789
2026-07-08,2026-06-24,BCIA11.SA,BCIA11,88.4000015258789
2026-07-08,2026-06-25,BCIA11.SA,BCIA11,88.63999938964844
2026-07-08,2026-06-26,BCIA11.SA,BCIA11,88.47000122070312
2026-07-08,2026-06-29,BCIA11.SA,BCIA11,88.44000244140625
2026-07-08,2026-06-30,BCIA11.SA,BCIA11,89.01000213623047
2026-07-08,2026-07-01,BCIA11.SA,BCIA11,87.95999908447266
2026-07-08,2026-07-02,BCIA11.SA,BCIA11,87.54000091552734
2026-07-08,2026-07-03,BCIA11.SA,BCIA11,87.54000091552734
2026-07-08,2026-07-06,BCIA11.SA,BCIA11,87.43000030517578
2026-07-08,2026-07-07,BCIA11.SA,BCIA11,86.83000183105469
2026-07-08,2026-06-08,BVAR11.SA,BVAR11,1260.8900146484375
2026-07-08,2026-06-09,BVAR11.SA,BVAR11,1260.8900146484375
2026-07-08,2026-06-10,BVAR11.SA,BVAR11,1260.8900146484375
2026-07-08,2026-06-11,BVAR11.SA,BVAR11,1260.8900146484375
2026-07-08,2026-06-12,BVAR11.SA,BVAR11,1260.8900146484375
2026-07-08,2026-06-15,BVAR11.SA,BVAR11,1260.8900146484375
2026-07-08,2026-06-16,BVAR11.SA,BVAR11,1260.8900146484375
2026-07-08,2026-06-17,BVAR11.SA,BVAR11,1260.8900146484375
2026-07-08,2026-06-18,BVAR11.SA,BVAR11,1260.8900146484375
2026-07-08,2026-06-19,BVAR11.SA,BVAR11,1260.8900146484375
2026-07-08,2026-06-22,BVAR11.SA,BVAR11,1260.8900146484375
2026-07-08,2026-06-23,BVAR11.SA,BVAR11,1260.8900146484375
2026-07-08,2026-06-24,BVAR11.SA,BVAR11,1260.8900146484375
2026-07-08,2026-06-25,BVAR11.SA,BVAR11,1260.8900146484375
2026-07-08,2026-06-26,BVAR11.SA,BVAR11,1260.8900146484375
2026-07-08,2026-06-29,BVAR11.SA,BVAR11,1260.8900146484375
2026-07-08,2026-06-30,BVAR11.SA,BVAR11,1260.8900146484375
2026-07-08,2026-07-01,BVAR11.SA,BVAR11,1260.8900146484375
2026-07-08,2026-07-02,BVAR11.SA,BVAR11,1260.8900146484375
2026-07-08,2026-07-03,BVAR11.SA,BVAR11,1260.8900146484375
2026-07-08,2026-07-06,BVAR11.SA,BVAR11,1260.8900146484375
2026-07-08,2026-07-07,BVAR11.SA,BVAR11,1260.8900146484375
2026-07-08,2026-06-08,CARE11.SA,CARE11,3.180000066757202
2026-07-08,2026-06-09,CARE11.SA,CARE11,3.2300000190734863
2026-07-08,2026-06-10,CARE11.SA,CARE11,3.109999895095825
2026-07-08,2026-06-11,CARE11.SA,CARE11,3.0299999713897705
2026-07-08,2026-06-12,CARE11.SA,CARE11,3.0899999141693115
2026-07-08,2026-06-15,CARE11.SA,CARE11,3.240000009536743
2026-07-08,2026-06-16,CARE11.SA,CARE11,3.140000104904175
2026-07-08,2026-06-17,CARE11.SA,CARE11,3.0299999713897705
2026-07-08,2026-06-18,CARE11.SA,CARE11,3.059999942779541
2026-07-08,2026-06-19,CARE11.SA,CARE11,3.0999999046325684
2026-07-08,2026-06-22,CARE11.SA,CARE11,3.0299999713897705
2026-07-08,2026-06-23,CARE11.SA,CARE11,3.1500000953674316
2026-07-08,2026-06-24,CARE11.SA,CARE11,3.1700000762939453
2026-07-08,2026-06-25,CARE11.SA,CARE11,3.0999999046325684
2026-07-08,2026-06-26,CARE11.SA,CARE11,3.2300000190734863
2026-07-08,2026-06-29,CARE11.SA,CARE11,3.2200000286102295
2026-07-08,2026-06-30,CARE11.SA,CARE11,3.2200000286102295
2026-07-08,2026-07-01,CARE11.SA,CARE11,3.450000047683716
2026-07-08,2026-07-02,CARE11.SA,CARE11,3.130000114440918
2026-07-08,2026-07-03,CARE11.SA,CARE11,3.369999885559082
2026-07-08,2026-07-06,CARE11.SA,CARE11,3.190000057220459
2026-07-08,2026-07-07,CARE11.SA,CARE11,3.4000000953674316
2026-07-08,2026-06-08,FATN11.SA,FATN11,83.02999877929688
2026-07-08,2026-06-09,FATN11.SA,FATN11,82.4000015258789
2026-07-08,2026-06-10,FATN11.SA,FATN11,80.0999984741211
2026-07-08,2026-06-11,FATN11.SA,FATN11,80.5
2026-07-08,2026-06-12,FATN11.SA,FATN11,80.52999877929688
2026-07-08,2026-06-15,FATN11.SA,FATN11,81.19999694824219
2026-07-08,2026-06-16,FATN11.SA,FATN11,80.30000305175781
2026-07-08,2026-06-17,FATN11.SA,FATN11,79.98999786376953
2026-07-08,2026-06-18,FATN11.SA,FATN11,80.22000122070312
2026-07-08,2026-06-19,FATN11.SA,FATN11,80.01000213623047
2026-07-08,2026-06-22,FATN11.SA,FATN11,80.22000122070312
2026-07-08,2026-06-23,FATN11.SA,FATN11,79.88999938964844
2026-07-08,2026-06-24,FATN11.SA,FATN11,79.33999633789062
2026-07-08,2026-06-25,FATN11.SA,FATN11,79.20999908447266
2026-07-08,2026-06-26,FATN11.SA,FATN11,79.43000030517578
2026-07-08,2026-06-29,FATN11.SA,FATN11,79.12000274658203
2026-07-08,2026-06-30,FATN11.SA,FATN11,79.12000274658203
2026-07-08,2026-07-01,FATN11.SA,FATN11,79.75
2026-07-08,2026-07-02,FATN11.SA,FATN11,79.87999725341797
2026-07-08,2026-07-03,FATN11.SA,FATN11,80.19999694824219
2026-07-08,2026-07-06,FATN11.SA,FATN11,80.22000122070312
2026-07-08,2026-07-07,FATN11.SA,FATN11,79.37000274658203
2026-07-08,2026-06-08,BRCO11.SA,BRCO11,114.25
2026-07-08,2026-06-09,BRCO11.SA,BRCO11,113.93000030517578
2026-07-08,2026-06-10,BRCO11.SA,BRCO11,112.77999877929688
2026-07-08,2026-06-11,BRCO11.SA,BRCO11,114.30000305175781
2026-07-08,2026-06-12,BRCO11.SA,BRCO11,114.77999877929688
2026-07-08,2026-06-15,BRCO11.SA,BRCO11,115.37000274658203
2026-07-08,2026-06-16,BRCO11.SA,BRCO11,114.69999694824219
2026-07-08,2026-06-17,BRCO11.SA,BRCO11,113.41000366210938
2026-07-08,2026-06-18,BRCO11.SA,BRCO11,112.69000244140625
2026-07-08,2026-06-19,BRCO11.SA,BRCO11,112.69000244140625
2026-07-08,2026-06-22,BRCO11.SA,BRCO11,113.23999786376953
2026-07-08,2026-06-23,BRCO11.SA,BRCO11,113.38999938964844
2026-07-08,2026-06-24,BRCO11.SA,BRCO11,112.87999725341797
2026-07-08,2026-06-25,BRCO11.SA,BRCO11,113.76000213623047
2026-07-08,2026-06-26,BRCO11.SA,BRCO11,113.88999938964844
2026-07-08,2026-06-29,BRCO11.SA,BRCO11,114.37999725341797
2026-07-08,2026-06-30,BRCO11.SA,BRCO11,114.6500015258789
2026-07-08,2026-07-01,BRCO11.SA,BRCO11,113.23999786376953
2026-07-08,2026-07-02,BRCO11.SA,BRCO11,113.55000305175781
2026-07-08,2026-07-03,BRCO11.SA,BRCO11,114.44999694824219
2026-07-08,2026-07-06,BRCO11.SA,BRCO11,114.3499984741211
2026-07-08,2026-07-07,BRCO11.SA,BRCO11,114.44999694824219
2026-07-08,2026-06-08,BICE11.SA,BICE11,764.1599731445312
2026-07-08,2026-06-09,BICE11.SA,BICE11,764.1599731445312
2026-07-08,2026-06-10,BICE11.SA,BICE11,764.1599731445312
2026-07-08,2026-06-11,BICE11.SA,BICE11,764.1599731445312
2026-07-08,2026-06-12,BICE11.SA,BICE11,764.1599731445312
2026-07-08,2026-06-15,BICE11.SA,BICE11,764.1599731445312
2026-07-08,2026-06-16,BICE11.SA,BICE11,764.1599731445312
2026-07-08,2026-06-17,BICE11.SA,BICE11,764.1599731445312
2026-07-08,2026-06-18,BICE11.SA,BICE11,540.0
2026-07-08,2026-06-19,BICE11.SA,BICE11,540.0
2026-07-08,2026-06-22,BICE11.SA,BICE11,540.0
2026-07-08,2026-06-23,BICE11.SA,BICE11,540.0
2026-07-08,2026-06-24,BICE11.SA,BICE11,540.0
2026-07-08,2026-06-25,BICE11.SA,BICE11,540.0
2026-07-08,2026-06-26,BICE11.SA,BICE11,540.0
2026-07-08,2026-06-29,BICE11.SA,BICE11,540.0
2026-07-08,2026-06-30,BICE11.SA,BICE11,540.0
2026-07-08,2026-07-01,BICE11.SA,BICE11,540.0
2026-07-08,2026-07-02,BICE11.SA,BICE11,540.0
2026-07-08,2026-07-03,BICE11.SA,BICE11,540.0
2026-07-08,2026-07-06,BICE11.SA,BICE11,540.0
2026-07-08,2026-07-07,BICE11.SA,BICE11,540.0
2026-07-08,2026-06-08,BIME11.SA,BIME11,5.480000019073486
2026-07-08,2026-06-09,BIME11.SA,BIME11,5.420000076293945
2026-07-08,2026-06-10,BIME11.SA,BIME11,5.360000133514404
2026-07-08,2026-06-11,BIME11.SA,BIME11,5.300000190734863
2026-07-08,2026-06-12,BIME11.SA,BIME11,5.28000020980835
2026-07-08,2026-06-15,BIME11.SA,BIME11,5.25
2026-07-08,2026-06-16,BIME11.SA,BIME11,5.300000190734863
2026-07-08,2026-06-17,BIME11.SA,BIME11,5.239999771118164
2026-07-08,2026-06-18,BIME11.SA,BIME11,5.099999904632568
2026-07-08,2026-06-19,BIME11.SA,BIME11,5.099999904632568
2026-07-08,2026-06-22,BIME11.SA,BIME11,5.090000152587891
2026-07-08,2026-06-23,BIME11.SA,BIME11,5.0
2026-07-08,2026-06-24,BIME11.SA,BIME11,4.909999847412109
2026-07-08,2026-06-25,BIME11.SA,BIME11,4.909999847412109
2026-07-08,2026-06-26,BIME11.SA,BIME11,4.909999847412109
2026-07-08,2026-06-29,BIME11.SA,BIME11,4.889999866485596
2026-07-08,2026-06-30,BIME11.SA,BIME11,4.889999866485596
2026-07-08,2026-07-01,BIME11.SA,BIME11,4.889999866485596
2026-07-08,2026-07-02,BIME11.SA,BIME11,4.889999866485596
2026-07-08,2026-07-03,BIME11.SA,BIME11,4.889999866485596
2026-07-08,2026-07-06,BIME11.SA,BIME11,4.860000133514404
2026-07-08,2026-07-07,BIME11.SA,BIME11,4.679999828338623
2026-07-08,2026-06-08,BRIM11.SA,BRIM11,95.0
2026-07-08,2026-06-09,BRIM11.SA,BRIM11,95.0
2026-07-08,2026-06-10,BRIM11.SA,BRIM11,95.0
2026-07-08,2026-06-11,BRIM11.SA,BRIM11,95.0
2026-07-08,2026-06-12,BRIM11.SA,BRIM11,95.0
2026-07-08,2026-06-15,BRIM11.SA,BRIM11,95.0
2026-07-08,2026-06-16,BRIM11.SA,BRIM11,95.0
2026-07-08,2026-06-17,BRIM11.SA,BRIM11,95.0
2026-07-08,2026-06-18,BRIM11.SA,BRIM11,95.0
2026-07-08,2026-06-19,BRIM11.SA,BRIM11,95.0
2026-07-08,2026-06-22,BRIM11.SA,BRIM11,95.0
2026-07-08,2026-06-23,BRIM11.SA,BRIM11,95.0
2026-07-08,2026-06-24,BRIM11.SA,BRIM11,95.0
2026-07-08,2026-06-25,BRIM11.SA,BRIM11,95.0
2026-07-08,2026-06-26,BRIM11.SA,BRIM11,95.0
2026-07-08,2026-06-29,BRIM11.SA,BRIM11,95.0
2026-07-08,2026-06-30,BRIM11.SA,BRIM11,95.0
2026-07-08,2026-07-01,BRIM11.SA,BRIM11,95.0
2026-07-08,2026-07-02,BRIM11.SA,BRIM11,95.0
2026-07-08,2026-07-03,BRIM11.SA,BRIM11,95.0
2026-07-08,2026-07-06,BRIM11.SA,BRIM11,95.0
2026-07-08,2026-07-07,BRIM11.SA,BRIM11,95.0
2026-07-08,2026-06-08,BRIP11.SA,BRIP11,365.0
2026-07-08,2026-06-09,BRIP11.SA,BRIP11,365.0
2026-07-08,2026-06-10,BRIP11.SA,BRIP11,384.8999938964844
2026-07-08,2026-06-11,BRIP11.SA,BRIP11,384.8999938964844
2026-07-08,2026-06-12,BRIP11.SA,BRIP11,382.8999938964844
2026-07-08,2026-06-15,BRIP11.SA,BRIP11,382.8999938964844
2026-07-08,2026-06-16,BRIP11.SA,BRIP11,382.8999938964844
2026-07-08,2026-06-17,BRIP11.SA,BRIP11,350.0
2026-07-08,2026-06-18,BRIP11.SA,BRIP11,350.0
2026-07-08,2026-06-19,BRIP11.SA,BRIP11,350.0
2026-07-08,2026-06-22,BRIP11.SA,BRIP11,350.0
2026-07-08,2026-06-23,BRIP11.SA,BRIP11,350.0
2026-07-08,2026-06-24,BRIP11.SA,BRIP11,350.0
2026-07-08,2026-06-25,BRIP11.SA,BRIP11,350.0
2026-07-08,2026-06-26,BRIP11.SA,BRIP11,350.0
2026-07-08,2026-06-29,BRIP11.SA,BRIP11,350.0
2026-07-08,2026-06-30,BRIP11.SA,BRIP11,350.0
2026-07-08,2026-07-01,BRIP11.SA,BRIP11,350.0
2026-07-08,2026-07-02,BRIP11.SA,BRIP11,358.4599914550781
2026-07-08,2026-07-03,BRIP11.SA,BRIP11,373.489990234375
2026-07-08,2026-07-06,BRIP11.SA,BRIP11,373.489990234375
2026-07-08,2026-07-07,BRIP11.SA,BRIP11,373.489990234375
2026-07-08,2026-06-08,BIPD11.SA,BIPD11,989.3300170898438
2026-07-08,2026-06-09,BIPD11.SA,BIPD11,989.3300170898438
2026-07-08,2026-06-10,BIPD11.SA,BIPD11,989.3300170898438
2026-07-08,2026-06-11,BIPD11.SA,BIPD11,989.3300170898438
2026-07-08,2026-06-12,BIPD11.SA,BIPD11,989.3300170898438
2026-07-08,2026-06-15,BIPD11.SA,BIPD11,989.3300170898438
2026-07-08,2026-06-16,BIPD11.SA,BIPD11,989.3300170898438
2026-07-08,2026-06-17,BIPD11.SA,BIPD11,989.3300170898438
2026-07-08,2026-06-18,BIPD11.SA,BIPD11,989.3300170898438
2026-07-08,2026-06-19,BIPD11.SA,BIPD11,989.3300170898438
2026-07-08,2026-06-22,BIPD11.SA,BIPD11,989.3300170898438
2026-07-08,2026-06-23,BIPD11.SA,BIPD11,989.3300170898438
2026-07-08,2026-06-24,BIPD11.SA,BIPD11,989.3300170898438
2026-07-08,2026-06-25,BIPD11.SA,BIPD11,989.3300170898438
2026-07-08,2026-06-26,BIPD11.SA,BIPD11,989.3300170898438
2026-07-08,2026-06-29,BIPD11.SA,BIPD11,989.3300170898438
2026-07-08,2026-06-30,BIPD11.SA,BIPD11,989.3300170898438
2026-07-08,2026-07-01,BIPD11.SA,BIPD11,989.3300170898438
2026-07-08,2026-07-02,BIPD11.SA,BIPD11,989.3300170898438
2026-07-08,2026-07-03,BIPD11.SA,BIPD11,989.3300170898438
2026-07-08,2026-07-06,BIPD11.SA,BIPD11,989.3300170898438
2026-07-08,2026-07-07,BIPD11.SA,BIPD11,989.3300170898438
2026-07-08,2026-06-08,BIPE11.SA,BIPE11,1000.0
2026-07-08,2026-06-09,BIPE11.SA,BIPE11,1000.0
2026-07-08,2026-06-10,BIPE11.SA,BIPE11,1000.0
2026-07-08,2026-06-11,BIPE11.SA,BIPE11,1000.0
2026-07-08,2026-06-12,BIPE11.SA,BIPE11,1000.0
2026-07-08,2026-06-15,BIPE11.SA,BIPE11,1000.0
2026-07-08,2026-06-16,BIPE11.SA,BIPE11,1000.0
2026-07-08,2026-06-17,BIPE11.SA,BIPE11,1000.0
2026-07-08,2026-06-18,BIPE11.SA,BIPE11,1000.0
2026-07-08,2026-06-19,BIPE11.SA,BIPE11,1000.0
2026-07-08,2026-06-22,BIPE11.SA,BIPE11,1000.0
2026-07-08,2026-06-23,BIPE11.SA,BIPE11,1000.0
2026-07-08,2026-06-24,BIPE11.SA,BIPE11,1000.0
2026-07-08,2026-06-25,BIPE11.SA,BIPE11,1000.0
2026-07-08,2026-06-26,BIPE11.SA,BIPE11,1000.0
2026-07-08,2026-06-29,BIPE11.SA,BIPE11,1000.0
2026-07-08,2026-06-30,BIPE11.SA,BIPE11,1000.0
2026-07-08,2026-07-01,BIPE11.SA,BIPE11,1000.0
2026-07-08,2026-07-02,BIPE11.SA,BIPE11,1000.0
2026-07-08,2026-07-03,BIPE11.SA,BIPE11,1000.0
2026-07-08,2026-07-06,BIPE11.SA,BIPE11,1000.0
2026-07-08,2026-07-07,BIPE11.SA,BIPE11,1000.0
2026-07-08,2026-06-08,BROF11.SA,BROF11,54.310001373291016
2026-07-08,2026-06-09,BROF11.SA,BROF11,54.2400016784668
2026-07-08,2026-06-10,BROF11.SA,BROF11,54.209999084472656
2026-07-08,2026-06-11,BROF11.SA,BROF11,55.0
2026-07-08,2026-06-12,BROF11.SA,BROF11,55.150001525878906
2026-07-08,2026-06-15,BROF11.SA,BROF11,54.349998474121094
2026-07-08,2026-06-16,BROF11.SA,BROF11,54.939998626708984
2026-07-08,2026-06-17,BROF11.SA,BROF11,54.45000076293945
2026-07-08,2026-06-18,BROF11.SA,BROF11,53.91999816894531
2026-07-08,2026-06-19,BROF11.SA,BROF11,54.20000076293945
2026-07-08,2026-06-22,BROF11.SA,BROF11,56.5
2026-07-08,2026-06-23,BROF11.SA,BROF11,59.0
2026-07-08,2026-06-24,BROF11.SA,BROF11,60.18000030517578
2026-07-08,2026-06-25,BROF11.SA,BROF11,61.5
2026-07-08,2026-06-26,BROF11.SA,BROF11,62.880001068115234
2026-07-08,2026-06-29,BROF11.SA,BROF11,63.900001525878906
2026-07-08,2026-06-30,BROF11.SA,BROF11,64.19999694824219
2026-07-08,2026-07-01,BROF11.SA,BROF11,62.0
2026-07-08,2026-07-02,BROF11.SA,BROF11,62.59000015258789
2026-07-08,2026-07-03,BROF11.SA,BROF11,62.290000915527344
2026-07-08,2026-07-06,BROF11.SA,BROF11,61.72999954223633
2026-07-08,2026-07-07,BROF11.SA,BROF11,61.16999816894531
2026-07-08,2026-06-08,LLAO11.SA,LLAO11,57.20000076293945
2026-07-08,2026-06-09,LLAO11.SA,LLAO11,57.20000076293945
2026-07-08,2026-06-10,LLAO11.SA,LLAO11,57.20000076293945
2026-07-08,2026-06-11,LLAO11.SA,LLAO11,57.20000076293945
2026-07-08,2026-06-12,LLAO11.SA,LLAO11,57.20000076293945
2026-07-08,2026-06-15,LLAO11.SA,LLAO11,57.20000076293945
2026-07-08,2026-06-16,LLAO11.SA,LLAO11,57.20000076293945
2026-07-08,2026-06-17,LLAO11.SA,LLAO11,57.20000076293945
2026-07-08,2026-06-18,LLAO11.SA,LLAO11,57.20000076293945
2026-07-08,2026-06-19,LLAO11.SA,LLAO11,57.20000076293945
2026-07-08,2026-06-22,LLAO11.SA,LLAO11,57.20000076293945
2026-07-08,2026-06-23,LLAO11.SA,LLAO11,57.20000076293945
2026-07-08,2026-06-24,LLAO11.SA,LLAO11,57.20000076293945
2026-07-08,2026-06-25,LLAO11.SA,LLAO11,57.20000076293945
2026-07-08,2026-06-26,LLAO11.SA,LLAO11,57.20000076293945
2026-07-08,2026-06-29,LLAO11.SA,LLAO11,57.20000076293945
2026-07-08,2026-06-30,LLAO11.SA,LLAO11,57.20000076293945
2026-07-08,2026-07-01,LLAO11.SA,LLAO11,57.20000076293945
2026-07-08,2026-07-02,LLAO11.SA,LLAO11,57.20000076293945
2026-07-08,2026-07-03,LLAO11.SA,LLAO11,57.20000076293945
2026-07-08,2026-07-06,LLAO11.SA,LLAO11,57.20000076293945
2026-07-08,2026-07-07,LLAO11.SA,LLAO11,57.20000076293945
2026-07-08,2026-06-08,BTHI11.SA,BTHI11,44.34000015258789
2026-07-08,2026-06-09,BTHI11.SA,BTHI11,44.349998474121094
2026-07-08,2026-06-10,BTHI11.SA,BTHI11,44.279998779296875
2026-07-08,2026-06-11,BTHI11.SA,BTHI11,43.310001373291016
2026-07-08,2026-06-12,BTHI11.SA,BTHI11,43.97999954223633
2026-07-08,2026-06-15,BTHI11.SA,BTHI11,44.0
2026-07-08,2026-06-16,BTHI11.SA,BTHI11,44.0
2026-07-08,2026-06-17,BTHI11.SA,BTHI11,43.58000183105469
2026-07-08,2026-06-18,BTHI11.SA,BTHI11,43.79999923706055
2026-07-08,2026-06-19,BTHI11.SA,BTHI11,43.04999923706055
2026-07-08,2026-06-22,BTHI11.SA,BTHI11,43.95000076293945
2026-07-08,2026-06-23,BTHI11.SA,BTHI11,43.95000076293945
2026-07-08,2026-06-24,BTHI11.SA,BTHI11,43.95000076293945
2026-07-08,2026-06-25,BTHI11.SA,BTHI11,44.0
2026-07-08,2026-06-26,BTHI11.SA,BTHI11,44.0
2026-07-08,2026-06-29,BTHI11.SA,BTHI11,43.90999984741211
2026-07-08,2026-06-30,BTHI11.SA,BTHI11,43.970001220703125
2026-07-08,2026-07-01,BTHI11.SA,BTHI11,43.900001525878906
2026-07-08,2026-07-02,BTHI11.SA,BTHI11,44.0
2026-07-08,2026-07-03,BTHI11.SA,BTHI11,43.9900016784668
2026-07-08,2026-07-06,BTHI11.SA,BTHI11,43.9900016784668
2026-07-08,2026-07-07,BTHI11.SA,BTHI11,43.86000061035156
2026-07-08,2026-06-08,BRCR11.SA,BRCR11,43.470001220703125
2026-07-08,2026-06-09,BRCR11.SA,BRCR11,43.33000183105469
2026-07-08,2026-06-10,BRCR11.SA,BRCR11,43.18000030517578
2026-07-08,2026-06-11,BRCR11.SA,BRCR11,43.2599983215332
2026-07-08,2026-06-12,BRCR11.SA,BRCR11,43.08000183105469
2026-07-08,2026-06-15,BRCR11.SA,BRCR11,43.09000015258789
2026-07-08,2026-06-16,BRCR11.SA,BRCR11,42.83000183105469
2026-07-08,2026-06-17,BRCR11.SA,BRCR11,42.75
2026-07-08,2026-06-18,BRCR11.SA,BRCR11,42.560001373291016
2026-07-08,2026-06-19,BRCR11.SA,BRCR11,42.56999969482422
2026-07-08,2026-06-22,BRCR11.SA,BRCR11,42.45000076293945
2026-07-08,2026-06-23,BRCR11.SA,BRCR11,42.47999954223633
2026-07-08,2026-06-24,BRCR11.SA,BRCR11,42.27000045776367
2026-07-08,2026-06-25,BRCR11.SA,BRCR11,42.02000045776367
2026-07-08,2026-06-26,BRCR11.SA,BRCR11,42.06999969482422
2026-07-08,2026-06-29,BRCR11.SA,BRCR11,42.2400016784668
2026-07-08,2026-06-30,BRCR11.SA,BRCR11,41.959999084472656
2026-07-08,2026-07-01,BRCR11.SA,BRCR11,42.290000915527344
2026-07-08,2026-07-02,BRCR11.SA,BRCR11,42.0
2026-07-08,2026-07-03,BRCR11.SA,BRCR11,42.29999923706055
2026-07-08,2026-07-06,BRCR11.SA,BRCR11,42.029998779296875
2026-07-08,2026-07-07,BRCR11.SA,BRCR11,42.099998474121094
2026-07-08,2026-06-08,BTCI11.SA,BTCI11,9.180000305175781
2026-07-08,2026-06-09,BTCI11.SA,BTCI11,9.170000076293945
2026-07-08,2026-06-10,BTCI11.SA,BTCI11,9.109999656677246
2026-07-08,2026-06-11,BTCI11.SA,BTCI11,9.15999984741211
2026-07-08,2026-06-12,BTCI11.SA,BTCI11,9.149999618530273
2026-07-08,2026-06-15,BTCI11.SA,BTCI11,9.1899995803833
2026-07-08,2026-06-16,BTCI11.SA,BTCI11,9.170000076293945
2026-07-08,2026-06-17,BTCI11.SA,BTCI11,9.140000343322754
2026-07-08,2026-06-18,BTCI11.SA,BTCI11,9.09000015258789
2026-07-08,2026-06-19,BTCI11.SA,BTCI11,9.130000114440918
2026-07-08,2026-06-22,BTCI11.SA,BTCI11,9.079999923706055
2026-07-08,2026-06-23,BTCI11.SA,BTCI11,8.960000038146973
2026-07-08,2026-06-24,BTCI11.SA,BTCI11,8.989999771118164
2026-07-08,2026-06-25,BTCI11.SA,BTCI11,8.970000267028809
2026-07-08,2026-06-26,BTCI11.SA,BTCI11,9.029999732971191
2026-07-08,2026-06-29,BTCI11.SA,BTCI11,9.119999885559082
2026-07-08,2026-06-30,BTCI11.SA,BTCI11,9.119999885559082
2026-07-08,2026-07-01,BTCI11.SA,BTCI11,9.109999656677246
2026-07-08,2026-07-02,BTCI11.SA,BTCI11,9.260000228881836
2026-07-08,2026-07-03,BTCI11.SA,BTCI11,9.229999542236328
2026-07-08,2026-07-06,BTCI11.SA,BTCI11,9.239999771118164
2026-07-08,2026-07-07,BTCI11.SA,BTCI11,9.220000267028809
2026-07-08,2026-06-08,BTLG11.SA,BTLG11,102.68000030517578
2026-07-08,2026-06-09,BTLG11.SA,BTLG11,102.18000030517578
2026-07-08,2026-06-10,BTLG11.SA,BTLG11,102.02999877929688
2026-07-08,2026-06-11,BTLG11.SA,BTLG11,102.79000091552734
2026-07-08,2026-06-12,BTLG11.SA,BTLG11,102.94999694824219
2026-07-08,2026-06-15,BTLG11.SA,BTLG11,102.94999694824219
2026-07-08,2026-06-16,BTLG11.SA,BTLG11,102.54000091552734
2026-07-08,2026-06-17,BTLG11.SA,BTLG11,102.56999969482422
2026-07-08,2026-06-18,BTLG11.SA,BTLG11,102.23999786376953
2026-07-08,2026-06-19,BTLG11.SA,BTLG11,102.73999786376953
2026-07-08,2026-06-22,BTLG11.SA,BTLG11,101.80000305175781
2026-07-08,2026-06-23,BTLG11.SA,BTLG11,101.8499984741211
2026-07-08,2026-06-24,BTLG11.SA,BTLG11,101.4000015258789
2026-07-08,2026-06-25,BTLG11.SA,BTLG11,102.33000183105469
2026-07-08,2026-06-26,BTLG11.SA,BTLG11,102.23999786376953
2026-07-08,2026-06-29,BTLG11.SA,BTLG11,102.5
2026-07-08,2026-06-30,BTLG11.SA,BTLG11,102.33000183105469
2026-07-08,2026-07-01,BTLG11.SA,BTLG11,102.33000183105469
2026-07-08,2026-07-02,BTLG11.SA,BTLG11,102.55000305175781
2026-07-08,2026-07-03,BTLG11.SA,BTLG11,102.58999633789062
2026-07-08,2026-07-06,BTLG11.SA,BTLG11,102.4800033569336
2026-07-08,2026-07-07,BTLG11.SA,BTLG11,102.5
2026-07-08,2026-06-08,BTHF11.SA,BTHF11,9.149999618530273
2026-07-08,2026-06-09,BTHF11.SA,BTHF11,8.960000038146973
2026-07-08,2026-06-10,BTHF11.SA,BTHF11,8.9399995803833
2026-07-08,2026-06-11,BTHF11.SA,BTHF11,9.0
2026-07-08,2026-06-12,BTHF11.SA,BTHF11,9.010000228881836
2026-07-08,2026-06-15,BTHF11.SA,BTHF11,9.079999923706055
2026-07-08,2026-06-16,BTHF11.SA,BTHF11,9.109999656677246
2026-07-08,2026-06-17,BTHF11.SA,BTHF11,9.100000381469727
2026-07-08,2026-06-18,BTHF11.SA,BTHF11,9.0600004196167
2026-07-08,2026-06-19,BTHF11.SA,BTHF11,9.130000114440918
2026-07-08,2026-06-22,BTHF11.SA,BTHF11,9.050000190734863
2026-07-08,2026-06-23,BTHF11.SA,BTHF11,9.0
2026-07-08,2026-06-24,BTHF11.SA,BTHF11,9.020000457763672
2026-07-08,2026-06-25,BTHF11.SA,BTHF11,8.979999542236328
2026-07-08,2026-06-26,BTHF11.SA,BTHF11,8.880000114440918
2026-07-08,2026-06-29,BTHF11.SA,BTHF11,8.869999885559082
2026-07-08,2026-06-30,BTHF11.SA,BTHF11,8.920000076293945
2026-07-08,2026-07-01,BTHF11.SA,BTHF11,9.0
2026-07-08,2026-07-02,BTHF11.SA,BTHF11,9.050000190734863
2026-07-08,2026-07-03,BTHF11.SA,BTHF11,9.100000381469727
2026-07-08,2026-07-06,BTHF11.SA,BTHF11,9.130000114440918
2026-07-08,2026-07-07,BTHF11.SA,BTHF11,9.119999885559082
2026-07-08,2026-06-08,HSRE11.SA,HSRE11,83.6500015258789
2026-07-08,2026-06-09,HSRE11.SA,HSRE11,83.47000122070312
2026-07-08,2026-06-10,HSRE11.SA,HSRE11,83.44999694824219
2026-07-08,2026-06-11,HSRE11.SA,HSRE11,83.7300033569336
2026-07-08,2026-06-12,HSRE11.SA,HSRE11,84.80000305175781
2026-07-08,2026-06-15,HSRE11.SA,HSRE11,85.94999694824219
2026-07-08,2026-06-16,HSRE11.SA,HSRE11,85.0
2026-07-08,2026-06-17,HSRE11.SA,HSRE11,86.83999633789062
2026-07-08,2026-06-18,HSRE11.SA,HSRE11,86.80000305175781
2026-07-08,2026-06-19,HSRE11.SA,HSRE11,85.5
2026-07-08,2026-06-22,HSRE11.SA,HSRE11,85.5
2026-07-08,2026-06-23,HSRE11.SA,HSRE11,86.93000030517578
2026-07-08,2026-06-24,HSRE11.SA,HSRE11,86.87999725341797
2026-07-08,2026-06-25,HSRE11.SA,HSRE11,86.83999633789062
2026-07-08,2026-06-26,HSRE11.SA,HSRE11,85.36000061035156
2026-07-08,2026-06-29,HSRE11.SA,HSRE11,86.8499984741211
2026-07-08,2026-06-30,HSRE11.SA,HSRE11,86.69000244140625
2026-07-08,2026-07-01,HSRE11.SA,HSRE11,86.6500015258789
2026-07-08,2026-07-02,HSRE11.SA,HSRE11,85.22000122070312
2026-07-08,2026-07-03,HSRE11.SA,HSRE11,86.0
2026-07-08,2026-07-06,HSRE11.SA,HSRE11,86.0999984741211
2026-07-08,2026-07-07,HSRE11.SA,HSRE11,87.19999694824219
2026-07-08,2026-06-08,BPML11.SA,BPML11,89.98999786376953
2026-07-08,2026-06-09,BPML11.SA,BPML11,90.0
2026-07-08,2026-06-10,BPML11.SA,BPML11,88.61000061035156
2026-07-08,2026-06-11,BPML11.SA,BPML11,88.58000183105469
2026-07-08,2026-06-12,BPML11.SA,BPML11,88.9800033569336
2026-07-08,2026-06-15,BPML11.SA,BPML11,89.93000030517578
2026-07-08,2026-06-16,BPML11.SA,BPML11,88.01000213623047
2026-07-08,2026-06-17,BPML11.SA,BPML11,87.95999908447266
2026-07-08,2026-06-18,BPML11.SA,BPML11,87.9000015258789
2026-07-08,2026-06-19,BPML11.SA,BPML11,87.01000213623047
2026-07-08,2026-06-22,BPML11.SA,BPML11,87.88999938964844
2026-07-08,2026-06-23,BPML11.SA,BPML11,86.55999755859375
2026-07-08,2026-06-24,BPML11.SA,BPML11,86.98999786376953
2026-07-08,2026-06-25,BPML11.SA,BPML11,86.9800033569336
2026-07-08,2026-06-26,BPML11.SA,BPML11,85.1500015258789
2026-07-08,2026-06-29,BPML11.SA,BPML11,85.8499984741211
2026-07-08,2026-06-30,BPML11.SA,BPML11,86.68000030517578
2026-07-08,2026-07-01,BPML11.SA,BPML11,86.86000061035156
2026-07-08,2026-07-02,BPML11.SA,BPML11,86.04000091552734
2026-07-08,2026-07-03,BPML11.SA,BPML11,85.30000305175781
2026-07-08,2026-07-06,BPML11.SA,BPML11,84.81999969482422
2026-07-08,2026-07-07,BPML11.SA,BPML11,85.47000122070312
2026-07-08,2026-06-08,BTYU11.SA,BTYU11,7.599999904632568
2026-07-08,2026-06-09,BTYU11.SA,BTYU11,7.590000152587891
2026-07-08,2026-06-10,BTYU11.SA,BTYU11,7.550000190734863
2026-07-08,2026-06-11,BTYU11.SA,BTYU11,7.599999904632568
2026-07-08,2026-06-12,BTYU11.SA,BTYU11,7.590000152587891
2026-07-08,2026-06-15,BTYU11.SA,BTYU11,7.5
2026-07-08,2026-06-16,BTYU11.SA,BTYU11,7.489999771118164
2026-07-08,2026-06-17,BTYU11.SA,BTYU11,7.690000057220459
2026-07-08,2026-06-18,BTYU11.SA,BTYU11,7.679999828338623
2026-07-08,2026-06-19,BTYU11.SA,BTYU11,7.440000057220459
2026-07-08,2026-06-22,BTYU11.SA,BTYU11,7.570000171661377
2026-07-08,2026-06-23,BTYU11.SA,BTYU11,7.480000019073486
2026-07-08,2026-06-24,BTYU11.SA,BTYU11,7.429999828338623
2026-07-08,2026-06-25,BTYU11.SA,BTYU11,7.300000190734863
2026-07-08,2026-06-26,BTYU11.SA,BTYU11,7.46999979019165
2026-07-08,2026-06-29,BTYU11.SA,BTYU11,7.159999847412109
2026-07-08,2026-06-30,BTYU11.SA,BTYU11,7.369999885559082
2026-07-08,2026-07-01,BTYU11.SA,BTYU11,7.400000095367432
2026-07-08,2026-07-02,BTYU11.SA,BTYU11,7.46999979019165
2026-07-08,2026-07-03,BTYU11.SA,BTYU11,7.460000038146973
2026-07-08,2026-07-06,BTYU11.SA,BTYU11,7.230000019073486
2026-07-08,2026-07-07,BTYU11.SA,BTYU11,7.230000019073486
2026-07-08,2026-06-08,BTWR11.SA,BTWR11,91.63999938964844
2026-07-08,2026-06-09,BTWR11.SA,BTWR11,91.63999938964844
2026-07-08,2026-06-10,BTWR11.SA,BTWR11,91.63999938964844
2026-07-08,2026-06-11,BTWR11.SA,BTWR11,91.63999938964844
2026-07-08,2026-06-12,BTWR11.SA,BTWR11,91.63999938964844
2026-07-08,2026-06-15,BTWR11.SA,BTWR11,91.63999938964844
2026-07-08,2026-06-16,BTWR11.SA,BTWR11,91.63999938964844
2026-07-08,2026-06-17,BTWR11.SA,BTWR11,91.63999938964844
2026-07-08,2026-06-18,BTWR11.SA,BTWR11,91.63999938964844
2026-07-08,2026-06-19,BTWR11.SA,BTWR11,91.63999938964844
2026-07-08,2026-06-22,BTWR11.SA,BTWR11,91.63999938964844
2026-07-08,2026-06-23,BTWR11.SA,BTWR11,91.63999938964844
2026-07-08,2026-06-24,BTWR11.SA,BTWR11,91.63999938964844
2026-07-08,2026-06-25,BTWR11.SA,BTWR11,91.63999938964844
2026-07-08,2026-06-26,BTWR11.SA,BTWR11,91.63999938964844
2026-07-08,2026-06-29,BTWR11.SA,BTWR11,91.63999938964844
2026-07-08,2026-06-30,BTWR11.SA,BTWR11,91.63999938964844
2026-07-08,2026-07-01,BTWR11.SA,BTWR11,91.63999938964844
2026-07-08,2026-07-02,BTWR11.SA,BTWR11,91.63999938964844
2026-07-08,2026-07-03,BTWR11.SA,BTWR11,91.63999938964844
2026-07-08,2026-07-06,BTWR11.SA,BTWR11,91.63999938964844
2026-07-08,2026-07-07,BTWR11.SA,BTWR11,91.63999938964844
2026-07-08,2026-06-08,BTSI11.SA,BTSI11,109.0
2026-07-08,2026-06-09,BTSI11.SA,BTSI11,109.0
2026-07-08,2026-06-10,BTSI11.SA,BTSI11,109.0
2026-07-08,2026-06-11,BTSI11.SA,BTSI11,109.0
2026-07-08,2026-06-12,BTSI11.SA,BTSI11,109.0
2026-07-08,2026-06-15,BTSI11.SA,BTSI11,109.0
2026-07-08,2026-06-16,BTSI11.SA,BTSI11,109.0
2026-07-08,2026-06-17,BTSI11.SA,BTSI11,110.0
2026-07-08,2026-06-18,BTSI11.SA,BTSI11,110.0
2026-07-08,2026-06-19,BTSI11.SA,BTSI11,110.0
2026-07-08,2026-06-22,BTSI11.SA,BTSI11,110.0
2026-07-08,2026-06-23,BTSI11.SA,BTSI11,110.0
2026-07-08,2026-06-24,BTSI11.SA,BTSI11,110.0
2026-07-08,2026-06-25,BTSI11.SA,BTSI11,109.16999816894531
2026-07-08,2026-06-26,BTSI11.SA,BTSI11,109.16999816894531
2026-07-08,2026-06-29,BTSI11.SA,BTSI11,109.16999816894531
2026-07-08,2026-06-30,BTSI11.SA,BTSI11,109.16999816894531
2026-07-08,2026-07-01,BTSI11.SA,BTSI11,109.16999816894531
2026-07-08,2026-07-02,BTSI11.SA,BTSI11,109.16999816894531
2026-07-08,2026-07-03,BTSI11.SA,BTSI11,109.16999816894531
2026-07-08,2026-07-06,BTSI11.SA,BTSI11,109.16999816894531
2026-07-08,2026-07-07,BTSI11.SA,BTSI11,109.16999816894531
2026-07-08,2026-06-08,CXCO11.SA,CXCO11,67.01000213623047
2026-07-08,2026-06-09,CXCO11.SA,CXCO11,67.30000305175781
2026-07-08,2026-06-10,CXCO11.SA,CXCO11,66.93000030517578
2026-07-08,2026-06-11,CXCO11.SA,CXCO11,67.30000305175781
2026-07-08,2026-06-12,CXCO11.SA,CXCO11,67.01000213623047
2026-07-08,2026-06-15,CXCO11.SA,CXCO11,66.80000305175781
2026-07-08,2026-06-16,CXCO11.SA,CXCO11,64.55999755859375
2026-07-08,2026-06-17,CXCO11.SA,CXCO11,65.9800033569336
2026-07-08,2026-06-18,CXCO11.SA,CXCO11,65.61000061035156
2026-07-08,2026-06-19,CXCO11.SA,CXCO11,66.29000091552734
2026-07-08,2026-06-22,CXCO11.SA,CXCO11,67.25
2026-07-08,2026-06-23,CXCO11.SA,CXCO11,67.94999694824219
2026-07-08,2026-06-24,CXCO11.SA,CXCO11,65.7699966430664
2026-07-08,2026-06-25,CXCO11.SA,CXCO11,67.0
2026-07-08,2026-06-26,CXCO11.SA,CXCO11,69.95999908447266
2026-07-08,2026-06-29,CXCO11.SA,CXCO11,69.95999908447266
2026-07-08,2026-06-30,CXCO11.SA,CXCO11,69.94999694824219
2026-07-08,2026-07-01,CXCO11.SA,CXCO11,64.75
2026-07-08,2026-07-02,CXCO11.SA,CXCO11,66.69999694824219
2026-07-08,2026-07-03,CXCO11.SA,CXCO11,67.01000213623047
2026-07-08,2026-07-06,CXCO11.SA,CXCO11,67.0
2026-07-08,2026-07-07,CXCO11.SA,CXCO11,67.0
2026-07-08,2026-06-08,CRFF11.SA,CRFF11,75.75
2026-07-08,2026-06-09,CRFF11.SA,CRFF11,75.73999786376953
2026-07-08,2026-06-10,CRFF11.SA,CRFF11,75.87000274658203
2026-07-08,2026-06-11,CRFF11.SA,CRFF11,75.87999725341797
2026-07-08,2026-06-12,CRFF11.SA,CRFF11,75.83000183105469
2026-07-08,2026-06-15,CRFF11.SA,CRFF11,76.98999786376953
2026-07-08,2026-06-16,CRFF11.SA,CRFF11,77.0
2026-07-08,2026-06-17,CRFF11.SA,CRFF11,76.98999786376953
2026-07-08,2026-06-18,CRFF11.SA,CRFF11,77.0
2026-07-08,2026-06-19,CRFF11.SA,CRFF11,77.0
2026-07-08,2026-06-22,CRFF11.SA,CRFF11,77.0
2026-07-08,2026-06-23,CRFF11.SA,CRFF11,77.0
2026-07-08,2026-06-24,CRFF11.SA,CRFF11,77.0
2026-07-08,2026-06-25,CRFF11.SA,CRFF11,77.0
2026-07-08,2026-06-26,CRFF11.SA,CRFF11,76.77999877929688
2026-07-08,2026-06-29,CRFF11.SA,CRFF11,76.9000015258789
2026-07-08,2026-06-30,CRFF11.SA,CRFF11,77.0
2026-07-08,2026-07-01,CRFF11.SA,CRFF11,76.62000274658203
2026-07-08,2026-07-02,CRFF11.SA,CRFF11,69.01000213623047
2026-07-08,2026-07-03,CRFF11.SA,CRFF11,72.86000061035156
2026-07-08,2026-07-06,CRFF11.SA,CRFF11,72.44999694824219
2026-07-08,2026-07-07,CRFF11.SA,CRFF11,71.83999633789062
2026-07-08,2026-06-08,CXRI11.SA,CXRI11,63.75
2026-07-08,2026-06-09,CXRI11.SA,CXRI11,63.93000030517578
2026-07-08,2026-06-10,CXRI11.SA,CXRI11,64.18000030517578
2026-07-08,2026-06-11,CXRI11.SA,CXRI11,64.19999694824219
2026-07-08,2026-06-12,CXRI11.SA,CXRI11,63.65999984741211
2026-07-08,2026-06-15,CXRI11.SA,CXRI11,64.2699966430664
2026-07-08,2026-06-16,CXRI11.SA,CXRI11,63.880001068115234
2026-07-08,2026-06-17,CXRI11.SA,CXRI11,64.0
2026-07-08,2026-06-18,CXRI11.SA,CXRI11,64.37999725341797
2026-07-08,2026-06-19,CXRI11.SA,CXRI11,64.37999725341797
2026-07-08,2026-06-22,CXRI11.SA,CXRI11,63.9900016784668
2026-07-08,2026-06-23,CXRI11.SA,CXRI11,64.0
2026-07-08,2026-06-24,CXRI11.SA,CXRI11,64.69999694824219
2026-07-08,2026-06-25,CXRI11.SA,CXRI11,64.69999694824219
2026-07-08,2026-06-26,CXRI11.SA,CXRI11,65.0
2026-07-08,2026-06-29,CXRI11.SA,CXRI11,65.06999969482422
2026-07-08,2026-06-30,CXRI11.SA,CXRI11,65.9000015258789
2026-07-08,2026-07-01,CXRI11.SA,CXRI11,65.44999694824219
2026-07-08,2026-07-02,CXRI11.SA,CXRI11,65.0
2026-07-08,2026-07-03,CXRI11.SA,CXRI11,65.0
2026-07-08,2026-07-06,CXRI11.SA,CXRI11,65.01000213623047
2026-07-08,2026-07-07,CXRI11.SA,CXRI11,66.18000030517578
2026-07-08,2026-06-08,CCME11.SA,CCME11,8.65999984741211
2026-07-08,2026-06-09,CCME11.SA,CCME11,8.699999809265137
2026-07-08,2026-06-10,CCME11.SA,CCME11,8.619999885559082
2026-07-08,2026-06-11,CCME11.SA,CCME11,8.9399995803833
2026-07-08,2026-06-12,CCME11.SA,CCME11,8.699999809265137
2026-07-08,2026-06-15,CCME11.SA,CCME11,8.75
2026-07-08,2026-06-16,CCME11.SA,CCME11,8.84000015258789
2026-07-08,2026-06-17,CCME11.SA,CCME11,8.890000343322754
2026-07-08,2026-06-18,CCME11.SA,CCME11,8.680000305175781
2026-07-08,2026-06-19,CCME11.SA,CCME11,8.6899995803833
2026-07-08,2026-06-22,CCME11.SA,CCME11,8.680000305175781
2026-07-08,2026-06-23,CCME11.SA,CCME11,8.609999656677246
2026-07-08,2026-06-24,CCME11.SA,CCME11,8.710000038146973
2026-07-08,2026-06-25,CCME11.SA,CCME11,8.800000190734863
2026-07-08,2026-06-26,CCME11.SA,CCME11,8.619999885559082
2026-07-08,2026-06-29,CCME11.SA,CCME11,8.779999732971191
2026-07-08,2026-06-30,CCME11.SA,CCME11,8.800000190734863
2026-07-08,2026-07-01,CCME11.SA,CCME11,8.899999618530273
2026-07-08,2026-07-02,CCME11.SA,CCME11,8.949999809265137
2026-07-08,2026-07-03,CCME11.SA,CCME11,8.779999732971191
2026-07-08,2026-07-06,CCME11.SA,CCME11,8.960000038146973
2026-07-08,2026-07-07,CCME11.SA,CCME11,8.970000267028809
2026-07-08,2026-06-08,CCVA11.SA,CCVA11,100.06999969482422
2026-07-08,2026-06-09,CCVA11.SA,CCVA11,100.06999969482422
2026-07-08,2026-06-10,CCVA11.SA,CCVA11,100.06999969482422
2026-07-08,2026-06-11,CCVA11.SA,CCVA11,100.06999969482422
2026-07-08,2026-06-12,CCVA11.SA,CCVA11,100.06999969482422
2026-07-08,2026-06-15,CCVA11.SA,CCVA11,100.06999969482422
2026-07-08,2026-06-16,CCVA11.SA,CCVA11,100.06999969482422
2026-07-08,2026-06-17,CCVA11.SA,CCVA11,100.06999969482422
2026-07-08,2026-06-18,CCVA11.SA,CCVA11,100.06999969482422
2026-07-08,2026-06-19,CCVA11.SA,CCVA11,100.06999969482422
2026-07-08,2026-06-22,CCVA11.SA,CCVA11,100.06999969482422
2026-07-08,2026-06-23,CCVA11.SA,CCVA11,100.06999969482422
2026-07-08,2026-06-24,CCVA11.SA,CCVA11,100.06999969482422
2026-07-08,2026-06-25,CCVA11.SA,CCVA11,100.06999969482422
2026-07-08,2026-06-26,CCVA11.SA,CCVA11,100.06999969482422
2026-07-08,2026-06-29,CCVA11.SA,CCVA11,100.06999969482422
2026-07-08,2026-06-30,CCVA11.SA,CCVA11,100.06999969482422
2026-07-08,2026-07-01,CCVA11.SA,CCVA11,100.06999969482422
2026-07-08,2026-07-02,CCVA11.SA,CCVA11,100.06999969482422
2026-07-08,2026-07-03,CCVA11.SA,CCVA11,100.06999969482422
2026-07-08,2026-07-06,CCVA11.SA,CCVA11,100.06999969482422
2026-07-08,2026-07-07,CCVA11.SA,CCVA11,100.06999969482422
2026-07-08,2026-06-08,CPUR11.SA,CPUR11,10.359999656677246
2026-07-08,2026-06-09,CPUR11.SA,CPUR11,10.220000267028809
2026-07-08,2026-06-10,CPUR11.SA,CPUR11,10.09000015258789
2026-07-08,2026-06-11,CPUR11.SA,CPUR11,10.039999961853027
2026-07-08,2026-06-12,CPUR11.SA,CPUR11,10.180000305175781
2026-07-08,2026-06-15,CPUR11.SA,CPUR11,10.1899995803833
2026-07-08,2026-06-16,CPUR11.SA,CPUR11,10.09000015258789
2026-07-08,2026-06-17,CPUR11.SA,CPUR11,10.09000015258789
2026-07-08,2026-06-18,CPUR11.SA,CPUR11,10.149999618530273
2026-07-08,2026-06-19,CPUR11.SA,CPUR11,10.149999618530273
2026-07-08,2026-06-22,CPUR11.SA,CPUR11,10.149999618530273
2026-07-08,2026-06-23,CPUR11.SA,CPUR11,10.170000076293945
2026-07-08,2026-06-24,CPUR11.SA,CPUR11,10.119999885559082
2026-07-08,2026-06-25,CPUR11.SA,CPUR11,10.170000076293945
2026-07-08,2026-06-26,CPUR11.SA,CPUR11,10.130000114440918
2026-07-08,2026-06-29,CPUR11.SA,CPUR11,10.130000114440918
2026-07-08,2026-06-30,CPUR11.SA,CPUR11,10.199999809265137
2026-07-08,2026-07-01,CPUR11.SA,CPUR11,10.229999542236328
2026-07-08,2026-07-02,CPUR11.SA,CPUR11,10.229999542236328
2026-07-08,2026-07-03,CPUR11.SA,CPUR11,10.229999542236328
2026-07-08,2026-07-06,CPUR11.SA,CPUR11,10.229999542236328
2026-07-08,2026-07-07,CPUR11.SA,CPUR11,10.229999542236328
2026-07-08,2026-06-08,CPLG11.SA,CPLG11,11.109999656677246
2026-07-08,2026-06-09,CPLG11.SA,CPLG11,11.199999809265137
2026-07-08,2026-06-10,CPLG11.SA,CPLG11,11.300000190734863
2026-07-08,2026-06-11,CPLG11.SA,CPLG11,11.25
2026-07-08,2026-06-12,CPLG11.SA,CPLG11,11.170000076293945
2026-07-08,2026-06-15,CPLG11.SA,CPLG11,11.170000076293945
2026-07-08,2026-06-16,CPLG11.SA,CPLG11,11.180000305175781
2026-07-08,2026-06-17,CPLG11.SA,CPLG11,11.149999618530273
2026-07-08,2026-06-18,CPLG11.SA,CPLG11,11.130000114440918
2026-07-08,2026-06-19,CPLG11.SA,CPLG11,11.140000343322754
2026-07-08,2026-06-22,CPLG11.SA,CPLG11,11.140000343322754
2026-07-08,2026-06-23,CPLG11.SA,CPLG11,11.149999618530273
2026-07-08,2026-06-24,CPLG11.SA,CPLG11,11.119999885559082
2026-07-08,2026-06-25,CPLG11.SA,CPLG11,11.100000381469727
2026-07-08,2026-06-26,CPLG11.SA,CPLG11,11.09000015258789
2026-07-08,2026-06-29,CPLG11.SA,CPLG11,11.149999618530273
2026-07-08,2026-06-30,CPLG11.SA,CPLG11,11.319999694824219
2026-07-08,2026-07-01,CPLG11.SA,CPLG11,11.1899995803833
2026-07-08,2026-07-02,CPLG11.SA,CPLG11,11.170000076293945
2026-07-08,2026-07-03,CPLG11.SA,CPLG11,11.079999923706055
2026-07-08,2026-07-06,CPLG11.SA,CPLG11,11.079999923706055
2026-07-08,2026-07-07,CPLG11.SA,CPLG11,11.079999923706055
2026-07-08,2026-06-08,CPOF11.SA,CPOF11,113.5
2026-07-08,2026-06-09,CPOF11.SA,CPOF11,113.5
2026-07-08,2026-06-10,CPOF11.SA,CPOF11,114.5
2026-07-08,2026-06-11,CPOF11.SA,CPOF11,114.48999786376953
2026-07-08,2026-06-12,CPOF11.SA,CPOF11,114.48999786376953
2026-07-08,2026-06-15,CPOF11.SA,CPOF11,114.48999786376953
2026-07-08,2026-06-16,CPOF11.SA,CPOF11,114.48999786376953
2026-07-08,2026-06-17,CPOF11.SA,CPOF11,114.5
2026-07-08,2026-06-18,CPOF11.SA,CPOF11,114.5
2026-07-08,2026-06-19,CPOF11.SA,CPOF11,114.5
2026-07-08,2026-06-22,CPOF11.SA,CPOF11,114.5
2026-07-08,2026-06-23,CPOF11.SA,CPOF11,114.5
2026-07-08,2026-06-24,CPOF11.SA,CPOF11,114.48999786376953
2026-07-08,2026-06-25,CPOF11.SA,CPOF11,114.48999786376953
2026-07-08,2026-06-26,CPOF11.SA,CPOF11,114.48999786376953
2026-07-08,2026-06-29,CPOF11.SA,CPOF11,114.48999786376953
2026-07-08,2026-06-30,CPOF11.SA,CPOF11,114.48999786376953
2026-07-08,2026-07-01,CPOF11.SA,CPOF11,114.5
2026-07-08,2026-07-02,CPOF11.SA,CPOF11,114.5
2026-07-08,2026-07-03,CPOF11.SA,CPOF11,114.48999786376953
2026-07-08,2026-07-06,CPOF11.SA,CPOF11,114.48999786376953
2026-07-08,2026-07-07,CPOF11.SA,CPOF11,114.48999786376953
2026-07-08,2026-06-08,CPTS11.SA,CPTS11,7.619999885559082
2026-07-08,2026-06-09,CPTS11.SA,CPTS11,7.619999885559082
2026-07-08,2026-06-10,CPTS11.SA,CPTS11,7.460000038146973
2026-07-08,2026-06-11,CPTS11.SA,CPTS11,7.599999904632568
2026-07-08,2026-06-12,CPTS11.SA,CPTS11,7.559999942779541
2026-07-08,2026-06-15,CPTS11.SA,CPTS11,7.550000190734863
2026-07-08,2026-06-16,CPTS11.SA,CPTS11,7.360000133514404
2026-07-08,2026-06-17,CPTS11.SA,CPTS11,7.269999980926514
2026-07-08,2026-06-18,CPTS11.SA,CPTS11,7.289999961853027
2026-07-08,2026-06-19,CPTS11.SA,CPTS11,7.300000190734863
2026-07-08,2026-06-22,CPTS11.SA,CPTS11,7.269999980926514
2026-07-08,2026-06-23,CPTS11.SA,CPTS11,7.389999866485596
2026-07-08,2026-06-24,CPTS11.SA,CPTS11,7.389999866485596
2026-07-08,2026-06-25,CPTS11.SA,CPTS11,7.460000038146973
2026-07-08,2026-06-26,CPTS11.SA,CPTS11,7.429999828338623
2026-07-08,2026-06-29,CPTS11.SA,CPTS11,7.539999961853027
2026-07-08,2026-06-30,CPTS11.SA,CPTS11,7.510000228881836
2026-07-08,2026-07-01,CPTS11.SA,CPTS11,7.539999961853027
2026-07-08,2026-07-02,CPTS11.SA,CPTS11,7.519999980926514
2026-07-08,2026-07-03,CPTS11.SA,CPTS11,7.579999923706055
2026-07-08,2026-07-06,CPTS11.SA,CPTS11,7.579999923706055
2026-07-08,2026-07-07,CPTS11.SA,CPTS11,7.570000171661377
2026-07-08,2026-06-08,CPSH11.SA,CPSH11,10.039999961853027
2026-07-08,2026-06-09,CPSH11.SA,CPSH11,10.010000228881836
2026-07-08,2026-06-10,CPSH11.SA,CPSH11,10.0
2026-07-08,2026-06-11,CPSH11.SA,CPSH11,10.050000190734863
2026-07-08,2026-06-12,CPSH11.SA,CPSH11,10.0
2026-07-08,2026-06-15,CPSH11.SA,CPSH11,10.029999732971191
2026-07-08,2026-06-16,CPSH11.SA,CPSH11,9.989999771118164
2026-07-08,2026-06-17,CPSH11.SA,CPSH11,9.920000076293945
2026-07-08,2026-06-18,CPSH11.SA,CPSH11,9.899999618530273
2026-07-08,2026-06-19,CPSH11.SA,CPSH11,9.960000038146973
2026-07-08,2026-06-22,CPSH11.SA,CPSH11,9.979999542236328
2026-07-08,2026-06-23,CPSH11.SA,CPSH11,9.979999542236328
2026-07-08,2026-06-24,CPSH11.SA,CPSH11,9.949999809265137
2026-07-08,2026-06-25,CPSH11.SA,CPSH11,9.960000038146973
2026-07-08,2026-06-26,CPSH11.SA,CPSH11,10.010000228881836
2026-07-08,2026-06-29,CPSH11.SA,CPSH11,10.0
2026-07-08,2026-06-30,CPSH11.SA,CPSH11,9.970000267028809
2026-07-08,2026-07-01,CPSH11.SA,CPSH11,10.010000228881836
2026-07-08,2026-07-02,CPSH11.SA,CPSH11,9.989999771118164
2026-07-08,2026-07-03,CPSH11.SA,CPSH11,9.989999771118164
2026-07-08,2026-07-06,CPSH11.SA,CPSH11,9.989999771118164
2026-07-08,2026-07-07,CPSH11.SA,CPSH11,9.989999771118164
2026-07-08,2026-06-08,CACR11.SA,CACR11,23.549999237060547
2026-07-08,2026-06-09,CACR11.SA,CACR11,22.700000762939453
2026-07-08,2026-06-10,CACR11.SA,CACR11,20.81999969482422
2026-07-08,2026-06-11,CACR11.SA,CACR11,21.940000534057617
2026-07-08,2026-06-12,CACR11.SA,CACR11,22.979999542236328
2026-07-08,2026-06-15,CACR11.SA,CACR11,24.030000686645508
2026-07-08,2026-06-16,CACR11.SA,CACR11,23.450000762939453
2026-07-08,2026-06-17,CACR11.SA,CACR11,22.600000381469727
2026-07-08,2026-06-18,CACR11.SA,CACR11,22.799999237060547
2026-07-08,2026-06-19,CACR11.SA,CACR11,24.1200008392334
2026-07-08,2026-06-22,CACR11.SA,CACR11,23.989999771118164
2026-07-08,2026-06-23,CACR11.SA,CACR11,24.829999923706055
2026-07-08,2026-06-24,CACR11.SA,CACR11,25.190000534057617
2026-07-08,2026-06-25,CACR11.SA,CACR11,24.799999237060547
2026-07-08,2026-06-26,CACR11.SA,CACR11,27.420000076293945
2026-07-08,2026-06-29,CACR11.SA,CACR11,27.1299991607666
2026-07-08,2026-06-30,CACR11.SA,CACR11,27.34000015258789
2026-07-08,2026-07-01,CACR11.SA,CACR11,23.010000228881836
2026-07-08,2026-07-02,CACR11.SA,CACR11,21.989999771118164
2026-07-08,2026-07-03,CACR11.SA,CACR11,22.959999084472656
2026-07-08,2026-07-06,CACR11.SA,CACR11,21.809999465942383
2026-07-08,2026-07-07,CACR11.SA,CACR11,21.709999084472656
2026-07-08,2026-06-08,CBOP11.SA,CBOP11,31.899999618530273
2026-07-08,2026-06-09,CBOP11.SA,CBOP11,33.0
2026-07-08,2026-06-10,CBOP11.SA,CBOP11,33.0
2026-07-08,2026-06-11,CBOP11.SA,CBOP11,32.0
2026-07-08,2026-06-12,CBOP11.SA,CBOP11,32.0
2026-07-08,2026-06-15,CBOP11.SA,CBOP11,33.4900016784668
2026-07-08,2026-06-16,CBOP11.SA,CBOP11,33.47999954223633
2026-07-08,2026-06-17,CBOP11.SA,CBOP11,32.650001525878906
2026-07-08,2026-06-18,CBOP11.SA,CBOP11,32.650001525878906
2026-07-08,2026-06-19,CBOP11.SA,CBOP11,32.650001525878906
2026-07-08,2026-06-22,CBOP11.SA,CBOP11,32.650001525878906
2026-07-08,2026-06-23,CBOP11.SA,CBOP11,32.650001525878906
2026-07-08,2026-06-24,CBOP11.SA,CBOP11,32.650001525878906
2026-07-08,2026-06-25,CBOP11.SA,CBOP11,32.650001525878906
2026-07-08,2026-06-26,CBOP11.SA,CBOP11,32.70000076293945
2026-07-08,2026-06-29,CBOP11.SA,CBOP11,32.33000183105469
2026-07-08,2026-06-30,CBOP11.SA,CBOP11,33.4900016784668
2026-07-08,2026-07-01,CBOP11.SA,CBOP11,32.31999969482422
2026-07-08,2026-07-02,CBOP11.SA,CBOP11,32.31999969482422
2026-07-08,2026-07-03,CBOP11.SA,CBOP11,30.989999771118164
2026-07-08,2026-07-06,CBOP11.SA,CBOP11,30.989999771118164
2026-07-08,2026-07-07,CBOP11.SA,CBOP11,30.059999465942383
2026-07-08,2026-06-08,BLCA11.SA,BLCA11,98.77999877929688
2026-07-08,2026-06-09,BLCA11.SA,BLCA11,98.77999877929688
2026-07-08,2026-06-10,BLCA11.SA,BLCA11,98.77999877929688
2026-07-08,2026-06-11,BLCA11.SA,BLCA11,98.2300033569336
2026-07-08,2026-06-12,BLCA11.SA,BLCA11,98.2300033569336
2026-07-08,2026-06-15,BLCA11.SA,BLCA11,98.2300033569336
2026-07-08,2026-06-16,BLCA11.SA,BLCA11,98.30000305175781
2026-07-08,2026-06-17,BLCA11.SA,BLCA11,98.0
2026-07-08,2026-06-18,BLCA11.SA,BLCA11,97.11000061035156
2026-07-08,2026-06-19,BLCA11.SA,BLCA11,97.11000061035156
2026-07-08,2026-06-22,BLCA11.SA,BLCA11,98.44000244140625
2026-07-08,2026-06-23,BLCA11.SA,BLCA11,96.08000183105469
2026-07-08,2026-06-24,BLCA11.SA,BLCA11,97.76000213623047
2026-07-08,2026-06-25,BLCA11.SA,BLCA11,97.73999786376953
2026-07-08,2026-06-26,BLCA11.SA,BLCA11,97.80000305175781
2026-07-08,2026-06-29,BLCA11.SA,BLCA11,98.30000305175781
2026-07-08,2026-06-30,BLCA11.SA,BLCA11,97.5
2026-07-08,2026-07-01,BLCA11.SA,BLCA11,97.5
2026-07-08,2026-07-02,BLCA11.SA,BLCA11,97.5
2026-07-08,2026-07-03,BLCA11.SA,BLCA11,97.0
2026-07-08,2026-07-06,BLCA11.SA,BLCA11,97.0
2026-07-08,2026-07-07,BLCA11.SA,BLCA11,96.8499984741211
2026-07-08,2026-06-08,CNES11.SA,CNES11,1.409999966621399
2026-07-08,2026-06-09,CNES11.SA,CNES11,1.399999976158142
2026-07-08,2026-06-10,CNES11.SA,CNES11,1.3899999856948853
2026-07-08,2026-06-11,CNES11.SA,CNES11,1.3899999856948853
2026-07-08,2026-06-12,CNES11.SA,CNES11,1.399999976158142
2026-07-08,2026-06-15,CNES11.SA,CNES11,1.399999976158142
2026-07-08,2026-06-16,CNES11.SA,CNES11,1.409999966621399
2026-07-08,2026-06-17,CNES11.SA,CNES11,1.399999976158142
2026-07-08,2026-06-18,CNES11.SA,CNES11,1.409999966621399
2026-07-08,2026-06-19,CNES11.SA,CNES11,1.4199999570846558
2026-07-08,2026-06-22,CNES11.SA,CNES11,1.4199999570846558
2026-07-08,2026-06-23,CNES11.SA,CNES11,1.409999966621399
2026-07-08,2026-06-24,CNES11.SA,CNES11,1.409999966621399
2026-07-08,2026-06-25,CNES11.SA,CNES11,1.399999976158142
2026-07-08,2026-06-26,CNES11.SA,CNES11,1.3700000047683716
2026-07-08,2026-06-29,CNES11.SA,CNES11,1.399999976158142
2026-07-08,2026-06-30,CNES11.SA,CNES11,1.399999976158142
2026-07-08,2026-07-01,CNES11.SA,CNES11,1.440000057220459
2026-07-08,2026-07-02,CNES11.SA,CNES11,1.440000057220459
2026-07-08,2026-07-03,CNES11.SA,CNES11,1.4199999570846558
2026-07-08,2026-07-06,CNES11.SA,CNES11,1.4500000476837158
2026-07-08,2026-07-07,CNES11.SA,CNES11,1.440000057220459
2026-07-08,2026-06-08,CTXT11.SA,CTXT11,5.03000020980835
2026-07-08,2026-06-09,CTXT11.SA,CTXT11,4.96999979019165
2026-07-08,2026-06-10,CTXT11.SA,CTXT11,4.599999904632568
2026-07-08,2026-06-11,CTXT11.SA,CTXT11,4.599999904632568
2026-07-08,2026-06-12,CTXT11.SA,CTXT11,4.940000057220459
2026-07-08,2026-06-15,CTXT11.SA,CTXT11,4.639999866485596
2026-07-08,2026-06-16,CTXT11.SA,CTXT11,4.679999828338623
2026-07-08,2026-06-17,CTXT11.SA,CTXT11,4.940000057220459
2026-07-08,2026-06-18,CTXT11.SA,CTXT11,4.889999866485596
2026-07-08,2026-06-19,CTXT11.SA,CTXT11,4.869999885559082
2026-07-08,2026-06-22,CTXT11.SA,CTXT11,4.909999847412109
2026-07-08,2026-06-23,CTXT11.SA,CTXT11,4.880000114440918
2026-07-08,2026-06-24,CTXT11.SA,CTXT11,4.829999923706055
2026-07-08,2026-06-25,CTXT11.SA,CTXT11,4.510000228881836
2026-07-08,2026-06-26,CTXT11.SA,CTXT11,4.710000038146973
2026-07-08,2026-06-29,CTXT11.SA,CTXT11,4.690000057220459
2026-07-08,2026-06-30,CTXT11.SA,CTXT11,4.510000228881836
2026-07-08,2026-07-01,CTXT11.SA,CTXT11,4.949999809265137
2026-07-08,2026-07-02,CTXT11.SA,CTXT11,4.900000095367432
2026-07-08,2026-07-03,CTXT11.SA,CTXT11,4.889999866485596
2026-07-08,2026-07-06,CTXT11.SA,CTXT11,4.840000152587891
2026-07-08,2026-07-07,CTXT11.SA,CTXT11,4.840000152587891
2026-07-08,2026-06-08,CENU11.SA,CENU11,100.0
2026-07-08,2026-06-09,CENU11.SA,CENU11,100.0
2026-07-08,2026-06-10,CENU11.SA,CENU11,100.0
2026-07-08,2026-06-11,CENU11.SA,CENU11,100.0
2026-07-08,2026-06-12,CENU11.SA,CENU11,100.0
2026-07-08,2026-06-15,CENU11.SA,CENU11,100.0
2026-07-08,2026-06-16,CENU11.SA,CENU11,100.0
2026-07-08,2026-06-17,CENU11.SA,CENU11,100.0
2026-07-08,2026-06-18,CENU11.SA,CENU11,100.0
2026-07-08,2026-06-19,CENU11.SA,CENU11,100.0
2026-07-08,2026-06-22,CENU11.SA,CENU11,100.0
2026-07-08,2026-06-23,CENU11.SA,CENU11,100.0
2026-07-08,2026-06-24,CENU11.SA,CENU11,100.0
2026-07-08,2026-06-25,CENU11.SA,CENU11,100.0
2026-07-08,2026-06-26,CENU11.SA,CENU11,100.0
2026-07-08,2026-06-29,CENU11.SA,CENU11,100.0
2026-07-08,2026-06-30,CENU11.SA,CENU11,100.0
2026-07-08,2026-07-01,CENU11.SA,CENU11,100.0
2026-07-08,2026-07-02,CENU11.SA,CENU11,100.0
2026-07-08,2026-07-03,CENU11.SA,CENU11,100.0
2026-07-08,2026-07-06,CENU11.SA,CENU11,100.0
2026-07-08,2026-07-07,CENU11.SA,CENU11,100.0
2026-07-08,2026-06-08,CFII11.SA,CFII11,650.0
2026-07-08,2026-06-09,CFII11.SA,CFII11,650.0
2026-07-08,2026-06-10,CFII11.SA,CFII11,519.75
2026-07-08,2026-06-11,CFII11.SA,CFII11,519.75
2026-07-08,2026-06-12,CFII11.SA,CFII11,519.75
2026-07-08,2026-06-15,CFII11.SA,CFII11,519.75
2026-07-08,2026-06-16,CFII11.SA,CFII11,519.75
2026-07-08,2026-06-17,CFII11.SA,CFII11,519.75
2026-07-08,2026-06-18,CFII11.SA,CFII11,519.75
2026-07-08,2026-06-19,CFII11.SA,CFII11,519.75
2026-07-08,2026-06-22,CFII11.SA,CFII11,519.75
2026-07-08,2026-06-23,CFII11.SA,CFII11,519.75
2026-07-08,2026-06-24,CFII11.SA,CFII11,519.75
2026-07-08,2026-06-25,CFII11.SA,CFII11,519.75
2026-07-08,2026-06-26,CFII11.SA,CFII11,519.75
2026-07-08,2026-06-29,CFII11.SA,CFII11,519.75
2026-07-08,2026-06-30,CFII11.SA,CFII11,519.75
2026-07-08,2026-07-01,CFII11.SA,CFII11,519.75
2026-07-08,2026-07-02,CFII11.SA,CFII11,519.75
2026-07-08,2026-07-03,CFII11.SA,CFII11,519.75
2026-07-08,2026-07-06,CFII11.SA,CFII11,519.75
2026-07-08,2026-07-07,CFII11.SA,CFII11,519.75
2026-07-08,2026-06-08,CJCT11.SA,CJCT11,65.98999786376953
2026-07-08,2026-06-09,CJCT11.SA,CJCT11,65.98999786376953
2026-07-08,2026-06-10,CJCT11.SA,CJCT11,65.98999786376953
2026-07-08,2026-06-11,CJCT11.SA,CJCT11,65.98999786376953
2026-07-08,2026-06-12,CJCT11.SA,CJCT11,65.98999786376953
2026-07-08,2026-06-15,CJCT11.SA,CJCT11,65.92790222167969
2026-07-08,2026-06-16,CJCT11.SA,CJCT11,65.92790222167969
2026-07-08,2026-06-17,CJCT11.SA,CJCT11,65.92790222167969
2026-07-08,2026-06-18,CJCT11.SA,CJCT11,65.92790222167969
2026-07-08,2026-06-19,CJCT11.SA,CJCT11,66.42743682861328
2026-07-08,2026-06-22,CJCT11.SA,CJCT11,66.42743682861328
2026-07-08,2026-06-23,CJCT11.SA,CJCT11,66.48999786376953
2026-07-08,2026-06-24,CJCT11.SA,CJCT11,66.98999786376953
2026-07-08,2026-06-25,CJCT11.SA,CJCT11,66.98999786376953
2026-07-08,2026-06-26,CJCT11.SA,CJCT11,66.98999786376953
2026-07-08,2026-06-29,CJCT11.SA,CJCT11,66.98999786376953
2026-07-08,2026-06-30,CJCT11.SA,CJCT11,67.13999938964844
2026-07-08,2026-07-01,CJCT11.SA,CJCT11,67.13999938964844
2026-07-08,2026-07-02,CJCT11.SA,CJCT11,66.98999786376953
2026-07-08,2026-07-03,CJCT11.SA,CJCT11,66.98999786376953
2026-07-08,2026-07-06,CJCT11.SA,CJCT11,66.98999786376953
2026-07-08,2026-07-07,CJCT11.SA,CJCT11,66.98999786376953
2026-07-08,2026-06-08,CIXF11.SA,CIXF11,114.5199966430664
2026-07-08,2026-06-09,CIXF11.SA,CIXF11,114.5199966430664
2026-07-08,2026-06-10,CIXF11.SA,CIXF11,114.5199966430664
2026-07-08,2026-06-11,CIXF11.SA,CIXF11,114.5199966430664
2026-07-08,2026-06-12,CIXF11.SA,CIXF11,114.5199966430664
2026-07-08,2026-06-15,CIXF11.SA,CIXF11,114.5199966430664
2026-07-08,2026-06-16,CIXF11.SA,CIXF11,114.5199966430664
2026-07-08,2026-06-17,CIXF11.SA,CIXF11,114.5199966430664
2026-07-08,2026-06-18,CIXF11.SA,CIXF11,114.5199966430664
2026-07-08,2026-06-19,CIXF11.SA,CIXF11,114.5199966430664
2026-07-08,2026-06-22,CIXF11.SA,CIXF11,114.5199966430664
2026-07-08,2026-06-23,CIXF11.SA,CIXF11,114.5199966430664
2026-07-08,2026-06-24,CIXF11.SA,CIXF11,114.5199966430664
2026-07-08,2026-06-25,CIXF11.SA,CIXF11,114.5199966430664
2026-07-08,2026-06-26,CIXF11.SA,CIXF11,114.5199966430664
2026-07-08,2026-06-29,CIXF11.SA,CIXF11,114.5199966430664
2026-07-08,2026-06-30,CIXF11.SA,CIXF11,114.5199966430664
2026-07-08,2026-07-01,CIXF11.SA,CIXF11,114.5199966430664
2026-07-08,2026-07-02,CIXF11.SA,CIXF11,114.5199966430664
2026-07-08,2026-07-03,CIXF11.SA,CIXF11,114.5199966430664
2026-07-08,2026-07-06,CIXF11.SA,CIXF11,114.5199966430664
2026-07-08,2026-07-07,CIXF11.SA,CIXF11,114.5199966430664
2026-07-08,2026-06-08,PDBM11.SA,PDBM11,115.0
2026-07-08,2026-06-09,PDBM11.SA,PDBM11,115.0
2026-07-08,2026-06-10,PDBM11.SA,PDBM11,115.0
2026-07-08,2026-06-11,PDBM11.SA,PDBM11,115.0
2026-07-08,2026-06-12,PDBM11.SA,PDBM11,115.0
2026-07-08,2026-06-15,PDBM11.SA,PDBM11,110.0
2026-07-08,2026-06-16,PDBM11.SA,PDBM11,110.0
2026-07-08,2026-06-17,PDBM11.SA,PDBM11,110.0
2026-07-08,2026-06-18,PDBM11.SA,PDBM11,110.0
2026-07-08,2026-06-19,PDBM11.SA,PDBM11,110.0
2026-07-08,2026-06-22,PDBM11.SA,PDBM11,110.0
2026-07-08,2026-06-23,PDBM11.SA,PDBM11,110.0
2026-07-08,2026-06-24,PDBM11.SA,PDBM11,110.0
2026-07-08,2026-06-25,PDBM11.SA,PDBM11,110.0
2026-07-08,2026-06-26,PDBM11.SA,PDBM11,110.0
2026-07-08,2026-06-29,PDBM11.SA,PDBM11,110.0
2026-07-08,2026-06-30,PDBM11.SA,PDBM11,110.0
2026-07-08,2026-07-01,PDBM11.SA,PDBM11,110.0
2026-07-08,2026-07-02,PDBM11.SA,PDBM11,110.0
2026-07-08,2026-07-03,PDBM11.SA,PDBM11,110.0
2026-07-08,2026-07-06,PDBM11.SA,PDBM11,110.0
2026-07-08,2026-07-07,PDBM11.SA,PDBM11,110.0
2026-07-08,2026-06-08,CLIN11.SA,CLIN11,92.19000244140625
2026-07-08,2026-06-09,CLIN11.SA,CLIN11,91.91000366210938
2026-07-08,2026-06-10,CLIN11.SA,CLIN11,89.2699966430664
2026-07-08,2026-06-11,CLIN11.SA,CLIN11,89.76000213623047
2026-07-08,2026-06-12,CLIN11.SA,CLIN11,89.88999938964844
2026-07-08,2026-06-15,CLIN11.SA,CLIN11,89.97000122070312
2026-07-08,2026-06-16,CLIN11.SA,CLIN11,90.08000183105469
2026-07-08,2026-06-17,CLIN11.SA,CLIN11,89.9000015258789
2026-07-08,2026-06-18,CLIN11.SA,CLIN11,89.77999877929688
2026-07-08,2026-06-19,CLIN11.SA,CLIN11,90.20999908447266
2026-07-08,2026-06-22,CLIN11.SA,CLIN11,90.68000030517578
2026-07-08,2026-06-23,CLIN11.SA,CLIN11,90.94999694824219
2026-07-08,2026-06-24,CLIN11.SA,CLIN11,91.29000091552734
2026-07-08,2026-06-25,CLIN11.SA,CLIN11,91.0
2026-07-08,2026-06-26,CLIN11.SA,CLIN11,91.51000213623047
2026-07-08,2026-06-29,CLIN11.SA,CLIN11,92.01000213623047
2026-07-08,2026-06-30,CLIN11.SA,CLIN11,92.61000061035156
2026-07-08,2026-07-01,CLIN11.SA,CLIN11,92.61000061035156
2026-07-08,2026-07-02,CLIN11.SA,CLIN11,91.51000213623047
2026-07-08,2026-07-03,CLIN11.SA,CLIN11,91.5
2026-07-08,2026-07-06,CLIN11.SA,CLIN11,91.66999816894531
2026-07-08,2026-07-07,CLIN11.SA,CLIN11,91.4000015258789
2026-07-08,2026-06-08,RENV11.SA,RENV11,5.929999828338623
2026-07-08,2026-06-09,RENV11.SA,RENV11,5.96999979019165
2026-07-08,2026-06-10,RENV11.SA,RENV11,5.71999979019165
2026-07-08,2026-06-11,RENV11.SA,RENV11,5.650000095367432
2026-07-08,2026-06-12,RENV11.SA,RENV11,5.650000095367432
2026-07-08,2026-06-15,RENV11.SA,RENV11,5.980000019073486
2026-07-08,2026-06-16,RENV11.SA,RENV11,6.130000114440918
2026-07-08,2026-06-17,RENV11.SA,RENV11,5.980000019073486
2026-07-08,2026-06-18,RENV11.SA,RENV11,5.800000190734863
2026-07-08,2026-06-19,RENV11.SA,RENV11,6.099999904632568
2026-07-08,2026-06-22,RENV11.SA,RENV11,5.800000190734863
2026-07-08,2026-06-23,RENV11.SA,RENV11,5.960000038146973
2026-07-08,2026-06-24,RENV11.SA,RENV11,5.960000038146973
2026-07-08,2026-06-25,RENV11.SA,RENV11,5.949999809265137
2026-07-08,2026-06-26,RENV11.SA,RENV11,5.900000095367432
2026-07-08,2026-06-29,RENV11.SA,RENV11,6.079999923706055
2026-07-08,2026-06-30,RENV11.SA,RENV11,5.989999771118164
2026-07-08,2026-07-01,RENV11.SA,RENV11,6.150000095367432
2026-07-08,2026-07-02,RENV11.SA,RENV11,5.78000020980835
2026-07-08,2026-07-03,RENV11.SA,RENV11,6.119999885559082
2026-07-08,2026-07-06,RENV11.SA,RENV11,5.980000019073486
2026-07-08,2026-07-07,RENV11.SA,RENV11,5.320000171661377
2026-07-08,2026-06-08,IBCR11.SA,IBCR11,48.220001220703125
2026-07-08,2026-06-09,IBCR11.SA,IBCR11,49.0
2026-07-08,2026-06-10,IBCR11.SA,IBCR11,49.08000183105469
2026-07-08,2026-06-11,IBCR11.SA,IBCR11,48.220001220703125
2026-07-08,2026-06-12,IBCR11.SA,IBCR11,47.5
2026-07-08,2026-06-15,IBCR11.SA,IBCR11,48.459999084472656
2026-07-08,2026-06-16,IBCR11.SA,IBCR11,47.900001525878906
2026-07-08,2026-06-17,IBCR11.SA,IBCR11,49.0
2026-07-08,2026-06-18,IBCR11.SA,IBCR11,48.0099983215332
2026-07-08,2026-06-19,IBCR11.SA,IBCR11,47.95000076293945
2026-07-08,2026-06-22,IBCR11.SA,IBCR11,47.54999923706055
2026-07-08,2026-06-23,IBCR11.SA,IBCR11,47.290000915527344
2026-07-08,2026-06-24,IBCR11.SA,IBCR11,47.150001525878906
2026-07-08,2026-06-25,IBCR11.SA,IBCR11,47.900001525878906
2026-07-08,2026-06-26,IBCR11.SA,IBCR11,47.5099983215332
2026-07-08,2026-06-29,IBCR11.SA,IBCR11,47.63999938964844
2026-07-08,2026-06-30,IBCR11.SA,IBCR11,47.06999969482422
2026-07-08,2026-07-01,IBCR11.SA,IBCR11,47.18000030517578
2026-07-08,2026-07-02,IBCR11.SA,IBCR11,47.33000183105469
2026-07-08,2026-07-03,IBCR11.SA,IBCR11,48.0
2026-07-08,2026-07-06,IBCR11.SA,IBCR11,47.5099983215332
2026-07-08,2026-07-07,IBCR11.SA,IBCR11,47.97999954223633
2026-07-08,2026-06-08,CYCR11.SA,CYCR11,8.789999961853027
2026-07-08,2026-06-09,CYCR11.SA,CYCR11,8.720000267028809
2026-07-08,2026-06-10,CYCR11.SA,CYCR11,8.600000381469727
2026-07-08,2026-06-11,CYCR11.SA,CYCR11,8.739999771118164
2026-07-08,2026-06-12,CYCR11.SA,CYCR11,8.880000114440918
2026-07-08,2026-06-15,CYCR11.SA,CYCR11,8.859999656677246
2026-07-08,2026-06-16,CYCR11.SA,CYCR11,8.84000015258789
2026-07-08,2026-06-17,CYCR11.SA,CYCR11,8.819999694824219
2026-07-08,2026-06-18,CYCR11.SA,CYCR11,8.6899995803833
2026-07-08,2026-06-19,CYCR11.SA,CYCR11,8.84000015258789
2026-07-08,2026-06-22,CYCR11.SA,CYCR11,8.779999732971191
2026-07-08,2026-06-23,CYCR11.SA,CYCR11,8.789999961853027
2026-07-08,2026-06-24,CYCR11.SA,CYCR11,8.720000267028809
2026-07-08,2026-06-25,CYCR11.SA,CYCR11,8.800000190734863
2026-07-08,2026-06-26,CYCR11.SA,CYCR11,8.930000305175781
2026-07-08,2026-06-29,CYCR11.SA,CYCR11,8.869999885559082
2026-07-08,2026-06-30,CYCR11.SA,CYCR11,8.930000305175781
2026-07-08,2026-07-01,CYCR11.SA,CYCR11,8.850000381469727
2026-07-08,2026-07-02,CYCR11.SA,CYCR11,8.829999923706055
2026-07-08,2026-07-03,CYCR11.SA,CYCR11,8.84000015258789
2026-07-08,2026-07-06,CYCR11.SA,CYCR11,8.84000015258789
2026-07-08,2026-07-07,CYCR11.SA,CYCR11,8.829999923706055
2026-07-08,2026-06-08,CYLD11.SA,CYLD11,131.4499969482422
2026-07-08,2026-06-09,CYLD11.SA,CYLD11,130.99000549316406
2026-07-08,2026-06-10,CYLD11.SA,CYLD11,130.99000549316406
2026-07-08,2026-06-11,CYLD11.SA,CYLD11,130.99000549316406
2026-07-08,2026-06-12,CYLD11.SA,CYLD11,130.99000549316406
2026-07-08,2026-06-15,CYLD11.SA,CYLD11,130.99000549316406
2026-07-08,2026-06-16,CYLD11.SA,CYLD11,130.99000549316406
2026-07-08,2026-06-17,CYLD11.SA,CYLD11,130.99000549316406
2026-07-08,2026-06-18,CYLD11.SA,CYLD11,130.99000549316406
2026-07-08,2026-06-19,CYLD11.SA,CYLD11,130.99000549316406
2026-07-08,2026-06-22,CYLD11.SA,CYLD11,130.99000549316406
2026-07-08,2026-06-23,CYLD11.SA,CYLD11,130.99000549316406
2026-07-08,2026-06-24,CYLD11.SA,CYLD11,130.99000549316406
2026-07-08,2026-06-25,CYLD11.SA,CYLD11,105.0
2026-07-08,2026-06-26,CYLD11.SA,CYLD11,130.99000549316406
2026-07-08,2026-06-29,CYLD11.SA,CYLD11,105.01000213623047
2026-07-08,2026-06-30,CYLD11.SA,CYLD11,80.0199966430664
2026-07-08,2026-07-01,CYLD11.SA,CYLD11,80.0199966430664
2026-07-08,2026-07-02,CYLD11.SA,CYLD11,80.01000213623047
2026-07-08,2026-07-03,CYLD11.SA,CYLD11,80.01000213623047
2026-07-08,2026-07-06,CYLD11.SA,CYLD11,80.01000213623047
2026-07-08,2026-07-07,CYLD11.SA,CYLD11,80.01000213623047
2026-07-08,2026-06-08,DAMA11.SA,DAMA11,6.409999847412109
2026-07-08,2026-06-09,DAMA11.SA,DAMA11,7.210000038146973
2026-07-08,2026-06-10,DAMA11.SA,DAMA11,6.239999771118164
2026-07-08,2026-06-11,DAMA11.SA,DAMA11,6.059999942779541
2026-07-08,2026-06-12,DAMA11.SA,DAMA11,6.760000228881836
2026-07-08,2026-06-15,DAMA11.SA,DAMA11,6.820000171661377
2026-07-08,2026-06-16,DAMA11.SA,DAMA11,7.0
2026-07-08,2026-06-17,DAMA11.SA,DAMA11,6.889999866485596
2026-07-08,2026-06-18,DAMA11.SA,DAMA11,6.820000171661377
2026-07-08,2026-06-19,DAMA11.SA,DAMA11,6.800000190734863
2026-07-08,2026-06-22,DAMA11.SA,DAMA11,6.639999866485596
2026-07-08,2026-06-23,DAMA11.SA,DAMA11,6.179999828338623
2026-07-08,2026-06-24,DAMA11.SA,DAMA11,6.25
2026-07-08,2026-06-25,DAMA11.SA,DAMA11,6.570000171661377
2026-07-08,2026-06-26,DAMA11.SA,DAMA11,6.599999904632568
2026-07-08,2026-06-29,DAMA11.SA,DAMA11,6.199999809265137
2026-07-08,2026-06-30,DAMA11.SA,DAMA11,6.300000190734863
2026-07-08,2026-07-01,DAMA11.SA,DAMA11,6.300000190734863
2026-07-08,2026-07-02,DAMA11.SA,DAMA11,6.210000038146973
2026-07-08,2026-07-03,DAMA11.SA,DAMA11,6.289999961853027
2026-07-08,2026-07-06,DAMA11.SA,DAMA11,6.289999961853027
2026-07-08,2026-07-07,DAMA11.SA,DAMA11,6.190000057220459
2026-07-08,2026-06-08,DAYM11.SA,DAYM11,4.0
2026-07-08,2026-06-09,DAYM11.SA,DAYM11,4.0
2026-07-08,2026-06-10,DAYM11.SA,DAYM11,4.119999885559082
2026-07-08,2026-06-11,DAYM11.SA,DAYM11,4.139999866485596
2026-07-08,2026-06-12,DAYM11.SA,DAYM11,4.03000020980835
2026-07-08,2026-06-15,DAYM11.SA,DAYM11,4.190000057220459
2026-07-08,2026-06-16,DAYM11.SA,DAYM11,4.0
2026-07-08,2026-06-17,DAYM11.SA,DAYM11,4.0
2026-07-08,2026-06-18,DAYM11.SA,DAYM11,4.070000171661377
2026-07-08,2026-06-19,DAYM11.SA,DAYM11,4.070000171661377
2026-07-08,2026-06-22,DAYM11.SA,DAYM11,4.139999866485596
2026-07-08,2026-06-23,DAYM11.SA,DAYM11,4.179999828338623
2026-07-08,2026-06-24,DAYM11.SA,DAYM11,4.170000076293945
2026-07-08,2026-06-25,DAYM11.SA,DAYM11,4.0
2026-07-08,2026-06-26,DAYM11.SA,DAYM11,4.059999942779541
2026-07-08,2026-06-29,DAYM11.SA,DAYM11,4.099999904632568
2026-07-08,2026-06-30,DAYM11.SA,DAYM11,4.179999828338623
2026-07-08,2026-07-01,DAYM11.SA,DAYM11,4.159999847412109
2026-07-08,2026-07-02,DAYM11.SA,DAYM11,4.010000228881836
2026-07-08,2026-07-03,DAYM11.SA,DAYM11,4.150000095367432
2026-07-08,2026-07-06,DAYM11.SA,DAYM11,4.039999961853027
2026-07-08,2026-07-07,DAYM11.SA,DAYM11,4.0
2026-07-08,2026-06-08,ASRF11.SA,ASRF11,10974.0
2026-07-08,2026-06-09,ASRF11.SA,ASRF11,10974.0
2026-07-08,2026-06-10,ASRF11.SA,ASRF11,10974.0
2026-07-08,2026-06-11,ASRF11.SA,ASRF11,10974.0
2026-07-08,2026-06-12,ASRF11.SA,ASRF11,10974.0
2026-07-08,2026-06-15,ASRF11.SA,ASRF11,10974.0
2026-07-08,2026-06-16,ASRF11.SA,ASRF11,10974.0
2026-07-08,2026-06-17,ASRF11.SA,ASRF11,10974.0
2026-07-08,2026-06-18,ASRF11.SA,ASRF11,10974.0
2026-07-08,2026-06-19,ASRF11.SA,ASRF11,10974.0
2026-07-08,2026-06-22,ASRF11.SA,ASRF11,10974.0
2026-07-08,2026-06-23,ASRF11.SA,ASRF11,10974.0
2026-07-08,2026-06-24,ASRF11.SA,ASRF11,10974.0
2026-07-08,2026-06-25,ASRF11.SA,ASRF11,10974.0
2026-07-08,2026-06-26,ASRF11.SA,ASRF11,10974.0
2026-07-08,2026-06-29,ASRF11.SA,ASRF11,10974.0
2026-07-08,2026-06-30,ASRF11.SA,ASRF11,10974.0
2026-07-08,2026-07-01,ASRF11.SA,ASRF11,10974.0
2026-07-08,2026-07-02,ASRF11.SA,ASRF11,10974.0
2026-07-08,2026-07-03,ASRF11.SA,ASRF11,10974.0
2026-07-08,2026-07-06,ASRF11.SA,ASRF11,10974.0
2026-07-08,2026-07-07,ASRF11.SA,ASRF11,10974.0
2026-07-08,2026-06-08,DPRO11.SA,DPRO11,5.489999771118164
2026-07-08,2026-06-09,DPRO11.SA,DPRO11,5.519999980926514
2026-07-08,2026-06-10,DPRO11.SA,DPRO11,5.53000020980835
2026-07-08,2026-06-11,DPRO11.SA,DPRO11,5.53000020980835
2026-07-08,2026-06-12,DPRO11.SA,DPRO11,5.53000020980835
2026-07-08,2026-06-15,DPRO11.SA,DPRO11,5.519999980926514
2026-07-08,2026-06-16,DPRO11.SA,DPRO11,5.489999771118164
2026-07-08,2026-06-17,DPRO11.SA,DPRO11,5.320000171661377
2026-07-08,2026-06-18,DPRO11.SA,DPRO11,5.460000038146973
2026-07-08,2026-06-19,DPRO11.SA,DPRO11,5.510000228881836
2026-07-08,2026-06-22,DPRO11.SA,DPRO11,5.550000190734863
2026-07-08,2026-06-23,DPRO11.SA,DPRO11,5.880000114440918
2026-07-08,2026-06-24,DPRO11.SA,DPRO11,5.809999942779541
2026-07-08,2026-06-25,DPRO11.SA,DPRO11,5.829999923706055
2026-07-08,2026-06-26,DPRO11.SA,DPRO11,5.769999980926514
2026-07-08,2026-06-29,DPRO11.SA,DPRO11,5.659999847412109
2026-07-08,2026-06-30,DPRO11.SA,DPRO11,5.599999904632568
2026-07-08,2026-07-01,DPRO11.SA,DPRO11,5.420000076293945
2026-07-08,2026-07-02,DPRO11.SA,DPRO11,5.239999771118164
2026-07-08,2026-07-03,DPRO11.SA,DPRO11,5.429999828338623
2026-07-08,2026-07-06,DPRO11.SA,DPRO11,5.489999771118164
2026-07-08,2026-07-07,DPRO11.SA,DPRO11,5.5
2026-07-08,2026-06-08,DEVA11.SA,DEVA11,18.200000762939453
2026-07-08,2026-06-09,DEVA11.SA,DEVA11,17.299999237060547
2026-07-08,2026-06-10,DEVA11.SA,DEVA11,16.81999969482422
2026-07-08,2026-06-11,DEVA11.SA,DEVA11,16.5
2026-07-08,2026-06-12,DEVA11.SA,DEVA11,16.440000534057617
2026-07-08,2026-06-15,DEVA11.SA,DEVA11,17.389999389648438
2026-07-08,2026-06-16,DEVA11.SA,DEVA11,17.450000762939453
2026-07-08,2026-06-17,DEVA11.SA,DEVA11,17.649999618530273
2026-07-08,2026-06-18,DEVA11.SA,DEVA11,17.530000686645508
2026-07-08,2026-06-19,DEVA11.SA,DEVA11,17.700000762939453
2026-07-08,2026-06-22,DEVA11.SA,DEVA11,17.6299991607666
2026-07-08,2026-06-23,DEVA11.SA,DEVA11,17.799999237060547
2026-07-08,2026-06-24,DEVA11.SA,DEVA11,17.780000686645508
2026-07-08,2026-06-25,DEVA11.SA,DEVA11,17.790000915527344
2026-07-08,2026-06-26,DEVA11.SA,DEVA11,17.799999237060547
2026-07-08,2026-06-29,DEVA11.SA,DEVA11,17.56999969482422
2026-07-08,2026-06-30,DEVA11.SA,DEVA11,17.75
2026-07-08,2026-07-01,DEVA11.SA,DEVA11,17.920000076293945
2026-07-08,2026-07-02,DEVA11.SA,DEVA11,18.149999618530273
2026-07-08,2026-07-03,DEVA11.SA,DEVA11,19.100000381469727
2026-07-08,2026-07-06,DEVA11.SA,DEVA11,19.15999984741211
2026-07-08,2026-07-07,DEVA11.SA,DEVA11,19.100000381469727
2026-07-08,2026-06-08,DAMT11.SA,DAMT11,12.010000228881836
2026-07-08,2026-06-09,DAMT11.SA,DAMT11,20.0
2026-07-08,2026-06-10,DAMT11.SA,DAMT11,18.489999771118164
2026-07-08,2026-06-11,DAMT11.SA,DAMT11,18.489999771118164
2026-07-08,2026-06-12,DAMT11.SA,DAMT11,12.010000228881836
2026-07-08,2026-06-15,DAMT11.SA,DAMT11,12.109999656677246
2026-07-08,2026-06-16,DAMT11.SA,DAMT11,12.3100004196167
2026-07-08,2026-06-17,DAMT11.SA,DAMT11,12.3100004196167
2026-07-08,2026-06-18,DAMT11.SA,DAMT11,12.420000076293945
2026-07-08,2026-06-19,DAMT11.SA,DAMT11,12.430000305175781
2026-07-08,2026-06-22,DAMT11.SA,DAMT11,12.430000305175781
2026-07-08,2026-06-23,DAMT11.SA,DAMT11,12.430000305175781
2026-07-08,2026-06-24,DAMT11.SA,DAMT11,12.5
2026-07-08,2026-06-25,DAMT11.SA,DAMT11,19.989999771118164
2026-07-08,2026-06-26,DAMT11.SA,DAMT11,19.989999771118164
2026-07-08,2026-06-29,DAMT11.SA,DAMT11,19.579999923706055
2026-07-08,2026-06-30,DAMT11.SA,DAMT11,19.690000534057617
2026-07-08,2026-07-01,DAMT11.SA,DAMT11,19.690000534057617
2026-07-08,2026-07-02,DAMT11.SA,DAMT11,12.609999656677246
2026-07-08,2026-07-03,DAMT11.SA,DAMT11,13.050000190734863
2026-07-08,2026-07-06,DAMT11.SA,DAMT11,19.639999389648438
2026-07-08,2026-07-07,DAMT11.SA,DAMT11,19.5
2026-07-08,2026-06-08,DOVL11.SA,DOVL11,583.0399780273438
2026-07-08,2026-06-09,DOVL11.SA,DOVL11,583.0399780273438
2026-07-08,2026-06-10,DOVL11.SA,DOVL11,583.0399780273438
2026-07-08,2026-06-11,DOVL11.SA,DOVL11,583.0399780273438
2026-07-08,2026-06-12,DOVL11.SA,DOVL11,583.0399780273438
2026-07-08,2026-06-15,DOVL11.SA,DOVL11,583.0399780273438
2026-07-08,2026-06-16,DOVL11.SA,DOVL11,583.0399780273438
2026-07-08,2026-06-17,DOVL11.SA,DOVL11,583.0399780273438
2026-07-08,2026-06-18,DOVL11.SA,DOVL11,583.0399780273438
2026-07-08,2026-06-19,DOVL11.SA,DOVL11,583.0399780273438
2026-07-08,2026-06-22,DOVL11.SA,DOVL11,583.0399780273438
2026-07-08,2026-06-23,DOVL11.SA,DOVL11,583.0399780273438
2026-07-08,2026-06-24,DOVL11.SA,DOVL11,583.0399780273438
2026-07-08,2026-06-25,DOVL11.SA,DOVL11,583.0399780273438
2026-07-08,2026-06-26,DOVL11.SA,DOVL11,583.0399780273438
2026-07-08,2026-06-29,DOVL11.SA,DOVL11,583.0399780273438
2026-07-08,2026-06-30,DOVL11.SA,DOVL11,583.0399780273438
2026-07-08,2026-07-01,DOVL11.SA,DOVL11,583.0399780273438
2026-07-08,2026-07-02,DOVL11.SA,DOVL11,583.0399780273438
2026-07-08,2026-07-03,DOVL11.SA,DOVL11,583.0399780273438
2026-07-08,2026-07-06,DOVL11.SA,DOVL11,583.0399780273438
2026-07-08,2026-07-07,DOVL11.SA,DOVL11,583.0399780273438
2026-07-08,2026-06-08,EDGE11.SA,EDGE11,1050.0
2026-07-08,2026-06-09,EDGE11.SA,EDGE11,1050.0
2026-07-08,2026-06-10,EDGE11.SA,EDGE11,1050.0
2026-07-08,2026-06-11,EDGE11.SA,EDGE11,1050.0
2026-07-08,2026-06-12,EDGE11.SA,EDGE11,1050.0
2026-07-08,2026-06-15,EDGE11.SA,EDGE11,1050.0
2026-07-08,2026-06-16,EDGE11.SA,EDGE11,1050.0
2026-07-08,2026-06-17,EDGE11.SA,EDGE11,1050.0
2026-07-08,2026-06-18,EDGE11.SA,EDGE11,1050.0
2026-07-08,2026-06-19,EDGE11.SA,EDGE11,1050.0
2026-07-08,2026-06-22,EDGE11.SA,EDGE11,1050.0
2026-07-08,2026-06-23,EDGE11.SA,EDGE11,1050.0
2026-07-08,2026-06-24,EDGE11.SA,EDGE11,1050.0
2026-07-08,2026-06-25,EDGE11.SA,EDGE11,1050.0
2026-07-08,2026-06-26,EDGE11.SA,EDGE11,1050.0
2026-07-08,2026-06-29,EDGE11.SA,EDGE11,1050.0
2026-07-08,2026-06-30,EDGE11.SA,EDGE11,1050.0
2026-07-08,2026-07-01,EDGE11.SA,EDGE11,1050.0
2026-07-08,2026-07-02,EDGE11.SA,EDGE11,1050.0
2026-07-08,2026-07-03,EDGE11.SA,EDGE11,945.3800048828125
2026-07-08,2026-07-06,EDGE11.SA,EDGE11,945.3800048828125
2026-07-08,2026-07-07,EDGE11.SA,EDGE11,945.3800048828125
2026-07-08,2026-06-08,EMET11.SA,EMET11,9.010000228881836
2026-07-08,2026-06-09,EMET11.SA,EMET11,9.770000457763672
2026-07-08,2026-06-10,EMET11.SA,EMET11,9.770000457763672
2026-07-08,2026-06-11,EMET11.SA,EMET11,9.800000190734863
2026-07-08,2026-06-12,EMET11.SA,EMET11,8.65999984741211
2026-07-08,2026-06-15,EMET11.SA,EMET11,8.819999694824219
2026-07-08,2026-06-16,EMET11.SA,EMET11,9.0
2026-07-08,2026-06-17,EMET11.SA,EMET11,9.100000381469727
2026-07-08,2026-06-18,EMET11.SA,EMET11,8.90999984741211
2026-07-08,2026-06-19,EMET11.SA,EMET11,8.90999984741211
2026-07-08,2026-06-22,EMET11.SA,EMET11,9.140000343322754
2026-07-08,2026-06-23,EMET11.SA,EMET11,9.140000343322754
2026-07-08,2026-06-24,EMET11.SA,EMET11,10.600000381469727
2026-07-08,2026-06-25,EMET11.SA,EMET11,10.600000381469727
2026-07-08,2026-06-26,EMET11.SA,EMET11,10.390000343322754
2026-07-08,2026-06-29,EMET11.SA,EMET11,10.180000305175781
2026-07-08,2026-06-30,EMET11.SA,EMET11,10.170000076293945
2026-07-08,2026-07-01,EMET11.SA,EMET11,10.130000114440918
2026-07-08,2026-07-02,EMET11.SA,EMET11,10.140000343322754
2026-07-08,2026-07-03,EMET11.SA,EMET11,10.140000343322754
2026-07-08,2026-07-06,EMET11.SA,EMET11,10.140000343322754
2026-07-08,2026-07-07,EMET11.SA,EMET11,9.550000190734863
2026-07-08,2026-06-08,EGYR11.SA,EGYR11,2.9800000190734863
2026-07-08,2026-06-09,EGYR11.SA,EGYR11,2.9800000190734863
2026-07-08,2026-06-10,EGYR11.SA,EGYR11,2.9800000190734863
2026-07-08,2026-06-11,EGYR11.SA,EGYR11,2.9800000190734863
2026-07-08,2026-06-12,EGYR11.SA,EGYR11,2.9800000190734863
2026-07-08,2026-06-15,EGYR11.SA,EGYR11,2.9800000190734863
2026-07-08,2026-06-16,EGYR11.SA,EGYR11,2.9800000190734863
2026-07-08,2026-06-17,EGYR11.SA,EGYR11,2.9800000190734863
2026-07-08,2026-06-18,EGYR11.SA,EGYR11,2.9800000190734863
2026-07-08,2026-06-19,EGYR11.SA,EGYR11,2.9800000190734863
2026-07-08,2026-06-22,EGYR11.SA,EGYR11,2.9800000190734863
2026-07-08,2026-06-23,EGYR11.SA,EGYR11,2.9800000190734863
2026-07-08,2026-06-24,EGYR11.SA,EGYR11,2.9800000190734863
2026-07-08,2026-06-25,EGYR11.SA,EGYR11,2.9800000190734863
2026-07-08,2026-06-26,EGYR11.SA,EGYR11,2.9800000190734863
2026-07-08,2026-06-29,EGYR11.SA,EGYR11,2.9800000190734863
2026-07-08,2026-06-30,EGYR11.SA,EGYR11,2.9800000190734863
2026-07-08,2026-07-01,EGYR11.SA,EGYR11,2.9800000190734863
2026-07-08,2026-07-02,EGYR11.SA,EGYR11,2.9800000190734863
2026-07-08,2026-07-03,EGYR11.SA,EGYR11,2.9800000190734863
2026-07-08,2026-07-06,EGYR11.SA,EGYR11,2.9800000190734863
2026-07-08,2026-07-07,EGYR11.SA,EGYR11,2.9800000190734863
2026-07-08,2026-06-08,EQIR11.SA,EQIR11,8.460000038146973
2026-07-08,2026-06-09,EQIR11.SA,EQIR11,8.470000267028809
2026-07-08,2026-06-10,EQIR11.SA,EQIR11,8.449999809265137
2026-07-08,2026-06-11,EQIR11.SA,EQIR11,8.4399995803833
2026-07-08,2026-06-12,EQIR11.SA,EQIR11,8.430000305175781
2026-07-08,2026-06-15,EQIR11.SA,EQIR11,8.539999961853027
2026-07-08,2026-06-16,EQIR11.SA,EQIR11,8.539999961853027
2026-07-08,2026-06-17,EQIR11.SA,EQIR11,8.470000267028809
2026-07-08,2026-06-18,EQIR11.SA,EQIR11,8.460000038146973
2026-07-08,2026-06-19,EQIR11.SA,EQIR11,8.380000114440918
2026-07-08,2026-06-22,EQIR11.SA,EQIR11,8.329999923706055
2026-07-08,2026-06-23,EQIR11.SA,EQIR11,8.329999923706055
2026-07-08,2026-06-24,EQIR11.SA,EQIR11,8.369999885559082
2026-07-08,2026-06-25,EQIR11.SA,EQIR11,8.399999618530273
2026-07-08,2026-06-26,EQIR11.SA,EQIR11,8.3100004196167
2026-07-08,2026-06-29,EQIR11.SA,EQIR11,8.319999694824219
2026-07-08,2026-06-30,EQIR11.SA,EQIR11,8.319999694824219
2026-07-08,2026-07-01,EQIR11.SA,EQIR11,8.369999885559082
2026-07-08,2026-07-02,EQIR11.SA,EQIR11,8.380000114440918
2026-07-08,2026-07-03,EQIR11.SA,EQIR11,8.420000076293945
2026-07-08,2026-07-06,EQIR11.SA,EQIR11,8.420000076293945
2026-07-08,2026-07-07,EQIR11.SA,EQIR11,8.4399995803833
2026-07-08,2026-06-16,ERCR11.SA,ERCR11,5008.33984375
2026-07-08,2026-06-17,ERCR11.SA,ERCR11,5008.33984375
2026-07-08,2026-06-18,ERCR11.SA,ERCR11,5008.33984375
2026-07-08,2026-06-19,ERCR11.SA,ERCR11,5008.33984375
2026-07-08,2026-06-22,ERCR11.SA,ERCR11,5008.33984375
2026-07-08,2026-06-23,ERCR11.SA,ERCR11,5008.33984375
2026-07-08,2026-06-24,ERCR11.SA,ERCR11,5008.33984375
2026-07-08,2026-06-25,ERCR11.SA,ERCR11,5008.33984375
2026-07-08,2026-06-26,ERCR11.SA,ERCR11,5008.33984375
2026-07-08,2026-06-29,ERCR11.SA,ERCR11,5008.33984375
2026-07-08,2026-06-30,ERCR11.SA,ERCR11,5008.33984375
2026-07-08,2026-07-01,ERCR11.SA,ERCR11,5008.33984375
2026-07-08,2026-07-02,ERCR11.SA,ERCR11,5008.33984375
2026-07-08,2026-07-03,ERCR11.SA,ERCR11,5008.33984375
2026-07-08,2026-07-06,ERCR11.SA,ERCR11,5008.33984375
2026-07-08,2026-07-07,ERCR11.SA,ERCR11,5008.33984375
2026-07-08,2026-06-08,ERPA11.SA,ERPA11,129.8800048828125
2026-07-08,2026-06-09,ERPA11.SA,ERPA11,129.8800048828125
2026-07-08,2026-06-10,ERPA11.SA,ERPA11,129.8800048828125
2026-07-08,2026-06-11,ERPA11.SA,ERPA11,129.8800048828125
2026-07-08,2026-06-12,ERPA11.SA,ERPA11,126.91000366210938
2026-07-08,2026-06-15,ERPA11.SA,ERPA11,126.9800033569336
2026-07-08,2026-06-16,ERPA11.SA,ERPA11,126.9800033569336
2026-07-08,2026-06-17,ERPA11.SA,ERPA11,126.9800033569336
2026-07-08,2026-06-18,ERPA11.SA,ERPA11,126.9800033569336
2026-07-08,2026-06-19,ERPA11.SA,ERPA11,126.9800033569336
2026-07-08,2026-06-22,ERPA11.SA,ERPA11,126.9800033569336
2026-07-08,2026-06-23,ERPA11.SA,ERPA11,126.9800033569336
2026-07-08,2026-06-24,ERPA11.SA,ERPA11,126.9800033569336
2026-07-08,2026-06-25,ERPA11.SA,ERPA11,126.9800033569336
2026-07-08,2026-06-26,ERPA11.SA,ERPA11,126.9800033569336
2026-07-08,2026-06-29,ERPA11.SA,ERPA11,126.9800033569336
2026-07-08,2026-06-30,ERPA11.SA,ERPA11,125.94999694824219
2026-07-08,2026-07-01,ERPA11.SA,ERPA11,126.98999786376953
2026-07-08,2026-07-02,ERPA11.SA,ERPA11,126.98999786376953
2026-07-08,2026-07-03,ERPA11.SA,ERPA11,126.98999786376953
2026-07-08,2026-07-06,ERPA11.SA,ERPA11,126.08999633789062
2026-07-08,2026-07-07,ERPA11.SA,ERPA11,126.08999633789062
2026-07-08,2026-06-08,KEVE11.SA,KEVE11,460.010009765625
2026-07-08,2026-06-09,KEVE11.SA,KEVE11,460.010009765625
2026-07-08,2026-06-10,KEVE11.SA,KEVE11,460.010009765625
2026-07-08,2026-06-11,KEVE11.SA,KEVE11,460.010009765625
2026-07-08,2026-06-12,KEVE11.SA,KEVE11,460.010009765625
2026-07-08,2026-06-15,KEVE11.SA,KEVE11,460.010009765625
2026-07-08,2026-06-16,KEVE11.SA,KEVE11,460.010009765625
2026-07-08,2026-06-17,KEVE11.SA,KEVE11,490.0
2026-07-08,2026-06-18,KEVE11.SA,KEVE11,500.0
2026-07-08,2026-06-19,KEVE11.SA,KEVE11,500.0
2026-07-08,2026-06-22,KEVE11.SA,KEVE11,500.0
2026-07-08,2026-06-23,KEVE11.SA,KEVE11,500.0
2026-07-08,2026-06-24,KEVE11.SA,KEVE11,500.0
2026-07-08,2026-06-25,KEVE11.SA,KEVE11,500.0
2026-07-08,2026-06-26,KEVE11.SA,KEVE11,500.0
2026-07-08,2026-06-29,KEVE11.SA,KEVE11,500.0
2026-07-08,2026-06-30,KEVE11.SA,KEVE11,457.0400085449219
2026-07-08,2026-07-01,KEVE11.SA,KEVE11,457.0400085449219
2026-07-08,2026-07-02,KEVE11.SA,KEVE11,457.0400085449219
2026-07-08,2026-07-03,KEVE11.SA,KEVE11,457.0400085449219
2026-07-08,2026-07-06,KEVE11.SA,KEVE11,457.0400085449219
2026-07-08,2026-07-07,KEVE11.SA,KEVE11,457.0400085449219
2026-07-08,2026-06-08,EXES11.SA,EXES11,9.539999961853027
2026-07-08,2026-06-09,EXES11.SA,EXES11,9.520000457763672
2026-07-08,2026-06-10,EXES11.SA,EXES11,9.470000267028809
2026-07-08,2026-06-11,EXES11.SA,EXES11,9.579999923706055
2026-07-08,2026-06-12,EXES11.SA,EXES11,9.550000190734863
2026-07-08,2026-06-15,EXES11.SA,EXES11,9.600000381469727
2026-07-08,2026-06-16,EXES11.SA,EXES11,9.739999771118164
2026-07-08,2026-06-17,EXES11.SA,EXES11,9.710000038146973
2026-07-08,2026-06-18,EXES11.SA,EXES11,9.609999656677246
2026-07-08,2026-06-19,EXES11.SA,EXES11,9.510000228881836
2026-07-08,2026-06-22,EXES11.SA,EXES11,9.520000457763672
2026-07-08,2026-06-23,EXES11.SA,EXES11,9.460000038146973
2026-07-08,2026-06-24,EXES11.SA,EXES11,9.5
2026-07-08,2026-06-25,EXES11.SA,EXES11,9.529999732971191
2026-07-08,2026-06-26,EXES11.SA,EXES11,9.550000190734863
2026-07-08,2026-06-29,EXES11.SA,EXES11,9.489999771118164
2026-07-08,2026-06-30,EXES11.SA,EXES11,9.609999656677246
2026-07-08,2026-07-01,EXES11.SA,EXES11,9.640000343322754
2026-07-08,2026-07-02,EXES11.SA,EXES11,9.65999984741211
2026-07-08,2026-07-03,EXES11.SA,EXES11,9.670000076293945
2026-07-08,2026-07-06,EXES11.SA,EXES11,9.609999656677246
2026-07-08,2026-07-07,EXES11.SA,EXES11,9.609999656677246
2026-07-08,2026-06-08,FLCR11.SA,FLCR11,94.68000030517578
2026-07-08,2026-06-09,FLCR11.SA,FLCR11,94.3499984741211
2026-07-08,2026-06-10,FLCR11.SA,FLCR11,94.69999694824219
2026-07-08,2026-06-11,FLCR11.SA,FLCR11,94.2699966430664
2026-07-08,2026-06-12,FLCR11.SA,FLCR11,94.25
2026-07-08,2026-06-15,FLCR11.SA,FLCR11,94.56999969482422
2026-07-08,2026-06-16,FLCR11.SA,FLCR11,93.9000015258789
2026-07-08,2026-06-17,FLCR11.SA,FLCR11,93.9000015258789
2026-07-08,2026-06-18,FLCR11.SA,FLCR11,94.20999908447266
2026-07-08,2026-06-19,FLCR11.SA,FLCR11,94.5
2026-07-08,2026-06-22,FLCR11.SA,FLCR11,93.66000366210938
2026-07-08,2026-06-23,FLCR11.SA,FLCR11,93.66000366210938
2026-07-08,2026-06-24,FLCR11.SA,FLCR11,93.69999694824219
2026-07-08,2026-06-25,FLCR11.SA,FLCR11,93.9000015258789
2026-07-08,2026-06-26,FLCR11.SA,FLCR11,93.9000015258789
2026-07-08,2026-06-29,FLCR11.SA,FLCR11,94.0
2026-07-08,2026-06-30,FLCR11.SA,FLCR11,94.1500015258789
2026-07-08,2026-07-01,FLCR11.SA,FLCR11,94.3499984741211
2026-07-08,2026-07-02,FLCR11.SA,FLCR11,93.36000061035156
2026-07-08,2026-07-03,FLCR11.SA,FLCR11,93.44999694824219
2026-07-08,2026-07-06,FLCR11.SA,FLCR11,94.4800033569336
2026-07-08,2026-07-07,FLCR11.SA,FLCR11,94.0999984741211
2026-07-08,2026-06-08,VRTA11.SA,VRTA11,74.76000213623047
2026-07-08,2026-06-09,VRTA11.SA,VRTA11,74.41999816894531
2026-07-08,2026-06-10,VRTA11.SA,VRTA11,73.12000274658203
2026-07-08,2026-06-11,VRTA11.SA,VRTA11,73.7699966430664
2026-07-08,2026-06-12,VRTA11.SA,VRTA11,74.20999908447266
2026-07-08,2026-06-15,VRTA11.SA,VRTA11,74.66999816894531
2026-07-08,2026-06-16,VRTA11.SA,VRTA11,74.76000213623047
2026-07-08,2026-06-17,VRTA11.SA,VRTA11,73.58000183105469
2026-07-08,2026-06-18,VRTA11.SA,VRTA11,73.75
2026-07-08,2026-06-19,VRTA11.SA,VRTA11,73.19999694824219
2026-07-08,2026-06-22,VRTA11.SA,VRTA11,72.6500015258789
2026-07-08,2026-06-23,VRTA11.SA,VRTA11,72.05000305175781
2026-07-08,2026-06-24,VRTA11.SA,VRTA11,70.80000305175781
2026-07-08,2026-06-25,VRTA11.SA,VRTA11,70.22000122070312
2026-07-08,2026-06-26,VRTA11.SA,VRTA11,70.19999694824219
2026-07-08,2026-06-29,VRTA11.SA,VRTA11,70.5
2026-07-08,2026-06-30,VRTA11.SA,VRTA11,70.62999725341797
2026-07-08,2026-07-01,VRTA11.SA,VRTA11,70.19999694824219
2026-07-08,2026-07-02,VRTA11.SA,VRTA11,70.3499984741211
2026-07-08,2026-07-03,VRTA11.SA,VRTA11,70.3499984741211
2026-07-08,2026-07-06,VRTA11.SA,VRTA11,71.5999984741211
2026-07-08,2026-07-07,VRTA11.SA,VRTA11,71.2300033569336
2026-07-08,2026-06-08,VRTM11.SA,VRTM11,7.050000190734863
2026-07-08,2026-06-09,VRTM11.SA,VRTM11,6.949999809265137
2026-07-08,2026-06-10,VRTM11.SA,VRTM11,6.920000076293945
2026-07-08,2026-06-11,VRTM11.SA,VRTM11,6.989999771118164
2026-07-08,2026-06-12,VRTM11.SA,VRTM11,7.010000228881836
2026-07-08,2026-06-15,VRTM11.SA,VRTM11,7.019999980926514
2026-07-08,2026-06-16,VRTM11.SA,VRTM11,7.0
2026-07-08,2026-06-17,VRTM11.SA,VRTM11,7.0
2026-07-08,2026-06-18,VRTM11.SA,VRTM11,6.96999979019165
2026-07-08,2026-06-19,VRTM11.SA,VRTM11,7.019999980926514
2026-07-08,2026-06-22,VRTM11.SA,VRTM11,7.0
2026-07-08,2026-06-23,VRTM11.SA,VRTM11,7.0
2026-07-08,2026-06-24,VRTM11.SA,VRTM11,6.949999809265137
2026-07-08,2026-06-25,VRTM11.SA,VRTM11,7.010000228881836
2026-07-08,2026-06-26,VRTM11.SA,VRTM11,7.079999923706055
2026-07-08,2026-06-29,VRTM11.SA,VRTM11,7.039999961853027
2026-07-08,2026-06-30,VRTM11.SA,VRTM11,7.070000171661377
2026-07-08,2026-07-01,VRTM11.SA,VRTM11,6.960000038146973
2026-07-08,2026-07-02,VRTM11.SA,VRTM11,6.96999979019165
2026-07-08,2026-07-03,VRTM11.SA,VRTM11,6.96999979019165
2026-07-08,2026-07-06,VRTM11.SA,VRTM11,6.989999771118164
2026-07-08,2026-07-07,VRTM11.SA,VRTM11,6.980000019073486
2026-07-08,2026-06-08,FLMA11.SA,FLMA11,158.9499969482422
2026-07-08,2026-06-09,FLMA11.SA,FLMA11,158.0
2026-07-08,2026-06-10,FLMA11.SA,FLMA11,156.5
2026-07-08,2026-06-11,FLMA11.SA,FLMA11,156.91000366210938
2026-07-08,2026-06-12,FLMA11.SA,FLMA11,156.27000427246094
2026-07-08,2026-06-15,FLMA11.SA,FLMA11,155.3800048828125
2026-07-08,2026-06-16,FLMA11.SA,FLMA11,154.91000366210938
2026-07-08,2026-06-17,FLMA11.SA,FLMA11,155.3000030517578
2026-07-08,2026-06-18,FLMA11.SA,FLMA11,154.99000549316406
2026-07-08,2026-06-19,FLMA11.SA,FLMA11,155.5800018310547
2026-07-08,2026-06-22,FLMA11.SA,FLMA11,153.83999633789062
2026-07-08,2026-06-23,FLMA11.SA,FLMA11,154.11000061035156
2026-07-08,2026-06-24,FLMA11.SA,FLMA11,154.10000610351562
2026-07-08,2026-06-25,FLMA11.SA,FLMA11,155.02000427246094
2026-07-08,2026-06-26,FLMA11.SA,FLMA11,155.69000244140625
2026-07-08,2026-06-29,FLMA11.SA,FLMA11,156.02999877929688
2026-07-08,2026-06-30,FLMA11.SA,FLMA11,155.27999877929688
2026-07-08,2026-07-01,FLMA11.SA,FLMA11,156.97999572753906
2026-07-08,2026-07-02,FLMA11.SA,FLMA11,157.5399932861328
2026-07-08,2026-07-03,FLMA11.SA,FLMA11,156.47999572753906
2026-07-08,2026-07-06,FLMA11.SA,FLMA11,157.0
2026-07-08,2026-07-07,FLMA11.SA,FLMA11,153.9499969482422
2026-07-08,2026-06-08,EGDB11.SA,EGDB11,1255.1300048828125
2026-07-08,2026-06-09,EGDB11.SA,EGDB11,1255.1300048828125
2026-07-08,2026-06-10,EGDB11.SA,EGDB11,1255.1300048828125
2026-07-08,2026-06-11,EGDB11.SA,EGDB11,1255.1300048828125
2026-07-08,2026-06-12,EGDB11.SA,EGDB11,1255.1300048828125
2026-07-08,2026-06-15,EGDB11.SA,EGDB11,1258.72998046875
2026-07-08,2026-06-16,EGDB11.SA,EGDB11,1259.449951171875
2026-07-08,2026-06-17,EGDB11.SA,EGDB11,1259.449951171875
2026-07-08,2026-06-18,EGDB11.SA,EGDB11,1259.449951171875
2026-07-08,2026-06-19,EGDB11.SA,EGDB11,1261.6099853515625
2026-07-08,2026-06-22,EGDB11.SA,EGDB11,1262.300048828125
2026-07-08,2026-06-23,EGDB11.SA,EGDB11,1262.97998046875
2026-07-08,2026-06-24,EGDB11.SA,EGDB11,1263.6700439453125
2026-07-08,2026-06-25,EGDB11.SA,EGDB11,1264.3599853515625
2026-07-08,2026-06-26,EGDB11.SA,EGDB11,1265.0400390625
2026-07-08,2026-06-29,EGDB11.SA,EGDB11,1265.0400390625
2026-07-08,2026-06-30,EGDB11.SA,EGDB11,1266.4200439453125
2026-07-08,2026-07-01,EGDB11.SA,EGDB11,1267.1099853515625
2026-07-08,2026-07-02,EGDB11.SA,EGDB11,1267.800048828125
2026-07-08,2026-07-03,EGDB11.SA,EGDB11,1268.489990234375
2026-07-08,2026-07-06,EGDB11.SA,EGDB11,1268.489990234375
2026-07-08,2026-07-07,EGDB11.SA,EGDB11,1269.8699951171875
2026-07-08,2026-06-08,ELDO11.SA,ELDO11,928.5471801757812
2026-07-08,2026-06-09,ELDO11.SA,ELDO11,928.5471801757812
2026-07-08,2026-06-10,ELDO11.SA,ELDO11,928.5471801757812
2026-07-08,2026-06-11,ELDO11.SA,ELDO11,928.5471801757812
2026-07-08,2026-06-12,ELDO11.SA,ELDO11,928.5471801757812
2026-07-08,2026-06-15,ELDO11.SA,ELDO11,928.5471801757812
2026-07-08,2026-06-16,ELDO11.SA,ELDO11,928.5471801757812
2026-07-08,2026-06-17,ELDO11.SA,ELDO11,928.5471801757812
2026-07-08,2026-06-18,ELDO11.SA,ELDO11,928.5471801757812
2026-07-08,2026-06-19,ELDO11.SA,ELDO11,928.5471801757812
2026-07-08,2026-06-22,ELDO11.SA,ELDO11,928.5471801757812
2026-07-08,2026-06-23,ELDO11.SA,ELDO11,928.5471801757812
2026-07-08,2026-06-24,ELDO11.SA,ELDO11,928.5471801757812
2026-07-08,2026-06-25,ELDO11.SA,ELDO11,928.5471801757812
2026-07-08,2026-06-26,ELDO11.SA,ELDO11,928.5471801757812
2026-07-08,2026-06-29,ELDO11.SA,ELDO11,928.5471801757812
2026-07-08,2026-06-30,ELDO11.SA,ELDO11,928.5471801757812
2026-07-08,2026-07-01,ELDO11.SA,ELDO11,928.5471801757812
2026-07-08,2026-07-02,ELDO11.SA,ELDO11,928.5471801757812
2026-07-08,2026-07-03,ELDO11.SA,ELDO11,928.5471801757812
2026-07-08,2026-07-06,ELDO11.SA,ELDO11,928.5471801757812
2026-07-08,2026-07-07,ELDO11.SA,ELDO11,928.5471801757812
2026-07-08,2026-06-08,EURO11.SA,EURO11,336.0
2026-07-08,2026-06-09,EURO11.SA,EURO11,325.0
2026-07-08,2026-06-10,EURO11.SA,EURO11,324.989990234375
2026-07-08,2026-06-11,EURO11.SA,EURO11,325.0
2026-07-08,2026-06-12,EURO11.SA,EURO11,334.9100036621094
2026-07-08,2026-06-15,EURO11.SA,EURO11,330.0
2026-07-08,2026-06-16,EURO11.SA,EURO11,323.0
2026-07-08,2026-06-17,EURO11.SA,EURO11,329.9700012207031
2026-07-08,2026-06-18,EURO11.SA,EURO11,314.989990234375
2026-07-08,2026-06-19,EURO11.SA,EURO11,320.0
2026-07-08,2026-06-22,EURO11.SA,EURO11,320.0
2026-07-08,2026-06-23,EURO11.SA,EURO11,315.6300048828125
2026-07-08,2026-06-24,EURO11.SA,EURO11,312.0
2026-07-08,2026-06-25,EURO11.SA,EURO11,312.0
2026-07-08,2026-06-26,EURO11.SA,EURO11,320.0
2026-07-08,2026-06-29,EURO11.SA,EURO11,320.0
2026-07-08,2026-06-30,EURO11.SA,EURO11,320.0
2026-07-08,2026-07-01,EURO11.SA,EURO11,321.0
2026-07-08,2026-07-02,EURO11.SA,EURO11,318.0
2026-07-08,2026-07-03,EURO11.SA,EURO11,312.0
2026-07-08,2026-07-06,EURO11.SA,EURO11,311.8800048828125
2026-07-08,2026-07-07,EURO11.SA,EURO11,318.0
2026-07-08,2026-06-08,HYPI11.SA,HYPI11,181.5
2026-07-08,2026-06-09,HYPI11.SA,HYPI11,181.5
2026-07-08,2026-06-10,HYPI11.SA,HYPI11,181.5
2026-07-08,2026-06-11,HYPI11.SA,HYPI11,181.5
2026-07-08,2026-06-12,HYPI11.SA,HYPI11,181.5
2026-07-08,2026-06-15,HYPI11.SA,HYPI11,181.5
2026-07-08,2026-06-16,HYPI11.SA,HYPI11,181.5
2026-07-08,2026-06-17,HYPI11.SA,HYPI11,181.5
2026-07-08,2026-06-18,HYPI11.SA,HYPI11,181.5
2026-07-08,2026-06-19,HYPI11.SA,HYPI11,181.5
2026-07-08,2026-06-22,HYPI11.SA,HYPI11,181.5
2026-07-08,2026-06-23,HYPI11.SA,HYPI11,181.5
2026-07-08,2026-06-24,HYPI11.SA,HYPI11,181.5
2026-07-08,2026-06-25,HYPI11.SA,HYPI11,181.5
2026-07-08,2026-06-26,HYPI11.SA,HYPI11,181.5
2026-07-08,2026-06-29,HYPI11.SA,HYPI11,181.5
2026-07-08,2026-06-30,HYPI11.SA,HYPI11,181.5
2026-07-08,2026-07-01,HYPI11.SA,HYPI11,181.5
2026-07-08,2026-07-02,HYPI11.SA,HYPI11,181.5
2026-07-08,2026-07-03,HYPI11.SA,HYPI11,181.5
2026-07-08,2026-07-06,HYPI11.SA,HYPI11,181.5
2026-07-08,2026-07-07,HYPI11.SA,HYPI11,181.5
2026-07-08,2026-06-08,HRES11.SA,HRES11,145.4499969482422
2026-07-08,2026-06-09,HRES11.SA,HRES11,145.4499969482422
2026-07-08,2026-06-10,HRES11.SA,HRES11,145.4499969482422
2026-07-08,2026-06-11,HRES11.SA,HRES11,145.4499969482422
2026-07-08,2026-06-12,HRES11.SA,HRES11,145.4499969482422
2026-07-08,2026-06-15,HRES11.SA,HRES11,145.4499969482422
2026-07-08,2026-06-16,HRES11.SA,HRES11,145.4499969482422
2026-07-08,2026-06-17,HRES11.SA,HRES11,145.4499969482422
2026-07-08,2026-06-18,HRES11.SA,HRES11,145.4499969482422
2026-07-08,2026-06-19,HRES11.SA,HRES11,145.4499969482422
2026-07-08,2026-06-22,HRES11.SA,HRES11,145.4499969482422
2026-07-08,2026-06-23,HRES11.SA,HRES11,145.4499969482422
2026-07-08,2026-06-24,HRES11.SA,HRES11,145.4499969482422
2026-07-08,2026-06-25,HRES11.SA,HRES11,145.4499969482422
2026-07-08,2026-06-26,HRES11.SA,HRES11,145.4499969482422
2026-07-08,2026-06-29,HRES11.SA,HRES11,145.4499969482422
2026-07-08,2026-06-30,HRES11.SA,HRES11,145.4499969482422
2026-07-08,2026-07-01,HRES11.SA,HRES11,145.4499969482422
2026-07-08,2026-07-02,HRES11.SA,HRES11,145.4499969482422
2026-07-08,2026-07-03,HRES11.SA,HRES11,145.4499969482422
2026-07-08,2026-07-06,HRES11.SA,HRES11,145.4499969482422
2026-07-08,2026-07-07,HRES11.SA,HRES11,145.4499969482422
2026-07-08,2026-06-08,FIIB11.SA,FIIB11,453.0
2026-07-08,2026-06-09,FIIB11.SA,FIIB11,452.8699951171875
2026-07-08,2026-06-10,FIIB11.SA,FIIB11,448.8999938964844
2026-07-08,2026-06-11,FIIB11.SA,FIIB11,448.9800109863281
2026-07-08,2026-06-12,FIIB11.SA,FIIB11,448.2900085449219
2026-07-08,2026-06-15,FIIB11.SA,FIIB11,450.94000244140625
2026-07-08,2026-06-16,FIIB11.SA,FIIB11,452.5
2026-07-08,2026-06-17,FIIB11.SA,FIIB11,449.9700012207031
2026-07-08,2026-06-18,FIIB11.SA,FIIB11,444.5
2026-07-08,2026-06-19,FIIB11.SA,FIIB11,444.20001220703125
2026-07-08,2026-06-22,FIIB11.SA,FIIB11,443.5
2026-07-08,2026-06-23,FIIB11.SA,FIIB11,445.0
2026-07-08,2026-06-24,FIIB11.SA,FIIB11,444.1499938964844
2026-07-08,2026-06-25,FIIB11.SA,FIIB11,444.9599914550781
2026-07-08,2026-06-26,FIIB11.SA,FIIB11,445.0
2026-07-08,2026-06-29,FIIB11.SA,FIIB11,444.8999938964844
2026-07-08,2026-06-30,FIIB11.SA,FIIB11,443.0
2026-07-08,2026-07-01,FIIB11.SA,FIIB11,438.3599853515625
2026-07-08,2026-07-02,FIIB11.SA,FIIB11,441.8999938964844
2026-07-08,2026-07-03,FIIB11.SA,FIIB11,443.010009765625
2026-07-08,2026-07-06,FIIB11.SA,FIIB11,443.7300109863281
2026-07-08,2026-07-07,FIIB11.SA,FIIB11,438.54998779296875
2026-07-08,2026-06-08,FMOF11.SA,FMOF11,35.0
2026-07-08,2026-06-09,FMOF11.SA,FMOF11,35.0
2026-07-08,2026-06-10,FMOF11.SA,FMOF11,35.0
2026-07-08,2026-06-11,FMOF11.SA,FMOF11,35.0
2026-07-08,2026-06-12,FMOF11.SA,FMOF11,36.16999816894531
2026-07-08,2026-06-15,FMOF11.SA,FMOF11,35.02000045776367
2026-07-08,2026-06-16,FMOF11.SA,FMOF11,35.0
2026-07-08,2026-06-17,FMOF11.SA,FMOF11,35.0
2026-07-08,2026-06-18,FMOF11.SA,FMOF11,37.52000045776367
2026-07-08,2026-06-19,FMOF11.SA,FMOF11,37.52000045776367
2026-07-08,2026-06-22,FMOF11.SA,FMOF11,37.529998779296875
2026-07-08,2026-06-23,FMOF11.SA,FMOF11,37.529998779296875
2026-07-08,2026-06-24,FMOF11.SA,FMOF11,37.529998779296875
2026-07-08,2026-06-25,FMOF11.SA,FMOF11,37.540000915527344
2026-07-08,2026-06-26,FMOF11.SA,FMOF11,37.540000915527344
2026-07-08,2026-06-29,FMOF11.SA,FMOF11,37.540000915527344
2026-07-08,2026-06-30,FMOF11.SA,FMOF11,37.54999923706055
2026-07-08,2026-07-01,FMOF11.SA,FMOF11,37.54999923706055
2026-07-08,2026-07-02,FMOF11.SA,FMOF11,37.54999923706055
2026-07-08,2026-07-03,FMOF11.SA,FMOF11,37.54999923706055
2026-07-08,2026-07-06,FMOF11.SA,FMOF11,34.0099983215332
2026-07-08,2026-07-07,FMOF11.SA,FMOF11,35.0
2026-07-08,2026-06-08,ALMI11.SA,ALMI11,620.0
2026-07-08,2026-06-09,ALMI11.SA,ALMI11,620.0
2026-07-08,2026-06-10,ALMI11.SA,ALMI11,625.5499877929688
2026-07-08,2026-06-11,ALMI11.SA,ALMI11,640.8900146484375
2026-07-08,2026-06-12,ALMI11.SA,ALMI11,640.8900146484375
2026-07-08,2026-06-15,ALMI11.SA,ALMI11,639.5
2026-07-08,2026-06-16,ALMI11.SA,ALMI11,639.5
2026-07-08,2026-06-17,ALMI11.SA,ALMI11,613.3300170898438
2026-07-08,2026-06-18,ALMI11.SA,ALMI11,613.3300170898438
2026-07-08,2026-06-19,ALMI11.SA,ALMI11,620.0
2026-07-08,2026-06-22,ALMI11.SA,ALMI11,617.0
2026-07-08,2026-06-23,ALMI11.SA,ALMI11,620.0
2026-07-08,2026-06-24,ALMI11.SA,ALMI11,616.9000244140625
2026-07-08,2026-06-25,ALMI11.SA,ALMI11,616.9000244140625
2026-07-08,2026-06-26,ALMI11.SA,ALMI11,620.0
2026-07-08,2026-06-29,ALMI11.SA,ALMI11,616.6599731445312
2026-07-08,2026-06-30,ALMI11.SA,ALMI11,616.6599731445312
2026-07-08,2026-07-01,ALMI11.SA,ALMI11,630.0
2026-07-08,2026-07-02,ALMI11.SA,ALMI11,588.9400024414062
2026-07-08,2026-07-03,ALMI11.SA,ALMI11,590.0
2026-07-08,2026-07-06,ALMI11.SA,ALMI11,620.0
2026-07-08,2026-07-07,ALMI11.SA,ALMI11,620.0
2026-07-08,2026-06-08,KFOF11.SA,KFOF11,80.0
2026-07-08,2026-06-09,KFOF11.SA,KFOF11,78.3499984741211
2026-07-08,2026-06-10,KFOF11.SA,KFOF11,77.41999816894531
2026-07-08,2026-06-11,KFOF11.SA,KFOF11,78.44999694824219
2026-07-08,2026-06-12,KFOF11.SA,KFOF11,78.9000015258789
2026-07-08,2026-06-15,KFOF11.SA,KFOF11,79.88999938964844
2026-07-08,2026-06-16,KFOF11.SA,KFOF11,80.4800033569336
2026-07-08,2026-06-17,KFOF11.SA,KFOF11,79.69999694824219
2026-07-08,2026-06-18,KFOF11.SA,KFOF11,79.37999725341797
2026-07-08,2026-06-19,KFOF11.SA,KFOF11,79.58999633789062
2026-07-08,2026-06-22,KFOF11.SA,KFOF11,78.0199966430664
2026-07-08,2026-06-23,KFOF11.SA,KFOF11,78.19999694824219
2026-07-08,2026-06-24,KFOF11.SA,KFOF11,78.37000274658203
2026-07-08,2026-06-25,KFOF11.SA,KFOF11,79.79000091552734
2026-07-08,2026-06-26,KFOF11.SA,KFOF11,78.7300033569336
2026-07-08,2026-06-29,KFOF11.SA,KFOF11,80.0
2026-07-08,2026-06-30,KFOF11.SA,KFOF11,80.52999877929688
2026-07-08,2026-07-01,KFOF11.SA,KFOF11,79.12000274658203
2026-07-08,2026-07-02,KFOF11.SA,KFOF11,79.0
2026-07-08,2026-07-03,KFOF11.SA,KFOF11,79.48999786376953
2026-07-08,2026-07-06,KFOF11.SA,KFOF11,79.33999633789062
2026-07-08,2026-07-07,KFOF11.SA,KFOF11,78.94999694824219
2026-07-08,2026-06-08,DVFF11.SA,DVFF11,5.440000057220459
2026-07-08,2026-06-09,DVFF11.SA,DVFF11,5.369999885559082
2026-07-08,2026-06-10,DVFF11.SA,DVFF11,5.25
2026-07-08,2026-06-11,DVFF11.SA,DVFF11,5.360000133514404
2026-07-08,2026-06-12,DVFF11.SA,DVFF11,5.409999847412109
2026-07-08,2026-06-15,DVFF11.SA,DVFF11,5.5
2026-07-08,2026-06-16,DVFF11.SA,DVFF11,5.329999923706055
2026-07-08,2026-06-17,DVFF11.SA,DVFF11,5.389999866485596
2026-07-08,2026-06-18,DVFF11.SA,DVFF11,5.449999809265137
2026-07-08,2026-06-19,DVFF11.SA,DVFF11,5.349999904632568
2026-07-08,2026-06-22,DVFF11.SA,DVFF11,5.400000095367432
2026-07-08,2026-06-23,DVFF11.SA,DVFF11,5.389999866485596
2026-07-08,2026-06-24,DVFF11.SA,DVFF11,5.340000152587891
2026-07-08,2026-06-25,DVFF11.SA,DVFF11,5.349999904632568
2026-07-08,2026-06-26,DVFF11.SA,DVFF11,5.360000133514404
2026-07-08,2026-06-29,DVFF11.SA,DVFF11,5.360000133514404
2026-07-08,2026-06-30,DVFF11.SA,DVFF11,5.289999961853027
2026-07-08,2026-07-01,DVFF11.SA,DVFF11,5.360000133514404
2026-07-08,2026-07-02,DVFF11.SA,DVFF11,5.340000152587891
2026-07-08,2026-07-03,DVFF11.SA,DVFF11,5.440000057220459
2026-07-08,2026-07-06,DVFF11.SA,DVFF11,5.320000171661377
2026-07-08,2026-07-07,DVFF11.SA,DVFF11,5.489999771118164
2026-07-08,2026-06-08,ANCR11.SA,ANCR11,410.5
2026-07-08,2026-06-09,ANCR11.SA,ANCR11,410.5
2026-07-08,2026-06-10,ANCR11.SA,ANCR11,410.5
2026-07-08,2026-06-11,ANCR11.SA,ANCR11,410.5
2026-07-08,2026-06-12,ANCR11.SA,ANCR11,410.5
2026-07-08,2026-06-15,ANCR11.SA,ANCR11,410.5
2026-07-08,2026-06-16,ANCR11.SA,ANCR11,410.5
2026-07-08,2026-06-17,ANCR11.SA,ANCR11,410.5
2026-07-08,2026-06-18,ANCR11.SA,ANCR11,410.0
2026-07-08,2026-06-19,ANCR11.SA,ANCR11,410.0
2026-07-08,2026-06-22,ANCR11.SA,ANCR11,348.5
2026-07-08,2026-06-23,ANCR11.SA,ANCR11,296.2300109863281
2026-07-08,2026-06-24,ANCR11.SA,ANCR11,296.2300109863281
2026-07-08,2026-06-25,ANCR11.SA,ANCR11,299.20001220703125
2026-07-08,2026-06-26,ANCR11.SA,ANCR11,299.20001220703125
2026-07-08,2026-06-29,ANCR11.SA,ANCR11,299.20001220703125
2026-07-08,2026-06-30,ANCR11.SA,ANCR11,299.20001220703125
2026-07-08,2026-07-01,ANCR11.SA,ANCR11,299.20001220703125
2026-07-08,2026-07-02,ANCR11.SA,ANCR11,299.20001220703125
2026-07-08,2026-07-03,ANCR11.SA,ANCR11,299.20001220703125
2026-07-08,2026-07-06,ANCR11.SA,ANCR11,299.20001220703125
2026-07-08,2026-07-07,ANCR11.SA,ANCR11,299.20001220703125
2026-07-08,2026-06-08,FAED11.SA,FAED11,153.49000549316406
2026-07-08,2026-06-09,FAED11.SA,FAED11,154.8000030517578
2026-07-08,2026-06-10,FAED11.SA,FAED11,150.50999450683594
2026-07-08,2026-06-11,FAED11.SA,FAED11,150.00999450683594
2026-07-08,2026-06-12,FAED11.SA,FAED11,148.1199951171875
2026-07-08,2026-06-15,FAED11.SA,FAED11,148.07000732421875
2026-07-08,2026-06-16,FAED11.SA,FAED11,150.14999389648438
2026-07-08,2026-06-17,FAED11.SA,FAED11,150.4600067138672
2026-07-08,2026-06-18,FAED11.SA,FAED11,150.5
2026-07-08,2026-06-19,FAED11.SA,FAED11,154.5
2026-07-08,2026-06-22,FAED11.SA,FAED11,151.0
2026-07-08,2026-06-23,FAED11.SA,FAED11,151.1300048828125
2026-07-08,2026-06-24,FAED11.SA,FAED11,151.22000122070312
2026-07-08,2026-06-25,FAED11.SA,FAED11,151.0
2026-07-08,2026-06-26,FAED11.SA,FAED11,150.99000549316406
2026-07-08,2026-06-29,FAED11.SA,FAED11,151.0
2026-07-08,2026-06-30,FAED11.SA,FAED11,150.99000549316406
2026-07-08,2026-07-01,FAED11.SA,FAED11,149.00999450683594
2026-07-08,2026-07-02,FAED11.SA,FAED11,150.9199981689453
2026-07-08,2026-07-03,FAED11.SA,FAED11,150.0
2026-07-08,2026-07-06,FAED11.SA,FAED11,150.0
2026-07-08,2026-07-07,FAED11.SA,FAED11,150.89999389648438
2026-07-08,2026-06-08,FCFL11.SA,FCFL11,122.9800033569336
2026-07-08,2026-06-09,FCFL11.SA,FCFL11,122.5
2026-07-08,2026-06-10,FCFL11.SA,FCFL11,122.02999877929688
2026-07-08,2026-06-11,FCFL11.SA,FCFL11,122.55999755859375
2026-07-08,2026-06-12,FCFL11.SA,FCFL11,123.80000305175781
2026-07-08,2026-06-15,FCFL11.SA,FCFL11,123.69000244140625
2026-07-08,2026-06-16,FCFL11.SA,FCFL11,123.5999984741211
2026-07-08,2026-06-17,FCFL11.SA,FCFL11,123.5
2026-07-08,2026-06-18,FCFL11.SA,FCFL11,123.72000122070312
2026-07-08,2026-06-19,FCFL11.SA,FCFL11,123.9800033569336
2026-07-08,2026-06-22,FCFL11.SA,FCFL11,123.5
2026-07-08,2026-06-23,FCFL11.SA,FCFL11,123.0
2026-07-08,2026-06-24,FCFL11.SA,FCFL11,123.98999786376953
2026-07-08,2026-06-25,FCFL11.SA,FCFL11,123.80000305175781
2026-07-08,2026-06-26,FCFL11.SA,FCFL11,123.80000305175781
2026-07-08,2026-06-29,FCFL11.SA,FCFL11,123.7300033569336
2026-07-08,2026-06-30,FCFL11.SA,FCFL11,122.62000274658203
2026-07-08,2026-07-01,FCFL11.SA,FCFL11,122.0
2026-07-08,2026-07-02,FCFL11.SA,FCFL11,122.0
2026-07-08,2026-07-03,FCFL11.SA,FCFL11,122.75
2026-07-08,2026-07-06,FCFL11.SA,FCFL11,122.5999984741211
2026-07-08,2026-07-07,FCFL11.SA,FCFL11,127.0
2026-07-08,2026-06-08,CEOC11.SA,CEOC11,41.310001373291016
2026-07-08,2026-06-09,CEOC11.SA,CEOC11,40.91999816894531
2026-07-08,2026-06-10,CEOC11.SA,CEOC11,39.52000045776367
2026-07-08,2026-06-11,CEOC11.SA,CEOC11,40.84000015258789
2026-07-08,2026-06-12,CEOC11.SA,CEOC11,40.709999084472656
2026-07-08,2026-06-15,CEOC11.SA,CEOC11,40.2599983215332
2026-07-08,2026-06-16,CEOC11.SA,CEOC11,40.56999969482422
2026-07-08,2026-06-17,CEOC11.SA,CEOC11,40.560001373291016
2026-07-08,2026-06-18,CEOC11.SA,CEOC11,40.29999923706055
2026-07-08,2026-06-19,CEOC11.SA,CEOC11,40.459999084472656
2026-07-08,2026-06-22,CEOC11.SA,CEOC11,40.2400016784668
2026-07-08,2026-06-23,CEOC11.SA,CEOC11,40.20000076293945
2026-07-08,2026-06-24,CEOC11.SA,CEOC11,40.0099983215332
2026-07-08,2026-06-25,CEOC11.SA,CEOC11,40.5099983215332
2026-07-08,2026-06-26,CEOC11.SA,CEOC11,40.11000061035156
2026-07-08,2026-06-29,CEOC11.SA,CEOC11,40.290000915527344
2026-07-08,2026-06-30,CEOC11.SA,CEOC11,40.13999938964844
2026-07-08,2026-07-01,CEOC11.SA,CEOC11,40.56999969482422
2026-07-08,2026-07-02,CEOC11.SA,CEOC11,40.95000076293945
2026-07-08,2026-07-03,CEOC11.SA,CEOC11,41.0
2026-07-08,2026-07-06,CEOC11.SA,CEOC11,41.0
2026-07-08,2026-07-07,CEOC11.SA,CEOC11,40.689998626708984
2026-07-08,2026-06-08,FAMB11.SA,FAMB11,900.0
2026-07-08,2026-06-09,FAMB11.SA,FAMB11,890.0
2026-07-08,2026-06-10,FAMB11.SA,FAMB11,888.010009765625
2026-07-08,2026-06-11,FAMB11.SA,FAMB11,870.9400024414062
2026-07-08,2026-06-12,FAMB11.SA,FAMB11,830.0
2026-07-08,2026-06-15,FAMB11.SA,FAMB11,800.010009765625
2026-07-08,2026-06-16,FAMB11.SA,FAMB11,800.0
2026-07-08,2026-06-17,FAMB11.SA,FAMB11,800.0
2026-07-08,2026-06-18,FAMB11.SA,FAMB11,795.9500122070312
2026-07-08,2026-06-19,FAMB11.SA,FAMB11,795.9500122070312
2026-07-08,2026-06-22,FAMB11.SA,FAMB11,796.0
2026-07-08,2026-06-23,FAMB11.SA,FAMB11,760.0
2026-07-08,2026-06-24,FAMB11.SA,FAMB11,760.0
2026-07-08,2026-06-25,FAMB11.SA,FAMB11,760.0
2026-07-08,2026-06-26,FAMB11.SA,FAMB11,760.0
2026-07-08,2026-06-29,FAMB11.SA,FAMB11,760.0
2026-07-08,2026-06-30,FAMB11.SA,FAMB11,750.0
2026-07-08,2026-07-01,FAMB11.SA,FAMB11,765.0
2026-07-08,2026-07-02,FAMB11.SA,FAMB11,765.0
2026-07-08,2026-07-03,FAMB11.SA,FAMB11,765.0
2026-07-08,2026-07-06,FAMB11.SA,FAMB11,760.010009765625
2026-07-08,2026-07-07,FAMB11.SA,FAMB11,710.0
2026-07-08,2026-06-08,EDGA11.SA,EDGA11,13.109999656677246
2026-07-08,2026-06-09,EDGA11.SA,EDGA11,13.279999732971191
2026-07-08,2026-06-10,EDGA11.SA,EDGA11,13.5
2026-07-08,2026-06-11,EDGA11.SA,EDGA11,13.430000305175781
2026-07-08,2026-06-12,EDGA11.SA,EDGA11,13.5
2026-07-08,2026-06-15,EDGA11.SA,EDGA11,13.399999618530273
2026-07-08,2026-06-16,EDGA11.SA,EDGA11,13.510000228881836
2026-07-08,2026-06-17,EDGA11.SA,EDGA11,13.300000190734863
2026-07-08,2026-06-18,EDGA11.SA,EDGA11,13.489999771118164
2026-07-08,2026-06-19,EDGA11.SA,EDGA11,13.399999618530273
2026-07-08,2026-06-22,EDGA11.SA,EDGA11,13.199999809265137
2026-07-08,2026-06-23,EDGA11.SA,EDGA11,13.350000381469727
2026-07-08,2026-06-24,EDGA11.SA,EDGA11,13.220000267028809
2026-07-08,2026-06-25,EDGA11.SA,EDGA11,13.210000038146973
2026-07-08,2026-06-26,EDGA11.SA,EDGA11,13.109999656677246
2026-07-08,2026-06-29,EDGA11.SA,EDGA11,13.489999771118164
2026-07-08,2026-06-30,EDGA11.SA,EDGA11,13.25
2026-07-08,2026-07-01,EDGA11.SA,EDGA11,13.460000038146973
2026-07-08,2026-07-02,EDGA11.SA,EDGA11,13.460000038146973
2026-07-08,2026-07-03,EDGA11.SA,EDGA11,13.199999809265137
2026-07-08,2026-07-06,EDGA11.SA,EDGA11,13.09000015258789
2026-07-08,2026-07-07,EDGA11.SA,EDGA11,13.0600004196167
2026-07-08,2026-06-08,FYTO11.SA,FYTO11,8.579999923706055
2026-07-08,2026-06-09,FYTO11.SA,FYTO11,8.380000114440918
2026-07-08,2026-06-10,FYTO11.SA,FYTO11,8.300000190734863
2026-07-08,2026-06-11,FYTO11.SA,FYTO11,8.260000228881836
2026-07-08,2026-06-12,FYTO11.SA,FYTO11,8.260000228881836
2026-07-08,2026-06-15,FYTO11.SA,FYTO11,8.260000228881836
2026-07-08,2026-06-16,FYTO11.SA,FYTO11,8.300000190734863
2026-07-08,2026-06-17,FYTO11.SA,FYTO11,8.25
2026-07-08,2026-06-18,FYTO11.SA,FYTO11,8.260000228881836
2026-07-08,2026-06-19,FYTO11.SA,FYTO11,8.170000076293945
2026-07-08,2026-06-22,FYTO11.SA,FYTO11,8.260000228881836
2026-07-08,2026-06-23,FYTO11.SA,FYTO11,8.25
2026-07-08,2026-06-24,FYTO11.SA,FYTO11,8.229999542236328
2026-07-08,2026-06-25,FYTO11.SA,FYTO11,8.229999542236328
2026-07-08,2026-06-26,FYTO11.SA,FYTO11,8.300000190734863
2026-07-08,2026-06-29,FYTO11.SA,FYTO11,8.1899995803833
2026-07-08,2026-06-30,FYTO11.SA,FYTO11,8.220000267028809
2026-07-08,2026-07-01,FYTO11.SA,FYTO11,8.140000343322754
2026-07-08,2026-07-02,FYTO11.SA,FYTO11,8.199999809265137
2026-07-08,2026-07-03,FYTO11.SA,FYTO11,8.279999732971191
2026-07-08,2026-07-06,FYTO11.SA,FYTO11,8.300000190734863
2026-07-08,2026-07-07,FYTO11.SA,FYTO11,8.289999961853027
2026-07-08,2026-06-08,HCRI11.SA,HCRI11,271.8500061035156
2026-07-08,2026-06-09,HCRI11.SA,HCRI11,270.1099853515625
2026-07-08,2026-06-10,HCRI11.SA,HCRI11,269.0
2026-07-08,2026-06-11,HCRI11.SA,HCRI11,270.0
2026-07-08,2026-06-12,HCRI11.SA,HCRI11,272.19000244140625
2026-07-08,2026-06-15,HCRI11.SA,HCRI11,279.0899963378906
2026-07-08,2026-06-16,HCRI11.SA,HCRI11,280.0
2026-07-08,2026-06-17,HCRI11.SA,HCRI11,275.989990234375
2026-07-08,2026-06-18,HCRI11.SA,HCRI11,275.07000732421875
2026-07-08,2026-06-19,HCRI11.SA,HCRI11,277.010009765625
2026-07-08,2026-06-22,HCRI11.SA,HCRI11,272.510009765625
2026-07-08,2026-06-23,HCRI11.SA,HCRI11,273.989990234375
2026-07-08,2026-06-24,HCRI11.SA,HCRI11,270.05999755859375
2026-07-08,2026-06-25,HCRI11.SA,HCRI11,268.0
2026-07-08,2026-06-26,HCRI11.SA,HCRI11,270.0199890136719
2026-07-08,2026-06-29,HCRI11.SA,HCRI11,250.80999755859375
2026-07-08,2026-06-30,HCRI11.SA,HCRI11,258.0
2026-07-08,2026-07-01,HCRI11.SA,HCRI11,258.1000061035156
2026-07-08,2026-07-02,HCRI11.SA,HCRI11,256.0400085449219
2026-07-08,2026-07-03,HCRI11.SA,HCRI11,259.0199890136719
2026-07-08,2026-07-06,HCRI11.SA,HCRI11,258.07000732421875
2026-07-08,2026-07-07,HCRI11.SA,HCRI11,258.1300048828125
2026-07-08,2026-06-08,NSLU11.SA,NSLU11,173.10000610351562
2026-07-08,2026-06-09,NSLU11.SA,NSLU11,171.60000610351562
2026-07-08,2026-06-10,NSLU11.SA,NSLU11,172.47000122070312
2026-07-08,2026-06-11,NSLU11.SA,NSLU11,174.44000244140625
2026-07-08,2026-06-12,NSLU11.SA,NSLU11,174.77000427246094
2026-07-08,2026-06-15,NSLU11.SA,NSLU11,172.0
2026-07-08,2026-06-16,NSLU11.SA,NSLU11,172.0
2026-07-08,2026-06-17,NSLU11.SA,NSLU11,173.0500030517578
2026-07-08,2026-06-18,NSLU11.SA,NSLU11,172.9199981689453
2026-07-08,2026-06-19,NSLU11.SA,NSLU11,171.97000122070312
2026-07-08,2026-06-22,NSLU11.SA,NSLU11,171.6300048828125
2026-07-08,2026-06-23,NSLU11.SA,NSLU11,169.69000244140625
2026-07-08,2026-06-24,NSLU11.SA,NSLU11,170.5
2026-07-08,2026-06-25,NSLU11.SA,NSLU11,171.97000122070312
2026-07-08,2026-06-26,NSLU11.SA,NSLU11,171.00999450683594
2026-07-08,2026-06-29,NSLU11.SA,NSLU11,171.0
2026-07-08,2026-06-30,NSLU11.SA,NSLU11,172.0
2026-07-08,2026-07-01,NSLU11.SA,NSLU11,171.97999572753906
2026-07-08,2026-07-02,NSLU11.SA,NSLU11,171.7899932861328
2026-07-08,2026-07-03,NSLU11.SA,NSLU11,171.2899932861328
2026-07-08,2026-07-06,NSLU11.SA,NSLU11,171.0
2026-07-08,2026-07-07,NSLU11.SA,NSLU11,171.17999267578125
2026-07-08,2026-06-08,MAXR11.SA,MAXR11,56.0
2026-07-08,2026-06-09,MAXR11.SA,MAXR11,56.0
2026-07-08,2026-06-10,MAXR11.SA,MAXR11,56.0
2026-07-08,2026-06-11,MAXR11.SA,MAXR11,55.5
2026-07-08,2026-06-12,MAXR11.SA,MAXR11,56.0
2026-07-08,2026-06-15,MAXR11.SA,MAXR11,55.0
2026-07-08,2026-06-16,MAXR11.SA,MAXR11,55.0
2026-07-08,2026-06-17,MAXR11.SA,MAXR11,55.0
2026-07-08,2026-06-18,MAXR11.SA,MAXR11,55.0
2026-07-08,2026-06-19,MAXR11.SA,MAXR11,55.0
2026-07-08,2026-06-22,MAXR11.SA,MAXR11,55.099998474121094
2026-07-08,2026-06-23,MAXR11.SA,MAXR11,55.11000061035156
2026-07-08,2026-06-24,MAXR11.SA,MAXR11,55.0
2026-07-08,2026-06-25,MAXR11.SA,MAXR11,55.099998474121094
2026-07-08,2026-06-26,MAXR11.SA,MAXR11,53.939998626708984
2026-07-08,2026-06-29,MAXR11.SA,MAXR11,54.29999923706055
2026-07-08,2026-06-30,MAXR11.SA,MAXR11,54.29999923706055
2026-07-08,2026-07-01,MAXR11.SA,MAXR11,54.650001525878906
2026-07-08,2026-07-02,MAXR11.SA,MAXR11,54.45000076293945
2026-07-08,2026-07-03,MAXR11.SA,MAXR11,53.7599983215332
2026-07-08,2026-07-06,MAXR11.SA,MAXR11,54.41999816894531
2026-07-08,2026-07-07,MAXR11.SA,MAXR11,54.38999938964844
2026-07-08,2026-06-08,PQDP11.SA,PQDP11,2550.0
2026-07-08,2026-06-09,PQDP11.SA,PQDP11,2550.0
2026-07-08,2026-06-10,PQDP11.SA,PQDP11,2540.0
2026-07-08,2026-06-11,PQDP11.SA,PQDP11,2570.0
2026-07-08,2026-06-12,PQDP11.SA,PQDP11,2599.989990234375
2026-07-08,2026-06-15,PQDP11.SA,PQDP11,2580.0
2026-07-08,2026-06-16,PQDP11.SA,PQDP11,2584.969970703125
2026-07-08,2026-06-17,PQDP11.SA,PQDP11,2579.0
2026-07-08,2026-06-18,PQDP11.SA,PQDP11,2570.0
2026-07-08,2026-06-19,PQDP11.SA,PQDP11,2571.989990234375
2026-07-08,2026-06-22,PQDP11.SA,PQDP11,2570.0
2026-07-08,2026-06-23,PQDP11.SA,PQDP11,2565.0
2026-07-08,2026-06-24,PQDP11.SA,PQDP11,2565.0
2026-07-08,2026-06-25,PQDP11.SA,PQDP11,2580.0
2026-07-08,2026-06-26,PQDP11.SA,PQDP11,2521.0
2026-07-08,2026-06-29,PQDP11.SA,PQDP11,2600.0
2026-07-08,2026-06-30,PQDP11.SA,PQDP11,2600.0
2026-07-08,2026-07-01,PQDP11.SA,PQDP11,2598.8701171875
2026-07-08,2026-07-02,PQDP11.SA,PQDP11,2595.699951171875
2026-07-08,2026-07-03,PQDP11.SA,PQDP11,2589.889892578125
2026-07-08,2026-07-06,PQDP11.SA,PQDP11,2550.0
2026-07-08,2026-07-07,PQDP11.SA,PQDP11,2540.0
2026-07-08,2026-06-08,RBRI11.SA,RBRI11,600.0
2026-07-08,2026-06-09,RBRI11.SA,RBRI11,600.0
2026-07-08,2026-06-10,RBRI11.SA,RBRI11,600.0
2026-07-08,2026-06-11,RBRI11.SA,RBRI11,600.0
2026-07-08,2026-06-12,RBRI11.SA,RBRI11,600.0
2026-07-08,2026-06-15,RBRI11.SA,RBRI11,600.0
2026-07-08,2026-06-16,RBRI11.SA,RBRI11,600.0
2026-07-08,2026-06-17,RBRI11.SA,RBRI11,600.0
2026-07-08,2026-06-18,RBRI11.SA,RBRI11,600.0
2026-07-08,2026-06-19,RBRI11.SA,RBRI11,600.0
2026-07-08,2026-06-22,RBRI11.SA,RBRI11,500.1700134277344
2026-07-08,2026-06-23,RBRI11.SA,RBRI11,352.94000244140625
2026-07-08,2026-06-24,RBRI11.SA,RBRI11,352.94000244140625
2026-07-08,2026-06-25,RBRI11.SA,RBRI11,352.94000244140625
2026-07-08,2026-06-26,RBRI11.SA,RBRI11,352.94000244140625
2026-07-08,2026-06-29,RBRI11.SA,RBRI11,352.94000244140625
2026-07-08,2026-06-30,RBRI11.SA,RBRI11,352.94000244140625
2026-07-08,2026-07-01,RBRI11.SA,RBRI11,351.94000244140625
2026-07-08,2026-07-02,RBRI11.SA,RBRI11,334.3299865722656
2026-07-08,2026-07-03,RBRI11.SA,RBRI11,334.3299865722656
2026-07-08,2026-07-06,RBRI11.SA,RBRI11,334.3299865722656
2026-07-08,2026-07-07,RBRI11.SA,RBRI11,334.3299865722656
2026-07-08,2026-06-08,RDIV11.SA,RDIV11,86.0
2026-07-08,2026-06-09,RDIV11.SA,RDIV11,86.0
2026-07-08,2026-06-10,RDIV11.SA,RDIV11,86.0
2026-07-08,2026-06-11,RDIV11.SA,RDIV11,86.0
2026-07-08,2026-06-12,RDIV11.SA,RDIV11,86.0
2026-07-08,2026-06-15,RDIV11.SA,RDIV11,86.0
2026-07-08,2026-06-16,RDIV11.SA,RDIV11,86.0
2026-07-08,2026-06-17,RDIV11.SA,RDIV11,86.0
2026-07-08,2026-06-18,RDIV11.SA,RDIV11,86.0
2026-07-08,2026-06-19,RDIV11.SA,RDIV11,86.0
2026-07-08,2026-06-22,RDIV11.SA,RDIV11,86.0
2026-07-08,2026-06-23,RDIV11.SA,RDIV11,86.0
2026-07-08,2026-06-24,RDIV11.SA,RDIV11,86.0
2026-07-08,2026-06-25,RDIV11.SA,RDIV11,86.0
2026-07-08,2026-06-26,RDIV11.SA,RDIV11,86.0
2026-07-08,2026-06-29,RDIV11.SA,RDIV11,86.0
2026-07-08,2026-06-30,RDIV11.SA,RDIV11,86.0
2026-07-08,2026-07-01,RDIV11.SA,RDIV11,86.0
2026-07-08,2026-07-02,RDIV11.SA,RDIV11,86.0
2026-07-08,2026-07-03,RDIV11.SA,RDIV11,86.0
2026-07-08,2026-07-06,RDIV11.SA,RDIV11,86.0
2026-07-08,2026-07-07,RDIV11.SA,RDIV11,86.0
2026-07-08,2026-06-08,RBRR11.SA,RBRR11,82.0999984741211
2026-07-08,2026-06-09,RBRR11.SA,RBRR11,82.48999786376953
2026-07-08,2026-06-10,RBRR11.SA,RBRR11,82.13999938964844
2026-07-08,2026-06-11,RBRR11.SA,RBRR11,81.69999694824219
2026-07-08,2026-06-12,RBRR11.SA,RBRR11,82.0
2026-07-08,2026-06-15,RBRR11.SA,RBRR11,82.26000213623047
2026-07-08,2026-06-16,RBRR11.SA,RBRR11,81.9000015258789
2026-07-08,2026-06-17,RBRR11.SA,RBRR11,81.22000122070312
2026-07-08,2026-06-18,RBRR11.SA,RBRR11,80.5199966430664
2026-07-08,2026-06-19,RBRR11.SA,RBRR11,78.52999877929688
2026-07-08,2026-06-22,RBRR11.SA,RBRR11,78.66000366210938
2026-07-08,2026-06-23,RBRR11.SA,RBRR11,78.0999984741211
2026-07-08,2026-06-24,RBRR11.SA,RBRR11,77.87000274658203
2026-07-08,2026-06-25,RBRR11.SA,RBRR11,78.04000091552734
2026-07-08,2026-06-26,RBRR11.SA,RBRR11,78.52999877929688
2026-07-08,2026-06-29,RBRR11.SA,RBRR11,77.75
2026-07-08,2026-06-30,RBRR11.SA,RBRR11,78.2300033569336
2026-07-08,2026-07-01,RBRR11.SA,RBRR11,78.52999877929688
2026-07-08,2026-07-02,RBRR11.SA,RBRR11,78.25
2026-07-08,2026-07-03,RBRR11.SA,RBRR11,78.18000030517578
2026-07-08,2026-07-06,RBRR11.SA,RBRR11,77.76000213623047
2026-07-08,2026-07-07,RBRR11.SA,RBRR11,77.41000366210938
2026-07-08,2026-06-08,RECR11.SA,RECR11,81.94999694824219
2026-07-08,2026-06-09,RECR11.SA,RECR11,80.5
2026-07-08,2026-06-10,RECR11.SA,RECR11,79.77999877929688
2026-07-08,2026-06-11,RECR11.SA,RECR11,80.20999908447266
2026-07-08,2026-06-12,RECR11.SA,RECR11,80.16000366210938
2026-07-08,2026-06-15,RECR11.SA,RECR11,81.25
2026-07-08,2026-06-16,RECR11.SA,RECR11,81.13999938964844
2026-07-08,2026-06-17,RECR11.SA,RECR11,80.12999725341797
2026-07-08,2026-06-18,RECR11.SA,RECR11,80.91000366210938
2026-07-08,2026-06-19,RECR11.SA,RECR11,80.98999786376953
2026-07-08,2026-06-22,RECR11.SA,RECR11,80.55999755859375
2026-07-08,2026-06-23,RECR11.SA,RECR11,80.69999694824219
2026-07-08,2026-06-24,RECR11.SA,RECR11,80.05000305175781
2026-07-08,2026-06-25,RECR11.SA,RECR11,80.62000274658203
2026-07-08,2026-06-26,RECR11.SA,RECR11,81.12999725341797
2026-07-08,2026-06-29,RECR11.SA,RECR11,81.16000366210938
2026-07-08,2026-06-30,RECR11.SA,RECR11,81.66999816894531
2026-07-08,2026-07-01,RECR11.SA,RECR11,82.18000030517578
2026-07-08,2026-07-02,RECR11.SA,RECR11,82.4000015258789
2026-07-08,2026-07-03,RECR11.SA,RECR11,83.0
2026-07-08,2026-07-06,RECR11.SA,RECR11,82.80000305175781
2026-07-08,2026-07-07,RECR11.SA,RECR11,82.0
2026-07-08,2026-06-08,RECT11.SA,RECT11,35.849998474121094
2026-07-08,2026-06-09,RECT11.SA,RECT11,34.869998931884766
2026-07-08,2026-06-10,RECT11.SA,RECT11,34.56999969482422
2026-07-08,2026-06-11,RECT11.SA,RECT11,35.38999938964844
2026-07-08,2026-06-12,RECT11.SA,RECT11,35.16999816894531
2026-07-08,2026-06-15,RECT11.SA,RECT11,35.689998626708984
2026-07-08,2026-06-16,RECT11.SA,RECT11,35.29999923706055
2026-07-08,2026-06-17,RECT11.SA,RECT11,34.849998474121094
2026-07-08,2026-06-18,RECT11.SA,RECT11,34.790000915527344
2026-07-08,2026-06-19,RECT11.SA,RECT11,34.79999923706055
2026-07-08,2026-06-22,RECT11.SA,RECT11,34.77000045776367
2026-07-08,2026-06-23,RECT11.SA,RECT11,35.869998931884766
2026-07-08,2026-06-24,RECT11.SA,RECT11,35.810001373291016
2026-07-08,2026-06-25,RECT11.SA,RECT11,35.5
2026-07-08,2026-06-26,RECT11.SA,RECT11,35.66999816894531
2026-07-08,2026-06-29,RECT11.SA,RECT11,35.630001068115234
2026-07-08,2026-06-30,RECT11.SA,RECT11,35.97999954223633
2026-07-08,2026-07-01,RECT11.SA,RECT11,35.880001068115234
2026-07-08,2026-07-02,RECT11.SA,RECT11,36.0
2026-07-08,2026-07-03,RECT11.SA,RECT11,35.68000030517578
2026-07-08,2026-07-06,RECT11.SA,RECT11,35.689998626708984
2026-07-08,2026-07-07,RECT11.SA,RECT11,35.61000061035156
2026-07-08,2026-06-08,SHDP11.SA,SHDP11,1210.050048828125
2026-07-08,2026-06-09,SHDP11.SA,SHDP11,1210.050048828125
2026-07-08,2026-06-10,SHDP11.SA,SHDP11,1210.050048828125
2026-07-08,2026-06-11,SHDP11.SA,SHDP11,1210.050048828125
2026-07-08,2026-06-12,SHDP11.SA,SHDP11,1210.050048828125
2026-07-08,2026-06-15,SHDP11.SA,SHDP11,1210.050048828125
2026-07-08,2026-06-16,SHDP11.SA,SHDP11,1210.050048828125
2026-07-08,2026-06-17,SHDP11.SA,SHDP11,1210.050048828125
2026-07-08,2026-06-18,SHDP11.SA,SHDP11,1210.050048828125
2026-07-08,2026-06-19,SHDP11.SA,SHDP11,1210.050048828125
2026-07-08,2026-06-22,SHDP11.SA,SHDP11,1210.050048828125
2026-07-08,2026-06-23,SHDP11.SA,SHDP11,1210.050048828125
2026-07-08,2026-06-24,SHDP11.SA,SHDP11,1210.050048828125
2026-07-08,2026-06-25,SHDP11.SA,SHDP11,1210.050048828125
2026-07-08,2026-06-26,SHDP11.SA,SHDP11,1210.050048828125
2026-07-08,2026-06-29,SHDP11.SA,SHDP11,1210.050048828125
2026-07-08,2026-06-30,SHDP11.SA,SHDP11,1210.050048828125
2026-07-08,2026-07-01,SHDP11.SA,SHDP11,1210.050048828125
2026-07-08,2026-07-02,SHDP11.SA,SHDP11,1210.050048828125
2026-07-08,2026-07-03,SHDP11.SA,SHDP11,1210.050048828125
2026-07-08,2026-07-06,SHDP11.SA,SHDP11,1210.050048828125
2026-07-08,2026-07-07,SHDP11.SA,SHDP11,1210.050048828125
2026-07-08,2026-06-08,TRNT11.SA,TRNT11,106.0
2026-07-08,2026-06-09,TRNT11.SA,TRNT11,105.01000213623047
2026-07-08,2026-06-10,TRNT11.SA,TRNT11,105.01000213623047
2026-07-08,2026-06-11,TRNT11.SA,TRNT11,105.01000213623047
2026-07-08,2026-06-12,TRNT11.SA,TRNT11,105.01000213623047
2026-07-08,2026-06-15,TRNT11.SA,TRNT11,103.51000213623047
2026-07-08,2026-06-16,TRNT11.SA,TRNT11,103.51000213623047
2026-07-08,2026-06-17,TRNT11.SA,TRNT11,103.51000213623047
2026-07-08,2026-06-18,TRNT11.SA,TRNT11,103.51000213623047
2026-07-08,2026-06-19,TRNT11.SA,TRNT11,103.51000213623047
2026-07-08,2026-06-22,TRNT11.SA,TRNT11,110.0
2026-07-08,2026-06-23,TRNT11.SA,TRNT11,110.0
2026-07-08,2026-06-24,TRNT11.SA,TRNT11,110.0
2026-07-08,2026-06-25,TRNT11.SA,TRNT11,110.0
2026-07-08,2026-06-26,TRNT11.SA,TRNT11,110.0
2026-07-08,2026-06-29,TRNT11.SA,TRNT11,108.29000091552734
2026-07-08,2026-06-30,TRNT11.SA,TRNT11,106.0
2026-07-08,2026-07-01,TRNT11.SA,TRNT11,100.51000213623047
2026-07-08,2026-07-02,TRNT11.SA,TRNT11,100.51000213623047
2026-07-08,2026-07-03,TRNT11.SA,TRNT11,110.0
2026-07-08,2026-07-06,TRNT11.SA,TRNT11,102.0
2026-07-08,2026-07-07,TRNT11.SA,TRNT11,102.0
2026-07-08,2026-06-08,APXR11.SA,APXR11,99.98999786376953
2026-07-08,2026-06-09,APXR11.SA,APXR11,99.98999786376953
2026-07-08,2026-06-10,APXR11.SA,APXR11,99.98999786376953
2026-07-08,2026-06-11,APXR11.SA,APXR11,99.98999786376953
2026-07-08,2026-06-12,APXR11.SA,APXR11,99.98999786376953
2026-07-08,2026-06-15,APXR11.SA,APXR11,99.98999786376953
2026-07-08,2026-06-16,APXR11.SA,APXR11,99.98999786376953
2026-07-08,2026-06-17,APXR11.SA,APXR11,99.98999786376953
2026-07-08,2026-06-18,APXR11.SA,APXR11,99.98999786376953
2026-07-08,2026-06-19,APXR11.SA,APXR11,99.98999786376953
2026-07-08,2026-06-22,APXR11.SA,APXR11,99.98999786376953
2026-07-08,2026-06-23,APXR11.SA,APXR11,99.98999786376953
2026-07-08,2026-06-24,APXR11.SA,APXR11,99.98999786376953
2026-07-08,2026-06-25,APXR11.SA,APXR11,99.98999786376953
2026-07-08,2026-06-26,APXR11.SA,APXR11,99.98999786376953
2026-07-08,2026-06-29,APXR11.SA,APXR11,99.98999786376953
2026-07-08,2026-06-30,APXR11.SA,APXR11,99.98999786376953
2026-07-08,2026-07-01,APXR11.SA,APXR11,99.98999786376953
2026-07-08,2026-07-02,APXR11.SA,APXR11,99.98999786376953
2026-07-08,2026-07-03,APXR11.SA,APXR11,99.98999786376953
2026-07-08,2026-07-06,APXR11.SA,APXR11,99.98999786376953
2026-07-08,2026-07-07,APXR11.SA,APXR11,99.98999786376953
2026-07-08,2026-06-08,CXAG11.SA,CXAG11,77.0
2026-07-08,2026-06-09,CXAG11.SA,CXAG11,75.7300033569336
2026-07-08,2026-06-10,CXAG11.SA,CXAG11,74.87000274658203
2026-07-08,2026-06-11,CXAG11.SA,CXAG11,74.9800033569336
2026-07-08,2026-06-12,CXAG11.SA,CXAG11,75.20999908447266
2026-07-08,2026-06-15,CXAG11.SA,CXAG11,75.37000274658203
2026-07-08,2026-06-16,CXAG11.SA,CXAG11,75.25
2026-07-08,2026-06-17,CXAG11.SA,CXAG11,75.2300033569336
2026-07-08,2026-06-18,CXAG11.SA,CXAG11,74.7300033569336
2026-07-08,2026-06-19,CXAG11.SA,CXAG11,75.5
2026-07-08,2026-06-22,CXAG11.SA,CXAG11,76.0
2026-07-08,2026-06-23,CXAG11.SA,CXAG11,76.0
2026-07-08,2026-06-24,CXAG11.SA,CXAG11,75.5
2026-07-08,2026-06-25,CXAG11.SA,CXAG11,76.06999969482422
2026-07-08,2026-06-26,CXAG11.SA,CXAG11,76.01000213623047
2026-07-08,2026-06-29,CXAG11.SA,CXAG11,76.72000122070312
2026-07-08,2026-06-30,CXAG11.SA,CXAG11,76.4000015258789
2026-07-08,2026-07-01,CXAG11.SA,CXAG11,75.05999755859375
2026-07-08,2026-07-02,CXAG11.SA,CXAG11,75.11000061035156
2026-07-08,2026-07-03,CXAG11.SA,CXAG11,75.2699966430664
2026-07-08,2026-07-06,CXAG11.SA,CXAG11,75.01000213623047
2026-07-08,2026-07-07,CXAG11.SA,CXAG11,75.12000274658203
2026-07-08,2026-06-08,CXCI11.SA,CXCI11,68.68000030517578
2026-07-08,2026-06-09,CXCI11.SA,CXCI11,66.66000366210938
2026-07-08,2026-06-10,CXCI11.SA,CXCI11,66.06999969482422
2026-07-08,2026-06-11,CXCI11.SA,CXCI11,64.98999786376953
2026-07-08,2026-06-12,CXCI11.SA,CXCI11,65.80000305175781
2026-07-08,2026-06-15,CXCI11.SA,CXCI11,65.69999694824219
2026-07-08,2026-06-16,CXCI11.SA,CXCI11,65.75
2026-07-08,2026-06-17,CXCI11.SA,CXCI11,65.69000244140625
2026-07-08,2026-06-18,CXCI11.SA,CXCI11,65.69999694824219
2026-07-08,2026-06-19,CXCI11.SA,CXCI11,66.0
2026-07-08,2026-06-22,CXCI11.SA,CXCI11,66.0999984741211
2026-07-08,2026-06-23,CXCI11.SA,CXCI11,65.81999969482422
2026-07-08,2026-06-24,CXCI11.SA,CXCI11,65.80000305175781
2026-07-08,2026-06-25,CXCI11.SA,CXCI11,66.01000213623047
2026-07-08,2026-06-26,CXCI11.SA,CXCI11,66.16000366210938
2026-07-08,2026-06-29,CXCI11.SA,CXCI11,65.91000366210938
2026-07-08,2026-06-30,CXCI11.SA,CXCI11,65.55000305175781
2026-07-08,2026-07-01,CXCI11.SA,CXCI11,66.73999786376953
2026-07-08,2026-07-02,CXCI11.SA,CXCI11,66.0
2026-07-08,2026-07-03,CXCI11.SA,CXCI11,66.44999694824219
2026-07-08,2026-07-06,CXCI11.SA,CXCI11,66.08999633789062
2026-07-08,2026-07-07,CXCI11.SA,CXCI11,65.80999755859375
2026-07-08,2026-06-08,CXCE11.SA,CXCE11,40.40999984741211
2026-07-08,2026-06-09,CXCE11.SA,CXCE11,40.5099983215332
2026-07-08,2026-06-10,CXCE11.SA,CXCE11,40.04999923706055
2026-07-08,2026-06-11,CXCE11.SA,CXCE11,40.150001525878906
2026-07-08,2026-06-12,CXCE11.SA,CXCE11,40.150001525878906
2026-07-08,2026-06-15,CXCE11.SA,CXCE11,40.599998474121094
2026-07-08,2026-06-16,CXCE11.SA,CXCE11,40.59000015258789
2026-07-08,2026-06-17,CXCE11.SA,CXCE11,41.29999923706055
2026-07-08,2026-06-18,CXCE11.SA,CXCE11,40.20000076293945
2026-07-08,2026-06-19,CXCE11.SA,CXCE11,40.5099983215332
2026-07-08,2026-06-22,CXCE11.SA,CXCE11,40.20000076293945
2026-07-08,2026-06-23,CXCE11.SA,CXCE11,40.22999954223633
2026-07-08,2026-06-24,CXCE11.SA,CXCE11,40.599998474121094
2026-07-08,2026-06-25,CXCE11.SA,CXCE11,40.2400016784668
2026-07-08,2026-06-26,CXCE11.SA,CXCE11,40.369998931884766
2026-07-08,2026-06-29,CXCE11.SA,CXCE11,40.70000076293945
2026-07-08,2026-06-30,CXCE11.SA,CXCE11,40.310001373291016
2026-07-08,2026-07-01,CXCE11.SA,CXCE11,40.689998626708984
2026-07-08,2026-07-02,CXCE11.SA,CXCE11,40.47999954223633
2026-07-08,2026-07-03,CXCE11.SA,CXCE11,40.15999984741211
2026-07-08,2026-07-06,CXCE11.SA,CXCE11,40.29999923706055
2026-07-08,2026-07-07,CXCE11.SA,CXCE11,40.68000030517578
2026-07-08,2026-06-08,CXTL11.SA,CXTL11,332.1199951171875
2026-07-08,2026-06-09,CXTL11.SA,CXTL11,332.1199951171875
2026-07-08,2026-06-10,CXTL11.SA,CXTL11,312.0
2026-07-08,2026-06-11,CXTL11.SA,CXTL11,306.010009765625
2026-07-08,2026-06-12,CXTL11.SA,CXTL11,327.989990234375
2026-07-08,2026-06-15,CXTL11.SA,CXTL11,319.989990234375
2026-07-08,2026-06-16,CXTL11.SA,CXTL11,335.0
2026-07-08,2026-06-17,CXTL11.SA,CXTL11,335.0
2026-07-08,2026-06-18,CXTL11.SA,CXTL11,335.0
2026-07-08,2026-06-19,CXTL11.SA,CXTL11,335.0
2026-07-08,2026-06-22,CXTL11.SA,CXTL11,329.0
2026-07-08,2026-06-23,CXTL11.SA,CXTL11,335.0
2026-07-08,2026-06-24,CXTL11.SA,CXTL11,325.9100036621094
2026-07-08,2026-06-25,CXTL11.SA,CXTL11,315.0
2026-07-08,2026-06-26,CXTL11.SA,CXTL11,315.0
2026-07-08,2026-06-29,CXTL11.SA,CXTL11,315.0
2026-07-08,2026-06-30,CXTL11.SA,CXTL11,308.70001220703125
2026-07-08,2026-07-01,CXTL11.SA,CXTL11,307.75
2026-07-08,2026-07-02,CXTL11.SA,CXTL11,307.7300109863281
2026-07-08,2026-07-03,CXTL11.SA,CXTL11,307.7300109863281
2026-07-08,2026-07-06,CXTL11.SA,CXTL11,307.7300109863281
2026-07-08,2026-07-07,CXTL11.SA,CXTL11,307.7300109863281
2026-07-08,2026-06-08,LKDV11.SA,LKDV11,1081.9300537109375
2026-07-08,2026-06-09,LKDV11.SA,LKDV11,1081.9300537109375
2026-07-08,2026-06-10,LKDV11.SA,LKDV11,1081.9300537109375
2026-07-08,2026-06-11,LKDV11.SA,LKDV11,1081.9300537109375
2026-07-08,2026-06-12,LKDV11.SA,LKDV11,1081.9300537109375
2026-07-08,2026-06-15,LKDV11.SA,LKDV11,1081.9300537109375
2026-07-08,2026-06-16,LKDV11.SA,LKDV11,1081.9300537109375
2026-07-08,2026-06-17,LKDV11.SA,LKDV11,1081.9300537109375
2026-07-08,2026-06-18,LKDV11.SA,LKDV11,1081.9300537109375
2026-07-08,2026-06-19,LKDV11.SA,LKDV11,1081.9300537109375
2026-07-08,2026-06-22,LKDV11.SA,LKDV11,1081.9300537109375
2026-07-08,2026-06-23,LKDV11.SA,LKDV11,1081.9300537109375
2026-07-08,2026-06-24,LKDV11.SA,LKDV11,1104.1199951171875
2026-07-08,2026-06-25,LKDV11.SA,LKDV11,1104.1199951171875
2026-07-08,2026-06-26,LKDV11.SA,LKDV11,1104.1199951171875
2026-07-08,2026-06-29,LKDV11.SA,LKDV11,1104.1199951171875
2026-07-08,2026-06-30,LKDV11.SA,LKDV11,1104.1199951171875
2026-07-08,2026-07-01,LKDV11.SA,LKDV11,1104.1199951171875
2026-07-08,2026-07-02,LKDV11.SA,LKDV11,1104.1199951171875
2026-07-08,2026-07-03,LKDV11.SA,LKDV11,1104.1199951171875
2026-07-08,2026-07-06,LKDV11.SA,LKDV11,1104.1199951171875
2026-07-08,2026-07-07,LKDV11.SA,LKDV11,1104.1199951171875
2026-07-08,2026-06-08,EDFO11.SA,EDFO11,131.49000549316406
2026-07-08,2026-06-09,EDFO11.SA,EDFO11,131.49000549316406
2026-07-08,2026-06-10,EDFO11.SA,EDFO11,131.49000549316406
2026-07-08,2026-06-11,EDFO11.SA,EDFO11,131.49000549316406
2026-07-08,2026-06-12,EDFO11.SA,EDFO11,131.49000549316406
2026-07-08,2026-06-15,EDFO11.SA,EDFO11,131.49000549316406
2026-07-08,2026-06-16,EDFO11.SA,EDFO11,129.8000030517578
2026-07-08,2026-06-17,EDFO11.SA,EDFO11,129.8000030517578
2026-07-08,2026-06-18,EDFO11.SA,EDFO11,129.8000030517578
2026-07-08,2026-06-19,EDFO11.SA,EDFO11,132.0
2026-07-08,2026-06-22,EDFO11.SA,EDFO11,129.8699951171875
2026-07-08,2026-06-23,EDFO11.SA,EDFO11,129.8699951171875
2026-07-08,2026-06-24,EDFO11.SA,EDFO11,135.0
2026-07-08,2026-06-25,EDFO11.SA,EDFO11,135.0
2026-07-08,2026-06-26,EDFO11.SA,EDFO11,135.0
2026-07-08,2026-06-29,EDFO11.SA,EDFO11,144.97000122070312
2026-07-08,2026-06-30,EDFO11.SA,EDFO11,144.97000122070312
2026-07-08,2026-07-01,EDFO11.SA,EDFO11,144.97000122070312
2026-07-08,2026-07-02,EDFO11.SA,EDFO11,144.13999938964844
2026-07-08,2026-07-03,EDFO11.SA,EDFO11,144.13999938964844
2026-07-08,2026-07-06,EDFO11.SA,EDFO11,136.25
2026-07-08,2026-07-07,EDFO11.SA,EDFO11,136.25
2026-07-08,2026-06-08,NVHO11.SA,NVHO11,11.579999923706055
2026-07-08,2026-06-09,NVHO11.SA,NVHO11,11.960000038146973
2026-07-08,2026-06-10,NVHO11.SA,NVHO11,11.899999618530273
2026-07-08,2026-06-11,NVHO11.SA,NVHO11,11.899999618530273
2026-07-08,2026-06-12,NVHO11.SA,NVHO11,11.899999618530273
2026-07-08,2026-06-15,NVHO11.SA,NVHO11,11.59000015258789
2026-07-08,2026-06-16,NVHO11.SA,NVHO11,11.800000190734863
2026-07-08,2026-06-17,NVHO11.SA,NVHO11,11.350000381469727
2026-07-08,2026-06-18,NVHO11.SA,NVHO11,11.350000381469727
2026-07-08,2026-06-19,NVHO11.SA,NVHO11,11.869999885559082
2026-07-08,2026-06-22,NVHO11.SA,NVHO11,11.859999656677246
2026-07-08,2026-06-23,NVHO11.SA,NVHO11,11.859999656677246
2026-07-08,2026-06-24,NVHO11.SA,NVHO11,11.859999656677246
2026-07-08,2026-06-25,NVHO11.SA,NVHO11,11.829999923706055
2026-07-08,2026-06-26,NVHO11.SA,NVHO11,11.850000381469727
2026-07-08,2026-06-29,NVHO11.SA,NVHO11,11.850000381469727
2026-07-08,2026-06-30,NVHO11.SA,NVHO11,11.680000305175781
2026-07-08,2026-07-01,NVHO11.SA,NVHO11,11.699999809265137
2026-07-08,2026-07-02,NVHO11.SA,NVHO11,11.600000381469727
2026-07-08,2026-07-03,NVHO11.SA,NVHO11,10.15999984741211
2026-07-08,2026-07-06,NVHO11.SA,NVHO11,12.920000076293945
2026-07-08,2026-07-07,NVHO11.SA,NVHO11,12.199999809265137
2026-07-08,2026-06-08,GTWR11.SA,GTWR11,79.81999969482422
2026-07-08,2026-06-09,GTWR11.SA,GTWR11,79.5
2026-07-08,2026-06-10,GTWR11.SA,GTWR11,80.08999633789062
2026-07-08,2026-06-11,GTWR11.SA,GTWR11,79.68000030517578
2026-07-08,2026-06-12,GTWR11.SA,GTWR11,79.6500015258789
2026-07-08,2026-06-15,GTWR11.SA,GTWR11,79.9000015258789
2026-07-08,2026-06-16,GTWR11.SA,GTWR11,79.80000305175781
2026-07-08,2026-06-17,GTWR11.SA,GTWR11,79.25
2026-07-08,2026-06-18,GTWR11.SA,GTWR11,79.31999969482422
2026-07-08,2026-06-19,GTWR11.SA,GTWR11,79.33999633789062
2026-07-08,2026-06-22,GTWR11.SA,GTWR11,79.0
2026-07-08,2026-06-23,GTWR11.SA,GTWR11,79.76000213623047
2026-07-08,2026-06-24,GTWR11.SA,GTWR11,79.5
2026-07-08,2026-06-25,GTWR11.SA,GTWR11,80.80999755859375
2026-07-08,2026-06-26,GTWR11.SA,GTWR11,80.20999908447266
2026-07-08,2026-06-29,GTWR11.SA,GTWR11,80.79000091552734
2026-07-08,2026-06-30,GTWR11.SA,GTWR11,80.83000183105469
2026-07-08,2026-07-01,GTWR11.SA,GTWR11,79.62999725341797
2026-07-08,2026-07-02,GTWR11.SA,GTWR11,80.06999969482422
2026-07-08,2026-07-03,GTWR11.SA,GTWR11,80.4000015258789
2026-07-08,2026-07-06,GTWR11.SA,GTWR11,80.37999725341797
2026-07-08,2026-07-07,GTWR11.SA,GTWR11,79.97000122070312
2026-07-08,2026-06-08,HBCR11.SA,HBCR11,146.0
2026-07-08,2026-06-09,HBCR11.SA,HBCR11,146.0
2026-07-08,2026-06-10,HBCR11.SA,HBCR11,146.0
2026-07-08,2026-06-11,HBCR11.SA,HBCR11,146.0
2026-07-08,2026-06-12,HBCR11.SA,HBCR11,146.0
2026-07-08,2026-06-15,HBCR11.SA,HBCR11,146.0
2026-07-08,2026-06-16,HBCR11.SA,HBCR11,146.0
2026-07-08,2026-06-17,HBCR11.SA,HBCR11,146.0
2026-07-08,2026-06-18,HBCR11.SA,HBCR11,146.0
2026-07-08,2026-06-19,HBCR11.SA,HBCR11,146.0
2026-07-08,2026-06-22,HBCR11.SA,HBCR11,146.0
2026-07-08,2026-06-23,HBCR11.SA,HBCR11,146.0
2026-07-08,2026-06-24,HBCR11.SA,HBCR11,146.0
2026-07-08,2026-06-25,HBCR11.SA,HBCR11,146.0
2026-07-08,2026-06-26,HBCR11.SA,HBCR11,146.0
2026-07-08,2026-06-29,HBCR11.SA,HBCR11,146.0
2026-07-08,2026-06-30,HBCR11.SA,HBCR11,146.0
2026-07-08,2026-07-01,HBCR11.SA,HBCR11,146.0
2026-07-08,2026-07-02,HBCR11.SA,HBCR11,146.0
2026-07-08,2026-07-03,HBCR11.SA,HBCR11,146.0
2026-07-08,2026-07-06,HBCR11.SA,HBCR11,146.0
2026-07-08,2026-07-07,HBCR11.SA,HBCR11,146.0
2026-07-08,2026-06-08,HUCG11.SA,HUCG11,90.41000366210938
2026-07-08,2026-06-09,HUCG11.SA,HUCG11,86.01000213623047
2026-07-08,2026-06-10,HUCG11.SA,HUCG11,90.38999938964844
2026-07-08,2026-06-11,HUCG11.SA,HUCG11,90.38999938964844
2026-07-08,2026-06-12,HUCG11.SA,HUCG11,90.0
2026-07-08,2026-06-15,HUCG11.SA,HUCG11,90.0
2026-07-08,2026-06-16,HUCG11.SA,HUCG11,89.97000122070312
2026-07-08,2026-06-17,HUCG11.SA,HUCG11,89.97000122070312
2026-07-08,2026-06-18,HUCG11.SA,HUCG11,90.4000015258789
2026-07-08,2026-06-19,HUCG11.SA,HUCG11,89.98999786376953
2026-07-08,2026-06-22,HUCG11.SA,HUCG11,89.98999786376953
2026-07-08,2026-06-23,HUCG11.SA,HUCG11,89.98999786376953
2026-07-08,2026-06-24,HUCG11.SA,HUCG11,87.69999694824219
2026-07-08,2026-06-25,HUCG11.SA,HUCG11,87.69999694824219
2026-07-08,2026-06-26,HUCG11.SA,HUCG11,89.98999786376953
2026-07-08,2026-06-29,HUCG11.SA,HUCG11,88.29000091552734
2026-07-08,2026-06-30,HUCG11.SA,HUCG11,88.0
2026-07-08,2026-07-01,HUCG11.SA,HUCG11,88.31999969482422
2026-07-08,2026-07-02,HUCG11.SA,HUCG11,90.16999816894531
2026-07-08,2026-07-03,HUCG11.SA,HUCG11,90.38999938964844
2026-07-08,2026-07-06,HUCG11.SA,HUCG11,90.0
2026-07-08,2026-07-07,HUCG11.SA,HUCG11,90.0
2026-07-08,2026-06-08,HUSC11.SA,HUSC11,96.01000213623047
2026-07-08,2026-06-09,HUSC11.SA,HUSC11,96.01000213623047
2026-07-08,2026-06-10,HUSC11.SA,HUSC11,96.01000213623047
2026-07-08,2026-06-11,HUSC11.SA,HUSC11,96.01000213623047
2026-07-08,2026-06-12,HUSC11.SA,HUSC11,96.01000213623047
2026-07-08,2026-06-15,HUSC11.SA,HUSC11,96.01000213623047
2026-07-08,2026-06-16,HUSC11.SA,HUSC11,96.01000213623047
2026-07-08,2026-06-17,HUSC11.SA,HUSC11,96.01000213623047
2026-07-08,2026-06-18,HUSC11.SA,HUSC11,96.01000213623047
2026-07-08,2026-06-19,HUSC11.SA,HUSC11,96.01000213623047
2026-07-08,2026-06-22,HUSC11.SA,HUSC11,96.01000213623047
2026-07-08,2026-06-23,HUSC11.SA,HUSC11,96.01000213623047
2026-07-08,2026-06-24,HUSC11.SA,HUSC11,96.01000213623047
2026-07-08,2026-06-25,HUSC11.SA,HUSC11,96.01000213623047
2026-07-08,2026-06-26,HUSC11.SA,HUSC11,96.01000213623047
2026-07-08,2026-06-29,HUSC11.SA,HUSC11,96.01000213623047
2026-07-08,2026-06-30,HUSC11.SA,HUSC11,96.01000213623047
2026-07-08,2026-07-01,HUSC11.SA,HUSC11,96.01000213623047
2026-07-08,2026-07-02,HUSC11.SA,HUSC11,96.01000213623047
2026-07-08,2026-07-03,HUSC11.SA,HUSC11,96.01000213623047
2026-07-08,2026-07-06,HUSC11.SA,HUSC11,96.01000213623047
2026-07-08,2026-07-07,HUSC11.SA,HUSC11,96.01000213623047
2026-07-08,2026-06-08,HOSI11.SA,HOSI11,81.9000015258789
2026-07-08,2026-06-09,HOSI11.SA,HOSI11,81.9000015258789
2026-07-08,2026-06-10,HOSI11.SA,HOSI11,80.36000061035156
2026-07-08,2026-06-11,HOSI11.SA,HOSI11,80.36000061035156
2026-07-08,2026-06-12,HOSI11.SA,HOSI11,79.16000366210938
2026-07-08,2026-06-15,HOSI11.SA,HOSI11,79.1500015258789
2026-07-08,2026-06-16,HOSI11.SA,HOSI11,79.1500015258789
2026-07-08,2026-06-17,HOSI11.SA,HOSI11,79.97000122070312
2026-07-08,2026-06-18,HOSI11.SA,HOSI11,79.97000122070312
2026-07-08,2026-06-19,HOSI11.SA,HOSI11,79.97000122070312
2026-07-08,2026-06-22,HOSI11.SA,HOSI11,79.97000122070312
2026-07-08,2026-06-23,HOSI11.SA,HOSI11,79.97000122070312
2026-07-08,2026-06-24,HOSI11.SA,HOSI11,79.97000122070312
2026-07-08,2026-06-25,HOSI11.SA,HOSI11,79.97000122070312
2026-07-08,2026-06-26,HOSI11.SA,HOSI11,79.94999694824219
2026-07-08,2026-06-29,HOSI11.SA,HOSI11,79.94999694824219
2026-07-08,2026-06-30,HOSI11.SA,HOSI11,79.98999786376953
2026-07-08,2026-07-01,HOSI11.SA,HOSI11,78.38999938964844
2026-07-08,2026-07-02,HOSI11.SA,HOSI11,77.55999755859375
2026-07-08,2026-07-03,HOSI11.SA,HOSI11,77.55999755859375
2026-07-08,2026-07-06,HOSI11.SA,HOSI11,77.55999755859375
2026-07-08,2026-07-07,HOSI11.SA,HOSI11,77.55999755859375
2026-07-08,2026-06-08,BLUE11.SA,BLUE11,143.00999450683594
2026-07-08,2026-06-09,BLUE11.SA,BLUE11,143.00999450683594
2026-07-08,2026-06-10,BLUE11.SA,BLUE11,143.00999450683594
2026-07-08,2026-06-11,BLUE11.SA,BLUE11,143.00999450683594
2026-07-08,2026-06-12,BLUE11.SA,BLUE11,143.00999450683594
2026-07-08,2026-06-15,BLUE11.SA,BLUE11,143.00999450683594
2026-07-08,2026-06-16,BLUE11.SA,BLUE11,143.00999450683594
2026-07-08,2026-06-17,BLUE11.SA,BLUE11,143.00999450683594
2026-07-08,2026-06-18,BLUE11.SA,BLUE11,143.00999450683594
2026-07-08,2026-06-19,BLUE11.SA,BLUE11,143.00999450683594
2026-07-08,2026-06-22,BLUE11.SA,BLUE11,143.00999450683594
2026-07-08,2026-06-23,BLUE11.SA,BLUE11,143.00999450683594
2026-07-08,2026-06-24,BLUE11.SA,BLUE11,143.00999450683594
2026-07-08,2026-06-25,BLUE11.SA,BLUE11,143.00999450683594
2026-07-08,2026-06-26,BLUE11.SA,BLUE11,143.00999450683594
2026-07-08,2026-06-29,BLUE11.SA,BLUE11,143.00999450683594
2026-07-08,2026-06-30,BLUE11.SA,BLUE11,143.00999450683594
2026-07-08,2026-07-01,BLUE11.SA,BLUE11,143.00999450683594
2026-07-08,2026-07-02,BLUE11.SA,BLUE11,143.00999450683594
2026-07-08,2026-07-03,BLUE11.SA,BLUE11,143.00999450683594
2026-07-08,2026-07-06,BLUE11.SA,BLUE11,115.0
2026-07-08,2026-07-07,BLUE11.SA,BLUE11,115.0
2026-07-08,2026-06-08,MMPD11.SA,MMPD11,110.61000061035156
2026-07-08,2026-06-09,MMPD11.SA,MMPD11,110.61000061035156
2026-07-08,2026-06-10,MMPD11.SA,MMPD11,110.61000061035156
2026-07-08,2026-06-11,MMPD11.SA,MMPD11,110.61000061035156
2026-07-08,2026-06-12,MMPD11.SA,MMPD11,110.61000061035156
2026-07-08,2026-06-15,MMPD11.SA,MMPD11,110.61000061035156
2026-07-08,2026-06-16,MMPD11.SA,MMPD11,110.61000061035156
2026-07-08,2026-06-17,MMPD11.SA,MMPD11,110.61000061035156
2026-07-08,2026-06-18,MMPD11.SA,MMPD11,110.61000061035156
2026-07-08,2026-06-19,MMPD11.SA,MMPD11,110.61000061035156
2026-07-08,2026-06-22,MMPD11.SA,MMPD11,110.61000061035156
2026-07-08,2026-06-23,MMPD11.SA,MMPD11,110.61000061035156
2026-07-08,2026-06-24,MMPD11.SA,MMPD11,110.61000061035156
2026-07-08,2026-06-25,MMPD11.SA,MMPD11,110.61000061035156
2026-07-08,2026-06-26,MMPD11.SA,MMPD11,110.61000061035156
2026-07-08,2026-06-29,MMPD11.SA,MMPD11,110.61000061035156
2026-07-08,2026-06-30,MMPD11.SA,MMPD11,110.61000061035156
2026-07-08,2026-07-01,MMPD11.SA,MMPD11,110.61000061035156
2026-07-08,2026-07-02,MMPD11.SA,MMPD11,110.61000061035156
2026-07-08,2026-07-03,MMPD11.SA,MMPD11,110.61000061035156
2026-07-08,2026-07-06,MMPD11.SA,MMPD11,110.61000061035156
2026-07-08,2026-07-07,MMPD11.SA,MMPD11,110.61000061035156
2026-07-08,2026-06-08,MCCI11.SA,MCCI11,94.80999755859375
2026-07-08,2026-06-09,MCCI11.SA,MCCI11,94.0999984741211
2026-07-08,2026-06-10,MCCI11.SA,MCCI11,93.05000305175781
2026-07-08,2026-06-11,MCCI11.SA,MCCI11,94.0199966430664
2026-07-08,2026-06-12,MCCI11.SA,MCCI11,92.3499984741211
2026-07-08,2026-06-15,MCCI11.SA,MCCI11,92.5
2026-07-08,2026-06-16,MCCI11.SA,MCCI11,92.47000122070312
2026-07-08,2026-06-17,MCCI11.SA,MCCI11,92.0
2026-07-08,2026-06-18,MCCI11.SA,MCCI11,92.36000061035156
2026-07-08,2026-06-19,MCCI11.SA,MCCI11,93.55000305175781
2026-07-08,2026-06-22,MCCI11.SA,MCCI11,93.30000305175781
2026-07-08,2026-06-23,MCCI11.SA,MCCI11,93.69000244140625
2026-07-08,2026-06-24,MCCI11.SA,MCCI11,93.5999984741211
2026-07-08,2026-06-25,MCCI11.SA,MCCI11,94.43000030517578
2026-07-08,2026-06-26,MCCI11.SA,MCCI11,94.7699966430664
2026-07-08,2026-06-29,MCCI11.SA,MCCI11,94.4000015258789
2026-07-08,2026-06-30,MCCI11.SA,MCCI11,94.41000366210938
2026-07-08,2026-07-01,MCCI11.SA,MCCI11,93.18000030517578
2026-07-08,2026-07-02,MCCI11.SA,MCCI11,94.16000366210938
2026-07-08,2026-07-03,MCCI11.SA,MCCI11,94.5
2026-07-08,2026-07-06,MCCI11.SA,MCCI11,94.69999694824219
2026-07-08,2026-07-07,MCCI11.SA,MCCI11,94.79000091552734
2026-07-08,2026-06-08,WTSP11.SA,WTSP11,69.3499984741211
2026-07-08,2026-06-09,WTSP11.SA,WTSP11,65.0
2026-07-08,2026-06-10,WTSP11.SA,WTSP11,65.0
2026-07-08,2026-06-11,WTSP11.SA,WTSP11,67.5
2026-07-08,2026-06-12,WTSP11.SA,WTSP11,67.5
2026-07-08,2026-06-15,WTSP11.SA,WTSP11,67.0
2026-07-08,2026-06-16,WTSP11.SA,WTSP11,67.0
2026-07-08,2026-06-17,WTSP11.SA,WTSP11,67.0
2026-07-08,2026-06-18,WTSP11.SA,WTSP11,67.0
2026-07-08,2026-06-19,WTSP11.SA,WTSP11,61.0
2026-07-08,2026-06-22,WTSP11.SA,WTSP11,60.5
2026-07-08,2026-06-23,WTSP11.SA,WTSP11,60.5
2026-07-08,2026-06-24,WTSP11.SA,WTSP11,64.98999786376953
2026-07-08,2026-06-25,WTSP11.SA,WTSP11,67.7699966430664
2026-07-08,2026-06-26,WTSP11.SA,WTSP11,67.48999786376953
2026-07-08,2026-06-29,WTSP11.SA,WTSP11,67.47000122070312
2026-07-08,2026-06-30,WTSP11.SA,WTSP11,66.5
2026-07-08,2026-07-01,WTSP11.SA,WTSP11,66.5
2026-07-08,2026-07-02,WTSP11.SA,WTSP11,66.5
2026-07-08,2026-07-03,WTSP11.SA,WTSP11,67.0
2026-07-08,2026-07-06,WTSP11.SA,WTSP11,67.0
2026-07-08,2026-07-07,WTSP11.SA,WTSP11,67.0
2026-07-08,2026-06-08,PABY11.SA,PABY11,16.510000228881836
2026-07-08,2026-06-09,PABY11.SA,PABY11,18.799999237060547
2026-07-08,2026-06-10,PABY11.SA,PABY11,18.75
2026-07-08,2026-06-11,PABY11.SA,PABY11,18.75
2026-07-08,2026-06-12,PABY11.SA,PABY11,18.75
2026-07-08,2026-06-15,PABY11.SA,PABY11,18.700000762939453
2026-07-08,2026-06-16,PABY11.SA,PABY11,17.75
2026-07-08,2026-06-17,PABY11.SA,PABY11,17.75
2026-07-08,2026-06-18,PABY11.SA,PABY11,18.600000381469727
2026-07-08,2026-06-19,PABY11.SA,PABY11,18.600000381469727
2026-07-08,2026-06-22,PABY11.SA,PABY11,18.489999771118164
2026-07-08,2026-06-23,PABY11.SA,PABY11,18.25
2026-07-08,2026-06-24,PABY11.SA,PABY11,18.25
2026-07-08,2026-06-25,PABY11.SA,PABY11,24.489999771118164
2026-07-08,2026-06-26,PABY11.SA,PABY11,24.489999771118164
2026-07-08,2026-06-29,PABY11.SA,PABY11,20.25
2026-07-08,2026-06-30,PABY11.SA,PABY11,19.520000457763672
2026-07-08,2026-07-01,PABY11.SA,PABY11,19.520000457763672
2026-07-08,2026-07-02,PABY11.SA,PABY11,19.510000228881836
2026-07-08,2026-07-03,PABY11.SA,PABY11,20.0
2026-07-08,2026-07-06,PABY11.SA,PABY11,20.84000015258789
2026-07-08,2026-07-07,PABY11.SA,PABY11,20.860000610351562
2026-07-08,2026-06-08,RBRY11.SA,RBRY11,92.31999969482422
2026-07-08,2026-06-09,RBRY11.SA,RBRY11,90.94000244140625
2026-07-08,2026-06-10,RBRY11.SA,RBRY11,90.3499984741211
2026-07-08,2026-06-11,RBRY11.SA,RBRY11,89.87999725341797
2026-07-08,2026-06-12,RBRY11.SA,RBRY11,89.94999694824219
2026-07-08,2026-06-15,RBRY11.SA,RBRY11,90.08999633789062
2026-07-08,2026-06-16,RBRY11.SA,RBRY11,90.12999725341797
2026-07-08,2026-06-17,RBRY11.SA,RBRY11,89.69999694824219
2026-07-08,2026-06-18,RBRY11.SA,RBRY11,89.83999633789062
2026-07-08,2026-06-19,RBRY11.SA,RBRY11,89.94999694824219
2026-07-08,2026-06-22,RBRY11.SA,RBRY11,89.5
2026-07-08,2026-06-23,RBRY11.SA,RBRY11,89.48999786376953
2026-07-08,2026-06-24,RBRY11.SA,RBRY11,88.80000305175781
2026-07-08,2026-06-25,RBRY11.SA,RBRY11,88.98999786376953
2026-07-08,2026-06-26,RBRY11.SA,RBRY11,89.27999877929688
2026-07-08,2026-06-29,RBRY11.SA,RBRY11,89.5
2026-07-08,2026-06-30,RBRY11.SA,RBRY11,89.5
2026-07-08,2026-07-01,RBRY11.SA,RBRY11,88.61000061035156
2026-07-08,2026-07-02,RBRY11.SA,RBRY11,88.61000061035156
2026-07-08,2026-07-03,RBRY11.SA,RBRY11,88.5999984741211
2026-07-08,2026-07-06,RBRY11.SA,RBRY11,89.06999969482422
2026-07-08,2026-07-07,RBRY11.SA,RBRY11,88.66999816894531
2026-07-08,2026-06-08,RBRP11.SA,RBRP11,50.5
2026-07-08,2026-06-09,RBRP11.SA,RBRP11,50.209999084472656
2026-07-08,2026-06-10,RBRP11.SA,RBRP11,50.0
2026-07-08,2026-06-11,RBRP11.SA,RBRP11,50.0
2026-07-08,2026-06-12,RBRP11.SA,RBRP11,50.0
2026-07-08,2026-06-15,RBRP11.SA,RBRP11,50.0
2026-07-08,2026-06-16,RBRP11.SA,RBRP11,49.5
2026-07-08,2026-06-17,RBRP11.SA,RBRP11,49.36000061035156
2026-07-08,2026-06-18,RBRP11.SA,RBRP11,49.36000061035156
2026-07-08,2026-06-19,RBRP11.SA,RBRP11,49.45000076293945
2026-07-08,2026-06-22,RBRP11.SA,RBRP11,49.27000045776367
2026-07-08,2026-06-23,RBRP11.SA,RBRP11,48.65999984741211
2026-07-08,2026-06-24,RBRP11.SA,RBRP11,47.900001525878906
2026-07-08,2026-06-25,RBRP11.SA,RBRP11,48.0
2026-07-08,2026-06-26,RBRP11.SA,RBRP11,46.939998626708984
2026-07-08,2026-06-29,RBRP11.SA,RBRP11,47.0
2026-07-08,2026-06-30,RBRP11.SA,RBRP11,47.599998474121094
2026-07-08,2026-07-01,RBRP11.SA,RBRP11,47.61000061035156
2026-07-08,2026-07-02,RBRP11.SA,RBRP11,48.22999954223633
2026-07-08,2026-07-03,RBRP11.SA,RBRP11,48.970001220703125
2026-07-08,2026-07-06,RBRP11.SA,RBRP11,47.9900016784668
2026-07-08,2026-07-07,RBRP11.SA,RBRP11,47.97999954223633
2026-07-08,2026-06-08,FPNG11.SA,FPNG11,480.0
2026-07-08,2026-06-09,FPNG11.SA,FPNG11,480.0
2026-07-08,2026-06-10,FPNG11.SA,FPNG11,480.0
2026-07-08,2026-06-11,FPNG11.SA,FPNG11,480.0
2026-07-08,2026-06-12,FPNG11.SA,FPNG11,480.0
2026-07-08,2026-06-15,FPNG11.SA,FPNG11,479.989990234375
2026-07-08,2026-06-16,FPNG11.SA,FPNG11,479.989990234375
2026-07-08,2026-06-17,FPNG11.SA,FPNG11,479.989990234375
2026-07-08,2026-06-18,FPNG11.SA,FPNG11,479.989990234375
2026-07-08,2026-06-19,FPNG11.SA,FPNG11,479.989990234375
2026-07-08,2026-06-22,FPNG11.SA,FPNG11,479.989990234375
2026-07-08,2026-06-23,FPNG11.SA,FPNG11,479.989990234375
2026-07-08,2026-06-24,FPNG11.SA,FPNG11,479.989990234375
2026-07-08,2026-06-25,FPNG11.SA,FPNG11,479.989990234375
2026-07-08,2026-06-26,FPNG11.SA,FPNG11,479.989990234375
2026-07-08,2026-06-29,FPNG11.SA,FPNG11,479.989990234375
2026-07-08,2026-06-30,FPNG11.SA,FPNG11,479.989990234375
2026-07-08,2026-07-01,FPNG11.SA,FPNG11,479.989990234375
2026-07-08,2026-07-02,FPNG11.SA,FPNG11,479.989990234375
2026-07-08,2026-07-03,FPNG11.SA,FPNG11,479.989990234375
2026-07-08,2026-07-06,FPNG11.SA,FPNG11,479.989990234375
2026-07-08,2026-07-07,FPNG11.SA,FPNG11,479.989990234375
2026-07-08,2026-06-08,VTPL11.SA,VTPL11,65.9000015258789
2026-07-08,2026-06-09,VTPL11.SA,VTPL11,65.9000015258789
2026-07-08,2026-06-10,VTPL11.SA,VTPL11,65.9000015258789
2026-07-08,2026-06-11,VTPL11.SA,VTPL11,65.9000015258789
2026-07-08,2026-06-12,VTPL11.SA,VTPL11,65.9000015258789
2026-07-08,2026-06-15,VTPL11.SA,VTPL11,65.9000015258789
2026-07-08,2026-06-16,VTPL11.SA,VTPL11,65.9000015258789
2026-07-08,2026-06-17,VTPL11.SA,VTPL11,65.9000015258789
2026-07-08,2026-06-18,VTPL11.SA,VTPL11,65.9000015258789
2026-07-08,2026-06-19,VTPL11.SA,VTPL11,65.9000015258789
2026-07-08,2026-06-22,VTPL11.SA,VTPL11,65.9000015258789
2026-07-08,2026-06-23,VTPL11.SA,VTPL11,65.9000015258789
2026-07-08,2026-06-24,VTPL11.SA,VTPL11,65.9000015258789
2026-07-08,2026-06-25,VTPL11.SA,VTPL11,65.9000015258789
2026-07-08,2026-06-26,VTPL11.SA,VTPL11,65.9000015258789
2026-07-08,2026-06-29,VTPL11.SA,VTPL11,65.9000015258789
2026-07-08,2026-06-30,VTPL11.SA,VTPL11,65.9000015258789
2026-07-08,2026-07-01,VTPL11.SA,VTPL11,65.9000015258789
2026-07-08,2026-07-02,VTPL11.SA,VTPL11,65.9000015258789
2026-07-08,2026-07-03,VTPL11.SA,VTPL11,65.9000015258789
2026-07-08,2026-07-06,VTPL11.SA,VTPL11,65.9000015258789
2026-07-08,2026-07-07,VTPL11.SA,VTPL11,65.9000015258789
2026-07-08,2026-06-08,VPSI11.SA,VPSI11,22.3799991607666
2026-07-08,2026-06-09,VPSI11.SA,VPSI11,22.3799991607666
2026-07-08,2026-06-10,VPSI11.SA,VPSI11,22.3799991607666
2026-07-08,2026-06-11,VPSI11.SA,VPSI11,22.3799991607666
2026-07-08,2026-06-12,VPSI11.SA,VPSI11,22.3799991607666
2026-07-08,2026-06-15,VPSI11.SA,VPSI11,22.3799991607666
2026-07-08,2026-06-16,VPSI11.SA,VPSI11,22.3799991607666
2026-07-08,2026-06-17,VPSI11.SA,VPSI11,22.3799991607666
2026-07-08,2026-06-18,VPSI11.SA,VPSI11,22.3799991607666
2026-07-08,2026-06-19,VPSI11.SA,VPSI11,22.3799991607666
2026-07-08,2026-06-22,VPSI11.SA,VPSI11,22.3799991607666
2026-07-08,2026-06-23,VPSI11.SA,VPSI11,22.3799991607666
2026-07-08,2026-06-24,VPSI11.SA,VPSI11,22.3799991607666
2026-07-08,2026-06-25,VPSI11.SA,VPSI11,22.3799991607666
2026-07-08,2026-06-26,VPSI11.SA,VPSI11,22.3799991607666
2026-07-08,2026-06-29,VPSI11.SA,VPSI11,22.3799991607666
2026-07-08,2026-06-30,VPSI11.SA,VPSI11,22.3799991607666
2026-07-08,2026-07-01,VPSI11.SA,VPSI11,22.3799991607666
2026-07-08,2026-07-02,VPSI11.SA,VPSI11,22.3799991607666
2026-07-08,2026-07-03,VPSI11.SA,VPSI11,22.3799991607666
2026-07-08,2026-07-06,VPSI11.SA,VPSI11,22.3799991607666
2026-07-08,2026-07-07,VPSI11.SA,VPSI11,22.3799991607666
2026-07-08,2026-06-08,RELG11.SA,RELG11,65.30000305175781
2026-07-08,2026-06-09,RELG11.SA,RELG11,64.38999938964844
2026-07-08,2026-06-10,RELG11.SA,RELG11,62.5
2026-07-08,2026-06-11,RELG11.SA,RELG11,62.47999954223633
2026-07-08,2026-06-12,RELG11.SA,RELG11,63.5
2026-07-08,2026-06-15,RELG11.SA,RELG11,63.5
2026-07-08,2026-06-16,RELG11.SA,RELG11,63.5
2026-07-08,2026-06-17,RELG11.SA,RELG11,63.5
2026-07-08,2026-06-18,RELG11.SA,RELG11,63.5
2026-07-08,2026-06-19,RELG11.SA,RELG11,63.5
2026-07-08,2026-06-22,RELG11.SA,RELG11,63.5
2026-07-08,2026-06-23,RELG11.SA,RELG11,63.5
2026-07-08,2026-06-24,RELG11.SA,RELG11,63.5
2026-07-08,2026-06-25,RELG11.SA,RELG11,63.5
2026-07-08,2026-06-26,RELG11.SA,RELG11,69.80000305175781
2026-07-08,2026-06-29,RELG11.SA,RELG11,63.599998474121094
2026-07-08,2026-06-30,RELG11.SA,RELG11,63.0
2026-07-08,2026-07-01,RELG11.SA,RELG11,63.11000061035156
2026-07-08,2026-07-02,RELG11.SA,RELG11,64.48999786376953
2026-07-08,2026-07-03,RELG11.SA,RELG11,63.709999084472656
2026-07-08,2026-07-06,RELG11.SA,RELG11,66.18000030517578
2026-07-08,2026-07-07,RELG11.SA,RELG11,65.98999786376953
2026-07-08,2026-06-09,RRES11.SA,RRES11,10.0
2026-07-08,2026-06-10,RRES11.SA,RRES11,10.0
2026-07-08,2026-06-11,RRES11.SA,RRES11,10.0
2026-07-08,2026-06-12,RRES11.SA,RRES11,10.0
2026-07-08,2026-06-15,RRES11.SA,RRES11,10.0
2026-07-08,2026-06-16,RRES11.SA,RRES11,10.0
2026-07-08,2026-06-17,RRES11.SA,RRES11,10.0
2026-07-08,2026-06-18,RRES11.SA,RRES11,10.0
2026-07-08,2026-06-19,RRES11.SA,RRES11,10.0
2026-07-08,2026-06-22,RRES11.SA,RRES11,10.0
2026-07-08,2026-06-23,RRES11.SA,RRES11,10.0
2026-07-08,2026-06-24,RRES11.SA,RRES11,10.0
2026-07-08,2026-06-25,RRES11.SA,RRES11,10.0
2026-07-08,2026-06-26,RRES11.SA,RRES11,10.0
2026-07-08,2026-06-29,RRES11.SA,RRES11,10.0
2026-07-08,2026-06-30,RRES11.SA,RRES11,10.0
2026-07-08,2026-07-01,RRES11.SA,RRES11,10.0
2026-07-08,2026-07-02,RRES11.SA,RRES11,10.0
2026-07-08,2026-07-03,RRES11.SA,RRES11,10.0
2026-07-08,2026-07-06,RRES11.SA,RRES11,10.0
2026-07-08,2026-07-07,RRES11.SA,RRES11,10.0
2026-07-08,2026-06-08,RZTR11.SA,RZTR11,88.20999908447266
2026-07-08,2026-06-09,RZTR11.SA,RZTR11,89.0
2026-07-08,2026-06-10,RZTR11.SA,RZTR11,87.87000274658203
2026-07-08,2026-06-11,RZTR11.SA,RZTR11,88.80000305175781
2026-07-08,2026-06-12,RZTR11.SA,RZTR11,89.69999694824219
2026-07-08,2026-06-15,RZTR11.SA,RZTR11,89.9800033569336
2026-07-08,2026-06-16,RZTR11.SA,RZTR11,90.0
2026-07-08,2026-06-17,RZTR11.SA,RZTR11,89.8499984741211
2026-07-08,2026-06-18,RZTR11.SA,RZTR11,89.16000366210938
2026-07-08,2026-06-19,RZTR11.SA,RZTR11,89.79000091552734
2026-07-08,2026-06-22,RZTR11.SA,RZTR11,89.33999633789062
2026-07-08,2026-06-23,RZTR11.SA,RZTR11,89.5199966430664
2026-07-08,2026-06-24,RZTR11.SA,RZTR11,88.19999694824219
2026-07-08,2026-06-25,RZTR11.SA,RZTR11,88.58999633789062
2026-07-08,2026-06-26,RZTR11.SA,RZTR11,89.4000015258789
2026-07-08,2026-06-29,RZTR11.SA,RZTR11,89.75
2026-07-08,2026-06-30,RZTR11.SA,RZTR11,89.69000244140625
2026-07-08,2026-07-01,RZTR11.SA,RZTR11,87.05999755859375
2026-07-08,2026-07-02,RZTR11.SA,RZTR11,86.26000213623047
2026-07-08,2026-07-03,RZTR11.SA,RZTR11,87.31999969482422
2026-07-08,2026-07-06,RZTR11.SA,RZTR11,87.0
2026-07-08,2026-07-07,RZTR11.SA,RZTR11,86.30999755859375
2026-07-08,2026-06-08,ROOF11.SA,ROOF11,350.0
2026-07-08,2026-06-09,ROOF11.SA,ROOF11,350.0
2026-07-08,2026-06-10,ROOF11.SA,ROOF11,350.0
2026-07-08,2026-06-11,ROOF11.SA,ROOF11,350.0
2026-07-08,2026-06-12,ROOF11.SA,ROOF11,350.0
2026-07-08,2026-06-15,ROOF11.SA,ROOF11,350.0
2026-07-08,2026-06-16,ROOF11.SA,ROOF11,350.0
2026-07-08,2026-06-17,ROOF11.SA,ROOF11,350.0
2026-07-08,2026-06-18,ROOF11.SA,ROOF11,350.0
2026-07-08,2026-06-19,ROOF11.SA,ROOF11,350.0
2026-07-08,2026-06-22,ROOF11.SA,ROOF11,350.0
2026-07-08,2026-06-23,ROOF11.SA,ROOF11,350.0
2026-07-08,2026-06-24,ROOF11.SA,ROOF11,350.0
2026-07-08,2026-06-25,ROOF11.SA,ROOF11,350.0
2026-07-08,2026-06-26,ROOF11.SA,ROOF11,350.0
2026-07-08,2026-06-29,ROOF11.SA,ROOF11,350.0
2026-07-08,2026-06-30,ROOF11.SA,ROOF11,350.0
2026-07-08,2026-07-01,ROOF11.SA,ROOF11,350.0
2026-07-08,2026-07-02,ROOF11.SA,ROOF11,350.0
2026-07-08,2026-07-03,ROOF11.SA,ROOF11,350.0
2026-07-08,2026-07-06,ROOF11.SA,ROOF11,350.0
2026-07-08,2026-07-07,ROOF11.SA,ROOF11,350.0
2026-07-08,2026-06-08,HOMS11.SA,HOMS11,129.36000061035156
2026-07-08,2026-06-09,HOMS11.SA,HOMS11,129.36000061035156
2026-07-08,2026-06-10,HOMS11.SA,HOMS11,129.36000061035156
2026-07-08,2026-06-11,HOMS11.SA,HOMS11,129.63999938964844
2026-07-08,2026-06-12,HOMS11.SA,HOMS11,129.63999938964844
2026-07-08,2026-06-15,HOMS11.SA,HOMS11,129.82000732421875
2026-07-08,2026-06-16,HOMS11.SA,HOMS11,129.9199981689453
2026-07-08,2026-06-17,HOMS11.SA,HOMS11,129.9199981689453
2026-07-08,2026-06-18,HOMS11.SA,HOMS11,130.10000610351562
2026-07-08,2026-06-19,HOMS11.SA,HOMS11,130.19000244140625
2026-07-08,2026-06-22,HOMS11.SA,HOMS11,130.2899932861328
2026-07-08,2026-06-23,HOMS11.SA,HOMS11,130.3800048828125
2026-07-08,2026-06-24,HOMS11.SA,HOMS11,130.3800048828125
2026-07-08,2026-06-25,HOMS11.SA,HOMS11,130.57000732421875
2026-07-08,2026-06-26,HOMS11.SA,HOMS11,130.66000366210938
2026-07-08,2026-06-29,HOMS11.SA,HOMS11,130.66000366210938
2026-07-08,2026-06-30,HOMS11.SA,HOMS11,130.83999633789062
2026-07-08,2026-07-01,HOMS11.SA,HOMS11,130.92999267578125
2026-07-08,2026-07-02,HOMS11.SA,HOMS11,131.00999450683594
2026-07-08,2026-07-03,HOMS11.SA,HOMS11,131.00999450683594
2026-07-08,2026-07-06,HOMS11.SA,HOMS11,131.1699981689453
2026-07-08,2026-07-07,HOMS11.SA,HOMS11,131.1699981689453
2026-07-08,2026-06-08,FISC11.SA,FISC11,65.0
2026-07-08,2026-06-09,FISC11.SA,FISC11,65.0
2026-07-08,2026-06-10,FISC11.SA,FISC11,65.0
2026-07-08,2026-06-11,FISC11.SA,FISC11,65.0
2026-07-08,2026-06-12,FISC11.SA,FISC11,65.0
2026-07-08,2026-06-15,FISC11.SA,FISC11,65.0
2026-07-08,2026-06-16,FISC11.SA,FISC11,65.0
2026-07-08,2026-06-17,FISC11.SA,FISC11,65.0
2026-07-08,2026-06-18,FISC11.SA,FISC11,65.0
2026-07-08,2026-06-19,FISC11.SA,FISC11,65.0
2026-07-08,2026-06-22,FISC11.SA,FISC11,68.23999786376953
2026-07-08,2026-06-23,FISC11.SA,FISC11,68.25
2026-07-08,2026-06-24,FISC11.SA,FISC11,68.25
2026-07-08,2026-06-25,FISC11.SA,FISC11,68.25
2026-07-08,2026-06-26,FISC11.SA,FISC11,68.25
2026-07-08,2026-06-29,FISC11.SA,FISC11,68.25
2026-07-08,2026-06-30,FISC11.SA,FISC11,68.25
2026-07-08,2026-07-01,FISC11.SA,FISC11,68.25
2026-07-08,2026-07-02,FISC11.SA,FISC11,67.0
2026-07-08,2026-07-03,FISC11.SA,FISC11,67.0
2026-07-08,2026-07-06,FISC11.SA,FISC11,67.05000305175781
2026-07-08,2026-07-07,FISC11.SA,FISC11,67.05000305175781
2026-07-08,2026-06-08,SAIC11.SA,SAIC11,34.040000915527344
2026-07-08,2026-06-09,SAIC11.SA,SAIC11,34.040000915527344
2026-07-08,2026-06-10,SAIC11.SA,SAIC11,34.040000915527344
2026-07-08,2026-06-11,SAIC11.SA,SAIC11,34.040000915527344
2026-07-08,2026-06-12,SAIC11.SA,SAIC11,34.040000915527344
2026-07-08,2026-06-15,SAIC11.SA,SAIC11,34.040000915527344
2026-07-08,2026-06-16,SAIC11.SA,SAIC11,34.040000915527344
2026-07-08,2026-06-17,SAIC11.SA,SAIC11,34.040000915527344
2026-07-08,2026-06-18,SAIC11.SA,SAIC11,34.040000915527344
2026-07-08,2026-06-19,SAIC11.SA,SAIC11,34.040000915527344
2026-07-08,2026-06-22,SAIC11.SA,SAIC11,34.040000915527344
2026-07-08,2026-06-23,SAIC11.SA,SAIC11,34.040000915527344
2026-07-08,2026-06-24,SAIC11.SA,SAIC11,34.040000915527344
2026-07-08,2026-06-25,SAIC11.SA,SAIC11,34.040000915527344
2026-07-08,2026-06-26,SAIC11.SA,SAIC11,34.040000915527344
2026-07-08,2026-06-29,SAIC11.SA,SAIC11,34.040000915527344
2026-07-08,2026-06-30,SAIC11.SA,SAIC11,34.040000915527344
2026-07-08,2026-07-01,SAIC11.SA,SAIC11,34.040000915527344
2026-07-08,2026-07-02,SAIC11.SA,SAIC11,34.040000915527344
2026-07-08,2026-07-03,SAIC11.SA,SAIC11,34.040000915527344
2026-07-08,2026-07-06,SAIC11.SA,SAIC11,34.040000915527344
2026-07-08,2026-07-07,SAIC11.SA,SAIC11,34.040000915527344
2026-07-08,2026-06-08,SMRE11.SA,SMRE11,51.400001525878906
2026-07-08,2026-06-09,SMRE11.SA,SMRE11,54.0
2026-07-08,2026-06-10,SMRE11.SA,SMRE11,52.849998474121094
2026-07-08,2026-06-11,SMRE11.SA,SMRE11,52.709999084472656
2026-07-08,2026-06-12,SMRE11.SA,SMRE11,52.70000076293945
2026-07-08,2026-06-15,SMRE11.SA,SMRE11,52.77000045776367
2026-07-08,2026-06-16,SMRE11.SA,SMRE11,53.369998931884766
2026-07-08,2026-06-17,SMRE11.SA,SMRE11,52.209999084472656
2026-07-08,2026-06-18,SMRE11.SA,SMRE11,52.25
2026-07-08,2026-06-19,SMRE11.SA,SMRE11,52.65999984741211
2026-07-08,2026-06-22,SMRE11.SA,SMRE11,53.5
2026-07-08,2026-06-23,SMRE11.SA,SMRE11,51.22999954223633
2026-07-08,2026-06-24,SMRE11.SA,SMRE11,52.290000915527344
2026-07-08,2026-06-25,SMRE11.SA,SMRE11,52.29999923706055
2026-07-08,2026-06-26,SMRE11.SA,SMRE11,52.119998931884766
2026-07-08,2026-06-29,SMRE11.SA,SMRE11,52.709999084472656
2026-07-08,2026-06-30,SMRE11.SA,SMRE11,53.20000076293945
2026-07-08,2026-07-01,SMRE11.SA,SMRE11,52.349998474121094
2026-07-08,2026-07-02,SMRE11.SA,SMRE11,52.47999954223633
2026-07-08,2026-07-03,SMRE11.SA,SMRE11,52.5
2026-07-08,2026-07-06,SMRE11.SA,SMRE11,52.880001068115234
2026-07-08,2026-07-07,SMRE11.SA,SMRE11,52.400001525878906
2026-07-08,2026-06-12,SOFF11.SA,SOFF11,94.19999694824219
2026-07-08,2026-06-15,SOFF11.SA,SOFF11,94.19999694824219
2026-07-08,2026-06-16,SOFF11.SA,SOFF11,94.19999694824219
2026-07-08,2026-06-17,SOFF11.SA,SOFF11,94.19999694824219
2026-07-08,2026-06-18,SOFF11.SA,SOFF11,94.19999694824219
2026-07-08,2026-06-19,SOFF11.SA,SOFF11,94.19999694824219
2026-07-08,2026-06-22,SOFF11.SA,SOFF11,94.19999694824219
2026-07-08,2026-06-23,SOFF11.SA,SOFF11,94.19999694824219
2026-07-08,2026-06-24,SOFF11.SA,SOFF11,94.19999694824219
2026-07-08,2026-06-25,SOFF11.SA,SOFF11,94.19999694824219
2026-07-08,2026-06-26,SOFF11.SA,SOFF11,94.19999694824219
2026-07-08,2026-06-29,SOFF11.SA,SOFF11,94.19999694824219
2026-07-08,2026-06-30,SOFF11.SA,SOFF11,94.19999694824219
2026-07-08,2026-07-01,SOFF11.SA,SOFF11,94.19999694824219
2026-07-08,2026-07-02,SOFF11.SA,SOFF11,94.19999694824219
2026-07-08,2026-07-03,SOFF11.SA,SOFF11,94.19999694824219
2026-07-08,2026-07-06,SOFF11.SA,SOFF11,94.19999694824219
2026-07-08,2026-07-07,SOFF11.SA,SOFF11,94.19999694824219
2026-07-08,2026-06-08,TGAR11.SA,TGAR11,51.54999923706055
2026-07-08,2026-06-09,TGAR11.SA,TGAR11,53.540000915527344
2026-07-08,2026-06-10,TGAR11.SA,TGAR11,50.86000061035156
2026-07-08,2026-06-11,TGAR11.SA,TGAR11,53.56999969482422
2026-07-08,2026-06-12,TGAR11.SA,TGAR11,54.90999984741211
2026-07-08,2026-06-15,TGAR11.SA,TGAR11,53.66999816894531
2026-07-08,2026-06-16,TGAR11.SA,TGAR11,53.70000076293945
2026-07-08,2026-06-17,TGAR11.SA,TGAR11,52.5
2026-07-08,2026-06-18,TGAR11.SA,TGAR11,52.369998931884766
2026-07-08,2026-06-19,TGAR11.SA,TGAR11,52.470001220703125
2026-07-08,2026-06-22,TGAR11.SA,TGAR11,53.349998474121094
2026-07-08,2026-06-23,TGAR11.SA,TGAR11,52.459999084472656
2026-07-08,2026-06-24,TGAR11.SA,TGAR11,52.70000076293945
2026-07-08,2026-06-25,TGAR11.SA,TGAR11,54.5
2026-07-08,2026-06-26,TGAR11.SA,TGAR11,53.900001525878906
2026-07-08,2026-06-29,TGAR11.SA,TGAR11,53.91999816894531
2026-07-08,2026-06-30,TGAR11.SA,TGAR11,53.279998779296875
2026-07-08,2026-07-01,TGAR11.SA,TGAR11,53.099998474121094
2026-07-08,2026-07-02,TGAR11.SA,TGAR11,52.20000076293945
2026-07-08,2026-07-03,TGAR11.SA,TGAR11,52.04999923706055
2026-07-08,2026-07-06,TGAR11.SA,TGAR11,51.79999923706055
2026-07-08,2026-07-07,TGAR11.SA,TGAR11,51.459999084472656
2026-07-08,2026-06-08,TRCO11.SA,TRCO11,10.199999809265137
2026-07-08,2026-06-09,TRCO11.SA,TRCO11,10.199999809265137
2026-07-08,2026-06-10,TRCO11.SA,TRCO11,10.199999809265137
2026-07-08,2026-06-11,TRCO11.SA,TRCO11,10.199999809265137
2026-07-08,2026-06-12,TRCO11.SA,TRCO11,10.199999809265137
2026-07-08,2026-06-15,TRCO11.SA,TRCO11,10.199999809265137
2026-07-08,2026-06-16,TRCO11.SA,TRCO11,10.199999809265137
2026-07-08,2026-06-17,TRCO11.SA,TRCO11,10.199999809265137
2026-07-08,2026-06-18,TRCO11.SA,TRCO11,10.199999809265137
2026-07-08,2026-06-19,TRCO11.SA,TRCO11,10.199999809265137
2026-07-08,2026-06-22,TRCO11.SA,TRCO11,10.199999809265137
2026-07-08,2026-06-23,TRCO11.SA,TRCO11,10.199999809265137
2026-07-08,2026-06-24,TRCO11.SA,TRCO11,10.199999809265137
2026-07-08,2026-06-25,TRCO11.SA,TRCO11,10.199999809265137
2026-07-08,2026-06-26,TRCO11.SA,TRCO11,10.199999809265137
2026-07-08,2026-06-29,TRCO11.SA,TRCO11,10.199999809265137
2026-07-08,2026-06-30,TRCO11.SA,TRCO11,10.199999809265137
2026-07-08,2026-07-01,TRCO11.SA,TRCO11,10.199999809265137
2026-07-08,2026-07-02,TRCO11.SA,TRCO11,10.199999809265137
2026-07-08,2026-07-03,TRCO11.SA,TRCO11,10.199999809265137
2026-07-08,2026-07-06,TRCO11.SA,TRCO11,10.199999809265137
2026-07-08,2026-07-07,TRCO11.SA,TRCO11,10.199999809265137
2026-07-08,2026-06-08,TRUE11.SA,TRUE11,24.030000686645508
2026-07-08,2026-06-09,TRUE11.SA,TRUE11,24.010000228881836
2026-07-08,2026-06-10,TRUE11.SA,TRUE11,24.010000228881836
2026-07-08,2026-06-11,TRUE11.SA,TRUE11,23.56999969482422
2026-07-08,2026-06-12,TRUE11.SA,TRUE11,23.549999237060547
2026-07-08,2026-06-15,TRUE11.SA,TRUE11,23.889999389648438
2026-07-08,2026-06-16,TRUE11.SA,TRUE11,24.0
2026-07-08,2026-06-17,TRUE11.SA,TRUE11,24.329999923706055
2026-07-08,2026-06-18,TRUE11.SA,TRUE11,23.200000762939453
2026-07-08,2026-06-19,TRUE11.SA,TRUE11,24.350000381469727
2026-07-08,2026-06-22,TRUE11.SA,TRUE11,23.5
2026-07-08,2026-06-23,TRUE11.SA,TRUE11,23.700000762939453
2026-07-08,2026-06-24,TRUE11.SA,TRUE11,24.100000381469727
2026-07-08,2026-06-25,TRUE11.SA,TRUE11,24.299999237060547
2026-07-08,2026-06-26,TRUE11.SA,TRUE11,23.979999542236328
2026-07-08,2026-06-29,TRUE11.SA,TRUE11,23.450000762939453
2026-07-08,2026-06-30,TRUE11.SA,TRUE11,25.739999771118164
2026-07-08,2026-07-01,TRUE11.SA,TRUE11,25.010000228881836
2026-07-08,2026-07-02,TRUE11.SA,TRUE11,24.5
2026-07-08,2026-07-03,TRUE11.SA,TRUE11,24.0
2026-07-08,2026-07-06,TRUE11.SA,TRUE11,24.1200008392334
2026-07-08,2026-07-07,TRUE11.SA,TRUE11,23.899999618530273
2026-07-08,2026-06-08,LVBI11.SA,LVBI11,104.44999694824219
2026-07-08,2026-06-09,LVBI11.SA,LVBI11,104.0199966430664
2026-07-08,2026-06-10,LVBI11.SA,LVBI11,103.98999786376953
2026-07-08,2026-06-11,LVBI11.SA,LVBI11,105.0
2026-07-08,2026-06-12,LVBI11.SA,LVBI11,104.5
2026-07-08,2026-06-15,LVBI11.SA,LVBI11,104.80000305175781
2026-07-08,2026-06-16,LVBI11.SA,LVBI11,104.47000122070312
2026-07-08,2026-06-17,LVBI11.SA,LVBI11,104.31999969482422
2026-07-08,2026-06-18,LVBI11.SA,LVBI11,103.9000015258789
2026-07-08,2026-06-19,LVBI11.SA,LVBI11,103.87000274658203
2026-07-08,2026-06-22,LVBI11.SA,LVBI11,104.7300033569336
2026-07-08,2026-06-23,LVBI11.SA,LVBI11,103.01000213623047
2026-07-08,2026-06-24,LVBI11.SA,LVBI11,103.43000030517578
2026-07-08,2026-06-25,LVBI11.SA,LVBI11,103.01000213623047
2026-07-08,2026-06-26,LVBI11.SA,LVBI11,103.2699966430664
2026-07-08,2026-06-29,LVBI11.SA,LVBI11,103.94999694824219
2026-07-08,2026-06-30,LVBI11.SA,LVBI11,104.69999694824219
2026-07-08,2026-07-01,LVBI11.SA,LVBI11,103.41000366210938
2026-07-08,2026-07-02,LVBI11.SA,LVBI11,104.43000030517578
2026-07-08,2026-07-03,LVBI11.SA,LVBI11,103.62000274658203
2026-07-08,2026-07-06,LVBI11.SA,LVBI11,104.51000213623047
2026-07-08,2026-07-07,LVBI11.SA,LVBI11,103.23999786376953
2026-07-08,2026-06-08,PVBI11.SA,PVBI11,71.88999938964844
2026-07-08,2026-06-09,PVBI11.SA,PVBI11,72.5
2026-07-08,2026-06-10,PVBI11.SA,PVBI11,71.0
2026-07-08,2026-06-11,PVBI11.SA,PVBI11,72.20999908447266
2026-07-08,2026-06-12,PVBI11.SA,PVBI11,72.0
2026-07-08,2026-06-15,PVBI11.SA,PVBI11,72.98999786376953
2026-07-08,2026-06-16,PVBI11.SA,PVBI11,72.70999908447266
2026-07-08,2026-06-17,PVBI11.SA,PVBI11,72.41999816894531
2026-07-08,2026-06-18,PVBI11.SA,PVBI11,71.88999938964844
2026-07-08,2026-06-19,PVBI11.SA,PVBI11,73.69999694824219
2026-07-08,2026-06-22,PVBI11.SA,PVBI11,72.72000122070312
2026-07-08,2026-06-23,PVBI11.SA,PVBI11,72.0
2026-07-08,2026-06-24,PVBI11.SA,PVBI11,71.3499984741211
2026-07-08,2026-06-25,PVBI11.SA,PVBI11,72.18000030517578
2026-07-08,2026-06-26,PVBI11.SA,PVBI11,71.3499984741211
2026-07-08,2026-06-29,PVBI11.SA,PVBI11,71.55000305175781
2026-07-08,2026-06-30,PVBI11.SA,PVBI11,73.19999694824219
2026-07-08,2026-07-01,PVBI11.SA,PVBI11,71.44000244140625
2026-07-08,2026-07-02,PVBI11.SA,PVBI11,72.19000244140625
2026-07-08,2026-07-03,PVBI11.SA,PVBI11,73.48999786376953
2026-07-08,2026-07-06,PVBI11.SA,PVBI11,72.25
2026-07-08,2026-07-07,PVBI11.SA,PVBI11,72.05999755859375
2026-07-08,2026-06-08,VERE11.SA,VERE11,445.760009765625
2026-07-08,2026-06-09,VERE11.SA,VERE11,445.760009765625
2026-07-08,2026-06-10,VERE11.SA,VERE11,445.760009765625
2026-07-08,2026-06-11,VERE11.SA,VERE11,445.760009765625
2026-07-08,2026-06-12,VERE11.SA,VERE11,445.760009765625
2026-07-08,2026-06-15,VERE11.SA,VERE11,445.760009765625
2026-07-08,2026-06-16,VERE11.SA,VERE11,445.760009765625
2026-07-08,2026-06-17,VERE11.SA,VERE11,445.760009765625
2026-07-08,2026-06-18,VERE11.SA,VERE11,445.760009765625
2026-07-08,2026-06-19,VERE11.SA,VERE11,445.760009765625
2026-07-08,2026-06-22,VERE11.SA,VERE11,445.760009765625
2026-07-08,2026-06-23,VERE11.SA,VERE11,445.760009765625
2026-07-08,2026-06-24,VERE11.SA,VERE11,445.760009765625
2026-07-08,2026-06-25,VERE11.SA,VERE11,445.760009765625
2026-07-08,2026-06-26,VERE11.SA,VERE11,445.760009765625
2026-07-08,2026-06-29,VERE11.SA,VERE11,445.760009765625
2026-07-08,2026-06-30,VERE11.SA,VERE11,445.760009765625
2026-07-08,2026-07-01,VERE11.SA,VERE11,445.760009765625
2026-07-08,2026-07-02,VERE11.SA,VERE11,445.760009765625
2026-07-08,2026-07-03,VERE11.SA,VERE11,445.760009765625
2026-07-08,2026-07-06,VERE11.SA,VERE11,445.760009765625
2026-07-08,2026-07-07,VERE11.SA,VERE11,445.760009765625
2026-07-08,2026-06-08,FIVN11.SA,FIVN11,3.109999895095825
2026-07-08,2026-06-09,FIVN11.SA,FIVN11,3.490000009536743
2026-07-08,2026-06-10,FIVN11.SA,FIVN11,3.1700000762939453
2026-07-08,2026-06-11,FIVN11.SA,FIVN11,3.0799999237060547
2026-07-08,2026-06-12,FIVN11.SA,FIVN11,3.569999933242798
2026-07-08,2026-06-15,FIVN11.SA,FIVN11,3.4000000953674316
2026-07-08,2026-06-16,FIVN11.SA,FIVN11,3.200000047683716
2026-07-08,2026-06-17,FIVN11.SA,FIVN11,3.180000066757202
2026-07-08,2026-06-18,FIVN11.SA,FIVN11,3.109999895095825
2026-07-08,2026-06-19,FIVN11.SA,FIVN11,3.200000047683716
2026-07-08,2026-06-22,FIVN11.SA,FIVN11,3.5
2026-07-08,2026-06-23,FIVN11.SA,FIVN11,3.1700000762939453
2026-07-08,2026-06-24,FIVN11.SA,FIVN11,3.0
2026-07-08,2026-06-25,FIVN11.SA,FIVN11,3.119999885559082
2026-07-08,2026-06-26,FIVN11.SA,FIVN11,3.119999885559082
2026-07-08,2026-06-29,FIVN11.SA,FIVN11,3.1500000953674316
2026-07-08,2026-06-30,FIVN11.SA,FIVN11,3.0799999237060547
2026-07-08,2026-07-01,FIVN11.SA,FIVN11,3.119999885559082
2026-07-08,2026-07-02,FIVN11.SA,FIVN11,3.049999952316284
2026-07-08,2026-07-03,FIVN11.SA,FIVN11,3.0199999809265137
2026-07-08,2026-07-06,FIVN11.SA,FIVN11,2.9000000953674316
2026-07-08,2026-07-07,FIVN11.SA,FIVN11,3.0199999809265137
2026-07-08,2026-06-08,VSHO11.SA,VSHO11,74.0
2026-07-08,2026-06-09,VSHO11.SA,VSHO11,74.48999786376953
2026-07-08,2026-06-10,VSHO11.SA,VSHO11,72.12000274658203
2026-07-08,2026-06-11,VSHO11.SA,VSHO11,73.80000305175781
2026-07-08,2026-06-12,VSHO11.SA,VSHO11,74.5
2026-07-08,2026-06-15,VSHO11.SA,VSHO11,75.43000030517578
2026-07-08,2026-06-16,VSHO11.SA,VSHO11,74.5
2026-07-08,2026-06-17,VSHO11.SA,VSHO11,74.33000183105469
2026-07-08,2026-06-18,VSHO11.SA,VSHO11,74.45999908447266
2026-07-08,2026-06-19,VSHO11.SA,VSHO11,74.2699966430664
2026-07-08,2026-06-22,VSHO11.SA,VSHO11,75.48999786376953
2026-07-08,2026-06-23,VSHO11.SA,VSHO11,75.48999786376953
2026-07-08,2026-06-24,VSHO11.SA,VSHO11,75.0999984741211
2026-07-08,2026-06-25,VSHO11.SA,VSHO11,74.79000091552734
2026-07-08,2026-06-26,VSHO11.SA,VSHO11,73.79000091552734
2026-07-08,2026-06-29,VSHO11.SA,VSHO11,74.26000213623047
2026-07-08,2026-06-30,VSHO11.SA,VSHO11,76.18000030517578
2026-07-08,2026-07-01,VSHO11.SA,VSHO11,74.98999786376953
2026-07-08,2026-07-02,VSHO11.SA,VSHO11,74.69999694824219
2026-07-08,2026-07-03,VSHO11.SA,VSHO11,74.0199966430664
2026-07-08,2026-07-06,VSHO11.SA,VSHO11,74.93000030517578
2026-07-08,2026-07-07,VSHO11.SA,VSHO11,74.91000366210938
2026-07-08,2026-06-08,BMLT11.SA,BMLT11,109.0
2026-07-08,2026-06-09,BMLT11.SA,BMLT11,109.0
2026-07-08,2026-06-10,BMLT11.SA,BMLT11,109.0
2026-07-08,2026-06-11,BMLT11.SA,BMLT11,109.0
2026-07-08,2026-06-12,BMLT11.SA,BMLT11,109.0
2026-07-08,2026-06-15,BMLT11.SA,BMLT11,109.0
2026-07-08,2026-06-16,BMLT11.SA,BMLT11,109.0
2026-07-08,2026-06-17,BMLT11.SA,BMLT11,109.0
2026-07-08,2026-06-18,BMLT11.SA,BMLT11,109.0
2026-07-08,2026-06-19,BMLT11.SA,BMLT11,109.0
2026-07-08,2026-06-22,BMLT11.SA,BMLT11,109.0
2026-07-08,2026-06-23,BMLT11.SA,BMLT11,109.0
2026-07-08,2026-06-24,BMLT11.SA,BMLT11,109.0
2026-07-08,2026-06-25,BMLT11.SA,BMLT11,109.0
2026-07-08,2026-06-26,BMLT11.SA,BMLT11,109.0
2026-07-08,2026-06-29,BMLT11.SA,BMLT11,109.0
2026-07-08,2026-06-30,BMLT11.SA,BMLT11,109.0
2026-07-08,2026-07-01,BMLT11.SA,BMLT11,109.0
2026-07-08,2026-07-02,BMLT11.SA,BMLT11,109.0
2026-07-08,2026-07-03,BMLT11.SA,BMLT11,109.0
2026-07-08,2026-07-06,BMLT11.SA,BMLT11,109.0
2026-07-08,2026-07-07,BMLT11.SA,BMLT11,109.0
2026-07-08,2026-06-08,BSLT11.SA,BSLT11,69.9000015258789
2026-07-08,2026-06-09,BSLT11.SA,BSLT11,73.30000305175781
2026-07-08,2026-06-10,BSLT11.SA,BSLT11,71.98999786376953
2026-07-08,2026-06-11,BSLT11.SA,BSLT11,70.41000366210938
2026-07-08,2026-06-12,BSLT11.SA,BSLT11,70.4000015258789
2026-07-08,2026-06-15,BSLT11.SA,BSLT11,74.23999786376953
2026-07-08,2026-06-16,BSLT11.SA,BSLT11,70.75
2026-07-08,2026-06-17,BSLT11.SA,BSLT11,73.25
2026-07-08,2026-06-18,BSLT11.SA,BSLT11,69.23999786376953
2026-07-08,2026-06-19,BSLT11.SA,BSLT11,69.20999908447266
2026-07-08,2026-06-22,BSLT11.SA,BSLT11,74.23999786376953
2026-07-08,2026-06-23,BSLT11.SA,BSLT11,69.80000305175781
2026-07-08,2026-06-24,BSLT11.SA,BSLT11,70.66999816894531
2026-07-08,2026-06-25,BSLT11.SA,BSLT11,70.1500015258789
2026-07-08,2026-06-26,BSLT11.SA,BSLT11,69.16999816894531
2026-07-08,2026-06-29,BSLT11.SA,BSLT11,69.27999877929688
2026-07-08,2026-06-30,BSLT11.SA,BSLT11,75.7699966430664
2026-07-08,2026-07-01,BSLT11.SA,BSLT11,69.31999969482422
2026-07-08,2026-07-02,BSLT11.SA,BSLT11,68.54000091552734
2026-07-08,2026-07-03,BSLT11.SA,BSLT11,68.37999725341797
2026-07-08,2026-07-06,BSLT11.SA,BSLT11,67.4000015258789
2026-07-08,2026-07-07,BSLT11.SA,BSLT11,70.04000091552734
2026-07-08,2026-06-08,GCDL11.SA,GCDL11,123.25
2026-07-08,2026-06-09,GCDL11.SA,GCDL11,123.31999969482422
2026-07-08,2026-06-10,GCDL11.SA,GCDL11,123.31999969482422
2026-07-08,2026-06-11,GCDL11.SA,GCDL11,123.31999969482422
2026-07-08,2026-06-12,GCDL11.SA,GCDL11,123.52999877929688
2026-07-08,2026-06-15,GCDL11.SA,GCDL11,123.5999984741211
2026-07-08,2026-06-16,GCDL11.SA,GCDL11,123.66999816894531
2026-07-08,2026-06-17,GCDL11.SA,GCDL11,123.66999816894531
2026-07-08,2026-06-18,GCDL11.SA,GCDL11,123.80999755859375
2026-07-08,2026-06-19,GCDL11.SA,GCDL11,123.87999725341797
2026-07-08,2026-06-22,GCDL11.SA,GCDL11,123.94999694824219
2026-07-08,2026-06-23,GCDL11.SA,GCDL11,124.0199966430664
2026-07-08,2026-06-24,GCDL11.SA,GCDL11,124.0199966430664
2026-07-08,2026-06-25,GCDL11.SA,GCDL11,124.16000366210938
2026-07-08,2026-06-26,GCDL11.SA,GCDL11,124.16000366210938
2026-07-08,2026-06-29,GCDL11.SA,GCDL11,124.16000366210938
2026-07-08,2026-06-30,GCDL11.SA,GCDL11,124.37000274658203
2026-07-08,2026-07-01,GCDL11.SA,GCDL11,124.44000244140625
2026-07-08,2026-07-02,GCDL11.SA,GCDL11,124.5
2026-07-08,2026-07-03,GCDL11.SA,GCDL11,124.56999969482422
2026-07-08,2026-07-06,GCDL11.SA,GCDL11,124.56999969482422
2026-07-08,2026-07-07,GCDL11.SA,GCDL11,124.56999969482422
2026-07-08,2026-06-08,GSRF11.SA,GSRF11,111.98999786376953
2026-07-08,2026-06-09,GSRF11.SA,GSRF11,111.98999786376953
2026-07-08,2026-06-10,GSRF11.SA,GSRF11,111.98999786376953
2026-07-08,2026-06-11,GSRF11.SA,GSRF11,112.37999725341797
2026-07-08,2026-06-12,GSRF11.SA,GSRF11,112.45999908447266
2026-07-08,2026-06-15,GSRF11.SA,GSRF11,112.54000091552734
2026-07-08,2026-06-16,GSRF11.SA,GSRF11,112.62000274658203
2026-07-08,2026-06-17,GSRF11.SA,GSRF11,112.62000274658203
2026-07-08,2026-06-18,GSRF11.SA,GSRF11,112.62000274658203
2026-07-08,2026-06-19,GSRF11.SA,GSRF11,112.8499984741211
2026-07-08,2026-06-22,GSRF11.SA,GSRF11,112.93000030517578
2026-07-08,2026-06-23,GSRF11.SA,GSRF11,112.93000030517578
2026-07-08,2026-06-24,GSRF11.SA,GSRF11,113.08999633789062
2026-07-08,2026-06-25,GSRF11.SA,GSRF11,113.16999816894531
2026-07-08,2026-06-26,GSRF11.SA,GSRF11,113.25
2026-07-08,2026-06-29,GSRF11.SA,GSRF11,113.25
2026-07-08,2026-06-30,GSRF11.SA,GSRF11,113.4000015258789
2026-07-08,2026-07-01,GSRF11.SA,GSRF11,113.4000015258789
2026-07-08,2026-07-02,GSRF11.SA,GSRF11,113.55999755859375
2026-07-08,2026-07-03,GSRF11.SA,GSRF11,113.63999938964844
2026-07-08,2026-07-06,GSRF11.SA,GSRF11,113.63999938964844
2026-07-08,2026-07-07,GSRF11.SA,GSRF11,113.63999938964844
2026-07-08,2026-06-08,GFDL11.SA,GFDL11,116.18000030517578
2026-07-08,2026-06-09,GFDL11.SA,GFDL11,116.18000030517578
2026-07-08,2026-06-10,GFDL11.SA,GFDL11,116.18000030517578
2026-07-08,2026-06-11,GFDL11.SA,GFDL11,116.18000030517578
2026-07-08,2026-06-12,GFDL11.SA,GFDL11,116.18000030517578
2026-07-08,2026-06-15,GFDL11.SA,GFDL11,116.77999877929688
2026-07-08,2026-06-16,GFDL11.SA,GFDL11,116.8499984741211
2026-07-08,2026-06-17,GFDL11.SA,GFDL11,116.8499984741211
2026-07-08,2026-06-18,GFDL11.SA,GFDL11,116.98999786376953
2026-07-08,2026-06-19,GFDL11.SA,GFDL11,117.05000305175781
2026-07-08,2026-06-22,GFDL11.SA,GFDL11,117.12000274658203
2026-07-08,2026-06-23,GFDL11.SA,GFDL11,117.19000244140625
2026-07-08,2026-06-24,GFDL11.SA,GFDL11,117.19000244140625
2026-07-08,2026-06-25,GFDL11.SA,GFDL11,117.33000183105469
2026-07-08,2026-06-26,GFDL11.SA,GFDL11,117.33000183105469
2026-07-08,2026-06-29,GFDL11.SA,GFDL11,117.33000183105469
2026-07-08,2026-06-30,GFDL11.SA,GFDL11,117.52999877929688
2026-07-08,2026-07-01,GFDL11.SA,GFDL11,117.5999984741211
2026-07-08,2026-07-02,GFDL11.SA,GFDL11,117.66999816894531
2026-07-08,2026-07-03,GFDL11.SA,GFDL11,117.73999786376953
2026-07-08,2026-07-06,GFDL11.SA,GFDL11,117.73999786376953
2026-07-08,2026-07-07,GFDL11.SA,GFDL11,117.73999786376953
2026-07-08,2026-06-08,GLPF11.SA,GLPF11,108.56999969482422
2026-07-08,2026-06-09,GLPF11.SA,GLPF11,108.56999969482422
2026-07-08,2026-06-10,GLPF11.SA,GLPF11,108.56999969482422
2026-07-08,2026-06-11,GLPF11.SA,GLPF11,108.56999969482422
2026-07-08,2026-06-12,GLPF11.SA,GLPF11,107.37000274658203
2026-07-08,2026-06-15,GLPF11.SA,GLPF11,107.44000244140625
2026-07-08,2026-06-16,GLPF11.SA,GLPF11,107.51000213623047
2026-07-08,2026-06-17,GLPF11.SA,GLPF11,107.51000213623047
2026-07-08,2026-06-18,GLPF11.SA,GLPF11,107.6500015258789
2026-07-08,2026-06-19,GLPF11.SA,GLPF11,107.72000122070312
2026-07-08,2026-06-22,GLPF11.SA,GLPF11,107.72000122070312
2026-07-08,2026-06-23,GLPF11.SA,GLPF11,107.86000061035156
2026-07-08,2026-06-24,GLPF11.SA,GLPF11,107.86000061035156
2026-07-08,2026-06-25,GLPF11.SA,GLPF11,108.0
2026-07-08,2026-06-26,GLPF11.SA,GLPF11,108.0
2026-07-08,2026-06-29,GLPF11.SA,GLPF11,108.0
2026-07-08,2026-06-30,GLPF11.SA,GLPF11,108.20999908447266
2026-07-08,2026-07-01,GLPF11.SA,GLPF11,108.27999877929688
2026-07-08,2026-07-02,GLPF11.SA,GLPF11,108.3499984741211
2026-07-08,2026-07-03,GLPF11.SA,GLPF11,108.41999816894531
2026-07-08,2026-07-06,GLPF11.SA,GLPF11,108.5
2026-07-08,2026-07-07,GLPF11.SA,GLPF11,110.44000244140625
2026-07-08,2026-06-08,GLCR11.SA,GLCR11,100.0
2026-07-08,2026-06-09,GLCR11.SA,GLCR11,100.0
2026-07-08,2026-06-10,GLCR11.SA,GLCR11,100.0
2026-07-08,2026-06-11,GLCR11.SA,GLCR11,100.0
2026-07-08,2026-06-12,GLCR11.SA,GLCR11,100.0
2026-07-08,2026-06-15,GLCR11.SA,GLCR11,100.0
2026-07-08,2026-06-16,GLCR11.SA,GLCR11,100.0
2026-07-08,2026-06-17,GLCR11.SA,GLCR11,100.0
2026-07-08,2026-06-18,GLCR11.SA,GLCR11,100.0
2026-07-08,2026-06-19,GLCR11.SA,GLCR11,100.0
2026-07-08,2026-06-22,GLCR11.SA,GLCR11,100.0
2026-07-08,2026-06-23,GLCR11.SA,GLCR11,100.0
2026-07-08,2026-06-24,GLCR11.SA,GLCR11,100.0
2026-07-08,2026-06-25,GLCR11.SA,GLCR11,100.0
2026-07-08,2026-06-26,GLCR11.SA,GLCR11,100.0
2026-07-08,2026-06-29,GLCR11.SA,GLCR11,100.0
2026-07-08,2026-06-30,GLCR11.SA,GLCR11,100.0
2026-07-08,2026-07-01,GLCR11.SA,GLCR11,100.0
2026-07-08,2026-07-02,GLCR11.SA,GLCR11,100.0
2026-07-08,2026-07-03,GLCR11.SA,GLCR11,100.0
2026-07-08,2026-07-06,GLCR11.SA,GLCR11,100.0
2026-07-08,2026-07-07,GLCR11.SA,GLCR11,100.0
2026-07-08,2026-06-08,GCRI11.SA,GCRI11,67.79000091552734
2026-07-08,2026-06-09,GCRI11.SA,GCRI11,67.5
2026-07-08,2026-06-10,GCRI11.SA,GCRI11,67.5
2026-07-08,2026-06-11,GCRI11.SA,GCRI11,67.83000183105469
2026-07-08,2026-06-12,GCRI11.SA,GCRI11,68.38999938964844
2026-07-08,2026-06-15,GCRI11.SA,GCRI11,67.98999786376953
2026-07-08,2026-06-16,GCRI11.SA,GCRI11,67.44000244140625
2026-07-08,2026-06-17,GCRI11.SA,GCRI11,66.4000015258789
2026-07-08,2026-06-18,GCRI11.SA,GCRI11,68.5
2026-07-08,2026-06-19,GCRI11.SA,GCRI11,68.47000122070312
2026-07-08,2026-06-22,GCRI11.SA,GCRI11,67.79000091552734
2026-07-08,2026-06-23,GCRI11.SA,GCRI11,67.41999816894531
2026-07-08,2026-06-24,GCRI11.SA,GCRI11,67.58999633789062
2026-07-08,2026-06-25,GCRI11.SA,GCRI11,66.5199966430664
2026-07-08,2026-06-26,GCRI11.SA,GCRI11,66.0999984741211
2026-07-08,2026-06-29,GCRI11.SA,GCRI11,66.48999786376953
2026-07-08,2026-06-30,GCRI11.SA,GCRI11,67.98999786376953
2026-07-08,2026-07-01,GCRI11.SA,GCRI11,67.68000030517578
2026-07-08,2026-07-02,GCRI11.SA,GCRI11,67.5999984741211
2026-07-08,2026-07-03,GCRI11.SA,GCRI11,68.47000122070312
2026-07-08,2026-07-06,GCRI11.SA,GCRI11,68.44999694824219
2026-07-08,2026-07-07,GCRI11.SA,GCRI11,67.58000183105469
2026-07-08,2026-06-08,GCOI11.SA,GCOI11,72.87000274658203
2026-07-08,2026-06-09,GCOI11.SA,GCOI11,72.87000274658203
2026-07-08,2026-06-10,GCOI11.SA,GCOI11,72.87000274658203
2026-07-08,2026-06-11,GCOI11.SA,GCOI11,72.87000274658203
2026-07-08,2026-06-12,GCOI11.SA,GCOI11,72.87000274658203
2026-07-08,2026-06-15,GCOI11.SA,GCOI11,72.87000274658203
2026-07-08,2026-06-16,GCOI11.SA,GCOI11,72.87000274658203
2026-07-08,2026-06-17,GCOI11.SA,GCOI11,72.87000274658203
2026-07-08,2026-06-18,GCOI11.SA,GCOI11,72.87000274658203
2026-07-08,2026-06-19,GCOI11.SA,GCOI11,72.87000274658203
2026-07-08,2026-06-22,GCOI11.SA,GCOI11,72.87000274658203
2026-07-08,2026-06-23,GCOI11.SA,GCOI11,72.87000274658203
2026-07-08,2026-06-24,GCOI11.SA,GCOI11,72.87000274658203
2026-07-08,2026-06-25,GCOI11.SA,GCOI11,72.87000274658203
2026-07-08,2026-06-26,GCOI11.SA,GCOI11,72.87000274658203
2026-07-08,2026-06-29,GCOI11.SA,GCOI11,72.87000274658203
2026-07-08,2026-06-30,GCOI11.SA,GCOI11,72.87000274658203
2026-07-08,2026-07-01,GCOI11.SA,GCOI11,72.87000274658203
2026-07-08,2026-07-02,GCOI11.SA,GCOI11,72.87000274658203
2026-07-08,2026-07-03,GCOI11.SA,GCOI11,72.87000274658203
2026-07-08,2026-07-06,GCOI11.SA,GCOI11,72.87000274658203
2026-07-08,2026-07-07,GCOI11.SA,GCOI11,72.87000274658203
2026-07-08,2026-06-08,GZIT11.SA,GZIT11,41.5
2026-07-08,2026-06-09,GZIT11.SA,GZIT11,41.400001525878906
2026-07-08,2026-06-10,GZIT11.SA,GZIT11,41.66999816894531
2026-07-08,2026-06-11,GZIT11.SA,GZIT11,41.02000045776367
2026-07-08,2026-06-12,GZIT11.SA,GZIT11,41.689998626708984
2026-07-08,2026-06-15,GZIT11.SA,GZIT11,41.2599983215332
2026-07-08,2026-06-16,GZIT11.SA,GZIT11,41.400001525878906
2026-07-08,2026-06-17,GZIT11.SA,GZIT11,41.400001525878906
2026-07-08,2026-06-18,GZIT11.SA,GZIT11,41.66999816894531
2026-07-08,2026-06-19,GZIT11.SA,GZIT11,41.779998779296875
2026-07-08,2026-06-22,GZIT11.SA,GZIT11,41.63999938964844
2026-07-08,2026-06-23,GZIT11.SA,GZIT11,41.68000030517578
2026-07-08,2026-06-24,GZIT11.SA,GZIT11,41.599998474121094
2026-07-08,2026-06-25,GZIT11.SA,GZIT11,41.810001373291016
2026-07-08,2026-06-26,GZIT11.SA,GZIT11,41.22999954223633
2026-07-08,2026-06-29,GZIT11.SA,GZIT11,41.279998779296875
2026-07-08,2026-06-30,GZIT11.SA,GZIT11,41.5
2026-07-08,2026-07-01,GZIT11.SA,GZIT11,41.84000015258789
2026-07-08,2026-07-02,GZIT11.SA,GZIT11,42.099998474121094
2026-07-08,2026-07-03,GZIT11.SA,GZIT11,42.4900016784668
2026-07-08,2026-07-06,GZIT11.SA,GZIT11,42.97999954223633
2026-07-08,2026-07-07,GZIT11.SA,GZIT11,43.099998474121094
2026-07-08,2026-06-08,FIGS11.SA,FIGS11,48.77000045776367
2026-07-08,2026-06-09,FIGS11.SA,FIGS11,49.220001220703125
2026-07-08,2026-06-10,FIGS11.SA,FIGS11,48.29999923706055
2026-07-08,2026-06-11,FIGS11.SA,FIGS11,49.08000183105469
2026-07-08,2026-06-12,FIGS11.SA,FIGS11,48.9900016784668
2026-07-08,2026-06-15,FIGS11.SA,FIGS11,48.9900016784668
2026-07-08,2026-06-16,FIGS11.SA,FIGS11,49.0
2026-07-08,2026-06-17,FIGS11.SA,FIGS11,48.59000015258789
2026-07-08,2026-06-18,FIGS11.SA,FIGS11,49.09000015258789
2026-07-08,2026-06-19,FIGS11.SA,FIGS11,49.38999938964844
2026-07-08,2026-06-22,FIGS11.SA,FIGS11,49.599998474121094
2026-07-08,2026-06-23,FIGS11.SA,FIGS11,49.68000030517578
2026-07-08,2026-06-24,FIGS11.SA,FIGS11,49.61000061035156
2026-07-08,2026-06-25,FIGS11.SA,FIGS11,49.22999954223633
2026-07-08,2026-06-26,FIGS11.SA,FIGS11,49.20000076293945
2026-07-08,2026-06-29,FIGS11.SA,FIGS11,49.720001220703125
2026-07-08,2026-06-30,FIGS11.SA,FIGS11,49.93000030517578
2026-07-08,2026-07-01,FIGS11.SA,FIGS11,49.81999969482422
2026-07-08,2026-07-02,FIGS11.SA,FIGS11,50.119998931884766
2026-07-08,2026-07-03,FIGS11.SA,FIGS11,50.11000061035156
2026-07-08,2026-07-06,FIGS11.SA,FIGS11,50.11000061035156
2026-07-08,2026-07-07,FIGS11.SA,FIGS11,49.09000015258789
2026-07-08,2026-06-08,GSFI11.SA,GSFI11,11.390000343322754
2026-07-08,2026-06-09,GSFI11.SA,GSFI11,11.399999618530273
2026-07-08,2026-06-10,GSFI11.SA,GSFI11,11.3100004196167
2026-07-08,2026-06-11,GSFI11.SA,GSFI11,11.399999618530273
2026-07-08,2026-06-12,GSFI11.SA,GSFI11,11.399999618530273
2026-07-08,2026-06-15,GSFI11.SA,GSFI11,11.390000343322754
2026-07-08,2026-06-16,GSFI11.SA,GSFI11,11.390000343322754
2026-07-08,2026-06-17,GSFI11.SA,GSFI11,11.34000015258789
2026-07-08,2026-06-18,GSFI11.SA,GSFI11,11.4399995803833
2026-07-08,2026-06-19,GSFI11.SA,GSFI11,11.4399995803833
2026-07-08,2026-06-22,GSFI11.SA,GSFI11,11.449999809265137
2026-07-08,2026-06-23,GSFI11.SA,GSFI11,11.420000076293945
2026-07-08,2026-06-24,GSFI11.SA,GSFI11,11.430000305175781
2026-07-08,2026-06-25,GSFI11.SA,GSFI11,11.420000076293945
2026-07-08,2026-06-26,GSFI11.SA,GSFI11,11.420000076293945
2026-07-08,2026-06-29,GSFI11.SA,GSFI11,11.470000267028809
2026-07-08,2026-06-30,GSFI11.SA,GSFI11,11.4399995803833
2026-07-08,2026-07-01,GSFI11.SA,GSFI11,11.319999694824219
2026-07-08,2026-07-02,GSFI11.SA,GSFI11,11.199999809265137
2026-07-08,2026-07-03,GSFI11.SA,GSFI11,11.199999809265137
2026-07-08,2026-07-06,GSFI11.SA,GSFI11,11.199999809265137
2026-07-08,2026-07-07,GSFI11.SA,GSFI11,11.199999809265137
2026-07-08,2026-06-08,VXXV11.SA,VXXV11,762.0
2026-07-08,2026-06-09,VXXV11.SA,VXXV11,762.0
2026-07-08,2026-06-10,VXXV11.SA,VXXV11,762.0
2026-07-08,2026-06-11,VXXV11.SA,VXXV11,763.0
2026-07-08,2026-06-12,VXXV11.SA,VXXV11,763.0
2026-07-08,2026-06-15,VXXV11.SA,VXXV11,764.0
2026-07-08,2026-06-16,VXXV11.SA,VXXV11,765.0
2026-07-08,2026-06-17,VXXV11.SA,VXXV11,765.0
2026-07-08,2026-06-18,VXXV11.SA,VXXV11,765.0
2026-07-08,2026-06-19,VXXV11.SA,VXXV11,765.0
2026-07-08,2026-06-22,VXXV11.SA,VXXV11,766.0
2026-07-08,2026-06-23,VXXV11.SA,VXXV11,766.0
2026-07-08,2026-06-24,VXXV11.SA,VXXV11,766.0
2026-07-08,2026-06-25,VXXV11.SA,VXXV11,767.0
2026-07-08,2026-06-26,VXXV11.SA,VXXV11,767.0
2026-07-08,2026-06-29,VXXV11.SA,VXXV11,777.6199951171875
2026-07-08,2026-06-30,VXXV11.SA,VXXV11,777.6199951171875
2026-07-08,2026-07-01,VXXV11.SA,VXXV11,777.6199951171875
2026-07-08,2026-07-02,VXXV11.SA,VXXV11,777.6199951171875
2026-07-08,2026-07-03,VXXV11.SA,VXXV11,777.6199951171875
2026-07-08,2026-07-06,VXXV11.SA,VXXV11,777.6199951171875
2026-07-08,2026-07-07,VXXV11.SA,VXXV11,777.6199951171875
2026-07-08,2026-06-08,GLOG11.SA,GLOG11,73.48999786376953
2026-07-08,2026-06-09,GLOG11.SA,GLOG11,74.94999694824219
2026-07-08,2026-06-10,GLOG11.SA,GLOG11,73.81999969482422
2026-07-08,2026-06-11,GLOG11.SA,GLOG11,74.0
2026-07-08,2026-06-12,GLOG11.SA,GLOG11,75.0
2026-07-08,2026-06-15,GLOG11.SA,GLOG11,75.0
2026-07-08,2026-06-16,GLOG11.SA,GLOG11,75.0
2026-07-08,2026-06-17,GLOG11.SA,GLOG11,75.0
2026-07-08,2026-06-18,GLOG11.SA,GLOG11,75.0
2026-07-08,2026-06-19,GLOG11.SA,GLOG11,75.0
2026-07-08,2026-06-22,GLOG11.SA,GLOG11,75.0
2026-07-08,2026-06-23,GLOG11.SA,GLOG11,75.0
2026-07-08,2026-06-24,GLOG11.SA,GLOG11,75.0
2026-07-08,2026-06-25,GLOG11.SA,GLOG11,75.0
2026-07-08,2026-06-26,GLOG11.SA,GLOG11,75.0
2026-07-08,2026-06-29,GLOG11.SA,GLOG11,75.0
2026-07-08,2026-06-30,GLOG11.SA,GLOG11,75.0
2026-07-08,2026-07-01,GLOG11.SA,GLOG11,75.0
2026-07-08,2026-07-02,GLOG11.SA,GLOG11,75.0
2026-07-08,2026-07-03,GLOG11.SA,GLOG11,75.0
2026-07-08,2026-07-06,GLOG11.SA,GLOG11,75.0
2026-07-08,2026-07-07,GLOG11.SA,GLOG11,75.0
2026-07-08,2026-06-08,ABCP11.SA,ABCP11,76.05000305175781
2026-07-08,2026-06-09,ABCP11.SA,ABCP11,75.66000366210938
2026-07-08,2026-06-10,ABCP11.SA,ABCP11,75.69000244140625
2026-07-08,2026-06-11,ABCP11.SA,ABCP11,75.4000015258789
2026-07-08,2026-06-12,ABCP11.SA,ABCP11,75.25
2026-07-08,2026-06-15,ABCP11.SA,ABCP11,75.01000213623047
2026-07-08,2026-06-16,ABCP11.SA,ABCP11,74.80999755859375
2026-07-08,2026-06-17,ABCP11.SA,ABCP11,74.80000305175781
2026-07-08,2026-06-18,ABCP11.SA,ABCP11,73.05000305175781
2026-07-08,2026-06-19,ABCP11.SA,ABCP11,73.01000213623047
2026-07-08,2026-06-22,ABCP11.SA,ABCP11,73.01000213623047
2026-07-08,2026-06-23,ABCP11.SA,ABCP11,72.02999877929688
2026-07-08,2026-06-24,ABCP11.SA,ABCP11,72.9000015258789
2026-07-08,2026-06-25,ABCP11.SA,ABCP11,72.66000366210938
2026-07-08,2026-06-26,ABCP11.SA,ABCP11,72.01000213623047
2026-07-08,2026-06-29,ABCP11.SA,ABCP11,72.33000183105469
2026-07-08,2026-06-30,ABCP11.SA,ABCP11,77.0
2026-07-08,2026-07-01,ABCP11.SA,ABCP11,74.66000366210938
2026-07-08,2026-07-02,ABCP11.SA,ABCP11,73.66000366210938
2026-07-08,2026-07-03,ABCP11.SA,ABCP11,74.55000305175781
2026-07-08,2026-07-06,ABCP11.SA,ABCP11,73.44999694824219
2026-07-08,2026-07-07,ABCP11.SA,ABCP11,71.33000183105469
2026-07-08,2026-06-08,RCFA11.SA,RCFA11,0.9399999976158142
2026-07-08,2026-06-09,RCFA11.SA,RCFA11,0.9200000166893005
2026-07-08,2026-06-10,RCFA11.SA,RCFA11,0.9200000166893005
2026-07-08,2026-06-11,RCFA11.SA,RCFA11,0.8999999761581421
2026-07-08,2026-06-12,RCFA11.SA,RCFA11,0.8999999761581421
2026-07-08,2026-06-15,RCFA11.SA,RCFA11,0.8999999761581421
2026-07-08,2026-06-16,RCFA11.SA,RCFA11,0.8999999761581421
2026-07-08,2026-06-17,RCFA11.SA,RCFA11,0.8999999761581421
2026-07-08,2026-06-18,RCFA11.SA,RCFA11,0.8999999761581421
2026-07-08,2026-06-19,RCFA11.SA,RCFA11,0.8999999761581421
2026-07-08,2026-06-22,RCFA11.SA,RCFA11,0.8999999761581421
2026-07-08,2026-06-23,RCFA11.SA,RCFA11,0.8999999761581421
2026-07-08,2026-06-24,RCFA11.SA,RCFA11,0.8999999761581421
2026-07-08,2026-06-25,RCFA11.SA,RCFA11,0.8999999761581421
2026-07-08,2026-06-26,RCFA11.SA,RCFA11,0.8999999761581421
2026-07-08,2026-06-29,RCFA11.SA,RCFA11,0.8999999761581421
2026-07-08,2026-06-30,RCFA11.SA,RCFA11,0.8999999761581421
2026-07-08,2026-07-01,RCFA11.SA,RCFA11,0.8999999761581421
2026-07-08,2026-07-02,RCFA11.SA,RCFA11,0.8600000143051147
2026-07-08,2026-07-03,RCFA11.SA,RCFA11,0.8600000143051147
2026-07-08,2026-07-06,RCFA11.SA,RCFA11,0.8600000143051147
2026-07-08,2026-07-07,RCFA11.SA,RCFA11,0.8600000143051147
2026-07-08,2026-06-08,GAME11.SA,GAME11,8.869999885559082
2026-07-08,2026-06-09,GAME11.SA,GAME11,8.770000457763672
2026-07-08,2026-06-10,GAME11.SA,GAME11,8.9399995803833
2026-07-08,2026-06-11,GAME11.SA,GAME11,8.789999961853027
2026-07-08,2026-06-12,GAME11.SA,GAME11,8.800000190734863
2026-07-08,2026-06-15,GAME11.SA,GAME11,8.8100004196167
2026-07-08,2026-06-16,GAME11.SA,GAME11,8.829999923706055
2026-07-08,2026-06-17,GAME11.SA,GAME11,8.84000015258789
2026-07-08,2026-06-18,GAME11.SA,GAME11,8.850000381469727
2026-07-08,2026-06-19,GAME11.SA,GAME11,8.789999961853027
2026-07-08,2026-06-22,GAME11.SA,GAME11,8.829999923706055
2026-07-08,2026-06-23,GAME11.SA,GAME11,8.760000228881836
2026-07-08,2026-06-24,GAME11.SA,GAME11,8.770000457763672
2026-07-08,2026-06-25,GAME11.SA,GAME11,8.699999809265137
2026-07-08,2026-06-26,GAME11.SA,GAME11,8.770000457763672
2026-07-08,2026-06-29,GAME11.SA,GAME11,8.84000015258789
2026-07-08,2026-06-30,GAME11.SA,GAME11,8.850000381469727
2026-07-08,2026-07-01,GAME11.SA,GAME11,8.850000381469727
2026-07-08,2026-07-02,GAME11.SA,GAME11,8.75
2026-07-08,2026-07-03,GAME11.SA,GAME11,8.640000343322754
2026-07-08,2026-07-06,GAME11.SA,GAME11,8.600000381469727
2026-07-08,2026-07-07,GAME11.SA,GAME11,8.600000381469727
2026-07-08,2026-06-08,GARE11.SA,GARE11,8.239999771118164
2026-07-08,2026-06-09,GARE11.SA,GARE11,8.220000267028809
2026-07-08,2026-06-10,GARE11.SA,GARE11,8.1899995803833
2026-07-08,2026-06-11,GARE11.SA,GARE11,8.180000305175781
2026-07-08,2026-06-12,GARE11.SA,GARE11,8.140000343322754
2026-07-08,2026-06-15,GARE11.SA,GARE11,8.149999618530273
2026-07-08,2026-06-16,GARE11.SA,GARE11,8.130000114440918
2026-07-08,2026-06-17,GARE11.SA,GARE11,8.119999885559082
2026-07-08,2026-06-18,GARE11.SA,GARE11,8.140000343322754
2026-07-08,2026-06-19,GARE11.SA,GARE11,8.149999618530273
2026-07-08,2026-06-22,GARE11.SA,GARE11,8.130000114440918
2026-07-08,2026-06-23,GARE11.SA,GARE11,8.140000343322754
2026-07-08,2026-06-24,GARE11.SA,GARE11,8.149999618530273
2026-07-08,2026-06-25,GARE11.SA,GARE11,8.130000114440918
2026-07-08,2026-06-26,GARE11.SA,GARE11,8.130000114440918
2026-07-08,2026-06-29,GARE11.SA,GARE11,8.15999984741211
2026-07-08,2026-06-30,GARE11.SA,GARE11,8.170000076293945
2026-07-08,2026-07-01,GARE11.SA,GARE11,8.130000114440918
2026-07-08,2026-07-02,GARE11.SA,GARE11,8.15999984741211
2026-07-08,2026-07-03,GARE11.SA,GARE11,8.140000343322754
2026-07-08,2026-07-06,GARE11.SA,GARE11,8.119999885559082
2026-07-08,2026-07-07,GARE11.SA,GARE11,8.09000015258789
2026-07-08,2026-06-08,HABT11.SA,HABT11,69.29000091552734
2026-07-08,2026-06-09,HABT11.SA,HABT11,68.97000122070312
2026-07-08,2026-06-10,HABT11.SA,HABT11,68.94000244140625
2026-07-08,2026-06-11,HABT11.SA,HABT11,68.91999816894531
2026-07-08,2026-06-12,HABT11.SA,HABT11,69.87999725341797
2026-07-08,2026-06-15,HABT11.SA,HABT11,70.16999816894531
2026-07-08,2026-06-16,HABT11.SA,HABT11,70.88999938964844
2026-07-08,2026-06-17,HABT11.SA,HABT11,71.0
2026-07-08,2026-06-18,HABT11.SA,HABT11,71.2699966430664
2026-07-08,2026-06-19,HABT11.SA,HABT11,71.1500015258789
2026-07-08,2026-06-22,HABT11.SA,HABT11,71.81999969482422
2026-07-08,2026-06-23,HABT11.SA,HABT11,72.01000213623047
2026-07-08,2026-06-24,HABT11.SA,HABT11,71.8499984741211
2026-07-08,2026-06-25,HABT11.SA,HABT11,72.05000305175781
2026-07-08,2026-06-26,HABT11.SA,HABT11,72.44000244140625
2026-07-08,2026-06-29,HABT11.SA,HABT11,73.98999786376953
2026-07-08,2026-06-30,HABT11.SA,HABT11,72.66999816894531
2026-07-08,2026-07-01,HABT11.SA,HABT11,71.69999694824219
2026-07-08,2026-07-02,HABT11.SA,HABT11,71.31999969482422
2026-07-08,2026-07-03,HABT11.SA,HABT11,71.0
2026-07-08,2026-07-06,HABT11.SA,HABT11,71.79000091552734
2026-07-08,2026-07-07,HABT11.SA,HABT11,71.0
2026-07-08,2026-06-08,AERO11.SA,AERO11,100.01000213623047
2026-07-08,2026-06-09,AERO11.SA,AERO11,100.01000213623047
2026-07-08,2026-06-10,AERO11.SA,AERO11,100.01000213623047
2026-07-08,2026-06-11,AERO11.SA,AERO11,100.01000213623047
2026-07-08,2026-06-12,AERO11.SA,AERO11,100.01000213623047
2026-07-08,2026-06-15,AERO11.SA,AERO11,100.01000213623047
2026-07-08,2026-06-16,AERO11.SA,AERO11,100.01000213623047
2026-07-08,2026-06-17,AERO11.SA,AERO11,100.01000213623047
2026-07-08,2026-06-18,AERO11.SA,AERO11,100.01000213623047
2026-07-08,2026-06-19,AERO11.SA,AERO11,100.01000213623047
2026-07-08,2026-06-22,AERO11.SA,AERO11,100.01000213623047
2026-07-08,2026-06-23,AERO11.SA,AERO11,100.01000213623047
2026-07-08,2026-06-24,AERO11.SA,AERO11,100.01000213623047
2026-07-08,2026-06-25,AERO11.SA,AERO11,100.01000213623047
2026-07-08,2026-06-26,AERO11.SA,AERO11,100.01000213623047
2026-07-08,2026-06-29,AERO11.SA,AERO11,100.01000213623047
2026-07-08,2026-06-30,AERO11.SA,AERO11,100.01000213623047
2026-07-08,2026-07-01,AERO11.SA,AERO11,100.01000213623047
2026-07-08,2026-07-02,AERO11.SA,AERO11,100.01000213623047
2026-07-08,2026-07-03,AERO11.SA,AERO11,100.01000213623047
2026-07-08,2026-07-06,AERO11.SA,AERO11,100.01000213623047
2026-07-08,2026-07-07,AERO11.SA,AERO11,100.01000213623047
2026-07-08,2026-06-08,HCTR11.SA,HCTR11,16.229999542236328
2026-07-08,2026-06-09,HCTR11.SA,HCTR11,15.720000267028809
2026-07-08,2026-06-10,HCTR11.SA,HCTR11,15.199999809265137
2026-07-08,2026-06-11,HCTR11.SA,HCTR11,15.15999984741211
2026-07-08,2026-06-12,HCTR11.SA,HCTR11,15.760000228881836
2026-07-08,2026-06-15,HCTR11.SA,HCTR11,16.469999313354492
2026-07-08,2026-06-16,HCTR11.SA,HCTR11,15.699999809265137
2026-07-08,2026-06-17,HCTR11.SA,HCTR11,15.8100004196167
2026-07-08,2026-06-18,HCTR11.SA,HCTR11,15.880000114440918
2026-07-08,2026-06-19,HCTR11.SA,HCTR11,15.760000228881836
2026-07-08,2026-06-22,HCTR11.SA,HCTR11,15.9399995803833
2026-07-08,2026-06-23,HCTR11.SA,HCTR11,15.920000076293945
2026-07-08,2026-06-24,HCTR11.SA,HCTR11,15.789999961853027
2026-07-08,2026-06-25,HCTR11.SA,HCTR11,16.010000228881836
2026-07-08,2026-06-26,HCTR11.SA,HCTR11,16.219999313354492
2026-07-08,2026-06-29,HCTR11.SA,HCTR11,15.920000076293945
2026-07-08,2026-06-30,HCTR11.SA,HCTR11,16.5
2026-07-08,2026-07-01,HCTR11.SA,HCTR11,16.31999969482422
2026-07-08,2026-07-02,HCTR11.SA,HCTR11,16.489999771118164
2026-07-08,2026-07-03,HCTR11.SA,HCTR11,16.8799991607666
2026-07-08,2026-07-06,HCTR11.SA,HCTR11,17.579999923706055
2026-07-08,2026-07-07,HCTR11.SA,HCTR11,17.43000030517578
2026-07-08,2026-06-08,HCST11.SA,HCST11,79.13999938964844
2026-07-08,2026-06-09,HCST11.SA,HCST11,79.13999938964844
2026-07-08,2026-06-10,HCST11.SA,HCST11,79.13999938964844
2026-07-08,2026-06-11,HCST11.SA,HCST11,79.13999938964844
2026-07-08,2026-06-12,HCST11.SA,HCST11,79.13999938964844
2026-07-08,2026-06-15,HCST11.SA,HCST11,79.13999938964844
2026-07-08,2026-06-16,HCST11.SA,HCST11,79.13999938964844
2026-07-08,2026-06-17,HCST11.SA,HCST11,79.13999938964844
2026-07-08,2026-06-18,HCST11.SA,HCST11,79.13999938964844
2026-07-08,2026-06-19,HCST11.SA,HCST11,79.13999938964844
2026-07-08,2026-06-22,HCST11.SA,HCST11,79.13999938964844
2026-07-08,2026-06-23,HCST11.SA,HCST11,79.13999938964844
2026-07-08,2026-06-24,HCST11.SA,HCST11,39.599998474121094
2026-07-08,2026-06-25,HCST11.SA,HCST11,38.0
2026-07-08,2026-06-26,HCST11.SA,HCST11,38.0
2026-07-08,2026-06-29,HCST11.SA,HCST11,38.0
2026-07-08,2026-06-30,HCST11.SA,HCST11,38.0
2026-07-08,2026-07-01,HCST11.SA,HCST11,38.0
2026-07-08,2026-07-02,HCST11.SA,HCST11,38.0
2026-07-08,2026-07-03,HCST11.SA,HCST11,38.0
2026-07-08,2026-07-06,HCST11.SA,HCST11,38.0
2026-07-08,2026-07-07,HCST11.SA,HCST11,38.0
2026-07-08,2026-06-08,HCHG11.SA,HCHG11,79.98999786376953
2026-07-08,2026-06-09,HCHG11.SA,HCHG11,80.0
2026-07-08,2026-06-10,HCHG11.SA,HCHG11,79.81999969482422
2026-07-08,2026-06-11,HCHG11.SA,HCHG11,79.81999969482422
2026-07-08,2026-06-12,HCHG11.SA,HCHG11,80.0
2026-07-08,2026-06-15,HCHG11.SA,HCHG11,79.98999786376953
2026-07-08,2026-06-16,HCHG11.SA,HCHG11,79.98999786376953
2026-07-08,2026-06-17,HCHG11.SA,HCHG11,79.98999786376953
2026-07-08,2026-06-18,HCHG11.SA,HCHG11,79.98999786376953
2026-07-08,2026-06-19,HCHG11.SA,HCHG11,79.98999786376953
2026-07-08,2026-06-22,HCHG11.SA,HCHG11,79.98999786376953
2026-07-08,2026-06-23,HCHG11.SA,HCHG11,79.98999786376953
2026-07-08,2026-06-24,HCHG11.SA,HCHG11,63.5
2026-07-08,2026-06-25,HCHG11.SA,HCHG11,66.0
2026-07-08,2026-06-26,HCHG11.SA,HCHG11,69.98999786376953
2026-07-08,2026-06-29,HCHG11.SA,HCHG11,69.98999786376953
2026-07-08,2026-06-30,HCHG11.SA,HCHG11,79.9800033569336
2026-07-08,2026-07-01,HCHG11.SA,HCHG11,78.98999786376953
2026-07-08,2026-07-02,HCHG11.SA,HCHG11,76.98999786376953
2026-07-08,2026-07-03,HCHG11.SA,HCHG11,76.98999786376953
2026-07-08,2026-07-06,HCHG11.SA,HCHG11,75.43000030517578
2026-07-08,2026-07-07,HCHG11.SA,HCHG11,75.43000030517578
2026-07-08,2026-06-08,HAAA11.SA,HAAA11,56.279998779296875
2026-07-08,2026-06-09,HAAA11.SA,HAAA11,56.279998779296875
2026-07-08,2026-06-10,HAAA11.SA,HAAA11,55.099998474121094
2026-07-08,2026-06-11,HAAA11.SA,HAAA11,55.099998474121094
2026-07-08,2026-06-12,HAAA11.SA,HAAA11,55.099998474121094
2026-07-08,2026-06-15,HAAA11.SA,HAAA11,55.099998474121094
2026-07-08,2026-06-16,HAAA11.SA,HAAA11,55.099998474121094
2026-07-08,2026-06-17,HAAA11.SA,HAAA11,55.099998474121094
2026-07-08,2026-06-18,HAAA11.SA,HAAA11,55.099998474121094
2026-07-08,2026-06-19,HAAA11.SA,HAAA11,55.099998474121094
2026-07-08,2026-06-22,HAAA11.SA,HAAA11,55.099998474121094
2026-07-08,2026-06-23,HAAA11.SA,HAAA11,55.099998474121094
2026-07-08,2026-06-24,HAAA11.SA,HAAA11,55.099998474121094
2026-07-08,2026-06-25,HAAA11.SA,HAAA11,55.099998474121094
2026-07-08,2026-06-26,HAAA11.SA,HAAA11,56.150001525878906
2026-07-08,2026-06-29,HAAA11.SA,HAAA11,56.79999923706055
2026-07-08,2026-06-30,HAAA11.SA,HAAA11,56.79999923706055
2026-07-08,2026-07-01,HAAA11.SA,HAAA11,56.79999923706055
2026-07-08,2026-07-02,HAAA11.SA,HAAA11,56.79999923706055
2026-07-08,2026-07-03,HAAA11.SA,HAAA11,55.84000015258789
2026-07-08,2026-07-06,HAAA11.SA,HAAA11,55.84000015258789
2026-07-08,2026-07-07,HAAA11.SA,HAAA11,55.84000015258789
2026-07-08,2026-06-08,ATSA11.SA,ATSA11,58.9900016784668
2026-07-08,2026-06-09,ATSA11.SA,ATSA11,59.0
2026-07-08,2026-06-10,ATSA11.SA,ATSA11,59.0
2026-07-08,2026-06-11,ATSA11.SA,ATSA11,59.0
2026-07-08,2026-06-12,ATSA11.SA,ATSA11,58.970001220703125
2026-07-08,2026-06-15,ATSA11.SA,ATSA11,56.25
2026-07-08,2026-06-16,ATSA11.SA,ATSA11,58.9900016784668
2026-07-08,2026-06-17,ATSA11.SA,ATSA11,58.9900016784668
2026-07-08,2026-06-18,ATSA11.SA,ATSA11,58.9900016784668
2026-07-08,2026-06-19,ATSA11.SA,ATSA11,58.9900016784668
2026-07-08,2026-06-22,ATSA11.SA,ATSA11,58.9900016784668
2026-07-08,2026-06-23,ATSA11.SA,ATSA11,58.9900016784668
2026-07-08,2026-06-24,ATSA11.SA,ATSA11,58.9900016784668
2026-07-08,2026-06-25,ATSA11.SA,ATSA11,58.97999954223633
2026-07-08,2026-06-26,ATSA11.SA,ATSA11,58.97999954223633
2026-07-08,2026-06-29,ATSA11.SA,ATSA11,59.9900016784668
2026-07-08,2026-06-30,ATSA11.SA,ATSA11,59.9900016784668
2026-07-08,2026-07-01,ATSA11.SA,ATSA11,59.9900016784668
2026-07-08,2026-07-02,ATSA11.SA,ATSA11,59.9900016784668
2026-07-08,2026-07-03,ATSA11.SA,ATSA11,60.0
2026-07-08,2026-07-06,ATSA11.SA,ATSA11,60.0
2026-07-08,2026-07-07,ATSA11.SA,ATSA11,60.0
2026-07-08,2026-06-08,HGBL11.SA,HGBL11,9.140000343322754
2026-07-08,2026-06-09,HGBL11.SA,HGBL11,9.130000114440918
2026-07-08,2026-06-10,HGBL11.SA,HGBL11,9.149999618530273
2026-07-08,2026-06-11,HGBL11.SA,HGBL11,9.050000190734863
2026-07-08,2026-06-12,HGBL11.SA,HGBL11,9.0
2026-07-08,2026-06-15,HGBL11.SA,HGBL11,9.100000381469727
2026-07-08,2026-06-16,HGBL11.SA,HGBL11,9.130000114440918
2026-07-08,2026-06-17,HGBL11.SA,HGBL11,9.130000114440918
2026-07-08,2026-06-18,HGBL11.SA,HGBL11,9.0
2026-07-08,2026-06-19,HGBL11.SA,HGBL11,8.989999771118164
2026-07-08,2026-06-22,HGBL11.SA,HGBL11,8.850000381469727
2026-07-08,2026-06-23,HGBL11.SA,HGBL11,8.989999771118164
2026-07-08,2026-06-24,HGBL11.SA,HGBL11,8.949999809265137
2026-07-08,2026-06-25,HGBL11.SA,HGBL11,8.930000305175781
2026-07-08,2026-06-26,HGBL11.SA,HGBL11,9.0
2026-07-08,2026-06-29,HGBL11.SA,HGBL11,9.0
2026-07-08,2026-06-30,HGBL11.SA,HGBL11,9.0
2026-07-08,2026-07-01,HGBL11.SA,HGBL11,8.850000381469727
2026-07-08,2026-07-02,HGBL11.SA,HGBL11,8.899999618530273
2026-07-08,2026-07-03,HGBL11.SA,HGBL11,8.949999809265137
2026-07-08,2026-07-06,HGBL11.SA,HGBL11,8.800000190734863
2026-07-08,2026-07-07,HGBL11.SA,HGBL11,8.800000190734863
2026-07-08,2026-06-08,HGBS11.SA,HGBS11,19.81999969482422
2026-07-08,2026-06-09,HGBS11.SA,HGBS11,19.700000762939453
2026-07-08,2026-06-10,HGBS11.SA,HGBS11,19.559999465942383
2026-07-08,2026-06-11,HGBS11.SA,HGBS11,19.579999923706055
2026-07-08,2026-06-12,HGBS11.SA,HGBS11,19.59000015258789
2026-07-08,2026-06-15,HGBS11.SA,HGBS11,19.670000076293945
2026-07-08,2026-06-16,HGBS11.SA,HGBS11,19.670000076293945
2026-07-08,2026-06-17,HGBS11.SA,HGBS11,19.59000015258789
2026-07-08,2026-06-18,HGBS11.SA,HGBS11,19.540000915527344
2026-07-08,2026-06-19,HGBS11.SA,HGBS11,19.350000381469727
2026-07-08,2026-06-22,HGBS11.SA,HGBS11,19.399999618530273
2026-07-08,2026-06-23,HGBS11.SA,HGBS11,19.31999969482422
2026-07-08,2026-06-24,HGBS11.SA,HGBS11,19.299999237060547
2026-07-08,2026-06-25,HGBS11.SA,HGBS11,19.31999969482422
2026-07-08,2026-06-26,HGBS11.SA,HGBS11,19.350000381469727
2026-07-08,2026-06-29,HGBS11.SA,HGBS11,19.440000534057617
2026-07-08,2026-06-30,HGBS11.SA,HGBS11,19.5
2026-07-08,2026-07-01,HGBS11.SA,HGBS11,19.31999969482422
2026-07-08,2026-07-02,HGBS11.SA,HGBS11,19.329999923706055
2026-07-08,2026-07-03,HGBS11.SA,HGBS11,19.3700008392334
2026-07-08,2026-07-06,HGBS11.SA,HGBS11,19.34000015258789
2026-07-08,2026-07-07,HGBS11.SA,HGBS11,19.309999465942383
2026-07-08,2026-06-08,HDEL11.SA,HDEL11,4.059999942779541
2026-07-08,2026-06-09,HDEL11.SA,HDEL11,4.059999942779541
2026-07-08,2026-06-10,HDEL11.SA,HDEL11,3.509999990463257
2026-07-08,2026-06-11,HDEL11.SA,HDEL11,3.4600000381469727
2026-07-08,2026-06-12,HDEL11.SA,HDEL11,3.4600000381469727
2026-07-08,2026-06-15,HDEL11.SA,HDEL11,3.4600000381469727
2026-07-08,2026-06-16,HDEL11.SA,HDEL11,3.450000047683716
2026-07-08,2026-06-17,HDEL11.SA,HDEL11,3.450000047683716
2026-07-08,2026-06-18,HDEL11.SA,HDEL11,3.450000047683716
2026-07-08,2026-06-19,HDEL11.SA,HDEL11,3.450000047683716
2026-07-08,2026-06-22,HDEL11.SA,HDEL11,3.450000047683716
2026-07-08,2026-06-23,HDEL11.SA,HDEL11,3.450000047683716
2026-07-08,2026-06-24,HDEL11.SA,HDEL11,3.450000047683716
2026-07-08,2026-06-25,HDEL11.SA,HDEL11,3.450000047683716
2026-07-08,2026-06-26,HDEL11.SA,HDEL11,3.450000047683716
2026-07-08,2026-06-29,HDEL11.SA,HDEL11,3.450000047683716
2026-07-08,2026-06-30,HDEL11.SA,HDEL11,3.450000047683716
2026-07-08,2026-07-01,HDEL11.SA,HDEL11,3.450000047683716
2026-07-08,2026-07-02,HDEL11.SA,HDEL11,3.450000047683716
2026-07-08,2026-07-03,HDEL11.SA,HDEL11,3.450000047683716
2026-07-08,2026-07-06,HDEL11.SA,HDEL11,3.450000047683716
2026-07-08,2026-07-07,HDEL11.SA,HDEL11,3.450000047683716
2026-07-08,2026-06-08,FLRP11.SA,FLRP11,20.639999389648438
2026-07-08,2026-06-09,FLRP11.SA,FLRP11,20.649999618530273
2026-07-08,2026-06-10,FLRP11.SA,FLRP11,20.670000076293945
2026-07-08,2026-06-11,FLRP11.SA,FLRP11,20.0
2026-07-08,2026-06-12,FLRP11.SA,FLRP11,20.459999084472656
2026-07-08,2026-06-15,FLRP11.SA,FLRP11,20.530000686645508
2026-07-08,2026-06-16,FLRP11.SA,FLRP11,20.350000381469727
2026-07-08,2026-06-17,FLRP11.SA,FLRP11,20.670000076293945
2026-07-08,2026-06-18,FLRP11.SA,FLRP11,20.440000534057617
2026-07-08,2026-06-19,FLRP11.SA,FLRP11,20.350000381469727
2026-07-08,2026-06-22,FLRP11.SA,FLRP11,20.690000534057617
2026-07-08,2026-06-23,FLRP11.SA,FLRP11,20.670000076293945
2026-07-08,2026-06-24,FLRP11.SA,FLRP11,20.65999984741211
2026-07-08,2026-06-25,FLRP11.SA,FLRP11,20.670000076293945
2026-07-08,2026-06-26,FLRP11.SA,FLRP11,20.65999984741211
2026-07-08,2026-06-29,FLRP11.SA,FLRP11,20.549999237060547
2026-07-08,2026-06-30,FLRP11.SA,FLRP11,20.670000076293945
2026-07-08,2026-07-01,FLRP11.SA,FLRP11,20.610000610351562
2026-07-08,2026-07-02,FLRP11.SA,FLRP11,20.770000457763672
2026-07-08,2026-07-03,FLRP11.SA,FLRP11,20.639999389648438
2026-07-08,2026-07-06,FLRP11.SA,FLRP11,20.690000534057617
2026-07-08,2026-07-07,FLRP11.SA,FLRP11,20.170000076293945
2026-07-08,2026-06-08,HJCT11.SA,HJCT11,115.6500015258789
2026-07-08,2026-06-09,HJCT11.SA,HJCT11,115.6500015258789
2026-07-08,2026-06-10,HJCT11.SA,HJCT11,115.6500015258789
2026-07-08,2026-06-11,HJCT11.SA,HJCT11,115.6500015258789
2026-07-08,2026-06-12,HJCT11.SA,HJCT11,115.6500015258789
2026-07-08,2026-06-15,HJCT11.SA,HJCT11,115.6500015258789
2026-07-08,2026-06-16,HJCT11.SA,HJCT11,115.6500015258789
2026-07-08,2026-06-17,HJCT11.SA,HJCT11,115.6500015258789
2026-07-08,2026-06-18,HJCT11.SA,HJCT11,116.0
2026-07-08,2026-06-19,HJCT11.SA,HJCT11,116.0
2026-07-08,2026-06-22,HJCT11.SA,HJCT11,116.0
2026-07-08,2026-06-23,HJCT11.SA,HJCT11,116.0
2026-07-08,2026-06-24,HJCT11.SA,HJCT11,116.0
2026-07-08,2026-06-25,HJCT11.SA,HJCT11,116.0
2026-07-08,2026-06-26,HJCT11.SA,HJCT11,116.0
2026-07-08,2026-06-29,HJCT11.SA,HJCT11,116.0
2026-07-08,2026-06-30,HJCT11.SA,HJCT11,116.0
2026-07-08,2026-07-01,HJCT11.SA,HJCT11,116.0
2026-07-08,2026-07-02,HJCT11.SA,HJCT11,120.0
2026-07-08,2026-07-03,HJCT11.SA,HJCT11,120.0
2026-07-08,2026-07-06,HJCT11.SA,HJCT11,120.0
2026-07-08,2026-07-07,HJCT11.SA,HJCT11,120.0
2026-07-08,2026-06-08,HLOG11.SA,HLOG11,8.949999809265137
2026-07-08,2026-06-09,HLOG11.SA,HLOG11,9.050000190734863
2026-07-08,2026-06-10,HLOG11.SA,HLOG11,9.079999923706055
2026-07-08,2026-06-11,HLOG11.SA,HLOG11,9.069999694824219
2026-07-08,2026-06-12,HLOG11.SA,HLOG11,9.069999694824219
2026-07-08,2026-06-15,HLOG11.SA,HLOG11,9.069999694824219
2026-07-08,2026-06-16,HLOG11.SA,HLOG11,9.029999732971191
2026-07-08,2026-06-17,HLOG11.SA,HLOG11,9.029999732971191
2026-07-08,2026-06-18,HLOG11.SA,HLOG11,8.989999771118164
2026-07-08,2026-06-19,HLOG11.SA,HLOG11,8.989999771118164
2026-07-08,2026-06-22,HLOG11.SA,HLOG11,9.069999694824219
2026-07-08,2026-06-23,HLOG11.SA,HLOG11,9.100000381469727
2026-07-08,2026-06-24,HLOG11.SA,HLOG11,9.100000381469727
2026-07-08,2026-06-25,HLOG11.SA,HLOG11,9.09000015258789
2026-07-08,2026-06-26,HLOG11.SA,HLOG11,9.100000381469727
2026-07-08,2026-06-29,HLOG11.SA,HLOG11,9.130000114440918
2026-07-08,2026-06-30,HLOG11.SA,HLOG11,9.130000114440918
2026-07-08,2026-07-01,HLOG11.SA,HLOG11,8.760000228881836
2026-07-08,2026-07-02,HLOG11.SA,HLOG11,8.789999961853027
2026-07-08,2026-07-03,HLOG11.SA,HLOG11,8.800000190734863
2026-07-08,2026-07-06,HLOG11.SA,HLOG11,8.930000305175781
2026-07-08,2026-07-07,HLOG11.SA,HLOG11,8.930000305175781
2026-07-08,2026-06-08,HOFC11.SA,HOFC11,33.63999938964844
2026-07-08,2026-06-09,HOFC11.SA,HOFC11,33.63999938964844
2026-07-08,2026-06-10,HOFC11.SA,HOFC11,33.95000076293945
2026-07-08,2026-06-11,HOFC11.SA,HOFC11,34.09000015258789
2026-07-08,2026-06-12,HOFC11.SA,HOFC11,34.099998474121094
2026-07-08,2026-06-15,HOFC11.SA,HOFC11,34.20000076293945
2026-07-08,2026-06-16,HOFC11.SA,HOFC11,34.099998474121094
2026-07-08,2026-06-17,HOFC11.SA,HOFC11,34.189998626708984
2026-07-08,2026-06-18,HOFC11.SA,HOFC11,34.09000015258789
2026-07-08,2026-06-19,HOFC11.SA,HOFC11,33.9900016784668
2026-07-08,2026-06-22,HOFC11.SA,HOFC11,34.0
2026-07-08,2026-06-23,HOFC11.SA,HOFC11,34.099998474121094
2026-07-08,2026-06-24,HOFC11.SA,HOFC11,34.0
2026-07-08,2026-06-25,HOFC11.SA,HOFC11,34.0
2026-07-08,2026-06-26,HOFC11.SA,HOFC11,33.849998474121094
2026-07-08,2026-06-29,HOFC11.SA,HOFC11,33.75
2026-07-08,2026-06-30,HOFC11.SA,HOFC11,34.790000915527344
2026-07-08,2026-07-01,HOFC11.SA,HOFC11,33.75
2026-07-08,2026-07-02,HOFC11.SA,HOFC11,34.0
2026-07-08,2026-07-03,HOFC11.SA,HOFC11,34.599998474121094
2026-07-08,2026-07-06,HOFC11.SA,HOFC11,33.0
2026-07-08,2026-07-07,HOFC11.SA,HOFC11,33.689998626708984
2026-07-08,2026-06-08,HDOF11.SA,HDOF11,90.0
2026-07-08,2026-06-09,HDOF11.SA,HDOF11,90.0
2026-07-08,2026-06-10,HDOF11.SA,HDOF11,90.0
2026-07-08,2026-06-11,HDOF11.SA,HDOF11,90.0
2026-07-08,2026-06-12,HDOF11.SA,HDOF11,90.0
2026-07-08,2026-06-15,HDOF11.SA,HDOF11,90.0
2026-07-08,2026-06-16,HDOF11.SA,HDOF11,90.0
2026-07-08,2026-06-17,HDOF11.SA,HDOF11,90.0
2026-07-08,2026-06-18,HDOF11.SA,HDOF11,89.0
2026-07-08,2026-06-19,HDOF11.SA,HDOF11,89.0
2026-07-08,2026-06-22,HDOF11.SA,HDOF11,89.0
2026-07-08,2026-06-23,HDOF11.SA,HDOF11,89.0
2026-07-08,2026-06-24,HDOF11.SA,HDOF11,89.30000305175781
2026-07-08,2026-06-25,HDOF11.SA,HDOF11,89.30000305175781
2026-07-08,2026-06-26,HDOF11.SA,HDOF11,89.30000305175781
2026-07-08,2026-06-29,HDOF11.SA,HDOF11,89.36000061035156
2026-07-08,2026-06-30,HDOF11.SA,HDOF11,91.0
2026-07-08,2026-07-01,HDOF11.SA,HDOF11,91.0
2026-07-08,2026-07-02,HDOF11.SA,HDOF11,91.0
2026-07-08,2026-07-03,HDOF11.SA,HDOF11,91.0
2026-07-08,2026-07-06,HDOF11.SA,HDOF11,91.0
2026-07-08,2026-07-07,HDOF11.SA,HDOF11,91.0
2026-07-08,2026-06-08,HRDF11.SA,HRDF11,5.199999809265137
2026-07-08,2026-06-09,HRDF11.SA,HRDF11,5.199999809265137
2026-07-08,2026-06-10,HRDF11.SA,HRDF11,5.199999809265137
2026-07-08,2026-06-11,HRDF11.SA,HRDF11,5.199999809265137
2026-07-08,2026-06-12,HRDF11.SA,HRDF11,5.199999809265137
2026-07-08,2026-06-15,HRDF11.SA,HRDF11,5.199999809265137
2026-07-08,2026-06-16,HRDF11.SA,HRDF11,5.199999809265137
2026-07-08,2026-06-17,HRDF11.SA,HRDF11,5.099999904632568
2026-07-08,2026-06-18,HRDF11.SA,HRDF11,5.099999904632568
2026-07-08,2026-06-19,HRDF11.SA,HRDF11,5.099999904632568
2026-07-08,2026-06-22,HRDF11.SA,HRDF11,5.099999904632568
2026-07-08,2026-06-23,HRDF11.SA,HRDF11,5.099999904632568
2026-07-08,2026-06-24,HRDF11.SA,HRDF11,5.099999904632568
2026-07-08,2026-06-25,HRDF11.SA,HRDF11,5.099999904632568
2026-07-08,2026-06-26,HRDF11.SA,HRDF11,5.099999904632568
2026-07-08,2026-06-29,HRDF11.SA,HRDF11,5.079999923706055
2026-07-08,2026-06-30,HRDF11.SA,HRDF11,5.079999923706055
2026-07-08,2026-07-01,HRDF11.SA,HRDF11,5.079999923706055
2026-07-08,2026-07-02,HRDF11.SA,HRDF11,4.829999923706055
2026-07-08,2026-07-03,HRDF11.SA,HRDF11,4.829999923706055
2026-07-08,2026-07-06,HRDF11.SA,HRDF11,4.699999809265137
2026-07-08,2026-07-07,HRDF11.SA,HRDF11,4.380000114440918
2026-07-08,2026-06-08,HREC11.SA,HREC11,8.5
2026-07-08,2026-06-09,HREC11.SA,HREC11,8.300000190734863
2026-07-08,2026-06-10,HREC11.SA,HREC11,8.34000015258789
2026-07-08,2026-06-11,HREC11.SA,HREC11,8.350000381469727
2026-07-08,2026-06-12,HREC11.SA,HREC11,8.390000343322754
2026-07-08,2026-06-15,HREC11.SA,HREC11,8.399999618530273
2026-07-08,2026-06-16,HREC11.SA,HREC11,8.399999618530273
2026-07-08,2026-06-17,HREC11.SA,HREC11,8.369999885559082
2026-07-08,2026-06-18,HREC11.SA,HREC11,8.3100004196167
2026-07-08,2026-06-19,HREC11.SA,HREC11,8.390000343322754
2026-07-08,2026-06-22,HREC11.SA,HREC11,8.390000343322754
2026-07-08,2026-06-23,HREC11.SA,HREC11,8.380000114440918
2026-07-08,2026-06-24,HREC11.SA,HREC11,8.300000190734863
2026-07-08,2026-06-25,HREC11.SA,HREC11,8.319999694824219
2026-07-08,2026-06-26,HREC11.SA,HREC11,8.350000381469727
2026-07-08,2026-06-29,HREC11.SA,HREC11,8.350000381469727
2026-07-08,2026-06-30,HREC11.SA,HREC11,8.699999809265137
2026-07-08,2026-07-01,HREC11.SA,HREC11,8.359999656677246
2026-07-08,2026-07-02,HREC11.SA,HREC11,8.350000381469727
2026-07-08,2026-07-03,HREC11.SA,HREC11,8.239999771118164
2026-07-08,2026-07-06,HREC11.SA,HREC11,8.239999771118164
2026-07-08,2026-07-07,HREC11.SA,HREC11,8.210000038146973
2026-07-08,2026-06-08,SEED11.SA,SEED11,100.0
2026-07-08,2026-06-09,SEED11.SA,SEED11,100.0
2026-07-08,2026-06-10,SEED11.SA,SEED11,100.0
2026-07-08,2026-06-11,SEED11.SA,SEED11,100.0
2026-07-08,2026-06-12,SEED11.SA,SEED11,100.0
2026-07-08,2026-06-15,SEED11.SA,SEED11,100.0
2026-07-08,2026-06-16,SEED11.SA,SEED11,100.0
2026-07-08,2026-06-17,SEED11.SA,SEED11,100.0
2026-07-08,2026-06-18,SEED11.SA,SEED11,100.0
2026-07-08,2026-06-19,SEED11.SA,SEED11,100.0
2026-07-08,2026-06-22,SEED11.SA,SEED11,100.0
2026-07-08,2026-06-23,SEED11.SA,SEED11,100.0
2026-07-08,2026-06-24,SEED11.SA,SEED11,100.0
2026-07-08,2026-06-25,SEED11.SA,SEED11,100.0
2026-07-08,2026-06-26,SEED11.SA,SEED11,100.0
2026-07-08,2026-06-29,SEED11.SA,SEED11,100.0
2026-07-08,2026-06-30,SEED11.SA,SEED11,100.0
2026-07-08,2026-07-01,SEED11.SA,SEED11,100.0
2026-07-08,2026-07-02,SEED11.SA,SEED11,100.0
2026-07-08,2026-07-03,SEED11.SA,SEED11,100.0
2026-07-08,2026-07-06,SEED11.SA,SEED11,100.0
2026-07-08,2026-07-07,SEED11.SA,SEED11,100.0
2026-07-08,2026-06-08,HPDP11.SA,HPDP11,87.1500015258789
2026-07-08,2026-06-09,HPDP11.SA,HPDP11,86.5199966430664
2026-07-08,2026-06-10,HPDP11.SA,HPDP11,87.48999786376953
2026-07-08,2026-06-11,HPDP11.SA,HPDP11,89.0
2026-07-08,2026-06-12,HPDP11.SA,HPDP11,89.0
2026-07-08,2026-06-15,HPDP11.SA,HPDP11,89.0
2026-07-08,2026-06-16,HPDP11.SA,HPDP11,89.5
2026-07-08,2026-06-17,HPDP11.SA,HPDP11,87.51000213623047
2026-07-08,2026-06-18,HPDP11.SA,HPDP11,87.5
2026-07-08,2026-06-19,HPDP11.SA,HPDP11,86.5199966430664
2026-07-08,2026-06-22,HPDP11.SA,HPDP11,87.58000183105469
2026-07-08,2026-06-23,HPDP11.SA,HPDP11,85.08999633789062
2026-07-08,2026-06-24,HPDP11.SA,HPDP11,85.41000366210938
2026-07-08,2026-06-25,HPDP11.SA,HPDP11,87.33000183105469
2026-07-08,2026-06-26,HPDP11.SA,HPDP11,87.33000183105469
2026-07-08,2026-06-29,HPDP11.SA,HPDP11,87.33000183105469
2026-07-08,2026-06-30,HPDP11.SA,HPDP11,87.37999725341797
2026-07-08,2026-07-01,HPDP11.SA,HPDP11,86.7300033569336
2026-07-08,2026-07-02,HPDP11.SA,HPDP11,88.68000030517578
2026-07-08,2026-07-03,HPDP11.SA,HPDP11,88.70999908447266
2026-07-08,2026-07-06,HPDP11.SA,HPDP11,89.25
2026-07-08,2026-07-07,HPDP11.SA,HPDP11,89.23999786376953
2026-07-08,2026-06-08,HFOF11.SA,HFOF11,6.400000095367432
2026-07-08,2026-06-09,HFOF11.SA,HFOF11,6.400000095367432
2026-07-08,2026-06-10,HFOF11.SA,HFOF11,6.400000095367432
2026-07-08,2026-06-11,HFOF11.SA,HFOF11,6.449999809265137
2026-07-08,2026-06-12,HFOF11.SA,HFOF11,6.579999923706055
2026-07-08,2026-06-15,HFOF11.SA,HFOF11,6.570000171661377
2026-07-08,2026-06-16,HFOF11.SA,HFOF11,6.559999942779541
2026-07-08,2026-06-17,HFOF11.SA,HFOF11,6.420000076293945
2026-07-08,2026-06-18,HFOF11.SA,HFOF11,6.400000095367432
2026-07-08,2026-06-19,HFOF11.SA,HFOF11,6.400000095367432
2026-07-08,2026-06-22,HFOF11.SA,HFOF11,6.480000019073486
2026-07-08,2026-06-23,HFOF11.SA,HFOF11,6.429999828338623
2026-07-08,2026-06-24,HFOF11.SA,HFOF11,6.429999828338623
2026-07-08,2026-06-25,HFOF11.SA,HFOF11,6.489999771118164
2026-07-08,2026-06-26,HFOF11.SA,HFOF11,6.519999980926514
2026-07-08,2026-06-29,HFOF11.SA,HFOF11,6.550000190734863
2026-07-08,2026-06-30,HFOF11.SA,HFOF11,6.550000190734863
2026-07-08,2026-07-01,HFOF11.SA,HFOF11,6.349999904632568
2026-07-08,2026-07-02,HFOF11.SA,HFOF11,6.300000190734863
2026-07-08,2026-07-03,HFOF11.SA,HFOF11,6.320000171661377
2026-07-08,2026-07-06,HFOF11.SA,HFOF11,6.369999885559082
2026-07-08,2026-07-07,HFOF11.SA,HFOF11,6.289999961853027
2026-07-08,2026-06-08,YEES11.SA,YEES11,102.0
2026-07-08,2026-06-09,YEES11.SA,YEES11,102.0
2026-07-08,2026-06-10,YEES11.SA,YEES11,102.0
2026-07-08,2026-06-11,YEES11.SA,YEES11,102.0
2026-07-08,2026-06-12,YEES11.SA,YEES11,102.0
2026-07-08,2026-06-15,YEES11.SA,YEES11,102.0
2026-07-08,2026-06-16,YEES11.SA,YEES11,102.0
2026-07-08,2026-06-17,YEES11.SA,YEES11,102.0
2026-07-08,2026-06-18,YEES11.SA,YEES11,102.0
2026-07-08,2026-06-19,YEES11.SA,YEES11,102.0
2026-07-08,2026-06-22,YEES11.SA,YEES11,102.0
2026-07-08,2026-06-23,YEES11.SA,YEES11,102.0
2026-07-08,2026-06-24,YEES11.SA,YEES11,102.0
2026-07-08,2026-06-25,YEES11.SA,YEES11,102.0
2026-07-08,2026-06-26,YEES11.SA,YEES11,102.0
2026-07-08,2026-06-29,YEES11.SA,YEES11,102.0
2026-07-08,2026-06-30,YEES11.SA,YEES11,102.0
2026-07-08,2026-07-01,YEES11.SA,YEES11,102.0
2026-07-08,2026-07-02,YEES11.SA,YEES11,102.0
2026-07-08,2026-07-03,YEES11.SA,YEES11,102.0
2026-07-08,2026-07-06,YEES11.SA,YEES11,102.0
2026-07-08,2026-07-07,YEES11.SA,YEES11,102.0
2026-07-08,2026-06-08,HGIC11.SA,HGIC11,58.47999954223633
2026-07-08,2026-06-09,HGIC11.SA,HGIC11,58.959999084472656
2026-07-08,2026-06-10,HGIC11.SA,HGIC11,58.18000030517578
2026-07-08,2026-06-11,HGIC11.SA,HGIC11,57.630001068115234
2026-07-08,2026-06-12,HGIC11.SA,HGIC11,58.16999816894531
2026-07-08,2026-06-15,HGIC11.SA,HGIC11,58.16999816894531
2026-07-08,2026-06-16,HGIC11.SA,HGIC11,58.18000030517578
2026-07-08,2026-06-17,HGIC11.SA,HGIC11,58.18000030517578
2026-07-08,2026-06-18,HGIC11.SA,HGIC11,57.47999954223633
2026-07-08,2026-06-19,HGIC11.SA,HGIC11,56.33000183105469
2026-07-08,2026-06-22,HGIC11.SA,HGIC11,56.16999816894531
2026-07-08,2026-06-23,HGIC11.SA,HGIC11,56.16999816894531
2026-07-08,2026-06-24,HGIC11.SA,HGIC11,58.66999816894531
2026-07-08,2026-06-25,HGIC11.SA,HGIC11,58.369998931884766
2026-07-08,2026-06-26,HGIC11.SA,HGIC11,58.369998931884766
2026-07-08,2026-06-29,HGIC11.SA,HGIC11,55.599998474121094
2026-07-08,2026-06-30,HGIC11.SA,HGIC11,58.18000030517578
2026-07-08,2026-07-01,HGIC11.SA,HGIC11,52.810001373291016
2026-07-08,2026-07-02,HGIC11.SA,HGIC11,53.47999954223633
2026-07-08,2026-07-03,HGIC11.SA,HGIC11,53.29999923706055
2026-07-08,2026-07-06,HGIC11.SA,HGIC11,54.11000061035156
2026-07-08,2026-07-07,HGIC11.SA,HGIC11,57.09000015258789
2026-07-08,2026-06-10,HIRE11.SA,HIRE11,100.36000061035156
2026-07-08,2026-06-11,HIRE11.SA,HIRE11,100.36000061035156
2026-07-08,2026-06-12,HIRE11.SA,HIRE11,100.36000061035156
2026-07-08,2026-06-15,HIRE11.SA,HIRE11,100.36000061035156
2026-07-08,2026-06-16,HIRE11.SA,HIRE11,100.36000061035156
2026-07-08,2026-06-17,HIRE11.SA,HIRE11,100.36000061035156
2026-07-08,2026-06-18,HIRE11.SA,HIRE11,100.36000061035156
2026-07-08,2026-06-19,HIRE11.SA,HIRE11,100.36000061035156
2026-07-08,2026-06-22,HIRE11.SA,HIRE11,100.36000061035156
2026-07-08,2026-06-23,HIRE11.SA,HIRE11,100.36000061035156
2026-07-08,2026-06-24,HIRE11.SA,HIRE11,100.36000061035156
2026-07-08,2026-06-25,HIRE11.SA,HIRE11,100.36000061035156
2026-07-08,2026-06-26,HIRE11.SA,HIRE11,100.36000061035156
2026-07-08,2026-06-29,HIRE11.SA,HIRE11,100.36000061035156
2026-07-08,2026-06-30,HIRE11.SA,HIRE11,100.36000061035156
2026-07-08,2026-07-01,HIRE11.SA,HIRE11,100.36000061035156
2026-07-08,2026-07-02,HIRE11.SA,HIRE11,100.36000061035156
2026-07-08,2026-07-03,HIRE11.SA,HIRE11,100.36000061035156
2026-07-08,2026-07-06,HIRE11.SA,HIRE11,100.36000061035156
2026-07-08,2026-07-07,HIRE11.SA,HIRE11,100.36000061035156
2026-07-08,2026-06-08,HILG11.SA,HILG11,186.80999755859375
2026-07-08,2026-06-09,HILG11.SA,HILG11,186.80999755859375
2026-07-08,2026-06-10,HILG11.SA,HILG11,186.80999755859375
2026-07-08,2026-06-11,HILG11.SA,HILG11,186.80999755859375
2026-07-08,2026-06-12,HILG11.SA,HILG11,186.80999755859375
2026-07-08,2026-06-15,HILG11.SA,HILG11,186.80999755859375
2026-07-08,2026-06-16,HILG11.SA,HILG11,186.80999755859375
2026-07-08,2026-06-17,HILG11.SA,HILG11,186.80999755859375
2026-07-08,2026-06-18,HILG11.SA,HILG11,186.80999755859375
2026-07-08,2026-06-19,HILG11.SA,HILG11,186.80999755859375
2026-07-08,2026-06-22,HILG11.SA,HILG11,186.80999755859375
2026-07-08,2026-06-23,HILG11.SA,HILG11,186.80999755859375
2026-07-08,2026-06-24,HILG11.SA,HILG11,186.80999755859375
2026-07-08,2026-06-25,HILG11.SA,HILG11,186.80999755859375
2026-07-08,2026-06-26,HILG11.SA,HILG11,186.80999755859375
2026-07-08,2026-06-29,HILG11.SA,HILG11,186.80999755859375
2026-07-08,2026-06-30,HILG11.SA,HILG11,186.80999755859375
2026-07-08,2026-07-01,HILG11.SA,HILG11,186.80999755859375
2026-07-08,2026-07-02,HILG11.SA,HILG11,186.80999755859375
2026-07-08,2026-07-03,HILG11.SA,HILG11,186.80999755859375
2026-07-08,2026-07-06,HILG11.SA,HILG11,186.80999755859375
2026-07-08,2026-07-07,HILG11.SA,HILG11,186.80999755859375
2026-07-08,2026-06-08,HTMX11.SA,HTMX11,132.0
2026-07-08,2026-06-09,HTMX11.SA,HTMX11,132.5
2026-07-08,2026-06-10,HTMX11.SA,HTMX11,131.89999389648438
2026-07-08,2026-06-11,HTMX11.SA,HTMX11,131.66000366210938
2026-07-08,2026-06-12,HTMX11.SA,HTMX11,132.6999969482422
2026-07-08,2026-06-15,HTMX11.SA,HTMX11,133.22000122070312
2026-07-08,2026-06-16,HTMX11.SA,HTMX11,133.72000122070312
2026-07-08,2026-06-17,HTMX11.SA,HTMX11,137.22999572753906
2026-07-08,2026-06-18,HTMX11.SA,HTMX11,136.55999755859375
2026-07-08,2026-06-19,HTMX11.SA,HTMX11,137.19000244140625
2026-07-08,2026-06-22,HTMX11.SA,HTMX11,138.22999572753906
2026-07-08,2026-06-23,HTMX11.SA,HTMX11,138.97000122070312
2026-07-08,2026-06-24,HTMX11.SA,HTMX11,139.75
2026-07-08,2026-06-25,HTMX11.SA,HTMX11,140.67999267578125
2026-07-08,2026-06-26,HTMX11.SA,HTMX11,140.67999267578125
2026-07-08,2026-06-29,HTMX11.SA,HTMX11,141.60000610351562
2026-07-08,2026-06-30,HTMX11.SA,HTMX11,140.0
2026-07-08,2026-07-01,HTMX11.SA,HTMX11,136.9499969482422
2026-07-08,2026-07-02,HTMX11.SA,HTMX11,136.89999389648438
2026-07-08,2026-07-03,HTMX11.SA,HTMX11,136.1699981689453
2026-07-08,2026-07-06,HTMX11.SA,HTMX11,137.4600067138672
2026-07-08,2026-07-07,HTMX11.SA,HTMX11,137.8800048828125
2026-07-08,2026-06-08,HSAF11.SA,HSAF11,79.70999908447266
2026-07-08,2026-06-09,HSAF11.SA,HSAF11,79.80000305175781
2026-07-08,2026-06-10,HSAF11.SA,HSAF11,79.83999633789062
2026-07-08,2026-06-11,HSAF11.SA,HSAF11,80.04000091552734
2026-07-08,2026-06-12,HSAF11.SA,HSAF11,80.20999908447266
2026-07-08,2026-06-15,HSAF11.SA,HSAF11,79.80999755859375
2026-07-08,2026-06-16,HSAF11.SA,HSAF11,79.93000030517578
2026-07-08,2026-06-17,HSAF11.SA,HSAF11,80.18000030517578
2026-07-08,2026-06-18,HSAF11.SA,HSAF11,78.5999984741211
2026-07-08,2026-06-19,HSAF11.SA,HSAF11,78.55999755859375
2026-07-08,2026-06-22,HSAF11.SA,HSAF11,78.94000244140625
2026-07-08,2026-06-23,HSAF11.SA,HSAF11,78.36000061035156
2026-07-08,2026-06-24,HSAF11.SA,HSAF11,78.30999755859375
2026-07-08,2026-06-25,HSAF11.SA,HSAF11,78.62000274658203
2026-07-08,2026-06-26,HSAF11.SA,HSAF11,79.22000122070312
2026-07-08,2026-06-29,HSAF11.SA,HSAF11,79.4000015258789
2026-07-08,2026-06-30,HSAF11.SA,HSAF11,78.80000305175781
2026-07-08,2026-07-01,HSAF11.SA,HSAF11,78.37000274658203
2026-07-08,2026-07-02,HSAF11.SA,HSAF11,78.30999755859375
2026-07-08,2026-07-03,HSAF11.SA,HSAF11,78.20999908447266
2026-07-08,2026-07-06,HSAF11.SA,HSAF11,77.91000366210938
2026-07-08,2026-07-07,HSAF11.SA,HSAF11,78.7300033569336
2026-07-08,2026-06-08,HSLG11.SA,HSLG11,87.55000305175781
2026-07-08,2026-06-09,HSLG11.SA,HSLG11,87.33000183105469
2026-07-08,2026-06-10,HSLG11.SA,HSLG11,85.02999877929688
2026-07-08,2026-06-11,HSLG11.SA,HSLG11,86.0
2026-07-08,2026-06-12,HSLG11.SA,HSLG11,88.36000061035156
2026-07-08,2026-06-15,HSLG11.SA,HSLG11,86.91999816894531
2026-07-08,2026-06-16,HSLG11.SA,HSLG11,87.61000061035156
2026-07-08,2026-06-17,HSLG11.SA,HSLG11,86.80000305175781
2026-07-08,2026-06-18,HSLG11.SA,HSLG11,86.51000213623047
2026-07-08,2026-06-19,HSLG11.SA,HSLG11,86.80999755859375
2026-07-08,2026-06-22,HSLG11.SA,HSLG11,86.7699966430664
2026-07-08,2026-06-23,HSLG11.SA,HSLG11,86.52999877929688
2026-07-08,2026-06-24,HSLG11.SA,HSLG11,86.80000305175781
2026-07-08,2026-06-25,HSLG11.SA,HSLG11,86.5999984741211
2026-07-08,2026-06-26,HSLG11.SA,HSLG11,86.66000366210938
2026-07-08,2026-06-29,HSLG11.SA,HSLG11,87.69999694824219
2026-07-08,2026-06-30,HSLG11.SA,HSLG11,88.0
2026-07-08,2026-07-01,HSLG11.SA,HSLG11,86.80000305175781
2026-07-08,2026-07-02,HSLG11.SA,HSLG11,87.6500015258789
2026-07-08,2026-07-03,HSLG11.SA,HSLG11,87.87999725341797
2026-07-08,2026-07-06,HSLG11.SA,HSLG11,87.0
2026-07-08,2026-07-07,HSLG11.SA,HSLG11,87.08000183105469
2026-07-08,2026-06-08,HSML11.SA,HSML11,88.5
2026-07-08,2026-06-09,HSML11.SA,HSML11,88.3499984741211
2026-07-08,2026-06-10,HSML11.SA,HSML11,86.80000305175781
2026-07-08,2026-06-11,HSML11.SA,HSML11,87.02999877929688
2026-07-08,2026-06-12,HSML11.SA,HSML11,87.47000122070312
2026-07-08,2026-06-15,HSML11.SA,HSML11,87.7300033569336
2026-07-08,2026-06-16,HSML11.SA,HSML11,87.7300033569336
2026-07-08,2026-06-17,HSML11.SA,HSML11,86.94999694824219
2026-07-08,2026-06-18,HSML11.SA,HSML11,86.9000015258789
2026-07-08,2026-06-19,HSML11.SA,HSML11,86.5
2026-07-08,2026-06-22,HSML11.SA,HSML11,85.9800033569336
2026-07-08,2026-06-23,HSML11.SA,HSML11,85.6500015258789
2026-07-08,2026-06-24,HSML11.SA,HSML11,84.98999786376953
2026-07-08,2026-06-25,HSML11.SA,HSML11,84.83999633789062
2026-07-08,2026-06-26,HSML11.SA,HSML11,85.5199966430664
2026-07-08,2026-06-29,HSML11.SA,HSML11,85.5
2026-07-08,2026-06-30,HSML11.SA,HSML11,85.69999694824219
2026-07-08,2026-07-01,HSML11.SA,HSML11,85.1500015258789
2026-07-08,2026-07-02,HSML11.SA,HSML11,85.06999969482422
2026-07-08,2026-07-03,HSML11.SA,HSML11,86.6500015258789
2026-07-08,2026-07-06,HSML11.SA,HSML11,85.83999633789062
2026-07-08,2026-07-07,HSML11.SA,HSML11,85.41999816894531
2026-07-08,2026-06-08,HUSI11.SA,HUSI11,1060.0
2026-07-08,2026-06-09,HUSI11.SA,HUSI11,1060.0
2026-07-08,2026-06-10,HUSI11.SA,HUSI11,1060.0
2026-07-08,2026-06-11,HUSI11.SA,HUSI11,1060.0
2026-07-08,2026-06-12,HUSI11.SA,HUSI11,1060.0
2026-07-08,2026-06-15,HUSI11.SA,HUSI11,1060.0
2026-07-08,2026-06-16,HUSI11.SA,HUSI11,1060.0
2026-07-08,2026-06-17,HUSI11.SA,HUSI11,1060.0
2026-07-08,2026-06-18,HUSI11.SA,HUSI11,1000.0
2026-07-08,2026-06-19,HUSI11.SA,HUSI11,1021.0
2026-07-08,2026-06-22,HUSI11.SA,HUSI11,1021.0
2026-07-08,2026-06-23,HUSI11.SA,HUSI11,1021.0
2026-07-08,2026-06-24,HUSI11.SA,HUSI11,1011.0
2026-07-08,2026-06-25,HUSI11.SA,HUSI11,1011.0
2026-07-08,2026-06-26,HUSI11.SA,HUSI11,1011.0
2026-07-08,2026-06-29,HUSI11.SA,HUSI11,1001.989990234375
2026-07-08,2026-06-30,HUSI11.SA,HUSI11,1200.0
2026-07-08,2026-07-01,HUSI11.SA,HUSI11,1200.0
2026-07-08,2026-07-02,HUSI11.SA,HUSI11,1200.0
2026-07-08,2026-07-03,HUSI11.SA,HUSI11,1200.0
2026-07-08,2026-07-06,HUSI11.SA,HUSI11,1200.0
2026-07-08,2026-07-07,HUSI11.SA,HUSI11,1020.0
2026-07-08,2026-06-08,GRUL11.SA,GRUL11,8.420000076293945
2026-07-08,2026-06-09,GRUL11.SA,GRUL11,8.34000015258789
2026-07-08,2026-06-10,GRUL11.SA,GRUL11,8.319999694824219
2026-07-08,2026-06-11,GRUL11.SA,GRUL11,8.4399995803833
2026-07-08,2026-06-12,GRUL11.SA,GRUL11,8.40999984741211
2026-07-08,2026-06-15,GRUL11.SA,GRUL11,8.40999984741211
2026-07-08,2026-06-16,GRUL11.SA,GRUL11,8.489999771118164
2026-07-08,2026-06-17,GRUL11.SA,GRUL11,8.489999771118164
2026-07-08,2026-06-18,GRUL11.SA,GRUL11,8.350000381469727
2026-07-08,2026-06-19,GRUL11.SA,GRUL11,8.350000381469727
2026-07-08,2026-06-22,GRUL11.SA,GRUL11,8.319999694824219
2026-07-08,2026-06-23,GRUL11.SA,GRUL11,8.350000381469727
2026-07-08,2026-06-24,GRUL11.SA,GRUL11,8.109999656677246
2026-07-08,2026-06-25,GRUL11.SA,GRUL11,8.300000190734863
2026-07-08,2026-06-26,GRUL11.SA,GRUL11,8.25
2026-07-08,2026-06-29,GRUL11.SA,GRUL11,8.260000228881836
2026-07-08,2026-06-30,GRUL11.SA,GRUL11,8.270000457763672
2026-07-08,2026-07-01,GRUL11.SA,GRUL11,8.149999618530273
2026-07-08,2026-07-02,GRUL11.SA,GRUL11,8.140000343322754
2026-07-08,2026-07-03,GRUL11.SA,GRUL11,8.289999961853027
2026-07-08,2026-07-06,GRUL11.SA,GRUL11,8.119999885559082
2026-07-08,2026-07-07,GRUL11.SA,GRUL11,8.149999618530273
2026-07-08,2026-06-08,ICNE11.SA,ICNE11,640.010009765625
2026-07-08,2026-06-09,ICNE11.SA,ICNE11,640.010009765625
2026-07-08,2026-06-10,ICNE11.SA,ICNE11,640.010009765625
2026-07-08,2026-06-11,ICNE11.SA,ICNE11,640.010009765625
2026-07-08,2026-06-12,ICNE11.SA,ICNE11,768.0
2026-07-08,2026-06-15,ICNE11.SA,ICNE11,729.5999755859375
2026-07-08,2026-06-16,ICNE11.SA,ICNE11,729.5999755859375
2026-07-08,2026-06-17,ICNE11.SA,ICNE11,729.5999755859375
2026-07-08,2026-06-18,ICNE11.SA,ICNE11,729.5999755859375
2026-07-08,2026-06-19,ICNE11.SA,ICNE11,729.5999755859375
2026-07-08,2026-06-22,ICNE11.SA,ICNE11,700.0
2026-07-08,2026-06-23,ICNE11.SA,ICNE11,700.0
2026-07-08,2026-06-24,ICNE11.SA,ICNE11,700.0
2026-07-08,2026-06-25,ICNE11.SA,ICNE11,700.0
2026-07-08,2026-06-26,ICNE11.SA,ICNE11,700.0
2026-07-08,2026-06-29,ICNE11.SA,ICNE11,700.0
2026-07-08,2026-06-30,ICNE11.SA,ICNE11,700.0
2026-07-08,2026-07-01,ICNE11.SA,ICNE11,700.0
2026-07-08,2026-07-02,ICNE11.SA,ICNE11,700.0
2026-07-08,2026-07-03,ICNE11.SA,ICNE11,700.0
2026-07-08,2026-07-06,ICNE11.SA,ICNE11,700.0
2026-07-08,2026-07-07,ICNE11.SA,ICNE11,700.0
2026-07-08,2026-06-08,IMMB11.SA,IMMB11,170.0
2026-07-08,2026-06-09,IMMB11.SA,IMMB11,170.0
2026-07-08,2026-06-10,IMMB11.SA,IMMB11,170.0
2026-07-08,2026-06-11,IMMB11.SA,IMMB11,170.0
2026-07-08,2026-06-12,IMMB11.SA,IMMB11,170.0
2026-07-08,2026-06-15,IMMB11.SA,IMMB11,170.0
2026-07-08,2026-06-16,IMMB11.SA,IMMB11,170.0
2026-07-08,2026-06-17,IMMB11.SA,IMMB11,180.0
2026-07-08,2026-06-18,IMMB11.SA,IMMB11,180.0
2026-07-08,2026-06-19,IMMB11.SA,IMMB11,180.0
2026-07-08,2026-06-22,IMMB11.SA,IMMB11,180.0
2026-07-08,2026-06-23,IMMB11.SA,IMMB11,180.0
2026-07-08,2026-06-24,IMMB11.SA,IMMB11,180.0
2026-07-08,2026-06-25,IMMB11.SA,IMMB11,180.0
2026-07-08,2026-06-26,IMMB11.SA,IMMB11,180.0
2026-07-08,2026-06-29,IMMB11.SA,IMMB11,180.0
2026-07-08,2026-06-30,IMMB11.SA,IMMB11,180.0
2026-07-08,2026-07-01,IMMB11.SA,IMMB11,180.0
2026-07-08,2026-07-02,IMMB11.SA,IMMB11,180.0
2026-07-08,2026-07-03,IMMB11.SA,IMMB11,180.0
2026-07-08,2026-07-06,IMMB11.SA,IMMB11,180.0
2026-07-08,2026-07-07,IMMB11.SA,IMMB11,180.0
2026-07-08,2026-06-08,INDE11.SA,INDE11,80.0
2026-07-08,2026-06-09,INDE11.SA,INDE11,80.0
2026-07-08,2026-06-10,INDE11.SA,INDE11,80.0
2026-07-08,2026-06-11,INDE11.SA,INDE11,80.0
2026-07-08,2026-06-12,INDE11.SA,INDE11,80.0
2026-07-08,2026-06-15,INDE11.SA,INDE11,80.0
2026-07-08,2026-06-16,INDE11.SA,INDE11,65.0199966430664
2026-07-08,2026-06-17,INDE11.SA,INDE11,80.0
2026-07-08,2026-06-18,INDE11.SA,INDE11,80.0
2026-07-08,2026-06-19,INDE11.SA,INDE11,80.0
2026-07-08,2026-06-22,INDE11.SA,INDE11,80.0
2026-07-08,2026-06-23,INDE11.SA,INDE11,80.0
2026-07-08,2026-06-24,INDE11.SA,INDE11,80.0
2026-07-08,2026-06-25,INDE11.SA,INDE11,80.0
2026-07-08,2026-06-26,INDE11.SA,INDE11,80.0
2026-07-08,2026-06-29,INDE11.SA,INDE11,80.0
2026-07-08,2026-06-30,INDE11.SA,INDE11,80.0
2026-07-08,2026-07-01,INDE11.SA,INDE11,80.0
2026-07-08,2026-07-02,INDE11.SA,INDE11,80.0
2026-07-08,2026-07-03,INDE11.SA,INDE11,80.0
2026-07-08,2026-07-06,INDE11.SA,INDE11,80.0
2026-07-08,2026-07-07,INDE11.SA,INDE11,80.0
2026-07-08,2026-06-08,INLG11.SA,INLG11,65.5
2026-07-08,2026-06-09,INLG11.SA,INLG11,65.1500015258789
2026-07-08,2026-06-10,INLG11.SA,INLG11,64.8499984741211
2026-07-08,2026-06-11,INLG11.SA,INLG11,65.0
2026-07-08,2026-06-12,INLG11.SA,INLG11,65.62999725341797
2026-07-08,2026-06-15,INLG11.SA,INLG11,66.95999908447266
2026-07-08,2026-06-16,INLG11.SA,INLG11,66.13999938964844
2026-07-08,2026-06-17,INLG11.SA,INLG11,65.91999816894531
2026-07-08,2026-06-18,INLG11.SA,INLG11,65.83999633789062
2026-07-08,2026-06-19,INLG11.SA,INLG11,65.44999694824219
2026-07-08,2026-06-22,INLG11.SA,INLG11,64.94999694824219
2026-07-08,2026-06-23,INLG11.SA,INLG11,65.0999984741211
2026-07-08,2026-06-24,INLG11.SA,INLG11,67.0
2026-07-08,2026-06-25,INLG11.SA,INLG11,67.0
2026-07-08,2026-06-26,INLG11.SA,INLG11,67.4800033569336
2026-07-08,2026-06-29,INLG11.SA,INLG11,68.95999908447266
2026-07-08,2026-06-30,INLG11.SA,INLG11,72.0
2026-07-08,2026-07-01,INLG11.SA,INLG11,70.2300033569336
2026-07-08,2026-07-02,INLG11.SA,INLG11,68.0
2026-07-08,2026-07-03,INLG11.SA,INLG11,67.66999816894531
2026-07-08,2026-07-06,INLG11.SA,INLG11,67.83999633789062
2026-07-08,2026-07-07,INLG11.SA,INLG11,66.80999755859375
2026-07-08,2026-06-08,INRD11.SA,INRD11,74.54000091552734
2026-07-08,2026-06-09,INRD11.SA,INRD11,74.0
2026-07-08,2026-06-10,INRD11.SA,INRD11,73.80000305175781
2026-07-08,2026-06-11,INRD11.SA,INRD11,73.94999694824219
2026-07-08,2026-06-12,INRD11.SA,INRD11,73.94000244140625
2026-07-08,2026-06-15,INRD11.SA,INRD11,73.94999694824219
2026-07-08,2026-06-16,INRD11.SA,INRD11,73.94000244140625
2026-07-08,2026-06-17,INRD11.SA,INRD11,73.86000061035156
2026-07-08,2026-06-18,INRD11.SA,INRD11,74.05999755859375
2026-07-08,2026-06-19,INRD11.SA,INRD11,75.8499984741211
2026-07-08,2026-06-22,INRD11.SA,INRD11,74.4000015258789
2026-07-08,2026-06-23,INRD11.SA,INRD11,75.66000366210938
2026-07-08,2026-06-24,INRD11.SA,INRD11,76.0
2026-07-08,2026-06-25,INRD11.SA,INRD11,77.97000122070312
2026-07-08,2026-06-26,INRD11.SA,INRD11,78.0999984741211
2026-07-08,2026-06-29,INRD11.SA,INRD11,75.5199966430664
2026-07-08,2026-06-30,INRD11.SA,INRD11,78.13999938964844
2026-07-08,2026-07-01,INRD11.SA,INRD11,76.51000213623047
2026-07-08,2026-07-02,INRD11.SA,INRD11,76.94000244140625
2026-07-08,2026-07-03,INRD11.SA,INRD11,76.01000213623047
2026-07-08,2026-07-06,INRD11.SA,INRD11,74.5999984741211
2026-07-08,2026-07-07,INRD11.SA,INRD11,75.47000122070312
2026-07-08,2026-06-08,ITIP11.SA,ITIP11,69.01000213623047
2026-07-08,2026-06-09,ITIP11.SA,ITIP11,69.01000213623047
2026-07-08,2026-06-10,ITIP11.SA,ITIP11,69.3499984741211
2026-07-08,2026-06-11,ITIP11.SA,ITIP11,69.0
2026-07-08,2026-06-12,ITIP11.SA,ITIP11,68.70999908447266
2026-07-08,2026-06-15,ITIP11.SA,ITIP11,69.05000305175781
2026-07-08,2026-06-16,ITIP11.SA,ITIP11,69.44999694824219
2026-07-08,2026-06-17,ITIP11.SA,ITIP11,69.79000091552734
2026-07-08,2026-06-18,ITIP11.SA,ITIP11,69.3499984741211
2026-07-08,2026-06-19,ITIP11.SA,ITIP11,69.61000061035156
2026-07-08,2026-06-22,ITIP11.SA,ITIP11,66.77999877929688
2026-07-08,2026-06-23,ITIP11.SA,ITIP11,65.80999755859375
2026-07-08,2026-06-24,ITIP11.SA,ITIP11,65.87999725341797
2026-07-08,2026-06-25,ITIP11.SA,ITIP11,65.9800033569336
2026-07-08,2026-06-26,ITIP11.SA,ITIP11,66.47000122070312
2026-07-08,2026-06-29,ITIP11.SA,ITIP11,65.0
2026-07-08,2026-06-30,ITIP11.SA,ITIP11,65.08000183105469
2026-07-08,2026-07-01,ITIP11.SA,ITIP11,63.869998931884766
2026-07-08,2026-07-02,ITIP11.SA,ITIP11,63.13999938964844
2026-07-08,2026-07-03,ITIP11.SA,ITIP11,61.25
2026-07-08,2026-07-06,ITIP11.SA,ITIP11,56.02000045776367
2026-07-08,2026-07-07,ITIP11.SA,ITIP11,55.599998474121094
2026-07-08,2026-06-08,ITIT11.SA,ITIT11,76.30999755859375
2026-07-08,2026-06-09,ITIT11.SA,ITIT11,76.55999755859375
2026-07-08,2026-06-10,ITIT11.SA,ITIT11,76.20999908447266
2026-07-08,2026-06-11,ITIT11.SA,ITIT11,76.27999877929688
2026-07-08,2026-06-12,ITIT11.SA,ITIT11,76.69000244140625
2026-07-08,2026-06-15,ITIT11.SA,ITIT11,77.48999786376953
2026-07-08,2026-06-16,ITIT11.SA,ITIT11,77.16999816894531
2026-07-08,2026-06-17,ITIT11.SA,ITIT11,76.91000366210938
2026-07-08,2026-06-18,ITIT11.SA,ITIT11,76.51000213623047
2026-07-08,2026-06-19,ITIT11.SA,ITIT11,76.5999984741211
2026-07-08,2026-06-22,ITIT11.SA,ITIT11,76.05000305175781
2026-07-08,2026-06-23,ITIT11.SA,ITIT11,75.4800033569336
2026-07-08,2026-06-24,ITIT11.SA,ITIT11,75.6500015258789
2026-07-08,2026-06-25,ITIT11.SA,ITIT11,71.02999877929688
2026-07-08,2026-06-26,ITIT11.SA,ITIT11,71.44000244140625
2026-07-08,2026-06-29,ITIT11.SA,ITIT11,68.0
2026-07-08,2026-06-30,ITIT11.SA,ITIT11,64.98999786376953
2026-07-08,2026-07-01,ITIT11.SA,ITIT11,63.04999923706055
2026-07-08,2026-07-02,ITIT11.SA,ITIT11,61.15999984741211
2026-07-08,2026-07-03,ITIT11.SA,ITIT11,57.0
2026-07-08,2026-07-06,ITIT11.SA,ITIT11,55.79999923706055
2026-07-08,2026-07-07,ITIT11.SA,ITIT11,57.0099983215332
2026-07-08,2026-06-08,IBBP11.SA,IBBP11,8.079999923706055
2026-07-08,2026-06-09,IBBP11.SA,IBBP11,8.100000381469727
2026-07-08,2026-06-10,IBBP11.SA,IBBP11,8.09000015258789
2026-07-08,2026-06-11,IBBP11.SA,IBBP11,8.069999694824219
2026-07-08,2026-06-12,IBBP11.SA,IBBP11,7.989999771118164
2026-07-08,2026-06-15,IBBP11.SA,IBBP11,7.96999979019165
2026-07-08,2026-06-16,IBBP11.SA,IBBP11,8.0
2026-07-08,2026-06-17,IBBP11.SA,IBBP11,7.599999904632568
2026-07-08,2026-06-18,IBBP11.SA,IBBP11,7.889999866485596
2026-07-08,2026-06-19,IBBP11.SA,IBBP11,7.710000038146973
2026-07-08,2026-06-22,IBBP11.SA,IBBP11,8.0
2026-07-08,2026-06-23,IBBP11.SA,IBBP11,8.0
2026-07-08,2026-06-24,IBBP11.SA,IBBP11,7.929999828338623
2026-07-08,2026-06-25,IBBP11.SA,IBBP11,7.550000190734863
2026-07-08,2026-06-26,IBBP11.SA,IBBP11,8.0
2026-07-08,2026-06-29,IBBP11.SA,IBBP11,8.0
2026-07-08,2026-06-30,IBBP11.SA,IBBP11,7.75
2026-07-08,2026-07-01,IBBP11.SA,IBBP11,7.800000190734863
2026-07-08,2026-07-02,IBBP11.SA,IBBP11,8.0
2026-07-08,2026-07-03,IBBP11.SA,IBBP11,7.920000076293945
2026-07-08,2026-07-06,IBBP11.SA,IBBP11,7.920000076293945
2026-07-08,2026-07-07,IBBP11.SA,IBBP11,7.980000019073486
2026-07-08,2026-06-08,XPIN11.SA,XPIN11,63.400001525878906
2026-07-08,2026-06-09,XPIN11.SA,XPIN11,63.5099983215332
2026-07-08,2026-06-10,XPIN11.SA,XPIN11,63.599998474121094
2026-07-08,2026-06-11,XPIN11.SA,XPIN11,64.0
2026-07-08,2026-06-12,XPIN11.SA,XPIN11,64.98999786376953
2026-07-08,2026-06-15,XPIN11.SA,XPIN11,65.26000213623047
2026-07-08,2026-06-16,XPIN11.SA,XPIN11,65.37000274658203
2026-07-08,2026-06-17,XPIN11.SA,XPIN11,65.20999908447266
2026-07-08,2026-06-18,XPIN11.SA,XPIN11,64.80000305175781
2026-07-08,2026-06-19,XPIN11.SA,XPIN11,63.9900016784668
2026-07-08,2026-06-22,XPIN11.SA,XPIN11,62.599998474121094
2026-07-08,2026-06-23,XPIN11.SA,XPIN11,62.060001373291016
2026-07-08,2026-06-24,XPIN11.SA,XPIN11,61.15999984741211
2026-07-08,2026-06-25,XPIN11.SA,XPIN11,61.099998474121094
2026-07-08,2026-06-26,XPIN11.SA,XPIN11,61.0
2026-07-08,2026-06-29,XPIN11.SA,XPIN11,61.9900016784668
2026-07-08,2026-06-30,XPIN11.SA,XPIN11,65.0
2026-07-08,2026-07-01,XPIN11.SA,XPIN11,64.0
2026-07-08,2026-07-02,XPIN11.SA,XPIN11,61.189998626708984
2026-07-08,2026-07-03,XPIN11.SA,XPIN11,61.529998779296875
2026-07-08,2026-07-06,XPIN11.SA,XPIN11,62.040000915527344
2026-07-08,2026-07-07,XPIN11.SA,XPIN11,62.040000915527344
2026-07-08,2026-06-08,IRIM11.SA,IRIM11,66.45999908447266
2026-07-08,2026-06-09,IRIM11.SA,IRIM11,66.7699966430664
2026-07-08,2026-06-10,IRIM11.SA,IRIM11,66.38999938964844
2026-07-08,2026-06-11,IRIM11.SA,IRIM11,65.5
2026-07-08,2026-06-12,IRIM11.SA,IRIM11,65.8499984741211
2026-07-08,2026-06-15,IRIM11.SA,IRIM11,66.66000366210938
2026-07-08,2026-06-16,IRIM11.SA,IRIM11,66.9000015258789
2026-07-08,2026-06-17,IRIM11.SA,IRIM11,67.16000366210938
2026-07-08,2026-06-18,IRIM11.SA,IRIM11,66.61000061035156
2026-07-08,2026-06-19,IRIM11.SA,IRIM11,66.55000305175781
2026-07-08,2026-06-22,IRIM11.SA,IRIM11,66.13999938964844
2026-07-08,2026-06-23,IRIM11.SA,IRIM11,65.94999694824219
2026-07-08,2026-06-24,IRIM11.SA,IRIM11,65.61000061035156
2026-07-08,2026-06-25,IRIM11.SA,IRIM11,65.55999755859375
2026-07-08,2026-06-26,IRIM11.SA,IRIM11,65.80999755859375
2026-07-08,2026-06-29,IRIM11.SA,IRIM11,65.83000183105469
2026-07-08,2026-06-30,IRIM11.SA,IRIM11,66.23999786376953
2026-07-08,2026-07-01,IRIM11.SA,IRIM11,66.51000213623047
2026-07-08,2026-07-02,IRIM11.SA,IRIM11,66.5999984741211
2026-07-08,2026-07-03,IRIM11.SA,IRIM11,66.9000015258789
2026-07-08,2026-07-06,IRIM11.SA,IRIM11,67.27999877929688
2026-07-08,2026-07-07,IRIM11.SA,IRIM11,66.80000305175781
2026-07-08,2026-06-08,ICRI11.SA,ICRI11,96.26000213623047
2026-07-08,2026-06-09,ICRI11.SA,ICRI11,96.25
2026-07-08,2026-06-10,ICRI11.SA,ICRI11,93.80000305175781
2026-07-08,2026-06-11,ICRI11.SA,ICRI11,94.97000122070312
2026-07-08,2026-06-12,ICRI11.SA,ICRI11,94.44000244140625
2026-07-08,2026-06-15,ICRI11.SA,ICRI11,94.88999938964844
2026-07-08,2026-06-16,ICRI11.SA,ICRI11,94.5
2026-07-08,2026-06-17,ICRI11.SA,ICRI11,94.73999786376953
2026-07-08,2026-06-18,ICRI11.SA,ICRI11,95.0999984741211
2026-07-08,2026-06-19,ICRI11.SA,ICRI11,95.05999755859375
2026-07-08,2026-06-22,ICRI11.SA,ICRI11,95.16000366210938
2026-07-08,2026-06-23,ICRI11.SA,ICRI11,94.4800033569336
2026-07-08,2026-06-24,ICRI11.SA,ICRI11,94.43000030517578
2026-07-08,2026-06-25,ICRI11.SA,ICRI11,94.51000213623047
2026-07-08,2026-06-26,ICRI11.SA,ICRI11,94.5
2026-07-08,2026-06-29,ICRI11.SA,ICRI11,95.02999877929688
2026-07-08,2026-06-30,ICRI11.SA,ICRI11,95.47000122070312
2026-07-08,2026-07-01,ICRI11.SA,ICRI11,93.81999969482422
2026-07-08,2026-07-02,ICRI11.SA,ICRI11,93.79000091552734
2026-07-08,2026-07-03,ICRI11.SA,ICRI11,94.62000274658203
2026-07-08,2026-07-06,ICRI11.SA,ICRI11,95.75
2026-07-08,2026-07-07,ICRI11.SA,ICRI11,95.4800033569336
2026-07-08,2026-06-08,TMPS11.SA,TMPS11,78.0
2026-07-08,2026-06-09,TMPS11.SA,TMPS11,73.75
2026-07-08,2026-06-10,TMPS11.SA,TMPS11,73.87000274658203
2026-07-08,2026-06-11,TMPS11.SA,TMPS11,73.48999786376953
2026-07-08,2026-06-12,TMPS11.SA,TMPS11,73.0
2026-07-08,2026-06-15,TMPS11.SA,TMPS11,73.80000305175781
2026-07-08,2026-06-16,TMPS11.SA,TMPS11,73.98999786376953
2026-07-08,2026-06-17,TMPS11.SA,TMPS11,73.54000091552734
2026-07-08,2026-06-18,TMPS11.SA,TMPS11,73.45999908447266
2026-07-08,2026-06-19,TMPS11.SA,TMPS11,73.5999984741211
2026-07-08,2026-06-22,TMPS11.SA,TMPS11,74.16000366210938
2026-07-08,2026-06-23,TMPS11.SA,TMPS11,73.68000030517578
2026-07-08,2026-06-24,TMPS11.SA,TMPS11,74.6500015258789
2026-07-08,2026-06-25,TMPS11.SA,TMPS11,74.58000183105469
2026-07-08,2026-06-26,TMPS11.SA,TMPS11,73.02999877929688
2026-07-08,2026-06-29,TMPS11.SA,TMPS11,73.8499984741211
2026-07-08,2026-06-30,TMPS11.SA,TMPS11,73.19999694824219
2026-07-08,2026-07-01,TMPS11.SA,TMPS11,73.0
2026-07-08,2026-07-02,TMPS11.SA,TMPS11,72.05999755859375
2026-07-08,2026-07-03,TMPS11.SA,TMPS11,72.97000122070312
2026-07-08,2026-07-06,TMPS11.SA,TMPS11,73.87999725341797
2026-07-08,2026-07-07,TMPS11.SA,TMPS11,73.94000244140625
2026-07-08,2026-06-08,ITRI11.SA,ITRI11,82.33000183105469
2026-07-08,2026-06-09,ITRI11.SA,ITRI11,82.5
2026-07-08,2026-06-10,ITRI11.SA,ITRI11,81.5
2026-07-08,2026-06-11,ITRI11.SA,ITRI11,81.55000305175781
2026-07-08,2026-06-12,ITRI11.SA,ITRI11,82.94999694824219
2026-07-08,2026-06-15,ITRI11.SA,ITRI11,82.80999755859375
2026-07-08,2026-06-16,ITRI11.SA,ITRI11,81.45999908447266
2026-07-08,2026-06-17,ITRI11.SA,ITRI11,80.76000213623047
2026-07-08,2026-06-18,ITRI11.SA,ITRI11,79.45999908447266
2026-07-08,2026-06-19,ITRI11.SA,ITRI11,79.61000061035156
2026-07-08,2026-06-22,ITRI11.SA,ITRI11,80.9000015258789
2026-07-08,2026-06-23,ITRI11.SA,ITRI11,79.77999877929688
2026-07-08,2026-06-24,ITRI11.SA,ITRI11,79.81999969482422
2026-07-08,2026-06-25,ITRI11.SA,ITRI11,80.44999694824219
2026-07-08,2026-06-26,ITRI11.SA,ITRI11,79.98999786376953
2026-07-08,2026-06-29,ITRI11.SA,ITRI11,81.4000015258789
2026-07-08,2026-06-30,ITRI11.SA,ITRI11,81.3499984741211
2026-07-08,2026-07-01,ITRI11.SA,ITRI11,79.98999786376953
2026-07-08,2026-07-02,ITRI11.SA,ITRI11,79.7300033569336
2026-07-08,2026-07-03,ITRI11.SA,ITRI11,79.7300033569336
2026-07-08,2026-07-06,ITRI11.SA,ITRI11,79.6500015258789
2026-07-08,2026-07-07,ITRI11.SA,ITRI11,79.51000213623047
2026-07-08,2026-06-08,JASC11.SA,JASC11,100.0
2026-07-08,2026-06-09,JASC11.SA,JASC11,100.0
2026-07-08,2026-06-10,JASC11.SA,JASC11,100.0
2026-07-08,2026-06-11,JASC11.SA,JASC11,100.0
2026-07-08,2026-06-12,JASC11.SA,JASC11,100.0
2026-07-08,2026-06-15,JASC11.SA,JASC11,100.0
2026-07-08,2026-06-16,JASC11.SA,JASC11,100.0
2026-07-08,2026-06-17,JASC11.SA,JASC11,100.0
2026-07-08,2026-06-18,JASC11.SA,JASC11,100.0
2026-07-08,2026-06-19,JASC11.SA,JASC11,100.0
2026-07-08,2026-06-22,JASC11.SA,JASC11,100.0
2026-07-08,2026-06-23,JASC11.SA,JASC11,100.0
2026-07-08,2026-06-24,JASC11.SA,JASC11,100.0
2026-07-08,2026-06-25,JASC11.SA,JASC11,100.0
2026-07-08,2026-06-26,JASC11.SA,JASC11,100.0
2026-07-08,2026-06-29,JASC11.SA,JASC11,100.0
2026-07-08,2026-06-30,JASC11.SA,JASC11,100.0
2026-07-08,2026-07-01,JASC11.SA,JASC11,100.0
2026-07-08,2026-07-02,JASC11.SA,JASC11,100.0
2026-07-08,2026-07-03,JASC11.SA,JASC11,100.0
2026-07-08,2026-07-06,JASC11.SA,JASC11,100.0
2026-07-08,2026-07-07,JASC11.SA,JASC11,100.0
2026-07-08,2026-06-08,VJFD11.SA,VJFD11,126.95999908447266
2026-07-08,2026-06-09,VJFD11.SA,VJFD11,126.95999908447266
2026-07-08,2026-06-10,VJFD11.SA,VJFD11,126.95999908447266
2026-07-08,2026-06-11,VJFD11.SA,VJFD11,126.95999908447266
2026-07-08,2026-06-12,VJFD11.SA,VJFD11,126.95999908447266
2026-07-08,2026-06-15,VJFD11.SA,VJFD11,126.95999908447266
2026-07-08,2026-06-16,VJFD11.SA,VJFD11,126.95999908447266
2026-07-08,2026-06-17,VJFD11.SA,VJFD11,126.95999908447266
2026-07-08,2026-06-18,VJFD11.SA,VJFD11,126.95999908447266
2026-07-08,2026-06-19,VJFD11.SA,VJFD11,126.95999908447266
2026-07-08,2026-06-22,VJFD11.SA,VJFD11,126.95999908447266
2026-07-08,2026-06-23,VJFD11.SA,VJFD11,126.95999908447266
2026-07-08,2026-06-24,VJFD11.SA,VJFD11,126.95999908447266
2026-07-08,2026-06-25,VJFD11.SA,VJFD11,126.95999908447266
2026-07-08,2026-06-26,VJFD11.SA,VJFD11,126.95999908447266
2026-07-08,2026-06-29,VJFD11.SA,VJFD11,126.95999908447266
2026-07-08,2026-06-30,VJFD11.SA,VJFD11,126.95999908447266
2026-07-08,2026-07-01,VJFD11.SA,VJFD11,126.95999908447266
2026-07-08,2026-07-02,VJFD11.SA,VJFD11,126.95999908447266
2026-07-08,2026-07-03,VJFD11.SA,VJFD11,126.95999908447266
2026-07-08,2026-07-06,VJFD11.SA,VJFD11,126.95999908447266
2026-07-08,2026-07-07,VJFD11.SA,VJFD11,126.95999908447266
2026-07-08,2026-06-08,JFLL11.SA,JFLL11,56.2599983215332
2026-07-08,2026-06-09,JFLL11.SA,JFLL11,56.2599983215332
2026-07-08,2026-06-10,JFLL11.SA,JFLL11,56.25
2026-07-08,2026-06-11,JFLL11.SA,JFLL11,56.27000045776367
2026-07-08,2026-06-12,JFLL11.SA,JFLL11,56.439998626708984
2026-07-08,2026-06-15,JFLL11.SA,JFLL11,55.75
2026-07-08,2026-06-16,JFLL11.SA,JFLL11,56.11000061035156
2026-07-08,2026-06-17,JFLL11.SA,JFLL11,55.810001373291016
2026-07-08,2026-06-18,JFLL11.SA,JFLL11,55.86000061035156
2026-07-08,2026-06-19,JFLL11.SA,JFLL11,55.880001068115234
2026-07-08,2026-06-22,JFLL11.SA,JFLL11,55.75
2026-07-08,2026-06-23,JFLL11.SA,JFLL11,55.880001068115234
2026-07-08,2026-06-24,JFLL11.SA,JFLL11,55.75
2026-07-08,2026-06-25,JFLL11.SA,JFLL11,55.869998931884766
2026-07-08,2026-06-26,JFLL11.SA,JFLL11,55.75
2026-07-08,2026-06-29,JFLL11.SA,JFLL11,55.75
2026-07-08,2026-06-30,JFLL11.SA,JFLL11,55.7599983215332
2026-07-08,2026-07-01,JFLL11.SA,JFLL11,55.7400016784668
2026-07-08,2026-07-02,JFLL11.SA,JFLL11,55.75
2026-07-08,2026-07-03,JFLL11.SA,JFLL11,55.75
2026-07-08,2026-07-06,JFLL11.SA,JFLL11,55.84000015258789
2026-07-08,2026-07-07,JFLL11.SA,JFLL11,55.75
2026-07-08,2026-06-08,JCCJ11.SA,JCCJ11,158.8000030517578
2026-07-08,2026-06-09,JCCJ11.SA,JCCJ11,158.8000030517578
2026-07-08,2026-06-10,JCCJ11.SA,JCCJ11,153.5
2026-07-08,2026-06-11,JCCJ11.SA,JCCJ11,157.58999633789062
2026-07-08,2026-06-12,JCCJ11.SA,JCCJ11,157.5800018310547
2026-07-08,2026-06-15,JCCJ11.SA,JCCJ11,153.1999969482422
2026-07-08,2026-06-16,JCCJ11.SA,JCCJ11,153.72000122070312
2026-07-08,2026-06-17,JCCJ11.SA,JCCJ11,153.3000030517578
2026-07-08,2026-06-18,JCCJ11.SA,JCCJ11,155.44000244140625
2026-07-08,2026-06-19,JCCJ11.SA,JCCJ11,154.49000549316406
2026-07-08,2026-06-22,JCCJ11.SA,JCCJ11,153.30999755859375
2026-07-08,2026-06-23,JCCJ11.SA,JCCJ11,153.16000366210938
2026-07-08,2026-06-24,JCCJ11.SA,JCCJ11,154.8000030517578
2026-07-08,2026-06-25,JCCJ11.SA,JCCJ11,152.6999969482422
2026-07-08,2026-06-26,JCCJ11.SA,JCCJ11,150.0
2026-07-08,2026-06-29,JCCJ11.SA,JCCJ11,149.5
2026-07-08,2026-06-30,JCCJ11.SA,JCCJ11,149.0
2026-07-08,2026-07-01,JCCJ11.SA,JCCJ11,149.35000610351562
2026-07-08,2026-07-02,JCCJ11.SA,JCCJ11,145.99000549316406
2026-07-08,2026-07-03,JCCJ11.SA,JCCJ11,142.5
2026-07-08,2026-07-06,JCCJ11.SA,JCCJ11,143.19000244140625
2026-07-08,2026-07-07,JCCJ11.SA,JCCJ11,139.5800018310547
2026-07-08,2026-06-08,JPPA11.SA,JPPA11,83.0
2026-07-08,2026-06-09,JPPA11.SA,JPPA11,81.0
2026-07-08,2026-06-10,JPPA11.SA,JPPA11,81.58999633789062
2026-07-08,2026-06-11,JPPA11.SA,JPPA11,82.55999755859375
2026-07-08,2026-06-12,JPPA11.SA,JPPA11,81.23999786376953
2026-07-08,2026-06-15,JPPA11.SA,JPPA11,81.01000213623047
2026-07-08,2026-06-16,JPPA11.SA,JPPA11,81.48999786376953
2026-07-08,2026-06-17,JPPA11.SA,JPPA11,82.63999938964844
2026-07-08,2026-06-18,JPPA11.SA,JPPA11,81.0
2026-07-08,2026-06-19,JPPA11.SA,JPPA11,81.0999984741211
2026-07-08,2026-06-22,JPPA11.SA,JPPA11,84.9000015258789
2026-07-08,2026-06-23,JPPA11.SA,JPPA11,84.70999908447266
2026-07-08,2026-06-24,JPPA11.SA,JPPA11,84.5999984741211
2026-07-08,2026-06-25,JPPA11.SA,JPPA11,85.30000305175781
2026-07-08,2026-06-26,JPPA11.SA,JPPA11,85.23999786376953
2026-07-08,2026-06-29,JPPA11.SA,JPPA11,86.6500015258789
2026-07-08,2026-06-30,JPPA11.SA,JPPA11,86.9800033569336
2026-07-08,2026-07-01,JPPA11.SA,JPPA11,85.69000244140625
2026-07-08,2026-07-02,JPPA11.SA,JPPA11,83.88999938964844
2026-07-08,2026-07-03,JPPA11.SA,JPPA11,84.37000274658203
2026-07-08,2026-07-06,JPPA11.SA,JPPA11,83.94000244140625
2026-07-08,2026-07-07,JPPA11.SA,JPPA11,82.30999755859375
2026-07-08,2026-06-08,JSAF11.SA,JSAF11,7.320000171661377
2026-07-08,2026-06-09,JSAF11.SA,JSAF11,7.300000190734863
2026-07-08,2026-06-10,JSAF11.SA,JSAF11,7.25
2026-07-08,2026-06-11,JSAF11.SA,JSAF11,7.369999885559082
2026-07-08,2026-06-12,JSAF11.SA,JSAF11,7.340000152587891
2026-07-08,2026-06-15,JSAF11.SA,JSAF11,7.380000114440918
2026-07-08,2026-06-16,JSAF11.SA,JSAF11,7.28000020980835
2026-07-08,2026-06-17,JSAF11.SA,JSAF11,7.199999809265137
2026-07-08,2026-06-18,JSAF11.SA,JSAF11,7.230000019073486
2026-07-08,2026-06-19,JSAF11.SA,JSAF11,7.230000019073486
2026-07-08,2026-06-22,JSAF11.SA,JSAF11,7.289999961853027
2026-07-08,2026-06-23,JSAF11.SA,JSAF11,7.289999961853027
2026-07-08,2026-06-24,JSAF11.SA,JSAF11,7.260000228881836
2026-07-08,2026-06-25,JSAF11.SA,JSAF11,7.300000190734863
2026-07-08,2026-06-26,JSAF11.SA,JSAF11,7.320000171661377
2026-07-08,2026-06-29,JSAF11.SA,JSAF11,7.369999885559082
2026-07-08,2026-06-30,JSAF11.SA,JSAF11,7.380000114440918
2026-07-08,2026-07-01,JSAF11.SA,JSAF11,7.320000171661377
2026-07-08,2026-07-02,JSAF11.SA,JSAF11,7.320000171661377
2026-07-08,2026-07-03,JSAF11.SA,JSAF11,7.409999847412109
2026-07-08,2026-07-06,JSAF11.SA,JSAF11,7.449999809265137
2026-07-08,2026-07-07,JSAF11.SA,JSAF11,7.389999866485596
2026-07-08,2026-06-08,JSRE11.SA,JSRE11,61.0
2026-07-08,2026-06-09,JSRE11.SA,JSRE11,61.04999923706055
2026-07-08,2026-06-10,JSRE11.SA,JSRE11,60.79999923706055
2026-07-08,2026-06-11,JSRE11.SA,JSRE11,60.83000183105469
2026-07-08,2026-06-12,JSRE11.SA,JSRE11,61.099998474121094
2026-07-08,2026-06-15,JSRE11.SA,JSRE11,60.91999816894531
2026-07-08,2026-06-16,JSRE11.SA,JSRE11,61.40999984741211
2026-07-08,2026-06-17,JSRE11.SA,JSRE11,60.900001525878906
2026-07-08,2026-06-18,JSRE11.SA,JSRE11,60.16999816894531
2026-07-08,2026-06-19,JSRE11.SA,JSRE11,60.13999938964844
2026-07-08,2026-06-22,JSRE11.SA,JSRE11,60.060001373291016
2026-07-08,2026-06-23,JSRE11.SA,JSRE11,59.970001220703125
2026-07-08,2026-06-24,JSRE11.SA,JSRE11,59.099998474121094
2026-07-08,2026-06-25,JSRE11.SA,JSRE11,58.869998931884766
2026-07-08,2026-06-26,JSRE11.SA,JSRE11,58.939998626708984
2026-07-08,2026-06-29,JSRE11.SA,JSRE11,59.869998931884766
2026-07-08,2026-06-30,JSRE11.SA,JSRE11,60.529998779296875
2026-07-08,2026-07-01,JSRE11.SA,JSRE11,59.79999923706055
2026-07-08,2026-07-02,JSRE11.SA,JSRE11,59.31999969482422
2026-07-08,2026-07-03,JSRE11.SA,JSRE11,59.06999969482422
2026-07-08,2026-07-06,JSRE11.SA,JSRE11,58.90999984741211
2026-07-08,2026-07-07,JSRE11.SA,JSRE11,57.9900016784668
2026-07-08,2026-06-08,JSCR11.SA,JSCR11,8.270000457763672
2026-07-08,2026-06-09,JSCR11.SA,JSCR11,8.399999618530273
2026-07-08,2026-06-10,JSCR11.SA,JSCR11,8.319999694824219
2026-07-08,2026-06-11,JSCR11.SA,JSCR11,8.380000114440918
2026-07-08,2026-06-12,JSCR11.SA,JSCR11,8.359999656677246
2026-07-08,2026-06-15,JSCR11.SA,JSCR11,8.4399995803833
2026-07-08,2026-06-16,JSCR11.SA,JSCR11,8.380000114440918
2026-07-08,2026-06-17,JSCR11.SA,JSCR11,8.279999732971191
2026-07-08,2026-06-18,JSCR11.SA,JSCR11,8.279999732971191
2026-07-08,2026-06-19,JSCR11.SA,JSCR11,8.300000190734863
2026-07-08,2026-06-22,JSCR11.SA,JSCR11,8.319999694824219
2026-07-08,2026-06-23,JSCR11.SA,JSCR11,8.319999694824219
2026-07-08,2026-06-24,JSCR11.SA,JSCR11,8.319999694824219
2026-07-08,2026-06-25,JSCR11.SA,JSCR11,8.319999694824219
2026-07-08,2026-06-26,JSCR11.SA,JSCR11,8.210000038146973
2026-07-08,2026-06-29,JSCR11.SA,JSCR11,8.279999732971191
2026-07-08,2026-06-30,JSCR11.SA,JSCR11,8.319999694824219
2026-07-08,2026-07-01,JSCR11.SA,JSCR11,8.130000114440918
2026-07-08,2026-07-02,JSCR11.SA,JSCR11,8.25
2026-07-08,2026-07-03,JSCR11.SA,JSCR11,8.140000343322754
2026-07-08,2026-07-06,JSCR11.SA,JSCR11,8.279999732971191
2026-07-08,2026-07-07,JSCR11.SA,JSCR11,8.100000381469727
2026-07-08,2026-06-08,KISU11.SA,KISU11,6.519999980926514
2026-07-08,2026-06-09,KISU11.SA,KISU11,6.510000228881836
2026-07-08,2026-06-10,KISU11.SA,KISU11,6.349999904632568
2026-07-08,2026-06-11,KISU11.SA,KISU11,6.5
2026-07-08,2026-06-12,KISU11.SA,KISU11,6.440000057220459
2026-07-08,2026-06-15,KISU11.SA,KISU11,6.53000020980835
2026-07-08,2026-06-16,KISU11.SA,KISU11,6.480000019073486
2026-07-08,2026-06-17,KISU11.SA,KISU11,6.449999809265137
2026-07-08,2026-06-18,KISU11.SA,KISU11,6.369999885559082
2026-07-08,2026-06-19,KISU11.SA,KISU11,6.360000133514404
2026-07-08,2026-06-22,KISU11.SA,KISU11,6.309999942779541
2026-07-08,2026-06-23,KISU11.SA,KISU11,6.400000095367432
2026-07-08,2026-06-24,KISU11.SA,KISU11,6.360000133514404
2026-07-08,2026-06-25,KISU11.SA,KISU11,6.369999885559082
2026-07-08,2026-06-26,KISU11.SA,KISU11,6.349999904632568
2026-07-08,2026-06-29,KISU11.SA,KISU11,6.320000171661377
2026-07-08,2026-06-30,KISU11.SA,KISU11,6.429999828338623
2026-07-08,2026-07-01,KISU11.SA,KISU11,6.429999828338623
2026-07-08,2026-07-02,KISU11.SA,KISU11,6.409999847412109
2026-07-08,2026-07-03,KISU11.SA,KISU11,6.5
2026-07-08,2026-07-06,KISU11.SA,KISU11,6.409999847412109
2026-07-08,2026-07-07,KISU11.SA,KISU11,6.46999979019165
2026-07-08,2026-06-08,KIVO11.SA,KIVO11,58.29999923706055
2026-07-08,2026-06-09,KIVO11.SA,KIVO11,58.150001525878906
2026-07-08,2026-06-10,KIVO11.SA,KIVO11,57.58000183105469
2026-07-08,2026-06-11,KIVO11.SA,KIVO11,58.0099983215332
2026-07-08,2026-06-12,KIVO11.SA,KIVO11,58.619998931884766
2026-07-08,2026-06-15,KIVO11.SA,KIVO11,58.70000076293945
2026-07-08,2026-06-16,KIVO11.SA,KIVO11,59.97999954223633
2026-07-08,2026-06-17,KIVO11.SA,KIVO11,59.20000076293945
2026-07-08,2026-06-18,KIVO11.SA,KIVO11,59.34000015258789
2026-07-08,2026-06-19,KIVO11.SA,KIVO11,59.900001525878906
2026-07-08,2026-06-22,KIVO11.SA,KIVO11,59.2599983215332
2026-07-08,2026-06-23,KIVO11.SA,KIVO11,59.33000183105469
2026-07-08,2026-06-24,KIVO11.SA,KIVO11,59.029998779296875
2026-07-08,2026-06-25,KIVO11.SA,KIVO11,59.09000015258789
2026-07-08,2026-06-26,KIVO11.SA,KIVO11,58.900001525878906
2026-07-08,2026-06-29,KIVO11.SA,KIVO11,59.61000061035156
2026-07-08,2026-06-30,KIVO11.SA,KIVO11,60.060001373291016
2026-07-08,2026-07-01,KIVO11.SA,KIVO11,60.560001373291016
2026-07-08,2026-07-02,KIVO11.SA,KIVO11,60.22999954223633
2026-07-08,2026-07-03,KIVO11.SA,KIVO11,59.93000030517578
2026-07-08,2026-07-06,KIVO11.SA,KIVO11,58.849998474121094
2026-07-08,2026-07-07,KIVO11.SA,KIVO11,58.68000030517578
2026-07-08,2026-06-08,KCRE11.SA,KCRE11,9.119999885559082
2026-07-08,2026-06-09,KCRE11.SA,KCRE11,9.079999923706055
2026-07-08,2026-06-10,KCRE11.SA,KCRE11,8.979999542236328
2026-07-08,2026-06-11,KCRE11.SA,KCRE11,9.079999923706055
2026-07-08,2026-06-12,KCRE11.SA,KCRE11,9.119999885559082
2026-07-08,2026-06-15,KCRE11.SA,KCRE11,9.15999984741211
2026-07-08,2026-06-16,KCRE11.SA,KCRE11,9.149999618530273
2026-07-08,2026-06-17,KCRE11.SA,KCRE11,9.130000114440918
2026-07-08,2026-06-18,KCRE11.SA,KCRE11,9.079999923706055
2026-07-08,2026-06-19,KCRE11.SA,KCRE11,9.149999618530273
2026-07-08,2026-06-22,KCRE11.SA,KCRE11,9.100000381469727
2026-07-08,2026-06-23,KCRE11.SA,KCRE11,9.039999961853027
2026-07-08,2026-06-24,KCRE11.SA,KCRE11,8.989999771118164
2026-07-08,2026-06-25,KCRE11.SA,KCRE11,8.979999542236328
2026-07-08,2026-06-26,KCRE11.SA,KCRE11,8.970000267028809
2026-07-08,2026-06-29,KCRE11.SA,KCRE11,9.079999923706055
2026-07-08,2026-06-30,KCRE11.SA,KCRE11,9.109999656677246
2026-07-08,2026-07-01,KCRE11.SA,KCRE11,8.949999809265137
2026-07-08,2026-07-02,KCRE11.SA,KCRE11,9.010000228881836
2026-07-08,2026-07-03,KCRE11.SA,KCRE11,8.979999542236328
2026-07-08,2026-07-06,KCRE11.SA,KCRE11,9.0
2026-07-08,2026-07-07,KCRE11.SA,KCRE11,8.989999771118164
2026-07-08,2026-06-08,KFEN11.SA,KFEN11,1100.0
2026-07-08,2026-06-09,KFEN11.SA,KFEN11,1100.0
2026-07-08,2026-06-10,KFEN11.SA,KFEN11,1100.0
2026-07-08,2026-06-11,KFEN11.SA,KFEN11,1100.0
2026-07-08,2026-06-12,KFEN11.SA,KFEN11,1100.0
2026-07-08,2026-06-15,KFEN11.SA,KFEN11,1100.0
2026-07-08,2026-06-16,KFEN11.SA,KFEN11,1100.0
2026-07-08,2026-06-17,KFEN11.SA,KFEN11,1100.0
2026-07-08,2026-06-18,KFEN11.SA,KFEN11,1100.0
2026-07-08,2026-06-19,KFEN11.SA,KFEN11,1100.0
2026-07-08,2026-06-22,KFEN11.SA,KFEN11,1100.0
2026-07-08,2026-06-23,KFEN11.SA,KFEN11,1100.0
2026-07-08,2026-06-24,KFEN11.SA,KFEN11,1100.0
2026-07-08,2026-06-25,KFEN11.SA,KFEN11,1100.0
2026-07-08,2026-06-26,KFEN11.SA,KFEN11,1100.0
2026-07-08,2026-06-29,KFEN11.SA,KFEN11,1100.0
2026-07-08,2026-06-30,KFEN11.SA,KFEN11,1100.0
2026-07-08,2026-07-01,KFEN11.SA,KFEN11,1100.0
2026-07-08,2026-07-02,KFEN11.SA,KFEN11,1100.0
2026-07-08,2026-07-03,KFEN11.SA,KFEN11,1100.0
2026-07-08,2026-07-06,KFEN11.SA,KFEN11,1100.0
2026-07-08,2026-07-07,KFEN11.SA,KFEN11,1100.0
2026-07-08,2026-06-08,KNHF11.SA,KNHF11,96.2300033569336
2026-07-08,2026-06-09,KNHF11.SA,KNHF11,95.30000305175781
2026-07-08,2026-06-10,KNHF11.SA,KNHF11,94.11000061035156
2026-07-08,2026-06-11,KNHF11.SA,KNHF11,95.23999786376953
2026-07-08,2026-06-12,KNHF11.SA,KNHF11,95.77999877929688
2026-07-08,2026-06-15,KNHF11.SA,KNHF11,96.12000274658203
2026-07-08,2026-06-16,KNHF11.SA,KNHF11,95.91000366210938
2026-07-08,2026-06-17,KNHF11.SA,KNHF11,94.93000030517578
2026-07-08,2026-06-18,KNHF11.SA,KNHF11,94.62000274658203
2026-07-08,2026-06-19,KNHF11.SA,KNHF11,94.19999694824219
2026-07-08,2026-06-22,KNHF11.SA,KNHF11,94.20999908447266
2026-07-08,2026-06-23,KNHF11.SA,KNHF11,94.58000183105469
2026-07-08,2026-06-24,KNHF11.SA,KNHF11,94.0999984741211
2026-07-08,2026-06-25,KNHF11.SA,KNHF11,94.91999816894531
2026-07-08,2026-06-26,KNHF11.SA,KNHF11,95.30000305175781
2026-07-08,2026-06-29,KNHF11.SA,KNHF11,95.44000244140625
2026-07-08,2026-06-30,KNHF11.SA,KNHF11,95.66000366210938
2026-07-08,2026-07-01,KNHF11.SA,KNHF11,94.05000305175781
2026-07-08,2026-07-02,KNHF11.SA,KNHF11,94.0999984741211
2026-07-08,2026-07-03,KNHF11.SA,KNHF11,94.87999725341797
2026-07-08,2026-07-06,KNHF11.SA,KNHF11,94.52999877929688
2026-07-08,2026-07-07,KNHF11.SA,KNHF11,94.1500015258789
2026-07-08,2026-06-08,KNHY11.SA,KNHY11,99.30000305175781
2026-07-08,2026-06-09,KNHY11.SA,KNHY11,99.5
2026-07-08,2026-06-10,KNHY11.SA,KNHY11,99.1500015258789
2026-07-08,2026-06-11,KNHY11.SA,KNHY11,99.30000305175781
2026-07-08,2026-06-12,KNHY11.SA,KNHY11,99.4000015258789
2026-07-08,2026-06-15,KNHY11.SA,KNHY11,99.2699966430664
2026-07-08,2026-06-16,KNHY11.SA,KNHY11,99.2699966430664
2026-07-08,2026-06-17,KNHY11.SA,KNHY11,99.6500015258789
2026-07-08,2026-06-18,KNHY11.SA,KNHY11,99.16000366210938
2026-07-08,2026-06-19,KNHY11.SA,KNHY11,99.20999908447266
2026-07-08,2026-06-22,KNHY11.SA,KNHY11,99.36000061035156
2026-07-08,2026-06-23,KNHY11.SA,KNHY11,99.55000305175781
2026-07-08,2026-06-24,KNHY11.SA,KNHY11,99.5
2026-07-08,2026-06-25,KNHY11.SA,KNHY11,99.80999755859375
2026-07-08,2026-06-26,KNHY11.SA,KNHY11,99.8499984741211
2026-07-08,2026-06-29,KNHY11.SA,KNHY11,99.83999633789062
2026-07-08,2026-06-30,KNHY11.SA,KNHY11,100.16999816894531
2026-07-08,2026-07-01,KNHY11.SA,KNHY11,99.47000122070312
2026-07-08,2026-07-02,KNHY11.SA,KNHY11,99.44999694824219
2026-07-08,2026-07-03,KNHY11.SA,KNHY11,99.51000213623047
2026-07-08,2026-07-06,KNHY11.SA,KNHY11,99.16000366210938
2026-07-08,2026-07-07,KNHY11.SA,KNHY11,99.18000030517578
2026-07-08,2026-06-08,KNRE11.SA,KNRE11,0.3400000035762787
2026-07-08,2026-06-09,KNRE11.SA,KNRE11,0.33000001311302185
2026-07-08,2026-06-10,KNRE11.SA,KNRE11,0.3400000035762787
2026-07-08,2026-06-11,KNRE11.SA,KNRE11,0.33000001311302185
2026-07-08,2026-06-12,KNRE11.SA,KNRE11,0.33000001311302185
2026-07-08,2026-06-15,KNRE11.SA,KNRE11,0.33000001311302185
2026-07-08,2026-06-16,KNRE11.SA,KNRE11,0.3400000035762787
2026-07-08,2026-06-17,KNRE11.SA,KNRE11,0.3400000035762787
2026-07-08,2026-06-18,KNRE11.SA,KNRE11,0.33000001311302185
2026-07-08,2026-06-19,KNRE11.SA,KNRE11,0.3400000035762787
2026-07-08,2026-06-22,KNRE11.SA,KNRE11,0.33000001311302185
2026-07-08,2026-06-23,KNRE11.SA,KNRE11,0.33000001311302185
2026-07-08,2026-06-24,KNRE11.SA,KNRE11,0.33000001311302185
2026-07-08,2026-06-25,KNRE11.SA,KNRE11,0.33000001311302185
2026-07-08,2026-06-26,KNRE11.SA,KNRE11,0.33000001311302185
2026-07-08,2026-06-29,KNRE11.SA,KNRE11,0.3400000035762787
2026-07-08,2026-06-30,KNRE11.SA,KNRE11,0.3400000035762787
2026-07-08,2026-07-01,KNRE11.SA,KNRE11,0.33000001311302185
2026-07-08,2026-07-02,KNRE11.SA,KNRE11,0.33000001311302185
2026-07-08,2026-07-03,KNRE11.SA,KNRE11,0.33000001311302185
2026-07-08,2026-07-06,KNRE11.SA,KNRE11,0.33000001311302185
2026-07-08,2026-07-07,KNRE11.SA,KNRE11,0.33000001311302185
2026-07-08,2026-06-08,KNIP11.SA,KNIP11,93.0199966430664
2026-07-08,2026-06-09,KNIP11.SA,KNIP11,92.5
2026-07-08,2026-06-10,KNIP11.SA,KNIP11,91.86000061035156
2026-07-08,2026-06-11,KNIP11.SA,KNIP11,91.80000305175781
2026-07-08,2026-06-12,KNIP11.SA,KNIP11,91.80999755859375
2026-07-08,2026-06-15,KNIP11.SA,KNIP11,91.80000305175781
2026-07-08,2026-06-16,KNIP11.SA,KNIP11,91.5199966430664
2026-07-08,2026-06-17,KNIP11.SA,KNIP11,91.7699966430664
2026-07-08,2026-06-18,KNIP11.SA,KNIP11,91.5999984741211
2026-07-08,2026-06-19,KNIP11.SA,KNIP11,92.29000091552734
2026-07-08,2026-06-22,KNIP11.SA,KNIP11,92.22000122070312
2026-07-08,2026-06-23,KNIP11.SA,KNIP11,92.31999969482422
2026-07-08,2026-06-24,KNIP11.SA,KNIP11,91.75
2026-07-08,2026-06-25,KNIP11.SA,KNIP11,93.22000122070312
2026-07-08,2026-06-26,KNIP11.SA,KNIP11,92.66000366210938
2026-07-08,2026-06-29,KNIP11.SA,KNIP11,92.80000305175781
2026-07-08,2026-06-30,KNIP11.SA,KNIP11,92.5
2026-07-08,2026-07-01,KNIP11.SA,KNIP11,92.48999786376953
2026-07-08,2026-07-02,KNIP11.SA,KNIP11,93.0
2026-07-08,2026-07-03,KNIP11.SA,KNIP11,92.94000244140625
2026-07-08,2026-07-06,KNIP11.SA,KNIP11,92.26000213623047
2026-07-08,2026-07-07,KNIP11.SA,KNIP11,92.55000305175781
2026-07-08,2026-06-08,KORE11.SA,KORE11,65.4000015258789
2026-07-08,2026-06-09,KORE11.SA,KORE11,65.16999816894531
2026-07-08,2026-06-10,KORE11.SA,KORE11,64.0
2026-07-08,2026-06-11,KORE11.SA,KORE11,64.94000244140625
2026-07-08,2026-06-12,KORE11.SA,KORE11,64.20999908447266
2026-07-08,2026-06-15,KORE11.SA,KORE11,65.5
2026-07-08,2026-06-16,KORE11.SA,KORE11,64.27999877929688
2026-07-08,2026-06-17,KORE11.SA,KORE11,64.05999755859375
2026-07-08,2026-06-18,KORE11.SA,KORE11,64.01000213623047
2026-07-08,2026-06-19,KORE11.SA,KORE11,63.099998474121094
2026-07-08,2026-06-22,KORE11.SA,KORE11,62.88999938964844
2026-07-08,2026-06-23,KORE11.SA,KORE11,61.650001525878906
2026-07-08,2026-06-24,KORE11.SA,KORE11,62.0
2026-07-08,2026-06-25,KORE11.SA,KORE11,62.18000030517578
2026-07-08,2026-06-26,KORE11.SA,KORE11,63.119998931884766
2026-07-08,2026-06-29,KORE11.SA,KORE11,63.810001373291016
2026-07-08,2026-06-30,KORE11.SA,KORE11,63.650001525878906
2026-07-08,2026-07-01,KORE11.SA,KORE11,62.36000061035156
2026-07-08,2026-07-02,KORE11.SA,KORE11,62.33000183105469
2026-07-08,2026-07-03,KORE11.SA,KORE11,62.09000015258789
2026-07-08,2026-07-06,KORE11.SA,KORE11,62.130001068115234
2026-07-08,2026-07-07,KORE11.SA,KORE11,62.970001220703125
2026-07-08,2026-06-17,KNPR11.SA,KNPR11,92.16999816894531
2026-07-08,2026-06-18,KNPR11.SA,KNPR11,82.0
2026-07-08,2026-06-19,KNPR11.SA,KNPR11,82.5
2026-07-08,2026-06-22,KNPR11.SA,KNPR11,83.33000183105469
2026-07-08,2026-06-23,KNPR11.SA,KNPR11,89.37999725341797
2026-07-08,2026-06-24,KNPR11.SA,KNPR11,83.0199966430664
2026-07-08,2026-06-25,KNPR11.SA,KNPR11,89.37999725341797
2026-07-08,2026-06-26,KNPR11.SA,KNPR11,89.37999725341797
2026-07-08,2026-06-29,KNPR11.SA,KNPR11,89.18000030517578
2026-07-08,2026-06-30,KNPR11.SA,KNPR11,89.0
2026-07-08,2026-07-01,KNPR11.SA,KNPR11,82.5
2026-07-08,2026-07-02,KNPR11.SA,KNPR11,70.04000091552734
2026-07-08,2026-07-03,KNPR11.SA,KNPR11,70.75
2026-07-08,2026-07-06,KNPR11.SA,KNPR11,72.0
2026-07-08,2026-07-07,KNPR11.SA,KNPR11,72.0
2026-07-08,2026-06-08,KNRI11.SA,KNRI11,153.0
2026-07-08,2026-06-09,KNRI11.SA,KNRI11,153.0
2026-07-08,2026-06-10,KNRI11.SA,KNRI11,150.69000244140625
2026-07-08,2026-06-11,KNRI11.SA,KNRI11,153.8000030517578
2026-07-08,2026-06-12,KNRI11.SA,KNRI11,153.35000610351562
2026-07-08,2026-06-15,KNRI11.SA,KNRI11,157.0800018310547
2026-07-08,2026-06-16,KNRI11.SA,KNRI11,156.2100067138672
2026-07-08,2026-06-17,KNRI11.SA,KNRI11,154.00999450683594
2026-07-08,2026-06-18,KNRI11.SA,KNRI11,151.64999389648438
2026-07-08,2026-06-19,KNRI11.SA,KNRI11,149.39999389648438
2026-07-08,2026-06-22,KNRI11.SA,KNRI11,149.30999755859375
2026-07-08,2026-06-23,KNRI11.SA,KNRI11,149.60000610351562
2026-07-08,2026-06-24,KNRI11.SA,KNRI11,149.11000061035156
2026-07-08,2026-06-25,KNRI11.SA,KNRI11,149.4499969482422
2026-07-08,2026-06-26,KNRI11.SA,KNRI11,149.5
2026-07-08,2026-06-29,KNRI11.SA,KNRI11,152.72000122070312
2026-07-08,2026-06-30,KNRI11.SA,KNRI11,153.80999755859375
2026-07-08,2026-07-01,KNRI11.SA,KNRI11,154.9499969482422
2026-07-08,2026-07-02,KNRI11.SA,KNRI11,156.30999755859375
2026-07-08,2026-07-03,KNRI11.SA,KNRI11,156.9199981689453
2026-07-08,2026-07-06,KNRI11.SA,KNRI11,155.2899932861328
2026-07-08,2026-07-07,KNRI11.SA,KNRI11,155.5500030517578
2026-07-08,2026-06-08,KNCR11.SA,KNCR11,105.88999938964844
2026-07-08,2026-06-09,KNCR11.SA,KNCR11,106.41000366210938
2026-07-08,2026-06-10,KNCR11.SA,KNCR11,106.16999816894531
2026-07-08,2026-06-11,KNCR11.SA,KNCR11,106.62999725341797
2026-07-08,2026-06-12,KNCR11.SA,KNCR11,106.91999816894531
2026-07-08,2026-06-15,KNCR11.SA,KNCR11,107.26000213623047
2026-07-08,2026-06-16,KNCR11.SA,KNCR11,106.75
2026-07-08,2026-06-17,KNCR11.SA,KNCR11,106.51000213623047
2026-07-08,2026-06-18,KNCR11.SA,KNCR11,106.94000244140625
2026-07-08,2026-06-19,KNCR11.SA,KNCR11,107.05999755859375
2026-07-08,2026-06-22,KNCR11.SA,KNCR11,107.11000061035156
2026-07-08,2026-06-23,KNCR11.SA,KNCR11,107.27999877929688
2026-07-08,2026-06-24,KNCR11.SA,KNCR11,107.20999908447266
2026-07-08,2026-06-25,KNCR11.SA,KNCR11,107.69999694824219
2026-07-08,2026-06-26,KNCR11.SA,KNCR11,107.69000244140625
2026-07-08,2026-06-29,KNCR11.SA,KNCR11,107.6500015258789
2026-07-08,2026-06-30,KNCR11.SA,KNCR11,107.88999938964844
2026-07-08,2026-07-01,KNCR11.SA,KNCR11,106.69999694824219
2026-07-08,2026-07-02,KNCR11.SA,KNCR11,107.2300033569336
2026-07-08,2026-07-03,KNCR11.SA,KNCR11,107.66000366210938
2026-07-08,2026-07-06,KNCR11.SA,KNCR11,107.80000305175781
2026-07-08,2026-07-07,KNCR11.SA,KNCR11,107.94999694824219
2026-07-08,2026-06-08,KNSC11.SA,KNSC11,9.100000381469727
2026-07-08,2026-06-09,KNSC11.SA,KNSC11,9.0600004196167
2026-07-08,2026-06-10,KNSC11.SA,KNSC11,9.0
2026-07-08,2026-06-11,KNSC11.SA,KNSC11,9.050000190734863
2026-07-08,2026-06-12,KNSC11.SA,KNSC11,9.100000381469727
2026-07-08,2026-06-15,KNSC11.SA,KNSC11,9.100000381469727
2026-07-08,2026-06-16,KNSC11.SA,KNSC11,9.0600004196167
2026-07-08,2026-06-17,KNSC11.SA,KNSC11,9.0600004196167
2026-07-08,2026-06-18,KNSC11.SA,KNSC11,8.979999542236328
2026-07-08,2026-06-19,KNSC11.SA,KNSC11,9.010000228881836
2026-07-08,2026-06-22,KNSC11.SA,KNSC11,9.050000190734863
2026-07-08,2026-06-23,KNSC11.SA,KNSC11,9.100000381469727
2026-07-08,2026-06-24,KNSC11.SA,KNSC11,9.079999923706055
2026-07-08,2026-06-25,KNSC11.SA,KNSC11,9.119999885559082
2026-07-08,2026-06-26,KNSC11.SA,KNSC11,9.170000076293945
2026-07-08,2026-06-29,KNSC11.SA,KNSC11,9.15999984741211
2026-07-08,2026-06-30,KNSC11.SA,KNSC11,9.180000305175781
2026-07-08,2026-07-01,KNSC11.SA,KNSC11,9.069999694824219
2026-07-08,2026-07-02,KNSC11.SA,KNSC11,9.069999694824219
2026-07-08,2026-07-03,KNSC11.SA,KNSC11,9.130000114440918
2026-07-08,2026-07-06,KNSC11.SA,KNSC11,9.140000343322754
2026-07-08,2026-07-07,KNSC11.SA,KNSC11,9.180000305175781
2026-07-08,2026-06-08,KNUQ11.SA,KNUQ11,104.08999633789062
2026-07-08,2026-06-09,KNUQ11.SA,KNUQ11,104.04000091552734
2026-07-08,2026-06-10,KNUQ11.SA,KNUQ11,104.0
2026-07-08,2026-06-11,KNUQ11.SA,KNUQ11,104.73999786376953
2026-07-08,2026-06-12,KNUQ11.SA,KNUQ11,104.7300033569336
2026-07-08,2026-06-15,KNUQ11.SA,KNUQ11,105.0
2026-07-08,2026-06-16,KNUQ11.SA,KNUQ11,104.93000030517578
2026-07-08,2026-06-17,KNUQ11.SA,KNUQ11,104.26000213623047
2026-07-08,2026-06-18,KNUQ11.SA,KNUQ11,104.47000122070312
2026-07-08,2026-06-19,KNUQ11.SA,KNUQ11,104.5
2026-07-08,2026-06-22,KNUQ11.SA,KNUQ11,105.1500015258789
2026-07-08,2026-06-23,KNUQ11.SA,KNUQ11,104.80000305175781
2026-07-08,2026-06-24,KNUQ11.SA,KNUQ11,104.80000305175781
2026-07-08,2026-06-25,KNUQ11.SA,KNUQ11,104.80000305175781
2026-07-08,2026-06-26,KNUQ11.SA,KNUQ11,105.43000030517578
2026-07-08,2026-06-29,KNUQ11.SA,KNUQ11,105.43000030517578
2026-07-08,2026-06-30,KNUQ11.SA,KNUQ11,105.88999938964844
2026-07-08,2026-07-01,KNUQ11.SA,KNUQ11,104.47000122070312
2026-07-08,2026-07-02,KNUQ11.SA,KNUQ11,104.29000091552734
2026-07-08,2026-07-03,KNUQ11.SA,KNUQ11,104.47000122070312
2026-07-08,2026-07-06,KNUQ11.SA,KNUQ11,104.5999984741211
2026-07-08,2026-07-07,KNUQ11.SA,KNUQ11,104.95999908447266
2026-07-08,2026-06-08,LMAI11.SA,LMAI11,36.900001525878906
2026-07-08,2026-06-09,LMAI11.SA,LMAI11,37.0
2026-07-08,2026-06-10,LMAI11.SA,LMAI11,36.900001525878906
2026-07-08,2026-06-11,LMAI11.SA,LMAI11,37.0
2026-07-08,2026-06-12,LMAI11.SA,LMAI11,37.0
2026-07-08,2026-06-15,LMAI11.SA,LMAI11,37.0
2026-07-08,2026-06-16,LMAI11.SA,LMAI11,36.9900016784668
2026-07-08,2026-06-17,LMAI11.SA,LMAI11,36.5
2026-07-08,2026-06-18,LMAI11.SA,LMAI11,37.0
2026-07-08,2026-06-19,LMAI11.SA,LMAI11,36.0
2026-07-08,2026-06-22,LMAI11.SA,LMAI11,36.9900016784668
2026-07-08,2026-06-23,LMAI11.SA,LMAI11,36.9900016784668
2026-07-08,2026-06-24,LMAI11.SA,LMAI11,36.9900016784668
2026-07-08,2026-06-25,LMAI11.SA,LMAI11,36.9900016784668
2026-07-08,2026-06-26,LMAI11.SA,LMAI11,37.0
2026-07-08,2026-06-29,LMAI11.SA,LMAI11,36.900001525878906
2026-07-08,2026-06-30,LMAI11.SA,LMAI11,36.900001525878906
2026-07-08,2026-07-01,LMAI11.SA,LMAI11,36.900001525878906
2026-07-08,2026-07-02,LMAI11.SA,LMAI11,36.79999923706055
2026-07-08,2026-07-03,LMAI11.SA,LMAI11,36.79999923706055
2026-07-08,2026-07-06,LMAI11.SA,LMAI11,37.0
2026-07-08,2026-07-07,LMAI11.SA,LMAI11,37.0
2026-07-08,2026-06-08,LPLP11.SA,LPLP11,248.0
2026-07-08,2026-06-09,LPLP11.SA,LPLP11,248.0
2026-07-08,2026-06-10,LPLP11.SA,LPLP11,248.0
2026-07-08,2026-06-11,LPLP11.SA,LPLP11,248.0
2026-07-08,2026-06-12,LPLP11.SA,LPLP11,248.0
2026-07-08,2026-06-15,LPLP11.SA,LPLP11,248.0
2026-07-08,2026-06-16,LPLP11.SA,LPLP11,248.0
2026-07-08,2026-06-17,LPLP11.SA,LPLP11,225.0
2026-07-08,2026-06-18,LPLP11.SA,LPLP11,225.0
2026-07-08,2026-06-19,LPLP11.SA,LPLP11,225.0
2026-07-08,2026-06-22,LPLP11.SA,LPLP11,225.0
2026-07-08,2026-06-23,LPLP11.SA,LPLP11,210.0
2026-07-08,2026-06-24,LPLP11.SA,LPLP11,210.0
2026-07-08,2026-06-25,LPLP11.SA,LPLP11,212.5
2026-07-08,2026-06-26,LPLP11.SA,LPLP11,212.5
2026-07-08,2026-06-29,LPLP11.SA,LPLP11,205.0
2026-07-08,2026-06-30,LPLP11.SA,LPLP11,206.0
2026-07-08,2026-07-01,LPLP11.SA,LPLP11,206.0
2026-07-08,2026-07-02,LPLP11.SA,LPLP11,234.0
2026-07-08,2026-07-03,LPLP11.SA,LPLP11,234.0
2026-07-08,2026-07-06,LPLP11.SA,LPLP11,234.0
2026-07-08,2026-07-07,LPLP11.SA,LPLP11,234.0
2026-07-08,2026-06-08,LRED11.SA,LRED11,12.0
2026-07-08,2026-06-09,LRED11.SA,LRED11,12.0
2026-07-08,2026-06-10,LRED11.SA,LRED11,12.0
2026-07-08,2026-06-11,LRED11.SA,LRED11,12.0
2026-07-08,2026-06-12,LRED11.SA,LRED11,12.0
2026-07-08,2026-06-15,LRED11.SA,LRED11,12.0
2026-07-08,2026-06-16,LRED11.SA,LRED11,12.0
2026-07-08,2026-06-17,LRED11.SA,LRED11,12.0
2026-07-08,2026-06-18,LRED11.SA,LRED11,12.0
2026-07-08,2026-06-19,LRED11.SA,LRED11,12.0
2026-07-08,2026-06-22,LRED11.SA,LRED11,12.0
2026-07-08,2026-06-23,LRED11.SA,LRED11,12.0
2026-07-08,2026-06-24,LRED11.SA,LRED11,12.0
2026-07-08,2026-06-25,LRED11.SA,LRED11,12.0
2026-07-08,2026-06-26,LRED11.SA,LRED11,12.0
2026-07-08,2026-06-29,LRED11.SA,LRED11,12.0
2026-07-08,2026-06-30,LRED11.SA,LRED11,12.0
2026-07-08,2026-07-01,LRED11.SA,LRED11,12.0
2026-07-08,2026-07-02,LRED11.SA,LRED11,12.0
2026-07-08,2026-07-03,LRED11.SA,LRED11,12.0
2026-07-08,2026-07-06,LRED11.SA,LRED11,12.0
2026-07-08,2026-07-07,LRED11.SA,LRED11,12.0
2026-07-08,2026-06-08,LSOI11.SA,LSOI11,12.020000457763672
2026-07-08,2026-06-09,LSOI11.SA,LSOI11,12.020000457763672
2026-07-08,2026-06-10,LSOI11.SA,LSOI11,12.020000457763672
2026-07-08,2026-06-11,LSOI11.SA,LSOI11,12.020000457763672
2026-07-08,2026-06-12,LSOI11.SA,LSOI11,12.020000457763672
2026-07-08,2026-06-15,LSOI11.SA,LSOI11,12.020000457763672
2026-07-08,2026-06-16,LSOI11.SA,LSOI11,12.020000457763672
2026-07-08,2026-06-17,LSOI11.SA,LSOI11,12.020000457763672
2026-07-08,2026-06-18,LSOI11.SA,LSOI11,12.020000457763672
2026-07-08,2026-06-19,LSOI11.SA,LSOI11,12.020000457763672
2026-07-08,2026-06-22,LSOI11.SA,LSOI11,12.020000457763672
2026-07-08,2026-06-23,LSOI11.SA,LSOI11,12.020000457763672
2026-07-08,2026-06-24,LSOI11.SA,LSOI11,12.020000457763672
2026-07-08,2026-06-25,LSOI11.SA,LSOI11,12.020000457763672
2026-07-08,2026-06-26,LSOI11.SA,LSOI11,12.020000457763672
2026-07-08,2026-06-29,LSOI11.SA,LSOI11,12.020000457763672
2026-07-08,2026-06-30,LSOI11.SA,LSOI11,12.020000457763672
2026-07-08,2026-07-01,LSOI11.SA,LSOI11,12.020000457763672
2026-07-08,2026-07-02,LSOI11.SA,LSOI11,12.020000457763672
2026-07-08,2026-07-03,LSOI11.SA,LSOI11,12.020000457763672
2026-07-08,2026-07-06,LSOI11.SA,LSOI11,12.020000457763672
2026-07-08,2026-07-07,LSOI11.SA,LSOI11,12.020000457763672
2026-07-08,2026-06-08,LSOP11.SA,LSOP11,10.600000381469727
2026-07-08,2026-06-09,LSOP11.SA,LSOP11,10.600000381469727
2026-07-08,2026-06-10,LSOP11.SA,LSOP11,10.600000381469727
2026-07-08,2026-06-11,LSOP11.SA,LSOP11,10.600000381469727
2026-07-08,2026-06-12,LSOP11.SA,LSOP11,10.600000381469727
2026-07-08,2026-06-15,LSOP11.SA,LSOP11,10.600000381469727
2026-07-08,2026-06-16,LSOP11.SA,LSOP11,10.600000381469727
2026-07-08,2026-06-17,LSOP11.SA,LSOP11,10.600000381469727
2026-07-08,2026-06-18,LSOP11.SA,LSOP11,10.600000381469727
2026-07-08,2026-06-19,LSOP11.SA,LSOP11,10.600000381469727
2026-07-08,2026-06-22,LSOP11.SA,LSOP11,10.600000381469727
2026-07-08,2026-06-23,LSOP11.SA,LSOP11,10.600000381469727
2026-07-08,2026-06-24,LSOP11.SA,LSOP11,10.600000381469727
2026-07-08,2026-06-25,LSOP11.SA,LSOP11,10.600000381469727
2026-07-08,2026-06-26,LSOP11.SA,LSOP11,10.600000381469727
2026-07-08,2026-06-29,LSOP11.SA,LSOP11,10.600000381469727
2026-07-08,2026-06-30,LSOP11.SA,LSOP11,10.600000381469727
2026-07-08,2026-07-01,LSOP11.SA,LSOP11,10.600000381469727
2026-07-08,2026-07-02,LSOP11.SA,LSOP11,10.600000381469727
2026-07-08,2026-07-03,LSOP11.SA,LSOP11,10.600000381469727
2026-07-08,2026-07-06,LSOP11.SA,LSOP11,10.600000381469727
2026-07-08,2026-07-07,LSOP11.SA,LSOP11,10.600000381469727
2026-07-08,2026-06-08,LRDI11.SA,LRDI11,118.80000305175781
2026-07-08,2026-06-09,LRDI11.SA,LRDI11,118.80000305175781
2026-07-08,2026-06-10,LRDI11.SA,LRDI11,118.80000305175781
2026-07-08,2026-06-11,LRDI11.SA,LRDI11,118.80000305175781
2026-07-08,2026-06-12,LRDI11.SA,LRDI11,118.80000305175781
2026-07-08,2026-06-15,LRDI11.SA,LRDI11,116.41999816894531
2026-07-08,2026-06-16,LRDI11.SA,LRDI11,116.41999816894531
2026-07-08,2026-06-17,LRDI11.SA,LRDI11,116.41999816894531
2026-07-08,2026-06-18,LRDI11.SA,LRDI11,114.08999633789062
2026-07-08,2026-06-19,LRDI11.SA,LRDI11,114.08999633789062
2026-07-08,2026-06-22,LRDI11.SA,LRDI11,114.08999633789062
2026-07-08,2026-06-23,LRDI11.SA,LRDI11,114.08999633789062
2026-07-08,2026-06-24,LRDI11.SA,LRDI11,114.08999633789062
2026-07-08,2026-06-25,LRDI11.SA,LRDI11,114.08999633789062
2026-07-08,2026-06-26,LRDI11.SA,LRDI11,114.08999633789062
2026-07-08,2026-06-29,LRDI11.SA,LRDI11,114.08999633789062
2026-07-08,2026-06-30,LRDI11.SA,LRDI11,114.08999633789062
2026-07-08,2026-07-01,LRDI11.SA,LRDI11,114.08999633789062
2026-07-08,2026-07-02,LRDI11.SA,LRDI11,114.08999633789062
2026-07-08,2026-07-03,LRDI11.SA,LRDI11,114.08999633789062
2026-07-08,2026-07-06,LRDI11.SA,LRDI11,114.08999633789062
2026-07-08,2026-07-07,LRDI11.SA,LRDI11,114.08999633789062
2026-07-08,2026-06-08,LASC11.SA,LASC11,111.0
2026-07-08,2026-06-09,LASC11.SA,LASC11,109.5
2026-07-08,2026-06-10,LASC11.SA,LASC11,110.44000244140625
2026-07-08,2026-06-11,LASC11.SA,LASC11,111.0
2026-07-08,2026-06-12,LASC11.SA,LASC11,111.30999755859375
2026-07-08,2026-06-15,LASC11.SA,LASC11,111.05000305175781
2026-07-08,2026-06-16,LASC11.SA,LASC11,111.44000244140625
2026-07-08,2026-06-17,LASC11.SA,LASC11,112.0
2026-07-08,2026-06-18,LASC11.SA,LASC11,112.0
2026-07-08,2026-06-19,LASC11.SA,LASC11,112.0
2026-07-08,2026-06-22,LASC11.SA,LASC11,111.3499984741211
2026-07-08,2026-06-23,LASC11.SA,LASC11,111.83000183105469
2026-07-08,2026-06-24,LASC11.SA,LASC11,111.05000305175781
2026-07-08,2026-06-25,LASC11.SA,LASC11,109.5999984741211
2026-07-08,2026-06-26,LASC11.SA,LASC11,110.0
2026-07-08,2026-06-29,LASC11.SA,LASC11,110.91999816894531
2026-07-08,2026-06-30,LASC11.SA,LASC11,111.98999786376953
2026-07-08,2026-07-01,LASC11.SA,LASC11,111.73999786376953
2026-07-08,2026-07-02,LASC11.SA,LASC11,111.69999694824219
2026-07-08,2026-07-03,LASC11.SA,LASC11,111.69999694824219
2026-07-08,2026-07-06,LASC11.SA,LASC11,111.4000015258789
2026-07-08,2026-07-07,LASC11.SA,LASC11,111.3499984741211
2026-07-08,2026-06-08,LIFE11.SA,LIFE11,7.889999866485596
2026-07-08,2026-06-09,LIFE11.SA,LIFE11,7.78000020980835
2026-07-08,2026-06-10,LIFE11.SA,LIFE11,7.309999942779541
2026-07-08,2026-06-11,LIFE11.SA,LIFE11,7.380000114440918
2026-07-08,2026-06-12,LIFE11.SA,LIFE11,7.480000019073486
2026-07-08,2026-06-15,LIFE11.SA,LIFE11,7.400000095367432
2026-07-08,2026-06-16,LIFE11.SA,LIFE11,7.380000114440918
2026-07-08,2026-06-17,LIFE11.SA,LIFE11,7.320000171661377
2026-07-08,2026-06-18,LIFE11.SA,LIFE11,7.349999904632568
2026-07-08,2026-06-19,LIFE11.SA,LIFE11,7.360000133514404
2026-07-08,2026-06-22,LIFE11.SA,LIFE11,7.300000190734863
2026-07-08,2026-06-23,LIFE11.SA,LIFE11,7.300000190734863
2026-07-08,2026-06-24,LIFE11.SA,LIFE11,7.130000114440918
2026-07-08,2026-06-25,LIFE11.SA,LIFE11,7.150000095367432
2026-07-08,2026-06-26,LIFE11.SA,LIFE11,7.050000190734863
2026-07-08,2026-06-29,LIFE11.SA,LIFE11,7.039999961853027
2026-07-08,2026-06-30,LIFE11.SA,LIFE11,7.079999923706055
2026-07-08,2026-07-01,LIFE11.SA,LIFE11,6.880000114440918
2026-07-08,2026-07-02,LIFE11.SA,LIFE11,6.889999866485596
2026-07-08,2026-07-03,LIFE11.SA,LIFE11,6.860000133514404
2026-07-08,2026-07-06,LIFE11.SA,LIFE11,6.760000228881836
2026-07-08,2026-07-07,LIFE11.SA,LIFE11,6.860000133514404
2026-07-08,2026-06-08,MAGM11.SA,MAGM11,10.0
2026-07-08,2026-06-09,MAGM11.SA,MAGM11,10.0
2026-07-08,2026-06-10,MAGM11.SA,MAGM11,10.0
2026-07-08,2026-06-11,MAGM11.SA,MAGM11,10.100000381469727
2026-07-08,2026-06-12,MAGM11.SA,MAGM11,9.899999618530273
2026-07-08,2026-06-15,MAGM11.SA,MAGM11,10.0
2026-07-08,2026-06-16,MAGM11.SA,MAGM11,10.0
2026-07-08,2026-06-17,MAGM11.SA,MAGM11,10.0
2026-07-08,2026-06-18,MAGM11.SA,MAGM11,10.0
2026-07-08,2026-06-19,MAGM11.SA,MAGM11,10.0
2026-07-08,2026-06-22,MAGM11.SA,MAGM11,10.0
2026-07-08,2026-06-23,MAGM11.SA,MAGM11,10.0
2026-07-08,2026-06-24,MAGM11.SA,MAGM11,10.0
2026-07-08,2026-06-25,MAGM11.SA,MAGM11,10.0
2026-07-08,2026-06-26,MAGM11.SA,MAGM11,10.0
2026-07-08,2026-06-29,MAGM11.SA,MAGM11,10.0
2026-07-08,2026-06-30,MAGM11.SA,MAGM11,10.0
2026-07-08,2026-07-01,MAGM11.SA,MAGM11,10.0
2026-07-08,2026-07-02,MAGM11.SA,MAGM11,10.0
2026-07-08,2026-07-03,MAGM11.SA,MAGM11,10.0
2026-07-08,2026-07-06,MAGM11.SA,MAGM11,10.0
2026-07-08,2026-07-07,MAGM11.SA,MAGM11,10.0
2026-07-08,2026-06-08,MANA11.SA,MANA11,9.149999618530273
2026-07-08,2026-06-09,MANA11.SA,MANA11,9.149999618530273
2026-07-08,2026-06-10,MANA11.SA,MANA11,9.020000457763672
2026-07-08,2026-06-11,MANA11.SA,MANA11,9.09000015258789
2026-07-08,2026-06-12,MANA11.SA,MANA11,9.1899995803833
2026-07-08,2026-06-15,MANA11.SA,MANA11,9.279999732971191
2026-07-08,2026-06-16,MANA11.SA,MANA11,9.25
2026-07-08,2026-06-17,MANA11.SA,MANA11,9.25
2026-07-08,2026-06-18,MANA11.SA,MANA11,9.229999542236328
2026-07-08,2026-06-19,MANA11.SA,MANA11,9.260000228881836
2026-07-08,2026-06-22,MANA11.SA,MANA11,9.260000228881836
2026-07-08,2026-06-23,MANA11.SA,MANA11,9.289999961853027
2026-07-08,2026-06-24,MANA11.SA,MANA11,9.260000228881836
2026-07-08,2026-06-25,MANA11.SA,MANA11,9.260000228881836
2026-07-08,2026-06-26,MANA11.SA,MANA11,9.300000190734863
2026-07-08,2026-06-29,MANA11.SA,MANA11,9.319999694824219
2026-07-08,2026-06-30,MANA11.SA,MANA11,9.34000015258789
2026-07-08,2026-07-01,MANA11.SA,MANA11,9.210000038146973
2026-07-08,2026-07-02,MANA11.SA,MANA11,9.260000228881836
2026-07-08,2026-07-03,MANA11.SA,MANA11,9.239999771118164
2026-07-08,2026-07-06,MANA11.SA,MANA11,9.260000228881836
2026-07-08,2026-07-07,MANA11.SA,MANA11,9.210000038146973
2026-07-08,2026-06-08,MMVE11.SA,MMVE11,147.0
2026-07-08,2026-06-09,MMVE11.SA,MMVE11,147.0
2026-07-08,2026-06-10,MMVE11.SA,MMVE11,147.0
2026-07-08,2026-06-11,MMVE11.SA,MMVE11,147.0
2026-07-08,2026-06-12,MMVE11.SA,MMVE11,147.0
2026-07-08,2026-06-15,MMVE11.SA,MMVE11,147.0
2026-07-08,2026-06-16,MMVE11.SA,MMVE11,147.0
2026-07-08,2026-06-17,MMVE11.SA,MMVE11,147.0
2026-07-08,2026-06-18,MMVE11.SA,MMVE11,147.0
2026-07-08,2026-06-19,MMVE11.SA,MMVE11,147.0
2026-07-08,2026-06-22,MMVE11.SA,MMVE11,147.0
2026-07-08,2026-06-23,MMVE11.SA,MMVE11,147.0
2026-07-08,2026-06-24,MMVE11.SA,MMVE11,147.0
2026-07-08,2026-06-25,MMVE11.SA,MMVE11,147.0
2026-07-08,2026-06-26,MMVE11.SA,MMVE11,147.0
2026-07-08,2026-06-29,MMVE11.SA,MMVE11,147.0
2026-07-08,2026-06-30,MMVE11.SA,MMVE11,147.0
2026-07-08,2026-07-01,MMVE11.SA,MMVE11,147.0
2026-07-08,2026-07-02,MMVE11.SA,MMVE11,147.0
2026-07-08,2026-07-03,MMVE11.SA,MMVE11,147.0
2026-07-08,2026-07-06,MMVE11.SA,MMVE11,147.0
2026-07-08,2026-07-07,MMVE11.SA,MMVE11,147.0
2026-07-08,2026-06-08,MCLO11.SA,MCLO11,9.989999771118164
2026-07-08,2026-06-09,MCLO11.SA,MCLO11,10.210000038146973
2026-07-08,2026-06-10,MCLO11.SA,MCLO11,10.050000190734863
2026-07-08,2026-06-11,MCLO11.SA,MCLO11,10.279999732971191
2026-07-08,2026-06-12,MCLO11.SA,MCLO11,10.279999732971191
2026-07-08,2026-06-15,MCLO11.SA,MCLO11,10.050000190734863
2026-07-08,2026-06-16,MCLO11.SA,MCLO11,10.5
2026-07-08,2026-06-17,MCLO11.SA,MCLO11,10.5
2026-07-08,2026-06-18,MCLO11.SA,MCLO11,10.460000038146973
2026-07-08,2026-06-19,MCLO11.SA,MCLO11,10.5
2026-07-08,2026-06-22,MCLO11.SA,MCLO11,10.5
2026-07-08,2026-06-23,MCLO11.SA,MCLO11,10.489999771118164
2026-07-08,2026-06-24,MCLO11.SA,MCLO11,10.449999809265137
2026-07-08,2026-06-25,MCLO11.SA,MCLO11,10.449999809265137
2026-07-08,2026-06-26,MCLO11.SA,MCLO11,10.369999885559082
2026-07-08,2026-06-29,MCLO11.SA,MCLO11,10.430000305175781
2026-07-08,2026-06-30,MCLO11.SA,MCLO11,10.399999618530273
2026-07-08,2026-07-01,MCLO11.SA,MCLO11,10.4399995803833
2026-07-08,2026-07-02,MCLO11.SA,MCLO11,10.5
2026-07-08,2026-07-03,MCLO11.SA,MCLO11,9.979999542236328
2026-07-08,2026-07-06,MCLO11.SA,MCLO11,10.069999694824219
2026-07-08,2026-07-07,MCLO11.SA,MCLO11,10.4399995803833
2026-07-08,2026-06-08,MCRE11.SA,MCRE11,9.119999885559082
2026-07-08,2026-06-09,MCRE11.SA,MCRE11,9.020000457763672
2026-07-08,2026-06-10,MCRE11.SA,MCRE11,8.890000343322754
2026-07-08,2026-06-11,MCRE11.SA,MCRE11,9.0
2026-07-08,2026-06-12,MCRE11.SA,MCRE11,9.130000114440918
2026-07-08,2026-06-15,MCRE11.SA,MCRE11,9.369999885559082
2026-07-08,2026-06-16,MCRE11.SA,MCRE11,9.229999542236328
2026-07-08,2026-06-17,MCRE11.SA,MCRE11,8.960000038146973
2026-07-08,2026-06-18,MCRE11.SA,MCRE11,8.880000114440918
2026-07-08,2026-06-19,MCRE11.SA,MCRE11,9.020000457763672
2026-07-08,2026-06-22,MCRE11.SA,MCRE11,8.960000038146973
2026-07-08,2026-06-23,MCRE11.SA,MCRE11,8.850000381469727
2026-07-08,2026-06-24,MCRE11.SA,MCRE11,8.760000228881836
2026-07-08,2026-06-25,MCRE11.SA,MCRE11,8.699999809265137
2026-07-08,2026-06-26,MCRE11.SA,MCRE11,9.0
2026-07-08,2026-06-29,MCRE11.SA,MCRE11,8.9399995803833
2026-07-08,2026-06-30,MCRE11.SA,MCRE11,9.119999885559082
2026-07-08,2026-07-01,MCRE11.SA,MCRE11,9.039999961853027
2026-07-08,2026-07-02,MCRE11.SA,MCRE11,9.050000190734863
2026-07-08,2026-07-03,MCRE11.SA,MCRE11,9.109999656677246
2026-07-08,2026-07-06,MCRE11.SA,MCRE11,9.069999694824219
2026-07-08,2026-07-07,MCRE11.SA,MCRE11,9.140000343322754
2026-07-08,2026-06-08,MXRF11.SA,MXRF11,9.729999542236328
2026-07-08,2026-06-09,MXRF11.SA,MXRF11,9.699999809265137
2026-07-08,2026-06-10,MXRF11.SA,MXRF11,9.640000343322754
2026-07-08,2026-06-11,MXRF11.SA,MXRF11,9.710000038146973
2026-07-08,2026-06-12,MXRF11.SA,MXRF11,9.65999984741211
2026-07-08,2026-06-15,MXRF11.SA,MXRF11,9.710000038146973
2026-07-08,2026-06-16,MXRF11.SA,MXRF11,9.710000038146973
2026-07-08,2026-06-17,MXRF11.SA,MXRF11,9.680000305175781
2026-07-08,2026-06-18,MXRF11.SA,MXRF11,9.682467460632324
2026-07-08,2026-06-19,MXRF11.SA,MXRF11,9.742420196533203
2026-07-08,2026-06-22,MXRF11.SA,MXRF11,9.662482261657715
2026-07-08,2026-06-23,MXRF11.SA,MXRF11,9.672473907470703
2026-07-08,2026-06-24,MXRF11.SA,MXRF11,9.672473907470703
2026-07-08,2026-06-25,MXRF11.SA,MXRF11,9.630000114440918
2026-07-08,2026-06-26,MXRF11.SA,MXRF11,9.739999771118164
2026-07-08,2026-06-29,MXRF11.SA,MXRF11,9.720000267028809
2026-07-08,2026-06-30,MXRF11.SA,MXRF11,9.8100004196167
2026-07-08,2026-07-01,MXRF11.SA,MXRF11,9.6899995803833
2026-07-08,2026-07-02,MXRF11.SA,MXRF11,9.680000305175781
2026-07-08,2026-07-03,MXRF11.SA,MXRF11,9.760000228881836
2026-07-08,2026-07-06,MXRF11.SA,MXRF11,9.699999809265137
2026-07-08,2026-07-07,MXRF11.SA,MXRF11,9.699999809265137
2026-07-08,2026-06-08,MFII11.SA,MFII11,48.119998931884766
2026-07-08,2026-06-09,MFII11.SA,MFII11,47.0
2026-07-08,2026-06-10,MFII11.SA,MFII11,45.4900016784668
2026-07-08,2026-06-11,MFII11.SA,MFII11,45.02000045776367
2026-07-08,2026-06-12,MFII11.SA,MFII11,45.0
2026-07-08,2026-06-15,MFII11.SA,MFII11,50.2599983215332
2026-07-08,2026-06-16,MFII11.SA,MFII11,48.540000915527344
2026-07-08,2026-06-17,MFII11.SA,MFII11,50.150001525878906
2026-07-08,2026-06-18,MFII11.SA,MFII11,50.380001068115234
2026-07-08,2026-06-19,MFII11.SA,MFII11,50.79999923706055
2026-07-08,2026-06-22,MFII11.SA,MFII11,50.54999923706055
2026-07-08,2026-06-23,MFII11.SA,MFII11,50.709999084472656
2026-07-08,2026-06-24,MFII11.SA,MFII11,51.06999969482422
2026-07-08,2026-06-25,MFII11.SA,MFII11,51.15999984741211
2026-07-08,2026-06-26,MFII11.SA,MFII11,51.79999923706055
2026-07-08,2026-06-29,MFII11.SA,MFII11,52.04999923706055
2026-07-08,2026-06-30,MFII11.SA,MFII11,51.900001525878906
2026-07-08,2026-07-01,MFII11.SA,MFII11,49.08000183105469
2026-07-08,2026-07-02,MFII11.SA,MFII11,49.5
2026-07-08,2026-07-03,MFII11.SA,MFII11,49.470001220703125
2026-07-08,2026-07-06,MFII11.SA,MFII11,49.70000076293945
2026-07-08,2026-07-07,MFII11.SA,MFII11,49.099998474121094
2026-07-08,2026-06-08,MIDW11.SA,MIDW11,10.699999809265137
2026-07-08,2026-06-09,MIDW11.SA,MIDW11,10.699999809265137
2026-07-08,2026-06-10,MIDW11.SA,MIDW11,10.699999809265137
2026-07-08,2026-06-11,MIDW11.SA,MIDW11,10.699999809265137
2026-07-08,2026-06-12,MIDW11.SA,MIDW11,10.699999809265137
2026-07-08,2026-06-15,MIDW11.SA,MIDW11,10.699999809265137
2026-07-08,2026-06-16,MIDW11.SA,MIDW11,10.699999809265137
2026-07-08,2026-06-17,MIDW11.SA,MIDW11,10.699999809265137
2026-07-08,2026-06-18,MIDW11.SA,MIDW11,10.6899995803833
2026-07-08,2026-06-19,MIDW11.SA,MIDW11,10.6899995803833
2026-07-08,2026-06-22,MIDW11.SA,MIDW11,10.6899995803833
2026-07-08,2026-06-23,MIDW11.SA,MIDW11,10.699999809265137
2026-07-08,2026-06-24,MIDW11.SA,MIDW11,10.699999809265137
2026-07-08,2026-06-25,MIDW11.SA,MIDW11,10.699999809265137
2026-07-08,2026-06-26,MIDW11.SA,MIDW11,10.699999809265137
2026-07-08,2026-06-29,MIDW11.SA,MIDW11,10.699999809265137
2026-07-08,2026-06-30,MIDW11.SA,MIDW11,10.699999809265137
2026-07-08,2026-07-01,MIDW11.SA,MIDW11,10.699999809265137
2026-07-08,2026-07-02,MIDW11.SA,MIDW11,10.699999809265137
2026-07-08,2026-07-03,MIDW11.SA,MIDW11,10.699999809265137
2026-07-08,2026-07-06,MIDW11.SA,MIDW11,10.699999809265137
2026-07-08,2026-07-07,MIDW11.SA,MIDW11,10.699999809265137
2026-07-08,2026-06-08,NCRI11.SA,NCRI11,8.520000457763672
2026-07-08,2026-06-09,NCRI11.SA,NCRI11,8.619999885559082
2026-07-08,2026-06-10,NCRI11.SA,NCRI11,8.59000015258789
2026-07-08,2026-06-11,NCRI11.SA,NCRI11,8.609999656677246
2026-07-08,2026-06-12,NCRI11.SA,NCRI11,8.529999732971191
2026-07-08,2026-06-15,NCRI11.SA,NCRI11,8.699999809265137
2026-07-08,2026-06-16,NCRI11.SA,NCRI11,8.720000267028809
2026-07-08,2026-06-17,NCRI11.SA,NCRI11,8.739999771118164
2026-07-08,2026-06-18,NCRI11.SA,NCRI11,8.800000190734863
2026-07-08,2026-06-19,NCRI11.SA,NCRI11,8.989999771118164
2026-07-08,2026-06-22,NCRI11.SA,NCRI11,8.880000114440918
2026-07-08,2026-06-23,NCRI11.SA,NCRI11,8.989999771118164
2026-07-08,2026-06-24,NCRI11.SA,NCRI11,8.90999984741211
2026-07-08,2026-06-25,NCRI11.SA,NCRI11,8.960000038146973
2026-07-08,2026-06-26,NCRI11.SA,NCRI11,8.949999809265137
2026-07-08,2026-06-29,NCRI11.SA,NCRI11,9.020000457763672
2026-07-08,2026-06-30,NCRI11.SA,NCRI11,9.0600004196167
2026-07-08,2026-07-01,NCRI11.SA,NCRI11,8.899999618530273
2026-07-08,2026-07-02,NCRI11.SA,NCRI11,8.789999961853027
2026-07-08,2026-07-03,NCRI11.SA,NCRI11,8.84000015258789
2026-07-08,2026-07-06,NCRI11.SA,NCRI11,8.800000190734863
2026-07-08,2026-07-07,NCRI11.SA,NCRI11,8.359999656677246
2026-07-08,2026-06-08,NAVT11.SA,NAVT11,73.69999694824219
2026-07-08,2026-06-09,NAVT11.SA,NAVT11,73.0
2026-07-08,2026-06-10,NAVT11.SA,NAVT11,74.44999694824219
2026-07-08,2026-06-11,NAVT11.SA,NAVT11,74.44000244140625
2026-07-08,2026-06-12,NAVT11.SA,NAVT11,73.8499984741211
2026-07-08,2026-06-15,NAVT11.SA,NAVT11,72.80000305175781
2026-07-08,2026-06-16,NAVT11.SA,NAVT11,73.7300033569336
2026-07-08,2026-06-17,NAVT11.SA,NAVT11,73.80000305175781
2026-07-08,2026-06-18,NAVT11.SA,NAVT11,73.25
2026-07-08,2026-06-19,NAVT11.SA,NAVT11,73.94999694824219
2026-07-08,2026-06-22,NAVT11.SA,NAVT11,75.0
2026-07-08,2026-06-23,NAVT11.SA,NAVT11,74.0
2026-07-08,2026-06-24,NAVT11.SA,NAVT11,73.0
2026-07-08,2026-06-25,NAVT11.SA,NAVT11,73.58000183105469
2026-07-08,2026-06-26,NAVT11.SA,NAVT11,74.93000030517578
2026-07-08,2026-06-29,NAVT11.SA,NAVT11,74.25
2026-07-08,2026-06-30,NAVT11.SA,NAVT11,74.27999877929688
2026-07-08,2026-07-01,NAVT11.SA,NAVT11,74.98999786376953
2026-07-08,2026-07-02,NAVT11.SA,NAVT11,74.29000091552734
2026-07-08,2026-07-03,NAVT11.SA,NAVT11,75.83999633789062
2026-07-08,2026-07-06,NAVT11.SA,NAVT11,76.13999938964844
2026-07-08,2026-07-07,NAVT11.SA,NAVT11,73.06999969482422
2026-07-08,2026-06-08,APTO11.SA,APTO11,8.270000457763672
2026-07-08,2026-06-09,APTO11.SA,APTO11,8.210000038146973
2026-07-08,2026-06-10,APTO11.SA,APTO11,8.229999542236328
2026-07-08,2026-06-11,APTO11.SA,APTO11,8.279999732971191
2026-07-08,2026-06-12,APTO11.SA,APTO11,8.329999923706055
2026-07-08,2026-06-15,APTO11.SA,APTO11,8.3100004196167
2026-07-08,2026-06-16,APTO11.SA,APTO11,8.289999961853027
2026-07-08,2026-06-17,APTO11.SA,APTO11,8.319999694824219
2026-07-08,2026-06-18,APTO11.SA,APTO11,8.279999732971191
2026-07-08,2026-06-19,APTO11.SA,APTO11,8.350000381469727
2026-07-08,2026-06-22,APTO11.SA,APTO11,8.260000228881836
2026-07-08,2026-06-23,APTO11.SA,APTO11,8.289999961853027
2026-07-08,2026-06-24,APTO11.SA,APTO11,8.289999961853027
2026-07-08,2026-06-25,APTO11.SA,APTO11,8.300000190734863
2026-07-08,2026-06-26,APTO11.SA,APTO11,8.300000190734863
2026-07-08,2026-06-29,APTO11.SA,APTO11,8.25
2026-07-08,2026-06-30,APTO11.SA,APTO11,8.289999961853027
2026-07-08,2026-07-01,APTO11.SA,APTO11,8.300000190734863
2026-07-08,2026-07-02,APTO11.SA,APTO11,8.34000015258789
2026-07-08,2026-07-03,APTO11.SA,APTO11,8.329999923706055
2026-07-08,2026-07-06,APTO11.SA,APTO11,8.289999961853027
2026-07-08,2026-07-07,APTO11.SA,APTO11,8.329999923706055
2026-07-08,2026-06-08,NEWL11.SA,NEWL11,110.19999694824219
2026-07-08,2026-06-09,NEWL11.SA,NEWL11,110.19999694824219
2026-07-08,2026-06-10,NEWL11.SA,NEWL11,110.0
2026-07-08,2026-06-11,NEWL11.SA,NEWL11,110.0
2026-07-08,2026-06-12,NEWL11.SA,NEWL11,110.31999969482422
2026-07-08,2026-06-15,NEWL11.SA,NEWL11,108.9000015258789
2026-07-08,2026-06-16,NEWL11.SA,NEWL11,107.98999786376953
2026-07-08,2026-06-17,NEWL11.SA,NEWL11,107.5
2026-07-08,2026-06-18,NEWL11.SA,NEWL11,106.4000015258789
2026-07-08,2026-06-19,NEWL11.SA,NEWL11,107.68000030517578
2026-07-08,2026-06-22,NEWL11.SA,NEWL11,102.5
2026-07-08,2026-06-23,NEWL11.SA,NEWL11,101.5999984741211
2026-07-08,2026-06-24,NEWL11.SA,NEWL11,102.29000091552734
2026-07-08,2026-06-25,NEWL11.SA,NEWL11,103.27999877929688
2026-07-08,2026-06-26,NEWL11.SA,NEWL11,102.0
2026-07-08,2026-06-29,NEWL11.SA,NEWL11,103.0
2026-07-08,2026-06-30,NEWL11.SA,NEWL11,104.47000122070312
2026-07-08,2026-07-01,NEWL11.SA,NEWL11,103.9800033569336
2026-07-08,2026-07-02,NEWL11.SA,NEWL11,105.12000274658203
2026-07-08,2026-07-03,NEWL11.SA,NEWL11,104.66000366210938
2026-07-08,2026-07-06,NEWL11.SA,NEWL11,104.98999786376953
2026-07-08,2026-07-07,NEWL11.SA,NEWL11,104.30000305175781
2026-07-08,2026-06-08,NEWU11.SA,NEWU11,112.18000030517578
2026-07-08,2026-06-09,NEWU11.SA,NEWU11,112.18000030517578
2026-07-08,2026-06-10,NEWU11.SA,NEWU11,112.18000030517578
2026-07-08,2026-06-11,NEWU11.SA,NEWU11,114.11000061035156
2026-07-08,2026-06-12,NEWU11.SA,NEWU11,114.11000061035156
2026-07-08,2026-06-15,NEWU11.SA,NEWU11,114.11000061035156
2026-07-08,2026-06-16,NEWU11.SA,NEWU11,114.11000061035156
2026-07-08,2026-06-17,NEWU11.SA,NEWU11,114.37999725341797
2026-07-08,2026-06-18,NEWU11.SA,NEWU11,114.37999725341797
2026-07-08,2026-06-19,NEWU11.SA,NEWU11,114.37000274658203
2026-07-08,2026-06-22,NEWU11.SA,NEWU11,114.33999633789062
2026-07-08,2026-06-23,NEWU11.SA,NEWU11,114.11000061035156
2026-07-08,2026-06-24,NEWU11.SA,NEWU11,114.29000091552734
2026-07-08,2026-06-25,NEWU11.SA,NEWU11,114.29000091552734
2026-07-08,2026-06-26,NEWU11.SA,NEWU11,114.29000091552734
2026-07-08,2026-06-29,NEWU11.SA,NEWU11,114.29000091552734
2026-07-08,2026-06-30,NEWU11.SA,NEWU11,114.29000091552734
2026-07-08,2026-07-01,NEWU11.SA,NEWU11,114.29000091552734
2026-07-08,2026-07-02,NEWU11.SA,NEWU11,114.29000091552734
2026-07-08,2026-07-03,NEWU11.SA,NEWU11,113.02999877929688
2026-07-08,2026-07-06,NEWU11.SA,NEWU11,113.26000213623047
2026-07-08,2026-07-07,NEWU11.SA,NEWU11,113.26000213623047
2026-07-08,2026-06-08,NMKS11.SA,NMKS11,1052.260009765625
2026-07-08,2026-06-09,NMKS11.SA,NMKS11,1052.260009765625
2026-07-08,2026-06-10,NMKS11.SA,NMKS11,1052.260009765625
2026-07-08,2026-06-11,NMKS11.SA,NMKS11,1052.260009765625
2026-07-08,2026-06-12,NMKS11.SA,NMKS11,1052.260009765625
2026-07-08,2026-06-15,NMKS11.SA,NMKS11,1052.260009765625
2026-07-08,2026-06-16,NMKS11.SA,NMKS11,1052.260009765625
2026-07-08,2026-06-17,NMKS11.SA,NMKS11,1052.260009765625
2026-07-08,2026-06-18,NMKS11.SA,NMKS11,1052.260009765625
2026-07-08,2026-06-19,NMKS11.SA,NMKS11,1052.260009765625
2026-07-08,2026-06-22,NMKS11.SA,NMKS11,1052.260009765625
2026-07-08,2026-06-23,NMKS11.SA,NMKS11,1052.260009765625
2026-07-08,2026-06-24,NMKS11.SA,NMKS11,1052.260009765625
2026-07-08,2026-06-25,NMKS11.SA,NMKS11,1052.260009765625
2026-07-08,2026-06-26,NMKS11.SA,NMKS11,1052.260009765625
2026-07-08,2026-06-29,NMKS11.SA,NMKS11,1052.260009765625
2026-07-08,2026-06-30,NMKS11.SA,NMKS11,1052.260009765625
2026-07-08,2026-07-01,NMKS11.SA,NMKS11,1052.260009765625
2026-07-08,2026-07-02,NMKS11.SA,NMKS11,1052.260009765625
2026-07-08,2026-07-03,NMKS11.SA,NMKS11,1052.260009765625
2026-07-08,2026-07-06,NMKS11.SA,NMKS11,1052.260009765625
2026-07-08,2026-07-07,NMKS11.SA,NMKS11,1052.260009765625
2026-07-08,2026-06-08,OCRE11.SA,OCRE11,77.45999908447266
2026-07-08,2026-06-09,OCRE11.SA,OCRE11,77.45999908447266
2026-07-08,2026-06-10,OCRE11.SA,OCRE11,77.47000122070312
2026-07-08,2026-06-11,OCRE11.SA,OCRE11,77.47000122070312
2026-07-08,2026-06-12,OCRE11.SA,OCRE11,77.44999694824219
2026-07-08,2026-06-15,OCRE11.SA,OCRE11,77.45999908447266
2026-07-08,2026-06-16,OCRE11.SA,OCRE11,77.4000015258789
2026-07-08,2026-06-17,OCRE11.SA,OCRE11,77.4000015258789
2026-07-08,2026-06-18,OCRE11.SA,OCRE11,77.4000015258789
2026-07-08,2026-06-19,OCRE11.SA,OCRE11,77.3499984741211
2026-07-08,2026-06-22,OCRE11.SA,OCRE11,74.0
2026-07-08,2026-06-23,OCRE11.SA,OCRE11,76.0
2026-07-08,2026-06-24,OCRE11.SA,OCRE11,72.0
2026-07-08,2026-06-25,OCRE11.SA,OCRE11,72.5
2026-07-08,2026-06-26,OCRE11.SA,OCRE11,72.48999786376953
2026-07-08,2026-06-29,OCRE11.SA,OCRE11,72.48999786376953
2026-07-08,2026-06-30,OCRE11.SA,OCRE11,72.48999786376953
2026-07-08,2026-07-01,OCRE11.SA,OCRE11,72.48999786376953
2026-07-08,2026-07-02,OCRE11.SA,OCRE11,61.5099983215332
2026-07-08,2026-07-03,OCRE11.SA,OCRE11,61.0
2026-07-08,2026-07-06,OCRE11.SA,OCRE11,61.0
2026-07-08,2026-07-07,OCRE11.SA,OCRE11,61.0
2026-07-08,2026-06-08,ONDA11.SA,ONDA11,7.889999866485596
2026-07-08,2026-06-09,ONDA11.SA,ONDA11,7.619999885559082
2026-07-08,2026-06-10,ONDA11.SA,ONDA11,7.699999809265137
2026-07-08,2026-06-11,ONDA11.SA,ONDA11,7.679999828338623
2026-07-08,2026-06-12,ONDA11.SA,ONDA11,7.699999809265137
2026-07-08,2026-06-15,ONDA11.SA,ONDA11,7.099999904632568
2026-07-08,2026-06-16,ONDA11.SA,ONDA11,7.130000114440918
2026-07-08,2026-06-17,ONDA11.SA,ONDA11,5.809999942779541
2026-07-08,2026-06-18,ONDA11.SA,ONDA11,6.079999923706055
2026-07-08,2026-06-19,ONDA11.SA,ONDA11,6.289999961853027
2026-07-08,2026-06-22,ONDA11.SA,ONDA11,6.389999866485596
2026-07-08,2026-06-23,ONDA11.SA,ONDA11,6.46999979019165
2026-07-08,2026-06-24,ONDA11.SA,ONDA11,6.510000228881836
2026-07-08,2026-06-25,ONDA11.SA,ONDA11,6.369999885559082
2026-07-08,2026-06-26,ONDA11.SA,ONDA11,6.699999809265137
2026-07-08,2026-06-29,ONDA11.SA,ONDA11,6.599999904632568
2026-07-08,2026-06-30,ONDA11.SA,ONDA11,6.840000152587891
2026-07-08,2026-07-01,ONDA11.SA,ONDA11,6.800000190734863
2026-07-08,2026-07-02,ONDA11.SA,ONDA11,6.789999961853027
2026-07-08,2026-07-03,ONDA11.SA,ONDA11,6.800000190734863
2026-07-08,2026-07-06,ONDA11.SA,ONDA11,7.119999885559082
2026-07-08,2026-07-07,ONDA11.SA,ONDA11,7.150000095367432
2026-07-08,2026-06-08,ARRI11.SA,ARRI11,4.480000019073486
2026-07-08,2026-06-09,ARRI11.SA,ARRI11,4.429999828338623
2026-07-08,2026-06-10,ARRI11.SA,ARRI11,4.320000171661377
2026-07-08,2026-06-11,ARRI11.SA,ARRI11,4.389999866485596
2026-07-08,2026-06-12,ARRI11.SA,ARRI11,4.440000057220459
2026-07-08,2026-06-15,ARRI11.SA,ARRI11,4.519999980926514
2026-07-08,2026-06-16,ARRI11.SA,ARRI11,4.570000171661377
2026-07-08,2026-06-17,ARRI11.SA,ARRI11,4.579999923706055
2026-07-08,2026-06-18,ARRI11.SA,ARRI11,4.610000133514404
2026-07-08,2026-06-19,ARRI11.SA,ARRI11,4.739999771118164
2026-07-08,2026-06-22,ARRI11.SA,ARRI11,4.849999904632568
2026-07-08,2026-06-23,ARRI11.SA,ARRI11,4.849999904632568
2026-07-08,2026-06-24,ARRI11.SA,ARRI11,4.730000019073486
2026-07-08,2026-06-25,ARRI11.SA,ARRI11,4.679999828338623
2026-07-08,2026-06-26,ARRI11.SA,ARRI11,4.71999979019165
2026-07-08,2026-06-29,ARRI11.SA,ARRI11,4.71999979019165
2026-07-08,2026-06-30,ARRI11.SA,ARRI11,4.610000133514404
2026-07-08,2026-07-01,ARRI11.SA,ARRI11,4.570000171661377
2026-07-08,2026-07-02,ARRI11.SA,ARRI11,4.650000095367432
2026-07-08,2026-07-03,ARRI11.SA,ARRI11,4.639999866485596
2026-07-08,2026-07-06,ARRI11.SA,ARRI11,4.610000133514404
2026-07-08,2026-07-07,ARRI11.SA,ARRI11,4.630000114440918
2026-07-08,2026-06-08,OBAL11.SA,OBAL11,1095.0
2026-07-08,2026-06-09,OBAL11.SA,OBAL11,1095.0
2026-07-08,2026-06-10,OBAL11.SA,OBAL11,1095.0
2026-07-08,2026-06-11,OBAL11.SA,OBAL11,1095.0
2026-07-08,2026-06-12,OBAL11.SA,OBAL11,1095.0
2026-07-08,2026-06-15,OBAL11.SA,OBAL11,1095.0
2026-07-08,2026-06-16,OBAL11.SA,OBAL11,1095.0
2026-07-08,2026-06-17,OBAL11.SA,OBAL11,1095.0
2026-07-08,2026-06-18,OBAL11.SA,OBAL11,1095.0
2026-07-08,2026-06-19,OBAL11.SA,OBAL11,1095.0
2026-07-08,2026-06-22,OBAL11.SA,OBAL11,1095.0
2026-07-08,2026-06-23,OBAL11.SA,OBAL11,1095.0
2026-07-08,2026-06-24,OBAL11.SA,OBAL11,1095.0
2026-07-08,2026-06-25,OBAL11.SA,OBAL11,1095.0
2026-07-08,2026-06-26,OBAL11.SA,OBAL11,1095.0
2026-07-08,2026-06-29,OBAL11.SA,OBAL11,1095.0
2026-07-08,2026-06-30,OBAL11.SA,OBAL11,1095.0
2026-07-08,2026-07-01,OBAL11.SA,OBAL11,1095.0
2026-07-08,2026-07-02,OBAL11.SA,OBAL11,1095.0
2026-07-08,2026-07-03,OBAL11.SA,OBAL11,1095.0
2026-07-08,2026-07-06,OBAL11.SA,OBAL11,1095.0
2026-07-08,2026-07-07,OBAL11.SA,OBAL11,1095.0
2026-07-08,2026-06-08,FTCE11.SA,FTCE11,2914.89990234375
2026-07-08,2026-06-09,FTCE11.SA,FTCE11,2914.89990234375
2026-07-08,2026-06-10,FTCE11.SA,FTCE11,2914.89990234375
2026-07-08,2026-06-11,FTCE11.SA,FTCE11,2914.89990234375
2026-07-08,2026-06-12,FTCE11.SA,FTCE11,2914.89990234375
2026-07-08,2026-06-15,FTCE11.SA,FTCE11,2914.89990234375
2026-07-08,2026-06-16,FTCE11.SA,FTCE11,2914.89990234375
2026-07-08,2026-06-17,FTCE11.SA,FTCE11,2914.89990234375
2026-07-08,2026-06-18,FTCE11.SA,FTCE11,2914.89990234375
2026-07-08,2026-06-19,FTCE11.SA,FTCE11,2914.89990234375
2026-07-08,2026-06-22,FTCE11.SA,FTCE11,2914.89990234375
2026-07-08,2026-06-23,FTCE11.SA,FTCE11,2914.89990234375
2026-07-08,2026-06-24,FTCE11.SA,FTCE11,2914.89990234375
2026-07-08,2026-06-25,FTCE11.SA,FTCE11,2914.89990234375
2026-07-08,2026-06-26,FTCE11.SA,FTCE11,2914.89990234375
2026-07-08,2026-06-29,FTCE11.SA,FTCE11,2914.89990234375
2026-07-08,2026-06-30,FTCE11.SA,FTCE11,2914.89990234375
2026-07-08,2026-07-01,FTCE11.SA,FTCE11,2914.89990234375
2026-07-08,2026-07-02,FTCE11.SA,FTCE11,2914.89990234375
2026-07-08,2026-07-03,FTCE11.SA,FTCE11,2914.89990234375
2026-07-08,2026-07-06,FTCE11.SA,FTCE11,2914.89990234375
2026-07-08,2026-07-07,FTCE11.SA,FTCE11,2914.89990234375
2026-07-08,2026-06-08,OUJP11.SA,OUJP11,77.0
2026-07-08,2026-06-09,OUJP11.SA,OUJP11,73.75
2026-07-08,2026-06-10,OUJP11.SA,OUJP11,72.76000213623047
2026-07-08,2026-06-11,OUJP11.SA,OUJP11,75.87999725341797
2026-07-08,2026-06-12,OUJP11.SA,OUJP11,74.5999984741211
2026-07-08,2026-06-15,OUJP11.SA,OUJP11,76.54000091552734
2026-07-08,2026-06-16,OUJP11.SA,OUJP11,76.30000305175781
2026-07-08,2026-06-17,OUJP11.SA,OUJP11,76.0
2026-07-08,2026-06-18,OUJP11.SA,OUJP11,74.62999725341797
2026-07-08,2026-06-19,OUJP11.SA,OUJP11,74.44999694824219
2026-07-08,2026-06-22,OUJP11.SA,OUJP11,73.19000244140625
2026-07-08,2026-06-23,OUJP11.SA,OUJP11,73.55999755859375
2026-07-08,2026-06-24,OUJP11.SA,OUJP11,73.05999755859375
2026-07-08,2026-06-25,OUJP11.SA,OUJP11,73.41000366210938
2026-07-08,2026-06-26,OUJP11.SA,OUJP11,75.12000274658203
2026-07-08,2026-06-29,OUJP11.SA,OUJP11,75.81999969482422
2026-07-08,2026-06-30,OUJP11.SA,OUJP11,76.0199966430664
2026-07-08,2026-07-01,OUJP11.SA,OUJP11,73.36000061035156
2026-07-08,2026-07-02,OUJP11.SA,OUJP11,72.6500015258789
2026-07-08,2026-07-03,OUJP11.SA,OUJP11,71.9000015258789
2026-07-08,2026-07-06,OUJP11.SA,OUJP11,72.5
2026-07-08,2026-07-07,OUJP11.SA,OUJP11,71.0999984741211
2026-07-08,2026-06-08,OXRL11.SA,OXRL11,129.47999572753906
2026-07-08,2026-06-09,OXRL11.SA,OXRL11,129.47999572753906
2026-07-08,2026-06-10,OXRL11.SA,OXRL11,129.47999572753906
2026-07-08,2026-06-11,OXRL11.SA,OXRL11,129.47999572753906
2026-07-08,2026-06-12,OXRL11.SA,OXRL11,129.47999572753906
2026-07-08,2026-06-15,OXRL11.SA,OXRL11,129.47999572753906
2026-07-08,2026-06-16,OXRL11.SA,OXRL11,129.47999572753906
2026-07-08,2026-06-17,OXRL11.SA,OXRL11,129.47999572753906
2026-07-08,2026-06-18,OXRL11.SA,OXRL11,129.47999572753906
2026-07-08,2026-06-19,OXRL11.SA,OXRL11,129.47999572753906
2026-07-08,2026-06-22,OXRL11.SA,OXRL11,130.02999877929688
2026-07-08,2026-06-23,OXRL11.SA,OXRL11,130.02999877929688
2026-07-08,2026-06-24,OXRL11.SA,OXRL11,130.02999877929688
2026-07-08,2026-06-25,OXRL11.SA,OXRL11,130.02999877929688
2026-07-08,2026-06-26,OXRL11.SA,OXRL11,130.02999877929688
2026-07-08,2026-06-29,OXRL11.SA,OXRL11,130.02999877929688
2026-07-08,2026-06-30,OXRL11.SA,OXRL11,130.02999877929688
2026-07-08,2026-07-01,OXRL11.SA,OXRL11,130.02999877929688
2026-07-08,2026-07-02,OXRL11.SA,OXRL11,130.02999877929688
2026-07-08,2026-07-03,OXRL11.SA,OXRL11,130.02999877929688
2026-07-08,2026-07-06,OXRL11.SA,OXRL11,130.02999877929688
2026-07-08,2026-07-07,OXRL11.SA,OXRL11,130.02999877929688
2026-07-08,2026-06-08,PNDL11.SA,PNDL11,160.0
2026-07-08,2026-06-09,PNDL11.SA,PNDL11,160.0
2026-07-08,2026-06-10,PNDL11.SA,PNDL11,160.0
2026-07-08,2026-06-11,PNDL11.SA,PNDL11,160.0
2026-07-08,2026-06-12,PNDL11.SA,PNDL11,160.0
2026-07-08,2026-06-15,PNDL11.SA,PNDL11,160.0
2026-07-08,2026-06-16,PNDL11.SA,PNDL11,160.0
2026-07-08,2026-06-17,PNDL11.SA,PNDL11,160.0
2026-07-08,2026-06-18,PNDL11.SA,PNDL11,160.0
2026-07-08,2026-06-19,PNDL11.SA,PNDL11,160.0
2026-07-08,2026-06-22,PNDL11.SA,PNDL11,160.0
2026-07-08,2026-06-23,PNDL11.SA,PNDL11,160.0
2026-07-08,2026-06-24,PNDL11.SA,PNDL11,160.0
2026-07-08,2026-06-25,PNDL11.SA,PNDL11,160.0
2026-07-08,2026-06-26,PNDL11.SA,PNDL11,160.0
2026-07-08,2026-06-29,PNDL11.SA,PNDL11,160.0
2026-07-08,2026-06-30,PNDL11.SA,PNDL11,160.0
2026-07-08,2026-07-01,PNDL11.SA,PNDL11,160.0
2026-07-08,2026-07-02,PNDL11.SA,PNDL11,160.0
2026-07-08,2026-07-03,PNDL11.SA,PNDL11,160.0
2026-07-08,2026-07-06,PNDL11.SA,PNDL11,160.0
2026-07-08,2026-07-07,PNDL11.SA,PNDL11,160.0
2026-07-08,2026-06-08,PNPR11.SA,PNPR11,48.0
2026-07-08,2026-06-09,PNPR11.SA,PNPR11,48.0
2026-07-08,2026-06-10,PNPR11.SA,PNPR11,48.0
2026-07-08,2026-06-11,PNPR11.SA,PNPR11,48.0
2026-07-08,2026-06-12,PNPR11.SA,PNPR11,48.0
2026-07-08,2026-06-15,PNPR11.SA,PNPR11,48.0
2026-07-08,2026-06-16,PNPR11.SA,PNPR11,48.0
2026-07-08,2026-06-17,PNPR11.SA,PNPR11,48.0
2026-07-08,2026-06-18,PNPR11.SA,PNPR11,48.0
2026-07-08,2026-06-19,PNPR11.SA,PNPR11,48.0
2026-07-08,2026-06-22,PNPR11.SA,PNPR11,48.0
2026-07-08,2026-06-23,PNPR11.SA,PNPR11,48.0
2026-07-08,2026-06-24,PNPR11.SA,PNPR11,48.0
2026-07-08,2026-06-25,PNPR11.SA,PNPR11,48.0
2026-07-08,2026-06-26,PNPR11.SA,PNPR11,48.0
2026-07-08,2026-06-29,PNPR11.SA,PNPR11,48.0
2026-07-08,2026-06-30,PNPR11.SA,PNPR11,48.0
2026-07-08,2026-07-01,PNPR11.SA,PNPR11,48.0
2026-07-08,2026-07-02,PNPR11.SA,PNPR11,48.0
2026-07-08,2026-07-03,PNPR11.SA,PNPR11,48.0
2026-07-08,2026-07-06,PNPR11.SA,PNPR11,48.0
2026-07-08,2026-07-07,PNPR11.SA,PNPR11,48.0
2026-07-08,2026-06-08,PNRC11.SA,PNRC11,61.0
2026-07-08,2026-06-09,PNRC11.SA,PNRC11,61.0
2026-07-08,2026-06-10,PNRC11.SA,PNRC11,61.0
2026-07-08,2026-06-11,PNRC11.SA,PNRC11,61.0
2026-07-08,2026-06-12,PNRC11.SA,PNRC11,61.0
2026-07-08,2026-06-15,PNRC11.SA,PNRC11,28.1299991607666
2026-07-08,2026-06-16,PNRC11.SA,PNRC11,28.1299991607666
2026-07-08,2026-06-17,PNRC11.SA,PNRC11,28.1299991607666
2026-07-08,2026-06-18,PNRC11.SA,PNRC11,28.1299991607666
2026-07-08,2026-06-19,PNRC11.SA,PNRC11,28.1299991607666
2026-07-08,2026-06-22,PNRC11.SA,PNRC11,28.1299991607666
2026-07-08,2026-06-23,PNRC11.SA,PNRC11,28.1299991607666
2026-07-08,2026-06-24,PNRC11.SA,PNRC11,28.1299991607666
2026-07-08,2026-06-25,PNRC11.SA,PNRC11,28.1299991607666
2026-07-08,2026-06-26,PNRC11.SA,PNRC11,28.1299991607666
2026-07-08,2026-06-29,PNRC11.SA,PNRC11,28.1299991607666
2026-07-08,2026-06-30,PNRC11.SA,PNRC11,28.1299991607666
2026-07-08,2026-07-01,PNRC11.SA,PNRC11,28.1299991607666
2026-07-08,2026-07-02,PNRC11.SA,PNRC11,28.1299991607666
2026-07-08,2026-07-03,PNRC11.SA,PNRC11,28.1299991607666
2026-07-08,2026-07-06,PNRC11.SA,PNRC11,28.1299991607666
2026-07-08,2026-07-07,PNRC11.SA,PNRC11,28.1299991607666
2026-07-08,2026-06-08,PMIS11.SA,PMIS11,7.78000020980835
2026-07-08,2026-06-09,PMIS11.SA,PMIS11,7.789999961853027
2026-07-08,2026-06-10,PMIS11.SA,PMIS11,7.75
2026-07-08,2026-06-11,PMIS11.SA,PMIS11,7.760000228881836
2026-07-08,2026-06-12,PMIS11.SA,PMIS11,7.769999980926514
2026-07-08,2026-06-15,PMIS11.SA,PMIS11,7.78000020980835
2026-07-08,2026-06-16,PMIS11.SA,PMIS11,7.909999847412109
2026-07-08,2026-06-17,PMIS11.SA,PMIS11,7.960000038146973
2026-07-08,2026-06-18,PMIS11.SA,PMIS11,7.800000190734863
2026-07-08,2026-06-19,PMIS11.SA,PMIS11,7.78000020980835
2026-07-08,2026-06-22,PMIS11.SA,PMIS11,7.880000114440918
2026-07-08,2026-06-23,PMIS11.SA,PMIS11,7.800000190734863
2026-07-08,2026-06-24,PMIS11.SA,PMIS11,7.769999980926514
2026-07-08,2026-06-25,PMIS11.SA,PMIS11,7.829999923706055
2026-07-08,2026-06-26,PMIS11.SA,PMIS11,7.829999923706055
2026-07-08,2026-06-29,PMIS11.SA,PMIS11,7.820000171661377
2026-07-08,2026-06-30,PMIS11.SA,PMIS11,7.880000114440918
2026-07-08,2026-07-01,PMIS11.SA,PMIS11,7.739999771118164
2026-07-08,2026-07-02,PMIS11.SA,PMIS11,7.75
2026-07-08,2026-07-03,PMIS11.SA,PMIS11,7.75
2026-07-08,2026-07-06,PMIS11.SA,PMIS11,7.760000228881836
2026-07-08,2026-07-07,PMIS11.SA,PMIS11,7.820000171661377
2026-07-08,2026-06-08,PQAG11.SA,PQAG11,56.47999954223633
2026-07-08,2026-06-09,PQAG11.SA,PQAG11,56.47999954223633
2026-07-08,2026-06-10,PQAG11.SA,PQAG11,56.4900016784668
2026-07-08,2026-06-11,PQAG11.SA,PQAG11,55.72999954223633
2026-07-08,2026-06-12,PQAG11.SA,PQAG11,55.349998474121094
2026-07-08,2026-06-15,PQAG11.SA,PQAG11,55.349998474121094
2026-07-08,2026-06-16,PQAG11.SA,PQAG11,55.849998474121094
2026-07-08,2026-06-17,PQAG11.SA,PQAG11,56.0
2026-07-08,2026-06-18,PQAG11.SA,PQAG11,55.72999954223633
2026-07-08,2026-06-19,PQAG11.SA,PQAG11,55.72999954223633
2026-07-08,2026-06-22,PQAG11.SA,PQAG11,55.77000045776367
2026-07-08,2026-06-23,PQAG11.SA,PQAG11,55.0099983215332
2026-07-08,2026-06-24,PQAG11.SA,PQAG11,55.209999084472656
2026-07-08,2026-06-25,PQAG11.SA,PQAG11,55.0
2026-07-08,2026-06-26,PQAG11.SA,PQAG11,55.0
2026-07-08,2026-06-29,PQAG11.SA,PQAG11,55.0
2026-07-08,2026-06-30,PQAG11.SA,PQAG11,56.5
2026-07-08,2026-07-01,PQAG11.SA,PQAG11,56.5
2026-07-08,2026-07-02,PQAG11.SA,PQAG11,54.0099983215332
2026-07-08,2026-07-03,PQAG11.SA,PQAG11,54.0099983215332
2026-07-08,2026-07-06,PQAG11.SA,PQAG11,54.0099983215332
2026-07-08,2026-07-07,PQAG11.SA,PQAG11,54.29999923706055
2026-07-08,2026-06-08,PATA11.SA,PATA11,9.5
2026-07-08,2026-06-09,PATA11.SA,PATA11,9.800000190734863
2026-07-08,2026-06-10,PATA11.SA,PATA11,9.0600004196167
2026-07-08,2026-06-11,PATA11.SA,PATA11,9.800000190734863
2026-07-08,2026-06-12,PATA11.SA,PATA11,9.800000190734863
2026-07-08,2026-06-15,PATA11.SA,PATA11,9.600000381469727
2026-07-08,2026-06-16,PATA11.SA,PATA11,10.0
2026-07-08,2026-06-17,PATA11.SA,PATA11,9.800000190734863
2026-07-08,2026-06-18,PATA11.SA,PATA11,9.989999771118164
2026-07-08,2026-06-19,PATA11.SA,PATA11,10.0
2026-07-08,2026-06-22,PATA11.SA,PATA11,9.239999771118164
2026-07-08,2026-06-23,PATA11.SA,PATA11,9.960000038146973
2026-07-08,2026-06-24,PATA11.SA,PATA11,9.979999542236328
2026-07-08,2026-06-25,PATA11.SA,PATA11,9.979999542236328
2026-07-08,2026-06-26,PATA11.SA,PATA11,10.199999809265137
2026-07-08,2026-06-29,PATA11.SA,PATA11,10.199999809265137
2026-07-08,2026-06-30,PATA11.SA,PATA11,10.199999809265137
2026-07-08,2026-07-01,PATA11.SA,PATA11,10.199999809265137
2026-07-08,2026-07-02,PATA11.SA,PATA11,9.479999542236328
2026-07-08,2026-07-03,PATA11.SA,PATA11,10.390000343322754
2026-07-08,2026-07-06,PATA11.SA,PATA11,10.180000305175781
2026-07-08,2026-07-07,PATA11.SA,PATA11,10.180000305175781
2026-07-08,2026-06-08,PCIP11.SA,PCIP11,83.98999786376953
2026-07-08,2026-06-09,PCIP11.SA,PCIP11,83.47000122070312
2026-07-08,2026-06-10,PCIP11.SA,PCIP11,81.30999755859375
2026-07-08,2026-06-11,PCIP11.SA,PCIP11,81.45999908447266
2026-07-08,2026-06-12,PCIP11.SA,PCIP11,81.95999908447266
2026-07-08,2026-06-15,PCIP11.SA,PCIP11,82.3499984741211
2026-07-08,2026-06-16,PCIP11.SA,PCIP11,82.27999877929688
2026-07-08,2026-06-17,PCIP11.SA,PCIP11,81.43000030517578
2026-07-08,2026-06-18,PCIP11.SA,PCIP11,80.91999816894531
2026-07-08,2026-06-19,PCIP11.SA,PCIP11,80.26000213623047
2026-07-08,2026-06-22,PCIP11.SA,PCIP11,79.80999755859375
2026-07-08,2026-06-23,PCIP11.SA,PCIP11,79.2699966430664
2026-07-08,2026-06-24,PCIP11.SA,PCIP11,78.55999755859375
2026-07-08,2026-06-25,PCIP11.SA,PCIP11,78.86000061035156
2026-07-08,2026-06-26,PCIP11.SA,PCIP11,78.7699966430664
2026-07-08,2026-06-29,PCIP11.SA,PCIP11,78.94000244140625
2026-07-08,2026-06-30,PCIP11.SA,PCIP11,78.5
2026-07-08,2026-07-01,PCIP11.SA,PCIP11,78.36000061035156
2026-07-08,2026-07-02,PCIP11.SA,PCIP11,78.30000305175781
2026-07-08,2026-07-03,PCIP11.SA,PCIP11,78.5199966430664
2026-07-08,2026-07-06,PCIP11.SA,PCIP11,78.4000015258789
2026-07-08,2026-07-07,PCIP11.SA,PCIP11,78.31999969482422
2026-07-08,2026-06-08,RCFF11.SA,RCFF11,73.01000213623047
2026-07-08,2026-06-09,RCFF11.SA,RCFF11,73.01000213623047
2026-07-08,2026-06-10,RCFF11.SA,RCFF11,73.01000213623047
2026-07-08,2026-06-11,RCFF11.SA,RCFF11,73.01000213623047
2026-07-08,2026-06-12,RCFF11.SA,RCFF11,73.01000213623047
2026-07-08,2026-06-15,RCFF11.SA,RCFF11,73.01000213623047
2026-07-08,2026-06-16,RCFF11.SA,RCFF11,73.01000213623047
2026-07-08,2026-06-17,RCFF11.SA,RCFF11,73.01000213623047
2026-07-08,2026-06-18,RCFF11.SA,RCFF11,73.01000213623047
2026-07-08,2026-06-19,RCFF11.SA,RCFF11,73.01000213623047
2026-07-08,2026-06-22,RCFF11.SA,RCFF11,73.01000213623047
2026-07-08,2026-06-23,RCFF11.SA,RCFF11,73.01000213623047
2026-07-08,2026-06-24,RCFF11.SA,RCFF11,73.01000213623047
2026-07-08,2026-06-25,RCFF11.SA,RCFF11,73.01000213623047
2026-07-08,2026-06-26,RCFF11.SA,RCFF11,73.01000213623047
2026-07-08,2026-06-29,RCFF11.SA,RCFF11,73.01000213623047
2026-07-08,2026-06-30,RCFF11.SA,RCFF11,73.01000213623047
2026-07-08,2026-07-01,RCFF11.SA,RCFF11,73.01000213623047
2026-07-08,2026-07-02,RCFF11.SA,RCFF11,73.01000213623047
2026-07-08,2026-07-03,RCFF11.SA,RCFF11,73.01000213623047
2026-07-08,2026-07-06,RCFF11.SA,RCFF11,73.01000213623047
2026-07-08,2026-07-07,RCFF11.SA,RCFF11,73.01000213623047
2026-07-08,2026-06-08,PATC11.SA,PATC11,39.0
2026-07-08,2026-06-09,PATC11.SA,PATC11,40.400001525878906
2026-07-08,2026-06-10,PATC11.SA,PATC11,40.400001525878906
2026-07-08,2026-06-11,PATC11.SA,PATC11,39.9900016784668
2026-07-08,2026-06-12,PATC11.SA,PATC11,40.029998779296875
2026-07-08,2026-06-15,PATC11.SA,PATC11,39.880001068115234
2026-07-08,2026-06-16,PATC11.SA,PATC11,39.880001068115234
2026-07-08,2026-06-17,PATC11.SA,PATC11,39.9900016784668
2026-07-08,2026-06-18,PATC11.SA,PATC11,40.0
2026-07-08,2026-06-19,PATC11.SA,PATC11,40.0
2026-07-08,2026-06-22,PATC11.SA,PATC11,39.97999954223633
2026-07-08,2026-06-23,PATC11.SA,PATC11,39.9900016784668
2026-07-08,2026-06-24,PATC11.SA,PATC11,40.0
2026-07-08,2026-06-25,PATC11.SA,PATC11,39.970001220703125
2026-07-08,2026-06-26,PATC11.SA,PATC11,39.599998474121094
2026-07-08,2026-06-29,PATC11.SA,PATC11,39.9900016784668
2026-07-08,2026-06-30,PATC11.SA,PATC11,40.0
2026-07-08,2026-07-01,PATC11.SA,PATC11,40.369998931884766
2026-07-08,2026-07-02,PATC11.SA,PATC11,40.369998931884766
2026-07-08,2026-07-03,PATC11.SA,PATC11,39.7599983215332
2026-07-08,2026-07-06,PATC11.SA,PATC11,39.7599983215332
2026-07-08,2026-07-07,PATC11.SA,PATC11,40.0
2026-07-08,2026-06-08,HGRE11.SA,HGRE11,125.27999877929688
2026-07-08,2026-06-09,HGRE11.SA,HGRE11,124.30000305175781
2026-07-08,2026-06-10,HGRE11.SA,HGRE11,120.0199966430664
2026-07-08,2026-06-11,HGRE11.SA,HGRE11,123.94000244140625
2026-07-08,2026-06-12,HGRE11.SA,HGRE11,123.0199966430664
2026-07-08,2026-06-15,HGRE11.SA,HGRE11,125.45999908447266
2026-07-08,2026-06-16,HGRE11.SA,HGRE11,124.95999908447266
2026-07-08,2026-06-17,HGRE11.SA,HGRE11,124.2699966430664
2026-07-08,2026-06-18,HGRE11.SA,HGRE11,124.75
2026-07-08,2026-06-19,HGRE11.SA,HGRE11,126.44999694824219
2026-07-08,2026-06-22,HGRE11.SA,HGRE11,125.41000366210938
2026-07-08,2026-06-23,HGRE11.SA,HGRE11,126.0199966430664
2026-07-08,2026-06-24,HGRE11.SA,HGRE11,126.68000030517578
2026-07-08,2026-06-25,HGRE11.SA,HGRE11,127.3499984741211
2026-07-08,2026-06-26,HGRE11.SA,HGRE11,127.2699966430664
2026-07-08,2026-06-29,HGRE11.SA,HGRE11,129.42999267578125
2026-07-08,2026-06-30,HGRE11.SA,HGRE11,128.97999572753906
2026-07-08,2026-07-01,HGRE11.SA,HGRE11,125.62000274658203
2026-07-08,2026-07-02,HGRE11.SA,HGRE11,125.19000244140625
2026-07-08,2026-07-03,HGRE11.SA,HGRE11,126.87000274658203
2026-07-08,2026-07-06,HGRE11.SA,HGRE11,123.69999694824219
2026-07-08,2026-07-07,HGRE11.SA,HGRE11,122.30000305175781
2026-07-08,2026-06-08,HGLG11.SA,HGLG11,153.1999969482422
2026-07-08,2026-06-09,HGLG11.SA,HGLG11,151.8300018310547
2026-07-08,2026-06-10,HGLG11.SA,HGLG11,150.60000610351562
2026-07-08,2026-06-11,HGLG11.SA,HGLG11,150.52000427246094
2026-07-08,2026-06-12,HGLG11.SA,HGLG11,151.39999389648438
2026-07-08,2026-06-15,HGLG11.SA,HGLG11,151.94000244140625
2026-07-08,2026-06-16,HGLG11.SA,HGLG11,151.94000244140625
2026-07-08,2026-06-17,HGLG11.SA,HGLG11,151.50999450683594
2026-07-08,2026-06-18,HGLG11.SA,HGLG11,150.3000030517578
2026-07-08,2026-06-19,HGLG11.SA,HGLG11,150.5
2026-07-08,2026-06-22,HGLG11.SA,HGLG11,150.41000366210938
2026-07-08,2026-06-23,HGLG11.SA,HGLG11,150.10000610351562
2026-07-08,2026-06-24,HGLG11.SA,HGLG11,149.8000030517578
2026-07-08,2026-06-25,HGLG11.SA,HGLG11,150.39999389648438
2026-07-08,2026-06-26,HGLG11.SA,HGLG11,150.3000030517578
2026-07-08,2026-06-29,HGLG11.SA,HGLG11,151.5500030517578
2026-07-08,2026-06-30,HGLG11.SA,HGLG11,151.0
2026-07-08,2026-07-01,HGLG11.SA,HGLG11,148.89999389648438
2026-07-08,2026-07-02,HGLG11.SA,HGLG11,149.55999755859375
2026-07-08,2026-07-03,HGLG11.SA,HGLG11,150.3000030517578
2026-07-08,2026-07-06,HGLG11.SA,HGLG11,149.0
2026-07-08,2026-07-07,HGLG11.SA,HGLG11,148.91000366210938
2026-07-08,2026-06-08,PLAG11.SA,PLAG11,62.290000915527344
2026-07-08,2026-06-09,PLAG11.SA,PLAG11,62.5
2026-07-08,2026-06-10,PLAG11.SA,PLAG11,62.5099983215332
2026-07-08,2026-06-11,PLAG11.SA,PLAG11,62.7400016784668
2026-07-08,2026-06-12,PLAG11.SA,PLAG11,62.93000030517578
2026-07-08,2026-06-15,PLAG11.SA,PLAG11,63.279998779296875
2026-07-08,2026-06-16,PLAG11.SA,PLAG11,63.5099983215332
2026-07-08,2026-06-17,PLAG11.SA,PLAG11,62.529998779296875
2026-07-08,2026-06-18,PLAG11.SA,PLAG11,63.0
2026-07-08,2026-06-19,PLAG11.SA,PLAG11,62.95000076293945
2026-07-08,2026-06-22,PLAG11.SA,PLAG11,62.83000183105469
2026-07-08,2026-06-23,PLAG11.SA,PLAG11,62.79999923706055
2026-07-08,2026-06-24,PLAG11.SA,PLAG11,62.880001068115234
2026-07-08,2026-06-25,PLAG11.SA,PLAG11,62.79999923706055
2026-07-08,2026-06-26,PLAG11.SA,PLAG11,62.91999816894531
2026-07-08,2026-06-29,PLAG11.SA,PLAG11,63.0
2026-07-08,2026-06-30,PLAG11.SA,PLAG11,62.97999954223633
2026-07-08,2026-07-01,PLAG11.SA,PLAG11,62.349998474121094
2026-07-08,2026-07-02,PLAG11.SA,PLAG11,62.349998474121094
2026-07-08,2026-07-03,PLAG11.SA,PLAG11,62.0099983215332
2026-07-08,2026-07-06,PLAG11.SA,PLAG11,62.4900016784668
2026-07-08,2026-07-07,PLAG11.SA,PLAG11,62.439998626708984
2026-07-08,2026-06-08,PATL11.SA,PATL11,64.1500015258789
2026-07-08,2026-06-09,PATL11.SA,PATL11,64.1500015258789
2026-07-08,2026-06-10,PATL11.SA,PATL11,64.1500015258789
2026-07-08,2026-06-11,PATL11.SA,PATL11,64.1500015258789
2026-07-08,2026-06-12,PATL11.SA,PATL11,64.1500015258789
2026-07-08,2026-06-15,PATL11.SA,PATL11,64.1500015258789
2026-07-08,2026-06-16,PATL11.SA,PATL11,64.1500015258789
2026-07-08,2026-06-17,PATL11.SA,PATL11,64.1500015258789
2026-07-08,2026-06-18,PATL11.SA,PATL11,64.1500015258789
2026-07-08,2026-06-19,PATL11.SA,PATL11,64.1500015258789
2026-07-08,2026-06-22,PATL11.SA,PATL11,64.1500015258789
2026-07-08,2026-06-23,PATL11.SA,PATL11,64.1500015258789
2026-07-08,2026-06-24,PATL11.SA,PATL11,64.1500015258789
2026-07-08,2026-06-25,PATL11.SA,PATL11,64.1500015258789
2026-07-08,2026-06-26,PATL11.SA,PATL11,64.1500015258789
2026-07-08,2026-06-29,PATL11.SA,PATL11,64.1500015258789
2026-07-08,2026-06-30,PATL11.SA,PATL11,64.1500015258789
2026-07-08,2026-07-01,PATL11.SA,PATL11,64.1500015258789
2026-07-08,2026-07-02,PATL11.SA,PATL11,64.1500015258789
2026-07-08,2026-07-03,PATL11.SA,PATL11,64.1500015258789
2026-07-08,2026-07-06,PATL11.SA,PATL11,64.1500015258789
2026-07-08,2026-07-07,PATL11.SA,PATL11,64.1500015258789
2026-07-08,2026-06-08,RBRL11.SA,RBRL11,80.9000015258789
2026-07-08,2026-06-09,RBRL11.SA,RBRL11,80.19999694824219
2026-07-08,2026-06-10,RBRL11.SA,RBRL11,79.66999816894531
2026-07-08,2026-06-11,RBRL11.SA,RBRL11,79.68000030517578
2026-07-08,2026-06-12,RBRL11.SA,RBRL11,79.95999908447266
2026-07-08,2026-06-15,RBRL11.SA,RBRL11,79.5
2026-07-08,2026-06-16,RBRL11.SA,RBRL11,79.44999694824219
2026-07-08,2026-06-17,RBRL11.SA,RBRL11,78.9000015258789
2026-07-08,2026-06-18,RBRL11.SA,RBRL11,78.4000015258789
2026-07-08,2026-06-19,RBRL11.SA,RBRL11,78.4000015258789
2026-07-08,2026-06-22,RBRL11.SA,RBRL11,78.4000015258789
2026-07-08,2026-06-23,RBRL11.SA,RBRL11,78.55000305175781
2026-07-08,2026-06-24,RBRL11.SA,RBRL11,78.06999969482422
2026-07-08,2026-06-25,RBRL11.SA,RBRL11,78.19000244140625
2026-07-08,2026-06-26,RBRL11.SA,RBRL11,78.13999938964844
2026-07-08,2026-06-29,RBRL11.SA,RBRL11,78.19999694824219
2026-07-08,2026-06-30,RBRL11.SA,RBRL11,74.23999786376953
2026-07-08,2026-07-01,RBRL11.SA,RBRL11,74.58999633789062
2026-07-08,2026-07-02,RBRL11.SA,RBRL11,74.4000015258789
2026-07-08,2026-07-03,RBRL11.SA,RBRL11,74.02999877929688
2026-07-08,2026-07-06,RBRL11.SA,RBRL11,72.9000015258789
2026-07-08,2026-07-07,RBRL11.SA,RBRL11,72.83000183105469
2026-07-08,2026-06-08,PMLL11.SA,PMLL11,105.55000305175781
2026-07-08,2026-06-09,PMLL11.SA,PMLL11,105.41999816894531
2026-07-08,2026-06-10,PMLL11.SA,PMLL11,104.5999984741211
2026-07-08,2026-06-11,PMLL11.SA,PMLL11,104.80000305175781
2026-07-08,2026-06-12,PMLL11.SA,PMLL11,105.0
2026-07-08,2026-06-15,PMLL11.SA,PMLL11,105.05999755859375
2026-07-08,2026-06-16,PMLL11.SA,PMLL11,104.77999877929688
2026-07-08,2026-06-17,PMLL11.SA,PMLL11,104.19000244140625
2026-07-08,2026-06-18,PMLL11.SA,PMLL11,103.73999786376953
2026-07-08,2026-06-19,PMLL11.SA,PMLL11,103.98999786376953
2026-07-08,2026-06-22,PMLL11.SA,PMLL11,103.76000213623047
2026-07-08,2026-06-23,PMLL11.SA,PMLL11,103.68000030517578
2026-07-08,2026-06-24,PMLL11.SA,PMLL11,103.30000305175781
2026-07-08,2026-06-25,PMLL11.SA,PMLL11,102.6500015258789
2026-07-08,2026-06-26,PMLL11.SA,PMLL11,103.3499984741211
2026-07-08,2026-06-29,PMLL11.SA,PMLL11,104.80999755859375
2026-07-08,2026-06-30,PMLL11.SA,PMLL11,106.13999938964844
2026-07-08,2026-07-01,PMLL11.SA,PMLL11,103.91999816894531
2026-07-08,2026-07-02,PMLL11.SA,PMLL11,103.29000091552734
2026-07-08,2026-07-03,PMLL11.SA,PMLL11,103.3499984741211
2026-07-08,2026-07-06,PMLL11.SA,PMLL11,103.83000183105469
2026-07-08,2026-07-07,PMLL11.SA,PMLL11,102.52999877929688
2026-07-08,2026-06-08,RBRX11.SA,RBRX11,8.199999809265137
2026-07-08,2026-06-09,RBRX11.SA,RBRX11,8.199999809265137
2026-07-08,2026-06-10,RBRX11.SA,RBRX11,8.199999809265137
2026-07-08,2026-06-11,RBRX11.SA,RBRX11,8.210000038146973
2026-07-08,2026-06-12,RBRX11.SA,RBRX11,8.359999656677246
2026-07-08,2026-06-15,RBRX11.SA,RBRX11,8.4399995803833
2026-07-08,2026-06-16,RBRX11.SA,RBRX11,8.260000228881836
2026-07-08,2026-06-17,RBRX11.SA,RBRX11,8.140000343322754
2026-07-08,2026-06-18,RBRX11.SA,RBRX11,8.100000381469727
2026-07-08,2026-06-19,RBRX11.SA,RBRX11,8.149999618530273
2026-07-08,2026-06-22,RBRX11.SA,RBRX11,8.130000114440918
2026-07-08,2026-06-23,RBRX11.SA,RBRX11,8.109999656677246
2026-07-08,2026-06-24,RBRX11.SA,RBRX11,8.079999923706055
2026-07-08,2026-06-25,RBRX11.SA,RBRX11,8.079999923706055
2026-07-08,2026-06-26,RBRX11.SA,RBRX11,8.119999885559082
2026-07-08,2026-06-29,RBRX11.SA,RBRX11,8.100000381469727
2026-07-08,2026-06-30,RBRX11.SA,RBRX11,8.069999694824219
2026-07-08,2026-07-01,RBRX11.SA,RBRX11,8.050000190734863
2026-07-08,2026-07-02,RBRX11.SA,RBRX11,8.069999694824219
2026-07-08,2026-07-03,RBRX11.SA,RBRX11,8.180000305175781
2026-07-08,2026-07-06,RBRX11.SA,RBRX11,8.100000381469727
2026-07-08,2026-07-07,RBRX11.SA,RBRX11,8.020000457763672
2026-07-08,2026-06-08,HGPO11.SA,HGPO11,153.4199981689453
2026-07-08,2026-06-09,HGPO11.SA,HGPO11,153.4199981689453
2026-07-08,2026-06-10,HGPO11.SA,HGPO11,153.4199981689453
2026-07-08,2026-06-11,HGPO11.SA,HGPO11,153.4199981689453
2026-07-08,2026-06-12,HGPO11.SA,HGPO11,153.4199981689453
2026-07-08,2026-06-15,HGPO11.SA,HGPO11,153.4199981689453
2026-07-08,2026-06-16,HGPO11.SA,HGPO11,153.4199981689453
2026-07-08,2026-06-17,HGPO11.SA,HGPO11,153.4199981689453
2026-07-08,2026-06-18,HGPO11.SA,HGPO11,153.4199981689453
2026-07-08,2026-06-19,HGPO11.SA,HGPO11,153.4199981689453
2026-07-08,2026-06-22,HGPO11.SA,HGPO11,153.4199981689453
2026-07-08,2026-06-23,HGPO11.SA,HGPO11,153.4199981689453
2026-07-08,2026-06-24,HGPO11.SA,HGPO11,153.4199981689453
2026-07-08,2026-06-25,HGPO11.SA,HGPO11,153.4199981689453
2026-07-08,2026-06-26,HGPO11.SA,HGPO11,153.4199981689453
2026-07-08,2026-06-29,HGPO11.SA,HGPO11,153.4199981689453
2026-07-08,2026-06-30,HGPO11.SA,HGPO11,153.4199981689453
2026-07-08,2026-07-01,HGPO11.SA,HGPO11,153.4199981689453
2026-07-08,2026-07-02,HGPO11.SA,HGPO11,153.4199981689453
2026-07-08,2026-07-03,HGPO11.SA,HGPO11,153.4199981689453
2026-07-08,2026-07-06,HGPO11.SA,HGPO11,153.4199981689453
2026-07-08,2026-07-07,HGPO11.SA,HGPO11,153.4199981689453
2026-07-08,2026-06-08,HGCR11.SA,HGCR11,94.20999908447266
2026-07-08,2026-06-09,HGCR11.SA,HGCR11,94.1500015258789
2026-07-08,2026-06-10,HGCR11.SA,HGCR11,93.01000213623047
2026-07-08,2026-06-11,HGCR11.SA,HGCR11,94.33999633789062
2026-07-08,2026-06-12,HGCR11.SA,HGCR11,94.08000183105469
2026-07-08,2026-06-15,HGCR11.SA,HGCR11,94.7699966430664
2026-07-08,2026-06-16,HGCR11.SA,HGCR11,93.77999877929688
2026-07-08,2026-06-17,HGCR11.SA,HGCR11,93.44999694824219
2026-07-08,2026-06-18,HGCR11.SA,HGCR11,93.45999908447266
2026-07-08,2026-06-19,HGCR11.SA,HGCR11,93.2699966430664
2026-07-08,2026-06-22,HGCR11.SA,HGCR11,92.51000213623047
2026-07-08,2026-06-23,HGCR11.SA,HGCR11,92.11000061035156
2026-07-08,2026-06-24,HGCR11.SA,HGCR11,91.5
2026-07-08,2026-06-25,HGCR11.SA,HGCR11,91.44999694824219
2026-07-08,2026-06-26,HGCR11.SA,HGCR11,91.4800033569336
2026-07-08,2026-06-29,HGCR11.SA,HGCR11,92.0
2026-07-08,2026-06-30,HGCR11.SA,HGCR11,91.86000061035156
2026-07-08,2026-07-01,HGCR11.SA,HGCR11,90.0
2026-07-08,2026-07-02,HGCR11.SA,HGCR11,90.4800033569336
2026-07-08,2026-07-03,HGCR11.SA,HGCR11,91.45999908447266
2026-07-08,2026-07-06,HGCR11.SA,HGCR11,91.31999969482422
2026-07-08,2026-07-07,HGCR11.SA,HGCR11,91.33000183105469
2026-07-08,2026-06-08,VCRR11.SA,VCRR11,58.02000045776367
2026-07-08,2026-06-09,VCRR11.SA,VCRR11,57.90999984741211
2026-07-08,2026-06-10,VCRR11.SA,VCRR11,57.349998474121094
2026-07-08,2026-06-11,VCRR11.SA,VCRR11,56.22999954223633
2026-07-08,2026-06-12,VCRR11.SA,VCRR11,57.189998626708984
2026-07-08,2026-06-15,VCRR11.SA,VCRR11,57.20000076293945
2026-07-08,2026-06-16,VCRR11.SA,VCRR11,57.7400016784668
2026-07-08,2026-06-17,VCRR11.SA,VCRR11,57.70000076293945
2026-07-08,2026-06-18,VCRR11.SA,VCRR11,56.5
2026-07-08,2026-06-19,VCRR11.SA,VCRR11,56.5
2026-07-08,2026-06-22,VCRR11.SA,VCRR11,56.619998931884766
2026-07-08,2026-06-23,VCRR11.SA,VCRR11,56.5099983215332
2026-07-08,2026-06-24,VCRR11.SA,VCRR11,56.400001525878906
2026-07-08,2026-06-25,VCRR11.SA,VCRR11,56.77000045776367
2026-07-08,2026-06-26,VCRR11.SA,VCRR11,56.119998931884766
2026-07-08,2026-06-29,VCRR11.SA,VCRR11,56.709999084472656
2026-07-08,2026-06-30,VCRR11.SA,VCRR11,58.79999923706055
2026-07-08,2026-07-01,VCRR11.SA,VCRR11,57.33000183105469
2026-07-08,2026-07-02,VCRR11.SA,VCRR11,57.380001068115234
2026-07-08,2026-07-03,VCRR11.SA,VCRR11,56.209999084472656
2026-07-08,2026-07-06,VCRR11.SA,VCRR11,56.720001220703125
2026-07-08,2026-07-07,VCRR11.SA,VCRR11,56.5
2026-07-08,2026-06-08,HGRU11.SA,HGRU11,128.49000549316406
2026-07-08,2026-06-09,HGRU11.SA,HGRU11,128.02999877929688
2026-07-08,2026-06-10,HGRU11.SA,HGRU11,127.5
2026-07-08,2026-06-11,HGRU11.SA,HGRU11,128.88999938964844
2026-07-08,2026-06-12,HGRU11.SA,HGRU11,128.97000122070312
2026-07-08,2026-06-15,HGRU11.SA,HGRU11,128.89999389648438
2026-07-08,2026-06-16,HGRU11.SA,HGRU11,128.8699951171875
2026-07-08,2026-06-17,HGRU11.SA,HGRU11,129.0800018310547
2026-07-08,2026-06-18,HGRU11.SA,HGRU11,128.9600067138672
2026-07-08,2026-06-19,HGRU11.SA,HGRU11,130.5
2026-07-08,2026-06-22,HGRU11.SA,HGRU11,129.38999938964844
2026-07-08,2026-06-23,HGRU11.SA,HGRU11,129.39999389648438
2026-07-08,2026-06-24,HGRU11.SA,HGRU11,129.10000610351562
2026-07-08,2026-06-25,HGRU11.SA,HGRU11,129.6699981689453
2026-07-08,2026-06-26,HGRU11.SA,HGRU11,130.8699951171875
2026-07-08,2026-06-29,HGRU11.SA,HGRU11,130.6699981689453
2026-07-08,2026-06-30,HGRU11.SA,HGRU11,131.49000549316406
2026-07-08,2026-07-01,HGRU11.SA,HGRU11,130.5
2026-07-08,2026-07-02,HGRU11.SA,HGRU11,130.0
2026-07-08,2026-07-03,HGRU11.SA,HGRU11,130.02000427246094
2026-07-08,2026-07-06,HGRU11.SA,HGRU11,129.6199951171875
2026-07-08,2026-07-07,HGRU11.SA,HGRU11,128.1999969482422
2026-07-08,2026-06-08,PSEC11.SA,PSEC11,58.0
2026-07-08,2026-06-09,PSEC11.SA,PSEC11,58.040000915527344
2026-07-08,2026-06-10,PSEC11.SA,PSEC11,56.77000045776367
2026-07-08,2026-06-11,PSEC11.SA,PSEC11,57.38999938964844
2026-07-08,2026-06-12,PSEC11.SA,PSEC11,57.400001525878906
2026-07-08,2026-06-15,PSEC11.SA,PSEC11,57.45000076293945
2026-07-08,2026-06-16,PSEC11.SA,PSEC11,57.029998779296875
2026-07-08,2026-06-17,PSEC11.SA,PSEC11,56.810001373291016
2026-07-08,2026-06-18,PSEC11.SA,PSEC11,56.720001220703125
2026-07-08,2026-06-19,PSEC11.SA,PSEC11,56.43000030517578
2026-07-08,2026-06-22,PSEC11.SA,PSEC11,56.529998779296875
2026-07-08,2026-06-23,PSEC11.SA,PSEC11,56.439998626708984
2026-07-08,2026-06-24,PSEC11.SA,PSEC11,56.599998474121094
2026-07-08,2026-06-25,PSEC11.SA,PSEC11,56.4900016784668
2026-07-08,2026-06-26,PSEC11.SA,PSEC11,56.459999084472656
2026-07-08,2026-06-29,PSEC11.SA,PSEC11,57.0
2026-07-08,2026-06-30,PSEC11.SA,PSEC11,56.79999923706055
2026-07-08,2026-07-01,PSEC11.SA,PSEC11,56.5
2026-07-08,2026-07-02,PSEC11.SA,PSEC11,56.599998474121094
2026-07-08,2026-07-03,PSEC11.SA,PSEC11,56.709999084472656
2026-07-08,2026-07-06,PSEC11.SA,PSEC11,56.529998779296875
2026-07-08,2026-07-07,PSEC11.SA,PSEC11,56.5
2026-07-08,2026-06-08,TOPP11.SA,TOPP11,62.25
2026-07-08,2026-06-09,TOPP11.SA,TOPP11,62.2599983215332
2026-07-08,2026-06-10,TOPP11.SA,TOPP11,62.150001525878906
2026-07-08,2026-06-11,TOPP11.SA,TOPP11,62.060001373291016
2026-07-08,2026-06-12,TOPP11.SA,TOPP11,62.400001525878906
2026-07-08,2026-06-15,TOPP11.SA,TOPP11,62.91999816894531
2026-07-08,2026-06-16,TOPP11.SA,TOPP11,62.29999923706055
2026-07-08,2026-06-17,TOPP11.SA,TOPP11,62.779998779296875
2026-07-08,2026-06-18,TOPP11.SA,TOPP11,62.36000061035156
2026-07-08,2026-06-19,TOPP11.SA,TOPP11,63.13999938964844
2026-07-08,2026-06-22,TOPP11.SA,TOPP11,62.400001525878906
2026-07-08,2026-06-23,TOPP11.SA,TOPP11,62.66999816894531
2026-07-08,2026-06-24,TOPP11.SA,TOPP11,62.25
2026-07-08,2026-06-25,TOPP11.SA,TOPP11,62.5099983215332
2026-07-08,2026-06-26,TOPP11.SA,TOPP11,62.630001068115234
2026-07-08,2026-06-29,TOPP11.SA,TOPP11,62.31999969482422
2026-07-08,2026-06-30,TOPP11.SA,TOPP11,62.70000076293945
2026-07-08,2026-07-01,TOPP11.SA,TOPP11,62.20000076293945
2026-07-08,2026-07-02,TOPP11.SA,TOPP11,61.220001220703125
2026-07-08,2026-07-03,TOPP11.SA,TOPP11,61.20000076293945
2026-07-08,2026-07-06,TOPP11.SA,TOPP11,62.0
2026-07-08,2026-07-07,TOPP11.SA,TOPP11,63.70000076293945
2026-07-08,2026-06-08,PEMA11.SA,PEMA11,26.0
2026-07-08,2026-06-09,PEMA11.SA,PEMA11,26.0
2026-07-08,2026-06-10,PEMA11.SA,PEMA11,26.0
2026-07-08,2026-06-11,PEMA11.SA,PEMA11,26.0
2026-07-08,2026-06-12,PEMA11.SA,PEMA11,26.0
2026-07-08,2026-06-15,PEMA11.SA,PEMA11,26.0
2026-07-08,2026-06-16,PEMA11.SA,PEMA11,26.0
2026-07-08,2026-06-17,PEMA11.SA,PEMA11,26.0
2026-07-08,2026-06-18,PEMA11.SA,PEMA11,25.0
2026-07-08,2026-06-19,PEMA11.SA,PEMA11,25.0
2026-07-08,2026-06-22,PEMA11.SA,PEMA11,25.0
2026-07-08,2026-06-23,PEMA11.SA,PEMA11,25.0
2026-07-08,2026-06-24,PEMA11.SA,PEMA11,25.0
2026-07-08,2026-06-25,PEMA11.SA,PEMA11,25.0
2026-07-08,2026-06-26,PEMA11.SA,PEMA11,25.0
2026-07-08,2026-06-29,PEMA11.SA,PEMA11,25.0
2026-07-08,2026-06-30,PEMA11.SA,PEMA11,25.0
2026-07-08,2026-07-01,PEMA11.SA,PEMA11,25.0
2026-07-08,2026-07-02,PEMA11.SA,PEMA11,25.0
2026-07-08,2026-07-03,PEMA11.SA,PEMA11,25.0
2026-07-08,2026-07-06,PEMA11.SA,PEMA11,25.0
2026-07-08,2026-07-07,PEMA11.SA,PEMA11,25.0
2026-07-08,2026-06-08,PMRL11.SA,PMRL11,106.94999694824219
2026-07-08,2026-06-09,PMRL11.SA,PMRL11,106.94999694824219
2026-07-08,2026-06-10,PMRL11.SA,PMRL11,106.94999694824219
2026-07-08,2026-06-11,PMRL11.SA,PMRL11,106.94999694824219
2026-07-08,2026-06-12,PMRL11.SA,PMRL11,106.94999694824219
2026-07-08,2026-06-15,PMRL11.SA,PMRL11,107.30999755859375
2026-07-08,2026-06-16,PMRL11.SA,PMRL11,107.30999755859375
2026-07-08,2026-06-17,PMRL11.SA,PMRL11,107.30999755859375
2026-07-08,2026-06-18,PMRL11.SA,PMRL11,107.5199966430664
2026-07-08,2026-06-19,PMRL11.SA,PMRL11,107.5199966430664
2026-07-08,2026-06-22,PMRL11.SA,PMRL11,107.5199966430664
2026-07-08,2026-06-23,PMRL11.SA,PMRL11,107.72000122070312
2026-07-08,2026-06-24,PMRL11.SA,PMRL11,107.72000122070312
2026-07-08,2026-06-25,PMRL11.SA,PMRL11,107.72000122070312
2026-07-08,2026-06-26,PMRL11.SA,PMRL11,107.72000122070312
2026-07-08,2026-06-29,PMRL11.SA,PMRL11,107.72000122070312
2026-07-08,2026-06-30,PMRL11.SA,PMRL11,108.05999755859375
2026-07-08,2026-07-01,PMRL11.SA,PMRL11,108.05999755859375
2026-07-08,2026-07-02,PMRL11.SA,PMRL11,108.19000244140625
2026-07-08,2026-07-03,PMRL11.SA,PMRL11,108.26000213623047
2026-07-08,2026-07-06,PMRL11.SA,PMRL11,108.26000213623047
2026-07-08,2026-07-07,PMRL11.SA,PMRL11,108.26000213623047
2026-07-08,2026-06-08,PRSN11.SA,PRSN11,6.010000228881836
2026-07-08,2026-06-09,PRSN11.SA,PRSN11,6.010000228881836
2026-07-08,2026-06-10,PRSN11.SA,PRSN11,6.010000228881836
2026-07-08,2026-06-11,PRSN11.SA,PRSN11,6.010000228881836
2026-07-08,2026-06-12,PRSN11.SA,PRSN11,6.010000228881836
2026-07-08,2026-06-15,PRSN11.SA,PRSN11,6.010000228881836
2026-07-08,2026-06-16,PRSN11.SA,PRSN11,6.010000228881836
2026-07-08,2026-06-17,PRSN11.SA,PRSN11,6.010000228881836
2026-07-08,2026-06-18,PRSN11.SA,PRSN11,6.010000228881836
2026-07-08,2026-06-19,PRSN11.SA,PRSN11,6.010000228881836
2026-07-08,2026-06-22,PRSN11.SA,PRSN11,6.010000228881836
2026-07-08,2026-06-23,PRSN11.SA,PRSN11,6.010000228881836
2026-07-08,2026-06-24,PRSN11.SA,PRSN11,6.010000228881836
2026-07-08,2026-06-25,PRSN11.SA,PRSN11,6.010000228881836
2026-07-08,2026-06-26,PRSN11.SA,PRSN11,6.010000228881836
2026-07-08,2026-06-29,PRSN11.SA,PRSN11,6.010000228881836
2026-07-08,2026-06-30,PRSN11.SA,PRSN11,6.010000228881836
2026-07-08,2026-07-01,PRSN11.SA,PRSN11,6.010000228881836
2026-07-08,2026-07-02,PRSN11.SA,PRSN11,6.010000228881836
2026-07-08,2026-07-03,PRSN11.SA,PRSN11,6.010000228881836
2026-07-08,2026-07-06,PRSN11.SA,PRSN11,6.010000228881836
2026-07-08,2026-07-07,PRSN11.SA,PRSN11,6.010000228881836
2026-07-08,2026-06-08,PORD11.SA,PORD11,8.199999809265137
2026-07-08,2026-06-09,PORD11.SA,PORD11,8.180000305175781
2026-07-08,2026-06-10,PORD11.SA,PORD11,8.100000381469727
2026-07-08,2026-06-11,PORD11.SA,PORD11,8.109999656677246
2026-07-08,2026-06-12,PORD11.SA,PORD11,8.170000076293945
2026-07-08,2026-06-15,PORD11.SA,PORD11,8.1899995803833
2026-07-08,2026-06-16,PORD11.SA,PORD11,8.130000114440918
2026-07-08,2026-06-17,PORD11.SA,PORD11,8.119999885559082
2026-07-08,2026-06-18,PORD11.SA,PORD11,8.239999771118164
2026-07-08,2026-06-19,PORD11.SA,PORD11,8.289999961853027
2026-07-08,2026-06-22,PORD11.SA,PORD11,8.369999885559082
2026-07-08,2026-06-23,PORD11.SA,PORD11,8.380000114440918
2026-07-08,2026-06-24,PORD11.SA,PORD11,8.390000343322754
2026-07-08,2026-06-25,PORD11.SA,PORD11,8.380000114440918
2026-07-08,2026-06-26,PORD11.SA,PORD11,8.380000114440918
2026-07-08,2026-06-29,PORD11.SA,PORD11,8.470000267028809
2026-07-08,2026-06-30,PORD11.SA,PORD11,8.449999809265137
2026-07-08,2026-07-01,PORD11.SA,PORD11,8.390000343322754
2026-07-08,2026-07-02,PORD11.SA,PORD11,8.390000343322754
2026-07-08,2026-07-03,PORD11.SA,PORD11,8.399999618530273
2026-07-08,2026-07-06,PORD11.SA,PORD11,8.390000343322754
2026-07-08,2026-07-07,PORD11.SA,PORD11,8.380000114440918
2026-07-08,2026-06-08,PLRI11.SA,PLRI11,7.199999809265137
2026-07-08,2026-06-09,PLRI11.SA,PLRI11,7.489999771118164
2026-07-08,2026-06-10,PLRI11.SA,PLRI11,6.889999866485596
2026-07-08,2026-06-11,PLRI11.SA,PLRI11,6.920000076293945
2026-07-08,2026-06-12,PLRI11.SA,PLRI11,6.920000076293945
2026-07-08,2026-06-15,PLRI11.SA,PLRI11,6.920000076293945
2026-07-08,2026-06-16,PLRI11.SA,PLRI11,6.920000076293945
2026-07-08,2026-06-17,PLRI11.SA,PLRI11,6.920000076293945
2026-07-08,2026-06-18,PLRI11.SA,PLRI11,6.920000076293945
2026-07-08,2026-06-19,PLRI11.SA,PLRI11,6.909999847412109
2026-07-08,2026-06-22,PLRI11.SA,PLRI11,6.909999847412109
2026-07-08,2026-06-23,PLRI11.SA,PLRI11,6.909999847412109
2026-07-08,2026-06-24,PLRI11.SA,PLRI11,6.909999847412109
2026-07-08,2026-06-25,PLRI11.SA,PLRI11,6.909999847412109
2026-07-08,2026-06-26,PLRI11.SA,PLRI11,7.690000057220459
2026-07-08,2026-06-29,PLRI11.SA,PLRI11,7.489999771118164
2026-07-08,2026-06-30,PLRI11.SA,PLRI11,8.199999809265137
2026-07-08,2026-07-01,PLRI11.SA,PLRI11,7.789999961853027
2026-07-08,2026-07-02,PLRI11.SA,PLRI11,7.289999961853027
2026-07-08,2026-07-03,PLRI11.SA,PLRI11,7.289999961853027
2026-07-08,2026-07-06,PLRI11.SA,PLRI11,7.349999904632568
2026-07-08,2026-07-07,PLRI11.SA,PLRI11,7.349999904632568
2026-07-08,2026-06-08,PRSV11.SA,PRSV11,34.9900016784668
2026-07-08,2026-06-09,PRSV11.SA,PRSV11,34.290000915527344
2026-07-08,2026-06-10,PRSV11.SA,PRSV11,34.4900016784668
2026-07-08,2026-06-11,PRSV11.SA,PRSV11,33.0099983215332
2026-07-08,2026-06-12,PRSV11.SA,PRSV11,34.9900016784668
2026-07-08,2026-06-15,PRSV11.SA,PRSV11,35.0
2026-07-08,2026-06-16,PRSV11.SA,PRSV11,31.020000457763672
2026-07-08,2026-06-17,PRSV11.SA,PRSV11,34.97999954223633
2026-07-08,2026-06-18,PRSV11.SA,PRSV11,31.799999237060547
2026-07-08,2026-06-19,PRSV11.SA,PRSV11,31.0
2026-07-08,2026-06-22,PRSV11.SA,PRSV11,31.0
2026-07-08,2026-06-23,PRSV11.SA,PRSV11,30.3799991607666
2026-07-08,2026-06-24,PRSV11.SA,PRSV11,30.040000915527344
2026-07-08,2026-06-25,PRSV11.SA,PRSV11,30.040000915527344
2026-07-08,2026-06-26,PRSV11.SA,PRSV11,30.049999237060547
2026-07-08,2026-06-29,PRSV11.SA,PRSV11,30.010000228881836
2026-07-08,2026-06-30,PRSV11.SA,PRSV11,30.0
2026-07-08,2026-07-01,PRSV11.SA,PRSV11,30.5
2026-07-08,2026-07-02,PRSV11.SA,PRSV11,30.010000228881836
2026-07-08,2026-07-03,PRSV11.SA,PRSV11,30.010000228881836
2026-07-08,2026-07-06,PRSV11.SA,PRSV11,30.010000228881836
2026-07-08,2026-07-07,PRSV11.SA,PRSV11,30.0
2026-07-08,2026-06-08,TSER11.SA,TSER11,108.0
2026-07-08,2026-06-09,TSER11.SA,TSER11,108.0
2026-07-08,2026-06-10,TSER11.SA,TSER11,108.0
2026-07-08,2026-06-11,TSER11.SA,TSER11,108.0
2026-07-08,2026-06-12,TSER11.SA,TSER11,108.0
2026-07-08,2026-06-15,TSER11.SA,TSER11,108.0
2026-07-08,2026-06-16,TSER11.SA,TSER11,108.0
2026-07-08,2026-06-17,TSER11.SA,TSER11,108.0
2026-07-08,2026-06-18,TSER11.SA,TSER11,108.0
2026-07-08,2026-06-19,TSER11.SA,TSER11,108.0
2026-07-08,2026-06-22,TSER11.SA,TSER11,108.0
2026-07-08,2026-06-23,TSER11.SA,TSER11,108.0
2026-07-08,2026-06-24,TSER11.SA,TSER11,108.0
2026-07-08,2026-06-25,TSER11.SA,TSER11,108.0
2026-07-08,2026-06-26,TSER11.SA,TSER11,108.0
2026-07-08,2026-06-29,TSER11.SA,TSER11,108.0
2026-07-08,2026-06-30,TSER11.SA,TSER11,108.0
2026-07-08,2026-07-01,TSER11.SA,TSER11,108.0
2026-07-08,2026-07-02,TSER11.SA,TSER11,108.0
2026-07-08,2026-07-03,TSER11.SA,TSER11,108.0
2026-07-08,2026-07-06,TSER11.SA,TSER11,108.0
2026-07-08,2026-07-07,TSER11.SA,TSER11,108.0
2026-07-08,2026-06-08,FPAB11.SA,FPAB11,199.00999450683594
2026-07-08,2026-06-09,FPAB11.SA,FPAB11,199.00999450683594
2026-07-08,2026-06-10,FPAB11.SA,FPAB11,204.99000549316406
2026-07-08,2026-06-11,FPAB11.SA,FPAB11,205.0
2026-07-08,2026-06-12,FPAB11.SA,FPAB11,205.0
2026-07-08,2026-06-15,FPAB11.SA,FPAB11,205.0
2026-07-08,2026-06-16,FPAB11.SA,FPAB11,204.99000549316406
2026-07-08,2026-06-17,FPAB11.SA,FPAB11,205.97999572753906
2026-07-08,2026-06-18,FPAB11.SA,FPAB11,205.97999572753906
2026-07-08,2026-06-19,FPAB11.SA,FPAB11,201.02000427246094
2026-07-08,2026-06-22,FPAB11.SA,FPAB11,201.02000427246094
2026-07-08,2026-06-23,FPAB11.SA,FPAB11,204.0
2026-07-08,2026-06-24,FPAB11.SA,FPAB11,206.0
2026-07-08,2026-06-25,FPAB11.SA,FPAB11,202.0
2026-07-08,2026-06-26,FPAB11.SA,FPAB11,202.0
2026-07-08,2026-06-29,FPAB11.SA,FPAB11,202.00999450683594
2026-07-08,2026-06-30,FPAB11.SA,FPAB11,203.0
2026-07-08,2026-07-01,FPAB11.SA,FPAB11,201.0
2026-07-08,2026-07-02,FPAB11.SA,FPAB11,199.14999389648438
2026-07-08,2026-07-03,FPAB11.SA,FPAB11,202.0
2026-07-08,2026-07-06,FPAB11.SA,FPAB11,201.99000549316406
2026-07-08,2026-07-07,FPAB11.SA,FPAB11,201.99000549316406
2026-07-08,2026-06-08,RZZV11.SA,RZZV11,1050.0
2026-07-08,2026-06-09,RZZV11.SA,RZZV11,1050.0
2026-07-08,2026-06-10,RZZV11.SA,RZZV11,1050.0
2026-07-08,2026-06-11,RZZV11.SA,RZZV11,1050.0
2026-07-08,2026-06-12,RZZV11.SA,RZZV11,1050.0
2026-07-08,2026-06-15,RZZV11.SA,RZZV11,1050.0
2026-07-08,2026-06-16,RZZV11.SA,RZZV11,1050.0
2026-07-08,2026-06-17,RZZV11.SA,RZZV11,1050.0
2026-07-08,2026-06-18,RZZV11.SA,RZZV11,1050.0
2026-07-08,2026-06-19,RZZV11.SA,RZZV11,1050.0
2026-07-08,2026-06-22,RZZV11.SA,RZZV11,1050.0
2026-07-08,2026-06-23,RZZV11.SA,RZZV11,1050.0
2026-07-08,2026-06-24,RZZV11.SA,RZZV11,1050.0
2026-07-08,2026-06-25,RZZV11.SA,RZZV11,1050.0
2026-07-08,2026-06-26,RZZV11.SA,RZZV11,1050.0
2026-07-08,2026-06-29,RZZV11.SA,RZZV11,1050.0
2026-07-08,2026-06-30,RZZV11.SA,RZZV11,1050.0
2026-07-08,2026-07-01,RZZV11.SA,RZZV11,1050.0
2026-07-08,2026-07-02,RZZV11.SA,RZZV11,1050.0
2026-07-08,2026-07-03,RZZV11.SA,RZZV11,1050.0
2026-07-08,2026-07-06,RZZV11.SA,RZZV11,1050.0
2026-07-08,2026-07-07,RZZV11.SA,RZZV11,1050.0
2026-07-08,2026-06-08,RZZI11.SA,RZZI11,1000.0
2026-07-08,2026-06-09,RZZI11.SA,RZZI11,1000.0
2026-07-08,2026-06-10,RZZI11.SA,RZZI11,1000.0
2026-07-08,2026-06-11,RZZI11.SA,RZZI11,1000.0
2026-07-08,2026-06-12,RZZI11.SA,RZZI11,1000.0
2026-07-08,2026-06-15,RZZI11.SA,RZZI11,1000.0
2026-07-08,2026-06-16,RZZI11.SA,RZZI11,1000.0
2026-07-08,2026-06-17,RZZI11.SA,RZZI11,1000.0
2026-07-08,2026-06-18,RZZI11.SA,RZZI11,1000.0
2026-07-08,2026-06-19,RZZI11.SA,RZZI11,1000.0
2026-07-08,2026-06-22,RZZI11.SA,RZZI11,1000.0
2026-07-08,2026-06-23,RZZI11.SA,RZZI11,1000.0
2026-07-08,2026-06-24,RZZI11.SA,RZZI11,1000.0
2026-07-08,2026-06-25,RZZI11.SA,RZZI11,1000.0
2026-07-08,2026-06-26,RZZI11.SA,RZZI11,1000.0
2026-07-08,2026-06-29,RZZI11.SA,RZZI11,1000.0
2026-07-08,2026-06-30,RZZI11.SA,RZZI11,1000.0
2026-07-08,2026-07-01,RZZI11.SA,RZZI11,1000.0
2026-07-08,2026-07-02,RZZI11.SA,RZZI11,1000.0
2026-07-08,2026-07-03,RZZI11.SA,RZZI11,1000.0
2026-07-08,2026-07-06,RZZI11.SA,RZZI11,1000.0
2026-07-08,2026-07-07,RZZI11.SA,RZZI11,1000.0
2026-07-08,2026-06-08,RZZR11.SA,RZZR11,130.6199951171875
2026-07-08,2026-06-09,RZZR11.SA,RZZR11,130.6199951171875
2026-07-08,2026-06-10,RZZR11.SA,RZZR11,129.99000549316406
2026-07-08,2026-06-11,RZZR11.SA,RZZR11,130.0
2026-07-08,2026-06-12,RZZR11.SA,RZZR11,129.5
2026-07-08,2026-06-15,RZZR11.SA,RZZR11,130.0
2026-07-08,2026-06-16,RZZR11.SA,RZZR11,129.85000610351562
2026-07-08,2026-06-17,RZZR11.SA,RZZR11,129.97999572753906
2026-07-08,2026-06-18,RZZR11.SA,RZZR11,129.7899932861328
2026-07-08,2026-06-19,RZZR11.SA,RZZR11,129.9600067138672
2026-07-08,2026-06-22,RZZR11.SA,RZZR11,129.07000732421875
2026-07-08,2026-06-23,RZZR11.SA,RZZR11,128.99000549316406
2026-07-08,2026-06-24,RZZR11.SA,RZZR11,129.49000549316406
2026-07-08,2026-06-25,RZZR11.SA,RZZR11,128.60000610351562
2026-07-08,2026-06-26,RZZR11.SA,RZZR11,128.97000122070312
2026-07-08,2026-06-29,RZZR11.SA,RZZR11,128.6300048828125
2026-07-08,2026-06-30,RZZR11.SA,RZZR11,129.0
2026-07-08,2026-07-01,RZZR11.SA,RZZR11,129.0
2026-07-08,2026-07-02,RZZR11.SA,RZZR11,128.8000030517578
2026-07-08,2026-07-03,RZZR11.SA,RZZR11,129.0
2026-07-08,2026-07-06,RZZR11.SA,RZZR11,129.0
2026-07-08,2026-07-07,RZZR11.SA,RZZR11,129.0
2026-07-08,2026-06-08,RBDS11.SA,RBDS11,2.0
2026-07-08,2026-06-09,RBDS11.SA,RBDS11,2.1500000953674316
2026-07-08,2026-06-10,RBDS11.SA,RBDS11,2.1500000953674316
2026-07-08,2026-06-11,RBDS11.SA,RBDS11,2.1500000953674316
2026-07-08,2026-06-12,RBDS11.SA,RBDS11,1.7699999809265137
2026-07-08,2026-06-15,RBDS11.SA,RBDS11,1.7699999809265137
2026-07-08,2026-06-16,RBDS11.SA,RBDS11,1.7699999809265137
2026-07-08,2026-06-17,RBDS11.SA,RBDS11,1.850000023841858
2026-07-08,2026-06-18,RBDS11.SA,RBDS11,1.850000023841858
2026-07-08,2026-06-19,RBDS11.SA,RBDS11,1.850000023841858
2026-07-08,2026-06-22,RBDS11.SA,RBDS11,1.75
2026-07-08,2026-06-23,RBDS11.SA,RBDS11,1.9500000476837158
2026-07-08,2026-06-24,RBDS11.SA,RBDS11,2.049999952316284
2026-07-08,2026-06-25,RBDS11.SA,RBDS11,2.049999952316284
2026-07-08,2026-06-26,RBDS11.SA,RBDS11,2.049999952316284
2026-07-08,2026-06-29,RBDS11.SA,RBDS11,1.559999942779541
2026-07-08,2026-06-30,RBDS11.SA,RBDS11,1.559999942779541
2026-07-08,2026-07-01,RBDS11.SA,RBDS11,1.559999942779541
2026-07-08,2026-07-02,RBDS11.SA,RBDS11,1.559999942779541
2026-07-08,2026-07-03,RBDS11.SA,RBDS11,1.6399999856948853
2026-07-08,2026-07-06,RBDS11.SA,RBDS11,1.6399999856948853
2026-07-08,2026-07-07,RBDS11.SA,RBDS11,1.559999942779541
2026-07-08,2026-06-08,RSPD11.SA,RSPD11,701.0
2026-07-08,2026-06-09,RSPD11.SA,RSPD11,701.0
2026-07-08,2026-06-10,RSPD11.SA,RSPD11,700.0
2026-07-08,2026-06-11,RSPD11.SA,RSPD11,700.0
2026-07-08,2026-06-12,RSPD11.SA,RSPD11,700.0
2026-07-08,2026-06-15,RSPD11.SA,RSPD11,700.0
2026-07-08,2026-06-16,RSPD11.SA,RSPD11,700.0
2026-07-08,2026-06-17,RSPD11.SA,RSPD11,707.0
2026-07-08,2026-06-18,RSPD11.SA,RSPD11,707.0
2026-07-08,2026-06-19,RSPD11.SA,RSPD11,707.0
2026-07-08,2026-06-22,RSPD11.SA,RSPD11,707.0
2026-07-08,2026-06-23,RSPD11.SA,RSPD11,707.0
2026-07-08,2026-06-24,RSPD11.SA,RSPD11,699.0
2026-07-08,2026-06-25,RSPD11.SA,RSPD11,699.0
2026-07-08,2026-06-26,RSPD11.SA,RSPD11,705.0
2026-07-08,2026-06-29,RSPD11.SA,RSPD11,705.0
2026-07-08,2026-06-30,RSPD11.SA,RSPD11,740.0
2026-07-08,2026-07-01,RSPD11.SA,RSPD11,700.0
2026-07-08,2026-07-02,RSPD11.SA,RSPD11,700.0
2026-07-08,2026-07-03,RSPD11.SA,RSPD11,700.0
2026-07-08,2026-07-06,RSPD11.SA,RSPD11,700.0
2026-07-08,2026-07-07,RSPD11.SA,RSPD11,700.0
2026-07-08,2026-06-08,RBIR11.SA,RBIR11,77.88999938964844
2026-07-08,2026-06-09,RBIR11.SA,RBIR11,79.87999725341797
2026-07-08,2026-06-10,RBIR11.SA,RBIR11,79.7699966430664
2026-07-08,2026-06-11,RBIR11.SA,RBIR11,78.75
2026-07-08,2026-06-12,RBIR11.SA,RBIR11,79.44000244140625
2026-07-08,2026-06-15,RBIR11.SA,RBIR11,78.31999969482422
2026-07-08,2026-06-16,RBIR11.SA,RBIR11,79.66000366210938
2026-07-08,2026-06-17,RBIR11.SA,RBIR11,78.18000030517578
2026-07-08,2026-06-18,RBIR11.SA,RBIR11,78.18000030517578
2026-07-08,2026-06-19,RBIR11.SA,RBIR11,79.62000274658203
2026-07-08,2026-06-22,RBIR11.SA,RBIR11,79.0
2026-07-08,2026-06-23,RBIR11.SA,RBIR11,79.47000122070312
2026-07-08,2026-06-24,RBIR11.SA,RBIR11,79.0
2026-07-08,2026-06-25,RBIR11.SA,RBIR11,78.0999984741211
2026-07-08,2026-06-26,RBIR11.SA,RBIR11,79.3499984741211
2026-07-08,2026-06-29,RBIR11.SA,RBIR11,79.11000061035156
2026-07-08,2026-06-30,RBIR11.SA,RBIR11,79.30000305175781
2026-07-08,2026-07-01,RBIR11.SA,RBIR11,73.5999984741211
2026-07-08,2026-07-02,RBIR11.SA,RBIR11,74.97000122070312
2026-07-08,2026-07-03,RBIR11.SA,RBIR11,74.88999938964844
2026-07-08,2026-07-06,RBIR11.SA,RBIR11,74.83999633789062
2026-07-08,2026-07-07,RBIR11.SA,RBIR11,74.75
2026-07-08,2026-06-08,RFOF11.SA,RFOF11,64.48999786376953
2026-07-08,2026-06-09,RFOF11.SA,RFOF11,64.48999786376953
2026-07-08,2026-06-10,RFOF11.SA,RFOF11,64.48999786376953
2026-07-08,2026-06-11,RFOF11.SA,RFOF11,64.48999786376953
2026-07-08,2026-06-12,RFOF11.SA,RFOF11,64.48999786376953
2026-07-08,2026-06-15,RFOF11.SA,RFOF11,64.48999786376953
2026-07-08,2026-06-16,RFOF11.SA,RFOF11,64.48999786376953
2026-07-08,2026-06-17,RFOF11.SA,RFOF11,64.48999786376953
2026-07-08,2026-06-18,RFOF11.SA,RFOF11,64.48999786376953
2026-07-08,2026-06-19,RFOF11.SA,RFOF11,64.48999786376953
2026-07-08,2026-06-22,RFOF11.SA,RFOF11,64.48999786376953
2026-07-08,2026-06-23,RFOF11.SA,RFOF11,64.48999786376953
2026-07-08,2026-06-24,RFOF11.SA,RFOF11,64.48999786376953
2026-07-08,2026-06-25,RFOF11.SA,RFOF11,64.48999786376953
2026-07-08,2026-06-26,RFOF11.SA,RFOF11,64.48999786376953
2026-07-08,2026-06-29,RFOF11.SA,RFOF11,64.48999786376953
2026-07-08,2026-06-30,RFOF11.SA,RFOF11,64.48999786376953
2026-07-08,2026-07-01,RFOF11.SA,RFOF11,64.48999786376953
2026-07-08,2026-07-02,RFOF11.SA,RFOF11,64.48999786376953
2026-07-08,2026-07-03,RFOF11.SA,RFOF11,64.48999786376953
2026-07-08,2026-07-06,RFOF11.SA,RFOF11,64.48999786376953
2026-07-08,2026-07-07,RFOF11.SA,RFOF11,64.48999786376953
2026-07-08,2026-06-08,RBLG11.SA,RBLG11,18.049999237060547
2026-07-08,2026-06-09,RBLG11.SA,RBLG11,18.049999237060547
2026-07-08,2026-06-10,RBLG11.SA,RBLG11,18.049999237060547
2026-07-08,2026-06-11,RBLG11.SA,RBLG11,18.049999237060547
2026-07-08,2026-06-12,RBLG11.SA,RBLG11,18.049999237060547
2026-07-08,2026-06-15,RBLG11.SA,RBLG11,18.049999237060547
2026-07-08,2026-06-16,RBLG11.SA,RBLG11,18.049999237060547
2026-07-08,2026-06-17,RBLG11.SA,RBLG11,18.049999237060547
2026-07-08,2026-06-18,RBLG11.SA,RBLG11,18.049999237060547
2026-07-08,2026-06-19,RBLG11.SA,RBLG11,18.049999237060547
2026-07-08,2026-06-22,RBLG11.SA,RBLG11,18.049999237060547
2026-07-08,2026-06-23,RBLG11.SA,RBLG11,18.049999237060547
2026-07-08,2026-06-24,RBLG11.SA,RBLG11,18.049999237060547
2026-07-08,2026-06-25,RBLG11.SA,RBLG11,18.049999237060547
2026-07-08,2026-06-26,RBLG11.SA,RBLG11,18.049999237060547
2026-07-08,2026-06-29,RBLG11.SA,RBLG11,18.049999237060547
2026-07-08,2026-06-30,RBLG11.SA,RBLG11,18.049999237060547
2026-07-08,2026-07-01,RBLG11.SA,RBLG11,18.049999237060547
2026-07-08,2026-07-02,RBLG11.SA,RBLG11,18.049999237060547
2026-07-08,2026-07-03,RBLG11.SA,RBLG11,17.719999313354492
2026-07-08,2026-07-06,RBLG11.SA,RBLG11,17.719999313354492
2026-07-08,2026-07-07,RBLG11.SA,RBLG11,17.719999313354492
2026-07-08,2026-06-08,FIIP11.SA,FIIP11,131.52000427246094
2026-07-08,2026-06-09,FIIP11.SA,FIIP11,131.47000122070312
2026-07-08,2026-06-10,FIIP11.SA,FIIP11,131.8000030517578
2026-07-08,2026-06-11,FIIP11.SA,FIIP11,131.1999969482422
2026-07-08,2026-06-12,FIIP11.SA,FIIP11,131.52999877929688
2026-07-08,2026-06-15,FIIP11.SA,FIIP11,133.89999389648438
2026-07-08,2026-06-16,FIIP11.SA,FIIP11,133.33999633789062
2026-07-08,2026-06-17,FIIP11.SA,FIIP11,135.9199981689453
2026-07-08,2026-06-18,FIIP11.SA,FIIP11,137.5
2026-07-08,2026-06-19,FIIP11.SA,FIIP11,132.52000427246094
2026-07-08,2026-06-22,FIIP11.SA,FIIP11,136.99000549316406
2026-07-08,2026-06-23,FIIP11.SA,FIIP11,134.17999267578125
2026-07-08,2026-06-24,FIIP11.SA,FIIP11,135.47000122070312
2026-07-08,2026-06-25,FIIP11.SA,FIIP11,133.02999877929688
2026-07-08,2026-06-26,FIIP11.SA,FIIP11,132.0
2026-07-08,2026-06-29,FIIP11.SA,FIIP11,135.60000610351562
2026-07-08,2026-06-30,FIIP11.SA,FIIP11,134.8000030517578
2026-07-08,2026-07-01,FIIP11.SA,FIIP11,133.75999450683594
2026-07-08,2026-07-02,FIIP11.SA,FIIP11,131.4199981689453
2026-07-08,2026-07-03,FIIP11.SA,FIIP11,133.27999877929688
2026-07-08,2026-07-06,FIIP11.SA,FIIP11,131.44000244140625
2026-07-08,2026-07-07,FIIP11.SA,FIIP11,132.0399932861328
2026-07-08,2026-06-08,RBRD11.SA,RBRD11,36.810001373291016
2026-07-08,2026-06-09,RBRD11.SA,RBRD11,36.650001525878906
2026-07-08,2026-06-10,RBRD11.SA,RBRD11,36.9900016784668
2026-07-08,2026-06-11,RBRD11.SA,RBRD11,36.869998931884766
2026-07-08,2026-06-12,RBRD11.SA,RBRD11,36.599998474121094
2026-07-08,2026-06-15,RBRD11.SA,RBRD11,36.599998474121094
2026-07-08,2026-06-16,RBRD11.SA,RBRD11,37.0
2026-07-08,2026-06-17,RBRD11.SA,RBRD11,37.0
2026-07-08,2026-06-18,RBRD11.SA,RBRD11,37.0
2026-07-08,2026-06-19,RBRD11.SA,RBRD11,36.9900016784668
2026-07-08,2026-06-22,RBRD11.SA,RBRD11,36.9900016784668
2026-07-08,2026-06-23,RBRD11.SA,RBRD11,36.959999084472656
2026-07-08,2026-06-24,RBRD11.SA,RBRD11,37.0
2026-07-08,2026-06-25,RBRD11.SA,RBRD11,36.97999954223633
2026-07-08,2026-06-26,RBRD11.SA,RBRD11,37.04999923706055
2026-07-08,2026-06-29,RBRD11.SA,RBRD11,38.0
2026-07-08,2026-06-30,RBRD11.SA,RBRD11,38.59000015258789
2026-07-08,2026-07-01,RBRD11.SA,RBRD11,37.11000061035156
2026-07-08,2026-07-02,RBRD11.SA,RBRD11,36.810001373291016
2026-07-08,2026-07-03,RBRD11.SA,RBRD11,37.20000076293945
2026-07-08,2026-07-06,RBRD11.SA,RBRD11,36.560001373291016
2026-07-08,2026-07-07,RBRD11.SA,RBRD11,36.9900016784668
2026-07-08,2026-06-08,REME11.SA,REME11,79.0199966430664
2026-07-08,2026-06-09,REME11.SA,REME11,77.5
2026-07-08,2026-06-10,REME11.SA,REME11,76.0
2026-07-08,2026-06-11,REME11.SA,REME11,80.0
2026-07-08,2026-06-12,REME11.SA,REME11,79.95999908447266
2026-07-08,2026-06-15,REME11.SA,REME11,77.87999725341797
2026-07-08,2026-06-16,REME11.SA,REME11,80.0
2026-07-08,2026-06-17,REME11.SA,REME11,78.0
2026-07-08,2026-06-18,REME11.SA,REME11,76.5199966430664
2026-07-08,2026-06-19,REME11.SA,REME11,76.5199966430664
2026-07-08,2026-06-22,REME11.SA,REME11,76.5
2026-07-08,2026-06-23,REME11.SA,REME11,76.0
2026-07-08,2026-06-24,REME11.SA,REME11,76.0
2026-07-08,2026-06-25,REME11.SA,REME11,76.0
2026-07-08,2026-06-26,REME11.SA,REME11,75.45999908447266
2026-07-08,2026-06-29,REME11.SA,REME11,77.48999786376953
2026-07-08,2026-06-30,REME11.SA,REME11,78.0999984741211
2026-07-08,2026-07-01,REME11.SA,REME11,76.9000015258789
2026-07-08,2026-07-02,REME11.SA,REME11,75.25
2026-07-08,2026-07-03,REME11.SA,REME11,75.0
2026-07-08,2026-07-06,REME11.SA,REME11,75.0
2026-07-08,2026-07-07,REME11.SA,REME11,74.05000305175781
2026-07-08,2026-06-08,RBTS11.SA,RBTS11,285.04998779296875
2026-07-08,2026-06-09,RBTS11.SA,RBTS11,285.04998779296875
2026-07-08,2026-06-10,RBTS11.SA,RBTS11,285.04998779296875
2026-07-08,2026-06-11,RBTS11.SA,RBTS11,285.04998779296875
2026-07-08,2026-06-12,RBTS11.SA,RBTS11,285.04998779296875
2026-07-08,2026-06-15,RBTS11.SA,RBTS11,285.04998779296875
2026-07-08,2026-06-16,RBTS11.SA,RBTS11,285.04998779296875
2026-07-08,2026-06-17,RBTS11.SA,RBTS11,285.04998779296875
2026-07-08,2026-06-18,RBTS11.SA,RBTS11,285.04998779296875
2026-07-08,2026-06-19,RBTS11.SA,RBTS11,285.04998779296875
2026-07-08,2026-06-22,RBTS11.SA,RBTS11,285.04998779296875
2026-07-08,2026-06-23,RBTS11.SA,RBTS11,285.04998779296875
2026-07-08,2026-06-24,RBTS11.SA,RBTS11,285.04998779296875
2026-07-08,2026-06-25,RBTS11.SA,RBTS11,285.04998779296875
2026-07-08,2026-06-26,RBTS11.SA,RBTS11,285.04998779296875
2026-07-08,2026-06-29,RBTS11.SA,RBTS11,285.04998779296875
2026-07-08,2026-06-30,RBTS11.SA,RBTS11,285.04998779296875
2026-07-08,2026-07-01,RBTS11.SA,RBTS11,285.04998779296875
2026-07-08,2026-07-02,RBTS11.SA,RBTS11,285.04998779296875
2026-07-08,2026-07-03,RBTS11.SA,RBTS11,285.04998779296875
2026-07-08,2026-07-06,RBTS11.SA,RBTS11,285.04998779296875
2026-07-08,2026-07-07,RBTS11.SA,RBTS11,285.04998779296875
2026-07-08,2026-06-08,RDLI11.SA,RDLI11,63.0
2026-07-08,2026-06-09,RDLI11.SA,RDLI11,63.0
2026-07-08,2026-06-10,RDLI11.SA,RDLI11,63.0
2026-07-08,2026-06-11,RDLI11.SA,RDLI11,63.0
2026-07-08,2026-06-12,RDLI11.SA,RDLI11,55.0
2026-07-08,2026-06-15,RDLI11.SA,RDLI11,55.0
2026-07-08,2026-06-16,RDLI11.SA,RDLI11,55.0
2026-07-08,2026-06-17,RDLI11.SA,RDLI11,55.0
2026-07-08,2026-06-18,RDLI11.SA,RDLI11,55.0
2026-07-08,2026-06-19,RDLI11.SA,RDLI11,55.0
2026-07-08,2026-06-22,RDLI11.SA,RDLI11,55.0099983215332
2026-07-08,2026-06-23,RDLI11.SA,RDLI11,55.0099983215332
2026-07-08,2026-06-24,RDLI11.SA,RDLI11,55.0099983215332
2026-07-08,2026-06-25,RDLI11.SA,RDLI11,54.0
2026-07-08,2026-06-26,RDLI11.SA,RDLI11,54.0
2026-07-08,2026-06-29,RDLI11.SA,RDLI11,54.0
2026-07-08,2026-06-30,RDLI11.SA,RDLI11,64.0
2026-07-08,2026-07-01,RDLI11.SA,RDLI11,54.0
2026-07-08,2026-07-02,RDLI11.SA,RDLI11,47.0
2026-07-08,2026-07-03,RDLI11.SA,RDLI11,47.0
2026-07-08,2026-07-06,RDLI11.SA,RDLI11,47.0
2026-07-08,2026-07-07,RDLI11.SA,RDLI11,47.0099983215332
2026-07-08,2026-06-08,RPRI11.SA,RPRI11,78.77999877929688
2026-07-08,2026-06-09,RPRI11.SA,RPRI11,78.98999786376953
2026-07-08,2026-06-10,RPRI11.SA,RPRI11,77.54000091552734
2026-07-08,2026-06-11,RPRI11.SA,RPRI11,77.1500015258789
2026-07-08,2026-06-12,RPRI11.SA,RPRI11,78.36000061035156
2026-07-08,2026-06-15,RPRI11.SA,RPRI11,79.1500015258789
2026-07-08,2026-06-16,RPRI11.SA,RPRI11,79.0
2026-07-08,2026-06-17,RPRI11.SA,RPRI11,78.91999816894531
2026-07-08,2026-06-18,RPRI11.SA,RPRI11,78.11000061035156
2026-07-08,2026-06-19,RPRI11.SA,RPRI11,77.0999984741211
2026-07-08,2026-06-22,RPRI11.SA,RPRI11,77.9800033569336
2026-07-08,2026-06-23,RPRI11.SA,RPRI11,77.45999908447266
2026-07-08,2026-06-24,RPRI11.SA,RPRI11,77.31999969482422
2026-07-08,2026-06-25,RPRI11.SA,RPRI11,77.63999938964844
2026-07-08,2026-06-26,RPRI11.SA,RPRI11,78.06999969482422
2026-07-08,2026-06-29,RPRI11.SA,RPRI11,78.23999786376953
2026-07-08,2026-06-30,RPRI11.SA,RPRI11,79.0199966430664
2026-07-08,2026-07-01,RPRI11.SA,RPRI11,77.5999984741211
2026-07-08,2026-07-02,RPRI11.SA,RPRI11,77.30000305175781
2026-07-08,2026-07-03,RPRI11.SA,RPRI11,77.38999938964844
2026-07-08,2026-07-06,RPRI11.SA,RPRI11,76.76000213623047
2026-07-08,2026-07-07,RPRI11.SA,RPRI11,77.30999755859375
2026-07-08,2026-06-08,RINV11.SA,RINV11,107.62999725341797
2026-07-08,2026-06-09,RINV11.SA,RINV11,106.9000015258789
2026-07-08,2026-06-10,RINV11.SA,RINV11,106.8499984741211
2026-07-08,2026-06-11,RINV11.SA,RINV11,108.30999755859375
2026-07-08,2026-06-12,RINV11.SA,RINV11,107.80000305175781
2026-07-08,2026-06-15,RINV11.SA,RINV11,106.69999694824219
2026-07-08,2026-06-16,RINV11.SA,RINV11,106.7699966430664
2026-07-08,2026-06-17,RINV11.SA,RINV11,106.7699966430664
2026-07-08,2026-06-18,RINV11.SA,RINV11,106.3499984741211
2026-07-08,2026-06-19,RINV11.SA,RINV11,107.0
2026-07-08,2026-06-22,RINV11.SA,RINV11,106.48999786376953
2026-07-08,2026-06-23,RINV11.SA,RINV11,106.06999969482422
2026-07-08,2026-06-24,RINV11.SA,RINV11,106.69999694824219
2026-07-08,2026-06-25,RINV11.SA,RINV11,105.55000305175781
2026-07-08,2026-06-26,RINV11.SA,RINV11,105.79000091552734
2026-07-08,2026-06-29,RINV11.SA,RINV11,105.79000091552734
2026-07-08,2026-06-30,RINV11.SA,RINV11,105.72000122070312
2026-07-08,2026-07-01,RINV11.SA,RINV11,106.5999984741211
2026-07-08,2026-07-02,RINV11.SA,RINV11,106.11000061035156
2026-07-08,2026-07-03,RINV11.SA,RINV11,106.25
2026-07-08,2026-07-06,RINV11.SA,RINV11,106.5
2026-07-08,2026-07-07,RINV11.SA,RINV11,105.6500015258789
2026-07-08,2026-06-08,RCRI11.SA,RCRI11,101.9000015258789
2026-07-08,2026-06-09,RCRI11.SA,RCRI11,101.30000305175781
2026-07-08,2026-06-10,RCRI11.SA,RCRI11,100.94999694824219
2026-07-08,2026-06-11,RCRI11.SA,RCRI11,101.22000122070312
2026-07-08,2026-06-12,RCRI11.SA,RCRI11,101.5999984741211
2026-07-08,2026-06-15,RCRI11.SA,RCRI11,100.33999633789062
2026-07-08,2026-06-16,RCRI11.SA,RCRI11,100.88999938964844
2026-07-08,2026-06-17,RCRI11.SA,RCRI11,100.75
2026-07-08,2026-06-18,RCRI11.SA,RCRI11,100.5999984741211
2026-07-08,2026-06-19,RCRI11.SA,RCRI11,100.25
2026-07-08,2026-06-22,RCRI11.SA,RCRI11,99.9000015258789
2026-07-08,2026-06-23,RCRI11.SA,RCRI11,100.19999694824219
2026-07-08,2026-06-24,RCRI11.SA,RCRI11,100.19999694824219
2026-07-08,2026-06-25,RCRI11.SA,RCRI11,100.33999633789062
2026-07-08,2026-06-26,RCRI11.SA,RCRI11,100.52999877929688
2026-07-08,2026-06-29,RCRI11.SA,RCRI11,100.83000183105469
2026-07-08,2026-06-30,RCRI11.SA,RCRI11,100.9000015258789
2026-07-08,2026-07-01,RCRI11.SA,RCRI11,101.12000274658203
2026-07-08,2026-07-02,RCRI11.SA,RCRI11,100.93000030517578
2026-07-08,2026-07-03,RCRI11.SA,RCRI11,100.0
2026-07-08,2026-07-06,RCRI11.SA,RCRI11,100.0999984741211
2026-07-08,2026-07-07,RCRI11.SA,RCRI11,100.80000305175781
2026-07-08,2026-06-08,RECD11.SA,RECD11,7.070000171661377
2026-07-08,2026-06-09,RECD11.SA,RECD11,7.070000171661377
2026-07-08,2026-06-10,RECD11.SA,RECD11,6.619999885559082
2026-07-08,2026-06-11,RECD11.SA,RECD11,7.059999942779541
2026-07-08,2026-06-12,RECD11.SA,RECD11,6.630000114440918
2026-07-08,2026-06-15,RECD11.SA,RECD11,6.699999809265137
2026-07-08,2026-06-16,RECD11.SA,RECD11,6.630000114440918
2026-07-08,2026-06-17,RECD11.SA,RECD11,6.630000114440918
2026-07-08,2026-06-18,RECD11.SA,RECD11,6.949999809265137
2026-07-08,2026-06-19,RECD11.SA,RECD11,6.949999809265137
2026-07-08,2026-06-22,RECD11.SA,RECD11,6.809999942779541
2026-07-08,2026-06-23,RECD11.SA,RECD11,7.139999866485596
2026-07-08,2026-06-24,RECD11.SA,RECD11,7.130000114440918
2026-07-08,2026-06-25,RECD11.SA,RECD11,7.119999885559082
2026-07-08,2026-06-26,RECD11.SA,RECD11,7.110000133514404
2026-07-08,2026-06-29,RECD11.SA,RECD11,6.949999809265137
2026-07-08,2026-06-30,RECD11.SA,RECD11,7.139999866485596
2026-07-08,2026-07-01,RECD11.SA,RECD11,7.090000152587891
2026-07-08,2026-07-02,RECD11.SA,RECD11,7.239999771118164
2026-07-08,2026-07-03,RECD11.SA,RECD11,7.300000190734863
2026-07-08,2026-07-06,RECD11.SA,RECD11,7.300000190734863
2026-07-08,2026-07-07,RECD11.SA,RECD11,7.300000190734863
2026-07-08,2026-06-08,RMBS11.SA,RMBS11,8.65999984741211
2026-07-08,2026-06-09,RMBS11.SA,RMBS11,8.550000190734863
2026-07-08,2026-06-10,RMBS11.SA,RMBS11,8.550000190734863
2026-07-08,2026-06-11,RMBS11.SA,RMBS11,8.720000267028809
2026-07-08,2026-06-12,RMBS11.SA,RMBS11,8.649999618530273
2026-07-08,2026-06-15,RMBS11.SA,RMBS11,8.649999618530273
2026-07-08,2026-06-16,RMBS11.SA,RMBS11,8.6899995803833
2026-07-08,2026-06-17,RMBS11.SA,RMBS11,8.609999656677246
2026-07-08,2026-06-18,RMBS11.SA,RMBS11,8.720000267028809
2026-07-08,2026-06-19,RMBS11.SA,RMBS11,8.529999732971191
2026-07-08,2026-06-22,RMBS11.SA,RMBS11,8.4399995803833
2026-07-08,2026-06-23,RMBS11.SA,RMBS11,8.5
2026-07-08,2026-06-24,RMBS11.SA,RMBS11,8.390000343322754
2026-07-08,2026-06-25,RMBS11.SA,RMBS11,8.489999771118164
2026-07-08,2026-06-26,RMBS11.SA,RMBS11,8.489999771118164
2026-07-08,2026-06-29,RMBS11.SA,RMBS11,8.59000015258789
2026-07-08,2026-06-30,RMBS11.SA,RMBS11,8.579999923706055
2026-07-08,2026-07-01,RMBS11.SA,RMBS11,8.600000381469727
2026-07-08,2026-07-02,RMBS11.SA,RMBS11,8.619999885559082
2026-07-08,2026-07-03,RMBS11.SA,RMBS11,8.550000190734863
2026-07-08,2026-07-06,RMBS11.SA,RMBS11,8.550000190734863
2026-07-08,2026-07-07,RMBS11.SA,RMBS11,8.539999961853027
2026-07-08,2026-06-08,RECM11.SA,RECM11,7.28000020980835
2026-07-08,2026-06-09,RECM11.SA,RECM11,7.320000171661377
2026-07-08,2026-06-10,RECM11.SA,RECM11,7.309999942779541
2026-07-08,2026-06-11,RECM11.SA,RECM11,7.619999885559082
2026-07-08,2026-06-12,RECM11.SA,RECM11,7.639999866485596
2026-07-08,2026-06-15,RECM11.SA,RECM11,7.71999979019165
2026-07-08,2026-06-16,RECM11.SA,RECM11,7.760000228881836
2026-07-08,2026-06-17,RECM11.SA,RECM11,7.639999866485596
2026-07-08,2026-06-18,RECM11.SA,RECM11,7.829999923706055
2026-07-08,2026-06-19,RECM11.SA,RECM11,7.96999979019165
2026-07-08,2026-06-22,RECM11.SA,RECM11,7.989999771118164
2026-07-08,2026-06-23,RECM11.SA,RECM11,7.889999866485596
2026-07-08,2026-06-24,RECM11.SA,RECM11,7.809999942779541
2026-07-08,2026-06-25,RECM11.SA,RECM11,7.599999904632568
2026-07-08,2026-06-26,RECM11.SA,RECM11,7.760000228881836
2026-07-08,2026-06-29,RECM11.SA,RECM11,7.929999828338623
2026-07-08,2026-06-30,RECM11.SA,RECM11,7.929999828338623
2026-07-08,2026-07-01,RECM11.SA,RECM11,7.900000095367432
2026-07-08,2026-07-02,RECM11.SA,RECM11,7.909999847412109
2026-07-08,2026-07-03,RECM11.SA,RECM11,7.889999866485596
2026-07-08,2026-07-06,RECM11.SA,RECM11,7.869999885559082
2026-07-08,2026-07-07,RECM11.SA,RECM11,7.929999828338623
2026-07-08,2026-06-08,RBHG11.SA,RBHG11,65.38999938964844
2026-07-08,2026-06-09,RBHG11.SA,RBHG11,65.61000061035156
2026-07-08,2026-06-10,RBHG11.SA,RBHG11,64.77999877929688
2026-07-08,2026-06-11,RBHG11.SA,RBHG11,65.16000366210938
2026-07-08,2026-06-12,RBHG11.SA,RBHG11,65.75
2026-07-08,2026-06-15,RBHG11.SA,RBHG11,65.80000305175781
2026-07-08,2026-06-16,RBHG11.SA,RBHG11,63.9900016784668
2026-07-08,2026-06-17,RBHG11.SA,RBHG11,64.16000366210938
2026-07-08,2026-06-18,RBHG11.SA,RBHG11,65.12000274658203
2026-07-08,2026-06-19,RBHG11.SA,RBHG11,64.62999725341797
2026-07-08,2026-06-22,RBHG11.SA,RBHG11,63.95000076293945
2026-07-08,2026-06-23,RBHG11.SA,RBHG11,63.75
2026-07-08,2026-06-24,RBHG11.SA,RBHG11,62.88999938964844
2026-07-08,2026-06-25,RBHG11.SA,RBHG11,62.880001068115234
2026-07-08,2026-06-26,RBHG11.SA,RBHG11,63.09000015258789
2026-07-08,2026-06-29,RBHG11.SA,RBHG11,63.439998626708984
2026-07-08,2026-06-30,RBHG11.SA,RBHG11,63.279998779296875
2026-07-08,2026-07-01,RBHG11.SA,RBHG11,62.650001525878906
2026-07-08,2026-07-02,RBHG11.SA,RBHG11,62.619998931884766
2026-07-08,2026-07-03,RBHG11.SA,RBHG11,62.88999938964844
2026-07-08,2026-07-06,RBHG11.SA,RBHG11,62.790000915527344
2026-07-08,2026-07-07,RBHG11.SA,RBHG11,62.45000076293945
2026-07-08,2026-06-08,RBHY11.SA,RBHY11,74.25
2026-07-08,2026-06-09,RBHY11.SA,RBHY11,75.0
2026-07-08,2026-06-10,RBHY11.SA,RBHY11,74.4000015258789
2026-07-08,2026-06-11,RBHY11.SA,RBHY11,75.08000183105469
2026-07-08,2026-06-12,RBHY11.SA,RBHY11,74.80000305175781
2026-07-08,2026-06-15,RBHY11.SA,RBHY11,74.8499984741211
2026-07-08,2026-06-16,RBHY11.SA,RBHY11,74.86000061035156
2026-07-08,2026-06-17,RBHY11.SA,RBHY11,74.80000305175781
2026-07-08,2026-06-18,RBHY11.SA,RBHY11,74.8499984741211
2026-07-08,2026-06-19,RBHY11.SA,RBHY11,75.11000061035156
2026-07-08,2026-06-22,RBHY11.SA,RBHY11,75.05999755859375
2026-07-08,2026-06-23,RBHY11.SA,RBHY11,75.16000366210938
2026-07-08,2026-06-24,RBHY11.SA,RBHY11,74.97000122070312
2026-07-08,2026-06-25,RBHY11.SA,RBHY11,74.94000244140625
2026-07-08,2026-06-26,RBHY11.SA,RBHY11,74.9000015258789
2026-07-08,2026-06-29,RBHY11.SA,RBHY11,75.08000183105469
2026-07-08,2026-06-30,RBHY11.SA,RBHY11,75.0
2026-07-08,2026-07-01,RBHY11.SA,RBHY11,75.44999694824219
2026-07-08,2026-07-02,RBHY11.SA,RBHY11,73.75
2026-07-08,2026-07-03,RBHY11.SA,RBHY11,72.56999969482422
2026-07-08,2026-07-06,RBHY11.SA,RBHY11,72.3499984741211
2026-07-08,2026-07-07,RBHY11.SA,RBHY11,71.44000244140625
2026-07-08,2026-06-08,RBFY11.SA,RBFY11,75.0
2026-07-08,2026-06-09,RBFY11.SA,RBFY11,75.0
2026-07-08,2026-06-10,RBFY11.SA,RBFY11,75.0
2026-07-08,2026-06-11,RBFY11.SA,RBFY11,75.0
2026-07-08,2026-06-12,RBFY11.SA,RBFY11,75.0
2026-07-08,2026-06-15,RBFY11.SA,RBFY11,75.0
2026-07-08,2026-06-16,RBFY11.SA,RBFY11,75.0
2026-07-08,2026-06-17,RBFY11.SA,RBFY11,75.0
2026-07-08,2026-06-18,RBFY11.SA,RBFY11,75.0
2026-07-08,2026-06-19,RBFY11.SA,RBFY11,75.0
2026-07-08,2026-06-22,RBFY11.SA,RBFY11,75.0
2026-07-08,2026-06-23,RBFY11.SA,RBFY11,75.0
2026-07-08,2026-06-24,RBFY11.SA,RBFY11,75.0
2026-07-08,2026-06-25,RBFY11.SA,RBFY11,70.0
2026-07-08,2026-06-26,RBFY11.SA,RBFY11,70.0
2026-07-08,2026-06-29,RBFY11.SA,RBFY11,70.0
2026-07-08,2026-06-30,RBFY11.SA,RBFY11,70.0
2026-07-08,2026-07-01,RBFY11.SA,RBFY11,70.0
2026-07-08,2026-07-02,RBFY11.SA,RBFY11,70.0
2026-07-08,2026-07-03,RBFY11.SA,RBFY11,70.0
2026-07-08,2026-07-06,RBFY11.SA,RBFY11,65.0
2026-07-08,2026-07-07,RBFY11.SA,RBFY11,65.0
2026-07-08,2026-06-08,RBFM11.SA,RBFM11,10.300000190734863
2026-07-08,2026-06-09,RBFM11.SA,RBFM11,10.300000190734863
2026-07-08,2026-06-10,RBFM11.SA,RBFM11,10.270000457763672
2026-07-08,2026-06-11,RBFM11.SA,RBFM11,10.380000114440918
2026-07-08,2026-06-12,RBFM11.SA,RBFM11,10.479999542236328
2026-07-08,2026-06-15,RBFM11.SA,RBFM11,10.390000343322754
2026-07-08,2026-06-16,RBFM11.SA,RBFM11,10.4399995803833
2026-07-08,2026-06-17,RBFM11.SA,RBFM11,10.470000267028809
2026-07-08,2026-06-18,RBFM11.SA,RBFM11,10.489999771118164
2026-07-08,2026-06-19,RBFM11.SA,RBFM11,10.390000343322754
2026-07-08,2026-06-22,RBFM11.SA,RBFM11,10.4399995803833
2026-07-08,2026-06-23,RBFM11.SA,RBFM11,10.489999771118164
2026-07-08,2026-06-24,RBFM11.SA,RBFM11,10.40999984741211
2026-07-08,2026-06-25,RBFM11.SA,RBFM11,10.460000038146973
2026-07-08,2026-06-26,RBFM11.SA,RBFM11,10.5
2026-07-08,2026-06-29,RBFM11.SA,RBFM11,10.470000267028809
2026-07-08,2026-06-30,RBFM11.SA,RBFM11,10.5
2026-07-08,2026-07-01,RBFM11.SA,RBFM11,10.430000305175781
2026-07-08,2026-07-02,RBFM11.SA,RBFM11,10.489999771118164
2026-07-08,2026-07-03,RBFM11.SA,RBFM11,10.4399995803833
2026-07-08,2026-07-06,RBFM11.SA,RBFM11,10.380000114440918
2026-07-08,2026-07-07,RBFM11.SA,RBFM11,10.34000015258789
2026-07-08,2026-06-08,RBOP11.SA,RBOP11,225.67999267578125
2026-07-08,2026-06-09,RBOP11.SA,RBOP11,225.67999267578125
2026-07-08,2026-06-10,RBOP11.SA,RBOP11,225.0
2026-07-08,2026-06-11,RBOP11.SA,RBOP11,222.0
2026-07-08,2026-06-12,RBOP11.SA,RBOP11,222.0
2026-07-08,2026-06-15,RBOP11.SA,RBOP11,225.0
2026-07-08,2026-06-16,RBOP11.SA,RBOP11,222.0
2026-07-08,2026-06-17,RBOP11.SA,RBOP11,222.0
2026-07-08,2026-06-18,RBOP11.SA,RBOP11,222.24000549316406
2026-07-08,2026-06-19,RBOP11.SA,RBOP11,225.9600067138672
2026-07-08,2026-06-22,RBOP11.SA,RBOP11,225.9600067138672
2026-07-08,2026-06-23,RBOP11.SA,RBOP11,223.9600067138672
2026-07-08,2026-06-24,RBOP11.SA,RBOP11,229.99000549316406
2026-07-08,2026-06-25,RBOP11.SA,RBOP11,226.44000244140625
2026-07-08,2026-06-26,RBOP11.SA,RBOP11,215.0
2026-07-08,2026-06-29,RBOP11.SA,RBOP11,225.38999938964844
2026-07-08,2026-06-30,RBOP11.SA,RBOP11,225.92999267578125
2026-07-08,2026-07-01,RBOP11.SA,RBOP11,221.2100067138672
2026-07-08,2026-07-02,RBOP11.SA,RBOP11,225.2100067138672
2026-07-08,2026-07-03,RBOP11.SA,RBOP11,230.0
2026-07-08,2026-07-06,RBOP11.SA,RBOP11,230.0
2026-07-08,2026-07-07,RBOP11.SA,RBOP11,222.77000427246094
2026-07-08,2026-06-08,RCRB11.SA,RCRB11,139.8000030517578
2026-07-08,2026-06-09,RCRB11.SA,RCRB11,139.39999389648438
2026-07-08,2026-06-10,RCRB11.SA,RCRB11,138.5
2026-07-08,2026-06-11,RCRB11.SA,RCRB11,138.38999938964844
2026-07-08,2026-06-12,RCRB11.SA,RCRB11,141.25
2026-07-08,2026-06-15,RCRB11.SA,RCRB11,139.8300018310547
2026-07-08,2026-06-16,RCRB11.SA,RCRB11,138.11000061035156
2026-07-08,2026-06-17,RCRB11.SA,RCRB11,137.5
2026-07-08,2026-06-18,RCRB11.SA,RCRB11,135.5
2026-07-08,2026-06-19,RCRB11.SA,RCRB11,136.99000549316406
2026-07-08,2026-06-22,RCRB11.SA,RCRB11,136.89999389648438
2026-07-08,2026-06-23,RCRB11.SA,RCRB11,137.0399932861328
2026-07-08,2026-06-24,RCRB11.SA,RCRB11,136.8800048828125
2026-07-08,2026-06-25,RCRB11.SA,RCRB11,136.89999389648438
2026-07-08,2026-06-26,RCRB11.SA,RCRB11,136.07000732421875
2026-07-08,2026-06-29,RCRB11.SA,RCRB11,136.67999267578125
2026-07-08,2026-06-30,RCRB11.SA,RCRB11,137.4499969482422
2026-07-08,2026-07-01,RCRB11.SA,RCRB11,137.61000061035156
2026-07-08,2026-07-02,RCRB11.SA,RCRB11,136.11000061035156
2026-07-08,2026-07-03,RCRB11.SA,RCRB11,137.99000549316406
2026-07-08,2026-07-06,RCRB11.SA,RCRB11,136.44000244140625
2026-07-08,2026-07-07,RCRB11.SA,RCRB11,136.1199951171875
2026-07-08,2026-06-08,RBRS11.SA,RBRS11,43.099998474121094
2026-07-08,2026-06-09,RBRS11.SA,RBRS11,43.13999938964844
2026-07-08,2026-06-10,RBRS11.SA,RBRS11,43.13999938964844
2026-07-08,2026-06-11,RBRS11.SA,RBRS11,42.689998626708984
2026-07-08,2026-06-12,RBRS11.SA,RBRS11,42.650001525878906
2026-07-08,2026-06-15,RBRS11.SA,RBRS11,42.650001525878906
2026-07-08,2026-06-16,RBRS11.SA,RBRS11,42.70000076293945
2026-07-08,2026-06-17,RBRS11.SA,RBRS11,42.70000076293945
2026-07-08,2026-06-18,RBRS11.SA,RBRS11,40.56999969482422
2026-07-08,2026-06-19,RBRS11.SA,RBRS11,43.08000183105469
2026-07-08,2026-06-22,RBRS11.SA,RBRS11,43.09000015258789
2026-07-08,2026-06-23,RBRS11.SA,RBRS11,43.08000183105469
2026-07-08,2026-06-24,RBRS11.SA,RBRS11,43.4900016784668
2026-07-08,2026-06-25,RBRS11.SA,RBRS11,43.4900016784668
2026-07-08,2026-06-26,RBRS11.SA,RBRS11,43.4900016784668
2026-07-08,2026-06-29,RBRS11.SA,RBRS11,40.900001525878906
2026-07-08,2026-06-30,RBRS11.SA,RBRS11,40.75
2026-07-08,2026-07-01,RBRS11.SA,RBRS11,49.189998626708984
2026-07-08,2026-07-02,RBRS11.SA,RBRS11,46.81999969482422
2026-07-08,2026-07-03,RBRS11.SA,RBRS11,49.189998626708984
2026-07-08,2026-07-06,RBRS11.SA,RBRS11,49.18000030517578
2026-07-08,2026-07-07,RBRS11.SA,RBRS11,49.13999938964844
2026-07-08,2026-06-08,RBVA11.SA,RBVA11,9.229999542236328
2026-07-08,2026-06-09,RBVA11.SA,RBVA11,9.210000038146973
2026-07-08,2026-06-10,RBVA11.SA,RBVA11,8.960000038146973
2026-07-08,2026-06-11,RBVA11.SA,RBVA11,8.979999542236328
2026-07-08,2026-06-12,RBVA11.SA,RBVA11,8.970000267028809
2026-07-08,2026-06-15,RBVA11.SA,RBVA11,9.0600004196167
2026-07-08,2026-06-16,RBVA11.SA,RBVA11,8.989999771118164
2026-07-08,2026-06-17,RBVA11.SA,RBVA11,8.989999771118164
2026-07-08,2026-06-18,RBVA11.SA,RBVA11,8.90999984741211
2026-07-08,2026-06-19,RBVA11.SA,RBVA11,8.890000343322754
2026-07-08,2026-06-22,RBVA11.SA,RBVA11,8.890000343322754
2026-07-08,2026-06-23,RBVA11.SA,RBVA11,8.9399995803833
2026-07-08,2026-06-24,RBVA11.SA,RBVA11,8.930000305175781
2026-07-08,2026-06-25,RBVA11.SA,RBVA11,8.899999618530273
2026-07-08,2026-06-26,RBVA11.SA,RBVA11,9.010000228881836
2026-07-08,2026-06-29,RBVA11.SA,RBVA11,9.119999885559082
2026-07-08,2026-06-30,RBVA11.SA,RBVA11,9.109999656677246
2026-07-08,2026-07-01,RBVA11.SA,RBVA11,9.039999961853027
2026-07-08,2026-07-02,RBVA11.SA,RBVA11,9.09000015258789
2026-07-08,2026-07-03,RBVA11.SA,RBVA11,9.010000228881836
2026-07-08,2026-07-06,RBVA11.SA,RBVA11,8.979999542236328
2026-07-08,2026-07-07,RBVA11.SA,RBVA11,8.979999542236328
2026-07-08,2026-06-08,RNGO11.SA,RNGO11,50.88999938964844
2026-07-08,2026-06-09,RNGO11.SA,RNGO11,51.029998779296875
2026-07-08,2026-06-10,RNGO11.SA,RNGO11,51.029998779296875
2026-07-08,2026-06-11,RNGO11.SA,RNGO11,51.029998779296875
2026-07-08,2026-06-12,RNGO11.SA,RNGO11,51.400001525878906
2026-07-08,2026-06-15,RNGO11.SA,RNGO11,51.869998931884766
2026-07-08,2026-06-16,RNGO11.SA,RNGO11,51.5
2026-07-08,2026-06-17,RNGO11.SA,RNGO11,51.970001220703125
2026-07-08,2026-06-18,RNGO11.SA,RNGO11,51.29999923706055
2026-07-08,2026-06-19,RNGO11.SA,RNGO11,51.599998474121094
2026-07-08,2026-06-22,RNGO11.SA,RNGO11,51.599998474121094
2026-07-08,2026-06-23,RNGO11.SA,RNGO11,52.04999923706055
2026-07-08,2026-06-24,RNGO11.SA,RNGO11,51.810001373291016
2026-07-08,2026-06-25,RNGO11.SA,RNGO11,52.09000015258789
2026-07-08,2026-06-26,RNGO11.SA,RNGO11,52.150001525878906
2026-07-08,2026-06-29,RNGO11.SA,RNGO11,52.099998474121094
2026-07-08,2026-06-30,RNGO11.SA,RNGO11,52.099998474121094
2026-07-08,2026-07-01,RNGO11.SA,RNGO11,51.7599983215332
2026-07-08,2026-07-02,RNGO11.SA,RNGO11,51.79999923706055
2026-07-08,2026-07-03,RNGO11.SA,RNGO11,51.83000183105469
2026-07-08,2026-07-06,RNGO11.SA,RNGO11,51.79999923706055
2026-07-08,2026-07-07,RNGO11.SA,RNGO11,51.79999923706055
2026-07-08,2026-06-08,RZAK11.SA,RZAK11,83.83999633789062
2026-07-08,2026-06-09,RZAK11.SA,RZAK11,83.37999725341797
2026-07-08,2026-06-10,RZAK11.SA,RZAK11,81.6500015258789
2026-07-08,2026-06-11,RZAK11.SA,RZAK11,82.30999755859375
2026-07-08,2026-06-12,RZAK11.SA,RZAK11,82.83999633789062
2026-07-08,2026-06-15,RZAK11.SA,RZAK11,83.16999816894531
2026-07-08,2026-06-16,RZAK11.SA,RZAK11,80.7699966430664
2026-07-08,2026-06-17,RZAK11.SA,RZAK11,80.0999984741211
2026-07-08,2026-06-18,RZAK11.SA,RZAK11,79.95999908447266
2026-07-08,2026-06-19,RZAK11.SA,RZAK11,80.4000015258789
2026-07-08,2026-06-22,RZAK11.SA,RZAK11,80.4000015258789
2026-07-08,2026-06-23,RZAK11.SA,RZAK11,79.6500015258789
2026-07-08,2026-06-24,RZAK11.SA,RZAK11,79.02999877929688
2026-07-08,2026-06-25,RZAK11.SA,RZAK11,79.66000366210938
2026-07-08,2026-06-26,RZAK11.SA,RZAK11,80.06999969482422
2026-07-08,2026-06-29,RZAK11.SA,RZAK11,80.62000274658203
2026-07-08,2026-06-30,RZAK11.SA,RZAK11,80.33999633789062
2026-07-08,2026-07-01,RZAK11.SA,RZAK11,81.26000213623047
2026-07-08,2026-07-02,RZAK11.SA,RZAK11,81.0
2026-07-08,2026-07-03,RZAK11.SA,RZAK11,82.19999694824219
2026-07-08,2026-07-06,RZAK11.SA,RZAK11,81.80000305175781
2026-07-08,2026-07-07,RZAK11.SA,RZAK11,81.2300033569336
2026-07-08,2026-06-08,RZAT11.SA,RZAT11,96.62000274658203
2026-07-08,2026-06-09,RZAT11.SA,RZAT11,96.76000213623047
2026-07-08,2026-06-10,RZAT11.SA,RZAT11,97.29000091552734
2026-07-08,2026-06-11,RZAT11.SA,RZAT11,97.1500015258789
2026-07-08,2026-06-12,RZAT11.SA,RZAT11,97.88999938964844
2026-07-08,2026-06-15,RZAT11.SA,RZAT11,97.1500015258789
2026-07-08,2026-06-16,RZAT11.SA,RZAT11,95.55000305175781
2026-07-08,2026-06-17,RZAT11.SA,RZAT11,94.95999908447266
2026-07-08,2026-06-18,RZAT11.SA,RZAT11,94.05999755859375
2026-07-08,2026-06-19,RZAT11.SA,RZAT11,94.62000274658203
2026-07-08,2026-06-22,RZAT11.SA,RZAT11,94.83000183105469
2026-07-08,2026-06-23,RZAT11.SA,RZAT11,94.87999725341797
2026-07-08,2026-06-24,RZAT11.SA,RZAT11,94.73999786376953
2026-07-08,2026-06-25,RZAT11.SA,RZAT11,94.7699966430664
2026-07-08,2026-06-26,RZAT11.SA,RZAT11,94.5
2026-07-08,2026-06-29,RZAT11.SA,RZAT11,95.19000244140625
2026-07-08,2026-06-30,RZAT11.SA,RZAT11,94.44999694824219
2026-07-08,2026-07-01,RZAT11.SA,RZAT11,92.9000015258789
2026-07-08,2026-07-02,RZAT11.SA,RZAT11,92.56999969482422
2026-07-08,2026-07-03,RZAT11.SA,RZAT11,93.56999969482422
2026-07-08,2026-07-06,RZAT11.SA,RZAT11,94.44999694824219
2026-07-08,2026-07-07,RZAT11.SA,RZAT11,94.13999938964844
2026-07-08,2026-06-08,RZLC11.SA,RZLC11,1002.8699951171875
2026-07-08,2026-06-09,RZLC11.SA,RZLC11,1003.4400024414062
2026-07-08,2026-06-10,RZLC11.SA,RZLC11,1004.02001953125
2026-07-08,2026-06-11,RZLC11.SA,RZLC11,1004.02001953125
2026-07-08,2026-06-12,RZLC11.SA,RZLC11,1005.219970703125
2026-07-08,2026-06-15,RZLC11.SA,RZLC11,1005.219970703125
2026-07-08,2026-06-16,RZLC11.SA,RZLC11,1006.3699951171875
2026-07-08,2026-06-17,RZLC11.SA,RZLC11,1006.3699951171875
2026-07-08,2026-06-18,RZLC11.SA,RZLC11,1007.5
2026-07-08,2026-06-19,RZLC11.SA,RZLC11,1008.0900268554688
2026-07-08,2026-06-22,RZLC11.SA,RZLC11,1008.6599731445312
2026-07-08,2026-06-23,RZLC11.SA,RZLC11,1009.22998046875
2026-07-08,2026-06-24,RZLC11.SA,RZLC11,1009.77001953125
2026-07-08,2026-06-25,RZLC11.SA,RZLC11,1009.77001953125
2026-07-08,2026-06-26,RZLC11.SA,RZLC11,1009.77001953125
2026-07-08,2026-06-29,RZLC11.SA,RZLC11,1011.4600219726562
2026-07-08,2026-06-30,RZLC11.SA,RZLC11,1012.47998046875
2026-07-08,2026-07-01,RZLC11.SA,RZLC11,1012.6500244140625
2026-07-08,2026-07-02,RZLC11.SA,RZLC11,1013.219970703125
2026-07-08,2026-07-03,RZLC11.SA,RZLC11,1013.75
2026-07-08,2026-07-06,RZLC11.SA,RZLC11,1002.260009765625
2026-07-08,2026-07-07,RZLC11.SA,RZLC11,1002.8200073242188
2026-07-08,2026-06-08,RJDA11.SA,RJDA11,115.0
2026-07-08,2026-06-09,RJDA11.SA,RJDA11,115.0
2026-07-08,2026-06-10,RJDA11.SA,RJDA11,115.0
2026-07-08,2026-06-11,RJDA11.SA,RJDA11,115.0
2026-07-08,2026-06-12,RJDA11.SA,RJDA11,115.0
2026-07-08,2026-06-15,RJDA11.SA,RJDA11,115.0
2026-07-08,2026-06-16,RJDA11.SA,RJDA11,115.0
2026-07-08,2026-06-17,RJDA11.SA,RJDA11,115.0
2026-07-08,2026-06-18,RJDA11.SA,RJDA11,115.0
2026-07-08,2026-06-19,RJDA11.SA,RJDA11,115.0
2026-07-08,2026-06-22,RJDA11.SA,RJDA11,115.0
2026-07-08,2026-06-23,RJDA11.SA,RJDA11,115.0
2026-07-08,2026-06-24,RJDA11.SA,RJDA11,115.0
2026-07-08,2026-06-25,RJDA11.SA,RJDA11,115.0
2026-07-08,2026-06-26,RJDA11.SA,RJDA11,115.0
2026-07-08,2026-06-29,RJDA11.SA,RJDA11,115.0
2026-07-08,2026-06-30,RJDA11.SA,RJDA11,115.0
2026-07-08,2026-07-01,RJDA11.SA,RJDA11,115.0
2026-07-08,2026-07-02,RJDA11.SA,RJDA11,115.0
2026-07-08,2026-07-03,RJDA11.SA,RJDA11,115.0
2026-07-08,2026-07-06,RJDA11.SA,RJDA11,115.0
2026-07-08,2026-07-07,RJDA11.SA,RJDA11,115.0
2026-07-08,2026-06-08,SAPI11.SA,SAPI11,9.069999694824219
2026-07-08,2026-06-09,SAPI11.SA,SAPI11,9.09000015258789
2026-07-08,2026-06-10,SAPI11.SA,SAPI11,9.020000457763672
2026-07-08,2026-06-11,SAPI11.SA,SAPI11,9.029999732971191
2026-07-08,2026-06-12,SAPI11.SA,SAPI11,9.149999618530273
2026-07-08,2026-06-15,SAPI11.SA,SAPI11,9.180000305175781
2026-07-08,2026-06-16,SAPI11.SA,SAPI11,9.199999809265137
2026-07-08,2026-06-17,SAPI11.SA,SAPI11,9.109999656677246
2026-07-08,2026-06-18,SAPI11.SA,SAPI11,9.15999984741211
2026-07-08,2026-06-19,SAPI11.SA,SAPI11,9.170000076293945
2026-07-08,2026-06-22,SAPI11.SA,SAPI11,9.180000305175781
2026-07-08,2026-06-23,SAPI11.SA,SAPI11,9.109999656677246
2026-07-08,2026-06-24,SAPI11.SA,SAPI11,9.149999618530273
2026-07-08,2026-06-25,SAPI11.SA,SAPI11,9.119999885559082
2026-07-08,2026-06-26,SAPI11.SA,SAPI11,9.15999984741211
2026-07-08,2026-06-29,SAPI11.SA,SAPI11,9.149999618530273
2026-07-08,2026-06-30,SAPI11.SA,SAPI11,9.170000076293945
2026-07-08,2026-07-01,SAPI11.SA,SAPI11,9.15999984741211
2026-07-08,2026-07-02,SAPI11.SA,SAPI11,9.109999656677246
2026-07-08,2026-07-03,SAPI11.SA,SAPI11,9.119999885559082
2026-07-08,2026-07-06,SAPI11.SA,SAPI11,9.069999694824219
2026-07-08,2026-07-07,SAPI11.SA,SAPI11,9.069999694824219
2026-07-08,2026-06-08,SCPF11.SA,SCPF11,2.680000066757202
2026-07-08,2026-06-09,SCPF11.SA,SCPF11,2.5999999046325684
2026-07-08,2026-06-10,SCPF11.SA,SCPF11,2.640000104904175
2026-07-08,2026-06-11,SCPF11.SA,SCPF11,2.630000114440918
2026-07-08,2026-06-12,SCPF11.SA,SCPF11,2.609999895095825
2026-07-08,2026-06-15,SCPF11.SA,SCPF11,2.690000057220459
2026-07-08,2026-06-16,SCPF11.SA,SCPF11,2.5999999046325684
2026-07-08,2026-06-17,SCPF11.SA,SCPF11,2.609999895095825
2026-07-08,2026-06-18,SCPF11.SA,SCPF11,2.609999895095825
2026-07-08,2026-06-19,SCPF11.SA,SCPF11,2.6700000762939453
2026-07-08,2026-06-22,SCPF11.SA,SCPF11,2.5999999046325684
2026-07-08,2026-06-23,SCPF11.SA,SCPF11,2.559999942779541
2026-07-08,2026-06-24,SCPF11.SA,SCPF11,2.5799999237060547
2026-07-08,2026-06-25,SCPF11.SA,SCPF11,2.559999942779541
2026-07-08,2026-06-26,SCPF11.SA,SCPF11,2.559999942779541
2026-07-08,2026-06-29,SCPF11.SA,SCPF11,2.8299999237060547
2026-07-08,2026-06-30,SCPF11.SA,SCPF11,2.859999895095825
2026-07-08,2026-07-01,SCPF11.SA,SCPF11,2.940000057220459
2026-07-08,2026-07-02,SCPF11.SA,SCPF11,2.880000114440918
2026-07-08,2026-07-03,SCPF11.SA,SCPF11,2.0199999809265137
2026-07-08,2026-07-06,SCPF11.SA,SCPF11,2.700000047683716
2026-07-08,2026-07-07,SCPF11.SA,SCPF11,2.700000047683716
2026-07-08,2026-06-08,SEQR11.SA,SEQR11,52.34000015258789
2026-07-08,2026-06-09,SEQR11.SA,SEQR11,52.0
2026-07-08,2026-06-10,SEQR11.SA,SEQR11,51.77000045776367
2026-07-08,2026-06-11,SEQR11.SA,SEQR11,51.15999984741211
2026-07-08,2026-06-12,SEQR11.SA,SEQR11,51.0
2026-07-08,2026-06-15,SEQR11.SA,SEQR11,50.72999954223633
2026-07-08,2026-06-16,SEQR11.SA,SEQR11,51.02000045776367
2026-07-08,2026-06-17,SEQR11.SA,SEQR11,50.79999923706055
2026-07-08,2026-06-18,SEQR11.SA,SEQR11,50.11000061035156
2026-07-08,2026-06-19,SEQR11.SA,SEQR11,51.0099983215332
2026-07-08,2026-06-22,SEQR11.SA,SEQR11,51.52000045776367
2026-07-08,2026-06-23,SEQR11.SA,SEQR11,51.790000915527344
2026-07-08,2026-06-24,SEQR11.SA,SEQR11,51.61000061035156
2026-07-08,2026-06-25,SEQR11.SA,SEQR11,51.599998474121094
2026-07-08,2026-06-26,SEQR11.SA,SEQR11,51.75
2026-07-08,2026-06-29,SEQR11.SA,SEQR11,52.0099983215332
2026-07-08,2026-06-30,SEQR11.SA,SEQR11,53.369998931884766
2026-07-08,2026-07-01,SEQR11.SA,SEQR11,53.869998931884766
2026-07-08,2026-07-02,SEQR11.SA,SEQR11,53.900001525878906
2026-07-08,2026-07-03,SEQR11.SA,SEQR11,53.75
2026-07-08,2026-07-06,SEQR11.SA,SEQR11,54.97999954223633
2026-07-08,2026-07-07,SEQR11.SA,SEQR11,54.790000915527344
2026-07-08,2026-06-08,SHPH11.SA,SHPH11,900.0
2026-07-08,2026-06-09,SHPH11.SA,SHPH11,900.0
2026-07-08,2026-06-10,SHPH11.SA,SHPH11,870.0
2026-07-08,2026-06-11,SHPH11.SA,SHPH11,905.0
2026-07-08,2026-06-12,SHPH11.SA,SHPH11,890.02001953125
2026-07-08,2026-06-15,SHPH11.SA,SHPH11,900.0
2026-07-08,2026-06-16,SHPH11.SA,SHPH11,929.97998046875
2026-07-08,2026-06-17,SHPH11.SA,SHPH11,919.989990234375
2026-07-08,2026-06-18,SHPH11.SA,SHPH11,890.02001953125
2026-07-08,2026-06-19,SHPH11.SA,SHPH11,890.02001953125
2026-07-08,2026-06-22,SHPH11.SA,SHPH11,902.0
2026-07-08,2026-06-23,SHPH11.SA,SHPH11,905.0
2026-07-08,2026-06-24,SHPH11.SA,SHPH11,906.5499877929688
2026-07-08,2026-06-25,SHPH11.SA,SHPH11,928.239990234375
2026-07-08,2026-06-26,SHPH11.SA,SHPH11,920.0
2026-07-08,2026-06-29,SHPH11.SA,SHPH11,948.969970703125
2026-07-08,2026-06-30,SHPH11.SA,SHPH11,945.0
2026-07-08,2026-07-01,SHPH11.SA,SHPH11,949.989990234375
2026-07-08,2026-07-02,SHPH11.SA,SHPH11,925.0
2026-07-08,2026-07-03,SHPH11.SA,SHPH11,949.969970703125
2026-07-08,2026-07-06,SHPH11.SA,SHPH11,930.0
2026-07-08,2026-07-07,SHPH11.SA,SHPH11,930.0
2026-07-08,2026-06-08,SHPP11.SA,SHPP11,11.039999961853027
2026-07-08,2026-06-09,SHPP11.SA,SHPP11,10.84000015258789
2026-07-08,2026-06-10,SHPP11.SA,SHPP11,11.039999961853027
2026-07-08,2026-06-11,SHPP11.SA,SHPP11,11.039999961853027
2026-07-08,2026-06-12,SHPP11.SA,SHPP11,11.039999961853027
2026-07-08,2026-06-15,SHPP11.SA,SHPP11,11.100000381469727
2026-07-08,2026-06-16,SHPP11.SA,SHPP11,11.100000381469727
2026-07-08,2026-06-17,SHPP11.SA,SHPP11,11.100000381469727
2026-07-08,2026-06-18,SHPP11.SA,SHPP11,11.100000381469727
2026-07-08,2026-06-19,SHPP11.SA,SHPP11,11.100000381469727
2026-07-08,2026-06-22,SHPP11.SA,SHPP11,11.100000381469727
2026-07-08,2026-06-23,SHPP11.SA,SHPP11,11.100000381469727
2026-07-08,2026-06-24,SHPP11.SA,SHPP11,11.100000381469727
2026-07-08,2026-06-25,SHPP11.SA,SHPP11,11.100000381469727
2026-07-08,2026-06-26,SHPP11.SA,SHPP11,11.100000381469727
2026-07-08,2026-06-29,SHPP11.SA,SHPP11,11.619999885559082
2026-07-08,2026-06-30,SHPP11.SA,SHPP11,11.729999542236328
2026-07-08,2026-07-01,SHPP11.SA,SHPP11,10.800000190734863
2026-07-08,2026-07-02,SHPP11.SA,SHPP11,10.850000381469727
2026-07-08,2026-07-03,SHPP11.SA,SHPP11,10.850000381469727
2026-07-08,2026-07-06,SHPP11.SA,SHPP11,10.850000381469727
2026-07-08,2026-07-07,SHPP11.SA,SHPP11,10.850000381469727
2026-07-08,2026-06-08,WPLZ11.SA,WPLZ11,47.5
2026-07-08,2026-06-09,WPLZ11.SA,WPLZ11,47.5
2026-07-08,2026-06-10,WPLZ11.SA,WPLZ11,47.5099983215332
2026-07-08,2026-06-11,WPLZ11.SA,WPLZ11,49.779998779296875
2026-07-08,2026-06-12,WPLZ11.SA,WPLZ11,49.779998779296875
2026-07-08,2026-06-15,WPLZ11.SA,WPLZ11,48.27000045776367
2026-07-08,2026-06-16,WPLZ11.SA,WPLZ11,48.5
2026-07-08,2026-06-17,WPLZ11.SA,WPLZ11,48.5099983215332
2026-07-08,2026-06-18,WPLZ11.SA,WPLZ11,48.75
2026-07-08,2026-06-19,WPLZ11.SA,WPLZ11,49.02000045776367
2026-07-08,2026-06-22,WPLZ11.SA,WPLZ11,50.189998626708984
2026-07-08,2026-06-23,WPLZ11.SA,WPLZ11,49.5
2026-07-08,2026-06-24,WPLZ11.SA,WPLZ11,49.0
2026-07-08,2026-06-25,WPLZ11.SA,WPLZ11,49.0
2026-07-08,2026-06-26,WPLZ11.SA,WPLZ11,48.75
2026-07-08,2026-06-29,WPLZ11.SA,WPLZ11,48.75
2026-07-08,2026-06-30,WPLZ11.SA,WPLZ11,49.2400016784668
2026-07-08,2026-07-01,WPLZ11.SA,WPLZ11,47.0
2026-07-08,2026-07-02,WPLZ11.SA,WPLZ11,49.22999954223633
2026-07-08,2026-07-03,WPLZ11.SA,WPLZ11,45.540000915527344
2026-07-08,2026-07-06,WPLZ11.SA,WPLZ11,45.56999969482422
2026-07-08,2026-07-07,WPLZ11.SA,WPLZ11,45.70000076293945
2026-07-08,2026-06-08,REIT11.SA,REIT11,92.0
2026-07-08,2026-06-09,REIT11.SA,REIT11,92.0
2026-07-08,2026-06-10,REIT11.SA,REIT11,92.0
2026-07-08,2026-06-11,REIT11.SA,REIT11,92.0
2026-07-08,2026-06-12,REIT11.SA,REIT11,92.0
2026-07-08,2026-06-15,REIT11.SA,REIT11,92.0
2026-07-08,2026-06-16,REIT11.SA,REIT11,92.0
2026-07-08,2026-06-17,REIT11.SA,REIT11,92.0
2026-07-08,2026-06-18,REIT11.SA,REIT11,92.0
2026-07-08,2026-06-19,REIT11.SA,REIT11,92.0
2026-07-08,2026-06-22,REIT11.SA,REIT11,80.01000213623047
2026-07-08,2026-06-23,REIT11.SA,REIT11,80.01000213623047
2026-07-08,2026-06-24,REIT11.SA,REIT11,80.01000213623047
2026-07-08,2026-06-25,REIT11.SA,REIT11,80.01000213623047
2026-07-08,2026-06-26,REIT11.SA,REIT11,80.01000213623047
2026-07-08,2026-06-29,REIT11.SA,REIT11,80.01000213623047
2026-07-08,2026-06-30,REIT11.SA,REIT11,80.01000213623047
2026-07-08,2026-07-01,REIT11.SA,REIT11,80.01000213623047
2026-07-08,2026-07-02,REIT11.SA,REIT11,80.01000213623047
2026-07-08,2026-07-03,REIT11.SA,REIT11,80.01000213623047
2026-07-08,2026-07-06,REIT11.SA,REIT11,80.01000213623047
2026-07-08,2026-07-07,REIT11.SA,REIT11,80.01000213623047
2026-07-08,2026-06-08,SJAU11.SA,SJAU11,4.050000190734863
2026-07-08,2026-06-09,SJAU11.SA,SJAU11,4.090000152587891
2026-07-08,2026-06-10,SJAU11.SA,SJAU11,3.799999952316284
2026-07-08,2026-06-11,SJAU11.SA,SJAU11,3.890000104904175
2026-07-08,2026-06-12,SJAU11.SA,SJAU11,3.640000104904175
2026-07-08,2026-06-15,SJAU11.SA,SJAU11,3.5
2026-07-08,2026-06-16,SJAU11.SA,SJAU11,3.75
2026-07-08,2026-06-17,SJAU11.SA,SJAU11,3.7699999809265137
2026-07-08,2026-06-18,SJAU11.SA,SJAU11,3.7799999713897705
2026-07-08,2026-06-19,SJAU11.SA,SJAU11,3.9000000953674316
2026-07-08,2026-06-22,SJAU11.SA,SJAU11,3.8399999141693115
2026-07-08,2026-06-23,SJAU11.SA,SJAU11,3.5999999046325684
2026-07-08,2026-06-24,SJAU11.SA,SJAU11,3.890000104904175
2026-07-08,2026-06-25,SJAU11.SA,SJAU11,3.890000104904175
2026-07-08,2026-06-26,SJAU11.SA,SJAU11,3.7899999618530273
2026-07-08,2026-06-29,SJAU11.SA,SJAU11,3.869999885559082
2026-07-08,2026-06-30,SJAU11.SA,SJAU11,3.799999952316284
2026-07-08,2026-07-01,SJAU11.SA,SJAU11,3.880000114440918
2026-07-08,2026-07-02,SJAU11.SA,SJAU11,2.559999942779541
2026-07-08,2026-07-03,SJAU11.SA,SJAU11,2.450000047683716
2026-07-08,2026-07-06,SJAU11.SA,SJAU11,2.4000000953674316
2026-07-08,2026-07-07,SJAU11.SA,SJAU11,1.9900000095367432
2026-07-08,2026-06-08,SOLR11.SA,SOLR11,1051.3499755859375
2026-07-08,2026-06-09,SOLR11.SA,SOLR11,1051.3499755859375
2026-07-08,2026-06-10,SOLR11.SA,SOLR11,1051.3499755859375
2026-07-08,2026-06-11,SOLR11.SA,SOLR11,1051.3499755859375
2026-07-08,2026-06-12,SOLR11.SA,SOLR11,1051.3499755859375
2026-07-08,2026-06-15,SOLR11.SA,SOLR11,1051.3499755859375
2026-07-08,2026-06-16,SOLR11.SA,SOLR11,1051.3499755859375
2026-07-08,2026-06-17,SOLR11.SA,SOLR11,1051.3499755859375
2026-07-08,2026-06-18,SOLR11.SA,SOLR11,1051.3499755859375
2026-07-08,2026-06-19,SOLR11.SA,SOLR11,1051.3499755859375
2026-07-08,2026-06-22,SOLR11.SA,SOLR11,1051.3499755859375
2026-07-08,2026-06-23,SOLR11.SA,SOLR11,1051.3499755859375
2026-07-08,2026-06-24,SOLR11.SA,SOLR11,1051.3499755859375
2026-07-08,2026-06-25,SOLR11.SA,SOLR11,1051.3499755859375
2026-07-08,2026-06-26,SOLR11.SA,SOLR11,1051.3499755859375
2026-07-08,2026-06-29,SOLR11.SA,SOLR11,1051.3499755859375
2026-07-08,2026-06-30,SOLR11.SA,SOLR11,1051.3499755859375
2026-07-08,2026-07-01,SOLR11.SA,SOLR11,1051.3499755859375
2026-07-08,2026-07-02,SOLR11.SA,SOLR11,1051.3499755859375
2026-07-08,2026-07-03,SOLR11.SA,SOLR11,1051.3499755859375
2026-07-08,2026-07-06,SOLR11.SA,SOLR11,1051.3499755859375
2026-07-08,2026-07-07,SOLR11.SA,SOLR11,1051.3499755859375
2026-07-08,2026-06-08,SPTW11.SA,SPTW11,36.45000076293945
2026-07-08,2026-06-09,SPTW11.SA,SPTW11,36.41999816894531
2026-07-08,2026-06-10,SPTW11.SA,SPTW11,36.59000015258789
2026-07-08,2026-06-11,SPTW11.SA,SPTW11,36.58000183105469
2026-07-08,2026-06-12,SPTW11.SA,SPTW11,36.79999923706055
2026-07-08,2026-06-15,SPTW11.SA,SPTW11,36.77000045776367
2026-07-08,2026-06-16,SPTW11.SA,SPTW11,36.59000015258789
2026-07-08,2026-06-17,SPTW11.SA,SPTW11,36.54999923706055
2026-07-08,2026-06-18,SPTW11.SA,SPTW11,36.900001525878906
2026-07-08,2026-06-19,SPTW11.SA,SPTW11,37.0
2026-07-08,2026-06-22,SPTW11.SA,SPTW11,36.54999923706055
2026-07-08,2026-06-23,SPTW11.SA,SPTW11,36.779998779296875
2026-07-08,2026-06-24,SPTW11.SA,SPTW11,36.779998779296875
2026-07-08,2026-06-25,SPTW11.SA,SPTW11,36.9900016784668
2026-07-08,2026-06-26,SPTW11.SA,SPTW11,37.81999969482422
2026-07-08,2026-06-29,SPTW11.SA,SPTW11,37.79999923706055
2026-07-08,2026-06-30,SPTW11.SA,SPTW11,37.93000030517578
2026-07-08,2026-07-01,SPTW11.SA,SPTW11,36.41999816894531
2026-07-08,2026-07-02,SPTW11.SA,SPTW11,37.0
2026-07-08,2026-07-03,SPTW11.SA,SPTW11,36.959999084472656
2026-07-08,2026-07-06,SPTW11.SA,SPTW11,37.29999923706055
2026-07-08,2026-07-07,SPTW11.SA,SPTW11,36.95000076293945
2026-07-08,2026-06-08,LTMT11.SA,LTMT11,93.77999877929688
2026-07-08,2026-06-09,LTMT11.SA,LTMT11,93.77999877929688
2026-07-08,2026-06-10,LTMT11.SA,LTMT11,93.77999877929688
2026-07-08,2026-06-11,LTMT11.SA,LTMT11,93.77999877929688
2026-07-08,2026-06-12,LTMT11.SA,LTMT11,93.77999877929688
2026-07-08,2026-06-15,LTMT11.SA,LTMT11,93.77999877929688
2026-07-08,2026-06-16,LTMT11.SA,LTMT11,93.77999877929688
2026-07-08,2026-06-17,LTMT11.SA,LTMT11,93.77999877929688
2026-07-08,2026-06-18,LTMT11.SA,LTMT11,93.77999877929688
2026-07-08,2026-06-19,LTMT11.SA,LTMT11,93.77999877929688
2026-07-08,2026-06-22,LTMT11.SA,LTMT11,93.77999877929688
2026-07-08,2026-06-23,LTMT11.SA,LTMT11,93.77999877929688
2026-07-08,2026-06-24,LTMT11.SA,LTMT11,93.77999877929688
2026-07-08,2026-06-25,LTMT11.SA,LTMT11,93.77999877929688
2026-07-08,2026-06-26,LTMT11.SA,LTMT11,93.77999877929688
2026-07-08,2026-06-29,LTMT11.SA,LTMT11,93.77999877929688
2026-07-08,2026-06-30,LTMT11.SA,LTMT11,93.77999877929688
2026-07-08,2026-07-01,LTMT11.SA,LTMT11,93.77999877929688
2026-07-08,2026-07-02,LTMT11.SA,LTMT11,93.77999877929688
2026-07-08,2026-07-03,LTMT11.SA,LTMT11,93.77999877929688
2026-07-08,2026-07-06,LTMT11.SA,LTMT11,93.77999877929688
2026-07-08,2026-07-07,LTMT11.SA,LTMT11,93.77999877929688
2026-07-08,2026-06-08,DVLP11.SA,DVLP11,150.2899932861328
2026-07-08,2026-06-09,DVLP11.SA,DVLP11,150.2899932861328
2026-07-08,2026-06-10,DVLP11.SA,DVLP11,150.2899932861328
2026-07-08,2026-06-11,DVLP11.SA,DVLP11,150.2899932861328
2026-07-08,2026-06-12,DVLP11.SA,DVLP11,150.2899932861328
2026-07-08,2026-06-15,DVLP11.SA,DVLP11,150.2899932861328
2026-07-08,2026-06-16,DVLP11.SA,DVLP11,150.2899932861328
2026-07-08,2026-06-17,DVLP11.SA,DVLP11,150.2899932861328
2026-07-08,2026-06-18,DVLP11.SA,DVLP11,150.2899932861328
2026-07-08,2026-06-19,DVLP11.SA,DVLP11,150.2899932861328
2026-07-08,2026-06-22,DVLP11.SA,DVLP11,150.2899932861328
2026-07-08,2026-06-23,DVLP11.SA,DVLP11,150.2899932861328
2026-07-08,2026-06-24,DVLP11.SA,DVLP11,150.2899932861328
2026-07-08,2026-06-25,DVLP11.SA,DVLP11,150.2899932861328
2026-07-08,2026-06-26,DVLP11.SA,DVLP11,150.2899932861328
2026-07-08,2026-06-29,DVLP11.SA,DVLP11,150.2899932861328
2026-07-08,2026-06-30,DVLP11.SA,DVLP11,150.2899932861328
2026-07-08,2026-07-01,DVLP11.SA,DVLP11,150.2899932861328
2026-07-08,2026-07-02,DVLP11.SA,DVLP11,150.2899932861328
2026-07-08,2026-07-03,DVLP11.SA,DVLP11,150.2899932861328
2026-07-08,2026-07-06,DVLP11.SA,DVLP11,150.2899932861328
2026-07-08,2026-07-07,DVLP11.SA,DVLP11,150.2899932861328
2026-07-08,2026-06-08,DVLT11.SA,DVLT11,103.41000366210938
2026-07-08,2026-06-09,DVLT11.SA,DVLT11,103.41000366210938
2026-07-08,2026-06-10,DVLT11.SA,DVLT11,103.41000366210938
2026-07-08,2026-06-11,DVLT11.SA,DVLT11,103.41000366210938
2026-07-08,2026-06-12,DVLT11.SA,DVLT11,103.41000366210938
2026-07-08,2026-06-15,DVLT11.SA,DVLT11,103.41000366210938
2026-07-08,2026-06-16,DVLT11.SA,DVLT11,103.41000366210938
2026-07-08,2026-06-17,DVLT11.SA,DVLT11,103.41000366210938
2026-07-08,2026-06-18,DVLT11.SA,DVLT11,103.41000366210938
2026-07-08,2026-06-19,DVLT11.SA,DVLT11,103.41000366210938
2026-07-08,2026-06-22,DVLT11.SA,DVLT11,103.41000366210938
2026-07-08,2026-06-23,DVLT11.SA,DVLT11,103.41000366210938
2026-07-08,2026-06-24,DVLT11.SA,DVLT11,103.41000366210938
2026-07-08,2026-06-25,DVLT11.SA,DVLT11,103.41000366210938
2026-07-08,2026-06-26,DVLT11.SA,DVLT11,103.41000366210938
2026-07-08,2026-06-29,DVLT11.SA,DVLT11,103.41000366210938
2026-07-08,2026-06-30,DVLT11.SA,DVLT11,103.41000366210938
2026-07-08,2026-07-01,DVLT11.SA,DVLT11,103.41000366210938
2026-07-08,2026-07-02,DVLT11.SA,DVLT11,103.41000366210938
2026-07-08,2026-07-03,DVLT11.SA,DVLT11,103.41000366210938
2026-07-08,2026-07-06,DVLT11.SA,DVLT11,103.41000366210938
2026-07-08,2026-07-07,DVLT11.SA,DVLT11,103.41000366210938
2026-07-08,2026-06-08,PMFO11.SA,PMFO11,90.77999877929688
2026-07-08,2026-06-09,PMFO11.SA,PMFO11,87.29000091552734
2026-07-08,2026-06-10,PMFO11.SA,PMFO11,87.29000091552734
2026-07-08,2026-06-11,PMFO11.SA,PMFO11,87.29000091552734
2026-07-08,2026-06-12,PMFO11.SA,PMFO11,87.29000091552734
2026-07-08,2026-06-15,PMFO11.SA,PMFO11,87.29000091552734
2026-07-08,2026-06-16,PMFO11.SA,PMFO11,87.29000091552734
2026-07-08,2026-06-17,PMFO11.SA,PMFO11,87.29000091552734
2026-07-08,2026-06-18,PMFO11.SA,PMFO11,87.29000091552734
2026-07-08,2026-06-19,PMFO11.SA,PMFO11,87.29000091552734
2026-07-08,2026-06-22,PMFO11.SA,PMFO11,87.29000091552734
2026-07-08,2026-06-23,PMFO11.SA,PMFO11,87.29000091552734
2026-07-08,2026-06-24,PMFO11.SA,PMFO11,87.29000091552734
2026-07-08,2026-06-25,PMFO11.SA,PMFO11,87.29000091552734
2026-07-08,2026-06-26,PMFO11.SA,PMFO11,87.29000091552734
2026-07-08,2026-06-29,PMFO11.SA,PMFO11,87.29000091552734
2026-07-08,2026-06-30,PMFO11.SA,PMFO11,86.86000061035156
2026-07-08,2026-07-01,PMFO11.SA,PMFO11,86.86000061035156
2026-07-08,2026-07-02,PMFO11.SA,PMFO11,86.86000061035156
2026-07-08,2026-07-03,PMFO11.SA,PMFO11,86.86000061035156
2026-07-08,2026-07-06,PMFO11.SA,PMFO11,86.86000061035156
2026-07-08,2026-07-07,PMFO11.SA,PMFO11,86.86000061035156
2026-07-08,2026-06-08,SPGM11.SA,SPGM11,13.359999656677246
2026-07-08,2026-06-09,SPGM11.SA,SPGM11,13.359999656677246
2026-07-08,2026-06-10,SPGM11.SA,SPGM11,13.359999656677246
2026-07-08,2026-06-11,SPGM11.SA,SPGM11,13.359999656677246
2026-07-08,2026-06-12,SPGM11.SA,SPGM11,13.359999656677246
2026-07-08,2026-06-15,SPGM11.SA,SPGM11,13.359999656677246
2026-07-08,2026-06-16,SPGM11.SA,SPGM11,13.359999656677246
2026-07-08,2026-06-17,SPGM11.SA,SPGM11,13.359999656677246
2026-07-08,2026-06-18,SPGM11.SA,SPGM11,13.359999656677246
2026-07-08,2026-06-19,SPGM11.SA,SPGM11,13.359999656677246
2026-07-08,2026-06-22,SPGM11.SA,SPGM11,13.359999656677246
2026-07-08,2026-06-23,SPGM11.SA,SPGM11,13.359999656677246
2026-07-08,2026-06-24,SPGM11.SA,SPGM11,13.359999656677246
2026-07-08,2026-06-25,SPGM11.SA,SPGM11,13.359999656677246
2026-07-08,2026-06-26,SPGM11.SA,SPGM11,13.359999656677246
2026-07-08,2026-06-29,SPGM11.SA,SPGM11,13.359999656677246
2026-07-08,2026-06-30,SPGM11.SA,SPGM11,13.359999656677246
2026-07-08,2026-07-01,SPGM11.SA,SPGM11,13.359999656677246
2026-07-08,2026-07-02,SPGM11.SA,SPGM11,13.359999656677246
2026-07-08,2026-07-03,SPGM11.SA,SPGM11,13.359999656677246
2026-07-08,2026-07-06,SPGM11.SA,SPGM11,13.359999656677246
2026-07-08,2026-07-07,SPGM11.SA,SPGM11,13.359999656677246
2026-07-08,2026-06-08,SPXS11.SA,SPXS11,8.359999656677246
2026-07-08,2026-06-09,SPXS11.SA,SPXS11,8.210000038146973
2026-07-08,2026-06-10,SPXS11.SA,SPXS11,8.180000305175781
2026-07-08,2026-06-11,SPXS11.SA,SPXS11,8.239999771118164
2026-07-08,2026-06-12,SPXS11.SA,SPXS11,8.3100004196167
2026-07-08,2026-06-15,SPXS11.SA,SPXS11,8.279999732971191
2026-07-08,2026-06-16,SPXS11.SA,SPXS11,8.170000076293945
2026-07-08,2026-06-17,SPXS11.SA,SPXS11,8.279999732971191
2026-07-08,2026-06-18,SPXS11.SA,SPXS11,8.239999771118164
2026-07-08,2026-06-19,SPXS11.SA,SPXS11,8.220000267028809
2026-07-08,2026-06-22,SPXS11.SA,SPXS11,8.289999961853027
2026-07-08,2026-06-23,SPXS11.SA,SPXS11,8.260000228881836
2026-07-08,2026-06-24,SPXS11.SA,SPXS11,8.239999771118164
2026-07-08,2026-06-25,SPXS11.SA,SPXS11,8.229999542236328
2026-07-08,2026-06-26,SPXS11.SA,SPXS11,8.289999961853027
2026-07-08,2026-06-29,SPXS11.SA,SPXS11,8.130000114440918
2026-07-08,2026-06-30,SPXS11.SA,SPXS11,8.149999618530273
2026-07-08,2026-07-01,SPXS11.SA,SPXS11,8.100000381469727
2026-07-08,2026-07-02,SPXS11.SA,SPXS11,8.140000343322754
2026-07-08,2026-07-03,SPXS11.SA,SPXS11,8.149999618530273
2026-07-08,2026-07-06,SPXS11.SA,SPXS11,8.170000076293945
2026-07-08,2026-07-07,SPXS11.SA,SPXS11,8.1899995803833
2026-07-08,2026-06-08,STYI11.SA,STYI11,1219.9599609375
2026-07-08,2026-06-09,STYI11.SA,STYI11,1219.9599609375
2026-07-08,2026-06-10,STYI11.SA,STYI11,1219.9599609375
2026-07-08,2026-06-11,STYI11.SA,STYI11,1199.989990234375
2026-07-08,2026-06-12,STYI11.SA,STYI11,1199.989990234375
2026-07-08,2026-06-15,STYI11.SA,STYI11,1402.93994140625
2026-07-08,2026-06-16,STYI11.SA,STYI11,1402.93994140625
2026-07-08,2026-06-17,STYI11.SA,STYI11,1299.9200439453125
2026-07-08,2026-06-18,STYI11.SA,STYI11,1349.989990234375
2026-07-08,2026-06-19,STYI11.SA,STYI11,1349.989990234375
2026-07-08,2026-06-22,STYI11.SA,STYI11,1349.989990234375
2026-07-08,2026-06-23,STYI11.SA,STYI11,1200.0
2026-07-08,2026-06-24,STYI11.SA,STYI11,1031.0
2026-07-08,2026-06-25,STYI11.SA,STYI11,1031.0
2026-07-08,2026-06-26,STYI11.SA,STYI11,1031.0
2026-07-08,2026-06-29,STYI11.SA,STYI11,1031.0
2026-07-08,2026-06-30,STYI11.SA,STYI11,1178.739990234375
2026-07-08,2026-07-01,STYI11.SA,STYI11,1100.0
2026-07-08,2026-07-02,STYI11.SA,STYI11,1174.0
2026-07-08,2026-07-03,STYI11.SA,STYI11,1174.0
2026-07-08,2026-07-06,STYI11.SA,STYI11,1000.010009765625
2026-07-08,2026-07-07,STYI11.SA,STYI11,1000.010009765625
2026-07-08,2026-06-08,SNEL11.SA,SNEL11,8.449999809265137
2026-07-08,2026-06-09,SNEL11.SA,SNEL11,8.4399995803833
2026-07-08,2026-06-10,SNEL11.SA,SNEL11,8.399999618530273
2026-07-08,2026-06-11,SNEL11.SA,SNEL11,8.399999618530273
2026-07-08,2026-06-12,SNEL11.SA,SNEL11,8.449999809265137
2026-07-08,2026-06-15,SNEL11.SA,SNEL11,8.430000305175781
2026-07-08,2026-06-16,SNEL11.SA,SNEL11,8.359999656677246
2026-07-08,2026-06-17,SNEL11.SA,SNEL11,8.229999542236328
2026-07-08,2026-06-18,SNEL11.SA,SNEL11,8.149999618530273
2026-07-08,2026-06-19,SNEL11.SA,SNEL11,8.239999771118164
2026-07-08,2026-06-22,SNEL11.SA,SNEL11,8.229999542236328
2026-07-08,2026-06-23,SNEL11.SA,SNEL11,8.199999809265137
2026-07-08,2026-06-24,SNEL11.SA,SNEL11,8.1899995803833
2026-07-08,2026-06-25,SNEL11.SA,SNEL11,8.199999809265137
2026-07-08,2026-06-26,SNEL11.SA,SNEL11,8.199999809265137
2026-07-08,2026-06-29,SNEL11.SA,SNEL11,8.199999809265137
2026-07-08,2026-06-30,SNEL11.SA,SNEL11,8.34000015258789
2026-07-08,2026-07-01,SNEL11.SA,SNEL11,8.399999618530273
2026-07-08,2026-07-02,SNEL11.SA,SNEL11,8.40999984741211
2026-07-08,2026-07-03,SNEL11.SA,SNEL11,8.399999618530273
2026-07-08,2026-07-06,SNEL11.SA,SNEL11,8.359999656677246
2026-07-08,2026-07-07,SNEL11.SA,SNEL11,8.40999984741211
2026-07-08,2026-06-08,SNFF11.SA,SNFF11,73.48999786376953
2026-07-08,2026-06-09,SNFF11.SA,SNFF11,73.0199966430664
2026-07-08,2026-06-10,SNFF11.SA,SNFF11,73.0199966430664
2026-07-08,2026-06-11,SNFF11.SA,SNFF11,72.91000366210938
2026-07-08,2026-06-12,SNFF11.SA,SNFF11,73.4000015258789
2026-07-08,2026-06-15,SNFF11.SA,SNFF11,73.06999969482422
2026-07-08,2026-06-16,SNFF11.SA,SNFF11,72.98999786376953
2026-07-08,2026-06-17,SNFF11.SA,SNFF11,72.19999694824219
2026-07-08,2026-06-18,SNFF11.SA,SNFF11,71.91000366210938
2026-07-08,2026-06-19,SNFF11.SA,SNFF11,71.18000030517578
2026-07-08,2026-06-22,SNFF11.SA,SNFF11,70.83999633789062
2026-07-08,2026-06-23,SNFF11.SA,SNFF11,71.70999908447266
2026-07-08,2026-06-24,SNFF11.SA,SNFF11,71.76000213623047
2026-07-08,2026-06-25,SNFF11.SA,SNFF11,72.70999908447266
2026-07-08,2026-06-26,SNFF11.SA,SNFF11,72.5999984741211
2026-07-08,2026-06-29,SNFF11.SA,SNFF11,72.5199966430664
2026-07-08,2026-06-30,SNFF11.SA,SNFF11,72.61000061035156
2026-07-08,2026-07-01,SNFF11.SA,SNFF11,72.0
2026-07-08,2026-07-02,SNFF11.SA,SNFF11,73.30000305175781
2026-07-08,2026-07-03,SNFF11.SA,SNFF11,72.6500015258789
2026-07-08,2026-07-06,SNFF11.SA,SNFF11,73.05999755859375
2026-07-08,2026-07-07,SNFF11.SA,SNFF11,72.72000122070312
2026-07-08,2026-06-08,SNME11.SA,SNME11,9.380000114440918
2026-07-08,2026-06-09,SNME11.SA,SNME11,9.289999961853027
2026-07-08,2026-06-10,SNME11.SA,SNME11,9.350000381469727
2026-07-08,2026-06-11,SNME11.SA,SNME11,9.449999809265137
2026-07-08,2026-06-12,SNME11.SA,SNME11,9.5
2026-07-08,2026-06-15,SNME11.SA,SNME11,9.489999771118164
2026-07-08,2026-06-16,SNME11.SA,SNME11,9.40999984741211
2026-07-08,2026-06-17,SNME11.SA,SNME11,9.380000114440918
2026-07-08,2026-06-18,SNME11.SA,SNME11,9.399999618530273
2026-07-08,2026-06-19,SNME11.SA,SNME11,9.40999984741211
2026-07-08,2026-06-22,SNME11.SA,SNME11,9.390000343322754
2026-07-08,2026-06-23,SNME11.SA,SNME11,9.359999656677246
2026-07-08,2026-06-24,SNME11.SA,SNME11,9.399999618530273
2026-07-08,2026-06-25,SNME11.SA,SNME11,9.399999618530273
2026-07-08,2026-06-26,SNME11.SA,SNME11,9.40999984741211
2026-07-08,2026-06-29,SNME11.SA,SNME11,9.40999984741211
2026-07-08,2026-06-30,SNME11.SA,SNME11,9.399999618530273
2026-07-08,2026-07-01,SNME11.SA,SNME11,9.420000076293945
2026-07-08,2026-07-02,SNME11.SA,SNME11,9.390000343322754
2026-07-08,2026-07-03,SNME11.SA,SNME11,9.420000076293945
2026-07-08,2026-07-06,SNME11.SA,SNME11,9.420000076293945
2026-07-08,2026-07-07,SNME11.SA,SNME11,9.40999984741211
2026-07-08,2026-06-08,SNCI11.SA,SNCI11,86.68000030517578
2026-07-08,2026-06-09,SNCI11.SA,SNCI11,86.2300033569336
2026-07-08,2026-06-10,SNCI11.SA,SNCI11,85.4800033569336
2026-07-08,2026-06-11,SNCI11.SA,SNCI11,85.87999725341797
2026-07-08,2026-06-12,SNCI11.SA,SNCI11,86.69000244140625
2026-07-08,2026-06-15,SNCI11.SA,SNCI11,87.01000213623047
2026-07-08,2026-06-16,SNCI11.SA,SNCI11,85.80999755859375
2026-07-08,2026-06-17,SNCI11.SA,SNCI11,86.19999694824219
2026-07-08,2026-06-18,SNCI11.SA,SNCI11,86.55000305175781
2026-07-08,2026-06-19,SNCI11.SA,SNCI11,87.25
2026-07-08,2026-06-22,SNCI11.SA,SNCI11,85.5
2026-07-08,2026-06-23,SNCI11.SA,SNCI11,85.44000244140625
2026-07-08,2026-06-24,SNCI11.SA,SNCI11,85.30000305175781
2026-07-08,2026-06-25,SNCI11.SA,SNCI11,85.86000061035156
2026-07-08,2026-06-26,SNCI11.SA,SNCI11,86.72000122070312
2026-07-08,2026-06-29,SNCI11.SA,SNCI11,85.58000183105469
2026-07-08,2026-06-30,SNCI11.SA,SNCI11,86.0
2026-07-08,2026-07-01,SNCI11.SA,SNCI11,87.0
2026-07-08,2026-07-02,SNCI11.SA,SNCI11,87.33999633789062
2026-07-08,2026-07-03,SNCI11.SA,SNCI11,87.72000122070312
2026-07-08,2026-07-06,SNCI11.SA,SNCI11,86.94000244140625
2026-07-08,2026-07-07,SNCI11.SA,SNCI11,86.4000015258789
2026-07-08,2026-06-08,SPMO11.SA,SPMO11,120.0
2026-07-08,2026-06-09,SPMO11.SA,SPMO11,120.0
2026-07-08,2026-06-10,SPMO11.SA,SPMO11,120.0
2026-07-08,2026-06-11,SPMO11.SA,SPMO11,120.0
2026-07-08,2026-06-12,SPMO11.SA,SPMO11,120.0
2026-07-08,2026-06-15,SPMO11.SA,SPMO11,120.0
2026-07-08,2026-06-16,SPMO11.SA,SPMO11,120.0
2026-07-08,2026-06-17,SPMO11.SA,SPMO11,120.0
2026-07-08,2026-06-18,SPMO11.SA,SPMO11,120.0
2026-07-08,2026-06-19,SPMO11.SA,SPMO11,120.0
2026-07-08,2026-06-22,SPMO11.SA,SPMO11,120.0
2026-07-08,2026-06-23,SPMO11.SA,SPMO11,120.0
2026-07-08,2026-06-24,SPMO11.SA,SPMO11,120.0
2026-07-08,2026-06-25,SPMO11.SA,SPMO11,120.0
2026-07-08,2026-06-26,SPMO11.SA,SPMO11,120.0
2026-07-08,2026-06-29,SPMO11.SA,SPMO11,120.0
2026-07-08,2026-06-30,SPMO11.SA,SPMO11,120.0
2026-07-08,2026-07-01,SPMO11.SA,SPMO11,120.0
2026-07-08,2026-07-02,SPMO11.SA,SPMO11,120.0
2026-07-08,2026-07-03,SPMO11.SA,SPMO11,120.0
2026-07-08,2026-07-06,SPMO11.SA,SPMO11,120.0
2026-07-08,2026-07-07,SPMO11.SA,SPMO11,120.0
2026-07-08,2026-06-08,TELM11.SA,TELM11,9.600000381469727
2026-07-08,2026-06-09,TELM11.SA,TELM11,9.75
2026-07-08,2026-06-10,TELM11.SA,TELM11,9.6899995803833
2026-07-08,2026-06-11,TELM11.SA,TELM11,9.6899995803833
2026-07-08,2026-06-12,TELM11.SA,TELM11,9.600000381469727
2026-07-08,2026-06-15,TELM11.SA,TELM11,9.59000015258789
2026-07-08,2026-06-16,TELM11.SA,TELM11,9.729999542236328
2026-07-08,2026-06-17,TELM11.SA,TELM11,9.899999618530273
2026-07-08,2026-06-18,TELM11.SA,TELM11,9.6899995803833
2026-07-08,2026-06-19,TELM11.SA,TELM11,9.470000267028809
2026-07-08,2026-06-22,TELM11.SA,TELM11,9.699999809265137
2026-07-08,2026-06-23,TELM11.SA,TELM11,9.649999618530273
2026-07-08,2026-06-24,TELM11.SA,TELM11,9.649999618530273
2026-07-08,2026-06-25,TELM11.SA,TELM11,9.649999618530273
2026-07-08,2026-06-26,TELM11.SA,TELM11,9.649999618530273
2026-07-08,2026-06-29,TELM11.SA,TELM11,9.649999618530273
2026-07-08,2026-06-30,TELM11.SA,TELM11,9.649999618530273
2026-07-08,2026-07-01,TELM11.SA,TELM11,9.75
2026-07-08,2026-07-02,TELM11.SA,TELM11,9.75
2026-07-08,2026-07-03,TELM11.SA,TELM11,9.670000076293945
2026-07-08,2026-07-06,TELM11.SA,TELM11,9.75
2026-07-08,2026-07-07,TELM11.SA,TELM11,9.640000343322754
2026-07-08,2026-06-08,TEPP11.SA,TEPP11,8.149999618530273
2026-07-08,2026-06-09,TEPP11.SA,TEPP11,8.050000190734863
2026-07-08,2026-06-10,TEPP11.SA,TEPP11,7.920000076293945
2026-07-08,2026-06-11,TEPP11.SA,TEPP11,8.149999618530273
2026-07-08,2026-06-12,TEPP11.SA,TEPP11,8.210000038146973
2026-07-08,2026-06-15,TEPP11.SA,TEPP11,8.220000267028809
2026-07-08,2026-06-16,TEPP11.SA,TEPP11,8.149999618530273
2026-07-08,2026-06-17,TEPP11.SA,TEPP11,8.09000015258789
2026-07-08,2026-06-18,TEPP11.SA,TEPP11,8.029999732971191
2026-07-08,2026-06-19,TEPP11.SA,TEPP11,8.069999694824219
2026-07-08,2026-06-22,TEPP11.SA,TEPP11,8.0600004196167
2026-07-08,2026-06-23,TEPP11.SA,TEPP11,8.050000190734863
2026-07-08,2026-06-24,TEPP11.SA,TEPP11,8.010000228881836
2026-07-08,2026-06-25,TEPP11.SA,TEPP11,7.989999771118164
2026-07-08,2026-06-26,TEPP11.SA,TEPP11,8.0
2026-07-08,2026-06-29,TEPP11.SA,TEPP11,8.079999923706055
2026-07-08,2026-06-30,TEPP11.SA,TEPP11,8.079999923706055
2026-07-08,2026-07-01,TEPP11.SA,TEPP11,7.880000114440918
2026-07-08,2026-07-02,TEPP11.SA,TEPP11,7.789999961853027
2026-07-08,2026-07-03,TEPP11.SA,TEPP11,7.949999809265137
2026-07-08,2026-07-06,TEPP11.SA,TEPP11,8.010000228881836
2026-07-08,2026-07-07,TEPP11.SA,TEPP11,7.940000057220459
2026-07-08,2026-06-08,TRBL11.SA,TRBL11,61.52000045776367
2026-07-08,2026-06-09,TRBL11.SA,TRBL11,61.34000015258789
2026-07-08,2026-06-10,TRBL11.SA,TRBL11,60.869998931884766
2026-07-08,2026-06-11,TRBL11.SA,TRBL11,62.5
2026-07-08,2026-06-12,TRBL11.SA,TRBL11,63.18000030517578
2026-07-08,2026-06-15,TRBL11.SA,TRBL11,63.97999954223633
2026-07-08,2026-06-16,TRBL11.SA,TRBL11,63.70000076293945
2026-07-08,2026-06-17,TRBL11.SA,TRBL11,62.70000076293945
2026-07-08,2026-06-18,TRBL11.SA,TRBL11,61.560001373291016
2026-07-08,2026-06-19,TRBL11.SA,TRBL11,62.81999969482422
2026-07-08,2026-06-22,TRBL11.SA,TRBL11,61.7599983215332
2026-07-08,2026-06-23,TRBL11.SA,TRBL11,60.45000076293945
2026-07-08,2026-06-24,TRBL11.SA,TRBL11,60.91999816894531
2026-07-08,2026-06-25,TRBL11.SA,TRBL11,62.060001373291016
2026-07-08,2026-06-26,TRBL11.SA,TRBL11,62.13999938964844
2026-07-08,2026-06-29,TRBL11.SA,TRBL11,62.0
2026-07-08,2026-06-30,TRBL11.SA,TRBL11,62.58000183105469
2026-07-08,2026-07-01,TRBL11.SA,TRBL11,58.099998474121094
2026-07-08,2026-07-02,TRBL11.SA,TRBL11,56.7599983215332
2026-07-08,2026-07-03,TRBL11.SA,TRBL11,57.650001525878906
2026-07-08,2026-07-06,TRBL11.SA,TRBL11,57.400001525878906
2026-07-08,2026-07-07,TRBL11.SA,TRBL11,57.43000030517578
2026-07-08,2026-06-08,NAUI11.SA,NAUI11,1000.0
2026-07-08,2026-06-09,NAUI11.SA,NAUI11,1000.0
2026-07-08,2026-06-10,NAUI11.SA,NAUI11,1000.0
2026-07-08,2026-06-11,NAUI11.SA,NAUI11,1000.0
2026-07-08,2026-06-12,NAUI11.SA,NAUI11,1000.0
2026-07-08,2026-06-15,NAUI11.SA,NAUI11,1000.0
2026-07-08,2026-06-16,NAUI11.SA,NAUI11,1000.0
2026-07-08,2026-06-17,NAUI11.SA,NAUI11,1000.0
2026-07-08,2026-06-18,NAUI11.SA,NAUI11,1000.0
2026-07-08,2026-06-19,NAUI11.SA,NAUI11,1000.0
2026-07-08,2026-06-22,NAUI11.SA,NAUI11,1000.0
2026-07-08,2026-06-23,NAUI11.SA,NAUI11,1000.0
2026-07-08,2026-06-24,NAUI11.SA,NAUI11,1000.0
2026-07-08,2026-06-25,NAUI11.SA,NAUI11,1000.0
2026-07-08,2026-06-26,NAUI11.SA,NAUI11,1000.0
2026-07-08,2026-06-29,NAUI11.SA,NAUI11,1000.0
2026-07-08,2026-06-30,NAUI11.SA,NAUI11,1000.0
2026-07-08,2026-07-01,NAUI11.SA,NAUI11,1000.0
2026-07-08,2026-07-02,NAUI11.SA,NAUI11,1000.0
2026-07-08,2026-07-03,NAUI11.SA,NAUI11,1000.0
2026-07-08,2026-07-06,NAUI11.SA,NAUI11,1000.0
2026-07-08,2026-07-07,NAUI11.SA,NAUI11,1000.0
2026-07-08,2026-06-08,TRPL11.SA,TRPL11,1.0499999523162842
2026-07-08,2026-06-09,TRPL11.SA,TRPL11,1.0499999523162842
2026-07-08,2026-06-10,TRPL11.SA,TRPL11,1.0499999523162842
2026-07-08,2026-06-11,TRPL11.SA,TRPL11,1.0499999523162842
2026-07-08,2026-06-12,TRPL11.SA,TRPL11,1.0499999523162842
2026-07-08,2026-06-15,TRPL11.SA,TRPL11,1.0499999523162842
2026-07-08,2026-06-16,TRPL11.SA,TRPL11,1.0499999523162842
2026-07-08,2026-06-17,TRPL11.SA,TRPL11,1.0499999523162842
2026-07-08,2026-06-18,TRPL11.SA,TRPL11,1.100000023841858
2026-07-08,2026-06-19,TRPL11.SA,TRPL11,1.100000023841858
2026-07-08,2026-06-22,TRPL11.SA,TRPL11,1.100000023841858
2026-07-08,2026-06-23,TRPL11.SA,TRPL11,1.100000023841858
2026-07-08,2026-06-24,TRPL11.SA,TRPL11,1.100000023841858
2026-07-08,2026-06-25,TRPL11.SA,TRPL11,1.100000023841858
2026-07-08,2026-06-26,TRPL11.SA,TRPL11,1.100000023841858
2026-07-08,2026-06-29,TRPL11.SA,TRPL11,1.100000023841858
2026-07-08,2026-06-30,TRPL11.SA,TRPL11,1.100000023841858
2026-07-08,2026-07-01,TRPL11.SA,TRPL11,1.100000023841858
2026-07-08,2026-07-02,TRPL11.SA,TRPL11,1.100000023841858
2026-07-08,2026-07-03,TRPL11.SA,TRPL11,1.100000023841858
2026-07-08,2026-07-06,TRPL11.SA,TRPL11,1.100000023841858
2026-07-08,2026-07-07,TRPL11.SA,TRPL11,1.100000023841858
2026-07-08,2026-06-08,TVRI11.SA,TVRI11,89.3499984741211
2026-07-08,2026-06-09,TVRI11.SA,TVRI11,88.94999694824219
2026-07-08,2026-06-10,TVRI11.SA,TVRI11,88.97000122070312
2026-07-08,2026-06-11,TVRI11.SA,TVRI11,89.45999908447266
2026-07-08,2026-06-12,TVRI11.SA,TVRI11,89.51000213623047
2026-07-08,2026-06-15,TVRI11.SA,TVRI11,92.16999816894531
2026-07-08,2026-06-16,TVRI11.SA,TVRI11,92.1500015258789
2026-07-08,2026-06-17,TVRI11.SA,TVRI11,92.04000091552734
2026-07-08,2026-06-18,TVRI11.SA,TVRI11,91.41000366210938
2026-07-08,2026-06-19,TVRI11.SA,TVRI11,92.08999633789062
2026-07-08,2026-06-22,TVRI11.SA,TVRI11,91.69999694824219
2026-07-08,2026-06-23,TVRI11.SA,TVRI11,91.68000030517578
2026-07-08,2026-06-24,TVRI11.SA,TVRI11,90.04000091552734
2026-07-08,2026-06-25,TVRI11.SA,TVRI11,90.4000015258789
2026-07-08,2026-06-26,TVRI11.SA,TVRI11,90.9000015258789
2026-07-08,2026-06-29,TVRI11.SA,TVRI11,91.6500015258789
2026-07-08,2026-06-30,TVRI11.SA,TVRI11,92.0999984741211
2026-07-08,2026-07-01,TVRI11.SA,TVRI11,91.19999694824219
2026-07-08,2026-07-02,TVRI11.SA,TVRI11,90.9000015258789
2026-07-08,2026-07-03,TVRI11.SA,TVRI11,91.19999694824219
2026-07-08,2026-07-06,TVRI11.SA,TVRI11,90.80000305175781
2026-07-08,2026-07-07,TVRI11.SA,TVRI11,90.12999725341797
2026-07-08,2026-06-08,VOTS11.SA,VOTS11,89.19000244140625
2026-07-08,2026-06-09,VOTS11.SA,VOTS11,88.58000183105469
2026-07-08,2026-06-10,VOTS11.SA,VOTS11,88.58999633789062
2026-07-08,2026-06-11,VOTS11.SA,VOTS11,88.58999633789062
2026-07-08,2026-06-12,VOTS11.SA,VOTS11,85.01000213623047
2026-07-08,2026-06-15,VOTS11.SA,VOTS11,89.87999725341797
2026-07-08,2026-06-16,VOTS11.SA,VOTS11,90.0
2026-07-08,2026-06-17,VOTS11.SA,VOTS11,87.52999877929688
2026-07-08,2026-06-18,VOTS11.SA,VOTS11,87.52999877929688
2026-07-08,2026-06-19,VOTS11.SA,VOTS11,88.02999877929688
2026-07-08,2026-06-22,VOTS11.SA,VOTS11,88.88999938964844
2026-07-08,2026-06-23,VOTS11.SA,VOTS11,89.58999633789062
2026-07-08,2026-06-24,VOTS11.SA,VOTS11,89.1500015258789
2026-07-08,2026-06-25,VOTS11.SA,VOTS11,89.1500015258789
2026-07-08,2026-06-26,VOTS11.SA,VOTS11,90.0
2026-07-08,2026-06-29,VOTS11.SA,VOTS11,89.01000213623047
2026-07-08,2026-06-30,VOTS11.SA,VOTS11,89.01000213623047
2026-07-08,2026-07-01,VOTS11.SA,VOTS11,89.12000274658203
2026-07-08,2026-07-02,VOTS11.SA,VOTS11,89.12000274658203
2026-07-08,2026-07-03,VOTS11.SA,VOTS11,89.12000274658203
2026-07-08,2026-07-06,VOTS11.SA,VOTS11,89.13999938964844
2026-07-08,2026-07-07,VOTS11.SA,VOTS11,89.9000015258789
2026-07-08,2026-06-08,TJKB11.SA,TJKB11,251.3300018310547
2026-07-08,2026-06-09,TJKB11.SA,TJKB11,250.5399932861328
2026-07-08,2026-06-10,TJKB11.SA,TJKB11,249.8000030517578
2026-07-08,2026-06-11,TJKB11.SA,TJKB11,249.9199981689453
2026-07-08,2026-06-12,TJKB11.SA,TJKB11,250.49000549316406
2026-07-08,2026-06-15,TJKB11.SA,TJKB11,251.2100067138672
2026-07-08,2026-06-16,TJKB11.SA,TJKB11,250.0
2026-07-08,2026-06-17,TJKB11.SA,TJKB11,250.0
2026-07-08,2026-06-18,TJKB11.SA,TJKB11,250.0
2026-07-08,2026-06-19,TJKB11.SA,TJKB11,251.0
2026-07-08,2026-06-22,TJKB11.SA,TJKB11,251.00999450683594
2026-07-08,2026-06-23,TJKB11.SA,TJKB11,253.0
2026-07-08,2026-06-24,TJKB11.SA,TJKB11,251.0
2026-07-08,2026-06-25,TJKB11.SA,TJKB11,250.0
2026-07-08,2026-06-26,TJKB11.SA,TJKB11,250.0
2026-07-08,2026-06-29,TJKB11.SA,TJKB11,250.1999969482422
2026-07-08,2026-06-30,TJKB11.SA,TJKB11,249.83999633789062
2026-07-08,2026-07-01,TJKB11.SA,TJKB11,250.49000549316406
2026-07-08,2026-07-02,TJKB11.SA,TJKB11,249.89999389648438
2026-07-08,2026-07-03,TJKB11.SA,TJKB11,253.38999938964844
2026-07-08,2026-07-06,TJKB11.SA,TJKB11,250.0
2026-07-08,2026-07-07,TJKB11.SA,TJKB11,252.05999755859375
2026-07-08,2026-06-08,TORD11.SA,TORD11,1.1299999952316284
2026-07-08,2026-06-09,TORD11.SA,TORD11,1.1100000143051147
2026-07-08,2026-06-10,TORD11.SA,TORD11,1.059999942779541
2026-07-08,2026-06-11,TORD11.SA,TORD11,1.1200000047683716
2026-07-08,2026-06-12,TORD11.SA,TORD11,1.100000023841858
2026-07-08,2026-06-15,TORD11.SA,TORD11,1.1100000143051147
2026-07-08,2026-06-16,TORD11.SA,TORD11,1.0499999523162842
2026-07-08,2026-06-17,TORD11.SA,TORD11,1.0800000429153442
2026-07-08,2026-06-18,TORD11.SA,TORD11,1.0700000524520874
2026-07-08,2026-06-19,TORD11.SA,TORD11,1.059999942779541
2026-07-08,2026-06-22,TORD11.SA,TORD11,1.0299999713897705
2026-07-08,2026-06-23,TORD11.SA,TORD11,1.0299999713897705
2026-07-08,2026-06-24,TORD11.SA,TORD11,1.0299999713897705
2026-07-08,2026-06-25,TORD11.SA,TORD11,1.0499999523162842
2026-07-08,2026-06-26,TORD11.SA,TORD11,1.0700000524520874
2026-07-08,2026-06-29,TORD11.SA,TORD11,1.0499999523162842
2026-07-08,2026-06-30,TORD11.SA,TORD11,1.059999942779541
2026-07-08,2026-07-01,TORD11.SA,TORD11,1.059999942779541
2026-07-08,2026-07-02,TORD11.SA,TORD11,1.059999942779541
2026-07-08,2026-07-03,TORD11.SA,TORD11,1.0399999618530273
2026-07-08,2026-07-06,TORD11.SA,TORD11,1.059999942779541
2026-07-08,2026-07-07,TORD11.SA,TORD11,1.0499999523162842
2026-07-08,2026-06-08,TSNC11.SA,TSNC11,58.79999923706055
2026-07-08,2026-06-09,TSNC11.SA,TSNC11,58.79999923706055
2026-07-08,2026-06-10,TSNC11.SA,TSNC11,58.79999923706055
2026-07-08,2026-06-11,TSNC11.SA,TSNC11,60.13999938964844
2026-07-08,2026-06-12,TSNC11.SA,TSNC11,60.13999938964844
2026-07-08,2026-06-15,TSNC11.SA,TSNC11,58.900001525878906
2026-07-08,2026-06-16,TSNC11.SA,TSNC11,58.900001525878906
2026-07-08,2026-06-17,TSNC11.SA,TSNC11,58.900001525878906
2026-07-08,2026-06-18,TSNC11.SA,TSNC11,58.900001525878906
2026-07-08,2026-06-19,TSNC11.SA,TSNC11,58.900001525878906
2026-07-08,2026-06-22,TSNC11.SA,TSNC11,58.900001525878906
2026-07-08,2026-06-23,TSNC11.SA,TSNC11,58.900001525878906
2026-07-08,2026-06-24,TSNC11.SA,TSNC11,58.900001525878906
2026-07-08,2026-06-25,TSNC11.SA,TSNC11,58.900001525878906
2026-07-08,2026-06-26,TSNC11.SA,TSNC11,58.900001525878906
2026-07-08,2026-06-29,TSNC11.SA,TSNC11,58.900001525878906
2026-07-08,2026-06-30,TSNC11.SA,TSNC11,58.900001525878906
2026-07-08,2026-07-01,TSNC11.SA,TSNC11,58.900001525878906
2026-07-08,2026-07-02,TSNC11.SA,TSNC11,58.900001525878906
2026-07-08,2026-07-03,TSNC11.SA,TSNC11,58.900001525878906
2026-07-08,2026-07-06,TSNC11.SA,TSNC11,58.900001525878906
2026-07-08,2026-07-07,TSNC11.SA,TSNC11,58.900001525878906
2026-07-08,2026-06-08,TRXY11.SA,TRXY11,8.350000381469727
2026-07-08,2026-06-09,TRXY11.SA,TRXY11,8.479999542236328
2026-07-08,2026-06-10,TRXY11.SA,TRXY11,8.4399995803833
2026-07-08,2026-06-11,TRXY11.SA,TRXY11,8.329999923706055
2026-07-08,2026-06-12,TRXY11.SA,TRXY11,8.40999984741211
2026-07-08,2026-06-15,TRXY11.SA,TRXY11,8.619999885559082
2026-07-08,2026-06-16,TRXY11.SA,TRXY11,8.289999961853027
2026-07-08,2026-06-17,TRXY11.SA,TRXY11,8.34000015258789
2026-07-08,2026-06-18,TRXY11.SA,TRXY11,8.199999809265137
2026-07-08,2026-06-19,TRXY11.SA,TRXY11,8.3100004196167
2026-07-08,2026-06-22,TRXY11.SA,TRXY11,8.260000228881836
2026-07-08,2026-06-23,TRXY11.SA,TRXY11,8.300000190734863
2026-07-08,2026-06-24,TRXY11.SA,TRXY11,8.390000343322754
2026-07-08,2026-06-25,TRXY11.SA,TRXY11,8.329999923706055
2026-07-08,2026-06-26,TRXY11.SA,TRXY11,8.369999885559082
2026-07-08,2026-06-29,TRXY11.SA,TRXY11,8.5
2026-07-08,2026-06-30,TRXY11.SA,TRXY11,8.5
2026-07-08,2026-07-01,TRXY11.SA,TRXY11,8.220000267028809
2026-07-08,2026-07-02,TRXY11.SA,TRXY11,8.239999771118164
2026-07-08,2026-07-03,TRXY11.SA,TRXY11,8.289999961853027
2026-07-08,2026-07-06,TRXY11.SA,TRXY11,8.300000190734863
2026-07-08,2026-07-07,TRXY11.SA,TRXY11,8.279999732971191
2026-07-08,2026-06-08,TRXF11.SA,TRXF11,91.1500015258789
2026-07-08,2026-06-09,TRXF11.SA,TRXF11,91.37000274658203
2026-07-08,2026-06-10,TRXF11.SA,TRXF11,91.0999984741211
2026-07-08,2026-06-11,TRXF11.SA,TRXF11,91.36000061035156
2026-07-08,2026-06-12,TRXF11.SA,TRXF11,91.76000213623047
2026-07-08,2026-06-15,TRXF11.SA,TRXF11,91.79000091552734
2026-07-08,2026-06-16,TRXF11.SA,TRXF11,91.77999877929688
2026-07-08,2026-06-17,TRXF11.SA,TRXF11,92.73999786376953
2026-07-08,2026-06-18,TRXF11.SA,TRXF11,91.7300033569336
2026-07-08,2026-06-19,TRXF11.SA,TRXF11,91.7699966430664
2026-07-08,2026-06-22,TRXF11.SA,TRXF11,91.94999694824219
2026-07-08,2026-06-23,TRXF11.SA,TRXF11,91.52999877929688
2026-07-08,2026-06-24,TRXF11.SA,TRXF11,91.20999908447266
2026-07-08,2026-06-25,TRXF11.SA,TRXF11,91.7300033569336
2026-07-08,2026-06-26,TRXF11.SA,TRXF11,91.8499984741211
2026-07-08,2026-06-29,TRXF11.SA,TRXF11,91.80000305175781
2026-07-08,2026-06-30,TRXF11.SA,TRXF11,91.80000305175781
2026-07-08,2026-07-01,TRXF11.SA,TRXF11,90.86000061035156
2026-07-08,2026-07-02,TRXF11.SA,TRXF11,91.30000305175781
2026-07-08,2026-07-03,TRXF11.SA,TRXF11,91.43000030517578
2026-07-08,2026-07-06,TRXF11.SA,TRXF11,91.4000015258789
2026-07-08,2026-07-07,TRXF11.SA,TRXF11,91.0
2026-07-08,2026-06-08,TRXB11.SA,TRXB11,178.99000549316406
2026-07-08,2026-06-09,TRXB11.SA,TRXB11,178.36000061035156
2026-07-08,2026-06-10,TRXB11.SA,TRXB11,173.0
2026-07-08,2026-06-11,TRXB11.SA,TRXB11,179.89999389648438
2026-07-08,2026-06-12,TRXB11.SA,TRXB11,179.49000549316406
2026-07-08,2026-06-15,TRXB11.SA,TRXB11,171.00999450683594
2026-07-08,2026-06-16,TRXB11.SA,TRXB11,172.74000549316406
2026-07-08,2026-06-17,TRXB11.SA,TRXB11,172.75
2026-07-08,2026-06-18,TRXB11.SA,TRXB11,172.67999267578125
2026-07-08,2026-06-19,TRXB11.SA,TRXB11,172.0
2026-07-08,2026-06-22,TRXB11.SA,TRXB11,171.02000427246094
2026-07-08,2026-06-23,TRXB11.SA,TRXB11,171.02000427246094
2026-07-08,2026-06-24,TRXB11.SA,TRXB11,179.99000549316406
2026-07-08,2026-06-25,TRXB11.SA,TRXB11,173.5
2026-07-08,2026-06-26,TRXB11.SA,TRXB11,179.9600067138672
2026-07-08,2026-06-29,TRXB11.SA,TRXB11,173.5399932861328
2026-07-08,2026-06-30,TRXB11.SA,TRXB11,178.97999572753906
2026-07-08,2026-07-01,TRXB11.SA,TRXB11,173.8000030517578
2026-07-08,2026-07-02,TRXB11.SA,TRXB11,181.0
2026-07-08,2026-07-03,TRXB11.SA,TRXB11,180.0500030517578
2026-07-08,2026-07-06,TRXB11.SA,TRXB11,180.0500030517578
2026-07-08,2026-07-07,TRXB11.SA,TRXB11,181.50999450683594
2026-07-08,2026-06-08,MGHT11.SA,MGHT11,10.609999656677246
2026-07-08,2026-06-09,MGHT11.SA,MGHT11,11.600000381469727
2026-07-08,2026-06-10,MGHT11.SA,MGHT11,11.220000267028809
2026-07-08,2026-06-11,MGHT11.SA,MGHT11,11.369999885559082
2026-07-08,2026-06-12,MGHT11.SA,MGHT11,11.520000457763672
2026-07-08,2026-06-15,MGHT11.SA,MGHT11,11.850000381469727
2026-07-08,2026-06-16,MGHT11.SA,MGHT11,11.289999961853027
2026-07-08,2026-06-17,MGHT11.SA,MGHT11,11.1899995803833
2026-07-08,2026-06-18,MGHT11.SA,MGHT11,12.199999809265137
2026-07-08,2026-06-19,MGHT11.SA,MGHT11,12.199999809265137
2026-07-08,2026-06-22,MGHT11.SA,MGHT11,12.239999771118164
2026-07-08,2026-06-23,MGHT11.SA,MGHT11,12.260000228881836
2026-07-08,2026-06-24,MGHT11.SA,MGHT11,12.260000228881836
2026-07-08,2026-06-25,MGHT11.SA,MGHT11,12.300000190734863
2026-07-08,2026-06-26,MGHT11.SA,MGHT11,12.270000457763672
2026-07-08,2026-06-29,MGHT11.SA,MGHT11,12.0600004196167
2026-07-08,2026-06-30,MGHT11.SA,MGHT11,12.989999771118164
2026-07-08,2026-07-01,MGHT11.SA,MGHT11,12.149999618530273
2026-07-08,2026-07-02,MGHT11.SA,MGHT11,12.0600004196167
2026-07-08,2026-07-03,MGHT11.SA,MGHT11,11.3100004196167
2026-07-08,2026-07-06,MGHT11.SA,MGHT11,11.800000190734863
2026-07-08,2026-07-07,MGHT11.SA,MGHT11,13.199999809265137
2026-07-08,2026-06-08,URHF11.SA,URHF11,62.060001373291016
2026-07-08,2026-06-09,URHF11.SA,URHF11,62.0
2026-07-08,2026-06-10,URHF11.SA,URHF11,60.0
2026-07-08,2026-06-11,URHF11.SA,URHF11,60.0
2026-07-08,2026-06-12,URHF11.SA,URHF11,60.0
2026-07-08,2026-06-15,URHF11.SA,URHF11,59.9900016784668
2026-07-08,2026-06-16,URHF11.SA,URHF11,60.0
2026-07-08,2026-06-17,URHF11.SA,URHF11,59.97999954223633
2026-07-08,2026-06-18,URHF11.SA,URHF11,58.25
2026-07-08,2026-06-19,URHF11.SA,URHF11,58.279998779296875
2026-07-08,2026-06-22,URHF11.SA,URHF11,58.61000061035156
2026-07-08,2026-06-23,URHF11.SA,URHF11,59.0
2026-07-08,2026-06-24,URHF11.SA,URHF11,58.279998779296875
2026-07-08,2026-06-25,URHF11.SA,URHF11,59.0
2026-07-08,2026-06-26,URHF11.SA,URHF11,59.0099983215332
2026-07-08,2026-06-29,URHF11.SA,URHF11,59.0099983215332
2026-07-08,2026-06-30,URHF11.SA,URHF11,59.970001220703125
2026-07-08,2026-07-01,URHF11.SA,URHF11,59.970001220703125
2026-07-08,2026-07-02,URHF11.SA,URHF11,57.0
2026-07-08,2026-07-03,URHF11.SA,URHF11,58.20000076293945
2026-07-08,2026-07-06,URHF11.SA,URHF11,58.20000076293945
2026-07-08,2026-07-07,URHF11.SA,URHF11,58.5
2026-07-08,2026-06-08,URPR11.SA,URPR11,22.75
2026-07-08,2026-06-09,URPR11.SA,URPR11,23.290000915527344
2026-07-08,2026-06-10,URPR11.SA,URPR11,21.90999984741211
2026-07-08,2026-06-11,URPR11.SA,URPR11,22.479999542236328
2026-07-08,2026-06-12,URPR11.SA,URPR11,22.639999389648438
2026-07-08,2026-06-15,URPR11.SA,URPR11,23.209999084472656
2026-07-08,2026-06-16,URPR11.SA,URPR11,22.34000015258789
2026-07-08,2026-06-17,URPR11.SA,URPR11,22.34000015258789
2026-07-08,2026-06-18,URPR11.SA,URPR11,22.739999771118164
2026-07-08,2026-06-19,URPR11.SA,URPR11,22.25
2026-07-08,2026-06-22,URPR11.SA,URPR11,22.350000381469727
2026-07-08,2026-06-23,URPR11.SA,URPR11,22.25
2026-07-08,2026-06-24,URPR11.SA,URPR11,22.5
2026-07-08,2026-06-25,URPR11.SA,URPR11,23.399999618530273
2026-07-08,2026-06-26,URPR11.SA,URPR11,23.979999542236328
2026-07-08,2026-06-29,URPR11.SA,URPR11,20.0
2026-07-08,2026-06-30,URPR11.SA,URPR11,20.3799991607666
2026-07-08,2026-07-01,URPR11.SA,URPR11,19.700000762939453
2026-07-08,2026-07-02,URPR11.SA,URPR11,19.920000076293945
2026-07-08,2026-07-03,URPR11.SA,URPR11,19.899999618530273
2026-07-08,2026-07-06,URPR11.SA,URPR11,19.829999923706055
2026-07-08,2026-07-07,URPR11.SA,URPR11,19.770000457763672
2026-07-08,2026-06-08,VVCO11.SA,VVCO11,8.5
2026-07-08,2026-06-09,VVCO11.SA,VVCO11,8.59000015258789
2026-07-08,2026-06-10,VVCO11.SA,VVCO11,8.5
2026-07-08,2026-06-11,VVCO11.SA,VVCO11,8.5
2026-07-08,2026-06-12,VVCO11.SA,VVCO11,9.739999771118164
2026-07-08,2026-06-15,VVCO11.SA,VVCO11,10.5
2026-07-08,2026-06-16,VVCO11.SA,VVCO11,10.59000015258789
2026-07-08,2026-06-17,VVCO11.SA,VVCO11,10.569999694824219
2026-07-08,2026-06-18,VVCO11.SA,VVCO11,10.0
2026-07-08,2026-06-19,VVCO11.SA,VVCO11,10.0
2026-07-08,2026-06-22,VVCO11.SA,VVCO11,10.0
2026-07-08,2026-06-23,VVCO11.SA,VVCO11,10.0
2026-07-08,2026-06-24,VVCO11.SA,VVCO11,10.0
2026-07-08,2026-06-25,VVCO11.SA,VVCO11,9.489999771118164
2026-07-08,2026-06-26,VVCO11.SA,VVCO11,9.489999771118164
2026-07-08,2026-06-29,VVCO11.SA,VVCO11,9.59000015258789
2026-07-08,2026-06-30,VVCO11.SA,VVCO11,9.59000015258789
2026-07-08,2026-07-01,VVCO11.SA,VVCO11,9.010000228881836
2026-07-08,2026-07-02,VVCO11.SA,VVCO11,9.989999771118164
2026-07-08,2026-07-03,VVCO11.SA,VVCO11,10.0
2026-07-08,2026-07-06,VVCO11.SA,VVCO11,9.800000190734863
2026-07-08,2026-07-07,VVCO11.SA,VVCO11,9.800000190734863
2026-07-08,2026-06-08,VVMR11.SA,VVMR11,85.0
2026-07-08,2026-06-09,VVMR11.SA,VVMR11,85.0
2026-07-08,2026-06-10,VVMR11.SA,VVMR11,84.98999786376953
2026-07-08,2026-06-11,VVMR11.SA,VVMR11,84.98999786376953
2026-07-08,2026-06-12,VVMR11.SA,VVMR11,84.98999786376953
2026-07-08,2026-06-15,VVMR11.SA,VVMR11,84.9800033569336
2026-07-08,2026-06-16,VVMR11.SA,VVMR11,84.9800033569336
2026-07-08,2026-06-17,VVMR11.SA,VVMR11,84.9800033569336
2026-07-08,2026-06-18,VVMR11.SA,VVMR11,84.9800033569336
2026-07-08,2026-06-19,VVMR11.SA,VVMR11,84.9800033569336
2026-07-08,2026-06-22,VVMR11.SA,VVMR11,84.98999786376953
2026-07-08,2026-06-23,VVMR11.SA,VVMR11,85.0
2026-07-08,2026-06-24,VVMR11.SA,VVMR11,85.0
2026-07-08,2026-06-25,VVMR11.SA,VVMR11,85.0
2026-07-08,2026-06-26,VVMR11.SA,VVMR11,84.05000305175781
2026-07-08,2026-06-29,VVMR11.SA,VVMR11,84.9800033569336
2026-07-08,2026-06-30,VVMR11.SA,VVMR11,84.95999908447266
2026-07-08,2026-07-01,VVMR11.SA,VVMR11,84.95999908447266
2026-07-08,2026-07-02,VVMR11.SA,VVMR11,84.95999908447266
2026-07-08,2026-07-03,VVMR11.SA,VVMR11,84.95999908447266
2026-07-08,2026-07-06,VVMR11.SA,VVMR11,84.95999908447266
2026-07-08,2026-07-07,VVMR11.SA,VVMR11,84.95999908447266
2026-07-08,2026-06-08,VPPR11.SA,VPPR11,21.1200008392334
2026-07-08,2026-06-09,VPPR11.SA,VPPR11,21.149999618530273
2026-07-08,2026-06-10,VPPR11.SA,VPPR11,21.0
2026-07-08,2026-06-11,VPPR11.SA,VPPR11,20.899999618530273
2026-07-08,2026-06-12,VPPR11.SA,VPPR11,20.940000534057617
2026-07-08,2026-06-15,VPPR11.SA,VPPR11,20.899999618530273
2026-07-08,2026-06-16,VPPR11.SA,VPPR11,20.899999618530273
2026-07-08,2026-06-17,VPPR11.SA,VPPR11,20.75
2026-07-08,2026-06-18,VPPR11.SA,VPPR11,20.75
2026-07-08,2026-06-19,VPPR11.SA,VPPR11,20.75
2026-07-08,2026-06-22,VPPR11.SA,VPPR11,20.760000228881836
2026-07-08,2026-06-23,VPPR11.SA,VPPR11,20.610000610351562
2026-07-08,2026-06-24,VPPR11.SA,VPPR11,20.700000762939453
2026-07-08,2026-06-25,VPPR11.SA,VPPR11,20.899999618530273
2026-07-08,2026-06-26,VPPR11.SA,VPPR11,20.479999542236328
2026-07-08,2026-06-29,VPPR11.SA,VPPR11,20.0
2026-07-08,2026-06-30,VPPR11.SA,VPPR11,19.889999389648438
2026-07-08,2026-07-01,VPPR11.SA,VPPR11,19.5
2026-07-08,2026-07-02,VPPR11.SA,VPPR11,19.5
2026-07-08,2026-07-03,VPPR11.SA,VPPR11,19.299999237060547
2026-07-08,2026-07-06,VPPR11.SA,VPPR11,19.299999237060547
2026-07-08,2026-07-07,VPPR11.SA,VPPR11,19.299999237060547
2026-07-08,2026-06-08,VVCR11.SA,VVCR11,9.59000015258789
2026-07-08,2026-06-09,VVCR11.SA,VVCR11,9.600000381469727
2026-07-08,2026-06-10,VVCR11.SA,VVCR11,9.350000381469727
2026-07-08,2026-06-11,VVCR11.SA,VVCR11,9.3100004196167
2026-07-08,2026-06-12,VVCR11.SA,VVCR11,9.390000343322754
2026-07-08,2026-06-15,VVCR11.SA,VVCR11,9.5
2026-07-08,2026-06-16,VVCR11.SA,VVCR11,9.529999732971191
2026-07-08,2026-06-17,VVCR11.SA,VVCR11,9.520000457763672
2026-07-08,2026-06-18,VVCR11.SA,VVCR11,9.0
2026-07-08,2026-06-19,VVCR11.SA,VVCR11,9.210000038146973
2026-07-08,2026-06-22,VVCR11.SA,VVCR11,8.899999618530273
2026-07-08,2026-06-23,VVCR11.SA,VVCR11,8.930000305175781
2026-07-08,2026-06-24,VVCR11.SA,VVCR11,9.170000076293945
2026-07-08,2026-06-25,VVCR11.SA,VVCR11,9.180000305175781
2026-07-08,2026-06-26,VVCR11.SA,VVCR11,8.9399995803833
2026-07-08,2026-06-29,VVCR11.SA,VVCR11,9.130000114440918
2026-07-08,2026-06-30,VVCR11.SA,VVCR11,9.140000343322754
2026-07-08,2026-07-01,VVCR11.SA,VVCR11,7.980000019073486
2026-07-08,2026-07-02,VVCR11.SA,VVCR11,8.859999656677246
2026-07-08,2026-07-03,VVCR11.SA,VVCR11,9.0
2026-07-08,2026-07-06,VVCR11.SA,VVCR11,8.510000228881836
2026-07-08,2026-07-07,VVCR11.SA,VVCR11,9.100000381469727
2026-07-08,2026-06-08,VVRI11.SA,VVRI11,93.0
2026-07-08,2026-06-09,VVRI11.SA,VVRI11,85.01000213623047
2026-07-08,2026-06-10,VVRI11.SA,VVRI11,92.98999786376953
2026-07-08,2026-06-11,VVRI11.SA,VVRI11,92.98999786376953
2026-07-08,2026-06-12,VVRI11.SA,VVRI11,92.98999786376953
2026-07-08,2026-06-15,VVRI11.SA,VVRI11,92.98999786376953
2026-07-08,2026-06-16,VVRI11.SA,VVRI11,92.98999786376953
2026-07-08,2026-06-17,VVRI11.SA,VVRI11,79.81999969482422
2026-07-08,2026-06-18,VVRI11.SA,VVRI11,79.81999969482422
2026-07-08,2026-06-19,VVRI11.SA,VVRI11,91.0
2026-07-08,2026-06-22,VVRI11.SA,VVRI11,84.3499984741211
2026-07-08,2026-06-23,VVRI11.SA,VVRI11,84.3499984741211
2026-07-08,2026-06-24,VVRI11.SA,VVRI11,84.3499984741211
2026-07-08,2026-06-25,VVRI11.SA,VVRI11,84.3499984741211
2026-07-08,2026-06-26,VVRI11.SA,VVRI11,84.3499984741211
2026-07-08,2026-06-29,VVRI11.SA,VVRI11,84.3499984741211
2026-07-08,2026-06-30,VVRI11.SA,VVRI11,89.0
2026-07-08,2026-07-01,VVRI11.SA,VVRI11,89.0
2026-07-08,2026-07-02,VVRI11.SA,VVRI11,89.0
2026-07-08,2026-07-03,VVRI11.SA,VVRI11,89.0
2026-07-08,2026-07-06,VVRI11.SA,VVRI11,102.1500015258789
2026-07-08,2026-07-07,VVRI11.SA,VVRI11,102.1500015258789
2026-07-08,2026-06-08,VGIR11.SA,VGIR11,9.640000343322754
2026-07-08,2026-06-09,VGIR11.SA,VGIR11,9.670000076293945
2026-07-08,2026-06-10,VGIR11.SA,VGIR11,9.680000305175781
2026-07-08,2026-06-11,VGIR11.SA,VGIR11,9.699999809265137
2026-07-08,2026-06-12,VGIR11.SA,VGIR11,9.579999923706055
2026-07-08,2026-06-15,VGIR11.SA,VGIR11,9.670000076293945
2026-07-08,2026-06-16,VGIR11.SA,VGIR11,9.65999984741211
2026-07-08,2026-06-17,VGIR11.SA,VGIR11,9.649999618530273
2026-07-08,2026-06-18,VGIR11.SA,VGIR11,9.649999618530273
2026-07-08,2026-06-19,VGIR11.SA,VGIR11,9.609999656677246
2026-07-08,2026-06-22,VGIR11.SA,VGIR11,9.609999656677246
2026-07-08,2026-06-23,VGIR11.SA,VGIR11,9.65999984741211
2026-07-08,2026-06-24,VGIR11.SA,VGIR11,9.640000343322754
2026-07-08,2026-06-25,VGIR11.SA,VGIR11,9.609999656677246
2026-07-08,2026-06-26,VGIR11.SA,VGIR11,9.640000343322754
2026-07-08,2026-06-29,VGIR11.SA,VGIR11,9.649999618530273
2026-07-08,2026-06-30,VGIR11.SA,VGIR11,9.65999984741211
2026-07-08,2026-07-01,VGIR11.SA,VGIR11,9.739999771118164
2026-07-08,2026-07-02,VGIR11.SA,VGIR11,9.75
2026-07-08,2026-07-03,VGIR11.SA,VGIR11,9.75
2026-07-08,2026-07-06,VGIR11.SA,VGIR11,9.850000381469727
2026-07-08,2026-07-07,VGIR11.SA,VGIR11,9.829999923706055
2026-07-08,2026-06-08,VGIP11.SA,VGIP11,80.22000122070312
2026-07-08,2026-06-09,VGIP11.SA,VGIP11,79.86000061035156
2026-07-08,2026-06-10,VGIP11.SA,VGIP11,78.9000015258789
2026-07-08,2026-06-11,VGIP11.SA,VGIP11,79.94000244140625
2026-07-08,2026-06-12,VGIP11.SA,VGIP11,79.16000366210938
2026-07-08,2026-06-15,VGIP11.SA,VGIP11,79.12000274658203
2026-07-08,2026-06-16,VGIP11.SA,VGIP11,79.3499984741211
2026-07-08,2026-06-17,VGIP11.SA,VGIP11,79.05999755859375
2026-07-08,2026-06-18,VGIP11.SA,VGIP11,79.05000305175781
2026-07-08,2026-06-19,VGIP11.SA,VGIP11,77.52999877929688
2026-07-08,2026-06-22,VGIP11.SA,VGIP11,79.5
2026-07-08,2026-06-23,VGIP11.SA,VGIP11,79.0
2026-07-08,2026-06-24,VGIP11.SA,VGIP11,79.0
2026-07-08,2026-06-25,VGIP11.SA,VGIP11,79.43000030517578
2026-07-08,2026-06-26,VGIP11.SA,VGIP11,79.9000015258789
2026-07-08,2026-06-29,VGIP11.SA,VGIP11,80.27999877929688
2026-07-08,2026-06-30,VGIP11.SA,VGIP11,81.19000244140625
2026-07-08,2026-07-01,VGIP11.SA,VGIP11,80.63999938964844
2026-07-08,2026-07-02,VGIP11.SA,VGIP11,80.97000122070312
2026-07-08,2026-07-03,VGIP11.SA,VGIP11,81.5199966430664
2026-07-08,2026-07-06,VGIP11.SA,VGIP11,80.9000015258789
2026-07-08,2026-07-07,VGIP11.SA,VGIP11,80.33999633789062
2026-07-08,2026-06-08,VGII11.SA,VGII11,72.66999816894531
2026-07-08,2026-06-09,VGII11.SA,VGII11,72.66999816894531
2026-07-08,2026-06-10,VGII11.SA,VGII11,72.66999816894531
2026-07-08,2026-06-11,VGII11.SA,VGII11,72.66999816894531
2026-07-08,2026-06-12,VGII11.SA,VGII11,72.66999816894531
2026-07-08,2026-06-15,VGII11.SA,VGII11,72.66999816894531
2026-07-08,2026-06-16,VGII11.SA,VGII11,72.66999816894531
2026-07-08,2026-06-17,VGII11.SA,VGII11,72.66999816894531
2026-07-08,2026-06-18,VGII11.SA,VGII11,72.66999816894531
2026-07-08,2026-06-19,VGII11.SA,VGII11,72.66999816894531
2026-07-08,2026-06-22,VGII11.SA,VGII11,72.66999816894531
2026-07-08,2026-06-23,VGII11.SA,VGII11,72.66999816894531
2026-07-08,2026-06-24,VGII11.SA,VGII11,72.66999816894531
2026-07-08,2026-06-25,VGII11.SA,VGII11,72.66999816894531
2026-07-08,2026-06-26,VGII11.SA,VGII11,72.66999816894531
2026-07-08,2026-06-29,VGII11.SA,VGII11,72.66999816894531
2026-07-08,2026-06-30,VGII11.SA,VGII11,72.66999816894531
2026-07-08,2026-07-01,VGII11.SA,VGII11,72.66999816894531
2026-07-08,2026-07-02,VGII11.SA,VGII11,72.66999816894531
2026-07-08,2026-07-03,VGII11.SA,VGII11,72.66999816894531
2026-07-08,2026-07-06,VGII11.SA,VGII11,72.66999816894531
2026-07-08,2026-07-07,VGII11.SA,VGII11,72.66999816894531
2026-07-08,2026-06-08,VGHF11.SA,VGHF11,5.889999866485596
2026-07-08,2026-06-09,VGHF11.SA,VGHF11,6.0
2026-07-08,2026-06-10,VGHF11.SA,VGHF11,5.900000095367432
2026-07-08,2026-06-11,VGHF11.SA,VGHF11,5.929999828338623
2026-07-08,2026-06-12,VGHF11.SA,VGHF11,5.96999979019165
2026-07-08,2026-06-15,VGHF11.SA,VGHF11,5.96999979019165
2026-07-08,2026-06-16,VGHF11.SA,VGHF11,5.96999979019165
2026-07-08,2026-06-17,VGHF11.SA,VGHF11,5.900000095367432
2026-07-08,2026-06-18,VGHF11.SA,VGHF11,5.949999809265137
2026-07-08,2026-06-19,VGHF11.SA,VGHF11,5.960000038146973
2026-07-08,2026-06-22,VGHF11.SA,VGHF11,5.980000019073486
2026-07-08,2026-06-23,VGHF11.SA,VGHF11,5.989999771118164
2026-07-08,2026-06-24,VGHF11.SA,VGHF11,6.0
2026-07-08,2026-06-25,VGHF11.SA,VGHF11,5.989999771118164
2026-07-08,2026-06-26,VGHF11.SA,VGHF11,6.010000228881836
2026-07-08,2026-06-29,VGHF11.SA,VGHF11,6.039999961853027
2026-07-08,2026-06-30,VGHF11.SA,VGHF11,6.03000020980835
2026-07-08,2026-07-01,VGHF11.SA,VGHF11,5.980000019073486
2026-07-08,2026-07-02,VGHF11.SA,VGHF11,5.949999809265137
2026-07-08,2026-07-03,VGHF11.SA,VGHF11,5.980000019073486
2026-07-08,2026-07-06,VGHF11.SA,VGHF11,5.900000095367432
2026-07-08,2026-07-07,VGHF11.SA,VGHF11,5.909999847412109
2026-07-08,2026-06-08,VGRI11.SA,VGRI11,5.5
2026-07-08,2026-06-09,VGRI11.SA,VGRI11,5.400000095367432
2026-07-08,2026-06-10,VGRI11.SA,VGRI11,5.25
2026-07-08,2026-06-11,VGRI11.SA,VGRI11,5.25
2026-07-08,2026-06-12,VGRI11.SA,VGRI11,5.420000076293945
2026-07-08,2026-06-15,VGRI11.SA,VGRI11,5.5
2026-07-08,2026-06-16,VGRI11.SA,VGRI11,5.480000019073486
2026-07-08,2026-06-17,VGRI11.SA,VGRI11,5.5
2026-07-08,2026-06-18,VGRI11.SA,VGRI11,5.539999961853027
2026-07-08,2026-06-19,VGRI11.SA,VGRI11,5.389999866485596
2026-07-08,2026-06-22,VGRI11.SA,VGRI11,5.420000076293945
2026-07-08,2026-06-23,VGRI11.SA,VGRI11,5.429999828338623
2026-07-08,2026-06-24,VGRI11.SA,VGRI11,5.460000038146973
2026-07-08,2026-06-25,VGRI11.SA,VGRI11,5.519999980926514
2026-07-08,2026-06-26,VGRI11.SA,VGRI11,5.53000020980835
2026-07-08,2026-06-29,VGRI11.SA,VGRI11,5.519999980926514
2026-07-08,2026-06-30,VGRI11.SA,VGRI11,5.519999980926514
2026-07-08,2026-07-01,VGRI11.SA,VGRI11,5.480000019073486
2026-07-08,2026-07-02,VGRI11.SA,VGRI11,5.460000038146973
2026-07-08,2026-07-03,VGRI11.SA,VGRI11,5.46999979019165
2026-07-08,2026-07-06,VGRI11.SA,VGRI11,5.480000019073486
2026-07-08,2026-07-07,VGRI11.SA,VGRI11,5.480000019073486
2026-07-08,2026-06-08,BLMO11.SA,BLMO11,86.70999908447266
2026-07-08,2026-06-09,BLMO11.SA,BLMO11,87.44999694824219
2026-07-08,2026-06-10,BLMO11.SA,BLMO11,86.38999938964844
2026-07-08,2026-06-11,BLMO11.SA,BLMO11,86.38999938964844
2026-07-08,2026-06-12,BLMO11.SA,BLMO11,86.94000244140625
2026-07-08,2026-06-15,BLMO11.SA,BLMO11,88.79000091552734
2026-07-08,2026-06-16,BLMO11.SA,BLMO11,88.77999877929688
2026-07-08,2026-06-17,BLMO11.SA,BLMO11,88.77999877929688
2026-07-08,2026-06-18,BLMO11.SA,BLMO11,88.77999877929688
2026-07-08,2026-06-19,BLMO11.SA,BLMO11,88.77999877929688
2026-07-08,2026-06-22,BLMO11.SA,BLMO11,88.77999877929688
2026-07-08,2026-06-23,BLMO11.SA,BLMO11,88.77999877929688
2026-07-08,2026-06-24,BLMO11.SA,BLMO11,88.77999877929688
2026-07-08,2026-06-25,BLMO11.SA,BLMO11,88.77999877929688
2026-07-08,2026-06-26,BLMO11.SA,BLMO11,88.5999984741211
2026-07-08,2026-06-29,BLMO11.SA,BLMO11,88.77999877929688
2026-07-08,2026-06-30,BLMO11.SA,BLMO11,88.77999877929688
2026-07-08,2026-07-01,BLMO11.SA,BLMO11,88.80000305175781
2026-07-08,2026-07-02,BLMO11.SA,BLMO11,88.87000274658203
2026-07-08,2026-07-03,BLMO11.SA,BLMO11,88.87000274658203
2026-07-08,2026-07-06,BLMO11.SA,BLMO11,88.87000274658203
2026-07-08,2026-07-07,BLMO11.SA,BLMO11,88.87000274658203
2026-07-08,2026-06-08,VCJR11.SA,VCJR11,76.0
2026-07-08,2026-06-09,VCJR11.SA,VCJR11,76.5999984741211
2026-07-08,2026-06-10,VCJR11.SA,VCJR11,75.66999816894531
2026-07-08,2026-06-11,VCJR11.SA,VCJR11,75.7699966430664
2026-07-08,2026-06-12,VCJR11.SA,VCJR11,77.45999908447266
2026-07-08,2026-06-15,VCJR11.SA,VCJR11,77.62000274658203
2026-07-08,2026-06-16,VCJR11.SA,VCJR11,77.94999694824219
2026-07-08,2026-06-17,VCJR11.SA,VCJR11,77.27999877929688
2026-07-08,2026-06-18,VCJR11.SA,VCJR11,76.06999969482422
2026-07-08,2026-06-19,VCJR11.SA,VCJR11,74.62999725341797
2026-07-08,2026-06-22,VCJR11.SA,VCJR11,74.80999755859375
2026-07-08,2026-06-23,VCJR11.SA,VCJR11,74.72000122070312
2026-07-08,2026-06-24,VCJR11.SA,VCJR11,74.87999725341797
2026-07-08,2026-06-25,VCJR11.SA,VCJR11,75.16999816894531
2026-07-08,2026-06-26,VCJR11.SA,VCJR11,75.48999786376953
2026-07-08,2026-06-29,VCJR11.SA,VCJR11,75.87000274658203
2026-07-08,2026-06-30,VCJR11.SA,VCJR11,76.25
2026-07-08,2026-07-01,VCJR11.SA,VCJR11,74.37999725341797
2026-07-08,2026-07-02,VCJR11.SA,VCJR11,74.73999786376953
2026-07-08,2026-07-03,VCJR11.SA,VCJR11,74.94999694824219
2026-07-08,2026-07-06,VCJR11.SA,VCJR11,74.05000305175781
2026-07-08,2026-07-07,VCJR11.SA,VCJR11,74.1500015258789
2026-07-08,2026-06-08,VSLH11.SA,VSLH11,1.6699999570846558
2026-07-08,2026-06-09,VSLH11.SA,VSLH11,1.6799999475479126
2026-07-08,2026-06-10,VSLH11.SA,VSLH11,1.6699999570846558
2026-07-08,2026-06-11,VSLH11.SA,VSLH11,1.6699999570846558
2026-07-08,2026-06-12,VSLH11.SA,VSLH11,1.6699999570846558
2026-07-08,2026-06-15,VSLH11.SA,VSLH11,1.6699999570846558
2026-07-08,2026-06-16,VSLH11.SA,VSLH11,1.6699999570846558
2026-07-08,2026-06-17,VSLH11.SA,VSLH11,1.6799999475479126
2026-07-08,2026-06-18,VSLH11.SA,VSLH11,1.6799999475479126
2026-07-08,2026-06-19,VSLH11.SA,VSLH11,1.6799999475479126
2026-07-08,2026-06-22,VSLH11.SA,VSLH11,1.6699999570846558
2026-07-08,2026-06-23,VSLH11.SA,VSLH11,1.6799999475479126
2026-07-08,2026-06-24,VSLH11.SA,VSLH11,1.7000000476837158
2026-07-08,2026-06-25,VSLH11.SA,VSLH11,1.7699999809265137
2026-07-08,2026-06-26,VSLH11.SA,VSLH11,1.840000033378601
2026-07-08,2026-06-29,VSLH11.SA,VSLH11,1.7699999809265137
2026-07-08,2026-06-30,VSLH11.SA,VSLH11,1.7699999809265137
2026-07-08,2026-07-01,VSLH11.SA,VSLH11,1.7899999618530273
2026-07-08,2026-07-02,VSLH11.SA,VSLH11,1.7899999618530273
2026-07-08,2026-07-03,VSLH11.SA,VSLH11,1.7899999618530273
2026-07-08,2026-07-06,VSLH11.SA,VSLH11,1.7899999618530273
2026-07-08,2026-07-07,VSLH11.SA,VSLH11,1.8200000524520874
2026-07-08,2026-06-08,FVPQ11.SA,FVPQ11,61.2599983215332
2026-07-08,2026-06-09,FVPQ11.SA,FVPQ11,63.84000015258789
2026-07-08,2026-06-10,FVPQ11.SA,FVPQ11,63.15999984741211
2026-07-08,2026-06-11,FVPQ11.SA,FVPQ11,63.40999984741211
2026-07-08,2026-06-12,FVPQ11.SA,FVPQ11,63.33000183105469
2026-07-08,2026-06-15,FVPQ11.SA,FVPQ11,60.310001373291016
2026-07-08,2026-06-16,FVPQ11.SA,FVPQ11,61.689998626708984
2026-07-08,2026-06-17,FVPQ11.SA,FVPQ11,60.5
2026-07-08,2026-06-18,FVPQ11.SA,FVPQ11,59.709999084472656
2026-07-08,2026-06-19,FVPQ11.SA,FVPQ11,59.5
2026-07-08,2026-06-22,FVPQ11.SA,FVPQ11,58.650001525878906
2026-07-08,2026-06-23,FVPQ11.SA,FVPQ11,58.0099983215332
2026-07-08,2026-06-24,FVPQ11.SA,FVPQ11,59.0
2026-07-08,2026-06-25,FVPQ11.SA,FVPQ11,57.900001525878906
2026-07-08,2026-06-26,FVPQ11.SA,FVPQ11,57.97999954223633
2026-07-08,2026-06-29,FVPQ11.SA,FVPQ11,58.33000183105469
2026-07-08,2026-06-30,FVPQ11.SA,FVPQ11,58.29999923706055
2026-07-08,2026-07-01,FVPQ11.SA,FVPQ11,56.400001525878906
2026-07-08,2026-07-02,FVPQ11.SA,FVPQ11,56.900001525878906
2026-07-08,2026-07-03,FVPQ11.SA,FVPQ11,57.04999923706055
2026-07-08,2026-07-06,FVPQ11.SA,FVPQ11,56.97999954223633
2026-07-08,2026-07-07,FVPQ11.SA,FVPQ11,57.04999923706055
2026-07-08,2026-06-08,VCRI11.SA,VCRI11,7.349999904632568
2026-07-08,2026-06-09,VCRI11.SA,VCRI11,7.360000133514404
2026-07-08,2026-06-10,VCRI11.SA,VCRI11,7.300000190734863
2026-07-08,2026-06-11,VCRI11.SA,VCRI11,7.309999942779541
2026-07-08,2026-06-12,VCRI11.SA,VCRI11,7.300000190734863
2026-07-08,2026-06-15,VCRI11.SA,VCRI11,7.349999904632568
2026-07-08,2026-06-16,VCRI11.SA,VCRI11,7.320000171661377
2026-07-08,2026-06-17,VCRI11.SA,VCRI11,7.320000171661377
2026-07-08,2026-06-18,VCRI11.SA,VCRI11,7.260000228881836
2026-07-08,2026-06-19,VCRI11.SA,VCRI11,7.409999847412109
2026-07-08,2026-06-22,VCRI11.SA,VCRI11,7.28000020980835
2026-07-08,2026-06-23,VCRI11.SA,VCRI11,7.380000114440918
2026-07-08,2026-06-24,VCRI11.SA,VCRI11,7.28000020980835
2026-07-08,2026-06-25,VCRI11.SA,VCRI11,7.25
2026-07-08,2026-06-26,VCRI11.SA,VCRI11,7.239999771118164
2026-07-08,2026-06-29,VCRI11.SA,VCRI11,7.269999980926514
2026-07-08,2026-06-30,VCRI11.SA,VCRI11,7.289999961853027
2026-07-08,2026-07-01,VCRI11.SA,VCRI11,7.190000057220459
2026-07-08,2026-07-02,VCRI11.SA,VCRI11,7.210000038146973
2026-07-08,2026-07-03,VCRI11.SA,VCRI11,7.170000076293945
2026-07-08,2026-07-06,VCRI11.SA,VCRI11,7.170000076293945
2026-07-08,2026-07-07,VCRI11.SA,VCRI11,7.21999979019165
2026-07-08,2026-06-08,VIUR11.SA,VIUR11,2.440000057220459
2026-07-08,2026-06-09,VIUR11.SA,VIUR11,2.4100000858306885
2026-07-08,2026-06-10,VIUR11.SA,VIUR11,2.4200000762939453
2026-07-08,2026-06-11,VIUR11.SA,VIUR11,2.390000104904175
2026-07-08,2026-06-12,VIUR11.SA,VIUR11,2.390000104904175
2026-07-08,2026-06-15,VIUR11.SA,VIUR11,2.390000104904175
2026-07-08,2026-06-16,VIUR11.SA,VIUR11,2.4000000953674316
2026-07-08,2026-06-17,VIUR11.SA,VIUR11,2.369999885559082
2026-07-08,2026-06-18,VIUR11.SA,VIUR11,2.4000000953674316
2026-07-08,2026-06-19,VIUR11.SA,VIUR11,2.380000114440918
2026-07-08,2026-06-22,VIUR11.SA,VIUR11,2.380000114440918
2026-07-08,2026-06-23,VIUR11.SA,VIUR11,2.3499999046325684
2026-07-08,2026-06-24,VIUR11.SA,VIUR11,2.299999952316284
2026-07-08,2026-06-25,VIUR11.SA,VIUR11,2.4000000953674316
2026-07-08,2026-06-26,VIUR11.SA,VIUR11,2.3399999141693115
2026-07-08,2026-06-29,VIUR11.SA,VIUR11,2.3299999237060547
2026-07-08,2026-06-30,VIUR11.SA,VIUR11,2.3299999237060547
2026-07-08,2026-07-01,VIUR11.SA,VIUR11,2.299999952316284
2026-07-08,2026-07-02,VIUR11.SA,VIUR11,2.309999942779541
2026-07-08,2026-07-03,VIUR11.SA,VIUR11,2.2699999809265137
2026-07-08,2026-07-06,VIUR11.SA,VIUR11,2.2699999809265137
2026-07-08,2026-07-07,VIUR11.SA,VIUR11,2.2699999809265137
2026-07-08,2026-06-08,VILG11.SA,VILG11,93.0999984741211
2026-07-08,2026-06-09,VILG11.SA,VILG11,93.51000213623047
2026-07-08,2026-06-10,VILG11.SA,VILG11,92.72000122070312
2026-07-08,2026-06-11,VILG11.SA,VILG11,94.7699966430664
2026-07-08,2026-06-12,VILG11.SA,VILG11,94.98999786376953
2026-07-08,2026-06-15,VILG11.SA,VILG11,96.18000030517578
2026-07-08,2026-06-16,VILG11.SA,VILG11,96.61000061035156
2026-07-08,2026-06-17,VILG11.SA,VILG11,96.95999908447266
2026-07-08,2026-06-18,VILG11.SA,VILG11,95.45999908447266
2026-07-08,2026-06-19,VILG11.SA,VILG11,96.69000244140625
2026-07-08,2026-06-22,VILG11.SA,VILG11,94.30999755859375
2026-07-08,2026-06-23,VILG11.SA,VILG11,93.5
2026-07-08,2026-06-24,VILG11.SA,VILG11,92.73999786376953
2026-07-08,2026-06-25,VILG11.SA,VILG11,90.80000305175781
2026-07-08,2026-06-26,VILG11.SA,VILG11,91.87999725341797
2026-07-08,2026-06-29,VILG11.SA,VILG11,93.36000061035156
2026-07-08,2026-06-30,VILG11.SA,VILG11,93.73999786376953
2026-07-08,2026-07-01,VILG11.SA,VILG11,92.79000091552734
2026-07-08,2026-07-02,VILG11.SA,VILG11,93.6500015258789
2026-07-08,2026-07-03,VILG11.SA,VILG11,94.20999908447266
2026-07-08,2026-07-06,VILG11.SA,VILG11,92.93000030517578
2026-07-08,2026-07-07,VILG11.SA,VILG11,93.36000061035156
2026-07-08,2026-06-08,VINO11.SA,VINO11,4.630000114440918
2026-07-08,2026-06-09,VINO11.SA,VINO11,4.579999923706055
2026-07-08,2026-06-10,VINO11.SA,VINO11,4.590000152587891
2026-07-08,2026-06-11,VINO11.SA,VINO11,4.690000057220459
2026-07-08,2026-06-12,VINO11.SA,VINO11,4.739999771118164
2026-07-08,2026-06-15,VINO11.SA,VINO11,4.789999961853027
2026-07-08,2026-06-16,VINO11.SA,VINO11,4.78000020980835
2026-07-08,2026-06-17,VINO11.SA,VINO11,4.710000038146973
2026-07-08,2026-06-18,VINO11.SA,VINO11,4.760000228881836
2026-07-08,2026-06-19,VINO11.SA,VINO11,4.769999980926514
2026-07-08,2026-06-22,VINO11.SA,VINO11,4.769999980926514
2026-07-08,2026-06-23,VINO11.SA,VINO11,4.71999979019165
2026-07-08,2026-06-24,VINO11.SA,VINO11,4.730000019073486
2026-07-08,2026-06-25,VINO11.SA,VINO11,4.71999979019165
2026-07-08,2026-06-26,VINO11.SA,VINO11,4.789999961853027
2026-07-08,2026-06-29,VINO11.SA,VINO11,4.75
2026-07-08,2026-06-30,VINO11.SA,VINO11,4.75
2026-07-08,2026-07-01,VINO11.SA,VINO11,4.679999828338623
2026-07-08,2026-07-02,VINO11.SA,VINO11,4.679999828338623
2026-07-08,2026-07-03,VINO11.SA,VINO11,4.659999847412109
2026-07-08,2026-07-06,VINO11.SA,VINO11,4.590000152587891
2026-07-08,2026-07-07,VINO11.SA,VINO11,4.659999847412109
2026-07-08,2026-06-08,VISC11.SA,VISC11,102.0
2026-07-08,2026-06-09,VISC11.SA,VISC11,101.38999938964844
2026-07-08,2026-06-10,VISC11.SA,VISC11,100.8499984741211
2026-07-08,2026-06-11,VISC11.SA,VISC11,102.44999694824219
2026-07-08,2026-06-12,VISC11.SA,VISC11,103.48999786376953
2026-07-08,2026-06-15,VISC11.SA,VISC11,104.98999786376953
2026-07-08,2026-06-16,VISC11.SA,VISC11,104.98999786376953
2026-07-08,2026-06-17,VISC11.SA,VISC11,104.55000305175781
2026-07-08,2026-06-18,VISC11.SA,VISC11,103.5
2026-07-08,2026-06-19,VISC11.SA,VISC11,104.7300033569336
2026-07-08,2026-06-22,VISC11.SA,VISC11,103.69999694824219
2026-07-08,2026-06-23,VISC11.SA,VISC11,103.86000061035156
2026-07-08,2026-06-24,VISC11.SA,VISC11,103.1500015258789
2026-07-08,2026-06-25,VISC11.SA,VISC11,104.08999633789062
2026-07-08,2026-06-26,VISC11.SA,VISC11,104.98999786376953
2026-07-08,2026-06-29,VISC11.SA,VISC11,105.11000061035156
2026-07-08,2026-06-30,VISC11.SA,VISC11,105.62000274658203
2026-07-08,2026-07-01,VISC11.SA,VISC11,104.08000183105469
2026-07-08,2026-07-02,VISC11.SA,VISC11,104.75
2026-07-08,2026-07-03,VISC11.SA,VISC11,105.0
2026-07-08,2026-07-06,VISC11.SA,VISC11,105.0
2026-07-08,2026-07-07,VISC11.SA,VISC11,105.0199966430664
2026-07-08,2026-06-08,SPDE11.SA,SPDE11,1266.6700439453125
2026-07-08,2026-06-09,SPDE11.SA,SPDE11,1266.6700439453125
2026-07-08,2026-06-10,SPDE11.SA,SPDE11,1266.6700439453125
2026-07-08,2026-06-11,SPDE11.SA,SPDE11,1266.6700439453125
2026-07-08,2026-06-12,SPDE11.SA,SPDE11,1266.6700439453125
2026-07-08,2026-06-15,SPDE11.SA,SPDE11,1266.6700439453125
2026-07-08,2026-06-16,SPDE11.SA,SPDE11,1266.6700439453125
2026-07-08,2026-06-17,SPDE11.SA,SPDE11,1266.6700439453125
2026-07-08,2026-06-18,SPDE11.SA,SPDE11,1266.6700439453125
2026-07-08,2026-06-19,SPDE11.SA,SPDE11,1266.6700439453125
2026-07-08,2026-06-22,SPDE11.SA,SPDE11,1266.6700439453125
2026-07-08,2026-06-23,SPDE11.SA,SPDE11,1266.6700439453125
2026-07-08,2026-06-24,SPDE11.SA,SPDE11,1266.6700439453125
2026-07-08,2026-06-25,SPDE11.SA,SPDE11,1266.6700439453125
2026-07-08,2026-06-26,SPDE11.SA,SPDE11,1266.6700439453125
2026-07-08,2026-06-29,SPDE11.SA,SPDE11,1266.6700439453125
2026-07-08,2026-06-30,SPDE11.SA,SPDE11,1266.6700439453125
2026-07-08,2026-07-01,SPDE11.SA,SPDE11,1266.6700439453125
2026-07-08,2026-07-02,SPDE11.SA,SPDE11,1266.6700439453125
2026-07-08,2026-07-03,SPDE11.SA,SPDE11,1266.6700439453125
2026-07-08,2026-07-06,SPDE11.SA,SPDE11,1266.6700439453125
2026-07-08,2026-07-07,SPDE11.SA,SPDE11,1266.6700439453125
2026-07-08,2026-06-08,WHGR11.SA,WHGR11,9.199999809265137
2026-07-08,2026-06-09,WHGR11.SA,WHGR11,9.229999542236328
2026-07-08,2026-06-10,WHGR11.SA,WHGR11,9.229999542236328
2026-07-08,2026-06-11,WHGR11.SA,WHGR11,9.279999732971191
2026-07-08,2026-06-12,WHGR11.SA,WHGR11,9.300000190734863
2026-07-08,2026-06-15,WHGR11.SA,WHGR11,9.359999656677246
2026-07-08,2026-06-16,WHGR11.SA,WHGR11,9.319999694824219
2026-07-08,2026-06-17,WHGR11.SA,WHGR11,9.25
2026-07-08,2026-06-18,WHGR11.SA,WHGR11,9.239999771118164
2026-07-08,2026-06-19,WHGR11.SA,WHGR11,9.220000267028809
2026-07-08,2026-06-22,WHGR11.SA,WHGR11,9.270000457763672
2026-07-08,2026-06-23,WHGR11.SA,WHGR11,9.329999923706055
2026-07-08,2026-06-24,WHGR11.SA,WHGR11,9.319999694824219
2026-07-08,2026-06-25,WHGR11.SA,WHGR11,9.260000228881836
2026-07-08,2026-06-26,WHGR11.SA,WHGR11,9.270000457763672
2026-07-08,2026-06-29,WHGR11.SA,WHGR11,9.149999618530273
2026-07-08,2026-06-30,WHGR11.SA,WHGR11,9.109999656677246
2026-07-08,2026-07-01,WHGR11.SA,WHGR11,9.050000190734863
2026-07-08,2026-07-02,WHGR11.SA,WHGR11,9.039999961853027
2026-07-08,2026-07-03,WHGR11.SA,WHGR11,9.029999732971191
2026-07-08,2026-07-06,WHGR11.SA,WHGR11,9.09000015258789
2026-07-08,2026-07-07,WHGR11.SA,WHGR11,9.069999694824219
2026-07-08,2026-06-08,XLPR11.SA,XLPR11,69.0
2026-07-08,2026-06-09,XLPR11.SA,XLPR11,70.01000213623047
2026-07-08,2026-06-10,XLPR11.SA,XLPR11,74.5
2026-07-08,2026-06-11,XLPR11.SA,XLPR11,69.41000366210938
2026-07-08,2026-06-12,XLPR11.SA,XLPR11,72.9800033569336
2026-07-08,2026-06-15,XLPR11.SA,XLPR11,70.01000213623047
2026-07-08,2026-06-16,XLPR11.SA,XLPR11,74.04000091552734
2026-07-08,2026-06-17,XLPR11.SA,XLPR11,71.0
2026-07-08,2026-06-18,XLPR11.SA,XLPR11,70.4000015258789
2026-07-08,2026-06-19,XLPR11.SA,XLPR11,70.44999694824219
2026-07-08,2026-06-22,XLPR11.SA,XLPR11,70.76000213623047
2026-07-08,2026-06-23,XLPR11.SA,XLPR11,71.0
2026-07-08,2026-06-24,XLPR11.SA,XLPR11,69.5999984741211
2026-07-08,2026-06-25,XLPR11.SA,XLPR11,70.0
2026-07-08,2026-06-26,XLPR11.SA,XLPR11,70.06999969482422
2026-07-08,2026-06-29,XLPR11.SA,XLPR11,68.62000274658203
2026-07-08,2026-06-30,XLPR11.SA,XLPR11,70.94999694824219
2026-07-08,2026-07-01,XLPR11.SA,XLPR11,72.0
2026-07-08,2026-07-02,XLPR11.SA,XLPR11,72.0
2026-07-08,2026-07-03,XLPR11.SA,XLPR11,71.5
2026-07-08,2026-07-06,XLPR11.SA,XLPR11,71.0
2026-07-08,2026-07-07,XLPR11.SA,XLPR11,71.0
2026-07-08,2026-06-08,XPCM11.SA,XPCM11,8.281264305114746
2026-07-08,2026-06-09,XPCM11.SA,XPCM11,8.222042083740234
2026-07-08,2026-06-10,XPCM11.SA,XPCM11,8.162819862365723
2026-07-08,2026-06-11,XPCM11.SA,XPCM11,8.113468170166016
2026-07-08,2026-06-12,XPCM11.SA,XPCM11,8.103596687316895
2026-07-08,2026-06-15,XPCM11.SA,XPCM11,8.093727111816406
2026-07-08,2026-06-16,XPCM11.SA,XPCM11,8.113468170166016
2026-07-08,2026-06-17,XPCM11.SA,XPCM11,8.220000267028809
2026-07-08,2026-06-18,XPCM11.SA,XPCM11,8.180000305175781
2026-07-08,2026-06-19,XPCM11.SA,XPCM11,8.300000190734863
2026-07-08,2026-06-22,XPCM11.SA,XPCM11,8.229999542236328
2026-07-08,2026-06-23,XPCM11.SA,XPCM11,8.199999809265137
2026-07-08,2026-06-24,XPCM11.SA,XPCM11,8.140000343322754
2026-07-08,2026-06-25,XPCM11.SA,XPCM11,8.029999732971191
2026-07-08,2026-06-26,XPCM11.SA,XPCM11,8.0
2026-07-08,2026-06-29,XPCM11.SA,XPCM11,8.039999961853027
2026-07-08,2026-06-30,XPCM11.SA,XPCM11,8.020000457763672
2026-07-08,2026-07-01,XPCM11.SA,XPCM11,8.069999694824219
2026-07-08,2026-07-02,XPCM11.SA,XPCM11,8.010000228881836
2026-07-08,2026-07-03,XPCM11.SA,XPCM11,8.010000228881836
2026-07-08,2026-07-06,XPCM11.SA,XPCM11,8.079999923706055
2026-07-08,2026-07-07,XPCM11.SA,XPCM11,8.109999656677246
2026-07-08,2026-06-08,XPCI11.SA,XPCI11,83.37999725341797
2026-07-08,2026-06-09,XPCI11.SA,XPCI11,83.62000274658203
2026-07-08,2026-06-10,XPCI11.SA,XPCI11,82.3499984741211
2026-07-08,2026-06-11,XPCI11.SA,XPCI11,83.37999725341797
2026-07-08,2026-06-12,XPCI11.SA,XPCI11,83.41999816894531
2026-07-08,2026-06-15,XPCI11.SA,XPCI11,83.76000213623047
2026-07-08,2026-06-16,XPCI11.SA,XPCI11,83.73999786376953
2026-07-08,2026-06-17,XPCI11.SA,XPCI11,83.5999984741211
2026-07-08,2026-06-18,XPCI11.SA,XPCI11,82.97000122070312
2026-07-08,2026-06-19,XPCI11.SA,XPCI11,83.6500015258789
2026-07-08,2026-06-22,XPCI11.SA,XPCI11,83.6500015258789
2026-07-08,2026-06-23,XPCI11.SA,XPCI11,82.97000122070312
2026-07-08,2026-06-24,XPCI11.SA,XPCI11,83.0999984741211
2026-07-08,2026-06-25,XPCI11.SA,XPCI11,83.56999969482422
2026-07-08,2026-06-26,XPCI11.SA,XPCI11,85.0
2026-07-08,2026-06-29,XPCI11.SA,XPCI11,84.94999694824219
2026-07-08,2026-06-30,XPCI11.SA,XPCI11,84.81999969482422
2026-07-08,2026-07-01,XPCI11.SA,XPCI11,83.8499984741211
2026-07-08,2026-07-02,XPCI11.SA,XPCI11,83.94999694824219
2026-07-08,2026-07-03,XPCI11.SA,XPCI11,83.62000274658203
2026-07-08,2026-07-06,XPCI11.SA,XPCI11,82.81999969482422
2026-07-08,2026-07-07,XPCI11.SA,XPCI11,83.80000305175781
2026-07-08,2026-06-08,XPLG11.SA,XPLG11,93.55000305175781
2026-07-08,2026-06-09,XPLG11.SA,XPLG11,93.55000305175781
2026-07-08,2026-06-10,XPLG11.SA,XPLG11,91.4000015258789
2026-07-08,2026-06-11,XPLG11.SA,XPLG11,92.05999755859375
2026-07-08,2026-06-12,XPLG11.SA,XPLG11,92.19999694824219
2026-07-08,2026-06-15,XPLG11.SA,XPLG11,92.94999694824219
2026-07-08,2026-06-16,XPLG11.SA,XPLG11,92.5999984741211
2026-07-08,2026-06-17,XPLG11.SA,XPLG11,91.77999877929688
2026-07-08,2026-06-18,XPLG11.SA,XPLG11,91.5
2026-07-08,2026-06-19,XPLG11.SA,XPLG11,89.05000305175781
2026-07-08,2026-06-22,XPLG11.SA,XPLG11,90.19000244140625
2026-07-08,2026-06-23,XPLG11.SA,XPLG11,90.1500015258789
2026-07-08,2026-06-24,XPLG11.SA,XPLG11,90.22000122070312
2026-07-08,2026-06-25,XPLG11.SA,XPLG11,90.69000244140625
2026-07-08,2026-06-26,XPLG11.SA,XPLG11,91.94000244140625
2026-07-08,2026-06-29,XPLG11.SA,XPLG11,92.0
2026-07-08,2026-06-30,XPLG11.SA,XPLG11,93.79000091552734
2026-07-08,2026-07-01,XPLG11.SA,XPLG11,92.44000244140625
2026-07-08,2026-07-02,XPLG11.SA,XPLG11,92.43000030517578
2026-07-08,2026-07-03,XPLG11.SA,XPLG11,92.31999969482422
2026-07-08,2026-07-06,XPLG11.SA,XPLG11,92.31999969482422
2026-07-08,2026-07-07,XPLG11.SA,XPLG11,91.95999908447266
2026-07-08,2026-06-08,XPML11.SA,XPML11,105.69999694824219
2026-07-08,2026-06-09,XPML11.SA,XPML11,105.44000244140625
2026-07-08,2026-06-10,XPML11.SA,XPML11,104.1500015258789
2026-07-08,2026-06-11,XPML11.SA,XPML11,104.30000305175781
2026-07-08,2026-06-12,XPML11.SA,XPML11,104.48999786376953
2026-07-08,2026-06-15,XPML11.SA,XPML11,105.41000366210938
2026-07-08,2026-06-16,XPML11.SA,XPML11,105.06999969482422
2026-07-08,2026-06-17,XPML11.SA,XPML11,105.30999755859375
2026-07-08,2026-06-18,XPML11.SA,XPML11,105.29000091552734
2026-07-08,2026-06-19,XPML11.SA,XPML11,103.01000213623047
2026-07-08,2026-06-22,XPML11.SA,XPML11,103.98999786376953
2026-07-08,2026-06-23,XPML11.SA,XPML11,103.9800033569336
2026-07-08,2026-06-24,XPML11.SA,XPML11,103.01000213623047
2026-07-08,2026-06-25,XPML11.SA,XPML11,102.98999786376953
2026-07-08,2026-06-26,XPML11.SA,XPML11,103.97000122070312
2026-07-08,2026-06-29,XPML11.SA,XPML11,104.12999725341797
2026-07-08,2026-06-30,XPML11.SA,XPML11,104.47000122070312
2026-07-08,2026-07-01,XPML11.SA,XPML11,104.47000122070312
2026-07-08,2026-07-02,XPML11.SA,XPML11,105.38999938964844
2026-07-08,2026-07-03,XPML11.SA,XPML11,105.6500015258789
2026-07-08,2026-07-06,XPML11.SA,XPML11,104.80000305175781
2026-07-08,2026-07-07,XPML11.SA,XPML11,105.2300033569336
2026-07-08,2026-06-08,XPSF11.SA,XPSF11,6.230000019073486
2026-07-08,2026-06-09,XPSF11.SA,XPSF11,6.25
2026-07-08,2026-06-10,XPSF11.SA,XPSF11,6.159999847412109
2026-07-08,2026-06-11,XPSF11.SA,XPSF11,6.230000019073486
2026-07-08,2026-06-12,XPSF11.SA,XPSF11,6.25
2026-07-08,2026-06-15,XPSF11.SA,XPSF11,6.349999904632568
2026-07-08,2026-06-16,XPSF11.SA,XPSF11,6.309999942779541
2026-07-08,2026-06-17,XPSF11.SA,XPSF11,6.230000019073486
2026-07-08,2026-06-18,XPSF11.SA,XPSF11,6.210000038146973
2026-07-08,2026-06-19,XPSF11.SA,XPSF11,6.199999809265137
2026-07-08,2026-06-22,XPSF11.SA,XPSF11,6.210000038146973
2026-07-08,2026-06-23,XPSF11.SA,XPSF11,6.190000057220459
2026-07-08,2026-06-24,XPSF11.SA,XPSF11,6.170000076293945
2026-07-08,2026-06-25,XPSF11.SA,XPSF11,6.210000038146973
2026-07-08,2026-06-26,XPSF11.SA,XPSF11,6.260000228881836
2026-07-08,2026-06-29,XPSF11.SA,XPSF11,6.320000171661377
2026-07-08,2026-06-30,XPSF11.SA,XPSF11,6.369999885559082
2026-07-08,2026-07-01,XPSF11.SA,XPSF11,6.289999961853027
2026-07-08,2026-07-02,XPSF11.SA,XPSF11,6.289999961853027
2026-07-08,2026-07-03,XPSF11.SA,XPSF11,6.300000190734863
2026-07-08,2026-07-06,XPSF11.SA,XPSF11,6.320000171661377
2026-07-08,2026-07-07,XPSF11.SA,XPSF11,6.210000038146973
2026-07-08,2026-06-08,YUFI11.SA,YUFI11,15.0
2026-07-08,2026-06-09,YUFI11.SA,YUFI11,15.0
2026-07-08,2026-06-10,YUFI11.SA,YUFI11,15.0
2026-07-08,2026-06-11,YUFI11.SA,YUFI11,15.0
2026-07-08,2026-06-12,YUFI11.SA,YUFI11,15.0
2026-07-08,2026-06-15,YUFI11.SA,YUFI11,15.0
2026-07-08,2026-06-16,YUFI11.SA,YUFI11,15.0
2026-07-08,2026-06-17,YUFI11.SA,YUFI11,15.0
2026-07-08,2026-06-18,YUFI11.SA,YUFI11,15.0
2026-07-08,2026-06-19,YUFI11.SA,YUFI11,15.0
2026-07-08,2026-06-22,YUFI11.SA,YUFI11,15.0
2026-07-08,2026-06-23,YUFI11.SA,YUFI11,15.0
2026-07-08,2026-06-24,YUFI11.SA,YUFI11,15.0
2026-07-08,2026-06-25,YUFI11.SA,YUFI11,15.0
2026-07-08,2026-06-26,YUFI11.SA,YUFI11,15.0
2026-07-08,2026-06-29,YUFI11.SA,YUFI11,15.0
2026-07-08,2026-06-30,YUFI11.SA,YUFI11,15.0
2026-07-08,2026-07-01,YUFI11.SA,YUFI11,15.0
2026-07-08,2026-07-02,YUFI11.SA,YUFI11,15.0
2026-07-08,2026-07-03,YUFI11.SA,YUFI11,15.0
2026-07-08,2026-07-06,YUFI11.SA,YUFI11,15.0
2026-07-08,2026-07-07,YUFI11.SA,YUFI11,15.0
2026-07-08,2026-06-08,ZAGH11.SA,ZAGH11,9.380000114440918
2026-07-08,2026-06-09,ZAGH11.SA,ZAGH11,9.390000343322754
2026-07-08,2026-06-10,ZAGH11.SA,ZAGH11,9.390000343322754
2026-07-08,2026-06-11,ZAGH11.SA,ZAGH11,9.279999732971191
2026-07-08,2026-06-12,ZAGH11.SA,ZAGH11,9.359999656677246
2026-07-08,2026-06-15,ZAGH11.SA,ZAGH11,9.34000015258789
2026-07-08,2026-06-16,ZAGH11.SA,ZAGH11,9.34000015258789
2026-07-08,2026-06-17,ZAGH11.SA,ZAGH11,9.289999961853027
2026-07-08,2026-06-18,ZAGH11.SA,ZAGH11,9.270000457763672
2026-07-08,2026-06-19,ZAGH11.SA,ZAGH11,8.949999809265137
2026-07-08,2026-06-22,ZAGH11.SA,ZAGH11,9.220000267028809
2026-07-08,2026-06-23,ZAGH11.SA,ZAGH11,9.229999542236328
2026-07-08,2026-06-24,ZAGH11.SA,ZAGH11,9.279999732971191
2026-07-08,2026-06-25,ZAGH11.SA,ZAGH11,9.289999961853027
2026-07-08,2026-06-26,ZAGH11.SA,ZAGH11,9.170000076293945
2026-07-08,2026-06-29,ZAGH11.SA,ZAGH11,9.229999542236328
2026-07-08,2026-06-30,ZAGH11.SA,ZAGH11,8.960000038146973
2026-07-08,2026-07-01,ZAGH11.SA,ZAGH11,9.0
2026-07-08,2026-07-02,ZAGH11.SA,ZAGH11,9.229999542236328
2026-07-08,2026-07-03,ZAGH11.SA,ZAGH11,9.289999961853027
2026-07-08,2026-07-06,ZAGH11.SA,ZAGH11,9.300000190734863
2026-07-08,2026-07-07,ZAGH11.SA,ZAGH11,9.289999961853027
2026-07-08,2026-06-08,GGRC11.SA,GGRC11,9.920000076293945
2026-07-08,2026-06-09,GGRC11.SA,GGRC11,9.949999809265137
2026-07-08,2026-06-10,GGRC11.SA,GGRC11,9.920000076293945
2026-07-08,2026-06-11,GGRC11.SA,GGRC11,9.930000305175781
2026-07-08,2026-06-12,GGRC11.SA,GGRC11,9.970000267028809
2026-07-08,2026-06-15,GGRC11.SA,GGRC11,10.020000457763672
2026-07-08,2026-06-16,GGRC11.SA,GGRC11,9.970000267028809
2026-07-08,2026-06-17,GGRC11.SA,GGRC11,9.9399995803833
2026-07-08,2026-06-18,GGRC11.SA,GGRC11,9.949999809265137
2026-07-08,2026-06-19,GGRC11.SA,GGRC11,9.850000381469727
2026-07-08,2026-06-22,GGRC11.SA,GGRC11,9.869999885559082
2026-07-08,2026-06-23,GGRC11.SA,GGRC11,9.729999542236328
2026-07-08,2026-06-24,GGRC11.SA,GGRC11,9.739999771118164
2026-07-08,2026-06-25,GGRC11.SA,GGRC11,9.729999542236328
2026-07-08,2026-06-26,GGRC11.SA,GGRC11,9.789999961853027
2026-07-08,2026-06-29,GGRC11.SA,GGRC11,9.84000015258789
2026-07-08,2026-06-30,GGRC11.SA,GGRC11,9.890000343322754
2026-07-08,2026-07-01,GGRC11.SA,GGRC11,9.890000343322754
2026-07-08,2026-07-02,GGRC11.SA,GGRC11,9.699999809265137
2026-07-08,2026-07-03,GGRC11.SA,GGRC11,9.6899995803833
2026-07-08,2026-07-06,GGRC11.SA,GGRC11,9.680000305175781
2026-07-08,2026-07-07,GGRC11.SA,GGRC11,9.649999618530273
2026-07-08,2026-06-08,ZAVC11.SA,ZAVC11,9.239999771118164
2026-07-08,2026-06-09,ZAVC11.SA,ZAVC11,9.069999694824219
2026-07-08,2026-06-10,ZAVC11.SA,ZAVC11,9.010000228881836
2026-07-08,2026-06-11,ZAVC11.SA,ZAVC11,9.050000190734863
2026-07-08,2026-06-12,ZAVC11.SA,ZAVC11,9.229999542236328
2026-07-08,2026-06-15,ZAVC11.SA,ZAVC11,9.390000343322754
2026-07-08,2026-06-16,ZAVC11.SA,ZAVC11,9.050000190734863
2026-07-08,2026-06-17,ZAVC11.SA,ZAVC11,9.25
2026-07-08,2026-06-18,ZAVC11.SA,ZAVC11,9.100000381469727
2026-07-08,2026-06-19,ZAVC11.SA,ZAVC11,8.989999771118164
2026-07-08,2026-06-22,ZAVC11.SA,ZAVC11,9.4399995803833
2026-07-08,2026-06-23,ZAVC11.SA,ZAVC11,9.369999885559082
2026-07-08,2026-06-24,ZAVC11.SA,ZAVC11,9.239999771118164
2026-07-08,2026-06-25,ZAVC11.SA,ZAVC11,9.119999885559082
2026-07-08,2026-06-26,ZAVC11.SA,ZAVC11,9.130000114440918
2026-07-08,2026-06-29,ZAVC11.SA,ZAVC11,9.069999694824219
2026-07-08,2026-06-30,ZAVC11.SA,ZAVC11,9.039999961853027
2026-07-08,2026-07-01,ZAVC11.SA,ZAVC11,9.180000305175781
2026-07-08,2026-07-02,ZAVC11.SA,ZAVC11,9.199999809265137
2026-07-08,2026-07-03,ZAVC11.SA,ZAVC11,9.079999923706055
2026-07-08,2026-07-06,ZAVC11.SA,ZAVC11,9.199999809265137
2026-07-08,2026-07-07,ZAVC11.SA,ZAVC11,9.199999809265137
2026-07-08,2026-06-08,ZAVI11.SA,ZAVI11,9.600000381469727
2026-07-08,2026-06-09,ZAVI11.SA,ZAVI11,9.550000190734863
2026-07-08,2026-06-10,ZAVI11.SA,ZAVI11,9.479999542236328
2026-07-08,2026-06-11,ZAVI11.SA,ZAVI11,9.529999732971191
2026-07-08,2026-06-12,ZAVI11.SA,ZAVI11,9.550000190734863
2026-07-08,2026-06-15,ZAVI11.SA,ZAVI11,9.630000114440918
2026-07-08,2026-06-16,ZAVI11.SA,ZAVI11,9.5
2026-07-08,2026-06-17,ZAVI11.SA,ZAVI11,9.5
2026-07-08,2026-06-18,ZAVI11.SA,ZAVI11,9.59000015258789
2026-07-08,2026-06-19,ZAVI11.SA,ZAVI11,9.579999923706055
2026-07-08,2026-06-22,ZAVI11.SA,ZAVI11,9.520000457763672
2026-07-08,2026-06-23,ZAVI11.SA,ZAVI11,9.550000190734863
2026-07-08,2026-06-24,ZAVI11.SA,ZAVI11,9.5
2026-07-08,2026-06-25,ZAVI11.SA,ZAVI11,9.539999961853027
2026-07-08,2026-06-26,ZAVI11.SA,ZAVI11,9.630000114440918
2026-07-08,2026-06-29,ZAVI11.SA,ZAVI11,9.649999618530273
2026-07-08,2026-06-30,ZAVI11.SA,ZAVI11,9.65999984741211
2026-07-08,2026-07-01,ZAVI11.SA,ZAVI11,9.5600004196167
2026-07-08,2026-07-02,ZAVI11.SA,ZAVI11,9.630000114440918
2026-07-08,2026-07-03,ZAVI11.SA,ZAVI11,9.510000228881836
2026-07-08,2026-07-06,ZAVI11.SA,ZAVI11,9.640000343322754
2026-07-08,2026-07-07,ZAVI11.SA,ZAVI11,9.630000114440918
2026-07-08,2026-06-08,ZIFI11.SA,ZIFI11,899.989990234375
2026-07-08,2026-06-09,ZIFI11.SA,ZIFI11,899.989990234375
2026-07-08,2026-06-10,ZIFI11.SA,ZIFI11,899.989990234375
2026-07-08,2026-06-11,ZIFI11.SA,ZIFI11,899.989990234375
2026-07-08,2026-06-12,ZIFI11.SA,ZIFI11,899.989990234375
2026-07-08,2026-06-15,ZIFI11.SA,ZIFI11,899.989990234375
2026-07-08,2026-06-16,ZIFI11.SA,ZIFI11,899.989990234375
2026-07-08,2026-06-17,ZIFI11.SA,ZIFI11,899.989990234375
2026-07-08,2026-06-18,ZIFI11.SA,ZIFI11,899.989990234375
2026-07-08,2026-06-19,ZIFI11.SA,ZIFI11,899.989990234375
2026-07-08,2026-06-22,ZIFI11.SA,ZIFI11,500.010009765625
2026-07-08,2026-06-23,ZIFI11.SA,ZIFI11,898.3800048828125
2026-07-08,2026-06-24,ZIFI11.SA,ZIFI11,899.0
2026-07-08,2026-06-25,ZIFI11.SA,ZIFI11,899.8499755859375
2026-07-08,2026-06-26,ZIFI11.SA,ZIFI11,899.8499755859375
2026-07-08,2026-06-29,ZIFI11.SA,ZIFI11,899.8499755859375
2026-07-08,2026-06-30,ZIFI11.SA,ZIFI11,899.8499755859375
2026-07-08,2026-07-01,ZIFI11.SA,ZIFI11,899.8499755859375
2026-07-08,2026-07-02,ZIFI11.SA,ZIFI11,899.8499755859375
2026-07-08,2026-07-03,ZIFI11.SA,ZIFI11,899.8499755859375
2026-07-08,2026-07-06,ZIFI11.SA,ZIFI11,899.8499755859375
2026-07-08,2026-07-07,ZIFI11.SA,ZIFI11,899.8499755859375
2026-07-08,2026-06-08,AAGR11.SA,AAGR11,119.79000091552734
2026-07-08,2026-06-09,AAGR11.SA,AAGR11,128.99000549316406
2026-07-08,2026-06-10,AAGR11.SA,AAGR11,120.0
2026-07-08,2026-06-11,AAGR11.SA,AAGR11,119.98999786376953
2026-07-08,2026-06-12,AAGR11.SA,AAGR11,120.01000213623047
2026-07-08,2026-06-15,AAGR11.SA,AAGR11,126.5
2026-07-08,2026-06-16,AAGR11.SA,AAGR11,120.0
2026-07-08,2026-06-17,AAGR11.SA,AAGR11,120.0199966430664
2026-07-08,2026-06-18,AAGR11.SA,AAGR11,118.0
2026-07-08,2026-06-19,AAGR11.SA,AAGR11,118.0
2026-07-08,2026-06-22,AAGR11.SA,AAGR11,129.99000549316406
2026-07-08,2026-06-23,AAGR11.SA,AAGR11,120.0
2026-07-08,2026-06-24,AAGR11.SA,AAGR11,120.0199966430664
2026-07-08,2026-06-25,AAGR11.SA,AAGR11,114.0
2026-07-08,2026-06-26,AAGR11.SA,AAGR11,114.0
2026-07-08,2026-06-29,AAGR11.SA,AAGR11,114.0
2026-07-08,2026-06-30,AAGR11.SA,AAGR11,117.0
2026-07-08,2026-07-01,AAGR11.SA,AAGR11,127.0
2026-07-08,2026-07-02,AAGR11.SA,AAGR11,127.0
2026-07-08,2026-07-03,AAGR11.SA,AAGR11,135.0
2026-07-08,2026-07-06,AAGR11.SA,AAGR11,140.0
2026-07-08,2026-07-07,AAGR11.SA,AAGR11,139.02999877929688
2026-07-08,2026-06-08,AAZQ11.SA,AAZQ11,7.380000114440918
2026-07-08,2026-06-09,AAZQ11.SA,AAZQ11,7.429999828338623
2026-07-08,2026-06-10,AAZQ11.SA,AAZQ11,7.440000057220459
2026-07-08,2026-06-11,AAZQ11.SA,AAZQ11,7.460000038146973
2026-07-08,2026-06-12,AAZQ11.SA,AAZQ11,7.599999904632568
2026-07-08,2026-06-15,AAZQ11.SA,AAZQ11,7.559999942779541
2026-07-08,2026-06-16,AAZQ11.SA,AAZQ11,7.460000038146973
2026-07-08,2026-06-17,AAZQ11.SA,AAZQ11,7.550000190734863
2026-07-08,2026-06-18,AAZQ11.SA,AAZQ11,7.449999809265137
2026-07-08,2026-06-19,AAZQ11.SA,AAZQ11,7.519999980926514
2026-07-08,2026-06-22,AAZQ11.SA,AAZQ11,7.449999809265137
2026-07-08,2026-06-23,AAZQ11.SA,AAZQ11,7.309999942779541
2026-07-08,2026-06-24,AAZQ11.SA,AAZQ11,7.210000038146973
2026-07-08,2026-06-25,AAZQ11.SA,AAZQ11,7.420000076293945
2026-07-08,2026-06-26,AAZQ11.SA,AAZQ11,7.369999885559082
2026-07-08,2026-06-29,AAZQ11.SA,AAZQ11,7.380000114440918
2026-07-08,2026-06-30,AAZQ11.SA,AAZQ11,7.25
2026-07-08,2026-07-01,AAZQ11.SA,AAZQ11,6.989999771118164
2026-07-08,2026-07-02,AAZQ11.SA,AAZQ11,6.900000095367432
2026-07-08,2026-07-03,AAZQ11.SA,AAZQ11,6.849999904632568
2026-07-08,2026-07-06,AAZQ11.SA,AAZQ11,6.570000171661377
2026-07-08,2026-07-07,AAZQ11.SA,AAZQ11,6.389999866485596
2026-07-08,2026-06-08,BBGO11.SA,BBGO11,68.91999816894531
2026-07-08,2026-06-09,BBGO11.SA,BBGO11,68.69000244140625
2026-07-08,2026-06-10,BBGO11.SA,BBGO11,67.66999816894531
2026-07-08,2026-06-11,BBGO11.SA,BBGO11,68.48999786376953
2026-07-08,2026-06-12,BBGO11.SA,BBGO11,67.01000213623047
2026-07-08,2026-06-15,BBGO11.SA,BBGO11,67.55000305175781
2026-07-08,2026-06-16,BBGO11.SA,BBGO11,67.48999786376953
2026-07-08,2026-06-17,BBGO11.SA,BBGO11,67.75
2026-07-08,2026-06-18,BBGO11.SA,BBGO11,66.87999725341797
2026-07-08,2026-06-19,BBGO11.SA,BBGO11,67.0999984741211
2026-07-08,2026-06-22,BBGO11.SA,BBGO11,67.63999938964844
2026-07-08,2026-06-23,BBGO11.SA,BBGO11,67.2300033569336
2026-07-08,2026-06-24,BBGO11.SA,BBGO11,67.41000366210938
2026-07-08,2026-06-25,BBGO11.SA,BBGO11,67.52999877929688
2026-07-08,2026-06-26,BBGO11.SA,BBGO11,68.36000061035156
2026-07-08,2026-06-29,BBGO11.SA,BBGO11,69.08999633789062
2026-07-08,2026-06-30,BBGO11.SA,BBGO11,69.05000305175781
2026-07-08,2026-07-01,BBGO11.SA,BBGO11,67.80999755859375
2026-07-08,2026-07-02,BBGO11.SA,BBGO11,67.41999816894531
2026-07-08,2026-07-03,BBGO11.SA,BBGO11,67.0
2026-07-08,2026-07-06,BBGO11.SA,BBGO11,67.81999969482422
2026-07-08,2026-07-07,BBGO11.SA,BBGO11,67.69999694824219
2026-07-08,2026-06-08,BRFT11.SA,BRFT11,87.79000091552734
2026-07-08,2026-06-09,BRFT11.SA,BRFT11,87.29000091552734
2026-07-08,2026-06-10,BRFT11.SA,BRFT11,85.0
2026-07-08,2026-06-11,BRFT11.SA,BRFT11,87.25
2026-07-08,2026-06-12,BRFT11.SA,BRFT11,87.19999694824219
2026-07-08,2026-06-15,BRFT11.SA,BRFT11,87.30000305175781
2026-07-08,2026-06-16,BRFT11.SA,BRFT11,87.94999694824219
2026-07-08,2026-06-17,BRFT11.SA,BRFT11,87.93000030517578
2026-07-08,2026-06-18,BRFT11.SA,BRFT11,86.19999694824219
2026-07-08,2026-06-19,BRFT11.SA,BRFT11,87.48999786376953
2026-07-08,2026-06-22,BRFT11.SA,BRFT11,86.0
2026-07-08,2026-06-23,BRFT11.SA,BRFT11,86.0
2026-07-08,2026-06-24,BRFT11.SA,BRFT11,86.29000091552734
2026-07-08,2026-06-25,BRFT11.SA,BRFT11,87.38999938964844
2026-07-08,2026-06-26,BRFT11.SA,BRFT11,87.0
2026-07-08,2026-06-29,BRFT11.SA,BRFT11,89.54000091552734
2026-07-08,2026-06-30,BRFT11.SA,BRFT11,88.0
2026-07-08,2026-07-01,BRFT11.SA,BRFT11,86.80000305175781
2026-07-08,2026-07-02,BRFT11.SA,BRFT11,88.94999694824219
2026-07-08,2026-07-03,BRFT11.SA,BRFT11,84.91999816894531
2026-07-08,2026-07-06,BRFT11.SA,BRFT11,85.4000015258789
2026-07-08,2026-07-07,BRFT11.SA,BRFT11,82.48999786376953
2026-07-08,2026-06-08,BTAL11.SA,BTAL11,86.7699966430664
2026-07-08,2026-06-09,BTAL11.SA,BTAL11,86.58000183105469
2026-07-08,2026-06-10,BTAL11.SA,BTAL11,86.25
2026-07-08,2026-06-11,BTAL11.SA,BTAL11,87.1500015258789
2026-07-08,2026-06-12,BTAL11.SA,BTAL11,88.06999969482422
2026-07-08,2026-06-15,BTAL11.SA,BTAL11,87.11000061035156
2026-07-08,2026-06-16,BTAL11.SA,BTAL11,88.11000061035156
2026-07-08,2026-06-17,BTAL11.SA,BTAL11,88.29000091552734
2026-07-08,2026-06-18,BTAL11.SA,BTAL11,88.98999786376953
2026-07-08,2026-06-19,BTAL11.SA,BTAL11,87.48999786376953
2026-07-08,2026-06-22,BTAL11.SA,BTAL11,85.80999755859375
2026-07-08,2026-06-23,BTAL11.SA,BTAL11,85.05999755859375
2026-07-08,2026-06-24,BTAL11.SA,BTAL11,83.0
2026-07-08,2026-06-25,BTAL11.SA,BTAL11,83.56999969482422
2026-07-08,2026-06-26,BTAL11.SA,BTAL11,86.37999725341797
2026-07-08,2026-06-29,BTAL11.SA,BTAL11,86.02999877929688
2026-07-08,2026-06-30,BTAL11.SA,BTAL11,85.0
2026-07-08,2026-07-01,BTAL11.SA,BTAL11,85.30000305175781
2026-07-08,2026-07-02,BTAL11.SA,BTAL11,86.73999786376953
2026-07-08,2026-07-03,BTAL11.SA,BTAL11,87.0
2026-07-08,2026-07-06,BTAL11.SA,BTAL11,85.94999694824219
2026-07-08,2026-07-07,BTAL11.SA,BTAL11,85.7699966430664
2026-07-08,2026-06-08,BTAG11.SA,BTAG11,112.41000366210938
2026-07-08,2026-06-09,BTAG11.SA,BTAG11,112.0
2026-07-08,2026-06-10,BTAG11.SA,BTAG11,111.8499984741211
2026-07-08,2026-06-11,BTAG11.SA,BTAG11,113.0
2026-07-08,2026-06-12,BTAG11.SA,BTAG11,112.0
2026-07-08,2026-06-15,BTAG11.SA,BTAG11,112.61000061035156
2026-07-08,2026-06-16,BTAG11.SA,BTAG11,113.58000183105469
2026-07-08,2026-06-17,BTAG11.SA,BTAG11,112.5
2026-07-08,2026-06-18,BTAG11.SA,BTAG11,114.29000091552734
2026-07-08,2026-06-19,BTAG11.SA,BTAG11,113.5999984741211
2026-07-08,2026-06-22,BTAG11.SA,BTAG11,113.0
2026-07-08,2026-06-23,BTAG11.SA,BTAG11,113.45999908447266
2026-07-08,2026-06-24,BTAG11.SA,BTAG11,114.4000015258789
2026-07-08,2026-06-25,BTAG11.SA,BTAG11,111.33999633789062
2026-07-08,2026-06-26,BTAG11.SA,BTAG11,111.58000183105469
2026-07-08,2026-06-29,BTAG11.SA,BTAG11,111.52999877929688
2026-07-08,2026-06-30,BTAG11.SA,BTAG11,110.95999908447266
2026-07-08,2026-07-01,BTAG11.SA,BTAG11,110.94999694824219
2026-07-08,2026-07-02,BTAG11.SA,BTAG11,110.83000183105469
2026-07-08,2026-07-03,BTAG11.SA,BTAG11,110.83000183105469
2026-07-08,2026-07-06,BTAG11.SA,BTAG11,112.3499984741211
2026-07-08,2026-07-07,BTAG11.SA,BTAG11,110.91000366210938
2026-07-08,2026-06-08,BTRA11.SA,BTRA11,60.400001525878906
2026-07-08,2026-06-09,BTRA11.SA,BTRA11,60.25
2026-07-08,2026-06-10,BTRA11.SA,BTRA11,58.849998474121094
2026-07-08,2026-06-11,BTRA11.SA,BTRA11,59.75
2026-07-08,2026-06-12,BTRA11.SA,BTRA11,59.58000183105469
2026-07-08,2026-06-15,BTRA11.SA,BTRA11,60.540000915527344
2026-07-08,2026-06-16,BTRA11.SA,BTRA11,60.5
2026-07-08,2026-06-17,BTRA11.SA,BTRA11,62.869998931884766
2026-07-08,2026-06-18,BTRA11.SA,BTRA11,62.72999954223633
2026-07-08,2026-06-19,BTRA11.SA,BTRA11,63.0
2026-07-08,2026-06-22,BTRA11.SA,BTRA11,67.51000213623047
2026-07-08,2026-06-23,BTRA11.SA,BTRA11,67.06999969482422
2026-07-08,2026-06-24,BTRA11.SA,BTRA11,66.80000305175781
2026-07-08,2026-06-25,BTRA11.SA,BTRA11,65.86000061035156
2026-07-08,2026-06-26,BTRA11.SA,BTRA11,63.880001068115234
2026-07-08,2026-06-29,BTRA11.SA,BTRA11,64.05000305175781
2026-07-08,2026-06-30,BTRA11.SA,BTRA11,64.4800033569336
2026-07-08,2026-07-01,BTRA11.SA,BTRA11,64.51000213623047
2026-07-08,2026-07-02,BTRA11.SA,BTRA11,64.94999694824219
2026-07-08,2026-07-03,BTRA11.SA,BTRA11,65.61000061035156
2026-07-08,2026-07-06,BTRA11.SA,BTRA11,64.0
2026-07-08,2026-07-07,BTRA11.SA,BTRA11,63.5
2026-07-08,2026-06-08,CTEM11.SA,CTEM11,7.480000019073486
2026-07-08,2026-06-09,CTEM11.SA,CTEM11,7.480000019073486
2026-07-08,2026-06-10,CTEM11.SA,CTEM11,7.480000019073486
2026-07-08,2026-06-11,CTEM11.SA,CTEM11,7.480000019073486
2026-07-08,2026-06-12,CTEM11.SA,CTEM11,7.480000019073486
2026-07-08,2026-06-15,CTEM11.SA,CTEM11,7.480000019073486
2026-07-08,2026-06-16,CTEM11.SA,CTEM11,7.480000019073486
2026-07-08,2026-06-17,CTEM11.SA,CTEM11,7.480000019073486
2026-07-08,2026-06-18,CTEM11.SA,CTEM11,7.480000019073486
2026-07-08,2026-06-19,CTEM11.SA,CTEM11,7.480000019073486
2026-07-08,2026-06-22,CTEM11.SA,CTEM11,7.480000019073486
2026-07-08,2026-06-23,CTEM11.SA,CTEM11,7.480000019073486
2026-07-08,2026-06-24,CTEM11.SA,CTEM11,7.480000019073486
2026-07-08,2026-06-25,CTEM11.SA,CTEM11,7.480000019073486
2026-07-08,2026-06-26,CTEM11.SA,CTEM11,7.480000019073486
2026-07-08,2026-06-29,CTEM11.SA,CTEM11,7.480000019073486
2026-07-08,2026-06-30,CTEM11.SA,CTEM11,7.480000019073486
2026-07-08,2026-07-01,CTEM11.SA,CTEM11,7.480000019073486
2026-07-08,2026-07-02,CTEM11.SA,CTEM11,7.480000019073486
2026-07-08,2026-07-03,CTEM11.SA,CTEM11,7.480000019073486
2026-07-08,2026-07-06,CTEM11.SA,CTEM11,7.480000019073486
2026-07-08,2026-07-07,CTEM11.SA,CTEM11,7.480000019073486
2026-07-08,2026-06-08,CPTR11.SA,CPTR11,8.079999923706055
2026-07-08,2026-06-09,CPTR11.SA,CPTR11,8.0600004196167
2026-07-08,2026-06-10,CPTR11.SA,CPTR11,8.039999961853027
2026-07-08,2026-06-11,CPTR11.SA,CPTR11,8.079999923706055
2026-07-08,2026-06-12,CPTR11.SA,CPTR11,7.909999847412109
2026-07-08,2026-06-15,CPTR11.SA,CPTR11,7.900000095367432
2026-07-08,2026-06-16,CPTR11.SA,CPTR11,7.889999866485596
2026-07-08,2026-06-17,CPTR11.SA,CPTR11,7.940000057220459
2026-07-08,2026-06-18,CPTR11.SA,CPTR11,7.849999904632568
2026-07-08,2026-06-19,CPTR11.SA,CPTR11,8.010000228881836
2026-07-08,2026-06-22,CPTR11.SA,CPTR11,7.989999771118164
2026-07-08,2026-06-23,CPTR11.SA,CPTR11,7.800000190734863
2026-07-08,2026-06-24,CPTR11.SA,CPTR11,7.840000152587891
2026-07-08,2026-06-25,CPTR11.SA,CPTR11,8.020000457763672
2026-07-08,2026-06-26,CPTR11.SA,CPTR11,7.909999847412109
2026-07-08,2026-06-29,CPTR11.SA,CPTR11,7.960000038146973
2026-07-08,2026-06-30,CPTR11.SA,CPTR11,8.0600004196167
2026-07-08,2026-07-01,CPTR11.SA,CPTR11,8.0
2026-07-08,2026-07-02,CPTR11.SA,CPTR11,8.180000305175781
2026-07-08,2026-07-03,CPTR11.SA,CPTR11,8.140000343322754
2026-07-08,2026-07-06,CPTR11.SA,CPTR11,8.100000381469727
2026-07-08,2026-07-07,CPTR11.SA,CPTR11,8.029999732971191
2026-07-08,2026-07-02,ROCA11.SA,ROCA11,10.149999618530273
2026-07-08,2026-07-03,ROCA11.SA,ROCA11,10.149999618530273
2026-07-08,2026-07-06,ROCA11.SA,ROCA11,10.149999618530273
2026-07-08,2026-07-07,ROCA11.SA,ROCA11,10.149999618530273
2026-07-08,2026-06-08,RZNE11.SA,RZNE11,9.130000114440918
2026-07-08,2026-06-09,RZNE11.SA,RZNE11,9.130000114440918
2026-07-08,2026-06-10,RZNE11.SA,RZNE11,9.130000114440918
2026-07-08,2026-06-11,RZNE11.SA,RZNE11,9.130000114440918
2026-07-08,2026-06-12,RZNE11.SA,RZNE11,9.130000114440918
2026-07-08,2026-06-15,RZNE11.SA,RZNE11,9.130000114440918
2026-07-08,2026-06-16,RZNE11.SA,RZNE11,9.130000114440918
2026-07-08,2026-06-17,RZNE11.SA,RZNE11,9.130000114440918
2026-07-08,2026-06-18,RZNE11.SA,RZNE11,9.130000114440918
2026-07-08,2026-06-19,RZNE11.SA,RZNE11,9.130000114440918
2026-07-08,2026-06-22,RZNE11.SA,RZNE11,8.300000190734863
2026-07-08,2026-06-23,RZNE11.SA,RZNE11,8.300000190734863
2026-07-08,2026-06-24,RZNE11.SA,RZNE11,8.300000190734863
2026-07-08,2026-06-25,RZNE11.SA,RZNE11,8.300000190734863
2026-07-08,2026-06-26,RZNE11.SA,RZNE11,8.300000190734863
2026-07-08,2026-06-29,RZNE11.SA,RZNE11,8.300000190734863
2026-07-08,2026-06-30,RZNE11.SA,RZNE11,8.300000190734863
2026-07-08,2026-07-01,RZNE11.SA,RZNE11,8.300000190734863
2026-07-08,2026-07-02,RZNE11.SA,RZNE11,8.300000190734863
2026-07-08,2026-07-03,RZNE11.SA,RZNE11,8.300000190734863
2026-07-08,2026-07-06,RZNE11.SA,RZNE11,8.300000190734863
2026-07-08,2026-07-07,RZNE11.SA,RZNE11,8.300000190734863
2026-07-08,2026-06-08,DCRA11.SA,DCRA11,7.0
2026-07-08,2026-06-09,DCRA11.SA,DCRA11,6.840000152587891
2026-07-08,2026-06-10,DCRA11.SA,DCRA11,6.800000190734863
2026-07-08,2026-06-11,DCRA11.SA,DCRA11,6.78000020980835
2026-07-08,2026-06-12,DCRA11.SA,DCRA11,6.610000133514404
2026-07-08,2026-06-15,DCRA11.SA,DCRA11,6.340000152587891
2026-07-08,2026-06-16,DCRA11.SA,DCRA11,6.389999866485596
2026-07-08,2026-06-17,DCRA11.SA,DCRA11,6.329999923706055
2026-07-08,2026-06-18,DCRA11.SA,DCRA11,6.239999771118164
2026-07-08,2026-06-19,DCRA11.SA,DCRA11,6.269999980926514
2026-07-08,2026-06-22,DCRA11.SA,DCRA11,6.28000020980835
2026-07-08,2026-06-23,DCRA11.SA,DCRA11,6.289999961853027
2026-07-08,2026-06-24,DCRA11.SA,DCRA11,6.239999771118164
2026-07-08,2026-06-25,DCRA11.SA,DCRA11,6.210000038146973
2026-07-08,2026-06-26,DCRA11.SA,DCRA11,6.179999828338623
2026-07-08,2026-06-29,DCRA11.SA,DCRA11,6.289999961853027
2026-07-08,2026-06-30,DCRA11.SA,DCRA11,6.389999866485596
2026-07-08,2026-07-01,DCRA11.SA,DCRA11,6.420000076293945
2026-07-08,2026-07-02,DCRA11.SA,DCRA11,6.570000171661377
2026-07-08,2026-07-03,DCRA11.SA,DCRA11,6.610000133514404
2026-07-08,2026-07-06,DCRA11.SA,DCRA11,6.420000076293945
2026-07-08,2026-07-07,DCRA11.SA,DCRA11,6.460000038146973
2026-07-08,2026-06-08,EGAF11.SA,EGAF11,84.0
2026-07-08,2026-06-09,EGAF11.SA,EGAF11,81.69999694824219
2026-07-08,2026-06-10,EGAF11.SA,EGAF11,83.55000305175781
2026-07-08,2026-06-11,EGAF11.SA,EGAF11,86.23999786376953
2026-07-08,2026-06-12,EGAF11.SA,EGAF11,88.0
2026-07-08,2026-06-15,EGAF11.SA,EGAF11,87.94999694824219
2026-07-08,2026-06-16,EGAF11.SA,EGAF11,87.94000244140625
2026-07-08,2026-06-17,EGAF11.SA,EGAF11,87.5
2026-07-08,2026-06-18,EGAF11.SA,EGAF11,87.4000015258789
2026-07-08,2026-06-19,EGAF11.SA,EGAF11,87.77999877929688
2026-07-08,2026-06-22,EGAF11.SA,EGAF11,87.19999694824219
2026-07-08,2026-06-23,EGAF11.SA,EGAF11,87.58999633789062
2026-07-08,2026-06-24,EGAF11.SA,EGAF11,88.18000030517578
2026-07-08,2026-06-25,EGAF11.SA,EGAF11,88.76000213623047
2026-07-08,2026-06-26,EGAF11.SA,EGAF11,88.8499984741211
2026-07-08,2026-06-29,EGAF11.SA,EGAF11,88.87999725341797
2026-07-08,2026-06-30,EGAF11.SA,EGAF11,89.08999633789062
2026-07-08,2026-07-01,EGAF11.SA,EGAF11,89.5199966430664
2026-07-08,2026-07-02,EGAF11.SA,EGAF11,89.80000305175781
2026-07-08,2026-07-03,EGAF11.SA,EGAF11,87.4000015258789
2026-07-08,2026-07-06,EGAF11.SA,EGAF11,87.0
2026-07-08,2026-07-07,EGAF11.SA,EGAF11,87.5999984741211
2026-07-08,2026-06-08,FGAA11.SA,FGAA11,8.729999542236328
2026-07-08,2026-06-09,FGAA11.SA,FGAA11,8.5
2026-07-08,2026-06-10,FGAA11.SA,FGAA11,8.380000114440918
2026-07-08,2026-06-11,FGAA11.SA,FGAA11,8.380000114440918
2026-07-08,2026-06-12,FGAA11.SA,FGAA11,8.449999809265137
2026-07-08,2026-06-15,FGAA11.SA,FGAA11,8.529999732971191
2026-07-08,2026-06-16,FGAA11.SA,FGAA11,8.539999961853027
2026-07-08,2026-06-17,FGAA11.SA,FGAA11,8.5
2026-07-08,2026-06-18,FGAA11.SA,FGAA11,8.510000228881836
2026-07-08,2026-06-19,FGAA11.SA,FGAA11,8.520000457763672
2026-07-08,2026-06-22,FGAA11.SA,FGAA11,8.479999542236328
2026-07-08,2026-06-23,FGAA11.SA,FGAA11,8.430000305175781
2026-07-08,2026-06-24,FGAA11.SA,FGAA11,8.369999885559082
2026-07-08,2026-06-25,FGAA11.SA,FGAA11,8.40999984741211
2026-07-08,2026-06-26,FGAA11.SA,FGAA11,8.430000305175781
2026-07-08,2026-06-29,FGAA11.SA,FGAA11,8.4399995803833
2026-07-08,2026-06-30,FGAA11.SA,FGAA11,8.449999809265137
2026-07-08,2026-07-01,FGAA11.SA,FGAA11,8.460000038146973
2026-07-08,2026-07-02,FGAA11.SA,FGAA11,8.460000038146973
2026-07-08,2026-07-03,FGAA11.SA,FGAA11,8.479999542236328
2026-07-08,2026-07-06,FGAA11.SA,FGAA11,8.460000038146973
2026-07-08,2026-07-07,FGAA11.SA,FGAA11,8.479999542236328
2026-07-08,2026-06-08,RZAG11.SA,RZAG11,8.550000190734863
2026-07-08,2026-06-09,RZAG11.SA,RZAG11,8.399999618530273
2026-07-08,2026-06-10,RZAG11.SA,RZAG11,8.229999542236328
2026-07-08,2026-06-11,RZAG11.SA,RZAG11,8.430000305175781
2026-07-08,2026-06-12,RZAG11.SA,RZAG11,8.630000114440918
2026-07-08,2026-06-15,RZAG11.SA,RZAG11,8.6899995803833
2026-07-08,2026-06-16,RZAG11.SA,RZAG11,8.6899995803833
2026-07-08,2026-06-17,RZAG11.SA,RZAG11,8.470000267028809
2026-07-08,2026-06-18,RZAG11.SA,RZAG11,8.569999694824219
2026-07-08,2026-06-19,RZAG11.SA,RZAG11,8.59000015258789
2026-07-08,2026-06-22,RZAG11.SA,RZAG11,8.550000190734863
2026-07-08,2026-06-23,RZAG11.SA,RZAG11,8.550000190734863
2026-07-08,2026-06-24,RZAG11.SA,RZAG11,8.569999694824219
2026-07-08,2026-06-25,RZAG11.SA,RZAG11,8.65999984741211
2026-07-08,2026-06-26,RZAG11.SA,RZAG11,8.720000267028809
2026-07-08,2026-06-29,RZAG11.SA,RZAG11,8.65999984741211
2026-07-08,2026-06-30,RZAG11.SA,RZAG11,8.619999885559082
2026-07-08,2026-07-01,RZAG11.SA,RZAG11,8.529999732971191
2026-07-08,2026-07-02,RZAG11.SA,RZAG11,8.460000038146973
2026-07-08,2026-07-03,RZAG11.SA,RZAG11,8.449999809265137
2026-07-08,2026-07-06,RZAG11.SA,RZAG11,8.449999809265137
2026-07-08,2026-07-07,RZAG11.SA,RZAG11,8.5
2026-07-08,2026-06-08,FTCA11.SA,FTCA11,8.550000190734863
2026-07-08,2026-06-09,FTCA11.SA,FTCA11,8.539999961853027
2026-07-08,2026-06-10,FTCA11.SA,FTCA11,8.460000038146973
2026-07-08,2026-06-11,FTCA11.SA,FTCA11,8.539999961853027
2026-07-08,2026-06-12,FTCA11.SA,FTCA11,8.600000381469727
2026-07-08,2026-06-15,FTCA11.SA,FTCA11,8.819999694824219
2026-07-08,2026-06-16,FTCA11.SA,FTCA11,8.829999923706055
2026-07-08,2026-06-17,FTCA11.SA,FTCA11,8.789999961853027
2026-07-08,2026-06-18,FTCA11.SA,FTCA11,8.569999694824219
2026-07-08,2026-06-19,FTCA11.SA,FTCA11,8.539999961853027
2026-07-08,2026-06-22,FTCA11.SA,FTCA11,8.619999885559082
2026-07-08,2026-06-23,FTCA11.SA,FTCA11,8.4399995803833
2026-07-08,2026-06-24,FTCA11.SA,FTCA11,8.479999542236328
2026-07-08,2026-06-25,FTCA11.SA,FTCA11,8.40999984741211
2026-07-08,2026-06-26,FTCA11.SA,FTCA11,8.390000343322754
2026-07-08,2026-06-29,FTCA11.SA,FTCA11,8.720000267028809
2026-07-08,2026-06-30,FTCA11.SA,FTCA11,8.670000076293945
2026-07-08,2026-07-01,FTCA11.SA,FTCA11,8.609999656677246
2026-07-08,2026-07-02,FTCA11.SA,FTCA11,8.539999961853027
2026-07-08,2026-07-03,FTCA11.SA,FTCA11,8.5
2026-07-08,2026-07-06,FTCA11.SA,FTCA11,8.460000038146973
2026-07-08,2026-07-07,FTCA11.SA,FTCA11,8.460000038146973
2026-07-08,2026-06-08,GCRA11.SA,GCRA11,52.599998474121094
2026-07-08,2026-06-09,GCRA11.SA,GCRA11,52.959999084472656
2026-07-08,2026-06-10,GCRA11.SA,GCRA11,51.95000076293945
2026-07-08,2026-06-11,GCRA11.SA,GCRA11,51.95000076293945
2026-07-08,2026-06-12,GCRA11.SA,GCRA11,52.70000076293945
2026-07-08,2026-06-15,GCRA11.SA,GCRA11,52.849998474121094
2026-07-08,2026-06-16,GCRA11.SA,GCRA11,51.529998779296875
2026-07-08,2026-06-17,GCRA11.SA,GCRA11,52.4900016784668
2026-07-08,2026-06-18,GCRA11.SA,GCRA11,52.369998931884766
2026-07-08,2026-06-19,GCRA11.SA,GCRA11,52.0
2026-07-08,2026-06-22,GCRA11.SA,GCRA11,52.099998474121094
2026-07-08,2026-06-23,GCRA11.SA,GCRA11,51.68000030517578
2026-07-08,2026-06-24,GCRA11.SA,GCRA11,50.81999969482422
2026-07-08,2026-06-25,GCRA11.SA,GCRA11,51.20000076293945
2026-07-08,2026-06-26,GCRA11.SA,GCRA11,50.849998474121094
2026-07-08,2026-06-29,GCRA11.SA,GCRA11,51.27000045776367
2026-07-08,2026-06-30,GCRA11.SA,GCRA11,51.470001220703125
2026-07-08,2026-07-01,GCRA11.SA,GCRA11,51.869998931884766
2026-07-08,2026-07-02,GCRA11.SA,GCRA11,51.72999954223633
2026-07-08,2026-07-03,GCRA11.SA,GCRA11,51.47999954223633
2026-07-08,2026-07-06,GCRA11.SA,GCRA11,51.310001373291016
2026-07-08,2026-07-07,GCRA11.SA,GCRA11,51.400001525878906
2026-07-08,2026-06-08,GRWA11.SA,GRWA11,7.800000190734863
2026-07-08,2026-06-09,GRWA11.SA,GRWA11,7.449999809265137
2026-07-08,2026-06-10,GRWA11.SA,GRWA11,7.5
2026-07-08,2026-06-11,GRWA11.SA,GRWA11,7.559999942779541
2026-07-08,2026-06-12,GRWA11.SA,GRWA11,7.480000019073486
2026-07-08,2026-06-15,GRWA11.SA,GRWA11,7.599999904632568
2026-07-08,2026-06-16,GRWA11.SA,GRWA11,7.579999923706055
2026-07-08,2026-06-17,GRWA11.SA,GRWA11,7.809999942779541
2026-07-08,2026-06-18,GRWA11.SA,GRWA11,7.71999979019165
2026-07-08,2026-06-19,GRWA11.SA,GRWA11,7.570000171661377
2026-07-08,2026-06-22,GRWA11.SA,GRWA11,7.699999809265137
2026-07-08,2026-06-23,GRWA11.SA,GRWA11,7.699999809265137
2026-07-08,2026-06-24,GRWA11.SA,GRWA11,7.579999923706055
2026-07-08,2026-06-25,GRWA11.SA,GRWA11,7.699999809265137
2026-07-08,2026-06-26,GRWA11.SA,GRWA11,7.699999809265137
2026-07-08,2026-06-29,GRWA11.SA,GRWA11,7.630000114440918
2026-07-08,2026-06-30,GRWA11.SA,GRWA11,7.619999885559082
2026-07-08,2026-07-01,GRWA11.SA,GRWA11,7.570000171661377
2026-07-08,2026-07-02,GRWA11.SA,GRWA11,7.650000095367432
2026-07-08,2026-07-03,GRWA11.SA,GRWA11,7.5
2026-07-08,2026-07-06,GRWA11.SA,GRWA11,7.449999809265137
2026-07-08,2026-07-07,GRWA11.SA,GRWA11,7.449999809265137
2026-07-08,2026-06-08,HGAG11.SA,HGAG11,15.8100004196167
2026-07-08,2026-06-09,HGAG11.SA,HGAG11,15.020000457763672
2026-07-08,2026-06-10,HGAG11.SA,HGAG11,15.020000457763672
2026-07-08,2026-06-11,HGAG11.SA,HGAG11,15.020000457763672
2026-07-08,2026-06-12,HGAG11.SA,HGAG11,15.020000457763672
2026-07-08,2026-06-15,HGAG11.SA,HGAG11,15.020000457763672
2026-07-08,2026-06-16,HGAG11.SA,HGAG11,14.890000343322754
2026-07-08,2026-06-17,HGAG11.SA,HGAG11,14.890000343322754
2026-07-08,2026-06-18,HGAG11.SA,HGAG11,14.890000343322754
2026-07-08,2026-06-19,HGAG11.SA,HGAG11,14.890000343322754
2026-07-08,2026-06-22,HGAG11.SA,HGAG11,14.890000343322754
2026-07-08,2026-06-23,HGAG11.SA,HGAG11,14.890000343322754
2026-07-08,2026-06-24,HGAG11.SA,HGAG11,14.890000343322754
2026-07-08,2026-06-25,HGAG11.SA,HGAG11,14.890000343322754
2026-07-08,2026-06-26,HGAG11.SA,HGAG11,14.890000343322754
2026-07-08,2026-06-29,HGAG11.SA,HGAG11,14.890000343322754
2026-07-08,2026-06-30,HGAG11.SA,HGAG11,14.890000343322754
2026-07-08,2026-07-01,HGAG11.SA,HGAG11,14.890000343322754
2026-07-08,2026-07-02,HGAG11.SA,HGAG11,14.979999542236328
2026-07-08,2026-07-03,HGAG11.SA,HGAG11,14.979999542236328
2026-07-08,2026-07-06,HGAG11.SA,HGAG11,14.979999542236328
2026-07-08,2026-07-07,HGAG11.SA,HGAG11,13.800000190734863
2026-07-08,2026-06-08,IAAG11.SA,IAAG11,8.15999984741211
2026-07-08,2026-06-09,IAAG11.SA,IAAG11,8.239999771118164
2026-07-08,2026-06-10,IAAG11.SA,IAAG11,8.199999809265137
2026-07-08,2026-06-11,IAAG11.SA,IAAG11,8.180000305175781
2026-07-08,2026-06-12,IAAG11.SA,IAAG11,8.279999732971191
2026-07-08,2026-06-15,IAAG11.SA,IAAG11,8.300000190734863
2026-07-08,2026-06-16,IAAG11.SA,IAAG11,8.329999923706055
2026-07-08,2026-06-17,IAAG11.SA,IAAG11,8.260000228881836
2026-07-08,2026-06-18,IAAG11.SA,IAAG11,8.369999885559082
2026-07-08,2026-06-19,IAAG11.SA,IAAG11,8.319999694824219
2026-07-08,2026-06-22,IAAG11.SA,IAAG11,8.350000381469727
2026-07-08,2026-06-23,IAAG11.SA,IAAG11,8.359999656677246
2026-07-08,2026-06-24,IAAG11.SA,IAAG11,8.390000343322754
2026-07-08,2026-06-25,IAAG11.SA,IAAG11,8.380000114440918
2026-07-08,2026-06-26,IAAG11.SA,IAAG11,8.399999618530273
2026-07-08,2026-06-29,IAAG11.SA,IAAG11,8.5600004196167
2026-07-08,2026-06-30,IAAG11.SA,IAAG11,8.510000228881836
2026-07-08,2026-07-01,IAAG11.SA,IAAG11,8.289999961853027
2026-07-08,2026-07-02,IAAG11.SA,IAAG11,8.300000190734863
2026-07-08,2026-07-03,IAAG11.SA,IAAG11,8.369999885559082
2026-07-08,2026-07-06,IAAG11.SA,IAAG11,8.369999885559082
2026-07-08,2026-07-07,IAAG11.SA,IAAG11,8.430000305175781
2026-07-08,2026-06-08,RURA11.SA,RURA11,8.680000305175781
2026-07-08,2026-06-09,RURA11.SA,RURA11,8.510000228881836
2026-07-08,2026-06-10,RURA11.SA,RURA11,8.229999542236328
2026-07-08,2026-06-11,RURA11.SA,RURA11,8.329999923706055
2026-07-08,2026-06-12,RURA11.SA,RURA11,8.390000343322754
2026-07-08,2026-06-15,RURA11.SA,RURA11,8.4399995803833
2026-07-08,2026-06-16,RURA11.SA,RURA11,8.420000076293945
2026-07-08,2026-06-17,RURA11.SA,RURA11,8.270000457763672
2026-07-08,2026-06-18,RURA11.SA,RURA11,8.25
2026-07-08,2026-06-19,RURA11.SA,RURA11,8.34000015258789
2026-07-08,2026-06-22,RURA11.SA,RURA11,8.239999771118164
2026-07-08,2026-06-23,RURA11.SA,RURA11,8.170000076293945
2026-07-08,2026-06-24,RURA11.SA,RURA11,8.220000267028809
2026-07-08,2026-06-25,RURA11.SA,RURA11,8.270000457763672
2026-07-08,2026-06-26,RURA11.SA,RURA11,8.350000381469727
2026-07-08,2026-06-29,RURA11.SA,RURA11,8.40999984741211
2026-07-08,2026-06-30,RURA11.SA,RURA11,8.460000038146973
2026-07-08,2026-07-01,RURA11.SA,RURA11,8.199999809265137
2026-07-08,2026-07-02,RURA11.SA,RURA11,8.260000228881836
2026-07-08,2026-07-03,RURA11.SA,RURA11,8.229999542236328
2026-07-08,2026-07-06,RURA11.SA,RURA11,8.279999732971191
2026-07-08,2026-07-07,RURA11.SA,RURA11,8.170000076293945
2026-07-08,2026-06-08,JGPX11.SA,JGPX11,63.06999969482422
2026-07-08,2026-06-09,JGPX11.SA,JGPX11,62.9900016784668
2026-07-08,2026-06-10,JGPX11.SA,JGPX11,61.7599983215332
2026-07-08,2026-06-11,JGPX11.SA,JGPX11,62.79999923706055
2026-07-08,2026-06-12,JGPX11.SA,JGPX11,63.16999816894531
2026-07-08,2026-06-15,JGPX11.SA,JGPX11,63.0
2026-07-08,2026-06-16,JGPX11.SA,JGPX11,63.0
2026-07-08,2026-06-17,JGPX11.SA,JGPX11,62.959999084472656
2026-07-08,2026-06-18,JGPX11.SA,JGPX11,62.45000076293945
2026-07-08,2026-06-19,JGPX11.SA,JGPX11,62.77000045776367
2026-07-08,2026-06-22,JGPX11.SA,JGPX11,62.619998931884766
2026-07-08,2026-06-23,JGPX11.SA,JGPX11,62.4900016784668
2026-07-08,2026-06-24,JGPX11.SA,JGPX11,61.38999938964844
2026-07-08,2026-06-25,JGPX11.SA,JGPX11,61.59000015258789
2026-07-08,2026-06-26,JGPX11.SA,JGPX11,61.380001068115234
2026-07-08,2026-06-29,JGPX11.SA,JGPX11,61.810001373291016
2026-07-08,2026-06-30,JGPX11.SA,JGPX11,62.15999984741211
2026-07-08,2026-07-01,JGPX11.SA,JGPX11,64.0
2026-07-08,2026-07-02,JGPX11.SA,JGPX11,63.70000076293945
2026-07-08,2026-07-03,JGPX11.SA,JGPX11,63.369998931884766
2026-07-08,2026-07-06,JGPX11.SA,JGPX11,63.25
2026-07-08,2026-07-07,JGPX11.SA,JGPX11,62.66999816894531
2026-07-08,2026-06-08,KDOL11.SA,KDOL11,83.94999694824219
2026-07-08,2026-06-09,KDOL11.SA,KDOL11,84.0
2026-07-08,2026-06-10,KDOL11.SA,KDOL11,83.5999984741211
2026-07-08,2026-06-11,KDOL11.SA,KDOL11,83.5999984741211
2026-07-08,2026-06-12,KDOL11.SA,KDOL11,81.5
2026-07-08,2026-06-15,KDOL11.SA,KDOL11,82.30999755859375
2026-07-08,2026-06-16,KDOL11.SA,KDOL11,82.75
2026-07-08,2026-06-17,KDOL11.SA,KDOL11,83.97000122070312
2026-07-08,2026-06-18,KDOL11.SA,KDOL11,84.5
2026-07-08,2026-06-19,KDOL11.SA,KDOL11,84.94999694824219
2026-07-08,2026-06-22,KDOL11.SA,KDOL11,86.97000122070312
2026-07-08,2026-06-23,KDOL11.SA,KDOL11,85.44000244140625
2026-07-08,2026-06-24,KDOL11.SA,KDOL11,84.5999984741211
2026-07-08,2026-06-25,KDOL11.SA,KDOL11,85.5
2026-07-08,2026-06-26,KDOL11.SA,KDOL11,86.0
2026-07-08,2026-06-29,KDOL11.SA,KDOL11,86.72000122070312
2026-07-08,2026-06-30,KDOL11.SA,KDOL11,86.5
2026-07-08,2026-07-01,KDOL11.SA,KDOL11,87.0
2026-07-08,2026-07-02,KDOL11.SA,KDOL11,87.86000061035156
2026-07-08,2026-07-03,KDOL11.SA,KDOL11,88.9800033569336
2026-07-08,2026-07-06,KDOL11.SA,KDOL11,87.05000305175781
2026-07-08,2026-07-07,KDOL11.SA,KDOL11,88.01000213623047
2026-07-08,2026-06-08,KNCA11.SA,KNCA11,93.97000122070312
2026-07-08,2026-06-09,KNCA11.SA,KNCA11,92.94000244140625
2026-07-08,2026-06-10,KNCA11.SA,KNCA11,92.44000244140625
2026-07-08,2026-06-11,KNCA11.SA,KNCA11,92.48999786376953
2026-07-08,2026-06-12,KNCA11.SA,KNCA11,92.05000305175781
2026-07-08,2026-06-15,KNCA11.SA,KNCA11,92.8499984741211
2026-07-08,2026-06-16,KNCA11.SA,KNCA11,92.91000366210938
2026-07-08,2026-06-17,KNCA11.SA,KNCA11,91.69999694824219
2026-07-08,2026-06-18,KNCA11.SA,KNCA11,91.62000274658203
2026-07-08,2026-06-19,KNCA11.SA,KNCA11,91.5199966430664
2026-07-08,2026-06-22,KNCA11.SA,KNCA11,90.30000305175781
2026-07-08,2026-06-23,KNCA11.SA,KNCA11,90.5
2026-07-08,2026-06-24,KNCA11.SA,KNCA11,90.37000274658203
2026-07-08,2026-06-25,KNCA11.SA,KNCA11,90.19999694824219
2026-07-08,2026-06-26,KNCA11.SA,KNCA11,89.91000366210938
2026-07-08,2026-06-29,KNCA11.SA,KNCA11,90.0
2026-07-08,2026-06-30,KNCA11.SA,KNCA11,90.58999633789062
2026-07-08,2026-07-01,KNCA11.SA,KNCA11,89.5
2026-07-08,2026-07-02,KNCA11.SA,KNCA11,89.69999694824219
2026-07-08,2026-07-03,KNCA11.SA,KNCA11,89.77999877929688
2026-07-08,2026-07-06,KNCA11.SA,KNCA11,89.91999816894531
2026-07-08,2026-07-07,KNCA11.SA,KNCA11,89.93000030517578
2026-07-08,2026-06-08,KOPA11.SA,KOPA11,389.9700012207031
2026-07-08,2026-06-09,KOPA11.SA,KOPA11,388.1000061035156
2026-07-08,2026-06-10,KOPA11.SA,KOPA11,388.3699951171875
2026-07-08,2026-06-11,KOPA11.SA,KOPA11,391.0
2026-07-08,2026-06-12,KOPA11.SA,KOPA11,395.0
2026-07-08,2026-06-15,KOPA11.SA,KOPA11,397.9200134277344
2026-07-08,2026-06-16,KOPA11.SA,KOPA11,346.0
2026-07-08,2026-06-17,KOPA11.SA,KOPA11,343.0299987792969
2026-07-08,2026-06-18,KOPA11.SA,KOPA11,341.2099914550781
2026-07-08,2026-06-19,KOPA11.SA,KOPA11,339.0
2026-07-08,2026-06-22,KOPA11.SA,KOPA11,342.0
2026-07-08,2026-06-23,KOPA11.SA,KOPA11,343.0
2026-07-08,2026-06-24,KOPA11.SA,KOPA11,335.25
2026-07-08,2026-06-25,KOPA11.SA,KOPA11,341.5
2026-07-08,2026-06-26,KOPA11.SA,KOPA11,341.0
2026-07-08,2026-06-29,KOPA11.SA,KOPA11,341.5
2026-07-08,2026-06-30,KOPA11.SA,KOPA11,342.69000244140625
2026-07-08,2026-07-01,KOPA11.SA,KOPA11,342.6600036621094
2026-07-08,2026-07-02,KOPA11.SA,KOPA11,341.510009765625
2026-07-08,2026-07-03,KOPA11.SA,KOPA11,342.4599914550781
2026-07-08,2026-07-06,KOPA11.SA,KOPA11,341.6700134277344
2026-07-08,2026-07-07,KOPA11.SA,KOPA11,342.5
2026-07-08,2026-06-16,LAFI11.SA,LAFI11,117.75
2026-07-08,2026-06-17,LAFI11.SA,LAFI11,118.93000030517578
2026-07-08,2026-06-18,LAFI11.SA,LAFI11,118.93000030517578
2026-07-08,2026-06-19,LAFI11.SA,LAFI11,118.93000030517578
2026-07-08,2026-06-22,LAFI11.SA,LAFI11,118.93000030517578
2026-07-08,2026-06-23,LAFI11.SA,LAFI11,118.93000030517578
2026-07-08,2026-06-24,LAFI11.SA,LAFI11,118.93000030517578
2026-07-08,2026-06-25,LAFI11.SA,LAFI11,119.0
2026-07-08,2026-06-26,LAFI11.SA,LAFI11,116.0
2026-07-08,2026-06-29,LAFI11.SA,LAFI11,116.0
2026-07-08,2026-06-30,LAFI11.SA,LAFI11,119.0
2026-07-08,2026-07-01,LAFI11.SA,LAFI11,119.0
2026-07-08,2026-07-02,LAFI11.SA,LAFI11,121.0
2026-07-08,2026-07-03,LAFI11.SA,LAFI11,121.0
2026-07-08,2026-07-06,LAFI11.SA,LAFI11,121.0
2026-07-08,2026-07-07,LAFI11.SA,LAFI11,121.0
2026-07-08,2026-06-08,NEXG11.SA,NEXG11,132.97999572753906
2026-07-08,2026-06-09,NEXG11.SA,NEXG11,128.5
2026-07-08,2026-06-10,NEXG11.SA,NEXG11,132.89999389648438
2026-07-08,2026-06-11,NEXG11.SA,NEXG11,132.89999389648438
2026-07-08,2026-06-12,NEXG11.SA,NEXG11,132.8800048828125
2026-07-08,2026-06-15,NEXG11.SA,NEXG11,133.0399932861328
2026-07-08,2026-06-16,NEXG11.SA,NEXG11,133.0
2026-07-08,2026-06-17,NEXG11.SA,NEXG11,133.02999877929688
2026-07-08,2026-06-18,NEXG11.SA,NEXG11,133.02000427246094
2026-07-08,2026-06-19,NEXG11.SA,NEXG11,132.49000549316406
2026-07-08,2026-06-22,NEXG11.SA,NEXG11,133.0
2026-07-08,2026-06-23,NEXG11.SA,NEXG11,131.9600067138672
2026-07-08,2026-06-24,NEXG11.SA,NEXG11,132.3000030517578
2026-07-08,2026-06-25,NEXG11.SA,NEXG11,129.10000610351562
2026-07-08,2026-06-26,NEXG11.SA,NEXG11,133.0
2026-07-08,2026-06-29,NEXG11.SA,NEXG11,133.0
2026-07-08,2026-06-30,NEXG11.SA,NEXG11,133.0
2026-07-08,2026-07-01,NEXG11.SA,NEXG11,133.02999877929688
2026-07-08,2026-07-02,NEXG11.SA,NEXG11,132.8000030517578
2026-07-08,2026-07-03,NEXG11.SA,NEXG11,132.72999572753906
2026-07-08,2026-07-06,NEXG11.SA,NEXG11,133.5
2026-07-08,2026-07-07,NEXG11.SA,NEXG11,132.5500030517578
2026-07-08,2026-06-08,OIAG11.SA,OIAG11,8.880000114440918
2026-07-08,2026-06-09,OIAG11.SA,OIAG11,8.420000076293945
2026-07-08,2026-06-10,OIAG11.SA,OIAG11,8.140000343322754
2026-07-08,2026-06-11,OIAG11.SA,OIAG11,8.229999542236328
2026-07-08,2026-06-12,OIAG11.SA,OIAG11,8.380000114440918
2026-07-08,2026-06-15,OIAG11.SA,OIAG11,8.5
2026-07-08,2026-06-16,OIAG11.SA,OIAG11,8.479999542236328
2026-07-08,2026-06-17,OIAG11.SA,OIAG11,8.329999923706055
2026-07-08,2026-06-18,OIAG11.SA,OIAG11,8.420000076293945
2026-07-08,2026-06-19,OIAG11.SA,OIAG11,8.25
2026-07-08,2026-06-22,OIAG11.SA,OIAG11,8.270000457763672
2026-07-08,2026-06-23,OIAG11.SA,OIAG11,8.149999618530273
2026-07-08,2026-06-24,OIAG11.SA,OIAG11,8.199999809265137
2026-07-08,2026-06-25,OIAG11.SA,OIAG11,8.289999961853027
2026-07-08,2026-06-26,OIAG11.SA,OIAG11,8.260000228881836
2026-07-08,2026-06-29,OIAG11.SA,OIAG11,8.270000457763672
2026-07-08,2026-06-30,OIAG11.SA,OIAG11,8.300000190734863
2026-07-08,2026-07-01,OIAG11.SA,OIAG11,8.380000114440918
2026-07-08,2026-07-02,OIAG11.SA,OIAG11,8.5
2026-07-08,2026-07-03,OIAG11.SA,OIAG11,8.449999809265137
2026-07-08,2026-07-06,OIAG11.SA,OIAG11,8.539999961853027
2026-07-08,2026-07-07,OIAG11.SA,OIAG11,8.520000457763672
2026-07-08,2026-06-08,PLCA11.SA,PLCA11,73.30999755859375
2026-07-08,2026-06-09,PLCA11.SA,PLCA11,73.01000213623047
2026-07-08,2026-06-10,PLCA11.SA,PLCA11,72.83999633789062
2026-07-08,2026-06-11,PLCA11.SA,PLCA11,72.9000015258789
2026-07-08,2026-06-12,PLCA11.SA,PLCA11,73.80000305175781
2026-07-08,2026-06-15,PLCA11.SA,PLCA11,74.0
2026-07-08,2026-06-16,PLCA11.SA,PLCA11,74.5999984741211
2026-07-08,2026-06-17,PLCA11.SA,PLCA11,74.4800033569336
2026-07-08,2026-06-18,PLCA11.SA,PLCA11,74.31999969482422
2026-07-08,2026-06-19,PLCA11.SA,PLCA11,74.23999786376953
2026-07-08,2026-06-22,PLCA11.SA,PLCA11,73.5
2026-07-08,2026-06-23,PLCA11.SA,PLCA11,73.02999877929688
2026-07-08,2026-06-24,PLCA11.SA,PLCA11,74.30000305175781
2026-07-08,2026-06-25,PLCA11.SA,PLCA11,73.80000305175781
2026-07-08,2026-06-26,PLCA11.SA,PLCA11,74.0
2026-07-08,2026-06-29,PLCA11.SA,PLCA11,74.9000015258789
2026-07-08,2026-06-30,PLCA11.SA,PLCA11,74.5999984741211
2026-07-08,2026-07-01,PLCA11.SA,PLCA11,73.8499984741211
2026-07-08,2026-07-02,PLCA11.SA,PLCA11,73.9000015258789
2026-07-08,2026-07-03,PLCA11.SA,PLCA11,74.27999877929688
2026-07-08,2026-07-06,PLCA11.SA,PLCA11,73.25
2026-07-08,2026-07-07,PLCA11.SA,PLCA11,73.12000274658203
2026-07-08,2026-06-08,LSAG11.SA,LSAG11,76.31999969482422
2026-07-08,2026-06-09,LSAG11.SA,LSAG11,73.93000030517578
2026-07-08,2026-06-10,LSAG11.SA,LSAG11,73.80999755859375
2026-07-08,2026-06-11,LSAG11.SA,LSAG11,76.0
2026-07-08,2026-06-12,LSAG11.SA,LSAG11,76.0
2026-07-08,2026-06-15,LSAG11.SA,LSAG11,75.47000122070312
2026-07-08,2026-06-16,LSAG11.SA,LSAG11,75.5999984741211
2026-07-08,2026-06-17,LSAG11.SA,LSAG11,75.80000305175781
2026-07-08,2026-06-18,LSAG11.SA,LSAG11,75.69999694824219
2026-07-08,2026-06-19,LSAG11.SA,LSAG11,76.0
2026-07-08,2026-06-22,LSAG11.SA,LSAG11,76.69999694824219
2026-07-08,2026-06-23,LSAG11.SA,LSAG11,78.0
2026-07-08,2026-06-24,LSAG11.SA,LSAG11,78.0
2026-07-08,2026-06-25,LSAG11.SA,LSAG11,77.93000030517578
2026-07-08,2026-06-26,LSAG11.SA,LSAG11,77.9000015258789
2026-07-08,2026-06-29,LSAG11.SA,LSAG11,78.0
2026-07-08,2026-06-30,LSAG11.SA,LSAG11,79.4000015258789
2026-07-08,2026-07-01,LSAG11.SA,LSAG11,77.9800033569336
2026-07-08,2026-07-02,LSAG11.SA,LSAG11,77.97000122070312
2026-07-08,2026-07-03,LSAG11.SA,LSAG11,77.7300033569336
2026-07-08,2026-07-06,LSAG11.SA,LSAG11,77.94999694824219
2026-07-08,2026-07-07,LSAG11.SA,LSAG11,77.58000183105469
2026-07-08,2026-06-08,IAGR11.SA,IAGR11,4.349999904632568
2026-07-08,2026-06-09,IAGR11.SA,IAGR11,4.380000114440918
2026-07-08,2026-06-10,IAGR11.SA,IAGR11,4.349999904632568
2026-07-08,2026-06-11,IAGR11.SA,IAGR11,4.349999904632568
2026-07-08,2026-06-12,IAGR11.SA,IAGR11,4.349999904632568
2026-07-08,2026-06-15,IAGR11.SA,IAGR11,4.289999961853027
2026-07-08,2026-06-16,IAGR11.SA,IAGR11,4.289999961853027
2026-07-08,2026-06-17,IAGR11.SA,IAGR11,4.400000095367432
2026-07-08,2026-06-18,IAGR11.SA,IAGR11,4.360000133514404
2026-07-08,2026-06-19,IAGR11.SA,IAGR11,4.369999885559082
2026-07-08,2026-06-22,IAGR11.SA,IAGR11,4.409999847412109
2026-07-08,2026-06-23,IAGR11.SA,IAGR11,4.400000095367432
2026-07-08,2026-06-24,IAGR11.SA,IAGR11,4.409999847412109
2026-07-08,2026-06-25,IAGR11.SA,IAGR11,4.369999885559082
2026-07-08,2026-06-26,IAGR11.SA,IAGR11,4.389999866485596
2026-07-08,2026-06-29,IAGR11.SA,IAGR11,4.389999866485596
2026-07-08,2026-06-30,IAGR11.SA,IAGR11,4.380000114440918
2026-07-08,2026-07-01,IAGR11.SA,IAGR11,4.389999866485596
2026-07-08,2026-07-02,IAGR11.SA,IAGR11,4.360000133514404
2026-07-08,2026-07-03,IAGR11.SA,IAGR11,4.389999866485596
2026-07-08,2026-07-06,IAGR11.SA,IAGR11,4.400000095367432
2026-07-08,2026-07-07,IAGR11.SA,IAGR11,4.400000095367432
2026-07-08,2026-06-08,CRAA11.SA,CRAA11,100.66999816894531
2026-07-08,2026-06-09,CRAA11.SA,CRAA11,99.08999633789062
2026-07-08,2026-06-10,CRAA11.SA,CRAA11,98.3499984741211
2026-07-08,2026-06-11,CRAA11.SA,CRAA11,98.41999816894531
2026-07-08,2026-06-12,CRAA11.SA,CRAA11,98.30000305175781
2026-07-08,2026-06-15,CRAA11.SA,CRAA11,98.44000244140625
2026-07-08,2026-06-16,CRAA11.SA,CRAA11,99.12999725341797
2026-07-08,2026-06-17,CRAA11.SA,CRAA11,99.1500015258789
2026-07-08,2026-06-18,CRAA11.SA,CRAA11,99.0
2026-07-08,2026-06-19,CRAA11.SA,CRAA11,99.08999633789062
2026-07-08,2026-06-22,CRAA11.SA,CRAA11,99.3499984741211
2026-07-08,2026-06-23,CRAA11.SA,CRAA11,98.37999725341797
2026-07-08,2026-06-24,CRAA11.SA,CRAA11,97.7699966430664
2026-07-08,2026-06-25,CRAA11.SA,CRAA11,98.48999786376953
2026-07-08,2026-06-26,CRAA11.SA,CRAA11,98.20999908447266
2026-07-08,2026-06-29,CRAA11.SA,CRAA11,97.70999908447266
2026-07-08,2026-06-30,CRAA11.SA,CRAA11,97.13999938964844
2026-07-08,2026-07-01,CRAA11.SA,CRAA11,98.44000244140625
2026-07-08,2026-07-02,CRAA11.SA,CRAA11,97.29000091552734
2026-07-08,2026-07-03,CRAA11.SA,CRAA11,97.3499984741211
2026-07-08,2026-07-06,CRAA11.SA,CRAA11,97.5999984741211
2026-07-08,2026-07-07,CRAA11.SA,CRAA11,97.30999755859375
2026-07-08,2026-06-08,SNAG11.SA,SNAG11,10.380000114440918
2026-07-08,2026-06-09,SNAG11.SA,SNAG11,10.289999961853027
2026-07-08,2026-06-10,SNAG11.SA,SNAG11,10.149999618530273
2026-07-08,2026-06-11,SNAG11.SA,SNAG11,10.130000114440918
2026-07-08,2026-06-12,SNAG11.SA,SNAG11,10.199999809265137
2026-07-08,2026-06-15,SNAG11.SA,SNAG11,10.229999542236328
2026-07-08,2026-06-16,SNAG11.SA,SNAG11,10.029999732971191
2026-07-08,2026-06-17,SNAG11.SA,SNAG11,10.0
2026-07-08,2026-06-18,SNAG11.SA,SNAG11,10.0
2026-07-08,2026-06-19,SNAG11.SA,SNAG11,10.039999961853027
2026-07-08,2026-06-22,SNAG11.SA,SNAG11,10.029999732971191
2026-07-08,2026-06-23,SNAG11.SA,SNAG11,10.010000228881836
2026-07-08,2026-06-24,SNAG11.SA,SNAG11,10.029999732971191
2026-07-08,2026-06-25,SNAG11.SA,SNAG11,10.0600004196167
2026-07-08,2026-06-26,SNAG11.SA,SNAG11,10.0
2026-07-08,2026-06-29,SNAG11.SA,SNAG11,9.979999542236328
2026-07-08,2026-06-30,SNAG11.SA,SNAG11,10.050000190734863
2026-07-08,2026-07-01,SNAG11.SA,SNAG11,10.079999923706055
2026-07-08,2026-07-02,SNAG11.SA,SNAG11,9.890000343322754
2026-07-08,2026-07-03,SNAG11.SA,SNAG11,9.90999984741211
2026-07-08,2026-07-06,SNAG11.SA,SNAG11,9.90999984741211
2026-07-08,2026-07-07,SNAG11.SA,SNAG11,9.899999618530273
2026-07-08,2026-06-08,SNFZ11.SA,SNFZ11,9.699999809265137
2026-07-08,2026-06-09,SNFZ11.SA,SNFZ11,9.760000228881836
2026-07-08,2026-06-10,SNFZ11.SA,SNFZ11,9.609999656677246
2026-07-08,2026-06-11,SNFZ11.SA,SNFZ11,9.739999771118164
2026-07-08,2026-06-12,SNFZ11.SA,SNFZ11,9.75
2026-07-08,2026-06-15,SNFZ11.SA,SNFZ11,9.739999771118164
2026-07-08,2026-06-16,SNFZ11.SA,SNFZ11,9.75
2026-07-08,2026-06-17,SNFZ11.SA,SNFZ11,9.720000267028809
2026-07-08,2026-06-18,SNFZ11.SA,SNFZ11,9.699999809265137
2026-07-08,2026-06-19,SNFZ11.SA,SNFZ11,9.75
2026-07-08,2026-06-22,SNFZ11.SA,SNFZ11,9.75
2026-07-08,2026-06-23,SNFZ11.SA,SNFZ11,9.279999732971191
2026-07-08,2026-06-24,SNFZ11.SA,SNFZ11,9.329999923706055
2026-07-08,2026-06-25,SNFZ11.SA,SNFZ11,9.1899995803833
2026-07-08,2026-06-26,SNFZ11.SA,SNFZ11,9.3100004196167
2026-07-08,2026-06-29,SNFZ11.SA,SNFZ11,9.300000190734863
2026-07-08,2026-06-30,SNFZ11.SA,SNFZ11,9.329999923706055
2026-07-08,2026-07-01,SNFZ11.SA,SNFZ11,9.260000228881836
2026-07-08,2026-07-02,SNFZ11.SA,SNFZ11,9.329999923706055
2026-07-08,2026-07-03,SNFZ11.SA,SNFZ11,9.25
2026-07-08,2026-07-06,SNFZ11.SA,SNFZ11,9.350000381469727
2026-07-08,2026-07-07,SNFZ11.SA,SNFZ11,9.300000190734863
2026-07-08,2026-06-12,FZDA11.SA,FZDA11,130.0
2026-07-08,2026-06-15,FZDA11.SA,FZDA11,130.0
2026-07-08,2026-06-16,FZDA11.SA,FZDA11,130.0
2026-07-08,2026-06-17,FZDA11.SA,FZDA11,130.0
2026-07-08,2026-06-18,FZDA11.SA,FZDA11,130.0
2026-07-08,2026-06-19,FZDA11.SA,FZDA11,119.9800033569336
2026-07-08,2026-06-22,FZDA11.SA,FZDA11,119.9800033569336
2026-07-08,2026-06-23,FZDA11.SA,FZDA11,119.9800033569336
2026-07-08,2026-06-24,FZDA11.SA,FZDA11,119.9800033569336
2026-07-08,2026-06-25,FZDA11.SA,FZDA11,119.9800033569336
2026-07-08,2026-06-26,FZDA11.SA,FZDA11,126.93000030517578
2026-07-08,2026-06-29,FZDA11.SA,FZDA11,126.93000030517578
2026-07-08,2026-06-30,FZDA11.SA,FZDA11,125.80000305175781
2026-07-08,2026-07-01,FZDA11.SA,FZDA11,125.80000305175781
2026-07-08,2026-07-02,FZDA11.SA,FZDA11,125.80000305175781
2026-07-08,2026-07-03,FZDA11.SA,FZDA11,125.80000305175781
2026-07-08,2026-07-06,FZDA11.SA,FZDA11,125.80000305175781
2026-07-08,2026-07-07,FZDA11.SA,FZDA11,125.80000305175781
2026-07-08,2026-06-08,VGIA11.SA,VGIA11,9.800000190734863
2026-07-08,2026-06-09,VGIA11.SA,VGIA11,9.789999961853027
2026-07-08,2026-06-10,VGIA11.SA,VGIA11,9.739999771118164
2026-07-08,2026-06-11,VGIA11.SA,VGIA11,9.75
2026-07-08,2026-06-12,VGIA11.SA,VGIA11,9.65999984741211
2026-07-08,2026-06-15,VGIA11.SA,VGIA11,9.65999984741211
2026-07-08,2026-06-16,VGIA11.SA,VGIA11,9.649999618530273
2026-07-08,2026-06-17,VGIA11.SA,VGIA11,9.680000305175781
2026-07-08,2026-06-18,VGIA11.SA,VGIA11,9.65999984741211
2026-07-08,2026-06-19,VGIA11.SA,VGIA11,9.699999809265137
2026-07-08,2026-06-22,VGIA11.SA,VGIA11,9.65999984741211
2026-07-08,2026-06-23,VGIA11.SA,VGIA11,9.630000114440918
2026-07-08,2026-06-24,VGIA11.SA,VGIA11,9.680000305175781
2026-07-08,2026-06-25,VGIA11.SA,VGIA11,9.65999984741211
2026-07-08,2026-06-26,VGIA11.SA,VGIA11,9.65999984741211
2026-07-08,2026-06-29,VGIA11.SA,VGIA11,9.720000267028809
2026-07-08,2026-06-30,VGIA11.SA,VGIA11,9.760000228881836
2026-07-08,2026-07-01,VGIA11.SA,VGIA11,9.779999732971191
2026-07-08,2026-07-02,VGIA11.SA,VGIA11,9.819999694824219
2026-07-08,2026-07-03,VGIA11.SA,VGIA11,9.800000190734863
2026-07-08,2026-07-06,VGIA11.SA,VGIA11,9.800000190734863
2026-07-08,2026-07-07,VGIA11.SA,VGIA11,9.770000457763672
2026-07-08,2026-06-08,VHFA11.SA,VHFA11,11.0
2026-07-08,2026-06-09,VHFA11.SA,VHFA11,11.050000190734863
2026-07-08,2026-06-10,VHFA11.SA,VHFA11,11.050000190734863
2026-07-08,2026-06-11,VHFA11.SA,VHFA11,11.6899995803833
2026-07-08,2026-06-12,VHFA11.SA,VHFA11,11.029999732971191
2026-07-08,2026-06-15,VHFA11.SA,VHFA11,11.029999732971191
2026-07-08,2026-06-16,VHFA11.SA,VHFA11,11.020000457763672
2026-07-08,2026-06-17,VHFA11.SA,VHFA11,11.0
2026-07-08,2026-06-18,VHFA11.SA,VHFA11,11.0
2026-07-08,2026-06-19,VHFA11.SA,VHFA11,11.0
2026-07-08,2026-06-22,VHFA11.SA,VHFA11,11.0
2026-07-08,2026-06-23,VHFA11.SA,VHFA11,11.0
2026-07-08,2026-06-24,VHFA11.SA,VHFA11,11.0
2026-07-08,2026-06-25,VHFA11.SA,VHFA11,11.0
2026-07-08,2026-06-26,VHFA11.SA,VHFA11,11.0
2026-07-08,2026-06-29,VHFA11.SA,VHFA11,11.0
2026-07-08,2026-06-30,VHFA11.SA,VHFA11,10.800000190734863
2026-07-08,2026-07-01,VHFA11.SA,VHFA11,10.800000190734863
2026-07-08,2026-07-02,VHFA11.SA,VHFA11,10.779999732971191
2026-07-08,2026-07-03,VHFA11.SA,VHFA11,11.399999618530273
2026-07-08,2026-07-06,VHFA11.SA,VHFA11,10.800000190734863
2026-07-08,2026-07-07,VHFA11.SA,VHFA11,10.800000190734863
2026-07-08,2026-06-08,VCRA11.SA,VCRA11,61.66999816894531
2026-07-08,2026-06-09,VCRA11.SA,VCRA11,61.720001220703125
2026-07-08,2026-06-10,VCRA11.SA,VCRA11,61.349998474121094
2026-07-08,2026-06-11,VCRA11.SA,VCRA11,61.31999969482422
2026-07-08,2026-06-12,VCRA11.SA,VCRA11,61.79999923706055
2026-07-08,2026-06-15,VCRA11.SA,VCRA11,63.09000015258789
2026-07-08,2026-06-16,VCRA11.SA,VCRA11,61.90999984741211
2026-07-08,2026-06-17,VCRA11.SA,VCRA11,61.83000183105469
2026-07-08,2026-06-18,VCRA11.SA,VCRA11,61.97999954223633
2026-07-08,2026-06-19,VCRA11.SA,VCRA11,62.0
2026-07-08,2026-06-22,VCRA11.SA,VCRA11,62.099998474121094
2026-07-08,2026-06-23,VCRA11.SA,VCRA11,61.529998779296875
2026-07-08,2026-06-24,VCRA11.SA,VCRA11,60.7400016784668
2026-07-08,2026-06-25,VCRA11.SA,VCRA11,62.0
2026-07-08,2026-06-26,VCRA11.SA,VCRA11,62.43000030517578
2026-07-08,2026-06-29,VCRA11.SA,VCRA11,62.77000045776367
2026-07-08,2026-06-30,VCRA11.SA,VCRA11,62.79999923706055
2026-07-08,2026-07-01,VCRA11.SA,VCRA11,61.7400016784668
2026-07-08,2026-07-02,VCRA11.SA,VCRA11,59.90999984741211
2026-07-08,2026-07-03,VCRA11.SA,VCRA11,59.689998626708984
2026-07-08,2026-07-06,VCRA11.SA,VCRA11,60.34000015258789
2026-07-08,2026-07-07,VCRA11.SA,VCRA11,60.54999923706055
2026-07-08,2026-06-08,XPCA11.SA,XPCA11,7.760000228881836
2026-07-08,2026-06-09,XPCA11.SA,XPCA11,7.710000038146973
2026-07-08,2026-06-10,XPCA11.SA,XPCA11,7.550000190734863
2026-07-08,2026-06-11,XPCA11.SA,XPCA11,7.71999979019165
2026-07-08,2026-06-12,XPCA11.SA,XPCA11,7.829999923706055
2026-07-08,2026-06-15,XPCA11.SA,XPCA11,8.0
2026-07-08,2026-06-16,XPCA11.SA,XPCA11,7.940000057220459
2026-07-08,2026-06-17,XPCA11.SA,XPCA11,7.800000190734863
2026-07-08,2026-06-18,XPCA11.SA,XPCA11,7.849999904632568
2026-07-08,2026-06-19,XPCA11.SA,XPCA11,7.880000114440918
2026-07-08,2026-06-22,XPCA11.SA,XPCA11,7.860000133514404
2026-07-08,2026-06-23,XPCA11.SA,XPCA11,7.909999847412109
2026-07-08,2026-06-24,XPCA11.SA,XPCA11,7.760000228881836
2026-07-08,2026-06-25,XPCA11.SA,XPCA11,7.909999847412109
2026-07-08,2026-06-26,XPCA11.SA,XPCA11,7.900000095367432
2026-07-08,2026-06-29,XPCA11.SA,XPCA11,7.940000057220459
2026-07-08,2026-06-30,XPCA11.SA,XPCA11,7.869999885559082
2026-07-08,2026-07-01,XPCA11.SA,XPCA11,7.849999904632568
2026-07-08,2026-07-02,XPCA11.SA,XPCA11,7.860000133514404
2026-07-08,2026-07-03,XPCA11.SA,XPCA11,7.840000152587891
2026-07-08,2026-07-06,XPCA11.SA,XPCA11,7.840000152587891
2026-07-08,2026-07-07,XPCA11.SA,XPCA11,7.809999942779541
